word,period1,period2,occ1,occ2,degree,score_word2vec,score_camembert,score_dalembert
calife,1700-1710,1730-1740,919,69,,1.0,,
falle,1700-1710,1710-1720,98,71,,0.9999,0.761,
filon,1700-1710,1770-1780,85,1329,,0.9998,0.9875,
milord,1700-1710,1750-1760,113,1264,,0.9998,0.3861,
guenois,1720-1730,1789-1802,114,346,,0.9997,,
strabon,1700-1710,1710-1720,271,297,,0.9996,0.4304,
pous,1700-1710,1740-1750,51,192,,0.9995,0.8661,
teste,1720-1730,1789-1802,305,102,,0.9995,,
falu,1780-1789,1789-1802,171,85,,0.9994,,
accessible,1730-1740,1789-1802,107,157,,0.9993,,
euf,1710-1720,1780-1789,55,389,,0.9991,0.7806,
posterité,1780-1789,1789-1802,69,115,,0.999,,
finalement,1710-1720,1789-1802,90,245,,0.9989,0.0873,
pollion,1710-1720,1730-1740,378,285,,0.9988,0.7146,
liste,1700-1710,1789-1802,65,2964,,0.9988,0.7529,
merlin,1720-1730,1730-1740,116,51,,0.9986,,
sedan,1730-1740,1740-1750,78,246,,0.9985,0.831,
jurez,1710-1720,1789-1802,4773,126,,0.9984,,
apelle,1740-1750,1780-1789,203,118,,0.9984,,
mesme,1700-1710,1789-1802,1685,51,,0.9983,,
marchez,1710-1720,1750-1760,1626,68,,0.9982,,
qu'ailleurs,1730-1740,1789-1802,117,285,,0.9981,,
fée,1710-1720,1740-1750,152,1516,,0.9981,0.9888,
requiert,1720-1730,1750-1760,71,107,,0.9979,,
quité,1700-1710,1789-1802,83,215,,0.9978,0.8998,
temoins,1710-1720,1740-1750,185,59,,0.9977,0.58,
unanime,1700-1710,1789-1802,69,682,,0.9977,0.8215,
alliez,1720-1730,1789-1802,672,154,,0.9976,,
déli,1700-1710,1789-1802,59,623,,0.9975,0.5205,
juan,1700-1710,1730-1740,377,193,,0.9974,,
proverbe,1730-1740,1760-1770,308,742,,0.9972,,
trie,1710-1720,1720-1730,67,112,,0.997,0.0416,
cornue,1700-1710,1740-1750,57,175,,0.997,0.0778,
celer,1700-1710,1760-1770,88,67,,0.9968,,
desormais,1770-1780,1789-1802,94,60,,0.9967,,
fonc,1760-1770,1789-1802,301,457,,0.9966,0.7714,
gentils,1700-1710,1780-1789,201,1057,,0.9965,0.9358,
victor,1720-1730,1789-1802,194,1943,,0.9963,0.8262,
cons,1720-1730,1789-1802,110,3190,,0.9962,0.6952,
malte,1740-1750,1770-1780,207,647,,0.9961,0.7516,
pret,1730-1740,1750-1760,70,660,,0.996,0.3953,
mani,1710-1720,1740-1750,63,245,,0.996,0.3864,
jule,1700-1710,1789-1802,167,149,,0.9959,,
jusqu'à,1720-1730,1770-1780,6250,27096,,0.9958,,
blement,1710-1720,1730-1740,66,150,,0.9957,0.1496,
prefet,1710-1720,1780-1789,289,274,,0.9956,0.9092,
timon,1700-1710,1789-1802,54,535,,0.9955,0.8649,
qu'en,1730-1740,1770-1780,8861,22430,,0.9952,,
plutot,1700-1710,1720-1730,75,302,,0.9951,0.4501,
fement,1700-1710,1789-1802,63,259,,0.995,0.489,
notice,1700-1710,1760-1770,251,317,,0.9949,0.9857,
mol,1730-1740,1750-1760,626,165,,0.9949,0.9833,
ménie,1700-1710,1740-1750,54,110,,0.9946,0.1072,
e'e,1740-1750,1760-1770,108,110,,0.9945,,
touts,1720-1730,1780-1789,516,248,,0.9945,,
pref,1700-1710,1770-1780,275,1259,,0.9943,0.2792,
miere,1780-1789,1789-1802,744,243,,0.9942,,
curion,1700-1710,1710-1720,207,80,,0.9941,,
mary,1700-1710,1760-1770,1186,118,,0.9938,,
cout,1720-1730,1730-1740,97,177,,0.9938,0.9628,
dominant,1700-1710,1750-1760,84,250,,0.9937,0.7541,
flon,1720-1730,1789-1802,133,146,,0.9935,,
aban,1770-1780,1780-1789,289,536,,0.9935,0.0269,
linon,1720-1730,1789-1802,90,95,,0.9934,,
sas,1700-1710,1789-1802,74,325,,0.9933,0.2429,
bayle,1700-1710,1710-1720,87,336,,0.9931,0.606,
fart,1730-1740,1760-1770,106,271,,0.9931,0.6711,
l'adresse,1720-1730,1789-1802,187,1030,,0.993,,
rep,1720-1730,1780-1789,450,713,,0.9927,,
primer,1700-1710,1740-1750,339,116,,0.9926,,
cod,1720-1730,1730-1740,78,1593,,0.9924,0.1669,
prov,1700-1710,1780-1789,62,411,,0.9924,0.4025,
partagez,1710-1720,1760-1770,161,89,,0.9923,,
paroi,1710-1720,1740-1750,55,170,,0.9922,,
raire,1720-1730,1789-1802,68,459,,0.9921,0.3736,
caf,1710-1720,1780-1789,140,274,,0.992,0.8588,
site,1740-1750,1789-1802,112,383,,0.9919,0.3748,
philo,1700-1710,1710-1720,74,315,,0.9916,0.3954,
fuf,1710-1720,1789-1802,59,280,,0.9915,0.8707,
éloignez,1720-1730,1760-1770,389,77,,0.9914,,
home,1700-1710,1740-1750,212,114,,0.9913,,
ilest,1700-1710,1780-1789,68,149,,0.9912,0.3454,
rarefié,1760-1770,1789-1802,137,62,,0.9911,,
continence,1700-1710,1710-1720,81,118,,0.991,0.8829,
oire,1710-1720,1789-1802,61,838,,0.9908,0.6142,
lif,1730-1740,1770-1780,372,272,,0.9907,0.2998,
mylord,1700-1710,1730-1740,57,586,,0.9906,0.4415,
ponte,1700-1710,1720-1730,212,103,,0.9904,,
tation,1700-1710,1789-1802,101,684,,0.9903,0.5379,
maternel,1760-1770,1789-1802,90,214,,0.9902,,
dupuis,1700-1710,1710-1720,112,366,,0.9901,0.8535,
mimes,1700-1710,1789-1802,65,312,,0.99,0.578,
chés,1710-1720,1789-1802,125,340,,0.9899,0.7039,
mef,1710-1720,1770-1780,78,143,,0.9898,0.7382,
celt,1710-1720,1780-1789,77,288,,0.9897,0.7275,
favorablement,1750-1760,1789-1802,415,333,,0.9896,,
defi,1720-1730,1760-1770,68,101,,0.9896,0.2146,
pretent,1760-1770,1789-1802,57,53,,0.9893,0.5031,
cene,1720-1730,1789-1802,171,205,,0.9893,,
lens,1720-1730,1740-1750,138,160,,0.9892,0.3586,
présents,1750-1760,1789-1802,260,462,,0.9891,0.0735,
qu'à,1750-1760,1770-1780,16465,29240,,0.989,,
angloise,1710-1720,1780-1789,51,741,,0.9889,0.8138,
remarquez,1710-1720,1720-1730,315,145,,0.9888,,
moy,1700-1710,1789-1802,2219,222,,0.9887,,
voyer,1700-1710,1710-1720,75,924,,0.9886,0.9326,
rete,1730-1740,1750-1760,117,167,,0.9886,0.3675,
traitre,1700-1710,1789-1802,124,289,,0.9885,,
sant,1710-1720,1789-1802,54,781,,0.9884,0.3333,
renfort,1710-1720,1760-1770,75,332,,0.9882,0.7192,
nan,1720-1730,1740-1750,184,683,,0.9882,0.8655,
voire,1730-1740,1789-1802,252,592,,0.9881,0.7944,
gez,1710-1720,1770-1780,116,90,,0.988,,
poursuivant,1710-1720,1780-1789,96,278,,0.9879,0.8866,
d'an,1710-1720,1750-1760,256,742,,0.9879,,
d'où,1710-1720,1750-1760,3092,4764,,0.9878,,
frai,1720-1730,1760-1770,76,408,,0.9876,0.9244,
intérieurement,1710-1720,1770-1780,60,750,,0.9875,0.9132,
d'ar,1780-1789,1789-1802,1361,949,,0.9875,,
pons,1700-1710,1710-1720,119,107,,0.9874,,
marcel,1710-1720,1789-1802,235,1094,,0.9873,0.8918,
çois,1710-1720,1780-1789,69,605,,0.9872,0.6824,
files,1740-1750,1780-1789,396,588,,0.9871,0.8409,
trilles,1720-1730,1789-1802,84,83,,0.9869,0.839,
zircon,1730-1740,1740-1750,87,200,,0.9868,0.0973,
sai,1710-1720,1740-1750,502,175,,0.9867,,
sauf,1710-1720,1730-1740,57,113,,0.9866,0.9045,
calice,1730-1740,1780-1789,341,2157,,0.9865,0.9993,
laire,1740-1750,1789-1802,154,629,,0.9864,0.053,
mainte,1710-1720,1770-1780,86,188,,0.9864,0.8193,
foire,1740-1750,1780-1789,1099,1478,,0.9862,0.3044,
unifie,1740-1750,1789-1802,193,335,,0.9861,0.335,
m'imagine,1720-1730,1789-1802,94,68,,0.9861,,
emp,1740-1750,1760-1770,156,914,,0.986,0.3071,
berry,1710-1720,1730-1740,953,1102,,0.9858,0.9997,
enco,1730-1740,1789-1802,204,160,,0.9857,0.2032,
amé,1710-1720,1789-1802,281,258,,0.9857,0.995,
ramasser,1700-1710,1740-1750,72,135,,0.9856,0.1153,
revenons,1710-1720,1750-1760,128,267,,0.9855,0.6276,
comi,1710-1720,1750-1760,55,463,,0.9854,0.0804,
marquant,1700-1710,1720-1730,76,75,,0.9854,,
puissamment,1700-1710,1760-1770,52,170,,0.9853,0.9787,
feaux,1710-1720,1720-1730,790,410,,0.9852,,
sau,1710-1720,1780-1789,50,250,,0.9851,0.2261,
observez,1700-1710,1789-1802,149,416,,0.985,,
mante,1720-1730,1750-1760,94,95,,0.9848,0.7403,
surquoi,1760-1770,1780-1789,101,56,,0.9846,,
cepen,1710-1720,1780-1789,125,1167,,0.9845,0.0129,
continu,1720-1730,1760-1770,68,224,,0.9844,0.5466,
leux,1710-1720,1770-1780,76,228,,0.9843,0.3464,
passi,1700-1710,1770-1780,57,217,,0.9841,0.1175,
quint,1710-1720,1750-1760,265,626,,0.984,0.8021,
barreau,1700-1710,1760-1770,98,724,,0.984,0.9686,
gene,1720-1730,1789-1802,286,161,,0.9839,0.2213,
indi,1710-1720,1780-1789,66,680,,0.9838,0.0558,
rennes,1740-1750,1770-1780,309,570,,0.9837,,
couple,1730-1740,1750-1760,96,802,,0.9836,0.844,
naire,1700-1710,1760-1770,133,455,,0.9835,0.1921,
répons,1720-1730,1770-1780,81,101,,0.9833,,
maria,1720-1730,1760-1770,465,892,,0.9831,,
fignification,1720-1730,1740-1750,227,419,,0.9829,0.6064,
ouvra,1730-1740,1780-1789,138,220,,0.9829,,
pers,1730-1740,1770-1780,74,140,,0.9826,0.0385,
labourage,1700-1710,1720-1730,64,99,,0.9826,0.8819,
l'ef,1720-1730,1789-1802,271,635,,0.9825,,
profite,1730-1740,1740-1750,222,211,,0.9824,,
contrefaits,1780-1789,1789-1802,85,56,,0.9823,,
repent,1720-1730,1770-1780,200,154,,0.9822,,
toui,1730-1740,1740-1750,53,103,,0.9822,0.059,
imp,1750-1760,1770-1780,962,492,,0.982,0.3869,
penses,1750-1760,1789-1802,239,552,,0.9819,0.3535,
test,1710-1720,1730-1740,55,198,,0.9819,,
dru,1730-1740,1740-1750,131,53,,0.9818,0.7886,
cid,1720-1730,1770-1780,65,248,,0.9817,0.3516,
eft,1740-1750,1789-1802,2533,473,,0.9814,0.9521,
l'intention,1720-1730,1730-1740,303,541,,0.9812,,
élement,1710-1720,1789-1802,183,562,,0.9809,0.5196,
fare,1710-1720,1730-1740,93,145,,0.9808,0.6453,
onc,1700-1710,1760-1770,288,1005,,0.9806,0.7733,
tendante,1780-1789,1789-1802,205,240,,0.9805,,
l'ob,1710-1720,1760-1770,57,221,,0.9804,,
traîner,1700-1710,1710-1720,60,65,,0.9802,0.5406,
rement,1720-1730,1789-1802,161,508,,0.9801,0.72,
semblera,1730-1740,1789-1802,254,167,,0.98,,
chanoines,1700-1710,1720-1730,299,1562,,0.9799,,
ombrage,1720-1730,1730-1740,93,133,,0.9798,0.2583,
rés,1710-1720,1730-1740,136,149,,0.9796,,
parlai,1760-1770,1770-1780,177,231,,0.9795,0.2677,
gué,1700-1710,1760-1770,61,241,,0.9794,0.4445,
troc,1740-1750,1789-1802,86,62,,0.9794,,
plaider,1720-1730,1750-1760,183,224,,0.9792,,
liez,1720-1730,1789-1802,161,140,,0.9791,,
natu,1780-1789,1789-1802,656,499,,0.9789,0.05,
para,1710-1720,1789-1802,158,385,,0.9788,0.1749,
avee,1700-1710,1730-1740,75,77,,0.9787,0.4095,
mats,1740-1750,1750-1760,138,135,,0.9785,,
conde,1730-1740,1740-1750,319,413,,0.9783,0.5256,
sem,1720-1730,1789-1802,64,506,,0.9783,0.57,
tutelle,1760-1770,1789-1802,341,449,,0.9782,,
suiffe,1700-1710,1789-1802,84,1248,,0.9781,0.5738,
poux,1720-1730,1730-1740,79,97,,0.978,0.5897,
viaire,1740-1750,1789-1802,383,646,,0.978,0.6066,
mêmc,1710-1720,1740-1750,82,107,,0.9779,,
scu,1710-1720,1740-1750,138,97,,0.9778,,
arg,1710-1720,1730-1740,119,154,,0.9776,0.9622,
reposée,1700-1710,1789-1802,174,77,,0.9776,,
mail,1710-1720,1789-1802,132,277,,0.9775,0.5169,
acres,1730-1740,1789-1802,73,722,,0.9774,0.9859,
laissés,1700-1710,1720-1730,64,224,,0.9773,0.9929,
d'ac,1720-1730,1770-1780,73,365,,0.9771,,
fiscal,1730-1740,1789-1802,82,385,,0.977,0.8813,
claudius,1700-1710,1789-1802,116,121,,0.9769,,
ruement,1700-1710,1789-1802,51,432,,0.9768,0.396,
auf,1720-1730,1770-1780,123,201,,0.9766,0.5606,
lavé,1720-1730,1750-1760,151,144,,0.9765,0.9139,
parfaire,1710-1720,1750-1760,73,105,,0.9764,0.0238,
l'em,1730-1740,1780-1789,580,1671,,0.9762,,
frédéric,1720-1730,1770-1780,195,741,,0.9761,0.5891,
pressez,1720-1730,1750-1760,72,58,,0.9759,,
leg,1730-1740,1780-1789,705,731,,0.9759,0.444,
vendôme,1700-1710,1780-1789,700,215,,0.9758,,
quoy,1700-1710,1789-1802,2392,62,,0.9756,,
reve,1700-1710,1780-1789,73,349,,0.9755,0.0388,
s'exprimer,1700-1710,1720-1730,52,71,,0.9754,,
marée,1710-1720,1740-1750,487,658,,0.9752,,
pénitence,1730-1740,1740-1750,212,199,,0.975,0.2967,
derechef,1760-1770,1789-1802,116,108,,0.9749,,
luy,1700-1710,1789-1802,16002,445,,0.9748,,
rion,1710-1720,1740-1750,143,282,,0.9748,0.5912,
conter,1750-1760,1760-1770,359,415,,0.9744,0.0154,
repré,1710-1720,1760-1770,57,512,,0.9742,0.5001,
lorique,1700-1710,1740-1750,54,147,,0.9741,0.0992,
turion,1700-1710,1789-1802,79,779,,0.9739,0.4521,
legrand,1710-1720,1770-1780,62,181,,0.9738,0.328,
accordant,1700-1710,1750-1760,165,196,,0.9738,0.9992,
légers,1700-1710,1710-1720,63,75,,0.9737,0.7053,
d'importance,1700-1710,1750-1760,100,168,,0.9735,,
gement,1720-1730,1770-1780,60,291,,0.9734,0.2535,
icy,1710-1720,1789-1802,2141,57,,0.9734,,
sauvez,1700-1710,1710-1720,106,72,,0.9733,,
pluralité,1710-1720,1789-1802,252,929,,0.9732,0.8956,
han,1730-1740,1770-1780,74,739,,0.973,0.6381,
majorité,1710-1720,1789-1802,67,2374,,0.9729,0.99,
posseder,1750-1760,1789-1802,97,50,,0.9728,,
horn,1710-1720,1720-1730,72,68,,0.9727,0.8229,
fieur,1720-1730,1780-1789,803,7733,,0.9727,0.9757,
comite,1710-1720,1730-1740,55,219,,0.9724,0.9265,
hormis,1720-1730,1770-1780,77,172,,0.9723,,
restez,1700-1710,1750-1760,54,61,,0.9721,0.9709,
rufien,1700-1710,1760-1770,167,123,,0.9719,,
patte,1700-1710,1710-1720,347,71,,0.9718,,
thé,1700-1710,1750-1760,91,1180,,0.9717,0.9838,
lour,1710-1720,1789-1802,118,408,,0.9717,,
nement,1700-1710,1780-1789,86,1077,,0.9716,0.5634,
foy,1700-1710,1760-1770,2300,183,,0.9714,,
l'approbation,1710-1720,1720-1730,126,169,,0.9713,,
grammont,1710-1720,1720-1730,274,139,,0.9713,,
fere,1730-1740,1740-1750,210,709,,0.9712,0.57,
aufll,1720-1730,1730-1740,120,115,,0.9711,,
trefle,1730-1740,1780-1789,66,469,,0.971,0.9113,
quotient,1710-1720,1730-1740,218,54,,0.971,,
ruelle,1700-1710,1760-1770,71,312,,0.9709,0.1992,
devin,1700-1710,1770-1780,68,361,,0.9706,0.339,
qu'est,1700-1710,1740-1750,696,1239,,0.9705,,
prémier,1700-1710,1789-1802,276,64,,0.9704,,
remontrer,1720-1730,1789-1802,97,86,,0.9703,,
traitez,1700-1710,1789-1802,321,156,,0.9701,,
raisonnablement,1770-1780,1789-1802,372,345,,0.97,0.2228,
noyer,1710-1720,1720-1730,116,415,,0.9697,0.9724,
modéré,1720-1730,1780-1789,70,778,,0.9696,0.284,
déposition,1710-1720,1780-1789,64,383,,0.9695,0.6557,
multiplication,1730-1740,1770-1780,83,865,,0.9695,,
youtre,1700-1710,1730-1740,84,71,,0.9694,0.022,
ifle,1710-1720,1730-1740,136,276,,0.9693,,
lad,1720-1730,1789-1802,353,213,,0.9691,,
parquet,1740-1750,1750-1760,112,341,,0.969,0.7395,
l'entretenir,1710-1720,1720-1730,87,91,,0.9689,,
l'ou,1700-1710,1750-1760,74,545,,0.9688,,
contredits,1710-1720,1789-1802,499,63,,0.9684,,
gie,1730-1740,1770-1780,110,247,,0.9683,0.1568,
tere,1710-1720,1780-1789,138,582,,0.9682,0.566,
d'abord,1710-1720,1750-1760,3288,7387,,0.9681,,
ainii,1700-1710,1730-1740,104,110,,0.9681,0.4949,
étroitement,1750-1760,1789-1802,306,400,,0.968,0.2027,
cointe,1710-1720,1730-1740,75,77,,0.9679,0.1155,
l'excès,1760-1770,1770-1780,1421,2061,,0.9676,,
peller,1710-1720,1789-1802,57,108,,0.9674,0.6626,
peril,1700-1710,1770-1780,203,77,,0.9673,,
d'ex,1710-1720,1720-1730,65,83,,0.9671,,
auii,1710-1720,1740-1750,74,148,,0.967,0.3755,
xil,1710-1720,1730-1740,65,110,,0.9669,0.3582,
qu'a,1700-1710,1730-1740,777,1269,,0.9667,,
fies,1700-1710,1770-1780,146,318,,0.9667,,
aucunement,1730-1740,1750-1760,169,242,,0.9664,0.3119,
appeliez,1710-1720,1770-1780,225,109,,0.9664,,
seur,1700-1710,1789-1802,91,257,,0.9663,,
opposez,1700-1710,1760-1770,116,74,,0.9662,,
l'excellence,1740-1750,1750-1760,196,269,,0.9661,,
touchez,1700-1710,1760-1770,100,59,,0.966,,
fonts,1780-1789,1789-1802,253,59,,0.966,,
future,1730-1740,1770-1780,213,658,,0.9659,0.0898,
quela,1700-1710,1750-1760,101,147,,0.9658,,
traitant,1700-1710,1720-1730,109,138,,0.9657,0.0651,
d'effet,1740-1750,1750-1760,155,216,,0.9656,,
menez,1700-1710,1760-1770,81,56,,0.9655,0.7967,
eve,1730-1740,1760-1770,84,274,,0.9653,,
mores,1740-1750,1750-1760,938,151,,0.9653,0.948,
vers,1730-1740,1770-1780,16132,31776,,0.9652,,
l'ap,1710-1720,1789-1802,101,504,,0.9651,,
repete,1720-1730,1750-1760,102,100,,0.965,0.4234,
l'opposition,1700-1710,1789-1802,74,735,,0.9649,,
jusqu'ici,1750-1760,1770-1780,915,1911,,0.9648,,
rele,1710-1720,1750-1760,92,130,,0.9647,0.4046,
charte,1770-1780,1789-1802,535,483,,0.9646,0.0627,
neutralité,1730-1740,1780-1789,119,446,,0.9646,0.2533,
encre,1710-1720,1730-1740,154,69,,0.9643,0.5742,
refuite,1740-1750,1789-1802,95,147,,0.9643,,
trille,1720-1730,1770-1780,108,303,,0.9641,0.6262,
l'ac,1710-1720,1730-1740,134,195,,0.9639,,
villa,1740-1750,1760-1770,851,362,,0.9639,0.906,
tranquile,1780-1789,1789-1802,205,154,,0.9637,0.4896,
phe,1710-1720,1730-1740,167,157,,0.9636,0.294,
bra,1710-1720,1770-1780,151,253,,0.9635,0.0797,
manier,1730-1740,1750-1760,209,284,,0.9633,0.1599,
taux,1700-1710,1780-1789,88,2026,,0.9632,0.9953,
esti,1710-1720,1720-1730,81,68,,0.9632,0.1885,
titube,1700-1710,1789-1802,63,345,,0.9629,0.2885,
coupa,1750-1760,1760-1770,185,215,,0.9628,0.0372,
chai,1700-1710,1750-1760,62,156,,0.9627,0.0677,
foret,1710-1720,1789-1802,75,261,,0.9626,0.9733,
d'âge,1750-1760,1770-1780,145,292,,0.9624,,
peupler,1740-1750,1789-1802,174,196,,0.9621,0.7246,
pouf,1740-1750,1789-1802,155,297,,0.9621,0.0718,
d'ordre,1700-1710,1710-1720,138,373,,0.962,,
just,1730-1740,1789-1802,73,528,,0.9619,0.9855,
superieur,1720-1730,1770-1780,443,93,,0.9618,,
sembla,1720-1730,1760-1770,149,390,,0.9618,0.0218,
resolution,1760-1770,1789-1802,84,157,,0.9617,,
sale,1720-1730,1780-1789,465,369,,0.9616,,
l'âge,1710-1720,1750-1760,623,1934,,0.9615,,
vides,1740-1750,1789-1802,107,318,,0.9614,0.996,
secondement,1700-1710,1720-1730,223,130,,0.9614,,
souver,1710-1720,1789-1802,156,1538,,0.9613,0.4585,
tragedie,1710-1720,1789-1802,499,106,,0.9612,,
contrit,1700-1710,1789-1802,58,946,,0.9611,0.5669,
leut,1710-1720,1750-1760,70,125,,0.9609,0.0858,
poit,1720-1730,1760-1770,101,172,,0.9608,,
tordre,1710-1720,1740-1750,152,222,,0.9607,0.8916,
afez,1700-1710,1730-1740,121,123,,0.9607,0.6883,
audi,1740-1750,1750-1760,253,108,,0.9606,0.4692,
refle,1710-1720,1730-1740,101,407,,0.9604,0.6399,
d'ignorance,1710-1720,1789-1802,337,356,,0.9604,,
tranquilles,1730-1740,1770-1780,196,664,,0.9601,0.1995,
plain,1700-1710,1730-1740,236,124,,0.96,0.6257,
repond,1710-1720,1740-1750,123,107,,0.96,,
cré,1700-1710,1760-1770,70,319,,0.9599,0.0149,
refie,1700-1710,1730-1740,79,151,,0.9598,0.4331,
ambroise,1720-1730,1789-1802,60,742,,0.9597,0.1845,
paro,1700-1710,1750-1760,238,294,,0.9597,,
d'hui,1710-1720,1770-1780,135,604,,0.9596,,
regner,1710-1720,1789-1802,169,161,,0.9595,,
tacher,1760-1770,1789-1802,177,232,,0.9593,,
fondit,1700-1710,1789-1802,105,179,,0.9592,0.993,
mouvans,1710-1720,1789-1802,214,65,,0.9591,,
refe,1730-1740,1770-1780,93,303,,0.959,0.2953,
d'oeil,1760-1770,1789-1802,1285,1474,,0.959,,
pafle,1710-1720,1720-1730,59,136,,0.9589,0.1736,
enten,1710-1720,1760-1770,82,186,,0.9588,0.0611,
d'entreprendre,1700-1710,1710-1720,85,197,,0.9587,,
tonner,1700-1710,1789-1802,61,293,,0.9586,0.2192,
revolution,1740-1750,1789-1802,82,1168,,0.9585,,
loy,1730-1740,1789-1802,643,122,,0.9583,,
l'as,1700-1710,1789-1802,169,990,,0.9579,,
virginie,1710-1720,1780-1789,61,1123,,0.9579,0.6549,
adroitement,1760-1770,1780-1789,410,755,,0.9578,0.777,
bru,1710-1720,1730-1740,61,274,,0.9577,0.2903,
l'egard,1740-1750,1770-1780,194,96,,0.9576,,
encourage,1710-1720,1789-1802,60,324,,0.9576,0.0843,
omme,1700-1710,1760-1770,209,210,,0.9574,0.2081,
inon,1710-1720,1750-1760,152,93,,0.9573,0.1416,
l'ex,1700-1710,1720-1730,162,212,,0.9571,,
auifi,1720-1730,1730-1740,109,110,,0.957,0.0777,
ibidem,1740-1750,1760-1770,896,212,,0.9569,,
d'af,1720-1730,1740-1750,71,159,,0.9568,,
rieux,1720-1730,1740-1750,118,235,,0.9564,0.4331,
vraisemblance,1720-1730,1730-1740,82,309,,0.9562,0.8838,
ché,1720-1730,1770-1780,211,1254,,0.9561,0.4769,
fal,1710-1720,1730-1740,52,290,,0.956,0.9872,
inf,1700-1710,1760-1770,99,471,,0.9559,0.2716,
casse,1700-1710,1720-1730,82,149,,0.9557,0.5444,
sal,1700-1710,1730-1740,528,251,,0.9554,0.0907,
volontaires,1710-1720,1789-1802,92,1562,,0.9553,0.9282,
lage,1700-1710,1789-1802,65,260,,0.9552,0.6116,
dars,1710-1720,1720-1730,62,92,,0.9551,0.1121,
tiroir,1710-1720,1750-1760,90,134,,0.9551,0.1648,
theatre,1700-1710,1760-1770,165,81,,0.955,,
d'aix,1750-1760,1760-1770,343,429,,0.9548,,
prime,1700-1710,1730-1740,200,76,,0.9548,,
descartes,1780-1789,1789-1802,250,323,,0.9547,0.0569,
quit,1710-1720,1780-1789,86,436,,0.9545,0.5858,
réduction,1720-1730,1730-1740,155,217,,0.9544,0.3088,
nour,1700-1710,1740-1750,130,195,,0.9542,0.1546,
convie,1720-1730,1740-1750,58,77,,0.9541,0.0045,
préalablement,1720-1730,1780-1789,87,384,,0.9537,0.473,
rais,1700-1710,1789-1802,75,634,,0.9536,0.3457,
fouiller,1730-1740,1770-1780,125,487,,0.9535,0.0257,
citez,1720-1730,1770-1780,249,141,,0.9534,0.9908,
fauves,1730-1740,1780-1789,86,368,,0.9533,0.5927,
travaillant,1710-1720,1720-1730,112,123,,0.9531,0.0786,
sim,1710-1720,1789-1802,220,405,,0.953,0.3004,
marquez,1710-1720,1789-1802,255,62,,0.9529,,
hist,1730-1740,1789-1802,1540,310,,0.9528,0.4279,
mariés,1710-1720,1730-1740,89,107,,0.9526,0.2112,
chantre,1720-1730,1789-1802,355,170,,0.9526,0.9881,
ments,1700-1710,1780-1789,56,506,,0.9523,0.8085,
sincere,1710-1720,1780-1789,65,157,,0.9523,0.7482,
folides,1750-1760,1789-1802,328,176,,0.9522,0.2046,
couronner,1720-1730,1789-1802,198,362,,0.9521,0.861,
s'agit,1710-1720,1730-1740,1196,2273,,0.952,,
tement,1700-1710,1789-1802,142,639,,0.9519,0.5237,
boileau,1710-1720,1789-1802,205,720,,0.9518,0.9438,
triment,1710-1720,1789-1802,125,367,,0.9516,0.2578,
defrance,1730-1740,1740-1750,87,97,,0.9516,,
retrait,1720-1730,1740-1750,54,337,,0.9514,,
navale,1740-1750,1789-1802,122,282,,0.9513,,
eflt,1700-1710,1760-1770,53,126,,0.9512,0.6325,
mire,1730-1740,1789-1802,94,360,,0.951,0.0237,
exhorte,1710-1720,1730-1740,85,158,,0.9509,0.7481,
lutte,1730-1740,1789-1802,111,890,,0.9508,0.9489,
retirant,1730-1740,1740-1750,173,202,,0.9507,0.7923,
tracer,1720-1730,1730-1740,113,162,,0.9506,0.186,
répondant,1700-1710,1740-1750,56,111,,0.9505,0.6423,
secher,1720-1730,1789-1802,302,228,,0.9504,0.998,
d'homme,1700-1710,1740-1750,185,343,,0.9503,,
l'occupation,1700-1710,1710-1720,51,78,,0.9502,,
mira,1710-1720,1789-1802,72,160,,0.9501,0.6227,
s'amuser,1720-1730,1730-1740,70,123,,0.95,,
audessus,1710-1720,1730-1740,71,141,,0.9499,0.6775,
entendant,1720-1730,1760-1770,84,200,,0.9498,0.6176,
toison,1710-1720,1760-1770,165,231,,0.9498,,
devenant,1700-1710,1710-1720,53,88,,0.9496,0.472,
s'ouvrir,1700-1710,1710-1720,69,82,,0.9495,,
l'appui,1720-1730,1789-1802,96,1264,,0.9495,,
chauds,1710-1720,1770-1780,468,1136,,0.9494,0.9961,
touc,1700-1710,1750-1760,81,150,,0.9493,0.6865,
gouver,1700-1710,1780-1789,67,949,,0.9491,0.2496,
regagner,1710-1720,1789-1802,74,337,,0.9491,0.3531,
nui,1700-1710,1780-1789,131,824,,0.949,0.5022,
sujer,1700-1710,1710-1720,76,101,,0.9488,0.1255,
mant,1730-1740,1760-1770,187,178,,0.9485,0.2255,
occupez,1710-1720,1789-1802,131,128,,0.9484,,
qualite,1700-1710,1789-1802,281,486,,0.9483,,
cond,1710-1720,1789-1802,88,1471,,0.9481,0.8718,
pairie,1780-1789,1789-1802,323,383,,0.9481,0.1029,
s'avancer,1700-1710,1789-1802,63,338,,0.948,,
suédois,1710-1720,1720-1730,75,396,,0.9477,0.8204,
caufe,1730-1740,1789-1802,518,73,,0.9476,,
denys,1700-1710,1730-1740,67,831,,0.9475,0.8217,
vid,1720-1730,1750-1760,159,149,,0.9474,0.8609,
felle,1710-1720,1750-1760,115,267,,0.9474,0.8396,
acheve,1730-1740,1789-1802,120,119,,0.9473,0.7956,
d'exercice,1710-1720,1740-1750,92,98,,0.947,,
ruption,1720-1730,1789-1802,140,348,,0.9469,0.518,
butin,1730-1740,1789-1802,740,395,,0.9467,0.4577,
ajoutant,1710-1720,1730-1740,94,379,,0.9466,0.2935,
chargez,1720-1730,1750-1760,726,77,,0.9465,,
nime,1720-1730,1789-1802,70,333,,0.9464,0.1449,
tail,1740-1750,1789-1802,153,561,,0.9463,,
proposez,1710-1720,1720-1730,102,117,,0.946,,
nommez,1720-1730,1770-1780,742,230,,0.9458,,
l'affection,1700-1710,1789-1802,108,366,,0.9457,,
populo,1730-1740,1760-1770,316,229,,0.9456,0.9525,
écrivant,1710-1720,1740-1750,84,149,,0.9455,0.1187,
bertrand,1700-1710,1780-1789,123,1424,,0.9454,,
croyable,1710-1720,1789-1802,93,208,,0.9453,0.9584,
défendue,1710-1720,1770-1780,134,559,,0.9452,0.821,
compa,1700-1710,1789-1802,129,525,,0.945,0.0592,
penible,1730-1740,1780-1789,51,111,,0.9449,,
voeu,1720-1730,1789-1802,155,3203,,0.9448,0.9653,
souveraines,1710-1720,1789-1802,120,457,,0.9447,,
distribué,1750-1760,1770-1780,193,390,,0.9444,0.0389,
new,1730-1740,1789-1802,82,1515,,0.9443,0.9747,
eul,1710-1720,1750-1760,62,107,,0.9442,0.1499,
d'in,1700-1710,1730-1740,195,323,,0.944,,
acquerir,1780-1789,1789-1802,160,63,,0.9438,,
d'apporter,1710-1720,1720-1730,172,118,,0.9438,,
fail,1710-1720,1730-1740,50,58,,0.9437,0.5947,
coutre,1730-1740,1740-1750,64,123,,0.9436,0.2132,
préfence,1700-1710,1710-1720,68,62,,0.9435,0.9224,
recommander,1740-1750,1780-1789,208,507,,0.9434,0.0382,
n'importe,1770-1780,1789-1802,651,701,,0.9433,,
reserve,1730-1740,1789-1802,353,131,,0.9432,,
taxé,1760-1770,1770-1780,1001,227,,0.9431,,
nemours,1730-1740,1740-1750,197,282,,0.9431,0.9814,
rme,1710-1720,1740-1750,51,106,,0.9427,0.1892,
enter,1700-1710,1710-1720,533,86,,0.9426,,
l'agrément,1710-1720,1789-1802,177,411,,0.9424,,
chapelain,1700-1710,1720-1730,52,374,,0.9421,0.9947,
lay,1730-1740,1780-1789,127,213,,0.9421,,
pluton,1700-1710,1740-1750,448,191,,0.942,0.3774,
puy,1710-1720,1740-1750,177,119,,0.9419,0.8013,
queflion,1700-1710,1750-1760,59,211,,0.9418,0.5253,
d'emprunter,1710-1720,1789-1802,156,293,,0.9417,,
manquant,1720-1730,1730-1740,126,457,,0.9417,0.9205,
tique,1700-1710,1789-1802,151,1237,,0.9415,0.4886,
dona,1700-1710,1720-1730,190,113,,0.9413,,
coq,1720-1730,1730-1740,212,321,,0.9412,0.8018,
réguliers,1720-1730,1730-1740,238,113,,0.941,0.4734,
jourd'hui,1700-1710,1789-1802,154,463,,0.941,,
paré,1720-1730,1789-1802,95,353,,0.9408,0.5338,
l'en,1720-1730,1760-1770,1100,2793,,0.9407,,
pof,1700-1710,1780-1789,188,773,,0.9405,0.8847,
tez,1700-1710,1770-1780,319,426,,0.9404,0.7337,
fumer,1710-1720,1730-1740,110,72,,0.9403,,
fice,1700-1710,1780-1789,103,367,,0.9403,0.6851,
railler,1750-1760,1760-1770,81,82,,0.9402,,
veilles,1760-1770,1770-1780,331,537,,0.94,0.0088,
érant,1700-1710,1789-1802,101,90,,0.9399,,
jugeant,1710-1720,1789-1802,247,328,,0.9398,0.8753,
vantage,1700-1710,1789-1802,74,183,,0.9397,0.1043,
deli,1710-1720,1760-1770,89,127,,0.9396,0.0248,
paroîtra,1710-1720,1770-1780,75,675,,0.9396,0.7117,
souverainement,1770-1780,1789-1802,336,305,,0.9393,0.5935,
bailly,1720-1730,1780-1789,353,433,,0.9393,0.907,
carlos,1710-1720,1720-1730,109,61,,0.9392,,
mérites,1730-1740,1770-1780,105,243,,0.9389,0.4512,
détour,1700-1710,1750-1760,95,258,,0.9389,0.0124,
multiplié,1730-1740,1760-1770,110,561,,0.9388,,
fanté,1710-1720,1730-1740,98,222,,0.9386,0.3048,
emprunte,1720-1730,1730-1740,61,104,,0.9386,0.1105,
mage,1710-1720,1780-1789,99,531,,0.9385,0.3392,
manifestement,1720-1730,1789-1802,255,187,,0.9384,,
aver,1700-1710,1740-1750,434,181,,0.9382,,
sentier,1740-1750,1760-1770,125,216,,0.9381,0.1649,
odeurs,1710-1720,1770-1780,114,293,,0.9379,,
pra,1700-1710,1780-1789,303,629,,0.9379,0.6562,
commen,1710-1720,1770-1780,78,381,,0.9378,0.1626,
act,1730-1740,1789-1802,297,331,,0.9377,0.5806,
forn,1720-1730,1760-1770,80,151,,0.9375,0.3388,
majeure,1750-1760,1789-1802,338,1079,,0.9375,0.9984,
censeurs,1720-1730,1730-1740,74,61,,0.9374,0.6357,
avancez,1720-1730,1789-1802,136,100,,0.9373,,
renvoi,1770-1780,1789-1802,398,913,,0.9371,,
vui,1710-1720,1789-1802,70,123,,0.9371,0.5274,
c'està,1730-1740,1780-1789,216,392,,0.937,,
rain,1710-1720,1770-1780,76,325,,0.9368,0.0646,
contrefaire,1780-1789,1789-1802,239,190,,0.9368,,
conception,1720-1730,1789-1802,113,400,,0.9367,,
s'ap,1700-1710,1760-1770,94,374,,0.9366,,
gardant,1700-1710,1710-1720,72,93,,0.9364,0.1411,
plit,1720-1730,1789-1802,51,145,,0.9364,0.2504,
cier,1710-1720,1740-1750,120,172,,0.9361,0.2938,
duit,1710-1720,1789-1802,173,769,,0.936,0.3928,
roux,1720-1730,1740-1750,188,192,,0.9359,0.179,
volon,1700-1710,1789-1802,72,343,,0.9357,0.3036,
ache,1710-1720,1740-1750,129,200,,0.9356,0.1013,
nef,1700-1710,1710-1720,87,316,,0.9355,0.9972,
dence,1710-1720,1789-1802,97,488,,0.9354,0.2371,
saie,1740-1750,1760-1770,86,133,,0.9354,,
fauf,1710-1720,1750-1760,77,194,,0.935,0.6518,
pilier,1700-1710,1789-1802,169,186,,0.9349,0.933,
finement,1700-1710,1780-1789,58,366,,0.9347,0.9547,
intimes,1750-1760,1780-1789,134,352,,0.9346,,
ptolomée,1710-1720,1730-1740,171,307,,0.9345,0.1293,
aujour,1700-1710,1789-1802,80,501,,0.9344,0.4077,
inévitable,1710-1720,1760-1770,93,485,,0.9343,0.1,
nuées,1710-1720,1780-1789,61,529,,0.9343,0.6873,
larcin,1720-1730,1789-1802,63,204,,0.9342,,
tellier,1710-1720,1789-1802,534,147,,0.9341,,
stance,1700-1710,1780-1789,50,110,,0.934,0.211,
din,1710-1720,1740-1750,259,234,,0.934,0.2747,
tance,1700-1710,1780-1789,105,1126,,0.9339,0.7613,
pies,1700-1710,1789-1802,541,385,,0.9338,,
préfet,1700-1710,1740-1750,68,289,,0.9336,0.3275,
totalement,1700-1710,1750-1760,140,658,,0.9335,0.4502,
plane,1700-1710,1780-1789,250,314,,0.9333,0.9813,
ord,1730-1740,1789-1802,433,576,,0.9332,0.7015,
cell,1730-1740,1750-1760,71,95,,0.9329,0.0554,
conclus,1710-1720,1730-1740,114,241,,0.9328,0.8757,
rour,1720-1730,1740-1750,108,418,,0.9327,0.1955,
attribut,1700-1710,1710-1720,71,62,,0.9325,,
dispo,1700-1710,1789-1802,52,466,,0.9324,0.2423,
l'impression,1720-1730,1760-1770,372,1156,,0.9323,,
alfez,1700-1710,1730-1740,120,107,,0.9322,0.412,
crain,1700-1710,1770-1780,215,313,,0.932,,
tomme,1700-1710,1730-1740,51,52,,0.9319,0.4213,
suivra,1700-1710,1710-1720,62,63,,0.9318,0.0875,
ric,1720-1730,1730-1740,204,315,,0.9317,0.5349,
siu,1740-1750,1750-1760,211,131,,0.9316,0.3673,
recit,1780-1789,1789-1802,189,113,,0.9315,,
d'hollande,1730-1740,1740-1750,181,201,,0.9315,,
lam,1750-1760,1780-1789,92,649,,0.9314,0.2028,
repre,1700-1710,1770-1780,95,73,,0.9313,0.2807,
couver,1710-1720,1789-1802,153,206,,0.9312,0.9392,
entreprend,1700-1710,1740-1750,78,285,,0.9311,0.0922,
contrai,1740-1750,1789-1802,173,95,,0.931,0.3078,
pécher,1700-1710,1720-1730,51,52,,0.9308,0.6388,
consommer,1700-1710,1740-1750,53,135,,0.9308,0.143,
achevez,1710-1720,1720-1730,103,80,,0.9307,,
d'é,1710-1720,1720-1730,142,180,,0.9306,,
ieux,1700-1710,1780-1789,52,693,,0.9305,0.7525,
liy,1710-1720,1730-1740,50,61,,0.9305,,
fidellement,1700-1710,1750-1760,67,102,,0.9304,0.8511,
d'assez,1720-1730,1740-1750,171,325,,0.9303,,
nov,1730-1740,1750-1760,489,420,,0.9302,0.9406,
pié,1720-1730,1789-1802,548,218,,0.9301,,
vilité,1720-1730,1740-1750,63,111,,0.93,0.9162,
role,1720-1730,1750-1760,181,307,,0.9299,0.5839,
roir,1700-1710,1740-1750,81,284,,0.9298,0.4767,
mez,1700-1710,1770-1780,72,63,,0.9298,0.3917,
vatican,1710-1720,1740-1750,119,54,,0.9297,,
princi,1700-1710,1789-1802,76,447,,0.9296,0.7448,
posture,1700-1710,1720-1730,55,127,,0.9294,0.3124,
qu'autrement,1710-1720,1789-1802,195,79,,0.9292,,
yourte,1740-1750,1770-1780,116,167,,0.9291,,
differe,1710-1720,1720-1730,120,128,,0.929,0.5632,
demeurez,1720-1730,1740-1750,161,164,,0.9288,,
led,1710-1720,1720-1730,98,243,,0.9287,0.9558,
interest,1700-1710,1789-1802,341,87,,0.9287,,
solution,1720-1730,1730-1740,100,121,,0.9286,0.1401,
reporter,1740-1750,1789-1802,177,259,,0.9284,,
eme,1720-1730,1770-1780,102,215,,0.9283,0.3132,
rôt,1710-1720,1740-1750,69,421,,0.9281,0.9173,
ecole,1730-1740,1789-1802,94,232,,0.928,0.6528,
dez,1710-1720,1730-1740,409,194,,0.928,0.2638,
arrivez,1710-1720,1789-1802,380,112,,0.9278,,
farce,1720-1730,1780-1789,78,393,,0.9277,,
cét,1700-1710,1750-1760,352,80,,0.9276,,
l'é,1700-1710,1760-1770,216,1367,,0.9274,,
d'apparence,1720-1730,1760-1770,255,244,,0.9273,,
insensé,1700-1710,1740-1750,51,106,,0.9273,0.2492,
peutêtre,1700-1710,1750-1760,114,220,,0.9272,0.6814,
l'avant,1710-1720,1750-1760,57,571,,0.9271,,
travaillez,1710-1720,1720-1730,64,70,,0.927,,
ravoir,1720-1730,1760-1770,161,199,,0.9268,0.2814,
gueux,1720-1730,1750-1760,76,145,,0.9267,0.3725,
suspendu,1780-1789,1789-1802,549,719,,0.9266,0.0226,
fleuri,1700-1710,1789-1802,54,440,,0.9266,0.8369,
jardinier,1710-1720,1740-1750,178,113,,0.9264,,
montfort,1740-1750,1789-1802,74,198,,0.9263,,
vies,1700-1710,1760-1770,245,340,,0.9262,,
l'admiration,1750-1760,1789-1802,443,802,,0.9261,,
réunion,1710-1720,1760-1770,311,1562,,0.926,0.5474,
dore,1710-1720,1730-1740,118,67,,0.9259,0.1104,
l'et,1720-1730,1750-1760,90,89,,0.9258,,
d'autre,1700-1710,1710-1720,2126,3020,,0.9256,,
informe,1700-1710,1780-1789,71,419,,0.9255,0.2513,
d'ap,1710-1720,1730-1740,53,126,,0.9255,,
divertis,1700-1710,1730-1740,97,55,,0.9254,,
pitre,1730-1740,1789-1802,113,269,,0.9253,0.3353,
tranche,1720-1730,1770-1780,413,569,,0.9252,0.9786,
mmne,1730-1740,1789-1802,98,517,,0.9252,0.61,
conm,1710-1720,1789-1802,91,445,,0.9251,0.3979,
proses,1740-1750,1789-1802,179,182,,0.925,0.3551,
singularité,1710-1720,1770-1780,97,610,,0.9249,0.4022,
mec,1730-1740,1750-1760,81,97,,0.9248,0.0035,
injustement,1710-1720,1720-1730,125,97,,0.9247,0.8601,
luis,1700-1710,1730-1740,153,102,,0.9242,,
condamnez,1700-1710,1760-1770,194,66,,0.9241,,
blaise,1710-1720,1789-1802,57,96,,0.924,0.3648,
savants,1710-1720,1720-1730,87,82,,0.9238,0.4513,
fion,1710-1720,1770-1780,97,305,,0.9237,0.1785,
dée,1700-1710,1780-1789,80,502,,0.9235,0.2138,
d'oeuvre,1700-1710,1789-1802,199,1370,,0.9234,,
obligez,1750-1760,1789-1802,105,61,,0.9232,,
intérieurs,1710-1720,1789-1802,51,569,,0.9231,0.7864,
ennuyeux,1720-1730,1780-1789,67,410,,0.9231,0.2834,
accomplis,1730-1740,1780-1789,121,253,,0.9229,,
join,1710-1720,1730-1740,58,96,,0.9227,0.2429,
faillie,1730-1740,1750-1760,117,157,,0.9227,,
reflexion,1770-1780,1789-1802,177,486,,0.9226,,
jaques,1710-1720,1780-1789,299,155,,0.9225,,
retranchement,1700-1710,1710-1720,83,144,,0.9224,0.6781,
prevenir,1770-1780,1780-1789,105,124,,0.9221,,
tierce,1700-1710,1750-1760,261,831,,0.922,0.9935,
disgrace,1750-1760,1789-1802,212,440,,0.922,0.8501,
rate,1720-1730,1770-1780,141,420,,0.9219,0.9388,
cous,1700-1710,1789-1802,103,392,,0.9217,0.4345,
har,1720-1730,1760-1770,111,237,,0.9217,0.0029,
dition,1710-1720,1789-1802,57,285,,0.9216,0.3517,
prescription,1740-1750,1750-1760,679,294,,0.9215,,
caron,1700-1710,1789-1802,59,143,,0.9214,0.6102,
refait,1700-1710,1780-1789,74,203,,0.9213,0.1043,
rétablit,1700-1710,1780-1789,85,624,,0.9213,0.6288,
bale,1730-1740,1760-1770,63,298,,0.9212,,
perpétuité,1700-1710,1780-1789,120,549,,0.921,0.9853,
arrêtez,1710-1720,1720-1730,316,257,,0.9209,0.0003,
courtisan,1720-1730,1760-1770,146,217,,0.9208,,
ordi,1730-1740,1770-1780,232,644,,0.9207,0.0006,
galante,1720-1730,1740-1750,78,185,,0.9206,0.5756,
turin,1700-1710,1760-1770,165,1983,,0.9206,0.7428,
cheres,1700-1710,1710-1720,77,84,,0.9205,,
vizirs,1740-1750,1789-1802,97,147,,0.9202,,
entant,1750-1760,1780-1789,300,104,,0.9202,,
matrice,1710-1720,1720-1730,58,188,,0.9199,0.9137,
inceffamment,1710-1720,1740-1750,77,132,,0.9199,0.787,
ecritures,1740-1750,1750-1760,186,447,,0.9197,,
d'tre,1700-1710,1730-1740,63,77,,0.9196,,
l'établissement,1720-1730,1730-1740,315,463,,0.9195,,
yant,1710-1720,1770-1780,59,115,,0.9194,,
dement,1720-1730,1789-1802,70,205,,0.9194,0.183,
gregoire,1730-1740,1789-1802,729,54,,0.9192,,
classe,1720-1730,1740-1750,341,549,,0.9192,0.2553,
provincial,1710-1720,1770-1780,100,426,,0.9191,0.7857,
villiers,1730-1740,1750-1760,85,332,,0.919,,
noailles,1710-1720,1750-1760,1144,391,,0.9189,,
venter,1700-1710,1789-1802,63,542,,0.9187,0.4235,
obéi,1710-1720,1720-1730,78,63,,0.9186,0.7366,
rier,1730-1740,1789-1802,98,438,,0.9185,0.3947,
disposez,1710-1720,1720-1730,118,157,,0.9185,,
effe,1770-1780,1789-1802,909,114,,0.9183,,
desordre,1770-1780,1789-1802,177,99,,0.9182,,
fuc,1700-1710,1780-1789,184,926,,0.9181,0.7939,
pille,1700-1710,1730-1740,82,114,,0.9181,0.2683,
l'affront,1740-1750,1789-1802,111,108,,0.918,,
dece,1730-1740,1750-1760,108,132,,0.9179,0.0181,
hector,1720-1730,1760-1770,54,757,,0.9178,0.5538,
pru,1710-1720,1770-1780,79,312,,0.9176,0.3031,
reprenant,1710-1720,1720-1730,50,79,,0.9175,0.2029,
cant,1730-1740,1740-1750,88,115,,0.9174,0.2682,
duite,1700-1710,1740-1750,65,293,,0.9174,0.3725,
pepin,1700-1710,1720-1730,78,592,,0.9172,0.6051,
semblant,1780-1789,1789-1802,767,428,,0.9171,,
yvoire,1750-1760,1789-1802,97,163,,0.917,0.1828,
financier,1760-1770,1789-1802,340,347,,0.9169,0.082,
laitier,1700-1710,1730-1740,54,68,,0.9168,0.2771,
recom,1700-1710,1789-1802,86,335,,0.9167,0.6418,
tenans,1780-1789,1789-1802,369,140,,0.9166,,
qu'afin,1720-1730,1750-1760,57,79,,0.9165,,
ouf,1720-1730,1760-1770,54,89,,0.9164,0.5591,
extremement,1710-1720,1730-1740,144,88,,0.9163,,
l'es,1710-1720,1789-1802,76,859,,0.9162,,
von,1720-1730,1730-1740,93,154,,0.9161,0.2128,
l'humilité,1740-1750,1750-1760,86,154,,0.916,,
d'après,1720-1730,1789-1802,386,15171,,0.916,,
reduite,1710-1720,1760-1770,74,57,,0.9158,,
reconnoissances,1720-1730,1740-1750,90,417,,0.9157,0.9667,
bologne,1730-1740,1760-1770,341,399,,0.9156,0.4864,
d'endroits,1700-1710,1760-1770,94,273,,0.9154,,
loire,1730-1740,1789-1802,1639,1617,,0.9153,0.9852,
cele,1700-1710,1740-1750,81,156,,0.9152,0.4598,
git,1710-1720,1770-1780,102,216,,0.9151,0.2684,
plufieurs,1700-1710,1720-1730,126,176,,0.915,0.9258,
commençant,1740-1750,1760-1770,244,466,,0.915,0.4813,
premièrement,1710-1720,1750-1760,201,388,,0.9149,,
dej,1700-1710,1740-1750,119,193,,0.9148,0.058,
clans,1700-1710,1710-1720,65,85,,0.9147,0.0288,
vinaire,1720-1730,1789-1802,236,557,,0.9146,0.2754,
cefar,1750-1760,1789-1802,193,65,,0.9145,,
suffi,1720-1730,1750-1760,143,401,,0.9143,0.493,
zemble,1700-1710,1740-1750,108,267,,0.9142,0.9046,
bone,1720-1730,1740-1750,89,87,,0.9141,,
rififi,1700-1710,1740-1750,50,93,,0.914,0.5293,
prochains,1700-1710,1770-1780,139,119,,0.9139,,
rans,1720-1730,1760-1770,75,185,,0.9137,0.0339,
reputation,1770-1780,1789-1802,135,109,,0.9136,,
gabelles,1760-1770,1789-1802,509,980,,0.9135,0.5135,
anti,1730-1740,1789-1802,110,991,,0.9134,0.3423,
nice,1710-1720,1789-1802,117,598,,0.9132,0.8228,
tentative,1730-1740,1740-1750,190,192,,0.9131,0.1838,
live,1700-1710,1780-1789,224,551,,0.9129,0.9932,
bray,1710-1720,1750-1760,105,149,,0.9129,0.8015,
ive,1710-1720,1789-1802,142,694,,0.9127,0.6184,
clovis,1710-1720,1730-1740,161,1571,,0.9125,0.964,
neurs,1740-1750,1780-1789,182,368,,0.9125,0.1919,
imposition,1730-1740,1780-1789,753,915,,0.9122,0.9524,
soufle,1720-1730,1740-1750,74,413,,0.9121,0.8607,
mages,1710-1720,1740-1750,104,160,,0.912,0.2607,
momus,1760-1770,1780-1789,61,188,,0.9119,,
annuel,1730-1740,1750-1760,225,446,,0.9118,0.2257,
perfe,1700-1710,1730-1740,132,828,,0.9117,0.8252,
veur,1710-1720,1740-1750,145,350,,0.9116,0.3141,
valable,1710-1720,1750-1760,155,497,,0.9115,,
clement,1750-1760,1789-1802,210,192,,0.9114,,
dattes,1710-1720,1750-1760,53,81,,0.9113,0.6758,
éle,1710-1720,1780-1789,55,423,,0.9111,0.3971,
qu'autant,1730-1740,1740-1750,549,569,,0.9111,,
j'estime,1700-1710,1730-1740,120,89,,0.911,,
mrs,1710-1720,1789-1802,120,799,,0.9109,0.6404,
pane,1730-1740,1770-1780,111,247,,0.9107,0.5411,
ela,1700-1710,1760-1770,116,228,,0.9107,0.4926,
tiques,1700-1710,1789-1802,117,1029,,0.9106,0.4454,
diffus,1700-1710,1760-1770,142,307,,0.9104,0.011,
stile,1710-1720,1720-1730,315,276,,0.9104,,
griffe,1710-1720,1789-1802,86,218,,0.9101,0.1295,
diffi,1700-1710,1750-1760,59,264,,0.91,0.5977,
gence,1720-1730,1770-1780,83,368,,0.9099,0.5104,
ene,1710-1720,1730-1740,115,96,,0.9097,0.051,
lustre,1700-1710,1780-1789,83,413,,0.9096,0.1765,
l'af,1710-1720,1789-1802,99,603,,0.9095,,
peintes,1710-1720,1750-1760,221,1143,,0.9094,0.9456,
dij,1720-1730,1750-1760,151,194,,0.9093,0.6748,
commu,1710-1720,1789-1802,210,584,,0.909,0.4597,
miers,1710-1720,1760-1770,123,386,,0.9089,0.5132,
l'invention,1710-1720,1760-1770,225,682,,0.9088,,
allure,1730-1740,1770-1780,62,501,,0.9087,0.0422,
miais,1710-1720,1740-1750,83,247,,0.9086,0.337,
contagion,1700-1710,1720-1730,54,170,,0.9085,0.7166,
capi,1720-1730,1770-1780,189,525,,0.9084,0.1226,
exe,1720-1730,1789-1802,86,176,,0.9083,0.4222,
montez,1720-1730,1750-1760,211,96,,0.9083,,
consequent,1720-1730,1730-1740,624,343,,0.9082,,
crée,1720-1730,1789-1802,98,556,,0.9081,0.7469,
retardement,1720-1730,1740-1750,170,328,,0.9079,,
formel,1700-1710,1789-1802,126,443,,0.9076,0.8081,
expres,1720-1730,1760-1770,132,213,,0.9076,0.416,
reli,1720-1730,1740-1750,284,542,,0.9072,0.0976,
estimée,1730-1740,1789-1802,158,830,,0.9072,0.9064,
d'alliance,1700-1710,1710-1720,60,65,,0.9071,,
positivement,1710-1720,1740-1750,139,172,,0.907,0.0813,
fié,1720-1730,1760-1770,74,129,,0.9068,0.5477,
divorce,1710-1720,1730-1740,62,155,,0.9067,0.2893,
l'espece,1720-1730,1789-1802,243,472,,0.9066,,
pourvue,1710-1720,1789-1802,251,178,,0.9065,0.9921,
vire,1700-1710,1740-1750,91,137,,0.9064,0.3574,
étran,1720-1730,1770-1780,78,530,,0.9063,0.3459,
d'instrumens,1710-1720,1789-1802,81,130,,0.9062,,
sitôt,1760-1770,1780-1789,683,344,,0.9062,0.6626,
mart,1720-1730,1730-1740,330,73,,0.9061,,
pairement,1700-1710,1780-1789,65,281,,0.906,0.5919,
sure,1700-1710,1750-1760,87,246,,0.9058,0.6589,
fondez,1700-1710,1770-1780,85,123,,0.9058,,
dote,1710-1720,1780-1789,99,180,,0.9056,0.8841,
atta,1710-1720,1780-1789,89,645,,0.9055,0.2115,
raille,1720-1730,1770-1780,70,206,,0.9053,0.1914,
mouvant,1700-1710,1750-1760,57,127,,0.9052,0.8589,
ceder,1750-1760,1789-1802,152,67,,0.9051,,
provi,1710-1720,1789-1802,77,284,,0.9051,0.5556,
minute,1750-1760,1780-1789,250,795,,0.905,0.2081,
ordonnez,1720-1730,1750-1760,215,103,,0.9049,,
éclairci,1710-1720,1789-1802,100,171,,0.9048,,
divins,1730-1740,1770-1780,311,571,,0.9048,,
réunir,1730-1740,1789-1802,540,3530,,0.9046,0.4859,
cone,1710-1720,1740-1750,68,109,,0.9045,,
violé,1700-1710,1770-1780,64,339,,0.9044,0.7774,
oins,1720-1730,1730-1740,69,69,,0.9043,0.2327,
bler,1700-1710,1770-1780,59,206,,0.904,0.4591,
l'h,1700-1710,1730-1740,68,102,,0.904,,
acc,1710-1720,1730-1740,57,187,,0.9039,0.5651,
moin,1720-1730,1760-1770,170,406,,0.9038,0.4569,
rets,1710-1720,1789-1802,124,171,,0.9037,0.1438,
déformais,1710-1720,1720-1730,78,187,,0.9036,0.1131,
nager,1730-1740,1750-1760,106,112,,0.9033,,
nmais,1700-1710,1789-1802,65,520,,0.9032,0.351,
spe,1710-1720,1770-1780,79,334,,0.9029,0.3864,
nat,1780-1789,1789-1802,1512,1816,,0.9028,0.2392,
forum,1710-1720,1789-1802,95,82,,0.9026,0.9825,
drois,1730-1740,1750-1760,181,172,,0.9026,0.9491,
galeres,1710-1720,1750-1760,150,175,,0.9024,0.5294,
habité,1740-1750,1750-1760,316,186,,0.9023,0.2021,
meu,1710-1720,1760-1770,79,134,,0.9022,0.2563,
honorables,1740-1750,1760-1770,175,187,,0.9021,0.5252,
hai,1710-1720,1770-1780,61,201,,0.902,0.5795,
théatre,1700-1710,1750-1760,93,965,,0.9019,0.7913,
metre,1730-1740,1770-1780,138,191,,0.9018,,
sommation,1760-1770,1780-1789,270,214,,0.9017,,
qué,1710-1720,1730-1740,176,333,,0.9016,0.226,
orte,1750-1760,1770-1780,80,132,,0.9012,0.2061,
person,1720-1730,1780-1789,94,236,,0.901,0.4337,
neanmoins,1700-1710,1789-1802,1092,143,,0.9008,,
sement,1700-1710,1780-1789,105,627,,0.9007,0.7488,
contin,1700-1710,1720-1730,78,120,,0.9005,0.1213,
amene,1700-1710,1789-1802,123,139,,0.9004,,
estoit,1700-1710,1789-1802,2009,92,,0.9002,,
truite,1730-1740,1789-1802,63,327,,0.9002,0.0027,
conférence,1700-1710,1740-1750,53,496,,0.9001,0.1245,
acre,1720-1730,1770-1780,99,567,,0.9,0.8318,
labours,1730-1740,1740-1750,55,61,,0.8999,,
babylone,1700-1710,1740-1750,90,159,,0.8998,0.3356,
mnes,1710-1720,1730-1740,66,52,,0.8996,0.4887,
s'attacher,1730-1740,1789-1802,372,651,,0.8995,,
immuable,1760-1770,1780-1789,329,306,,0.8995,,
pals,1720-1730,1780-1789,229,73,,0.8993,,
lou,1700-1710,1730-1740,537,135,,0.8988,,
apprens,1730-1740,1789-1802,66,102,,0.8988,0.1726,
allier,1700-1710,1750-1760,55,134,,0.8986,0.8578,
james,1700-1710,1760-1770,104,665,,0.8985,0.5336,
sujct,1710-1720,1789-1802,78,121,,0.8984,,
particu,1700-1710,1730-1740,107,231,,0.8983,0.0552,
conséquences,1720-1730,1780-1789,179,1212,,0.8982,0.4019,
enfermer,1740-1750,1780-1789,109,324,,0.8981,,
trajan,1700-1710,1720-1730,165,594,,0.8981,,
cere,1710-1720,1780-1789,90,282,,0.898,0.635,
executer,1760-1770,1789-1802,68,54,,0.8978,,
feur,1710-1720,1780-1789,289,1150,,0.8977,0.281,
généralité,1730-1740,1789-1802,131,993,,0.8977,0.9142,
inventée,1740-1750,1789-1802,87,144,,0.8976,,
d'années,1750-1760,1770-1780,748,1403,,0.8975,,
infi,1700-1710,1789-1802,105,393,,0.8974,0.4202,
justification,1710-1720,1720-1730,82,120,,0.8974,,
l'empressement,1710-1720,1720-1730,62,62,,0.897,,
éga,1720-1730,1789-1802,97,630,,0.8969,0.4516,
importans,1730-1740,1789-1802,315,1023,,0.8967,0.7987,
lâcher,1710-1720,1770-1780,96,282,,0.8967,,
sos,1710-1720,1740-1750,407,198,,0.8965,0.0799,
comblé,1730-1740,1760-1770,261,267,,0.8963,,
succetteur,1700-1710,1750-1760,52,184,,0.8963,0.5924,
este,1720-1730,1760-1770,196,173,,0.8961,,
l'ouvrage,1720-1730,1760-1770,985,4355,,0.896,,
inconcevable,1720-1730,1740-1750,60,151,,0.8959,0.9379,
recon,1710-1720,1789-1802,139,890,,0.8958,0.045,
préjugé,1730-1740,1760-1770,366,1374,,0.8956,0.86,
ains,1710-1720,1789-1802,407,492,,0.8956,,
raux,1730-1740,1789-1802,162,561,,0.8955,0.7237,
amplement,1730-1740,1770-1780,218,555,,0.8953,,
éloi,1700-1710,1710-1720,58,76,,0.8952,0.2793,
jusqu'où,1780-1789,1789-1802,405,304,,0.8951,,
inscriptions,1740-1750,1789-1802,272,758,,0.895,0.5702,
mem,1700-1710,1780-1789,79,430,,0.8945,0.8197,
passez,1720-1730,1740-1750,291,238,,0.8945,,
atten,1710-1720,1780-1789,103,832,,0.8943,0.132,
comr,1720-1730,1740-1750,107,134,,0.8942,0.1978,
fout,1730-1740,1780-1789,90,528,,0.8942,0.0037,
gâter,1700-1710,1740-1750,85,108,,0.8941,0.8051,
deflus,1710-1720,1720-1730,141,387,,0.894,0.2242,
prétendit,1700-1710,1740-1750,65,113,,0.8939,0.6103,
fervant,1700-1710,1750-1760,76,124,,0.8938,0.4214,
bac,1700-1710,1789-1802,283,389,,0.8938,0.9623,
l'injure,1730-1740,1750-1760,140,238,,0.8937,,
réciproque,1750-1760,1770-1780,474,902,,0.8936,0.026,
commises,1700-1710,1789-1802,50,440,,0.8935,0.9545,
actuelle,1700-1710,1780-1789,117,1036,,0.8934,0.935,
lée,1700-1710,1780-1789,52,311,,0.8933,0.3157,
rest,1710-1720,1780-1789,83,204,,0.8932,,
danses,1710-1720,1760-1770,213,426,,0.8931,0.0366,
trom,1720-1730,1780-1789,123,382,,0.8931,0.1758,
reparer,1720-1730,1789-1802,310,124,,0.8928,,
gêneurs,1750-1760,1789-1802,93,118,,0.8928,,
dio,1700-1710,1789-1802,229,328,,0.8927,,
l'in,1710-1720,1720-1730,319,490,,0.8926,,
extraction,1710-1720,1760-1770,256,129,,0.8925,,
l'abandonner,1710-1720,1730-1740,90,142,,0.8924,,
signifient,1700-1710,1730-1740,97,79,,0.8923,0.6708,
chartre,1730-1740,1789-1802,114,220,,0.8921,0.7395,
caux,1740-1750,1750-1760,218,129,,0.8921,,
taine,1710-1720,1770-1780,92,350,,0.892,0.1209,
d'affaires,1720-1730,1730-1740,315,365,,0.8918,,
meur,1720-1730,1789-1802,135,262,,0.8917,0.4266,
fleurir,1700-1710,1730-1740,93,149,,0.8915,0.7601,
récompenses,1740-1750,1750-1760,387,532,,0.8911,0.1375,
dépouiller,1700-1710,1710-1720,75,144,,0.891,0.7131,
cable,1730-1740,1750-1760,55,60,,0.8909,,
insérieure,1710-1720,1720-1730,56,71,,0.8908,0.558,
d'esprits,1700-1710,1789-1802,96,125,,0.8907,,
cures,1710-1720,1740-1750,171,221,,0.8906,0.1064,
pitoyable,1760-1770,1789-1802,172,241,,0.8905,,
poui,1700-1710,1750-1760,159,263,,0.8903,0.195,
prou,1710-1720,1780-1789,76,536,,0.8901,0.0429,
nal,1730-1740,1750-1760,187,280,,0.89,0.2274,
déroute,1700-1710,1720-1730,65,160,,0.8898,,
c'en,1760-1770,1770-1780,1092,1721,,0.8897,,
vail,1720-1730,1780-1789,104,469,,0.8896,0.3891,
nulles,1770-1780,1789-1802,268,392,,0.8896,,
seu,1700-1710,1789-1802,60,702,,0.8895,0.6531,
publi,1700-1710,1780-1789,66,499,,0.8893,0.2054,
vivantes,1740-1750,1770-1780,149,295,,0.8891,0.3034,
levent,1720-1730,1730-1740,150,271,,0.8889,0.8839,
froideur,1710-1720,1720-1730,87,87,,0.8886,0.916,
gêne,1700-1710,1789-1802,59,764,,0.8885,0.43,
karats,1740-1750,1760-1770,324,2357,,0.8883,0.8516,
cles,1710-1720,1789-1802,195,543,,0.8882,0.3448,
ray,1730-1740,1780-1789,60,498,,0.8881,0.3347,
fim,1700-1710,1780-1789,180,254,,0.888,0.945,
moire,1710-1720,1740-1750,65,219,,0.8878,0.7104,
rareté,1710-1720,1720-1730,122,120,,0.8877,0.2972,
réglés,1700-1710,1789-1802,64,387,,0.8876,0.9975,
tume,1710-1720,1789-1802,74,141,,0.8875,0.6007,
chauve,1720-1730,1760-1770,269,262,,0.8875,0.9426,
brouiller,1710-1720,1780-1789,130,264,,0.8873,,
determine,1710-1720,1789-1802,100,75,,0.8872,,
dest,1760-1770,1770-1780,113,114,,0.8871,0.0408,
cham,1710-1720,1760-1770,140,1461,,0.887,0.6,
fane,1730-1740,1760-1770,121,113,,0.8868,,
nme,1730-1740,1740-1750,108,309,,0.8866,0.1442,
recommandable,1700-1710,1750-1760,79,155,,0.8865,,
accom,1700-1710,1780-1789,86,567,,0.8864,0.2193,
prouvent,1710-1720,1789-1802,140,1441,,0.8864,0.582,
l'ecole,1710-1720,1789-1802,159,309,,0.8863,,
recueilli,1710-1720,1770-1780,127,656,,0.8861,0.092,
confi,1710-1720,1789-1802,82,403,,0.8861,0.1819,
faillir,1730-1740,1789-1802,61,83,,0.8859,0.5735,
sexes,1720-1730,1760-1770,98,594,,0.8857,0.9364,
bor,1710-1720,1730-1740,98,371,,0.8856,0.0797,
range,1710-1720,1740-1750,129,227,,0.8854,0.9013,
communi,1700-1710,1780-1789,177,354,,0.8854,0.5989,
l'éviter,1710-1720,1720-1730,58,66,,0.8853,,
d'artifice,1750-1760,1789-1802,97,179,,0.8852,,
liant,1700-1710,1730-1740,64,66,,0.8851,0.5492,
déclarent,1730-1740,1760-1770,251,142,,0.885,,
opposa,1710-1720,1740-1750,62,99,,0.8847,,
notamment,1700-1710,1789-1802,56,1130,,0.8846,0.5459,
majeur,1710-1720,1789-1802,99,332,,0.8843,,
fet,1710-1720,1789-1802,154,507,,0.8843,0.5778,
comprens,1760-1770,1789-1802,148,56,,0.8842,0.4866,
serein,1700-1710,1720-1730,50,78,,0.884,0.1998,
dele,1700-1710,1710-1720,95,82,,0.884,0.1288,
rohan,1710-1720,1750-1760,285,171,,0.8839,,
forge,1710-1720,1770-1780,83,890,,0.8838,0.7065,
berté,1710-1720,1789-1802,60,422,,0.8837,0.4469,
aufl,1700-1710,1750-1760,70,164,,0.8836,0.1437,
roidir,1720-1730,1789-1802,122,97,,0.8834,,
fontes,1700-1710,1720-1730,68,200,,0.8832,0.8546,
lel,1710-1720,1740-1750,65,216,,0.883,0.2379,
aisement,1700-1710,1710-1720,62,77,,0.8828,0.8027,
pale,1700-1710,1740-1750,110,302,,0.8827,0.443,
inu,1700-1710,1750-1760,144,168,,0.8826,0.8238,
amasser,1720-1730,1770-1780,69,154,,0.8825,0.6431,
lere,1710-1720,1730-1740,58,70,,0.8822,0.2224,
sar,1710-1720,1780-1789,83,333,,0.882,0.0788,
severe,1710-1720,1789-1802,179,86,,0.8819,,
subitement,1760-1770,1789-1802,444,599,,0.8819,0.0386,
gneur,1740-1750,1780-1789,749,1086,,0.8818,,
aisez,1720-1730,1789-1802,108,79,,0.8815,0.5025,
commodité,1710-1720,1780-1789,816,928,,0.8814,0.8236,
bride,1730-1740,1740-1750,300,332,,0.8813,,
leure,1710-1720,1780-1789,63,309,,0.8812,0.2732,
représentant,1730-1740,1789-1802,205,1717,,0.8812,0.6947,
papa,1730-1740,1780-1789,924,701,,0.8811,0.989,
mir,1710-1720,1740-1750,124,496,,0.881,0.3045,
vée,1710-1720,1720-1730,77,68,,0.8809,0.0897,
élevez,1710-1720,1760-1770,155,95,,0.8808,,
consideré,1710-1720,1789-1802,468,73,,0.8808,,
purger,1700-1710,1730-1740,127,97,,0.8805,0.529,
plui,1730-1740,1740-1750,56,80,,0.8803,0.5534,
l'intrigue,1700-1710,1789-1802,58,1038,,0.8802,,
judiciaire,1730-1740,1789-1802,167,1017,,0.8801,0.9559,
vacation,1710-1720,1789-1802,103,91,,0.8801,,
entrevoir,1750-1760,1780-1789,320,590,,0.88,0.7033,
gner,1700-1710,1730-1740,87,197,,0.8799,0.2541,
reaux,1700-1710,1789-1802,309,151,,0.8798,,
qu'u,1740-1750,1789-1802,133,134,,0.8797,,
composoient,1720-1730,1730-1740,121,238,,0.8796,0.7747,
grossiere,1710-1720,1789-1802,115,91,,0.8793,0.8559,
rine,1720-1730,1789-1802,164,429,,0.8792,0.4781,
jur,1720-1730,1730-1740,189,377,,0.8791,0.0961,
malin,1720-1730,1789-1802,150,346,,0.879,0.1171,
timons,1700-1710,1789-1802,55,379,,0.8787,0.0949,
aidé,1710-1720,1760-1770,99,306,,0.8781,0.0736,
joi,1710-1720,1780-1789,64,268,,0.878,0.0713,
jans,1720-1730,1750-1760,62,107,,0.878,0.4182,
loue,1700-1710,1710-1720,129,176,,0.8779,0.0523,
lence,1700-1710,1789-1802,78,370,,0.8778,0.2735,
delits,1740-1750,1789-1802,103,91,,0.8777,,
tile,1710-1720,1780-1789,88,315,,0.8776,0.194,
dues,1710-1720,1720-1730,108,92,,0.8775,0.5241,
ménagement,1720-1730,1730-1740,110,253,,0.8773,0.862,
trancher,1710-1720,1740-1750,71,99,,0.8773,0.7041,
rée,1710-1720,1780-1789,135,523,,0.8771,0.0799,
t'elle,1770-1780,1789-1802,110,57,,0.877,,
talon,1730-1740,1740-1750,92,82,,0.8768,0.0197,
consi,1700-1710,1760-1770,102,605,,0.8767,0.4194,
oraison,1710-1720,1730-1740,290,232,,0.8766,0.5156,
defaut,1730-1740,1750-1760,181,163,,0.8763,,
possède,1700-1710,1720-1730,67,54,,0.8762,0.2539,
choi,1720-1730,1760-1770,77,193,,0.8762,0.184,
appréhender,1700-1710,1789-1802,52,96,,0.876,0.8005,
hie,1710-1720,1760-1770,77,139,,0.8758,0.174,
conr,1700-1710,1740-1750,52,125,,0.8757,0.1107,
cane,1700-1710,1780-1789,69,170,,0.8756,0.3936,
diacre,1740-1750,1789-1802,99,153,,0.8755,,
dien,1700-1710,1770-1780,102,292,,0.8754,,
sance,1730-1740,1789-1802,203,956,,0.8752,0.5629,
rope,1700-1710,1789-1802,70,504,,0.8752,0.3098,
scroit,1710-1720,1720-1730,61,71,,0.875,0.5117,
divi,1730-1740,1789-1802,206,400,,0.8749,0.2785,
tés,1700-1710,1770-1780,75,1370,,0.8748,0.3883,
dance,1730-1740,1789-1802,152,695,,0.8747,0.1535,
courre,1700-1710,1730-1740,124,73,,0.8746,0.3762,
lifez,1710-1720,1730-1740,238,267,,0.8745,0.0637,
remplacer,1710-1720,1730-1740,91,264,,0.8745,0.1314,
erl,1700-1710,1710-1720,109,118,,0.8743,0.7899,
apprenant,1710-1720,1720-1730,56,73,,0.8742,0.2579,
oye,1710-1720,1789-1802,80,89,,0.8741,0.8347,
volage,1700-1710,1740-1750,107,353,,0.8738,0.2185,
l'obéissance,1730-1740,1789-1802,301,681,,0.8738,,
dat,1750-1760,1770-1780,313,1051,,0.8736,0.985,
spécialement,1700-1710,1720-1730,66,72,,0.8733,0.4137,
audacieux,1720-1730,1750-1760,87,178,,0.8732,0.1932,
d'avertir,1710-1720,1720-1730,148,117,,0.8731,,
glife,1750-1760,1789-1802,202,154,,0.873,0.0817,
fay,1710-1720,1760-1770,244,144,,0.8728,,
march,1730-1740,1780-1789,52,256,,0.8727,0.561,
préter,1700-1710,1760-1770,58,291,,0.8725,0.1833,
bian,1750-1760,1780-1789,180,71,,0.8725,,
imais,1700-1710,1750-1760,83,126,,0.8722,0.0513,
pein,1710-1720,1770-1780,72,276,,0.8721,,
ente,1710-1720,1750-1760,80,126,,0.872,0.1966,
l'oraison,1740-1750,1760-1770,92,247,,0.872,,
desa,1720-1730,1730-1740,99,111,,0.8718,,
dau,1700-1710,1780-1789,98,402,,0.8716,0.5185,
applicable,1710-1720,1789-1802,348,637,,0.8715,,
boulanger,1740-1750,1770-1780,87,710,,0.8714,0.5595,
mence,1750-1760,1789-1802,206,258,,0.8712,0.3092,
d'hiver,1730-1740,1789-1802,217,810,,0.871,,
affermir,1700-1710,1789-1802,56,296,,0.8708,0.8668,
l'election,1700-1710,1720-1730,83,543,,0.8707,,
médailles,1710-1720,1730-1740,188,966,,0.8706,0.1337,
mmes,1710-1720,1760-1770,95,123,,0.8706,0.7847,
pon,1710-1720,1789-1802,337,507,,0.8705,0.6037,
nmme,1700-1710,1740-1750,67,152,,0.8704,0.6232,
bris,1720-1730,1760-1770,79,198,,0.8703,0.7507,
souve,1740-1750,1780-1789,209,616,,0.8702,0.1824,
souhaiter,1770-1780,1789-1802,1001,489,,0.8701,0.5654,
teflon,1720-1730,1740-1750,74,89,,0.87,0.2017,
var,1710-1720,1789-1802,78,418,,0.8699,0.7539,
déférence,1740-1750,1780-1789,104,294,,0.8698,0.731,
légitimement,1720-1730,1770-1780,114,411,,0.8697,0.7785,
assurez,1710-1720,1770-1780,130,104,,0.8695,,
s'appellent,1710-1720,1730-1740,77,60,,0.8694,,
interêts,1710-1720,1740-1750,1437,519,,0.8693,,
consternation,1720-1730,1780-1789,50,246,,0.8692,0.9523,
d'ajouter,1710-1720,1720-1730,99,113,,0.8691,,
hit,1710-1720,1730-1740,102,169,,0.8689,0.7885,
l'inquiétude,1700-1710,1710-1720,86,93,,0.8688,,
commc,1700-1710,1740-1750,126,204,,0.8688,0.7586,
volunt,1700-1710,1780-1789,221,83,,0.8686,,
rebellion,1700-1710,1789-1802,50,415,,0.8685,0.9726,
bour,1700-1710,1740-1750,135,495,,0.8685,0.189,
premierement,1730-1740,1789-1802,491,101,,0.8682,,
run,1700-1710,1710-1720,253,100,,0.868,0.9219,
temporels,1700-1710,1720-1730,61,88,,0.8679,,
emprunt,1740-1750,1770-1780,85,834,,0.8678,0.1589,
particuliérement,1710-1720,1770-1780,58,903,,0.8678,0.8822,
iais,1720-1730,1770-1780,67,304,,0.8677,0.1586,
tirés,1700-1710,1720-1730,53,247,,0.8676,0.7585,
frit,1710-1720,1760-1770,147,134,,0.8675,,
désirer,1700-1710,1720-1730,80,101,,0.8674,0.3178,
pier,1720-1730,1789-1802,306,380,,0.8674,0.617,
formez,1720-1730,1750-1760,196,108,,0.8673,,
vau,1700-1710,1730-1740,56,64,,0.8671,0.3111,
répandue,1710-1720,1780-1789,87,805,,0.8669,0.61,
vident,1740-1750,1789-1802,166,241,,0.8667,0.1662,
tain,1710-1720,1760-1770,115,329,,0.8667,0.1021,
précipice,1730-1740,1750-1760,157,180,,0.8664,0.7272,
conserva,1700-1710,1710-1720,102,132,,0.8663,0.2756,
d'orient,1730-1740,1789-1802,462,356,,0.8661,,
qu'ensuite,1710-1720,1789-1802,78,267,,0.8659,,
s'enfuir,1700-1710,1770-1780,63,215,,0.8658,,
bourses,1720-1730,1770-1780,210,411,,0.8657,,
app,1710-1720,1730-1740,71,208,,0.8656,0.6709,
reprise,1700-1710,1720-1730,111,118,,0.8654,0.3974,
quasi,1720-1730,1750-1760,254,372,,0.8653,,
mineur,1720-1730,1750-1760,76,555,,0.8653,,
elr,1710-1720,1740-1750,59,153,,0.8652,0.5028,
susdits,1720-1730,1730-1740,169,457,,0.8649,,
vale,1740-1750,1770-1780,504,188,,0.8647,0.4839,
miner,1710-1720,1780-1789,72,608,,0.8646,0.3778,
canada,1760-1770,1789-1802,1162,1044,,0.8645,0.2285,
tatien,1710-1720,1789-1802,127,1069,,0.8644,0.0753,
trans,1720-1730,1789-1802,113,635,,0.8643,0.0874,
fontenelle,1700-1710,1780-1789,54,271,,0.864,0.2749,
habi,1710-1720,1789-1802,89,632,,0.8639,0.2205,
multipliant,1710-1720,1730-1740,68,58,,0.8638,,
nain,1730-1740,1740-1750,89,135,,0.8637,0.0244,
opiniâtre,1710-1720,1750-1760,87,239,,0.8636,0.913,
tare,1730-1740,1789-1802,66,621,,0.8636,0.701,
bailli,1720-1730,1750-1760,293,288,,0.8634,,
cloître,1730-1740,1750-1760,100,200,,0.8633,0.6801,
infinite,1740-1750,1770-1780,220,376,,0.8632,0.2444,
laifle,1700-1710,1720-1730,87,78,,0.8629,,
adi,1730-1740,1760-1770,53,433,,0.8629,0.0124,
dol,1720-1730,1750-1760,100,206,,0.8628,,
meures,1720-1730,1789-1802,94,131,,0.8627,,
normand,1730-1740,1789-1802,156,174,,0.8626,,
coit,1730-1740,1740-1750,68,256,,0.8625,0.2164,
défendent,1740-1750,1750-1760,270,310,,0.8624,0.203,
auditeurs,1720-1730,1740-1750,227,205,,0.8622,,
s'exposer,1760-1770,1789-1802,488,649,,0.8621,,
aires,1730-1740,1740-1750,129,255,,0.862,0.4481,
caule,1720-1730,1780-1789,146,903,,0.8619,0.914,
l'enfer,1700-1710,1730-1740,135,266,,0.8617,,
augmentations,1740-1750,1760-1770,90,283,,0.8616,,
delivrer,1710-1720,1789-1802,138,79,,0.8615,,
foui,1700-1710,1750-1760,77,100,,0.8614,0.1336,
considence,1700-1710,1740-1750,81,287,,0.8614,0.7326,
frt,1710-1720,1740-1750,73,180,,0.8611,0.5266,
clôture,1700-1710,1710-1720,63,293,,0.8611,0.6039,
logemens,1710-1720,1750-1760,94,138,,0.861,0.722,
procédure,1710-1720,1730-1740,60,89,,0.8609,0.2301,
donnes,1710-1720,1740-1750,74,137,,0.8606,0.6214,
querir,1710-1720,1760-1770,215,110,,0.8605,,
incon,1730-1740,1740-1750,113,213,,0.8604,0.0016,
chretien,1710-1720,1760-1770,147,102,,0.8603,,
pece,1700-1710,1789-1802,63,77,,0.8599,0.4532,
fri,1740-1750,1770-1780,355,402,,0.8596,0.0099,
d'entre,1780-1789,1789-1802,2302,1882,,0.8594,,
veulement,1720-1730,1789-1802,130,252,,0.8593,0.7435,
ben,1710-1720,1770-1780,105,878,,0.8593,0.1027,
ors,1730-1740,1789-1802,125,571,,0.859,0.0716,
restée,1710-1720,1770-1780,60,421,,0.8588,0.7511,
opera,1720-1730,1750-1760,1192,418,,0.8586,0.9144,
farouche,1710-1720,1720-1730,152,117,,0.8583,0.1472,
entretenu,1720-1730,1770-1780,162,424,,0.8583,0.2347,
vaillance,1740-1750,1789-1802,361,472,,0.858,0.9002,
barcelone,1720-1730,1789-1802,126,302,,0.8579,,
régie,1700-1710,1789-1802,61,2248,,0.8577,0.9024,
fori,1730-1740,1770-1780,75,220,,0.8576,0.1579,
d'attaquer,1700-1710,1710-1720,83,98,,0.8575,,
ena,1710-1720,1789-1802,114,207,,0.8572,0.5446,
mun,1710-1720,1780-1789,72,306,,0.8571,0.4504,
batterie,1750-1760,1789-1802,450,894,,0.857,0.5673,
sue,1760-1770,1770-1780,199,247,,0.8569,0.0185,
confulter,1780-1789,1789-1802,1119,302,,0.8567,0.4922,
innocentes,1770-1780,1789-1802,287,373,,0.8564,0.743,
lorsqu'un,1750-1760,1760-1770,672,738,,0.8562,,
s'arrêter,1710-1720,1789-1802,408,856,,0.856,,
comptoir,1730-1740,1750-1760,447,175,,0.8556,0.6139,
relle,1720-1730,1789-1802,169,477,,0.8555,0.4282,
d'obliger,1700-1710,1720-1730,64,107,,0.8555,,
chent,1770-1780,1780-1789,253,283,,0.8553,0.1856,
joignez,1760-1770,1789-1802,191,242,,0.8552,0.2784,
pte,1770-1780,1789-1802,119,198,,0.855,0.097,
excepter,1740-1750,1770-1780,335,466,,0.8549,,
ôtant,1700-1710,1720-1730,81,78,,0.8548,0.7792,
neutre,1710-1720,1720-1730,76,84,,0.8548,0.1918,
apo,1730-1740,1770-1780,61,110,,0.8547,0.0725,
natures,1730-1740,1789-1802,149,329,,0.8545,,
continent,1750-1760,1770-1780,703,1842,,0.8544,0.6869,
assés,1710-1720,1789-1802,158,111,,0.8543,,
indifférent,1750-1760,1770-1780,476,976,,0.8541,0.0293,
l'addition,1710-1720,1730-1740,75,69,,0.854,,
s'engager,1720-1730,1750-1760,129,222,,0.854,,
galle,1700-1710,1740-1750,99,108,,0.8538,,
posent,1770-1780,1789-1802,351,255,,0.8537,0.7725,
convenance,1770-1780,1789-1802,491,717,,0.8537,0.1733,
sacri,1700-1710,1780-1789,57,289,,0.8536,0.1351,
sca,1740-1750,1789-1802,161,123,,0.8535,0.5506,
fors,1700-1710,1720-1730,148,194,,0.8534,0.1779,
bos,1700-1710,1760-1770,72,149,,0.8532,0.5697,
formant,1700-1710,1789-1802,110,1607,,0.853,0.8268,
s'a,1700-1710,1770-1780,183,582,,0.8527,,
yen,1710-1720,1780-1789,314,498,,0.8526,,
tol,1730-1740,1740-1750,176,91,,0.8526,0.6705,
raisonne,1700-1710,1760-1770,73,462,,0.8525,0.5425,
s'empara,1700-1710,1710-1720,55,67,,0.8524,,
gravé,1720-1730,1770-1780,103,441,,0.8523,0.1434,
commandée,1710-1720,1720-1730,66,150,,0.8523,,
compo,1700-1710,1780-1789,64,312,,0.8522,0.405,
porteroit,1710-1720,1780-1789,51,494,,0.8521,0.6334,
allés,1720-1730,1789-1802,103,250,,0.8519,0.9973,
lau,1700-1710,1740-1750,161,419,,0.8519,0.5644,
autr,1740-1750,1770-1780,61,120,,0.8518,0.3685,
cois,1730-1740,1789-1802,82,419,,0.8514,0.3029,
d'enfans,1720-1730,1730-1740,224,299,,0.8512,,
diminutions,1700-1710,1710-1720,57,74,,0.8511,0.3508,
souhait,1710-1720,1720-1730,126,89,,0.851,0.2328,
comptent,1700-1710,1710-1720,71,110,,0.8509,0.1269,
vans,1700-1710,1789-1802,106,164,,0.8508,0.1439,
canaille,1700-1710,1720-1730,51,62,,0.8506,0.5467,
exi,1720-1730,1760-1770,82,207,,0.8506,0.5853,
narration,1720-1730,1789-1802,166,268,,0.8503,,
familier,1760-1770,1780-1789,401,430,,0.8502,0.0098,
forcez,1710-1720,1760-1770,119,96,,0.85,0.9817,
prophète,1710-1720,1720-1730,88,61,,0.8498,0.239,
primes,1710-1720,1780-1789,162,776,,0.8498,0.9866,
fons,1700-1710,1780-1789,66,500,,0.8497,0.7232,
gle,1700-1710,1780-1789,127,227,,0.8496,0.373,
miles,1700-1710,1710-1720,304,286,,0.8495,,
d'armes,1780-1789,1789-1802,3927,1885,,0.8495,,
geneve,1710-1720,1789-1802,95,403,,0.8493,0.0981,
durera,1700-1710,1720-1730,76,66,,0.8492,0.5882,
liers,1710-1720,1750-1760,165,328,,0.8491,0.2158,
décou,1700-1710,1760-1770,87,385,,0.8491,0.5954,
lare,1750-1760,1770-1780,73,68,,0.8488,0.3128,
nonce,1740-1750,1760-1770,375,162,,0.8488,0.8878,
parvint,1700-1710,1750-1760,56,408,,0.8486,0.7389,
nonobstant,1780-1789,1789-1802,899,468,,0.8484,,
cuisine,1710-1720,1770-1780,492,464,,0.8484,,
gratuit,1700-1710,1710-1720,139,80,,0.8481,,
perfon,1710-1720,1780-1789,89,402,,0.8481,0.2772,
albert,1710-1720,1730-1740,75,409,,0.848,0.3997,
plaie,1700-1710,1789-1802,57,605,,0.8479,0.8905,
ales,1720-1730,1740-1750,122,126,,0.8478,0.0138,
rotterdam,1720-1730,1789-1802,120,145,,0.8477,,
bienheureux,1710-1720,1780-1789,136,268,,0.8476,,
male,1720-1730,1770-1780,1055,284,,0.8475,,
quelqu'un,1700-1710,1740-1750,1611,3279,,0.8472,,
regar,1700-1710,1780-1789,101,480,,0.847,0.3294,
retenant,1710-1720,1730-1740,82,109,,0.847,0.7905,
débiter,1700-1710,1770-1780,307,625,,0.8469,,
rot,1700-1710,1760-1770,928,307,,0.8468,,
d'accepter,1710-1720,1720-1730,210,147,,0.8467,,
flot,1740-1750,1789-1802,164,231,,0.8467,,
recoit,1720-1730,1730-1740,159,62,,0.8466,0.4369,
tein,1700-1710,1789-1802,61,125,,0.8465,0.4392,
tine,1720-1730,1740-1750,88,69,,0.8463,0.178,
gui,1700-1710,1770-1780,198,757,,0.8463,0.0432,
l'o,1740-1750,1789-1802,611,1182,,0.8461,,
liege,1710-1720,1740-1750,100,150,,0.846,0.7796,
froidement,1760-1770,1789-1802,312,672,,0.846,0.4965,
quille,1700-1710,1789-1802,407,544,,0.8459,,
condi,1720-1730,1770-1780,88,244,,0.8458,0.3395,
jérusalem,1700-1710,1720-1730,390,93,,0.8457,,
voye,1710-1720,1789-1802,1329,490,,0.8456,,
c'etoit,1700-1710,1740-1750,75,198,,0.8454,,
divertir,1700-1710,1730-1740,374,291,,0.8452,,
tées,1770-1780,1780-1789,397,471,,0.8451,0.1176,
trefles,1700-1710,1750-1760,53,104,,0.845,0.2636,
peplus,1730-1740,1750-1760,73,112,,0.8449,0.1001,
demeu,1710-1720,1789-1802,101,125,,0.8449,0.1897,
indifférente,1710-1720,1720-1730,54,52,,0.8447,0.5967,
examinez,1710-1720,1780-1789,99,292,,0.8445,,
tiere,1730-1740,1789-1802,153,125,,0.8445,0.6342,
guise,1720-1730,1770-1780,380,267,,0.8443,0.9796,
baille,1710-1720,1789-1802,81,110,,0.8442,,
l'exposer,1710-1720,1789-1802,109,176,,0.8442,,
coure,1720-1730,1730-1740,50,56,,0.844,0.2427,
l'ange,1720-1730,1740-1750,127,106,,0.8438,,
mene,1740-1750,1760-1770,311,658,,0.8437,0.616,
qu'encore,1740-1750,1780-1789,136,170,,0.8435,,
rachat,1720-1730,1740-1750,74,548,,0.8435,,
fiant,1760-1770,1789-1802,108,196,,0.8434,0.1431,
enfuirez,1730-1740,1740-1750,88,912,,0.8433,0.32,
deces,1700-1710,1740-1750,50,84,,0.8432,0.5488,
iss,1720-1730,1780-1789,99,315,,0.8431,0.0848,
poete,1730-1740,1760-1770,162,136,,0.843,0.5015,
bin,1730-1740,1760-1770,86,125,,0.8428,0.0374,
presence,1700-1710,1789-1802,440,144,,0.8428,,
pices,1710-1720,1750-1760,53,80,,0.8424,0.3416,
ponr,1710-1720,1740-1750,117,136,,0.8424,0.3803,
visité,1700-1710,1789-1802,63,431,,0.8423,0.3636,
énormes,1700-1710,1789-1802,53,1107,,0.8422,0.7203,
cloches,1720-1730,1789-1802,148,1530,,0.8421,0.94,
britannique,1730-1740,1789-1802,192,944,,0.8419,0.9112,
vacations,1710-1720,1740-1750,195,117,,0.8417,,
contredire,1720-1730,1750-1760,109,267,,0.8417,0.8049,
marne,1740-1750,1760-1770,88,918,,0.8414,0.9531,
pondre,1710-1720,1789-1802,96,276,,0.8414,0.9119,
ivre,1700-1710,1789-1802,93,577,,0.8413,0.6555,
confolation,1720-1730,1770-1780,164,460,,0.8412,,
possesseur,1720-1730,1770-1780,60,307,,0.841,0.8209,
cherté,1740-1750,1760-1770,155,992,,0.8408,0.8964,
tariere,1700-1710,1789-1802,79,108,,0.8407,0.5078,
demeurée,1720-1730,1789-1802,100,128,,0.8407,,
diverti,1740-1750,1789-1802,67,60,,0.8406,,
trouv,1710-1720,1740-1750,55,131,,0.8404,0.0992,
regnoit,1780-1789,1789-1802,160,103,,0.8403,,
l'hon,1720-1730,1770-1780,67,334,,0.8403,,
vingtième,1750-1760,1789-1802,257,654,,0.8402,0.3726,
traita,1710-1720,1750-1760,154,273,,0.8401,,
collège,1720-1730,1730-1740,371,106,,0.84,0.6727,
lequelles,1710-1720,1789-1802,84,84,,0.8399,,
elus,1740-1750,1760-1770,55,828,,0.8397,0.7059,
queje,1710-1720,1740-1750,82,397,,0.8396,,
sul,1740-1750,1770-1780,79,186,,0.8395,0.0983,
vrir,1710-1720,1720-1730,63,66,,0.8393,0.437,
l'obscurité,1700-1710,1720-1730,164,176,,0.8391,,
apparent,1700-1710,1710-1720,94,109,,0.839,0.0578,
d'ai,1720-1730,1789-1802,82,321,,0.8389,,
réservé,1700-1710,1740-1750,81,275,,0.8388,0.1483,
millier,1760-1770,1780-1789,455,379,,0.8387,,
l'abus,1720-1730,1730-1740,131,286,,0.8386,,
dénomination,1710-1720,1770-1780,60,1261,,0.8385,0.9854,
détourne,1740-1750,1770-1780,106,407,,0.8384,0.1004,
divertissement,1700-1710,1720-1730,197,162,,0.8382,,
serrer,1740-1750,1789-1802,249,422,,0.8382,,
experience,1760-1770,1789-1802,178,102,,0.8381,,
memoire,1700-1710,1789-1802,615,319,,0.838,,
usi,1750-1760,1770-1780,90,165,,0.8379,,
perir,1760-1770,1789-1802,94,82,,0.8377,,
xxix,1730-1740,1780-1789,424,797,,0.8376,0.6582,
nevers,1700-1710,1780-1789,168,1039,,0.8375,,
aue,1710-1720,1730-1740,77,91,,0.8375,0.2315,
hor,1710-1720,1740-1750,133,448,,0.8374,0.3143,
confit,1730-1740,1789-1802,212,445,,0.8371,0.0174,
triture,1700-1710,1730-1740,61,83,,0.837,0.2492,
enfuite,1710-1720,1730-1740,63,1103,,0.8369,0.5454,
qu'e,1710-1720,1720-1730,89,99,,0.8368,,
duire,1710-1720,1750-1760,96,365,,0.8367,0.1406,
edi,1740-1750,1750-1760,282,94,,0.8366,0.3786,
l'offre,1720-1730,1780-1789,59,390,,0.8365,,
signa,1780-1789,1789-1802,195,416,,0.8364,0.9398,
sta,1710-1720,1760-1770,138,141,,0.8363,0.1242,
glo,1770-1780,1780-1789,208,239,,0.8362,,
jou,1710-1720,1740-1750,68,175,,0.8361,0.0136,
parois,1710-1720,1770-1780,151,1193,,0.8359,0.9156,
pae,1710-1720,1730-1740,115,62,,0.8357,0.0871,
réponde,1710-1720,1760-1770,69,240,,0.8356,0.7338,
liberte,1700-1710,1789-1802,88,282,,0.8355,0.8976,
toire,1700-1710,1789-1802,114,1238,,0.8354,0.4184,
rec,1730-1740,1760-1770,356,380,,0.8354,0.4941,
potion,1710-1720,1789-1802,115,368,,0.8352,0.3419,
sto,1700-1710,1730-1740,709,164,,0.835,,
set,1760-1770,1780-1789,218,216,,0.835,,
troit,1700-1710,1730-1740,84,96,,0.8349,0.4852,
onne,1740-1750,1750-1760,169,181,,0.8347,0.1784,
l'unité,1750-1760,1789-1802,259,1306,,0.8345,,
rein,1700-1710,1789-1802,141,335,,0.8342,0.5279,
apprentifs,1770-1780,1789-1802,91,54,,0.8341,,
partes,1730-1740,1740-1750,495,1011,,0.8338,0.8239,
négocier,1750-1760,1760-1770,374,254,,0.8336,0.0321,
niere,1720-1730,1760-1770,257,538,,0.8334,,
gers,1710-1720,1740-1750,223,242,,0.8333,0.1072,
abandonnez,1720-1730,1789-1802,101,112,,0.8333,0.9563,
jusqu'en,1710-1720,1730-1740,259,360,,0.8332,,
renaître,1700-1710,1720-1730,50,76,,0.8329,0.1983,
arrière,1720-1730,1740-1750,50,91,,0.8329,0.7253,
supprimer,1700-1710,1789-1802,66,1304,,0.8328,0.6007,
nelle,1700-1710,1780-1789,75,313,,0.8327,0.2411,
vols,1720-1730,1780-1789,178,524,,0.8325,0.829,
cave,1750-1760,1760-1770,233,857,,0.8324,,
d'albe,1760-1770,1789-1802,100,175,,0.8323,,
clairs,1710-1720,1720-1730,148,140,,0.8322,,
hollandais,1730-1740,1740-1750,103,107,,0.8321,0.484,
gale,1730-1740,1770-1780,75,492,,0.8319,0.8773,
perit,1720-1730,1780-1789,135,133,,0.8318,,
blic,1710-1720,1789-1802,105,385,,0.8317,0.1186,
dixieme,1720-1730,1730-1740,74,129,,0.8313,0.8678,
régulier,1710-1720,1789-1802,89,715,,0.8312,0.6251,
cavalier,1740-1750,1750-1760,536,799,,0.8311,,
expresse,1770-1780,1780-1789,534,539,,0.831,,
pratiquer,1750-1760,1789-1802,566,549,,0.8308,0.1289,
d'especes,1720-1730,1760-1770,124,497,,0.8307,,
ustion,1700-1710,1730-1740,95,74,,0.8306,0.806,
dépouillé,1780-1789,1789-1802,820,724,,0.8305,0.0234,
iant,1710-1720,1720-1730,63,76,,0.8304,0.1501,
noce,1780-1789,1789-1802,246,313,,0.8303,0.4041,
luimême,1700-1710,1740-1750,54,126,,0.8298,0.5599,
trompa,1730-1740,1740-1750,109,86,,0.8298,,
correspondance,1700-1710,1789-1802,143,2136,,0.8297,0.932,
l'âme,1710-1720,1750-1760,186,360,,0.8296,,
lisez,1700-1710,1750-1760,119,546,,0.8295,,
satire,1700-1710,1720-1730,95,104,,0.8294,0.5122,
fonte,1730-1740,1740-1750,1369,346,,0.8291,0.9715,
line,1730-1740,1780-1789,92,578,,0.829,0.2478,
forger,1710-1720,1720-1730,54,120,,0.829,0.4472,
tonne,1720-1730,1740-1750,204,123,,0.8287,0.8509,
bran,1710-1720,1740-1750,68,95,,0.8284,0.3911,
discuter,1710-1720,1720-1730,61,52,,0.828,0.4105,
présentation,1710-1720,1720-1730,81,71,,0.828,0.5558,
marins,1780-1789,1789-1802,910,715,,0.8277,0.4763,
pafe,1700-1710,1750-1760,78,145,,0.8276,0.2983,
poitou,1730-1740,1789-1802,1469,439,,0.8276,0.9499,
florin,1730-1740,1760-1770,63,1350,,0.8274,,
ibit,1720-1730,1730-1740,74,81,,0.8273,,
rout,1710-1720,1740-1750,159,857,,0.8271,0.2509,
ité,1720-1730,1740-1750,137,181,,0.827,0.3354,
quadruple,1700-1710,1710-1720,63,128,,0.8269,0.9965,
peri,1710-1720,1789-1802,135,158,,0.8269,0.2924,
xli,1730-1740,1760-1770,205,261,,0.8268,0.5077,
matire,1700-1710,1730-1740,101,86,,0.8267,,
assigner,1720-1730,1789-1802,54,318,,0.8266,,
paser,1700-1710,1770-1780,71,391,,0.8265,0.4756,
concession,1740-1750,1789-1802,346,552,,0.8262,0.3843,
refont,1700-1710,1789-1802,162,90,,0.8262,,
quine,1720-1730,1770-1780,57,157,,0.8261,,
d'ici,1750-1760,1770-1780,477,1013,,0.8257,,
ost,1720-1730,1780-1789,80,380,,0.8256,,
toise,1740-1750,1780-1789,1145,1137,,0.8255,0.9878,
lez,1700-1710,1750-1760,280,273,,0.8254,0.7026,
baltique,1730-1740,1740-1750,69,109,,0.8252,0.912,
remar,1710-1720,1780-1789,324,475,,0.8251,0.5049,
changez,1720-1730,1780-1789,107,242,,0.8249,0.9023,
serviroit,1700-1710,1720-1730,127,114,,0.8248,0.9012,
ees,1730-1740,1760-1770,128,202,,0.8248,0.3163,
fignes,1720-1730,1789-1802,222,530,,0.8246,0.5247,
d'aimer,1720-1730,1780-1789,197,868,,0.8245,,
préjudiciable,1730-1740,1740-1750,214,220,,0.8245,0.4563,
retablir,1710-1720,1740-1750,64,69,,0.8243,,
mangé,1700-1710,1789-1802,224,399,,0.8241,,
l'aide,1700-1710,1789-1802,123,1567,,0.824,,
courtiers,1710-1720,1780-1789,1024,561,,0.8234,0.8926,
produisoit,1700-1710,1720-1730,50,56,,0.8234,0.5853,
apportez,1720-1730,1760-1770,101,62,,0.8232,0.9166,
correction,1710-1720,1789-1802,190,416,,0.8229,,
comprises,1720-1730,1780-1789,147,608,,0.8228,0.7154,
desordres,1760-1770,1789-1802,145,65,,0.8227,,
recolte,1730-1740,1760-1770,115,183,,0.8226,,
commercy,1710-1720,1750-1760,77,155,,0.8224,0.1101,
auili,1720-1730,1730-1740,214,180,,0.8224,0.1379,
gro,1730-1740,1740-1750,100,141,,0.8223,0.2308,
patris,1740-1750,1789-1802,211,409,,0.8221,0.5455,
appellant,1710-1720,1780-1789,264,308,,0.822,0.8997,
soli,1700-1710,1789-1802,104,328,,0.822,0.3255,
recommence,1700-1710,1750-1760,62,165,,0.8219,0.0495,
vellent,1700-1710,1789-1802,72,147,,0.8216,0.7571,
extraordinairement,1740-1750,1789-1802,158,179,,0.8214,0.7139,
attira,1740-1750,1780-1789,213,406,,0.8213,,
d'admiration,1710-1720,1780-1789,105,619,,0.8211,,
ecrire,1760-1770,1780-1789,71,152,,0.821,0.6384,
mile,1700-1710,1730-1740,185,225,,0.821,0.5138,
écritures,1700-1710,1760-1770,119,484,,0.8209,0.5837,
devine,1700-1710,1720-1730,94,125,,0.8208,0.0141,
l'acceptation,1780-1789,1789-1802,131,404,,0.8206,,
ressentir,1710-1720,1740-1750,60,200,,0.8206,0.7374,
posez,1700-1710,1780-1789,226,113,,0.8204,,
dront,1740-1750,1780-1789,183,334,,0.8202,0.1698,
domi,1700-1710,1780-1789,152,275,,0.82,0.8225,
jui,1710-1720,1760-1770,124,295,,0.8199,0.1845,
conduites,1710-1720,1720-1730,144,83,,0.8199,0.7018,
usances,1710-1720,1789-1802,73,496,,0.8198,,
tée,1710-1720,1740-1750,112,286,,0.8197,0.3091,
gile,1720-1730,1760-1770,136,97,,0.8196,,
s'éleva,1720-1730,1730-1740,119,246,,0.8195,,
l'élévation,1720-1730,1740-1750,57,139,,0.8195,,
d'imprimer,1740-1750,1789-1802,132,245,,0.8194,,
l'intérieur,1700-1710,1789-1802,65,4137,,0.8193,,
propo,1710-1720,1789-1802,69,458,,0.8192,0.6716,
parie,1720-1730,1740-1750,102,204,,0.8192,0.3714,
mane,1710-1720,1760-1770,108,77,,0.8191,,
l'ar,1710-1720,1780-1789,264,1682,,0.8189,,
vot,1710-1720,1770-1780,53,196,,0.8187,0.6726,
cultivée,1700-1710,1710-1720,62,66,,0.8186,0.872,
cic,1770-1780,1789-1802,815,450,,0.8185,0.7436,
quc,1730-1740,1750-1760,89,84,,0.8182,,
iens,1710-1720,1730-1740,69,138,,0.8181,0.2466,
scn,1710-1720,1760-1770,62,129,,0.8178,0.1216,
pens,1700-1710,1770-1780,90,211,,0.8177,0.216,
rebut,1710-1720,1730-1740,51,70,,0.8174,0.3607,
tenta,1710-1720,1720-1730,65,83,,0.8172,0.0451,
annuelle,1740-1750,1789-1802,225,1768,,0.8171,0.574,
tale,1710-1720,1780-1789,73,453,,0.8167,0.362,
gallus,1710-1720,1760-1770,57,115,,0.8167,0.2319,
celi,1710-1720,1789-1802,65,227,,0.8165,0.3542,
suffisantes,1700-1710,1730-1740,55,122,,0.8164,0.8565,
parisis,1730-1740,1760-1770,1153,898,,0.8162,,
d'o,1730-1740,1760-1770,336,633,,0.816,,
mordre,1740-1750,1789-1802,92,155,,0.8157,0.4583,
joignant,1720-1730,1789-1802,308,534,,0.8154,0.9462,
éclatantes,1720-1730,1770-1780,66,223,,0.8153,,
s'entend,1720-1730,1750-1760,86,145,,0.8153,,
septime,1770-1780,1789-1802,59,61,,0.8152,,
diamant,1770-1780,1789-1802,604,587,,0.8151,0.6846,
most,1710-1720,1789-1802,146,446,,0.815,,
louange,1700-1710,1760-1770,153,294,,0.8146,0.1829,
daus,1730-1740,1770-1780,50,270,,0.8145,0.2517,
étroites,1730-1740,1740-1750,194,319,,0.8143,0.71,
ala,1710-1720,1720-1730,105,207,,0.8142,0.0686,
cachée,1720-1730,1740-1750,105,255,,0.8139,0.021,
truffe,1710-1720,1789-1802,142,348,,0.8139,0.9249,
beaumont,1710-1720,1760-1770,55,660,,0.8134,0.6003,
prononciation,1700-1710,1720-1730,146,64,,0.8132,,
précipiter,1700-1710,1770-1780,70,785,,0.8132,0.6424,
xxx,1730-1740,1760-1770,659,598,,0.8131,0.1094,
saine,1700-1710,1789-1802,54,654,,0.813,0.9895,
l'emploi,1700-1710,1789-1802,126,2255,,0.8129,,
interêt,1760-1770,1780-1789,200,162,,0.8129,,
d'avance,1700-1710,1780-1789,110,2109,,0.8126,,
holland,1740-1750,1760-1770,947,171,,0.8125,,
disse,1730-1740,1789-1802,113,71,,0.8123,,
aun,1730-1740,1760-1770,70,555,,0.8119,0.4888,
condom,1730-1740,1789-1802,127,630,,0.8117,0.4328,
d'heure,1740-1750,1789-1802,367,864,,0.8116,,
cara,1710-1720,1780-1789,117,1017,,0.8115,0.5397,
violette,1710-1720,1720-1730,150,116,,0.8114,0.1361,
ome,1730-1740,1740-1750,119,135,,0.8112,0.1401,
détourné,1700-1710,1720-1730,70,68,,0.8109,0.0959,
utique,1700-1710,1789-1802,105,176,,0.8107,0.4684,
czar,1710-1720,1760-1770,455,263,,0.8106,0.9708,
augmentée,1720-1730,1750-1760,212,367,,0.8104,0.193,
guy,1700-1710,1750-1760,126,174,,0.8104,,
l'éloignement,1700-1710,1740-1750,88,342,,0.8103,,
loyers,1760-1770,1789-1802,452,571,,0.8101,0.6222,
l'équipage,1710-1720,1730-1740,80,159,,0.81,,
vio,1710-1720,1780-1789,109,647,,0.81,0.2225,
baptême,1730-1740,1740-1750,189,224,,0.8099,,
caille,1740-1750,1789-1802,72,469,,0.8098,0.7307,
capitation,1700-1710,1789-1802,77,1216,,0.8097,0.566,
comedie,1710-1720,1780-1789,506,142,,0.8095,,
s'e,1710-1720,1789-1802,108,420,,0.8093,,
bornée,1730-1740,1760-1770,208,636,,0.8093,0.4651,
qu'alors,1710-1720,1740-1750,257,350,,0.8091,,
off,1700-1710,1710-1720,485,135,,0.8089,,
leve,1730-1740,1780-1789,535,1165,,0.8088,,
médiocrement,1700-1710,1730-1740,128,74,,0.8087,,
dépen,1720-1730,1770-1780,84,337,,0.8086,0.2234,
muette,1700-1710,1710-1720,56,68,,0.8086,0.5042,
ters,1700-1710,1710-1720,140,84,,0.8083,0.378,
entiére,1720-1730,1789-1802,238,54,,0.8083,0.8646,
att,1710-1720,1760-1770,70,127,,0.8081,,
souf,1720-1730,1730-1740,81,149,,0.808,0.0142,
préferer,1740-1750,1789-1802,176,89,,0.8079,,
attraper,1710-1720,1760-1770,121,117,,0.8078,,
purifier,1720-1730,1760-1770,84,291,,0.8076,0.1995,
plaignit,1700-1710,1720-1730,80,102,,0.8073,0.7875,
résulte,1710-1720,1760-1770,105,3002,,0.8072,0.5915,
d'honneur,1720-1730,1730-1740,931,1332,,0.8071,,
synode,1710-1720,1789-1802,134,133,,0.807,,
rame,1720-1730,1780-1789,200,516,,0.8069,0.5788,
lettrés,1710-1720,1770-1780,180,621,,0.8067,0.9575,
cllc,1750-1760,1760-1770,54,97,,0.8066,0.0157,
confidence,1770-1780,1780-1789,142,127,,0.8065,,
taut,1730-1740,1760-1770,69,167,,0.8065,,
profane,1720-1730,1789-1802,286,361,,0.8064,0.9777,
xlix,1710-1720,1740-1750,57,131,,0.8063,0.2022,
poussions,1710-1720,1730-1740,68,122,,0.8062,0.0333,
passeroit,1710-1720,1750-1760,60,136,,0.806,0.7233,
s'attacha,1710-1720,1720-1730,51,78,,0.8059,,
cambray,1700-1710,1760-1770,187,119,,0.8058,,
compofé,1710-1720,1720-1730,60,89,,0.8058,0.5326,
poin,1700-1710,1740-1750,116,320,,0.8057,0.4795,
solliciter,1730-1740,1780-1789,86,600,,0.8055,0.371,
dirois,1760-1770,1789-1802,327,379,,0.8055,0.3452,
qfm,1710-1720,1789-1802,78,1681,,0.8054,,
d'entrée,1710-1720,1730-1740,266,2173,,0.8053,,
boiteux,1700-1710,1720-1730,181,97,,0.8051,,
dominique,1760-1770,1770-1780,318,729,,0.8051,0.2566,
compta,1700-1710,1789-1802,57,202,,0.805,0.6897,
bénédiction,1720-1730,1760-1770,73,159,,0.8049,,
isa,1710-1720,1740-1750,61,99,,0.8048,0.0975,
etrangeres,1730-1740,1789-1802,591,91,,0.8047,,
semblablement,1740-1750,1770-1780,230,136,,0.8045,,
valence,1780-1789,1789-1802,1954,524,,0.8043,,
varron,1700-1710,1760-1770,215,221,,0.8041,,
grenade,1710-1720,1750-1760,109,295,,0.804,0.4194,
mittere,1750-1760,1789-1802,87,79,,0.8038,0.2639,
defense,1710-1720,1789-1802,125,207,,0.8034,0.9124,
gres,1700-1710,1770-1780,78,241,,0.8032,0.3279,
mre,1770-1780,1789-1802,251,221,,0.803,0.3941,
vera,1710-1720,1740-1750,194,457,,0.8029,0.1503,
nettes,1700-1710,1789-1802,57,136,,0.8028,0.768,
aurre,1710-1720,1720-1730,63,108,,0.8024,0.4964,
outré,1770-1780,1789-1802,476,292,,0.8023,,
commit,1700-1710,1720-1730,120,150,,0.8021,0.537,
siéme,1700-1710,1770-1780,88,81,,0.802,,
arbitres,1730-1740,1750-1760,139,174,,0.8018,0.2484,
maitresse,1700-1710,1760-1770,77,325,,0.8017,0.1208,
décidé,1700-1710,1780-1789,77,2120,,0.8016,0.6762,
promettent,1700-1710,1789-1802,75,298,,0.8016,0.5395,
ouvrant,1710-1720,1730-1740,75,135,,0.8014,0.5132,
fermez,1720-1730,1770-1780,104,124,,0.8013,0.9185,
trompette,1700-1710,1750-1760,129,220,,0.801,,
scul,1700-1710,1710-1720,87,85,,0.8009,0.2087,
demandeurs,1710-1720,1789-1802,775,119,,0.8008,,
boutique,1700-1710,1720-1730,488,184,,0.8006,,
qae,1740-1750,1760-1770,211,148,,0.8005,0.3637,
aque,1720-1730,1780-1789,71,120,,0.8005,0.5825,
évenemens,1740-1750,1750-1760,346,183,,0.8004,,
gnes,1720-1730,1780-1789,112,415,,0.8003,0.3483,
abon,1770-1780,1780-1789,337,381,,0.8002,0.0204,
priez,1710-1720,1740-1750,154,86,,0.8,,
curieuses,1740-1750,1780-1789,193,309,,0.7999,,
ern,1730-1740,1760-1770,64,188,,0.7998,0.1168,
aure,1720-1730,1730-1740,80,82,,0.7995,0.629,
refuge,1700-1710,1710-1720,53,97,,0.7992,0.4023,
saci,1720-1730,1740-1750,68,90,,0.7991,0.4304,
jointes,1740-1750,1789-1802,482,526,,0.7991,,
spectateur,1710-1720,1720-1730,93,174,,0.7988,0.7551,
mesuré,1700-1710,1770-1780,63,229,,0.7988,0.803,
procede,1730-1740,1770-1780,101,339,,0.7987,,
procedent,1740-1750,1760-1770,129,73,,0.7986,,
l'employer,1710-1720,1720-1730,113,72,,0.7984,,
servius,1700-1710,1789-1802,150,103,,0.7984,,
inspiré,1710-1720,1740-1750,84,176,,0.7981,0.2557,
ingrate,1760-1770,1789-1802,242,330,,0.7978,0.4849,
puiffance,1700-1710,1789-1802,61,156,,0.7976,0.808,
pls,1700-1710,1730-1740,183,74,,0.7975,0.3057,
secrettement,1700-1710,1789-1802,53,98,,0.7974,0.462,
portique,1710-1720,1740-1750,58,110,,0.7972,0.3562,
dissolution,1700-1710,1730-1740,50,324,,0.7971,0.8034,
cile,1710-1720,1760-1770,133,359,,0.797,0.1968,
connoissancen,1700-1710,1710-1720,80,115,,0.797,0.7129,
opposans,1720-1730,1789-1802,66,131,,0.7969,,
noblement,1700-1710,1789-1802,63,233,,0.7968,0.8223,
louvois,1780-1789,1789-1802,139,194,,0.7967,,
favorite,1740-1750,1760-1770,384,460,,0.7967,0.8245,
vénérable,1720-1730,1750-1760,80,359,,0.7965,0.8925,
pretend,1740-1750,1789-1802,128,80,,0.7964,,
jamais,1710-1720,1740-1750,12428,21405,,0.7961,,
archives,1710-1720,1740-1750,133,348,,0.796,0.7409,
sie,1720-1730,1789-1802,94,420,,0.796,0.2084,
quent,1730-1740,1789-1802,217,377,,0.7959,0.6529,
chartres,1770-1780,1780-1789,871,1524,,0.7958,0.411,
ceque,1750-1760,1789-1802,109,154,,0.7957,,
utre,1710-1720,1730-1740,92,63,,0.7956,0.4982,
fournira,1710-1720,1730-1740,64,118,,0.7955,0.3282,
donations,1710-1720,1750-1760,125,172,,0.7954,,
polr,1730-1740,1789-1802,55,331,,0.7953,,
rable,1700-1710,1760-1770,127,779,,0.7952,0.4104,
mouches,1710-1720,1760-1770,360,671,,0.795,,
palme,1700-1710,1780-1789,114,401,,0.7949,0.7595,
vanneau,1720-1730,1750-1760,57,70,,0.7947,,
discernement,1760-1770,1770-1780,391,508,,0.7945,0.0544,
sea,1710-1720,1770-1780,66,293,,0.7944,,
conçut,1780-1789,1789-1802,388,282,,0.7943,0.5786,
baisser,1720-1730,1789-1802,86,511,,0.7942,0.893,
fiege,1700-1710,1720-1730,136,304,,0.7942,0.956,
cultive,1710-1720,1720-1730,178,101,,0.7941,0.871,
sce,1700-1710,1710-1720,130,352,,0.794,0.349,
monnoyé,1720-1730,1789-1802,65,264,,0.7938,,
d'occasions,1750-1760,1780-1789,135,201,,0.7937,,
gre,1740-1750,1770-1780,209,463,,0.7936,0.2658,
exposition,1700-1710,1720-1730,168,164,,0.7935,,
comn,1700-1710,1789-1802,154,654,,0.7935,0.102,
évidente,1710-1720,1760-1770,118,627,,0.7933,0.3359,
neu,1700-1710,1789-1802,70,302,,0.7931,0.3186,
afiez,1700-1710,1710-1720,70,66,,0.7929,0.3264,
tice,1700-1710,1740-1750,107,155,,0.7925,0.6397,
âgée,1760-1770,1789-1802,304,554,,0.7924,0.8184,
veni,1710-1720,1730-1740,81,181,,0.7924,,
resente,1730-1740,1789-1802,256,116,,0.7923,,
potier,1730-1740,1789-1802,55,189,,0.7922,,
consommé,1700-1710,1730-1740,90,89,,0.7918,0.3846,
bible,1700-1710,1730-1740,82,154,,0.7917,0.5396,
chaste,1700-1710,1789-1802,87,221,,0.7917,0.8821,
l'entretien,1700-1710,1720-1730,240,423,,0.7915,,
quafi,1700-1710,1780-1789,148,636,,0.7914,0.9202,
ceil,1700-1710,1750-1760,69,117,,0.7914,0.4564,
pote,1710-1720,1789-1802,53,149,,0.7911,0.7371,
préféré,1700-1710,1780-1789,95,1026,,0.791,0.692,
gion,1730-1740,1780-1789,304,576,,0.7908,0.4697,
decrets,1710-1720,1789-1802,183,125,,0.7907,,
baume,1710-1720,1780-1789,99,430,,0.7907,,
guer,1730-1740,1789-1802,640,492,,0.7906,0.6601,
dee,1730-1740,1789-1802,103,369,,0.7903,0.1473,
défenfe,1700-1710,1720-1730,72,302,,0.7902,0.7707,
ices,1720-1730,1789-1802,84,622,,0.7902,0.2031,
formule,1750-1760,1760-1770,261,444,,0.79,,
tribune,1710-1720,1789-1802,94,1393,,0.7897,0.7821,
joyeux,1720-1730,1730-1740,136,100,,0.7896,0.3469,
fale,1700-1710,1750-1760,73,145,,0.7896,0.3082,
xlv,1710-1720,1770-1780,78,310,,0.7895,0.365,
foli,1720-1730,1789-1802,96,88,,0.7894,0.7963,
d'étre,1700-1710,1750-1760,73,116,,0.7893,,
dépendant,1700-1710,1720-1730,60,153,,0.7893,0.745,
s'élever,1720-1730,1730-1740,195,430,,0.7892,,
focieté,1730-1740,1789-1802,154,73,,0.7891,,
subalternes,1730-1740,1760-1770,267,498,,0.7889,0.7237,
amateurs,1720-1730,1730-1740,93,86,,0.7889,0.0984,
cro,1700-1710,1740-1750,650,251,,0.7888,,
dia,1740-1750,1750-1760,415,283,,0.7887,0.0111,
admiré,1720-1730,1750-1760,109,159,,0.7886,0.1142,
considerable,1730-1740,1740-1750,891,596,,0.7885,,
incertaine,1700-1710,1710-1720,106,92,,0.7883,0.4522,
patron,1710-1720,1740-1750,446,413,,0.7882,,
necessité,1740-1750,1780-1789,94,128,,0.7882,,
riers,1720-1730,1789-1802,59,229,,0.7881,0.2381,
dialogues,1700-1710,1730-1740,164,164,,0.788,,
quentin,1700-1710,1780-1789,67,511,,0.7879,0.4294,
l'oeuvre,1710-1720,1750-1760,70,336,,0.7878,,
persuade,1720-1730,1750-1760,182,423,,0.7876,0.7583,
arpens,1720-1730,1750-1760,279,718,,0.7872,0.6664,
démêler,1720-1730,1760-1770,179,483,,0.7871,0.8797,
diffe,1730-1740,1789-1802,81,51,,0.787,,
way,1740-1750,1770-1780,75,342,,0.7869,,
couronnée,1720-1730,1789-1802,77,211,,0.7868,0.6358,
formoit,1720-1730,1730-1740,155,315,,0.7868,0.6617,
decider,1720-1730,1780-1789,86,60,,0.7867,,
posée,1710-1720,1780-1789,266,424,,0.7865,0.8816,
entretiens,1740-1750,1780-1789,354,665,,0.7862,,
ates,1700-1710,1710-1720,68,86,,0.786,0.5243,
cirque,1710-1720,1750-1760,70,87,,0.7858,0.4206,
fible,1710-1720,1789-1802,60,334,,0.7857,0.7563,
finon,1710-1720,1789-1802,214,269,,0.7857,0.1937,
opiniâtreté,1700-1710,1740-1750,55,82,,0.7856,0.8672,
fidelles,1740-1750,1760-1770,91,78,,0.7854,,
quai,1700-1710,1720-1730,141,207,,0.7854,0.9515,
str,1760-1770,1770-1780,190,144,,0.7853,,
tun,1710-1720,1730-1740,123,166,,0.7852,0.4125,
gardée,1700-1710,1760-1770,91,308,,0.7851,0.4555,
correspondans,1710-1720,1760-1770,54,265,,0.7849,,
rus,1710-1720,1789-1802,177,348,,0.7846,0.1665,
remporter,1720-1730,1789-1802,114,195,,0.7844,0.4602,
verges,1700-1710,1789-1802,469,295,,0.7841,,
profondément,1700-1710,1770-1780,55,926,,0.7839,0.4911,
l'execution,1760-1770,1789-1802,87,104,,0.7838,,
faic,1700-1710,1730-1740,119,108,,0.7837,0.4406,
pace,1730-1740,1780-1789,578,358,,0.7836,0.9602,
cont,1720-1730,1789-1802,131,566,,0.7836,0.2435,
recu,1700-1710,1740-1750,124,702,,0.7835,0.7445,
cesar,1710-1720,1789-1802,439,77,,0.7834,,
pol,1740-1750,1770-1780,303,615,,0.7833,0.2587,
achille,1710-1720,1720-1730,1405,76,,0.7832,0.13,
decret,1700-1710,1789-1802,714,364,,0.7829,,
préference,1720-1730,1780-1789,98,79,,0.7827,,
lea,1710-1720,1780-1789,71,803,,0.7826,0.0645,
augmenta,1700-1710,1710-1720,130,180,,0.7826,0.5602,
l'apprendre,1710-1720,1740-1750,58,130,,0.7824,,
coni,1770-1780,1789-1802,565,818,,0.7821,0.1718,
convoi,1710-1720,1750-1760,157,223,,0.782,0.0264,
laif,1700-1710,1740-1750,82,267,,0.7819,0.131,
abominable,1700-1710,1730-1740,72,104,,0.7815,0.7281,
dicta,1720-1730,1789-1802,239,130,,0.7814,0.9909,
mystere,1720-1730,1789-1802,88,157,,0.7811,,
sole,1700-1710,1760-1770,83,199,,0.781,0.6268,
agissent,1700-1710,1750-1760,85,327,,0.7808,0.619,
bic,1730-1740,1770-1780,91,175,,0.7808,,
opere,1720-1730,1760-1770,148,302,,0.7805,,
chaine,1710-1720,1789-1802,88,560,,0.7805,0.3125,
succomber,1720-1730,1730-1740,87,148,,0.7804,0.8181,
gues,1720-1730,1780-1789,128,434,,0.7802,0.201,
méchante,1700-1710,1750-1760,165,227,,0.7801,,
défie,1720-1730,1740-1750,91,145,,0.7801,0.8264,
clément,1770-1780,1780-1789,1249,666,,0.78,0.0114,
reception,1710-1720,1789-1802,401,76,,0.7799,,
elc,1710-1720,1750-1760,78,69,,0.7798,0.4397,
ordinal,1700-1710,1789-1802,52,130,,0.7797,0.4851,
l'n,1710-1720,1750-1760,50,58,,0.7793,,
envoyez,1710-1720,1789-1802,260,206,,0.7791,,
fours,1700-1710,1760-1770,56,715,,0.779,0.9867,
domino,1730-1740,1780-1789,1520,304,,0.779,0.9734,
oint,1730-1740,1740-1750,160,178,,0.7789,,
suppliant,1700-1710,1770-1780,97,325,,0.7787,0.8026,
distin,1710-1720,1789-1802,74,355,,0.7786,0.4594,
qu'entre,1710-1720,1730-1740,218,371,,0.7785,,
personnellement,1710-1720,1750-1760,104,205,,0.7783,0.5821,
additions,1750-1760,1760-1770,204,392,,0.7782,0.2341,
tera,1720-1730,1780-1789,74,345,,0.778,0.3564,
croi,1720-1730,1760-1770,725,361,,0.7777,,
estimation,1750-1760,1789-1802,182,887,,0.7776,0.2655,
raport,1780-1789,1789-1802,180,93,,0.7774,,
gouvernent,1770-1780,1789-1802,763,764,,0.7773,0.5843,
satis,1700-1710,1789-1802,99,288,,0.7771,0.881,
l'orateur,1730-1740,1789-1802,589,1034,,0.777,,
l'entendement,1710-1720,1760-1770,94,467,,0.7767,,
ence,1730-1740,1789-1802,119,452,,0.7763,0.1953,
perpétuel,1700-1710,1789-1802,57,760,,0.7762,0.2965,
d'intelligence,1700-1710,1770-1780,91,652,,0.7761,,
ccc,1720-1730,1789-1802,354,290,,0.7759,0.4416,
patriarche,1700-1710,1710-1720,969,95,,0.7759,,
dauphine,1710-1720,1730-1740,358,92,,0.7758,0.997,
importune,1750-1760,1789-1802,150,262,,0.7757,0.4587,
appaiser,1730-1740,1789-1802,87,207,,0.7753,0.8807,
mul,1710-1720,1780-1789,105,618,,0.775,0.4195,
tai,1700-1710,1740-1750,308,322,,0.7749,0.6939,
l'exemple,1710-1720,1760-1770,691,2422,,0.7747,,
libertinage,1700-1710,1730-1740,67,115,,0.7745,0.3787,
l'échange,1720-1730,1760-1770,85,468,,0.7742,,
troye,1710-1720,1740-1750,933,171,,0.7741,,
mne,1710-1720,1780-1789,119,522,,0.7741,0.2456,
anis,1710-1720,1740-1750,51,85,,0.7738,0.9252,
presenter,1770-1780,1789-1802,124,103,,0.7737,,
detail,1700-1710,1740-1750,73,109,,0.7735,0.428,
d'officiers,1710-1720,1750-1760,211,215,,0.7734,,
droites,1750-1760,1789-1802,241,250,,0.7732,0.7177,
blois,1710-1720,1740-1750,213,538,,0.7731,0.6537,
reau,1730-1740,1740-1750,106,111,,0.7724,0.1414,
niers,1710-1720,1780-1789,260,667,,0.7724,0.4942,
l'animal,1710-1720,1730-1740,151,204,,0.7723,,
remedes,1710-1720,1760-1770,456,854,,0.7722,,
affligée,1710-1720,1720-1730,93,66,,0.772,,
dere,1700-1710,1760-1770,79,91,,0.7717,0.3718,
interrompre,1700-1710,1789-1802,90,286,,0.7713,0.6736,
miserable,1740-1750,1789-1802,160,103,,0.771,,
autoriser,1720-1730,1760-1770,71,400,,0.7709,0.3241,
ronne,1730-1740,1789-1802,148,326,,0.7706,0.3211,
anc,1710-1720,1730-1740,91,132,,0.7706,0.1474,
sanglant,1720-1730,1789-1802,73,439,,0.7705,0.5816,
accommodement,1750-1760,1770-1780,161,183,,0.7704,,
bayes,1700-1710,1780-1789,76,94,,0.7701,0.7589,
bil,1740-1750,1770-1780,174,549,,0.7699,0.4724,
préparée,1720-1730,1789-1802,102,512,,0.7699,,
fade,1730-1740,1750-1760,128,210,,0.7698,,
proposée,1720-1730,1789-1802,122,836,,0.7696,,
virement,1700-1710,1750-1760,94,221,,0.7695,0.0453,
pese,1720-1730,1789-1802,250,194,,0.7695,,
septentrionale,1740-1750,1780-1789,570,1141,,0.7688,,
lair,1710-1720,1760-1770,73,274,,0.7684,0.1534,
leger,1710-1720,1789-1802,260,164,,0.7683,,
election,1700-1710,1710-1720,423,59,,0.7681,,
uri,1720-1730,1780-1789,96,406,,0.7681,0.2335,
filer,1710-1720,1789-1802,100,319,,0.768,0.1178,
d'irlande,1710-1720,1730-1740,112,322,,0.7679,,
loué,1700-1710,1720-1730,100,162,,0.7678,0.039,
formalité,1710-1720,1730-1740,102,139,,0.7678,0.1384,
montauban,1740-1750,1750-1760,58,685,,0.7676,0.7179,
venans,1720-1730,1789-1802,139,51,,0.7675,,
soutiens,1700-1710,1789-1802,90,742,,0.7673,0.9317,
real,1700-1710,1710-1720,178,66,,0.7669,,
confondu,1720-1730,1740-1750,144,218,,0.7668,0.0091,
s'i,1710-1720,1720-1730,110,111,,0.7667,,
vicaire,1730-1740,1750-1760,252,452,,0.7664,,
suisse,1730-1740,1770-1780,285,513,,0.7664,0.9663,
quarte,1730-1740,1780-1789,117,401,,0.7662,0.92,
incontestable,1730-1740,1789-1802,162,783,,0.766,0.4373,
fermentation,1770-1780,1789-1802,1763,849,,0.7659,0.7024,
echevins,1710-1720,1720-1730,1698,683,,0.7658,,
l'enfant,1750-1760,1780-1789,871,1897,,0.7657,,
dili,1710-1720,1780-1789,60,271,,0.7656,0.2957,
louage,1720-1730,1730-1740,80,94,,0.7655,0.3527,
maî,1720-1730,1789-1802,103,266,,0.7654,0.6836,
l'e,1740-1750,1789-1802,1593,1894,,0.7652,,
rio,1710-1720,1740-1750,105,1192,,0.765,0.6845,
furies,1700-1710,1760-1770,82,389,,0.7648,0.2349,
seville,1730-1740,1780-1789,148,133,,0.7647,,
expliquées,1710-1720,1720-1730,109,70,,0.7646,,
pagine,1750-1760,1789-1802,144,135,,0.7646,0.0131,
uand,1740-1750,1770-1780,96,190,,0.7643,,
frappant,1720-1730,1789-1802,64,901,,0.7643,0.8693,
l'événement,1700-1710,1760-1770,62,379,,0.7642,,
mortelles,1760-1770,1780-1789,243,394,,0.7641,,
jouissent,1710-1720,1760-1770,136,901,,0.7639,0.8784,
doc,1700-1710,1730-1740,147,147,,0.7639,0.6985,
laiss,1700-1710,1740-1750,52,145,,0.7637,0.6002,
brusquement,1710-1720,1760-1770,188,364,,0.7636,,
fame,1770-1780,1789-1802,598,562,,0.7636,,
dort,1720-1730,1730-1740,116,186,,0.7634,0.1371,
som,1740-1750,1760-1770,361,217,,0.7633,0.8141,
expédier,1710-1720,1789-1802,155,296,,0.7632,,
d'action,1710-1720,1720-1730,86,63,,0.7629,,
alte,1710-1720,1780-1789,77,220,,0.7628,0.3753,
vivroit,1710-1720,1730-1740,60,67,,0.7627,0.8639,
corrompus,1700-1710,1710-1720,80,106,,0.7626,0.3013,
colleges,1750-1760,1770-1780,79,235,,0.7625,,
tont,1700-1710,1730-1740,185,110,,0.7624,,
ifs,1720-1730,1780-1789,149,437,,0.7623,0.3597,
seigneuries,1740-1750,1750-1760,1240,153,,0.7622,,
vendeurs,1710-1720,1730-1740,2397,140,,0.7621,0.9183,
raillerie,1730-1740,1740-1750,303,243,,0.7621,,
troublée,1710-1720,1780-1789,61,435,,0.7619,0.6295,
l'iniquité,1710-1720,1740-1750,52,70,,0.7618,,
tranquilité,1710-1720,1780-1789,121,151,,0.7618,,
lavoir,1700-1710,1760-1770,147,408,,0.7616,,
strasbourg,1720-1730,1740-1750,312,219,,0.7614,0.6211,
valables,1740-1750,1770-1780,93,195,,0.7614,,
prêcher,1710-1720,1730-1740,161,148,,0.7613,0.4323,
défait,1710-1720,1730-1740,155,772,,0.7611,0.4533,
nai,1710-1720,1789-1802,83,473,,0.7609,0.1168,
relte,1730-1740,1750-1760,255,428,,0.7608,0.3064,
l'hôpital,1710-1720,1789-1802,290,1035,,0.7607,,
précédentes,1700-1710,1740-1750,173,771,,0.7607,0.7284,
maudit,1730-1740,1740-1750,157,165,,0.7603,,
ava,1700-1710,1789-1802,69,303,,0.7602,0.157,
cat,1760-1770,1770-1780,422,1065,,0.7601,0.0028,
familiarité,1710-1720,1760-1770,126,212,,0.76,,
jettez,1720-1730,1770-1780,146,493,,0.7599,,
martial,1770-1780,1789-1802,709,173,,0.7598,0.8046,
achats,1710-1720,1740-1750,401,113,,0.7597,0.5672,
oli,1710-1720,1750-1760,115,159,,0.7593,0.379,
rient,1710-1720,1730-1740,80,98,,0.7592,0.2514,
capa,1700-1710,1750-1760,52,177,,0.759,0.2761,
emi,1750-1760,1789-1802,120,197,,0.7588,0.1189,
perle,1700-1710,1750-1760,108,148,,0.7587,0.6666,
enflé,1720-1730,1760-1770,53,114,,0.7586,0.4835,
secretement,1720-1730,1750-1760,69,85,,0.7586,,
borné,1700-1710,1720-1730,76,159,,0.7585,0.5885,
déposer,1700-1710,1789-1802,73,1159,,0.7583,0.2119,
guinée,1740-1750,1760-1770,1138,826,,0.7583,,
sales,1710-1720,1780-1789,103,175,,0.7581,0.7788,
inte,1740-1750,1770-1780,134,187,,0.7579,0.2745,
pans,1700-1710,1770-1780,80,495,,0.7579,0.8415,
précedent,1720-1730,1780-1789,232,157,,0.7578,,
l'academie,1710-1720,1770-1780,132,140,,0.7574,,
maniéré,1710-1720,1720-1730,98,569,,0.7572,,
d'e,1700-1710,1770-1780,505,1089,,0.7571,,
spirituels,1750-1760,1780-1789,130,128,,0.7569,,
perdoit,1710-1720,1760-1770,79,329,,0.7569,0.6885,
gaillard,1710-1720,1750-1760,79,234,,0.7567,,
présage,1720-1730,1780-1789,98,636,,0.7565,0.5457,
courfe,1700-1710,1770-1780,109,776,,0.7564,0.6703,
roles,1700-1710,1750-1760,81,173,,0.7562,,
trême,1710-1720,1789-1802,213,923,,0.7562,0.6668,
supplians,1710-1720,1789-1802,752,74,,0.7561,,
trajet,1700-1710,1740-1750,74,218,,0.756,0.7295,
finira,1700-1710,1789-1802,50,371,,0.7559,0.7358,
refuter,1710-1720,1720-1730,160,204,,0.7558,0.4326,
l'emporta,1740-1750,1780-1789,159,307,,0.7558,,
relie,1720-1730,1750-1760,354,493,,0.7557,0.0004,
aions,1710-1720,1740-1750,68,212,,0.7553,,
partages,1720-1730,1750-1760,89,127,,0.7552,,
susceptible,1750-1760,1760-1770,734,1408,,0.755,0.1106,
vien,1710-1720,1770-1780,215,358,,0.7548,0.395,
riens,1700-1710,1710-1720,103,97,,0.7547,0.5859,
fées,1730-1740,1780-1789,348,587,,0.7545,0.4178,
d'oi,1700-1710,1780-1789,62,287,,0.7544,,
imo,1730-1740,1780-1789,227,181,,0.7544,0.8883,
fourberie,1700-1710,1730-1740,79,128,,0.7542,0.9945,
bagage,1710-1720,1789-1802,63,311,,0.754,0.2971,
d'entretenir,1730-1740,1780-1789,309,702,,0.7538,,
vitaux,1740-1750,1789-1802,151,442,,0.7536,0.4806,
bres,1700-1710,1789-1802,173,913,,0.7531,0.1477,
carriere,1700-1710,1789-1802,88,498,,0.753,0.816,
pardessus,1710-1720,1789-1802,113,105,,0.7528,0.6452,
rangées,1730-1740,1770-1780,195,807,,0.7526,0.856,
roulent,1700-1710,1710-1720,55,72,,0.7524,0.619,
précieuse,1750-1760,1770-1780,504,1208,,0.7523,0.3169,
fure,1710-1720,1720-1730,91,98,,0.7522,0.1214,
dam,1700-1710,1770-1780,363,654,,0.7521,0.063,
tins,1730-1740,1760-1770,258,253,,0.752,0.1465,
fas,1700-1710,1780-1789,120,586,,0.7519,0.3035,
mel,1710-1720,1730-1740,100,65,,0.7518,0.1971,
refsemblance,1700-1710,1789-1802,56,113,,0.7516,0.9147,
s'enfuit,1700-1710,1789-1802,380,629,,0.7516,,
sieges,1740-1750,1789-1802,50,65,,0.7515,0.8951,
bli,1730-1740,1770-1780,105,232,,0.7513,0.0249,
commencera,1730-1740,1740-1750,76,89,,0.7512,,
quise,1720-1730,1789-1802,88,184,,0.751,0.2934,
nié,1720-1730,1740-1750,56,92,,0.751,0.2191,
filant,1710-1720,1740-1750,140,107,,0.7509,0.8143,
avant,1700-1710,1710-1720,6656,8198,,0.7505,,
indirectement,1740-1750,1789-1802,139,366,,0.7501,,
anonyme,1710-1720,1740-1750,66,387,,0.75,0.6907,
maligne,1780-1789,1789-1802,305,198,,0.7499,0.4659,
lieurs,1710-1720,1730-1740,169,71,,0.7498,0.8623,
asi,1710-1720,1770-1780,166,151,,0.7497,0.0879,
pirates,1710-1720,1780-1789,130,519,,0.7495,0.368,
maires,1710-1720,1770-1780,212,256,,0.7494,0.8679,
cachez,1720-1730,1760-1770,147,146,,0.7493,,
répon,1700-1710,1770-1780,86,421,,0.7491,0.6421,
tète,1710-1720,1750-1760,53,144,,0.749,0.6094,
fecourir,1710-1720,1789-1802,134,284,,0.7488,0.7361,
labour,1700-1710,1710-1720,265,180,,0.7486,,
tré,1700-1710,1789-1802,95,622,,0.7485,0.215,
rom,1700-1710,1780-1789,433,658,,0.7483,,
trinité,1720-1730,1740-1750,314,231,,0.7482,,
d'esclaves,1710-1720,1760-1770,172,199,,0.7481,,
impériale,1720-1730,1789-1802,160,830,,0.7479,0.2993,
l'esclave,1700-1710,1789-1802,234,775,,0.7478,,
allumer,1730-1740,1750-1760,140,148,,0.7477,0.5422,
étrangement,1720-1730,1740-1750,74,69,,0.7476,,
licu,1730-1740,1740-1750,80,165,,0.7475,,
cotes,1720-1730,1780-1789,154,398,,0.7474,0.6818,
lande,1710-1720,1780-1789,89,898,,0.7473,0.6679,
ecf,1700-1710,1710-1720,81,56,,0.7471,0.4544,
spirituelle,1710-1720,1760-1770,140,436,,0.7467,,
captifs,1700-1710,1720-1730,68,200,,0.7467,0.6223,
jésuite,1710-1720,1750-1760,143,697,,0.7463,0.6179,
ast,1720-1730,1730-1740,161,94,,0.7462,0.2502,
différemment,1710-1720,1780-1789,79,587,,0.746,0.3827,
plaute,1710-1720,1760-1770,1124,153,,0.7459,0.4044,
qur,1720-1730,1740-1750,72,79,,0.7458,0.4256,
défendant,1700-1710,1720-1730,56,94,,0.7456,0.737,
tailler,1740-1750,1770-1780,349,804,,0.7454,,
cclle,1710-1720,1789-1802,59,394,,0.7452,0.6468,
releve,1710-1720,1760-1770,134,482,,0.7448,,
informations,1720-1730,1740-1750,133,651,,0.7444,0.2759,
meaux,1700-1710,1780-1789,176,349,,0.7442,,
ofi,1720-1730,1760-1770,219,102,,0.744,0.4156,
xxvi,1730-1740,1740-1750,454,273,,0.7439,0.482,
consideration,1710-1720,1789-1802,434,458,,0.7438,,
ployer,1710-1720,1760-1770,83,310,,0.7437,0.6121,
voya,1720-1730,1789-1802,75,351,,0.7433,0.0831,
dunkerque,1700-1710,1740-1750,88,368,,0.7432,0.6957,
marchande,1700-1710,1789-1802,52,590,,0.7431,0.7492,
devins,1720-1730,1789-1802,160,244,,0.7429,0.979,
détestable,1710-1720,1740-1750,95,170,,0.7428,0.3079,
galles,1730-1740,1789-1802,132,454,,0.7426,,
isabelle,1730-1740,1780-1789,321,634,,0.7424,,
declare,1730-1740,1760-1770,506,101,,0.7421,,
civilement,1710-1720,1770-1780,128,85,,0.742,0.9107,
moquer,1720-1730,1730-1740,133,144,,0.7419,,
remets,1710-1720,1760-1770,108,167,,0.7418,0.8855,
l'os,1720-1730,1760-1770,51,556,,0.7417,,
renverse,1740-1750,1750-1760,245,332,,0.7416,0.0308,
patient,1700-1710,1730-1740,111,130,,0.7415,0.2564,
éoit,1700-1710,1720-1730,57,157,,0.7414,0.8473,
attachez,1710-1720,1750-1760,334,136,,0.7412,,
couronné,1720-1730,1760-1770,245,328,,0.7411,0.1804,
occidentales,1710-1720,1740-1750,117,386,,0.7403,0.9397,
maîtreffe,1710-1720,1720-1730,81,77,,0.7403,0.0613,
mamellé,1700-1710,1789-1802,68,57,,0.74,0.6988,
cequi,1710-1720,1789-1802,127,123,,0.74,,
d'ouvrages,1710-1720,1720-1730,141,273,,0.7397,,
rables,1710-1720,1789-1802,61,468,,0.7396,0.4419,
rigueurs,1760-1770,1789-1802,456,584,,0.7396,0.5956,
récolte,1730-1740,1740-1750,114,380,,0.7395,0.5494,
genou,1730-1740,1740-1750,80,150,,0.7393,0.5482,
presente,1710-1720,1789-1802,1306,243,,0.7393,,
mysteres,1730-1740,1780-1789,287,611,,0.7392,,
defaire,1720-1730,1789-1802,127,170,,0.7391,,
grêle,1720-1730,1789-1802,88,375,,0.739,0.7852,
souffrit,1730-1740,1789-1802,143,197,,0.7389,0.8691,
chaffe,1740-1750,1750-1760,242,1019,,0.7387,0.3447,
l'usage,1710-1720,1760-1770,1933,6911,,0.7386,,
signées,1710-1720,1750-1760,272,238,,0.7386,,
l'ame,1710-1720,1730-1740,1055,1921,,0.7383,,
prescrites,1710-1720,1720-1730,114,76,,0.7382,0.7296,
fance,1700-1710,1780-1789,136,1140,,0.738,0.5598,
epi,1700-1710,1760-1770,143,138,,0.7379,0.1343,
parure,1760-1770,1770-1780,617,930,,0.7376,0.0034,
entiérement,1710-1720,1789-1802,149,334,,0.7375,0.9597,
s'élève,1720-1730,1740-1750,74,124,,0.7372,,
vincent,1740-1750,1770-1780,371,1004,,0.7369,0.1297,
l'achat,1730-1740,1740-1750,101,136,,0.7368,,
comptez,1730-1740,1780-1789,231,591,,0.7368,0.065,
d'être,1710-1720,1730-1740,5331,9239,,0.7368,,
tde,1720-1730,1750-1760,113,188,,0.7366,0.1344,
lente,1710-1720,1789-1802,89,776,,0.7364,0.6904,
patrimoine,1710-1720,1789-1802,142,808,,0.7364,0.3104,
nar,1710-1720,1740-1750,65,144,,0.7363,0.0644,
vince,1710-1720,1789-1802,55,390,,0.7362,0.6873,
s'expliquer,1710-1720,1720-1730,142,76,,0.7359,,
cambrai,1700-1710,1720-1730,59,98,,0.7357,,
brevet,1730-1740,1760-1770,91,485,,0.7357,,
interne,1710-1720,1760-1770,64,920,,0.7354,0.9979,
ingénieux,1750-1760,1789-1802,459,506,,0.7354,0.1333,
turent,1700-1710,1770-1780,50,190,,0.7352,0.4658,
stable,1740-1750,1789-1802,82,303,,0.735,,
d'humeur,1700-1710,1789-1802,105,349,,0.7349,,
relier,1710-1720,1789-1802,161,322,,0.7348,0.4006,
jon,1700-1710,1740-1750,143,281,,0.7347,0.5785,
accords,1720-1730,1750-1760,87,373,,0.7347,0.8439,
d'afrique,1700-1710,1710-1720,143,452,,0.734,,
transporte,1780-1789,1789-1802,741,560,,0.734,0.3282,
d'achever,1700-1710,1740-1750,89,152,,0.7338,,
pea,1740-1750,1780-1789,143,208,,0.7337,0.0871,
plures,1760-1770,1789-1802,286,76,,0.7334,,
jul,1700-1710,1760-1770,160,167,,0.7333,0.0781,
coudre,1710-1720,1750-1760,72,83,,0.7333,0.4734,
forets,1730-1740,1770-1780,1582,281,,0.733,0.9722,
tar,1710-1720,1740-1750,94,278,,0.7329,0.0073,
adopté,1730-1740,1789-1802,347,2063,,0.7328,0.8865,
reduit,1740-1750,1760-1770,173,220,,0.7327,,
ifr,1730-1740,1760-1770,111,297,,0.7326,0.1011,
dice,1720-1730,1770-1780,136,171,,0.7326,0.3631,
secrete,1700-1710,1789-1802,81,198,,0.7323,0.5337,
athenes,1700-1710,1789-1802,112,93,,0.7322,0.2911,
l'avantage,1720-1730,1730-1740,895,1205,,0.7322,,
tude,1700-1710,1730-1740,69,154,,0.7321,0.3673,
châtelet,1700-1710,1730-1740,64,395,,0.7319,0.8172,
agréablement,1740-1750,1760-1770,425,413,,0.7316,,
duroit,1700-1710,1740-1750,68,145,,0.7315,0.9038,
rive,1700-1710,1789-1802,98,1809,,0.7313,0.9999,
pensant,1700-1710,1720-1730,77,79,,0.7311,0.3384,
comparant,1700-1710,1789-1802,60,478,,0.731,0.9348,
legitime,1700-1710,1789-1802,285,82,,0.7308,,
prote,1710-1720,1789-1802,66,294,,0.7306,0.4031,
vernis,1710-1720,1750-1760,85,526,,0.7305,0.8688,
parée,1700-1710,1760-1770,56,185,,0.7304,0.7665,
fatigué,1710-1720,1730-1740,110,164,,0.7301,0.3127,
barbier,1700-1710,1780-1789,212,378,,0.7299,,
reduire,1760-1770,1789-1802,199,105,,0.7298,,
cure,1720-1730,1770-1780,438,764,,0.7294,0.1041,
picardie,1730-1740,1740-1750,1174,186,,0.7294,0.9958,
d'hôtel,1760-1770,1770-1780,120,295,,0.7293,,
ition,1720-1730,1750-1760,60,85,,0.7291,0.3893,
rime,1700-1710,1730-1740,110,207,,0.729,0.9029,
monastere,1710-1720,1730-1740,57,95,,0.729,,
spirituel,1700-1710,1780-1789,178,299,,0.7287,,
chaude,1760-1770,1789-1802,1031,616,,0.7285,,
adion,1700-1710,1789-1802,185,153,,0.7283,,
gouvernée,1710-1720,1730-1740,57,123,,0.7283,0.9274,
ote,1710-1720,1740-1750,79,100,,0.7281,,
d'al,1710-1720,1770-1780,69,297,,0.728,,
eta,1730-1740,1760-1770,109,180,,0.7279,0.1286,
éta,1730-1740,1789-1802,242,926,,0.7278,0.0239,
iour,1710-1720,1720-1730,237,92,,0.7277,0.4958,
l'abbé,1720-1730,1789-1802,1510,5866,,0.7275,,
dresse,1710-1720,1789-1802,172,359,,0.7274,0.8904,
fidéle,1710-1720,1789-1802,81,58,,0.7273,0.8154,
ntre,1720-1730,1789-1802,189,238,,0.7269,,
manoeuvre,1720-1730,1760-1770,182,781,,0.7269,,
xlviii,1710-1720,1780-1789,92,377,,0.7268,0.3081,
gaieté,1700-1710,1740-1750,56,166,,0.7267,0.8711,
confirmé,1700-1710,1730-1740,218,572,,0.7266,,
corrigé,1700-1710,1760-1770,53,191,,0.7266,0.2882,
dimi,1700-1710,1760-1770,58,349,,0.7265,0.4109,
pei,1700-1710,1750-1760,301,393,,0.7264,0.5969,
accompagnent,1700-1710,1710-1720,71,84,,0.7262,0.3638,
piéce,1720-1730,1780-1789,378,430,,0.7262,,
s'assembler,1720-1730,1780-1789,87,238,,0.7261,,
sains,1700-1710,1710-1720,80,159,,0.726,0.4908,
greffe,1720-1730,1760-1770,98,476,,0.7259,,
raccommoder,1700-1710,1760-1770,73,157,,0.7259,,
flanc,1720-1730,1750-1760,249,208,,0.7258,0.6267,
fot,1700-1710,1770-1780,162,453,,0.7257,0.8657,
exprimée,1710-1720,1720-1730,98,63,,0.7256,,
oul,1730-1740,1780-1789,52,347,,0.7255,0.0626,
d'observer,1700-1710,1750-1760,155,598,,0.7255,,
samuel,1740-1750,1770-1780,139,420,,0.7254,0.2946,
tor,1700-1710,1740-1750,300,397,,0.7252,0.3117,
écri,1710-1720,1740-1750,64,160,,0.725,0.3818,
mêlant,1710-1720,1789-1802,74,258,,0.7248,0.9723,
placez,1720-1730,1760-1770,150,143,,0.7247,,
gains,1700-1710,1780-1789,292,324,,0.7245,,
fiut,1710-1720,1789-1802,104,519,,0.7244,0.4327,
l'entendre,1710-1720,1760-1770,237,498,,0.7243,,
soutint,1720-1730,1730-1740,96,120,,0.7242,0.4665,
entrailles,1740-1750,1760-1770,300,549,,0.7241,,
d'état,1710-1720,1789-1802,938,3036,,0.7241,,
l'attachement,1710-1720,1720-1730,109,69,,0.7239,,
fâche,1710-1720,1770-1780,65,320,,0.7237,0.1945,
toures,1710-1720,1789-1802,137,600,,0.7236,,
éclatant,1780-1789,1789-1802,531,493,,0.7234,0.0335,
courons,1710-1720,1780-1789,74,234,,0.7233,,
prolonger,1720-1730,1789-1802,68,868,,0.7231,0.4813,
qni,1730-1740,1789-1802,117,765,,0.7229,,
seau,1710-1720,1789-1802,179,227,,0.7227,,
rude,1730-1740,1770-1780,534,859,,0.7226,,
cloud,1720-1730,1789-1802,147,404,,0.7225,,
c'étoient,1700-1710,1760-1770,124,420,,0.722,,
paume,1700-1710,1789-1802,56,158,,0.7219,0.7745,
infame,1710-1720,1740-1750,170,136,,0.7217,0.705,
plin,1700-1710,1789-1802,95,168,,0.7214,0.4752,
survient,1700-1710,1710-1720,225,133,,0.7213,0.8744,
creuser,1700-1710,1770-1780,63,654,,0.7212,0.6261,
diver,1710-1720,1750-1760,58,162,,0.7211,,
cage,1710-1720,1720-1730,139,103,,0.721,,
julte,1700-1710,1789-1802,91,252,,0.721,0.3136,
d'ordonner,1740-1750,1789-1802,194,584,,0.7209,,
s'éloigner,1710-1720,1720-1730,107,104,,0.7206,,
leon,1730-1740,1789-1802,712,78,,0.7205,,
nio,1710-1720,1780-1789,88,153,,0.7203,0.3184,
multi,1710-1720,1760-1770,85,262,,0.7201,0.6026,
poe,1700-1710,1770-1780,112,154,,0.72,,
flandres,1720-1730,1789-1802,673,517,,0.7199,,
d'abandonner,1710-1720,1750-1760,196,492,,0.7199,,
qu'aujourd'hui,1700-1710,1770-1780,50,430,,0.7198,,
rebelle,1730-1740,1750-1760,229,348,,0.7197,0.0511,
flamand,1700-1710,1789-1802,283,87,,0.7196,,
qle,1730-1740,1789-1802,79,578,,0.7195,,
mod,1770-1780,1789-1802,774,153,,0.7192,,
contrevenu,1720-1730,1789-1802,98,57,,0.7191,,
succedent,1730-1740,1789-1802,155,111,,0.719,0.9642,
fla,1730-1740,1750-1760,135,143,,0.7189,,
exploit,1710-1720,1789-1802,305,261,,0.7188,,
d'i,1700-1710,1789-1802,199,882,,0.7187,,
consequences,1720-1730,1789-1802,72,124,,0.7185,,
julqu'à,1700-1710,1789-1802,95,194,,0.7182,,
eie,1710-1720,1720-1730,52,68,,0.7181,0.1825,
dud,1720-1730,1789-1802,132,54,,0.7181,0.9816,
genéraux,1740-1750,1789-1802,62,218,,0.718,,
débauché,1720-1730,1780-1789,54,183,,0.7179,,
l'ombre,1750-1760,1770-1780,781,2068,,0.7178,,
prt,1710-1720,1740-1750,92,167,,0.7177,0.3687,
rudement,1700-1710,1730-1740,148,129,,0.7176,,
aifément,1720-1730,1730-1740,75,374,,0.7174,0.6831,
apud,1740-1750,1770-1780,3641,2902,,0.7173,,
parier,1710-1720,1730-1740,101,103,,0.7172,,
meuble,1700-1710,1720-1730,199,91,,0.7171,,
ede,1710-1720,1740-1750,59,96,,0.7169,0.1079,
lira,1700-1710,1760-1770,120,136,,0.7168,0.8117,
plie,1700-1710,1789-1802,116,336,,0.7167,0.1243,
coa,1710-1720,1789-1802,72,286,,0.7164,0.0381,
triple,1710-1720,1770-1780,158,816,,0.7161,0.2986,
separe,1700-1710,1770-1780,96,68,,0.716,,
l'angleterre,1710-1720,1760-1770,1227,3322,,0.716,,
lous,1730-1740,1789-1802,110,562,,0.7159,0.3964,
l'amirauté,1720-1730,1760-1770,158,2075,,0.7158,,
mandemens,1780-1789,1789-1802,205,92,,0.7157,,
yous,1730-1740,1780-1789,387,597,,0.7156,,
mandement,1710-1720,1789-1802,457,443,,0.7155,,
coûtent,1730-1740,1760-1770,81,389,,0.7152,0.877,
courus,1700-1710,1710-1720,71,60,,0.715,0.4118,
remporté,1760-1770,1789-1802,217,257,,0.7148,0.2977,
fro,1700-1710,1710-1720,166,100,,0.7147,0.408,
hau,1710-1720,1750-1760,86,169,,0.7146,0.2851,
s'élevent,1720-1730,1789-1802,81,245,,0.7146,,
inonde,1710-1720,1789-1802,80,511,,0.7144,0.3541,
atre,1720-1730,1730-1740,92,52,,0.7143,0.3211,
mortification,1730-1740,1740-1750,81,195,,0.7142,,
scc,1710-1720,1730-1740,92,51,,0.714,0.454,
fre,1710-1720,1740-1750,208,402,,0.7139,0.0031,
chassé,1720-1730,1789-1802,90,665,,0.7137,0.3066,
ious,1730-1740,1750-1760,126,186,,0.7136,0.1393,
pipe,1750-1760,1780-1789,118,315,,0.7135,0.0107,
bourreau,1740-1750,1760-1770,172,314,,0.7132,0.0449,
sommes,1700-1710,1760-1770,2328,7430,,0.7132,,
aufii,1700-1710,1710-1720,191,189,,0.7131,0.3198,
indemnité,1710-1720,1740-1750,78,59,,0.7129,0.2985,
lile,1740-1750,1750-1760,213,56,,0.7126,0.8626,
iere,1740-1750,1780-1789,107,363,,0.7125,0.3293,
précédé,1700-1710,1780-1789,62,1148,,0.7125,0.7627,
couvrant,1710-1720,1720-1730,62,64,,0.7122,0.1006,
s'apperçoit,1700-1710,1750-1760,50,187,,0.7121,,
échouer,1700-1710,1770-1780,53,444,,0.7121,0.9253,
pcr,1700-1710,1760-1770,514,192,,0.712,,
iue,1710-1720,1789-1802,74,898,,0.7119,0.4126,
mcs,1700-1710,1710-1720,145,53,,0.7118,,
sièges,1710-1720,1750-1760,209,182,,0.7117,,
commodément,1700-1710,1730-1740,111,190,,0.7116,,
l'au,1730-1740,1789-1802,633,1426,,0.7115,,
superflu,1700-1710,1710-1720,81,121,,0.7114,0.1009,
immortel,1700-1710,1710-1720,59,87,,0.7114,0.6577,
ilne,1720-1730,1740-1750,72,108,,0.7111,0.1821,
avaler,1720-1730,1730-1740,57,75,,0.7107,,
fez,1700-1710,1789-1802,307,296,,0.7104,0.618,
dro,1700-1710,1730-1740,78,283,,0.7103,0.76,
fusil,1710-1720,1770-1780,97,583,,0.7102,0.3006,
historique,1760-1770,1780-1789,613,1450,,0.7101,0.7606,
d'appeller,1710-1720,1789-1802,72,233,,0.7097,,
lee,1710-1720,1780-1789,50,455,,0.7096,0.0873,
nomine,1720-1730,1789-1802,585,400,,0.7092,0.7553,
vei,1730-1740,1740-1750,292,83,,0.7091,0.9876,
patres,1700-1710,1740-1750,56,133,,0.709,0.6886,
arriere,1730-1740,1760-1770,256,599,,0.709,0.7243,
sergent,1780-1789,1789-1802,544,431,,0.7089,,
souris,1730-1740,1770-1780,141,435,,0.7086,0.8226,
paste,1720-1730,1789-1802,240,204,,0.7086,0.6389,
chaloupes,1750-1760,1760-1770,66,253,,0.7085,,
aces,1710-1720,1720-1730,120,205,,0.7083,0.4192,
heros,1710-1720,1789-1802,745,69,,0.7083,,
diversité,1710-1720,1730-1740,214,265,,0.7081,0.481,
japon,1700-1710,1750-1760,51,835,,0.7079,0.3226,
affe,1730-1740,1740-1750,133,278,,0.7076,0.2177,
ifles,1710-1720,1789-1802,60,194,,0.707,0.4855,
sign,1740-1750,1789-1802,218,233,,0.7069,0.0345,
conservez,1700-1710,1720-1730,88,105,,0.7069,0.4378,
moit,1710-1720,1720-1730,82,106,,0.7067,0.4344,
terrestres,1700-1710,1710-1720,83,60,,0.7065,0.7464,
rats,1700-1710,1730-1740,144,117,,0.7064,0.21,
justices,1730-1740,1789-1802,120,288,,0.7063,,
vantes,1700-1710,1780-1789,60,507,,0.7062,0.2156,
quite,1730-1740,1789-1802,103,130,,0.706,,
montpellier,1710-1720,1760-1770,87,887,,0.7058,0.5596,
lets,1700-1710,1730-1740,59,112,,0.7055,0.3996,
l'experience,1700-1710,1789-1802,238,74,,0.7055,,
paya,1700-1710,1710-1720,77,95,,0.7051,0.2597,
défier,1700-1710,1710-1720,77,122,,0.7049,0.51,
justifie,1700-1710,1789-1802,153,444,,0.7048,0.5606,
depense,1730-1740,1740-1750,60,87,,0.7048,,
subir,1700-1710,1789-1802,61,1073,,0.7047,0.5486,
occa,1700-1710,1780-1789,82,661,,0.7044,0.4241,
tiares,1700-1710,1760-1770,55,643,,0.7043,0.3022,
l'etre,1740-1750,1789-1802,604,561,,0.704,,
excufe,1700-1710,1710-1720,58,53,,0.7039,0.1876,
achevée,1750-1760,1760-1770,190,265,,0.7037,,
personne,1710-1720,1770-1780,6365,17924,,0.7033,,
conmme,1710-1720,1760-1770,55,207,,0.7033,0.3164,
convoquer,1710-1720,1730-1740,96,120,,0.7031,0.7238,
monceau,1720-1730,1730-1740,56,155,,0.703,0.8495,
superieurs,1740-1750,1770-1780,91,76,,0.703,,
coupée,1700-1710,1750-1760,112,290,,0.7027,0.3625,
glorifier,1700-1710,1770-1780,73,168,,0.7026,0.988,
d'attendre,1750-1760,1780-1789,441,1083,,0.7024,,
ecs,1720-1730,1760-1770,102,142,,0.7023,0.5265,
auli,1700-1710,1789-1802,185,450,,0.7022,0.3493,
coude,1720-1730,1760-1770,88,229,,0.7016,0.6143,
dijon,1740-1750,1780-1789,353,1667,,0.7015,0.7332,
grange,1730-1740,1770-1780,116,568,,0.7014,,
impériaux,1710-1720,1740-1750,132,177,,0.7012,0.992,
menues,1730-1740,1789-1802,198,183,,0.7012,0.869,
cue,1700-1710,1730-1740,148,167,,0.701,0.563,
cra,1710-1720,1740-1750,104,162,,0.7008,0.0039,
caligula,1700-1710,1730-1740,57,52,,0.7008,0.0742,
moien,1710-1720,1770-1780,186,135,,0.7005,,
aion,1710-1720,1720-1730,78,90,,0.7005,,
d'ef,1710-1720,1789-1802,106,385,,0.7003,,
signi,1720-1730,1770-1780,60,127,,0.7002,0.0341,
jufle,1710-1720,1770-1780,62,457,,0.7001,0.1979,
cedent,1710-1720,1730-1740,70,110,,0.6999,0.2454,
droi,1700-1710,1740-1750,77,228,,0.6997,0.5301,
l'occasion,1710-1720,1740-1750,967,2402,,0.6996,,
fec,1700-1710,1730-1740,170,226,,0.6994,0.6982,
clerc,1740-1750,1789-1802,574,601,,0.6991,,
bâtit,1710-1720,1740-1750,88,215,,0.6991,0.5587,
abondamment,1700-1710,1760-1770,178,685,,0.699,0.302,
adrien,1730-1740,1789-1802,210,417,,0.6989,0.5767,
réalité,1700-1710,1780-1789,147,1073,,0.6985,0.9767,
payen,1720-1730,1730-1740,88,122,,0.6984,,
d'obtenir,1770-1780,1789-1802,1168,1527,,0.6981,,
cyrus,1740-1750,1780-1789,120,1303,,0.698,0.434,
l'eternel,1720-1730,1770-1780,669,263,,0.6978,,
infidèle,1710-1720,1720-1730,101,59,,0.6977,,
hem,1730-1740,1770-1780,75,273,,0.6975,0.1988,
turenne,1700-1710,1740-1750,102,175,,0.6974,0.6471,
l'audience,1700-1710,1740-1750,96,776,,0.6974,,
bailler,1710-1720,1789-1802,405,101,,0.6972,,
l'instruction,1700-1710,1750-1760,53,152,,0.697,,
constitutions,1710-1720,1789-1802,133,727,,0.6968,,
salé,1710-1720,1760-1770,422,599,,0.6967,0.658,
s'explique,1700-1710,1770-1780,56,397,,0.6966,,
scio,1720-1730,1760-1770,80,68,,0.6965,,
cotte,1700-1710,1789-1802,65,477,,0.6962,0.5679,
l'aurore,1750-1760,1770-1780,355,594,,0.6961,,
d'usage,1700-1710,1789-1802,78,921,,0.696,,
collége,1700-1710,1730-1740,65,164,,0.6959,0.9015,
augure,1750-1760,1770-1780,252,409,,0.6957,,
oooo,1700-1710,1730-1740,600,215,,0.6956,,
coûta,1710-1720,1720-1730,77,88,,0.6956,0.719,
qu'outre,1710-1720,1789-1802,161,167,,0.6955,,
présentent,1700-1710,1710-1720,77,114,,0.6954,0.2407,
confondent,1710-1720,1730-1740,101,78,,0.6952,0.832,
rencontres,1780-1789,1789-1802,268,110,,0.6951,,
extérieure,1700-1710,1789-1802,133,831,,0.695,0.8439,
dît,1700-1710,1720-1730,146,103,,0.6949,,
moral,1700-1710,1780-1789,81,1507,,0.6948,0.5678,
goute,1740-1750,1770-1780,138,123,,0.6947,,
appellez,1710-1720,1770-1780,365,211,,0.6945,,
see,1770-1780,1789-1802,524,436,,0.6945,,
cologne,1730-1740,1760-1770,539,563,,0.6943,,
dictionnaire,1720-1730,1740-1750,90,101,,0.6942,0.229,
tendant,1710-1720,1780-1789,132,712,,0.694,0.5622,
sia,1740-1750,1760-1770,192,284,,0.6936,0.1451,
doubler,1700-1710,1710-1720,74,81,,0.6934,0.176,
capitales,1700-1710,1720-1730,50,187,,0.6933,0.9472,
l'égalité,1700-1710,1789-1802,118,3255,,0.6932,,
qte,1730-1740,1740-1750,60,126,,0.6931,0.4159,
lifte,1700-1710,1789-1802,54,492,,0.6928,0.7214,
aini,1700-1710,1730-1740,187,166,,0.6927,0.2404,
etr,1730-1740,1789-1802,80,455,,0.6926,0.4224,
commandeur,1710-1720,1789-1802,187,484,,0.6921,,
vogue,1700-1710,1730-1740,69,154,,0.692,0.448,
sentes,1720-1730,1760-1770,164,641,,0.6918,0.8537,
pore,1710-1720,1770-1780,70,254,,0.6914,0.0699,
l'appelle,1730-1740,1789-1802,432,650,,0.6914,,
originaire,1700-1710,1720-1730,84,369,,0.6913,0.9404,
too,1740-1750,1770-1780,85,404,,0.6912,,
d'apprendre,1710-1720,1770-1780,211,937,,0.6911,,
bade,1700-1710,1740-1750,69,85,,0.691,,
plongé,1720-1730,1730-1740,98,167,,0.6909,0.7787,
d'amiens,1710-1720,1730-1740,3462,155,,0.6908,,
tournai,1710-1720,1760-1770,53,135,,0.6907,,
xlvi,1710-1720,1740-1750,59,149,,0.6906,0.3886,
pete,1730-1740,1770-1780,81,109,,0.6905,0.1369,
possibilité,1700-1710,1720-1730,94,79,,0.6904,0.6917,
faur,1730-1740,1760-1770,88,244,,0.6902,0.7126,
sueur,1700-1710,1730-1740,65,109,,0.69,0.7415,
caire,1700-1710,1710-1720,139,59,,0.69,,
l'oi,1720-1730,1760-1770,74,127,,0.6899,,
recettes,1760-1770,1789-1802,374,1786,,0.6898,0.4347,
reformer,1710-1720,1780-1789,71,105,,0.6897,,
méditerranée,1740-1750,1789-1802,191,629,,0.6896,0.9291,
oue,1730-1740,1740-1750,189,260,,0.6895,0.1311,
fieurs,1700-1710,1720-1730,201,510,,0.6894,,
seigneurie,1740-1750,1780-1789,1633,955,,0.6893,,
u'ils,1710-1720,1730-1740,54,51,,0.6891,,
fiir,1710-1720,1789-1802,125,587,,0.6887,0.2637,
enée,1720-1730,1789-1802,78,67,,0.6886,,
l'impatience,1710-1720,1789-1802,104,285,,0.6884,,
haro,1720-1730,1789-1802,106,110,,0.688,,
hall,1780-1789,1789-1802,342,383,,0.6878,,
transportée,1740-1750,1760-1770,164,218,,0.6877,0.442,
plais,1710-1720,1720-1730,82,58,,0.6875,0.6423,
combattant,1710-1720,1740-1750,81,131,,0.6874,0.2604,
pcur,1720-1730,1730-1740,92,60,,0.6873,0.2843,
îles,1700-1710,1720-1730,66,119,,0.6871,0.9698,
perds,1770-1780,1789-1802,399,374,,0.6869,0.4841,
avantageusement,1700-1710,1789-1802,119,406,,0.6868,0.8793,
caverne,1720-1730,1780-1789,85,627,,0.6865,0.092,
servante,1700-1710,1740-1750,220,161,,0.6864,,
mazarin,1730-1740,1780-1789,300,252,,0.6862,,
trafiquer,1760-1770,1789-1802,160,162,,0.6861,,
qlue,1710-1720,1789-1802,53,793,,0.6855,0.5376,
conc,1710-1720,1760-1770,136,59,,0.6851,0.3117,
tures,1720-1730,1770-1780,124,441,,0.685,0.401,
séparée,1730-1740,1750-1760,154,211,,0.685,0.4176,
zooo,1730-1740,1780-1789,190,160,,0.6849,,
preface,1720-1730,1760-1770,224,118,,0.6848,,
redevances,1710-1720,1789-1802,135,609,,0.6847,,
boule,1710-1720,1720-1730,61,197,,0.6846,0.5497,
téméraire,1750-1760,1770-1780,495,751,,0.6845,0.9831,
bit,1730-1740,1770-1780,190,388,,0.6844,,
ute,1710-1720,1730-1740,56,76,,0.6843,,
close,1700-1710,1780-1789,296,271,,0.6842,,
rôles,1720-1730,1740-1750,423,234,,0.6841,0.9437,
opi,1720-1730,1789-1802,86,426,,0.684,0.239,
profitant,1710-1720,1760-1770,65,200,,0.684,0.3191,
précede,1700-1710,1720-1730,93,81,,0.6839,0.6879,
ferver,1700-1710,1740-1750,61,202,,0.6837,0.4681,
pierrot,1720-1730,1740-1750,385,67,,0.6836,,
oter,1710-1720,1730-1740,85,51,,0.6836,,
paire,1700-1710,1760-1770,111,596,,0.6835,0.657,
incommode,1770-1780,1780-1789,558,445,,0.6833,0.576,
dns,1720-1730,1740-1750,147,198,,0.6833,0.4964,
désagréable,1700-1710,1720-1730,63,84,,0.6831,0.737,
dar,1710-1720,1740-1750,90,165,,0.683,0.086,
mettroit,1710-1720,1760-1770,109,521,,0.6829,0.4082,
proximité,1720-1730,1730-1740,101,142,,0.6828,,
retrouve,1700-1710,1710-1720,58,114,,0.6827,0.0399,
garnir,1720-1730,1740-1750,66,96,,0.6826,,
considerables,1760-1770,1789-1802,152,165,,0.6823,,
trompeur,1720-1730,1780-1789,87,401,,0.6822,0.6504,
proye,1700-1710,1789-1802,248,85,,0.6821,,
proue,1700-1710,1750-1760,52,87,,0.682,0.9134,
pâle,1770-1780,1780-1789,852,932,,0.6818,0.2283,
l'étendue,1730-1740,1789-1802,1003,3590,,0.6817,,
imputer,1720-1730,1789-1802,58,304,,0.6817,0.7758,
rar,1710-1720,1789-1802,81,473,,0.6814,0.0464,
fore,1740-1750,1770-1780,494,850,,0.6813,,
cuite,1720-1730,1780-1789,142,505,,0.6812,,
l'ami,1700-1710,1760-1770,94,897,,0.6811,,
proportionnée,1710-1720,1780-1789,136,820,,0.681,0.8776,
d'avancer,1700-1710,1710-1720,94,144,,0.6809,,
l'opinion,1720-1730,1789-1802,601,6247,,0.6808,,
rts,1730-1740,1740-1750,63,103,,0.6808,0.0791,
peit,1720-1730,1730-1740,74,52,,0.6807,0.7072,
dénombrement,1730-1740,1740-1750,247,240,,0.6806,0.6983,
gout,1700-1710,1780-1789,103,526,,0.6805,0.4503,
relevée,1710-1720,1780-1789,174,431,,0.6804,,
l'u,1700-1710,1760-1770,145,552,,0.6803,,
débite,1700-1710,1740-1750,54,92,,0.6802,0.7607,
juil,1770-1780,1789-1802,192,584,,0.6801,0.4696,
gardoient,1720-1730,1750-1760,98,109,,0.68,0.8639,
aulfi,1730-1740,1760-1770,315,955,,0.6799,0.5587,
appelé,1700-1710,1730-1740,113,130,,0.6796,0.1057,
obligeant,1700-1710,1780-1789,111,269,,0.6794,0.9605,
cceur,1700-1710,1720-1730,153,227,,0.6791,0.6507,
l'officier,1710-1720,1730-1740,125,332,,0.679,,
dures,1720-1730,1770-1780,252,940,,0.6789,0.6191,
causc,1730-1740,1750-1760,121,91,,0.6788,,
usa,1760-1770,1789-1802,230,216,,0.6787,0.1444,
ines,1710-1720,1720-1730,80,152,,0.6787,0.2981,
favorise,1710-1720,1789-1802,84,359,,0.6786,0.5668,
frappée,1730-1740,1770-1780,287,617,,0.6783,0.6869,
d'autres,1710-1720,1720-1730,8158,7724,,0.678,,
d'oublier,1710-1720,1789-1802,60,291,,0.6778,,
l'explication,1760-1770,1789-1802,522,573,,0.6777,,
roide,1700-1710,1780-1789,60,301,,0.6776,0.4894,
commandez,1720-1730,1770-1780,113,100,,0.6776,,
lem,1740-1750,1780-1789,126,184,,0.6775,0.1793,
parfum,1700-1710,1710-1720,53,58,,0.6774,0.0667,
s'attache,1710-1720,1720-1730,147,151,,0.6773,,
d'horace,1720-1730,1730-1740,84,1504,,0.6773,,
compétence,1730-1740,1760-1770,244,486,,0.6771,0.6096,
ncr,1730-1740,1760-1770,50,94,,0.677,0.0365,
cetter,1700-1710,1789-1802,66,357,,0.6768,0.1869,
concorde,1700-1710,1760-1770,66,268,,0.6766,0.7388,
boue,1700-1710,1760-1770,74,404,,0.6766,0.9608,
amen,1710-1720,1770-1780,186,148,,0.6765,,
avants,1700-1710,1789-1802,57,333,,0.6764,0.1077,
dixmes,1710-1720,1770-1780,925,176,,0.6763,0.8431,
cervelle,1720-1730,1789-1802,87,268,,0.6762,,
lls,1710-1720,1730-1740,104,81,,0.6762,0.26,
valois,1700-1710,1740-1750,155,291,,0.676,0.6532,
n'empêche,1710-1720,1789-1802,151,306,,0.6757,,
liber,1720-1730,1750-1760,477,437,,0.6755,0.6449,
mufique,1720-1730,1750-1760,120,987,,0.6754,0.6565,
continuée,1760-1770,1770-1780,201,326,,0.6752,,
curent,1710-1720,1770-1780,53,142,,0.6751,0.3473,
abraham,1710-1720,1720-1730,94,395,,0.675,,
apperçu,1740-1750,1789-1802,479,1503,,0.6748,0.9835,
l'odeur,1730-1740,1770-1780,138,1046,,0.6747,,
sangla,1700-1710,1730-1740,63,74,,0.6746,0.0108,
nostri,1720-1730,1780-1789,158,95,,0.6745,,
memoires,1740-1750,1760-1770,317,209,,0.6744,,
riante,1720-1730,1750-1760,68,156,,0.6743,0.8498,
génération,1720-1730,1789-1802,78,1141,,0.6741,0.8061,
maigres,1710-1720,1730-1740,122,148,,0.6741,0.7994,
pent,1730-1740,1760-1770,146,263,,0.6738,0.1655,
divertit,1710-1720,1760-1770,87,72,,0.6738,,
l'ecriture,1710-1720,1730-1740,629,930,,0.6737,,
vertes,1750-1760,1789-1802,445,405,,0.6733,0.2721,
d'orleans,1730-1740,1780-1789,886,712,,0.6731,,
boëte,1710-1720,1720-1730,56,92,,0.6728,,
saxe,1730-1740,1760-1770,709,874,,0.6726,0.7364,
savoie,1710-1720,1789-1802,308,793,,0.6725,,
nen,1710-1720,1789-1802,73,258,,0.6724,0.3075,
job,1710-1720,1770-1780,73,192,,0.6724,0.0969,
polies,1710-1720,1780-1789,176,701,,0.6722,0.895,
fue,1730-1740,1770-1780,79,158,,0.672,,
d'air,1720-1730,1789-1802,135,916,,0.672,,
poussée,1750-1760,1760-1770,230,358,,0.6717,0.3397,
l'aîné,1720-1730,1760-1770,178,466,,0.6717,,
l'humanité,1700-1710,1789-1802,56,4049,,0.6715,,
retranche,1710-1720,1720-1730,100,106,,0.671,0.0397,
c'ei,1710-1720,1730-1740,78,60,,0.671,,
pius,1700-1710,1750-1760,114,271,,0.6707,0.354,
l'accomplissement,1700-1710,1750-1760,67,148,,0.6706,,
pio,1710-1720,1789-1802,56,164,,0.6706,0.3999,
particul,1730-1740,1760-1770,174,449,,0.6705,0.0551,
savoye,1700-1710,1780-1789,215,1369,,0.6704,,
l'esclavage,1710-1720,1789-1802,102,2000,,0.6703,,
ejl,1730-1740,1780-1789,271,829,,0.6702,0.7715,
qus,1740-1750,1750-1760,107,102,,0.6701,0.4004,
offi,1700-1710,1789-1802,84,365,,0.67,0.5162,
scl,1700-1710,1740-1750,105,64,,0.6699,0.1396,
depend,1710-1720,1770-1780,106,129,,0.6699,,
l'observation,1700-1710,1760-1770,79,703,,0.6698,,
mineure,1730-1740,1760-1770,324,372,,0.6697,0.7466,
pression,1710-1720,1789-1802,69,787,,0.6696,0.8266,
minime,1780-1789,1789-1802,86,142,,0.6695,,
sulpice,1700-1710,1780-1789,132,353,,0.6692,,
satan,1700-1710,1760-1770,81,199,,0.6692,0.252,
lenteur,1700-1710,1760-1770,122,410,,0.6691,0.9422,
confesser,1700-1710,1730-1740,58,120,,0.6688,0.9126,
aflez,1720-1730,1730-1740,240,416,,0.6688,0.2007,
pel,1710-1720,1780-1789,92,255,,0.6686,0.0058,
leo,1710-1720,1760-1770,123,114,,0.6685,,
compas,1710-1720,1750-1760,91,235,,0.6685,0.4325,
exposez,1710-1720,1760-1770,239,89,,0.6684,,
iez,1730-1740,1789-1802,52,154,,0.6681,0.4291,
l'hom,1700-1710,1710-1720,81,59,,0.6681,,
d'antoine,1700-1710,1789-1802,217,104,,0.6679,,
l'auteur,1710-1720,1720-1730,1554,3100,,0.6678,,
vai,1700-1710,1760-1770,205,345,,0.6677,0.541,
ida,1780-1789,1789-1802,377,155,,0.6676,0.4348,
terris,1740-1750,1760-1770,366,255,,0.6671,0.7599,
interprétation,1720-1730,1760-1770,205,295,,0.6671,0.1704,
tal,1740-1750,1760-1770,161,318,,0.6668,0.0892,
liii,1730-1740,1760-1770,288,268,,0.6667,0.2832,
sclon,1760-1770,1780-1789,89,97,,0.6665,,
germains,1700-1710,1780-1789,62,817,,0.6664,0.9532,
menus,1740-1750,1789-1802,96,340,,0.6663,0.8299,
marchoient,1700-1710,1720-1730,62,311,,0.6662,0.8663,
crû,1700-1710,1780-1789,604,617,,0.666,,
splendeur,1710-1720,1730-1740,86,124,,0.6659,0.5864,
argumens,1780-1789,1789-1802,564,465,,0.6657,0.6903,
tiendront,1710-1720,1730-1740,272,162,,0.6655,0.1713,
furieuse,1750-1760,1789-1802,93,209,,0.6654,,
l'efpagne,1710-1720,1740-1750,57,704,,0.6653,,
européens,1730-1740,1789-1802,107,1181,,0.665,0.3022,
magie,1700-1710,1750-1760,72,263,,0.665,0.1232,
dts,1730-1740,1789-1802,95,725,,0.6647,0.2545,
veritable,1710-1720,1789-1802,990,173,,0.6644,,
c'é,1710-1720,1750-1760,95,232,,0.6643,,
sam,1730-1740,1770-1780,112,225,,0.6643,0.4034,
ages,1720-1730,1730-1740,123,98,,0.6642,0.6576,
réveiller,1710-1720,1720-1730,64,67,,0.6641,0.191,
tigre,1700-1710,1760-1770,97,245,,0.6639,0.6686,
coloris,1710-1720,1760-1770,229,506,,0.6639,,
fret,1730-1740,1760-1770,77,1652,,0.6638,,
flux,1720-1730,1730-1740,247,374,,0.6637,,
symbole,1700-1710,1730-1740,162,284,,0.6634,0.8118,
vcrs,1700-1710,1730-1740,101,53,,0.6633,,
jusqu'aux,1720-1730,1770-1780,578,2451,,0.6629,,
commi,1730-1740,1789-1802,62,197,,0.6629,0.4987,
ccla,1700-1710,1750-1760,166,151,,0.6625,,
juda,1710-1720,1730-1740,64,241,,0.6623,,
mans,1740-1750,1760-1770,233,481,,0.6621,0.2528,
pavé,1700-1710,1710-1720,78,976,,0.6619,0.5968,
laye,1740-1750,1789-1802,180,135,,0.6615,0.9889,
jules,1730-1740,1750-1760,489,710,,0.6614,0.4845,
qu'avec,1700-1710,1750-1760,823,2127,,0.6614,,
livrée,1710-1720,1789-1802,146,1062,,0.6612,0.9548,
payoit,1720-1730,1730-1740,122,536,,0.661,0.9468,
cte,1740-1750,1770-1780,339,256,,0.6608,0.7095,
houmme,1700-1710,1730-1740,67,51,,0.6607,0.2398,
chandelle,1710-1720,1720-1730,159,82,,0.6606,0.4259,
doyen,1730-1740,1789-1802,151,406,,0.6604,,
foa,1710-1720,1730-1740,63,145,,0.6604,0.2385,
fournissent,1720-1730,1730-1740,199,187,,0.6602,0.3151,
lampe,1720-1730,1760-1770,102,326,,0.6601,,
cenfure,1710-1720,1730-1740,86,230,,0.66,0.5688,
tendus,1710-1720,1750-1760,62,103,,0.66,0.6192,
mées,1720-1730,1760-1770,80,178,,0.6597,0.2891,
duel,1700-1710,1760-1770,55,214,,0.6596,0.1801,
subtilité,1700-1710,1750-1760,61,157,,0.6595,0.1555,
iion,1720-1730,1740-1750,98,120,,0.6594,0.1118,
restituer,1720-1730,1730-1740,106,222,,0.6594,,
légat,1740-1750,1750-1760,331,331,,0.6593,0.7286,
soupçonné,1700-1710,1720-1730,63,81,,0.6592,0.2629,
oti,1710-1720,1770-1780,64,216,,0.6588,,
faussement,1710-1720,1750-1760,71,93,,0.6584,0.6572,
ade,1700-1710,1770-1780,182,738,,0.6583,0.4009,
peti,1700-1710,1740-1750,167,118,,0.6583,0.7513,
vieil,1700-1710,1789-1802,162,480,,0.6582,0.7993,
chanson,1720-1730,1730-1740,83,691,,0.6579,0.9784,
inquit,1730-1740,1789-1802,696,200,,0.6578,0.9095,
succede,1700-1710,1780-1789,72,282,,0.6577,0.8808,
prologue,1750-1760,1760-1770,662,66,,0.6576,,
veri,1710-1720,1760-1770,128,78,,0.6575,,
entrez,1720-1730,1770-1780,308,244,,0.6574,,
comes,1770-1780,1789-1802,425,132,,0.6572,0.352,
lorf,1700-1710,1710-1720,76,98,,0.657,0.3603,
imaginables,1770-1780,1789-1802,179,191,,0.6569,,
retranché,1710-1720,1720-1730,138,156,,0.6565,,
expier,1730-1740,1740-1750,132,102,,0.6563,0.5012,
gratia,1730-1740,1740-1750,918,139,,0.6562,0.4996,
qu'autrefois,1700-1710,1710-1720,53,86,,0.6561,,
l'archiduc,1710-1720,1740-1750,127,198,,0.6558,,
l'i,1730-1740,1760-1770,410,744,,0.6553,,
inhumaine,1780-1789,1789-1802,168,123,,0.6551,,
medecin,1720-1730,1750-1760,316,230,,0.6551,,
mahomet,1700-1710,1730-1740,86,503,,0.6548,0.5134,
ssi,1700-1710,1750-1760,610,161,,0.6548,0.3439,
d'ouvrage,1710-1720,1789-1802,57,238,,0.6547,,
décrier,1710-1720,1740-1750,77,98,,0.6545,0.5367,
infaillibles,1710-1720,1789-1802,52,139,,0.654,0.7798,
pompes,1700-1710,1770-1780,60,626,,0.654,0.4918,
vilaine,1700-1710,1780-1789,65,267,,0.6539,0.9443,
metz,1780-1789,1789-1802,1010,813,,0.6538,0.1899,
parterre,1710-1720,1780-1789,161,762,,0.6537,,
levure,1700-1710,1760-1770,69,538,,0.6537,0.936,
dains,1720-1730,1740-1750,70,98,,0.6535,0.0884,
civilité,1700-1710,1789-1802,116,137,,0.6534,,
statut,1710-1720,1730-1740,60,58,,0.6533,0.7226,
aris,1700-1710,1789-1802,69,383,,0.6529,0.1987,
faction,1710-1720,1760-1770,72,291,,0.6526,0.5232,
mamelé,1740-1750,1789-1802,100,64,,0.6525,0.7862,
marius,1700-1710,1760-1770,315,286,,0.6522,,
obtenues,1720-1730,1789-1802,171,143,,0.6521,,
livrc,1730-1740,1740-1750,63,58,,0.652,,
ecu,1720-1730,1789-1802,803,198,,0.6519,,
ferve,1700-1710,1730-1740,79,145,,0.6518,0.6653,
poussiere,1710-1720,1730-1740,176,158,,0.651,0.713,
qu'cn,1710-1720,1730-1740,92,76,,0.6509,,
unl,1730-1740,1750-1760,56,158,,0.6508,0.078,
angélique,1740-1750,1789-1802,572,369,,0.6507,,
valere,1770-1780,1789-1802,942,315,,0.6506,0.1842,
chanvre,1740-1750,1760-1770,1230,1313,,0.6505,,
stes,1700-1710,1730-1740,66,92,,0.6504,0.3731,
ecl,1740-1750,1780-1789,125,292,,0.6502,0.2525,
paroitra,1710-1720,1750-1760,60,99,,0.6502,0.1682,
honteusement,1700-1710,1740-1750,50,77,,0.6501,0.8796,
préalable,1710-1720,1789-1802,85,606,,0.6496,0.9829,
magis,1730-1740,1780-1789,773,811,,0.6495,0.7735,
mutuelle,1750-1760,1770-1780,328,540,,0.6493,0.0777,
sss,1740-1750,1750-1760,202,135,,0.6492,0.4049,
dles,1720-1730,1789-1802,126,1651,,0.6491,0.2369,
ige,1710-1720,1789-1802,56,443,,0.6491,0.2461,
api,1740-1750,1770-1780,104,143,,0.6488,0.0134,
présumer,1710-1720,1740-1750,110,201,,0.6485,0.9025,
generale,1730-1740,1760-1770,739,128,,0.6484,,
étourdi,1720-1730,1740-1750,77,128,,0.6484,0.7019,
lts,1730-1740,1740-1750,92,132,,0.6483,0.1455,
fatis,1710-1720,1789-1802,253,120,,0.6481,,
collet,1710-1720,1730-1740,97,143,,0.6481,0.9236,
expressement,1720-1730,1770-1780,155,113,,0.648,,
gueur,1700-1710,1710-1720,62,70,,0.6479,0.2159,
marchent,1710-1720,1760-1770,144,386,,0.6476,0.6684,
hardes,1710-1720,1720-1730,205,93,,0.6473,,
finis,1700-1710,1760-1770,178,602,,0.6472,0.356,
signifier,1700-1710,1760-1770,207,327,,0.6468,,
durent,1730-1740,1740-1750,132,306,,0.6467,0.5473,
imi,1730-1740,1760-1770,84,152,,0.6466,0.0379,
nitre,1700-1710,1720-1730,289,142,,0.6465,,
taillis,1710-1720,1720-1730,183,91,,0.6464,0.7294,
d'accorder,1720-1730,1789-1802,181,894,,0.6463,,
chantons,1760-1770,1789-1802,98,162,,0.646,,
ades,1700-1710,1770-1780,84,332,,0.6457,0.431,
flûte,1700-1710,1720-1730,74,60,,0.6456,0.4606,
paquets,1710-1720,1770-1780,322,365,,0.6456,0.8795,
longe,1740-1750,1760-1770,189,87,,0.6455,0.8117,
iso,1710-1720,1770-1780,54,159,,0.6452,0.0319,
malins,1700-1710,1710-1720,55,61,,0.6451,0.5059,
tuteur,1720-1730,1730-1740,167,650,,0.6449,,
commentaires,1700-1710,1720-1730,82,177,,0.6449,0.0952,
veine,1710-1720,1760-1770,112,1646,,0.6446,,
quan,1720-1730,1750-1760,233,531,,0.6445,0.5769,
relief,1700-1710,1780-1789,326,573,,0.6442,0.9123,
bourdeaux,1770-1780,1789-1802,142,50,,0.6439,,
sertilité,1710-1720,1750-1760,95,283,,0.6437,0.9434,
frontières,1720-1730,1730-1740,99,165,,0.6435,0.6465,
deja,1730-1740,1789-1802,447,419,,0.6435,,
mariniers,1720-1730,1760-1770,52,390,,0.6434,,
deviendront,1700-1710,1720-1730,51,66,,0.6433,0.5387,
passées,1770-1780,1789-1802,465,564,,0.6432,,
galanteries,1740-1750,1780-1789,72,102,,0.6431,,
dig,1730-1740,1760-1770,94,270,,0.643,0.796,
c'cit,1700-1710,1750-1760,111,79,,0.6428,,
livrées,1720-1730,1789-1802,116,400,,0.6428,0.9717,
necessairement,1700-1710,1789-1802,201,99,,0.6427,,
igne,1710-1720,1789-1802,57,196,,0.6426,0.2538,
hôtes,1710-1720,1740-1750,79,143,,0.6425,0.3072,
conservant,1700-1710,1710-1720,62,77,,0.6424,0.1404,
entrera,1700-1710,1720-1730,58,61,,0.6423,0.2591,
verge,1700-1710,1750-1760,296,392,,0.6422,,
piés,1720-1730,1789-1802,112,61,,0.6421,,
dansée,1710-1720,1730-1740,95,98,,0.642,,
oracles,1720-1730,1770-1780,235,886,,0.6417,0.7164,
q'il,1730-1740,1789-1802,101,335,,0.6415,,
iei,1710-1720,1720-1730,66,88,,0.6413,0.1466,
d'ornemens,1700-1710,1760-1770,50,82,,0.6411,,
tombera,1700-1710,1780-1789,65,239,,0.6409,0.644,
exempte,1700-1710,1789-1802,55,423,,0.6408,0.532,
ique,1700-1710,1750-1760,187,333,,0.6407,0.1116,
rangers,1710-1720,1730-1740,108,61,,0.6406,0.5939,
l'honnêteté,1700-1710,1710-1720,67,97,,0.6403,,
controlleur,1710-1720,1780-1789,1418,117,,0.6403,,
l'empire,1730-1740,1789-1802,5659,8063,,0.6402,,
dte,1700-1710,1750-1760,167,270,,0.6401,0.4414,
fonr,1750-1760,1789-1802,305,383,,0.64,0.2596,
particules,1750-1760,1789-1802,353,337,,0.6394,0.6691,
nuisible,1710-1720,1730-1740,120,210,,0.6393,0.8414,
soulage,1710-1720,1760-1770,68,336,,0.6392,0.7709,
sterling,1720-1730,1760-1770,627,1672,,0.6391,,
excede,1720-1730,1789-1802,61,136,,0.639,0.8232,
l'intendant,1710-1720,1760-1770,131,1088,,0.6389,,
l'union,1710-1720,1750-1760,816,770,,0.6389,,
rons,1770-1780,1780-1789,517,735,,0.6388,0.1145,
payez,1710-1720,1789-1802,786,173,,0.6387,,
credit,1730-1740,1770-1780,385,265,,0.6386,,
solde,1700-1710,1730-1740,161,166,,0.6386,0.9773,
importun,1720-1730,1789-1802,51,180,,0.6385,,
nomi,1730-1740,1789-1802,61,333,,0.6383,0.4617,
drc,1730-1740,1789-1802,93,231,,0.6382,0.1794,
volent,1700-1710,1750-1760,138,156,,0.6382,0.445,
difficilement,1720-1730,1730-1740,131,167,,0.638,0.1389,
légèrement,1720-1730,1730-1740,52,142,,0.6375,0.1326,
observera,1710-1720,1789-1802,88,291,,0.6375,0.66,
d'exemples,1700-1710,1740-1750,111,211,,0.6374,,
term,1700-1710,1760-1770,457,58,,0.6371,,
plaisance,1700-1710,1750-1760,72,324,,0.637,0.4845,
villars,1730-1740,1740-1750,249,176,,0.6368,,
mouiller,1750-1760,1760-1770,97,227,,0.6366,,
l'oiseau,1700-1710,1720-1730,205,91,,0.6365,,
qai,1710-1720,1740-1750,137,241,,0.6364,0.2848,
latine,1720-1730,1780-1789,479,967,,0.6364,,
jouant,1710-1720,1720-1730,61,76,,0.6363,0.3247,
mcr,1730-1740,1750-1760,53,60,,0.6362,,
clermont,1740-1750,1789-1802,245,801,,0.6361,0.439,
langueur,1720-1730,1789-1802,117,590,,0.6361,0.838,
daniel,1700-1710,1720-1730,242,713,,0.636,,
mathieu,1700-1710,1760-1770,54,388,,0.6356,0.4475,
ccttc,1750-1760,1760-1770,62,94,,0.6355,,
l'entreprise,1700-1710,1780-1789,81,1055,,0.6354,,
dcl,1700-1710,1760-1770,518,356,,0.635,,
jolies,1720-1730,1750-1760,85,303,,0.6347,,
aperçu,1710-1720,1789-1802,135,395,,0.6346,,
verts,1730-1740,1740-1750,83,104,,0.6345,0.1881,
annibal,1700-1710,1720-1730,84,940,,0.634,0.6375,
l'exercice,1740-1750,1750-1760,790,1047,,0.6339,,
eternel,1740-1750,1770-1780,70,91,,0.6336,,
bri,1730-1740,1780-1789,159,497,,0.6336,0.0053,
l'inclination,1710-1720,1760-1770,106,157,,0.6333,,
lera,1730-1740,1740-1750,89,147,,0.6332,,
ians,1710-1720,1740-1750,155,373,,0.6329,0.0933,
seil,1700-1710,1789-1802,71,379,,0.6329,0.5528,
leveur,1730-1740,1789-1802,77,135,,0.6328,0.6508,
deflein,1700-1710,1789-1802,94,77,,0.6326,0.2555,
lite,1740-1750,1789-1802,110,371,,0.6326,0.0944,
l'entreprendre,1720-1730,1789-1802,78,133,,0.6325,,
nette,1720-1730,1789-1802,208,411,,0.6324,,
l'héritier,1720-1730,1730-1740,69,552,,0.6323,,
seint,1720-1730,1760-1770,127,201,,0.6319,0.3454,
represente,1700-1710,1789-1802,238,58,,0.6317,,
portez,1720-1730,1760-1770,590,369,,0.6312,,
titans,1700-1710,1730-1740,68,148,,0.6312,0.1326,
bouillon,1710-1720,1789-1802,717,460,,0.6311,,
diversement,1740-1750,1750-1760,79,77,,0.631,,
quon,1710-1720,1720-1730,102,105,,0.6309,0.1675,
ecus,1710-1720,1750-1760,452,730,,0.6308,,
contré,1750-1760,1770-1780,226,379,,0.6308,,
dcr,1700-1710,1730-1740,77,144,,0.6306,0.127,
pil,1710-1720,1730-1740,66,111,,0.6302,0.2484,
brie,1720-1730,1760-1770,298,457,,0.6301,0.5808,
hôpitaux,1750-1760,1780-1789,483,1452,,0.63,0.1235,
fain,1740-1750,1770-1780,261,555,,0.6297,0.8038,
fiez,1730-1740,1780-1789,194,263,,0.6295,0.8968,
l'acheteur,1720-1730,1789-1802,141,289,,0.6294,,
clameur,1770-1780,1789-1802,136,220,,0.6291,,
quee,1710-1720,1750-1760,63,300,,0.6288,0.4726,
d'au,1710-1720,1740-1750,544,1267,,0.6287,,
l'attente,1700-1710,1789-1802,98,395,,0.6287,,
d'etre,1710-1720,1730-1740,147,131,,0.6286,,
prs,1710-1720,1730-1740,70,72,,0.6284,0.0827,
l'horreur,1730-1740,1789-1802,492,1278,,0.6282,,
ham,1710-1720,1750-1760,54,99,,0.6277,0.4426,
d'histoire,1700-1710,1789-1802,50,616,,0.6276,,
guyenne,1740-1750,1750-1760,407,172,,0.6276,0.9516,
commercial,1780-1789,1789-1802,331,198,,0.6275,,
pline,1720-1730,1750-1760,1798,2118,,0.6272,0.8999,
renvoie,1710-1720,1730-1740,74,115,,0.6269,0.1271,
legal,1700-1710,1789-1802,121,116,,0.6268,,
journellement,1700-1710,1789-1802,56,869,,0.6267,0.9659,
vicomté,1700-1710,1710-1720,51,478,,0.6265,0.9998,
pâte,1720-1730,1760-1770,111,2198,,0.6264,,
platte,1740-1750,1789-1802,133,311,,0.6262,,
boucher,1700-1710,1789-1802,107,427,,0.6261,0.8534,
soufre,1710-1720,1760-1770,115,1112,,0.626,,
dires,1720-1730,1789-1802,115,211,,0.6259,0.3712,
jonction,1700-1710,1710-1720,56,59,,0.6255,0.5651,
singulière,1720-1730,1750-1760,87,299,,0.6253,0.2599,
l'étoient,1710-1720,1740-1750,76,213,,0.6251,,
ouvertures,1700-1710,1750-1760,87,303,,0.6248,0.1281,
esté,1700-1710,1789-1802,1705,161,,0.6248,,
recueille,1710-1720,1789-1802,85,477,,0.6246,0.402,
avancée,1710-1720,1730-1740,103,207,,0.6245,,
rapportant,1700-1710,1740-1750,57,145,,0.6245,0.5206,
villers,1700-1710,1789-1802,98,318,,0.6242,0.1032,
mule,1710-1720,1720-1730,93,85,,0.6241,,
vres,1710-1720,1780-1789,225,748,,0.6237,0.6412,
géneral,1700-1710,1740-1750,65,511,,0.6235,0.8831,
solidement,1700-1710,1770-1780,64,659,,0.6234,0.918,
dai,1710-1720,1750-1760,99,205,,0.6234,0.1065,
tim,1760-1770,1780-1789,104,271,,0.6232,0.1025,
modo,1750-1760,1770-1780,788,1487,,0.6231,,
indépendamment,1700-1710,1770-1780,87,1284,,0.6229,0.9273,
prévoyance,1700-1710,1770-1780,66,573,,0.6228,0.1541,
l'élection,1700-1710,1710-1720,114,176,,0.6227,,
lots,1730-1740,1770-1780,66,1041,,0.6227,,
d'argent,1720-1730,1750-1760,3414,5688,,0.6224,,
mortes,1700-1710,1740-1750,95,343,,0.6224,0.3896,
pasté,1700-1710,1710-1720,77,89,,0.622,0.1607,
ambassade,1710-1720,1730-1740,75,157,,0.6217,,
anneau,1760-1770,1789-1802,425,295,,0.6215,,
lae,1730-1740,1760-1770,57,103,,0.6213,0.0841,
fluide,1710-1720,1720-1730,64,136,,0.6212,0.2493,
meurtrier,1700-1710,1780-1789,59,662,,0.6208,0.1306,
ocm,1710-1720,1789-1802,76,1617,,0.6206,,
catalogue,1750-1760,1770-1780,368,457,,0.6205,0.0711,
l'ancienne,1740-1750,1789-1802,1087,2422,,0.6203,,
fiel,1720-1730,1780-1789,102,466,,0.6202,0.7776,
code,1720-1730,1789-1802,87,3063,,0.6202,0.8624,
parricide,1740-1750,1750-1760,207,207,,0.6199,0.3155,
docile,1700-1710,1720-1730,55,80,,0.6198,0.0536,
u'on,1710-1720,1730-1740,58,91,,0.6196,,
lins,1700-1710,1760-1770,127,425,,0.6193,0.6393,
fâcheuse,1730-1740,1780-1789,108,280,,0.6192,0.5933,
confite,1700-1710,1789-1802,124,284,,0.6192,0.4103,
dal,1740-1750,1780-1789,71,308,,0.6188,0.9655,
idu,1720-1730,1789-1802,77,582,,0.6188,0.1285,
revolte,1760-1770,1789-1802,69,115,,0.6185,,
ror,1730-1740,1740-1750,76,117,,0.6183,0.1812,
allarmes,1700-1710,1789-1802,107,248,,0.6182,0.3583,
censure,1700-1710,1740-1750,107,126,,0.618,0.164,
l'enfance,1700-1710,1710-1720,78,126,,0.6178,,
imposé,1700-1710,1730-1740,69,476,,0.6177,0.9702,
naissant,1700-1710,1710-1720,75,147,,0.6175,0.8834,
déclarée,1700-1710,1789-1802,106,577,,0.6174,0.7547,
ard,1730-1740,1760-1770,91,215,,0.6173,0.025,
chauffée,1700-1710,1789-1802,64,251,,0.6171,0.7186,
quar,1700-1710,1730-1740,171,133,,0.6168,0.6081,
colle,1700-1710,1760-1770,114,1181,,0.6167,0.9785,
marteau,1710-1720,1730-1740,139,427,,0.6166,0.7584,
censeur,1700-1710,1730-1740,121,50,,0.6165,,
l'interêt,1740-1750,1750-1760,214,650,,0.6164,,
caprices,1780-1789,1789-1802,946,970,,0.6162,0.6128,
surle,1720-1730,1740-1750,84,138,,0.616,0.075,
plaise,1730-1740,1770-1780,263,437,,0.6158,,
tromperie,1740-1750,1770-1780,93,148,,0.6157,,
jar,1700-1710,1780-1789,127,280,,0.6157,,
notable,1700-1710,1789-1802,85,243,,0.6156,0.6762,
refusent,1700-1710,1720-1730,58,116,,0.6155,0.531,
consomme,1700-1710,1730-1740,50,82,,0.6153,0.5744,
epitre,1700-1710,1770-1780,66,337,,0.6146,0.4903,
iiii,1750-1760,1789-1802,140,720,,0.6144,0.6033,
caufé,1700-1710,1710-1720,65,59,,0.6141,0.5757,
régle,1710-1720,1789-1802,251,389,,0.6138,,
orne,1700-1710,1720-1730,75,82,,0.6133,0.6609,
restant,1700-1710,1780-1789,66,456,,0.6129,0.649,
maigre,1740-1750,1780-1789,194,579,,0.6128,,
fréquent,1700-1710,1750-1760,83,331,,0.6127,0.935,
uti,1700-1710,1760-1770,411,290,,0.6126,0.7561,
mélancolie,1700-1710,1710-1720,53,62,,0.6125,0.274,
l'épreuve,1700-1710,1710-1720,79,108,,0.6125,,
cus,1730-1740,1760-1770,173,176,,0.6123,0.2535,
seindre,1700-1710,1710-1720,54,57,,0.6122,0.2622,
gratis,1740-1750,1760-1770,107,317,,0.612,0.0199,
originairement,1700-1710,1789-1802,54,459,,0.6118,0.6209,
ries,1710-1720,1740-1750,177,318,,0.6118,0.2368,
joueurs,1730-1740,1789-1802,91,255,,0.6115,,
l'avertir,1700-1710,1720-1730,56,77,,0.6112,,
l'empereur,1700-1710,1720-1730,1107,3217,,0.6109,,
économie,1710-1720,1789-1802,89,2873,,0.6107,0.646,
provint,1730-1740,1789-1802,89,149,,0.6107,,
l'industrie,1700-1710,1789-1802,94,3818,,0.6106,,
entraîner,1700-1710,1710-1720,92,86,,0.6105,0.8077,
augmentent,1700-1710,1760-1770,99,689,,0.6104,0.6592,
qu'l,1730-1740,1760-1770,67,136,,0.6103,,
charpentiers,1700-1710,1710-1720,193,215,,0.6102,,
d'u,1720-1730,1789-1802,361,739,,0.6101,,
volant,1710-1720,1740-1750,132,271,,0.61,0.0325,
multiplient,1710-1720,1730-1740,84,73,,0.6099,0.6487,
d'inde,1770-1780,1780-1789,442,392,,0.6095,,
coquille,1710-1720,1750-1760,175,327,,0.6093,0.9165,
soustraire,1700-1710,1710-1720,99,87,,0.6091,0.9192,
enc,1730-1740,1750-1760,97,129,,0.609,0.1926,
aborder,1760-1770,1770-1780,161,257,,0.6089,,
xliv,1740-1750,1750-1760,157,221,,0.6088,0.137,
prop,1730-1740,1780-1789,50,257,,0.6086,0.4209,
roue,1700-1710,1760-1770,116,1870,,0.6086,0.9198,
tuiles,1700-1710,1770-1780,53,462,,0.6084,0.8035,
l'antiquité,1730-1740,1740-1750,741,572,,0.6083,,
canne,1740-1750,1789-1802,605,958,,0.6081,0.9382,
engagée,1700-1710,1730-1740,106,178,,0.6079,0.7136,
goûte,1710-1720,1730-1740,98,164,,0.6079,0.5264,
figurer,1700-1710,1710-1720,79,112,,0.6078,0.4783,
tus,1710-1720,1730-1740,245,442,,0.6077,0.1824,
ciers,1780-1789,1789-1802,484,458,,0.6075,0.1366,
ôtez,1700-1710,1720-1730,201,66,,0.6072,,
léon,1720-1730,1789-1802,93,509,,0.607,,
ncs,1720-1730,1740-1750,104,154,,0.6069,0.2236,
eloge,1710-1720,1720-1730,51,154,,0.6068,0.749,
trompettes,1760-1770,1780-1789,183,437,,0.6067,,
nre,1740-1750,1780-1789,110,238,,0.6066,0.2614,
levez,1720-1730,1750-1760,246,168,,0.6065,0.963,
suivoient,1740-1750,1789-1802,233,253,,0.6064,0.9019,
l'air,1740-1750,1789-1802,4485,7591,,0.6062,,
sauve,1700-1710,1789-1802,63,656,,0.6062,0.5687,
anvers,1710-1720,1730-1740,143,295,,0.6061,,
agreable,1750-1760,1789-1802,95,69,,0.6058,,
vier,1730-1740,1740-1750,129,188,,0.6057,0.2039,
habitation,1700-1710,1789-1802,54,962,,0.6056,0.367,
teints,1720-1730,1789-1802,67,194,,0.6055,0.7555,
dogme,1720-1730,1730-1740,185,315,,0.6051,,
parcequ'il,1700-1710,1760-1770,57,246,,0.605,,
scrupules,1710-1720,1789-1802,106,240,,0.6048,0.6914,
esc,1750-1760,1770-1780,423,383,,0.6046,0.5285,
rcn,1720-1730,1750-1760,74,67,,0.6043,0.1753,
genie,1700-1710,1780-1789,474,201,,0.6041,,
fievre,1710-1720,1780-1789,80,849,,0.6036,0.9175,
arri,1710-1720,1780-1789,131,585,,0.6034,0.1602,
appeler,1720-1730,1740-1750,86,114,,0.6033,0.3827,
fun,1700-1710,1730-1740,207,191,,0.603,0.3301,
françoises,1700-1710,1770-1780,59,798,,0.6028,0.9506,
sorties,1720-1730,1760-1770,377,366,,0.6026,0.892,
flatterie,1700-1710,1770-1780,65,721,,0.6023,0.9057,
rêve,1700-1710,1789-1802,63,486,,0.6022,0.6426,
gardien,1750-1760,1780-1789,193,482,,0.602,0.1598,
recouvrement,1710-1720,1750-1760,180,255,,0.6019,0.5198,
réformation,1700-1710,1710-1720,63,109,,0.6013,0.7258,
d'estime,1750-1760,1789-1802,308,387,,0.6012,,
l'apôtre,1720-1730,1740-1750,65,91,,0.6011,,
societé,1700-1710,1789-1802,242,477,,0.601,,
parlera,1720-1730,1789-1802,98,269,,0.6009,0.9687,
facilite,1700-1710,1720-1730,72,103,,0.6006,0.1968,
qu'ici,1720-1730,1789-1802,91,448,,0.6005,,
gal,1700-1710,1770-1780,207,243,,0.6004,,
uir,1730-1740,1770-1780,61,239,,0.6002,0.1886,
fidelité,1710-1720,1789-1802,341,146,,0.5995,,
drs,1710-1720,1740-1750,82,93,,0.5991,0.3165,
poursuivis,1700-1710,1710-1720,58,134,,0.5989,0.9099,
procession,1700-1710,1750-1760,77,72,,0.5986,0.2092,
comp,1710-1720,1760-1770,152,882,,0.5984,0.1463,
ites,1720-1730,1730-1740,102,77,,0.5983,0.1656,
abandonna,1710-1720,1740-1750,72,213,,0.5982,0.4983,
gis,1750-1760,1770-1780,71,194,,0.5981,0.0522,
admirablement,1730-1740,1789-1802,182,77,,0.598,,
here,1710-1720,1789-1802,130,398,,0.5979,,
ues,1700-1710,1710-1720,128,79,,0.5977,0.1313,
liu,1700-1710,1710-1720,119,71,,0.5976,0.3733,
rochelle,1700-1710,1780-1789,243,1116,,0.5974,,
examinant,1710-1720,1780-1789,56,411,,0.5974,0.7923,
land,1710-1720,1789-1802,72,450,,0.5973,,
arti,1740-1750,1789-1802,225,362,,0.5972,0.2025,
hol,1720-1730,1770-1780,126,416,,0.597,0.0126,
pénible,1720-1730,1789-1802,140,2121,,0.5966,0.5202,
miseres,1720-1730,1789-1802,117,73,,0.5965,,
tailleur,1710-1720,1730-1740,79,58,,0.5964,,
avantageuses,1720-1730,1730-1740,163,187,,0.5963,0.6503,
ronces,1700-1710,1760-1770,55,251,,0.5963,0.7991,
consequence,1720-1730,1789-1802,790,402,,0.5959,,
sns,1730-1740,1760-1770,56,134,,0.5957,0.2931,
enfers,1730-1740,1770-1780,514,821,,0.5956,,
d'abus,1700-1710,1789-1802,152,498,,0.5956,,
ravage,1740-1750,1770-1780,243,434,,0.5955,0.0634,
pratiquée,1700-1710,1789-1802,68,258,,0.5952,0.7094,
iune,1710-1720,1789-1802,56,609,,0.595,0.4432,
peuplé,1770-1780,1789-1802,694,661,,0.5948,0.5581,
racheter,1700-1710,1710-1720,149,166,,0.5946,0.4798,
qu'ily,1730-1740,1780-1789,72,156,,0.5945,,
ôtent,1710-1720,1740-1750,59,73,,0.5943,,
devers,1700-1710,1780-1789,104,1970,,0.594,0.8408,
j'appelle,1700-1710,1730-1740,66,105,,0.5939,,
relevant,1710-1720,1789-1802,61,276,,0.5936,,
employe,1700-1710,1750-1760,212,678,,0.5935,,
muet,1700-1710,1789-1802,57,491,,0.5934,0.2895,
verres,1770-1780,1780-1789,1091,821,,0.5931,0.0151,
l'apparence,1700-1710,1789-1802,89,679,,0.593,,
indignement,1700-1710,1710-1720,65,88,,0.5929,0.8389,
informée,1720-1730,1730-1740,85,308,,0.5925,0.2532,
fourmis,1710-1720,1750-1760,50,119,,0.5924,0.1676,
fabius,1700-1710,1730-1740,73,854,,0.5921,0.5853,
contracter,1700-1710,1710-1720,76,60,,0.5919,0.7405,
fes,1740-1750,1789-1802,1080,434,,0.5918,0.8467,
piquer,1710-1720,1789-1802,117,209,,0.5917,0.2568,
d'office,1700-1710,1760-1770,70,773,,0.5916,,
christophe,1770-1780,1780-1789,315,373,,0.5913,0.2546,
d'hyver,1720-1730,1760-1770,81,199,,0.5911,,
novi,1720-1730,1789-1802,187,118,,0.591,,
fauxbourg,1770-1780,1789-1802,1574,371,,0.5909,0.84,
complet,1710-1720,1730-1740,115,150,,0.5908,0.1033,
lumineux,1720-1730,1760-1770,66,392,,0.5907,0.0937,
hil,1710-1720,1730-1740,63,68,,0.5907,0.1193,
brandebourg,1720-1730,1740-1750,124,388,,0.5903,0.7,
subsistance,1700-1710,1789-1802,117,1959,,0.5903,0.8524,
invite,1700-1710,1720-1730,57,107,,0.59,0.0452,
trempe,1720-1730,1789-1802,333,362,,0.59,0.9394,
mente,1720-1730,1770-1780,209,296,,0.5898,0.2035,
d'avignon,1760-1770,1789-1802,265,293,,0.5897,,
plans,1700-1710,1789-1802,79,2575,,0.5896,0.6864,
affranchi,1720-1730,1789-1802,103,357,,0.5893,,
cuve,1710-1720,1760-1770,128,1132,,0.5892,0.6596,
coe,1760-1770,1770-1780,87,102,,0.5891,0.0208,
calais,1700-1710,1730-1740,59,367,,0.5889,0.4527,
cale,1720-1730,1740-1750,106,183,,0.5886,,
d'impression,1700-1710,1789-1802,82,289,,0.5883,,
folles,1700-1710,1760-1770,78,544,,0.5882,0.845,
parlemens,1730-1740,1789-1802,188,1355,,0.5879,0.7445,
qu'o,1700-1710,1740-1750,62,109,,0.5878,,
mouillé,1710-1720,1740-1750,116,167,,0.5875,,
chri,1710-1720,1770-1780,62,72,,0.5875,,
trafic,1730-1740,1789-1802,321,715,,0.5874,,
changeant,1700-1710,1710-1720,138,156,,0.5872,0.0946,
suppléer,1700-1710,1760-1770,82,870,,0.5869,0.8398,
tié,1700-1710,1710-1720,72,72,,0.5868,0.3806,
l'université,1700-1710,1720-1730,50,545,,0.5867,,
pole,1730-1740,1789-1802,209,255,,0.5866,0.4389,
celebre,1700-1710,1789-1802,203,65,,0.5865,,
super,1730-1740,1740-1750,1463,1077,,0.5864,0.1894,
loges,1720-1730,1780-1789,123,970,,0.5862,0.7727,
monnoye,1740-1750,1770-1780,444,623,,0.586,,
bol,1700-1710,1770-1780,92,207,,0.5859,0.4515,
mufes,1740-1750,1789-1802,101,64,,0.5857,0.6812,
procuration,1750-1760,1789-1802,102,325,,0.5857,,
frir,1700-1710,1770-1780,51,186,,0.5854,0.4458,
française,1700-1710,1789-1802,58,5041,,0.5854,0.9927,
pêcher,1700-1710,1780-1789,227,418,,0.5851,0.9494,
saturne,1710-1720,1789-1802,223,438,,0.5847,0.9573,
litres,1710-1720,1789-1802,260,348,,0.5846,0.5289,
commue,1700-1710,1740-1750,144,303,,0.5845,0.3157,
chiffres,1730-1740,1750-1760,122,155,,0.5844,0.1777,
ocr,1760-1770,1789-1802,104,74,,0.5843,,
lanterne,1700-1710,1780-1789,51,548,,0.5843,0.4362,
tournée,1700-1710,1789-1802,81,397,,0.5842,0.6813,
cantons,1700-1710,1760-1770,91,1188,,0.5841,0.9458,
manne,1700-1710,1740-1750,73,77,,0.584,0.8067,
singe,1710-1720,1760-1770,153,269,,0.584,0.744,
qule,1740-1750,1789-1802,117,662,,0.5839,0.3554,
vendoit,1700-1710,1710-1720,62,124,,0.5836,0.5499,
convertis,1700-1710,1789-1802,95,367,,0.5834,0.8585,
ram,1710-1720,1780-1789,72,195,,0.5831,0.1084,
college,1710-1720,1720-1730,170,2068,,0.5828,,
avi,1760-1770,1789-1802,167,319,,0.5827,0.0022,
croyance,1710-1720,1730-1740,90,106,,0.5826,0.1273,
imaginaire,1710-1720,1730-1740,131,199,,0.5822,0.0052,
convertit,1710-1720,1730-1740,84,158,,0.5822,0.5522,
vinées,1700-1710,1760-1770,95,595,,0.582,0.536,
laville,1740-1750,1789-1802,159,136,,0.5818,0.2133,
trre,1700-1710,1710-1720,94,61,,0.5817,0.3987,
êtres,1710-1720,1780-1789,81,2891,,0.5816,0.9474,
rne,1730-1740,1760-1770,88,228,,0.5815,0.2089,
mentionnées,1700-1710,1789-1802,89,228,,0.5812,,
ouis,1710-1720,1789-1802,239,255,,0.581,0.41,
juflice,1700-1710,1789-1802,197,709,,0.5808,0.5058,
déguiser,1700-1710,1720-1730,95,54,,0.5808,0.7815,
charrue,1730-1740,1760-1770,85,1794,,0.5805,0.9729,
roes,1710-1720,1750-1760,58,397,,0.5803,0.0485,
xlii,1700-1710,1710-1720,65,64,,0.58,0.5954,
patiemment,1700-1710,1760-1770,52,138,,0.5798,0.2527,
grossir,1720-1730,1789-1802,77,370,,0.5797,0.2263,
seconds,1700-1710,1780-1789,73,601,,0.5796,0.5401,
teau,1710-1720,1789-1802,96,439,,0.5795,0.4242,
liir,1720-1730,1750-1760,68,66,,0.5794,0.1215,
about,1710-1720,1789-1802,149,411,,0.5792,,
j'a,1700-1710,1730-1740,131,193,,0.579,,
flir,1700-1710,1750-1760,123,181,,0.5789,0.1048,
découverts,1700-1710,1760-1770,78,216,,0.5788,0.4915,
l'assemblée,1720-1730,1740-1750,614,763,,0.5786,,
inventions,1780-1789,1789-1802,471,419,,0.5784,0.2237,
accomplir,1740-1750,1789-1802,167,225,,0.5783,,
pains,1700-1710,1760-1770,97,1287,,0.5782,0.9636,
d'aujourd'hui,1700-1710,1760-1770,125,459,,0.5781,,
couronnement,1710-1720,1740-1750,113,164,,0.5778,0.9467,
dune,1710-1720,1730-1740,63,146,,0.5776,0.1151,
rompus,1700-1710,1789-1802,89,228,,0.5776,0.9087,
chancellerie,1710-1720,1789-1802,278,388,,0.5775,,
diocèse,1700-1710,1710-1720,596,262,,0.5774,,
err,1710-1720,1750-1760,51,128,,0.5772,,
lne,1730-1740,1770-1780,101,366,,0.5771,0.3636,
tellus,1700-1710,1730-1740,147,350,,0.577,0.2472,
demanderent,1760-1770,1780-1789,146,384,,0.5768,0.5751,
enquêtes,1710-1720,1740-1750,112,150,,0.5767,,
vague,1700-1710,1789-1802,88,1018,,0.5766,0.7307,
répondra,1710-1720,1789-1802,77,325,,0.5765,0.0756,
devise,1700-1710,1770-1780,87,236,,0.5762,,
outrages,1700-1710,1720-1730,50,65,,0.5762,0.9448,
lyre,1700-1710,1740-1750,50,129,,0.5761,0.8251,
possedent,1720-1730,1789-1802,130,159,,0.5759,0.7656,
n'ai,1700-1710,1710-1720,1991,2370,,0.5759,,
courante,1710-1720,1770-1780,112,416,,0.5755,,
renvoye,1700-1710,1789-1802,81,116,,0.575,0.5793,
casser,1700-1710,1740-1750,77,84,,0.5749,0.6141,
s'empare,1710-1720,1789-1802,63,481,,0.5747,,
sti,1710-1720,1760-1770,122,184,,0.5745,,
poussant,1700-1710,1780-1789,79,430,,0.5744,0.8732,
renouvelle,1700-1710,1720-1730,114,120,,0.5741,0.0784,
dérobe,1700-1710,1789-1802,69,311,,0.574,0.7004,
avanture,1710-1720,1780-1789,287,265,,0.5739,,
ieurs,1700-1710,1760-1770,79,298,,0.5738,0.6075,
cde,1700-1710,1789-1802,100,869,,0.5737,0.4637,
rur,1720-1730,1770-1780,63,197,,0.5734,0.2927,
ordonnée,1720-1730,1730-1740,242,303,,0.5731,0.6661,
d'espérance,1700-1710,1789-1802,60,351,,0.573,,
damas,1710-1720,1780-1789,133,632,,0.5729,,
tenms,1700-1710,1710-1720,60,66,,0.5728,0.5588,
cett,1710-1720,1760-1770,69,185,,0.5727,0.3601,
créa,1710-1720,1740-1750,200,267,,0.5724,0.2303,
l'original,1780-1789,1789-1802,1029,850,,0.5723,,
oblig,1720-1730,1730-1740,94,92,,0.572,0.7119,
fiis,1710-1720,1789-1802,78,368,,0.5717,0.3084,
couverture,1700-1710,1740-1750,134,211,,0.5716,0.4274,
suivants,1730-1740,1750-1760,113,181,,0.5713,0.3685,
vitres,1730-1740,1770-1780,121,878,,0.5713,0.5442,
perdues,1700-1710,1730-1740,59,125,,0.571,0.476,
d'a,1710-1720,1789-1802,1108,3338,,0.571,,
quele,1740-1750,1760-1770,215,373,,0.5708,,
tics,1720-1730,1789-1802,92,368,,0.5706,0.1265,
rut,1710-1720,1780-1789,125,506,,0.5706,0.6269,
pelle,1740-1750,1760-1770,276,745,,0.5705,0.6682,
cce,1740-1750,1770-1780,110,161,,0.5704,0.3262,
lorsque,1710-1720,1780-1789,3909,23511,,0.5703,0.0537,
distinctement,1720-1730,1789-1802,62,252,,0.5699,0.9234,
l'evangile,1720-1730,1740-1750,476,576,,0.5696,,
elizabeth,1770-1780,1789-1802,248,327,,0.5695,,
serpens,1760-1770,1770-1780,177,301,,0.5694,,
rui,1700-1710,1750-1760,134,194,,0.5692,0.3261,
exem,1710-1720,1789-1802,127,365,,0.5689,0.2921,
l'épouser,1740-1750,1750-1760,91,99,,0.5688,,
balles,1720-1730,1760-1770,239,1661,,0.5688,0.773,
dun,1700-1710,1789-1802,168,603,,0.5687,0.0921,
ruinent,1700-1710,1710-1720,50,76,,0.5686,0.4678,
secondé,1720-1730,1789-1802,50,563,,0.5685,0.6894,
fauxbourgs,1710-1720,1789-1802,2280,214,,0.5684,0.9906,
caufa,1700-1710,1789-1802,228,192,,0.5682,0.8259,
connétable,1710-1720,1780-1789,135,1144,,0.5681,,
alternativement,1700-1710,1789-1802,59,582,,0.5678,0.8462,
prospérité,1720-1730,1789-1802,121,3575,,0.5677,0.9692,
cot,1720-1730,1730-1740,180,208,,0.5676,0.0253,
visions,1710-1720,1740-1750,67,67,,0.5675,0.3316,
acceptée,1710-1720,1789-1802,190,356,,0.5671,0.9135,
laval,1710-1720,1789-1802,148,279,,0.567,0.8006,
succés,1730-1740,1740-1750,70,69,,0.5665,,
rappeler,1700-1710,1760-1770,51,376,,0.5663,0.8593,
corinthe,1700-1710,1770-1780,122,575,,0.5662,0.2048,
rené,1740-1750,1770-1780,345,376,,0.566,0.6354,
structure,1710-1720,1760-1770,135,696,,0.566,,
marge,1700-1710,1780-1789,119,368,,0.5659,,
parade,1700-1710,1710-1720,67,91,,0.5658,0.1915,
l'oracle,1740-1750,1780-1789,314,1287,,0.5657,,
sers,1720-1730,1770-1780,68,226,,0.5653,,
eroit,1700-1710,1710-1720,77,104,,0.5653,0.6731,
proces,1710-1720,1789-1802,481,286,,0.5646,,
taillé,1710-1720,1740-1750,110,183,,0.5644,0.6953,
ttre,1710-1720,1740-1750,55,175,,0.5643,0.6266,
camper,1720-1730,1750-1760,153,93,,0.5643,,
tourmente,1700-1710,1740-1750,179,113,,0.5642,0.9357,
descendant,1710-1720,1730-1740,128,285,,0.564,0.4753,
d'ou,1730-1740,1770-1780,161,434,,0.5639,,
muni,1700-1710,1789-1802,96,846,,0.5637,0.5648,
réunis,1700-1710,1789-1802,66,3872,,0.5633,0.4959,
bile,1710-1720,1760-1770,192,551,,0.5631,,
catalogne,1700-1710,1789-1802,127,188,,0.5627,,
crue,1700-1710,1730-1740,76,263,,0.5625,0.3769,
humides,1730-1740,1740-1750,66,181,,0.5625,,
sejour,1760-1770,1789-1802,121,174,,0.5621,,
nim,1740-1750,1750-1760,88,57,,0.5619,0.1604,
l'orient,1760-1770,1780-1789,1245,2179,,0.5618,,
paver,1720-1730,1740-1750,160,95,,0.5614,0.4497,
d'orange,1760-1770,1770-1780,312,701,,0.5613,,
nettoyer,1720-1730,1730-1740,148,90,,0.561,,
reduits,1700-1710,1789-1802,150,70,,0.5609,,
angles,1730-1740,1760-1770,264,1212,,0.5608,0.6245,
ule,1710-1720,1730-1740,52,77,,0.5607,0.1678,
gravée,1700-1710,1740-1750,53,120,,0.5606,0.1951,
laon,1710-1720,1760-1770,203,188,,0.5604,0.7516,
d'auvergne,1700-1710,1760-1770,119,313,,0.5603,,
pouvoirs,1700-1710,1789-1802,101,4817,,0.5602,0.6936,
proscrit,1700-1710,1740-1750,54,125,,0.56,0.6939,
cette,1700-1710,1720-1730,43305,58589,,0.56,0.1113,
d'italie,1750-1760,1770-1780,1184,1660,,0.5599,,
d'egypte,1700-1710,1770-1780,160,1091,,0.5598,,
chairs,1740-1750,1780-1789,1179,619,,0.5597,0.9008,
d'utrecht,1710-1720,1730-1740,115,452,,0.5597,,
pourri,1700-1710,1740-1750,104,124,,0.5595,0.3955,
seins,1710-1720,1730-1740,51,68,,0.5593,0.5871,
ligion,1700-1710,1710-1720,57,68,,0.5592,0.304,
ars,1710-1720,1720-1730,155,261,,0.5591,0.4569,
converti,1700-1710,1730-1740,98,156,,0.559,0.5938,
agneau,1700-1710,1730-1740,83,76,,0.5586,,
contr'eux,1700-1710,1770-1780,79,311,,0.5584,,
malignes,1730-1740,1750-1760,66,80,,0.5583,0.6526,
mei,1740-1750,1780-1789,340,318,,0.5583,0.7339,
grégoire,1720-1730,1730-1740,339,207,,0.5572,0.5212,
variation,1730-1740,1740-1750,100,415,,0.557,0.867,
rendront,1700-1710,1740-1750,102,204,,0.5569,0.6337,
éclaircir,1770-1780,1789-1802,610,348,,0.5569,0.438,
révolution,1700-1710,1789-1802,77,15467,,0.5565,0.9507,
prairie,1750-1760,1760-1770,258,358,,0.5563,0.1387,
bronze,1740-1750,1789-1802,176,758,,0.556,0.4167,
flor,1710-1720,1770-1780,58,471,,0.5558,,
lainer,1710-1720,1730-1740,64,64,,0.5557,0.4727,
chansons,1730-1740,1750-1760,188,225,,0.5556,0.3893,
condamnent,1720-1730,1760-1770,79,151,,0.5555,,
poing,1730-1740,1760-1770,86,168,,0.5555,,
difgrace,1700-1710,1710-1720,62,54,,0.5553,0.5846,
corrige,1700-1710,1710-1720,72,122,,0.5548,0.0595,
piquant,1720-1730,1780-1789,82,728,,0.5546,0.4103,
incertains,1700-1710,1710-1720,68,54,,0.5545,0.3937,
suisses,1700-1710,1780-1789,65,319,,0.5544,,
surprises,1700-1710,1720-1730,52,134,,0.5542,0.7501,
recommandation,1710-1720,1789-1802,78,353,,0.554,,
forains,1700-1710,1710-1720,76,1462,,0.554,0.9384,
acclamations,1700-1710,1710-1720,77,51,,0.5539,,
particulierement,1720-1730,1789-1802,511,326,,0.5538,,
otre,1700-1710,1710-1720,77,69,,0.5537,0.6979,
troyes,1700-1710,1770-1780,269,716,,0.5535,,
quinzième,1700-1710,1780-1789,82,301,,0.553,0.9681,
entreprit,1700-1710,1720-1730,91,261,,0.5526,0.4663,
icu,1730-1740,1760-1770,63,98,,0.5523,0.0755,
bouc,1750-1760,1760-1770,165,343,,0.5523,0.3234,
bai,1710-1720,1780-1789,73,412,,0.5522,0.25,
qu'un,1700-1710,1750-1760,6137,17499,,0.5521,,
couvroit,1700-1710,1720-1730,76,115,,0.5518,0.5622,
caput,1700-1710,1770-1780,64,1663,,0.5516,0.8214,
tui,1740-1750,1780-1789,469,377,,0.5516,0.9209,
l'absence,1720-1730,1789-1802,210,768,,0.5515,,
prodige,1740-1750,1780-1789,328,964,,0.5513,0.0179,
creux,1720-1730,1760-1770,256,1105,,0.5512,,
prêtent,1720-1730,1730-1740,160,159,,0.5512,0.5693,
extravagant,1700-1710,1720-1730,62,60,,0.551,0.49,
lucile,1720-1730,1770-1780,72,484,,0.5509,,
gland,1720-1730,1760-1770,58,473,,0.5508,0.9043,
l'éducation,1710-1720,1760-1770,246,1345,,0.5506,,
malo,1780-1789,1789-1802,655,349,,0.5504,,
doutez,1780-1789,1789-1802,408,430,,0.5503,0.7204,
l'instant,1710-1720,1720-1730,409,326,,0.5502,,
testamens,1730-1740,1780-1789,169,136,,0.5501,,
navi,1710-1720,1789-1802,105,173,,0.55,0.584,
mini,1720-1730,1789-1802,127,407,,0.5499,0.0272,
fourniture,1700-1710,1710-1720,70,139,,0.5498,0.9618,
rde,1710-1720,1770-1780,76,220,,0.5497,0.0656,
tales,1700-1710,1789-1802,54,203,,0.5495,0.4864,
musiciens,1700-1710,1760-1770,50,341,,0.5491,0.8475,
flatté,1700-1710,1770-1780,104,816,,0.5491,0.8351,
ardemment,1700-1710,1730-1740,52,179,,0.549,0.8985,
risquer,1710-1720,1770-1780,138,654,,0.5489,0.2926,
l'agneau,1720-1730,1780-1789,67,163,,0.5488,,
d'anjou,1730-1740,1750-1760,889,505,,0.5487,,
tam,1730-1740,1740-1750,1533,958,,0.5483,,
fondu,1720-1730,1780-1789,323,574,,0.548,,
dixme,1740-1750,1780-1789,115,343,,0.5477,,
bienveillance,1720-1730,1750-1760,315,609,,0.5474,0.6463,
injurieux,1700-1710,1789-1802,55,290,,0.5474,0.9572,
bes,1750-1760,1760-1770,266,279,,0.5471,0.0014,
ets,1730-1740,1789-1802,87,499,,0.5468,0.3746,
n'avons,1710-1720,1730-1740,562,912,,0.5466,,
tailles,1700-1710,1789-1802,782,695,,0.5465,,
diriger,1700-1710,1710-1720,52,66,,0.5463,0.2059,
five,1730-1740,1780-1789,498,894,,0.5462,0.8329,
s'attachent,1750-1760,1760-1770,163,384,,0.546,,
dion,1710-1720,1789-1802,106,193,,0.5459,,
sci,1700-1710,1750-1760,308,165,,0.5458,0.2976,
grasse,1700-1710,1780-1789,76,454,,0.5457,,
vocation,1710-1720,1720-1730,130,213,,0.5456,,
vallon,1700-1710,1710-1720,63,50,,0.5455,0.8937,
pipes,1730-1740,1760-1770,103,234,,0.5452,,
campa,1700-1710,1760-1770,50,203,,0.5451,0.064,
iou,1730-1740,1789-1802,77,417,,0.5449,0.4069,
quoque,1700-1710,1770-1780,425,2858,,0.5448,,
pins,1730-1740,1789-1802,129,983,,0.5447,0.0125,
jouis,1700-1710,1710-1720,190,78,,0.5446,0.6469,
lard,1780-1789,1789-1802,420,471,,0.5445,,
croissent,1770-1780,1789-1802,764,431,,0.5444,0.7864,
dani,1720-1730,1750-1760,98,115,,0.5442,0.1078,
ravi,1780-1789,1789-1802,723,555,,0.5442,,
saisies,1710-1720,1750-1760,324,636,,0.544,,
présentement,1720-1730,1789-1802,402,290,,0.5437,0.0242,
d'éclat,1750-1760,1789-1802,402,571,,0.5434,,
ménagé,1700-1710,1760-1770,60,257,,0.5431,0.7274,
tcs,1730-1740,1789-1802,101,463,,0.543,0.3396,
greffes,1700-1710,1740-1750,230,97,,0.5428,,
safran,1710-1720,1760-1770,109,354,,0.5427,0.2224,
poire,1700-1710,1710-1720,230,155,,0.5422,,
employez,1730-1740,1789-1802,437,202,,0.5421,,
paisiblement,1710-1720,1789-1802,340,549,,0.5421,,
condamna,1710-1720,1730-1740,101,170,,0.5419,0.4359,
interdite,1710-1720,1789-1802,137,272,,0.5417,0.7182,
majeste,1710-1720,1750-1760,201,483,,0.5415,,
tutelles,1700-1710,1789-1802,60,264,,0.5413,0.7704,
j'espère,1770-1780,1780-1789,575,1143,,0.5412,,
nymphes,1740-1750,1780-1789,233,636,,0.541,,
lons,1720-1730,1750-1760,103,165,,0.541,0.2688,
poix,1710-1720,1760-1770,254,459,,0.5407,,
circulation,1720-1730,1789-1802,265,5852,,0.5406,0.9731,
emportent,1710-1720,1789-1802,69,142,,0.5403,0.6124,
palatin,1710-1720,1740-1750,88,288,,0.5401,0.6805,
resulte,1720-1730,1789-1802,89,216,,0.54,,
sacre,1700-1710,1710-1720,107,161,,0.5399,0.8022,
salles,1700-1710,1789-1802,74,673,,0.5398,0.815,
unt,1710-1720,1750-1760,89,125,,0.5397,,
tourmenter,1700-1710,1770-1780,93,496,,0.5396,0.7947,
aveuglément,1720-1730,1750-1760,54,136,,0.5396,0.8502,
mince,1750-1760,1780-1789,406,842,,0.5394,0.0821,
l's,1710-1720,1720-1730,74,89,,0.5392,,
l'expression,1700-1710,1720-1730,149,115,,0.5389,,
aliénation,1700-1710,1720-1730,55,57,,0.5389,0.8274,
griefs,1710-1720,1789-1802,183,570,,0.5386,0.9254,
l'ancien,1700-1710,1789-1802,281,3520,,0.5386,,
eci,1740-1750,1760-1770,104,204,,0.5384,0.381,
chevre,1740-1750,1750-1760,89,122,,0.5383,0.9418,
blan,1720-1730,1750-1760,89,83,,0.5382,0.4137,
qu'y,1710-1720,1770-1780,343,998,,0.5382,,
aiu,1730-1740,1740-1750,79,150,,0.5379,0.2717,
last,1750-1760,1789-1802,101,658,,0.5379,,
âges,1740-1750,1789-1802,219,832,,0.5378,0.499,
greniers,1710-1720,1720-1730,402,419,,0.5376,0.814,
hauteurs,1700-1710,1770-1780,75,1026,,0.5375,0.6947,
contrevenir,1740-1750,1789-1802,149,57,,0.5372,,
ino,1710-1720,1770-1780,97,190,,0.5371,0.1087,
chagrine,1700-1710,1720-1730,51,56,,0.5371,0.8331,
gelée,1710-1720,1740-1750,200,208,,0.537,,
gardés,1700-1710,1789-1802,55,334,,0.5368,0.7393,
cos,1740-1750,1780-1789,265,550,,0.5368,0.1744,
iris,1740-1750,1789-1802,157,289,,0.5367,0.1073,
ures,1710-1720,1780-1789,69,430,,0.5366,0.5571,
germe,1710-1720,1789-1802,73,1040,,0.5364,0.7711,
directe,1700-1710,1789-1802,231,954,,0.5357,,
l'arc,1710-1720,1760-1770,160,524,,0.5357,,
rle,1710-1720,1770-1780,79,209,,0.5356,0.0714,
meil,1720-1730,1740-1750,140,309,,0.5352,0.3177,
faste,1710-1720,1789-1802,118,564,,0.5351,0.9337,
valère,1780-1789,1789-1802,112,109,,0.535,,
mêlez,1720-1730,1770-1780,110,473,,0.5346,,
l'agriculture,1700-1710,1789-1802,181,4108,,0.5345,,
accoutumée,1710-1720,1789-1802,282,425,,0.5343,0.971,
lers,1730-1740,1760-1770,68,122,,0.5342,0.1252,
jan,1730-1740,1740-1750,239,302,,0.534,0.244,
ecuyer,1700-1710,1760-1770,159,315,,0.5339,0.7973,
d'eglise,1700-1710,1720-1730,113,176,,0.5336,,
épargne,1700-1710,1760-1770,64,574,,0.5334,0.3921,
scellé,1750-1760,1789-1802,313,304,,0.5333,0.4625,
quei,1750-1760,1780-1789,148,425,,0.5333,0.2884,
sots,1710-1720,1720-1730,100,68,,0.5331,0.5765,
cec,1710-1720,1750-1760,99,205,,0.533,0.6531,
extra,1710-1720,1789-1802,131,374,,0.5328,0.0255,
superieure,1710-1720,1780-1789,145,125,,0.5327,,
xxxviii,1700-1710,1710-1720,90,98,,0.5326,0.4555,
festin,1750-1760,1760-1770,218,246,,0.5323,0.0198,
qti,1730-1740,1789-1802,88,384,,0.5322,,
alu,1700-1710,1760-1770,76,95,,0.5321,0.0286,
démonstration,1710-1720,1789-1802,72,392,,0.532,0.398,
mni,1730-1740,1789-1802,58,378,,0.5318,0.2621,
siege,1710-1720,1789-1802,618,450,,0.5315,,
durs,1730-1740,1780-1789,248,681,,0.5313,0.1865,
m'arrête,1710-1720,1750-1760,62,134,,0.5312,,
bayonne,1730-1740,1760-1770,481,957,,0.5311,,
fréquens,1700-1710,1730-1740,50,116,,0.5307,0.5537,
l'écriture,1700-1710,1740-1750,95,200,,0.5303,,
hos,1770-1780,1789-1802,445,171,,0.5302,0.9089,
tournay,1700-1710,1740-1750,77,139,,0.53,,
l'académie,1700-1710,1780-1789,123,4514,,0.5299,,
découvrent,1700-1710,1720-1730,67,64,,0.5298,0.0694,
valut,1700-1710,1789-1802,65,243,,0.5297,0.7866,
ivres,1700-1710,1770-1780,114,196,,0.5296,0.8682,
garnisons,1730-1740,1780-1789,210,257,,0.5294,,
indubitable,1700-1710,1750-1760,53,100,,0.5291,0.8336,
perfonne,1740-1750,1789-1802,612,274,,0.529,,
potes,1740-1750,1789-1802,121,81,,0.529,,
piu,1740-1750,1760-1770,65,94,,0.5288,0.3699,
manu,1710-1720,1760-1770,317,513,,0.5286,0.6919,
vapeur,1770-1780,1789-1802,751,492,,0.5285,,
genéral,1720-1730,1760-1770,325,256,,0.5283,,
meurtres,1710-1720,1740-1750,78,253,,0.5283,0.6776,
vivez,1730-1740,1780-1789,184,347,,0.5281,,
ordonnant,1710-1720,1720-1730,123,159,,0.528,0.9673,
populaires,1720-1730,1789-1802,90,1241,,0.5278,0.8523,
semence,1730-1740,1760-1770,170,2036,,0.5277,0.9907,
isc,1740-1750,1750-1760,68,57,,0.5276,0.3713,
appliqué,1710-1720,1750-1760,232,403,,0.5275,0.2293,
l'effort,1700-1710,1740-1750,76,384,,0.5274,,
confuls,1710-1720,1750-1760,75,123,,0.5271,,
orat,1780-1789,1789-1802,416,92,,0.5266,,
frayeurs,1710-1720,1789-1802,65,130,,0.5265,0.6112,
chr,1700-1710,1770-1780,114,132,,0.5264,,
ara,1700-1710,1789-1802,106,283,,0.526,0.0391,
lce,1730-1740,1750-1760,56,70,,0.5258,0.1128,
neque,1730-1740,1770-1780,1303,3013,,0.5256,,
dife,1700-1710,1780-1789,120,577,,0.5255,0.6766,
vivante,1710-1720,1720-1730,108,150,,0.5255,0.0609,
noël,1730-1740,1789-1802,120,194,,0.5254,0.2019,
comparé,1710-1720,1740-1750,110,150,,0.5252,0.4847,
creuse,1710-1720,1720-1730,162,83,,0.5252,0.6742,
songes,1710-1720,1789-1802,342,316,,0.5251,0.724,
épreuves,1710-1720,1770-1780,52,725,,0.525,0.7875,
matres,1710-1720,1789-1802,157,146,,0.5248,0.7882,
monnoies,1720-1730,1789-1802,151,5709,,0.5246,0.9826,
imparfait,1740-1750,1789-1802,93,452,,0.5245,0.7843,
uno,1720-1730,1770-1780,441,622,,0.5245,0.7598,
taureaux,1710-1720,1780-1789,96,406,,0.5239,0.7279,
tartre,1770-1780,1780-1789,664,471,,0.5237,,
diminuent,1710-1720,1760-1770,85,536,,0.5234,0.8401,
tité,1720-1730,1750-1760,96,347,,0.5234,0.7841,
regis,1700-1710,1740-1750,655,1536,,0.5233,,
insulter,1700-1710,1720-1730,52,82,,0.5231,0.675,
pend,1710-1720,1789-1802,168,312,,0.5231,0.5309,
cns,1730-1740,1789-1802,55,324,,0.5229,0.3309,
sentences,1750-1760,1770-1780,942,917,,0.5228,,
soo,1700-1710,1730-1740,520,118,,0.5223,,
mus,1710-1720,1780-1789,304,403,,0.5219,0.3252,
séparé,1700-1710,1730-1740,97,259,,0.5218,0.0697,
edouard,1730-1740,1760-1770,112,473,,0.5217,0.4284,
duo,1700-1710,1770-1780,154,925,,0.5216,0.7615,
l'épaisseur,1730-1740,1740-1750,110,183,,0.5214,,
mos,1740-1750,1789-1802,146,172,,0.5213,0.4299,
continuant,1710-1720,1789-1802,200,443,,0.5212,0.4134,
marqués,1700-1710,1750-1760,55,665,,0.5211,0.5512,
regardoient,1700-1710,1710-1720,140,134,,0.521,0.4616,
cfi,1700-1710,1750-1760,244,158,,0.5209,0.4847,
anno,1720-1730,1730-1740,1216,2823,,0.5206,,
brûlé,1700-1710,1760-1770,115,467,,0.5206,,
nuls,1710-1720,1789-1802,275,536,,0.5203,0.8166,
chaloupe,1710-1720,1760-1770,193,262,,0.5202,,
l'imagination,1710-1720,1770-1780,258,1846,,0.5201,,
bouillons,1700-1710,1730-1740,105,52,,0.52,,
danis,1700-1710,1770-1780,80,603,,0.5199,0.1694,
vere,1770-1780,1780-1789,257,154,,0.5199,0.6924,
républiques,1720-1730,1740-1750,168,285,,0.5198,0.5222,
polie,1700-1710,1789-1802,69,244,,0.5194,0.41,
placet,1760-1770,1789-1802,131,82,,0.5193,,
d'entrer,1720-1730,1730-1740,695,1088,,0.5192,,
scie,1720-1730,1760-1770,62,757,,0.5192,0.9819,
séparés,1720-1730,1789-1802,117,916,,0.5188,0.3153,
séduire,1700-1710,1710-1720,70,78,,0.5188,0.3305,
remonte,1700-1710,1710-1720,68,85,,0.5187,0.2712,
étoi,1710-1720,1730-1740,92,173,,0.5186,0.2947,
naquit,1710-1720,1740-1750,80,135,,0.5185,0.8227,
operation,1730-1740,1740-1750,50,106,,0.5183,,
uniforme,1700-1710,1789-1802,79,1471,,0.5182,0.7453,
essentielles,1740-1750,1750-1760,216,394,,0.5181,,
tris,1700-1710,1750-1760,102,197,,0.518,0.0528,
appuyée,1710-1720,1730-1740,59,144,,0.5178,0.9339,
incommodité,1720-1730,1789-1802,143,92,,0.5177,,
nostre,1720-1730,1770-1780,1314,180,,0.5175,,
pafler,1710-1720,1789-1802,53,175,,0.5173,0.5288,
inclinations,1750-1760,1760-1770,433,491,,0.5171,,
contribution,1700-1710,1780-1789,97,1792,,0.5168,0.6168,
differente,1720-1730,1730-1740,651,382,,0.5167,,
retirez,1700-1710,1760-1770,180,196,,0.5166,0.8569,
coute,1700-1710,1740-1750,90,352,,0.5165,0.2194,
snt,1730-1740,1789-1802,54,240,,0.5164,0.4632,
l'escadre,1710-1720,1720-1730,90,134,,0.5163,,
menu,1740-1750,1789-1802,230,242,,0.5162,,
l'écorce,1710-1720,1750-1760,214,756,,0.5161,,
cuit,1720-1730,1750-1760,219,275,,0.516,,
puiflance,1710-1720,1730-1740,50,176,,0.516,0.7872,
raisin,1700-1710,1789-1802,291,407,,0.5158,,
assurances,1730-1740,1780-1789,157,800,,0.5157,0.9501,
quid,1700-1710,1770-1780,2513,2978,,0.5157,,
l'avis,1720-1730,1740-1750,806,939,,0.5155,,
nee,1740-1750,1770-1780,95,115,,0.5154,0.113,
vill,1730-1740,1770-1780,71,176,,0.5153,0.2538,
filr,1710-1720,1720-1730,118,266,,0.5153,0.4135,
leau,1720-1730,1789-1802,53,190,,0.5151,0.1418,
empecher,1710-1720,1780-1789,115,103,,0.515,,
moilon,1710-1720,1730-1740,161,112,,0.5149,,
tete,1710-1720,1730-1740,178,109,,0.5147,0.772,
allumé,1720-1730,1750-1760,103,125,,0.5144,,
douaire,1730-1740,1760-1770,256,220,,0.5143,,
mangent,1750-1760,1760-1770,294,568,,0.5143,,
s'é,1710-1720,1730-1740,158,462,,0.5139,,
foutenu,1710-1720,1789-1802,64,308,,0.5138,0.119,
délivre,1700-1710,1710-1720,117,72,,0.5136,0.0273,
s'observe,1700-1710,1789-1802,55,76,,0.5135,,
nde,1710-1720,1740-1750,75,118,,0.5133,0.2265,
flit,1710-1720,1789-1802,90,491,,0.5132,0.3024,
amer,1700-1710,1750-1760,66,166,,0.5131,0.5182,
grenier,1720-1730,1789-1802,330,474,,0.513,0.654,
choeurs,1720-1730,1730-1740,50,276,,0.5125,,
destruction,1700-1710,1789-1802,71,1795,,0.5124,0.8109,
souliers,1760-1770,1770-1780,715,314,,0.5123,0.4884,
l'incertitude,1710-1720,1730-1740,112,280,,0.5121,,
peinte,1730-1740,1780-1789,188,446,,0.512,,
iut,1710-1720,1789-1802,55,366,,0.5119,,
gueule,1700-1710,1760-1770,86,594,,0.5118,0.5671,
voyes,1730-1740,1789-1802,620,135,,0.5117,,
flancs,1740-1750,1770-1780,155,576,,0.5112,0.8456,
laise,1710-1720,1789-1802,91,160,,0.5111,0.9223,
judicieux,1780-1789,1789-1802,521,343,,0.511,,
corrompue,1700-1710,1789-1802,53,359,,0.5109,0.9549,
reçois,1780-1789,1789-1802,611,518,,0.5107,0.0092,
red,1760-1770,1780-1789,138,163,,0.5106,,
dea,1710-1720,1750-1760,156,145,,0.5104,0.3907,
nte,1710-1720,1730-1740,99,116,,0.5098,0.1301,
couchant,1740-1750,1789-1802,255,448,,0.5097,,
fontaines,1760-1770,1780-1789,602,955,,0.5093,,
ecrits,1710-1720,1789-1802,189,381,,0.5093,,
châtier,1720-1730,1789-1802,66,136,,0.509,,
fia,1700-1710,1750-1760,309,199,,0.509,,
augment,1730-1740,1780-1789,161,345,,0.5088,0.5419,
dequoi,1700-1710,1789-1802,517,55,,0.5087,,
tribu,1710-1720,1789-1802,84,1323,,0.5085,0.1523,
reconnoissancent,1700-1710,1710-1720,110,143,,0.5081,0.8703,
affecté,1700-1710,1710-1720,68,73,,0.508,0.1276,
disois,1700-1710,1730-1740,75,219,,0.5077,0.9386,
expédient,1760-1770,1789-1802,590,498,,0.5076,,
coquette,1700-1710,1770-1780,62,416,,0.5072,0.0661,
successivement,1700-1710,1720-1730,122,176,,0.5072,0.2465,
terroir,1730-1740,1760-1770,239,500,,0.5071,,
batteries,1710-1720,1730-1740,64,245,,0.5069,0.5324,
permises,1700-1710,1789-1802,50,156,,0.5068,0.8468,
d'unc,1730-1740,1750-1760,87,110,,0.5065,,
d'orge,1750-1760,1760-1770,254,551,,0.5062,,
hardiment,1700-1710,1760-1770,186,397,,0.506,0.591,
d'ambition,1720-1730,1789-1802,69,367,,0.5058,,
étendus,1700-1710,1720-1730,90,78,,0.5058,0.3614,
rames,1710-1720,1789-1802,123,312,,0.5057,,
dauphiné,1730-1740,1789-1802,192,558,,0.5055,,
coton,1760-1770,1770-1780,2957,2181,,0.5053,0.1486,
l'c,1730-1740,1760-1770,76,165,,0.5052,,
refusez,1700-1710,1710-1720,56,66,,0.5051,0.6014,
quelconque,1710-1720,1770-1780,132,1779,,0.5049,0.7735,
l'autel,1700-1710,1730-1740,158,451,,0.5048,,
naitre,1700-1710,1789-1802,118,769,,0.5048,0.9207,
gratuitement,1700-1710,1789-1802,83,617,,0.5047,0.3499,
reg,1720-1730,1730-1740,259,372,,0.5046,0.0175,
cement,1710-1720,1750-1760,86,225,,0.5045,0.3338,
guet,1710-1720,1770-1780,515,346,,0.5044,0.8722,
regler,1730-1740,1789-1802,818,119,,0.5042,,
cheminée,1740-1750,1780-1789,133,1000,,0.504,0.1783,
scrupuleux,1700-1710,1750-1760,60,138,,0.5037,0.8688,
iet,1720-1730,1789-1802,143,562,,0.5033,0.1303,
elections,1700-1710,1789-1802,133,153,,0.5031,,
l'habitude,1700-1710,1760-1770,90,1303,,0.5028,,
formation,1700-1710,1789-1802,107,2169,,0.5027,0.7832,
xxxvii,1700-1710,1730-1740,78,252,,0.5026,0.6967,
salaires,1740-1750,1760-1770,70,984,,0.5024,0.9006,
teindre,1700-1710,1720-1730,74,648,,0.5021,0.9481,
ros,1710-1720,1730-1740,172,215,,0.502,0.0106,
contributions,1700-1710,1789-1802,70,4077,,0.5019,0.8625,
maritime,1720-1730,1760-1770,81,729,,0.5019,0.8392,
dri,1730-1740,1789-1802,75,273,,0.5018,0.1127,
l'être,1700-1710,1760-1770,471,3188,,0.5016,,
cachent,1700-1710,1780-1789,54,366,,0.5013,0.2611,
l'hôtel,1710-1720,1789-1802,1152,2059,,0.5012,,
boutiques,1740-1750,1750-1760,331,382,,0.5007,,
dorante,1770-1780,1789-1802,74,100,,0.5005,,
frontière,1720-1730,1740-1750,54,86,,0.5002,,
augures,1710-1720,1789-1802,183,106,,0.5001,,
cassé,1700-1710,1740-1750,69,142,,0.4999,0.8752,
poulie,1710-1720,1780-1789,60,413,,0.4998,,
sat,1730-1740,1789-1802,192,210,,0.4996,0.8955,
cordages,1710-1720,1740-1750,119,1041,,0.4994,,
protester,1700-1710,1780-1789,58,179,,0.4993,0.521,
allumée,1710-1720,1720-1730,62,70,,0.4991,,
fripon,1720-1730,1789-1802,123,363,,0.4989,,
comprends,1710-1720,1770-1780,97,465,,0.4987,0.4085,
montée,1750-1760,1760-1770,199,527,,0.4985,0.2955,
profitable,1730-1740,1740-1750,90,73,,0.4984,0.394,
quin,1710-1720,1770-1780,692,946,,0.4982,0.6473,
verité,1700-1710,1789-1802,2035,453,,0.4981,,
bouton,1700-1710,1770-1780,96,1090,,0.4981,0.3716,
grotius,1710-1720,1730-1740,56,118,,0.4979,0.1412,
peuplée,1710-1720,1760-1770,53,403,,0.4978,,
paniers,1700-1710,1760-1770,154,482,,0.4977,,
grenoble,1740-1750,1750-1760,87,140,,0.4975,0.8057,
carreaux,1710-1720,1789-1802,103,414,,0.4974,0.8064,
d'engager,1700-1710,1720-1730,50,120,,0.4972,,
frivole,1700-1710,1720-1730,79,127,,0.4971,0.6858,
porcs,1700-1710,1730-1740,59,113,,0.497,0.7167,
proprieté,1760-1770,1789-1802,242,191,,0.4968,,
ats,1750-1760,1789-1802,68,486,,0.4967,0.0037,
via,1720-1730,1780-1789,487,442,,0.4967,0.2955,
d'infanterie,1710-1720,1770-1780,109,393,,0.4966,,
amoureuse,1700-1710,1720-1730,63,60,,0.4962,0.1067,
ruisseau,1700-1710,1730-1740,96,210,,0.4961,,
viandes,1750-1760,1760-1770,323,387,,0.496,,
royau,1720-1730,1789-1802,117,230,,0.496,0.9318,
croissant,1700-1710,1789-1802,58,467,,0.4959,0.7618,
judice,1730-1740,1789-1802,217,332,,0.4955,0.4141,
vifible,1710-1720,1789-1802,92,156,,0.4954,,
libertins,1700-1710,1780-1789,56,352,,0.4953,0.4809,
confulat,1710-1720,1789-1802,93,90,,0.4951,,
frontin,1720-1730,1760-1770,140,108,,0.495,,
gouvernemens,1700-1710,1789-1802,96,3011,,0.4949,0.9324,
affront,1750-1760,1770-1780,224,419,,0.4948,,
hait,1710-1720,1760-1770,127,284,,0.4947,0.5049,
étrangere,1700-1710,1789-1802,106,395,,0.4944,0.7722,
célébrer,1740-1750,1789-1802,229,605,,0.4942,,
équivoques,1710-1720,1789-1802,55,313,,0.4942,0.7154,
familiers,1700-1710,1730-1740,73,86,,0.4941,0.7664,
diamètre,1700-1710,1770-1780,52,726,,0.4938,0.9634,
couchée,1720-1730,1730-1740,92,114,,0.4938,,
tota,1730-1740,1789-1802,279,308,,0.4936,0.9543,
dispense,1720-1730,1789-1802,205,582,,0.4935,0.3182,
peints,1730-1740,1760-1770,106,329,,0.4933,,
d'autorité,1700-1710,1789-1802,142,960,,0.4932,,
tibre,1700-1710,1720-1730,104,107,,0.4931,,
d'alexandrie,1700-1710,1780-1789,151,594,,0.493,,
reglement,1710-1720,1789-1802,904,125,,0.4928,,
d'équité,1720-1730,1789-1802,61,349,,0.4928,,
iar,1730-1740,1789-1802,73,433,,0.4926,0.1218,
édifices,1720-1730,1789-1802,186,749,,0.4924,0.7265,
autrc,1730-1740,1760-1770,67,120,,0.4923,,
dare,1720-1730,1770-1780,334,335,,0.4922,0.8357,
aumônes,1710-1720,1780-1789,141,565,,0.492,,
l'oisiveté,1700-1710,1730-1740,54,52,,0.4918,,
certe,1710-1720,1740-1750,273,978,,0.4917,0.225,
clou,1720-1730,1770-1780,94,609,,0.4913,,
secretes,1700-1710,1750-1760,51,99,,0.4912,0.6975,
bannis,1700-1710,1730-1740,90,341,,0.491,0.6029,
rétablie,1710-1720,1789-1802,139,441,,0.4908,0.8912,
senlis,1700-1710,1780-1789,54,244,,0.4904,0.334,
d'athenes,1760-1770,1789-1802,183,92,,0.4903,,
imprime,1710-1720,1730-1740,59,107,,0.4903,0.0618,
corail,1740-1750,1750-1760,284,223,,0.49,,
roc,1700-1710,1770-1780,137,1128,,0.49,0.9845,
clos,1720-1730,1789-1802,346,389,,0.4896,0.5798,
lre,1730-1740,1789-1802,93,559,,0.4893,0.3321,
d'amsterdam,1730-1740,1789-1802,325,550,,0.4892,,
dépouille,1710-1720,1720-1730,165,142,,0.4891,0.0147,
ravis,1710-1720,1760-1770,106,120,,0.489,,
pénétration,1710-1720,1780-1789,75,391,,0.4889,0.1692,
guéri,1720-1730,1789-1802,130,294,,0.4888,0.1548,
ian,1710-1720,1730-1740,93,112,,0.4887,0.2221,
mala,1710-1720,1780-1789,249,428,,0.4884,0.6523,
nle,1710-1720,1730-1740,78,90,,0.4883,0.1679,
lisant,1720-1730,1730-1740,75,169,,0.4882,0.7939,
ceu,1710-1720,1750-1760,131,215,,0.4882,0.6147,
ardens,1700-1710,1789-1802,59,552,,0.488,0.6229,
vaille,1700-1710,1740-1750,205,378,,0.4879,0.6774,
arraché,1700-1710,1770-1780,69,565,,0.4879,0.2969,
iers,1700-1710,1710-1720,104,156,,0.4877,0.4455,
mors,1700-1710,1770-1780,86,499,,0.4876,0.3738,
personnelle,1710-1720,1720-1730,172,106,,0.4872,0.9205,
thrace,1700-1710,1720-1730,71,254,,0.4871,0.4188,
expofé,1710-1720,1789-1802,52,348,,0.4869,0.4946,
ette,1730-1740,1760-1770,187,402,,0.4866,0.3006,
lifant,1730-1740,1740-1750,133,111,,0.4865,0.469,
ferr,1750-1760,1789-1802,62,77,,0.4864,0.295,
sermons,1720-1730,1780-1789,257,345,,0.4862,,
colline,1740-1750,1750-1760,383,138,,0.4861,0.8848,
rand,1700-1710,1760-1770,107,114,,0.4859,0.4641,
parl,1700-1710,1789-1802,95,384,,0.4858,0.0668,
constantin,1730-1740,1740-1750,259,120,,0.4857,,
déchirer,1720-1730,1730-1740,55,150,,0.4854,0.711,
pécheurs,1700-1710,1770-1780,78,282,,0.4851,,
deus,1740-1750,1770-1780,629,546,,0.485,,
justifié,1710-1720,1789-1802,103,467,,0.4849,0.434,
bottes,1710-1720,1740-1750,194,179,,0.4846,0.8004,
l'ouvrier,1710-1720,1789-1802,120,505,,0.4843,,
cei,1740-1750,1789-1802,176,594,,0.4841,0.2573,
t'il,1740-1750,1789-1802,1467,221,,0.484,,
fiire,1730-1740,1740-1750,96,164,,0.4839,,
mêlent,1750-1760,1789-1802,264,293,,0.4837,,
fracas,1710-1720,1770-1780,89,464,,0.4835,0.2172,
mouve,1710-1720,1750-1760,67,218,,0.4834,0.721,
puisqu'il,1700-1710,1710-1720,644,858,,0.4833,,
l'imitation,1710-1720,1720-1730,232,148,,0.4833,,
figuré,1710-1720,1770-1780,96,431,,0.4832,,
lef,1700-1710,1780-1789,171,858,,0.483,0.8056,
paternel,1700-1710,1789-1802,84,516,,0.4829,0.9565,
lasse,1700-1710,1789-1802,78,359,,0.4826,0.9504,
l'inégalité,1720-1730,1770-1780,62,595,,0.4824,,
luit,1700-1710,1760-1770,225,231,,0.4822,0.769,
ria,1740-1750,1780-1789,175,291,,0.4821,0.116,
tet,1710-1720,1780-1789,71,233,,0.482,,
raiyon,1730-1740,1750-1760,421,261,,0.4819,,
clu,1730-1740,1760-1770,88,145,,0.4816,0.1528,
danser,1700-1710,1730-1740,74,120,,0.4815,,
much,1710-1720,1789-1802,78,550,,0.4814,,
hais,1700-1710,1710-1720,83,69,,0.4811,0.6672,
acquise,1740-1750,1760-1770,146,435,,0.4808,0.2704,
prudens,1710-1720,1789-1802,70,186,,0.4806,,
anr,1740-1750,1789-1802,121,323,,0.4805,0.105,
s'engage,1710-1720,1720-1730,75,93,,0.4802,,
préteur,1700-1710,1789-1802,247,238,,0.4799,,
contrôle,1730-1740,1789-1802,94,891,,0.4798,0.2117,
crit,1710-1720,1789-1802,106,408,,0.4798,0.206,
patrons,1740-1750,1760-1770,154,435,,0.4796,0.6881,
éclairée,1700-1710,1789-1802,81,1150,,0.479,0.6743,
terram,1700-1710,1730-1740,91,395,,0.4788,0.9151,
originaux,1720-1730,1730-1740,210,208,,0.4787,,
funt,1730-1740,1770-1780,812,2723,,0.4786,,
bleus,1750-1760,1770-1780,87,269,,0.4785,,
mali,1770-1780,1789-1802,323,175,,0.4784,0.6473,
ius,1710-1720,1789-1802,145,528,,0.4783,0.3037,
bouilli,1720-1730,1760-1770,97,197,,0.4781,,
furie,1720-1730,1730-1740,167,422,,0.4778,,
prieur,1700-1710,1730-1740,183,435,,0.4777,,
ean,1710-1720,1770-1780,96,133,,0.4775,,
lame,1700-1710,1770-1780,154,1674,,0.4773,0.9811,
subtil,1700-1710,1730-1740,89,199,,0.4773,0.0986,
qli,1720-1730,1789-1802,128,673,,0.477,,
zélé,1700-1710,1789-1802,118,573,,0.4769,0.9551,
lève,1700-1710,1720-1730,96,91,,0.4767,0.7681,
l'attention,1700-1710,1789-1802,142,2276,,0.4766,,
l'amerique,1720-1730,1780-1789,459,174,,0.4766,,
aye,1710-1720,1789-1802,132,202,,0.4765,,
d'elles,1710-1720,1740-1750,250,531,,0.4761,,
disgrâce,1710-1720,1780-1789,194,74,,0.476,,
plate,1720-1730,1730-1740,322,142,,0.4759,0.3617,
l'ste,1730-1740,1740-1750,58,784,,0.4758,,
tonnes,1720-1730,1770-1780,131,522,,0.4755,0.6207,
grotte,1710-1720,1789-1802,68,462,,0.4752,0.683,
portier,1700-1710,1750-1760,88,80,,0.4752,,
livourne,1730-1740,1760-1770,106,1385,,0.4748,,
right,1730-1740,1760-1770,63,101,,0.4748,,
c'c,1700-1710,1750-1760,88,115,,0.4744,,
broderie,1710-1720,1730-1740,121,138,,0.4741,,
règlement,1710-1720,1720-1730,226,478,,0.4738,0.3383,
libéralité,1710-1720,1760-1770,119,381,,0.4737,0.7657,
bouquet,1700-1710,1780-1789,102,549,,0.4736,0.9837,
réciproquement,1710-1720,1760-1770,145,741,,0.4735,0.7679,
tirons,1770-1780,1780-1789,264,340,,0.4734,0.3323,
apparente,1700-1710,1770-1780,77,817,,0.4734,0.4178,
d'acier,1710-1720,1770-1780,85,1501,,0.4733,,
affoiblir,1700-1710,1710-1720,72,61,,0.4732,0.5611,
ios,1730-1740,1770-1780,295,499,,0.4731,,
ancienneté,1700-1710,1710-1720,56,138,,0.4727,0.6026,
terrestre,1700-1710,1730-1740,125,192,,0.4726,,
fiere,1710-1720,1789-1802,108,203,,0.4719,0.4478,
esset,1740-1750,1760-1770,111,151,,0.4717,,
accordées,1700-1710,1780-1789,91,856,,0.4715,0.7595,
mutuel,1710-1720,1740-1750,58,223,,0.4713,0.2669,
castille,1700-1710,1789-1802,1037,262,,0.4709,,
donr,1700-1710,1750-1760,85,219,,0.4705,0.4131,
l'agitation,1700-1710,1789-1802,62,370,,0.4704,,
l'acte,1710-1720,1789-1802,151,1395,,0.4702,,
savon,1720-1730,1770-1780,151,1063,,0.4701,0.3965,
consent,1710-1720,1720-1730,88,68,,0.4698,0.5759,
mexique,1730-1740,1740-1750,63,529,,0.4696,0.9526,
filet,1730-1740,1760-1770,290,3205,,0.4695,0.9596,
eji,1730-1740,1789-1802,237,233,,0.4695,0.1813,
iel,1710-1720,1720-1730,75,122,,0.4695,0.1032,
d'acheter,1710-1720,1780-1789,454,826,,0.4692,,
monnoyés,1710-1720,1789-1802,301,364,,0.4692,,
magni,1710-1720,1780-1789,98,307,,0.469,0.5121,
battant,1700-1710,1760-1770,87,465,,0.4689,0.9554,
présomption,1710-1720,1720-1730,72,72,,0.4688,0.2676,
gresse,1700-1710,1720-1730,383,428,,0.4687,0.9954,
exprimées,1710-1720,1770-1780,76,172,,0.4682,0.8561,
enferme,1700-1710,1720-1730,52,72,,0.4681,0.3741,
epître,1710-1720,1760-1770,115,158,,0.4681,,
parme,1710-1720,1730-1740,313,516,,0.468,0.9928,
évite,1700-1710,1720-1730,71,72,,0.4679,0.2676,
erat,1730-1740,1780-1789,1531,748,,0.4678,,
quittes,1700-1710,1789-1802,63,177,,0.4677,0.3985,
parfaites,1720-1730,1760-1770,106,303,,0.4675,,
confession,1700-1710,1789-1802,354,355,,0.4673,,
honnêtement,1720-1730,1740-1750,77,124,,0.4671,,
secrettes,1710-1720,1750-1760,60,210,,0.4669,0.4645,
d'orgueil,1700-1710,1710-1720,67,56,,0.4667,,
l'évidence,1700-1710,1710-1720,55,64,,0.4667,,
perdez,1780-1789,1789-1802,297,307,,0.4664,0.2081,
mouche,1720-1730,1760-1770,104,439,,0.4663,0.6837,
termina,1700-1710,1710-1720,61,60,,0.4661,0.9502,
retournent,1710-1720,1750-1760,78,133,,0.4659,0.5417,
lingots,1700-1710,1760-1770,70,508,,0.4657,0.9208,
temporel,1710-1720,1720-1730,150,313,,0.4655,0.1834,
respects,1770-1780,1780-1789,224,134,,0.4653,,
chevilles,1710-1720,1750-1760,57,172,,0.465,,
sii,1730-1740,1789-1802,54,422,,0.4649,,
pile,1710-1720,1780-1789,138,406,,0.4648,0.2197,
boni,1740-1750,1780-1789,181,151,,0.4647,0.7558,
remuant,1700-1710,1730-1740,54,75,,0.4646,,
ciment,1700-1710,1789-1802,50,183,,0.4645,0.3487,
gaule,1720-1730,1730-1740,590,456,,0.4643,0.7406,
rcr,1730-1740,1740-1750,80,124,,0.4641,0.171,
tremblement,1700-1710,1750-1760,54,241,,0.464,0.9728,
recevroit,1710-1720,1740-1750,58,153,,0.4639,0.7148,
valablement,1720-1730,1770-1780,57,200,,0.4639,,
ecoliers,1700-1710,1789-1802,97,57,,0.4631,,
pendu,1710-1720,1730-1740,175,142,,0.463,0.0402,
âne,1710-1720,1720-1730,54,50,,0.4629,,
ejt,1700-1710,1760-1770,156,267,,0.4626,0.7011,
tuoient,1760-1770,1770-1780,207,235,,0.4625,0.1757,
cloche,1720-1730,1730-1740,184,206,,0.4625,,
ctl,1710-1720,1750-1760,53,54,,0.4624,0.3254,
l'alliance,1700-1710,1740-1750,127,375,,0.4621,,
diner,1700-1710,1710-1720,65,102,,0.462,0.3526,
refute,1720-1730,1789-1802,122,265,,0.4619,0.3666,
jettoit,1700-1710,1720-1730,54,148,,0.4618,0.5575,
regnent,1710-1720,1789-1802,79,122,,0.4614,0.822,
tirera,1700-1710,1740-1750,80,129,,0.4614,0.3745,
flr,1730-1740,1760-1770,119,354,,0.4613,0.0488,
renard,1710-1720,1780-1789,167,569,,0.4612,0.057,
sentiers,1710-1720,1770-1780,89,311,,0.4611,0.9271,
sérieuse,1710-1720,1720-1730,77,62,,0.4611,0.5536,
deçà,1710-1720,1740-1750,70,192,,0.4607,0.8529,
droir,1730-1740,1740-1750,124,168,,0.4606,,
iiu,1750-1760,1770-1780,50,146,,0.4604,0.172,
montans,1730-1740,1789-1802,106,59,,0.4601,0.8868,
jettée,1700-1710,1730-1740,59,138,,0.4599,,
naissante,1710-1720,1789-1802,94,468,,0.4598,0.9292,
azile,1700-1710,1780-1789,63,71,,0.4597,0.3521,
espagnoles,1700-1710,1789-1802,51,280,,0.4596,0.8519,
sermens,1700-1710,1760-1770,90,175,,0.4595,0.9413,
préface,1700-1710,1780-1789,99,1066,,0.4594,0.1939,
renu,1700-1710,1780-1789,130,136,,0.4593,,
écuyer,1750-1760,1760-1770,72,148,,0.4589,,
chantoit,1700-1710,1720-1730,58,50,,0.4587,0.6562,
l'afie,1700-1710,1770-1780,59,1054,,0.4583,,
demandoient,1700-1710,1720-1730,100,217,,0.4583,0.8348,
d'appel,1710-1720,1789-1802,388,291,,0.4579,,
quidam,1770-1780,1789-1802,974,110,,0.4578,0.8952,
vuides,1700-1710,1789-1802,147,310,,0.4577,0.112,
accordez,1720-1730,1760-1770,209,163,,0.4575,,
subit,1700-1710,1740-1750,101,193,,0.4574,0.7305,
observent,1710-1720,1750-1760,122,155,,0.4572,0.4711,
t'on,1710-1720,1789-1802,209,150,,0.4569,,
boulogne,1730-1740,1789-1802,239,377,,0.4566,0.5401,
chrétiennes,1720-1730,1780-1789,124,155,,0.4565,,
célèbres,1720-1730,1730-1740,59,184,,0.4564,0.2783,
domini,1720-1730,1789-1802,1058,358,,0.4563,0.9676,
d'l,1730-1740,1760-1770,80,108,,0.4562,,
efe,1720-1730,1780-1789,134,190,,0.4562,0.5272,
donation,1700-1710,1789-1802,498,427,,0.456,,
déluge,1700-1710,1780-1789,59,807,,0.4558,0.3919,
demeurera,1730-1740,1770-1780,327,278,,0.4557,,
d'intérêt,1700-1710,1789-1802,65,1838,,0.4555,,
dtu,1730-1740,1789-1802,50,385,,0.4549,0.2565,
clercs,1720-1730,1750-1760,641,428,,0.454,0.9689,
pater,1730-1740,1760-1770,753,328,,0.4539,0.6277,
poils,1730-1740,1760-1770,162,608,,0.4538,0.5017,
d'embarras,1700-1710,1750-1760,64,254,,0.4536,,
riez,1780-1789,1789-1802,386,326,,0.4534,0.3764,
bénéfice,1700-1710,1750-1760,88,1256,,0.4533,0.2162,
envoyent,1770-1780,1780-1789,134,151,,0.453,0.5295,
célébre,1700-1710,1710-1720,89,109,,0.4527,0.2487,
rhodes,1700-1710,1770-1780,114,463,,0.4524,0.2056,
fraudes,1730-1740,1789-1802,227,291,,0.4521,,
prévenus,1720-1730,1789-1802,75,676,,0.452,0.8736,
quli,1730-1740,1789-1802,66,593,,0.4519,0.3857,
conformement,1740-1750,1780-1789,69,70,,0.4516,,
d'arrêter,1700-1710,1789-1802,74,848,,0.4516,,
d'henri,1740-1750,1780-1789,94,531,,0.4515,,
mare,1740-1750,1789-1802,324,292,,0.4513,0.5745,
séduit,1710-1720,1720-1730,59,69,,0.4512,0.5532,
well,1740-1750,1789-1802,59,553,,0.4511,,
ticle,1700-1710,1770-1780,60,280,,0.451,0.0908,
troisiéme,1710-1720,1789-1802,1666,225,,0.4509,,
retours,1710-1720,1740-1750,123,109,,0.4508,0.0709,
reims,1710-1720,1750-1760,493,390,,0.4504,,
avc,1730-1740,1789-1802,76,398,,0.4503,0.6602,
vendant,1700-1710,1770-1780,57,394,,0.4502,0.6647,
d'horreur,1750-1760,1789-1802,362,967,,0.4502,,
d'établir,1700-1710,1740-1750,148,559,,0.45,,
cathédrale,1700-1710,1710-1720,114,1245,,0.4497,,
dominer,1700-1710,1760-1770,51,276,,0.4496,0.4745,
lux,1700-1710,1740-1750,55,86,,0.4495,0.6723,
héritages,1700-1710,1740-1750,192,2194,,0.4493,,
d'avec,1710-1720,1770-1780,515,1026,,0.4489,,
dernieres,1760-1770,1780-1789,1647,1562,,0.4487,,
l'impossibilité,1700-1710,1710-1720,64,95,,0.4485,,
l'ifle,1710-1720,1789-1802,136,239,,0.4484,,
souffrez,1760-1770,1780-1789,381,564,,0.4482,,
signification,1700-1710,1770-1780,242,260,,0.448,,
barils,1730-1740,1760-1770,225,1398,,0.4477,0.9915,
l'inventaire,1720-1730,1730-1740,84,71,,0.4475,,
foudres,1720-1730,1740-1750,64,77,,0.447,,
superflus,1710-1720,1720-1730,100,83,,0.4469,0.4445,
fumier,1710-1720,1780-1789,302,1393,,0.4468,,
aes,1700-1710,1789-1802,114,626,,0.4467,0.1038,
l'amitié,1710-1720,1730-1740,480,1271,,0.4465,,
choque,1710-1720,1720-1730,83,93,,0.4463,0.0773,
méchanceté,1710-1720,1770-1780,71,808,,0.4463,0.9905,
ict,1730-1740,1789-1802,78,376,,0.4462,,
sient,1700-1710,1730-1740,89,74,,0.446,0.4377,
seizième,1710-1720,1720-1730,120,56,,0.446,0.9682,
s'occuper,1700-1710,1780-1789,68,1753,,0.4459,,
habitant,1700-1710,1720-1730,84,175,,0.4458,0.182,
lave,1700-1710,1789-1802,126,599,,0.4453,0.8598,
liquidation,1750-1760,1780-1789,178,620,,0.4451,0.1144,
rce,1720-1730,1730-1740,173,112,,0.4449,0.1058,
allemand,1700-1710,1789-1802,74,839,,0.4447,0.5773,
s'enrichir,1700-1710,1789-1802,56,380,,0.4445,,
jusqu'i,1710-1720,1730-1740,64,64,,0.4442,,
broche,1710-1720,1760-1770,185,502,,0.4442,,
uli,1730-1740,1789-1802,54,328,,0.4438,0.3783,
reflux,1720-1730,1780-1789,91,368,,0.4437,,
ego,1710-1720,1730-1740,2847,1274,,0.4436,,
banquiers,1730-1740,1750-1760,89,325,,0.4435,,
suéde,1710-1720,1720-1730,78,117,,0.4431,0.7694,
tournez,1700-1710,1789-1802,63,84,,0.443,0.9016,
amène,1700-1710,1789-1802,63,545,,0.4428,0.6082,
ciceron,1730-1740,1789-1802,1665,152,,0.4425,,
étranges,1710-1720,1730-1740,126,139,,0.4424,0.1985,
gomme,1700-1710,1720-1730,118,297,,0.4422,0.5967,
bourges,1710-1720,1780-1789,142,989,,0.4421,,
construction,1710-1720,1730-1740,227,187,,0.4419,0.8756,
cai,1740-1750,1789-1802,185,585,,0.4417,0.1768,
mène,1700-1710,1750-1760,60,226,,0.4416,0.3711,
chariot,1700-1710,1789-1802,117,426,,0.4414,0.2819,
brune,1710-1720,1789-1802,125,671,,0.441,0.8447,
d'instruire,1710-1720,1740-1750,72,103,,0.4406,,
traitans,1730-1740,1740-1750,63,60,,0.4405,0.6628,
évêques,1700-1710,1720-1730,63,61,,0.4404,0.8485,
contenoit,1710-1720,1730-1740,100,280,,0.4403,0.8339,
l'évêque,1720-1730,1789-1802,96,1093,,0.4403,,
ourles,1740-1750,1789-1802,127,114,,0.4402,0.2374,
mutation,1720-1730,1750-1760,76,63,,0.4401,0.5372,
refaire,1710-1720,1740-1750,238,273,,0.44,0.7149,
appliquée,1730-1740,1789-1802,122,354,,0.4397,0.6407,
disposée,1710-1720,1760-1770,58,296,,0.4396,0.8835,
d'exemple,1720-1730,1789-1802,99,466,,0.4393,,
d'enlever,1700-1710,1760-1770,54,387,,0.4389,,
finies,1700-1710,1780-1789,58,224,,0.4386,0.807,
parthes,1700-1710,1789-1802,169,147,,0.4385,,
fio,1700-1710,1740-1750,610,146,,0.4384,0.65,
déclarant,1700-1710,1760-1770,73,228,,0.438,0.2656,
l'arche,1720-1730,1760-1770,219,245,,0.4379,,
déroger,1740-1750,1760-1770,106,236,,0.4378,,
dégoût,1700-1710,1720-1730,125,128,,0.4375,0.3055,
assignations,1740-1750,1760-1770,72,142,,0.4373,,
abolir,1700-1710,1740-1750,64,127,,0.437,0.6543,
poëtes,1760-1770,1789-1802,738,401,,0.4368,,
extreme,1700-1710,1760-1770,89,96,,0.4368,,
u'il,1710-1720,1789-1802,148,609,,0.4366,,
defendre,1740-1750,1770-1780,129,168,,0.4365,,
crient,1700-1710,1730-1740,61,63,,0.4364,0.6744,
fouler,1700-1710,1750-1760,62,189,,0.4362,0.7318,
quae,1730-1740,1770-1780,3509,5570,,0.4358,,
operations,1700-1710,1789-1802,216,233,,0.4352,,
inclusivement,1720-1730,1780-1789,82,156,,0.4348,,
l'an,1710-1720,1789-1802,3321,6632,,0.4346,,
exclure,1700-1710,1720-1730,61,81,,0.4345,0.3481,
privées,1730-1740,1789-1802,81,656,,0.4342,0.3413,
héréditaire,1700-1710,1789-1802,97,928,,0.434,0.5639,
sergens,1760-1770,1789-1802,307,189,,0.4338,,
courbe,1700-1710,1760-1770,103,1393,,0.4336,0.9719,
longueurs,1700-1710,1740-1750,85,232,,0.4335,0.7425,
épris,1700-1710,1740-1750,74,155,,0.4333,0.1389,
infatigable,1700-1710,1789-1802,61,363,,0.4332,0.9428,
d'écouter,1710-1720,1740-1750,85,162,,0.4328,,
dli,1700-1710,1760-1770,156,154,,0.4327,0.2233,
fid,1750-1760,1760-1770,118,128,,0.4322,0.1195,
merite,1710-1720,1789-1802,1020,195,,0.4322,,
beauvais,1700-1710,1780-1789,93,463,,0.4321,0.8179,
l'urine,1710-1720,1730-1740,87,65,,0.432,,
dépositaire,1700-1710,1740-1750,101,150,,0.4319,0.5372,
équipages,1710-1720,1780-1789,118,999,,0.4319,,
semer,1710-1720,1730-1740,287,85,,0.4318,,
l'état,1700-1710,1789-1802,1269,21337,,0.431,,
venues,1720-1730,1770-1780,198,505,,0.4308,0.3516,
ennemies,1700-1710,1720-1730,50,86,,0.4306,0.7917,
requise,1710-1720,1789-1802,120,204,,0.4305,,
fint,1770-1780,1789-1802,654,158,,0.4302,,
réjouit,1720-1730,1750-1760,52,118,,0.43,0.5489,
refous,1700-1710,1730-1740,145,139,,0.4297,0.2812,
havre,1700-1710,1760-1770,169,1859,,0.4295,0.952,
lrs,1730-1740,1789-1802,82,429,,0.429,0.3347,
fabrication,1700-1710,1770-1780,230,1126,,0.4287,0.9751,
dul,1720-1730,1760-1770,119,239,,0.4285,0.2642,
maures,1710-1720,1720-1730,66,319,,0.4283,,
primitive,1700-1710,1789-1802,65,866,,0.4283,0.8211,
piques,1700-1710,1730-1740,70,180,,0.4279,0.7895,
buis,1720-1730,1770-1780,78,465,,0.4276,,
confitures,1760-1770,1770-1780,270,244,,0.4273,,
dux,1720-1730,1730-1740,125,706,,0.4272,0.6956,
promenades,1710-1720,1760-1770,88,235,,0.4271,0.2541,
bona,1740-1750,1789-1802,311,212,,0.427,,
versé,1710-1720,1789-1802,77,890,,0.4269,0.962,
chaffer,1710-1720,1789-1802,89,265,,0.4268,0.6105,
s'cn,1700-1710,1780-1789,120,270,,0.4267,,
lles,1710-1720,1789-1802,119,473,,0.4266,0.3921,
mia,1710-1720,1770-1780,106,199,,0.4266,0.4623,
singuliere,1700-1710,1789-1802,117,229,,0.4262,0.6978,
borner,1700-1710,1789-1802,60,986,,0.426,0.9759,
personnel,1700-1710,1789-1802,130,1838,,0.4259,0.6905,
manieres,1710-1720,1720-1730,807,767,,0.4258,,
marcus,1710-1720,1760-1770,102,115,,0.4257,,
pouir,1730-1740,1760-1770,91,220,,0.4256,,
prive,1700-1710,1730-1740,100,156,,0.4255,0.4431,
trs,1710-1720,1720-1730,140,340,,0.4255,0.8113,
influence,1700-1710,1770-1780,60,1334,,0.4252,0.7587,
s'offre,1720-1730,1740-1750,60,183,,0.425,,
dicu,1760-1770,1770-1780,211,136,,0.4245,,
loient,1700-1710,1740-1750,110,196,,0.4244,0.6861,
sut,1720-1730,1750-1760,174,490,,0.4242,,
satyre,1700-1710,1720-1730,83,125,,0.424,0.3399,
sortifie,1700-1710,1720-1730,73,135,,0.4238,0.0113,
accepte,1700-1710,1720-1730,77,70,,0.4237,0.1594,
fions,1720-1730,1750-1760,364,788,,0.4236,0.3588,
i's,1730-1740,1740-1750,102,118,,0.4233,,
vermillon,1720-1730,1740-1750,136,339,,0.4232,0.5527,
trompez,1720-1730,1780-1789,221,422,,0.4231,,
d'efpagne,1720-1730,1740-1750,188,1244,,0.4229,,
arcs,1700-1710,1760-1770,73,496,,0.4227,0.9056,
caisses,1710-1720,1789-1802,82,1692,,0.4224,0.9017,
contents,1710-1720,1789-1802,134,267,,0.4223,0.9457,
l'ordre,1700-1710,1789-1802,2092,16235,,0.4221,,
épiceries,1700-1710,1730-1740,118,375,,0.422,0.9159,
l'ardeur,1730-1740,1789-1802,620,669,,0.422,,
modérer,1710-1720,1720-1730,62,95,,0.4216,0.7214,
blessure,1700-1710,1730-1740,74,142,,0.4214,0.4128,
quatrevingt,1700-1710,1789-1802,54,430,,0.4213,0.9101,
salutaire,1710-1720,1789-1802,157,1105,,0.4212,0.5335,
d'imiter,1720-1730,1730-1740,101,185,,0.421,,
expire,1720-1730,1789-1802,93,308,,0.4206,0.2959,
d'ôter,1700-1710,1740-1750,122,150,,0.4202,,
s'instruire,1700-1710,1710-1720,57,103,,0.4199,,
good,1740-1750,1789-1802,51,472,,0.4199,,
l'exclusion,1700-1710,1720-1730,99,119,,0.4197,,
velours,1760-1770,1770-1780,623,604,,0.4196,,
formelle,1700-1710,1789-1802,118,565,,0.4195,0.7276,
post,1730-1740,1789-1802,1339,459,,0.4194,0.8894,
execution,1710-1720,1780-1789,827,242,,0.4192,,
juris,1710-1720,1720-1730,197,584,,0.4189,0.842,
day,1710-1720,1789-1802,70,661,,0.4188,,
iooo,1710-1720,1730-1740,97,96,,0.4188,,
confie,1700-1710,1789-1802,70,653,,0.4186,0.8288,
permise,1700-1710,1770-1780,62,330,,0.4185,0.6058,
couvrit,1710-1720,1740-1750,72,170,,0.4183,,
s'oppose,1700-1710,1789-1802,67,524,,0.4178,,
conjoncture,1720-1730,1770-1780,173,282,,0.4177,,
donnât,1710-1720,1760-1770,146,385,,0.4175,,
vils,1700-1710,1789-1802,60,1198,,0.4171,0.9738,
sanglier,1700-1710,1760-1770,125,307,,0.417,,
exemptions,1770-1780,1780-1789,640,456,,0.4169,0.3823,
nymphe,1730-1740,1760-1770,302,356,,0.4164,,
l'administration,1700-1710,1789-1802,125,6895,,0.416,,
d'autriche,1700-1710,1740-1750,161,1116,,0.4158,,
ajoutée,1720-1730,1789-1802,111,175,,0.4157,,
l'ambassadeur,1740-1750,1770-1780,538,354,,0.4157,,
minorité,1710-1720,1789-1802,171,750,,0.415,,
supérieure,1710-1720,1760-1770,177,2606,,0.4148,0.9387,
i'a,1720-1730,1760-1770,166,285,,0.4147,,
demandeur,1710-1720,1789-1802,320,323,,0.4146,,
gâte,1700-1710,1789-1802,65,128,,0.4144,0.8949,
afie,1720-1730,1750-1760,118,149,,0.4143,0.771,
mulets,1700-1710,1760-1770,100,416,,0.414,0.7781,
martyr,1710-1720,1740-1750,153,110,,0.4139,,
juif,1730-1740,1760-1770,346,782,,0.4139,0.6406,
n'é,1700-1710,1710-1720,110,156,,0.4139,,
picce,1700-1710,1789-1802,226,112,,0.4132,,
dti,1750-1760,1789-1802,130,538,,0.4131,0.2427,
sapin,1740-1750,1760-1770,262,565,,0.4125,0.6633,
contenue,1710-1720,1760-1770,95,484,,0.4124,,
respe,1710-1720,1780-1789,121,1742,,0.4123,0.427,
indispensable,1710-1720,1789-1802,142,2098,,0.4122,0.7555,
quanti,1720-1730,1730-1740,134,96,,0.4121,0.3959,
late,1730-1740,1789-1802,70,230,,0.4118,0.9116,
préparez,1710-1720,1740-1750,79,58,,0.4115,,
fraîche,1720-1730,1740-1750,107,271,,0.411,,
charitable,1720-1730,1780-1789,98,299,,0.4109,0.8563,
entierement,1720-1730,1789-1802,954,484,,0.4108,0.9305,
poudres,1700-1710,1789-1802,78,393,,0.4107,0.7046,
l'amant,1700-1710,1710-1720,66,162,,0.4107,,
scaliger,1740-1750,1789-1802,65,73,,0.4106,0.0469,
puisqu'on,1710-1720,1789-1802,183,706,,0.4105,,
pia,1740-1750,1780-1789,93,201,,0.4104,0.1641,
fournies,1740-1750,1760-1770,226,422,,0.4103,0.7611,
endormi,1720-1730,1730-1740,67,111,,0.4102,0.0336,
uil,1700-1710,1750-1760,140,98,,0.4101,0.609,
foiblesses,1700-1710,1770-1780,58,530,,0.41,0.7316,
introduite,1700-1710,1710-1720,63,54,,0.4099,0.2142,
l'anglois,1710-1720,1780-1789,65,817,,0.4095,,
lal,1730-1740,1770-1780,59,153,,0.4094,0.0811,
modele,1740-1750,1789-1802,289,439,,0.4093,0.2247,
femelles,1720-1730,1760-1770,130,999,,0.409,,
quantite,1700-1710,1710-1720,72,455,,0.409,0.8604,
prient,1710-1720,1750-1760,100,120,,0.4088,,
l'éclat,1710-1720,1730-1740,385,851,,0.4087,,
réparation,1700-1710,1789-1802,73,822,,0.4086,0.5681,
aigre,1700-1710,1730-1740,80,96,,0.4084,,
cercueil,1710-1720,1750-1760,70,118,,0.4083,0.1279,
arnaud,1700-1710,1780-1789,70,198,,0.4083,0.3328,
précepteur,1700-1710,1789-1802,69,337,,0.4081,0.7074,
livrez,1700-1710,1760-1770,82,111,,0.4079,0.9027,
declaration,1730-1740,1789-1802,1180,248,,0.4076,,
immortelle,1710-1720,1730-1740,166,286,,0.4075,,
declaré,1710-1720,1789-1802,481,109,,0.4074,,
joignent,1700-1710,1760-1770,90,476,,0.4072,0.7707,
xxxiv,1750-1760,1789-1802,316,301,,0.4066,0.5487,
baguette,1700-1710,1780-1789,89,745,,0.4064,0.2596,
prcs,1730-1740,1770-1780,71,220,,0.4063,0.4057,
fourbe,1700-1710,1710-1720,119,201,,0.406,,
nic,1710-1720,1720-1730,108,420,,0.4058,0.8491,
l'occident,1710-1720,1789-1802,222,490,,0.4058,,
s'éleve,1710-1720,1789-1802,146,511,,0.4057,,
éclate,1710-1720,1789-1802,70,305,,0.4054,0.1515,
parenté,1710-1720,1750-1760,74,123,,0.4053,,
poule,1750-1760,1789-1802,489,299,,0.4049,0.8145,
toits,1710-1720,1740-1750,121,191,,0.4047,0.9546,
cuirs,1720-1730,1760-1770,264,3022,,0.4045,0.4875,
d'attirer,1700-1710,1720-1730,85,79,,0.4041,,
lieutenans,1710-1720,1789-1802,931,584,,0.4039,,
gabriel,1720-1730,1780-1789,278,394,,0.4038,0.4427,
résolutions,1710-1720,1770-1780,159,544,,0.4033,0.6702,
tarde,1700-1710,1780-1789,64,450,,0.4032,0.9801,
observant,1700-1710,1730-1740,191,178,,0.403,,
numero,1700-1710,1760-1770,79,251,,0.4027,0.447,
observées,1730-1740,1750-1760,161,200,,0.4026,0.4818,
lient,1700-1710,1770-1780,91,399,,0.4025,0.8031,
balle,1700-1710,1780-1789,115,693,,0.4023,0.3041,
puissants,1700-1710,1789-1802,75,369,,0.4023,0.3783,
suffrage,1700-1710,1760-1770,65,371,,0.4022,0.3606,
uine,1720-1730,1750-1760,98,130,,0.4021,0.3739,
satisfaits,1700-1710,1730-1740,92,198,,0.402,0.3231,
sénateurs,1710-1720,1730-1740,81,780,,0.4018,0.8645,
vassaux,1730-1740,1789-1802,305,752,,0.4016,,
multiplie,1700-1710,1730-1740,452,100,,0.4016,,
monceaux,1720-1730,1730-1740,81,108,,0.4015,0.9436,
information,1700-1710,1789-1802,95,352,,0.4014,0.5754,
books,1720-1730,1789-1802,403,158,,0.4013,,
perche,1720-1730,1740-1750,273,267,,0.4012,0.4052,
l'aveu,1700-1710,1710-1720,142,156,,0.4012,,
videre,1730-1740,1760-1770,270,68,,0.4011,,
courrier,1720-1730,1770-1780,119,126,,0.4008,,
different,1730-1740,1770-1780,334,748,,0.4006,,
participer,1700-1710,1780-1789,75,595,,0.3999,0.7605,
aînée,1760-1770,1770-1780,163,203,,0.3998,,
enseignes,1700-1710,1760-1770,63,315,,0.3996,0.7322,
l'île,1710-1720,1780-1789,76,1795,,0.3995,,
commet,1700-1710,1750-1760,151,331,,0.3994,0.5001,
débauche,1700-1710,1720-1730,174,195,,0.3993,0.656,
grecques,1700-1710,1710-1720,50,82,,0.3992,0.805,
cardinaux,1700-1710,1770-1780,197,350,,0.3989,,
fend,1700-1710,1760-1770,119,445,,0.3988,0.8135,
ving,1700-1710,1780-1789,71,314,,0.3987,0.8089,
arrets,1750-1760,1789-1802,506,122,,0.3986,,
ias,1710-1720,1780-1789,63,244,,0.3984,0.1258,
boi,1770-1780,1789-1802,309,358,,0.3983,0.0658,
choies,1710-1720,1789-1802,217,290,,0.3981,,
guérit,1710-1720,1740-1750,87,206,,0.398,0.4747,
paresse,1700-1710,1760-1770,86,376,,0.3979,0.95,
représentations,1700-1710,1780-1789,53,1551,,0.3978,0.4448,
servie,1730-1740,1740-1750,115,98,,0.3977,,
flore,1700-1710,1750-1760,84,664,,0.3977,0.0769,
l'aune,1700-1710,1770-1780,423,527,,0.3974,,
retenus,1700-1710,1760-1770,78,328,,0.3974,0.8406,
j'avance,1700-1710,1770-1780,55,257,,0.3973,,
desus,1720-1730,1750-1760,199,185,,0.3969,0.6595,
d'exciter,1700-1710,1789-1802,53,508,,0.3968,,
lys,1720-1730,1740-1750,253,305,,0.3967,0.9761,
malignité,1700-1710,1789-1802,101,317,,0.3966,0.9672,
prononcée,1710-1720,1740-1750,77,122,,0.3961,,
publie,1700-1710,1789-1802,110,564,,0.3959,0.0472,
charpentier,1730-1740,1760-1770,80,198,,0.3955,,
soutien,1700-1710,1770-1780,63,896,,0.3953,0.236,
irriter,1720-1730,1740-1750,69,118,,0.3952,0.8845,
iiv,1700-1710,1750-1760,84,126,,0.3951,0.8681,
rouleau,1720-1730,1789-1802,117,246,,0.395,0.8115,
cessent,1700-1710,1710-1720,58,106,,0.3948,0.4608,
iro,1730-1740,1750-1760,54,75,,0.3945,0.0967,
fixée,1710-1720,1750-1760,104,310,,0.3942,0.3788,
marches,1710-1720,1750-1760,175,301,,0.3942,0.8242,
trouvés,1700-1710,1789-1802,104,1468,,0.3941,0.694,
retirés,1700-1710,1720-1730,69,96,,0.3939,0.7981,
perfonnes,1750-1760,1789-1802,148,66,,0.3938,,
pointu,1740-1750,1780-1789,218,379,,0.3937,,
loo,1730-1740,1760-1770,107,728,,0.3937,,
mii,1760-1770,1789-1802,219,595,,0.3933,0.2443,
ajoutent,1710-1720,1760-1770,101,392,,0.3931,0.6125,
poitiers,1710-1720,1760-1770,166,354,,0.3931,0.572,
métal,1710-1720,1760-1770,85,1910,,0.3927,0.9416,
produira,1710-1720,1730-1740,67,79,,0.3925,0.4794,
proprio,1720-1730,1770-1780,116,294,,0.3924,0.2905,
qu'ainsi,1750-1760,1789-1802,395,830,,0.3923,,
attentive,1720-1730,1789-1802,68,422,,0.3921,0.4456,
principauté,1700-1710,1740-1750,123,157,,0.3921,,
martyre,1720-1730,1730-1740,137,106,,0.3918,,
auri,1720-1730,1789-1802,140,124,,0.3917,0.8399,
plaisante,1740-1750,1750-1760,170,220,,0.3917,,
intelligences,1700-1710,1710-1720,74,62,,0.3916,0.5461,
deo,1700-1710,1730-1740,207,881,,0.3915,0.9769,
icl,1720-1730,1789-1802,119,488,,0.3914,0.1558,
tâchent,1780-1789,1789-1802,141,71,,0.3914,,
révolutions,1700-1710,1789-1802,53,2526,,0.3913,0.9062,
magasin,1730-1740,1760-1770,124,1248,,0.3912,0.1594,
ore,1700-1710,1780-1789,421,708,,0.3911,0.2421,
tombée,1710-1720,1750-1760,180,340,,0.391,0.3233,
homine,1730-1740,1760-1770,74,107,,0.3908,,
orages,1740-1750,1789-1802,290,953,,0.3905,0.5465,
droiture,1720-1730,1789-1802,385,530,,0.3902,0.9691,
l'heureuse,1720-1730,1760-1770,66,217,,0.3901,,
dudir,1770-1780,1789-1802,59,55,,0.3899,,
paires,1710-1720,1789-1802,126,650,,0.3897,0.078,
d'environ,1730-1740,1740-1750,460,2533,,0.3896,,
pomme,1730-1740,1789-1802,103,613,,0.3896,,
ccr,1730-1740,1760-1770,84,205,,0.3892,0.0472,
voyageur,1700-1710,1730-1740,56,211,,0.3891,0.4784,
quintal,1720-1730,1780-1789,139,3600,,0.3889,0.9923,
sucres,1710-1720,1789-1802,113,803,,0.3888,,
d'arbre,1750-1760,1780-1789,116,217,,0.3887,,
félon,1720-1730,1789-1802,1166,364,,0.3886,,
regnes,1710-1720,1730-1740,96,115,,0.3886,,
attentivement,1700-1710,1720-1730,98,76,,0.3884,0.2956,
aillent,1700-1710,1740-1750,74,66,,0.3883,,
j'entre,1700-1710,1780-1789,51,273,,0.3882,,
surpasser,1700-1710,1710-1720,51,58,,0.3882,0.7309,
bouches,1700-1710,1789-1802,54,659,,0.3879,0.8929,
témoigne,1720-1730,1789-1802,158,360,,0.3877,0.6951,
loups,1710-1720,1750-1760,220,221,,0.3875,,
répandent,1770-1780,1789-1802,813,499,,0.387,0.674,
reflexions,1750-1760,1780-1789,542,319,,0.387,,
déterminée,1710-1720,1789-1802,68,1182,,0.3868,0.7006,
l'abbaye,1720-1730,1789-1802,1132,886,,0.3866,,
battus,1710-1720,1780-1789,114,619,,0.3864,0.6174,
l'illustre,1700-1710,1760-1770,65,306,,0.3863,,
signifié,1700-1710,1789-1802,125,142,,0.3861,,
colin,1720-1730,1730-1740,136,124,,0.3859,0.3134,
geste,1700-1710,1789-1802,60,465,,0.3858,0.5903,
plonger,1720-1730,1730-1740,98,110,,0.3857,0.6874,
monarques,1700-1710,1720-1730,79,110,,0.3857,0.9385,
fide,1730-1740,1789-1802,366,468,,0.3856,0.7503,
suspendre,1700-1710,1789-1802,81,866,,0.3851,0.4174,
sua,1730-1740,1740-1750,1249,270,,0.385,0.9617,
malis,1730-1740,1789-1802,182,122,,0.3848,0.9772,
s'adresse,1700-1710,1720-1730,57,57,,0.3847,,
filius,1700-1710,1730-1740,111,814,,0.3843,0.5046,
réjouir,1700-1710,1770-1780,124,334,,0.384,0.3302,
conful,1780-1789,1789-1802,595,441,,0.3839,,
mihi,1720-1730,1740-1750,1081,2214,,0.3838,,
tambour,1710-1720,1780-1789,70,773,,0.3836,0.2421,
bulles,1700-1710,1730-1740,81,170,,0.3836,0.6374,
consistance,1700-1710,1720-1730,50,80,,0.3834,0.8636,
imite,1700-1710,1720-1730,56,59,,0.3833,0.4603,
chré,1720-1730,1789-1802,105,247,,0.3833,0.5377,
fief,1730-1740,1789-1802,613,1649,,0.3831,,
chiffre,1710-1720,1750-1760,74,153,,0.383,,
ior,1700-1710,1750-1760,134,101,,0.3829,0.2562,
demandera,1710-1720,1750-1760,105,191,,0.3829,0.5704,
recompense,1720-1730,1789-1802,212,99,,0.3826,,
turquie,1710-1720,1789-1802,119,601,,0.3826,0.7299,
ées,1720-1730,1750-1760,91,130,,0.3824,0.4191,
pisces,1740-1750,1780-1789,89,186,,0.3823,,
rassembler,1700-1710,1750-1760,81,400,,0.3822,0.2408,
olives,1700-1710,1760-1770,84,314,,0.3819,0.6402,
épaisses,1750-1760,1780-1789,171,540,,0.3818,0.6962,
exigent,1700-1710,1789-1802,69,1381,,0.3817,0.8317,
prieuré,1710-1720,1770-1780,254,111,,0.3815,,
lucius,1710-1720,1780-1789,127,252,,0.3814,,
l'espoir,1710-1720,1789-1802,88,2694,,0.381,,
t'en,1770-1780,1789-1802,1013,980,,0.3806,,
abattu,1700-1710,1750-1760,55,178,,0.3805,0.0419,
pcu,1730-1740,1750-1760,138,212,,0.3803,,
rendrai,1700-1710,1770-1780,75,294,,0.3796,,
repondre,1730-1740,1789-1802,182,162,,0.3794,,
délivrée,1700-1710,1730-1740,58,200,,0.3794,0.6515,
apportées,1770-1780,1789-1802,260,284,,0.3792,0.2854,
consciences,1720-1730,1760-1770,80,120,,0.379,,
infinis,1700-1710,1789-1802,88,233,,0.3787,0.7422,
d'allemagne,1700-1710,1740-1750,194,503,,0.3787,,
ricn,1710-1720,1789-1802,77,334,,0.3781,,
incapables,1710-1720,1750-1760,160,411,,0.378,0.3487,
passoient,1700-1710,1740-1750,95,237,,0.3776,0.8139,
canards,1730-1740,1750-1760,55,61,,0.3776,0.6386,
dcc,1700-1710,1789-1802,117,442,,0.3775,0.3413,
l'extrémité,1720-1730,1760-1770,302,1653,,0.3774,,
suivez,1750-1760,1770-1780,269,522,,0.3772,0.0178,
obéit,1720-1730,1789-1802,51,475,,0.3771,0.108,
obtenue,1710-1720,1740-1750,87,125,,0.3769,0.1992,
crt,1720-1730,1750-1760,123,84,,0.3768,0.4566,
construit,1700-1710,1750-1760,73,260,,0.3766,0.3272,
s'appliquer,1700-1710,1789-1802,101,506,,0.3766,,
victorieux,1730-1740,1760-1770,278,236,,0.3765,,
xxxv,1750-1760,1789-1802,330,287,,0.3764,0.4755,
teinture,1700-1710,1789-1802,114,527,,0.3762,0.5042,
brabant,1770-1780,1780-1789,743,899,,0.3761,,
paresseux,1730-1740,1740-1750,114,184,,0.3759,0.2018,
attachent,1750-1760,1789-1802,165,296,,0.3753,0.7335,
incontinent,1750-1760,1780-1789,153,1452,,0.375,,
bourgs,1730-1740,1760-1770,942,913,,0.3749,0.9891,
excita,1700-1710,1770-1780,53,354,,0.3748,0.7157,
auxdits,1710-1720,1730-1740,2890,1013,,0.3747,,
ero,1720-1730,1770-1780,107,85,,0.3744,0.2766,
fraix,1710-1720,1740-1750,112,232,,0.374,0.3662,
soutenue,1700-1710,1720-1730,67,66,,0.3738,0.6187,
iai,1750-1760,1789-1802,106,471,,0.3737,0.2064,
rum,1700-1710,1780-1789,283,407,,0.3735,0.9213,
approuvée,1700-1710,1720-1730,67,85,,0.3734,,
tentations,1750-1760,1770-1780,269,265,,0.3733,,
prifes,1710-1720,1789-1802,119,569,,0.3731,0.4967,
payés,1700-1710,1710-1720,72,179,,0.3727,0.4453,
muids,1710-1720,1760-1770,472,1042,,0.3724,,
doir,1700-1710,1770-1780,90,186,,0.3723,0.4739,
rapportée,1740-1750,1760-1770,235,407,,0.3722,0.5136,
faine,1700-1710,1789-1802,110,532,,0.372,0.7824,
s'abandonner,1710-1720,1720-1730,67,70,,0.3719,,
grossier,1720-1730,1740-1750,152,400,,0.3718,0.4447,
l'amour,1710-1720,1760-1770,3081,9637,,0.3713,,
d'eaux,1740-1750,1789-1802,83,204,,0.3713,,
colombe,1720-1730,1770-1780,88,219,,0.371,0.5917,
conjectures,1750-1760,1789-1802,408,513,,0.3708,0.9174,
fontainebleau,1710-1720,1730-1740,286,187,,0.3706,,
d'hommes,1720-1730,1789-1802,733,5440,,0.3706,,
refert,1760-1770,1789-1802,130,53,,0.3705,0.0363,
unanimement,1710-1720,1789-1802,76,479,,0.3703,0.9511,
fic,1720-1730,1740-1750,741,704,,0.3702,0.3129,
traditions,1710-1720,1780-1789,83,487,,0.3701,0.4409,
favoris,1710-1720,1780-1789,138,628,,0.37,0.0168,
ioit,1710-1720,1740-1750,160,250,,0.3699,0.6455,
efj,1730-1740,1750-1760,136,246,,0.3697,0.0928,
notoire,1700-1710,1789-1802,72,361,,0.3696,,
bailliage,1720-1730,1789-1802,440,902,,0.3695,,
quintus,1740-1750,1770-1780,185,368,,0.3691,,
divertissemens,1710-1720,1720-1730,71,79,,0.369,,
palmes,1700-1710,1730-1740,197,79,,0.3688,,
appar,1700-1710,1789-1802,60,473,,0.3688,0.422,
renouveller,1700-1710,1720-1730,135,172,,0.3685,0.6774,
réduites,1700-1710,1760-1770,78,669,,0.3684,0.6816,
profession,1720-1730,1780-1789,62,148,,0.3681,,
vaquer,1700-1710,1740-1750,66,140,,0.368,0.7358,
douzième,1720-1730,1780-1789,105,401,,0.3679,,
l'envi,1700-1710,1720-1730,71,129,,0.3674,,
tranchées,1720-1730,1760-1770,120,215,,0.3674,0.8421,
demeures,1700-1710,1789-1802,56,370,,0.3671,0.6136,
j'aime,1710-1720,1760-1770,568,1363,,0.3668,,
grammaire,1700-1710,1789-1802,65,489,,0.3663,0.9748,
solitaire,1700-1710,1750-1760,61,167,,0.3661,0.0287,
hazarder,1710-1720,1789-1802,77,85,,0.3658,,
touchés,1700-1710,1720-1730,54,52,,0.3657,0.4573,
cede,1710-1720,1750-1760,176,267,,0.3655,0.4062,
laid,1700-1710,1780-1789,191,264,,0.3654,,
protéger,1700-1710,1789-1802,87,1668,,0.3653,0.4072,
lci,1700-1710,1770-1780,100,151,,0.3653,0.5569,
choisies,1700-1710,1710-1720,54,93,,0.3652,0.2607,
dlu,1730-1740,1789-1802,124,1309,,0.3649,0.2465,
qu'ii,1730-1740,1789-1802,102,594,,0.3647,,
blancheur,1710-1720,1780-1789,119,588,,0.3646,,
médiocres,1710-1720,1760-1770,126,638,,0.3645,0.5776,
perfides,1710-1720,1789-1802,63,1090,,0.3644,0.9688,
d'élever,1700-1710,1789-1802,100,704,,0.3643,,
plaignent,1710-1720,1789-1802,65,329,,0.3641,0.7642,
l'aventure,1720-1730,1730-1740,81,125,,0.3639,,
qu'enfin,1710-1720,1750-1760,338,516,,0.3638,,
paternelle,1700-1710,1770-1780,83,743,,0.3633,0.7137,
quia,1700-1710,1770-1780,1058,1796,,0.3631,,
obscures,1710-1720,1730-1740,60,151,,0.3624,0.3502,
beuf,1750-1760,1780-1789,59,196,,0.3623,0.5283,
conspiration,1720-1730,1789-1802,75,1098,,0.3621,0.3907,
qu'el,1700-1710,1789-1802,238,406,,0.362,,
ubi,1740-1750,1750-1760,1111,607,,0.3619,0.7269,
l'artifice,1700-1710,1789-1802,93,214,,0.3615,,
hache,1710-1720,1789-1802,99,522,,0.3614,0.8281,
plates,1730-1740,1750-1760,75,318,,0.3614,0.8719,
anima,1720-1730,1730-1740,205,226,,0.3609,0.5625,
parcourir,1700-1710,1720-1730,89,163,,0.3607,0.2789,
nettement,1700-1710,1789-1802,147,226,,0.3605,0.3172,
menti,1720-1730,1760-1770,77,129,,0.3604,0.4226,
jambe,1700-1710,1710-1720,160,269,,0.3601,0.4417,
apr,1700-1710,1730-1740,136,171,,0.3598,0.0279,
alii,1730-1740,1770-1780,568,1090,,0.3595,0.5938,
sentinelle,1700-1710,1789-1802,51,380,,0.3593,0.4027,
qu'clle,1710-1720,1740-1750,131,384,,0.359,,
d'exposer,1710-1720,1720-1730,183,105,,0.3589,,
l'objet,1700-1710,1789-1802,554,6493,,0.3588,,
l'l,1730-1740,1789-1802,112,359,,0.3586,,
l'ignorance,1700-1710,1789-1802,160,2186,,0.3586,,
lols,1730-1740,1770-1780,55,51,,0.3585,,
coupent,1730-1740,1789-1802,67,240,,0.3584,0.6516,
tribuns,1700-1710,1789-1802,215,408,,0.3583,,
l'extrême,1700-1710,1780-1789,117,855,,0.3579,,
exceptions,1700-1710,1789-1802,221,923,,0.3578,0.9121,
peser,1710-1720,1789-1802,194,720,,0.3576,,
mettront,1700-1710,1740-1750,71,149,,0.3575,0.7113,
humbles,1730-1740,1770-1780,140,426,,0.3572,,
dépeint,1710-1720,1789-1802,69,151,,0.357,,
moilons,1750-1760,1780-1789,59,178,,0.3569,0.2918,
divisions,1710-1720,1760-1770,168,1063,,0.3568,0.8615,
bienséance,1700-1710,1780-1789,120,181,,0.3565,0.9564,
idole,1700-1710,1750-1760,56,183,,0.3564,0.1992,
régne,1700-1710,1730-1740,165,834,,0.3562,0.7851,
tyr,1700-1710,1740-1750,62,100,,0.3562,0.1731,
obligées,1700-1710,1760-1770,99,309,,0.356,0.78,
habitants,1700-1710,1720-1730,58,242,,0.3558,0.5692,
seinte,1700-1710,1760-1770,103,205,,0.3556,0.3849,
fibres,1710-1720,1760-1770,69,3290,,0.3551,,
paître,1700-1710,1780-1789,82,280,,0.3551,0.9652,
etiam,1770-1780,1780-1789,4691,1556,,0.355,,
l'isle,1730-1740,1789-1802,407,1271,,0.3549,,
l'amérique,1730-1740,1770-1780,238,4289,,0.3544,,
éteinte,1720-1730,1760-1770,210,338,,0.3543,0.7335,
écarté,1700-1710,1789-1802,86,531,,0.3542,0.7769,
mutuellement,1700-1710,1720-1730,86,138,,0.354,0.4511,
l'humeur,1700-1710,1789-1802,200,592,,0.354,,
tia,1770-1780,1780-1789,149,152,,0.3538,0.0744,
réglée,1700-1710,1720-1730,80,125,,0.3537,0.168,
bruges,1740-1750,1760-1770,105,268,,0.3537,0.3427,
tos,1710-1720,1789-1802,134,317,,0.3536,0.1652,
vcr,1730-1740,1770-1780,61,100,,0.3533,0.1584,
homines,1730-1740,1789-1802,387,475,,0.353,,
cadavre,1710-1720,1720-1730,79,83,,0.3526,0.4816,
ejus,1730-1740,1770-1780,2982,3554,,0.3526,,
l'espagne,1740-1750,1760-1770,773,1506,,0.3525,,
redevables,1720-1730,1770-1780,217,294,,0.3523,0.9295,
l'esprit,1720-1730,1730-1740,3470,6396,,0.3523,,
multis,1730-1740,1789-1802,387,228,,0.3522,,
rameaux,1720-1730,1789-1802,110,639,,0.3521,0.9962,
indépendant,1700-1710,1740-1750,53,153,,0.352,0.851,
venire,1700-1710,1789-1802,190,258,,0.3519,,
quatuor,1720-1730,1770-1780,569,790,,0.3519,0.1288,
vitriol,1740-1750,1770-1780,72,849,,0.3516,0.5109,
rex,1720-1730,1730-1740,344,2139,,0.3512,0.6696,
supposant,1700-1710,1710-1720,123,119,,0.3512,0.6796,
séculiers,1700-1710,1789-1802,57,153,,0.3511,,
gibier,1710-1720,1750-1760,425,289,,0.351,,
contradictions,1700-1710,1789-1802,84,456,,0.3509,0.8411,
séparément,1720-1730,1760-1770,131,806,,0.3508,0.2175,
essentiellement,1710-1720,1789-1802,61,1575,,0.3506,0.4687,
lte,1730-1740,1760-1770,72,155,,0.3503,0.1657,
noient,1700-1710,1770-1780,100,542,,0.3502,0.4929,
foires,1710-1720,1770-1780,773,1919,,0.3499,0.9138,
néglige,1700-1710,1730-1740,71,137,,0.3498,0.3102,
approchez,1720-1730,1780-1789,75,331,,0.3496,0.6856,
salaire,1720-1730,1789-1802,105,1398,,0.3492,0.5995,
l'église,1700-1710,1720-1730,214,948,,0.3491,,
succéder,1710-1720,1780-1789,161,776,,0.3491,0.9631,
permettons,1700-1710,1789-1802,66,75,,0.3486,,
refsource,1700-1710,1789-1802,57,408,,0.3485,0.5293,
muse,1700-1710,1710-1720,51,116,,0.3484,0.1985,
ecrivain,1700-1710,1789-1802,82,251,,0.3479,0.7774,
authentique,1710-1720,1740-1750,53,135,,0.3477,,
ols,1700-1710,1780-1789,319,213,,0.3474,,
circuit,1710-1720,1789-1802,82,240,,0.3474,0.4605,
formellement,1730-1740,1789-1802,140,697,,0.347,,
l'orge,1770-1780,1780-1789,1397,835,,0.3467,,
lli,1710-1720,1789-1802,83,621,,0.3467,0.1996,
trompeurs,1720-1730,1740-1750,53,101,,0.3465,0.7835,
sermon,1710-1720,1730-1740,231,173,,0.3463,,
cntre,1730-1740,1770-1780,57,206,,0.3461,,
évidemment,1710-1720,1740-1750,134,342,,0.3456,0.1807,
sévérité,1710-1720,1740-1750,51,178,,0.3454,0.4662,
maintenu,1710-1720,1789-1802,173,426,,0.3452,0.7329,
diverfité,1700-1710,1789-1802,77,96,,0.3451,0.9571,
oro,1750-1760,1760-1770,56,203,,0.3448,0.4935,
dictateur,1700-1710,1789-1802,79,161,,0.3446,,
etoiles,1760-1770,1789-1802,58,297,,0.3442,,
entrées,1720-1730,1740-1750,429,241,,0.3442,0.4701,
d'accord,1700-1710,1789-1802,517,1855,,0.3439,,
pigeon,1720-1730,1780-1789,70,283,,0.3437,0.1462,
d'art,1760-1770,1789-1802,433,451,,0.3436,,
insensibles,1700-1710,1760-1770,53,290,,0.3435,0.5218,
parjure,1700-1710,1770-1780,75,456,,0.3435,0.4154,
tcr,1730-1740,1740-1750,88,133,,0.3434,0.1393,
bulle,1720-1730,1789-1802,679,509,,0.3433,,
laurier,1700-1710,1780-1789,208,801,,0.3431,0.9851,
sacrifie,1700-1710,1710-1720,52,100,,0.3431,0.8312,
sum,1740-1750,1750-1760,150,169,,0.3426,,
crc,1730-1740,1760-1770,64,114,,0.3425,0.2052,
miroir,1700-1710,1770-1780,145,1247,,0.3424,0.3206,
remercier,1760-1770,1789-1802,347,496,,0.3423,,
nomen,1770-1780,1789-1802,1168,158,,0.3421,0.5941,
irrite,1720-1730,1789-1802,54,215,,0.342,,
fidele,1700-1710,1789-1802,216,568,,0.3417,0.6168,
pigeons,1710-1720,1730-1740,414,90,,0.3416,,
assises,1720-1730,1750-1760,89,65,,0.3412,,
cio,1710-1720,1770-1780,69,100,,0.3409,0.1712,
taillée,1710-1720,1730-1740,73,80,,0.3407,,
cti,1750-1760,1789-1802,99,505,,0.3407,,
mécontentement,1700-1710,1789-1802,71,752,,0.3402,0.8024,
moscovie,1740-1750,1789-1802,119,78,,0.34,,
quàm,1770-1780,1780-1789,3668,1300,,0.3398,,
lorsqu'on,1700-1710,1740-1750,899,2120,,0.3396,,
entretenus,1700-1710,1710-1720,69,145,,0.3395,0.577,
pii,1710-1720,1770-1780,76,203,,0.3394,0.2015,
queues,1730-1740,1789-1802,78,351,,0.3393,,
d'amour,1700-1710,1710-1720,494,574,,0.3393,,
existe,1710-1720,1789-1802,63,4153,,0.3392,0.7579,
vaillant,1710-1720,1720-1730,360,229,,0.3391,,
s'assurer,1700-1710,1789-1802,108,1248,,0.3389,,
sorbonne,1730-1740,1789-1802,128,237,,0.3387,,
événemens,1700-1710,1789-1802,54,2661,,0.3386,0.8931,
varie,1700-1710,1780-1789,59,969,,0.3386,0.836,
d'ours,1700-1710,1760-1770,59,98,,0.3384,,
l'injustice,1700-1710,1789-1802,121,1266,,0.3383,,
ecoles,1710-1720,1789-1802,95,243,,0.3382,0.6912,
ccl,1710-1720,1740-1750,66,108,,0.3379,0.3047,
maintien,1700-1710,1789-1802,76,2272,,0.3378,0.8946,
d'aussi,1710-1720,1789-1802,122,643,,0.3375,,
fortifications,1730-1740,1789-1802,120,121,,0.3374,,
élire,1710-1720,1760-1770,86,129,,0.3371,,
relevent,1720-1730,1789-1802,94,55,,0.337,,
nombreuses,1700-1710,1789-1802,58,1343,,0.3368,0.7927,
roma,1700-1710,1720-1730,196,487,,0.3366,0.9346,
procureurs,1720-1730,1789-1802,982,656,,0.3366,,
scire,1700-1710,1789-1802,328,52,,0.3364,,
perpétuelle,1700-1710,1789-1802,60,848,,0.3363,0.6009,
défendus,1710-1720,1720-1730,224,70,,0.3362,0.7842,
jusqu'a,1700-1710,1710-1720,178,346,,0.3358,,
c'et,1710-1720,1789-1802,555,1583,,0.3355,,
encourager,1700-1710,1780-1789,63,855,,0.3354,0.4543,
inl,1750-1760,1789-1802,100,447,,0.3354,0.1866,
regem,1730-1740,1740-1750,1221,468,,0.334,0.6997,
clous,1700-1710,1760-1770,113,669,,0.3339,0.9977,
orientale,1700-1710,1770-1780,120,881,,0.3338,0.5652,
jonc,1740-1750,1770-1780,165,353,,0.3334,0.7816,
aboli,1700-1710,1789-1802,63,493,,0.3332,0.7171,
secrète,1710-1720,1730-1740,156,100,,0.3331,0.8474,
plûpart,1780-1789,1789-1802,298,239,,0.333,,
intelligible,1700-1710,1789-1802,158,190,,0.3329,,
verdure,1700-1710,1740-1750,193,417,,0.3327,0.7108,
ncc,1720-1730,1760-1770,79,89,,0.3326,0.4365,
trompent,1760-1770,1789-1802,300,370,,0.3326,,
essuyer,1710-1720,1720-1730,112,71,,0.3325,0.353,
méprisé,1700-1710,1780-1789,57,226,,0.3316,0.6055,
ébranlé,1700-1710,1710-1720,51,51,,0.3308,0.1963,
carthage,1720-1730,1789-1802,539,527,,0.3306,0.5496,
nombreux,1700-1710,1780-1789,88,2640,,0.3304,0.3482,
donn,1710-1720,1730-1740,93,79,,0.3303,0.0512,
plaisanteries,1700-1710,1720-1730,68,54,,0.3301,0.8716,
époque,1700-1710,1720-1730,56,77,,0.3298,0.4236,
délibérations,1700-1710,1789-1802,68,1589,,0.3296,0.8899,
chêne,1730-1740,1760-1770,211,1409,,0.3294,0.8562,
d'admirer,1720-1730,1740-1750,74,144,,0.3293,,
fairc,1730-1740,1760-1770,145,268,,0.3287,,
s'attirer,1720-1730,1789-1802,78,124,,0.3287,,
perdrix,1700-1710,1740-1750,156,271,,0.3285,,
huissier,1740-1750,1789-1802,212,370,,0.328,,
i'e,1730-1740,1760-1770,149,246,,0.328,,
appointemens,1700-1710,1789-1802,51,1750,,0.3279,0.9199,
seconder,1700-1710,1789-1802,64,841,,0.3278,0.825,
bizarres,1710-1720,1720-1730,58,67,,0.3276,0.3842,
surprend,1710-1720,1720-1730,118,139,,0.3276,0.0329,
piéces,1720-1730,1760-1770,542,1498,,0.3274,,
qu'avant,1700-1710,1780-1789,243,1128,,0.3273,,
quam,1700-1710,1770-1780,2453,3228,,0.3271,,
restera,1700-1710,1789-1802,186,1229,,0.327,0.6699,
l'adjudication,1700-1710,1740-1750,97,144,,0.3269,,
consacrer,1710-1720,1789-1802,66,1023,,0.3269,0.4559,
turres,1740-1750,1750-1760,371,213,,0.3262,0.6467,
j'ignore,1700-1710,1789-1802,60,889,,0.3262,,
sylla,1700-1710,1750-1760,230,368,,0.326,,
censé,1700-1710,1720-1730,66,54,,0.3259,,
l'office,1710-1720,1750-1760,400,336,,0.3259,,
icn,1720-1730,1789-1802,78,352,,0.3254,0.2212,
xxxii,1700-1710,1720-1730,99,272,,0.3249,0.2945,
obscurs,1720-1730,1789-1802,102,479,,0.3248,,
l'exil,1710-1720,1750-1760,51,138,,0.3246,,
rouvraies,1710-1720,1730-1740,78,123,,0.3244,,
réglées,1700-1710,1740-1750,50,153,,0.3243,0.6164,
copy,1700-1710,1780-1789,116,214,,0.3242,,
console,1700-1710,1760-1770,87,365,,0.3239,0.2843,
trahit,1700-1710,1720-1730,84,99,,0.3237,0.5235,
ifes,1710-1720,1740-1750,69,482,,0.3234,0.8677,
baril,1730-1740,1760-1770,164,585,,0.3233,0.946,
laquais,1700-1710,1720-1730,180,151,,0.3231,0.6695,
superstition,1720-1730,1770-1780,136,1190,,0.323,0.9939,
manquez,1730-1740,1770-1780,109,157,,0.3226,,
adjudication,1730-1740,1780-1789,194,194,,0.3224,0.8651,
laboureurs,1700-1710,1730-1740,160,390,,0.3222,0.9574,
netteté,1700-1710,1770-1780,92,334,,0.3221,,
ilu,1750-1760,1789-1802,67,459,,0.3217,0.1645,
murailles,1720-1730,1730-1740,824,1206,,0.3215,,
accoutumés,1700-1710,1730-1740,52,256,,0.3213,0.7883,
fabriques,1700-1710,1770-1780,82,1926,,0.321,0.7512,
courez,1720-1730,1730-1740,54,128,,0.3206,0.4973,
tibi,1740-1750,1770-1780,1646,1159,,0.3205,,
i'on,1720-1730,1750-1760,212,495,,0.3202,,
provenant,1720-1730,1730-1740,85,349,,0.3202,0.7562,
fatiguer,1720-1730,1740-1750,88,104,,0.3201,0.846,
produites,1710-1720,1750-1760,50,252,,0.32,0.6109,
supérieurs,1710-1720,1720-1730,135,172,,0.3199,0.4377,
tio,1700-1710,1760-1770,501,386,,0.3197,0.8071,
d'olive,1730-1740,1740-1750,134,65,,0.3195,,
ordonnent,1700-1710,1789-1802,144,277,,0.3195,0.8938,
complice,1710-1720,1789-1802,106,1097,,0.3193,0.5065,
descriptions,1710-1720,1720-1730,116,129,,0.3191,0.4853,
agrémens,1750-1760,1789-1802,463,392,,0.319,0.8043,
impostures,1710-1720,1720-1730,67,66,,0.3188,,
iix,1710-1720,1730-1740,51,77,,0.3187,0.526,
commerces,1720-1730,1789-1802,74,116,,0.3185,,
n'aime,1700-1710,1740-1750,158,363,,0.3182,,
polis,1700-1710,1780-1789,61,405,,0.3181,0.7834,
irt,1720-1730,1789-1802,140,585,,0.318,0.0481,
nemis,1710-1720,1750-1760,70,163,,0.3176,0.367,
consiscation,1710-1720,1720-1730,906,126,,0.3175,,
taillées,1700-1710,1740-1750,81,106,,0.3174,0.9763,
ordonn,1730-1740,1789-1802,74,131,,0.3174,,
subsiste,1700-1710,1780-1789,87,609,,0.3172,0.7321,
avides,1700-1710,1789-1802,52,755,,0.3168,0.7557,
eas,1760-1770,1770-1780,128,492,,0.3167,0.6571,
choquer,1720-1730,1730-1740,78,100,,0.316,0.7353,
l'importance,1700-1710,1740-1750,104,294,,0.316,,
judée,1720-1730,1770-1780,65,535,,0.3157,,
opposés,1710-1720,1720-1730,98,92,,0.3157,0.7836,
chirurgiens,1700-1710,1740-1750,140,264,,0.3152,0.7517,
sépare,1710-1720,1730-1740,102,235,,0.3151,0.3981,
notions,1700-1710,1780-1789,77,1256,,0.315,0.941,
consume,1710-1720,1730-1740,58,73,,0.315,0.5784,
helas,1780-1789,1789-1802,159,179,,0.3144,,
qu'auparavant,1740-1750,1789-1802,216,266,,0.3141,,
alia,1770-1780,1780-1789,1052,325,,0.3139,,
d'avouer,1700-1710,1740-1750,63,151,,0.3138,,
étrangère,1720-1730,1789-1802,101,1714,,0.3136,0.5442,
chateau,1740-1750,1760-1770,156,214,,0.3134,,
icurs,1730-1740,1750-1760,90,182,,0.3132,,
impôts,1700-1710,1789-1802,106,5459,,0.313,0.8156,
imparfaite,1700-1710,1789-1802,82,323,,0.3126,0.9233,
distincte,1710-1720,1780-1789,57,232,,0.3125,0.7162,
num,1700-1710,1789-1802,267,355,,0.3125,,
avide,1700-1710,1780-1789,83,822,,0.3123,0.5196,
montoit,1700-1710,1750-1760,85,252,,0.3119,0.7808,
sculpteurs,1710-1720,1720-1730,102,63,,0.3117,,
cls,1730-1740,1740-1750,92,175,,0.3115,0.1453,
j'admire,1710-1720,1720-1730,79,69,,0.3112,,
trempé,1710-1720,1720-1730,81,224,,0.311,0.6015,
ibi,1720-1730,1740-1750,331,551,,0.3104,0.8825,
détruite,1700-1710,1710-1720,78,91,,0.3101,0.0415,
gâté,1700-1710,1780-1789,105,381,,0.3097,0.2266,
aliis,1740-1750,1770-1780,1083,960,,0.3093,0.8295,
présentée,1700-1710,1789-1802,152,794,,0.3092,0.9342,
mortier,1700-1710,1780-1789,207,880,,0.309,,
cabales,1700-1710,1789-1802,51,337,,0.309,0.788,
d'europe,1730-1740,1760-1770,134,661,,0.3085,,
fom,1740-1750,1789-1802,235,202,,0.3082,0.6318,
aliquid,1700-1710,1740-1750,450,528,,0.308,,
old,1740-1750,1789-1802,61,360,,0.3079,,
alter,1770-1780,1780-1789,336,224,,0.3078,0.213,
anni,1730-1740,1780-1789,453,163,,0.3076,0.8241,
ovale,1760-1770,1780-1789,623,727,,0.3074,0.7812,
touchée,1710-1720,1720-1730,131,74,,0.3072,,
irr,1710-1720,1789-1802,75,387,,0.3072,0.02,
s'unir,1700-1710,1789-1802,92,517,,0.307,,
habitudes,1700-1710,1789-1802,76,1248,,0.3067,0.7215,
voute,1700-1710,1720-1730,64,165,,0.3066,,
cni,1750-1760,1789-1802,93,510,,0.3065,0.2078,
l'utilité,1710-1720,1789-1802,469,1989,,0.3058,,
felix,1710-1720,1730-1740,80,192,,0.3056,0.3142,
pati,1760-1770,1789-1802,77,130,,0.3055,0.0854,
bus,1740-1750,1780-1789,421,451,,0.3053,0.6403,
durable,1700-1710,1789-1802,79,1157,,0.305,0.642,
barres,1700-1710,1740-1750,279,312,,0.3048,,
rci,1730-1740,1789-1802,78,623,,0.3047,0.2405,
chênes,1700-1710,1750-1760,54,237,,0.3043,0.7315,
septentrion,1710-1720,1780-1789,152,282,,0.3041,,
fonda,1710-1720,1730-1740,146,133,,0.304,0.1633,
apprenons,1700-1710,1770-1780,61,314,,0.3038,0.283,
laborieux,1700-1710,1789-1802,57,692,,0.3036,0.8311,
l'asie,1700-1710,1789-1802,81,755,,0.3035,,
lierre,1720-1730,1770-1780,94,415,,0.3034,0.8353,
génies,1710-1720,1780-1789,83,971,,0.3031,0.6079,
harnois,1720-1730,1770-1780,70,345,,0.303,,
redire,1700-1710,1789-1802,169,324,,0.3026,,
épines,1700-1710,1770-1780,55,367,,0.3025,0.7082,
l'ile,1710-1720,1740-1750,301,2592,,0.3024,,
galanterie,1700-1710,1720-1730,126,118,,0.3023,0.7652,
caves,1700-1710,1730-1740,55,254,,0.302,0.5974,
héroïque,1720-1730,1789-1802,105,462,,0.3019,0.6637,
n'aiment,1700-1710,1710-1720,60,106,,0.3017,,
couvertures,1750-1760,1760-1770,585,346,,0.3016,0.5983,
choux,1720-1730,1770-1780,93,588,,0.3016,,
poussent,1730-1740,1740-1750,117,252,,0.3013,,
montrez,1700-1710,1770-1780,101,333,,0.3012,,
d'affaire,1700-1710,1770-1780,100,283,,0.3011,,
tigres,1700-1710,1710-1720,59,82,,0.301,0.4779,
espéce,1710-1720,1780-1789,330,527,,0.3009,,
ferré,1700-1710,1720-1730,69,129,,0.3009,0.5583,
soumise,1700-1710,1789-1802,63,998,,0.3008,0.9606,
exposée,1710-1720,1720-1730,134,94,,0.3007,0.4482,
parchemin,1760-1770,1789-1802,679,265,,0.3004,0.7801,
digestion,1710-1720,1730-1740,105,77,,0.3003,0.4547,
sortifications,1710-1720,1750-1760,93,278,,0.3002,0.36,
escadre,1720-1730,1750-1760,82,139,,0.2997,,
poësie,1730-1740,1780-1789,554,374,,0.2995,,
entendement,1700-1710,1720-1730,166,67,,0.2994,,
festins,1700-1710,1720-1730,98,191,,0.2993,0.4424,
expéditions,1720-1730,1780-1789,269,1011,,0.2989,0.7884,
pourvus,1720-1730,1740-1750,275,175,,0.2987,0.9322,
nues,1700-1710,1789-1802,80,654,,0.2986,0.0282,
occupés,1700-1710,1730-1740,78,437,,0.2985,0.4384,
validité,1710-1720,1730-1740,71,182,,0.2982,,
l'intérêt,1700-1710,1789-1802,304,9070,,0.2977,,
trésorier,1710-1720,1789-1802,206,1217,,0.2974,0.6396,
i'r,1710-1720,1789-1802,52,388,,0.2972,,
labourer,1720-1730,1730-1740,135,131,,0.2971,,
l'application,1700-1710,1789-1802,158,1164,,0.297,,
rembourser,1700-1710,1710-1720,110,211,,0.2967,0.6282,
exercée,1700-1710,1770-1780,54,436,,0.2966,0.5594,
xxxi,1730-1740,1789-1802,363,452,,0.2964,0.5636,
produite,1710-1720,1789-1802,51,456,,0.2962,0.6298,
folide,1700-1710,1789-1802,140,401,,0.2961,0.2751,
c'a,1710-1720,1789-1802,62,151,,0.2957,,
misérables,1710-1720,1789-1802,85,875,,0.2956,0.7008,
dépendans,1700-1710,1789-1802,90,369,,0.2954,,
notion,1710-1720,1789-1802,115,425,,0.2952,0.0845,
l'appel,1710-1720,1789-1802,376,594,,0.2952,,
cia,1700-1710,1750-1760,153,123,,0.2951,0.1093,
roues,1700-1710,1720-1730,51,461,,0.2949,0.8567,
système,1700-1710,1710-1720,51,95,,0.2947,0.153,
ellcs,1700-1710,1750-1760,93,98,,0.2946,,
l'exécution,1700-1710,1789-1802,215,5062,,0.2945,,
vérification,1710-1720,1789-1802,59,881,,0.2944,0.6527,
fidei,1720-1730,1770-1780,142,201,,0.2943,0.7397,
audiences,1700-1710,1760-1770,81,197,,0.2942,0.8273,
bello,1730-1740,1740-1750,435,355,,0.2942,0.1543,
vallées,1700-1710,1740-1750,64,449,,0.2941,0.944,
jeté,1720-1730,1730-1740,107,129,,0.2939,0.5886,
trer,1700-1710,1770-1780,130,557,,0.2938,0.5178,
exemption,1700-1710,1770-1780,51,543,,0.2935,0.5229,
commentaire,1720-1730,1760-1770,343,688,,0.2931,,
s'accommoder,1740-1750,1789-1802,189,86,,0.293,,
louable,1700-1710,1770-1780,96,727,,0.2928,0.2486,
incomparablement,1750-1760,1780-1789,76,75,,0.292,,
ico,1730-1740,1780-1789,55,409,,0.2918,,
entieres,1710-1720,1789-1802,221,149,,0.2917,0.7946,
diminuée,1710-1720,1750-1760,50,236,,0.2917,0.8759,
l'ordinaire,1750-1760,1789-1802,1359,1019,,0.2912,,
valeurs,1720-1730,1740-1750,119,148,,0.2911,0.8886,
d'amende,1710-1720,1750-1760,3447,1926,,0.2908,,
fermens,1720-1730,1760-1770,200,425,,0.2905,0.5913,
l'équité,1700-1710,1789-1802,179,851,,0.2904,,
cables,1750-1760,1760-1770,67,185,,0.2903,,
l'infini,1700-1710,1789-1802,130,489,,0.2902,,
tais,1700-1710,1780-1789,93,576,,0.2901,,
auras,1740-1750,1789-1802,168,243,,0.2896,0.9643,
d'auguste,1700-1710,1789-1802,69,293,,0.2893,,
abrégé,1700-1710,1710-1720,66,60,,0.2889,0.0295,
pavillons,1710-1720,1750-1760,51,100,,0.2889,,
dominus,1730-1740,1770-1780,827,360,,0.2887,0.9269,
fâcher,1700-1710,1740-1750,57,100,,0.2887,0.8108,
fosse,1710-1720,1740-1750,99,145,,0.2881,,
poivre,1710-1720,1740-1750,808,811,,0.288,,
l'egypte,1710-1720,1740-1750,201,390,,0.2878,,
fua,1740-1750,1770-1780,609,569,,0.2875,,
charmé,1700-1710,1760-1770,280,589,,0.2873,,
lames,1700-1710,1720-1730,103,247,,0.2871,0.7045,
outrée,1720-1730,1740-1750,65,147,,0.2871,0.6301,
souhaitez,1750-1760,1789-1802,118,69,,0.2869,,
illes,1730-1740,1789-1802,192,359,,0.2868,0.6311,
laïques,1730-1740,1789-1802,212,226,,0.2864,0.5437,
rondes,1760-1770,1780-1789,491,458,,0.2861,0.4977,
l'etat,1720-1730,1789-1802,2228,9273,,0.2859,,
suspect,1720-1730,1789-1802,65,478,,0.2857,,
l'oeil,1720-1730,1789-1802,272,1478,,0.2856,,
timidité,1700-1710,1789-1802,51,503,,0.2854,0.684,
sint,1740-1750,1760-1770,221,316,,0.2852,0.5876,
nud,1750-1760,1760-1770,215,593,,0.2849,,
exemplaires,1710-1720,1789-1802,166,504,,0.2847,,
chapeaux,1730-1740,1760-1770,240,687,,0.2847,0.4994,
zéle,1710-1720,1789-1802,199,147,,0.2846,0.2913,
remue,1700-1710,1760-1770,50,331,,0.2844,0.7363,
l'avoue,1700-1710,1720-1730,101,171,,0.2843,,
entrés,1700-1710,1720-1730,63,80,,0.2843,0.5314,
terminé,1700-1710,1760-1770,66,594,,0.2842,0.538,
n'cn,1700-1710,1730-1740,93,71,,0.2841,,
essentiels,1700-1710,1789-1802,72,648,,0.2838,0.6122,
rétablis,1700-1710,1760-1770,65,258,,0.2836,0.8766,
brusque,1710-1720,1789-1802,59,355,,0.2836,0.2963,
réels,1700-1710,1789-1802,99,1315,,0.2834,0.8366,
ecrivains,1750-1760,1789-1802,962,328,,0.2832,,
queles,1720-1730,1760-1770,188,420,,0.2831,0.0144,
animée,1710-1720,1770-1780,63,434,,0.283,0.2819,
domo,1700-1710,1720-1730,116,571,,0.2829,,
complot,1720-1730,1789-1802,113,944,,0.2828,0.3372,
retomber,1700-1710,1770-1780,65,415,,0.2826,0.7085,
dissipé,1720-1730,1789-1802,72,279,,0.2824,0.8986,
cochons,1710-1720,1730-1740,308,84,,0.2823,0.9088,
icc,1730-1740,1789-1802,58,358,,0.2822,0.3942,
d'aristote,1740-1750,1780-1789,121,1249,,0.2822,,
bassins,1700-1710,1750-1760,53,58,,0.282,0.3803,
depens,1710-1720,1789-1802,203,111,,0.2819,,
gagnent,1700-1710,1730-1740,334,114,,0.2818,,
d'empressement,1720-1730,1780-1789,51,231,,0.2816,,
diminuant,1700-1710,1710-1720,58,68,,0.2815,0.1909,
mour,1710-1720,1770-1780,114,459,,0.2814,,
augmentant,1700-1710,1789-1802,75,530,,0.2813,0.8811,
oeuf,1720-1730,1760-1770,53,415,,0.2811,,
brillantes,1700-1710,1789-1802,52,792,,0.2809,0.8542,
m'entendre,1710-1720,1720-1730,66,59,,0.2807,,
discussion,1700-1710,1789-1802,144,2442,,0.2806,0.779,
l'avarice,1700-1710,1770-1780,161,1068,,0.2801,,
noeud,1700-1710,1789-1802,133,556,,0.2798,0.1401,
modifications,1710-1720,1730-1740,51,69,,0.2795,0.1429,
vivere,1730-1740,1780-1789,171,178,,0.2794,0.695,
libraires,1710-1720,1770-1780,250,1022,,0.279,,
distingués,1700-1710,1750-1760,75,417,,0.2789,0.9629,
sévère,1720-1730,1789-1802,83,1526,,0.2787,0.2403,
accompli,1720-1730,1780-1789,151,379,,0.2783,,
rebuter,1700-1710,1750-1760,64,163,,0.2783,0.8131,
murmurer,1720-1730,1740-1750,52,95,,0.278,0.5783,
mentir,1700-1710,1720-1730,113,89,,0.2779,,
nostra,1730-1740,1780-1789,713,133,,0.2773,,
haï,1710-1720,1720-1730,58,64,,0.2772,0.1373,
continuelles,1700-1710,1770-1780,140,861,,0.2767,0.9583,
s'approche,1700-1710,1720-1730,72,89,,0.2764,,
officio,1710-1720,1740-1750,56,316,,0.2762,0.6317,
équitable,1700-1710,1780-1789,102,698,,0.2761,0.4771,
clles,1710-1720,1740-1750,74,91,,0.2759,0.3487,
fides,1760-1770,1789-1802,83,184,,0.2758,0.1036,
then,1710-1720,1789-1802,50,602,,0.2755,,
destinés,1700-1710,1710-1720,57,151,,0.2754,0.8465,
cerfs,1730-1740,1789-1802,100,117,,0.2752,,
panier,1710-1720,1760-1770,324,505,,0.275,,
disposées,1700-1710,1780-1789,79,939,,0.2746,0.9901,
redoubler,1700-1710,1789-1802,69,351,,0.2745,0.6583,
classes,1700-1710,1789-1802,74,3989,,0.2743,0.9611,
imprimeurs,1730-1740,1789-1802,311,187,,0.2741,,
baye,1770-1780,1789-1802,334,306,,0.274,0.2502,
huitieme,1720-1730,1750-1760,61,318,,0.2736,0.9169,
percée,1720-1730,1730-1740,118,233,,0.2735,0.928,
coupant,1700-1710,1730-1740,96,79,,0.2734,,
d'apollon,1700-1710,1720-1730,62,196,,0.2732,,
harangue,1700-1710,1750-1760,251,263,,0.2729,,
limité,1720-1730,1750-1760,106,251,,0.2726,0.0559,
regardée,1700-1710,1760-1770,89,858,,0.2723,0.8877,
l'italie,1700-1710,1760-1770,476,1208,,0.2722,,
vingr,1700-1710,1780-1789,123,101,,0.272,,
lum,1780-1789,1789-1802,81,66,,0.2718,0.2922,
l'éloquence,1700-1710,1789-1802,87,726,,0.2715,,
dépendances,1710-1720,1789-1802,283,351,,0.2714,,
magno,1730-1740,1789-1802,325,111,,0.2713,,
bleue,1720-1730,1770-1780,59,606,,0.2712,0.3864,
purs,1730-1740,1789-1802,176,690,,0.2711,0.6254,
muscade,1740-1750,1770-1780,101,262,,0.2708,,
annuellement,1700-1710,1789-1802,70,1831,,0.2707,0.8974,
tum,1740-1750,1770-1780,1277,1580,,0.2703,,
university,1770-1780,1789-1802,521,2205,,0.2702,,
rompt,1700-1710,1780-1789,85,380,,0.27,0.6068,
fans,1700-1710,1730-1740,426,3016,,0.2698,,
l'amende,1720-1730,1780-1789,211,456,,0.2696,,
syndics,1710-1720,1789-1802,294,471,,0.2694,,
memes,1710-1720,1760-1770,173,294,,0.2693,0.3338,
bordure,1700-1710,1720-1730,68,193,,0.2692,0.8913,
volaille,1710-1720,1720-1730,307,57,,0.2691,,
deviendroit,1700-1710,1710-1720,72,93,,0.2689,0.218,
rendons,1710-1720,1789-1802,92,341,,0.2688,,
hommages,1720-1730,1740-1750,150,301,,0.2687,0.603,
permixtion,1720-1730,1789-1802,88,90,,0.2686,0.6932,
ignorent,1730-1740,1770-1780,128,498,,0.2684,,
vita,1720-1730,1789-1802,815,264,,0.2681,0.432,
l'obligation,1700-1710,1789-1802,373,1224,,0.2679,,
servis,1720-1730,1740-1750,149,212,,0.2678,,
l'action,1710-1720,1789-1802,568,2425,,0.2676,,
crin,1700-1710,1770-1780,55,308,,0.2673,0.9646,
habite,1700-1710,1789-1802,102,599,,0.267,0.5153,
apportée,1700-1710,1710-1720,66,98,,0.2667,0.4946,
quanto,1730-1740,1789-1802,263,98,,0.2667,0.9721,
ainé,1710-1720,1740-1750,67,80,,0.2665,,
crochet,1700-1710,1730-1740,59,90,,0.2664,0.5752,
nifi,1720-1730,1789-1802,890,51,,0.2662,,
d'obéir,1700-1710,1710-1720,89,109,,0.2661,,
l'art,1700-1710,1760-1770,926,8288,,0.2659,,
reconnaître,1710-1720,1740-1750,177,194,,0.2658,0.2699,
provenans,1730-1740,1760-1770,247,252,,0.2657,,
c'e,1730-1740,1770-1780,460,943,,0.2656,,
ctc,1750-1760,1780-1789,104,261,,0.2652,,
d'entr'eux,1700-1710,1710-1720,110,188,,0.265,,
rivieres,1720-1730,1730-1740,1037,936,,0.2648,,
ressources,1700-1710,1789-1802,53,4373,,0.2643,0.8335,
lti,1760-1770,1789-1802,104,395,,0.264,0.0902,
jettant,1720-1730,1770-1780,144,614,,0.2632,0.66,
galant,1720-1730,1789-1802,166,555,,0.2632,,
carthaginois,1720-1730,1789-1802,1318,209,,0.263,1.0,
nem,1780-1789,1789-1802,134,103,,0.2629,,
tribun,1720-1730,1730-1740,292,768,,0.2629,,
continuels,1710-1720,1770-1780,107,554,,0.2627,0.7808,
cordons,1710-1720,1740-1750,56,317,,0.2625,0.8992,
épuisé,1700-1710,1710-1720,85,90,,0.2623,0.0896,
fed,1730-1740,1770-1780,1164,3940,,0.2621,,
dignités,1700-1710,1770-1780,54,1125,,0.2615,0.7509,
courtes,1700-1710,1710-1720,183,180,,0.2613,,
ejf,1720-1730,1740-1750,245,356,,0.2611,0.6299,
l'expérience,1700-1710,1789-1802,225,3536,,0.2609,,
itr,1740-1750,1789-1802,206,600,,0.2608,0.054,
melius,1710-1720,1770-1780,194,326,,0.2607,,
arpent,1700-1710,1730-1740,54,145,,0.2606,0.7675,
arrose,1720-1730,1770-1780,83,445,,0.2602,,
déguisement,1710-1720,1760-1770,68,173,,0.2598,0.3572,
connoissancez,1730-1740,1770-1780,305,775,,0.2592,0.9275,
i'i,1720-1730,1789-1802,169,824,,0.2591,,
triomphant,1720-1730,1740-1750,85,147,,0.259,0.8884,
reconnue,1700-1710,1789-1802,101,1147,,0.2588,0.3217,
l'enceinte,1700-1710,1730-1740,76,214,,0.2583,,
l'augmentation,1730-1740,1789-1802,404,1196,,0.2582,,
sors,1700-1710,1710-1720,53,74,,0.2577,,
fard,1710-1720,1789-1802,74,147,,0.2576,0.5647,
approfondir,1710-1720,1760-1770,55,249,,0.2576,0.1104,
terrein,1700-1710,1789-1802,103,2574,,0.2574,0.8602,
traduits,1700-1710,1710-1720,76,79,,0.2571,0.5486,
garnis,1760-1770,1780-1789,540,777,,0.2569,0.5782,
jam,1750-1760,1770-1780,962,2317,,0.2568,,
parentes,1710-1720,1780-1789,158,235,,0.2565,0.7975,
l'embarras,1710-1720,1750-1760,217,522,,0.2563,,
nunc,1700-1710,1770-1780,1097,1792,,0.2562,,
bella,1750-1760,1770-1780,220,263,,0.2561,0.4556,
lancer,1710-1720,1789-1802,123,345,,0.256,0.1415,
grece,1700-1710,1770-1780,342,1962,,0.2559,,
s'écarter,1710-1720,1720-1730,77,82,,0.2558,,
vafe,1720-1730,1740-1750,62,68,,0.2557,0.5692,
occupées,1710-1720,1760-1770,76,305,,0.2556,0.785,
scra,1730-1740,1760-1770,76,164,,0.2555,,
ordonnées,1740-1750,1789-1802,230,322,,0.2551,0.9485,
posse,1750-1760,1789-1802,202,171,,0.2548,,
aures,1760-1770,1789-1802,148,104,,0.2542,0.3472,
grossiers,1720-1730,1740-1750,129,367,,0.2541,0.8068,
arma,1740-1750,1770-1780,571,693,,0.2539,0.4744,
envieux,1740-1750,1789-1802,128,293,,0.2538,0.691,
itc,1730-1740,1760-1770,101,146,,0.2537,0.1695,
abusé,1700-1710,1789-1802,51,646,,0.2536,0.8186,
fauvé,1710-1720,1789-1802,96,206,,0.2535,,
piliers,1700-1710,1770-1780,61,446,,0.2533,0.8779,
oeufs,1710-1720,1760-1770,611,1265,,0.2533,,
étoiles,1710-1720,1770-1780,63,959,,0.253,0.5184,
excité,1700-1710,1780-1789,92,892,,0.2529,0.8671,
ingrats,1700-1710,1760-1770,55,304,,0.2528,0.6365,
élus,1710-1720,1789-1802,186,1256,,0.2527,0.6747,
dévoué,1700-1710,1710-1720,55,73,,0.2526,0.7043,
l'arrêt,1700-1710,1740-1750,178,1758,,0.252,,
arrêtée,1700-1710,1710-1720,58,102,,0.2519,0.1478,
s'arrête,1700-1710,1710-1720,70,107,,0.2517,,
concourir,1700-1710,1730-1740,90,177,,0.2513,0.8309,
croyent,1770-1780,1789-1802,648,474,,0.2512,,
capitole,1730-1740,1760-1770,463,326,,0.2512,,
décrets,1720-1730,1789-1802,154,4835,,0.2509,0.8759,
quando,1740-1750,1750-1760,309,446,,0.2508,0.8243,
offense,1700-1710,1780-1789,73,217,,0.2507,0.696,
railleries,1700-1710,1789-1802,66,109,,0.2505,0.959,
ruinée,1700-1710,1730-1740,54,124,,0.2505,0.6519,
l'intelligence,1700-1710,1789-1802,188,1251,,0.2502,,
bailliages,1720-1730,1789-1802,290,557,,0.2502,,
paysans,1700-1710,1760-1770,66,1198,,0.2501,0.7867,
frein,1700-1710,1789-1802,67,1037,,0.25,0.7249,
aprés,1750-1760,1780-1789,176,709,,0.2496,,
démonstrations,1720-1730,1760-1770,67,185,,0.2485,0.4423,
l'aimable,1720-1730,1760-1770,81,486,,0.2484,,
bassin,1700-1710,1770-1780,121,962,,0.2481,0.6234,
témérité,1700-1710,1710-1720,101,129,,0.2481,0.8741,
d'ame,1700-1710,1770-1780,112,664,,0.2479,,
liquide,1710-1720,1720-1730,165,113,,0.2477,0.1237,
ilr,1730-1740,1789-1802,104,508,,0.2477,0.2012,
bonnets,1710-1720,1770-1780,52,349,,0.2475,,
order,1700-1710,1710-1720,232,51,,0.2472,,
fabriquer,1710-1720,1770-1780,185,984,,0.2471,,
loco,1740-1750,1750-1760,615,305,,0.2469,0.6193,
l'existence,1710-1720,1789-1802,109,2453,,0.2467,,
chaudes,1700-1710,1730-1740,117,114,,0.2458,,
distinctions,1710-1720,1789-1802,118,769,,0.2455,0.7702,
confirmation,1710-1720,1789-1802,424,454,,0.2452,,
hic,1730-1740,1740-1750,1097,738,,0.2451,,
l'effet,1710-1720,1789-1802,852,5527,,0.2449,,
atque,1720-1730,1770-1780,1483,4469,,0.2449,,
nuisibles,1700-1710,1789-1802,75,810,,0.2447,0.8455,
éditions,1710-1720,1750-1760,51,640,,0.2445,0.3766,
perdroit,1720-1730,1740-1750,72,159,,0.2444,0.2072,
odieuse,1700-1710,1770-1780,73,608,,0.2442,0.896,
folies,1700-1710,1740-1750,74,197,,0.2438,0.3894,
violet,1700-1710,1760-1770,108,436,,0.2438,0.3559,
iter,1710-1720,1789-1802,141,237,,0.2437,0.7193,
l'été,1700-1710,1710-1720,55,68,,0.2436,,
apologie,1710-1720,1720-1730,88,144,,0.2434,0.7437,
humilité,1740-1750,1760-1770,120,142,,0.2433,,
m'avez,1720-1730,1740-1750,363,1184,,0.2432,,
d'cn,1710-1720,1730-1740,152,88,,0.2431,,
raisins,1710-1720,1780-1789,260,634,,0.2428,,
rti,1710-1720,1760-1770,75,162,,0.2424,0.0566,
prélats,1720-1730,1730-1740,292,324,,0.2424,,
cochon,1710-1720,1760-1770,256,293,,0.2423,,
comprise,1710-1720,1789-1802,104,413,,0.242,0.4751,
brise,1700-1710,1770-1780,76,792,,0.2419,0.5221,
l'allemagne,1700-1710,1780-1789,87,1208,,0.2417,,
l'estime,1710-1720,1789-1802,341,1512,,0.2416,,
grecque,1760-1770,1789-1802,559,529,,0.2412,,
obvier,1700-1710,1780-1789,87,341,,0.241,0.958,
expriment,1700-1710,1720-1730,83,63,,0.2405,0.6491,
entr'autres,1710-1720,1789-1802,406,788,,0.2402,,
pluies,1700-1710,1730-1740,51,153,,0.2401,0.5822,
tempêtes,1710-1720,1770-1780,79,500,,0.24,0.6763,
fiat,1700-1710,1770-1780,169,320,,0.24,0.4442,
exclus,1700-1710,1789-1802,137,558,,0.2398,0.7386,
peintures,1740-1750,1780-1789,307,756,,0.2395,,
before,1710-1720,1789-1802,114,397,,0.2392,,
l'afrique,1700-1710,1789-1802,130,1036,,0.2388,,
l'exception,1700-1710,1789-1802,164,1316,,0.2387,,
vires,1730-1740,1780-1789,215,235,,0.2386,0.502,
périt,1700-1710,1730-1740,101,428,,0.2386,0.7467,
détache,1710-1720,1789-1802,70,347,,0.2385,0.452,
chaises,1710-1720,1789-1802,179,194,,0.2384,0.5836,
représentée,1720-1730,1750-1760,123,1556,,0.2382,0.8731,
etoffes,1710-1720,1789-1802,108,98,,0.2376,,
lio,1750-1760,1789-1802,109,428,,0.2374,0.1278,
complots,1710-1720,1789-1802,58,1273,,0.2372,0.8452,
fincere,1700-1710,1770-1780,84,380,,0.2369,0.1164,
châteaux,1700-1710,1789-1802,150,728,,0.2367,0.4322,
marquées,1710-1720,1770-1780,274,645,,0.2364,,
chosc,1740-1750,1750-1760,205,80,,0.2364,,
d'huile,1760-1770,1770-1780,1462,1357,,0.2361,,
bravoure,1700-1710,1710-1720,79,83,,0.236,0.9595,
perches,1730-1740,1760-1770,175,1278,,0.2357,0.8102,
força,1700-1710,1760-1770,55,292,,0.2354,0.6459,
offenser,1700-1710,1760-1770,50,156,,0.2349,0.8496,
mourra,1730-1740,1770-1780,72,179,,0.2345,,
cabarets,1710-1720,1720-1730,122,75,,0.2344,0.6642,
femelle,1750-1760,1789-1802,466,477,,0.2343,,
franchement,1700-1710,1780-1789,150,433,,0.2342,0.1204,
tuis,1740-1750,1780-1789,378,119,,0.2341,,
liée,1710-1720,1780-1789,84,548,,0.234,0.7301,
bouteilles,1730-1740,1780-1789,249,662,,0.2339,0.1614,
terra,1720-1730,1740-1750,601,530,,0.2335,0.068,
l'obtenir,1700-1710,1720-1730,72,77,,0.2334,,
communiquée,1700-1710,1780-1789,52,377,,0.2333,0.9713,
tablettes,1700-1710,1760-1770,54,350,,0.2333,0.6479,
étoile,1710-1720,1770-1780,67,446,,0.233,0.7937,
l'innocence,1710-1720,1780-1789,147,1301,,0.2329,,
fauter,1700-1710,1760-1770,69,170,,0.2329,0.3363,
satyres,1710-1720,1789-1802,52,104,,0.2328,,
attribuée,1710-1720,1770-1780,144,572,,0.2326,0.6981,
robes,1700-1710,1789-1802,78,388,,0.2323,0.7446,
cuire,1710-1720,1720-1730,1273,340,,0.2321,,
i'c,1700-1710,1789-1802,62,362,,0.2319,,
s'abandonne,1720-1730,1740-1750,58,65,,0.2313,,
s'étoit,1730-1740,1780-1789,5418,7919,,0.231,,
acheta,1710-1720,1740-1750,91,156,,0.2308,0.4361,
l'estimation,1700-1710,1720-1730,90,72,,0.2305,,
déplaire,1720-1730,1780-1789,102,680,,0.2304,0.6408,
timides,1700-1710,1760-1770,62,286,,0.2302,0.3381,
meut,1700-1710,1710-1720,104,52,,0.2301,0.5894,
omnia,1740-1750,1770-1780,1274,1790,,0.2294,,
moque,1740-1750,1770-1780,89,374,,0.2292,,
jaloufie,1710-1720,1789-1802,106,430,,0.2288,0.3632,
proprietaires,1710-1720,1740-1750,1023,57,,0.2287,,
l'archevêque,1710-1720,1760-1770,372,597,,0.2286,,
d'alexandre,1730-1740,1780-1789,955,1015,,0.2285,,
primo,1700-1710,1720-1730,223,239,,0.2283,,
vîte,1720-1730,1750-1760,188,370,,0.2282,,
souffle,1700-1710,1770-1780,69,862,,0.2281,0.0938,
susceptibles,1700-1710,1789-1802,61,1626,,0.2278,0.9168,
inconvéniens,1700-1710,1789-1802,108,2518,,0.2277,0.9266,
secretaire,1720-1730,1780-1789,701,818,,0.2276,,
haleine,1720-1730,1770-1780,110,555,,0.2275,0.2231,
envoyée,1720-1730,1730-1740,112,157,,0.2272,,
connaissance,1700-1710,1760-1770,158,517,,0.2271,0.5102,
dédommager,1720-1730,1730-1740,98,187,,0.2269,0.8549,
diables,1710-1720,1760-1770,144,265,,0.2268,,
élevés,1700-1710,1760-1770,80,1330,,0.2267,0.5949,
l'unique,1700-1710,1789-1802,176,1225,,0.2264,,
amandes,1700-1710,1789-1802,119,161,,0.2263,,
natura,1700-1710,1770-1780,89,810,,0.2262,0.4189,
mensonges,1710-1720,1740-1750,107,118,,0.2262,0.2446,
l'époux,1720-1730,1789-1802,59,492,,0.2259,,
considérablement,1710-1720,1760-1770,107,927,,0.2258,0.8737,
qu'i,1720-1730,1740-1750,585,1010,,0.2257,,
adoré,1700-1710,1789-1802,71,439,,0.2256,0.0964,
donnerez,1700-1710,1730-1740,122,131,,0.2252,,
camps,1700-1710,1740-1750,65,135,,0.2251,0.2812,
provient,1730-1740,1740-1750,142,166,,0.225,,
distinguée,1700-1710,1780-1789,84,577,,0.2247,0.8882,
tiges,1700-1710,1730-1740,141,57,,0.2246,,
équitables,1700-1710,1760-1770,51,130,,0.2238,0.513,
orner,1700-1710,1710-1720,109,90,,0.2234,,
prunes,1700-1710,1770-1780,153,237,,0.2234,,
hardie,1700-1710,1789-1802,93,510,,0.2231,0.6694,
contiendra,1700-1710,1710-1720,54,109,,0.2229,0.6715,
economics,1720-1730,1789-1802,198,2170,,0.2228,,
usé,1710-1720,1789-1802,336,571,,0.2226,0.6484,
habet,1740-1750,1770-1780,553,892,,0.2225,,
trouvâmes,1780-1789,1789-1802,360,426,,0.2224,,
varier,1700-1710,1710-1720,66,83,,0.2224,0.2153,
hec,1760-1770,1789-1802,59,73,,0.2223,0.0826,
tempérament,1700-1710,1789-1802,125,485,,0.222,0.7145,
vaisselle,1710-1720,1789-1802,169,425,,0.222,,
orgueilleux,1720-1730,1750-1760,84,246,,0.2213,0.853,
quils,1700-1710,1780-1789,102,289,,0.2213,0.3798,
supériorité,1700-1710,1789-1802,77,1736,,0.2212,0.7597,
comédies,1700-1710,1780-1789,64,741,,0.221,0.9232,
l'entour,1740-1750,1770-1780,154,241,,0.2206,,
assister,1720-1730,1740-1750,61,129,,0.2204,,
d'avoine,1720-1730,1730-1740,60,93,,0.2202,,
confirme,1700-1710,1789-1802,176,649,,0.2202,0.1983,
imprimeur,1710-1720,1789-1802,83,756,,0.22,,
payeroit,1700-1710,1710-1720,66,69,,0.2199,0.7235,
decem,1710-1720,1770-1780,145,282,,0.2199,,
serons,1760-1770,1770-1780,362,405,,0.2198,,
nid,1710-1720,1789-1802,143,332,,0.2196,0.4253,
neptune,1700-1710,1710-1720,130,518,,0.2195,,
rece,1700-1710,1789-1802,108,419,,0.2192,0.3495,
éternels,1700-1710,1740-1750,56,138,,0.2191,0.5188,
niveau,1710-1720,1789-1802,227,1492,,0.2188,0.7468,
vendit,1700-1710,1740-1750,132,169,,0.2188,0.2232,
continuent,1700-1710,1780-1789,63,577,,0.2187,0.6835,
sûrs,1700-1710,1710-1720,53,97,,0.2185,0.78,
d'empêcher,1700-1710,1740-1750,176,370,,0.2184,,
l'étude,1700-1710,1789-1802,151,1493,,0.2183,,
réfléchir,1710-1720,1780-1789,55,1004,,0.2178,0.7962,
domus,1720-1730,1730-1740,874,242,,0.2175,0.9125,
rivages,1700-1710,1750-1760,81,182,,0.2173,,
l'abri,1710-1720,1770-1780,178,2072,,0.2171,,
pâturages,1700-1710,1770-1780,67,1129,,0.217,0.6098,
chanté,1700-1710,1720-1730,54,112,,0.2169,0.1204,
imprimées,1700-1710,1750-1760,53,489,,0.2167,0.8028,
fâcheuses,1710-1720,1770-1780,99,260,,0.2167,0.7018,
suo,1730-1740,1780-1789,965,298,,0.2165,0.9644,
regi,1710-1720,1730-1740,118,731,,0.2164,0.8378,
achete,1730-1740,1740-1750,96,167,,0.216,,
tranchée,1730-1740,1770-1780,401,342,,0.2157,,
tapis,1710-1720,1750-1760,204,420,,0.2146,,
recevront,1700-1710,1730-1740,74,101,,0.2145,0.3751,
d'autrui,1700-1710,1789-1802,300,1140,,0.2144,,
éternelles,1720-1730,1730-1740,80,110,,0.2139,,
l'examen,1700-1710,1750-1760,144,754,,0.2139,,
divisent,1730-1740,1789-1802,71,488,,0.2137,0.7374,
only,1710-1720,1789-1802,70,533,,0.2136,,
gazon,1700-1710,1789-1802,182,427,,0.2134,,
pernicieuse,1710-1720,1789-1802,131,195,,0.2132,0.9068,
piller,1700-1710,1710-1720,109,117,,0.213,0.8072,
cci,1730-1740,1750-1760,88,120,,0.2129,0.312,
l'ambition,1700-1710,1789-1802,207,2207,,0.2128,,
étes,1730-1740,1750-1760,84,86,,0.2125,,
tuyaux,1700-1710,1770-1780,145,1354,,0.2122,0.8327,
world,1700-1710,1780-1789,128,134,,0.2121,,
offrent,1710-1720,1789-1802,90,1428,,0.2118,0.585,
comptables,1730-1740,1780-1789,79,231,,0.2111,,
direz,1700-1710,1770-1780,266,898,,0.211,,
lasser,1700-1710,1789-1802,71,245,,0.2108,,
signal,1700-1710,1789-1802,114,999,,0.2107,0.5877,
etes,1700-1710,1789-1802,62,376,,0.2104,0.6827,
maniére,1720-1730,1789-1802,1496,113,,0.21,,
ample,1700-1710,1789-1802,210,395,,0.21,,
quidem,1710-1720,1770-1780,983,2371,,0.2097,,
vitesse,1700-1710,1740-1750,63,745,,0.2093,0.9846,
d'herbes,1710-1720,1730-1740,146,111,,0.209,,
belli,1720-1730,1770-1780,134,476,,0.2086,,
expirer,1700-1710,1710-1720,85,71,,0.2085,0.7384,
surmonter,1710-1720,1789-1802,143,482,,0.2079,0.4314,
graisse,1760-1770,1770-1780,531,728,,0.2076,,
j'allai,1700-1710,1760-1770,117,253,,0.2075,,
souffrances,1710-1720,1780-1789,84,686,,0.2073,,
limon,1700-1710,1789-1802,51,349,,0.2072,0.2805,
l'origine,1700-1710,1789-1802,255,2555,,0.2072,,
inquiétudes,1700-1710,1789-1802,63,1239,,0.2068,0.6177,
répandus,1710-1720,1789-1802,106,791,,0.2062,0.7774,
procure,1700-1710,1760-1770,102,1335,,0.206,0.9697,
ultra,1700-1710,1789-1802,146,116,,0.2058,0.4535,
environnent,1710-1720,1750-1760,71,207,,0.2058,0.7069,
fon,1720-1730,1789-1802,1962,660,,0.2051,,
concil,1730-1740,1789-1802,407,299,,0.2048,,
sincérité,1700-1710,1770-1780,103,408,,0.2046,0.8453,
lisette,1730-1740,1789-1802,1849,268,,0.2045,,
certa,1780-1789,1789-1802,100,77,,0.2044,0.1568,
ravages,1700-1710,1789-1802,53,1057,,0.2041,0.7926,
inconnues,1700-1710,1720-1730,72,130,,0.204,0.6711,
d'exercer,1700-1710,1720-1730,113,152,,0.204,,
m'appelle,1700-1710,1740-1750,65,103,,0.2037,,
sine,1730-1740,1750-1760,634,270,,0.2036,0.9441,
fermées,1720-1730,1730-1740,137,175,,0.2034,0.2704,
loca,1770-1780,1789-1802,191,88,,0.203,0.8395,
bancs,1730-1740,1770-1780,138,653,,0.2028,0.3366,
gestes,1700-1710,1730-1740,64,176,,0.2026,0.7037,
mea,1740-1750,1770-1780,643,337,,0.2024,,
disciple,1700-1710,1780-1789,168,1038,,0.2021,,
cùm,1720-1730,1770-1780,750,2234,,0.2019,,
quibus,1730-1740,1770-1780,1572,2180,,0.2016,,
bains,1700-1710,1780-1789,139,1212,,0.2015,0.069,
circa,1700-1710,1770-1780,84,775,,0.2012,0.7578,
fécondité,1700-1710,1770-1780,126,1068,,0.2011,0.5633,
subtile,1720-1730,1730-1740,79,190,,0.201,,
partagent,1710-1720,1720-1730,83,139,,0.2009,0.2203,
qu'après,1700-1710,1710-1720,674,1203,,0.2009,,
perce,1700-1710,1770-1780,145,928,,0.2007,0.2099,
quem,1730-1740,1770-1780,1651,1593,,0.2006,,
huiles,1700-1710,1730-1740,66,564,,0.2004,0.5161,
nerfs,1710-1720,1760-1770,155,990,,0.2003,,
l'image,1710-1720,1789-1802,345,1216,,0.2002,,
pernicieux,1720-1730,1789-1802,229,444,,0.2,0.8981,
accuse,1700-1710,1730-1740,52,103,,0.1999,0.1782,
eodem,1730-1740,1770-1780,627,835,,0.1998,,
entr'eux,1700-1710,1760-1770,252,1571,,0.1997,,
accompagnées,1710-1720,1789-1802,79,214,,0.1995,0.5062,
allume,1710-1720,1770-1780,59,333,,0.1994,0.1795,
l'ouverture,1740-1750,1789-1802,750,1322,,0.1993,,
troncs,1710-1720,1760-1770,59,357,,0.1992,0.8817,
concilier,1700-1710,1780-1789,87,1342,,0.1989,0.8175,
perfectionner,1700-1710,1710-1720,91,181,,0.1988,0.2156,
possede,1710-1720,1720-1730,183,356,,0.1987,,
lege,1720-1730,1770-1780,156,406,,0.1985,0.2557,
jusqu'alors,1710-1720,1770-1780,295,1245,,0.1984,,
pontificat,1740-1750,1760-1770,81,102,,0.1979,,
envoyés,1720-1730,1789-1802,134,2031,,0.1977,0.3879,
d'exiger,1700-1710,1720-1730,61,109,,0.1974,,
rerum,1720-1730,1770-1780,618,991,,0.1972,,
haec,1730-1740,1770-1780,1306,2037,,0.1971,,
pots,1720-1730,1789-1802,280,637,,0.197,,
attentats,1700-1710,1789-1802,77,975,,0.197,0.3629,
invisible,1720-1730,1789-1802,69,479,,0.1969,0.0916,
interrompu,1700-1710,1720-1730,87,109,,0.1967,0.2372,
harangues,1700-1710,1789-1802,91,264,,0.1963,,
conférences,1710-1720,1770-1780,189,303,,0.1961,0.0209,
solidairement,1700-1710,1789-1802,81,100,,0.1957,,
blessures,1700-1710,1789-1802,70,660,,0.1954,0.8404,
pattes,1710-1720,1780-1789,77,398,,0.1953,0.6593,
frivoles,1710-1720,1760-1770,105,618,,0.1952,0.6188,
soupire,1700-1710,1789-1802,62,340,,0.1951,0.4629,
d'exécuter,1700-1710,1720-1730,72,102,,0.1949,,
gloria,1730-1740,1740-1750,314,179,,0.1949,,
ordures,1700-1710,1789-1802,57,113,,0.1946,,
plaques,1700-1710,1760-1770,57,389,,0.194,0.8674,
facere,1740-1750,1770-1780,522,547,,0.1936,,
m'empêcher,1700-1710,1789-1802,119,568,,0.1934,,
sublimes,1700-1710,1789-1802,70,823,,0.1932,0.6876,
deum,1710-1720,1750-1760,205,195,,0.1931,0.7786,
ancres,1730-1740,1750-1760,59,73,,0.193,,
diligences,1750-1760,1789-1802,132,150,,0.1928,,
baillifs,1760-1770,1789-1802,211,68,,0.1925,,
poutres,1710-1720,1760-1770,61,322,,0.1924,0.8375,
car,1710-1720,1720-1730,15790,19957,,0.1923,0.0832,
vivoient,1700-1710,1789-1802,140,432,,0.1919,0.8039,
graver,1700-1710,1740-1750,145,156,,0.1917,,
l'erreur,1710-1720,1770-1780,357,1954,,0.1915,,
coquilles,1720-1730,1770-1780,87,533,,0.1914,0.5965,
d'employer,1700-1710,1780-1789,165,1850,,0.1911,,
bene,1720-1730,1730-1740,286,512,,0.191,,
appelloient,1720-1730,1789-1802,222,163,,0.1903,,
abonde,1710-1720,1770-1780,79,398,,0.1902,,
décisions,1720-1730,1780-1789,70,680,,0.19,0.6902,
remboursement,1710-1720,1789-1802,268,2162,,0.1898,,
sels,1710-1720,1789-1802,158,579,,0.1896,0.7475,
venin,1720-1730,1770-1780,138,669,,0.1893,0.6346,
traitée,1700-1710,1789-1802,91,473,,0.1893,0.672,
natif,1750-1760,1789-1802,1049,407,,0.1891,0.5716,
l'espérance,1710-1720,1770-1780,352,1782,,0.1889,,
protestations,1710-1720,1789-1802,139,530,,0.1887,0.8547,
triomphes,1710-1720,1789-1802,66,654,,0.1886,0.7092,
procéder,1710-1720,1789-1802,111,1167,,0.1883,0.6286,
modique,1700-1710,1760-1770,57,676,,0.1882,0.8803,
supra,1730-1740,1740-1750,550,264,,0.1882,0.5187,
m'arrêter,1700-1710,1789-1802,51,303,,0.1879,,
troublent,1710-1720,1730-1740,89,91,,0.1876,0.611,
necessaires,1700-1710,1789-1802,541,226,,0.1875,,
corpus,1730-1740,1770-1780,271,436,,0.1875,0.1925,
muid,1700-1710,1760-1770,390,1183,,0.1873,,
aujourd'hui,1720-1730,1789-1802,3302,14547,,0.1871,,
suivies,1700-1710,1710-1720,74,148,,0.1868,0.3076,
moments,1710-1720,1740-1750,365,190,,0.1864,,
s'ouvre,1710-1720,1720-1730,99,95,,0.1863,,
rivières,1710-1720,1730-1740,128,201,,0.1861,0.6785,
l'article,1700-1710,1730-1740,1446,3944,,0.1859,,
ondes,1720-1730,1760-1770,104,397,,0.1858,,
éré,1700-1710,1740-1750,94,277,,0.1853,0.8134,
vobis,1730-1740,1789-1802,1504,145,,0.1852,,
récompenser,1720-1730,1730-1740,91,194,,0.185,0.2063,
l'aime,1720-1730,1730-1740,160,460,,0.185,,
excuser,1700-1710,1720-1730,65,86,,0.1849,0.614,
l'orgueil,1720-1730,1789-1802,237,1826,,0.1845,,
boit,1700-1710,1770-1780,263,724,,0.1841,0.7846,
bagatelles,1710-1720,1730-1740,170,163,,0.184,0.5451,
élevées,1700-1710,1789-1802,131,1044,,0.1837,0.7012,
those,1710-1720,1789-1802,71,733,,0.1836,,
conjecture,1700-1710,1760-1770,124,348,,0.1834,,
plats,1700-1710,1760-1770,205,815,,0.1833,,
please,1770-1780,1789-1802,229,58,,0.1833,,
retarder,1700-1710,1750-1760,94,247,,0.183,0.6303,
cloux,1730-1740,1780-1789,124,114,,0.1828,,
attaquent,1700-1710,1789-1802,80,299,,0.1826,0.8158,
l'emporte,1700-1710,1710-1720,103,176,,0.1826,,
attentifs,1700-1710,1770-1780,75,497,,0.1823,0.6826,
l'avoit,1720-1730,1780-1789,1578,6508,,0.1821,,
maritimes,1720-1730,1750-1760,123,506,,0.182,0.5409,
revêtus,1720-1730,1789-1802,164,574,,0.1817,0.7629,
confus,1720-1730,1770-1780,226,669,,0.1816,,
factum,1760-1770,1789-1802,53,56,,0.1806,,
étc,1700-1710,1740-1750,112,114,,0.1805,,
taken,1710-1720,1789-1802,93,223,,0.1805,,
plutarque,1730-1740,1789-1802,894,415,,0.1802,,
jaunes,1710-1720,1789-1802,239,382,,0.1801,,
country,1700-1710,1789-1802,185,270,,0.1801,,
formoient,1700-1710,1789-1802,55,647,,0.1799,0.7682,
s'écrie,1700-1710,1710-1720,53,95,,0.1798,,
parvenus,1700-1710,1789-1802,93,1032,,0.1797,0.7815,
gouverné,1710-1720,1789-1802,109,696,,0.1795,0.7575,
engagemens,1710-1720,1789-1802,130,1808,,0.179,0.8125,
bannir,1700-1710,1750-1760,124,362,,0.1786,0.7094,
souvient,1720-1730,1789-1802,125,391,,0.1785,0.5553,
intervenu,1700-1710,1789-1802,58,60,,0.1784,0.6581,
répondez,1780-1789,1789-1802,471,379,,0.1782,0.2934,
mandons,1730-1740,1789-1802,220,296,,0.1781,,
nam,1730-1740,1770-1780,1194,2095,,0.178,,
explications,1720-1730,1740-1750,104,390,,0.1779,0.2929,
posées,1730-1740,1789-1802,135,286,,0.1778,0.6793,
tombées,1720-1730,1730-1740,57,111,,0.1776,0.6896,
signée,1700-1710,1720-1730,146,83,,0.1775,,
drapeaux,1700-1710,1770-1780,50,522,,0.1773,0.6943,
l'emporter,1700-1710,1760-1770,71,303,,0.1769,,
claires,1720-1730,1789-1802,170,502,,0.1769,,
ipse,1730-1740,1740-1750,1032,346,,0.1768,,
planté,1700-1710,1740-1750,169,187,,0.1766,,
envoye,1730-1740,1789-1802,435,326,,0.1766,,
sénéchaux,1730-1740,1789-1802,121,75,,0.1765,,
provin,1700-1710,1780-1789,93,534,,0.1762,0.469,
extravagances,1710-1720,1720-1730,59,63,,0.1761,0.8791,
réparations,1700-1710,1710-1720,95,174,,0.176,0.5015,
first,1740-1750,1789-1802,159,501,,0.1753,,
contraventions,1710-1720,1789-1802,393,171,,0.1752,,
coupées,1700-1710,1730-1740,95,111,,0.1752,,
rebus,1720-1730,1770-1780,531,612,,0.1752,,
prêtes,1700-1710,1750-1760,83,188,,0.1749,0.9312,
religions,1710-1720,1789-1802,71,714,,0.1748,0.7537,
augmentoit,1710-1720,1720-1730,57,68,,0.1745,0.8284,
incompatibles,1700-1710,1789-1802,63,242,,0.1739,0.824,
meis,1780-1789,1789-1802,95,129,,0.1738,,
tuyau,1720-1730,1780-1789,88,1027,,0.1724,0.2437,
garnies,1700-1710,1710-1720,81,180,,0.172,0.8112,
ceci,1700-1710,1710-1720,971,804,,0.1718,,
renfermées,1700-1710,1710-1720,56,50,,0.1717,0.4775,
jurisdiction,1710-1720,1740-1750,1066,693,,0.1717,,
magasins,1710-1720,1760-1770,149,1320,,0.1714,0.2706,
clauses,1710-1720,1789-1802,140,341,,0.1711,,
superficie,1700-1710,1789-1802,139,603,,0.171,,
d'éviter,1700-1710,1750-1760,184,471,,0.1709,,
conclusions,1710-1720,1789-1802,656,229,,0.1707,,
l'audace,1710-1720,1789-1802,175,929,,0.1706,,
tiroient,1700-1710,1789-1802,99,398,,0.1706,0.6203,
plancher,1710-1720,1760-1770,99,586,,0.1702,0.647,
avantures,1720-1730,1789-1802,150,130,,0.1702,,
lex,1730-1740,1789-1802,207,193,,0.17,0.8129,
occidentale,1700-1710,1740-1750,72,588,,0.1699,0.9263,
sibi,1730-1740,1770-1780,1331,564,,0.1698,0.8404,
emportée,1700-1710,1789-1802,60,197,,0.1697,0.5914,
enrichi,1700-1710,1710-1720,95,118,,0.1693,0.0741,
publia,1700-1710,1789-1802,91,539,,0.1692,0.6101,
coffres,1720-1730,1789-1802,172,445,,0.1688,0.9185,
infortunée,1700-1710,1789-1802,62,856,,0.1685,0.9919,
terminée,1700-1710,1770-1780,68,851,,0.1685,0.8828,
dissipe,1700-1710,1720-1730,87,94,,0.1683,0.8147,
d'ail,1700-1710,1789-1802,101,437,,0.1682,,
l'affaire,1710-1720,1789-1802,973,1795,,0.1681,,
représentent,1710-1720,1789-1802,120,737,,0.168,0.5322,
parfaits,1720-1730,1780-1789,167,531,,0.1674,,
l'envie,1700-1710,1770-1780,358,1880,,0.167,,
inventer,1700-1710,1750-1760,73,184,,0.1668,0.5609,
instance,1730-1740,1789-1802,256,386,,0.1664,,
régles,1720-1730,1780-1789,363,253,,0.1661,,
nobis,1700-1710,1730-1740,662,2230,,0.166,,
outils,1700-1710,1770-1780,75,857,,0.1657,0.4401,
retraites,1720-1730,1789-1802,147,410,,0.1654,0.1711,
jalouse,1700-1710,1710-1720,69,87,,0.1652,0.1364,
vez,1720-1730,1770-1780,182,427,,0.165,0.6553,
conclue,1710-1720,1789-1802,69,240,,0.165,,
ruses,1710-1720,1740-1750,145,204,,0.1646,0.5405,
sollicitations,1700-1710,1770-1780,51,296,,0.1645,0.6021,
froides,1700-1710,1740-1750,112,198,,0.1644,0.7387,
dixi,1730-1740,1780-1789,160,86,,0.1642,,
quoiqu'ils,1700-1710,1789-1802,144,782,,0.1636,,
s'emparer,1710-1720,1789-1802,116,1198,,0.1636,,
commencemens,1700-1710,1770-1780,119,477,,0.1634,0.7241,
cantiques,1710-1720,1720-1730,55,73,,0.1629,,
fromage,1760-1770,1780-1789,392,575,,0.1628,,
l'huile,1750-1760,1770-1780,844,3202,,0.1625,,
quarrée,1710-1720,1789-1802,138,218,,0.1624,,
condamnée,1710-1720,1789-1802,157,475,,0.1621,0.88,
tambours,1760-1770,1770-1780,173,218,,0.162,0.3392,
nova,1720-1730,1789-1802,250,154,,0.1619,0.8422,
abondantes,1700-1710,1730-1740,60,164,,0.1618,0.9277,
déchiré,1700-1710,1710-1720,67,61,,0.1616,0.3108,
calomnies,1700-1710,1789-1802,81,855,,0.1614,0.9541,
erant,1770-1780,1780-1789,490,188,,0.1614,,
condamnés,1710-1720,1789-1802,106,1456,,0.1612,0.8321,
banni,1740-1750,1760-1770,237,372,,0.161,0.0115,
bijoux,1700-1710,1740-1750,61,419,,0.1608,0.1265,
aprcs,1720-1730,1750-1760,294,146,,0.1607,,
défit,1700-1710,1730-1740,62,230,,0.1605,0.6036,
cabanes,1700-1710,1760-1770,56,282,,0.1604,0.4773,
eos,1730-1740,1760-1770,950,149,,0.1601,,
exposés,1710-1720,1770-1780,86,1211,,0.1597,0.5626,
formées,1710-1720,1789-1802,143,949,,0.1597,0.6706,
déesse,1710-1720,1789-1802,766,506,,0.1596,,
scel,1710-1720,1789-1802,880,125,,0.1592,,
charmer,1710-1720,1780-1789,103,389,,0.1591,0.5881,
eadem,1720-1730,1770-1780,532,1025,,0.1589,,
formidable,1710-1720,1789-1802,109,685,,0.1586,0.3149,
citron,1710-1720,1789-1802,355,229,,0.1585,,
l'herbe,1720-1730,1770-1780,226,1297,,0.1582,,
dum,1730-1740,1770-1780,1010,1026,,0.1576,,
nisi,1720-1730,1730-1740,185,832,,0.1575,,
tempus,1770-1780,1789-1802,560,151,,0.1574,,
l'entrée,1730-1740,1740-1750,2497,1993,,0.1572,,
meo,1710-1720,1730-1740,367,224,,0.1569,,
enflammé,1720-1730,1770-1780,57,306,,0.1567,0.0882,
omnibus,1730-1740,1770-1780,1285,1249,,0.1565,,
huitaine,1710-1720,1770-1780,236,263,,0.1564,,
enne,1710-1720,1730-1740,87,302,,0.1558,,
entendue,1710-1720,1760-1770,112,515,,0.1557,0.547,
tués,1700-1710,1720-1730,71,65,,0.1552,0.762,
quas,1730-1740,1770-1780,921,829,,0.1551,,
métaux,1720-1730,1789-1802,251,2192,,0.155,0.8346,
never,1740-1750,1789-1802,59,278,,0.1545,,
sortez,1710-1720,1720-1730,66,52,,0.1543,,
comparable,1710-1720,1720-1730,74,108,,0.154,0.3799,
surpasse,1700-1710,1730-1740,102,132,,0.1537,0.6552,
renfermée,1700-1710,1780-1789,99,481,,0.1533,0.7229,
d'animaux,1700-1710,1760-1770,95,591,,0.1529,,
séparées,1710-1720,1760-1770,67,513,,0.1527,0.2663,
admirables,1700-1710,1760-1770,128,455,,0.1525,0.448,
n'ef,1700-1710,1710-1720,361,490,,0.1523,,
jugée,1720-1730,1760-1770,113,345,,0.1521,,
jugent,1720-1730,1780-1789,228,575,,0.1519,,
entr'elles,1710-1720,1760-1770,95,929,,0.1516,,
rencontrent,1760-1770,1789-1802,829,420,,0.1515,,
ressent,1700-1710,1730-1740,78,120,,0.1513,0.5712,
minces,1710-1720,1720-1730,68,190,,0.1512,0.6432,
propice,1700-1710,1789-1802,88,409,,0.1511,,
hinc,1730-1740,1770-1780,396,675,,0.151,0.3268,
l'avez,1750-1760,1780-1789,618,1290,,0.1509,,
empêchement,1720-1730,1789-1802,102,83,,0.1506,,
sacrées,1720-1730,1789-1802,98,548,,0.1503,0.7138,
d'airain,1720-1730,1789-1802,135,281,,0.1502,,
cueillir,1700-1710,1720-1730,179,90,,0.15,,
boutons,1720-1730,1750-1760,119,552,,0.1499,,
appartenans,1720-1730,1780-1789,133,461,,0.1498,0.97,
adorable,1710-1720,1740-1750,113,258,,0.1495,0.1142,
fibi,1750-1760,1770-1780,319,1088,,0.1492,,
gravées,1700-1710,1760-1770,70,329,,0.1491,0.7721,
genus,1770-1780,1789-1802,812,93,,0.149,,
quinzaine,1710-1720,1770-1780,202,295,,0.1488,,
prévaloir,1710-1720,1720-1730,107,129,,0.1484,,
primary,1730-1740,1789-1802,74,1683,,0.1483,,
chambellan,1740-1750,1760-1770,172,80,,0.1482,,
prima,1760-1770,1770-1780,179,561,,0.1479,0.2984,
divines,1730-1740,1770-1780,204,461,,0.1477,,
donnerent,1700-1710,1730-1740,178,563,,0.1477,,
fum,1730-1740,1789-1802,223,135,,0.1475,,
fléchir,1700-1710,1789-1802,91,521,,0.1474,0.754,
blâmer,1700-1710,1750-1760,131,407,,0.1472,0.722,
drogues,1720-1730,1780-1789,307,630,,0.1469,0.421,
courses,1720-1730,1780-1789,178,502,,0.1466,0.1414,
insultes,1720-1730,1789-1802,157,350,,0.1463,,
valoient,1700-1710,1710-1720,130,89,,0.1462,0.8605,
disputes,1710-1720,1770-1780,196,1049,,0.1461,0.5418,
commodités,1710-1720,1770-1780,79,675,,0.1459,0.5697,
cachées,1700-1710,1770-1780,99,360,,0.1458,0.3897,
puissantes,1700-1710,1780-1789,82,475,,0.1456,0.2789,
where,1710-1720,1789-1802,103,526,,0.1455,,
quoi,1700-1710,1780-1789,6723,23773,,0.1453,0.7175,
eorum,1730-1740,1770-1780,1169,1088,,0.145,,
aliquo,1740-1750,1789-1802,207,79,,0.1449,,
faces,1700-1710,1750-1760,85,254,,0.1449,0.8666,
find,1720-1730,1770-1780,112,277,,0.1443,,
collines,1700-1710,1740-1750,54,478,,0.1438,0.9267,
commettent,1710-1720,1789-1802,239,302,,0.1436,0.9351,
attaques,1700-1710,1770-1780,81,698,,0.1435,0.3609,
miennes,1700-1710,1760-1770,74,312,,0.1433,0.764,
immobile,1720-1730,1789-1802,86,543,,0.1432,0.2577,
rubans,1700-1710,1770-1780,62,400,,0.1429,0.6619,
quittez,1710-1720,1720-1730,96,80,,0.1428,0.7363,
n'aurez,1700-1710,1789-1802,103,442,,0.1427,,
fondateur,1700-1710,1789-1802,89,514,,0.1424,0.1606,
observée,1700-1710,1760-1770,111,363,,0.1421,,
attaquée,1700-1710,1750-1760,68,234,,0.142,0.496,
surnom,1700-1710,1710-1720,139,140,,0.1416,,
allées,1730-1740,1760-1770,168,427,,0.1415,,
tamen,1700-1710,1780-1789,1448,935,,0.1414,,
évidentes,1700-1710,1789-1802,58,190,,0.141,0.7462,
pleurant,1720-1730,1730-1740,79,149,,0.1407,0.801,
contenus,1700-1710,1789-1802,207,583,,0.1404,,
aliud,1700-1710,1770-1780,193,773,,0.1402,,
roseaux,1700-1710,1760-1770,55,216,,0.1398,0.8425,
eum,1720-1730,1730-1740,407,1790,,0.1392,,
commodes,1700-1710,1789-1802,76,331,,0.1389,0.6204,
pistoles,1730-1740,1760-1770,182,331,,0.1386,,
c'ef,1700-1710,1750-1760,675,1572,,0.1386,,
c'ell,1700-1710,1730-1740,144,223,,0.1385,,
j'entends,1720-1730,1760-1770,194,854,,0.1382,,
opérations,1700-1710,1789-1802,147,6373,,0.1382,0.6712,
convenus,1700-1710,1770-1780,149,436,,0.1381,,
minus,1700-1710,1770-1780,393,686,,0.138,,
usque,1720-1730,1770-1780,534,795,,0.1379,0.7978,
taches,1720-1730,1780-1789,113,746,,0.1378,0.3075,
omnes,1710-1720,1770-1780,728,1474,,0.1376,,
patria,1770-1780,1780-1789,165,109,,0.1372,,
exposées,1710-1720,1789-1802,117,439,,0.1371,0.9256,
l'autorité,1700-1710,1789-1802,653,6602,,0.1371,,
remede,1710-1720,1770-1780,834,2712,,0.1366,,
bagatelle,1700-1710,1780-1789,113,405,,0.1365,,
composa,1700-1710,1710-1720,74,117,,0.1363,0.3159,
canelle,1750-1760,1770-1780,107,230,,0.136,,
débauches,1700-1710,1770-1780,87,496,,0.1359,0.9513,
d'agir,1700-1710,1770-1780,287,1053,,0.1358,,
arte,1760-1770,1789-1802,94,127,,0.1356,0.0634,
habent,1740-1750,1770-1780,281,519,,0.1355,0.2421,
l'aimer,1720-1730,1789-1802,105,484,,0.1354,,
dici,1770-1780,1780-1789,250,155,,0.1354,0.5731,
puisqu'elle,1710-1720,1750-1760,188,602,,0.1352,,
l'argent,1720-1730,1789-1802,2318,9031,,0.1349,,
nullus,1720-1730,1760-1770,356,63,,0.1348,0.9257,
artifices,1710-1720,1770-1780,243,467,,0.1347,0.617,
puissions,1700-1710,1710-1720,105,161,,0.1342,,
dépendre,1710-1720,1789-1802,112,650,,0.1341,0.6058,
devenues,1700-1710,1770-1780,56,838,,0.1339,0.4579,
qu'environ,1700-1710,1730-1740,64,94,,0.1336,,
chantent,1700-1710,1730-1740,79,118,,0.1335,0.1405,
extrémités,1720-1730,1760-1770,108,1739,,0.1334,0.8741,
transportées,1700-1710,1780-1789,51,263,,0.1333,0.8374,
traversé,1710-1720,1730-1740,72,145,,0.1329,0.3961,
n'e,1710-1720,1730-1740,184,254,,0.1323,,
illa,1740-1750,1770-1780,826,1028,,0.1322,,
amor,1730-1740,1789-1802,241,94,,0.1321,0.8354,
domain,1720-1730,1789-1802,257,95,,0.132,,
vautre,1750-1760,1789-1802,223,511,,0.1319,0.1359,
mettoient,1700-1710,1760-1770,113,321,,0.1318,0.8085,
muraille,1700-1710,1740-1750,267,689,,0.1317,,
redouble,1700-1710,1780-1789,87,451,,0.1316,,
work,1700-1710,1780-1789,218,207,,0.1315,,
tempore,1730-1740,1740-1750,949,532,,0.1312,,
bâties,1710-1720,1789-1802,126,303,,0.1311,0.9503,
sont,1710-1720,1720-1730,9760,8105,,0.131,,
noix,1730-1740,1770-1780,316,1380,,0.1305,,
l'embouchure,1700-1710,1740-1750,136,1121,,0.1305,,
l'y,1700-1710,1789-1802,733,1937,,0.1304,,
erit,1740-1750,1789-1802,437,376,,0.1299,,
l'automne,1710-1720,1730-1740,132,112,,0.1295,,
contenues,1730-1740,1789-1802,284,521,,0.1292,,
subvenir,1700-1710,1789-1802,73,857,,0.129,0.9114,
arrivâmes,1730-1740,1770-1780,133,114,,0.1288,,
regitre,1700-1710,1710-1720,104,404,,0.1287,0.4057,
genere,1760-1770,1770-1780,81,578,,0.1286,0.6387,
quos,1720-1730,1730-1740,636,989,,0.1281,,
vêtus,1710-1720,1750-1760,75,135,,0.128,0.8308,
implorer,1700-1710,1750-1760,78,168,,0.128,0.7968,
volumus,1700-1710,1730-1740,60,240,,0.1278,0.8755,
hardis,1720-1730,1760-1770,185,274,,0.1275,0.883,
excitent,1700-1710,1730-1740,78,100,,0.127,0.6789,
huic,1770-1780,1780-1789,515,261,,0.1269,,
locis,1750-1760,1770-1780,113,524,,0.1267,,
diem,1730-1740,1780-1789,405,236,,0.1266,,
poignée,1710-1720,1789-1802,143,469,,0.1258,,
illi,1710-1720,1789-1802,559,390,,0.1257,0.8121,
tentes,1750-1760,1760-1770,239,349,,0.1254,0.1234,
l'hyver,1710-1720,1780-1789,355,408,,0.1253,,
l'idée,1700-1710,1789-1802,702,4668,,0.1252,,
morbleu,1700-1710,1760-1770,52,172,,0.1249,,
venit,1730-1740,1789-1802,486,105,,0.1248,,
d'ailleurs,1700-1710,1750-1760,2066,6660,,0.1248,,
changée,1700-1710,1710-1720,127,129,,0.1246,,
détours,1700-1710,1720-1730,97,131,,0.1245,0.6551,
omnium,1770-1780,1789-1802,1139,229,,0.1243,,
coquin,1700-1710,1789-1802,82,357,,0.124,,
tunc,1700-1710,1770-1780,458,617,,0.1238,,
tentatives,1700-1710,1780-1789,54,658,,0.1236,0.6227,
tanto,1720-1730,1780-1789,157,176,,0.1235,0.7957,
expiré,1710-1720,1770-1780,112,254,,0.1234,,
parfums,1710-1720,1720-1730,130,59,,0.1234,,
dissertation,1720-1730,1789-1802,212,387,,0.1229,0.607,
d'augmenter,1700-1710,1789-1802,110,930,,0.1228,,
contrées,1700-1710,1789-1802,55,2253,,0.1227,0.8735,
vero,1730-1740,1770-1780,1571,1034,,0.1226,0.8993,
apprennent,1710-1720,1789-1802,138,508,,0.1225,0.7396,
dûs,1710-1720,1789-1802,300,460,,0.1223,,
j'étois,1710-1720,1740-1750,511,3022,,0.1222,,
délicats,1700-1710,1789-1802,117,457,,0.1221,0.6613,
derriere,1710-1720,1730-1740,637,979,,0.1218,,
cura,1740-1750,1770-1780,263,338,,0.1215,,
causa,1720-1730,1730-1740,202,773,,0.121,,
détails,1700-1710,1789-1802,133,6461,,0.1202,0.583,
révérence,1700-1710,1789-1802,137,235,,0.1201,,
quoniam,1730-1740,1770-1780,833,986,,0.12,,
humblement,1710-1720,1789-1802,349,258,,0.1199,,
distinguées,1700-1710,1770-1780,65,371,,0.1196,0.9145,
payemens,1710-1720,1789-1802,359,646,,0.1195,,
fuo,1770-1780,1789-1802,654,73,,0.1195,,
verds,1720-1730,1760-1770,96,404,,0.1193,,
pores,1710-1720,1789-1802,121,278,,0.1191,,
prétextes,1700-1710,1789-1802,87,670,,0.119,0.5946,
tremper,1720-1730,1789-1802,237,170,,0.1189,,
haud,1770-1780,1789-1802,728,58,,0.1188,0.7608,
propter,1730-1740,1770-1780,667,685,,0.1185,,
videri,1770-1780,1789-1802,238,142,,0.1183,0.8493,
vît,1710-1720,1720-1730,94,50,,0.1181,,
appellées,1710-1720,1789-1802,163,174,,0.1181,0.7223,
nommées,1720-1730,1740-1750,138,422,,0.118,0.6559,
golfe,1700-1710,1780-1789,98,1442,,0.1178,0.7006,
ôta,1700-1710,1780-1789,83,285,,0.1174,,
secs,1720-1730,1760-1770,159,938,,0.117,,
requêtes,1720-1730,1789-1802,407,617,,0.1167,,
centum,1730-1740,1760-1770,227,78,,0.1164,0.9309,
liaisons,1700-1710,1760-1770,87,642,,0.1164,0.4929,
unde,1730-1740,1770-1780,1073,707,,0.1163,,
sombres,1710-1720,1740-1750,72,82,,0.1162,,
animus,1710-1720,1789-1802,145,57,,0.1157,,
contens,1710-1720,1730-1740,175,340,,0.1153,0.3957,
leges,1720-1730,1770-1780,162,319,,0.1153,0.1672,
hac,1710-1720,1770-1780,815,797,,0.1152,,
itaque,1710-1720,1730-1740,141,869,,0.1149,,
s'avance,1710-1720,1740-1750,181,412,,0.1147,,
violens,1710-1720,1780-1789,96,747,,0.1146,0.6307,
magna,1730-1740,1770-1780,530,602,,0.1145,,
verba,1730-1740,1770-1780,465,661,,0.1141,0.6598,
éte,1700-1710,1770-1780,131,404,,0.1139,,
liées,1700-1710,1789-1802,78,471,,0.1133,0.7458,
cessez,1720-1730,1789-1802,65,279,,0.1132,0.8302,
vidi,1740-1750,1780-1789,143,174,,0.1131,,
meum,1710-1720,1730-1740,359,294,,0.1129,,
voûte,1700-1710,1770-1780,53,978,,0.1128,0.5704,
préparatifs,1710-1720,1780-1789,90,957,,0.1127,0.3271,
plura,1770-1780,1780-1789,293,127,,0.1126,,
quare,1770-1780,1789-1802,370,141,,0.1123,,
prérogatives,1700-1710,1789-1802,83,1195,,0.1118,0.8568,
excuses,1700-1710,1760-1770,72,113,,0.1114,0.1976,
bonjour,1720-1730,1780-1789,63,183,,0.1113,,
battent,1710-1720,1730-1740,88,91,,0.111,0.5197,
épées,1710-1720,1760-1770,89,152,,0.1108,0.6062,
enlevée,1700-1710,1760-1770,74,366,,0.1104,0.4209,
domum,1710-1720,1720-1730,319,476,,0.1099,,
l'abondance,1710-1720,1770-1780,526,2239,,0.1095,,
nuds,1710-1720,1760-1770,90,237,,0.1094,,
flambeaux,1720-1730,1789-1802,145,379,,0.1093,,
divisée,1700-1710,1730-1740,162,124,,0.1092,0.9536,
corpore,1730-1740,1770-1780,304,387,,0.109,0.3053,
dirc,1710-1720,1730-1740,134,86,,0.1085,,
regni,1730-1740,1789-1802,721,302,,0.108,,
barques,1700-1710,1740-1750,124,1273,,0.1077,0.8752,
qu'eux,1700-1710,1750-1760,248,638,,0.1075,,
hanc,1730-1740,1770-1780,588,952,,0.1074,,
omni,1710-1720,1730-1740,154,740,,0.1072,,
appartenoient,1700-1710,1789-1802,67,340,,0.1072,0.9465,
concernent,1700-1710,1780-1789,106,437,,0.107,0.8326,
enregistrées,1730-1740,1789-1802,140,107,,0.1068,,
trouverons,1710-1720,1760-1770,74,321,,0.1067,,
semper,1730-1740,1740-1750,479,190,,0.1065,,
confirmée,1700-1710,1770-1780,91,577,,0.1062,0.6411,
vendues,1700-1710,1730-1740,205,211,,0.1062,,
donc,1710-1720,1760-1770,12544,40599,,0.106,0.3643,
dedit,1730-1740,1770-1780,427,491,,0.1059,0.5972,
aversion,1720-1730,1789-1802,120,355,,0.1058,0.9061,
arrivées,1700-1710,1760-1770,118,344,,0.1056,,
retirée,1710-1720,1760-1770,94,420,,0.1055,,
complimens,1700-1710,1720-1730,171,118,,0.1054,,
puisque,1710-1720,1750-1760,2970,6035,,0.1053,0.0405,
also,1720-1730,1789-1802,104,249,,0.1046,,
escadrons,1710-1720,1720-1730,57,233,,0.1042,,
populi,1730-1740,1770-1780,267,503,,0.1041,,
délicates,1710-1720,1789-1802,103,424,,0.1037,,
d'ennemis,1700-1710,1789-1802,105,578,,0.1034,,
vases,1720-1730,1760-1770,136,728,,0.1033,0.5545,
l'échéance,1700-1710,1770-1780,70,497,,0.103,,
legibus,1700-1710,1780-1789,54,99,,0.1026,0.6767,
payoient,1700-1710,1740-1750,54,160,,0.1023,0.8488,
n'êtes,1710-1720,1720-1730,306,232,,0.1018,,
ratio,1770-1780,1789-1802,501,142,,0.1016,0.9108,
privileges,1710-1720,1789-1802,1212,674,,0.1016,,
percé,1720-1730,1770-1780,209,836,,0.1015,,
bâtons,1710-1720,1760-1770,135,378,,0.1014,,
contrevenans,1710-1720,1789-1802,506,51,,0.1009,,
succéda,1700-1710,1789-1802,84,458,,0.1007,0.9053,
escalier,1700-1710,1770-1780,55,316,,0.0998,0.3118,
tremblante,1710-1720,1770-1780,78,429,,0.0995,0.8521,
ratione,1720-1730,1770-1780,443,479,,0.0993,0.4342,
surnommé,1710-1720,1730-1740,86,323,,0.0992,,
bellum,1770-1780,1789-1802,548,65,,0.099,,
homo,1730-1740,1740-1750,280,229,,0.0987,0.0988,
fuerit,1710-1720,1720-1730,150,627,,0.0985,0.8939,
possit,1760-1770,1789-1802,71,176,,0.0984,,
recevoient,1700-1710,1710-1720,51,97,,0.0983,0.6445,
tuo,1730-1740,1740-1750,331,362,,0.0981,,
conversations,1700-1710,1770-1780,79,390,,0.0981,0.279,
humeurs,1720-1730,1730-1740,451,664,,0.098,,
regardez,1720-1730,1789-1802,229,483,,0.0977,,
d'arbres,1730-1740,1760-1770,382,1101,,0.0972,,
priviléges,1700-1710,1730-1740,50,355,,0.0971,0.9352,
sécher,1720-1730,1760-1770,74,1063,,0.097,,
abondant,1700-1710,1730-1740,112,112,,0.0969,,
sujettes,1700-1710,1789-1802,168,512,,0.0967,0.847,
clause,1720-1730,1740-1750,264,263,,0.0967,,
illius,1700-1710,1770-1780,266,347,,0.0964,,
mais,1710-1720,1740-1750,56657,110154,,0.0962,0.0545,
tanti,1720-1730,1789-1802,56,50,,0.096,,
hominis,1730-1740,1770-1780,123,271,,0.096,,
s'opposer,1700-1710,1789-1802,197,1140,,0.0954,,
payeront,1730-1740,1780-1789,323,506,,0.0951,,
quorum,1730-1740,1770-1780,538,743,,0.0949,,
n'aurions,1720-1730,1789-1802,75,350,,0.0941,,
altera,1770-1780,1780-1789,288,109,,0.0938,,
alios,1730-1740,1789-1802,354,87,,0.0938,0.812,
mêlées,1720-1730,1760-1770,107,550,,0.0935,,
tuum,1720-1730,1730-1740,129,312,,0.0934,,
l'hiver,1730-1740,1780-1789,468,2710,,0.0924,,
s'étend,1710-1720,1760-1770,246,1526,,0.0924,,
jouiront,1700-1710,1780-1789,68,499,,0.0923,0.7576,
igitur,1700-1710,1750-1760,554,376,,0.0922,,
eam,1730-1740,1770-1780,497,883,,0.0921,,
chore,1730-1740,1780-1789,235,660,,0.0921,,
verbis,1700-1710,1730-1740,117,361,,0.0914,,
contestation,1700-1710,1720-1730,224,179,,0.0914,,
vinaigre,1720-1730,1770-1780,211,2074,,0.0909,,
l'hymen,1700-1710,1770-1780,133,618,,0.0907,,
olim,1770-1780,1789-1802,456,76,,0.0907,0.8054,
toto,1700-1710,1770-1780,226,344,,0.0906,,
deinde,1770-1780,1789-1802,870,59,,0.0903,,
nullo,1730-1740,1770-1780,219,400,,0.0903,,
remontrances,1740-1750,1750-1760,392,581,,0.0901,0.7379,
conjointement,1720-1730,1770-1780,379,563,,0.09,,
hunc,1730-1740,1770-1780,605,725,,0.0897,,
facit,1730-1740,1770-1780,243,466,,0.0896,0.4288,
opus,1720-1730,1770-1780,538,637,,0.0893,,
vim,1770-1780,1789-1802,393,74,,0.0891,,
sujette,1710-1720,1760-1770,192,816,,0.0889,,
l'histoire,1700-1710,1780-1789,1197,8565,,0.0886,,
pecunia,1780-1789,1789-1802,203,51,,0.0884,,
attributs,1700-1710,1789-1802,154,584,,0.0881,,
s'empêcher,1700-1710,1780-1789,259,915,,0.0877,,
enregistrer,1720-1730,1789-1802,144,210,,0.0876,,
fecit,1730-1740,1770-1780,522,553,,0.0875,,
hominum,1750-1760,1770-1780,313,623,,0.087,,
m'aime,1710-1720,1789-1802,67,316,,0.0868,,
oportet,1730-1740,1770-1780,175,285,,0.0867,0.3028,
emparé,1710-1720,1780-1789,54,600,,0.0866,0.7686,
bonis,1770-1780,1780-1789,251,119,,0.0864,,
nulla,1730-1740,1770-1780,478,585,,0.0854,,
fieri,1750-1760,1770-1780,195,641,,0.0851,,
garnie,1730-1740,1760-1770,138,829,,0.085,,
causée,1700-1710,1710-1720,119,104,,0.0848,,
ronds,1740-1750,1760-1770,231,688,,0.0835,,
multa,1720-1730,1770-1780,257,607,,0.0833,,
pardevant,1710-1720,1789-1802,1514,414,,0.0829,,
ipso,1730-1740,1789-1802,448,113,,0.0829,0.9898,
tempora,1700-1710,1730-1740,76,281,,0.0826,,
étoffe,1710-1720,1780-1789,78,451,,0.0822,,
alias,1730-1740,1740-1750,217,278,,0.082,,
illum,1700-1710,1770-1780,493,578,,0.0815,,
partagée,1700-1710,1789-1802,78,411,,0.0815,0.6321,
manus,1700-1710,1789-1802,78,145,,0.0812,0.7905,
s'écria,1720-1730,1760-1770,188,1621,,0.0812,,
rond,1720-1730,1789-1802,337,509,,0.0811,,
s'étendent,1700-1710,1770-1780,86,777,,0.0804,,
omne,1720-1730,1789-1802,171,127,,0.0799,0.9714,
dico,1730-1740,1770-1780,188,125,,0.0798,,
animo,1740-1750,1770-1780,415,508,,0.0792,,
dicitur,1730-1740,1770-1780,427,490,,0.0792,0.3701,
pointes,1710-1720,1760-1770,225,922,,0.079,,
seriez,1740-1750,1770-1780,165,356,,0.0787,,
situées,1720-1730,1780-1789,90,690,,0.078,0.9038,
eglises,1700-1710,1780-1789,703,1108,,0.0779,,
partem,1770-1780,1789-1802,438,95,,0.0778,,
unum,1720-1730,1770-1780,371,643,,0.0777,,
habere,1740-1750,1770-1780,408,532,,0.0776,,
alio,1770-1780,1789-1802,490,103,,0.0774,,
licet,1730-1740,1789-1802,407,155,,0.0772,,
notre,1710-1720,1789-1802,16226,46340,,0.0768,,
quittance,1740-1750,1789-1802,363,565,,0.0765,,
cujus,1720-1730,1770-1780,591,1140,,0.0763,,
redevable,1710-1720,1789-1802,151,479,,0.0761,,
pierreries,1710-1720,1789-1802,201,217,,0.0759,,
ergo,1770-1780,1780-1789,800,318,,0.0759,,
armis,1740-1750,1789-1802,291,108,,0.0758,,
nemo,1710-1720,1770-1780,192,493,,0.0756,,
vôtres,1720-1730,1770-1780,147,676,,0.0752,0.4766,
puisqu'ils,1700-1710,1760-1770,167,749,,0.075,,
cho,1740-1750,1789-1802,905,416,,0.0747,,
ardeurs,1720-1730,1789-1802,80,194,,0.0742,,
potest,1720-1730,1770-1780,348,683,,0.0741,,
monograph,1730-1740,1789-1802,74,1681,,0.0737,,
favez,1720-1730,1789-1802,120,637,,0.0735,,
c'elt,1710-1720,1730-1740,1140,852,,0.0732,,
unquam,1730-1740,1789-1802,286,52,,0.0731,,
contraints,1710-1720,1789-1802,652,424,,0.0729,,
fuyez,1720-1730,1780-1789,76,394,,0.0728,,
fortuna,1770-1780,1789-1802,303,78,,0.0727,,
tanta,1730-1740,1770-1780,275,360,,0.0726,,
l'europe,1710-1720,1789-1802,1362,10594,,0.0721,,
payens,1710-1720,1789-1802,431,274,,0.0719,,
quantum,1730-1740,1770-1780,503,435,,0.0714,,
tout,1720-1730,1780-1789,52087,187711,,0.071,0.1374,
debent,1700-1710,1730-1740,51,172,,0.0709,0.752,
unus,1720-1730,1770-1780,248,335,,0.0707,,
allée,1700-1710,1730-1740,124,213,,0.0699,,
hominem,1710-1720,1760-1770,316,59,,0.0698,,
sertiles,1730-1740,1760-1770,133,488,,0.0693,0.6252,
nos,1720-1730,1789-1802,20282,61219,,0.069,0.5694,
prions,1710-1720,1789-1802,142,398,,0.0687,,
lorsqu'elle,1700-1710,1789-1802,271,2078,,0.0685,,
l'épaule,1710-1720,1789-1802,90,316,,0.0682,,
interruption,1700-1710,1780-1789,72,536,,0.0681,0.8579,
parbleu,1720-1730,1750-1760,109,231,,0.068,,
l'appartement,1720-1730,1750-1760,129,263,,0.0678,,
concerts,1710-1720,1789-1802,57,227,,0.0675,,
prieres,1710-1720,1789-1802,655,410,,0.0674,,
debet,1700-1710,1730-1740,216,296,,0.067,,
lorsqu'il,1700-1710,1740-1750,1547,4329,,0.0669,,
dans,1710-1720,1760-1770,146011,470764,,0.0667,0.0531,
contestations,1700-1710,1770-1780,137,651,,0.066,,
legem,1700-1710,1780-1789,126,58,,0.0657,,
amore,1730-1740,1780-1789,283,146,,0.0654,0.5394,
illis,1750-1760,1770-1780,326,621,,0.0651,,
enterré,1710-1720,1740-1750,158,125,,0.0648,,
hujus,1710-1720,1730-1740,267,602,,0.0641,,
pretexte,1730-1740,1789-1802,572,148,,0.064,,
compliment,1710-1720,1789-1802,301,512,,0.0639,,
êre,1700-1710,1750-1760,70,162,,0.0638,,
devant,1720-1730,1789-1802,8601,23028,,0.0635,,
pintes,1720-1730,1780-1789,140,780,,0.0634,,
l'univers,1710-1720,1789-1802,697,4950,,0.0632,,
s'accorde,1700-1710,1710-1720,113,208,,0.0629,,
d'eau,1710-1720,1770-1780,2471,9034,,0.0627,,
trouvées,1700-1710,1780-1789,140,618,,0.0626,,
dicit,1770-1780,1789-1802,229,58,,0.0622,,
retentir,1720-1730,1789-1802,93,471,,0.0621,,
quoiqu'elle,1700-1710,1780-1789,133,1003,,0.0617,,
histoires,1720-1730,1770-1780,288,804,,0.0611,,
t'a,1710-1720,1720-1730,252,223,,0.061,,
l'endroit,1710-1720,1789-1802,1001,1445,,0.0604,,
viri,1730-1740,1770-1780,302,279,,0.0603,,
videtur,1740-1750,1770-1780,362,533,,0.0601,,
vix,1770-1780,1789-1802,378,72,,0.06,,
appartiendra,1720-1730,1789-1802,481,387,,0.0596,,
situé,1700-1710,1789-1802,138,769,,0.0595,0.7401,
tantum,1730-1740,1770-1780,548,677,,0.059,,
mît,1720-1730,1780-1789,86,299,,0.0587,,
aliter,1770-1780,1789-1802,350,92,,0.0586,,
dixit,1730-1740,1789-1802,372,79,,0.0581,0.7402,
l'égard,1720-1730,1789-1802,3574,4099,,0.0577,,
fermée,1710-1720,1789-1802,255,567,,0.0576,,
omnis,1730-1740,1780-1789,336,329,,0.0575,,
jugées,1740-1750,1780-1789,141,373,,0.0574,,
demandons,1720-1730,1760-1770,93,213,,0.0573,,
mortem,1730-1740,1770-1780,218,238,,0.0572,,
choie,1720-1730,1789-1802,282,250,,0.0566,,
tes,1720-1730,1789-1802,5775,16597,,0.0562,,
ravie,1700-1710,1780-1789,142,380,,0.055,,
tandem,1730-1740,1770-1780,448,335,,0.0549,0.1261,
enjoint,1720-1730,1789-1802,422,567,,0.0546,,
illud,1700-1710,1730-1740,518,492,,0.0545,,
n'étoient,1720-1730,1730-1740,1147,2060,,0.0544,,
quefois,1720-1730,1780-1789,66,486,,0.0539,,
dicere,1740-1750,1780-1789,235,224,,0.0526,,
allusion,1700-1710,1789-1802,148,342,,0.0525,,
chaleurs,1710-1720,1740-1750,211,347,,0.0521,,
ennuis,1720-1730,1780-1789,76,326,,0.052,,
whether,1710-1720,1789-1802,176,122,,0.0516,,
parlerons,1700-1710,1760-1770,152,923,,0.0515,,
siécles,1700-1710,1780-1789,210,456,,0.0512,,
d'exactitude,1720-1730,1780-1789,74,303,,0.0504,,
amies,1710-1720,1760-1770,94,312,,0.05,,
prédécesseurs,1720-1730,1770-1780,93,596,,0.0497,,
n'elt,1730-1740,1789-1802,399,971,,0.0485,,
illos,1700-1710,1770-1780,97,289,,0.0477,,
lorsqu'ils,1710-1720,1789-1802,863,2844,,0.0474,,
ofé,1700-1710,1710-1720,60,144,,0.0472,0.3257,
aimons,1700-1710,1710-1720,172,64,,0.0469,,
l'homme,1710-1720,1730-1740,1977,4459,,0.0468,,
nullum,1770-1780,1780-1789,338,117,,0.046,,
n'avait,1700-1710,1730-1740,867,651,,0.0456,,
adhuc,1730-1740,1770-1780,503,507,,0.0451,,
ôté,1710-1720,1789-1802,246,524,,0.0449,,
épaisse,1720-1730,1760-1770,137,764,,0.0447,,
d'esprit,1710-1720,1789-1802,1482,2741,,0.0445,,
àdire,1720-1730,1789-1802,117,132,,0.0441,,
habeat,1720-1730,1770-1780,252,196,,0.0438,,
d'honnêtes,1720-1730,1789-1802,79,193,,0.0437,,
animi,1730-1740,1780-1789,296,273,,0.0435,,
répondirent,1700-1710,1740-1750,93,374,,0.0435,0.8231,
illo,1700-1710,1730-1740,377,412,,0.0431,,
locus,1720-1730,1770-1780,142,271,,0.0424,0.5069,
j'y,1710-1720,1750-1760,1565,2724,,0.0424,,
m'y,1710-1720,1720-1730,798,690,,0.042,,
primum,1710-1720,1770-1780,213,596,,0.0414,,
sous,1720-1730,1789-1802,2957,38976,,0.0414,,
fidem,1730-1740,1770-1780,288,323,,0.039,0.8098,
locum,1730-1740,1740-1750,461,314,,0.0389,,
qu'aux,1700-1710,1780-1789,740,3737,,0.0389,,
verum,1730-1740,1760-1770,386,75,,0.0382,,
illam,1730-1740,1770-1780,279,361,,0.0381,,
solum,1760-1770,1770-1780,61,377,,0.0375,,
jusqu'au,1730-1740,1740-1750,2833,4765,,0.0371,,
m'aimez,1710-1720,1789-1802,69,166,,0.0364,,
lorsqu'elles,1710-1720,1789-1802,198,812,,0.0363,,
bouts,1730-1740,1760-1770,233,1781,,0.036,,
quidquid,1730-1740,1789-1802,397,96,,0.035,,
scilicet,1760-1770,1770-1780,90,324,,0.0349,,
d'elle,1710-1720,1760-1770,1120,3358,,0.0348,,
ornée,1710-1720,1730-1740,171,232,,0.0347,,
souvenez,1700-1710,1789-1802,162,540,,0.034,,
incompatible,1710-1720,1780-1789,62,279,,0.0332,,
toute,1720-1730,1789-1802,16244,54763,,0.0326,,
d'une,1700-1710,1760-1770,17457,72862,,0.0322,,
jetté,1710-1720,1750-1760,324,444,,0.032,,
matins,1710-1720,1730-1740,135,93,,0.0295,,
potuit,1760-1770,1770-1780,70,188,,0.0293,,
faites,1710-1720,1740-1750,7353,6792,,0.0283,,
appellons,1760-1770,1789-1802,290,92,,0.0282,,
d'eux,1720-1730,1740-1750,2184,3765,,0.028,,
tanquam,1760-1770,1770-1780,81,316,,0.0279,0.8635,
bouillir,1710-1720,1789-1802,581,306,,0.0273,,
quamvis,1730-1740,1770-1780,311,499,,0.0269,0.8314,
toi,1700-1710,1760-1770,2277,6683,,0.0259,,
chaque,1730-1740,1780-1789,8778,32953,,0.0252,,
sur,1720-1730,1760-1770,81477,224987,,0.0244,,
m'en,1710-1720,1789-1802,3521,6930,,0.0243,,
d'y,1710-1720,1760-1770,4348,8054,,0.0241,,
ses,1720-1730,1789-1802,40188,198687,,0.0239,0.3854,
ton,1720-1730,1750-1760,5052,13061,,0.0231,,
s'y,1710-1720,1780-1789,5389,19992,,0.0225,,
épousa,1740-1750,1760-1770,89,289,,0.0221,,
contre,1730-1740,1760-1770,29311,34827,,0.022,,
s'en,1710-1720,1780-1789,10139,32564,,0.022,,
par,1730-1740,1780-1789,209934,495857,,0.0213,,
cela,1710-1720,1789-1802,21660,34328,,0.0209,,
avons,1710-1720,1789-1802,8205,21156,,0.0208,,
s'ils,1710-1720,1730-1740,3036,4403,,0.0202,,
chez,1700-1710,1770-1780,5460,31639,,0.0201,,
n'était,1720-1730,1730-1740,575,829,,0.0199,,
d'ardeur,1710-1720,1760-1770,142,351,,0.0199,,
l'a,1710-1720,1740-1750,4512,6895,,0.0193,,
des,1700-1710,1780-1789,155044,1022974,,0.0191,0.1513,
d'autant,1720-1730,1789-1802,2874,6998,,0.0189,,
épousé,1720-1730,1789-1802,294,269,,0.0187,,
entre,1710-1720,1789-1802,13898,43528,,0.0185,,
jetta,1710-1720,1770-1780,272,749,,0.0182,,
causent,1710-1720,1760-1770,253,651,,0.0177,,
jugeront,1720-1730,1740-1750,87,117,,0.0176,,
avec,1720-1730,1760-1770,59475,158803,,0.017,,
vitam,1730-1740,1770-1780,218,320,,0.0167,,
denique,1730-1740,1770-1780,287,279,,0.0167,,
votre,1700-1710,1710-1720,6465,8906,,0.0166,0.1125,
nous,1710-1720,1789-1802,70969,233235,,0.0157,,
videntur,1710-1720,1730-1740,54,112,,0.0154,,
l'avons,1700-1710,1760-1770,349,2157,,0.0152,,
l'autre,1710-1720,1740-1750,10719,16831,,0.0144,,
qu'on,1710-1720,1789-1802,32766,94665,,0.0143,,
n'avoient,1700-1710,1720-1730,797,1536,,0.0141,,
qu'elles,1700-1710,1780-1789,5356,21353,,0.0136,,
les,1700-1710,1780-1789,269980,1596635,,0.0132,0.0834,
suis,1710-1720,1740-1750,6461,4414,,0.0127,,
plus,1710-1720,1789-1802,90268,367826,,0.0124,0.3431,
vos,1710-1720,1720-1730,7869,6709,,0.0122,0.0772,
qui,1700-1710,1760-1770,183496,609722,,0.0121,0.0395,
comme,1720-1730,1760-1770,49543,113901,,0.0121,,
ces,1720-1730,1789-1802,54223,196434,,0.0117,,
l'eau,1720-1730,1740-1750,3864,7259,,0.0114,,
quand,1720-1730,1789-1802,17837,47870,,0.0112,,
aux,1700-1710,1780-1789,29329,189825,,0.0109,,
une,1720-1730,1780-1789,88234,389998,,0.0108,0.0533,
leurs,1700-1710,1780-1789,21765,131230,,0.0106,0.395,
j'avois,1710-1720,1730-1740,983,3402,,0.0103,,
elles,1710-1720,1720-1730,9542,11164,,0.0102,0.0836,
sans,1710-1720,1789-1802,36481,140183,,0.0099,,
que,1700-1710,1780-1789,265625,1151456,,0.0098,0.0902,
leur,1700-1710,1780-1789,43117,234872,,0.0097,0.22,
m'a,1700-1710,1730-1740,3063,4337,,0.0094,,
qu'ils,1700-1710,1770-1780,21862,77461,,0.0093,,
mes,1710-1720,1730-1740,10589,19932,,0.009,,
qu'une,1720-1730,1789-1802,4870,20469,,0.009,,
l'on,1710-1720,1740-1750,18836,30933,,0.0088,,
tous,1720-1730,1789-1802,39045,147987,,0.0084,,
l'un,1710-1720,1789-1802,6337,15758,,0.0083,,
moi,1720-1730,1770-1780,11877,47455,,0.0072,,
quoiqu'il,1710-1720,1720-1730,937,1488,,0.0072,,
parce,1720-1730,1730-1740,11871,16595,,0.0069,,
l'avoir,1710-1720,1740-1750,1366,2937,,0.0069,,
cet,1710-1720,1750-1760,18115,39905,,0.0065,,
s'il,1710-1720,1789-1802,12168,32824,,0.0064,,
qu'elle,1710-1720,1740-1750,16515,34696,,0.0063,,
d'un,1720-1730,1780-1789,30592,131852,,0.0062,,
êtes,1700-1710,1720-1730,1783,1733,,0.006,,
rien,1720-1730,1740-1750,16948,26236,,0.0058,,
étaient,1700-1710,1760-1770,994,3220,,0.0057,,
j'ai,1710-1720,1720-1730,9809,11080,,0.0056,,
toutes,1720-1730,1789-1802,24722,83534,,0.0055,,
n'avions,1700-1710,1720-1730,99,158,,0.0053,,
qu'il,1700-1710,1770-1780,73354,248203,,0.0051,,
elle,1720-1730,1760-1770,31299,125749,,0.0051,0.1754,
vous,1720-1730,1789-1802,64566,269968,,0.0045,0.2575,
l'une,1710-1720,1789-1802,2632,7918,,0.0044,,
lui,1700-1710,1750-1760,43190,131771,,0.0041,,
pas,1720-1730,1789-1802,81658,322537,,0.004,0.6086,
était,1710-1720,1750-1760,11598,6045,,0.004,,
n'en,1720-1730,1789-1802,9759,28419,,0.0034,,
avez,1710-1720,1720-1730,3776,2896,,0.0033,,
après,1700-1710,1780-1789,11220,70993,,0.0033,,
mon,1710-1720,1720-1730,23473,18301,,0.0031,,
ils,1720-1730,1789-1802,52018,139257,,0.003,0.4268,
c'est,1710-1720,1789-1802,33474,111642,,0.0029,,
avait,1710-1720,1740-1750,12295,2495,,0.0028,,
son,1700-1710,1780-1789,49467,274766,,0.0024,,
avoir,1700-1710,1740-1750,17220,46992,,0.0019,,
été,1700-1710,1760-1770,17472,70525,,0.0018,,
n'étoit,1710-1720,1720-1730,2123,3279,,0.0017,,
est,1710-1720,1740-1750,86857,143002,,0.0016,0.1506,
n'y,1720-1730,1789-1802,15583,33897,,0.0014,,
document,1700-1710,1760-1770,86,466,,0.0013,,
fait,1710-1720,1720-1730,54654,48693,,0.0012,,
fut,1700-1710,1780-1789,17045,87489,,0.0012,,
faire,1700-1710,1740-1750,40931,77443,,0.0011,,
n'avoit,1710-1720,1720-1730,2040,3014,,0.0009,,
n'est,1710-1720,1720-1730,14768,14045,,0.0006,,
n'ont,1700-1710,1789-1802,3523,17445,,0.0005,,
n'a,1700-1710,1720-1730,7347,8578,,0.0003,,
être,1700-1710,1780-1789,18740,110795,,0.0002,,
ont,1700-1710,1789-1802,21816,109856,,0.0002,,
