word,period1,period2,cosine_distance,cosine_similarity,occ1,occ2,degree,cosine_distance_camembert,cosine_similarity_camembert,cosine_distance_dalembert,cosine_similarity_dalembert
calife,1700-1710,1730-1740,1.154151,-0.154151,919,69,,,,,
falle,1700-1710,1710-1720,1.089644,-0.089644,98,71,,0.02647,0.97353,,
filon,1700-1710,1770-1780,1.086516,-0.086516,85,1329,,0.076831,0.923169,,
milord,1700-1710,1750-1760,1.075156,-0.075156,113,1264,,0.015227,0.984773,,
guenois,1720-1730,1789-1802,1.050644,-0.050644,114,346,,,,,
strabon,1700-1710,1710-1720,1.045607,-0.045607,271,297,,0.016184,0.983816,,
pous,1700-1710,1740-1750,1.043126,-0.043126,51,192,,0.033605,0.966395,,
teste,1720-1730,1789-1802,1.03683,-0.03683,305,102,,,,,
falu,1780-1789,1789-1802,1.036,-0.036,171,85,,,,,
accessible,1730-1740,1789-1802,1.034185,-0.034185,107,157,,,,,
euf,1710-1720,1780-1789,1.010485,-0.010485,55,389,,0.027551,0.972449,,
posterité,1780-1789,1789-1802,1.008001,-0.008001,69,115,,,,,
finalement,1710-1720,1789-1802,1.007383,-0.007383,90,245,,0.009584,0.990416,,
pollion,1710-1720,1730-1740,1.007343,-0.007343,378,285,,0.0244,0.9756,,
liste,1700-1710,1789-1802,1.00652,-0.00652,65,2964,,0.026106,0.973894,,
merlin,1720-1730,1730-1740,1.004851,-0.004851,116,51,,,,,
sedan,1730-1740,1740-1750,1.003958,-0.003958,78,246,,0.030896,0.969104,,
jurez,1710-1720,1789-1802,1.000335,-0.000335,4773,126,,,,,
apelle,1740-1750,1780-1789,0.996843,0.003157,203,118,,,,,
mesme,1700-1710,1789-1802,0.995948,0.004052,1685,51,,,,,
marchez,1710-1720,1750-1760,0.995784,0.004216,1626,68,,,,,
qu'ailleurs,1730-1740,1789-1802,0.995519,0.004481,117,285,,,,,
fée,1710-1720,1740-1750,0.990116,0.009884,152,1516,,0.078333,0.921667,,
requiert,1720-1730,1750-1760,0.987761,0.012239,71,107,,,,,
quité,1700-1710,1789-1802,0.987442,0.012558,83,215,,0.037147,0.962853,,
temoins,1710-1720,1740-1750,0.98603,0.01397,185,59,,0.019811,0.980189,,
unanime,1700-1710,1789-1802,0.985069,0.014931,69,682,,0.030011,0.969989,,
alliez,1720-1730,1789-1802,0.984731,0.015269,672,154,,,,,
déli,1700-1710,1789-1802,0.983271,0.016729,59,623,,0.018169,0.981831,,
juan,1700-1710,1730-1740,0.983174,0.016826,377,193,,,,,
proverbe,1730-1740,1760-1770,0.980702,0.019298,308,742,,,,,
trie,1710-1720,1720-1730,0.978954,0.021046,67,112,,0.008223,0.991777,,
cornue,1700-1710,1740-1750,0.977762,0.022238,57,175,,0.009342,0.990658,,
celer,1700-1710,1760-1770,0.977042,0.022958,88,67,,,,,
desormais,1770-1780,1789-1802,0.976951,0.023049,94,60,,,,,
fonc,1760-1770,1789-1802,0.976486,0.023514,301,457,,0.027094,0.972906,,
gentils,1700-1710,1780-1789,0.976314,0.023686,201,1057,,0.043618,0.956382,,
victor,1720-1730,1789-1802,0.973131,0.026869,194,1943,,0.030377,0.969623,,
cons,1720-1730,1789-1802,0.972828,0.027172,110,3190,,0.023651,0.976349,,
malte,1740-1750,1770-1780,0.972425,0.027575,207,647,,0.026048,0.973952,,
pret,1730-1740,1750-1760,0.971893,0.028107,70,660,,0.015391,0.984609,,
mani,1710-1720,1740-1750,0.970555,0.029445,63,245,,0.015228,0.984772,,
jule,1700-1710,1789-1802,0.968999,0.031001,167,149,,,,,
jusqu'à,1720-1730,1770-1780,0.96844,0.03156,6250,27096,,,,,
blement,1710-1720,1730-1740,0.968082,0.031918,66,150,,0.010844,0.989156,,
prefet,1710-1720,1780-1789,0.967425,0.032575,289,274,,0.038541,0.961459,,
timon,1700-1710,1789-1802,0.967047,0.032953,54,535,,0.033468,0.966532,,
qu'en,1730-1740,1770-1780,0.964489,0.035511,8861,22430,,,,,
plutot,1700-1710,1720-1730,0.964384,0.035616,75,302,,0.016596,0.983404,,
fement,1700-1710,1789-1802,0.964116,0.035884,63,259,,0.017523,0.982477,,
notice,1700-1710,1760-1770,0.963071,0.036929,251,317,,0.073133,0.926867,,
mol,1730-1740,1750-1760,0.962983,0.037017,626,165,,0.069298,0.930702,,
ménie,1700-1710,1740-1750,0.961406,0.038594,54,110,,0.009985,0.990015,,
e'e,1740-1750,1760-1770,0.960548,0.039452,108,110,,,,,
touts,1720-1730,1780-1789,0.9605,0.0395,516,248,,,,,
pref,1700-1710,1770-1780,0.957976,0.042024,275,1259,,0.013255,0.986745,,
miere,1780-1789,1789-1802,0.957651,0.042349,744,243,,,,,
curion,1700-1710,1710-1720,0.956754,0.043246,207,80,,,,,
mary,1700-1710,1760-1770,0.95548,0.04452,1186,118,,,,,
cout,1720-1730,1730-1740,0.953913,0.046087,97,177,,0.052658,0.947342,,
dominant,1700-1710,1750-1760,0.953602,0.046398,84,250,,0.026149,0.973851,,
flon,1720-1730,1789-1802,0.951664,0.048336,133,146,,,,,
aban,1770-1780,1780-1789,0.951628,0.048372,289,536,,0.007618,0.992382,,
linon,1720-1730,1789-1802,0.95096,0.04904,90,95,,,,,
sas,1700-1710,1789-1802,0.950473,0.049527,74,325,,0.012578,0.987422,,
bayle,1700-1710,1710-1720,0.949963,0.050037,87,336,,0.020522,0.979478,,
fart,1730-1740,1760-1770,0.949959,0.050041,106,271,,0.022739,0.977261,,
l'adresse,1720-1730,1789-1802,0.949851,0.050149,187,1030,,,,,
rep,1720-1730,1780-1789,0.946469,0.053531,450,713,,,,,
primer,1700-1710,1740-1750,0.946121,0.053879,339,116,,,,,
cod,1720-1730,1730-1740,0.944748,0.055252,78,1593,,0.011194,0.988806,,
prov,1700-1710,1780-1789,0.944574,0.055426,62,411,,0.015545,0.984455,,
partagez,1710-1720,1760-1770,0.944251,0.055749,161,89,,,,,
paroi,1710-1720,1740-1750,0.943051,0.056949,55,170,,,,,
raire,1720-1730,1789-1802,0.942136,0.057864,68,459,,0.014986,0.985014,,
caf,1710-1720,1780-1789,0.940904,0.059096,140,274,,0.032947,0.967053,,
site,1740-1750,1789-1802,0.940292,0.059708,112,383,,0.015006,0.984994,,
philo,1700-1710,1710-1720,0.939748,0.060252,74,315,,0.015395,0.984605,,
fuf,1710-1720,1789-1802,0.938897,0.061103,59,280,,0.034011,0.965989,,
éloignez,1720-1730,1760-1770,0.938706,0.061294,389,77,,,,,
home,1700-1710,1740-1750,0.938445,0.061555,212,114,,,,,
ilest,1700-1710,1780-1789,0.937706,0.062294,68,149,,0.014418,0.985582,,
rarefié,1760-1770,1789-1802,0.937416,0.062584,137,62,,,,,
continence,1700-1710,1710-1720,0.936694,0.063306,81,118,,0.035201,0.964799,,
oire,1710-1720,1789-1802,0.936347,0.063653,61,838,,0.020798,0.979202,,
lif,1730-1740,1770-1780,0.93551,0.06449,372,272,,0.013587,0.986413,,
mylord,1700-1710,1730-1740,0.93486,0.06514,57,586,,0.016401,0.983599,,
ponte,1700-1710,1720-1730,0.934243,0.065757,212,103,,,,,
tation,1700-1710,1789-1802,0.932999,0.067001,101,684,,0.018575,0.981425,,
maternel,1760-1770,1789-1802,0.932548,0.067452,90,214,,,,,
dupuis,1700-1710,1710-1720,0.932444,0.067556,112,366,,0.032567,0.967433,,
mimes,1700-1710,1789-1802,0.931672,0.068328,65,312,,0.019751,0.980249,,
chés,1710-1720,1789-1802,0.931528,0.068472,125,340,,0.02401,0.97599,,
mef,1710-1720,1770-1780,0.931352,0.068648,78,143,,0.025417,0.974583,,
celt,1710-1720,1780-1789,0.931122,0.068878,77,288,,0.024997,0.975003,,
favorablement,1750-1760,1789-1802,0.930353,0.069647,415,333,,,,,
defi,1720-1730,1760-1770,0.930025,0.069975,68,101,,0.012079,0.987921,,
pretent,1760-1770,1789-1802,0.928994,0.071006,57,53,,0.017813,0.982187,,
cene,1720-1730,1789-1802,0.928572,0.071428,171,205,,,,,
lens,1720-1730,1740-1750,0.927592,0.072408,138,160,,0.014666,0.985334,,
présents,1750-1760,1789-1802,0.927516,0.072484,260,462,,0.009225,0.990775,,
qu'à,1750-1760,1770-1780,0.927253,0.072747,16465,29240,,,,,
angloise,1710-1720,1780-1789,0.925608,0.074392,51,741,,0.029585,0.970415,,
remarquez,1710-1720,1720-1730,0.925504,0.074496,315,145,,,,,
moy,1700-1710,1789-1802,0.925254,0.074746,2219,222,,,,,
voyer,1700-1710,1710-1720,0.92525,0.07475,75,924,,0.043031,0.956969,,
rete,1730-1740,1750-1760,0.924917,0.075083,117,167,,0.014869,0.985131,,
traitre,1700-1710,1789-1802,0.92425,0.07575,124,289,,,,,
sant,1710-1720,1789-1802,0.923731,0.076269,54,781,,0.014219,0.985781,,
renfort,1710-1720,1760-1770,0.923615,0.076385,75,332,,0.024604,0.975396,,
nan,1720-1730,1740-1750,0.92359,0.07641,184,683,,0.033531,0.966469,,
voire,1730-1740,1789-1802,0.923505,0.076495,252,592,,0.028422,0.971578,,
gez,1710-1720,1770-1780,0.923108,0.076892,116,90,,,,,
poursuivant,1710-1720,1780-1789,0.923089,0.076911,96,278,,0.035513,0.964487,,
d'an,1710-1720,1750-1760,0.922787,0.077213,256,742,,,,,
d'où,1710-1720,1750-1760,0.922731,0.077269,3092,4764,,,,,
frai,1720-1730,1760-1770,0.922166,0.077834,76,408,,0.041139,0.958861,,
intérieurement,1710-1720,1770-1780,0.92208,0.07792,60,750,,0.039166,0.960834,,
d'ar,1780-1789,1789-1802,0.921842,0.078158,1361,949,,,,,
pons,1700-1710,1710-1720,0.921797,0.078203,119,107,,,,,
marcel,1710-1720,1789-1802,0.921663,0.078337,235,1094,,0.036201,0.963799,,
çois,1710-1720,1780-1789,0.921578,0.078422,69,605,,0.023172,0.976828,,
files,1740-1750,1780-1789,0.921075,0.078925,396,588,,0.031662,0.968338,,
trilles,1720-1730,1789-1802,0.920719,0.079281,84,83,,0.03147,0.96853,,
zircon,1730-1740,1740-1750,0.919822,0.080178,87,200,,0.009788,0.990212,,
sai,1710-1720,1740-1750,0.919639,0.080361,502,175,,,,,
sauf,1710-1720,1730-1740,0.919518,0.080482,57,113,,0.037779,0.962221,,
calice,1730-1740,1780-1789,0.919187,0.080813,341,2157,,0.166485,0.833515,,
laire,1740-1750,1789-1802,0.918982,0.081018,154,629,,0.008602,0.991398,,
mainte,1710-1720,1770-1780,0.918322,0.081678,86,188,,0.029905,0.970095,,
foire,1740-1750,1780-1789,0.917237,0.082763,1099,1478,,0.013673,0.986327,,
unifie,1740-1750,1789-1802,0.917226,0.082774,193,335,,0.014237,0.985763,,
m'imagine,1720-1730,1789-1802,0.917,0.083,94,68,,,,,
emp,1740-1750,1760-1770,0.916947,0.083053,156,914,,0.01373,0.98627,,
berry,1710-1720,1730-1740,0.915745,0.084255,953,1102,,0.21057,0.78943,,
enco,1730-1740,1789-1802,0.91566,0.08434,204,160,,0.011886,0.988114,,
amé,1710-1720,1789-1802,0.915626,0.084374,281,258,,0.103875,0.896125,,
ramasser,1700-1710,1740-1750,0.915486,0.084514,72,135,,0.010188,0.989812,,
revenons,1710-1720,1750-1760,0.915345,0.084655,128,267,,0.02119,0.97881,,
comi,1710-1720,1750-1760,0.914316,0.085684,55,463,,0.009423,0.990577,,
marquant,1700-1710,1720-1730,0.913716,0.086284,76,75,,,,,
puissamment,1700-1710,1760-1770,0.913352,0.086648,52,170,,0.063098,0.936902,,
feaux,1710-1720,1720-1730,0.91323,0.08677,790,410,,,,,
sau,1710-1720,1780-1789,0.913139,0.086861,50,250,,0.012316,0.987684,,
observez,1700-1710,1789-1802,0.912345,0.087655,149,416,,,,,
mante,1720-1730,1750-1760,0.912274,0.087726,94,95,,0.025495,0.974505,,
surquoi,1760-1770,1780-1789,0.910504,0.089496,101,56,,,,,
cepen,1710-1720,1780-1789,0.91046,0.08954,125,1167,,0.006611,0.993389,,
continu,1720-1730,1760-1770,0.910017,0.089983,68,224,,0.018829,0.981171,,
leux,1710-1720,1770-1780,0.909989,0.090011,76,228,,0.014442,0.985558,,
passi,1700-1710,1770-1780,0.909004,0.090996,57,217,,0.010238,0.989762,,
quint,1710-1720,1750-1760,0.908527,0.091473,265,626,,0.028778,0.971222,,
barreau,1700-1710,1760-1770,0.908272,0.091728,98,724,,0.055181,0.944819,,
gene,1720-1730,1789-1802,0.90824,0.09176,286,161,,0.012171,0.987829,,
indi,1710-1720,1780-1789,0.908155,0.091845,66,680,,0.008689,0.991311,,
rennes,1740-1750,1770-1780,0.907377,0.092623,309,570,,,,,
couple,1730-1740,1750-1760,0.907008,0.092992,96,802,,0.031847,0.968153,,
naire,1700-1710,1760-1770,0.906878,0.093122,133,455,,0.011676,0.988324,,
répons,1720-1730,1770-1780,0.906632,0.093368,81,101,,,,,
maria,1720-1730,1760-1770,0.906503,0.093497,465,892,,,,,
fignification,1720-1730,1740-1750,0.906116,0.093884,227,419,,0.020534,0.979466,,
ouvra,1730-1740,1780-1789,0.906088,0.093912,138,220,,,,,
pers,1730-1740,1770-1780,0.905368,0.094632,74,140,,0.008096,0.991904,,
labourage,1700-1710,1720-1730,0.904628,0.095372,64,99,,0.035018,0.964982,,
l'ef,1720-1730,1789-1802,0.903973,0.096027,271,635,,,,,
profite,1730-1740,1740-1750,0.903742,0.096258,222,211,,,,,
contrefaits,1780-1789,1789-1802,0.903606,0.096394,85,56,,,,,
repent,1720-1730,1770-1780,0.903407,0.096593,200,154,,,,,
toui,1730-1740,1740-1750,0.903352,0.096648,53,103,,0.008777,0.991223,,
imp,1750-1760,1770-1780,0.902588,0.097412,962,492,,0.015238,0.984762,,
penses,1750-1760,1789-1802,0.902344,0.097656,239,552,,0.014585,0.985415,,
test,1710-1720,1730-1740,0.902236,0.097764,55,198,,,,,
dru,1730-1740,1740-1750,0.902213,0.097787,131,53,,0.028107,0.971893,,
cid,1720-1730,1770-1780,0.902085,0.097915,65,248,,0.014551,0.985449,,
eft,1740-1750,1789-1802,0.901316,0.098684,2533,473,,0.048257,0.951743,,
l'intention,1720-1730,1730-1740,0.901152,0.098848,303,541,,,,,
élement,1710-1720,1789-1802,0.900904,0.099096,183,562,,0.01815,0.98185,,
fare,1710-1720,1730-1740,0.900829,0.099171,93,145,,0.021796,0.978204,,
onc,1700-1710,1760-1770,0.9003,0.0997,288,1005,,0.027195,0.972805,,
tendante,1780-1789,1789-1802,0.900061,0.099939,205,240,,,,,
l'ob,1710-1720,1760-1770,0.899976,0.100024,57,221,,,,,
traîner,1700-1710,1710-1720,0.899443,0.100557,60,65,,0.018656,0.981344,,
rement,1720-1730,1789-1802,0.899409,0.100591,161,508,,0.02463,0.97537,,
semblera,1730-1740,1789-1802,0.898612,0.101388,254,167,,,,,
chanoines,1700-1710,1720-1730,0.898456,0.101544,299,1562,,,,,
ombrage,1720-1730,1730-1740,0.898091,0.101909,93,133,,0.012874,0.987126,,
rés,1710-1720,1730-1740,0.897599,0.102401,136,149,,,,,
parlai,1760-1770,1770-1780,0.89751,0.10249,177,231,,0.013036,0.986964,,
gué,1700-1710,1760-1770,0.896945,0.103055,61,241,,0.016469,0.983531,,
troc,1740-1750,1789-1802,0.896311,0.103689,86,62,,,,,
plaider,1720-1730,1750-1760,0.896158,0.103842,183,224,,,,,
liez,1720-1730,1789-1802,0.896102,0.103898,161,140,,,,,
natu,1780-1789,1789-1802,0.895461,0.104539,656,499,,0.008497,0.991503,,
para,1710-1720,1789-1802,0.895392,0.104608,158,385,,0.011352,0.988648,,
avee,1700-1710,1730-1740,0.895312,0.104688,75,77,,0.015706,0.984294,,
mats,1740-1750,1750-1760,0.894738,0.105262,138,135,,,,,
conde,1730-1740,1740-1750,0.89453,0.10547,319,413,,0.018279,0.981721,,
sem,1720-1730,1789-1802,0.894135,0.105865,64,506,,0.019497,0.980503,,
tutelle,1760-1770,1789-1802,0.89399,0.10601,341,449,,,,,
suiffe,1700-1710,1789-1802,0.893816,0.106184,84,1248,,0.019636,0.980364,,
poux,1720-1730,1730-1740,0.893543,0.106457,79,97,,0.02004,0.97996,,
viaire,1740-1750,1789-1802,0.893032,0.106968,383,646,,0.020541,0.979459,,
mêmc,1710-1720,1740-1750,0.892748,0.107252,82,107,,,,,
scu,1710-1720,1740-1750,0.892616,0.107384,138,97,,,,,
arg,1710-1720,1730-1740,0.89238,0.10762,119,154,,0.052307,0.947693,,
reposée,1700-1710,1789-1802,0.892177,0.107823,174,77,,,,,
mail,1710-1720,1789-1802,0.892085,0.107915,132,277,,0.018092,0.981908,,
acres,1730-1740,1789-1802,0.891992,0.108008,73,722,,0.073316,0.926684,,
laissés,1700-1710,1720-1730,0.89197,0.10803,64,224,,0.091247,0.908753,,
d'ac,1720-1730,1770-1780,0.890991,0.109009,73,365,,,,,
fiscal,1730-1740,1789-1802,0.890935,0.109065,82,385,,0.034945,0.965055,,
claudius,1700-1710,1789-1802,0.89047,0.10953,116,121,,,,,
ruement,1700-1710,1789-1802,0.890381,0.109619,51,432,,0.015413,0.984587,,
auf,1720-1730,1770-1780,0.890148,0.109852,123,201,,0.019209,0.980791,,
lavé,1720-1730,1750-1760,0.890031,0.109969,151,144,,0.039265,0.960735,,
parfaire,1710-1720,1750-1760,0.889707,0.110293,73,105,,0.007435,0.992565,,
l'em,1730-1740,1780-1789,0.889239,0.110761,580,1671,,,,,
frédéric,1720-1730,1770-1780,0.889067,0.110933,195,741,,0.020034,0.979966,,
pressez,1720-1730,1750-1760,0.888793,0.111207,72,58,,,,,
leg,1730-1740,1780-1789,0.888791,0.111209,705,731,,0.016463,0.983537,,
vendôme,1700-1710,1780-1789,0.88873,0.11127,700,215,,,,,
quoy,1700-1710,1789-1802,0.888162,0.111838,2392,62,,,,,
reve,1700-1710,1780-1789,0.888133,0.111867,73,349,,0.008103,0.991897,,
s'exprimer,1700-1710,1720-1730,0.88744,0.11256,52,71,,,,,
marée,1710-1720,1740-1750,0.887108,0.112892,487,658,,,,,
pénitence,1730-1740,1740-1750,0.887,0.113,212,199,,0.013547,0.986453,,
derechef,1760-1770,1789-1802,0.8869,0.1131,116,108,,,,,
luy,1700-1710,1789-1802,0.886703,0.113297,16002,445,,,,,
rion,1710-1720,1740-1750,0.886672,0.113328,143,282,,0.020079,0.979921,,
conter,1750-1760,1760-1770,0.88611,0.11389,359,415,,0.006913,0.993087,,
repré,1710-1720,1760-1770,0.885427,0.114573,57,512,,0.01775,0.98225,,
lorique,1700-1710,1740-1750,0.885009,0.114991,54,147,,0.009832,0.990168,,
turion,1700-1710,1789-1802,0.884606,0.115394,79,779,,0.016623,0.983377,,
legrand,1710-1720,1770-1780,0.884483,0.115517,62,181,,0.014121,0.985879,,
accordant,1700-1710,1750-1760,0.884223,0.115777,165,196,,0.165651,0.834349,,
légers,1700-1710,1710-1720,0.884173,0.115827,63,75,,0.024112,0.975888,,
d'importance,1700-1710,1750-1760,0.884123,0.115877,100,168,,,,,
gement,1720-1730,1770-1780,0.88395,0.11605,60,291,,0.012764,0.987236,,
icy,1710-1720,1789-1802,0.88356,0.11644,2141,57,,,,,
sauvez,1700-1710,1710-1720,0.883002,0.116998,106,72,,,,,
pluralité,1710-1720,1789-1802,0.882737,0.117263,252,929,,0.036646,0.963354,,
han,1730-1740,1770-1780,0.882349,0.117651,74,739,,0.021553,0.978447,,
majorité,1710-1720,1789-1802,0.882282,0.117718,67,2374,,0.081201,0.918799,,
posseder,1750-1760,1789-1802,0.882266,0.117734,97,50,,,,,
horn,1710-1720,1720-1730,0.882048,0.117952,72,68,,0.030135,0.969865,,
fieur,1720-1730,1780-1789,0.881945,0.118055,803,7733,,0.060307,0.939693,,
comite,1710-1720,1730-1740,0.881224,0.118776,55,219,,0.041697,0.958303,,
hormis,1720-1730,1770-1780,0.880607,0.119393,77,172,,,,,
restez,1700-1710,1750-1760,0.880229,0.119771,54,61,,0.056718,0.943282,,
rufien,1700-1710,1760-1770,0.879844,0.120156,167,123,,,,,
patte,1700-1710,1710-1720,0.87981,0.12019,347,71,,,,,
thé,1700-1710,1750-1760,0.879779,0.120221,91,1180,,0.070359,0.929641,,
lour,1710-1720,1789-1802,0.879691,0.120309,118,408,,,,,
nement,1700-1710,1780-1789,0.879689,0.120311,86,1077,,0.019306,0.980694,,
foy,1700-1710,1760-1770,0.879178,0.120822,2300,183,,,,,
l'approbation,1710-1720,1720-1730,0.879008,0.120992,126,169,,,,,
grammont,1710-1720,1720-1730,0.878954,0.121046,274,139,,,,,
fere,1730-1740,1740-1750,0.87892,0.12108,210,709,,0.019497,0.980503,,
aufll,1720-1730,1730-1740,0.878894,0.121106,120,115,,,,,
trefle,1730-1740,1780-1789,0.878763,0.121237,66,469,,0.038925,0.961075,,
quotient,1710-1720,1730-1740,0.878625,0.121375,218,54,,,,,
ruelle,1700-1710,1760-1770,0.878448,0.121552,71,312,,0.011813,0.988187,,
devin,1700-1710,1770-1780,0.876987,0.123013,68,361,,0.014293,0.985707,,
qu'est,1700-1710,1740-1750,0.876818,0.123182,696,1239,,,,,
prémier,1700-1710,1789-1802,0.876817,0.123183,276,64,,,,,
remontrer,1720-1730,1789-1802,0.876765,0.123235,97,86,,,,,
traitez,1700-1710,1789-1802,0.876155,0.123845,321,156,,,,,
raisonnablement,1770-1780,1789-1802,0.875764,0.124236,372,345,,0.012217,0.987783,,
noyer,1710-1720,1720-1730,0.875323,0.124677,116,415,,0.057732,0.942268,,
modéré,1720-1730,1780-1789,0.875055,0.124945,70,778,,0.013319,0.986681,,
déposition,1710-1720,1780-1789,0.87476,0.12524,64,383,,0.022168,0.977832,,
multiplication,1730-1740,1770-1780,0.874451,0.125549,83,865,,,,,
youtre,1700-1710,1730-1740,0.874381,0.125619,84,71,,0.007345,0.992655,,
ifle,1710-1720,1730-1740,0.874292,0.125708,136,276,,,,,
lad,1720-1730,1789-1802,0.873681,0.126319,353,213,,,,,
parquet,1740-1750,1750-1760,0.873467,0.126533,112,341,,0.025465,0.974535,,
l'entretenir,1710-1720,1720-1730,0.873152,0.126848,87,91,,,,,
l'ou,1700-1710,1750-1760,0.872856,0.127144,74,545,,,,,
contredits,1710-1720,1789-1802,0.87259,0.12741,499,63,,,,,
gie,1730-1740,1770-1780,0.872505,0.127495,110,247,,0.010982,0.989018,,
tere,1710-1720,1780-1789,0.872431,0.127569,138,582,,0.019366,0.980634,,
d'abord,1710-1720,1750-1760,0.872422,0.127578,3288,7387,,,,,
ainii,1700-1710,1730-1740,0.872266,0.127734,104,110,,0.017632,0.982368,,
étroitement,1750-1760,1789-1802,0.872129,0.127871,306,400,,0.011878,0.988122,,
cointe,1710-1720,1730-1740,0.871957,0.128043,75,77,,0.010193,0.989807,,
l'excès,1760-1770,1770-1780,0.871504,0.128496,1421,2061,,,,,
peller,1710-1720,1789-1802,0.870737,0.129263,57,108,,0.022416,0.977584,,
peril,1700-1710,1770-1780,0.870603,0.129397,203,77,,,,,
d'ex,1710-1720,1720-1730,0.870173,0.129827,65,83,,,,,
auii,1710-1720,1740-1750,0.870099,0.129901,74,148,,0.01502,0.98498,,
xil,1710-1720,1730-1740,0.870063,0.129937,65,110,,0.014662,0.985338,,
qu'a,1700-1710,1730-1740,0.869724,0.130276,777,1269,,,,,
fies,1700-1710,1770-1780,0.869682,0.130318,146,318,,,,,
aucunement,1730-1740,1750-1760,0.869641,0.130359,169,242,,0.013809,0.986191,,
appeliez,1710-1720,1770-1780,0.869386,0.130614,225,109,,,,,
seur,1700-1710,1789-1802,0.869318,0.130682,91,257,,,,,
opposez,1700-1710,1760-1770,0.86921,0.13079,116,74,,,,,
l'excellence,1740-1750,1750-1760,0.869108,0.130892,196,269,,,,,
touchez,1700-1710,1760-1770,0.86909,0.13091,100,59,,,,,
fonts,1780-1789,1789-1802,0.868969,0.131031,253,59,,,,,
future,1730-1740,1770-1780,0.868872,0.131128,213,658,,0.009642,0.990358,,
quela,1700-1710,1750-1760,0.868684,0.131316,101,147,,,,,
traitant,1700-1710,1720-1730,0.868331,0.131669,109,138,,0.008997,0.991003,,
d'effet,1740-1750,1750-1760,0.868275,0.131725,155,216,,,,,
menez,1700-1710,1760-1770,0.868125,0.131875,81,56,,0.028547,0.971453,,
eve,1730-1740,1760-1770,0.867705,0.132295,84,274,,,,,
mores,1740-1750,1750-1760,0.867618,0.132382,938,151,,0.047043,0.952957,,
vers,1730-1740,1770-1780,0.8676,0.1324,16132,31776,,,,,
l'ap,1710-1720,1789-1802,0.867484,0.132516,101,504,,,,,
repete,1720-1730,1750-1760,0.867381,0.132619,102,100,,0.016039,0.983961,,
l'opposition,1700-1710,1789-1802,0.86732,0.13268,74,735,,,,,
jusqu'ici,1750-1760,1770-1780,0.867107,0.132893,915,1911,,,,,
rele,1710-1720,1750-1760,0.866953,0.133047,92,130,,0.015586,0.984414,,
charte,1770-1780,1789-1802,0.866916,0.133084,535,483,,0.008905,0.991095,,
neutralité,1730-1740,1780-1789,0.866827,0.133173,119,446,,0.012763,0.987237,,
encre,1710-1720,1730-1740,0.866298,0.133702,154,69,,0.019639,0.980361,,
refuite,1740-1750,1789-1802,0.866037,0.133963,95,147,,,,,
trille,1720-1730,1770-1780,0.865847,0.134153,108,303,,0.021147,0.978853,,
l'ac,1710-1720,1730-1740,0.865715,0.134285,134,195,,,,,
villa,1740-1750,1760-1770,0.865503,0.134497,851,362,,0.038038,0.961962,,
tranquile,1780-1789,1789-1802,0.865316,0.134684,205,154,,0.017534,0.982466,,
phe,1710-1720,1730-1740,0.865297,0.134703,167,157,,0.013503,0.986497,,
bra,1710-1720,1770-1780,0.864707,0.135293,151,253,,0.009411,0.990589,,
manier,1730-1740,1750-1760,0.864528,0.135472,209,284,,0.011049,0.988951,,
taux,1700-1710,1780-1789,0.864444,0.135556,88,2026,,0.110465,0.889535,,
esti,1710-1720,1720-1730,0.864065,0.135935,81,68,,0.011603,0.988397,,
titube,1700-1710,1789-1802,0.863317,0.136683,63,345,,0.013397,0.986603,,
coupa,1750-1760,1760-1770,0.863219,0.136781,185,215,,0.008041,0.991959,,
chai,1700-1710,1750-1760,0.863006,0.136994,62,156,,0.009063,0.990937,,
foret,1710-1720,1789-1802,0.862931,0.137069,75,261,,0.058648,0.941352,,
d'âge,1750-1760,1770-1780,0.862805,0.137195,145,292,,,,,
peupler,1740-1750,1789-1802,0.862662,0.137338,174,196,,0.024852,0.975148,,
pouf,1740-1750,1789-1802,0.862646,0.137354,155,297,,0.009178,0.990822,,
d'ordre,1700-1710,1710-1720,0.862415,0.137585,138,373,,,,,
just,1730-1740,1789-1802,0.862334,0.137666,73,528,,0.072631,0.927369,,
superieur,1720-1730,1770-1780,0.862333,0.137667,443,93,,,,,
sembla,1720-1730,1760-1770,0.862308,0.137692,149,390,,0.007342,0.992658,,
resolution,1760-1770,1789-1802,0.862213,0.137787,84,157,,,,,
sale,1720-1730,1780-1789,0.86219,0.13781,465,369,,,,,
l'âge,1710-1720,1750-1760,0.862151,0.137849,623,1934,,,,,
vides,1740-1750,1789-1802,0.861837,0.138163,107,318,,0.118388,0.881612,,
secondement,1700-1710,1720-1730,0.861729,0.138271,223,130,,,,,
souver,1710-1720,1789-1802,0.861628,0.138372,156,1538,,0.016782,0.983218,,
tragedie,1710-1720,1789-1802,0.861492,0.138508,499,106,,,,,
contrit,1700-1710,1789-1802,0.861169,0.138831,58,946,,0.019399,0.980601,,
leut,1710-1720,1750-1760,0.860732,0.139268,70,125,,0.009562,0.990438,,
poit,1720-1730,1760-1770,0.860728,0.139272,101,172,,,,,
tordre,1710-1720,1740-1750,0.860444,0.139556,152,222,,0.036175,0.963825,,
afez,1700-1710,1730-1740,0.860317,0.139683,121,123,,0.023372,0.976628,,
audi,1740-1750,1750-1760,0.859972,0.140028,253,108,,0.017029,0.982971,,
refle,1710-1720,1730-1740,0.859888,0.140112,101,407,,0.021614,0.978386,,
d'ignorance,1710-1720,1789-1802,0.859758,0.140242,337,356,,,,,
tranquilles,1730-1740,1770-1780,0.859464,0.140536,196,664,,0.011814,0.988186,,
plain,1700-1710,1730-1740,0.859335,0.140665,236,124,,0.021137,0.978863,,
repond,1710-1720,1740-1750,0.859258,0.140742,123,107,,,,,
cré,1700-1710,1760-1770,0.859242,0.140758,70,319,,0.006788,0.993212,,
refie,1700-1710,1730-1740,0.859186,0.140814,79,151,,0.016226,0.983774,,
ambroise,1720-1730,1789-1802,0.858993,0.141007,60,742,,0.01152,0.98848,,
paro,1700-1710,1750-1760,0.858617,0.141383,238,294,,,,,
d'hui,1710-1720,1770-1780,0.858558,0.141442,135,604,,,,,
regner,1710-1720,1789-1802,0.85855,0.14145,169,161,,,,,
tacher,1760-1770,1789-1802,0.858349,0.141651,177,232,,,,,
fondit,1700-1710,1789-1802,0.858195,0.141805,105,179,,0.09206,0.90794,,
mouvans,1710-1720,1789-1802,0.858032,0.141968,214,65,,,,,
refe,1730-1740,1770-1780,0.857927,0.142073,93,303,,0.013527,0.986473,,
d'oeil,1760-1770,1789-1802,0.857849,0.142151,1285,1474,,,,,
pafle,1710-1720,1720-1730,0.857607,0.142393,59,136,,0.01132,0.98868,,
enten,1710-1720,1760-1770,0.856657,0.143343,82,186,,0.00885,0.99115,,
d'entreprendre,1700-1710,1710-1720,0.85622,0.14378,85,197,,,,,
tonner,1700-1710,1789-1802,0.856199,0.143801,61,293,,0.012151,0.987849,,
revolution,1740-1750,1789-1802,0.855796,0.144204,82,1168,,,,,
loy,1730-1740,1789-1802,0.855309,0.144691,643,122,,,,,
l'as,1700-1710,1789-1802,0.854315,0.145685,169,990,,,,,
virginie,1710-1720,1780-1789,0.854313,0.145687,61,1123,,0.022118,0.977882,,
adroitement,1760-1770,1780-1789,0.854291,0.145709,410,755,,0.02741,0.97259,,
bru,1710-1720,1730-1740,0.854277,0.145723,61,274,,0.013425,0.986575,,
l'egard,1740-1750,1770-1780,0.854163,0.145837,194,96,,,,,
encourage,1710-1720,1789-1802,0.854118,0.145882,60,324,,0.00952,0.99048,,
omme,1700-1710,1760-1770,0.853727,0.146273,209,210,,0.011962,0.988038,,
inon,1710-1720,1750-1760,0.853718,0.146282,152,93,,0.010694,0.989306,,
l'ex,1700-1710,1720-1730,0.853359,0.146641,162,212,,,,,
auifi,1720-1730,1730-1740,0.853273,0.146727,109,110,,0.00934,0.99066,,
ibidem,1740-1750,1760-1770,0.85327,0.14673,896,212,,,,,
d'af,1720-1730,1740-1750,0.85245,0.14755,71,159,,,,,
rieux,1720-1730,1740-1750,0.851683,0.148317,118,235,,0.016226,0.983774,,
vraisemblance,1720-1730,1730-1740,0.851216,0.148784,82,309,,0.035279,0.964721,,
ché,1720-1730,1770-1780,0.850982,0.149018,211,1254,,0.017232,0.982768,,
fal,1710-1720,1730-1740,0.850806,0.149194,52,290,,0.076512,0.923488,,
inf,1700-1710,1760-1770,0.850687,0.149313,99,471,,0.01311,0.98689,,
casse,1700-1710,1720-1730,0.850208,0.149792,82,149,,0.018749,0.981251,,
sal,1700-1710,1730-1740,0.849801,0.150199,528,251,,0.009655,0.990345,,
volontaires,1710-1720,1789-1802,0.849778,0.150222,92,1562,,0.042004,0.957996,,
lage,1700-1710,1789-1802,0.849695,0.150305,65,260,,0.020722,0.979278,,
dars,1710-1720,1720-1730,0.849572,0.150428,62,92,,0.010103,0.989897,,
tiroir,1710-1720,1750-1760,0.849447,0.150553,90,134,,0.011144,0.988856,,
theatre,1700-1710,1760-1770,0.849011,0.150989,165,81,,,,,
d'aix,1750-1760,1760-1770,0.848613,0.151387,343,429,,,,,
prime,1700-1710,1730-1740,0.84858,0.15142,200,76,,,,,
descartes,1780-1789,1789-1802,0.848529,0.151471,250,323,,0.008724,0.991276,,
quit,1710-1720,1780-1789,0.848284,0.151716,86,436,,0.019957,0.980043,,
réduction,1720-1730,1730-1740,0.84823,0.15177,155,217,,0.013755,0.986245,,
nour,1700-1710,1740-1750,0.847565,0.152435,130,195,,0.010945,0.989055,,
convie,1720-1730,1740-1750,0.847493,0.152507,58,77,,0.005509,0.994491,,
préalablement,1720-1730,1780-1789,0.846431,0.153569,87,384,,0.017128,0.982872,,
rais,1700-1710,1789-1802,0.846379,0.153621,75,634,,0.014426,0.985574,,
fouiller,1730-1740,1770-1780,0.84609,0.15391,125,487,,0.007556,0.992444,,
citez,1720-1730,1770-1780,0.846066,0.153934,249,141,,0.082774,0.917226,,
fauves,1730-1740,1780-1789,0.845969,0.154031,86,368,,0.020139,0.979861,,
travaillant,1710-1720,1720-1730,0.845669,0.154331,112,123,,0.009376,0.990624,,
sim,1710-1720,1789-1802,0.845593,0.154407,220,405,,0.013599,0.986401,,
marquez,1710-1720,1789-1802,0.845438,0.154562,255,62,,,,,
hist,1730-1740,1789-1802,0.845421,0.154579,1540,310,,0.016142,0.983858,,
mariés,1710-1720,1730-1740,0.845219,0.154781,89,107,,0.012012,0.987988,,
chantre,1720-1730,1789-1802,0.845141,0.154859,355,170,,0.077485,0.922515,,
ments,1700-1710,1780-1789,0.844787,0.155213,56,506,,0.029215,0.970785,,
sincere,1710-1720,1780-1789,0.844259,0.155741,65,157,,0.025858,0.974142,,
folides,1750-1760,1789-1802,0.844124,0.155876,328,176,,0.011908,0.988092,,
couronner,1720-1730,1789-1802,0.844042,0.155958,198,362,,0.033085,0.966915,,
s'agit,1710-1720,1730-1740,0.843883,0.156117,1196,2273,,,,,
tement,1700-1710,1789-1802,0.843774,0.156226,142,639,,0.018248,0.981752,,
boileau,1710-1720,1789-1802,0.84344,0.15656,205,720,,0.045817,0.954183,,
triment,1710-1720,1789-1802,0.843261,0.156739,125,367,,0.012861,0.987139,,
defrance,1730-1740,1740-1750,0.843227,0.156773,87,97,,,,,
retrait,1720-1730,1740-1750,0.842942,0.157058,54,337,,,,,
navale,1740-1750,1789-1802,0.842934,0.157066,122,282,,,,,
eflt,1700-1710,1760-1770,0.842894,0.157106,53,126,,0.021356,0.978644,,
mire,1730-1740,1789-1802,0.842772,0.157228,94,360,,0.00743,0.99257,,
exhorte,1710-1720,1730-1740,0.842508,0.157492,85,158,,0.025851,0.974149,,
lutte,1730-1740,1789-1802,0.842124,0.157876,111,890,,0.047421,0.952579,,
retirant,1730-1740,1740-1750,0.841895,0.158105,173,202,,0.028302,0.971698,,
tracer,1720-1730,1730-1740,0.841882,0.158118,113,162,,0.011545,0.988455,,
répondant,1700-1710,1740-1750,0.841773,0.158227,56,111,,0.021701,0.978299,,
secher,1720-1730,1789-1802,0.841658,0.158342,302,228,,0.136173,0.863827,,
d'homme,1700-1710,1740-1750,0.841647,0.158353,185,343,,,,,
l'occupation,1700-1710,1710-1720,0.841325,0.158675,51,78,,,,,
mira,1710-1720,1789-1802,0.841214,0.158786,72,160,,0.02104,0.97896,,
s'amuser,1720-1730,1730-1740,0.841176,0.158824,70,123,,,,,
audessus,1710-1720,1730-1740,0.84117,0.15883,71,141,,0.022957,0.977043,,
entendant,1720-1730,1760-1770,0.841156,0.158844,84,200,,0.02088,0.97912,,
toison,1710-1720,1760-1770,0.84113,0.15887,165,231,,,,,
devenant,1700-1710,1710-1720,0.840941,0.159059,53,88,,0.017086,0.982914,,
s'ouvrir,1700-1710,1710-1720,0.840921,0.159079,69,82,,,,,
l'appui,1720-1730,1789-1802,0.840851,0.159149,96,1264,,,,,
chauds,1710-1720,1770-1780,0.840796,0.159204,468,1136,,0.119903,0.880097,,
touc,1700-1710,1750-1760,0.840681,0.159319,81,150,,0.023316,0.976684,,
gouver,1700-1710,1780-1789,0.840656,0.159344,67,949,,0.012694,0.987306,,
regagner,1710-1720,1789-1802,0.840371,0.159629,74,337,,0.014578,0.985422,,
nui,1700-1710,1780-1789,0.84034,0.15966,131,824,,0.017795,0.982205,,
sujer,1700-1710,1710-1720,0.840032,0.159968,76,101,,0.010385,0.989615,,
mant,1730-1740,1760-1770,0.839773,0.160227,187,178,,0.012294,0.987706,,
occupez,1710-1720,1789-1802,0.839684,0.160316,131,128,,,,,
qualite,1700-1710,1789-1802,0.839411,0.160589,281,486,,,,,
cond,1710-1720,1789-1802,0.839311,0.160689,88,1471,,0.034104,0.965896,,
pairie,1780-1789,1789-1802,0.83929,0.16071,323,383,,0.009902,0.990098,,
s'avancer,1700-1710,1789-1802,0.83927,0.16073,63,338,,,,,
suédois,1710-1720,1720-1730,0.838807,0.161193,75,396,,0.029961,0.970039,,
caufe,1730-1740,1789-1802,0.838564,0.161436,518,73,,,,,
denys,1700-1710,1730-1740,0.838479,0.161521,67,831,,0.030028,0.969972,,
vid,1720-1730,1750-1760,0.838465,0.161535,159,149,,0.033076,0.966924,,
felle,1710-1720,1750-1760,0.838421,0.161579,115,267,,0.031511,0.968489,,
acheve,1730-1740,1789-1802,0.838349,0.161651,120,119,,0.028496,0.971504,,
d'exercice,1710-1720,1740-1750,0.837874,0.162126,92,98,,,,,
ruption,1720-1730,1789-1802,0.837851,0.162149,140,348,,0.018121,0.981879,,
butin,1730-1740,1789-1802,0.837623,0.162377,740,395,,0.016755,0.983245,,
ajoutant,1710-1720,1730-1740,0.837605,0.162395,94,379,,0.013489,0.986511,,
chargez,1720-1730,1750-1760,0.837534,0.162466,726,77,,,,,
nime,1720-1730,1789-1802,0.837422,0.162578,70,333,,0.010764,0.989236,,
tail,1740-1750,1789-1802,0.836868,0.163132,153,561,,,,,
proposez,1710-1720,1720-1730,0.836602,0.163398,102,117,,,,,
nommez,1720-1730,1770-1780,0.836134,0.163866,742,230,,,,,
l'affection,1700-1710,1789-1802,0.835953,0.164047,108,366,,,,,
populo,1730-1740,1760-1770,0.835643,0.164357,316,229,,0.048518,0.951482,,
écrivant,1710-1720,1740-1750,0.835628,0.164372,84,149,,0.010265,0.989735,,
bertrand,1700-1710,1780-1789,0.83546,0.16454,123,1424,,,,,
croyable,1710-1720,1789-1802,0.835335,0.164665,93,208,,0.050702,0.949298,,
défendue,1710-1720,1770-1780,0.835298,0.164702,134,559,,0.029999,0.970001,,
compa,1700-1710,1789-1802,0.835038,0.164962,129,525,,0.008787,0.991213,,
penible,1730-1740,1780-1789,0.834868,0.165132,51,111,,,,,
voeu,1720-1730,1789-1802,0.834673,0.165327,155,3203,,0.053846,0.946154,,
souveraines,1710-1720,1789-1802,0.834669,0.165331,120,457,,,,,
distribué,1750-1760,1770-1780,0.834085,0.165915,193,390,,0.008107,0.991893,,
new,1730-1740,1789-1802,0.834031,0.165969,82,1515,,0.059475,0.940525,,
eul,1710-1720,1750-1760,0.833993,0.166007,62,107,,0.010852,0.989148,,
d'in,1700-1710,1730-1740,0.833779,0.166221,195,323,,,,,
acquerir,1780-1789,1789-1802,0.833542,0.166458,160,63,,,,,
d'apporter,1710-1720,1720-1730,0.833535,0.166465,172,118,,,,,
fail,1710-1720,1730-1740,0.833458,0.166542,50,58,,0.020191,0.979809,,
coutre,1730-1740,1740-1750,0.833436,0.166564,64,123,,0.012055,0.987945,,
préfence,1700-1710,1710-1720,0.833358,0.166642,68,62,,0.040628,0.959372,,
recommander,1740-1750,1780-1789,0.833338,0.166662,208,507,,0.008086,0.991914,,
n'importe,1770-1780,1789-1802,0.833322,0.166678,651,701,,,,,
reserve,1730-1740,1789-1802,0.833205,0.166795,353,131,,,,,
taxé,1760-1770,1770-1780,0.833077,0.166923,1001,227,,,,,
nemours,1730-1740,1740-1750,0.832965,0.167035,197,282,,0.066252,0.933748,,
rme,1710-1720,1740-1750,0.832733,0.167267,51,106,,0.011613,0.988387,,
enter,1700-1710,1710-1720,0.832575,0.167425,533,86,,,,,
l'agrément,1710-1720,1789-1802,0.832343,0.167657,177,411,,,,,
chapelain,1700-1710,1720-1730,0.832043,0.167957,52,374,,0.10263,0.89737,,
lay,1730-1740,1780-1789,0.831991,0.168009,127,213,,,,,
pluton,1700-1710,1740-1750,0.831961,0.168039,448,191,,0.015059,0.984941,,
puy,1710-1720,1740-1750,0.831849,0.168151,177,119,,0.028748,0.971252,,
queflion,1700-1710,1750-1760,0.831789,0.168211,59,211,,0.018269,0.981731,,
d'emprunter,1710-1720,1789-1802,0.831778,0.168222,156,293,,,,,
manquant,1720-1730,1730-1740,0.83163,0.16837,126,457,,0.040321,0.959679,,
tique,1700-1710,1789-1802,0.831231,0.168769,151,1237,,0.017516,0.982484,,
dona,1700-1710,1720-1730,0.830912,0.169088,190,113,,,,,
coq,1720-1730,1730-1740,0.830838,0.169162,212,321,,0.028771,0.971229,,
réguliers,1720-1730,1730-1740,0.830704,0.169296,238,113,,0.017133,0.982867,,
jourd'hui,1700-1710,1789-1802,0.830566,0.169434,154,463,,,,,
paré,1720-1730,1789-1802,0.830251,0.169749,95,353,,0.018499,0.981501,,
l'en,1720-1730,1760-1770,0.830046,0.169954,1100,2793,,,,,
pof,1700-1710,1780-1789,0.830009,0.169991,188,773,,0.035353,0.964647,,
tez,1700-1710,1770-1780,0.829954,0.170046,319,426,,0.025224,0.974776,,
fumer,1710-1720,1730-1740,0.829939,0.170061,110,72,,,,,
fice,1700-1710,1780-1789,0.829924,0.170076,103,367,,0.023262,0.976738,,
railler,1750-1760,1760-1770,0.829917,0.170083,81,82,,,,,
veilles,1760-1770,1770-1780,0.829803,0.170197,331,537,,0.006227,0.993773,,
érant,1700-1710,1789-1802,0.82979,0.17021,101,90,,,,,
jugeant,1710-1720,1789-1802,0.829732,0.170268,247,328,,0.034453,0.965547,,
vantage,1700-1710,1789-1802,0.829717,0.170283,74,183,,0.009935,0.990065,,
deli,1710-1720,1760-1770,0.829714,0.170286,89,127,,0.007474,0.992526,,
paroîtra,1710-1720,1770-1780,0.829699,0.170301,75,675,,0.024326,0.975674,,
souverainement,1770-1780,1789-1802,0.829511,0.170489,336,305,,0.020168,0.979832,,
bailly,1720-1730,1780-1789,0.82933,0.17067,353,433,,0.038154,0.961846,,
carlos,1710-1720,1720-1730,0.829313,0.170687,109,61,,,,,
mérites,1730-1740,1770-1780,0.829128,0.170872,105,243,,0.016611,0.983389,,
détour,1700-1710,1750-1760,0.829091,0.170909,95,258,,0.006523,0.993477,,
multiplié,1730-1740,1760-1770,0.82903,0.17097,110,561,,,,,
fanté,1710-1720,1730-1740,0.828903,0.171097,98,222,,0.013684,0.986316,,
emprunte,1720-1730,1730-1740,0.828887,0.171113,61,104,,0.01006,0.98994,,
mage,1710-1720,1780-1789,0.828823,0.171177,99,531,,0.014295,0.985705,,
manifestement,1720-1730,1789-1802,0.828793,0.171207,255,187,,,,,
aver,1700-1710,1740-1750,0.828678,0.171322,434,181,,,,,
sentier,1740-1750,1760-1770,0.828374,0.171626,125,216,,0.011147,0.988853,,
odeurs,1710-1720,1770-1780,0.828121,0.171879,114,293,,,,,
pra,1700-1710,1780-1789,0.828107,0.171893,303,629,,0.022178,0.977822,,
commen,1710-1720,1770-1780,0.828103,0.171897,78,381,,0.011113,0.988887,,
act,1730-1740,1789-1802,0.828096,0.171904,297,331,,0.019832,0.980168,,
forn,1720-1730,1760-1770,0.82804,0.17196,80,151,,0.014289,0.985711,,
majeure,1750-1760,1789-1802,0.827895,0.172105,338,1079,,0.154546,0.845454,,
censeurs,1720-1730,1730-1740,0.827741,0.172259,74,61,,0.021489,0.978511,,
avancez,1720-1730,1789-1802,0.827731,0.172269,136,100,,,,,
renvoi,1770-1780,1789-1802,0.827539,0.172461,398,913,,,,,
vui,1710-1720,1789-1802,0.827525,0.172475,70,123,,0.018316,0.981684,,
c'està,1730-1740,1780-1789,0.827438,0.172562,216,392,,,,,
rain,1710-1720,1770-1780,0.827378,0.172622,76,325,,0.008969,0.991031,,
contrefaire,1780-1789,1789-1802,0.827313,0.172687,239,190,,,,,
conception,1720-1730,1789-1802,0.827296,0.172704,113,400,,,,,
s'ap,1700-1710,1760-1770,0.827275,0.172725,94,374,,,,,
gardant,1700-1710,1710-1720,0.827031,0.172969,72,93,,0.010683,0.989317,,
plit,1720-1730,1789-1802,0.827029,0.172971,51,145,,0.012707,0.987293,,
cier,1710-1720,1740-1750,0.826832,0.173168,120,172,,0.013494,0.986506,,
duit,1710-1720,1789-1802,0.826789,0.173211,173,769,,0.01535,0.98465,,
roux,1720-1730,1740-1750,0.826598,0.173402,188,192,,0.011419,0.988581,,
volon,1700-1710,1789-1802,0.826409,0.173591,72,343,,0.01365,0.98635,,
ache,1710-1720,1740-1750,0.826324,0.173676,129,200,,0.009876,0.990124,,
nef,1700-1710,1710-1720,0.826305,0.173695,87,316,,0.130453,0.869547,,
dence,1710-1720,1789-1802,0.826289,0.173711,97,488,,0.012495,0.987505,,
saie,1740-1750,1760-1770,0.826262,0.173738,86,133,,,,,
fauf,1710-1720,1750-1760,0.826084,0.173916,77,194,,0.021999,0.978001,,
pilier,1700-1710,1789-1802,0.826061,0.173939,169,186,,0.043101,0.956899,,
finement,1700-1710,1780-1789,0.825895,0.174105,58,366,,0.049288,0.950712,,
intimes,1750-1760,1780-1789,0.825864,0.174136,134,352,,,,,
ptolomée,1710-1720,1730-1740,0.825741,0.174259,171,307,,0.010457,0.989543,,
aujour,1700-1710,1789-1802,0.825733,0.174267,80,501,,0.015672,0.984328,,
inévitable,1710-1720,1760-1770,0.825648,0.174352,93,485,,0.009852,0.990148,,
nuées,1710-1720,1780-1789,0.825646,0.174354,61,529,,0.023334,0.976666,,
larcin,1720-1730,1789-1802,0.825509,0.174491,63,204,,,,,
tellier,1710-1720,1789-1802,0.825467,0.174533,534,147,,,,,
stance,1700-1710,1780-1789,0.825266,0.174734,50,110,,0.012011,0.987989,,
din,1710-1720,1740-1750,0.825142,0.174858,259,234,,0.013162,0.986838,,
tance,1700-1710,1780-1789,0.82514,0.17486,105,1126,,0.02649,0.97351,,
pies,1700-1710,1789-1802,0.825002,0.174998,541,385,,,,,
préfet,1700-1710,1740-1750,0.824863,0.175137,68,289,,0.014115,0.985885,,
totalement,1700-1710,1750-1760,0.824857,0.175143,140,658,,0.016597,0.983403,,
plane,1700-1710,1780-1789,0.824682,0.175318,250,314,,0.06625,0.93375,,
ord,1730-1740,1789-1802,0.824582,0.175418,433,576,,0.023901,0.976099,,
cell,1730-1740,1750-1760,0.824156,0.175844,71,95,,0.008678,0.991322,,
conclus,1710-1720,1730-1740,0.824038,0.175962,114,241,,0.034489,0.965511,,
rour,1720-1730,1740-1750,0.823984,0.176016,108,418,,0.011759,0.988241,,
attribut,1700-1710,1710-1720,0.823718,0.176282,71,62,,,,,
dispo,1700-1710,1789-1802,0.823626,0.176374,52,466,,0.012568,0.987432,,
l'impression,1720-1730,1760-1770,0.823605,0.176395,372,1156,,,,,
alfez,1700-1710,1730-1740,0.823414,0.176586,120,107,,0.015756,0.984244,,
crain,1700-1710,1770-1780,0.823142,0.176858,215,313,,,,,
tomme,1700-1710,1730-1740,0.822749,0.177251,51,52,,0.015985,0.984015,,
suivra,1700-1710,1710-1720,0.822656,0.177344,62,63,,0.009588,0.990412,,
ric,1720-1730,1730-1740,0.822632,0.177368,204,315,,0.018526,0.981474,,
siu,1740-1750,1750-1760,0.822563,0.177437,211,131,,0.014861,0.985139,,
recit,1780-1789,1789-1802,0.822544,0.177456,189,113,,,,,
d'hollande,1730-1740,1740-1750,0.822539,0.177461,181,201,,,,,
lam,1750-1760,1780-1789,0.822502,0.177498,92,649,,0.01188,0.98812,,
repre,1700-1710,1770-1780,0.822478,0.177522,95,73,,0.013274,0.986726,,
couver,1710-1720,1789-1802,0.822221,0.177779,153,206,,0.044518,0.955482,,
entreprend,1700-1710,1740-1750,0.822119,0.177881,78,285,,0.009678,0.990322,,
contrai,1740-1750,1789-1802,0.82209,0.17791,173,95,,0.013743,0.986257,,
pécher,1700-1710,1720-1730,0.821903,0.178097,51,52,,0.021585,0.978415,,
consommer,1700-1710,1740-1750,0.821868,0.178132,53,135,,0.01072,0.98928,,
achevez,1710-1720,1720-1730,0.821741,0.178259,103,80,,,,,
d'é,1710-1720,1720-1730,0.821701,0.178299,142,180,,,,,
ieux,1700-1710,1780-1789,0.821655,0.178345,52,693,,0.02609,0.97391,,
liy,1710-1720,1730-1740,0.821445,0.178555,50,61,,,,,
fidellement,1700-1710,1750-1760,0.821293,0.178707,67,102,,0.032353,0.967647,,
d'assez,1720-1730,1740-1750,0.821278,0.178722,171,325,,,,,
nov,1730-1740,1750-1760,0.821112,0.178888,489,420,,0.044961,0.955039,,
pié,1720-1730,1789-1802,0.821099,0.178901,548,218,,,,,
vilité,1720-1730,1740-1750,0.821057,0.178943,63,111,,0.039643,0.960357,,
role,1720-1730,1750-1760,0.821043,0.178957,181,307,,0.019918,0.980082,,
roir,1700-1710,1740-1750,0.821006,0.178994,81,284,,0.017228,0.982772,,
mez,1700-1710,1770-1780,0.820919,0.179081,72,63,,0.015327,0.984673,,
vatican,1710-1720,1740-1750,0.820852,0.179148,119,54,,,,,
princi,1700-1710,1789-1802,0.820663,0.179337,76,447,,0.025711,0.974289,,
posture,1700-1710,1720-1730,0.820589,0.179411,55,127,,0.013815,0.986185,,
qu'autrement,1710-1720,1789-1802,0.820448,0.179552,195,79,,,,,
yourte,1740-1750,1770-1780,0.820431,0.179569,116,167,,,,,
differe,1710-1720,1720-1730,0.820345,0.179655,120,128,,0.019293,0.980707,,
demeurez,1720-1730,1740-1750,0.819658,0.180342,161,164,,,,,
led,1710-1720,1720-1730,0.819585,0.180415,98,243,,0.049741,0.950259,,
interest,1700-1710,1789-1802,0.819581,0.180419,341,87,,,,,
solution,1720-1730,1730-1740,0.819574,0.180426,100,121,,0.010657,0.989343,,
reporter,1740-1750,1789-1802,0.819562,0.180438,177,259,,,,,
eme,1720-1730,1770-1780,0.819419,0.180581,102,215,,0.013823,0.986177,,
rôt,1710-1720,1740-1750,0.819084,0.180916,69,421,,0.039817,0.960183,,
ecole,1730-1740,1789-1802,0.819069,0.180931,94,232,,0.022037,0.977963,,
dez,1710-1720,1730-1740,0.819068,0.180932,409,194,,0.012971,0.987029,,
arrivez,1710-1720,1789-1802,0.818956,0.181044,380,112,,,,,
farce,1720-1730,1780-1789,0.818888,0.181112,78,393,,,,,
cét,1700-1710,1750-1760,0.818797,0.181203,352,80,,,,,
l'é,1700-1710,1760-1770,0.81867,0.18133,216,1367,,,,,
d'apparence,1720-1730,1760-1770,0.818654,0.181346,255,244,,,,,
insensé,1700-1710,1740-1750,0.818582,0.181418,51,106,,0.01269,0.98731,,
peutêtre,1700-1710,1750-1760,0.818313,0.181687,114,220,,0.02313,0.97687,,
l'avant,1710-1720,1750-1760,0.818234,0.181766,57,571,,,,,
travaillez,1710-1720,1720-1730,0.818123,0.181877,64,70,,,,,
ravoir,1720-1730,1760-1770,0.817119,0.182881,161,199,,0.013282,0.986718,,
gueux,1720-1730,1750-1760,0.817002,0.182998,76,145,,0.014965,0.985035,,
suspendu,1780-1789,1789-1802,0.816962,0.183038,549,719,,0.007362,0.992638,,
fleuri,1700-1710,1789-1802,0.816644,0.183356,54,440,,0.031321,0.968679,,
jardinier,1710-1720,1740-1750,0.816507,0.183493,178,113,,,,,
montfort,1740-1750,1789-1802,0.816418,0.183582,74,198,,,,,
vies,1700-1710,1760-1770,0.816262,0.183738,245,340,,,,,
l'admiration,1750-1760,1789-1802,0.816244,0.183756,443,802,,,,,
réunion,1710-1720,1760-1770,0.816197,0.183803,311,1562,,0.018856,0.981144,,
dore,1710-1720,1730-1740,0.81617,0.18383,118,67,,0.010059,0.989941,,
l'et,1720-1730,1750-1760,0.816119,0.183881,90,89,,,,,
d'autre,1700-1710,1710-1720,0.816023,0.183977,2126,3020,,,,,
informe,1700-1710,1780-1789,0.81595,0.18405,71,419,,0.012719,0.987281,,
d'ap,1710-1720,1730-1740,0.815946,0.184054,53,126,,,,,
divertis,1700-1710,1730-1740,0.815871,0.184129,97,55,,,,,
pitre,1730-1740,1789-1802,0.81579,0.18421,113,269,,0.01424,0.98576,,
tranche,1720-1730,1770-1780,0.81577,0.18423,413,569,,0.062802,0.937198,,
mmne,1730-1740,1789-1802,0.815515,0.184485,98,517,,0.020658,0.979342,,
conm,1710-1720,1789-1802,0.815497,0.184503,91,445,,0.015462,0.984538,,
proses,1740-1750,1789-1802,0.815426,0.184574,179,182,,0.014612,0.985388,,
singularité,1710-1720,1770-1780,0.815358,0.184642,97,610,,0.015539,0.984461,,
mec,1730-1740,1750-1760,0.815292,0.184708,81,97,,0.00538,0.99462,,
injustement,1710-1720,1720-1730,0.815202,0.184798,125,97,,0.033013,0.966987,,
luis,1700-1710,1730-1740,0.814908,0.185092,153,102,,,,,
condamnez,1700-1710,1760-1770,0.814774,0.185226,194,66,,,,,
blaise,1710-1720,1789-1802,0.814554,0.185446,57,96,,0.014813,0.985187,,
savants,1710-1720,1720-1730,0.814433,0.185567,87,82,,0.016612,0.983388,,
fion,1710-1720,1770-1780,0.81436,0.18564,97,305,,0.011413,0.988587,,
dée,1700-1710,1780-1789,0.814298,0.185702,80,502,,0.012069,0.987931,,
d'oeuvre,1700-1710,1789-1802,0.814134,0.185866,199,1370,,,,,
obligez,1750-1760,1789-1802,0.813933,0.186067,105,61,,,,,
intérieurs,1710-1720,1789-1802,0.813807,0.186193,51,569,,0.027978,0.972022,,
ennuyeux,1720-1730,1780-1789,0.813739,0.186261,67,410,,0.013312,0.986688,,
accomplis,1730-1740,1780-1789,0.813417,0.186583,121,253,,,,,
join,1710-1720,1730-1740,0.813142,0.186858,58,96,,0.012578,0.987422,,
faillie,1730-1740,1750-1760,0.813096,0.186904,117,157,,,,,
reflexion,1770-1780,1789-1802,0.812925,0.187075,177,486,,,,,
jaques,1710-1720,1780-1789,0.812784,0.187216,299,155,,,,,
retranchement,1700-1710,1710-1720,0.81272,0.18728,83,144,,0.022991,0.977009,,
prevenir,1770-1780,1780-1789,0.812571,0.187429,105,124,,,,,
tierce,1700-1710,1750-1760,0.81234,0.18766,261,831,,0.094247,0.905753,,
disgrace,1750-1760,1789-1802,0.812313,0.187687,212,440,,0.032313,0.967687,,
rate,1720-1730,1770-1780,0.812293,0.187707,141,420,,0.044423,0.955577,,
cous,1700-1710,1789-1802,0.812118,0.187882,103,392,,0.016264,0.983736,,
har,1720-1730,1760-1770,0.811981,0.188019,111,237,,0.005168,0.994832,,
dition,1710-1720,1789-1802,0.81187,0.18813,57,285,,0.014554,0.985446,,
prescription,1740-1750,1750-1760,0.811634,0.188366,679,294,,,,,
caron,1700-1710,1789-1802,0.811602,0.188398,59,143,,0.020663,0.979337,,
refait,1700-1710,1780-1789,0.811478,0.188522,74,203,,0.009935,0.990065,,
rétablit,1700-1710,1780-1789,0.811399,0.188601,85,624,,0.021242,0.978758,,
bale,1730-1740,1760-1770,0.811388,0.188612,63,298,,,,,
perpétuité,1700-1710,1780-1789,0.811336,0.188664,120,549,,0.072315,0.927685,,
arrêtez,1710-1720,1720-1730,0.811027,0.188973,316,257,,0.00387,0.99613,,
courtisan,1720-1730,1760-1770,0.811008,0.188992,146,217,,,,,
ordi,1730-1740,1770-1780,0.810891,0.189109,232,644,,0.004097,0.995903,,
galante,1720-1730,1740-1750,0.810854,0.189146,78,185,,0.019679,0.980321,,
turin,1700-1710,1760-1770,0.810842,0.189158,165,1983,,0.025627,0.974373,,
cheres,1700-1710,1710-1720,0.81082,0.18918,77,84,,,,,
vizirs,1740-1750,1789-1802,0.810708,0.189292,97,147,,,,,
entant,1750-1760,1780-1789,0.810663,0.189337,300,104,,,,,
matrice,1710-1720,1720-1730,0.810505,0.189495,58,188,,0.039248,0.960752,,
inceffamment,1710-1720,1740-1750,0.810484,0.189516,77,132,,0.028039,0.971961,,
ecritures,1740-1750,1750-1760,0.810216,0.189784,186,447,,,,,
d'tre,1700-1710,1730-1740,0.810083,0.189917,63,77,,,,,
l'établissement,1720-1730,1730-1740,0.809934,0.190066,315,463,,,,,
yant,1710-1720,1770-1780,0.809886,0.190114,59,115,,,,,
dement,1720-1730,1789-1802,0.809886,0.190114,70,205,,0.01149,0.98851,,
gregoire,1730-1740,1789-1802,0.809794,0.190206,729,54,,,,,
classe,1720-1730,1740-1750,0.809783,0.190217,341,549,,0.012798,0.987202,,
provincial,1710-1720,1770-1780,0.809765,0.190235,100,426,,0.027922,0.972078,,
villiers,1730-1740,1750-1760,0.809749,0.190251,85,332,,,,,
noailles,1710-1720,1750-1760,0.809556,0.190444,1144,391,,,,,
venter,1700-1710,1789-1802,0.809313,0.190687,63,542,,0.016055,0.983945,,
obéi,1710-1720,1720-1730,0.809244,0.190756,78,63,,0.025352,0.974648,,
rier,1730-1740,1789-1802,0.809171,0.190829,98,438,,0.015384,0.984616,,
disposez,1710-1720,1720-1730,0.809079,0.190921,118,157,,,,,
effe,1770-1780,1789-1802,0.809016,0.190984,909,114,,,,,
desordre,1770-1780,1789-1802,0.808881,0.191119,177,99,,,,,
fuc,1700-1710,1780-1789,0.808682,0.191318,184,926,,0.02838,0.97162,,
pille,1700-1710,1730-1740,0.808631,0.191369,82,114,,0.01305,0.98695,,
l'affront,1740-1750,1789-1802,0.808482,0.191518,111,108,,,,,
dece,1730-1740,1750-1760,0.808452,0.191548,108,132,,0.00711,0.99289,,
hector,1720-1730,1760-1770,0.808334,0.191666,54,757,,0.01903,0.98097,,
pru,1710-1720,1770-1780,0.808273,0.191727,79,312,,0.013647,0.986353,,
reprenant,1710-1720,1720-1730,0.808182,0.191818,50,79,,0.011882,0.988118,,
cant,1730-1740,1740-1750,0.808166,0.191834,88,115,,0.013047,0.986953,,
duite,1700-1710,1740-1750,0.808164,0.191836,65,293,,0.014965,0.985035,,
pepin,1700-1710,1720-1730,0.808142,0.191858,78,592,,0.020499,0.979501,,
semblant,1780-1789,1789-1802,0.808122,0.191878,767,428,,,,,
yvoire,1750-1760,1789-1802,0.807878,0.192122,97,163,,0.011488,0.988512,,
financier,1760-1770,1789-1802,0.807856,0.192144,340,347,,0.009466,0.990534,,
laitier,1700-1710,1730-1740,0.80782,0.19218,54,68,,0.013212,0.986788,,
recom,1700-1710,1789-1802,0.807724,0.192276,86,335,,0.02167,0.97833,,
tenans,1780-1789,1789-1802,0.807722,0.192278,369,140,,,,,
qu'afin,1720-1730,1750-1760,0.807672,0.192328,57,79,,,,,
ouf,1720-1730,1760-1770,0.807588,0.192412,54,89,,0.019184,0.980816,,
extremement,1710-1720,1730-1740,0.807411,0.192589,144,88,,,,,
l'es,1710-1720,1789-1802,0.807346,0.192654,76,859,,,,,
von,1720-1730,1730-1740,0.807334,0.192666,93,154,,0.012048,0.987952,,
l'humilité,1740-1750,1750-1760,0.807291,0.192709,86,154,,,,,
d'après,1720-1730,1789-1802,0.807273,0.192727,386,15171,,,,,
reduite,1710-1720,1760-1770,0.807032,0.192968,74,57,,,,,
reconnoissances,1720-1730,1740-1750,0.806799,0.193201,90,417,,0.05443,0.94557,,
bologne,1730-1740,1760-1770,0.806782,0.193218,341,399,,0.017442,0.982558,,
d'endroits,1700-1710,1760-1770,0.806533,0.193467,94,273,,,,,
loire,1730-1740,1789-1802,0.806414,0.193586,1639,1617,,0.072219,0.927781,,
cele,1700-1710,1740-1750,0.806245,0.193755,81,156,,0.016825,0.983175,,
git,1710-1720,1770-1780,0.806199,0.193801,102,216,,0.013052,0.986948,,
plufieurs,1700-1710,1720-1730,0.806169,0.193831,126,176,,0.041626,0.958374,,
commençant,1740-1750,1760-1770,0.806151,0.193849,244,466,,0.017354,0.982646,,
premièrement,1710-1720,1750-1760,0.806138,0.193862,201,388,,,,,
dej,1700-1710,1740-1750,0.805838,0.194162,119,193,,0.008759,0.991241,,
clans,1700-1710,1710-1720,0.805796,0.194204,65,85,,0.007729,0.992271,,
vinaire,1720-1730,1789-1802,0.805752,0.194248,236,557,,0.013181,0.986819,,
cefar,1750-1760,1789-1802,0.805721,0.194279,193,65,,,,,
suffi,1720-1730,1750-1760,0.805433,0.194567,143,401,,0.0176,0.9824,,
zemble,1700-1710,1740-1750,0.805426,0.194574,108,267,,0.037843,0.962157,,
bone,1720-1730,1740-1750,0.80535,0.19465,89,87,,,,,
rififi,1700-1710,1740-1750,0.805327,0.194673,50,93,,0.018348,0.981652,,
prochains,1700-1710,1770-1780,0.805167,0.194833,139,119,,,,,
rans,1720-1730,1760-1770,0.804969,0.195031,75,185,,0.00789,0.99211,,
reputation,1770-1780,1789-1802,0.804925,0.195075,135,109,,,,,
gabelles,1760-1770,1789-1802,0.804735,0.195265,509,980,,0.018025,0.981975,,
anti,1730-1740,1789-1802,0.804459,0.195541,110,991,,0.014359,0.985641,,
nice,1710-1720,1789-1802,0.804381,0.195619,117,598,,0.030104,0.969896,,
tentative,1730-1740,1740-1750,0.804317,0.195683,190,192,,0.011505,0.988495,,
live,1700-1710,1780-1789,0.804049,0.195951,224,551,,0.092889,0.907111,,
bray,1710-1720,1750-1760,0.803891,0.196109,105,149,,0.028759,0.971241,,
ive,1710-1720,1789-1802,0.803862,0.196138,142,694,,0.020925,0.979075,,
clovis,1710-1720,1730-1740,0.803811,0.196189,161,1571,,0.053266,0.946734,,
neurs,1740-1750,1780-1789,0.803805,0.196195,182,368,,0.011675,0.988325,,
imposition,1730-1740,1780-1789,0.803725,0.196275,753,915,,0.048406,0.951594,,
soufle,1720-1730,1740-1750,0.803708,0.196292,74,413,,0.033069,0.966931,,
mages,1710-1720,1740-1750,0.803438,0.196562,104,160,,0.012915,0.987085,,
momus,1760-1770,1780-1789,0.803355,0.196645,61,188,,,,,
annuel,1730-1740,1750-1760,0.803339,0.196661,225,446,,0.012309,0.987691,,
perfe,1700-1710,1730-1740,0.803298,0.196702,132,828,,0.030311,0.969689,,
veur,1710-1720,1740-1750,0.803278,0.196722,145,350,,0.013841,0.986159,,
valable,1710-1720,1750-1760,0.803208,0.196792,155,497,,,,,
clement,1750-1760,1789-1802,0.803183,0.196817,210,192,,,,,
dattes,1710-1720,1750-1760,0.8031,0.1969,53,81,,0.022873,0.977127,,
éle,1710-1720,1780-1789,0.803054,0.196946,55,423,,0.015448,0.984552,,
qu'autant,1730-1740,1740-1750,0.802987,0.197013,549,569,,,,,
j'estime,1700-1710,1730-1740,0.802955,0.197045,120,89,,,,,
mrs,1710-1720,1789-1802,0.802785,0.197215,120,799,,0.021628,0.978372,,
pane,1730-1740,1770-1780,0.802714,0.197286,111,247,,0.01867,0.98133,,
ela,1700-1710,1760-1770,0.802686,0.197314,116,228,,0.017597,0.982403,,
tiques,1700-1710,1789-1802,0.802674,0.197326,117,1029,,0.016496,0.983504,,
diffus,1700-1710,1760-1770,0.802452,0.197548,142,307,,0.006452,0.993548,,
stile,1710-1720,1720-1730,0.802434,0.197566,315,276,,,,,
griffe,1710-1720,1789-1802,0.802194,0.197806,86,218,,0.01046,0.98954,,
diffi,1700-1710,1750-1760,0.80216,0.19784,59,264,,0.020295,0.979705,,
gence,1720-1730,1770-1780,0.802135,0.197865,83,368,,0.017969,0.982031,,
ene,1710-1720,1730-1740,0.802119,0.197881,115,96,,0.00854,0.99146,,
lustre,1700-1710,1780-1789,0.801966,0.198034,83,413,,0.011384,0.988616,,
l'af,1710-1720,1789-1802,0.801935,0.198065,99,603,,,,,
peintes,1710-1720,1750-1760,0.801908,0.198092,221,1143,,0.046209,0.953791,,
dij,1720-1730,1750-1760,0.801692,0.198308,151,194,,0.022851,0.977149,,
commu,1710-1720,1789-1802,0.801332,0.198668,210,584,,0.016824,0.983176,,
miers,1710-1720,1760-1770,0.801268,0.198732,123,386,,0.018021,0.981979,,
l'invention,1710-1720,1760-1770,0.801167,0.198833,225,682,,,,,
allure,1730-1740,1770-1780,0.801157,0.198843,62,501,,0.008245,0.991755,,
miais,1710-1720,1740-1750,0.801008,0.198992,83,247,,0.014271,0.985729,,
contagion,1700-1710,1720-1730,0.800972,0.199028,54,170,,0.024502,0.975498,,
capi,1720-1730,1770-1780,0.800964,0.199036,189,525,,0.010336,0.989664,,
exe,1720-1730,1789-1802,0.800934,0.199066,86,176,,0.015999,0.984001,,
montez,1720-1730,1750-1760,0.800918,0.199082,211,96,,,,,
consequent,1720-1730,1730-1740,0.800856,0.199144,624,343,,,,,
crée,1720-1730,1789-1802,0.800834,0.199166,98,556,,0.025821,0.974179,,
retardement,1720-1730,1740-1750,0.80068,0.19932,170,328,,,,,
formel,1700-1710,1789-1802,0.800478,0.199522,126,443,,0.02921,0.97079,,
expres,1720-1730,1760-1770,0.800424,0.199576,132,213,,0.015853,0.984147,,
reli,1720-1730,1740-1750,0.800176,0.199824,284,542,,0.009795,0.990205,,
estimée,1730-1740,1789-1802,0.800138,0.199862,158,830,,0.038055,0.961945,,
d'alliance,1700-1710,1710-1720,0.800062,0.199938,60,65,,,,,
positivement,1710-1720,1740-1750,0.800021,0.199979,139,172,,0.00945,0.99055,,
fié,1720-1730,1760-1770,0.799812,0.200188,74,129,,0.018869,0.981131,,
divorce,1710-1720,1730-1740,0.799757,0.200243,62,155,,0.013412,0.986588,,
l'espece,1720-1730,1789-1802,0.799648,0.200352,243,472,,,,,
pourvue,1710-1720,1789-1802,0.799609,0.200391,251,178,,0.087546,0.912454,,
vire,1700-1710,1740-1750,0.799597,0.200403,91,137,,0.014656,0.985344,,
étran,1720-1730,1770-1780,0.799529,0.200471,78,530,,0.01443,0.98557,,
d'instrumens,1710-1720,1789-1802,0.799487,0.200513,81,130,,,,,
sitôt,1760-1770,1780-1789,0.799459,0.200541,683,344,,0.022416,0.977584,,
mart,1720-1730,1730-1740,0.799446,0.200554,330,73,,,,,
pairement,1700-1710,1780-1789,0.799438,0.200562,65,281,,0.020115,0.979885,,
sure,1700-1710,1750-1760,0.799395,0.200605,87,246,,0.022278,0.977722,,
fondez,1700-1710,1770-1780,0.799374,0.200626,85,123,,,,,
dote,1710-1720,1780-1789,0.79922,0.20078,99,180,,0.035312,0.964688,,
atta,1710-1720,1780-1789,0.79921,0.20079,89,645,,0.012022,0.987978,,
raille,1720-1730,1770-1780,0.799056,0.200944,70,206,,0.011668,0.988332,,
mouvant,1700-1710,1750-1760,0.799012,0.200988,57,127,,0.032953,0.967047,,
ceder,1750-1760,1789-1802,0.799007,0.200993,152,67,,,,,
provi,1710-1720,1789-1802,0.798945,0.201055,77,284,,0.019083,0.980917,,
minute,1750-1760,1780-1789,0.798825,0.201175,250,795,,0.011962,0.988038,,
ordonnez,1720-1730,1750-1760,0.798697,0.201303,215,103,,,,,
éclairci,1710-1720,1789-1802,0.798492,0.201508,100,171,,,,,
divins,1730-1740,1770-1780,0.798449,0.201551,311,571,,,,,
réunir,1730-1740,1789-1802,0.798363,0.201637,540,3530,,0.017434,0.982566,,
cone,1710-1720,1740-1750,0.798298,0.201702,68,109,,,,,
violé,1700-1710,1770-1780,0.798119,0.201881,64,339,,0.027429,0.972571,,
oins,1720-1730,1730-1740,0.798094,0.201906,69,69,,0.012417,0.987583,,
bler,1700-1710,1770-1780,0.797965,0.202035,59,206,,0.016799,0.983201,,
l'h,1700-1710,1730-1740,0.797952,0.202048,68,102,,,,,
acc,1710-1720,1730-1740,0.797944,0.202056,57,187,,0.019346,0.980654,,
moin,1720-1730,1760-1770,0.797792,0.202208,170,406,,0.01674,0.98326,,
rets,1710-1720,1789-1802,0.797728,0.202272,124,171,,0.010735,0.989265,,
déformais,1710-1720,1720-1730,0.797616,0.202384,78,187,,0.010139,0.989861,,
nager,1730-1740,1750-1760,0.797462,0.202538,106,112,,,,,
nmais,1700-1710,1789-1802,0.797356,0.202644,65,520,,0.014534,0.985466,,
spe,1710-1720,1770-1780,0.79715,0.20285,79,334,,0.015228,0.984772,,
nat,1780-1789,1789-1802,0.797079,0.202921,1512,1816,,0.012528,0.987472,,
forum,1710-1720,1789-1802,0.796969,0.203031,95,82,,0.067993,0.932007,,
drois,1730-1740,1750-1760,0.796941,0.203059,181,172,,0.047475,0.952525,,
galeres,1710-1720,1750-1760,0.796742,0.203258,150,175,,0.018351,0.981649,,
habité,1740-1750,1750-1760,0.796687,0.203313,316,186,,0.011868,0.988132,,
meu,1710-1720,1760-1770,0.796614,0.203386,79,134,,0.012821,0.987179,,
honorables,1740-1750,1760-1770,0.796473,0.203527,175,187,,0.018268,0.981732,,
hai,1710-1720,1770-1780,0.796426,0.203574,61,201,,0.019799,0.980201,,
théatre,1700-1710,1750-1760,0.796413,0.203587,93,965,,0.028245,0.971755,,
metre,1730-1740,1770-1780,0.796254,0.203746,138,191,,,,,
sommation,1760-1770,1780-1789,0.796239,0.203761,270,214,,,,,
qué,1710-1720,1730-1740,0.796222,0.203778,176,333,,0.012312,0.987688,,
orte,1750-1760,1770-1780,0.795749,0.204251,80,132,,0.011934,0.988066,,
person,1720-1730,1780-1789,0.795473,0.204527,94,236,,0.016242,0.983758,,
neanmoins,1700-1710,1789-1802,0.795245,0.204755,1092,143,,,,,
sement,1700-1710,1780-1789,0.79524,0.20476,105,627,,0.025905,0.974095,,
contin,1700-1710,1720-1730,0.794824,0.205176,78,120,,0.010315,0.989685,,
amene,1700-1710,1789-1802,0.79481,0.20519,123,139,,,,,
estoit,1700-1710,1789-1802,0.794729,0.205271,2009,92,,,,,
truite,1730-1740,1789-1802,0.794668,0.205332,63,327,,0.005079,0.994921,,
conférence,1700-1710,1740-1750,0.794666,0.205334,53,496,,0.01037,0.98963,,
acre,1720-1730,1770-1780,0.794578,0.205422,99,567,,0.030952,0.969048,,
labours,1730-1740,1740-1750,0.794553,0.205447,55,61,,,,,
babylone,1700-1710,1740-1750,0.79449,0.20551,90,159,,0.014245,0.985755,,
mnes,1710-1720,1730-1740,0.794176,0.205824,66,52,,0.017517,0.982483,,
s'attacher,1730-1740,1789-1802,0.793867,0.206133,372,651,,,,,
immuable,1760-1770,1780-1789,0.793794,0.206206,329,306,,,,,
pals,1720-1730,1780-1789,0.793686,0.206314,229,73,,,,,
lou,1700-1710,1730-1740,0.793357,0.206643,537,135,,,,,
apprens,1730-1740,1789-1802,0.793298,0.206702,66,102,,0.011304,0.988696,,
allier,1700-1710,1750-1760,0.793261,0.206739,55,134,,0.032871,0.967129,,
james,1700-1710,1760-1770,0.793061,0.206939,104,665,,0.018496,0.981504,,
sujct,1710-1720,1789-1802,0.793011,0.206989,78,121,,,,,
particu,1700-1710,1730-1740,0.792776,0.207224,107,231,,0.008666,0.991334,,
conséquences,1720-1730,1780-1789,0.792753,0.207247,179,1212,,0.015533,0.984467,,
enfermer,1740-1750,1780-1789,0.792749,0.207251,109,324,,,,,
trajan,1700-1710,1720-1730,0.79258,0.20742,165,594,,,,,
cere,1710-1720,1780-1789,0.792561,0.207439,90,282,,0.021462,0.978538,,
executer,1760-1770,1789-1802,0.792506,0.207494,68,54,,,,,
feur,1710-1720,1780-1789,0.792466,0.207534,289,1150,,0.013276,0.986724,,
généralité,1730-1740,1789-1802,0.792445,0.207555,131,993,,0.03928,0.96072,,
inventée,1740-1750,1789-1802,0.792353,0.207647,87,144,,,,,
d'années,1750-1760,1770-1780,0.792313,0.207687,748,1403,,,,,
infi,1700-1710,1789-1802,0.792233,0.207767,105,393,,0.01595,0.98405,,
justification,1710-1720,1720-1730,0.792204,0.207796,82,120,,,,,
l'empressement,1710-1720,1720-1730,0.791784,0.208216,62,62,,,,,
éga,1720-1730,1789-1802,0.791776,0.208224,97,630,,0.016618,0.983382,,
importans,1730-1740,1789-1802,0.791568,0.208432,315,1023,,0.028641,0.971359,,
lâcher,1710-1720,1770-1780,0.79152,0.20848,96,282,,,,,
sos,1710-1720,1740-1750,0.791434,0.208566,407,198,,0.009412,0.990588,,
comblé,1730-1740,1760-1770,0.791383,0.208617,261,267,,,,,
succetteur,1700-1710,1750-1760,0.791307,0.208693,52,184,,0.020117,0.979883,,
este,1720-1730,1760-1770,0.791257,0.208743,196,173,,,,,
l'ouvrage,1720-1730,1760-1770,0.791214,0.208786,985,4355,,,,,
inconcevable,1720-1730,1740-1750,0.791207,0.208793,60,151,,0.04418,0.95582,,
recon,1710-1720,1789-1802,0.79112,0.20888,139,890,,0.008349,0.991651,,
préjugé,1730-1740,1760-1770,0.791024,0.208976,366,1374,,0.033001,0.966999,,
ains,1710-1720,1789-1802,0.790973,0.209027,407,492,,,,,
raux,1730-1740,1789-1802,0.790967,0.209033,162,561,,0.024783,0.975217,,
amplement,1730-1740,1770-1780,0.790893,0.209107,218,555,,,,,
éloi,1700-1710,1710-1720,0.79086,0.20914,58,76,,0.01326,0.98674,,
jusqu'où,1780-1789,1789-1802,0.790838,0.209162,405,304,,,,,
inscriptions,1740-1750,1789-1802,0.790693,0.209307,272,758,,0.019499,0.980501,,
mem,1700-1710,1780-1789,0.7903,0.2097,79,430,,0.029953,0.970047,,
passez,1720-1730,1740-1750,0.79023,0.20977,291,238,,,,,
atten,1710-1720,1780-1789,0.790123,0.209877,103,832,,0.010512,0.989488,,
comr,1720-1730,1740-1750,0.790074,0.209926,107,134,,0.011795,0.988205,,
fout,1730-1740,1780-1789,0.790048,0.209952,90,528,,0.005391,0.994609,,
gâter,1700-1710,1740-1750,0.789979,0.210021,85,108,,0.029032,0.970968,,
deflus,1710-1720,1720-1730,0.789974,0.210026,141,387,,0.01225,0.98775,,
prétendit,1700-1710,1740-1750,0.789956,0.210044,65,113,,0.020673,0.979327,,
fervant,1700-1710,1750-1760,0.789949,0.210051,76,124,,0.015991,0.984009,,
bac,1700-1710,1789-1802,0.789877,0.210123,283,389,,0.05237,0.94763,,
l'injure,1730-1740,1750-1760,0.789848,0.210152,140,238,,,,,
réciproque,1750-1760,1770-1780,0.789802,0.210198,474,902,,0.007575,0.992425,,
commises,1700-1710,1789-1802,0.789757,0.210243,50,440,,0.04923,0.95077,,
actuelle,1700-1710,1780-1789,0.7897,0.2103,117,1036,,0.043428,0.956572,,
lée,1700-1710,1780-1789,0.789679,0.210321,52,311,,0.013874,0.986126,,
rest,1710-1720,1780-1789,0.789654,0.210346,83,204,,,,,
danses,1710-1720,1760-1770,0.789642,0.210358,213,426,,0.007994,0.992006,,
trom,1720-1730,1780-1789,0.789602,0.210398,123,382,,0.011368,0.988632,,
reparer,1720-1730,1789-1802,0.789298,0.210702,310,124,,,,,
gêneurs,1750-1760,1789-1802,0.789211,0.210789,93,118,,,,,
dio,1700-1710,1789-1802,0.789145,0.210855,229,328,,,,,
l'in,1710-1720,1720-1730,0.789141,0.210859,319,490,,,,,
extraction,1710-1720,1760-1770,0.789041,0.210959,256,129,,,,,
l'abandonner,1710-1720,1730-1740,0.789029,0.210971,90,142,,,,,
signifient,1700-1710,1730-1740,0.788996,0.211004,97,79,,0.022731,0.977269,,
chartre,1730-1740,1789-1802,0.788916,0.211084,114,220,,0.025465,0.974535,,
caux,1740-1750,1750-1760,0.788908,0.211092,218,129,,,,,
taine,1710-1720,1770-1780,0.788822,0.211178,92,350,,0.010307,0.989693,,
d'affaires,1720-1730,1730-1740,0.788629,0.211371,315,365,,,,,
meur,1720-1730,1789-1802,0.788556,0.211444,135,262,,0.016117,0.983883,,
fleurir,1700-1710,1730-1740,0.788341,0.211659,93,149,,0.026434,0.973566,,
récompenses,1740-1750,1750-1760,0.787986,0.212014,387,532,,0.010616,0.989384,,
dépouiller,1700-1710,1710-1720,0.787973,0.212027,75,144,,0.024367,0.975633,,
cable,1730-1740,1750-1760,0.787827,0.212173,55,60,,,,,
insérieure,1710-1720,1720-1730,0.787817,0.212183,56,71,,0.019154,0.980846,,
d'esprits,1700-1710,1789-1802,0.787718,0.212282,96,125,,,,,
cures,1710-1720,1740-1750,0.787715,0.212285,171,221,,0.009973,0.990027,,
pitoyable,1760-1770,1789-1802,0.787692,0.212308,172,241,,,,,
poui,1700-1710,1750-1760,0.787601,0.212399,159,263,,0.011739,0.988261,,
prou,1710-1720,1780-1789,0.787439,0.212561,76,536,,0.008275,0.991725,,
nal,1730-1740,1750-1760,0.787314,0.212686,187,280,,0.012335,0.987665,,
déroute,1700-1710,1720-1730,0.787244,0.212756,65,160,,,,,
c'en,1760-1770,1770-1780,0.787224,0.212776,1092,1721,,,,,
vail,1720-1730,1780-1789,0.787169,0.212831,104,469,,0.015288,0.984712,,
nulles,1770-1780,1789-1802,0.786906,0.213094,268,392,,,,,
seu,1700-1710,1789-1802,0.78681,0.21319,60,702,,0.022047,0.977953,,
publi,1700-1710,1780-1789,0.786736,0.213264,66,499,,0.011923,0.988077,,
vivantes,1740-1750,1770-1780,0.786445,0.213555,149,295,,0.013648,0.986352,,
levent,1720-1730,1730-1740,0.786386,0.213614,150,271,,0.035282,0.964718,,
froideur,1710-1720,1720-1730,0.785927,0.214073,87,87,,0.039581,0.960419,,
gêne,1700-1710,1789-1802,0.785843,0.214157,59,764,,0.016179,0.983821,,
karats,1740-1750,1760-1770,0.785838,0.214162,324,2357,,0.032401,0.967599,,
cles,1710-1720,1789-1802,0.785821,0.214179,195,543,,0.014407,0.985593,,
ray,1730-1740,1780-1789,0.785685,0.214315,60,498,,0.014235,0.985765,,
fim,1700-1710,1780-1789,0.785673,0.214327,180,254,,0.046171,0.953829,,
moire,1710-1720,1740-1750,0.785512,0.214488,65,219,,0.024278,0.975722,,
rareté,1710-1720,1720-1730,0.7855,0.2145,122,120,,0.013558,0.986442,,
réglés,1700-1710,1789-1802,0.785435,0.214565,64,387,,0.132502,0.867498,,
tume,1710-1720,1789-1802,0.785433,0.214567,74,141,,0.020362,0.979638,,
chauve,1720-1730,1760-1770,0.785428,0.214572,269,262,,0.045431,0.954569,,
brouiller,1710-1720,1780-1789,0.785311,0.214689,130,264,,,,,
determine,1710-1720,1789-1802,0.785303,0.214697,100,75,,,,,
dest,1760-1770,1770-1780,0.785108,0.214892,113,114,,0.008201,0.991799,,
cham,1710-1720,1760-1770,0.785099,0.214901,140,1461,,0.020352,0.979648,,
fane,1730-1740,1760-1770,0.785041,0.214959,121,113,,,,,
nme,1730-1740,1740-1750,0.784834,0.215166,108,309,,0.010741,0.989259,,
recommandable,1700-1710,1750-1760,0.784791,0.215209,79,155,,,,,
accom,1700-1710,1780-1789,0.784757,0.215243,86,567,,0.012154,0.987846,,
prouvent,1710-1720,1789-1802,0.784753,0.215247,140,1441,,0.019875,0.980125,,
l'ecole,1710-1720,1789-1802,0.78474,0.21526,159,309,,,,,
recueilli,1710-1720,1770-1780,0.784507,0.215493,127,656,,0.009672,0.990328,,
confi,1710-1720,1789-1802,0.784463,0.215537,82,403,,0.01147,0.98853,,
faillir,1730-1740,1789-1802,0.784317,0.215683,61,83,,0.019624,0.980376,,
sexes,1720-1730,1760-1770,0.784234,0.215766,98,594,,0.043763,0.956237,,
bor,1710-1720,1730-1740,0.784218,0.215782,98,371,,0.009411,0.990589,,
range,1710-1720,1740-1750,0.784169,0.215831,129,227,,0.037297,0.962703,,
communi,1700-1710,1780-1789,0.783958,0.216042,177,354,,0.020319,0.979681,,
l'éviter,1710-1720,1720-1730,0.783918,0.216082,58,66,,,,,
d'artifice,1750-1760,1789-1802,0.783867,0.216133,97,179,,,,,
liant,1700-1710,1730-1740,0.78386,0.21614,64,66,,0.018901,0.981099,,
déclarent,1730-1740,1760-1770,0.78378,0.21622,251,142,,,,,
opposa,1710-1720,1740-1750,0.783592,0.216408,62,99,,,,,
notamment,1700-1710,1789-1802,0.783497,0.216503,56,1130,,0.01881,0.98119,,
majeur,1710-1720,1789-1802,0.783464,0.216536,99,332,,,,,
fet,1710-1720,1789-1802,0.783424,0.216576,154,507,,0.019742,0.980258,,
comprens,1760-1770,1789-1802,0.783398,0.216602,148,56,,0.017455,0.982545,,
serein,1700-1710,1720-1730,0.783328,0.216672,50,78,,0.011823,0.988177,,
dele,1700-1710,1710-1720,0.783262,0.216738,95,82,,0.010449,0.989551,,
rohan,1710-1720,1750-1760,0.783153,0.216847,285,171,,,,,
forge,1710-1720,1770-1780,0.783069,0.216931,83,890,,0.024155,0.975845,,
berté,1710-1720,1789-1802,0.783004,0.216996,60,422,,0.016535,0.983465,,
aufl,1700-1710,1750-1760,0.782963,0.217037,70,164,,0.010734,0.989266,,
roidir,1720-1730,1789-1802,0.78282,0.21718,122,97,,,,,
fontes,1700-1710,1720-1730,0.78251,0.21749,68,200,,0.032652,0.967348,,
lel,1710-1720,1740-1750,0.78248,0.21752,65,216,,0.012506,0.987494,,
aisement,1700-1710,1710-1720,0.782336,0.217664,62,77,,0.028832,0.971168,,
pale,1700-1710,1740-1750,0.782311,0.217689,110,302,,0.016447,0.983553,,
inu,1700-1710,1750-1760,0.782212,0.217788,144,168,,0.030199,0.969801,,
amasser,1720-1730,1770-1780,0.78218,0.21782,69,154,,0.021723,0.978277,,
lere,1710-1720,1730-1740,0.78199,0.21801,58,70,,0.0122,0.9878,,
sar,1710-1720,1780-1789,0.781955,0.218045,83,333,,0.00938,0.99062,,
severe,1710-1720,1789-1802,0.78187,0.21813,179,86,,,,,
subitement,1760-1770,1789-1802,0.781868,0.218132,444,599,,0.008097,0.991903,,
gneur,1740-1750,1780-1789,0.78183,0.21817,749,1086,,,,,
aisez,1720-1730,1789-1802,0.7815,0.2185,108,79,,0.017799,0.982201,,
commodité,1710-1720,1780-1789,0.781383,0.218617,816,928,,0.030171,0.969829,,
bride,1730-1740,1740-1750,0.781335,0.218665,300,332,,,,,
leure,1710-1720,1780-1789,0.781273,0.218727,63,309,,0.013136,0.986864,,
représentant,1730-1740,1789-1802,0.781251,0.218749,205,1717,,0.023632,0.976368,,
papa,1730-1740,1780-1789,0.781211,0.218789,924,701,,0.078913,0.921087,,
mir,1710-1720,1740-1750,0.781182,0.218818,124,496,,0.013675,0.986325,,
vée,1710-1720,1720-1730,0.781121,0.218879,77,68,,0.009638,0.990362,,
élevez,1710-1720,1760-1770,0.781109,0.218891,155,95,,,,,
consideré,1710-1720,1789-1802,0.781048,0.218952,468,73,,,,,
purger,1700-1710,1730-1740,0.780867,0.219133,127,97,,0.018346,0.981654,,
plui,1730-1740,1740-1750,0.780643,0.219357,56,80,,0.019023,0.980977,,
l'intrigue,1700-1710,1789-1802,0.78057,0.21943,58,1038,,,,,
judiciaire,1730-1740,1789-1802,0.780481,0.219519,167,1017,,0.049746,0.950254,,
vacation,1710-1720,1789-1802,0.78048,0.21952,103,91,,,,,
entrevoir,1750-1760,1780-1789,0.780455,0.219545,320,590,,0.023991,0.976009,,
gner,1700-1710,1730-1740,0.780446,0.219554,87,197,,0.01277,0.98723,,
reaux,1700-1710,1789-1802,0.780436,0.219564,309,151,,,,,
qu'u,1740-1750,1789-1802,0.78033,0.21967,133,134,,,,,
composoient,1720-1730,1730-1740,0.780321,0.219679,121,238,,0.02726,0.97274,,
grossiere,1710-1720,1789-1802,0.780227,0.219773,115,91,,0.032749,0.967251,,
rine,1720-1730,1789-1802,0.780219,0.219781,164,429,,0.01727,0.98273,,
jur,1720-1730,1730-1740,0.780207,0.219793,189,377,,0.009753,0.990247,,
malin,1720-1730,1789-1802,0.780174,0.219826,150,346,,0.01023,0.98977,,
timons,1700-1710,1789-1802,0.779994,0.220006,55,379,,0.00973,0.99027,,
aidé,1710-1720,1760-1770,0.779447,0.220553,99,306,,0.009227,0.990773,,
joi,1710-1720,1780-1789,0.779401,0.220599,64,268,,0.009163,0.990837,,
jans,1720-1730,1750-1760,0.779288,0.220712,62,107,,0.015889,0.984111,,
loue,1700-1710,1710-1720,0.779222,0.220778,129,176,,0.008583,0.991417,,
lence,1700-1710,1789-1802,0.77915,0.22085,78,370,,0.01314,0.98686,,
delits,1740-1750,1789-1802,0.779013,0.220987,103,91,,,,,
tile,1710-1720,1780-1789,0.778988,0.221012,88,315,,0.011705,0.988295,,
dues,1710-1720,1720-1730,0.778891,0.221109,108,92,,0.01825,0.98175,,
ménagement,1720-1730,1730-1740,0.778756,0.221244,110,253,,0.033177,0.966823,,
trancher,1710-1720,1740-1750,0.77869,0.22131,71,99,,0.024021,0.975979,,
rée,1710-1720,1780-1789,0.778569,0.221431,135,523,,0.009412,0.990588,,
t'elle,1770-1780,1789-1802,0.778493,0.221507,110,57,,,,,
talon,1730-1740,1740-1750,0.778341,0.221659,92,82,,0.0072,0.9928,,
consi,1700-1710,1760-1770,0.778327,0.221673,102,605,,0.015909,0.984091,,
oraison,1710-1720,1730-1740,0.778183,0.221817,290,232,,0.018074,0.981926,,
defaut,1730-1740,1750-1760,0.778017,0.221983,181,163,,,,,
possède,1700-1710,1720-1730,0.777932,0.222068,67,54,,0.012768,0.987232,,
choi,1720-1730,1760-1770,0.777928,0.222072,77,193,,0.011513,0.988487,,
appréhender,1700-1710,1789-1802,0.777856,0.222144,52,96,,0.028703,0.971297,,
hie,1710-1720,1760-1770,0.777718,0.222282,77,139,,0.011327,0.988673,,
conr,1700-1710,1740-1750,0.777549,0.222451,52,125,,0.010068,0.989932,,
cane,1700-1710,1780-1789,0.777498,0.222502,69,170,,0.015363,0.984637,,
diacre,1740-1750,1789-1802,0.777457,0.222543,99,153,,,,,
dien,1700-1710,1770-1780,0.77743,0.22257,102,292,,,,,
sance,1730-1740,1789-1802,0.777307,0.222693,203,956,,0.019287,0.980713,,
rope,1700-1710,1789-1802,0.777156,0.222844,70,504,,0.013773,0.986227,,
scroit,1710-1720,1720-1730,0.777083,0.222917,61,71,,0.017988,0.982012,,
divi,1730-1740,1789-1802,0.777044,0.222956,206,400,,0.013245,0.986755,,
tés,1700-1710,1770-1780,0.776974,0.223026,75,1370,,0.015273,0.984727,,
dance,1730-1740,1789-1802,0.776703,0.223297,152,695,,0.010934,0.989066,,
courre,1700-1710,1730-1740,0.776627,0.223373,124,73,,0.015035,0.984965,,
lifez,1710-1720,1730-1740,0.776529,0.223471,238,267,,0.008948,0.991052,,
remplacer,1710-1720,1730-1740,0.776503,0.223497,91,264,,0.010503,0.989497,,
erl,1700-1710,1710-1720,0.77634,0.22366,109,118,,0.028175,0.971825,,
apprenant,1710-1720,1720-1730,0.776335,0.223665,56,73,,0.012865,0.987135,,
oye,1710-1720,1789-1802,0.776244,0.223756,80,89,,0.031166,0.968834,,
volage,1700-1710,1740-1750,0.775991,0.224009,107,353,,0.012142,0.987858,,
l'obéissance,1730-1740,1789-1802,0.775876,0.224124,301,681,,,,,
dat,1750-1760,1770-1780,0.775499,0.224501,313,1051,,0.071962,0.928038,,
spécialement,1700-1710,1720-1730,0.775374,0.224626,66,72,,0.015791,0.984209,,
audacieux,1720-1730,1750-1760,0.775306,0.224694,87,178,,0.011699,0.988301,,
d'avertir,1710-1720,1720-1730,0.775291,0.224709,148,117,,,,,
glife,1750-1760,1789-1802,0.77519,0.22481,202,154,,0.009458,0.990542,,
fay,1710-1720,1760-1770,0.775152,0.224848,244,144,,,,,
march,1730-1740,1780-1789,0.775107,0.224893,52,256,,0.019222,0.980778,,
préter,1700-1710,1760-1770,0.77508,0.22492,58,291,,0.011494,0.988506,,
bian,1750-1760,1780-1789,0.77508,0.22492,180,71,,,,,
imais,1700-1710,1750-1760,0.774872,0.225128,83,126,,0.008545,0.991455,,
pein,1710-1720,1770-1780,0.774817,0.225183,72,276,,,,,
ente,1710-1720,1750-1760,0.774788,0.225212,80,126,,0.011777,0.988223,,
l'oraison,1740-1750,1760-1770,0.774759,0.225241,92,247,,,,,
desa,1720-1730,1730-1740,0.774652,0.225348,99,111,,,,,
dau,1700-1710,1780-1789,0.774369,0.225631,98,402,,0.018126,0.981874,,
applicable,1710-1720,1789-1802,0.77433,0.22567,348,637,,,,,
boulanger,1740-1750,1770-1780,0.774317,0.225683,87,710,,0.019192,0.980808,,
mence,1750-1760,1789-1802,0.774158,0.225842,206,258,,0.013765,0.986235,,
d'hiver,1730-1740,1789-1802,0.773896,0.226104,217,810,,,,,
affermir,1700-1710,1789-1802,0.773777,0.226223,56,296,,0.033676,0.966324,,
l'election,1700-1710,1720-1730,0.773774,0.226226,83,543,,,,,
médailles,1710-1720,1730-1740,0.773712,0.226288,188,966,,0.010536,0.989464,,
mmes,1710-1720,1760-1770,0.773704,0.226296,95,123,,0.027841,0.972159,,
pon,1710-1720,1789-1802,0.7737,0.2263,337,507,,0.02046,0.97954,,
nmme,1700-1710,1740-1750,0.773636,0.226364,67,152,,0.021054,0.978946,,
bris,1720-1730,1760-1770,0.773595,0.226405,79,198,,0.025998,0.974002,,
souve,1740-1750,1780-1789,0.773526,0.226474,209,616,,0.011481,0.988519,,
souhaiter,1770-1780,1789-1802,0.773367,0.226633,1001,489,,0.019356,0.980644,,
teflon,1720-1730,1740-1750,0.773253,0.226747,74,89,,0.011856,0.988144,,
var,1710-1720,1789-1802,0.773233,0.226767,78,418,,0.026134,0.973866,,
déférence,1740-1750,1780-1789,0.773097,0.226903,104,294,,0.025145,0.974855,,
légitimement,1720-1730,1770-1780,0.773051,0.226949,114,411,,0.027467,0.972533,,
assurez,1710-1720,1770-1780,0.772962,0.227038,130,104,,,,,
s'appellent,1710-1720,1730-1740,0.77276,0.22724,77,60,,,,,
interêts,1710-1720,1740-1750,0.772726,0.227274,1437,519,,,,,
consternation,1720-1730,1780-1789,0.772644,0.227356,50,246,,0.048343,0.951657,,
d'ajouter,1710-1720,1720-1730,0.772629,0.227371,99,113,,,,,
hit,1710-1720,1730-1740,0.772529,0.227471,102,169,,0.028106,0.971894,,
l'inquiétude,1700-1710,1710-1720,0.772443,0.227557,86,93,,,,,
commc,1700-1710,1740-1750,0.772443,0.227557,126,204,,0.02639,0.97361,,
volunt,1700-1710,1780-1789,0.772422,0.227578,221,83,,,,,
rebellion,1700-1710,1789-1802,0.772401,0.227599,50,415,,0.057841,0.942159,,
bour,1700-1710,1740-1750,0.772347,0.227653,135,495,,0.011612,0.988388,,
premierement,1730-1740,1789-1802,0.772293,0.227707,491,101,,,,,
run,1700-1710,1710-1720,0.772229,0.227771,253,100,,0.040491,0.959509,,
temporels,1700-1710,1720-1730,0.772142,0.227858,61,88,,,,,
emprunt,1740-1750,1770-1780,0.772111,0.227889,85,834,,0.011037,0.988963,,
particuliérement,1710-1720,1770-1780,0.772018,0.227982,58,903,,0.035041,0.964959,,
iais,1720-1730,1770-1780,0.771993,0.228007,67,304,,0.011033,0.988967,,
tirés,1700-1710,1720-1730,0.771953,0.228047,53,247,,0.026386,0.973614,,
frit,1710-1720,1760-1770,0.771786,0.228214,147,134,,,,,
désirer,1700-1710,1720-1730,0.771699,0.228301,80,101,,0.013909,0.986091,,
pier,1720-1730,1789-1802,0.771633,0.228367,306,380,,0.020855,0.979145,,
formez,1720-1730,1750-1760,0.771576,0.228424,196,108,,,,,
vau,1700-1710,1730-1740,0.771385,0.228615,56,64,,0.013795,0.986205,,
répandue,1710-1720,1780-1789,0.771301,0.228699,87,805,,0.020658,0.979342,,
vident,1740-1750,1789-1802,0.770948,0.229052,166,241,,0.011177,0.988823,,
tain,1710-1720,1760-1770,0.770845,0.229155,115,329,,0.009882,0.990118,,
précipice,1730-1740,1750-1760,0.770711,0.229289,157,180,,0.024986,0.975014,,
conserva,1700-1710,1710-1720,0.77068,0.22932,102,132,,0.013182,0.986818,,
d'orient,1730-1740,1789-1802,0.770562,0.229438,462,356,,,,,
qu'ensuite,1710-1720,1789-1802,0.77049,0.22951,78,267,,,,,
s'enfuir,1700-1710,1770-1780,0.770469,0.229531,63,215,,,,,
bourses,1720-1730,1770-1780,0.770411,0.229589,210,411,,,,,
app,1710-1720,1730-1740,0.77025,0.22975,71,208,,0.022737,0.977263,,
reprise,1700-1710,1720-1730,0.770038,0.229962,111,118,,0.015451,0.984549,,
quasi,1720-1730,1750-1760,0.769964,0.230036,254,372,,,,,
mineur,1720-1730,1750-1760,0.769811,0.230189,76,555,,,,,
elr,1710-1720,1740-1750,0.769732,0.230268,59,153,,0.017812,0.982188,,
susdits,1720-1730,1730-1740,0.769653,0.230347,169,457,,,,,
vale,1740-1750,1770-1780,0.769645,0.230355,504,188,,0.017395,0.982605,,
miner,1710-1720,1780-1789,0.769631,0.230369,72,608,,0.015068,0.984932,,
canada,1760-1770,1789-1802,0.769464,0.230536,1162,1044,,0.012353,0.987647,,
tatien,1710-1720,1789-1802,0.769305,0.230695,127,1069,,0.009278,0.990722,,
trans,1720-1730,1789-1802,0.769252,0.230748,113,635,,0.009585,0.990415,,
fontenelle,1700-1710,1780-1789,0.769074,0.230926,54,271,,0.013165,0.986835,,
habi,1710-1720,1789-1802,0.769006,0.230994,89,632,,0.012164,0.987836,,
multipliant,1710-1720,1730-1740,0.76894,0.23106,68,58,,,,,
nain,1730-1740,1740-1750,0.768925,0.231075,89,135,,0.007469,0.992531,,
opiniâtre,1710-1720,1750-1760,0.768857,0.231143,87,239,,0.039154,0.960846,,
tare,1730-1740,1789-1802,0.768718,0.231282,66,621,,0.023882,0.976118,,
bailli,1720-1730,1750-1760,0.768507,0.231493,293,288,,,,,
cloître,1730-1740,1750-1760,0.768457,0.231543,100,200,,0.023081,0.976919,,
infinite,1740-1750,1770-1780,0.768361,0.231639,220,376,,0.01261,0.98739,,
laifle,1700-1710,1720-1730,0.768199,0.231801,87,78,,,,,
adi,1730-1740,1760-1770,0.768197,0.231803,53,433,,0.006523,0.993477,,
dol,1720-1730,1750-1760,0.76817,0.23183,100,206,,,,,
meures,1720-1730,1789-1802,0.76816,0.23184,94,131,,,,,
normand,1730-1740,1789-1802,0.768139,0.231861,156,174,,,,,
coit,1730-1740,1740-1750,0.768032,0.231968,68,256,,0.012112,0.987888,,
défendent,1740-1750,1750-1760,0.767994,0.232006,270,310,,0.011883,0.988117,,
auditeurs,1720-1730,1740-1750,0.767979,0.232021,227,205,,,,,
s'exposer,1760-1770,1789-1802,0.767942,0.232058,488,649,,,,,
aires,1730-1740,1740-1750,0.767866,0.232134,129,255,,0.016568,0.983432,,
caule,1720-1730,1780-1789,0.767839,0.232161,146,903,,0.039267,0.960733,,
l'enfer,1700-1710,1730-1740,0.76776,0.23224,135,266,,,,,
augmentations,1740-1750,1760-1770,0.767691,0.232309,90,283,,,,,
delivrer,1710-1720,1789-1802,0.76766,0.23234,138,79,,,,,
foui,1700-1710,1750-1760,0.767656,0.232344,77,100,,0.010532,0.989468,,
considence,1700-1710,1740-1750,0.767636,0.232364,81,287,,0.025202,0.974798,,
frt,1710-1720,1740-1750,0.76748,0.23252,73,180,,0.018297,0.981703,,
clôture,1700-1710,1710-1720,0.767361,0.232639,63,293,,0.020465,0.979535,,
logemens,1710-1720,1750-1760,0.767356,0.232644,94,138,,0.024718,0.975282,,
procédure,1710-1720,1730-1740,0.767318,0.232682,60,89,,0.012385,0.987615,,
donnes,1710-1720,1740-1750,0.767071,0.232929,74,137,,0.021005,0.978995,,
querir,1710-1720,1760-1770,0.767066,0.232934,215,110,,,,,
incon,1730-1740,1740-1750,0.767055,0.232945,113,213,,0.004788,0.995212,,
chretien,1710-1720,1760-1770,0.766926,0.233074,147,102,,,,,
pece,1700-1710,1789-1802,0.766769,0.233231,63,77,,0.016648,0.983352,,
fri,1740-1750,1770-1780,0.766634,0.233366,355,402,,0.006353,0.993647,,
d'entre,1780-1789,1789-1802,0.766534,0.233466,2302,1882,,,,,
veulement,1720-1730,1789-1802,0.766526,0.233474,130,252,,0.025649,0.974351,,
ben,1710-1720,1770-1780,0.766523,0.233477,105,878,,0.0099,0.9901,,
ors,1730-1740,1789-1802,0.76638,0.23362,125,571,,0.009174,0.990826,,
restée,1710-1720,1770-1780,0.766273,0.233727,60,421,,0.026024,0.973976,,
opera,1720-1730,1750-1760,0.765966,0.234034,1192,418,,0.039329,0.960671,,
farouche,1710-1720,1720-1730,0.765754,0.234246,152,117,,0.010803,0.989197,,
entretenu,1720-1730,1770-1780,0.765689,0.234311,162,424,,0.012453,0.987547,,
vaillance,1740-1750,1789-1802,0.765518,0.234482,361,472,,0.037189,0.962811,,
barcelone,1720-1730,1789-1802,0.765502,0.234498,126,302,,,,,
régie,1700-1710,1789-1802,0.765287,0.234713,61,2248,,0.037449,0.962551,,
fori,1730-1740,1770-1780,0.765285,0.234715,75,220,,0.011002,0.988998,,
d'attaquer,1700-1710,1710-1720,0.765142,0.234858,83,98,,,,,
ena,1710-1720,1789-1802,0.76483,0.23517,114,207,,0.018752,0.981248,,
mun,1710-1720,1780-1789,0.764797,0.235203,72,306,,0.016599,0.983401,,
batterie,1750-1760,1789-1802,0.764728,0.235272,450,894,,0.019407,0.980593,,
sue,1760-1770,1770-1780,0.764709,0.235291,199,247,,0.007126,0.992874,,
confulter,1780-1789,1789-1802,0.764526,0.235474,1119,302,,0.017587,0.982413,,
innocentes,1770-1780,1789-1802,0.764385,0.235615,287,373,,0.025629,0.974371,,
lorsqu'un,1750-1760,1760-1770,0.764178,0.235822,672,738,,,,,
s'arrêter,1710-1720,1789-1802,0.764084,0.235916,408,856,,,,,
comptoir,1730-1740,1750-1760,0.763997,0.236003,447,175,,0.020791,0.979209,,
relle,1720-1730,1789-1802,0.763945,0.236055,169,477,,0.016145,0.983855,,
d'obliger,1700-1710,1720-1730,0.763877,0.236123,64,107,,,,,
chent,1770-1780,1780-1789,0.763823,0.236177,253,283,,0.011534,0.988466,,
joignez,1760-1770,1789-1802,0.763805,0.236195,191,242,,0.013243,0.986757,,
pte,1770-1780,1789-1802,0.763693,0.236307,119,198,,0.009778,0.990222,,
excepter,1740-1750,1770-1780,0.763691,0.236309,335,466,,,,,
ôtant,1700-1710,1720-1730,0.763676,0.236324,81,78,,0.027506,0.972494,,
neutre,1710-1720,1720-1730,0.76361,0.23639,76,84,,0.011674,0.988326,,
apo,1730-1740,1770-1780,0.76359,0.23641,61,110,,0.009203,0.990797,,
natures,1730-1740,1789-1802,0.763555,0.236445,149,329,,,,,
continent,1750-1760,1770-1780,0.763454,0.236546,703,1842,,0.023324,0.976676,,
assés,1710-1720,1789-1802,0.763452,0.236548,158,111,,,,,
indifférent,1750-1760,1770-1780,0.763383,0.236617,476,976,,0.007747,0.992253,,
l'addition,1710-1720,1730-1740,0.763365,0.236635,75,69,,,,,
s'engager,1720-1730,1750-1760,0.763314,0.236686,129,222,,,,,
galle,1700-1710,1740-1750,0.763098,0.236902,99,108,,,,,
posent,1770-1780,1789-1802,0.763062,0.236938,351,255,,0.027157,0.972843,,
convenance,1770-1780,1789-1802,0.763047,0.236953,491,717,,0.011309,0.988691,,
sacri,1700-1710,1780-1789,0.763038,0.236962,57,289,,0.010564,0.989436,,
sca,1740-1750,1789-1802,0.763019,0.236981,161,123,,0.01895,0.98105,,
fors,1700-1710,1720-1730,0.762991,0.237009,148,194,,0.011403,0.988597,,
bos,1700-1710,1760-1770,0.762951,0.237049,72,149,,0.019489,0.980511,,
formant,1700-1710,1789-1802,0.762798,0.237202,110,1607,,0.030418,0.969582,,
s'a,1700-1710,1770-1780,0.762579,0.237421,183,582,,,,,
yen,1710-1720,1780-1789,0.76255,0.23745,314,498,,,,,
tol,1730-1740,1740-1750,0.762539,0.237461,176,91,,0.022724,0.977276,,
raisonne,1700-1710,1760-1770,0.762477,0.237523,73,462,,0.018712,0.981288,,
s'empara,1700-1710,1710-1720,0.76239,0.23761,55,67,,,,,
gravé,1720-1730,1770-1780,0.762289,0.237711,103,441,,0.010729,0.989271,,
commandée,1710-1720,1720-1730,0.762252,0.237748,66,150,,,,,
compo,1700-1710,1780-1789,0.762176,0.237824,64,312,,0.015599,0.984401,,
porteroit,1710-1720,1780-1789,0.762144,0.237856,51,494,,0.021383,0.978617,,
allés,1720-1730,1789-1802,0.761972,0.238028,103,250,,0.130922,0.869078,,
lau,1700-1710,1740-1750,0.761861,0.238139,161,419,,0.019328,0.980672,,
autr,1740-1750,1770-1780,0.76176,0.23824,61,120,,0.014885,0.985115,,
cois,1730-1740,1789-1802,0.761542,0.238458,82,419,,0.013641,0.986359,,
d'enfans,1720-1730,1730-1740,0.761233,0.238767,224,299,,,,,
diminutions,1700-1710,1710-1720,0.761203,0.238797,57,74,,0.014528,0.985472,,
souhait,1710-1720,1720-1730,0.761061,0.238939,126,89,,0.012419,0.987581,,
comptent,1700-1710,1710-1720,0.761041,0.238959,71,110,,0.010423,0.989577,,
vans,1700-1710,1789-1802,0.760867,0.239133,106,164,,0.010736,0.989264,,
canaille,1700-1710,1720-1730,0.760816,0.239184,51,62,,0.018834,0.981166,,
exi,1720-1730,1760-1770,0.760816,0.239184,82,207,,0.01995,0.98005,,
narration,1720-1730,1789-1802,0.760687,0.239313,166,268,,,,,
familier,1760-1770,1780-1789,0.760473,0.239527,401,430,,0.006338,0.993662,,
forcez,1710-1720,1760-1770,0.760368,0.239632,119,96,,0.066954,0.933046,,
prophète,1710-1720,1720-1730,0.760311,0.239689,88,61,,0.012522,0.987478,,
primes,1710-1720,1780-1789,0.760301,0.239699,162,776,,0.074866,0.925134,,
fons,1700-1710,1780-1789,0.760294,0.239706,66,500,,0.024749,0.975251,,
gle,1700-1710,1780-1789,0.760256,0.239744,127,227,,0.014974,0.985026,,
miles,1700-1710,1710-1720,0.760179,0.239821,304,286,,,,,
d'armes,1780-1789,1789-1802,0.760178,0.239822,3927,1885,,,,,
geneve,1710-1720,1789-1802,0.760067,0.239933,95,403,,0.009805,0.990195,,
durera,1700-1710,1720-1730,0.760045,0.239955,76,66,,0.02001,0.97999,,
liers,1710-1720,1750-1760,0.760029,0.239971,165,328,,0.012103,0.987897,,
décou,1700-1710,1760-1770,0.75997,0.24003,87,385,,0.02021,0.97979,,
lare,1750-1760,1770-1780,0.759834,0.240166,73,68,,0.013819,0.986181,,
nonce,1740-1750,1760-1770,0.75979,0.24021,375,162,,0.035611,0.964389,,
parvint,1700-1710,1750-1760,0.75972,0.24028,56,408,,0.025452,0.974548,,
nonobstant,1780-1789,1789-1802,0.759589,0.240411,899,468,,,,,
cuisine,1710-1720,1770-1780,0.759575,0.240425,492,464,,,,,
gratuit,1700-1710,1710-1720,0.759304,0.240696,139,80,,,,,
perfon,1710-1720,1780-1789,0.759266,0.240734,89,402,,0.013214,0.986786,,
albert,1710-1720,1730-1740,0.75912,0.24088,75,409,,0.015496,0.984504,,
plaie,1700-1710,1789-1802,0.759019,0.240981,57,605,,0.036052,0.963948,,
ales,1720-1730,1740-1750,0.759006,0.240994,122,126,,0.006727,0.993273,,
rotterdam,1720-1730,1789-1802,0.758818,0.241182,120,145,,,,,
bienheureux,1710-1720,1780-1789,0.758697,0.241303,136,268,,,,,
male,1720-1730,1770-1780,0.758643,0.241357,1055,284,,,,,
quelqu'un,1700-1710,1740-1750,0.758505,0.241495,1611,3279,,,,,
regar,1700-1710,1780-1789,0.758393,0.241607,101,480,,0.014147,0.985853,,
retenant,1710-1720,1730-1740,0.758389,0.241611,82,109,,0.028201,0.971799,,
débiter,1700-1710,1770-1780,0.758376,0.241624,307,625,,,,,
rot,1700-1710,1760-1770,0.758365,0.241635,928,307,,,,,
d'accepter,1710-1720,1720-1730,0.758353,0.241647,210,147,,,,,
flot,1740-1750,1789-1802,0.758337,0.241663,164,231,,,,,
recoit,1720-1730,1730-1740,0.75833,0.24167,159,62,,0.01632,0.98368,,
tein,1700-1710,1789-1802,0.758287,0.241713,61,125,,0.016373,0.983627,,
tine,1720-1730,1740-1750,0.758229,0.241771,88,69,,0.011404,0.988596,,
gui,1700-1710,1770-1780,0.758216,0.241784,198,757,,0.008277,0.991723,,
l'o,1740-1750,1789-1802,0.758142,0.241858,611,1182,,,,,
liege,1710-1720,1740-1750,0.758102,0.241898,100,150,,0.027523,0.972477,,
froidement,1760-1770,1789-1802,0.757955,0.242045,312,672,,0.017663,0.982337,,
quille,1700-1710,1789-1802,0.757948,0.242052,407,544,,,,,
condi,1720-1730,1770-1780,0.757808,0.242192,88,244,,0.0143,0.9857,,
jérusalem,1700-1710,1720-1730,0.757787,0.242213,390,93,,,,,
voye,1710-1720,1789-1802,0.757677,0.242323,1329,490,,,,,
c'etoit,1700-1710,1740-1750,0.757591,0.242409,75,198,,,,,
divertir,1700-1710,1730-1740,0.757457,0.242543,374,291,,,,,
tées,1770-1780,1780-1789,0.757441,0.242559,397,471,,0.010251,0.989749,,
trefles,1700-1710,1750-1760,0.75744,0.24256,53,104,,0.012968,0.987032,,
peplus,1730-1740,1750-1760,0.757412,0.242588,73,112,,0.009854,0.990146,,
demeu,1710-1720,1789-1802,0.757373,0.242627,101,125,,0.011626,0.988374,,
indifférente,1710-1720,1720-1730,0.757337,0.242663,54,52,,0.020249,0.979751,,
examinez,1710-1720,1780-1789,0.757202,0.242798,99,292,,,,,
tiere,1730-1740,1789-1802,0.757087,0.242913,153,125,,0.021428,0.978572,,
guise,1720-1730,1770-1780,0.757017,0.242983,380,267,,0.064114,0.935886,,
baille,1710-1720,1789-1802,0.756979,0.243021,81,110,,,,,
l'exposer,1710-1720,1789-1802,0.756941,0.243059,109,176,,,,,
coure,1720-1730,1730-1740,0.75689,0.24311,50,56,,0.012573,0.987427,,
l'ange,1720-1730,1740-1750,0.756799,0.243201,127,106,,,,,
mene,1740-1750,1760-1770,0.756788,0.243212,311,658,,0.020842,0.979158,,
qu'encore,1740-1750,1780-1789,0.756776,0.243224,136,170,,,,,
rachat,1720-1730,1740-1750,0.756774,0.243226,74,548,,,,,
fiant,1760-1770,1789-1802,0.756709,0.243291,108,196,,0.010725,0.989275,,
enfuirez,1730-1740,1740-1750,0.756637,0.243363,88,912,,0.013968,0.986032,,
deces,1700-1710,1740-1750,0.756535,0.243465,50,84,,0.018897,0.981103,,
iss,1720-1730,1780-1789,0.756424,0.243576,99,315,,0.009532,0.990468,,
poete,1730-1740,1760-1770,0.756403,0.243597,162,136,,0.01778,0.98222,,
bin,1730-1740,1760-1770,0.756295,0.243705,86,125,,0.008057,0.991943,,
presence,1700-1710,1789-1802,0.756241,0.243759,440,144,,,,,
pices,1710-1720,1750-1760,0.756143,0.243857,53,80,,0.014344,0.985656,,
ponr,1710-1720,1740-1750,0.756132,0.243868,117,136,,0.015101,0.984899,,
visité,1700-1710,1789-1802,0.756082,0.243918,63,431,,0.014781,0.985219,,
énormes,1700-1710,1789-1802,0.755984,0.244016,53,1107,,0.024645,0.975355,,
cloches,1720-1730,1789-1802,0.755894,0.244106,148,1530,,0.044628,0.955372,,
britannique,1730-1740,1789-1802,0.755596,0.244404,192,944,,0.03891,0.96109,,
vacations,1710-1720,1740-1750,0.755462,0.244538,195,117,,,,,
contredire,1720-1730,1750-1760,0.755453,0.244547,109,267,,0.029025,0.970975,,
marne,1740-1750,1760-1770,0.755304,0.244696,88,918,,0.04871,0.95129,,
pondre,1710-1720,1789-1802,0.755159,0.244841,96,276,,0.038955,0.961045,,
ivre,1700-1710,1789-1802,0.755033,0.244967,93,577,,0.022159,0.977841,,
confolation,1720-1730,1770-1780,0.754957,0.245043,164,460,,,,,
possesseur,1720-1730,1770-1780,0.754864,0.245136,60,307,,0.02999,0.97001,,
cherté,1740-1750,1760-1770,0.75483,0.24517,155,992,,0.03669,0.96331,,
tariere,1700-1710,1789-1802,0.754732,0.245268,79,108,,0.017903,0.982097,,
demeurée,1720-1730,1789-1802,0.754718,0.245282,100,128,,,,,
diverti,1740-1750,1789-1802,0.754638,0.245362,67,60,,,,,
trouv,1710-1720,1740-1750,0.754624,0.245376,55,131,,0.009832,0.990168,,
regnoit,1780-1789,1789-1802,0.754608,0.245392,160,103,,,,,
l'hon,1720-1730,1770-1780,0.754521,0.245479,67,334,,,,,
vingtième,1750-1760,1789-1802,0.754485,0.245515,257,654,,0.014968,0.985032,,
traita,1710-1720,1750-1760,0.754458,0.245542,154,273,,,,,
collège,1720-1730,1730-1740,0.754413,0.245587,371,106,,0.022787,0.977213,,
lequelles,1710-1720,1789-1802,0.754398,0.245602,84,84,,,,,
elus,1740-1750,1760-1770,0.754314,0.245686,55,828,,0.024132,0.975868,,
queje,1710-1720,1740-1750,0.754255,0.245745,82,397,,,,,
sul,1740-1750,1770-1780,0.754243,0.245757,79,186,,0.009807,0.990193,,
vrir,1710-1720,1720-1730,0.754112,0.245888,63,66,,0.016328,0.983672,,
l'obscurité,1700-1710,1720-1730,0.754093,0.245907,164,176,,,,,
apparent,1700-1710,1710-1720,0.754058,0.245942,94,109,,0.008751,0.991249,,
d'ai,1720-1730,1789-1802,0.754014,0.245986,82,321,,,,,
réservé,1700-1710,1740-1750,0.754,0.246,81,275,,0.010824,0.989176,,
millier,1760-1770,1780-1789,0.753992,0.246008,455,379,,,,,
l'abus,1720-1730,1730-1740,0.753888,0.246112,131,286,,,,,
dénomination,1710-1720,1770-1780,0.753878,0.246122,60,1261,,0.072316,0.927684,,
détourne,1740-1750,1770-1780,0.753837,0.246163,106,407,,0.009862,0.990138,,
divertissement,1700-1710,1720-1730,0.753727,0.246273,197,162,,,,,
serrer,1740-1750,1789-1802,0.753481,0.246519,249,422,,,,,
experience,1760-1770,1789-1802,0.753463,0.246537,178,102,,,,,
memoire,1700-1710,1789-1802,0.753361,0.246639,615,319,,,,,
usi,1750-1760,1770-1780,0.753291,0.246709,90,165,,,,,
perir,1760-1770,1789-1802,0.753157,0.246843,94,82,,,,,
xxix,1730-1740,1780-1789,0.753013,0.246987,424,797,,0.022262,0.977738,,
nevers,1700-1710,1780-1789,0.752931,0.247069,168,1039,,,,,
aue,1710-1720,1730-1740,0.752915,0.247085,77,91,,0.012407,0.987593,,
hor,1710-1720,1740-1750,0.75291,0.24709,133,448,,0.013845,0.986155,,
confit,1730-1740,1789-1802,0.752752,0.247248,212,445,,0.007058,0.992942,,
triture,1700-1710,1730-1740,0.752744,0.247256,61,83,,0.01269,0.98731,,
enfuite,1710-1720,1730-1740,0.752725,0.247275,63,1103,,0.018771,0.981229,,
qu'e,1710-1720,1720-1730,0.752655,0.247345,89,99,,,,,
duire,1710-1720,1750-1760,0.752633,0.247367,96,365,,0.010669,0.989331,,
edi,1740-1750,1750-1760,0.752632,0.247368,282,94,,0.015075,0.984925,,
l'offre,1720-1730,1780-1789,0.752488,0.247512,59,390,,,,,
signa,1780-1789,1789-1802,0.752455,0.247545,195,416,,0.044592,0.955408,,
sta,1710-1720,1760-1770,0.75233,0.24767,138,141,,0.010366,0.989634,,
glo,1770-1780,1780-1789,0.752307,0.247693,208,239,,,,,
jou,1710-1720,1740-1750,0.752181,0.247819,68,175,,0.006717,0.993283,,
parois,1710-1720,1770-1780,0.751966,0.248034,151,1193,,0.039546,0.960454,,
pae,1710-1720,1730-1740,0.751802,0.248198,115,62,,0.009582,0.990418,,
réponde,1710-1720,1760-1770,0.751683,0.248317,69,240,,0.025225,0.974775,,
liberte,1700-1710,1789-1802,0.75163,0.24837,88,282,,0.036855,0.963145,,
toire,1700-1710,1789-1802,0.751588,0.248412,114,1238,,0.015892,0.984108,,
rec,1730-1740,1760-1770,0.751551,0.248449,356,380,,0.017619,0.982381,,
potion,1710-1720,1789-1802,0.751324,0.248676,115,368,,0.014349,0.985651,,
sto,1700-1710,1730-1740,0.751239,0.248761,709,164,,,,,
set,1760-1770,1780-1789,0.751105,0.248895,218,216,,,,,
troit,1700-1710,1730-1740,0.751066,0.248934,84,96,,0.01742,0.98258,,
onne,1740-1750,1750-1760,0.750987,0.249013,169,181,,0.011407,0.988593,,
l'unité,1750-1760,1789-1802,0.750884,0.249116,259,1306,,,,,
rein,1700-1710,1789-1802,0.750851,0.249149,141,335,,0.018325,0.981675,,
apprentifs,1770-1780,1789-1802,0.750826,0.249174,91,54,,,,,
partes,1730-1740,1740-1750,0.750684,0.249316,495,1011,,0.030221,0.969779,,
négocier,1750-1760,1760-1770,0.750585,0.249415,374,254,,0.007835,0.992165,,
niere,1720-1730,1760-1770,0.75048,0.24952,257,538,,,,,
gers,1710-1720,1740-1750,0.750429,0.249571,223,242,,0.009985,0.990015,,
abandonnez,1720-1730,1789-1802,0.750429,0.249571,101,112,,0.049875,0.950125,,
jusqu'en,1710-1720,1730-1740,0.750397,0.249603,259,360,,,,,
renaître,1700-1710,1720-1730,0.750196,0.249804,50,76,,0.011802,0.988198,,
arrière,1720-1730,1740-1750,0.750149,0.249851,50,91,,0.024885,0.975115,,
supprimer,1700-1710,1789-1802,0.750148,0.249852,66,1304,,0.020362,0.979638,,
nelle,1700-1710,1780-1789,0.750145,0.249855,75,313,,0.012553,0.987447,,
vols,1720-1730,1780-1789,0.750047,0.249953,178,524,,0.03068,0.96932,,
cave,1750-1760,1760-1770,0.75003,0.24997,233,857,,,,,
d'albe,1760-1770,1789-1802,0.749974,0.250026,100,175,,,,,
clairs,1710-1720,1720-1730,0.74993,0.25007,148,140,,,,,
hollandais,1730-1740,1740-1750,0.749868,0.250132,103,107,,0.017398,0.982602,,
gale,1730-1740,1770-1780,0.749614,0.250386,75,492,,0.034649,0.965351,,
perit,1720-1730,1780-1789,0.749587,0.250413,135,133,,,,,
blic,1710-1720,1789-1802,0.749581,0.250419,105,385,,0.010264,0.989736,,
dixieme,1720-1730,1730-1740,0.749407,0.250593,74,129,,0.033734,0.966266,,
régulier,1710-1720,1789-1802,0.749329,0.250671,89,715,,0.021106,0.978894,,
cavalier,1740-1750,1750-1760,0.749211,0.250789,536,799,,,,,
expresse,1770-1780,1780-1789,0.749205,0.250795,534,539,,,,,
pratiquer,1750-1760,1789-1802,0.749117,0.250883,566,549,,0.010451,0.989549,,
d'especes,1720-1730,1760-1770,0.749034,0.250966,124,497,,,,,
ustion,1700-1710,1730-1740,0.749024,0.250976,95,74,,0.029091,0.970909,,
dépouillé,1780-1789,1789-1802,0.748728,0.251272,820,724,,0.007422,0.992578,,
iant,1710-1720,1720-1730,0.748679,0.251321,63,76,,0.010858,0.989142,,
noce,1780-1789,1789-1802,0.748554,0.251446,246,313,,0.015575,0.984425,,
luimême,1700-1710,1740-1750,0.748281,0.251719,54,126,,0.019198,0.980802,,
trompa,1730-1740,1740-1750,0.748278,0.251722,109,86,,,,,
correspondance,1700-1710,1789-1802,0.748256,0.251744,143,2136,,0.042878,0.957122,,
l'âme,1710-1720,1750-1760,0.74816,0.25184,186,360,,,,,
lisez,1700-1710,1750-1760,0.748154,0.251846,119,546,,,,,
satire,1700-1710,1720-1730,0.74796,0.25204,95,104,,0.017997,0.982003,,
fonte,1730-1740,1740-1750,0.747813,0.252187,1369,346,,0.05701,0.94299,,
line,1730-1740,1780-1789,0.747678,0.252322,92,578,,0.012666,0.987334,,
forger,1710-1720,1720-1730,0.747628,0.252372,54,120,,0.016547,0.983453,,
tonne,1720-1730,1740-1750,0.747418,0.252582,204,123,,0.032347,0.967653,,
bran,1710-1720,1740-1750,0.747319,0.252681,68,95,,0.015318,0.984682,,
discuter,1710-1720,1720-1730,0.747159,0.252841,61,52,,0.015722,0.984278,,
présentation,1710-1720,1720-1730,0.747108,0.252892,81,71,,0.019084,0.980916,,
marins,1780-1789,1789-1802,0.747022,0.252978,910,715,,0.017221,0.982779,,
pafe,1700-1710,1750-1760,0.746903,0.253097,78,145,,0.013569,0.986431,,
poitou,1730-1740,1789-1802,0.746851,0.253149,1469,439,,0.04773,0.95227,,
florin,1730-1740,1760-1770,0.746789,0.253211,63,1350,,,,,
ibit,1720-1730,1730-1740,0.746772,0.253228,74,81,,,,,
rout,1710-1720,1740-1750,0.746693,0.253307,159,857,,0.012715,0.987285,,
ité,1720-1730,1740-1750,0.746613,0.253387,137,181,,0.014243,0.985757,,
quadruple,1700-1710,1710-1720,0.746567,0.253433,63,128,,0.123368,0.876632,,
peri,1710-1720,1789-1802,0.746531,0.253469,135,158,,0.013467,0.986533,,
xli,1730-1740,1760-1770,0.746515,0.253485,205,261,,0.0179,0.9821,,
matire,1700-1710,1730-1740,0.74645,0.25355,101,86,,,,,
assigner,1720-1730,1789-1802,0.746299,0.253701,54,318,,,,,
paser,1700-1710,1770-1780,0.746247,0.253753,71,391,,0.017205,0.982795,,
concession,1740-1750,1789-1802,0.746235,0.253765,346,552,,0.015192,0.984808,,
refont,1700-1710,1789-1802,0.746222,0.253778,162,90,,,,,
quine,1720-1730,1770-1780,0.746176,0.253824,57,157,,,,,
d'ici,1750-1760,1770-1780,0.746039,0.253961,477,1013,,,,,
ost,1720-1730,1780-1789,0.745969,0.254031,80,380,,,,,
toise,1740-1750,1780-1789,0.745962,0.254038,1145,1137,,0.077298,0.922702,,
lez,1700-1710,1750-1760,0.745915,0.254085,280,273,,0.023951,0.976049,,
baltique,1730-1740,1740-1750,0.745801,0.254199,69,109,,0.038978,0.961022,,
remar,1710-1720,1780-1789,0.745723,0.254277,324,475,,0.01784,0.98216,,
changez,1720-1730,1780-1789,0.745697,0.254303,107,242,,0.037429,0.962571,,
serviroit,1700-1710,1720-1730,0.745655,0.254345,127,114,,0.037284,0.962716,,
ees,1730-1740,1760-1770,0.745648,0.254352,128,202,,0.01388,0.98612,,
fignes,1720-1730,1789-1802,0.745574,0.254426,222,530,,0.018264,0.981736,,
d'aimer,1720-1730,1780-1789,0.74557,0.25443,197,868,,,,,
préjudiciable,1730-1740,1740-1750,0.745548,0.254452,214,220,,0.016727,0.983273,,
retablir,1710-1720,1740-1750,0.745509,0.254491,64,69,,,,,
mangé,1700-1710,1789-1802,0.745465,0.254535,224,399,,,,,
l'aide,1700-1710,1789-1802,0.745322,0.254678,123,1567,,,,,
courtiers,1710-1720,1780-1789,0.745123,0.254877,1024,561,,0.036308,0.963692,,
produisoit,1700-1710,1720-1730,0.745092,0.254908,50,56,,0.01995,0.98005,,
apportez,1720-1730,1760-1770,0.745023,0.254977,101,62,,0.039712,0.960288,,
correction,1710-1720,1789-1802,0.744762,0.255238,190,416,,,,,
comprises,1720-1730,1780-1789,0.744665,0.255335,147,608,,0.024457,0.975543,,
desordres,1760-1770,1789-1802,0.744661,0.255339,145,65,,,,,
recolte,1730-1740,1760-1770,0.744563,0.255437,115,183,,,,,
commercy,1710-1720,1750-1760,0.744184,0.255816,77,155,,0.010055,0.989945,,
auili,1720-1730,1730-1740,0.744157,0.255843,214,180,,0.010618,0.989382,,
gro,1730-1740,1740-1750,0.744102,0.255898,100,141,,0.012397,0.987603,,
patris,1740-1750,1789-1802,0.74406,0.25594,211,409,,0.018775,0.981225,,
appellant,1710-1720,1780-1789,0.744058,0.255942,264,308,,0.037137,0.962863,,
soli,1700-1710,1789-1802,0.744047,0.255953,104,328,,0.014083,0.985917,,
recommence,1700-1710,1750-1760,0.744033,0.255967,62,165,,0.008486,0.991514,,
vellent,1700-1710,1789-1802,0.743853,0.256147,72,147,,0.026321,0.973679,,
extraordinairement,1740-1750,1789-1802,0.743698,0.256302,158,179,,0.024391,0.975609,,
attira,1740-1750,1780-1789,0.74365,0.25635,213,406,,,,,
d'admiration,1710-1720,1780-1789,0.743514,0.256486,105,619,,,,,
ecrire,1760-1770,1780-1789,0.743472,0.256528,71,152,,0.021563,0.978437,,
mile,1700-1710,1730-1740,0.743409,0.256591,185,225,,0.018031,0.981969,,
écritures,1700-1710,1760-1770,0.743407,0.256593,119,484,,0.019916,0.980084,,
devine,1700-1710,1720-1730,0.743376,0.256624,94,125,,0.006761,0.993239,,
l'acceptation,1780-1789,1789-1802,0.743363,0.256637,131,404,,,,,
ressentir,1710-1720,1740-1750,0.743338,0.256662,60,200,,0.025374,0.974626,,
posez,1700-1710,1780-1789,0.743305,0.256695,226,113,,,,,
dront,1740-1750,1780-1789,0.743284,0.256716,183,334,,0.011242,0.988758,,
domi,1700-1710,1780-1789,0.743235,0.256765,152,275,,0.030082,0.969918,,
jui,1710-1720,1760-1770,0.743229,0.256771,124,295,,0.01152,0.98848,,
conduites,1710-1720,1720-1730,0.743152,0.256848,144,83,,0.023908,0.976092,,
usances,1710-1720,1789-1802,0.743119,0.256881,73,496,,,,,
tée,1710-1720,1740-1750,0.743103,0.256897,112,286,,0.013764,0.986236,,
gile,1720-1730,1760-1770,0.743099,0.256901,136,97,,,,,
s'éleva,1720-1730,1730-1740,0.743071,0.256929,119,246,,,,,
l'élévation,1720-1730,1740-1750,0.743009,0.256991,57,139,,,,,
d'imprimer,1740-1750,1789-1802,0.742975,0.257025,132,245,,,,,
l'intérieur,1700-1710,1789-1802,0.74296,0.25704,65,4137,,,,,
propo,1710-1720,1789-1802,0.74295,0.25705,69,458,,0.02275,0.97725,,
parie,1720-1730,1740-1750,0.742927,0.257073,102,204,,0.014952,0.985048,,
mane,1710-1720,1760-1770,0.742907,0.257093,108,77,,,,,
l'ar,1710-1720,1780-1789,0.742878,0.257122,264,1682,,,,,
vot,1710-1720,1770-1780,0.742765,0.257235,53,196,,0.022776,0.977224,,
cultivée,1700-1710,1710-1720,0.742714,0.257286,62,66,,0.034145,0.965855,,
cic,1770-1780,1789-1802,0.74267,0.25733,815,450,,0.025653,0.974347,,
quc,1730-1740,1750-1760,0.742494,0.257506,89,84,,,,,
iens,1710-1720,1730-1740,0.742466,0.257534,69,138,,0.012648,0.987352,,
scn,1710-1720,1760-1770,0.7423,0.2577,62,129,,0.010318,0.989682,,
pens,1700-1710,1770-1780,0.742274,0.257726,90,211,,0.012105,0.987895,,
rebut,1710-1720,1730-1740,0.742157,0.257843,51,70,,0.014702,0.985298,,
tenta,1710-1720,1720-1730,0.742082,0.257918,65,83,,0.008352,0.991648,,
annuelle,1740-1750,1789-1802,0.742063,0.257937,225,1768,,0.019637,0.980363,,
tale,1710-1720,1780-1789,0.74189,0.25811,73,453,,0.014747,0.985253,,
gallus,1710-1720,1760-1770,0.741855,0.258145,57,115,,0.012409,0.987591,,
celi,1710-1720,1789-1802,0.741819,0.258181,65,227,,0.014599,0.985401,,
suffisantes,1700-1710,1730-1740,0.741765,0.258235,55,122,,0.032784,0.967216,,
parisis,1730-1740,1760-1770,0.741645,0.258355,1153,898,,,,,
d'o,1730-1740,1760-1770,0.741524,0.258476,336,633,,,,,
mordre,1740-1750,1789-1802,0.741397,0.258603,92,155,,0.016771,0.983229,,
joignant,1720-1730,1789-1802,0.741206,0.258794,308,534,,0.046457,0.953543,,
éclatantes,1720-1730,1770-1780,0.741202,0.258798,66,223,,,,,
s'entend,1720-1730,1750-1760,0.741137,0.258863,86,145,,,,,
septime,1770-1780,1789-1802,0.741135,0.258865,59,61,,,,,
diamant,1770-1780,1789-1802,0.741095,0.258905,604,587,,0.023255,0.976745,,
most,1710-1720,1789-1802,0.741037,0.258963,146,446,,,,,
louange,1700-1710,1760-1770,0.740909,0.259091,153,294,,0.011489,0.988511,,
daus,1730-1740,1770-1780,0.740872,0.259128,50,270,,0.012725,0.987275,,
étroites,1730-1740,1740-1750,0.740795,0.259205,194,319,,0.024256,0.975744,,
ala,1710-1720,1720-1730,0.74077,0.25923,105,207,,0.009086,0.990914,,
cachée,1720-1730,1740-1750,0.740593,0.259407,105,255,,0.007307,0.992693,,
truffe,1710-1720,1789-1802,0.740538,0.259462,142,348,,0.041261,0.958739,,
beaumont,1710-1720,1760-1770,0.740323,0.259677,55,660,,0.020359,0.979641,,
prononciation,1700-1710,1720-1730,0.740156,0.259844,146,64,,,,,
précipiter,1700-1710,1770-1780,0.740155,0.259845,70,785,,0.021702,0.978298,,
xxx,1730-1740,1760-1770,0.740124,0.259876,659,598,,0.010036,0.989964,,
saine,1700-1710,1789-1802,0.740022,0.259978,54,654,,0.080439,0.919561,,
l'emploi,1700-1710,1789-1802,0.740013,0.259987,126,2255,,,,,
interêt,1760-1770,1780-1789,0.739989,0.260011,200,162,,,,,
d'avance,1700-1710,1780-1789,0.739859,0.260141,110,2109,,,,,
holland,1740-1750,1760-1770,0.739855,0.260145,947,171,,,,,
disse,1730-1740,1789-1802,0.739698,0.260302,113,71,,,,,
aun,1730-1740,1760-1770,0.739633,0.260367,70,555,,0.017518,0.982482,,
condom,1730-1740,1789-1802,0.739499,0.260501,127,630,,0.016223,0.983777,,
d'heure,1740-1750,1789-1802,0.739478,0.260522,367,864,,,,,
cara,1710-1720,1780-1789,0.739442,0.260558,117,1017,,0.018631,0.981369,,
violette,1710-1720,1720-1730,0.739405,0.260595,150,116,,0.01058,0.98942,,
ome,1730-1740,1740-1750,0.739239,0.260761,119,135,,0.010657,0.989343,,
détourné,1700-1710,1720-1730,0.739153,0.260847,70,68,,0.00975,0.99025,,
utique,1700-1710,1789-1802,0.739084,0.260916,105,176,,0.017013,0.982987,,
czar,1710-1720,1760-1770,0.739058,0.260942,455,263,,0.056616,0.943384,,
augmentée,1720-1730,1750-1760,0.738981,0.261019,212,367,,0.011694,0.988306,,
guy,1700-1710,1750-1760,0.738977,0.261023,126,174,,,,,
l'éloignement,1700-1710,1740-1750,0.738864,0.261136,88,342,,,,,
loyers,1760-1770,1789-1802,0.738792,0.261208,452,571,,0.021036,0.978964,,
l'équipage,1710-1720,1730-1740,0.738789,0.261211,80,159,,,,,
vio,1710-1720,1780-1789,0.738775,0.261225,109,647,,0.012206,0.987794,,
baptême,1730-1740,1740-1750,0.738767,0.261233,189,224,,,,,
caille,1740-1750,1789-1802,0.738753,0.261247,72,469,,0.025133,0.974867,,
capitation,1700-1710,1789-1802,0.738557,0.261443,77,1216,,0.019366,0.980634,,
comedie,1710-1720,1780-1789,0.738489,0.261511,506,142,,,,,
s'e,1710-1720,1789-1802,0.738475,0.261525,108,420,,,,,
bornée,1730-1740,1760-1770,0.738377,0.261623,208,636,,0.016941,0.983059,,
qu'alors,1710-1720,1740-1750,0.738257,0.261743,257,350,,,,,
off,1700-1710,1710-1720,0.738139,0.261861,485,135,,,,,
leve,1730-1740,1780-1789,0.73808,0.26192,535,1165,,,,,
médiocrement,1700-1710,1730-1740,0.738059,0.261941,128,74,,,,,
dépen,1720-1730,1770-1780,0.73801,0.26199,84,337,,0.012232,0.987768,,
muette,1700-1710,1710-1720,0.737977,0.262023,56,68,,0.017828,0.982172,,
ters,1700-1710,1710-1720,0.737897,0.262103,140,84,,0.01507,0.98493,,
entiére,1720-1730,1789-1802,0.737848,0.262152,238,54,,0.033461,0.966539,,
att,1710-1720,1760-1770,0.737824,0.262176,70,127,,,,,
souf,1720-1730,1730-1740,0.737814,0.262186,81,149,,0.006763,0.993237,,
préferer,1740-1750,1789-1802,0.737686,0.262314,176,89,,,,,
attraper,1710-1720,1760-1770,0.737639,0.262361,121,117,,,,,
purifier,1720-1730,1760-1770,0.737549,0.262451,84,291,,0.011814,0.988186,,
plaignit,1700-1710,1720-1730,0.737454,0.262546,80,102,,0.028058,0.971942,,
résulte,1710-1720,1760-1770,0.737403,0.262597,105,3002,,0.0201,0.9799,,
d'honneur,1720-1730,1730-1740,0.737392,0.262608,931,1332,,,,,
synode,1710-1720,1789-1802,0.73737,0.26263,134,133,,,,,
rame,1720-1730,1780-1789,0.737329,0.262671,200,516,,0.019781,0.980219,,
lettrés,1710-1720,1770-1780,0.737269,0.262731,180,621,,0.050237,0.949763,,
cllc,1750-1760,1760-1770,0.737258,0.262742,54,97,,0.006946,0.993054,,
confidence,1770-1780,1780-1789,0.737253,0.262747,142,127,,,,,
taut,1730-1740,1760-1770,0.73724,0.26276,69,167,,,,,
profane,1720-1730,1789-1802,0.737098,0.262902,286,361,,0.061801,0.938199,,
xlix,1710-1720,1740-1750,0.736988,0.263012,57,131,,0.011873,0.988127,,
poussions,1710-1720,1730-1740,0.736985,0.263015,68,122,,0.007862,0.992138,,
passeroit,1710-1720,1750-1760,0.736893,0.263107,60,136,,0.02475,0.97525,,
s'attacha,1710-1720,1720-1730,0.736861,0.263139,51,78,,,,,
cambray,1700-1710,1760-1770,0.736858,0.263142,187,119,,,,,
compofé,1710-1720,1720-1730,0.73683,0.26317,60,89,,0.018465,0.981535,,
poin,1700-1710,1740-1750,0.736747,0.263253,116,320,,0.017295,0.982705,,
solliciter,1730-1740,1780-1789,0.73663,0.26337,86,600,,0.014933,0.985067,,
dirois,1760-1770,1789-1802,0.736485,0.263515,327,379,,0.014417,0.985583,,
qfm,1710-1720,1789-1802,0.736479,0.263521,78,1681,,,,,
d'entrée,1710-1720,1730-1740,0.736416,0.263584,266,2173,,,,,
boiteux,1700-1710,1720-1730,0.736401,0.263599,181,97,,,,,
dominique,1760-1770,1770-1780,0.736207,0.263793,318,729,,0.012835,0.987165,,
compta,1700-1710,1789-1802,0.736202,0.263798,57,202,,0.023419,0.976581,,
bénédiction,1720-1730,1760-1770,0.736094,0.263906,73,159,,,,,
isa,1710-1720,1740-1750,0.735995,0.264005,61,99,,0.009791,0.990209,,
etrangeres,1730-1740,1789-1802,0.735976,0.264024,591,91,,,,,
semblablement,1740-1750,1770-1780,0.73589,0.26411,230,136,,,,,
valence,1780-1789,1789-1802,0.735652,0.264348,1954,524,,,,,
varron,1700-1710,1760-1770,0.735647,0.264353,215,221,,,,,
grenade,1710-1720,1750-1760,0.735641,0.264359,109,295,,0.015909,0.984091,,
mittere,1750-1760,1789-1802,0.735599,0.264401,87,79,,0.012975,0.987025,,
defense,1710-1720,1789-1802,0.735345,0.264655,125,207,,0.039014,0.960986,,
gres,1700-1710,1770-1780,0.735183,0.264817,78,241,,0.014119,0.985881,,
mre,1770-1780,1789-1802,0.73512,0.26488,251,221,,0.015367,0.984633,,
vera,1710-1720,1740-1750,0.735051,0.264949,194,457,,0.010862,0.989138,,
nettes,1700-1710,1789-1802,0.735025,0.264975,57,136,,0.026912,0.973088,,
aurre,1710-1720,1720-1730,0.734807,0.265193,63,108,,0.017659,0.982341,,
outré,1770-1780,1789-1802,0.734739,0.265261,476,292,,,,,
commit,1700-1710,1720-1730,0.734428,0.265572,120,150,,0.018563,0.981437,,
siéme,1700-1710,1770-1780,0.734339,0.265661,88,81,,,,,
arbitres,1730-1740,1750-1760,0.734306,0.265694,139,174,,0.012673,0.987327,,
maitresse,1700-1710,1760-1770,0.734228,0.265772,77,325,,0.010305,0.989695,,
décidé,1700-1710,1780-1789,0.734192,0.265808,77,2120,,0.022889,0.977111,,
promettent,1700-1710,1789-1802,0.73418,0.26582,75,298,,0.018616,0.981384,,
ouvrant,1710-1720,1730-1740,0.734109,0.265891,75,135,,0.018021,0.981979,,
fermez,1720-1730,1770-1780,0.73407,0.26593,104,124,,0.040024,0.959976,,
trompette,1700-1710,1750-1760,0.733969,0.266031,129,220,,,,,
scul,1700-1710,1710-1720,0.733953,0.266047,87,85,,0.011972,0.988028,,
demandeurs,1710-1720,1789-1802,0.733838,0.266162,775,119,,,,,
boutique,1700-1710,1720-1730,0.733772,0.266228,488,184,,,,,
qae,1740-1750,1760-1770,0.733636,0.266364,211,148,,0.014786,0.985214,,
aque,1720-1730,1780-1789,0.733629,0.266371,71,120,,0.019899,0.980101,,
évenemens,1740-1750,1750-1760,0.733626,0.266374,346,183,,,,,
gnes,1720-1730,1780-1789,0.733564,0.266436,112,415,,0.014474,0.985526,,
abon,1770-1780,1780-1789,0.733551,0.266449,337,381,,0.007268,0.992732,,
priez,1710-1720,1740-1750,0.73351,0.26649,154,86,,,,,
curieuses,1740-1750,1780-1789,0.733492,0.266508,193,309,,,,,
ern,1730-1740,1760-1770,0.733487,0.266513,64,188,,0.010211,0.989789,,
aure,1720-1730,1730-1740,0.733376,0.266624,80,82,,0.021248,0.978752,,
refuge,1700-1710,1710-1720,0.733201,0.266799,53,97,,0.015542,0.984458,,
saci,1720-1730,1740-1750,0.733175,0.266825,68,90,,0.016184,0.983816,,
jointes,1740-1750,1789-1802,0.733036,0.266964,482,526,,,,,
spectateur,1710-1720,1720-1730,0.732964,0.267036,93,174,,0.0262,0.9738,,
mesuré,1700-1710,1770-1780,0.732939,0.267061,63,229,,0.028845,0.971155,,
procede,1730-1740,1770-1780,0.732891,0.267109,101,339,,,,,
procedent,1740-1750,1760-1770,0.73277,0.26723,129,73,,,,,
l'employer,1710-1720,1720-1730,0.73274,0.26726,113,72,,,,,
servius,1700-1710,1789-1802,0.732688,0.267312,150,103,,,,,
inspiré,1710-1720,1740-1750,0.73266,0.26734,84,176,,0.012809,0.987191,,
ingrate,1760-1770,1789-1802,0.732405,0.267595,242,330,,0.017414,0.982586,,
puiffance,1700-1710,1789-1802,0.732316,0.267684,61,156,,0.029206,0.970794,,
pls,1700-1710,1730-1740,0.732311,0.267689,183,74,,0.0137,0.9863,,
secrettement,1700-1710,1789-1802,0.732245,0.267755,53,98,,0.016863,0.983137,,
portique,1710-1720,1740-1750,0.73211,0.26789,58,110,,0.01464,0.98536,,
dissolution,1700-1710,1730-1740,0.732011,0.267989,50,324,,0.028894,0.971106,,
cile,1710-1720,1760-1770,0.731993,0.268007,133,359,,0.011779,0.988221,,
connoissancen,1700-1710,1710-1720,0.731954,0.268046,80,115,,0.024361,0.975639,,
opposans,1720-1730,1789-1802,0.731953,0.268047,66,131,,,,,
noblement,1700-1710,1789-1802,0.731927,0.268073,63,233,,0.030063,0.969937,,
louvois,1780-1789,1789-1802,0.731911,0.268089,139,194,,,,,
favorite,1740-1750,1760-1770,0.731896,0.268104,384,460,,0.030253,0.969747,,
vénérable,1720-1730,1750-1760,0.73175,0.26825,80,359,,0.03628,0.96372,,
pretend,1740-1750,1789-1802,0.731701,0.268299,128,80,,,,,
jamais,1710-1720,1740-1750,0.731498,0.268502,12428,21405,,,,,
archives,1710-1720,1740-1750,0.731445,0.268555,133,348,,0.02554,0.97446,,
sie,1720-1730,1789-1802,0.73144,0.26856,94,420,,0.011969,0.988031,,
quent,1730-1740,1789-1802,0.731394,0.268606,217,377,,0.022041,0.977959,,
chartres,1770-1780,1780-1789,0.731218,0.268782,871,1524,,0.01573,0.98427,,
ceque,1750-1760,1789-1802,0.731211,0.268789,109,154,,,,,
utre,1710-1720,1730-1740,0.731194,0.268806,92,63,,0.017698,0.982302,,
fournira,1710-1720,1730-1740,0.731156,0.268844,64,118,,0.014123,0.985877,,
donations,1710-1720,1750-1760,0.731145,0.268855,125,172,,,,,
polr,1730-1740,1789-1802,0.731123,0.268877,55,331,,,,,
rable,1700-1710,1760-1770,0.731082,0.268918,127,779,,0.015721,0.984279,,
mouches,1710-1720,1760-1770,0.730989,0.269011,360,671,,,,,
palme,1700-1710,1780-1789,0.730925,0.269075,114,401,,0.026415,0.973585,,
vanneau,1720-1730,1750-1760,0.730897,0.269103,57,70,,,,,
discernement,1760-1770,1770-1780,0.730856,0.269144,391,508,,0.008646,0.991354,,
sea,1710-1720,1770-1780,0.730805,0.269195,66,293,,,,,
conçut,1780-1789,1789-1802,0.730704,0.269296,388,282,,0.019775,0.980225,,
baisser,1720-1730,1789-1802,0.730682,0.269318,86,511,,0.036358,0.963642,,
fiege,1700-1710,1720-1730,0.730654,0.269346,136,304,,0.049833,0.950167,,
cultive,1710-1720,1720-1730,0.730546,0.269454,178,101,,0.034043,0.965957,,
sce,1700-1710,1710-1720,0.7305,0.2695,130,352,,0.014483,0.985517,,
monnoyé,1720-1730,1789-1802,0.730458,0.269542,65,264,,,,,
d'occasions,1750-1760,1780-1789,0.730377,0.269623,135,201,,,,,
gre,1740-1750,1770-1780,0.73037,0.26963,209,463,,0.012995,0.987005,,
exposition,1700-1710,1720-1730,0.730359,0.269641,168,164,,,,,
comn,1700-1710,1789-1802,0.730323,0.269677,154,654,,0.00988,0.99012,,
évidente,1710-1720,1760-1770,0.730264,0.269736,118,627,,0.014246,0.985754,,
neu,1700-1710,1789-1802,0.730196,0.269804,70,302,,0.013924,0.986076,,
afiez,1700-1710,1710-1720,0.730027,0.269973,70,66,,0.014098,0.985902,,
tice,1700-1710,1740-1750,0.729894,0.270106,107,155,,0.021607,0.978393,,
âgée,1760-1770,1789-1802,0.729882,0.270118,304,554,,0.029848,0.970152,,
veni,1710-1720,1730-1740,0.729828,0.270172,81,181,,,,,
resente,1730-1740,1789-1802,0.729712,0.270288,256,116,,,,,
potier,1730-1740,1789-1802,0.729687,0.270313,55,189,,,,,
consommé,1700-1710,1730-1740,0.729587,0.270413,90,89,,0.015199,0.984801,,
bible,1700-1710,1730-1740,0.729499,0.270501,82,154,,0.018621,0.981379,,
chaste,1700-1710,1789-1802,0.729495,0.270505,87,221,,0.035034,0.964966,,
l'entretien,1700-1710,1720-1730,0.729422,0.270578,240,423,,,,,
quafi,1700-1710,1780-1789,0.729412,0.270588,148,636,,0.040311,0.959689,,
ceil,1700-1710,1750-1760,0.729394,0.270606,69,117,,0.016731,0.983269,,
pote,1710-1720,1789-1802,0.729143,0.270857,53,149,,0.025371,0.974629,,
préféré,1700-1710,1780-1789,0.729104,0.270896,95,1026,,0.023499,0.976501,,
gion,1730-1740,1780-1789,0.72905,0.27095,304,576,,0.017036,0.982964,,
decrets,1710-1720,1789-1802,0.729036,0.270964,183,125,,,,,
baume,1710-1720,1780-1789,0.728981,0.271019,99,430,,,,,
guer,1730-1740,1789-1802,0.72897,0.27103,640,492,,0.022302,0.977698,,
dee,1730-1740,1789-1802,0.728851,0.271149,103,369,,0.010807,0.989193,,
défenfe,1700-1710,1720-1730,0.728775,0.271225,72,302,,0.027033,0.972967,,
ices,1720-1730,1789-1802,0.728775,0.271225,84,622,,0.011885,0.988115,,
formule,1750-1760,1760-1770,0.728714,0.271286,261,444,,,,,
tribune,1710-1720,1789-1802,0.728542,0.271458,94,1393,,0.027641,0.972359,,
joyeux,1720-1730,1730-1740,0.728499,0.271501,136,100,,0.014447,0.985553,,
fale,1700-1710,1750-1760,0.728434,0.271566,73,145,,0.01375,0.98625,,
xlv,1710-1720,1770-1780,0.728432,0.271568,78,310,,0.014816,0.985184,,
foli,1720-1730,1789-1802,0.728397,0.271603,96,88,,0.028543,0.971457,,
d'étre,1700-1710,1750-1760,0.728393,0.271607,73,116,,,,,
dépendant,1700-1710,1720-1730,0.728365,0.271635,60,153,,0.025714,0.974286,,
s'élever,1720-1730,1730-1740,0.728363,0.271637,195,430,,,,,
focieté,1730-1740,1789-1802,0.728334,0.271666,154,73,,,,,
subalternes,1730-1740,1760-1770,0.728188,0.271812,267,498,,0.024783,0.975217,,
amateurs,1720-1730,1730-1740,0.728104,0.271896,93,86,,0.009809,0.990191,,
cro,1700-1710,1740-1750,0.72808,0.27192,650,251,,,,,
dia,1740-1750,1750-1760,0.728075,0.271925,415,283,,0.006458,0.993542,,
admiré,1720-1730,1750-1760,0.728036,0.271964,109,159,,0.010161,0.989839,,
considerable,1730-1740,1740-1750,0.727988,0.272012,891,596,,,,,
incertaine,1700-1710,1710-1720,0.727826,0.272174,106,92,,0.016626,0.983374,,
patron,1710-1720,1740-1750,0.727698,0.272302,446,413,,,,,
necessité,1740-1750,1780-1789,0.727611,0.272389,94,128,,,,,
riers,1720-1730,1789-1802,0.727574,0.272426,59,229,,0.012508,0.987492,,
dialogues,1700-1710,1730-1740,0.727526,0.272474,164,164,,,,,
quentin,1700-1710,1780-1789,0.727494,0.272506,67,511,,0.016159,0.983841,,
l'oeuvre,1710-1720,1750-1760,0.727447,0.272553,70,336,,,,,
persuade,1720-1730,1750-1760,0.727425,0.272575,182,423,,0.026381,0.973619,,
arpens,1720-1730,1750-1760,0.727198,0.272802,279,718,,0.022595,0.977405,,
démêler,1720-1730,1760-1770,0.727186,0.272814,179,483,,0.034831,0.965169,,
diffe,1730-1740,1789-1802,0.727131,0.272869,81,51,,,,,
way,1740-1750,1770-1780,0.727127,0.272873,75,342,,,,,
couronnée,1720-1730,1789-1802,0.72712,0.27288,77,211,,0.021491,0.978509,,
formoit,1720-1730,1730-1740,0.727091,0.272909,155,315,,0.022376,0.977624,,
decider,1720-1730,1780-1789,0.726993,0.273007,86,60,,,,,
posée,1710-1720,1780-1789,0.726975,0.273025,266,424,,0.034982,0.965018,,
entretiens,1740-1750,1780-1789,0.72689,0.27311,354,665,,,,,
ates,1700-1710,1710-1720,0.726815,0.273185,68,86,,0.018258,0.981742,,
cirque,1710-1720,1750-1760,0.726757,0.273243,70,87,,0.015963,0.984037,,
fible,1710-1720,1789-1802,0.726727,0.273273,60,334,,0.026272,0.973728,,
finon,1710-1720,1789-1802,0.726722,0.273278,214,269,,0.011702,0.988298,,
opiniâtreté,1700-1710,1740-1750,0.726637,0.273363,55,82,,0.033694,0.966306,,
fidelles,1740-1750,1760-1770,0.726606,0.273394,91,78,,,,,
quai,1700-1710,1720-1730,0.726572,0.273428,141,207,,0.048135,0.951865,,
str,1760-1770,1770-1780,0.726489,0.273511,190,144,,,,,
tun,1710-1720,1730-1740,0.726454,0.273546,123,166,,0.015768,0.984232,,
gardée,1700-1710,1760-1770,0.726445,0.273555,91,308,,0.016717,0.983283,,
correspondans,1710-1720,1760-1770,0.726332,0.273668,54,265,,,,,
rus,1710-1720,1789-1802,0.726102,0.273898,177,348,,0.011189,0.988811,,
remporter,1720-1730,1789-1802,0.726033,0.273967,114,195,,0.016834,0.983166,,
verges,1700-1710,1789-1802,0.725753,0.274247,469,295,,,,,
profondément,1700-1710,1770-1780,0.725441,0.274559,55,926,,0.017577,0.982423,,
l'execution,1760-1770,1789-1802,0.725396,0.274604,87,104,,,,,
faic,1700-1710,1730-1740,0.725318,0.274682,119,108,,0.016389,0.983611,,
pace,1730-1740,1780-1789,0.725313,0.274687,578,358,,0.051416,0.948584,,
cont,1720-1730,1789-1802,0.725263,0.274737,131,566,,0.012592,0.987408,,
recu,1700-1710,1740-1750,0.72525,0.27475,124,702,,0.025697,0.974303,,
cesar,1710-1720,1789-1802,0.725198,0.274802,439,77,,,,,
pol,1740-1750,1770-1780,0.725104,0.274896,303,615,,0.012879,0.987121,,
achille,1710-1720,1720-1730,0.725026,0.274974,1405,76,,0.010466,0.989534,,
decret,1700-1710,1789-1802,0.724744,0.275256,714,364,,,,,
préference,1720-1730,1780-1789,0.724673,0.275327,98,79,,,,,
lea,1710-1720,1780-1789,0.724642,0.275358,71,803,,0.008964,0.991036,,
augmenta,1700-1710,1710-1720,0.724584,0.275416,130,180,,0.019206,0.980794,,
l'apprendre,1710-1720,1740-1750,0.724567,0.275433,58,130,,,,,
coni,1770-1780,1789-1802,0.724487,0.275513,565,818,,0.011294,0.988706,,
convoi,1710-1720,1750-1760,0.724464,0.275536,157,223,,0.007592,0.992408,,
laif,1700-1710,1740-1750,0.724393,0.275607,82,267,,0.010493,0.989507,,
abominable,1700-1710,1730-1740,0.72426,0.27574,72,104,,0.02503,0.97497,,
dicta,1720-1730,1789-1802,0.724255,0.275745,239,130,,0.082841,0.917159,,
mystere,1720-1730,1789-1802,0.724164,0.275836,88,157,,,,,
sole,1700-1710,1760-1770,0.724103,0.275897,83,199,,0.021174,0.978826,,
agissent,1700-1710,1750-1760,0.72408,0.27592,85,327,,0.020935,0.979065,,
bic,1730-1740,1770-1780,0.72407,0.27593,91,175,,,,,
opere,1720-1730,1760-1770,0.723856,0.276144,148,302,,,,,
chaine,1710-1720,1789-1802,0.723832,0.276168,88,560,,0.013816,0.986184,,
succomber,1720-1730,1730-1740,0.723828,0.276172,87,148,,0.029819,0.970181,,
gues,1720-1730,1780-1789,0.723753,0.276247,128,434,,0.011841,0.988159,,
méchante,1700-1710,1750-1760,0.723718,0.276282,165,227,,,,,
défie,1720-1730,1740-1750,0.723667,0.276333,91,145,,0.030386,0.969614,,
clément,1770-1780,1780-1789,0.723565,0.276435,1249,666,,0.006473,0.993527,,
reception,1710-1720,1789-1802,0.723556,0.276444,401,76,,,,,
elc,1710-1720,1750-1760,0.723474,0.276526,78,69,,0.016378,0.983622,,
ordinal,1700-1710,1789-1802,0.723421,0.276579,52,130,,0.017418,0.982582,,
l'n,1710-1720,1750-1760,0.723127,0.276873,50,58,,,,,
envoyez,1710-1720,1789-1802,0.723045,0.276955,260,206,,,,,
fours,1700-1710,1760-1770,0.723003,0.276997,56,715,,0.075028,0.924972,,
domino,1730-1740,1780-1789,0.722988,0.277012,1520,304,,0.058692,0.941308,,
oint,1730-1740,1740-1750,0.722835,0.277165,160,178,,,,,
suppliant,1700-1710,1770-1780,0.722828,0.277172,97,325,,0.028831,0.971169,,
distin,1710-1720,1789-1802,0.722811,0.277189,74,355,,0.016816,0.983184,,
qu'entre,1710-1720,1730-1740,0.722776,0.277224,218,371,,,,,
personnellement,1710-1720,1750-1760,0.722574,0.277426,104,205,,0.019886,0.980114,,
additions,1750-1760,1760-1770,0.72257,0.27743,204,392,,0.012442,0.987558,,
tera,1720-1730,1780-1789,0.722476,0.277524,74,345,,0.014647,0.985353,,
croi,1720-1730,1760-1770,0.722213,0.277787,725,361,,,,,
estimation,1750-1760,1789-1802,0.72219,0.27781,182,887,,0.012993,0.987007,,
raport,1780-1789,1789-1802,0.722157,0.277843,180,93,,,,,
gouvernent,1770-1780,1789-1802,0.72214,0.27786,763,764,,0.019926,0.980074,,
satis,1700-1710,1789-1802,0.722095,0.277905,99,288,,0.03492,0.96508,,
l'orateur,1730-1740,1789-1802,0.722025,0.277975,589,1034,,,,,
l'entendement,1710-1720,1760-1770,0.721882,0.278118,94,467,,,,,
ence,1730-1740,1789-1802,0.721647,0.278353,119,452,,0.011744,0.988256,,
perpétuel,1700-1710,1789-1802,0.721612,0.278388,57,760,,0.013546,0.986454,,
d'intelligence,1700-1710,1770-1780,0.721498,0.278502,91,652,,,,,
ccc,1720-1730,1789-1802,0.721471,0.278529,354,290,,0.016402,0.983598,,
patriarche,1700-1710,1710-1720,0.721468,0.278532,969,95,,,,,
dauphine,1710-1720,1730-1740,0.721464,0.278536,358,92,,0.127411,0.872589,,
importune,1750-1760,1789-1802,0.721431,0.278569,150,262,,0.016786,0.983214,,
appaiser,1730-1740,1789-1802,0.721226,0.278774,87,207,,0.034883,0.965117,,
mul,1710-1720,1780-1789,0.72112,0.27888,105,618,,0.01591,0.98409,,
tai,1700-1710,1740-1750,0.721102,0.278898,308,322,,0.023573,0.976427,,
l'exemple,1710-1720,1760-1770,0.721075,0.278925,691,2422,,,,,
libertinage,1700-1710,1730-1740,0.720984,0.279016,67,115,,0.015077,0.984923,,
l'échange,1720-1730,1760-1770,0.720914,0.279086,85,468,,,,,
troye,1710-1720,1740-1750,0.72087,0.27913,933,171,,,,,
mne,1710-1720,1780-1789,0.720803,0.279197,119,522,,0.012635,0.987365,,
anis,1710-1720,1740-1750,0.72062,0.27938,51,85,,0.041512,0.958488,,
presenter,1770-1780,1789-1802,0.720568,0.279432,124,103,,,,,
detail,1700-1710,1740-1750,0.720522,0.279478,73,109,,0.016144,0.983856,,
d'officiers,1710-1720,1750-1760,0.720521,0.279479,211,215,,,,,
droites,1750-1760,1789-1802,0.720432,0.279568,241,250,,0.024566,0.975434,,
blois,1710-1720,1740-1750,0.72034,0.27966,213,538,,0.022067,0.977933,,
reau,1730-1740,1740-1750,0.720219,0.279781,106,111,,0.010686,0.989314,,
niers,1710-1720,1780-1789,0.720191,0.279809,260,667,,0.017621,0.982379,,
l'animal,1710-1720,1730-1740,0.720185,0.279815,151,204,,,,,
remedes,1710-1720,1760-1770,0.720023,0.279977,456,854,,,,,
affligée,1710-1720,1720-1730,0.719864,0.280136,93,66,,,,,
dere,1700-1710,1760-1770,0.719461,0.280539,79,91,,0.014957,0.985043,,
interrompre,1700-1710,1789-1802,0.719263,0.280737,90,286,,0.022805,0.977195,,
miserable,1740-1750,1789-1802,0.718999,0.281001,160,103,,,,,
autoriser,1720-1730,1760-1770,0.718943,0.281057,71,400,,0.014053,0.985947,,
ronne,1730-1740,1789-1802,0.718887,0.281113,148,326,,0.013991,0.986009,,
anc,1710-1720,1730-1740,0.71884,0.28116,91,132,,0.010811,0.989189,,
sanglant,1720-1730,1789-1802,0.718751,0.281249,73,439,,0.01987,0.98013,,
accommodement,1750-1760,1770-1780,0.718705,0.281295,161,183,,,,,
bayes,1700-1710,1780-1789,0.718638,0.281362,76,94,,0.026406,0.973594,,
bil,1740-1750,1770-1780,0.718564,0.281436,174,549,,0.017109,0.982891,,
préparée,1720-1730,1789-1802,0.718559,0.281441,102,512,,,,,
fade,1730-1740,1750-1760,0.718546,0.281454,128,210,,,,,
proposée,1720-1730,1789-1802,0.718504,0.281496,122,836,,,,,
virement,1700-1710,1750-1760,0.718499,0.281501,94,221,,0.008355,0.991645,,
pese,1720-1730,1789-1802,0.718396,0.281604,250,194,,,,,
septentrionale,1740-1750,1780-1789,0.718109,0.281891,570,1141,,,,,
lair,1710-1720,1760-1770,0.717866,0.282134,73,274,,0.010933,0.989067,,
leger,1710-1720,1789-1802,0.717842,0.282158,260,164,,,,,
election,1700-1710,1710-1720,0.717778,0.282222,423,59,,,,,
uri,1720-1730,1780-1789,0.717738,0.282262,96,406,,0.012428,0.987572,,
filer,1710-1720,1789-1802,0.717662,0.282338,100,319,,0.010253,0.989747,,
d'irlande,1710-1720,1730-1740,0.71765,0.28235,112,322,,,,,
loué,1700-1710,1720-1730,0.717615,0.282385,100,162,,0.008114,0.991886,,
formalité,1710-1720,1730-1740,0.717597,0.282403,102,139,,0.010629,0.989371,,
montauban,1740-1750,1750-1760,0.717434,0.282566,58,685,,0.024574,0.975426,,
venans,1720-1730,1789-1802,0.71734,0.28266,139,51,,,,,
soutiens,1700-1710,1789-1802,0.71713,0.28287,90,742,,0.042828,0.957172,,
real,1700-1710,1710-1720,0.716953,0.283047,178,66,,,,,
confondu,1720-1730,1740-1750,0.716935,0.283065,144,218,,0.00629,0.99371,,
s'i,1710-1720,1720-1730,0.716898,0.283102,110,111,,,,,
vicaire,1730-1740,1750-1760,0.716775,0.283225,252,452,,,,,
suisse,1730-1740,1770-1780,0.716741,0.283259,285,513,,0.054373,0.945627,,
quarte,1730-1740,1780-1789,0.716715,0.283285,117,401,,0.040244,0.959756,,
incontestable,1730-1740,1789-1802,0.716694,0.283306,162,783,,0.016335,0.983665,,
fermentation,1770-1780,1789-1802,0.716659,0.283341,1763,849,,0.023931,0.976069,,
echevins,1710-1720,1720-1730,0.716644,0.283356,1698,683,,,,,
l'enfant,1750-1760,1780-1789,0.716603,0.283397,871,1897,,,,,
dili,1710-1720,1780-1789,0.716587,0.283413,60,271,,0.013533,0.986467,,
louage,1720-1730,1730-1740,0.716433,0.283567,80,94,,0.014568,0.985432,,
maî,1720-1730,1789-1802,0.716431,0.283569,103,266,,0.02323,0.97677,,
l'e,1740-1750,1789-1802,0.716334,0.283666,1593,1894,,,,,
rio,1710-1720,1740-1750,0.716198,0.283802,105,1192,,0.023251,0.976749,,
furies,1700-1710,1760-1770,0.716043,0.283957,82,389,,0.012459,0.987541,,
seville,1730-1740,1780-1789,0.716021,0.283979,148,133,,,,,
expliquées,1710-1720,1720-1730,0.715944,0.284056,109,70,,,,,
pagine,1750-1760,1789-1802,0.715929,0.284071,144,135,,0.006656,0.993344,,
uand,1740-1750,1770-1780,0.71581,0.28419,96,190,,,,,
frappant,1720-1730,1789-1802,0.715803,0.284197,64,901,,0.033851,0.966149,,
l'événement,1700-1710,1760-1770,0.715789,0.284211,62,379,,,,,
mortelles,1760-1770,1780-1789,0.715762,0.284238,243,394,,,,,
jouissent,1710-1720,1760-1770,0.715694,0.284306,136,901,,0.034749,0.965251,,
doc,1700-1710,1730-1740,0.715683,0.284317,147,147,,0.023816,0.976184,,
laiss,1700-1710,1740-1750,0.715441,0.284559,52,145,,0.020356,0.979644,,
brusquement,1710-1720,1760-1770,0.71544,0.28456,188,364,,,,,
fame,1770-1780,1789-1802,0.715432,0.284568,598,562,,,,,
dort,1720-1730,1730-1740,0.71534,0.28466,116,186,,0.010597,0.989403,,
som,1740-1750,1760-1770,0.71531,0.28469,361,217,,0.029599,0.970401,,
expédier,1710-1720,1789-1802,0.715309,0.284691,155,296,,,,,
d'action,1710-1720,1720-1730,0.715175,0.284825,86,63,,,,,
alte,1710-1720,1780-1789,0.71513,0.28487,77,220,,0.015013,0.984987,,
vivroit,1710-1720,1730-1740,0.7151,0.2849,60,67,,0.033383,0.966617,,
corrompus,1700-1710,1710-1720,0.715056,0.284944,80,106,,0.01361,0.98639,,
colleges,1750-1760,1770-1780,0.714935,0.285065,79,235,,,,,
tont,1700-1710,1730-1740,0.714895,0.285105,185,110,,,,,
ifs,1720-1730,1780-1789,0.714887,0.285113,149,437,,0.014685,0.985315,,
seigneuries,1740-1750,1750-1760,0.7148,0.2852,1240,153,,,,,
vendeurs,1710-1720,1730-1740,0.714793,0.285207,2397,140,,0.040023,0.959977,,
raillerie,1730-1740,1740-1750,0.714776,0.285224,303,243,,,,,
troublée,1710-1720,1780-1789,0.714761,0.285239,61,435,,0.021258,0.978742,,
l'iniquité,1710-1720,1740-1750,0.714744,0.285256,52,70,,,,,
tranquilité,1710-1720,1780-1789,0.714731,0.285269,121,151,,,,,
lavoir,1700-1710,1760-1770,0.71463,0.28537,147,408,,,,,
strasbourg,1720-1730,1740-1750,0.714537,0.285463,312,219,,0.020984,0.979016,,
valables,1740-1750,1770-1780,0.714519,0.285481,93,195,,,,,
prêcher,1710-1720,1730-1740,0.714502,0.285498,161,148,,0.01621,0.98379,,
défait,1710-1720,1730-1740,0.714485,0.285515,155,772,,0.01665,0.98335,,
nai,1710-1720,1789-1802,0.71441,0.28559,83,473,,0.010211,0.989789,,
relte,1730-1740,1750-1760,0.714248,0.285752,255,428,,0.013717,0.986283,,
l'hôpital,1710-1720,1789-1802,0.714235,0.285765,290,1035,,,,,
précédentes,1700-1710,1740-1750,0.714019,0.285981,173,771,,0.025055,0.974945,,
maudit,1730-1740,1740-1750,0.71364,0.28636,157,165,,,,,
ava,1700-1710,1789-1802,0.713638,0.286362,69,303,,0.010985,0.989015,,
cat,1760-1770,1770-1780,0.713627,0.286373,422,1065,,0.00512,0.99488,,
familiarité,1710-1720,1760-1770,0.713611,0.286389,126,212,,,,,
jettez,1720-1730,1770-1780,0.713595,0.286405,146,493,,,,,
martial,1770-1780,1789-1802,0.713594,0.286406,709,173,,0.029011,0.970989,,
achats,1710-1720,1740-1750,0.713501,0.286499,401,113,,0.019403,0.980597,,
oli,1710-1720,1750-1760,0.713287,0.286713,115,159,,0.015085,0.984915,,
rient,1710-1720,1730-1740,0.713247,0.286753,80,98,,0.012724,0.987276,,
capa,1700-1710,1750-1760,0.71304,0.28696,52,177,,0.013201,0.986799,,
emi,1750-1760,1789-1802,0.71294,0.28706,120,197,,0.010269,0.989731,,
perle,1700-1710,1750-1760,0.712937,0.287063,108,148,,0.022608,0.977392,,
enflé,1720-1730,1760-1770,0.7129,0.2871,53,114,,0.017388,0.982612,,
secretement,1720-1730,1750-1760,0.712898,0.287102,69,85,,,,,
borné,1700-1710,1720-1730,0.712894,0.287106,76,159,,0.020017,0.979983,,
déposer,1700-1710,1789-1802,0.712856,0.287144,73,1159,,0.012034,0.987966,,
guinée,1740-1750,1760-1770,0.712833,0.287167,1138,826,,,,,
sales,1710-1720,1780-1789,0.712818,0.287182,103,175,,0.027485,0.972515,,
inte,1740-1750,1770-1780,0.712763,0.287237,134,187,,0.013155,0.986845,,
pans,1700-1710,1770-1780,0.712751,0.287249,80,495,,0.031686,0.968314,,
précedent,1720-1730,1780-1789,0.712707,0.287293,232,157,,,,,
l'academie,1710-1720,1770-1780,0.712581,0.287419,132,140,,,,,
maniéré,1710-1720,1720-1730,0.712475,0.287525,98,569,,,,,
d'e,1700-1710,1770-1780,0.71233,0.28767,505,1089,,,,,
spirituels,1750-1760,1780-1789,0.712286,0.287714,130,128,,,,,
perdoit,1710-1720,1760-1770,0.71223,0.28777,79,329,,0.023374,0.976626,,
gaillard,1710-1720,1750-1760,0.712122,0.287878,79,234,,,,,
présage,1720-1730,1780-1789,0.712041,0.287959,98,636,,0.018783,0.981217,,
courfe,1700-1710,1770-1780,0.712006,0.287994,109,776,,0.02272,0.97728,,
roles,1700-1710,1750-1760,0.711948,0.288052,81,173,,,,,
trême,1710-1720,1789-1802,0.71191,0.28809,213,923,,0.022615,0.977385,,
supplians,1710-1720,1789-1802,0.711909,0.288091,752,74,,,,,
trajet,1700-1710,1740-1750,0.711895,0.288105,74,218,,0.025093,0.974907,,
finira,1700-1710,1789-1802,0.711885,0.288115,50,371,,0.025307,0.974693,,
refuter,1710-1720,1720-1730,0.711883,0.288117,160,204,,0.016218,0.983782,,
l'emporta,1740-1750,1780-1789,0.711874,0.288126,159,307,,,,,
relie,1720-1730,1750-1760,0.711817,0.288183,354,493,,0.003985,0.996015,,
aions,1710-1720,1740-1750,0.711644,0.288356,68,212,,,,,
partages,1720-1730,1750-1760,0.711619,0.288381,89,127,,,,,
susceptible,1750-1760,1760-1770,0.71145,0.28855,734,1408,,0.010067,0.989933,,
vien,1710-1720,1770-1780,0.711346,0.288654,215,358,,0.015387,0.984613,,
riens,1700-1710,1710-1720,0.711281,0.288719,103,97,,0.019958,0.980042,,
fées,1730-1740,1780-1789,0.711273,0.288727,348,587,,0.015884,0.984116,,
d'oi,1700-1710,1780-1789,0.711259,0.288741,62,287,,,,,
imo,1730-1740,1780-1789,0.711244,0.288756,227,181,,0.035721,0.964279,,
fourberie,1700-1710,1730-1740,0.711226,0.288774,79,128,,0.100945,0.899055,,
bagage,1710-1720,1789-1802,0.711158,0.288842,63,311,,0.013556,0.986444,,
d'entretenir,1730-1740,1780-1789,0.711149,0.288851,309,702,,,,,
vitaux,1740-1750,1789-1802,0.711072,0.288928,151,442,,0.017328,0.982672,,
bres,1700-1710,1789-1802,0.710713,0.289287,173,913,,0.010815,0.989185,,
carriere,1700-1710,1789-1802,0.710582,0.289418,88,498,,0.029706,0.970294,,
pardessus,1710-1720,1789-1802,0.710542,0.289458,113,105,,0.021795,0.978205,,
rangées,1730-1740,1770-1780,0.710439,0.289561,195,807,,0.032767,0.967233,,
roulent,1700-1710,1710-1720,0.710324,0.289676,55,72,,0.020935,0.979065,,
précieuse,1750-1760,1770-1780,0.710313,0.289687,504,1208,,0.01389,0.98611,,
fure,1710-1720,1720-1730,0.710235,0.289765,91,98,,0.010316,0.989684,,
dam,1700-1710,1770-1780,0.710222,0.289778,363,654,,0.008913,0.991087,,
tins,1730-1740,1760-1770,0.710218,0.289782,258,253,,0.010791,0.989209,,
fas,1700-1710,1780-1789,0.710128,0.289872,120,586,,0.013649,0.986351,,
mel,1710-1720,1730-1740,0.710093,0.289907,100,65,,0.011783,0.988217,,
refsemblance,1700-1710,1789-1802,0.710017,0.289983,56,113,,0.039374,0.960626,,
s'enfuit,1700-1710,1789-1802,0.709973,0.290027,380,629,,,,,
sieges,1740-1750,1789-1802,0.709944,0.290056,50,65,,0.036596,0.963404,,
bli,1730-1740,1770-1780,0.709858,0.290142,105,232,,0.007484,0.992516,,
commencera,1730-1740,1740-1750,0.709842,0.290158,76,89,,,,,
quise,1720-1730,1789-1802,0.709742,0.290258,88,184,,0.013488,0.986512,,
nié,1720-1730,1740-1750,0.709742,0.290258,56,92,,0.01215,0.98785,,
filant,1710-1720,1740-1750,0.709713,0.290287,140,107,,0.029605,0.970395,,
avant,1700-1710,1710-1720,0.709439,0.290561,6656,8198,,,,,
indirectement,1740-1750,1789-1802,0.709148,0.290852,139,366,,,,,
anonyme,1710-1720,1740-1750,0.709131,0.290869,66,387,,0.023455,0.976545,,
maligne,1780-1789,1789-1802,0.709095,0.290905,305,198,,0.016967,0.983033,,
lieurs,1710-1720,1730-1740,0.709076,0.290924,169,71,,0.033236,0.966764,,
asi,1710-1720,1770-1780,0.709055,0.290945,166,151,,0.0096,0.9904,,
pirates,1710-1720,1780-1789,0.70886,0.29114,130,519,,0.014881,0.985119,,
maires,1710-1720,1770-1780,0.708837,0.291163,212,256,,0.033743,0.966257,,
cachez,1720-1730,1760-1770,0.708831,0.291169,147,146,,,,,
répon,1700-1710,1770-1780,0.708761,0.291239,86,421,,0.021693,0.978307,,
tète,1710-1720,1750-1760,0.708647,0.291353,53,144,,0.020635,0.979365,,
fecourir,1710-1720,1789-1802,0.708458,0.291542,134,284,,0.025327,0.974673,,
labour,1700-1710,1710-1720,0.708381,0.291619,265,180,,,,,
tré,1700-1710,1789-1802,0.708364,0.291636,95,622,,0.012092,0.987908,,
rom,1700-1710,1780-1789,0.70831,0.29169,433,658,,,,,
trinité,1720-1730,1740-1750,0.70823,0.29177,314,231,,,,,
d'esclaves,1710-1720,1760-1770,0.708174,0.291826,172,199,,,,,
impériale,1720-1730,1789-1802,0.708136,0.291864,160,830,,0.013581,0.986419,,
l'esclave,1700-1710,1789-1802,0.708096,0.291904,234,775,,,,,
allumer,1730-1740,1750-1760,0.708016,0.291984,140,148,,0.018711,0.981289,,
étrangement,1720-1730,1740-1750,0.707994,0.292006,74,69,,,,,
licu,1730-1740,1740-1750,0.707986,0.292014,80,165,,,,,
cotes,1720-1730,1780-1789,0.70795,0.29205,154,398,,0.023146,0.976854,,
lande,1710-1720,1780-1789,0.707926,0.292074,89,898,,0.022647,0.977353,,
ecf,1700-1710,1710-1720,0.70785,0.29215,81,56,,0.016704,0.983296,,
spirituelle,1710-1720,1760-1770,0.707642,0.292358,140,436,,,,,
captifs,1700-1710,1720-1730,0.707635,0.292365,68,200,,0.021037,0.978963,,
jésuite,1710-1720,1750-1760,0.707532,0.292468,143,697,,0.020895,0.979105,,
ast,1720-1730,1730-1740,0.70751,0.29249,161,94,,0.012703,0.987297,,
différemment,1710-1720,1780-1789,0.70744,0.29256,79,587,,0.015155,0.984845,,
plaute,1710-1720,1760-1770,0.707421,0.292579,1124,153,,0.015581,0.984419,,
qur,1720-1730,1740-1750,0.707318,0.292682,72,79,,0.016099,0.983901,,
défendant,1700-1710,1720-1730,0.707257,0.292743,56,94,,0.02537,0.97463,,
tailler,1740-1750,1770-1780,0.70711,0.29289,349,804,,,,,
cclle,1710-1720,1789-1802,0.706975,0.293025,59,394,,0.021834,0.978166,,
releve,1710-1720,1760-1770,0.706858,0.293142,134,482,,,,,
informations,1720-1730,1740-1750,0.706712,0.293288,133,651,,0.013195,0.986805,,
meaux,1700-1710,1780-1789,0.706642,0.293358,176,349,,,,,
ofi,1720-1730,1760-1770,0.706593,0.293407,219,102,,0.015837,0.984163,,
xxvi,1730-1740,1740-1750,0.706548,0.293452,454,273,,0.017371,0.982629,,
consideration,1710-1720,1789-1802,0.706543,0.293457,434,458,,,,,
ployer,1710-1720,1760-1770,0.706434,0.293566,83,310,,0.020739,0.979261,,
voya,1720-1730,1789-1802,0.70623,0.29377,75,351,,0.009485,0.990515,,
dunkerque,1700-1710,1740-1750,0.706187,0.293813,88,368,,0.023669,0.976331,,
marchande,1700-1710,1789-1802,0.706095,0.293905,52,590,,0.025921,0.974079,,
devins,1720-1730,1789-1802,0.705956,0.294044,160,244,,0.063848,0.936152,,
détestable,1710-1720,1740-1750,0.705858,0.294142,95,170,,0.013746,0.986254,,
galles,1730-1740,1789-1802,0.705819,0.294181,132,454,,,,,
isabelle,1730-1740,1780-1789,0.70578,0.29422,321,634,,,,,
declare,1730-1740,1760-1770,0.705682,0.294318,506,101,,,,,
civilement,1710-1720,1770-1780,0.705609,0.294391,128,85,,0.038848,0.961152,,
moquer,1720-1730,1730-1740,0.705598,0.294402,133,144,,,,,
remets,1710-1720,1760-1770,0.705591,0.294409,108,167,,0.035391,0.964609,,
l'os,1720-1730,1760-1770,0.705494,0.294506,51,556,,,,,
renverse,1740-1750,1750-1760,0.7054,0.2946,245,332,,0.007791,0.992209,,
patient,1700-1710,1730-1740,0.705354,0.294646,111,130,,0.012823,0.987177,,
éoit,1700-1710,1720-1730,0.705313,0.294687,57,157,,0.032112,0.967888,,
attachez,1710-1720,1750-1760,0.705276,0.294724,334,136,,,,,
couronné,1720-1730,1760-1770,0.705243,0.294757,245,328,,0.011451,0.988549,,
occidentales,1710-1720,1740-1750,0.704826,0.295174,117,386,,0.044577,0.955423,,
maîtreffe,1710-1720,1720-1730,0.704798,0.295202,81,77,,0.008852,0.991148,,
mamellé,1700-1710,1789-1802,0.704706,0.295294,68,57,,0.02384,0.97616,,
cequi,1710-1720,1789-1802,0.704621,0.295379,127,123,,,,,
d'ouvrages,1710-1720,1720-1730,0.704544,0.295456,141,273,,,,,
rables,1710-1720,1789-1802,0.704515,0.295485,61,468,,0.016415,0.983585,,
rigueurs,1760-1770,1789-1802,0.70441,0.29559,456,584,,0.020214,0.979786,,
récolte,1730-1740,1740-1750,0.704405,0.295595,114,380,,0.018904,0.981096,,
genou,1730-1740,1740-1750,0.704363,0.295637,80,150,,0.018887,0.981113,,
presente,1710-1720,1789-1802,0.704334,0.295666,1306,243,,,,,
mysteres,1730-1740,1780-1789,0.704331,0.295669,287,611,,,,,
defaire,1720-1730,1789-1802,0.704299,0.295701,127,170,,,,,
grêle,1720-1730,1789-1802,0.704195,0.295805,88,375,,0.027872,0.972128,,
souffrit,1730-1740,1789-1802,0.704123,0.295877,143,197,,0.033815,0.966185,,
chaffe,1740-1750,1750-1760,0.704056,0.295944,242,1019,,0.014406,0.985594,,
l'usage,1710-1720,1760-1770,0.704048,0.295952,1933,6911,,,,,
signées,1710-1720,1750-1760,0.703973,0.296027,272,238,,,,,
l'ame,1710-1720,1730-1740,0.703767,0.296233,1055,1921,,,,,
prescrites,1710-1720,1720-1730,0.703622,0.296378,114,76,,0.025094,0.974906,,
fance,1700-1710,1780-1789,0.703522,0.296478,136,1140,,0.019197,0.980803,,
epi,1700-1710,1760-1770,0.70341,0.29659,143,138,,0.010542,0.989458,,
parure,1760-1770,1770-1780,0.703399,0.296601,617,930,,0.00535,0.99465,,
entiérement,1710-1720,1789-1802,0.703359,0.296641,149,334,,0.051203,0.948797,,
s'élève,1720-1730,1740-1750,0.703338,0.296662,74,124,,,,,
vincent,1740-1750,1770-1780,0.703201,0.296799,371,1004,,0.010462,0.989538,,
l'achat,1730-1740,1740-1750,0.703186,0.296814,101,136,,,,,
comptez,1730-1740,1780-1789,0.703154,0.296846,231,591,,0.008993,0.991007,,
d'être,1710-1720,1730-1740,0.703154,0.296846,5331,9239,,,,,
tde,1720-1730,1750-1760,0.703144,0.296856,113,188,,0.010543,0.989457,,
lente,1710-1720,1789-1802,0.70301,0.29699,89,776,,0.023443,0.976557,,
patrimoine,1710-1720,1789-1802,0.703005,0.296995,142,808,,0.013786,0.986214,,
nar,1710-1720,1740-1750,0.702948,0.297052,65,144,,0.00896,0.99104,,
vince,1710-1720,1789-1802,0.702935,0.297065,55,390,,0.023334,0.976666,,
s'expliquer,1710-1720,1720-1730,0.702776,0.297224,142,76,,,,,
cambrai,1700-1710,1720-1730,0.702726,0.297274,59,98,,,,,
brevet,1730-1740,1760-1770,0.702682,0.297318,91,485,,,,,
interne,1710-1720,1760-1770,0.702473,0.297527,64,920,,0.134944,0.865056,,
ingénieux,1750-1760,1789-1802,0.702462,0.297538,459,506,,0.010527,0.989473,,
turent,1700-1710,1770-1780,0.70239,0.29761,50,190,,0.016964,0.983036,,
stable,1740-1750,1789-1802,0.702356,0.297644,82,303,,,,,
d'humeur,1700-1710,1789-1802,0.702196,0.297804,105,349,,,,,
relier,1710-1720,1789-1802,0.70219,0.29781,161,322,,0.015511,0.984489,,
jon,1700-1710,1740-1750,0.702132,0.297868,143,281,,0.019769,0.980231,,
accords,1720-1730,1750-1760,0.702104,0.297896,87,373,,0.031842,0.968158,,
d'afrique,1700-1710,1710-1720,0.701712,0.298288,143,452,,,,,
transporte,1780-1789,1789-1802,0.701649,0.298351,741,560,,0.014123,0.985877,,
d'achever,1700-1710,1740-1750,0.701614,0.298386,89,152,,,,,
pea,1740-1750,1780-1789,0.701595,0.298405,143,208,,0.009582,0.990418,,
plures,1760-1770,1789-1802,0.701462,0.298538,286,76,,,,,
jul,1700-1710,1760-1770,0.701425,0.298575,160,167,,0.009344,0.990656,,
coudre,1710-1720,1750-1760,0.701422,0.298578,72,83,,0.017133,0.982867,,
forets,1730-1740,1770-1780,0.701314,0.298686,1582,281,,0.057646,0.942354,,
tar,1710-1720,1740-1750,0.701284,0.298716,94,278,,0.005994,0.994006,,
adopté,1730-1740,1789-1802,0.701206,0.298794,347,2063,,0.035494,0.964506,,
reduit,1740-1750,1760-1770,0.701196,0.298804,173,220,,,,,
ifr,1730-1740,1760-1770,0.701145,0.298855,111,297,,0.009874,0.990126,,
dice,1720-1730,1770-1780,0.701141,0.298859,136,171,,0.014772,0.985228,,
secrete,1700-1710,1789-1802,0.701013,0.298987,81,198,,0.018497,0.981503,,
athenes,1700-1710,1789-1802,0.701007,0.298993,112,93,,0.013444,0.986556,,
l'avantage,1720-1730,1730-1740,0.700957,0.299043,895,1205,,,,,
tude,1700-1710,1730-1740,0.700939,0.299061,69,154,,0.014861,0.985139,,
châtelet,1700-1710,1730-1740,0.700692,0.299308,64,395,,0.029747,0.970253,,
agréablement,1740-1750,1760-1770,0.700601,0.299399,425,413,,,,,
duroit,1700-1710,1740-1750,0.700597,0.299403,68,145,,0.037617,0.962383,,
rive,1700-1710,1789-1802,0.700492,0.299508,98,1809,,0.211466,0.788534,,
pensant,1700-1710,1720-1730,0.700329,0.299671,77,79,,0.014287,0.985713,,
comparant,1700-1710,1789-1802,0.700309,0.299691,60,478,,0.043392,0.956608,,
legitime,1700-1710,1789-1802,0.700064,0.299936,285,82,,,,,
prote,1710-1720,1789-1802,0.699941,0.300059,66,294,,0.015555,0.984445,,
vernis,1710-1720,1750-1760,0.6999,0.3001,85,526,,0.033798,0.966202,,
parée,1700-1710,1760-1770,0.699848,0.300152,56,185,,0.026842,0.973158,,
fatigué,1710-1720,1730-1740,0.699779,0.300221,110,164,,0.013817,0.986183,,
barbier,1700-1710,1780-1789,0.699713,0.300287,212,378,,,,,
reduire,1760-1770,1789-1802,0.699627,0.300373,199,105,,,,,
cure,1720-1730,1770-1780,0.699516,0.300484,438,764,,0.009927,0.990073,,
picardie,1730-1740,1740-1750,0.699513,0.300487,1174,186,,0.115209,0.884791,,
d'hôtel,1760-1770,1770-1780,0.699509,0.300491,120,295,,,,,
ition,1720-1730,1750-1760,0.699465,0.300535,60,85,,0.015289,0.984711,,
rime,1700-1710,1730-1740,0.699447,0.300553,110,207,,0.037516,0.962484,,
monastere,1710-1720,1730-1740,0.699366,0.300634,57,95,,,,,
spirituel,1700-1710,1780-1789,0.699139,0.300861,178,299,,,,,
chaude,1760-1770,1789-1802,0.699075,0.300925,1031,616,,,,,
adion,1700-1710,1789-1802,0.699046,0.300954,185,153,,,,,
gouvernée,1710-1720,1730-1740,0.699024,0.300976,57,123,,0.041869,0.958131,,
ote,1710-1720,1740-1750,0.698932,0.301068,79,100,,,,,
d'al,1710-1720,1770-1780,0.698795,0.301205,69,297,,,,,
eta,1730-1740,1760-1770,0.698748,0.301252,109,180,,0.010448,0.989552,,
éta,1730-1740,1789-1802,0.698726,0.301274,242,926,,0.00744,0.99256,,
iour,1710-1720,1720-1730,0.698699,0.301301,237,92,,0.017654,0.982346,,
l'abbé,1720-1730,1789-1802,0.698603,0.301397,1510,5866,,,,,
dresse,1710-1720,1789-1802,0.698602,0.301398,172,359,,0.03605,0.96395,,
fidéle,1710-1720,1789-1802,0.698553,0.301447,81,58,,0.029659,0.970341,,
ntre,1720-1730,1789-1802,0.698495,0.301505,189,238,,,,,
manoeuvre,1720-1730,1760-1770,0.698482,0.301518,182,781,,,,,
xlviii,1710-1720,1780-1789,0.698475,0.301525,92,377,,0.013748,0.986252,,
gaieté,1700-1710,1740-1750,0.698375,0.301625,56,166,,0.034059,0.965941,,
confirmé,1700-1710,1730-1740,0.698366,0.301634,218,572,,,,,
corrigé,1700-1710,1760-1770,0.698293,0.301707,53,191,,0.013391,0.986609,,
dimi,1700-1710,1760-1770,0.698286,0.301714,58,349,,0.015727,0.984273,,
pei,1700-1710,1750-1760,0.698285,0.301715,301,393,,0.020254,0.979746,,
accompagnent,1700-1710,1710-1720,0.698267,0.301733,71,84,,0.014787,0.985213,,
piéce,1720-1730,1780-1789,0.698184,0.301816,378,430,,,,,
s'assembler,1720-1730,1780-1789,0.698109,0.301891,87,238,,,,,
sains,1700-1710,1710-1720,0.698038,0.301962,80,159,,0.017571,0.982429,,
greffe,1720-1730,1760-1770,0.698023,0.301977,98,476,,,,,
raccommoder,1700-1710,1760-1770,0.69802,0.30198,73,157,,,,,
flanc,1720-1730,1750-1760,0.698012,0.301988,249,208,,0.021173,0.978827,,
fot,1700-1710,1770-1780,0.697957,0.302043,162,453,,0.033548,0.966452,,
exprimée,1710-1720,1720-1730,0.697922,0.302078,98,63,,,,,
oul,1730-1740,1780-1789,0.697848,0.302152,52,347,,0.008903,0.991097,,
d'observer,1700-1710,1750-1760,0.697793,0.302207,155,598,,,,,
samuel,1740-1750,1770-1780,0.697783,0.302217,139,420,,0.01352,0.98648,,
tor,1700-1710,1740-1750,0.697562,0.302438,300,397,,0.013806,0.986194,,
écri,1710-1720,1740-1750,0.697535,0.302465,64,160,,0.015144,0.984856,,
mêlant,1710-1720,1789-1802,0.697477,0.302523,74,258,,0.057721,0.942279,,
placez,1720-1730,1760-1770,0.697458,0.302542,150,143,,,,,
gains,1700-1710,1780-1789,0.697424,0.302576,292,324,,,,,
fiut,1710-1720,1789-1802,0.697393,0.302607,104,519,,0.016222,0.983778,,
l'entendre,1710-1720,1760-1770,0.697356,0.302644,237,498,,,,,
soutint,1720-1730,1730-1740,0.697328,0.302672,96,120,,0.016991,0.983009,,
entrailles,1740-1750,1760-1770,0.697327,0.302673,300,549,,,,,
d'état,1710-1720,1789-1802,0.697294,0.302706,938,3036,,,,,
l'attachement,1710-1720,1720-1730,0.69727,0.30273,109,69,,,,,
fâche,1710-1720,1770-1780,0.697156,0.302844,65,320,,0.01171,0.98829,,
toures,1710-1720,1789-1802,0.69712,0.30288,137,600,,,,,
éclatant,1780-1789,1789-1802,0.697063,0.302937,531,493,,0.007864,0.992136,,
courons,1710-1720,1780-1789,0.69703,0.30297,74,234,,,,,
prolonger,1720-1730,1789-1802,0.696983,0.303017,68,868,,0.017354,0.982646,,
qni,1730-1740,1789-1802,0.696924,0.303076,117,765,,,,,
seau,1710-1720,1789-1802,0.696838,0.303162,179,227,,,,,
rude,1730-1740,1770-1780,0.696774,0.303226,534,859,,,,,
cloud,1720-1730,1789-1802,0.696761,0.303239,147,404,,,,,
c'étoient,1700-1710,1760-1770,0.696444,0.303556,124,420,,,,,
paume,1700-1710,1789-1802,0.696429,0.303571,56,158,,0.027251,0.972749,,
infame,1710-1720,1740-1750,0.696245,0.303755,170,136,,0.02409,0.97591,,
plin,1700-1710,1789-1802,0.696146,0.303854,95,168,,0.017192,0.982808,,
survient,1700-1710,1710-1720,0.696111,0.303889,225,133,,0.034388,0.965612,,
creuser,1700-1710,1770-1780,0.69607,0.30393,63,654,,0.021146,0.978854,,
diver,1710-1720,1750-1760,0.696011,0.303989,58,162,,,,,
cage,1710-1720,1720-1730,0.695983,0.304017,139,103,,,,,
julte,1700-1710,1789-1802,0.695967,0.304033,91,252,,0.013831,0.986169,,
d'ordonner,1740-1750,1789-1802,0.69592,0.30408,194,584,,,,,
s'éloigner,1710-1720,1720-1730,0.695796,0.304204,107,104,,,,,
leon,1730-1740,1789-1802,0.695722,0.304278,712,78,,,,,
nio,1710-1720,1780-1789,0.695598,0.304402,88,153,,0.013916,0.986084,,
multi,1710-1720,1760-1770,0.695438,0.304562,85,262,,0.020409,0.979591,,
poe,1700-1710,1770-1780,0.695368,0.304632,112,154,,,,,
flandres,1720-1730,1789-1802,0.69531,0.30469,673,517,,,,,
d'abandonner,1710-1720,1750-1760,0.695222,0.304778,196,492,,,,,
qu'aujourd'hui,1700-1710,1770-1780,0.695198,0.304802,50,430,,,,,
rebelle,1730-1740,1750-1760,0.695197,0.304803,229,348,,0.008541,0.991459,,
flamand,1700-1710,1789-1802,0.69516,0.30484,283,87,,,,,
qle,1730-1740,1789-1802,0.695109,0.304891,79,578,,,,,
mod,1770-1780,1789-1802,0.694978,0.305022,774,153,,,,,
contrevenu,1720-1730,1789-1802,0.694957,0.305043,98,57,,,,,
succedent,1730-1740,1789-1802,0.694934,0.305066,155,111,,0.053291,0.946709,,
fla,1730-1740,1750-1760,0.694933,0.305067,135,143,,,,,
exploit,1710-1720,1789-1802,0.694872,0.305128,305,261,,,,,
d'i,1700-1710,1789-1802,0.694866,0.305134,199,882,,,,,
consequences,1720-1730,1789-1802,0.694834,0.305166,72,124,,,,,
julqu'à,1700-1710,1789-1802,0.694761,0.305239,95,194,,,,,
eie,1710-1720,1720-1730,0.694742,0.305258,52,68,,0.011482,0.988518,,
dud,1720-1730,1789-1802,0.694736,0.305264,132,54,,0.06672,0.93328,,
genéraux,1740-1750,1789-1802,0.694695,0.305305,62,218,,,,,
débauché,1720-1730,1780-1789,0.694677,0.305323,54,183,,,,,
l'ombre,1750-1760,1770-1780,0.694664,0.305336,781,2068,,,,,
prt,1710-1720,1740-1750,0.694559,0.305441,92,167,,0.014887,0.985113,,
rudement,1700-1710,1730-1740,0.694533,0.305467,148,129,,,,,
aifément,1720-1730,1730-1740,0.6945,0.3055,75,374,,0.02321,0.97679,,
apud,1740-1750,1770-1780,0.694462,0.305538,3641,2902,,,,,
parier,1710-1720,1730-1740,0.69435,0.30565,101,103,,,,,
meuble,1700-1710,1720-1730,0.694326,0.305674,199,91,,,,,
ede,1710-1720,1740-1750,0.694259,0.305741,59,96,,0.01,0.99,,
lira,1700-1710,1760-1770,0.694221,0.305779,120,136,,0.029409,0.970591,,
plie,1700-1710,1789-1802,0.693925,0.306075,116,336,,0.010367,0.989633,,
coa,1710-1720,1789-1802,0.693818,0.306182,72,286,,0.008085,0.991915,,
triple,1710-1720,1770-1780,0.693736,0.306264,158,816,,0.013574,0.986426,,
separe,1700-1710,1770-1780,0.693684,0.306316,96,68,,,,,
l'angleterre,1710-1720,1760-1770,0.693584,0.306416,1227,3322,,,,,
lous,1730-1740,1789-1802,0.693551,0.306449,110,562,,0.01543,0.98457,,
l'amirauté,1720-1730,1760-1770,0.693509,0.306491,158,2075,,,,,
mandemens,1780-1789,1789-1802,0.6935,0.3065,205,92,,,,,
yous,1730-1740,1780-1789,0.693481,0.306519,387,597,,,,,
mandement,1710-1720,1789-1802,0.69343,0.30657,457,443,,,,,
coûtent,1730-1740,1760-1770,0.693216,0.306784,81,389,,0.034627,0.965373,,
courus,1700-1710,1710-1720,0.693037,0.306963,71,60,,0.015748,0.984252,,
remporté,1760-1770,1789-1802,0.692969,0.307031,217,257,,0.013562,0.986438,,
fro,1700-1710,1710-1720,0.692898,0.307102,166,100,,0.015677,0.984323,,
hau,1710-1720,1750-1760,0.692874,0.307126,86,169,,0.013341,0.986659,,
s'élevent,1720-1730,1789-1802,0.692865,0.307135,81,245,,,,,
inonde,1710-1720,1789-1802,0.692798,0.307202,80,511,,0.014597,0.985403,,
atre,1720-1730,1730-1740,0.692773,0.307227,92,52,,0.013991,0.986009,,
mortification,1730-1740,1740-1750,0.692771,0.307229,81,195,,,,,
scc,1710-1720,1730-1740,0.692573,0.307427,92,51,,0.016689,0.983311,,
fre,1710-1720,1740-1750,0.692563,0.307437,208,402,,0.005247,0.994753,,
chassé,1720-1730,1789-1802,0.692418,0.307582,90,665,,0.013721,0.986279,,
ious,1730-1740,1750-1760,0.692397,0.307603,126,186,,0.010638,0.989362,,
pipe,1750-1760,1780-1789,0.692374,0.307626,118,315,,0.006437,0.993563,,
bourreau,1740-1750,1760-1770,0.692261,0.307739,172,314,,0.008345,0.991655,,
sommes,1700-1710,1760-1770,0.692241,0.307759,2328,7430,,,,,
aufii,1700-1710,1710-1720,0.692231,0.307769,191,189,,0.013963,0.986037,,
indemnité,1710-1720,1740-1750,0.692163,0.307837,78,59,,0.013571,0.986429,,
lile,1740-1750,1750-1760,0.692056,0.307944,213,56,,0.033244,0.966756,,
iere,1740-1750,1780-1789,0.692045,0.307955,107,363,,0.014144,0.985856,,
précédé,1700-1710,1780-1789,0.691894,0.308106,62,1148,,0.026592,0.973408,,
couvrant,1710-1720,1720-1730,0.691803,0.308197,62,64,,0.009866,0.990134,,
s'apperçoit,1700-1710,1750-1760,0.691754,0.308246,50,187,,,,,
échouer,1700-1710,1770-1780,0.691749,0.308251,53,444,,0.041536,0.958464,,
pcr,1700-1710,1760-1770,0.691657,0.308343,514,192,,,,,
iue,1710-1720,1789-1802,0.691642,0.308358,74,898,,0.01577,0.98423,,
mcs,1700-1710,1710-1720,0.691578,0.308422,145,53,,,,,
sièges,1710-1720,1750-1760,0.691531,0.308469,209,182,,,,,
commodément,1700-1710,1730-1740,0.691473,0.308527,111,190,,,,,
l'au,1730-1740,1789-1802,0.691472,0.308528,633,1426,,,,,
superflu,1700-1710,1710-1720,0.691435,0.308565,81,121,,0.009869,0.990131,,
immortel,1700-1710,1710-1720,0.691402,0.308598,59,87,,0.022237,0.977763,,
ilne,1720-1730,1740-1750,0.691219,0.308781,72,108,,0.011477,0.988523,,
avaler,1720-1730,1730-1740,0.691098,0.308902,57,75,,,,,
fez,1700-1710,1789-1802,0.690977,0.309023,307,296,,0.020902,0.979098,,
dro,1700-1710,1730-1740,0.690953,0.309047,78,283,,0.026431,0.973569,,
fusil,1710-1720,1770-1780,0.690929,0.309071,97,583,,0.0136,0.9864,,
historique,1760-1770,1780-1789,0.690926,0.309074,613,1450,,0.026447,0.973553,,
d'appeller,1710-1720,1789-1802,0.690792,0.309208,72,233,,,,,
lee,1710-1720,1780-1789,0.690787,0.309213,50,455,,0.009584,0.990416,,
nomine,1720-1730,1789-1802,0.690717,0.309283,585,400,,0.026202,0.973798,,
vei,1730-1740,1740-1750,0.690659,0.309341,292,83,,0.076964,0.923036,,
patres,1700-1710,1740-1750,0.69059,0.30941,56,133,,0.023383,0.976617,,
arriere,1730-1740,1760-1770,0.690531,0.309469,256,599,,0.02481,0.97519,,
sergent,1780-1789,1789-1802,0.690514,0.309486,544,431,,,,,
souris,1730-1740,1770-1780,0.69047,0.30953,141,435,,0.030089,0.969911,,
paste,1720-1730,1789-1802,0.690451,0.309549,240,204,,0.021586,0.978414,,
chaloupes,1750-1760,1760-1770,0.690441,0.309559,66,253,,,,,
aces,1710-1720,1720-1730,0.690408,0.309592,120,205,,0.015907,0.984093,,
heros,1710-1720,1789-1802,0.690287,0.309713,745,69,,,,,
diversité,1710-1720,1730-1740,0.690241,0.309759,214,265,,0.017347,0.982653,,
japon,1700-1710,1750-1760,0.690109,0.309891,51,835,,0.01403,0.98597,,
affe,1730-1740,1740-1750,0.690053,0.309947,133,278,,0.012126,0.987874,,
ifles,1710-1720,1789-1802,0.689716,0.310284,60,194,,0.017424,0.982576,,
sign,1740-1750,1789-1802,0.689584,0.310416,218,233,,0.007912,0.992088,,
conservez,1700-1710,1720-1730,0.689565,0.310435,88,105,,0.016338,0.983662,,
moit,1710-1720,1720-1730,0.689544,0.310456,82,106,,0.016258,0.983742,,
terrestres,1700-1710,1710-1720,0.689366,0.310634,83,60,,0.025792,0.974208,,
rats,1700-1710,1730-1740,0.689283,0.310717,144,117,,0.011994,0.988006,,
justices,1730-1740,1789-1802,0.689264,0.310736,120,288,,,,,
vantes,1700-1710,1780-1789,0.689226,0.310774,60,507,,0.0121,0.9879,,
quite,1730-1740,1789-1802,0.689216,0.310784,103,130,,,,,
montpellier,1710-1720,1760-1770,0.689173,0.310827,87,887,,0.019194,0.980806,,
lets,1700-1710,1730-1740,0.689087,0.310913,59,112,,0.015495,0.984505,,
l'experience,1700-1710,1789-1802,0.689071,0.310929,238,74,,,,,
paya,1700-1710,1710-1720,0.688866,0.311134,77,95,,0.012895,0.987105,,
défier,1700-1710,1710-1720,0.688857,0.311143,77,122,,0.017962,0.982038,,
justifie,1700-1710,1789-1802,0.688743,0.311257,153,444,,0.019209,0.980791,,
depense,1730-1740,1740-1750,0.688592,0.311408,60,87,,,,,
subir,1700-1710,1789-1802,0.688497,0.311503,61,1073,,0.018894,0.981106,,
occa,1700-1710,1780-1789,0.688463,0.311537,82,661,,0.016065,0.983935,,
tiares,1700-1710,1760-1770,0.688454,0.311546,55,643,,0.013622,0.986378,,
l'etre,1740-1750,1789-1802,0.688349,0.311651,604,561,,,,,
excufe,1700-1710,1710-1720,0.688177,0.311823,58,53,,0.011579,0.988421,,
achevée,1750-1760,1760-1770,0.688122,0.311878,190,265,,,,,
personne,1710-1720,1770-1780,0.687831,0.312169,6365,17924,,,,,
conmme,1710-1720,1760-1770,0.68779,0.31221,55,207,,0.013881,0.986119,,
convoquer,1710-1720,1730-1740,0.687772,0.312228,96,120,,0.024796,0.975204,,
monceau,1720-1730,1730-1740,0.687691,0.312309,56,155,,0.03226,0.96774,,
superieurs,1740-1750,1770-1780,0.687682,0.312318,91,76,,,,,
coupée,1700-1710,1750-1760,0.687578,0.312422,112,290,,0.014755,0.985245,,
glorifier,1700-1710,1770-1780,0.687524,0.312476,73,168,,0.077482,0.922518,,
d'attendre,1750-1760,1780-1789,0.687496,0.312504,441,1083,,,,,
ecs,1720-1730,1760-1770,0.687387,0.312613,102,142,,0.018296,0.981704,,
auli,1700-1710,1789-1802,0.687366,0.312634,185,450,,0.014492,0.985508,,
coude,1720-1730,1760-1770,0.686953,0.313047,88,229,,0.020801,0.979199,,
dijon,1740-1750,1780-1789,0.686951,0.313049,353,1667,,0.025222,0.974778,,
grange,1730-1740,1770-1780,0.686901,0.313099,116,568,,,,,
impériaux,1710-1720,1740-1750,0.686801,0.313199,132,177,,0.086127,0.913873,,
menues,1730-1740,1789-1802,0.686796,0.313204,198,183,,0.033814,0.966186,,
cue,1700-1710,1730-1740,0.686685,0.313315,148,167,,0.01929,0.98071,,
cra,1710-1720,1740-1750,0.686618,0.313382,104,162,,0.005439,0.994561,,
caligula,1700-1710,1730-1740,0.686618,0.313382,57,52,,0.009238,0.990762,,
moien,1710-1720,1770-1780,0.686586,0.313414,186,135,,,,,
aion,1710-1720,1720-1730,0.686537,0.313463,78,90,,,,,
d'ef,1710-1720,1789-1802,0.686448,0.313552,106,385,,,,,
signi,1720-1730,1770-1780,0.686429,0.313571,60,127,,0.007903,0.992097,,
jufle,1710-1720,1770-1780,0.686391,0.313609,62,457,,0.0118,0.9882,,
cedent,1710-1720,1730-1740,0.68637,0.31363,70,110,,0.012634,0.987366,,
droi,1700-1710,1740-1750,0.686175,0.313825,77,228,,0.018373,0.981627,,
l'occasion,1710-1720,1740-1750,0.686173,0.313827,967,2402,,,,,
fec,1700-1710,1730-1740,0.686105,0.313895,170,226,,0.023812,0.976188,,
clerc,1740-1750,1789-1802,0.686063,0.313937,574,601,,,,,
bâtit,1710-1720,1740-1750,0.686057,0.313943,88,215,,0.019177,0.980823,,
abondamment,1700-1710,1760-1770,0.686018,0.313982,178,685,,0.013621,0.986379,,
adrien,1730-1740,1789-1802,0.686008,0.313992,210,417,,0.019709,0.980291,,
réalité,1700-1710,1780-1789,0.685876,0.314124,147,1073,,0.061184,0.938816,,
payen,1720-1730,1730-1740,0.685835,0.314165,88,122,,,,,
d'obtenir,1770-1780,1789-1802,0.685763,0.314237,1168,1527,,,,,
cyrus,1740-1750,1780-1789,0.685726,0.314274,120,1303,,0.016247,0.983753,,
l'eternel,1720-1730,1770-1780,0.685717,0.314283,669,263,,,,,
infidèle,1710-1720,1720-1730,0.685644,0.314356,101,59,,,,,
hem,1730-1740,1770-1780,0.685627,0.314373,75,273,,0.011808,0.988192,,
turenne,1700-1710,1740-1750,0.685623,0.314377,102,175,,0.021845,0.978155,,
l'audience,1700-1710,1740-1750,0.685606,0.314394,96,776,,,,,
bailler,1710-1720,1789-1802,0.685595,0.314405,405,101,,,,,
l'instruction,1700-1710,1750-1760,0.685472,0.314528,53,152,,,,,
constitutions,1710-1720,1789-1802,0.685446,0.314554,133,727,,,,,
salé,1710-1720,1760-1770,0.685404,0.314596,422,599,,0.022259,0.977741,,
s'explique,1700-1710,1770-1780,0.685402,0.314598,56,397,,,,,
scio,1720-1730,1760-1770,0.685384,0.314616,80,68,,,,,
cotte,1700-1710,1789-1802,0.685323,0.314677,65,477,,0.019413,0.980587,,
l'aurore,1750-1760,1770-1780,0.685284,0.314716,355,594,,,,,
d'usage,1700-1710,1789-1802,0.685257,0.314743,78,921,,,,,
collége,1700-1710,1730-1740,0.685247,0.314753,65,164,,0.037326,0.962674,,
augure,1750-1760,1770-1780,0.685143,0.314857,252,409,,,,,
oooo,1700-1710,1730-1740,0.685015,0.314985,600,215,,,,,
coûta,1710-1720,1720-1730,0.68492,0.31508,77,88,,0.024602,0.975398,,
qu'outre,1710-1720,1789-1802,0.68491,0.31509,161,167,,,,,
présentent,1700-1710,1710-1720,0.684873,0.315127,77,114,,0.01255,0.98745,,
confondent,1710-1720,1730-1740,0.684777,0.315223,101,78,,0.030959,0.969041,,
rencontres,1780-1789,1789-1802,0.684763,0.315237,268,110,,,,,
extérieure,1700-1710,1789-1802,0.684631,0.315369,133,831,,0.031842,0.968158,,
dît,1700-1710,1720-1730,0.684607,0.315393,146,103,,,,,
moral,1700-1710,1780-1789,0.68457,0.31543,81,1507,,0.019411,0.980589,,
goute,1740-1750,1770-1780,0.684501,0.315499,138,123,,,,,
appellez,1710-1720,1770-1780,0.68437,0.31563,365,211,,,,,
see,1770-1780,1789-1802,0.68437,0.31563,524,436,,,,,
cologne,1730-1740,1760-1770,0.684264,0.315736,539,563,,,,,
dictionnaire,1720-1730,1740-1750,0.684241,0.315759,90,101,,0.012365,0.987635,,
tendant,1710-1720,1780-1789,0.684208,0.315792,132,712,,0.01925,0.98075,,
sia,1740-1750,1760-1770,0.683959,0.316041,192,284,,0.01077,0.98923,,
doubler,1700-1710,1710-1720,0.683795,0.316205,74,81,,0.011372,0.988628,,
capitales,1700-1710,1720-1730,0.683774,0.316226,50,187,,0.046927,0.953073,,
l'égalité,1700-1710,1789-1802,0.683745,0.316255,118,3255,,,,,
qte,1730-1740,1740-1750,0.683726,0.316274,60,126,,0.015852,0.984148,,
lifte,1700-1710,1789-1802,0.683627,0.316373,54,492,,0.024708,0.975292,,
aini,1700-1710,1730-1740,0.683619,0.316381,187,166,,0.012545,0.987455,,
etr,1730-1740,1789-1802,0.683616,0.316384,80,455,,0.016011,0.983989,,
commandeur,1710-1720,1789-1802,0.683372,0.316628,187,484,,,,,
vogue,1700-1710,1730-1740,0.683253,0.316747,69,154,,0.016567,0.983433,,
sentes,1720-1730,1760-1770,0.683105,0.316895,164,641,,0.032578,0.967422,,
pore,1710-1720,1770-1780,0.682895,0.317105,70,254,,0.009123,0.990877,,
l'appelle,1730-1740,1789-1802,0.682888,0.317112,432,650,,,,,
originaire,1700-1710,1720-1730,0.682886,0.317114,84,369,,0.04481,0.95519,,
too,1740-1750,1770-1780,0.682786,0.317214,85,404,,,,,
d'apprendre,1710-1720,1770-1780,0.6827,0.3173,211,937,,,,,
bade,1700-1710,1740-1750,0.682669,0.317331,69,85,,,,,
plongé,1720-1730,1730-1740,0.68258,0.31742,98,167,,0.027484,0.972516,,
d'amiens,1710-1720,1730-1740,0.68254,0.31746,3462,155,,,,,
tournai,1710-1720,1760-1770,0.682481,0.317519,53,135,,,,,
xlvi,1710-1720,1740-1750,0.682457,0.317543,59,149,,0.015284,0.984716,,
pete,1730-1740,1770-1780,0.682452,0.317548,81,109,,0.010592,0.989408,,
possibilité,1700-1710,1720-1730,0.682424,0.317576,94,79,,0.023478,0.976522,,
faur,1730-1740,1760-1770,0.682371,0.317629,88,244,,0.024359,0.975641,,
sueur,1700-1710,1730-1740,0.682346,0.317654,65,109,,0.02556,0.97444,,
caire,1700-1710,1710-1720,0.682309,0.317691,139,59,,,,,
l'oi,1720-1730,1760-1770,0.682298,0.317702,74,127,,,,,
recettes,1760-1770,1789-1802,0.682271,0.317729,374,1786,,0.016268,0.983732,,
reformer,1710-1720,1780-1789,0.68223,0.31777,71,105,,,,,
méditerranée,1740-1750,1789-1802,0.682228,0.317772,191,629,,0.042262,0.957738,,
oue,1730-1740,1740-1750,0.682188,0.317812,189,260,,0.010497,0.989503,,
fieurs,1700-1710,1720-1730,0.682116,0.317884,201,510,,,,,
seigneurie,1740-1750,1780-1789,0.682069,0.317931,1633,955,,,,,
u'ils,1710-1720,1730-1740,0.68205,0.31795,54,51,,,,,
fiir,1710-1720,1789-1802,0.68188,0.31812,125,587,,0.012969,0.987031,,
enée,1720-1730,1789-1802,0.681859,0.318141,78,67,,,,,
l'impatience,1710-1720,1789-1802,0.681832,0.318168,104,285,,,,,
haro,1720-1730,1789-1802,0.681701,0.318299,106,110,,,,,
hall,1780-1789,1789-1802,0.681648,0.318352,342,383,,,,,
transportée,1740-1750,1760-1770,0.681589,0.318411,164,218,,0.016416,0.983584,,
plais,1710-1720,1720-1730,0.681506,0.318494,82,58,,0.021701,0.978299,,
combattant,1710-1720,1740-1750,0.681438,0.318562,81,131,,0.012908,0.987092,,
pcur,1720-1730,1730-1740,0.681416,0.318584,92,60,,0.01332,0.98668,,
îles,1700-1710,1720-1730,0.681308,0.318692,66,119,,0.055962,0.944038,,
perds,1770-1780,1789-1802,0.681233,0.318767,399,374,,0.017402,0.982598,,
avantageusement,1700-1710,1789-1802,0.681184,0.318816,119,406,,0.034794,0.965206,,
caverne,1720-1730,1780-1789,0.681096,0.318904,85,627,,0.009672,0.990328,,
servante,1700-1710,1740-1750,0.681085,0.318915,220,161,,,,,
mazarin,1730-1740,1780-1789,0.681043,0.318957,300,252,,,,,
trafiquer,1760-1770,1789-1802,0.680983,0.319017,160,162,,,,,
qlue,1710-1720,1789-1802,0.680541,0.319459,53,793,,0.018568,0.981432,,
conc,1710-1720,1760-1770,0.680388,0.319612,136,59,,0.013806,0.986194,,
tures,1720-1730,1770-1780,0.680383,0.319617,124,441,,0.015519,0.984481,,
séparée,1730-1740,1750-1760,0.680333,0.319667,154,211,,0.015881,0.984119,,
zooo,1730-1740,1780-1789,0.680298,0.319702,190,160,,,,,
preface,1720-1730,1760-1770,0.680281,0.319719,224,118,,,,,
redevances,1710-1720,1789-1802,0.680264,0.319736,135,609,,,,,
boule,1710-1720,1720-1730,0.680215,0.319785,61,197,,0.018917,0.981083,,
téméraire,1750-1760,1770-1780,0.680207,0.319793,495,751,,0.069153,0.930847,,
bit,1730-1740,1770-1780,0.680129,0.319871,190,388,,,,,
ute,1710-1720,1730-1740,0.680105,0.319895,56,76,,,,,
close,1700-1710,1780-1789,0.68008,0.31992,296,271,,,,,
rôles,1720-1730,1740-1750,0.680079,0.319921,423,234,,0.045793,0.954207,,
opi,1720-1730,1789-1802,0.679998,0.320002,86,426,,0.012522,0.987478,,
profitant,1710-1720,1760-1770,0.679991,0.320009,65,200,,0.013938,0.986062,,
précede,1700-1710,1720-1730,0.679988,0.320012,93,81,,0.023363,0.976637,,
ferver,1700-1710,1740-1750,0.679948,0.320052,61,202,,0.017011,0.982989,,
pierrot,1720-1730,1740-1750,0.679929,0.320071,385,67,,,,,
oter,1710-1720,1730-1740,0.679874,0.320126,85,51,,,,,
paire,1700-1710,1760-1770,0.679772,0.320228,111,596,,0.022204,0.977796,,
incommode,1770-1780,1780-1789,0.679741,0.320259,558,445,,0.019693,0.980307,,
dns,1720-1730,1740-1750,0.679681,0.320319,147,198,,0.017659,0.982341,,
désagréable,1700-1710,1720-1730,0.679641,0.320359,63,84,,0.02537,0.97463,,
dar,1710-1720,1740-1750,0.67964,0.32036,90,165,,0.009566,0.990434,,
mettroit,1710-1720,1760-1770,0.679537,0.320463,109,521,,0.015678,0.984322,,
proximité,1720-1730,1730-1740,0.679439,0.320561,101,142,,,,,
retrouve,1700-1710,1710-1720,0.679353,0.320647,58,114,,0.008162,0.991838,,
garnir,1720-1730,1740-1750,0.67932,0.32068,66,96,,,,,
considerables,1760-1770,1789-1802,0.67911,0.32089,152,165,,,,,
trompeur,1720-1730,1780-1789,0.679063,0.320937,87,401,,0.021955,0.978045,,
proye,1700-1710,1789-1802,0.679062,0.320938,248,85,,,,,
proue,1700-1710,1750-1760,0.679033,0.320967,52,87,,0.039172,0.960828,,
pâle,1770-1780,1780-1789,0.678867,0.321133,852,932,,0.012349,0.987651,,
l'étendue,1730-1740,1789-1802,0.678846,0.321154,1003,3590,,,,,
imputer,1720-1730,1789-1802,0.678846,0.321154,58,304,,0.027329,0.972671,,
rar,1710-1720,1789-1802,0.678787,0.321213,81,473,,0.008384,0.991616,,
fore,1740-1750,1770-1780,0.678786,0.321214,494,850,,,,,
cuite,1720-1730,1780-1789,0.678776,0.321224,142,505,,,,,
l'ami,1700-1710,1760-1770,0.678769,0.321231,94,897,,,,,
proportionnée,1710-1720,1780-1789,0.678655,0.321345,136,820,,0.03468,0.96532,,
d'avancer,1700-1710,1710-1720,0.678651,0.321349,94,144,,,,,
l'opinion,1720-1730,1789-1802,0.678607,0.321393,601,6247,,,,,
rts,1730-1740,1740-1750,0.678592,0.321408,63,103,,0.009393,0.990607,,
peit,1720-1730,1730-1740,0.678561,0.321439,74,52,,0.024178,0.975822,,
dénombrement,1730-1740,1740-1750,0.678448,0.321552,247,240,,0.023815,0.976185,,
gout,1700-1710,1780-1789,0.678436,0.321564,103,526,,0.016598,0.983402,,
relevée,1710-1720,1780-1789,0.678421,0.321579,174,431,,,,,
l'u,1700-1710,1760-1770,0.678417,0.321583,145,552,,,,,
débite,1700-1710,1740-1750,0.678412,0.321588,54,92,,0.026454,0.973546,,
juil,1770-1780,1789-1802,0.678368,0.321632,192,584,,0.017034,0.982966,,
gardoient,1720-1730,1750-1760,0.678282,0.321718,98,109,,0.033383,0.966617,,
aulfi,1730-1740,1760-1770,0.678262,0.321738,315,955,,0.019177,0.980823,,
appelé,1700-1710,1730-1740,0.678134,0.321866,113,130,,0.009967,0.990033,,
obligeant,1700-1710,1780-1789,0.677987,0.322013,111,269,,0.051482,0.948518,,
cceur,1700-1710,1720-1730,0.677964,0.322036,153,227,,0.021967,0.978033,,
l'officier,1710-1720,1730-1740,0.677887,0.322113,125,332,,,,,
dures,1720-1730,1770-1780,0.677861,0.322139,252,940,,0.020938,0.979062,,
causc,1730-1740,1750-1760,0.677713,0.322287,121,91,,,,,
usa,1760-1770,1789-1802,0.677712,0.322288,230,216,,0.010746,0.989254,,
ines,1710-1720,1720-1730,0.677709,0.322291,80,152,,0.013568,0.986432,,
favorise,1710-1720,1789-1802,0.677707,0.322293,84,359,,0.019398,0.980602,,
frappée,1730-1740,1770-1780,0.677604,0.322396,287,617,,0.023324,0.976676,,
d'autres,1710-1720,1720-1730,0.677522,0.322478,8158,7724,,,,,
d'oublier,1710-1720,1789-1802,0.677477,0.322523,60,291,,,,,
l'explication,1760-1770,1789-1802,0.677463,0.322537,522,573,,,,,
roide,1700-1710,1780-1789,0.67745,0.32255,60,301,,0.017527,0.982473,,
commandez,1720-1730,1770-1780,0.677423,0.322577,113,100,,,,,
lem,1740-1750,1780-1789,0.677418,0.322582,126,184,,0.011434,0.988566,,
parfum,1700-1710,1710-1720,0.677406,0.322594,53,58,,0.00904,0.99096,,
s'attache,1710-1720,1720-1730,0.677404,0.322596,147,151,,,,,
d'horace,1720-1730,1730-1740,0.67739,0.32261,84,1504,,,,,
compétence,1730-1740,1760-1770,0.677328,0.322672,244,486,,0.02065,0.97935,,
ncr,1730-1740,1760-1770,0.677303,0.322697,50,94,,0.007991,0.992009,,
cetter,1700-1710,1789-1802,0.677115,0.322885,66,357,,0.011561,0.988439,,
concorde,1700-1710,1760-1770,0.677081,0.322919,66,268,,0.02545,0.97455,,
boue,1700-1710,1760-1770,0.677079,0.322921,74,404,,0.05159,0.94841,,
amen,1710-1720,1770-1780,0.677036,0.322964,186,148,,,,,
avants,1700-1710,1789-1802,0.676964,0.323036,57,333,,0.009994,0.990006,,
dixmes,1710-1720,1770-1780,0.67694,0.32306,925,176,,0.031781,0.968219,,
cervelle,1720-1730,1789-1802,0.676853,0.323147,87,268,,,,,
lls,1710-1720,1730-1740,0.676851,0.323149,104,81,,0.012906,0.987094,,
valois,1700-1710,1740-1750,0.676781,0.323219,155,291,,0.022052,0.977948,,
n'empêche,1710-1720,1789-1802,0.676739,0.323261,151,306,,,,,
liber,1720-1730,1750-1760,0.676656,0.323344,477,437,,0.021788,0.978212,,
mufique,1720-1730,1750-1760,0.676643,0.323357,120,987,,0.022185,0.977815,,
continuée,1760-1770,1770-1780,0.676594,0.323406,201,326,,,,,
curent,1710-1720,1770-1780,0.676547,0.323453,53,142,,0.014461,0.985539,,
abraham,1710-1720,1720-1730,0.676536,0.323464,94,395,,,,,
apperçu,1740-1750,1789-1802,0.676311,0.323689,479,1503,,0.069682,0.930318,,
l'odeur,1730-1740,1770-1780,0.676133,0.323867,138,1046,,,,,
sangla,1700-1710,1730-1740,0.676103,0.323897,63,74,,0.00644,0.99356,,
nostri,1720-1730,1780-1789,0.676027,0.323973,158,95,,,,,
memoires,1740-1750,1760-1770,0.675985,0.324015,317,209,,,,,
riante,1720-1730,1750-1760,0.675978,0.324022,68,156,,0.03229,0.96771,,
génération,1720-1730,1789-1802,0.675869,0.324131,78,1141,,0.029094,0.970906,,
maigres,1710-1720,1730-1740,0.675844,0.324156,122,148,,0.028667,0.971333,,
pent,1730-1740,1760-1770,0.675822,0.324178,146,263,,0.011162,0.988838,,
divertit,1710-1720,1760-1770,0.675787,0.324213,87,72,,,,,
l'ecriture,1710-1720,1730-1740,0.675765,0.324235,629,930,,,,,
vertes,1750-1760,1789-1802,0.675577,0.324423,445,405,,0.013116,0.986884,,
d'orleans,1730-1740,1780-1789,0.675539,0.324461,886,712,,,,,
boëte,1710-1720,1720-1730,0.675395,0.324605,56,92,,,,,
saxe,1730-1740,1760-1770,0.675285,0.324715,709,874,,0.025336,0.974664,,
savoie,1710-1720,1789-1802,0.67521,0.32479,308,793,,,,,
nen,1710-1720,1789-1802,0.675165,0.324835,73,258,,0.01374,0.98626,,
job,1710-1720,1770-1780,0.675164,0.324836,73,192,,0.009777,0.990223,,
polies,1710-1720,1780-1789,0.675124,0.324876,176,701,,0.036581,0.963419,,
fue,1730-1740,1770-1780,0.674891,0.325109,79,158,,,,,
d'air,1720-1730,1789-1802,0.674874,0.325126,135,916,,,,,
poussée,1750-1760,1760-1770,0.674751,0.325249,230,358,,0.014305,0.985695,,
l'aîné,1720-1730,1760-1770,0.6747,0.3253,178,466,,,,,
l'humanité,1700-1710,1789-1802,0.674667,0.325333,56,4049,,,,,
retranche,1710-1720,1720-1730,0.674489,0.325511,100,106,,0.008151,0.991849,,
c'ei,1710-1720,1730-1740,0.674424,0.325576,78,60,,,,,
pius,1700-1710,1750-1760,0.674402,0.325598,114,271,,0.014596,0.985404,,
l'accomplissement,1700-1710,1750-1760,0.674305,0.325695,67,148,,,,,
pio,1710-1720,1789-1802,0.67429,0.32571,56,164,,0.015499,0.984501,,
particul,1730-1740,1760-1770,0.674267,0.325733,174,449,,0.008663,0.991337,,
savoye,1700-1710,1780-1789,0.674246,0.325754,215,1369,,,,,
l'esclavage,1710-1720,1789-1802,0.674229,0.325771,102,2000,,,,,
ejl,1730-1740,1780-1789,0.674131,0.325869,271,829,,0.027098,0.972902,,
qus,1740-1750,1750-1760,0.674046,0.325954,107,102,,0.01551,0.98449,,
offi,1700-1710,1789-1802,0.674022,0.325978,84,365,,0.018083,0.981917,,
scl,1700-1710,1740-1750,0.67402,0.32598,105,64,,0.010644,0.989356,,
depend,1710-1720,1770-1780,0.674008,0.325992,106,129,,,,,
l'observation,1700-1710,1760-1770,0.674007,0.325993,79,703,,,,,
mineure,1730-1740,1760-1770,0.673907,0.326093,324,372,,0.025816,0.974184,,
pression,1710-1720,1789-1802,0.673872,0.326128,69,787,,0.030405,0.969595,,
minime,1780-1789,1789-1802,0.673799,0.326201,86,142,,,,,
sulpice,1700-1710,1780-1789,0.673676,0.326324,132,353,,,,,
satan,1700-1710,1760-1770,0.673553,0.326447,81,199,,0.012728,0.987272,,
lenteur,1700-1710,1760-1770,0.673538,0.326462,122,410,,0.045327,0.954673,,
confesser,1700-1710,1730-1740,0.673375,0.326625,58,120,,0.039049,0.960951,,
aflez,1720-1730,1730-1740,0.673352,0.326648,240,416,,0.011839,0.988161,,
pel,1710-1720,1780-1789,0.673324,0.326676,92,255,,0.005716,0.994284,,
leo,1710-1720,1760-1770,0.673213,0.326787,123,114,,,,,
compas,1710-1720,1750-1760,0.673177,0.326823,91,235,,0.016216,0.983784,,
exposez,1710-1720,1760-1770,0.673173,0.326827,239,89,,,,,
iez,1730-1740,1789-1802,0.672925,0.327075,52,154,,0.016156,0.983844,,
l'hom,1700-1710,1710-1720,0.672921,0.327079,81,59,,,,,
d'antoine,1700-1710,1789-1802,0.672853,0.327147,217,104,,,,,
l'auteur,1710-1720,1720-1730,0.672834,0.327166,1554,3100,,,,,
vai,1700-1710,1760-1770,0.672739,0.327261,205,345,,0.018668,0.981332,,
ida,1780-1789,1789-1802,0.672731,0.327269,377,155,,0.01627,0.98373,,
terris,1740-1750,1760-1770,0.672299,0.327701,366,255,,0.026427,0.973573,,
interprétation,1720-1730,1760-1770,0.672229,0.327771,205,295,,0.011251,0.988749,,
tal,1740-1750,1760-1770,0.672132,0.327868,161,318,,0.009624,0.990376,,
liii,1730-1740,1760-1770,0.672058,0.327942,288,268,,0.013309,0.986691,,
sclon,1760-1770,1780-1789,0.672036,0.327964,89,97,,,,,
germains,1700-1710,1780-1789,0.671991,0.328009,62,817,,0.048722,0.951278,,
menus,1740-1750,1789-1802,0.671945,0.328055,96,340,,0.030757,0.969243,,
marchoient,1700-1710,1720-1730,0.671885,0.328115,62,311,,0.033613,0.966387,,
crû,1700-1710,1780-1789,0.671828,0.328172,604,617,,,,,
splendeur,1710-1720,1730-1740,0.671813,0.328187,86,124,,0.019974,0.980026,,
argumens,1780-1789,1789-1802,0.6718,0.3282,564,465,,0.023442,0.976558,,
tiendront,1710-1720,1730-1740,0.671722,0.328278,272,162,,0.011281,0.988719,,
furieuse,1750-1760,1789-1802,0.671712,0.328288,93,209,,,,,
l'efpagne,1710-1720,1740-1750,0.671675,0.328325,57,704,,,,,
européens,1730-1740,1789-1802,0.671582,0.328418,107,1181,,0.013622,0.986378,,
magie,1700-1710,1750-1760,0.671483,0.328517,72,263,,0.010345,0.989655,,
dts,1730-1740,1789-1802,0.671424,0.328576,95,725,,0.012777,0.987223,,
veritable,1710-1720,1789-1802,0.671305,0.328695,990,173,,,,,
c'é,1710-1720,1750-1760,0.671265,0.328735,95,232,,,,,
sam,1730-1740,1770-1780,0.671254,0.328746,112,225,,0.015558,0.984442,,
ages,1720-1730,1730-1740,0.671252,0.328748,123,98,,0.02223,0.97777,,
réveiller,1710-1720,1720-1730,0.67124,0.32876,64,67,,0.011655,0.988345,,
tigre,1700-1710,1760-1770,0.670921,0.329079,97,245,,0.022677,0.977323,,
coloris,1710-1720,1760-1770,0.670903,0.329097,229,506,,,,,
fret,1730-1740,1760-1770,0.6709,0.3291,77,1652,,,,,
flux,1720-1730,1730-1740,0.670854,0.329146,247,374,,,,,
symbole,1700-1710,1730-1740,0.67071,0.32929,162,284,,0.029414,0.970586,,
vcrs,1700-1710,1730-1740,0.670689,0.329311,101,53,,,,,
jusqu'aux,1720-1730,1770-1780,0.670575,0.329425,578,2451,,,,,
commi,1730-1740,1789-1802,0.670546,0.329454,62,197,,0.017719,0.982281,,
ccla,1700-1710,1750-1760,0.670462,0.329538,166,151,,,,,
juda,1710-1720,1730-1740,0.670156,0.329844,64,241,,,,,
mans,1740-1750,1760-1770,0.670143,0.329857,233,481,,0.012752,0.987248,,
pavé,1700-1710,1710-1720,0.670068,0.329932,78,976,,0.02025,0.97975,,
laye,1740-1750,1789-1802,0.669918,0.330082,180,135,,0.078872,0.921128,,
jules,1730-1740,1750-1760,0.6699,0.3301,489,710,,0.017404,0.982596,,
qu'avec,1700-1710,1750-1760,0.669896,0.330104,823,2127,,,,,
livrée,1710-1720,1789-1802,0.669828,0.330172,146,1062,,0.049292,0.950708,,
payoit,1720-1730,1730-1740,0.669665,0.330335,122,536,,0.046618,0.953382,,
cte,1740-1750,1770-1780,0.669654,0.330346,339,256,,0.024251,0.975749,,
houmme,1700-1710,1730-1740,0.669504,0.330496,67,51,,0.012533,0.987467,,
chandelle,1710-1720,1720-1730,0.6695,0.3305,159,82,,0.016105,0.983895,,
doyen,1730-1740,1789-1802,0.669472,0.330528,151,406,,,,,
foa,1710-1720,1730-1740,0.669455,0.330545,63,145,,0.012518,0.987482,,
fournissent,1720-1730,1730-1740,0.66938,0.33062,199,187,,0.013859,0.986141,,
lampe,1720-1730,1760-1770,0.669335,0.330665,102,326,,,,,
cenfure,1710-1720,1730-1740,0.669285,0.330715,86,230,,0.019464,0.980536,,
tendus,1710-1720,1750-1760,0.669262,0.330738,62,103,,0.020943,0.979057,,
mées,1720-1730,1760-1770,0.669121,0.330879,80,178,,0.01341,0.98659,,
duel,1700-1710,1760-1770,0.669079,0.330921,55,214,,0.011446,0.988554,,
subtilité,1700-1710,1750-1760,0.669071,0.330929,61,157,,0.010957,0.989043,,
iion,1720-1730,1740-1750,0.669058,0.330942,98,120,,0.010097,0.989903,,
restituer,1720-1730,1730-1740,0.669058,0.330942,106,222,,,,,
légat,1740-1750,1750-1760,0.669039,0.330961,331,331,,0.025059,0.974941,,
soupçonné,1700-1710,1720-1730,0.669033,0.330967,63,81,,0.012954,0.987046,,
oti,1710-1720,1770-1780,0.668883,0.331117,64,216,,,,,
faussement,1710-1720,1750-1760,0.668856,0.331144,71,93,,0.022215,0.977785,,
ade,1700-1710,1770-1780,0.668855,0.331145,182,738,,0.015516,0.984484,,
peti,1700-1710,1740-1750,0.668842,0.331158,167,118,,0.026037,0.973963,,
vieil,1700-1710,1789-1802,0.668839,0.331161,162,480,,0.028664,0.971336,,
chanson,1720-1730,1730-1740,0.668754,0.331246,83,691,,0.062396,0.937604,,
inquit,1730-1740,1789-1802,0.668693,0.331307,696,200,,0.038572,0.961428,,
succede,1700-1710,1780-1789,0.668631,0.331369,72,282,,0.034919,0.965081,,
prologue,1750-1760,1760-1770,0.668562,0.331438,662,66,,,,,
veri,1710-1720,1760-1770,0.668538,0.331462,128,78,,,,,
entrez,1720-1730,1770-1780,0.668467,0.331533,308,244,,,,,
comes,1770-1780,1789-1802,0.668402,0.331598,425,132,,0.014559,0.985441,,
lorf,1700-1710,1710-1720,0.668321,0.331679,76,98,,0.014698,0.985302,,
imaginables,1770-1780,1789-1802,0.668264,0.331736,179,191,,,,,
retranché,1710-1720,1720-1730,0.66813,0.33187,138,156,,,,,
expier,1730-1740,1740-1750,0.667952,0.332048,132,102,,0.017771,0.982229,,
gratia,1730-1740,1740-1750,0.667898,0.332102,918,139,,0.017745,0.982255,,
qu'autrefois,1700-1710,1710-1720,0.667897,0.332103,53,86,,,,,
l'archiduc,1710-1720,1740-1750,0.667769,0.332231,127,198,,,,,
l'i,1730-1740,1760-1770,0.667538,0.332462,410,744,,,,,
inhumaine,1780-1789,1789-1802,0.667373,0.332627,168,123,,,,,
medecin,1720-1730,1750-1760,0.667369,0.332631,316,230,,,,,
mahomet,1700-1710,1730-1740,0.667221,0.332779,86,503,,0.018023,0.981977,,
ssi,1700-1710,1750-1760,0.66715,0.33285,610,161,,0.014377,0.985623,,
d'ouvrage,1710-1720,1789-1802,0.667123,0.332877,57,238,,,,,
décrier,1710-1720,1740-1750,0.66695,0.33305,77,98,,0.018559,0.981441,,
infaillibles,1710-1720,1789-1802,0.666784,0.333216,52,139,,0.027532,0.972468,,
pompes,1700-1710,1770-1780,0.666691,0.333309,60,626,,0.017583,0.982417,,
vilaine,1700-1710,1780-1789,0.66669,0.33331,65,267,,0.045937,0.954063,,
metz,1780-1789,1789-1802,0.666667,0.333333,1010,813,,0.011631,0.988369,,
parterre,1710-1720,1780-1789,0.666517,0.333483,161,762,,,,,
levure,1700-1710,1760-1770,0.666483,0.333517,69,538,,0.043665,0.956335,,
dains,1720-1730,1740-1750,0.666414,0.333586,70,98,,0.009613,0.990387,,
civilité,1700-1710,1789-1802,0.666409,0.333591,116,137,,,,,
statut,1710-1720,1730-1740,0.666311,0.333689,60,58,,0.024727,0.975273,,
aris,1700-1710,1789-1802,0.666123,0.333877,69,383,,0.011806,0.988194,,
faction,1710-1720,1760-1770,0.666046,0.333954,72,291,,0.018235,0.981765,,
mamelé,1740-1750,1789-1802,0.665995,0.334005,100,64,,0.027976,0.972024,,
marius,1700-1710,1760-1770,0.665874,0.334126,315,286,,,,,
obtenues,1720-1730,1789-1802,0.665838,0.334162,171,143,,,,,
livrc,1730-1740,1740-1750,0.66581,0.33419,63,58,,,,,
ecu,1720-1730,1789-1802,0.665793,0.334207,803,198,,,,,
ferve,1700-1710,1730-1740,0.665744,0.334256,79,145,,0.02252,0.97748,,
poussiere,1710-1720,1730-1740,0.665403,0.334597,176,158,,0.024363,0.975637,,
qu'cn,1710-1720,1730-1740,0.665359,0.334641,92,76,,,,,
unl,1730-1740,1750-1760,0.665341,0.334659,56,158,,0.009343,0.990657,,
angélique,1740-1750,1789-1802,0.665297,0.334703,572,369,,,,,
valere,1770-1780,1789-1802,0.665285,0.334715,942,315,,0.011515,0.988485,,
chanvre,1740-1750,1760-1770,0.665146,0.334854,1230,1313,,,,,
stes,1700-1710,1730-1740,0.665109,0.334891,66,92,,0.014975,0.985025,,
ecl,1740-1750,1780-1789,0.665073,0.334927,125,292,,0.012738,0.987262,,
paroitra,1710-1720,1750-1760,0.665024,0.334976,60,99,,0.011215,0.988785,,
honteusement,1700-1710,1740-1750,0.665012,0.334988,50,77,,0.034826,0.965174,,
préalable,1710-1720,1789-1802,0.664667,0.335333,85,606,,0.068684,0.931316,,
magis,1730-1740,1780-1789,0.664658,0.335342,773,811,,0.0272,0.9728,,
mutuelle,1750-1760,1770-1780,0.664549,0.335451,328,540,,0.00934,0.99066,,
sss,1740-1750,1750-1760,0.664544,0.335456,202,135,,0.015598,0.984402,,
dles,1720-1730,1789-1802,0.664536,0.335464,126,1651,,0.012494,0.987506,,
ige,1710-1720,1789-1802,0.664534,0.335466,56,443,,0.012642,0.987358,,
api,1740-1750,1770-1780,0.664434,0.335566,104,143,,0.006689,0.993311,,
présumer,1710-1720,1740-1750,0.664398,0.335602,110,201,,0.037457,0.962543,,
generale,1730-1740,1760-1770,0.664396,0.335604,739,128,,,,,
étourdi,1720-1730,1740-1750,0.664367,0.335633,77,128,,0.023916,0.976084,,
lts,1730-1740,1740-1750,0.664306,0.335694,92,132,,0.010772,0.989228,,
fatis,1710-1720,1789-1802,0.664239,0.335761,253,120,,,,,
collet,1710-1720,1730-1740,0.664228,0.335772,97,143,,0.040964,0.959036,,
expressement,1720-1730,1770-1780,0.664219,0.335781,155,113,,,,,
gueur,1700-1710,1710-1720,0.664121,0.335879,62,70,,0.012104,0.987896,,
marchent,1710-1720,1760-1770,0.664018,0.335982,144,386,,0.022669,0.977331,,
hardes,1710-1720,1720-1730,0.663892,0.336108,205,93,,,,,
finis,1700-1710,1760-1770,0.663786,0.336214,178,602,,0.014632,0.985368,,
signifier,1700-1710,1760-1770,0.663658,0.336342,207,327,,,,,
durent,1730-1740,1740-1750,0.663459,0.336541,132,306,,0.018854,0.981146,,
imi,1730-1740,1760-1770,0.66344,0.33656,84,152,,0.008075,0.991925,,
nitre,1700-1710,1720-1730,0.663376,0.336624,289,142,,,,,
taillis,1710-1720,1720-1730,0.6633,0.3367,183,91,,0.025086,0.974914,,
d'accorder,1720-1730,1789-1802,0.663265,0.336735,181,894,,,,,
chantons,1760-1770,1789-1802,0.663164,0.336836,98,162,,,,,
ades,1700-1710,1770-1780,0.663019,0.336981,84,332,,0.01619,0.98381,,
flûte,1700-1710,1720-1730,0.662995,0.337005,74,60,,0.016841,0.983159,,
paquets,1710-1720,1770-1780,0.662948,0.337052,322,365,,0.034811,0.965189,,
longe,1740-1750,1760-1770,0.662863,0.337137,189,87,,0.029409,0.970591,,
iso,1710-1720,1770-1780,0.662754,0.337246,54,159,,0.007831,0.992169,,
malins,1700-1710,1710-1720,0.662679,0.337321,55,61,,0.017852,0.982148,,
tuteur,1720-1730,1730-1740,0.66258,0.33742,167,650,,,,,
commentaires,1700-1710,1720-1730,0.662572,0.337428,82,177,,0.009736,0.990264,,
veine,1710-1720,1760-1770,0.662486,0.337514,112,1646,,,,,
quan,1720-1730,1750-1760,0.662425,0.337575,233,531,,0.019723,0.980277,,
relief,1700-1710,1780-1789,0.662194,0.337806,326,573,,0.039011,0.960989,,
bourdeaux,1770-1780,1789-1802,0.662142,0.337858,142,50,,,,,
sertilité,1710-1720,1750-1760,0.662019,0.337981,95,283,,0.045755,0.954245,,
frontières,1720-1730,1730-1740,0.661916,0.338084,99,165,,0.021827,0.978173,,
deja,1730-1740,1789-1802,0.661913,0.338087,447,419,,,,,
mariniers,1720-1730,1760-1770,0.661902,0.338098,52,390,,,,,
deviendront,1700-1710,1720-1730,0.661889,0.338111,51,66,,0.018598,0.981402,,
passées,1770-1780,1789-1802,0.661804,0.338196,465,564,,,,,
galanteries,1740-1750,1780-1789,0.661769,0.338231,72,102,,,,,
dig,1730-1740,1760-1770,0.661768,0.338232,94,270,,0.028527,0.971473,,
c'cit,1700-1710,1750-1760,0.661713,0.338287,111,79,,,,,
livrées,1720-1730,1789-1802,0.661704,0.338296,116,400,,0.05712,0.94288,,
necessairement,1700-1710,1789-1802,0.66169,0.33831,201,99,,,,,
igne,1710-1720,1789-1802,0.661676,0.338324,57,196,,0.012765,0.987235,,
hôtes,1710-1720,1740-1750,0.661661,0.338339,79,143,,0.013732,0.986268,,
conservant,1700-1710,1710-1720,0.661335,0.338665,62,77,,0.010662,0.989338,,
entrera,1700-1710,1720-1730,0.661303,0.338697,58,61,,0.012886,0.987114,,
verge,1700-1710,1750-1760,0.661287,0.338713,296,392,,,,,
piés,1720-1730,1789-1802,0.661266,0.338734,112,61,,,,,
dansée,1710-1720,1730-1740,0.661234,0.338766,95,98,,,,,
oracles,1720-1730,1770-1780,0.661192,0.338808,235,886,,0.024493,0.975507,,
q'il,1730-1740,1789-1802,0.661135,0.338865,101,335,,,,,
iei,1710-1720,1720-1730,0.661067,0.338933,66,88,,0.010794,0.989206,,
d'ornemens,1700-1710,1760-1770,0.660904,0.339096,50,82,,,,,
tombera,1700-1710,1780-1789,0.660805,0.339195,65,239,,0.021761,0.978239,,
exempte,1700-1710,1789-1802,0.660791,0.339209,55,423,,0.018444,0.981556,,
ique,1700-1710,1750-1760,0.660738,0.339262,187,333,,0.010092,0.989908,,
rangers,1710-1720,1730-1740,0.660711,0.339289,108,61,,0.020175,0.979825,,
l'honnêteté,1700-1710,1710-1720,0.660678,0.339322,67,97,,,,,
controlleur,1710-1720,1780-1789,0.660674,0.339326,1418,117,,,,,
l'empire,1730-1740,1789-1802,0.660648,0.339352,5659,8063,,,,,
dte,1700-1710,1750-1760,0.660644,0.339356,167,270,,0.016398,0.983602,,
fonr,1750-1760,1789-1802,0.660643,0.339357,305,383,,0.012894,0.987106,,
particules,1750-1760,1789-1802,0.660459,0.339541,353,337,,0.022682,0.977318,,
nuisible,1710-1720,1730-1740,0.660435,0.339565,120,210,,0.031681,0.968319,,
soulage,1710-1720,1760-1770,0.660387,0.339613,68,336,,0.027047,0.972953,,
sterling,1720-1730,1760-1770,0.660385,0.339615,627,1672,,,,,
excede,1720-1730,1789-1802,0.660371,0.339629,61,136,,0.030166,0.969834,,
l'intendant,1710-1720,1760-1770,0.660359,0.339641,131,1088,,,,,
l'union,1710-1720,1750-1760,0.660352,0.339648,816,770,,,,,
rons,1770-1780,1780-1789,0.660317,0.339683,517,735,,0.010168,0.989832,,
payez,1710-1720,1789-1802,0.660316,0.339684,786,173,,,,,
credit,1730-1740,1770-1780,0.660312,0.339688,385,265,,,,,
solde,1700-1710,1730-1740,0.660246,0.339754,161,166,,0.061685,0.938315,,
importun,1720-1730,1789-1802,0.660241,0.339759,51,180,,,,,
nomi,1730-1740,1789-1802,0.660231,0.339769,61,333,,0.016857,0.983143,,
drc,1730-1740,1789-1802,0.660222,0.339778,93,231,,0.011435,0.988565,,
volent,1700-1710,1750-1760,0.660168,0.339832,138,156,,0.016479,0.983521,,
difficilement,1720-1730,1730-1740,0.66012,0.33988,131,167,,0.010634,0.989366,,
légèrement,1720-1730,1730-1740,0.659945,0.340055,52,142,,0.010516,0.989484,,
observera,1710-1720,1789-1802,0.659888,0.340112,88,291,,0.022301,0.977699,,
d'exemples,1700-1710,1740-1750,0.659793,0.340207,111,211,,,,,
term,1700-1710,1760-1770,0.659575,0.340425,457,58,,,,,
plaisance,1700-1710,1750-1760,0.659497,0.340503,72,324,,0.017404,0.982596,,
villars,1730-1740,1740-1750,0.659465,0.340535,249,176,,,,,
mouiller,1750-1760,1760-1770,0.659438,0.340562,97,227,,,,,
l'oiseau,1700-1710,1720-1730,0.659424,0.340576,205,91,,,,,
qai,1710-1720,1740-1750,0.659422,0.340578,137,241,,0.01333,0.98667,,
latine,1720-1730,1780-1789,0.659359,0.340641,479,967,,,,,
jouant,1710-1720,1720-1730,0.659322,0.340678,61,76,,0.014062,0.985938,,
mcr,1730-1740,1750-1760,0.65931,0.34069,53,60,,,,,
clermont,1740-1750,1789-1802,0.65927,0.34073,245,801,,0.016371,0.983629,,
langueur,1720-1730,1789-1802,0.659265,0.340735,117,590,,0.031426,0.968574,,
daniel,1700-1710,1720-1730,0.659255,0.340745,242,713,,,,,
mathieu,1700-1710,1760-1770,0.659112,0.340888,54,388,,0.016557,0.983443,,
ccttc,1750-1760,1760-1770,0.659048,0.340952,62,94,,,,,
l'entreprise,1700-1710,1780-1789,0.659002,0.340998,81,1055,,,,,
dcl,1700-1710,1760-1770,0.658793,0.341207,518,356,,,,,
jolies,1720-1730,1750-1760,0.658627,0.341373,85,303,,,,,
aperçu,1710-1720,1789-1802,0.658582,0.341418,135,395,,,,,
verts,1730-1740,1740-1750,0.658554,0.341446,83,104,,0.011594,0.988406,,
annibal,1700-1710,1720-1730,0.658387,0.341613,84,940,,0.021536,0.978464,,
l'exercice,1740-1750,1750-1760,0.658377,0.341623,790,1047,,,,,
eternel,1740-1750,1770-1780,0.658241,0.341759,70,91,,,,,
bri,1730-1740,1780-1789,0.658178,0.341822,159,497,,0.005677,0.994323,,
l'inclination,1710-1720,1760-1770,0.658172,0.341828,106,157,,,,,
lera,1730-1740,1740-1750,0.658142,0.341858,89,147,,,,,
ians,1710-1720,1740-1750,0.658027,0.341973,155,373,,0.009696,0.990304,,
seil,1700-1710,1789-1802,0.658016,0.341984,71,379,,0.01901,0.98099,,
leveur,1730-1740,1789-1802,0.657982,0.342018,77,135,,0.021973,0.978027,,
deflein,1700-1710,1789-1802,0.657889,0.342111,94,77,,0.012801,0.987199,,
lite,1740-1750,1789-1802,0.657865,0.342135,110,371,,0.00972,0.99028,,
l'entreprendre,1720-1730,1789-1802,0.65786,0.34214,78,133,,,,,
nette,1720-1730,1789-1802,0.657829,0.342171,208,411,,,,,
l'héritier,1720-1730,1730-1740,0.657809,0.342191,69,552,,,,,
seint,1720-1730,1760-1770,0.65765,0.34235,127,201,,0.014418,0.985582,,
represente,1700-1710,1789-1802,0.657603,0.342397,238,58,,,,,
portez,1720-1730,1760-1770,0.657277,0.342723,590,369,,,,,
titans,1700-1710,1730-1740,0.657271,0.342729,68,148,,0.010516,0.989484,,
bouillon,1710-1720,1789-1802,0.657267,0.342733,717,460,,,,,
diversement,1740-1750,1750-1760,0.657255,0.342745,79,77,,,,,
quon,1710-1720,1720-1730,0.657207,0.342793,102,105,,0.011203,0.988797,,
ecus,1710-1720,1750-1760,0.657196,0.342804,452,730,,,,,
contré,1750-1760,1770-1780,0.657187,0.342813,226,379,,,,,
dcr,1700-1710,1730-1740,0.657137,0.342863,77,144,,0.010426,0.989574,,
pil,1710-1720,1730-1740,0.656977,0.343023,66,111,,0.012673,0.987327,,
brie,1720-1730,1760-1770,0.656965,0.343035,298,457,,0.019838,0.980162,,
hôpitaux,1750-1760,1780-1789,0.656951,0.343049,483,1452,,0.010349,0.989651,,
fain,1740-1750,1770-1780,0.656744,0.343256,261,555,,0.028959,0.971041,,
fiez,1730-1740,1780-1789,0.65665,0.34335,194,263,,0.036725,0.963275,,
l'acheteur,1720-1730,1789-1802,0.65663,0.34337,141,289,,,,,
clameur,1770-1780,1789-1802,0.656438,0.343562,136,220,,,,,
quee,1710-1720,1750-1760,0.656384,0.343616,63,300,,0.017112,0.982888,,
d'au,1710-1720,1740-1750,0.65637,0.34363,544,1267,,,,,
l'attente,1700-1710,1789-1802,0.656317,0.343683,98,395,,,,,
d'etre,1710-1720,1730-1740,0.656308,0.343692,147,131,,,,,
prs,1710-1720,1730-1740,0.656259,0.343741,70,72,,0.009481,0.990519,,
l'horreur,1730-1740,1789-1802,0.656207,0.343793,492,1278,,,,,
ham,1710-1720,1750-1760,0.65602,0.34398,54,99,,0.016434,0.983566,,
d'histoire,1700-1710,1789-1802,0.656018,0.343982,50,616,,,,,
guyenne,1740-1750,1750-1760,0.65595,0.34405,407,172,,0.04816,0.95184,,
commercial,1780-1789,1789-1802,0.655936,0.344064,331,198,,,,,
pline,1720-1730,1750-1760,0.655834,0.344166,1798,2118,,0.03716,0.96284,,
renvoie,1710-1720,1730-1740,0.655753,0.344247,74,115,,0.010427,0.989573,,
legal,1700-1710,1789-1802,0.655751,0.344249,121,116,,,,,
journellement,1700-1710,1789-1802,0.655657,0.344343,56,869,,0.05422,0.94578,,
vicomté,1700-1710,1710-1720,0.655616,0.344384,51,478,,0.211378,0.788622,,
pâte,1720-1730,1760-1770,0.655564,0.344436,111,2198,,,,,
platte,1740-1750,1789-1802,0.655483,0.344517,133,311,,,,,
boucher,1700-1710,1789-1802,0.655409,0.344591,107,427,,0.032562,0.967438,,
soufre,1710-1720,1760-1770,0.655399,0.344601,115,1112,,,,,
dires,1720-1730,1789-1802,0.655395,0.344605,115,211,,0.014944,0.985056,,
jonction,1700-1710,1710-1720,0.655298,0.344702,56,59,,0.019346,0.980654,,
singulière,1720-1730,1750-1760,0.655182,0.344818,87,299,,0.012903,0.987097,,
l'étoient,1710-1720,1740-1750,0.655131,0.344869,76,213,,,,,
ouvertures,1700-1710,1750-1760,0.655067,0.344933,87,303,,0.010439,0.989561,,
esté,1700-1710,1789-1802,0.655066,0.344934,1705,161,,,,,
recueille,1710-1720,1789-1802,0.654936,0.345064,85,477,,0.015535,0.984465,,
avancée,1710-1720,1730-1740,0.654807,0.345193,103,207,,,,,
rapportant,1700-1710,1740-1750,0.654804,0.345196,57,145,,0.018171,0.981829,,
villers,1700-1710,1789-1802,0.654605,0.345395,98,318,,0.009907,0.990093,,
mule,1710-1720,1720-1730,0.654603,0.345397,93,85,,,,,
vres,1710-1720,1780-1789,0.654458,0.345542,225,748,,0.021665,0.978335,,
géneral,1700-1710,1740-1750,0.654422,0.345578,65,511,,0.035213,0.964787,,
solidement,1700-1710,1770-1780,0.654284,0.345716,64,659,,0.039915,0.960085,,
dai,1710-1720,1750-1760,0.654273,0.345727,99,205,,0.00998,0.99002,,
tim,1760-1770,1780-1789,0.654202,0.345798,104,271,,0.009896,0.990104,,
modo,1750-1760,1770-1780,0.65413,0.34587,788,1487,,,,,
indépendamment,1700-1710,1770-1780,0.654023,0.345977,87,1284,,0.041845,0.958155,,
prévoyance,1700-1710,1770-1780,0.654,0.346,66,573,,0.010939,0.989061,,
l'élection,1700-1710,1710-1720,0.653912,0.346088,114,176,,,,,
lots,1730-1740,1770-1780,0.653825,0.346175,66,1041,,,,,
d'argent,1720-1730,1750-1760,0.653667,0.346333,3414,5688,,,,,
mortes,1700-1710,1740-1750,0.653656,0.346344,95,343,,0.015294,0.984706,,
pasté,1700-1710,1710-1720,0.653602,0.346398,77,89,,0.011068,0.988932,,
ambassade,1710-1720,1730-1740,0.653484,0.346516,75,157,,,,,
anneau,1760-1770,1789-1802,0.653422,0.346578,425,295,,,,,
lae,1730-1740,1760-1770,0.653312,0.346688,57,103,,0.009518,0.990482,,
fluide,1710-1720,1720-1730,0.653307,0.346693,64,136,,0.012691,0.987309,,
meurtrier,1700-1710,1780-1789,0.653029,0.346971,59,662,,0.010483,0.989517,,
ocm,1710-1720,1789-1802,0.652951,0.347049,76,1617,,,,,
catalogue,1750-1760,1770-1780,0.652836,0.347164,368,457,,0.009158,0.990842,,
l'ancienne,1740-1750,1789-1802,0.652777,0.347223,1087,2422,,,,,
fiel,1720-1730,1780-1789,0.652748,0.347252,102,466,,0.027439,0.972561,,
code,1720-1730,1789-1802,0.652699,0.347301,87,3063,,0.033239,0.966761,,
parricide,1740-1750,1750-1760,0.652614,0.347386,207,207,,0.013873,0.986127,,
docile,1700-1710,1720-1730,0.652609,0.347391,55,80,,0.008614,0.991386,,
u'on,1710-1720,1730-1740,0.652544,0.347456,58,91,,,,,
lins,1700-1710,1760-1770,0.652456,0.347544,127,425,,0.02159,0.97841,,
fâcheuse,1730-1740,1780-1789,0.652406,0.347594,108,280,,0.020167,0.979833,,
confite,1700-1710,1789-1802,0.652384,0.347616,124,284,,0.015719,0.984281,,
dal,1740-1750,1780-1789,0.652274,0.347726,71,308,,0.053945,0.946055,,
idu,1720-1730,1789-1802,0.652251,0.347749,77,582,,0.010445,0.989555,,
revolte,1760-1770,1789-1802,0.65216,0.34784,69,115,,,,,
ror,1730-1740,1740-1750,0.652082,0.347918,76,117,,0.01146,0.98854,,
allarmes,1700-1710,1789-1802,0.652074,0.347926,107,248,,0.014663,0.985337,,
censure,1700-1710,1740-1750,0.651936,0.348064,107,126,,0.01113,0.98887,,
l'enfance,1700-1710,1710-1720,0.651923,0.348077,78,126,,,,,
imposé,1700-1710,1730-1740,0.65186,0.34814,69,476,,0.056186,0.943814,,
naissant,1700-1710,1710-1720,0.651718,0.348282,75,147,,0.035233,0.964767,,
déclarée,1700-1710,1789-1802,0.651664,0.348336,106,577,,0.026193,0.973807,,
ard,1730-1740,1760-1770,0.651629,0.348371,91,215,,0.007494,0.992506,,
chauffée,1700-1710,1789-1802,0.651605,0.348395,64,251,,0.024592,0.975408,,
quar,1700-1710,1730-1740,0.651538,0.348462,171,133,,0.020594,0.979406,,
colle,1700-1710,1760-1770,0.651444,0.348556,114,1181,,0.062637,0.937363,,
marteau,1710-1720,1730-1740,0.651367,0.348633,139,427,,0.026383,0.973617,,
censeur,1700-1710,1730-1740,0.651316,0.348684,121,50,,,,,
l'interêt,1740-1750,1750-1760,0.651306,0.348694,214,650,,,,,
caprices,1780-1789,1789-1802,0.651189,0.348811,946,970,,0.02076,0.97924,,
surle,1720-1730,1740-1750,0.65108,0.34892,84,138,,0.009272,0.990728,,
plaise,1730-1740,1770-1780,0.651028,0.348972,263,437,,,,,
tromperie,1740-1750,1770-1780,0.650964,0.349036,93,148,,,,,
jar,1700-1710,1780-1789,0.650951,0.349049,127,280,,,,,
notable,1700-1710,1789-1802,0.650906,0.349094,85,243,,0.022889,0.977111,,
refusent,1700-1710,1720-1730,0.650879,0.349121,58,116,,0.018412,0.981588,,
consomme,1700-1710,1730-1740,0.650808,0.349192,50,82,,0.019646,0.980354,,
epitre,1700-1710,1770-1780,0.650485,0.349515,66,337,,0.017556,0.982444,,
iiii,1750-1760,1789-1802,0.650426,0.349574,140,720,,0.020425,0.979575,,
caufé,1700-1710,1710-1720,0.650296,0.349704,65,59,,0.019682,0.980318,,
régle,1710-1720,1789-1802,0.650104,0.349896,251,389,,,,,
orne,1700-1710,1720-1730,0.649912,0.350088,75,82,,0.022337,0.977663,,
restant,1700-1710,1780-1789,0.649714,0.350286,66,456,,0.021884,0.978116,,
maigre,1740-1750,1780-1789,0.6497,0.3503,194,579,,,,,
fréquent,1700-1710,1750-1760,0.649611,0.350389,83,331,,0.043428,0.956572,,
uti,1700-1710,1760-1770,0.649596,0.350404,411,290,,0.026244,0.973756,,
mélancolie,1700-1710,1710-1720,0.64959,0.35041,53,62,,0.013149,0.986851,,
l'épreuve,1700-1710,1710-1720,0.649536,0.350464,79,108,,,,,
cus,1730-1740,1760-1770,0.649517,0.350483,173,176,,0.012764,0.987236,,
seindre,1700-1710,1710-1720,0.649497,0.350503,54,57,,0.012942,0.987058,,
gratis,1740-1750,1760-1770,0.649436,0.350564,107,317,,0.007226,0.992774,,
originairement,1700-1710,1789-1802,0.649353,0.350647,54,459,,0.020982,0.979018,,
ries,1710-1720,1740-1750,0.64931,0.35069,177,318,,0.012491,0.987509,,
joueurs,1730-1740,1789-1802,0.649175,0.350825,91,255,,,,,
l'avertir,1700-1710,1720-1730,0.649041,0.350959,56,77,,,,,
l'empereur,1700-1710,1720-1730,0.648999,0.351001,1107,3217,,,,,
économie,1710-1720,1789-1802,0.648956,0.351044,89,2873,,0.021804,0.978196,,
provint,1730-1740,1789-1802,0.648869,0.351131,89,149,,,,,
l'industrie,1700-1710,1789-1802,0.648868,0.351132,94,3818,,,,,
entraîner,1700-1710,1710-1720,0.648844,0.351156,92,86,,0.029184,0.970816,,
augmentent,1700-1710,1760-1770,0.64878,0.35122,99,689,,0.022287,0.977713,,
qu'l,1730-1740,1760-1770,0.648775,0.351225,67,136,,,,,
charpentiers,1700-1710,1710-1720,0.648762,0.351238,193,215,,,,,
d'u,1720-1730,1789-1802,0.648731,0.351269,361,739,,,,,
volant,1710-1720,1740-1750,0.648726,0.351274,132,271,,0.007839,0.992161,,
multiplient,1710-1720,1730-1740,0.648695,0.351305,84,73,,0.021871,0.978129,,
d'inde,1770-1780,1780-1789,0.648476,0.351524,442,392,,,,,
coquille,1710-1720,1750-1760,0.648416,0.351584,175,327,,0.039675,0.960325,,
soustraire,1700-1710,1710-1720,0.648373,0.351627,99,87,,0.040089,0.959911,,
enc,1730-1740,1750-1760,0.648343,0.351657,97,129,,0.011689,0.988311,,
aborder,1760-1770,1770-1780,0.648341,0.351659,161,257,,,,,
xliv,1740-1750,1750-1760,0.64833,0.35167,157,221,,0.010593,0.989407,,
prop,1730-1740,1780-1789,0.648312,0.351688,50,257,,0.015964,0.984036,,
roue,1700-1710,1760-1770,0.648267,0.351733,116,1870,,0.040176,0.959824,,
tuiles,1700-1710,1770-1780,0.648213,0.351787,53,462,,0.028918,0.971082,,
l'antiquité,1730-1740,1740-1750,0.648197,0.351803,741,572,,,,,
canne,1740-1750,1789-1802,0.648161,0.351839,605,958,,0.044244,0.955756,,
engagée,1700-1710,1730-1740,0.648061,0.351939,106,178,,0.02438,0.97562,,
goûte,1710-1720,1730-1740,0.648054,0.351946,98,164,,0.018294,0.981706,,
figurer,1700-1710,1710-1720,0.648019,0.351981,79,112,,0.01728,0.98272,,
tus,1710-1720,1730-1740,0.648006,0.351994,245,442,,0.011481,0.988519,,
ciers,1780-1789,1789-1802,0.647952,0.352048,484,458,,0.010587,0.989413,,
ôtez,1700-1710,1720-1730,0.647863,0.352137,201,66,,,,,
léon,1720-1730,1789-1802,0.647831,0.352169,93,509,,,,,
ncs,1720-1730,1740-1750,0.64779,0.35221,104,154,,0.012243,0.987757,,
eloge,1710-1720,1720-1730,0.647735,0.352265,51,154,,0.025912,0.974088,,
trompettes,1760-1770,1780-1789,0.64773,0.35227,183,437,,,,,
nre,1740-1750,1780-1789,0.647692,0.352308,110,238,,0.012925,0.987075,,
levez,1720-1730,1750-1760,0.647629,0.352371,246,168,,0.052809,0.947191,,
suivoient,1740-1750,1789-1802,0.647588,0.352412,233,253,,0.037392,0.962608,,
l'air,1740-1750,1789-1802,0.64752,0.35248,4485,7591,,,,,
sauve,1700-1710,1789-1802,0.647482,0.352518,63,656,,0.019456,0.980544,,
anvers,1710-1720,1730-1740,0.647476,0.352524,143,295,,,,,
agreable,1750-1760,1789-1802,0.647382,0.352618,95,69,,,,,
vier,1730-1740,1740-1750,0.64737,0.35263,129,188,,0.0119,0.9881,,
habitation,1700-1710,1789-1802,0.647323,0.352677,54,962,,0.014854,0.985146,,
teints,1720-1730,1789-1802,0.647286,0.352714,67,194,,0.026209,0.973791,,
dogme,1720-1730,1730-1740,0.64712,0.35288,185,315,,,,,
parcequ'il,1700-1710,1760-1770,0.647055,0.352945,57,246,,,,,
scrupules,1710-1720,1789-1802,0.646973,0.353027,106,240,,0.023471,0.976529,,
esc,1750-1760,1770-1780,0.646893,0.353107,423,383,,0.018334,0.981666,,
rcn,1720-1730,1750-1760,0.64673,0.35327,74,67,,0.011362,0.988638,,
genie,1700-1710,1780-1789,0.646646,0.353354,474,201,,,,,
fievre,1710-1720,1780-1789,0.646449,0.353551,80,849,,0.039839,0.960161,,
arri,1710-1720,1780-1789,0.646388,0.353612,131,585,,0.011057,0.988943,,
appeler,1720-1730,1740-1750,0.646322,0.353678,86,114,,0.015155,0.984845,,
fun,1700-1710,1730-1740,0.646295,0.353705,207,191,,0.01416,0.98584,,
françoises,1700-1710,1770-1780,0.646243,0.353757,59,798,,0.047903,0.952097,,
sorties,1720-1730,1760-1770,0.646149,0.353851,377,366,,0.036212,0.963788,,
flatterie,1700-1710,1770-1780,0.646072,0.353928,65,721,,0.038008,0.961992,,
rêve,1700-1710,1789-1802,0.64601,0.35399,63,486,,0.021707,0.978293,,
gardien,1750-1760,1780-1789,0.645964,0.354036,193,482,,0.011048,0.988952,,
recouvrement,1710-1720,1750-1760,0.6459,0.3541,180,255,,0.018156,0.981844,,
réformation,1700-1710,1710-1720,0.64529,0.35471,63,109,,0.0249,0.9751,,
d'estime,1750-1760,1789-1802,0.645274,0.354726,308,387,,,,,
l'apôtre,1720-1730,1740-1750,0.645192,0.354808,65,91,,,,,
societé,1700-1710,1789-1802,0.645189,0.354811,242,477,,,,,
parlera,1720-1730,1789-1802,0.645118,0.354882,98,269,,0.055231,0.944769,,
facilite,1700-1710,1720-1730,0.644891,0.355109,72,103,,0.011779,0.988221,,
qu'ici,1720-1730,1789-1802,0.644881,0.355119,91,448,,,,,
gal,1700-1710,1770-1780,0.644799,0.355201,207,243,,,,,
uir,1730-1740,1770-1780,0.644701,0.355299,61,239,,0.011604,0.988396,,
fidelité,1710-1720,1789-1802,0.64443,0.35557,341,146,,,,,
drs,1710-1720,1740-1750,0.644288,0.355712,82,93,,0.013883,0.986117,,
poursuivis,1700-1710,1710-1720,0.644243,0.355757,58,134,,0.038712,0.961288,,
procession,1700-1710,1750-1760,0.64418,0.35582,77,72,,0.011979,0.988021,,
comp,1710-1720,1760-1770,0.644154,0.355846,152,882,,0.010786,0.989214,,
ites,1720-1730,1730-1740,0.644091,0.355909,102,77,,0.011165,0.988835,,
abandonna,1710-1720,1740-1750,0.643953,0.356047,72,213,,0.017706,0.982294,,
gis,1750-1760,1770-1780,0.64386,0.35614,71,194,,0.008582,0.991418,,
admirablement,1730-1740,1789-1802,0.64385,0.35615,182,77,,,,,
here,1710-1720,1789-1802,0.643843,0.356157,130,398,,,,,
ues,1700-1710,1710-1720,0.643763,0.356237,128,79,,0.010499,0.989501,,
liu,1700-1710,1710-1720,0.643727,0.356273,119,71,,0.014981,0.985019,,
rochelle,1700-1710,1780-1789,0.643581,0.356419,243,1116,,,,,
examinant,1710-1720,1780-1789,0.643575,0.356425,56,411,,0.028302,0.971698,,
land,1710-1720,1789-1802,0.643541,0.356459,72,450,,,,,
arti,1740-1750,1789-1802,0.643491,0.356509,225,362,,0.011876,0.988124,,
hol,1720-1730,1770-1780,0.643467,0.356533,126,416,,0.006554,0.993446,,
pénible,1720-1730,1789-1802,0.64328,0.35672,140,2121,,0.018165,0.981835,,
miseres,1720-1730,1789-1802,0.643273,0.356727,117,73,,,,,
tailleur,1710-1720,1730-1740,0.643228,0.356772,79,58,,,,,
avantageuses,1720-1730,1730-1740,0.643215,0.356785,163,187,,0.02194,0.97806,,
ronces,1700-1710,1760-1770,0.643127,0.356873,55,251,,0.028653,0.971347,,
consequence,1720-1730,1789-1802,0.643083,0.356917,790,402,,,,,
sns,1730-1740,1760-1770,0.643005,0.356995,56,134,,0.013487,0.986513,,
enfers,1730-1740,1770-1780,0.64298,0.35702,514,821,,,,,
d'abus,1700-1710,1789-1802,0.64293,0.35707,152,498,,,,,
ravage,1740-1750,1770-1780,0.642887,0.357113,243,434,,0.008933,0.991067,,
pratiquée,1700-1710,1789-1802,0.642859,0.357141,68,258,,0.024246,0.975754,,
iune,1710-1720,1789-1802,0.642767,0.357233,56,609,,0.016452,0.983548,,
peuplé,1770-1780,1789-1802,0.64252,0.35748,694,661,,0.019156,0.980844,,
racheter,1700-1710,1710-1720,0.642483,0.357517,149,166,,0.01731,0.98269,,
qu'ily,1730-1740,1780-1789,0.642451,0.357549,72,156,,,,,
ôtent,1710-1720,1740-1750,0.642411,0.357589,59,73,,,,,
devers,1700-1710,1780-1789,0.642394,0.357606,104,1970,,0.0316,0.9684,,
j'appelle,1700-1710,1730-1740,0.642336,0.357664,66,105,,,,,
relevant,1710-1720,1789-1802,0.642221,0.357779,61,276,,,,,
employe,1700-1710,1750-1760,0.642214,0.357786,212,678,,,,,
muet,1700-1710,1789-1802,0.642138,0.357862,57,491,,0.013414,0.986586,,
verres,1770-1780,1780-1789,0.642,0.358,1091,821,,0.006827,0.993173,,
l'apparence,1700-1710,1789-1802,0.641932,0.358068,89,679,,,,,
indignement,1700-1710,1710-1720,0.641888,0.358112,65,88,,0.031461,0.968539,,
informée,1720-1730,1730-1740,0.64167,0.35833,85,308,,0.012759,0.987241,,
fourmis,1710-1720,1750-1760,0.64164,0.35836,50,119,,0.011204,0.988796,,
fabius,1700-1710,1730-1740,0.641616,0.358384,73,854,,0.01995,0.98005,,
contracter,1700-1710,1710-1720,0.641569,0.358431,76,60,,0.02552,0.97448,,
fes,1740-1750,1789-1802,0.641561,0.358439,1080,434,,0.032083,0.967917,,
piquer,1710-1720,1789-1802,0.641531,0.358469,117,209,,0.012837,0.987163,,
d'office,1700-1710,1760-1770,0.641511,0.358489,70,773,,,,,
christophe,1770-1780,1780-1789,0.641421,0.358579,315,373,,0.012779,0.987221,,
d'hyver,1720-1730,1760-1770,0.641344,0.358656,81,199,,,,,
novi,1720-1730,1789-1802,0.641322,0.358678,187,118,,,,,
fauxbourg,1770-1780,1789-1802,0.641253,0.358747,1574,371,,0.031569,0.968431,,
complet,1710-1720,1730-1740,0.641214,0.358786,115,150,,0.009911,0.990089,,
lumineux,1720-1730,1760-1770,0.641204,0.358796,66,392,,0.009711,0.990289,,
hil,1710-1720,1730-1740,0.641172,0.358828,63,68,,0.010273,0.989727,,
brandebourg,1720-1730,1740-1750,0.641006,0.358994,124,388,,0.023865,0.976135,,
subsistance,1700-1710,1789-1802,0.640986,0.359014,117,1959,,0.032472,0.967528,,
invite,1700-1710,1720-1730,0.640952,0.359048,57,107,,0.008354,0.991646,,
trempe,1720-1730,1789-1802,0.640947,0.359053,333,362,,0.044533,0.955467,,
mente,1720-1730,1770-1780,0.640876,0.359124,209,296,,0.011889,0.988111,,
d'avignon,1760-1770,1789-1802,0.64087,0.35913,265,293,,,,,
plans,1700-1710,1789-1802,0.640732,0.359268,79,2575,,0.023313,0.976687,,
affranchi,1720-1730,1789-1802,0.640542,0.359458,103,357,,,,,
cuve,1710-1720,1760-1770,0.640541,0.359459,128,1132,,0.022292,0.977708,,
coe,1760-1770,1770-1780,0.640527,0.359473,87,102,,0.0073,0.9927,,
calais,1700-1710,1730-1740,0.640438,0.359562,59,367,,0.016635,0.983365,,
cale,1720-1730,1740-1750,0.64028,0.35972,106,183,,,,,
d'impression,1700-1710,1789-1802,0.640148,0.359852,82,289,,,,,
folles,1700-1710,1760-1770,0.64012,0.35988,78,544,,0.031906,0.968094,,
parlemens,1730-1740,1789-1802,0.6401,0.3599,188,1355,,0.025697,0.974303,,
qu'o,1700-1710,1740-1750,0.639936,0.360064,62,109,,,,,
mouillé,1710-1720,1740-1750,0.639771,0.360229,116,167,,,,,
chri,1710-1720,1770-1780,0.639759,0.360241,62,72,,,,,
trafic,1730-1740,1789-1802,0.639756,0.360244,321,715,,,,,
changeant,1700-1710,1710-1720,0.639733,0.360267,138,156,,0.009724,0.990276,,
suppléer,1700-1710,1760-1770,0.639645,0.360355,82,870,,0.031534,0.968466,,
tié,1700-1710,1710-1720,0.639615,0.360385,72,72,,0.015108,0.984892,,
l'université,1700-1710,1720-1730,0.639436,0.360564,50,545,,,,,
pole,1730-1740,1789-1802,0.639422,0.360578,209,255,,0.016369,0.983631,,
celebre,1700-1710,1789-1802,0.639415,0.360585,203,65,,,,,
super,1730-1740,1740-1750,0.639385,0.360615,1463,1077,,0.01162,0.98838,,
loges,1720-1730,1780-1789,0.639353,0.360647,123,970,,0.027172,0.972828,,
monnoye,1740-1750,1770-1780,0.639193,0.360807,444,623,,,,,
bol,1700-1710,1770-1780,0.639188,0.360812,92,207,,0.016617,0.983383,,
mufes,1740-1750,1789-1802,0.639127,0.360873,101,64,,0.023122,0.976878,,
procuration,1750-1760,1789-1802,0.639089,0.360911,102,325,,,,,
frir,1700-1710,1770-1780,0.638986,0.361014,51,186,,0.016502,0.983498,,
française,1700-1710,1789-1802,0.638983,0.361017,58,5041,,0.090716,0.909284,,
pêcher,1700-1710,1780-1789,0.638842,0.361158,227,418,,0.047568,0.952432,,
saturne,1710-1720,1789-1802,0.638586,0.361414,223,438,,0.050165,0.949835,,
litres,1710-1720,1789-1802,0.63858,0.36142,260,348,,0.018344,0.981656,,
commue,1700-1710,1740-1750,0.638535,0.361465,144,303,,0.013874,0.986126,,
chiffres,1730-1740,1750-1760,0.638505,0.361495,122,155,,0.011399,0.988601,,
ocr,1760-1770,1789-1802,0.638499,0.361501,104,74,,,,,
lanterne,1700-1710,1780-1789,0.638477,0.361523,51,548,,0.016298,0.983702,,
tournée,1700-1710,1789-1802,0.638475,0.361525,81,397,,0.023126,0.976874,,
cantons,1700-1710,1760-1770,0.638468,0.361532,91,1188,,0.046306,0.953694,,
manne,1700-1710,1740-1750,0.638443,0.361557,73,77,,0.029109,0.970891,,
singe,1710-1720,1760-1770,0.638439,0.361561,153,269,,0.025674,0.974326,,
qule,1740-1750,1789-1802,0.638437,0.361563,117,662,,0.014619,0.985381,,
vendoit,1700-1710,1710-1720,0.638358,0.361642,62,124,,0.018929,0.981071,,
convertis,1700-1710,1789-1802,0.638292,0.361708,95,367,,0.032936,0.967064,,
ram,1710-1720,1780-1789,0.638131,0.361869,72,195,,0.010012,0.989988,,
college,1710-1720,1720-1730,0.638075,0.361925,170,2068,,,,,
avi,1760-1770,1789-1802,0.638046,0.361954,167,319,,0.004954,0.995046,,
croyance,1710-1720,1730-1740,0.63803,0.36197,90,106,,0.010432,0.989568,,
imaginaire,1710-1720,1730-1740,0.637906,0.362094,131,199,,0.005667,0.994333,,
convertit,1710-1720,1730-1740,0.637861,0.362139,84,158,,0.019,0.981,,
vinées,1700-1710,1760-1770,0.637844,0.362156,95,595,,0.018547,0.981453,,
laville,1740-1750,1789-1802,0.637758,0.362242,159,136,,0.012057,0.987943,,
trre,1700-1710,1710-1720,0.637722,0.362278,94,61,,0.015482,0.984518,,
êtres,1710-1720,1780-1789,0.63766,0.36234,81,2891,,0.046956,0.953044,,
rne,1730-1740,1760-1770,0.637594,0.362406,88,228,,0.011976,0.988024,,
mentionnées,1700-1710,1789-1802,0.637481,0.362519,89,228,,,,,
ouis,1710-1720,1789-1802,0.637452,0.362548,239,255,,0.015717,0.984283,,
juflice,1700-1710,1789-1802,0.637223,0.362777,197,709,,0.017851,0.982149,,
déguiser,1700-1710,1720-1730,0.6372,0.3628,95,54,,0.027589,0.972411,,
charrue,1730-1740,1760-1770,0.63716,0.36284,85,1794,,0.058074,0.941926,,
roes,1710-1720,1750-1760,0.637064,0.362936,58,397,,0.008435,0.991565,,
xlii,1700-1710,1710-1720,0.636843,0.363157,65,64,,0.02021,0.97979,,
patiemment,1700-1710,1760-1770,0.636795,0.363205,52,138,,0.012745,0.987255,,
grossir,1720-1730,1789-1802,0.636718,0.363282,77,370,,0.012318,0.987682,,
seconds,1700-1710,1780-1789,0.636701,0.363299,73,601,,0.018641,0.981359,,
teau,1710-1720,1789-1802,0.6367,0.3633,96,439,,0.016072,0.983928,,
liir,1720-1730,1750-1760,0.636651,0.363349,68,66,,0.010317,0.989683,,
about,1710-1720,1789-1802,0.636646,0.363354,149,411,,,,,
j'a,1700-1710,1730-1740,0.63655,0.36345,131,193,,,,,
flir,1700-1710,1750-1760,0.636512,0.363488,123,181,,0.009945,0.990055,,
découverts,1700-1710,1760-1770,0.636449,0.363551,78,216,,0.01758,0.98242,,
l'assemblée,1720-1730,1740-1750,0.636353,0.363647,614,763,,,,,
inventions,1780-1789,1789-1802,0.636254,0.363746,471,419,,0.012244,0.987756,,
accomplir,1740-1750,1789-1802,0.636231,0.363769,167,225,,,,,
pains,1700-1710,1760-1770,0.63617,0.36383,97,1287,,0.053206,0.946794,,
d'aujourd'hui,1700-1710,1760-1770,0.636163,0.363837,125,459,,,,,
couronnement,1710-1720,1740-1750,0.635888,0.364112,113,164,,0.046598,0.953402,,
dune,1710-1720,1730-1740,0.635842,0.364158,63,146,,0.010181,0.989819,,
rompus,1700-1710,1789-1802,0.635816,0.364184,89,228,,0.03846,0.96154,,
chancellerie,1710-1720,1789-1802,0.635797,0.364203,278,388,,,,,
diocèse,1700-1710,1710-1720,0.635793,0.364207,596,262,,,,,
err,1710-1720,1750-1760,0.635675,0.364325,51,128,,,,,
lne,1730-1740,1770-1780,0.635638,0.364362,101,366,,0.014781,0.985219,,
tellus,1700-1710,1730-1740,0.635629,0.364371,147,350,,0.01266,0.98734,,
demanderent,1760-1770,1780-1789,0.635572,0.364428,146,384,,0.019666,0.980334,,
enquêtes,1710-1720,1740-1750,0.635531,0.364469,112,150,,,,,
vague,1700-1710,1789-1802,0.635449,0.364551,88,1018,,0.025133,0.974867,,
répondra,1710-1720,1789-1802,0.635422,0.364578,77,325,,0.009293,0.990707,,
devise,1700-1710,1770-1780,0.635398,0.364602,87,236,,,,,
outrages,1700-1710,1720-1730,0.63538,0.36462,50,65,,0.046088,0.953912,,
lyre,1700-1710,1740-1750,0.635366,0.364634,50,129,,0.030306,0.969694,,
possedent,1720-1730,1789-1802,0.635265,0.364735,130,159,,0.026781,0.973219,,
n'ai,1700-1710,1710-1720,0.635198,0.364802,1991,2370,,,,,
courante,1710-1720,1770-1780,0.635057,0.364943,112,416,,,,,
renvoye,1700-1710,1789-1802,0.634889,0.365111,81,116,,0.019794,0.980206,,
casser,1700-1710,1740-1750,0.634863,0.365137,77,84,,0.020796,0.979204,,
s'empare,1710-1720,1789-1802,0.634724,0.365276,63,481,,,,,
sti,1710-1720,1760-1770,0.634646,0.365354,122,184,,,,,
poussant,1700-1710,1780-1789,0.634546,0.365454,79,430,,0.034286,0.965714,,
renouvelle,1700-1710,1720-1730,0.634471,0.365529,114,120,,0.009371,0.990629,,
dérobe,1700-1710,1789-1802,0.634425,0.365575,69,311,,0.02387,0.97613,,
avanture,1710-1720,1780-1789,0.63441,0.36559,287,265,,,,,
ieurs,1700-1710,1760-1770,0.634377,0.365623,79,298,,0.020573,0.979427,,
cde,1700-1710,1789-1802,0.63436,0.36564,100,869,,0.016898,0.983102,,
rur,1720-1730,1770-1780,0.634258,0.365742,63,197,,0.013472,0.986528,,
ordonnée,1720-1730,1730-1740,0.634196,0.365804,242,303,,0.022578,0.977422,,
d'espérance,1700-1710,1789-1802,0.634194,0.365806,60,351,,,,,
damas,1710-1720,1780-1789,0.634171,0.365829,133,632,,,,,
tenms,1700-1710,1710-1720,0.634094,0.365906,60,66,,0.019179,0.980821,,
cett,1710-1720,1760-1770,0.634044,0.365956,69,185,,0.014696,0.985304,,
créa,1710-1720,1740-1750,0.63387,0.36613,200,267,,0.012387,0.987613,,
l'original,1780-1789,1789-1802,0.633865,0.366135,1029,850,,,,,
oblig,1720-1730,1730-1740,0.633736,0.366264,94,92,,0.024336,0.975664,,
fiis,1710-1720,1789-1802,0.633545,0.366455,78,368,,0.013751,0.986249,,
couverture,1700-1710,1740-1750,0.633441,0.366559,134,211,,0.016137,0.983863,,
suivants,1730-1740,1750-1760,0.633386,0.366614,113,181,,0.014885,0.985115,,
vitres,1730-1740,1770-1780,0.633383,0.366617,121,878,,0.018747,0.981253,,
perdues,1700-1710,1730-1740,0.633353,0.366647,59,125,,0.017212,0.982788,,
d'a,1710-1720,1789-1802,0.633332,0.366668,1108,3338,,,,,
quele,1740-1750,1760-1770,0.633288,0.366712,215,373,,,,,
tics,1720-1730,1789-1802,0.633268,0.366732,92,368,,0.010407,0.989593,,
rut,1710-1720,1780-1789,0.633261,0.366739,125,506,,0.021175,0.978825,,
pelle,1740-1750,1760-1770,0.633237,0.366763,276,745,,0.022652,0.977348,,
cce,1740-1750,1770-1780,0.633178,0.366822,110,161,,0.014097,0.985903,,
lorsque,1710-1720,1780-1789,0.63312,0.36688,3909,23511,,0.008615,0.991385,,
distinctement,1720-1730,1789-1802,0.63292,0.36708,62,252,,0.040885,0.959115,,
l'evangile,1720-1730,1740-1750,0.632863,0.367137,476,576,,,,,
elizabeth,1770-1780,1789-1802,0.632838,0.367162,248,327,,,,,
serpens,1760-1770,1770-1780,0.632799,0.367201,177,301,,,,,
rui,1700-1710,1750-1760,0.632736,0.367264,134,194,,0.014096,0.985904,,
exem,1710-1720,1789-1802,0.632579,0.367421,127,365,,0.013465,0.986535,,
l'épouser,1740-1750,1750-1760,0.632575,0.367425,91,99,,,,,
balles,1720-1730,1760-1770,0.632527,0.367473,239,1661,,0.027182,0.972818,,
dun,1700-1710,1789-1802,0.632523,0.367477,168,603,,0.009673,0.990327,,
ruinent,1700-1710,1710-1720,0.632506,0.367494,50,76,,0.017003,0.982997,,
secondé,1720-1730,1789-1802,0.632484,0.367516,50,563,,0.02341,0.97659,,
fauxbourgs,1710-1720,1789-1802,0.632426,0.367574,2280,214,,0.08254,0.91746,,
caufa,1700-1710,1789-1802,0.632339,0.367661,228,192,,0.030329,0.969671,,
connétable,1710-1720,1780-1789,0.632296,0.367704,135,1144,,,,,
alternativement,1700-1710,1789-1802,0.632201,0.367799,59,582,,0.032052,0.967948,,
prospérité,1720-1730,1789-1802,0.632172,0.367828,121,3575,,0.05553,0.94447,,
cot,1720-1730,1730-1740,0.632165,0.367835,180,208,,0.007524,0.992476,,
visions,1710-1720,1740-1750,0.63213,0.36787,67,67,,0.014191,0.985809,,
acceptée,1710-1720,1789-1802,0.632037,0.367963,190,356,,0.039201,0.960799,,
laval,1710-1720,1789-1802,0.632019,0.367981,148,279,,0.028709,0.971291,,
succés,1730-1740,1740-1750,0.631893,0.368107,70,69,,,,,
rappeler,1700-1710,1760-1770,0.631857,0.368143,51,376,,0.032973,0.967027,,
corinthe,1700-1710,1770-1780,0.631835,0.368165,122,575,,0.011912,0.988088,,
rené,1740-1750,1770-1780,0.631698,0.368302,345,376,,0.021473,0.978527,,
structure,1710-1720,1760-1770,0.631694,0.368306,135,696,,,,,
marge,1700-1710,1780-1789,0.63166,0.36834,119,368,,,,,
parade,1700-1710,1710-1720,0.631565,0.368435,67,91,,0.011672,0.988328,,
l'oracle,1740-1750,1780-1789,0.631499,0.368501,314,1287,,,,,
sers,1720-1730,1770-1780,0.631342,0.368658,68,226,,,,,
eroit,1700-1710,1710-1720,0.631317,0.368683,77,104,,0.022801,0.977199,,
proces,1710-1720,1789-1802,0.63105,0.36895,481,286,,,,,
taillé,1710-1720,1740-1750,0.630997,0.369003,110,183,,0.023656,0.976344,,
ttre,1710-1720,1740-1750,0.630959,0.369041,55,175,,0.021162,0.978838,,
camper,1720-1730,1750-1760,0.630959,0.369041,153,93,,,,,
tourmente,1700-1710,1740-1750,0.630892,0.369108,179,113,,0.043602,0.956398,,
descendant,1710-1720,1730-1740,0.63085,0.36915,128,285,,0.017198,0.982802,,
d'ou,1730-1740,1770-1780,0.630796,0.369204,161,434,,,,,
muni,1700-1710,1789-1802,0.630755,0.369245,96,846,,0.019342,0.980658,,
réunis,1700-1710,1789-1802,0.630522,0.369478,66,3872,,0.017656,0.982344,,
bile,1710-1720,1760-1770,0.630382,0.369618,192,551,,,,,
catalogne,1700-1710,1789-1802,0.630291,0.369709,127,188,,,,,
crue,1700-1710,1730-1740,0.630275,0.369725,76,263,,0.015043,0.984957,,
humides,1730-1740,1740-1750,0.630237,0.369763,66,181,,,,,
sejour,1760-1770,1789-1802,0.630068,0.369932,121,174,,,,,
nim,1740-1750,1750-1760,0.630014,0.369986,88,57,,0.011062,0.988938,,
l'orient,1760-1770,1780-1789,0.629981,0.370019,1245,2179,,,,,
paver,1720-1730,1740-1750,0.629849,0.370151,160,95,,0.01659,0.98341,,
d'orange,1760-1770,1770-1780,0.629819,0.370181,312,701,,,,,
nettoyer,1720-1730,1730-1740,0.629722,0.370278,148,90,,,,,
reduits,1700-1710,1789-1802,0.629682,0.370318,150,70,,,,,
angles,1730-1740,1760-1770,0.629672,0.370328,264,1212,,0.021085,0.978915,,
ule,1710-1720,1730-1740,0.629619,0.370381,52,77,,0.011212,0.988788,,
gravée,1700-1710,1740-1750,0.629596,0.370404,53,120,,0.01174,0.98826,,
laon,1710-1720,1760-1770,0.629561,0.370439,203,188,,0.026048,0.973952,,
d'auvergne,1700-1710,1760-1770,0.629559,0.370441,119,313,,,,,
pouvoirs,1700-1710,1789-1802,0.629555,0.370445,101,4817,,0.023565,0.976435,,
proscrit,1700-1710,1740-1750,0.629447,0.370553,54,125,,0.023573,0.976427,,
cette,1700-1710,1720-1730,0.629342,0.370658,43305,58589,,0.010086,0.989914,,
d'italie,1750-1760,1770-1780,0.629329,0.370671,1184,1660,,,,,
d'egypte,1700-1710,1770-1780,0.629302,0.370698,160,1091,,,,,
chairs,1740-1750,1780-1789,0.629227,0.370773,1179,619,,0.037221,0.962779,,
d'utrecht,1710-1720,1730-1740,0.62914,0.37086,115,452,,,,,
pourri,1700-1710,1740-1750,0.62906,0.37094,104,124,,0.015397,0.984603,,
seins,1710-1720,1730-1740,0.629017,0.370983,51,68,,0.019985,0.980015,,
ligion,1700-1710,1710-1720,0.628981,0.371019,57,68,,0.013669,0.986331,,
ars,1710-1720,1720-1730,0.628953,0.371047,155,261,,0.01674,0.98326,,
converti,1700-1710,1730-1740,0.628915,0.371085,98,156,,0.020173,0.979827,,
agneau,1700-1710,1730-1740,0.628809,0.371191,83,76,,,,,
contr'eux,1700-1710,1770-1780,0.628683,0.371317,79,311,,,,,
malignes,1730-1740,1750-1760,0.62868,0.37132,66,80,,0.022026,0.977974,,
mei,1740-1750,1780-1789,0.62867,0.37133,340,318,,0.025228,0.974772,,
grégoire,1720-1730,1730-1740,0.628289,0.371711,339,207,,0.018192,0.981808,,
variation,1730-1740,1740-1750,0.628172,0.371828,100,415,,0.033683,0.966317,,
rendront,1700-1710,1740-1750,0.628153,0.371847,102,204,,0.021399,0.978601,,
éclaircir,1770-1780,1789-1802,0.628126,0.371874,610,348,,0.016342,0.983658,,
révolution,1700-1710,1789-1802,0.628011,0.371989,77,15467,,0.047905,0.952095,,
prairie,1750-1760,1760-1770,0.627975,0.372025,258,358,,0.010633,0.989367,,
bronze,1740-1750,1789-1802,0.627879,0.372121,176,758,,0.015867,0.984133,,
flor,1710-1720,1770-1780,0.627777,0.372223,58,471,,,,,
lainer,1710-1720,1730-1740,0.627774,0.372226,64,64,,0.017116,0.982884,,
chansons,1730-1740,1750-1760,0.627763,0.372237,188,225,,0.015289,0.984711,,
condamnent,1720-1730,1760-1770,0.627752,0.372248,79,151,,,,,
poing,1730-1740,1760-1770,0.627702,0.372298,86,168,,,,,
difgrace,1700-1710,1710-1720,0.627661,0.372339,62,54,,0.019936,0.980064,,
corrige,1700-1710,1710-1720,0.627561,0.372439,72,122,,0.008794,0.991206,,
piquant,1720-1730,1780-1789,0.627546,0.372454,82,728,,0.015719,0.984281,,
incertains,1700-1710,1710-1720,0.627529,0.372471,68,54,,0.015364,0.984636,,
suisses,1700-1710,1780-1789,0.627417,0.372583,65,319,,,,,
surprises,1700-1710,1720-1730,0.627379,0.372621,52,134,,0.025951,0.974049,,
recommandation,1710-1720,1789-1802,0.627335,0.372665,78,353,,,,,
forains,1700-1710,1710-1720,0.62721,0.37279,76,1462,,0.044287,0.955713,,
acclamations,1700-1710,1710-1720,0.62719,0.37281,77,51,,,,,
particulierement,1720-1730,1789-1802,0.627187,0.372813,511,326,,,,,
otre,1700-1710,1710-1720,0.627161,0.372839,77,69,,0.023791,0.976209,,
troyes,1700-1710,1770-1780,0.627075,0.372925,269,716,,,,,
quinzième,1700-1710,1780-1789,0.626941,0.373059,82,301,,0.05506,0.94494,,
entreprit,1700-1710,1720-1730,0.626803,0.373197,91,261,,0.016987,0.983013,,
icu,1730-1740,1760-1770,0.626609,0.373391,63,98,,0.009291,0.990709,,
bouc,1750-1760,1760-1770,0.626586,0.373414,165,343,,0.014044,0.985956,,
bai,1710-1720,1780-1789,0.626555,0.373445,73,412,,0.012702,0.987298,,
qu'un,1700-1710,1750-1760,0.626533,0.373467,6137,17499,,,,,
couvroit,1700-1710,1720-1730,0.626413,0.373587,76,115,,0.01925,0.98075,,
caput,1700-1710,1770-1780,0.626318,0.373682,64,1663,,0.030008,0.969992,,
tui,1740-1750,1780-1789,0.626297,0.373703,469,377,,0.040336,0.959664,,
l'absence,1720-1730,1789-1802,0.626163,0.373837,210,768,,,,,
prodige,1740-1750,1780-1789,0.626109,0.373891,328,964,,0.007103,0.992897,,
creux,1720-1730,1760-1770,0.626094,0.373906,256,1105,,,,,
prêtent,1720-1730,1730-1740,0.626026,0.373974,160,159,,0.019478,0.980522,,
extravagant,1700-1710,1720-1730,0.626,0.374,62,60,,0.017544,0.982456,,
lucile,1720-1730,1770-1780,0.625996,0.374004,72,484,,,,,
gland,1720-1730,1760-1770,0.625885,0.374115,58,473,,0.037704,0.962296,,
l'éducation,1710-1720,1760-1770,0.625873,0.374127,246,1345,,,,,
malo,1780-1789,1789-1802,0.625793,0.374207,655,349,,,,,
doutez,1780-1789,1789-1802,0.625774,0.374226,408,430,,0.024661,0.975339,,
l'instant,1710-1720,1720-1730,0.625736,0.374264,409,326,,,,,
testamens,1730-1740,1780-1789,0.625565,0.374435,169,136,,,,,
navi,1710-1720,1789-1802,0.62555,0.37445,105,173,,0.01992,0.98008,,
mini,1720-1730,1789-1802,0.625456,0.374544,127,407,,0.007627,0.992373,,
fourniture,1700-1710,1710-1720,0.625373,0.374627,70,139,,0.052131,0.947869,,
rde,1710-1720,1770-1780,0.625298,0.374702,76,220,,0.009006,0.990994,,
tales,1700-1710,1789-1802,0.6252,0.3748,54,203,,0.017442,0.982558,,
musiciens,1700-1710,1760-1770,0.625126,0.374874,50,341,,0.032135,0.967865,,
flatté,1700-1710,1770-1780,0.625112,0.374888,104,816,,0.031197,0.968803,,
ardemment,1700-1710,1730-1740,0.625081,0.374919,52,179,,0.03697,0.96303,,
risquer,1710-1720,1770-1780,0.625075,0.374925,138,654,,0.013471,0.986529,,
l'agneau,1720-1730,1780-1789,0.625008,0.374992,67,163,,,,,
d'anjou,1730-1740,1750-1760,0.624978,0.375022,889,505,,,,,
tam,1730-1740,1740-1750,0.624728,0.375272,1533,958,,,,,
fondu,1720-1730,1780-1789,0.62464,0.37536,323,574,,,,,
dixme,1740-1750,1780-1789,0.624606,0.375394,115,343,,,,,
bienveillance,1720-1730,1750-1760,0.624527,0.375473,315,609,,0.021823,0.978177,,
injurieux,1700-1710,1789-1802,0.624467,0.375533,55,290,,0.050156,0.949844,,
bes,1750-1760,1760-1770,0.624379,0.375621,266,279,,0.004752,0.995248,,
ets,1730-1740,1789-1802,0.624287,0.375713,87,499,,0.015003,0.984997,,
n'avons,1710-1720,1730-1740,0.62417,0.37583,562,912,,,,,
tailles,1700-1710,1789-1802,0.624145,0.375855,782,695,,,,,
diriger,1700-1710,1710-1720,0.624115,0.375885,52,66,,0.01193,0.98807,,
five,1730-1740,1780-1789,0.624101,0.375899,498,894,,0.031007,0.968993,,
s'attachent,1750-1760,1760-1770,0.62401,0.37599,163,384,,,,,
dion,1710-1720,1789-1802,0.624005,0.375995,106,193,,,,,
sci,1700-1710,1750-1760,0.623969,0.376031,308,165,,0.013561,0.986439,,
grasse,1700-1710,1780-1789,0.62396,0.37604,76,454,,,,,
vocation,1710-1720,1720-1730,0.623914,0.376086,130,213,,,,,
vallon,1700-1710,1710-1720,0.623904,0.376096,63,50,,0.036478,0.963522,,
pipes,1730-1740,1760-1770,0.62381,0.37619,103,234,,,,,
campa,1700-1710,1760-1770,0.623798,0.376202,50,203,,0.00895,0.99105,,
iou,1730-1740,1789-1802,0.623687,0.376313,77,417,,0.015643,0.984357,,
quoque,1700-1710,1770-1780,0.623591,0.376409,425,2858,,,,,
pins,1730-1740,1789-1802,0.623531,0.376469,129,983,,0.006525,0.993475,,
jouis,1700-1710,1710-1720,0.623516,0.376484,190,78,,0.021836,0.978164,,
lard,1780-1789,1789-1802,0.623474,0.376526,420,471,,,,,
croissent,1770-1780,1789-1802,0.623399,0.376601,764,431,,0.027978,0.972022,,
dani,1720-1730,1750-1760,0.62327,0.37673,98,115,,0.009997,0.990003,,
ravi,1780-1789,1789-1802,0.623249,0.376751,723,555,,,,,
saisies,1710-1720,1750-1760,0.623209,0.376791,324,636,,,,,
présentement,1720-1730,1789-1802,0.623098,0.376902,402,290,,0.00746,0.99254,,
d'éclat,1750-1760,1789-1802,0.623063,0.376937,402,571,,,,,
ménagé,1700-1710,1760-1770,0.622975,0.377025,60,257,,0.024991,0.975009,,
tcs,1730-1740,1789-1802,0.622924,0.377076,101,463,,0.014302,0.985698,,
greffes,1700-1710,1740-1750,0.622843,0.377157,230,97,,,,,
safran,1710-1720,1760-1770,0.62283,0.37717,109,354,,0.0122,0.9878,,
poire,1700-1710,1710-1720,0.622664,0.377336,230,155,,,,,
employez,1730-1740,1789-1802,0.622615,0.377385,437,202,,,,,
paisiblement,1710-1720,1789-1802,0.622533,0.377467,340,549,,,,,
condamna,1710-1720,1730-1740,0.622315,0.377685,101,170,,0.016287,0.983713,,
interdite,1710-1720,1789-1802,0.62229,0.37771,137,272,,0.024579,0.975421,,
majeste,1710-1720,1750-1760,0.622266,0.377734,201,483,,,,,
tutelles,1700-1710,1789-1802,0.62211,0.37789,60,264,,0.027021,0.972979,,
j'espère,1770-1780,1780-1789,0.622101,0.377899,575,1143,,,,,
nymphes,1740-1750,1780-1789,0.622044,0.377956,233,636,,,,,
lons,1720-1730,1750-1760,0.622043,0.377957,103,165,,0.013058,0.986942,,
poix,1710-1720,1760-1770,0.621664,0.378336,254,459,,,,,
circulation,1720-1730,1789-1802,0.62163,0.37837,265,5852,,0.058483,0.941517,,
emportent,1710-1720,1789-1802,0.621605,0.378395,69,142,,0.020749,0.979251,,
palatin,1710-1720,1740-1750,0.621548,0.378452,88,288,,0.02311,0.97689,,
resulte,1720-1730,1789-1802,0.621535,0.378465,89,216,,,,,
sacre,1700-1710,1710-1720,0.621435,0.378565,107,161,,0.028779,0.971221,,
salles,1700-1710,1789-1802,0.621432,0.378568,74,673,,0.029643,0.970357,,
unt,1710-1720,1750-1760,0.621431,0.378569,89,125,,,,,
tourmenter,1700-1710,1770-1780,0.621423,0.378577,93,496,,0.028429,0.971571,,
aveuglément,1720-1730,1750-1760,0.621415,0.378585,54,136,,0.032314,0.967686,,
mince,1750-1760,1780-1789,0.621366,0.378634,406,842,,0.009467,0.990533,,
l's,1710-1720,1720-1730,0.62121,0.37879,74,89,,,,,
l'expression,1700-1710,1720-1730,0.621151,0.378849,149,115,,,,,
aliénation,1700-1710,1720-1730,0.621143,0.378857,55,57,,0.030513,0.969487,,
griefs,1710-1720,1789-1802,0.621104,0.378896,183,570,,0.041567,0.958433,,
l'ancien,1700-1710,1789-1802,0.621102,0.378898,281,3520,,,,,
eci,1740-1750,1760-1770,0.621016,0.378984,104,204,,0.015126,0.984874,,
chevre,1740-1750,1750-1760,0.621013,0.378987,89,122,,0.045244,0.954756,,
blan,1720-1730,1750-1760,0.620979,0.379021,89,83,,0.015791,0.984209,,
qu'y,1710-1720,1770-1780,0.620889,0.379111,343,998,,,,,
aiu,1730-1740,1740-1750,0.620824,0.379176,79,150,,0.013111,0.986889,,
last,1750-1760,1789-1802,0.620818,0.379182,101,658,,,,,
âges,1740-1750,1789-1802,0.620803,0.379197,219,832,,0.017726,0.982274,,
greniers,1710-1720,1720-1730,0.620688,0.379312,402,419,,0.029594,0.970406,,
hauteurs,1700-1710,1770-1780,0.62054,0.37946,75,1026,,0.023632,0.976368,,
contrevenir,1740-1750,1789-1802,0.620451,0.379549,149,57,,,,,
ino,1710-1720,1770-1780,0.620408,0.379592,97,190,,0.010023,0.989977,,
chagrine,1700-1710,1720-1730,0.620385,0.379615,51,56,,0.031037,0.968963,,
gelée,1710-1720,1740-1750,0.620361,0.379639,200,208,,,,,
gardés,1700-1710,1789-1802,0.62035,0.37965,55,334,,0.02546,0.97454,,
cos,1740-1750,1780-1789,0.620349,0.379651,265,550,,0.011342,0.988658,,
iris,1740-1750,1789-1802,0.620311,0.379689,157,289,,0.009987,0.990013,,
ures,1710-1720,1780-1789,0.620309,0.379691,69,430,,0.019124,0.980876,,
germe,1710-1720,1789-1802,0.620177,0.379823,73,1040,,0.027055,0.972945,,
directe,1700-1710,1789-1802,0.619742,0.380258,231,954,,,,,
l'arc,1710-1720,1760-1770,0.619681,0.380319,160,524,,,,,
rle,1710-1720,1770-1780,0.619618,0.380382,79,209,,0.009165,0.990835,,
meil,1720-1730,1740-1750,0.6194,0.3806,140,309,,0.013907,0.986093,,
faste,1710-1720,1789-1802,0.619357,0.380643,118,564,,0.043167,0.956833,,
valère,1780-1789,1789-1802,0.619258,0.380742,112,109,,,,,
mêlez,1720-1730,1770-1780,0.619069,0.380931,110,473,,,,,
l'agriculture,1700-1710,1789-1802,0.619065,0.380935,181,4108,,,,,
accoutumée,1710-1720,1789-1802,0.618982,0.381018,282,425,,0.056767,0.943233,,
lers,1730-1740,1760-1770,0.618926,0.381074,68,122,,0.010381,0.989619,,
jan,1730-1740,1740-1750,0.618836,0.381164,239,302,,0.012602,0.987398,,
ecuyer,1700-1710,1760-1770,0.618791,0.381209,159,315,,0.028579,0.971421,,
d'eglise,1700-1710,1720-1730,0.618631,0.381369,113,176,,,,,
épargne,1700-1710,1760-1770,0.618574,0.381426,64,574,,0.015344,0.984656,,
scellé,1750-1760,1789-1802,0.618565,0.381435,313,304,,0.016873,0.983127,,
quei,1750-1760,1780-1789,0.618531,0.381469,148,425,,0.013395,0.986605,,
sots,1710-1720,1720-1730,0.618529,0.381471,100,68,,0.019704,0.980296,,
cec,1710-1720,1750-1760,0.618441,0.381559,99,205,,0.022047,0.977953,,
extra,1710-1720,1789-1802,0.618394,0.381606,131,374,,0.007547,0.992453,,
superieure,1710-1720,1780-1789,0.618385,0.381615,145,125,,,,,
xxxviii,1700-1710,1710-1720,0.618229,0.381771,90,98,,0.016717,0.983283,,
festin,1750-1760,1760-1770,0.618077,0.381923,218,246,,0.007224,0.992776,,
qti,1730-1740,1789-1802,0.618059,0.381941,88,384,,,,,
alu,1700-1710,1760-1770,0.617999,0.382001,76,95,,0.007716,0.992284,,
démonstration,1710-1720,1789-1802,0.617978,0.382022,72,392,,0.015466,0.984534,,
mni,1730-1740,1789-1802,0.617904,0.382096,58,378,,0.012941,0.987059,,
siege,1710-1720,1789-1802,0.617718,0.382282,618,450,,,,,
durs,1730-1740,1780-1789,0.617618,0.382382,248,681,,0.01155,0.98845,,
m'arrête,1710-1720,1750-1760,0.617614,0.382386,62,134,,,,,
bayonne,1730-1740,1760-1770,0.617547,0.382453,481,957,,,,,
fréquens,1700-1710,1730-1740,0.617457,0.382543,50,116,,0.019028,0.980972,,
l'écriture,1700-1710,1740-1750,0.617311,0.382689,95,200,,,,,
hos,1770-1780,1789-1802,0.617266,0.382734,445,171,,0.038492,0.961508,,
tournay,1700-1710,1740-1750,0.617108,0.382892,77,139,,,,,
l'académie,1700-1710,1780-1789,0.617057,0.382943,123,4514,,,,,
découvrent,1700-1710,1720-1730,0.616995,0.383005,67,64,,0.009112,0.990888,,
valut,1700-1710,1789-1802,0.616977,0.383023,65,243,,0.028006,0.971994,,
ivres,1700-1710,1770-1780,0.616967,0.383033,114,196,,0.033774,0.966226,,
garnisons,1730-1740,1780-1789,0.616806,0.383194,210,257,,,,,
indubitable,1700-1710,1750-1760,0.616702,0.383298,53,100,,0.031073,0.968927,,
perfonne,1740-1750,1789-1802,0.616696,0.383304,612,274,,,,,
potes,1740-1750,1789-1802,0.616532,0.383468,121,81,,,,,
piu,1740-1750,1760-1770,0.616495,0.383505,65,94,,0.014899,0.985101,,
manu,1710-1720,1760-1770,0.616459,0.383541,317,513,,0.023491,0.976509,,
vapeur,1770-1780,1789-1802,0.616408,0.383592,751,492,,,,,
genéral,1720-1730,1760-1770,0.616245,0.383755,325,256,,,,,
meurtres,1710-1720,1740-1750,0.616241,0.383759,78,253,,0.022964,0.977036,,
vivez,1730-1740,1780-1789,0.616182,0.383818,184,347,,,,,
ordonnant,1710-1720,1720-1730,0.61617,0.38383,123,159,,0.054562,0.945438,,
populaires,1720-1730,1789-1802,0.616125,0.383875,90,1241,,0.032461,0.967539,,
semence,1730-1740,1760-1770,0.616113,0.383887,170,2036,,0.082695,0.917305,,
isc,1740-1750,1750-1760,0.616029,0.383971,68,57,,0.014951,0.985049,,
appliqué,1710-1720,1750-1760,0.61599,0.38401,232,403,,0.012373,0.987627,,
l'effort,1700-1710,1740-1750,0.615987,0.384013,76,384,,,,,
confuls,1710-1720,1750-1760,0.615913,0.384087,75,123,,,,,
orat,1780-1789,1789-1802,0.615675,0.384325,416,92,,,,,
frayeurs,1710-1720,1789-1802,0.615569,0.384431,65,130,,0.020705,0.979295,,
chr,1700-1710,1770-1780,0.615567,0.384433,114,132,,,,,
ara,1700-1710,1789-1802,0.615296,0.384704,106,283,,0.008117,0.991883,,
lce,1730-1740,1750-1760,0.615254,0.384746,56,70,,0.010127,0.989873,,
neque,1730-1740,1770-1780,0.615228,0.384772,1303,3013,,,,,
dife,1700-1710,1780-1789,0.615225,0.384775,120,577,,0.022914,0.977086,,
vivante,1710-1720,1720-1730,0.61519,0.38481,108,150,,0.008844,0.991156,,
noël,1730-1740,1789-1802,0.615152,0.384848,120,194,,0.011859,0.988141,,
comparé,1710-1720,1740-1750,0.615095,0.384905,110,150,,0.017408,0.982592,,
creuse,1710-1720,1720-1730,0.615081,0.384919,162,83,,0.022823,0.977177,,
songes,1710-1720,1789-1802,0.61508,0.38492,342,316,,0.024803,0.975197,,
épreuves,1710-1720,1770-1780,0.615074,0.384926,52,725,,0.028058,0.971942,,
matres,1710-1720,1789-1802,0.615014,0.384986,157,146,,0.028087,0.971913,,
monnoies,1720-1730,1789-1802,0.614904,0.385096,151,5709,,0.068272,0.931728,,
imparfait,1740-1750,1789-1802,0.614901,0.385099,93,452,,0.027793,0.972207,,
uno,1720-1730,1770-1780,0.614881,0.385119,441,622,,0.026426,0.973574,,
taureaux,1710-1720,1780-1789,0.614701,0.385299,96,406,,0.025028,0.974972,,
tartre,1770-1780,1780-1789,0.614585,0.385415,664,471,,,,,
diminuent,1710-1720,1760-1770,0.614545,0.385455,85,536,,0.031577,0.968423,,
tité,1720-1730,1750-1760,0.614518,0.385482,96,347,,0.027779,0.972221,,
regis,1700-1710,1740-1750,0.614461,0.385539,655,1536,,,,,
insulter,1700-1710,1720-1730,0.614426,0.385574,52,82,,0.022863,0.977137,,
pend,1710-1720,1789-1802,0.61436,0.38564,168,312,,0.018409,0.981591,,
cns,1730-1740,1789-1802,0.614251,0.385749,55,324,,0.014171,0.985829,,
sentences,1750-1760,1770-1780,0.614243,0.385757,942,917,,,,,
soo,1700-1710,1730-1740,0.613978,0.386022,520,118,,,,,
mus,1710-1720,1780-1789,0.613883,0.386117,304,403,,0.01407,0.98593,,
séparé,1700-1710,1730-1740,0.61378,0.38622,97,259,,0.009117,0.990883,,
edouard,1730-1740,1760-1770,0.613778,0.386222,112,473,,0.016148,0.983852,,
duo,1700-1710,1770-1780,0.613739,0.386261,154,925,,0.026503,0.973497,,
l'épaisseur,1730-1740,1740-1750,0.613626,0.386374,110,183,,,,,
mos,1740-1750,1789-1802,0.613477,0.386523,146,172,,0.016176,0.983824,,
continuant,1710-1720,1789-1802,0.613474,0.386526,200,443,,0.015785,0.984215,,
marqués,1700-1710,1750-1760,0.613425,0.386575,55,665,,0.018973,0.981027,,
regardoient,1700-1710,1710-1720,0.613406,0.386594,140,134,,0.016853,0.983147,,
cfi,1700-1710,1750-1760,0.613201,0.386799,244,158,,0.017408,0.982592,,
anno,1720-1730,1730-1740,0.613059,0.386941,1216,2823,,,,,
brûlé,1700-1710,1760-1770,0.613059,0.386941,115,467,,,,,
nuls,1710-1720,1789-1802,0.612988,0.387012,275,536,,0.029732,0.970268,,
chaloupe,1710-1720,1760-1770,0.612861,0.387139,193,262,,,,,
l'imagination,1710-1720,1770-1780,0.612854,0.387146,258,1846,,,,,
bouillons,1700-1710,1730-1740,0.612853,0.387147,105,52,,,,,
danis,1700-1710,1770-1780,0.612821,0.387179,80,603,,0.011238,0.988762,,
vere,1770-1780,1780-1789,0.612769,0.387231,257,154,,0.023524,0.976476,,
républiques,1720-1730,1740-1750,0.612717,0.387283,168,285,,0.018219,0.981781,,
polie,1700-1710,1789-1802,0.612595,0.387405,69,244,,0.015717,0.984283,,
placet,1760-1770,1789-1802,0.612511,0.387489,131,82,,,,,
d'entrer,1720-1730,1730-1740,0.61246,0.38754,695,1088,,,,,
scie,1720-1730,1760-1770,0.61244,0.38756,62,757,,0.067125,0.932875,,
séparés,1720-1730,1789-1802,0.612236,0.387764,117,916,,0.013862,0.986138,,
séduire,1700-1710,1710-1720,0.612166,0.387834,70,78,,0.01417,0.98583,,
remonte,1700-1710,1710-1720,0.612148,0.387852,68,85,,0.013095,0.986905,,
étoi,1710-1720,1730-1740,0.612139,0.387861,92,173,,0.013521,0.986479,,
naquit,1710-1720,1740-1750,0.612123,0.387877,80,135,,0.030102,0.969898,,
operation,1730-1740,1740-1750,0.611972,0.388028,50,106,,,,,
uniforme,1700-1710,1789-1802,0.611925,0.388075,79,1471,,0.025736,0.974264,,
essentielles,1740-1750,1750-1760,0.611869,0.388131,216,394,,,,,
tris,1700-1710,1750-1760,0.611846,0.388154,102,197,,0.0086,0.9914,,
appuyée,1710-1720,1730-1740,0.611816,0.388184,59,144,,0.043225,0.956775,,
incommodité,1720-1730,1789-1802,0.611784,0.388216,143,92,,,,,
nostre,1720-1730,1770-1780,0.61172,0.38828,1314,180,,,,,
pafler,1710-1720,1789-1802,0.611639,0.388361,53,175,,0.01834,0.98166,,
inclinations,1750-1760,1760-1770,0.611583,0.388417,433,491,,,,,
contribution,1700-1710,1780-1789,0.611547,0.388453,97,1792,,0.020851,0.979149,,
differente,1720-1730,1730-1740,0.611519,0.388481,651,382,,,,,
retirez,1700-1710,1760-1770,0.611455,0.388545,180,196,,0.032825,0.967175,,
coute,1700-1710,1740-1750,0.611381,0.388619,90,352,,0.012155,0.987845,,
snt,1730-1740,1789-1802,0.611359,0.388641,54,240,,0.016888,0.983112,,
l'escadre,1710-1720,1720-1730,0.611295,0.388705,90,134,,,,,
menu,1740-1750,1789-1802,0.611249,0.388751,230,242,,,,,
l'écorce,1710-1720,1750-1760,0.611222,0.388778,214,756,,,,,
cuit,1720-1730,1750-1760,0.61121,0.38879,219,275,,,,,
puiflance,1710-1720,1730-1740,0.611208,0.388792,50,176,,0.028047,0.971953,,
raisin,1700-1710,1789-1802,0.611121,0.388879,291,407,,,,,
assurances,1730-1740,1780-1789,0.61112,0.38888,157,800,,0.04779,0.95221,,
quid,1700-1710,1770-1780,0.611029,0.388971,2513,2978,,,,,
l'avis,1720-1730,1740-1750,0.61097,0.38903,806,939,,,,,
nee,1740-1750,1770-1780,0.610898,0.389102,95,115,,0.010135,0.989865,,
vill,1730-1740,1770-1780,0.610852,0.389148,71,176,,0.012765,0.987235,,
filr,1710-1720,1720-1730,0.61085,0.38915,118,266,,0.015789,0.984211,,
leau,1720-1730,1789-1802,0.610781,0.389219,53,190,,0.010698,0.989302,,
empecher,1710-1720,1780-1789,0.610769,0.389231,115,103,,,,,
moilon,1710-1720,1730-1740,0.610759,0.389241,161,112,,,,,
tete,1710-1720,1730-1740,0.610719,0.389281,178,109,,0.027108,0.972892,,
allumé,1720-1730,1750-1760,0.610566,0.389434,103,125,,,,,
douaire,1730-1740,1760-1770,0.610529,0.389471,256,220,,,,,
mangent,1750-1760,1760-1770,0.610515,0.389485,294,568,,,,,
s'é,1710-1720,1730-1740,0.610326,0.389674,158,462,,,,,
foutenu,1710-1720,1789-1802,0.61032,0.38968,64,308,,0.01027,0.98973,,
délivre,1700-1710,1710-1720,0.610247,0.389753,117,72,,0.00763,0.99237,,
s'observe,1700-1710,1789-1802,0.610211,0.389789,55,76,,,,,
nde,1710-1720,1740-1750,0.610055,0.389945,75,118,,0.012321,0.987679,,
flit,1710-1720,1789-1802,0.610029,0.389971,90,491,,0.013631,0.986369,,
amer,1700-1710,1750-1760,0.609997,0.390003,66,166,,0.018124,0.981876,,
grenier,1720-1730,1789-1802,0.609855,0.390145,330,474,,0.022077,0.977923,,
choeurs,1720-1730,1730-1740,0.609759,0.390241,50,276,,,,,
destruction,1700-1710,1789-1802,0.609668,0.390332,71,1795,,0.02937,0.97063,,
souliers,1760-1770,1770-1780,0.609623,0.390377,715,314,,0.017509,0.982491,,
l'incertitude,1710-1720,1730-1740,0.609459,0.390541,112,280,,,,,
peinte,1730-1740,1780-1789,0.609417,0.390583,188,446,,,,,
iut,1710-1720,1789-1802,0.609401,0.390599,55,366,,,,,
gueule,1700-1710,1760-1770,0.609348,0.390652,86,594,,0.019402,0.980598,,
voyes,1730-1740,1789-1802,0.609276,0.390724,620,135,,,,,
flancs,1740-1750,1770-1780,0.608979,0.391021,155,576,,0.031958,0.968042,,
laise,1710-1720,1789-1802,0.608965,0.391035,91,160,,0.040623,0.959377,,
judicieux,1780-1789,1789-1802,0.60891,0.39109,521,343,,,,,
corrompue,1700-1710,1789-1802,0.608908,0.391092,53,359,,0.049355,0.950645,,
reçois,1780-1789,1789-1802,0.608849,0.391151,611,518,,0.006307,0.993693,,
red,1760-1770,1780-1789,0.608805,0.391195,138,163,,,,,
dea,1710-1720,1750-1760,0.608684,0.391316,156,145,,0.015307,0.984693,,
nte,1710-1720,1730-1740,0.608225,0.391775,99,116,,0.010468,0.989532,,
couchant,1740-1750,1789-1802,0.608146,0.391854,255,448,,,,,
fontaines,1760-1770,1780-1789,0.608001,0.391999,602,955,,,,,
ecrits,1710-1720,1789-1802,0.607982,0.392018,189,381,,,,,
châtier,1720-1730,1789-1802,0.607883,0.392117,66,136,,,,,
fia,1700-1710,1750-1760,0.607876,0.392124,309,199,,,,,
augment,1730-1740,1780-1789,0.607807,0.392193,161,345,,0.018697,0.981303,,
dequoi,1700-1710,1789-1802,0.607801,0.392199,517,55,,,,,
tribu,1710-1720,1789-1802,0.607667,0.392333,84,1323,,0.010906,0.989094,,
reconnoissancent,1700-1710,1710-1720,0.607415,0.392585,110,143,,0.033962,0.966038,,
affecté,1700-1710,1710-1720,0.60739,0.39261,68,73,,0.010433,0.989567,,
disois,1700-1710,1730-1740,0.607329,0.392671,75,219,,0.044347,0.955653,,
expédient,1760-1770,1789-1802,0.607299,0.392701,590,498,,,,,
coquette,1700-1710,1770-1780,0.607171,0.392829,62,416,,0.009022,0.990978,,
successivement,1700-1710,1720-1730,0.60716,0.39284,122,176,,0.012645,0.987355,,
terroir,1730-1740,1760-1770,0.607155,0.392845,239,500,,,,,
batteries,1710-1720,1730-1740,0.607063,0.392937,64,245,,0.01846,0.98154,,
permises,1700-1710,1789-1802,0.606907,0.393093,50,156,,0.032086,0.967914,,
d'unc,1730-1740,1750-1760,0.606772,0.393228,87,110,,,,,
d'orge,1750-1760,1760-1770,0.60667,0.39333,254,551,,,,,
hardiment,1700-1710,1760-1770,0.6066,0.3934,186,397,,0.02007,0.97993,,
d'ambition,1720-1730,1789-1802,0.606586,0.393414,69,367,,,,,
étendus,1700-1710,1720-1730,0.606582,0.393418,90,78,,0.014718,0.985282,,
rames,1710-1720,1789-1802,0.60654,0.39346,123,312,,,,,
dauphiné,1730-1740,1789-1802,0.606501,0.393499,192,558,,,,,
coton,1760-1770,1770-1780,0.60641,0.39359,2957,2181,,0.010828,0.989172,,
l'c,1730-1740,1760-1770,0.606369,0.393631,76,165,,,,,
refusez,1700-1710,1710-1720,0.606206,0.393794,56,66,,0.020382,0.979618,,
quelconque,1710-1720,1770-1780,0.606131,0.393869,132,1779,,0.0272,0.9728,,
l'autel,1700-1710,1730-1740,0.606102,0.393898,158,451,,,,,
naitre,1700-1710,1789-1802,0.605976,0.394024,118,769,,0.040327,0.959673,,
gratuitement,1700-1710,1789-1802,0.605974,0.394026,83,617,,0.014506,0.985494,,
reg,1720-1730,1730-1740,0.605912,0.394088,259,372,,0.007059,0.992941,,
cement,1710-1720,1750-1760,0.605852,0.394148,86,225,,0.014227,0.985773,,
guet,1710-1720,1770-1780,0.605808,0.394192,515,346,,0.034163,0.965837,,
regler,1730-1740,1789-1802,0.605696,0.394304,818,119,,,,,
cheminée,1740-1750,1780-1789,0.605635,0.394365,133,1000,,0.011406,0.988594,,
scrupuleux,1700-1710,1750-1760,0.605253,0.394747,60,138,,0.033798,0.966202,,
iet,1720-1730,1789-1802,0.605048,0.394952,143,562,,0.010477,0.989523,,
elections,1700-1710,1789-1802,0.604869,0.395131,133,153,,,,,
l'habitude,1700-1710,1760-1770,0.60482,0.39518,90,1303,,,,,
formation,1700-1710,1789-1802,0.604798,0.395202,107,2169,,0.02772,0.97228,,
xxxvii,1700-1710,1730-1740,0.604784,0.395216,78,252,,0.023727,0.976273,,
salaires,1740-1750,1760-1770,0.604678,0.395322,70,984,,0.037209,0.962791,,
teindre,1700-1710,1720-1730,0.604409,0.395591,74,648,,0.047076,0.952924,,
ros,1710-1720,1730-1740,0.604327,0.395673,172,215,,0.006433,0.993567,,
contributions,1700-1710,1789-1802,0.604313,0.395687,70,4077,,0.033242,0.966758,,
maritime,1720-1730,1760-1770,0.604281,0.395719,81,729,,0.031479,0.968521,,
dri,1730-1740,1789-1802,0.604246,0.395754,75,273,,0.010124,0.989876,,
l'être,1700-1710,1760-1770,0.604216,0.395784,471,3188,,,,,
cachent,1700-1710,1780-1789,0.604042,0.395958,54,366,,0.012918,0.987082,,
l'hôtel,1710-1720,1789-1802,0.604026,0.395974,1152,2059,,,,,
boutiques,1740-1750,1750-1760,0.603766,0.396234,331,382,,,,,
dorante,1770-1780,1789-1802,0.603732,0.396268,74,100,,,,,
frontière,1720-1730,1740-1750,0.603585,0.396415,54,86,,,,,
augures,1710-1720,1789-1802,0.603529,0.396471,183,106,,,,,
cassé,1700-1710,1740-1750,0.603457,0.396543,69,142,,0.034439,0.965561,,
poulie,1710-1720,1780-1789,0.603387,0.396613,60,413,,,,,
sat,1730-1740,1789-1802,0.603311,0.396689,192,210,,0.03663,0.96337,,
cordages,1710-1720,1740-1750,0.603208,0.396792,119,1041,,,,,
protester,1700-1710,1780-1789,0.603201,0.396799,58,179,,0.018179,0.981821,,
allumée,1710-1720,1720-1730,0.603111,0.396889,62,70,,,,,
fripon,1720-1730,1789-1802,0.602992,0.397008,123,363,,,,,
comprends,1710-1720,1770-1780,0.602924,0.397076,97,465,,0.015682,0.984318,,
montée,1750-1760,1760-1770,0.602813,0.397187,199,527,,0.013529,0.986471,,
profitable,1730-1740,1740-1750,0.60281,0.39719,90,73,,0.015366,0.984634,,
quin,1710-1720,1770-1780,0.602691,0.397309,692,946,,0.021851,0.978149,,
verité,1700-1710,1789-1802,0.602684,0.397316,2035,453,,,,,
bouton,1700-1710,1770-1780,0.602594,0.397406,96,1090,,0.014953,0.985047,,
grotius,1710-1720,1730-1740,0.602539,0.397461,56,118,,0.010684,0.989316,,
peuplée,1710-1720,1760-1770,0.602536,0.397464,53,403,,,,,
paniers,1700-1710,1760-1770,0.602501,0.397499,154,482,,,,,
grenoble,1740-1750,1750-1760,0.602456,0.397544,87,140,,0.029053,0.970947,,
carreaux,1710-1720,1789-1802,0.6024,0.3976,103,414,,0.0291,0.9709,,
d'engager,1700-1710,1720-1730,0.602282,0.397718,50,120,,,,,
frivole,1700-1710,1720-1730,0.602213,0.397787,79,127,,0.023297,0.976703,,
porcs,1700-1710,1730-1740,0.602166,0.397834,59,113,,0.024513,0.975487,,
proprieté,1760-1770,1789-1802,0.602103,0.397897,242,191,,,,,
ats,1750-1760,1789-1802,0.60208,0.39792,68,486,,0.005391,0.994609,,
via,1720-1730,1780-1789,0.602064,0.397936,487,442,,0.013529,0.986471,,
d'infanterie,1710-1720,1770-1780,0.602014,0.397986,109,393,,,,,
amoureuse,1700-1710,1720-1730,0.601897,0.398103,63,60,,0.009982,0.990018,,
ruisseau,1700-1710,1730-1740,0.60189,0.39811,96,210,,,,,
viandes,1750-1760,1760-1770,0.601883,0.398117,323,387,,,,,
royau,1720-1730,1789-1802,0.601841,0.398159,117,230,,0.042854,0.957146,,
croissant,1700-1710,1789-1802,0.601825,0.398175,58,467,,0.026523,0.973477,,
judice,1730-1740,1789-1802,0.60171,0.39829,217,332,,0.015797,0.984203,,
vifible,1710-1720,1789-1802,0.601648,0.398352,92,156,,,,,
libertins,1700-1710,1780-1789,0.601632,0.398368,56,352,,0.017345,0.982655,,
confulat,1710-1720,1789-1802,0.601545,0.398455,93,90,,,,,
frontin,1720-1730,1760-1770,0.601516,0.398484,140,108,,,,,
gouvernemens,1700-1710,1789-1802,0.601448,0.398552,96,3011,,0.043016,0.956984,,
affront,1750-1760,1770-1780,0.601432,0.398568,224,419,,,,,
hait,1710-1720,1760-1770,0.601409,0.398591,127,284,,0.01784,0.98216,,
étrangere,1700-1710,1789-1802,0.601347,0.398653,106,395,,0.027126,0.972874,,
célébrer,1740-1750,1789-1802,0.60132,0.39868,229,605,,,,,
équivoques,1710-1720,1789-1802,0.601316,0.398684,55,313,,0.024457,0.975543,,
familiers,1700-1710,1730-1740,0.601283,0.398717,73,86,,0.026826,0.973174,,
diamètre,1700-1710,1770-1780,0.601241,0.398759,52,726,,0.053055,0.946945,,
couchée,1720-1730,1730-1740,0.601237,0.398763,92,114,,,,,
tota,1730-1740,1789-1802,0.601225,0.398775,279,308,,0.049159,0.950841,,
dispense,1720-1730,1789-1802,0.601179,0.398821,205,582,,0.013915,0.986085,,
peints,1730-1740,1760-1770,0.601021,0.398979,106,329,,,,,
d'autorité,1700-1710,1789-1802,0.600979,0.399021,142,960,,,,,
tibre,1700-1710,1720-1730,0.600959,0.399041,104,107,,,,,
d'alexandrie,1700-1710,1780-1789,0.600889,0.399111,151,594,,,,,
reglement,1710-1720,1789-1802,0.600879,0.399121,904,125,,,,,
d'équité,1720-1730,1789-1802,0.600854,0.399146,61,349,,,,,
iar,1730-1740,1789-1802,0.600814,0.399186,73,433,,0.010319,0.989681,,
édifices,1720-1730,1789-1802,0.600718,0.399282,186,749,,0.024968,0.975032,,
autrc,1730-1740,1760-1770,0.600685,0.399315,67,120,,,,,
dare,1720-1730,1770-1780,0.600654,0.399346,334,335,,0.031237,0.968763,,
aumônes,1710-1720,1780-1789,0.600398,0.399602,141,565,,,,,
l'oisiveté,1700-1710,1730-1740,0.600371,0.399629,54,52,,,,,
certe,1710-1720,1740-1750,0.6003,0.3997,273,978,,0.012273,0.987727,,
clou,1720-1730,1770-1780,0.600234,0.399766,94,609,,,,,
secretes,1700-1710,1750-1760,0.600225,0.399775,51,99,,0.023755,0.976245,,
bannis,1700-1710,1730-1740,0.600172,0.399828,90,341,,0.020417,0.979583,,
rétablie,1710-1720,1789-1802,0.600027,0.399973,139,441,,0.036145,0.963855,,
senlis,1700-1710,1780-1789,0.599814,0.400186,54,244,,0.01423,0.98577,,
d'athenes,1760-1770,1789-1802,0.599791,0.400209,183,92,,,,,
imprime,1710-1720,1730-1740,0.599751,0.400249,59,107,,0.008884,0.991116,,
corail,1740-1750,1750-1760,0.599702,0.400298,284,223,,,,,
roc,1700-1710,1770-1780,0.59967,0.40033,137,1128,,0.070984,0.929016,,
clos,1720-1730,1789-1802,0.599533,0.400467,346,389,,0.019809,0.980191,,
lre,1730-1740,1789-1802,0.599449,0.400551,93,559,,0.014194,0.985806,,
d'amsterdam,1730-1740,1789-1802,0.599429,0.400571,325,550,,,,,
dépouille,1710-1720,1720-1730,0.599424,0.400576,165,142,,0.006784,0.993216,,
ravis,1710-1720,1760-1770,0.599419,0.400581,106,120,,,,,
pénétration,1710-1720,1780-1789,0.59934,0.40066,75,391,,0.011231,0.988769,,
guéri,1720-1730,1789-1802,0.599336,0.400664,130,294,,0.010947,0.989053,,
ian,1710-1720,1730-1740,0.5993,0.4007,93,112,,0.012189,0.987811,,
mala,1710-1720,1780-1789,0.599285,0.400715,249,428,,0.022019,0.977981,,
nle,1710-1720,1730-1740,0.599281,0.400719,78,90,,0.011213,0.988787,,
lisant,1720-1730,1730-1740,0.599255,0.400745,75,169,,0.02838,0.97162,,
ceu,1710-1720,1750-1760,0.599245,0.400755,131,215,,0.020819,0.979181,,
ardens,1700-1710,1789-1802,0.599217,0.400783,59,552,,0.021046,0.978954,,
vaille,1700-1710,1740-1750,0.59919,0.40081,205,378,,0.022945,0.977055,,
arraché,1700-1710,1770-1780,0.599143,0.400857,69,565,,0.013552,0.986448,,
iers,1700-1710,1710-1720,0.599055,0.400945,104,156,,0.016499,0.983501,,
mors,1700-1710,1770-1780,0.599047,0.400953,86,499,,0.014989,0.985011,,
personnelle,1710-1720,1720-1730,0.598774,0.401226,172,106,,0.040321,0.959679,,
thrace,1700-1710,1720-1730,0.598743,0.401257,71,254,,0.015902,0.984098,,
expofé,1710-1720,1789-1802,0.598725,0.401275,52,348,,0.017628,0.982372,,
ette,1730-1740,1760-1770,0.598697,0.401303,187,402,,0.0136,0.9864,,
lifant,1730-1740,1740-1750,0.598681,0.401319,133,111,,0.017027,0.982973,,
ferr,1750-1760,1789-1802,0.59867,0.40133,62,77,,0.013523,0.986477,,
sermons,1720-1730,1780-1789,0.598571,0.401429,257,345,,,,,
colline,1740-1750,1750-1760,0.598554,0.401446,383,138,,0.035358,0.964642,,
rand,1700-1710,1760-1770,0.598469,0.401531,107,114,,0.016912,0.983088,,
parl,1700-1710,1789-1802,0.598461,0.401539,95,384,,0.009041,0.990959,,
constantin,1730-1740,1740-1750,0.598281,0.401719,259,120,,,,,
déchirer,1720-1730,1730-1740,0.598177,0.401823,55,150,,0.024296,0.975704,,
pécheurs,1700-1710,1770-1780,0.598099,0.401901,78,282,,,,,
deus,1740-1750,1770-1780,0.598073,0.401927,629,546,,,,,
justifié,1710-1720,1789-1802,0.597967,0.402033,103,467,,0.016247,0.983753,,
bottes,1710-1720,1740-1750,0.597824,0.402176,194,179,,0.028697,0.971303,,
l'ouvrier,1710-1720,1789-1802,0.597764,0.402236,120,505,,,,,
cei,1740-1750,1789-1802,0.597696,0.402304,176,594,,0.012849,0.987151,,
t'il,1740-1750,1789-1802,0.597656,0.402344,1467,221,,,,,
fiire,1730-1740,1740-1750,0.597655,0.402345,96,164,,,,,
mêlent,1750-1760,1789-1802,0.597626,0.402374,264,293,,,,,
fracas,1710-1720,1770-1780,0.597551,0.402449,89,464,,0.01212,0.98788,,
mouve,1710-1720,1750-1760,0.597544,0.402456,67,218,,0.024691,0.975309,,
puisqu'il,1700-1710,1710-1720,0.597505,0.402495,644,858,,,,,
l'imitation,1710-1720,1720-1730,0.597484,0.402516,232,148,,,,,
figuré,1710-1720,1770-1780,0.597324,0.402676,96,431,,,,,
lef,1700-1710,1780-1789,0.59732,0.40268,171,858,,0.02905,0.97095,,
paternel,1700-1710,1789-1802,0.597228,0.402772,84,516,,0.049927,0.950073,,
lasse,1700-1710,1789-1802,0.597058,0.402942,78,359,,0.047853,0.952147,,
l'inégalité,1720-1730,1770-1780,0.59688,0.40312,62,595,,,,,
luit,1700-1710,1760-1770,0.596843,0.403157,225,231,,0.026959,0.973041,,
ria,1740-1750,1780-1789,0.596837,0.403163,175,291,,0.010201,0.989799,,
tet,1710-1720,1780-1789,0.59682,0.40318,71,233,,,,,
raiyon,1730-1740,1750-1760,0.596783,0.403217,421,261,,,,,
clu,1730-1740,1760-1770,0.596716,0.403284,88,145,,0.010927,0.989073,,
danser,1700-1710,1730-1740,0.596678,0.403322,74,120,,,,,
much,1710-1720,1789-1802,0.596676,0.403324,78,550,,,,,
hais,1700-1710,1710-1720,0.596209,0.403791,83,69,,0.022624,0.977376,,
acquise,1740-1750,1760-1770,0.596075,0.403925,146,435,,0.013079,0.986921,,
prudens,1710-1720,1789-1802,0.596059,0.403941,70,186,,,,,
anr,1740-1750,1789-1802,0.596024,0.403976,121,323,,0.009951,0.990049,,
s'engage,1710-1720,1720-1730,0.595982,0.404018,75,93,,,,,
préteur,1700-1710,1789-1802,0.595931,0.404069,247,238,,,,,
contrôle,1730-1740,1789-1802,0.59591,0.40409,94,891,,0.012026,0.987974,,
crit,1710-1720,1789-1802,0.59585,0.40415,106,408,,0.011933,0.988067,,
patrons,1740-1750,1760-1770,0.595726,0.404274,154,435,,0.023364,0.976636,,
éclairée,1700-1710,1789-1802,0.595406,0.404594,81,1150,,0.022825,0.977175,,
terram,1700-1710,1730-1740,0.595279,0.404721,91,395,,0.039486,0.960514,,
originaux,1720-1730,1730-1740,0.595263,0.404737,210,208,,,,,
funt,1730-1740,1770-1780,0.595217,0.404783,812,2723,,,,,
bleus,1750-1760,1770-1780,0.595208,0.404792,87,269,,,,,
mali,1770-1780,1789-1802,0.595152,0.404848,323,175,,0.021851,0.978149,,
ius,1710-1720,1789-1802,0.595097,0.404903,145,528,,0.013659,0.986341,,
bouilli,1720-1730,1760-1770,0.594922,0.405078,97,197,,,,,
furie,1720-1730,1730-1740,0.594849,0.405151,167,422,,,,,
prieur,1700-1710,1730-1740,0.594801,0.405199,183,435,,,,,
ean,1710-1720,1770-1780,0.59466,0.40534,96,133,,,,,
lame,1700-1710,1770-1780,0.594649,0.405351,154,1674,,0.065615,0.934385,,
subtil,1700-1710,1730-1740,0.59463,0.40537,89,199,,0.009815,0.990185,,
qli,1720-1730,1789-1802,0.594538,0.405462,128,673,,,,,
zélé,1700-1710,1789-1802,0.594442,0.405558,118,573,,0.049434,0.950566,,
lève,1700-1710,1720-1730,0.594326,0.405674,96,91,,0.026923,0.973077,,
l'attention,1700-1710,1789-1802,0.594302,0.405698,142,2276,,,,,
l'amerique,1720-1730,1780-1789,0.594298,0.405702,459,174,,,,,
aye,1710-1720,1789-1802,0.594261,0.405739,132,202,,,,,
d'elles,1710-1720,1740-1750,0.594037,0.405963,250,531,,,,,
disgrâce,1710-1720,1780-1789,0.594024,0.405976,194,74,,,,,
plate,1720-1730,1730-1740,0.594003,0.405997,322,142,,0.014733,0.985267,,
l'ste,1730-1740,1740-1750,0.593961,0.406039,58,784,,,,,
tonnes,1720-1730,1770-1780,0.593863,0.406137,131,522,,0.020973,0.979027,,
grotte,1710-1720,1789-1802,0.593721,0.406279,68,462,,0.023203,0.976797,,
portier,1700-1710,1750-1760,0.593665,0.406335,88,80,,,,,
livourne,1730-1740,1760-1770,0.593467,0.406533,106,1385,,,,,
right,1730-1740,1760-1770,0.593467,0.406533,63,101,,,,,
c'c,1700-1710,1750-1760,0.593283,0.406717,88,115,,,,,
broderie,1710-1720,1730-1740,0.593196,0.406804,121,138,,,,,
règlement,1710-1720,1720-1730,0.593141,0.406859,226,478,,0.014283,0.985717,,
libéralité,1710-1720,1760-1770,0.593131,0.406869,119,381,,0.026784,0.973216,,
bouquet,1700-1710,1780-1789,0.59311,0.40689,102,549,,0.070345,0.929655,,
réciproquement,1710-1720,1760-1770,0.593032,0.406968,145,741,,0.026909,0.973091,,
tirons,1770-1780,1780-1789,0.593002,0.406998,264,340,,0.014195,0.985805,,
apparente,1700-1710,1770-1780,0.59298,0.40702,77,817,,0.015884,0.984116,,
d'acier,1710-1720,1770-1780,0.592951,0.407049,85,1501,,,,,
affoiblir,1700-1710,1710-1720,0.592947,0.407053,72,61,,0.019224,0.980776,,
ios,1730-1740,1770-1780,0.592942,0.407058,295,499,,,,,
ancienneté,1700-1710,1710-1720,0.592789,0.407211,56,138,,0.020409,0.979591,,
terrestre,1700-1710,1730-1740,0.592743,0.407257,125,192,,,,,
fiere,1710-1720,1789-1802,0.592175,0.407825,108,203,,0.016566,0.983434,,
esset,1740-1750,1760-1770,0.592118,0.407882,111,151,,,,,
accordées,1700-1710,1780-1789,0.592068,0.407932,91,856,,0.026415,0.973585,,
mutuel,1710-1720,1740-1750,0.592016,0.407984,58,223,,0.013018,0.986982,,
castille,1700-1710,1789-1802,0.591895,0.408105,1037,262,,,,,
donr,1700-1710,1750-1760,0.591626,0.408374,85,219,,0.015782,0.984218,,
l'agitation,1700-1710,1789-1802,0.59157,0.40843,62,370,,,,,
l'acte,1710-1720,1789-1802,0.591478,0.408522,151,1395,,,,,
savon,1720-1730,1770-1780,0.591382,0.408618,151,1063,,0.015434,0.984566,,
consent,1710-1720,1720-1730,0.591271,0.408729,88,68,,0.019689,0.980311,,
mexique,1730-1740,1740-1750,0.591178,0.408822,63,529,,0.048529,0.951471,,
filet,1730-1740,1760-1770,0.591123,0.408877,290,3205,,0.051078,0.948922,,
eji,1730-1740,1789-1802,0.591083,0.408917,237,233,,0.011462,0.988538,,
iel,1710-1720,1720-1730,0.591083,0.408917,75,122,,0.009907,0.990093,,
d'acheter,1710-1720,1780-1789,0.591044,0.408956,454,826,,,,,
monnoyés,1710-1720,1789-1802,0.591024,0.408976,301,364,,,,,
magni,1710-1720,1780-1789,0.590955,0.409045,98,307,,0.017994,0.982006,,
battant,1700-1710,1760-1770,0.590914,0.409086,87,465,,0.04957,0.95043,,
présomption,1710-1720,1720-1730,0.590847,0.409153,72,72,,0.013027,0.986973,,
gresse,1700-1710,1720-1730,0.590791,0.409209,383,428,,0.111016,0.888984,,
exprimées,1710-1720,1770-1780,0.590572,0.409428,76,172,,0.03277,0.96723,,
enferme,1700-1710,1720-1730,0.590532,0.409468,52,72,,0.014993,0.985007,,
epître,1710-1720,1760-1770,0.590532,0.409468,115,158,,,,,
parme,1710-1720,1730-1740,0.590516,0.409484,313,516,,0.091179,0.908821,,
évite,1700-1710,1720-1730,0.590448,0.409552,71,72,,0.013027,0.986973,,
erat,1730-1740,1780-1789,0.590422,0.409578,1531,748,,,,,
quittes,1700-1710,1789-1802,0.590202,0.409798,63,177,,0.01548,0.98452,,
parfaites,1720-1730,1760-1770,0.59018,0.40982,106,303,,,,,
confession,1700-1710,1789-1802,0.590157,0.409843,354,355,,,,,
honnêtement,1720-1730,1740-1750,0.590033,0.409967,77,124,,,,,
secrettes,1710-1720,1750-1760,0.589998,0.410002,60,210,,0.016924,0.983076,,
d'orgueil,1700-1710,1710-1720,0.589888,0.410112,67,56,,,,,
l'évidence,1700-1710,1710-1720,0.589866,0.410134,55,64,,,,,
perdez,1780-1789,1789-1802,0.589773,0.410227,297,307,,0.011962,0.988038,,
mouche,1720-1730,1760-1770,0.589652,0.410348,104,439,,0.023233,0.976767,,
termina,1700-1710,1710-1720,0.589611,0.410389,61,60,,0.047799,0.952201,,
retournent,1710-1720,1750-1760,0.589555,0.410445,78,133,,0.01869,0.98131,,
lingots,1700-1710,1760-1770,0.589508,0.410492,70,508,,0.04033,0.95967,,
temporel,1710-1720,1720-1730,0.589419,0.410581,150,313,,0.011498,0.988502,,
respects,1770-1780,1780-1789,0.589396,0.410604,224,134,,,,,
chevilles,1710-1720,1750-1760,0.58933,0.41067,57,172,,,,,
sii,1730-1740,1789-1802,0.589306,0.410694,54,422,,,,,
pile,1710-1720,1780-1789,0.589249,0.410751,138,406,,0.012157,0.987843,,
boni,1740-1750,1780-1789,0.589216,0.410784,181,151,,0.026216,0.973784,,
remuant,1700-1710,1730-1740,0.58916,0.41084,54,75,,,,,
ciment,1700-1710,1789-1802,0.589144,0.410856,50,183,,0.014476,0.985524,,
gaule,1720-1730,1730-1740,0.58911,0.41089,590,456,,0.025521,0.974479,,
rcr,1730-1740,1740-1750,0.589078,0.410922,80,124,,0.011267,0.988733,,
tremblement,1700-1710,1750-1760,0.589039,0.410961,54,241,,0.058029,0.941971,,
recevroit,1710-1720,1740-1750,0.589009,0.410991,58,153,,0.024414,0.975586,,
valablement,1720-1730,1770-1780,0.588979,0.411021,57,200,,,,,
ecoliers,1700-1710,1789-1802,0.588721,0.411279,97,57,,,,,
pendu,1710-1720,1730-1740,0.58864,0.41136,175,142,,0.008177,0.991823,,
âne,1710-1720,1720-1730,0.588604,0.411396,54,50,,,,,
ejt,1700-1710,1760-1770,0.588483,0.411517,156,267,,0.023885,0.976115,,
tuoient,1760-1770,1770-1780,0.588466,0.411534,207,235,,0.011367,0.988633,,
cloche,1720-1730,1730-1740,0.588423,0.411577,184,206,,,,,
ctl,1710-1720,1750-1760,0.588409,0.411591,53,54,,0.014072,0.985928,,
l'alliance,1700-1710,1740-1750,0.588264,0.411736,127,375,,,,,
diner,1700-1710,1710-1720,0.588261,0.411739,65,102,,0.014567,0.985433,,
refute,1720-1730,1789-1802,0.588153,0.411847,122,265,,0.014851,0.985149,,
jettoit,1700-1710,1720-1730,0.587978,0.412022,54,148,,0.019139,0.980861,,
regnent,1710-1720,1789-1802,0.587895,0.412105,79,122,,0.030033,0.969967,,
tirera,1700-1710,1740-1750,0.587853,0.412147,80,129,,0.015002,0.984998,,
flr,1730-1740,1760-1770,0.587851,0.412149,119,354,,0.008443,0.991557,,
renard,1710-1720,1780-1789,0.587838,0.412162,167,569,,0.008725,0.991275,,
sentiers,1710-1720,1770-1780,0.587801,0.412199,89,311,,0.041804,0.958196,,
sérieuse,1710-1720,1720-1730,0.587735,0.412265,77,62,,0.019024,0.980976,,
deçà,1710-1720,1740-1750,0.58756,0.41244,70,192,,0.03254,0.96746,,
droir,1730-1740,1740-1750,0.587484,0.412516,124,168,,,,,
iiu,1750-1760,1770-1780,0.58742,0.41258,50,146,,0.011299,0.988701,,
montans,1730-1740,1789-1802,0.587308,0.412692,106,59,,0.035528,0.964472,,
jettée,1700-1710,1730-1740,0.587199,0.412801,59,138,,,,,
naissante,1710-1720,1789-1802,0.587153,0.412847,94,468,,0.04229,0.95771,,
azile,1700-1710,1780-1789,0.587117,0.412883,63,71,,0.01456,0.98544,,
espagnoles,1700-1710,1789-1802,0.587104,0.412896,51,280,,0.032428,0.967572,,
sermens,1700-1710,1760-1770,0.587097,0.412903,90,175,,0.045108,0.954892,,
préface,1700-1710,1780-1789,0.58709,0.41291,99,1066,,0.011703,0.988297,,
renu,1700-1710,1780-1789,0.586961,0.413039,130,136,,,,,
écuyer,1750-1760,1760-1770,0.586853,0.413147,72,148,,,,,
chantoit,1700-1710,1720-1730,0.586822,0.413178,58,50,,0.022178,0.977822,,
l'afie,1700-1710,1770-1780,0.586575,0.413425,59,1054,,,,,
demandoient,1700-1710,1720-1730,0.586538,0.413462,100,217,,0.031179,0.968821,,
d'appel,1710-1720,1789-1802,0.586417,0.413583,388,291,,,,,
quidam,1770-1780,1789-1802,0.586404,0.413596,974,110,,0.036611,0.963389,,
vuides,1700-1710,1789-1802,0.586403,0.413597,147,310,,0.010099,0.989901,,
accordez,1720-1730,1760-1770,0.586213,0.413787,209,163,,,,,
subit,1700-1710,1740-1750,0.586205,0.413795,101,193,,0.025129,0.974871,,
observent,1710-1720,1750-1760,0.586156,0.413844,122,155,,0.01707,0.98293,,
t'on,1710-1720,1789-1802,0.585959,0.414041,209,150,,,,,
boulogne,1730-1740,1789-1802,0.585738,0.414262,239,377,,0.018641,0.981359,,
chrétiennes,1720-1730,1780-1789,0.585684,0.414316,124,155,,,,,
célèbres,1720-1730,1730-1740,0.585667,0.414333,59,184,,0.01324,0.98676,,
domini,1720-1730,1789-1802,0.585612,0.414388,1058,358,,0.054885,0.945115,,
d'l,1730-1740,1760-1770,0.58561,0.41439,80,108,,,,,
efe,1720-1730,1780-1789,0.585519,0.414481,134,190,,0.018309,0.981691,,
donation,1700-1710,1789-1802,0.585462,0.414538,498,427,,,,,
déluge,1700-1710,1780-1789,0.585361,0.414639,59,807,,0.015343,0.984657,,
demeurera,1730-1740,1770-1780,0.585274,0.414726,327,278,,,,,
d'intérêt,1700-1710,1789-1802,0.585114,0.414886,65,1838,,,,,
dtu,1730-1740,1789-1802,0.584879,0.415121,50,385,,0.012828,0.987172,,
clercs,1720-1730,1750-1760,0.584538,0.415462,641,428,,0.055394,0.944606,,
pater,1730-1740,1760-1770,0.584476,0.415524,753,328,,0.021193,0.978807,,
poils,1730-1740,1760-1770,0.58435,0.41565,162,608,,0.017788,0.982212,,
d'embarras,1700-1710,1750-1760,0.584245,0.415755,64,254,,,,,
riez,1780-1789,1789-1802,0.584208,0.415792,386,326,,0.015036,0.984964,,
bénéfice,1700-1710,1750-1760,0.584166,0.415834,88,1256,,0.012109,0.987891,,
envoyent,1770-1780,1780-1789,0.584027,0.415973,134,151,,0.018355,0.981645,,
célébre,1700-1710,1710-1720,0.583912,0.416088,89,109,,0.012684,0.987316,,
rhodes,1700-1710,1770-1780,0.583769,0.416231,114,463,,0.011925,0.988075,,
fraudes,1730-1740,1789-1802,0.583656,0.416344,227,291,,,,,
prévenus,1720-1730,1789-1802,0.583637,0.416363,75,676,,0.034319,0.965681,,
quli,1730-1740,1789-1802,0.583494,0.416506,66,593,,0.015223,0.984777,,
conformement,1740-1750,1780-1789,0.583455,0.416545,69,70,,,,,
d'arrêter,1700-1710,1789-1802,0.583434,0.416566,74,848,,,,,
d'henri,1740-1750,1780-1789,0.5834,0.4166,94,531,,,,,
mare,1740-1750,1789-1802,0.58335,0.41665,324,292,,0.019659,0.980341,,
séduit,1710-1720,1720-1730,0.583316,0.416684,59,69,,0.01902,0.98098,,
well,1740-1750,1789-1802,0.583299,0.416701,59,553,,,,,
ticle,1700-1710,1770-1780,0.58329,0.41671,60,280,,0.009656,0.990344,,
troisiéme,1710-1720,1789-1802,0.583274,0.416726,1666,225,,,,,
retours,1710-1720,1740-1750,0.583127,0.416873,123,109,,0.009154,0.990846,,
reims,1710-1720,1750-1760,0.582885,0.417115,493,390,,,,,
avc,1730-1740,1789-1802,0.582876,0.417124,76,398,,0.022318,0.977682,,
vendant,1700-1710,1770-1780,0.582863,0.417137,57,394,,0.022509,0.977491,,
d'horreur,1750-1760,1789-1802,0.582788,0.417212,362,967,,,,,
d'établir,1700-1710,1740-1750,0.582752,0.417248,148,559,,,,,
cathédrale,1700-1710,1710-1720,0.582483,0.417517,114,1245,,,,,
dominer,1700-1710,1760-1770,0.582465,0.417535,51,276,,0.017172,0.982828,,
lux,1700-1710,1740-1750,0.582463,0.417537,55,86,,0.022769,0.977231,,
héritages,1700-1710,1740-1750,0.582388,0.417612,192,2194,,,,,
d'avec,1710-1720,1770-1780,0.582199,0.417801,515,1026,,,,,
dernieres,1760-1770,1780-1789,0.582111,0.417889,1647,1562,,,,,
l'impossibilité,1700-1710,1710-1720,0.582097,0.417903,64,95,,,,,
l'ifle,1710-1720,1789-1802,0.582066,0.417934,136,239,,,,,
souffrez,1760-1770,1780-1789,0.581942,0.418058,381,564,,,,,
signification,1700-1710,1770-1780,0.581826,0.418174,242,260,,,,,
barils,1730-1740,1760-1770,0.581772,0.418228,225,1398,,0.084805,0.915195,,
l'inventaire,1720-1730,1730-1740,0.581669,0.418331,84,71,,,,,
foudres,1720-1730,1740-1750,0.581515,0.418485,64,77,,,,,
superflus,1710-1720,1720-1730,0.581514,0.418486,100,83,,0.016469,0.983531,,
fumier,1710-1720,1780-1789,0.581475,0.418525,302,1393,,,,,
aes,1700-1710,1789-1802,0.581452,0.418548,114,626,,0.009926,0.990074,,
l'amitié,1710-1720,1730-1740,0.581401,0.418599,480,1271,,,,,
choque,1710-1720,1720-1730,0.581391,0.418609,83,93,,0.00933,0.99067,,
méchanceté,1710-1720,1770-1780,0.581357,0.418643,71,808,,0.082361,0.917639,,
ict,1730-1740,1789-1802,0.581333,0.418667,78,376,,,,,
sient,1700-1710,1730-1740,0.58127,0.41873,89,74,,0.016336,0.983664,,
seizième,1710-1720,1720-1730,0.581205,0.418795,120,56,,0.055101,0.944899,,
s'occuper,1700-1710,1780-1789,0.581191,0.418809,68,1753,,,,,
habitant,1700-1710,1720-1730,0.581173,0.418827,84,175,,0.011474,0.988526,,
lave,1700-1710,1789-1802,0.581,0.419,126,599,,0.032996,0.967004,,
liquidation,1750-1760,1780-1789,0.580903,0.419097,178,620,,0.010162,0.989838,,
rce,1720-1730,1730-1740,0.580661,0.419339,173,112,,0.009968,0.990032,,
allemand,1700-1710,1789-1802,0.580654,0.419346,74,839,,0.019735,0.980265,,
s'enrichir,1700-1710,1789-1802,0.580601,0.419399,56,380,,,,,
jusqu'i,1710-1720,1730-1740,0.580565,0.419435,64,64,,,,,
broche,1710-1720,1760-1770,0.580565,0.419435,185,502,,,,,
uli,1730-1740,1789-1802,0.580412,0.419588,54,328,,0.015071,0.984929,,
reflux,1720-1730,1780-1789,0.58016,0.41984,91,368,,,,,
ego,1710-1720,1730-1740,0.580142,0.419858,2847,1274,,,,,
banquiers,1730-1740,1750-1760,0.580075,0.419925,89,325,,,,,
suéde,1710-1720,1720-1730,0.579929,0.420071,78,117,,0.026976,0.973024,,
tournez,1700-1710,1789-1802,0.57982,0.42018,63,84,,0.037327,0.962673,,
amène,1700-1710,1789-1802,0.579766,0.420234,63,545,,0.020598,0.979402,,
ciceron,1730-1740,1789-1802,0.579614,0.420386,1665,152,,,,,
étranges,1710-1720,1730-1740,0.579588,0.420412,126,139,,0.011805,0.988195,,
gomme,1700-1710,1720-1730,0.579547,0.420453,118,297,,0.020249,0.979751,,
bourges,1710-1720,1780-1789,0.579411,0.420589,142,989,,,,,
construction,1710-1720,1730-1740,0.579356,0.420644,227,187,,0.034481,0.965519,,
cai,1740-1750,1789-1802,0.579336,0.420664,185,585,,0.011388,0.988612,,
mène,1700-1710,1750-1760,0.579329,0.420671,60,226,,0.014935,0.985065,,
chariot,1700-1710,1789-1802,0.579248,0.420752,117,426,,0.013286,0.986714,,
brune,1710-1720,1789-1802,0.579085,0.420915,125,671,,0.031887,0.968113,,
d'instruire,1710-1720,1740-1750,0.578897,0.421103,72,103,,,,,
traitans,1730-1740,1740-1750,0.578896,0.421104,63,60,,0.02242,0.97758,,
évêques,1700-1710,1720-1730,0.578892,0.421108,63,61,,0.032199,0.967801,,
contenoit,1710-1720,1730-1740,0.578861,0.421139,100,280,,0.03111,0.96889,,
l'évêque,1720-1730,1789-1802,0.578853,0.421147,96,1093,,,,,
ourles,1740-1750,1789-1802,0.578823,0.421177,127,114,,0.012498,0.987502,,
mutation,1720-1730,1750-1760,0.578805,0.421195,76,63,,0.018566,0.981434,,
refaire,1710-1720,1740-1750,0.578783,0.421217,238,273,,0.024415,0.975585,,
appliquée,1730-1740,1789-1802,0.578712,0.421288,122,354,,0.021635,0.978365,,
disposée,1710-1720,1760-1770,0.578499,0.421501,58,296,,0.035267,0.964733,,
d'exemple,1720-1730,1789-1802,0.578296,0.421704,99,466,,,,,
d'enlever,1700-1710,1760-1770,0.578091,0.421909,54,387,,,,,
finies,1700-1710,1780-1789,0.577994,0.422006,58,224,,0.029135,0.970865,,
parthes,1700-1710,1789-1802,0.577988,0.422012,169,147,,,,,
fio,1700-1710,1740-1750,0.577915,0.422085,610,146,,0.021906,0.978094,,
déclarant,1700-1710,1760-1770,0.577813,0.422187,73,228,,0.012994,0.987006,,
l'arche,1720-1730,1760-1770,0.577748,0.422252,219,245,,,,,
déroger,1740-1750,1760-1770,0.577689,0.422311,106,236,,,,,
dégoût,1700-1710,1720-1730,0.577561,0.422439,125,128,,0.013694,0.986306,,
assignations,1740-1750,1760-1770,0.577353,0.422647,72,142,,,,,
abolir,1700-1710,1740-1750,0.577172,0.422828,64,127,,0.02208,0.97792,,
poëtes,1760-1770,1789-1802,0.577157,0.422843,738,401,,,,,
extreme,1700-1710,1760-1770,0.577144,0.422856,89,96,,,,,
u'il,1710-1720,1789-1802,0.577075,0.422925,148,609,,,,,
defendre,1740-1750,1770-1780,0.576956,0.423044,129,168,,,,,
crient,1700-1710,1730-1740,0.576784,0.423216,61,63,,0.022826,0.977174,,
fouler,1700-1710,1750-1760,0.576724,0.423276,62,189,,0.025179,0.974821,,
quae,1730-1740,1770-1780,0.576356,0.423644,3509,5570,,,,,
operations,1700-1710,1789-1802,0.575992,0.424008,216,233,,,,,
inclusivement,1720-1730,1780-1789,0.575855,0.424145,82,156,,,,,
l'an,1710-1720,1789-1802,0.575756,0.424244,3321,6632,,,,,
exclure,1700-1710,1720-1730,0.575754,0.424246,61,81,,0.014469,0.985531,,
privées,1730-1740,1789-1802,0.575634,0.424366,81,656,,0.01434,0.98566,,
héréditaire,1700-1710,1789-1802,0.575606,0.424394,97,928,,0.01932,0.98068,,
sergens,1760-1770,1789-1802,0.57558,0.42442,307,189,,,,,
courbe,1700-1710,1760-1770,0.575538,0.424462,103,1393,,0.057553,0.942447,,
longueurs,1700-1710,1740-1750,0.575521,0.424479,85,232,,0.02561,0.97439,,
épris,1700-1710,1740-1750,0.575469,0.424531,74,155,,0.010634,0.989366,,
infatigable,1700-1710,1789-1802,0.57545,0.42455,61,363,,0.04569,0.95431,,
d'écouter,1710-1720,1740-1750,0.575385,0.424615,85,162,,,,,
dli,1700-1710,1760-1770,0.575376,0.424624,156,154,,0.012228,0.987772,,
fid,1750-1760,1760-1770,0.575184,0.424816,118,128,,0.010274,0.989726,,
merite,1710-1720,1789-1802,0.575177,0.424823,1020,195,,,,,
beauvais,1700-1710,1780-1789,0.575083,0.424917,93,463,,0.029817,0.970183,,
l'urine,1710-1720,1730-1740,0.575081,0.424919,87,65,,,,,
dépositaire,1700-1710,1740-1750,0.575012,0.424988,101,150,,0.018566,0.981434,,
équipages,1710-1720,1780-1789,0.575,0.425,118,999,,,,,
semer,1710-1720,1730-1740,0.574982,0.425018,287,85,,,,,
l'état,1700-1710,1789-1802,0.574719,0.425281,1269,21337,,,,,
venues,1720-1730,1770-1780,0.574629,0.425371,198,505,,0.014551,0.985449,,
ennemies,1700-1710,1720-1730,0.574573,0.425427,50,86,,0.028272,0.971728,,
requise,1710-1720,1789-1802,0.574543,0.425457,120,204,,,,,
fint,1770-1780,1789-1802,0.574484,0.425516,654,158,,,,,
réjouit,1720-1730,1750-1760,0.574364,0.425636,52,118,,0.018898,0.981102,,
refous,1700-1710,1730-1740,0.574313,0.425687,145,139,,0.013278,0.986722,,
havre,1700-1710,1760-1770,0.574296,0.425704,169,1859,,0.04825,0.95175,,
lrs,1730-1740,1789-1802,0.574121,0.425879,82,429,,0.014235,0.985765,,
fabrication,1700-1710,1770-1780,0.573923,0.426077,230,1126,,0.059939,0.940061,,
dul,1720-1730,1760-1770,0.573591,0.426409,119,239,,0.012976,0.987024,,
maures,1710-1720,1720-1730,0.573514,0.426486,66,319,,,,,
primitive,1700-1710,1789-1802,0.57351,0.42649,65,866,,0.030002,0.969998,,
piques,1700-1710,1730-1740,0.573207,0.426793,70,180,,0.028151,0.971849,,
buis,1720-1730,1770-1780,0.573151,0.426849,78,465,,,,,
confitures,1760-1770,1770-1780,0.573098,0.426902,270,244,,,,,
dux,1720-1730,1730-1740,0.573064,0.426936,125,706,,0.023658,0.976342,,
promenades,1710-1720,1760-1770,0.573061,0.426939,88,235,,0.01277,0.98723,,
bona,1740-1750,1789-1802,0.573037,0.426963,311,212,,,,,
versé,1710-1720,1789-1802,0.572929,0.427071,77,890,,0.052233,0.947767,,
chaffer,1710-1720,1789-1802,0.572927,0.427073,89,265,,0.020689,0.979311,,
s'cn,1700-1710,1780-1789,0.572905,0.427095,120,270,,,,,
lles,1710-1720,1789-1802,0.572873,0.427127,119,473,,0.015344,0.984656,,
mia,1710-1720,1770-1780,0.572773,0.427227,106,199,,0.016871,0.983129,,
singuliere,1700-1710,1789-1802,0.572614,0.427386,117,229,,0.023786,0.976214,,
borner,1700-1710,1789-1802,0.572554,0.427446,60,986,,0.060656,0.939344,,
personnel,1700-1710,1789-1802,0.572525,0.427475,130,1838,,0.023454,0.976546,,
manieres,1710-1720,1720-1730,0.57247,0.42753,807,767,,,,,
marcus,1710-1720,1760-1770,0.572392,0.427608,102,115,,,,,
pouir,1730-1740,1760-1770,0.57232,0.42768,91,220,,,,,
prive,1700-1710,1730-1740,0.572291,0.427709,100,156,,0.016449,0.983551,,
trs,1710-1720,1720-1730,0.572201,0.427799,140,340,,0.029394,0.970606,,
influence,1700-1710,1770-1780,0.572075,0.427925,60,1334,,0.026395,0.973605,,
s'offre,1720-1730,1740-1750,0.571975,0.428025,60,183,,,,,
dicu,1760-1770,1770-1780,0.571711,0.428289,211,136,,,,,
loient,1700-1710,1740-1750,0.571679,0.428321,110,196,,0.023311,0.976689,,
sut,1720-1730,1750-1760,0.571653,0.428347,174,490,,,,,
satyre,1700-1710,1720-1730,0.57152,0.42848,83,125,,0.014308,0.985692,,
sortifie,1700-1710,1720-1730,0.571349,0.428651,73,135,,0.006469,0.993531,,
accepte,1700-1710,1720-1730,0.571326,0.428674,77,70,,0.011041,0.988959,,
fions,1720-1730,1750-1760,0.57132,0.42868,364,788,,0.014667,0.985333,,
i's,1730-1740,1740-1750,0.571215,0.428785,102,118,,,,,
vermillon,1720-1730,1740-1750,0.571187,0.428813,136,339,,0.019008,0.980992,,
trompez,1720-1730,1780-1789,0.571162,0.428838,221,422,,,,,
d'efpagne,1720-1730,1740-1750,0.571108,0.428892,188,1244,,,,,
arcs,1700-1710,1760-1770,0.571083,0.428917,73,496,,0.037963,0.962037,,
caisses,1710-1720,1789-1802,0.570906,0.429094,82,1692,,0.037347,0.962653,,
contents,1710-1720,1789-1802,0.570893,0.429107,134,267,,0.04624,0.95376,,
l'ordre,1700-1710,1789-1802,0.570791,0.429209,2092,16235,,,,,
épiceries,1700-1710,1730-1740,0.570761,0.429239,118,375,,0.039579,0.960421,,
l'ardeur,1730-1740,1789-1802,0.570731,0.429269,620,669,,,,,
modérer,1710-1720,1720-1730,0.570656,0.429344,62,95,,0.024708,0.975292,,
blessure,1700-1710,1730-1740,0.570636,0.429364,74,142,,0.015774,0.984226,,
quatrevingt,1700-1710,1789-1802,0.57055,0.42945,54,430,,0.038739,0.961261,,
salutaire,1710-1720,1789-1802,0.570514,0.429486,157,1105,,0.018492,0.981508,,
d'imiter,1720-1730,1730-1740,0.570445,0.429555,101,185,,,,,
expire,1720-1730,1789-1802,0.570328,0.429672,93,308,,0.013535,0.986465,,
d'ôter,1700-1710,1740-1750,0.570222,0.429778,122,150,,,,,
s'instruire,1700-1710,1710-1720,0.570132,0.429868,57,103,,,,,
good,1740-1750,1789-1802,0.57013,0.42987,51,472,,,,,
l'exclusion,1700-1710,1720-1730,0.570118,0.429882,99,119,,,,,
velours,1760-1770,1770-1780,0.57011,0.42989,623,604,,,,,
formelle,1700-1710,1789-1802,0.570067,0.429933,118,565,,0.025012,0.974988,,
post,1730-1740,1789-1802,0.569967,0.430033,1339,459,,0.035876,0.964124,,
execution,1710-1720,1780-1789,0.569806,0.430194,827,242,,,,,
juris,1710-1720,1720-1730,0.569721,0.430279,197,584,,0.031703,0.968297,,
day,1710-1720,1789-1802,0.569686,0.430314,70,661,,,,,
iooo,1710-1720,1730-1740,0.569611,0.430389,97,96,,,,,
confie,1700-1710,1789-1802,0.56948,0.43052,70,653,,0.030663,0.969337,,
permise,1700-1710,1770-1780,0.569479,0.430521,62,330,,0.020512,0.979488,,
couvrit,1710-1720,1740-1750,0.569423,0.430577,72,170,,,,,
s'oppose,1700-1710,1789-1802,0.569338,0.430662,67,524,,,,,
conjoncture,1720-1730,1770-1780,0.569274,0.430726,173,282,,,,,
donnât,1710-1720,1760-1770,0.569234,0.430766,146,385,,,,,
vils,1700-1710,1789-1802,0.569017,0.430983,60,1198,,0.058912,0.941088,,
sanglier,1700-1710,1760-1770,0.568926,0.431074,125,307,,,,,
exemptions,1770-1780,1780-1789,0.568898,0.431102,640,456,,0.015148,0.984852,,
nymphe,1730-1740,1760-1770,0.56872,0.43128,302,356,,,,,
l'administration,1700-1710,1789-1802,0.568628,0.431372,125,6895,,,,,
d'autriche,1700-1710,1740-1750,0.568587,0.431413,161,1116,,,,,
ajoutée,1720-1730,1789-1802,0.568569,0.431431,111,175,,,,,
l'ambassadeur,1740-1750,1770-1780,0.56856,0.43144,538,354,,,,,
minorité,1710-1720,1789-1802,0.568184,0.431816,171,750,,,,,
supérieure,1710-1720,1760-1770,0.568135,0.431865,177,2606,,0.044421,0.955579,,
i'a,1720-1730,1760-1770,0.568093,0.431907,166,285,,,,,
demandeur,1710-1720,1789-1802,0.568083,0.431917,320,323,,,,,
gâte,1700-1710,1789-1802,0.568036,0.431964,65,128,,0.036557,0.963443,,
afie,1720-1730,1750-1760,0.567991,0.432009,118,149,,0.02705,0.97295,,
mulets,1700-1710,1760-1770,0.567866,0.432134,100,416,,0.027456,0.972544,,
martyr,1710-1720,1740-1750,0.567859,0.432141,153,110,,,,,
juif,1730-1740,1760-1770,0.567831,0.432169,346,782,,0.021634,0.978366,,
n'é,1700-1710,1710-1720,0.567831,0.432169,110,156,,,,,
picce,1700-1710,1789-1802,0.567667,0.432333,226,112,,,,,
dti,1750-1760,1789-1802,0.567568,0.432432,130,538,,0.012573,0.987427,,
sapin,1740-1750,1760-1770,0.567385,0.432615,262,565,,0.022441,0.977559,,
contenue,1710-1720,1760-1770,0.567377,0.432623,95,484,,,,,
respe,1710-1720,1780-1789,0.567227,0.432773,121,1742,,0.016126,0.983874,,
indispensable,1710-1720,1789-1802,0.56719,0.43281,142,2098,,0.026209,0.973791,,
quanti,1720-1730,1730-1740,0.567161,0.432839,134,96,,0.015411,0.984589,,
late,1730-1740,1789-1802,0.567051,0.432949,70,230,,0.038944,0.961056,,
préparez,1710-1720,1740-1750,0.566933,0.433067,79,58,,,,,
fraîche,1720-1730,1740-1750,0.566675,0.433325,107,271,,,,,
charitable,1720-1730,1780-1789,0.566445,0.433555,98,299,,0.032777,0.967223,,
entierement,1720-1730,1789-1802,0.566372,0.433628,954,484,,0.042596,0.957404,,
poudres,1700-1710,1789-1802,0.566336,0.433664,78,393,,0.024043,0.975957,,
l'amant,1700-1710,1710-1720,0.566303,0.433697,66,162,,,,,
scaliger,1740-1750,1789-1802,0.5663,0.4337,65,73,,0.008402,0.991598,,
puisqu'on,1710-1720,1789-1802,0.566286,0.433714,183,706,,,,,
pia,1740-1750,1780-1789,0.566239,0.433761,93,201,,0.011131,0.988869,,
fournies,1740-1750,1760-1770,0.566138,0.433862,226,422,,0.026489,0.973511,,
endormi,1720-1730,1730-1740,0.566086,0.433914,67,111,,0.007873,0.992127,,
uil,1700-1710,1750-1760,0.566083,0.433917,140,98,,0.020628,0.979372,,
foiblesses,1700-1710,1770-1780,0.566012,0.433988,58,530,,0.025175,0.974825,,
introduite,1700-1710,1710-1720,0.565977,0.434023,63,54,,0.012075,0.987925,,
l'anglois,1710-1720,1780-1789,0.565897,0.434103,65,817,,,,,
lal,1730-1740,1770-1780,0.56579,0.43421,59,153,,0.009445,0.990555,,
modele,1740-1750,1789-1802,0.565769,0.434231,289,439,,0.012267,0.987733,,
femelles,1720-1730,1760-1770,0.565565,0.434435,130,999,,,,,
quantite,1700-1710,1710-1720,0.565536,0.434464,72,455,,0.033038,0.966962,,
prient,1710-1720,1750-1760,0.565471,0.434529,100,120,,,,,
l'éclat,1710-1720,1730-1740,0.565443,0.434557,385,851,,,,,
réparation,1700-1710,1789-1802,0.565436,0.434564,73,822,,0.019418,0.980582,,
aigre,1700-1710,1730-1740,0.565343,0.434657,80,96,,,,,
cercueil,1710-1720,1750-1760,0.565315,0.434685,70,118,,0.010438,0.989562,,
arnaud,1700-1710,1780-1789,0.565305,0.434695,70,198,,0.014204,0.985796,,
précepteur,1700-1710,1789-1802,0.565178,0.434822,69,337,,0.024191,0.975809,,
livrez,1700-1710,1760-1770,0.565101,0.434899,82,111,,0.037501,0.962499,,
declaration,1730-1740,1789-1802,0.564914,0.435086,1180,248,,,,,
immortelle,1710-1720,1730-1740,0.564893,0.435107,166,286,,,,,
declaré,1710-1720,1789-1802,0.564876,0.435124,481,109,,,,,
joignent,1700-1710,1760-1770,0.564845,0.435155,90,476,,0.027033,0.972967,,
xxxiv,1750-1760,1789-1802,0.564503,0.435497,316,301,,0.018895,0.981105,,
baguette,1700-1710,1780-1789,0.56435,0.43565,89,745,,0.012894,0.987106,,
prcs,1730-1740,1770-1780,0.564348,0.435652,71,220,,0.015609,0.984391,,
fourbe,1700-1710,1710-1720,0.564225,0.435775,119,201,,,,,
nic,1710-1720,1720-1730,0.564106,0.435894,108,420,,0.032212,0.967788,,
l'occident,1710-1720,1789-1802,0.564104,0.435896,222,490,,,,,
s'éleve,1710-1720,1789-1802,0.564093,0.435907,146,511,,,,,
éclate,1710-1720,1789-1802,0.563917,0.436083,70,305,,0.010883,0.989117,,
parenté,1710-1720,1750-1760,0.563896,0.436104,74,123,,,,,
poule,1750-1760,1789-1802,0.563764,0.436236,489,299,,0.029615,0.970385,,
toits,1710-1720,1740-1750,0.563632,0.436368,121,191,,0.049248,0.950752,,
cuirs,1720-1730,1760-1770,0.563537,0.436463,264,3022,,0.017481,0.982519,,
d'attirer,1700-1710,1720-1730,0.563361,0.436639,85,79,,,,,
lieutenans,1710-1720,1789-1802,0.563159,0.436841,931,584,,,,,
gabriel,1720-1730,1780-1789,0.563031,0.436969,278,394,,0.016436,0.983564,,
résolutions,1710-1720,1770-1780,0.562881,0.437119,159,544,,0.022718,0.977282,,
tarde,1700-1710,1780-1789,0.562831,0.437169,64,450,,0.064362,0.935638,,
observant,1700-1710,1730-1740,0.56268,0.43732,191,178,,,,,
numero,1700-1710,1760-1770,0.56266,0.43734,79,251,,0.016536,0.983464,,
observées,1730-1740,1750-1760,0.562646,0.437354,161,200,,0.017365,0.982635,,
lient,1700-1710,1770-1780,0.562579,0.437421,91,399,,0.028847,0.971153,,
balle,1700-1710,1780-1789,0.562516,0.437484,115,693,,0.01367,0.98633,,
puissants,1700-1710,1789-1802,0.562467,0.437533,75,369,,0.015071,0.984929,,
suffrage,1700-1710,1760-1770,0.562389,0.437611,65,371,,0.0147,0.9853,,
uine,1720-1730,1750-1760,0.562319,0.437681,98,130,,0.01499,0.98501,,
satisfaits,1700-1710,1730-1740,0.562309,0.437691,92,198,,0.014035,0.985965,,
sénateurs,1710-1720,1730-1740,0.562267,0.437733,81,780,,0.03346,0.96654,,
vassaux,1730-1740,1789-1802,0.562193,0.437807,305,752,,,,,
multiplie,1700-1710,1730-1740,0.56213,0.43787,452,100,,,,,
monceaux,1720-1730,1730-1740,0.562089,0.437911,81,108,,0.04578,0.95422,,
information,1700-1710,1789-1802,0.562086,0.437914,95,352,,0.019676,0.980324,,
books,1720-1730,1789-1802,0.562068,0.437932,403,158,,,,,
perche,1720-1730,1740-1750,0.561988,0.438012,273,267,,0.015603,0.984397,,
l'aveu,1700-1710,1710-1720,0.561942,0.438058,142,156,,,,,
videre,1730-1740,1760-1770,0.56192,0.43808,270,68,,,,,
courrier,1720-1730,1770-1780,0.561692,0.438308,119,126,,,,,
different,1730-1740,1770-1780,0.561561,0.438439,334,748,,,,,
participer,1700-1710,1780-1789,0.56126,0.43874,75,595,,0.026445,0.973555,,
aînée,1760-1770,1770-1780,0.561201,0.438799,163,203,,,,,
enseignes,1700-1710,1760-1770,0.561159,0.438841,63,315,,0.025192,0.974808,,
l'île,1710-1720,1780-1789,0.561121,0.438879,76,1795,,,,,
commet,1700-1710,1750-1760,0.56112,0.43888,151,331,,0.01775,0.98225,,
débauche,1700-1710,1720-1730,0.561075,0.438925,174,195,,0.022172,0.977828,,
grecques,1700-1710,1710-1720,0.561062,0.438938,50,82,,0.029027,0.970973,,
cardinaux,1700-1710,1770-1780,0.560849,0.439151,197,350,,,,,
fend,1700-1710,1760-1770,0.560848,0.439152,119,445,,0.029566,0.970434,,
ving,1700-1710,1780-1789,0.560838,0.439162,71,314,,0.029232,0.970768,,
arrets,1750-1760,1789-1802,0.560794,0.439206,506,122,,,,,
ias,1710-1720,1780-1789,0.560694,0.439306,63,244,,0.010396,0.989604,,
boi,1770-1780,1789-1802,0.560662,0.439338,309,358,,0.009012,0.990988,,
choies,1710-1720,1789-1802,0.560576,0.439424,217,290,,,,,
guérit,1710-1720,1740-1750,0.560549,0.439451,87,206,,0.017177,0.982823,,
paresse,1700-1710,1760-1770,0.560515,0.439485,86,376,,0.04774,0.95226,,
représentations,1700-1710,1780-1789,0.560501,0.439499,53,1551,,0.016475,0.983525,,
servie,1730-1740,1740-1750,0.560438,0.439562,115,98,,,,,
flore,1700-1710,1750-1760,0.560435,0.439565,84,664,,0.009322,0.990678,,
l'aune,1700-1710,1770-1780,0.560378,0.439622,423,527,,,,,
retenus,1700-1710,1760-1770,0.560373,0.439627,78,328,,0.031581,0.968419,,
j'avance,1700-1710,1770-1780,0.560352,0.439648,55,257,,,,,
desus,1720-1730,1750-1760,0.560038,0.439962,199,185,,0.022291,0.977709,,
d'exciter,1700-1710,1789-1802,0.559988,0.440012,53,508,,,,,
lys,1720-1730,1740-1750,0.559901,0.440099,253,305,,0.060877,0.939123,,
malignité,1700-1710,1789-1802,0.559856,0.440144,101,317,,0.054559,0.945441,,
prononcée,1710-1720,1740-1750,0.559662,0.440338,77,122,,,,,
publie,1700-1710,1789-1802,0.559574,0.440426,110,564,,0.008407,0.991593,,
charpentier,1730-1740,1760-1770,0.559377,0.440623,80,198,,,,,
soutien,1700-1710,1770-1780,0.559313,0.440687,63,896,,0.012481,0.987519,,
irriter,1720-1730,1740-1750,0.559307,0.440693,69,118,,0.035337,0.964663,,
iiv,1700-1710,1750-1760,0.559144,0.440856,84,126,,0.033769,0.966231,,
rouleau,1720-1730,1789-1802,0.559126,0.440874,117,246,,0.029397,0.970603,,
cessent,1700-1710,1710-1720,0.558961,0.441039,58,106,,0.016842,0.983158,,
iro,1730-1740,1750-1760,0.558767,0.441233,54,75,,0.009774,0.990226,,
fixée,1710-1720,1750-1760,0.558646,0.441354,104,310,,0.015078,0.984922,,
marches,1710-1720,1750-1760,0.558633,0.441367,175,301,,0.030234,0.969766,,
trouvés,1700-1710,1789-1802,0.558617,0.441383,104,1468,,0.023587,0.976413,,
retirés,1700-1710,1720-1730,0.558544,0.441456,69,96,,0.028613,0.971387,,
perfonnes,1750-1760,1789-1802,0.558534,0.441466,148,66,,,,,
pointu,1740-1750,1780-1789,0.55846,0.44154,218,379,,,,,
loo,1730-1740,1760-1770,0.55846,0.44154,107,728,,,,,
mii,1760-1770,1789-1802,0.558374,0.441626,219,595,,0.012609,0.987391,,
ajoutent,1710-1720,1760-1770,0.558329,0.441671,101,392,,0.020751,0.979249,,
poitiers,1710-1720,1760-1770,0.55832,0.44168,166,354,,0.019579,0.980421,,
métal,1710-1720,1760-1770,0.558133,0.441867,85,1910,,0.045183,0.954817,,
produira,1710-1720,1730-1740,0.557987,0.442013,67,79,,0.017294,0.982706,,
proprio,1720-1730,1770-1780,0.557972,0.442028,116,294,,0.013429,0.986571,,
qu'ainsi,1750-1760,1789-1802,0.557953,0.442047,395,830,,,,,
attentive,1720-1730,1789-1802,0.55789,0.44211,68,422,,0.0165,0.9835,,
principauté,1700-1710,1740-1750,0.557879,0.442121,123,157,,,,,
martyre,1720-1730,1730-1740,0.557855,0.442145,137,106,,,,,
auri,1720-1730,1789-1802,0.557803,0.442197,140,124,,0.031548,0.968452,,
plaisante,1740-1750,1750-1760,0.557781,0.442219,170,220,,,,,
intelligences,1700-1710,1710-1720,0.557769,0.442231,74,62,,0.018818,0.981182,,
deo,1700-1710,1730-1740,0.557755,0.442245,207,881,,0.061301,0.938699,,
icl,1720-1730,1789-1802,0.557751,0.442249,119,488,,0.010961,0.989039,,
tâchent,1780-1789,1789-1802,0.557725,0.442275,141,71,,,,,
révolutions,1700-1710,1789-1802,0.557689,0.442311,53,2526,,0.038044,0.961956,,
magasin,1730-1740,1760-1770,0.557686,0.442314,124,1248,,0.011041,0.988959,,
ore,1700-1710,1780-1789,0.557658,0.442342,421,708,,0.012565,0.987435,,
tombée,1710-1720,1750-1760,0.557594,0.442406,180,340,,0.014043,0.985957,,
homine,1730-1740,1760-1770,0.557582,0.442418,74,107,,,,,
orages,1740-1750,1789-1802,0.557486,0.442514,290,953,,0.018827,0.981173,,
droiture,1720-1730,1789-1802,0.55742,0.44258,385,530,,0.055527,0.944473,,
l'heureuse,1720-1730,1760-1770,0.557418,0.442582,66,217,,,,,
dudir,1770-1780,1789-1802,0.557324,0.442676,59,55,,,,,
paires,1710-1720,1789-1802,0.557231,0.442769,126,650,,0.009343,0.990657,,
d'environ,1730-1740,1740-1750,0.557045,0.442955,460,2533,,,,,
pomme,1730-1740,1789-1802,0.556934,0.443066,103,613,,,,,
ccr,1730-1740,1760-1770,0.55677,0.44323,84,205,,0.008407,0.991593,,
voyageur,1700-1710,1730-1740,0.556763,0.443237,56,211,,0.017281,0.982719,,
quintal,1720-1730,1780-1789,0.556739,0.443261,139,3600,,0.088108,0.911892,,
sucres,1710-1720,1789-1802,0.556726,0.443274,113,803,,,,,
d'arbre,1750-1760,1780-1789,0.556707,0.443293,116,217,,,,,
félon,1720-1730,1789-1802,0.556682,0.443318,1166,364,,,,,
regnes,1710-1720,1730-1740,0.556647,0.443353,96,115,,,,,
attentivement,1700-1710,1720-1730,0.556607,0.443393,98,76,,0.013532,0.986468,,
aillent,1700-1710,1740-1750,0.55654,0.44346,74,66,,,,,
j'entre,1700-1710,1780-1789,0.556513,0.443487,51,273,,,,,
surpasser,1700-1710,1710-1720,0.556507,0.443493,51,58,,0.025143,0.974857,,
bouches,1700-1710,1789-1802,0.55649,0.44351,54,659,,0.036347,0.963653,,
témoigne,1720-1730,1789-1802,0.556386,0.443614,158,360,,0.023649,0.976351,,
loups,1710-1720,1750-1760,0.556308,0.443692,220,221,,,,,
répandent,1770-1780,1789-1802,0.556089,0.443911,813,499,,0.022812,0.977188,,
reflexions,1750-1760,1780-1789,0.556089,0.443911,542,319,,,,,
déterminée,1710-1720,1789-1802,0.55606,0.44394,68,1182,,0.023871,0.976129,,
l'abbaye,1720-1730,1789-1802,0.556029,0.443971,1132,886,,,,,
battus,1710-1720,1780-1789,0.555957,0.444043,114,619,,0.02087,0.97913,,
l'illustre,1700-1710,1760-1770,0.555893,0.444107,65,306,,,,,
signifié,1700-1710,1789-1802,0.555859,0.444141,125,142,,,,,
colin,1720-1730,1730-1740,0.555786,0.444214,136,124,,0.013825,0.986175,,
geste,1700-1710,1789-1802,0.555768,0.444232,60,465,,0.02005,0.97995,,
plonger,1720-1730,1730-1740,0.555653,0.444347,98,110,,0.023349,0.976651,,
monarques,1700-1710,1720-1730,0.55559,0.44441,79,110,,0.044319,0.955681,,
fide,1730-1740,1789-1802,0.555481,0.444519,366,468,,0.02596,0.97404,,
suspendre,1700-1710,1789-1802,0.555326,0.444674,81,866,,0.015879,0.984121,,
sua,1730-1740,1740-1750,0.555297,0.444703,1249,270,,0.052061,0.947939,,
malis,1730-1740,1789-1802,0.555095,0.444905,182,122,,0.061482,0.938518,,
s'adresse,1700-1710,1720-1730,0.55507,0.44493,57,57,,,,,
filius,1700-1710,1730-1740,0.555019,0.444981,111,814,,0.017832,0.982168,,
réjouir,1700-1710,1770-1780,0.554852,0.445148,124,334,,0.014163,0.985837,,
conful,1780-1789,1789-1802,0.554797,0.445203,595,441,,,,,
mihi,1720-1730,1740-1750,0.554783,0.445217,1081,2214,,,,,
tambour,1710-1720,1780-1789,0.554658,0.445342,70,773,,0.012565,0.987435,,
bulles,1700-1710,1730-1740,0.554616,0.445384,81,170,,0.021535,0.978465,,
consistance,1700-1710,1720-1730,0.554533,0.445467,50,80,,0.033364,0.966636,,
imite,1700-1710,1720-1730,0.554491,0.445509,56,59,,0.016838,0.983162,,
chré,1720-1730,1789-1802,0.554472,0.445528,105,247,,0.01857,0.98143,,
fief,1730-1740,1789-1802,0.55436,0.44564,613,1649,,,,,
chiffre,1710-1720,1750-1760,0.554355,0.445645,74,153,,,,,
ior,1700-1710,1750-1760,0.554283,0.445717,134,101,,0.012816,0.987184,,
demandera,1710-1720,1750-1760,0.554246,0.445754,105,191,,0.0195,0.9805,,
recompense,1720-1730,1789-1802,0.554097,0.445903,212,99,,,,,
turquie,1710-1720,1789-1802,0.553968,0.446032,119,601,,0.025114,0.974886,,
ées,1720-1730,1750-1760,0.553874,0.446126,91,130,,0.015906,0.984094,,
pisces,1740-1750,1780-1789,0.553844,0.446156,89,186,,,,,
rassembler,1700-1710,1750-1760,0.553814,0.446186,81,400,,0.012551,0.987449,,
olives,1700-1710,1760-1770,0.553582,0.446418,84,314,,0.02162,0.97838,,
épaisses,1750-1760,1780-1789,0.553492,0.446508,171,540,,0.023679,0.976321,,
exigent,1700-1710,1789-1802,0.553482,0.446518,69,1381,,0.03095,0.96905,,
prieuré,1710-1720,1770-1780,0.553448,0.446552,254,111,,,,,
lucius,1710-1720,1780-1789,0.55343,0.44657,127,252,,,,,
l'espoir,1710-1720,1789-1802,0.553301,0.446699,88,2694,,,,,
t'en,1770-1780,1789-1802,0.553085,0.446915,1013,980,,,,,
abattu,1700-1710,1750-1760,0.552984,0.447016,55,178,,0.008227,0.991773,,
pcu,1730-1740,1750-1760,0.552945,0.447055,138,212,,,,,
rendrai,1700-1710,1770-1780,0.552469,0.447531,75,294,,,,,
repondre,1730-1740,1789-1802,0.552374,0.447626,182,162,,,,,
délivrée,1700-1710,1730-1740,0.552293,0.447707,58,200,,0.021985,0.978015,,
apportées,1770-1780,1789-1802,0.552246,0.447754,260,284,,0.01335,0.98665,,
consciences,1720-1730,1760-1770,0.552175,0.447825,80,120,,,,,
infinis,1700-1710,1789-1802,0.551893,0.448107,88,233,,0.025598,0.974402,,
d'allemagne,1700-1710,1740-1750,0.551846,0.448154,194,503,,,,,
ricn,1710-1720,1789-1802,0.551612,0.448388,77,334,,,,,
incapables,1710-1720,1750-1760,0.551523,0.448477,160,411,,0.014476,0.985524,,
passoient,1700-1710,1740-1750,0.551378,0.448622,95,237,,0.029592,0.970408,,
canards,1730-1740,1750-1760,0.551363,0.448637,55,61,,0.021572,0.978428,,
dcc,1700-1710,1789-1802,0.551277,0.448723,117,442,,0.01434,0.98566,,
l'extrémité,1720-1730,1760-1770,0.551216,0.448784,302,1653,,,,,
suivez,1750-1760,1770-1780,0.551145,0.448855,269,522,,0.007071,0.992929,,
obéit,1720-1730,1789-1802,0.551075,0.448925,51,475,,0.010002,0.989998,,
obtenue,1710-1720,1740-1750,0.551047,0.448953,87,125,,0.011813,0.988187,,
crt,1720-1730,1750-1760,0.550988,0.449012,123,84,,0.016734,0.983266,,
construit,1700-1710,1750-1760,0.550895,0.449105,73,260,,0.014109,0.985891,,
s'appliquer,1700-1710,1789-1802,0.55084,0.44916,101,506,,,,,
victorieux,1730-1740,1760-1770,0.550818,0.449182,278,236,,,,,
xxxv,1750-1760,1789-1802,0.550799,0.449201,330,287,,0.017203,0.982797,,
teinture,1700-1710,1789-1802,0.550774,0.449226,114,527,,0.017828,0.982172,,
brabant,1770-1780,1780-1789,0.550743,0.449257,743,899,,,,,
paresseux,1730-1740,1740-1750,0.550707,0.449293,114,184,,0.011857,0.988143,,
attachent,1750-1760,1789-1802,0.550577,0.449423,165,296,,0.025223,0.974777,,
incontinent,1750-1760,1780-1789,0.550511,0.449489,153,1452,,,,,
bourgs,1730-1740,1760-1770,0.550504,0.449496,942,913,,0.078932,0.921068,,
excita,1700-1710,1770-1780,0.550485,0.449515,53,354,,0.024465,0.975535,,
auxdits,1710-1720,1730-1740,0.550444,0.449556,2890,1013,,,,,
ero,1720-1730,1770-1780,0.55032,0.44968,107,85,,0.013206,0.986794,,
fraix,1710-1720,1740-1750,0.549956,0.450044,112,232,,0.014842,0.985158,,
soutenue,1700-1710,1720-1730,0.549883,0.450117,67,66,,0.02093,0.97907,,
iai,1750-1760,1789-1802,0.549792,0.450208,106,471,,0.01194,0.98806,,
rum,1700-1710,1780-1789,0.549782,0.450218,283,407,,0.040361,0.959639,,
approuvée,1700-1710,1720-1730,0.5497,0.4503,67,85,,,,,
tentations,1750-1760,1770-1780,0.549673,0.450327,269,265,,,,,
prifes,1710-1720,1789-1802,0.549596,0.450404,119,569,,0.017665,0.982335,,
payés,1700-1710,1710-1720,0.549051,0.450949,72,179,,0.016495,0.983505,,
muids,1710-1720,1760-1770,0.54891,0.45109,472,1042,,,,,
doir,1700-1710,1770-1780,0.548852,0.451148,90,186,,0.017157,0.982843,,
rapportée,1740-1750,1760-1770,0.548822,0.451178,235,407,,0.018029,0.981971,,
faine,1700-1710,1789-1802,0.548793,0.451207,110,532,,0.027682,0.972318,,
s'abandonner,1710-1720,1720-1730,0.548761,0.451239,67,70,,,,,
grossier,1720-1730,1740-1750,0.548753,0.451247,152,400,,0.016472,0.983528,,
l'amour,1710-1720,1760-1770,0.548454,0.451546,3081,9637,,,,,
d'eaux,1740-1750,1789-1802,0.548443,0.451557,83,204,,,,,
colombe,1720-1730,1770-1780,0.548302,0.451698,88,219,,0.020108,0.979892,,
conjectures,1750-1760,1789-1802,0.548149,0.451851,408,513,,0.039827,0.960173,,
fontainebleau,1710-1720,1730-1740,0.548041,0.451959,286,187,,,,,
d'hommes,1720-1730,1789-1802,0.548034,0.451966,733,5440,,,,,
refert,1760-1770,1789-1802,0.548032,0.451968,130,53,,0.007988,0.992012,,
unanimement,1710-1720,1789-1802,0.547992,0.452008,76,479,,0.048055,0.951945,,
fic,1720-1730,1740-1750,0.547989,0.452011,741,704,,0.01382,0.98618,,
traditions,1710-1720,1780-1789,0.547973,0.452027,83,487,,0.016395,0.983605,,
favoris,1710-1720,1780-1789,0.547967,0.452033,138,628,,0.007016,0.992984,,
ioit,1710-1720,1740-1750,0.547901,0.452099,160,250,,0.021797,0.978203,,
efj,1730-1740,1750-1760,0.5478,0.4522,136,246,,0.009686,0.990314,,
notoire,1700-1710,1789-1802,0.54775,0.45225,72,361,,,,,
bailliage,1720-1730,1789-1802,0.547743,0.452257,440,902,,,,,
quintus,1740-1750,1770-1780,0.547687,0.452313,185,368,,,,,
divertissemens,1710-1720,1720-1730,0.547634,0.452366,71,79,,,,,
palmes,1700-1710,1730-1740,0.547598,0.452402,197,79,,,,,
appar,1700-1710,1789-1802,0.547511,0.452489,60,473,,0.015998,0.984002,,
renouveller,1700-1710,1720-1730,0.547487,0.452513,135,172,,0.022945,0.977055,,
réduites,1700-1710,1760-1770,0.547437,0.452563,78,669,,0.023138,0.976862,,
profession,1720-1730,1780-1789,0.547383,0.452617,62,148,,,,,
vaquer,1700-1710,1740-1750,0.547321,0.452679,66,140,,0.025307,0.974693,,
douzième,1720-1730,1780-1789,0.54732,0.45268,105,401,,,,,
l'envi,1700-1710,1720-1730,0.547127,0.452873,71,129,,,,,
tranchées,1720-1730,1760-1770,0.547042,0.452958,120,215,,0.031708,0.968292,,
demeures,1700-1710,1789-1802,0.546827,0.453173,56,370,,0.020786,0.979214,,
j'aime,1710-1720,1760-1770,0.546736,0.453264,568,1363,,,,,
grammaire,1700-1710,1789-1802,0.546437,0.453563,65,489,,0.059724,0.940276,,
solitaire,1700-1710,1750-1760,0.546417,0.453583,61,167,,0.007722,0.992278,,
hazarder,1710-1720,1789-1802,0.546285,0.453715,77,85,,,,,
touchés,1700-1710,1720-1730,0.546237,0.453763,54,52,,0.016747,0.983253,,
cede,1710-1720,1750-1760,0.546061,0.453939,176,267,,0.015618,0.984382,,
laid,1700-1710,1780-1789,0.546048,0.453952,191,264,,,,,
protéger,1700-1710,1789-1802,0.545835,0.454165,87,1668,,0.015649,0.984351,,
lci,1700-1710,1770-1780,0.545788,0.454212,100,151,,0.019121,0.980879,,
choisies,1700-1710,1710-1720,0.545755,0.454245,54,93,,0.012915,0.987085,,
dlu,1730-1740,1789-1802,0.545588,0.454412,124,1309,,0.012645,0.987355,,
qu'ii,1730-1740,1789-1802,0.545454,0.454546,102,594,,,,,
blancheur,1710-1720,1780-1789,0.545208,0.454792,119,588,,,,,
médiocres,1710-1720,1760-1770,0.545194,0.454806,126,638,,0.019739,0.980261,,
perfides,1710-1720,1789-1802,0.545153,0.454847,63,1090,,0.055336,0.944664,,
d'élever,1700-1710,1789-1802,0.545013,0.454987,100,704,,,,,
plaignent,1710-1720,1789-1802,0.544906,0.455094,65,329,,0.026708,0.973292,,
l'aventure,1720-1730,1730-1740,0.544761,0.455239,81,125,,,,,
qu'enfin,1710-1720,1750-1760,0.54466,0.45534,338,516,,,,,
paternelle,1700-1710,1770-1780,0.544494,0.455506,83,743,,0.024385,0.975615,,
quia,1700-1710,1770-1780,0.54442,0.45558,1058,1796,,,,,
obscures,1710-1720,1730-1740,0.544217,0.455783,60,151,,0.014508,0.985492,,
beuf,1750-1760,1780-1789,0.544215,0.455785,59,196,,0.018332,0.981668,,
conspiration,1720-1730,1789-1802,0.544202,0.455798,75,1098,,0.015307,0.984693,,
qu'el,1700-1710,1789-1802,0.544052,0.455948,238,406,,,,,
ubi,1740-1750,1750-1760,0.543988,0.456012,1111,607,,0.024983,0.975017,,
l'artifice,1700-1710,1789-1802,0.543804,0.456196,93,214,,,,,
hache,1710-1720,1789-1802,0.543778,0.456222,99,522,,0.030571,0.969429,,
plates,1730-1740,1750-1760,0.543769,0.456231,75,318,,0.034138,0.965862,,
anima,1720-1730,1730-1740,0.543649,0.456351,205,226,,0.019265,0.980735,,
parcourir,1700-1710,1720-1730,0.543469,0.456531,89,163,,0.013248,0.986752,,
nettement,1700-1710,1789-1802,0.543452,0.456548,147,226,,0.013901,0.986099,,
menti,1720-1730,1760-1770,0.543426,0.456574,77,129,,0.016012,0.983988,,
jambe,1700-1710,1710-1720,0.543299,0.456701,160,269,,0.016405,0.983595,,
apr,1700-1710,1730-1740,0.543167,0.456833,136,171,,0.00767,0.99233,,
alii,1730-1740,1770-1780,0.543043,0.456957,568,1090,,0.020173,0.979827,,
sentinelle,1700-1710,1789-1802,0.543007,0.456993,51,380,,0.01555,0.98445,,
qu'clle,1710-1720,1740-1750,0.542841,0.457159,131,384,,,,,
d'exposer,1710-1720,1720-1730,0.542832,0.457168,183,105,,,,,
l'objet,1700-1710,1789-1802,0.542766,0.457234,554,6493,,,,,
l'l,1730-1740,1789-1802,0.542756,0.457244,112,359,,,,,
l'ignorance,1700-1710,1789-1802,0.54275,0.45725,160,2186,,,,,
lols,1730-1740,1770-1780,0.542734,0.457266,55,51,,,,,
coupent,1730-1740,1789-1802,0.542709,0.457291,67,240,,0.021995,0.978005,,
tribuns,1700-1710,1789-1802,0.542707,0.457293,215,408,,,,,
l'extrême,1700-1710,1780-1789,0.542565,0.457435,117,855,,,,,
exceptions,1700-1710,1789-1802,0.54242,0.45758,221,923,,0.038996,0.961004,,
peser,1710-1720,1789-1802,0.542317,0.457683,194,720,,,,,
mettront,1700-1710,1740-1750,0.542243,0.457757,71,149,,0.024309,0.975691,,
humbles,1730-1740,1770-1780,0.542156,0.457844,140,426,,,,,
dépeint,1710-1720,1789-1802,0.541908,0.458092,69,151,,,,,
moilons,1750-1760,1780-1789,0.541906,0.458094,59,178,,0.013462,0.986538,,
divisions,1710-1720,1760-1770,0.541888,0.458112,168,1063,,0.033125,0.966875,,
bienséance,1700-1710,1780-1789,0.541785,0.458215,120,181,,0.049894,0.950106,,
idole,1700-1710,1750-1760,0.541635,0.458365,56,183,,0.011813,0.988187,,
régne,1700-1710,1730-1740,0.541571,0.458429,165,834,,0.027861,0.972139,,
tyr,1700-1710,1740-1750,0.541477,0.458523,62,100,,0.011307,0.988693,,
obligées,1700-1710,1760-1770,0.54137,0.45863,99,309,,0.027534,0.972466,,
habitants,1700-1710,1720-1730,0.541247,0.458753,58,242,,0.019475,0.980525,,
seinte,1700-1710,1760-1770,0.541156,0.458844,103,205,,0.015204,0.984796,,
fibres,1710-1720,1760-1770,0.540954,0.459046,69,3290,,,,,
paître,1700-1710,1780-1789,0.540949,0.459051,82,280,,0.053841,0.946159,,
etiam,1770-1780,1780-1789,0.540893,0.459107,4691,1556,,,,,
l'isle,1730-1740,1789-1802,0.54077,0.45923,407,1271,,,,,
l'amérique,1730-1740,1770-1780,0.540582,0.459418,238,4289,,,,,
éteinte,1720-1730,1760-1770,0.540534,0.459466,210,338,,0.025223,0.974777,,
écarté,1700-1710,1789-1802,0.540526,0.459474,86,531,,0.027395,0.972605,,
mutuellement,1700-1710,1720-1730,0.540474,0.459526,86,138,,0.016604,0.983396,,
l'humeur,1700-1710,1789-1802,0.540454,0.459546,200,592,,,,,
tia,1770-1780,1780-1789,0.540427,0.459573,149,152,,0.009246,0.990754,,
réglée,1700-1710,1720-1730,0.540378,0.459622,80,125,,0.011214,0.988786,,
bruges,1740-1750,1760-1770,0.540346,0.459654,105,268,,0.014367,0.985633,,
tos,1710-1720,1789-1802,0.540334,0.459666,134,317,,0.01115,0.98885,,
vcr,1730-1740,1770-1780,0.540211,0.459789,61,100,,0.011028,0.988972,,
homines,1730-1740,1789-1802,0.540056,0.459944,387,475,,,,,
cadavre,1710-1720,1720-1730,0.5399,0.4601,79,83,,0.017357,0.982643,,
ejus,1730-1740,1770-1780,0.539847,0.460153,2982,3554,,,,,
l'espagne,1740-1750,1760-1770,0.539793,0.460207,773,1506,,,,,
redevables,1720-1730,1770-1780,0.539698,0.460302,217,294,,0.042338,0.957662,,
l'esprit,1720-1730,1730-1740,0.539685,0.460315,3470,6396,,,,,
multis,1730-1740,1789-1802,0.53964,0.46036,387,228,,,,,
rameaux,1720-1730,1789-1802,0.539513,0.460487,110,639,,0.120225,0.879775,,
indépendant,1700-1710,1740-1750,0.53949,0.46051,53,153,,0.032351,0.967649,,
venire,1700-1710,1789-1802,0.539476,0.460524,190,258,,,,,
quatuor,1720-1730,1770-1780,0.539454,0.460546,569,790,,0.010449,0.989551,,
vitriol,1740-1750,1770-1780,0.539301,0.460699,72,849,,0.017973,0.982027,,
rex,1720-1730,1730-1740,0.539034,0.460966,344,2139,,0.022692,0.977308,,
supposant,1700-1710,1710-1720,0.539029,0.460971,123,119,,0.023071,0.976929,,
séculiers,1700-1710,1789-1802,0.539022,0.460978,57,153,,,,,
gibier,1710-1720,1750-1760,0.539005,0.460995,425,289,,,,,
contradictions,1700-1710,1789-1802,0.538976,0.461024,84,456,,0.031674,0.968326,,
séparément,1720-1730,1760-1770,0.538936,0.461064,131,806,,0.012124,0.987876,,
essentiellement,1710-1720,1789-1802,0.538922,0.461078,61,1575,,0.017024,0.982976,,
lte,1730-1740,1760-1770,0.538787,0.461213,72,155,,0.011167,0.988833,,
noient,1700-1710,1770-1780,0.538667,0.461333,100,542,,0.017599,0.982401,,
foires,1710-1720,1770-1780,0.538545,0.461455,773,1919,,0.039259,0.960741,,
néglige,1700-1710,1730-1740,0.538519,0.461481,71,137,,0.013779,0.986221,,
approchez,1720-1730,1780-1789,0.538439,0.461561,75,331,,0.023285,0.976715,,
salaire,1720-1730,1789-1802,0.538263,0.461737,105,1398,,0.020343,0.979657,,
l'église,1700-1710,1720-1730,0.538217,0.461783,214,948,,,,,
succéder,1710-1720,1780-1789,0.538192,0.461808,161,776,,0.052925,0.947075,,
permettons,1700-1710,1789-1802,0.537858,0.462142,66,75,,,,,
refsource,1700-1710,1789-1802,0.537856,0.462144,57,408,,0.018348,0.981652,,
muse,1700-1710,1710-1720,0.537841,0.462159,51,116,,0.011805,0.988195,,
ecrivain,1700-1710,1789-1802,0.537595,0.462405,82,251,,0.027429,0.972571,,
authentique,1710-1720,1740-1750,0.537414,0.462586,53,135,,,,,
ols,1700-1710,1780-1789,0.537362,0.462638,319,213,,,,,
circuit,1710-1720,1789-1802,0.53725,0.46275,82,240,,0.01684,0.98316,,
formellement,1730-1740,1789-1802,0.537069,0.462931,140,697,,,,,
l'orge,1770-1780,1780-1789,0.536916,0.463084,1397,835,,,,,
lli,1710-1720,1789-1802,0.536904,0.463096,83,621,,0.01182,0.98818,,
trompeurs,1720-1730,1740-1750,0.536857,0.463143,53,101,,0.027733,0.972267,,
sermon,1710-1720,1730-1740,0.536763,0.463237,231,173,,,,,
cntre,1730-1740,1770-1780,0.536576,0.463424,57,206,,,,,
évidemment,1710-1720,1740-1750,0.536038,0.463962,134,342,,0.011458,0.988542,,
sévérité,1710-1720,1740-1750,0.535982,0.464018,51,178,,0.016977,0.983023,,
maintenu,1710-1720,1789-1802,0.535909,0.464091,173,426,,0.025215,0.974785,,
diverfité,1700-1710,1789-1802,0.535835,0.464165,77,96,,0.050121,0.949879,,
oro,1750-1760,1760-1770,0.535722,0.464278,56,203,,0.017613,0.982387,,
dictateur,1700-1710,1789-1802,0.535686,0.464314,79,161,,,,,
etoiles,1760-1770,1789-1802,0.535599,0.464401,58,297,,,,,
entrées,1720-1730,1740-1750,0.535571,0.464429,429,241,,0.017043,0.982957,,
d'accord,1700-1710,1789-1802,0.53535,0.46465,517,1855,,,,,
pigeon,1720-1730,1780-1789,0.535293,0.464707,70,283,,0.010782,0.989218,,
d'art,1760-1770,1789-1802,0.535215,0.464785,433,451,,,,,
insensibles,1700-1710,1760-1770,0.535164,0.464836,53,290,,0.018213,0.981787,,
parjure,1700-1710,1770-1780,0.535004,0.464996,75,456,,0.015827,0.984173,,
tcr,1730-1740,1740-1750,0.534973,0.465027,88,133,,0.010638,0.989362,,
bulle,1720-1730,1789-1802,0.534953,0.465047,679,509,,,,,
laurier,1700-1710,1780-1789,0.534941,0.465059,208,801,,0.072193,0.927807,,
sacrifie,1700-1710,1710-1720,0.534923,0.465077,52,100,,0.030905,0.969095,,
sum,1740-1750,1750-1760,0.534768,0.465232,150,169,,,,,
crc,1730-1740,1760-1770,0.534753,0.465247,64,114,,0.011917,0.988083,,
miroir,1700-1710,1770-1780,0.534747,0.465253,145,1247,,0.013978,0.986022,,
remercier,1760-1770,1789-1802,0.534731,0.465269,347,496,,,,,
nomen,1770-1780,1789-1802,0.534644,0.465356,1168,158,,0.020184,0.979816,,
irrite,1720-1730,1789-1802,0.53462,0.46538,54,215,,,,,
fidele,1700-1710,1789-1802,0.534481,0.465519,216,568,,0.020851,0.979149,,
pigeons,1710-1720,1730-1740,0.534439,0.465561,414,90,,,,,
assises,1720-1730,1750-1760,0.534394,0.465606,89,65,,,,,
cio,1710-1720,1770-1780,0.534287,0.465713,69,100,,0.011275,0.988725,,
taillée,1710-1720,1730-1740,0.534242,0.465758,73,80,,,,,
cti,1750-1760,1789-1802,0.53423,0.46577,99,505,,,,,
mécontentement,1700-1710,1789-1802,0.533944,0.466056,71,752,,0.028804,0.971196,,
moscovie,1740-1750,1789-1802,0.533825,0.466175,119,78,,,,,
quàm,1770-1780,1780-1789,0.533718,0.466282,3668,1300,,,,,
lorsqu'on,1700-1710,1740-1750,0.533646,0.466354,899,2120,,,,,
entretenus,1700-1710,1710-1720,0.533549,0.466451,69,145,,0.019726,0.980274,,
pii,1710-1720,1770-1780,0.533526,0.466474,76,203,,0.011853,0.988147,,
queues,1730-1740,1789-1802,0.533478,0.466522,78,351,,,,,
d'amour,1700-1710,1710-1720,0.533411,0.466589,494,574,,,,,
existe,1710-1720,1789-1802,0.533355,0.466645,63,4153,,0.026356,0.973644,,
vaillant,1710-1720,1720-1730,0.533315,0.466685,360,229,,,,,
s'assurer,1700-1710,1789-1802,0.533268,0.466732,108,1248,,,,,
sorbonne,1730-1740,1789-1802,0.533209,0.466791,128,237,,,,,
événemens,1700-1710,1789-1802,0.533194,0.466806,54,2661,,0.036373,0.963627,,
varie,1700-1710,1780-1789,0.533194,0.466806,59,969,,0.031255,0.968745,,
d'ours,1700-1710,1760-1770,0.533152,0.466848,59,98,,,,,
l'injustice,1700-1710,1789-1802,0.533074,0.466926,121,1266,,,,,
ecoles,1710-1720,1789-1802,0.533051,0.466949,95,243,,0.02347,0.97653,,
ccl,1710-1720,1740-1750,0.532849,0.467151,66,108,,0.013682,0.986318,,
maintien,1700-1710,1789-1802,0.532824,0.467176,76,2272,,0.036539,0.963461,,
d'aussi,1710-1720,1789-1802,0.532696,0.467304,122,643,,,,,
fortifications,1730-1740,1789-1802,0.532658,0.467342,120,121,,,,,
élire,1710-1720,1760-1770,0.53251,0.46749,86,129,,,,,
relevent,1720-1730,1789-1802,0.532444,0.467556,94,55,,,,,
nombreuses,1700-1710,1789-1802,0.532414,0.467586,58,1343,,0.028328,0.971672,,
roma,1700-1710,1720-1730,0.532176,0.467824,196,487,,0.043388,0.956612,,
procureurs,1720-1730,1789-1802,0.532176,0.467824,982,656,,,,,
scire,1700-1710,1789-1802,0.532068,0.467932,328,52,,,,,
perpétuelle,1700-1710,1789-1802,0.531787,0.468213,60,848,,0.020372,0.979628,,
défendus,1710-1720,1720-1730,0.531537,0.468463,224,70,,0.027788,0.972212,,
jusqu'a,1700-1710,1710-1720,0.531355,0.468645,178,346,,,,,
c'et,1710-1720,1789-1802,0.531192,0.468808,555,1583,,,,,
encourager,1700-1710,1780-1789,0.531186,0.468814,63,855,,0.016698,0.983302,,
inl,1750-1760,1789-1802,0.53114,0.46886,100,447,,0.011553,0.988447,,
regem,1730-1740,1740-1750,0.530587,0.469413,1221,468,,0.02386,0.97614,,
clous,1700-1710,1760-1770,0.530583,0.469417,113,669,,0.133273,0.866727,,
orientale,1700-1710,1770-1780,0.530582,0.469418,120,881,,0.019347,0.980653,,
jonc,1740-1750,1770-1780,0.53045,0.46955,165,353,,0.027606,0.972394,,
aboli,1700-1710,1789-1802,0.530318,0.469682,63,493,,0.024541,0.975459,,
secrète,1710-1720,1730-1740,0.53023,0.46977,156,100,,0.032117,0.967883,,
plûpart,1780-1789,1789-1802,0.53022,0.46978,298,239,,,,,
intelligible,1700-1710,1789-1802,0.530027,0.469973,158,190,,,,,
verdure,1700-1710,1740-1750,0.530006,0.469994,193,417,,0.024284,0.975716,,
ncc,1720-1730,1760-1770,0.529911,0.470089,79,89,,0.016301,0.983699,,
trompent,1760-1770,1789-1802,0.529835,0.470165,300,370,,,,,
essuyer,1710-1720,1720-1730,0.529826,0.470174,112,71,,0.014577,0.985423,,
méprisé,1700-1710,1780-1789,0.529642,0.470358,57,226,,0.020506,0.979494,,
ébranlé,1700-1710,1710-1720,0.528953,0.471047,51,51,,0.011769,0.988231,,
carthage,1720-1730,1789-1802,0.528863,0.471137,539,527,,0.018912,0.981088,,
nombreux,1700-1710,1780-1789,0.528808,0.471192,88,2640,,0.01447,0.98553,,
donn,1710-1720,1730-1740,0.528801,0.471199,93,79,,0.008543,0.991457,,
plaisanteries,1700-1710,1720-1730,0.528737,0.471263,68,54,,0.034088,0.965912,,
époque,1700-1710,1720-1730,0.528688,0.471312,56,77,,0.016056,0.983944,,
délibérations,1700-1710,1789-1802,0.528489,0.471511,68,1589,,0.035953,0.964047,,
chêne,1730-1740,1760-1770,0.528343,0.471657,211,1409,,0.032772,0.967228,,
d'admirer,1720-1730,1740-1750,0.528309,0.471691,74,144,,,,,
fairc,1730-1740,1760-1770,0.528053,0.471947,145,268,,,,,
s'attirer,1720-1730,1789-1802,0.528041,0.471959,78,124,,,,,
perdrix,1700-1710,1740-1750,0.527914,0.472086,156,271,,,,,
huissier,1740-1750,1789-1802,0.527783,0.472217,212,370,,,,,
i'e,1730-1740,1760-1770,0.527776,0.472224,149,246,,,,,
appointemens,1700-1710,1789-1802,0.527745,0.472255,51,1750,,0.04018,0.95982,,
seconder,1700-1710,1789-1802,0.527722,0.472278,64,841,,0.030304,0.969696,,
bizarres,1710-1720,1720-1730,0.527508,0.472492,58,67,,0.015191,0.984809,,
surprend,1710-1720,1720-1730,0.527312,0.472688,118,139,,0.007855,0.992145,,
piéces,1720-1730,1760-1770,0.52722,0.47278,542,1498,,,,,
qu'avant,1700-1710,1780-1789,0.527187,0.472813,243,1128,,,,,
quam,1700-1710,1770-1780,0.527098,0.472902,2453,3228,,,,,
restera,1700-1710,1789-1802,0.52707,0.47293,186,1229,,0.022712,0.977288,,
l'adjudication,1700-1710,1740-1750,0.527017,0.472983,97,144,,,,,
consacrer,1710-1720,1789-1802,0.526969,0.473031,66,1023,,0.016723,0.983277,,
turres,1740-1750,1750-1760,0.526748,0.473252,371,213,,0.021832,0.978168,,
j'ignore,1700-1710,1789-1802,0.526678,0.473322,60,889,,,,,
sylla,1700-1710,1750-1760,0.526666,0.473334,230,368,,,,,
censé,1700-1710,1720-1730,0.526636,0.473364,66,54,,,,,
l'office,1710-1720,1750-1760,0.526517,0.473483,400,336,,,,,
icn,1720-1730,1789-1802,0.526353,0.473647,78,352,,0.01217,0.98783,,
xxxii,1700-1710,1720-1730,0.526198,0.473802,99,272,,0.013514,0.986486,,
obscurs,1720-1730,1789-1802,0.526162,0.473838,102,479,,,,,
l'exil,1710-1720,1750-1760,0.526093,0.473907,51,138,,,,,
rouvraies,1710-1720,1730-1740,0.526013,0.473987,78,123,,,,,
réglées,1700-1710,1740-1750,0.526011,0.473989,50,153,,0.020848,0.979152,,
copy,1700-1710,1780-1789,0.52596,0.47404,116,214,,,,,
console,1700-1710,1760-1770,0.525785,0.474215,87,365,,0.01332,0.98668,,
trahit,1700-1710,1720-1730,0.525733,0.474267,84,99,,0.018246,0.981754,,
ifes,1710-1720,1740-1750,0.525668,0.474332,69,482,,0.033732,0.966268,,
baril,1730-1740,1760-1770,0.525469,0.474531,164,585,,0.046358,0.953642,,
laquais,1700-1710,1720-1730,0.525341,0.474659,180,151,,0.022691,0.977309,,
superstition,1720-1730,1770-1780,0.525287,0.474713,136,1190,,0.096919,0.903081,,
manquez,1730-1740,1770-1780,0.524971,0.475029,109,157,,,,,
adjudication,1730-1740,1780-1789,0.524834,0.475166,194,194,,0.033492,0.966508,,
laboureurs,1700-1710,1730-1740,0.524713,0.475287,160,390,,0.050175,0.949825,,
netteté,1700-1710,1770-1780,0.524675,0.475325,92,334,,,,,
ilu,1750-1760,1789-1802,0.524252,0.475748,67,459,,0.011137,0.988863,,
murailles,1720-1730,1730-1740,0.524233,0.475767,824,1206,,,,,
accoutumés,1700-1710,1730-1740,0.524196,0.475804,52,256,,0.028098,0.971902,,
fabriques,1700-1710,1770-1780,0.524039,0.475961,82,1926,,0.026025,0.973975,,
courez,1720-1730,1730-1740,0.523916,0.476084,54,128,,0.017676,0.982324,,
tibi,1740-1750,1770-1780,0.523729,0.476271,1646,1159,,,,,
i'on,1720-1730,1750-1760,0.523642,0.476358,212,495,,,,,
provenant,1720-1730,1730-1740,0.523616,0.476384,85,349,,0.026255,0.973745,,
fatiguer,1720-1730,1740-1750,0.523597,0.476403,88,104,,0.031975,0.968025,,
produites,1710-1720,1750-1760,0.523584,0.476416,50,252,,0.020702,0.979298,,
supérieurs,1710-1720,1720-1730,0.523525,0.476475,135,172,,0.016336,0.983664,,
tio,1700-1710,1760-1770,0.523433,0.476567,501,386,,0.029167,0.970833,,
d'olive,1730-1740,1740-1750,0.523376,0.476624,134,65,,,,,
ordonnent,1700-1710,1789-1802,0.523299,0.476701,144,277,,0.036486,0.963514,,
complice,1710-1720,1789-1802,0.52325,0.47675,106,1097,,0.017866,0.982134,,
descriptions,1710-1720,1720-1730,0.523247,0.476753,116,129,,0.017421,0.982579,,
agrémens,1750-1760,1789-1802,0.523232,0.476768,463,392,,0.028993,0.971007,,
impostures,1710-1720,1720-1730,0.523207,0.476793,67,66,,,,,
iix,1710-1720,1730-1740,0.522991,0.477009,51,77,,0.018287,0.981713,,
commerces,1720-1730,1789-1802,0.522824,0.477176,74,116,,,,,
n'aime,1700-1710,1740-1750,0.522683,0.477317,158,363,,,,,
polis,1700-1710,1780-1789,0.522501,0.477499,61,405,,0.027732,0.972268,,
irt,1720-1730,1789-1802,0.522409,0.477591,140,585,,0.00843,0.99157,,
nemis,1710-1720,1750-1760,0.522252,0.477748,70,163,,0.014854,0.985146,,
consiscation,1710-1720,1720-1730,0.522166,0.477834,906,126,,,,,
taillées,1700-1710,1740-1750,0.522151,0.477849,81,106,,0.060938,0.939062,,
ordonn,1730-1740,1789-1802,0.522116,0.477884,74,131,,,,,
subsiste,1700-1710,1780-1789,0.522057,0.477943,87,609,,0.025184,0.974816,,
avides,1700-1710,1789-1802,0.521883,0.478117,52,755,,0.026213,0.973787,,
eas,1760-1770,1770-1780,0.521819,0.478181,128,492,,0.022208,0.977792,,
choquer,1720-1730,1730-1740,0.521564,0.478436,78,100,,0.025302,0.974698,,
l'importance,1700-1710,1740-1750,0.521515,0.478485,104,294,,,,,
judée,1720-1730,1770-1780,0.52136,0.47864,65,535,,,,,
opposés,1710-1720,1720-1730,0.521304,0.478696,98,92,,0.027744,0.972256,,
chirurgiens,1700-1710,1740-1750,0.521042,0.478958,140,264,,0.026051,0.973949,,
sépare,1710-1720,1730-1740,0.520933,0.479067,102,235,,0.015471,0.984529,,
notions,1700-1710,1780-1789,0.520931,0.479069,77,1256,,0.045041,0.954959,,
consume,1710-1720,1730-1740,0.520916,0.479084,58,73,,0.019764,0.980236,,
helas,1780-1789,1789-1802,0.520815,0.479185,159,179,,,,,
qu'auparavant,1740-1750,1789-1802,0.520711,0.479289,216,266,,,,,
alia,1770-1780,1780-1789,0.520547,0.479453,1052,325,,,,,
d'avouer,1700-1710,1740-1750,0.520449,0.479551,63,151,,,,,
étrangère,1720-1730,1789-1802,0.520347,0.479653,101,1714,,0.018747,0.981253,,
chateau,1740-1750,1760-1770,0.520211,0.479789,156,214,,,,,
icurs,1730-1740,1750-1760,0.52016,0.47984,90,182,,,,,
impôts,1700-1710,1789-1802,0.520082,0.479918,106,5459,,0.029681,0.970319,,
imparfaite,1700-1710,1789-1802,0.519972,0.480028,82,323,,0.04086,0.95914,,
distincte,1710-1720,1780-1789,0.519884,0.480116,57,232,,0.02449,0.97551,,
num,1700-1710,1789-1802,0.519853,0.480147,267,355,,,,,
avide,1700-1710,1780-1789,0.519769,0.480231,83,822,,0.01815,0.98185,,
montoit,1700-1710,1750-1760,0.519511,0.480489,85,252,,0.027552,0.972448,,
sculpteurs,1710-1720,1720-1730,0.519378,0.480622,102,63,,,,,
cls,1730-1740,1740-1750,0.519257,0.480743,92,175,,0.010771,0.989229,,
j'admire,1710-1720,1720-1730,0.519094,0.480906,79,69,,,,,
trempé,1710-1720,1720-1730,0.519056,0.480944,81,224,,0.020384,0.979616,,
ibi,1720-1730,1740-1750,0.518624,0.481376,331,551,,0.035131,0.964869,,
détruite,1700-1710,1710-1720,0.518514,0.481486,78,91,,0.00822,0.99178,,
gâté,1700-1710,1780-1789,0.518356,0.481644,105,381,,0.012323,0.987677,,
aliis,1740-1750,1770-1780,0.518165,0.481835,1083,960,,0.030723,0.969277,,
présentée,1700-1710,1789-1802,0.517862,0.482138,152,794,,0.043253,0.956747,,
mortier,1700-1710,1780-1789,0.517805,0.482195,207,880,,,,,
cabales,1700-1710,1789-1802,0.517799,0.482201,51,337,,0.028079,0.971921,,
d'europe,1730-1740,1760-1770,0.517674,0.482326,134,661,,,,,
fom,1740-1750,1789-1802,0.517463,0.482537,235,202,,0.021338,0.978662,,
aliquid,1700-1710,1740-1750,0.517429,0.482571,450,528,,,,,
old,1740-1750,1789-1802,0.517408,0.482592,61,360,,,,,
alter,1770-1780,1780-1789,0.51739,0.48261,336,224,,0.012049,0.987951,,
anni,1730-1740,1780-1789,0.517321,0.482679,453,163,,0.030232,0.969768,,
ovale,1760-1770,1780-1789,0.516963,0.483037,623,727,,0.027575,0.972425,,
touchée,1710-1720,1720-1730,0.516917,0.483083,131,74,,,,,
irr,1710-1720,1789-1802,0.516913,0.483087,75,387,,0.007234,0.992766,,
s'unir,1700-1710,1789-1802,0.516891,0.483109,92,517,,,,,
habitudes,1700-1710,1789-1802,0.516788,0.483212,76,1248,,0.024709,0.975291,,
voute,1700-1710,1720-1730,0.516761,0.483239,64,165,,,,,
cni,1750-1760,1789-1802,0.516675,0.483325,93,510,,0.011959,0.988041,,
l'utilité,1710-1720,1789-1802,0.516083,0.483917,469,1989,,,,,
felix,1710-1720,1730-1740,0.516022,0.483978,80,192,,0.013842,0.986158,,
pati,1760-1770,1789-1802,0.515952,0.484048,77,130,,0.009544,0.990456,,
bus,1740-1750,1780-1789,0.515855,0.484145,421,451,,0.021625,0.978375,,
durable,1700-1710,1789-1802,0.515665,0.484335,79,1157,,0.021685,0.978315,,
barres,1700-1710,1740-1750,0.515559,0.484441,279,312,,,,,
rci,1730-1740,1789-1802,0.515531,0.484469,78,623,,0.012546,0.987454,,
chênes,1700-1710,1750-1760,0.515342,0.484658,54,237,,0.02517,0.97483,,
septentrion,1710-1720,1780-1789,0.515316,0.484684,152,282,,,,,
fonda,1710-1720,1730-1740,0.515262,0.484738,146,133,,0.011125,0.988875,,
apprenons,1700-1710,1770-1780,0.515136,0.484864,61,314,,0.013304,0.986696,,
laborieux,1700-1710,1789-1802,0.514852,0.485148,57,692,,0.030904,0.969096,,
l'asie,1700-1710,1789-1802,0.51483,0.48517,81,755,,,,,
lierre,1720-1730,1770-1780,0.514757,0.485243,94,415,,0.031208,0.968792,,
génies,1710-1720,1780-1789,0.514639,0.485361,83,971,,0.020588,0.979412,,
harnois,1720-1730,1770-1780,0.514606,0.485394,70,345,,,,,
redire,1700-1710,1789-1802,0.51439,0.48561,169,324,,,,,
épines,1700-1710,1770-1780,0.51438,0.48562,55,367,,0.024205,0.975795,,
l'ile,1710-1720,1740-1750,0.514368,0.485632,301,2592,,,,,
galanterie,1700-1710,1720-1730,0.514315,0.485685,126,118,,0.026768,0.973232,,
caves,1700-1710,1730-1740,0.514102,0.485898,55,254,,0.020274,0.979726,,
héroïque,1720-1730,1789-1802,0.514056,0.485944,105,462,,0.022459,0.977541,,
n'aiment,1700-1710,1710-1720,0.514044,0.485956,60,106,,,,,
couvertures,1750-1760,1760-1770,0.51403,0.48597,585,346,,0.02031,0.97969,,
choux,1720-1730,1770-1780,0.51388,0.48612,93,588,,,,,
poussent,1730-1740,1740-1750,0.513694,0.486306,117,252,,,,,
montrez,1700-1710,1770-1780,0.513663,0.486337,101,333,,,,,
d'affaire,1700-1710,1770-1780,0.513616,0.486384,100,283,,,,,
tigres,1700-1710,1710-1720,0.513601,0.486399,59,82,,0.017262,0.982738,,
espéce,1710-1720,1780-1789,0.513589,0.486411,330,527,,,,,
ferré,1700-1710,1720-1730,0.513563,0.486437,69,129,,0.019159,0.980841,,
soumise,1700-1710,1789-1802,0.513419,0.486581,63,998,,0.051497,0.948503,,
exposée,1710-1720,1720-1730,0.5134,0.4866,134,94,,0.01657,0.98343,,
parchemin,1760-1770,1789-1802,0.513246,0.486754,679,265,,0.027537,0.972463,,
digestion,1710-1720,1730-1740,0.51322,0.48678,105,77,,0.01671,0.98329,,
sortifications,1710-1720,1750-1760,0.513199,0.486801,93,278,,0.014695,0.985305,,
escadre,1720-1730,1750-1760,0.51276,0.48724,82,139,,,,,
poësie,1730-1740,1780-1789,0.512657,0.487343,554,374,,,,,
entendement,1700-1710,1720-1730,0.512635,0.487365,166,67,,,,,
festins,1700-1710,1720-1730,0.512438,0.487562,98,191,,0.016423,0.983577,,
expéditions,1720-1730,1780-1789,0.512329,0.487671,269,1011,,0.028099,0.971901,,
pourvus,1720-1730,1740-1750,0.512172,0.487828,275,175,,0.0429,0.9571,,
nues,1700-1710,1789-1802,0.512088,0.487912,80,654,,0.007697,0.992303,,
occupés,1700-1710,1730-1740,0.511836,0.488164,78,437,,0.016352,0.983648,,
validité,1710-1720,1730-1740,0.511474,0.488526,71,182,,,,,
l'intérêt,1700-1710,1789-1802,0.51113,0.48887,304,9070,,,,,
trésorier,1710-1720,1789-1802,0.511044,0.488956,206,1217,,0.021606,0.978394,,
i'r,1710-1720,1789-1802,0.510762,0.489238,52,388,,,,,
labourer,1720-1730,1730-1740,0.510754,0.489246,135,131,,,,,
l'application,1700-1710,1789-1802,0.5107,0.4893,158,1164,,,,,
rembourser,1700-1710,1710-1720,0.510226,0.489774,110,211,,0.021206,0.978794,,
exercée,1700-1710,1770-1780,0.510192,0.489808,54,436,,0.019189,0.980811,,
xxxi,1730-1740,1789-1802,0.510143,0.489857,363,452,,0.019309,0.980691,,
produite,1710-1720,1789-1802,0.509997,0.490003,51,456,,0.021264,0.978736,,
folide,1700-1710,1789-1802,0.509985,0.490015,140,401,,0.013179,0.986821,,
c'a,1710-1720,1789-1802,0.509736,0.490264,62,151,,,,,
misérables,1710-1720,1789-1802,0.509673,0.490327,85,875,,0.023874,0.976126,,
dépendans,1700-1710,1789-1802,0.509605,0.490395,90,369,,,,,
notion,1710-1720,1789-1802,0.509514,0.490486,115,425,,0.009526,0.990474,,
l'appel,1710-1720,1789-1802,0.509475,0.490525,376,594,,,,,
cia,1700-1710,1750-1760,0.509471,0.490529,153,123,,0.010031,0.989969,,
roues,1700-1710,1720-1730,0.509328,0.490672,51,461,,0.032803,0.967197,,
système,1700-1710,1710-1720,0.509265,0.490735,51,95,,0.010931,0.989069,,
ellcs,1700-1710,1750-1760,0.509223,0.490777,93,98,,,,,
l'exécution,1700-1710,1789-1802,0.509215,0.490785,215,5062,,,,,
vérification,1710-1720,1789-1802,0.509204,0.490796,59,881,,0.022034,0.977966,,
fidei,1720-1730,1770-1780,0.509166,0.490834,142,201,,0.025474,0.974526,,
audiences,1700-1710,1760-1770,0.509116,0.490884,81,197,,0.030489,0.969511,,
bello,1730-1740,1740-1750,0.509098,0.490902,435,355,,0.01094,0.98906,,
vallées,1700-1710,1740-1750,0.509036,0.490964,64,449,,0.045916,0.954084,,
jeté,1720-1730,1730-1740,0.508966,0.491034,107,129,,0.020021,0.979979,,
trer,1700-1710,1770-1780,0.508894,0.491106,130,557,,0.018107,0.981893,,
exemption,1700-1710,1770-1780,0.508701,0.491299,51,543,,0.018231,0.981769,,
commentaire,1720-1730,1760-1770,0.508401,0.491599,343,688,,,,,
s'accommoder,1740-1750,1789-1802,0.508355,0.491645,189,86,,,,,
louable,1700-1710,1770-1780,0.508289,0.491711,96,727,,0.01268,0.98732,,
incomparablement,1750-1760,1780-1789,0.507867,0.492133,76,75,,,,,
ico,1730-1740,1780-1789,0.507718,0.492282,55,409,,,,,
entieres,1710-1720,1789-1802,0.507636,0.492364,221,149,,0.028427,0.971573,,
diminuée,1710-1720,1750-1760,0.507636,0.492364,50,236,,0.034527,0.965473,,
l'ordinaire,1750-1760,1789-1802,0.507347,0.492653,1359,1019,,,,,
valeurs,1720-1730,1740-1750,0.507285,0.492715,119,148,,0.035751,0.964249,,
d'amende,1710-1720,1750-1760,0.507128,0.492872,3447,1926,,,,,
fermens,1720-1730,1760-1770,0.506813,0.493187,200,425,,0.020089,0.979911,,
l'équité,1700-1710,1789-1802,0.506731,0.493269,179,851,,,,,
cables,1750-1760,1760-1770,0.506665,0.493335,67,185,,,,,
l'infini,1700-1710,1789-1802,0.50661,0.49339,130,489,,,,,
tais,1700-1710,1780-1789,0.506609,0.493391,93,576,,,,,
auras,1740-1750,1789-1802,0.506033,0.493967,168,243,,0.053329,0.946671,,
d'auguste,1700-1710,1789-1802,0.505915,0.494085,69,293,,,,,
abrégé,1700-1710,1710-1720,0.505652,0.494348,66,60,,0.007752,0.992248,,
pavillons,1710-1720,1750-1760,0.505641,0.494359,51,100,,,,,
dominus,1730-1740,1770-1780,0.505583,0.494417,827,360,,0.041785,0.958215,,
fâcher,1700-1710,1740-1750,0.505583,0.494417,57,100,,0.029339,0.970661,,
fosse,1710-1720,1740-1750,0.505271,0.494729,99,145,,,,,
poivre,1710-1720,1740-1750,0.505214,0.494786,808,811,,,,,
l'egypte,1710-1720,1740-1750,0.505143,0.494857,201,390,,,,,
fua,1740-1750,1770-1780,0.505023,0.494977,609,569,,,,,
charmé,1700-1710,1760-1770,0.504998,0.495002,280,589,,,,,
lames,1700-1710,1720-1730,0.504858,0.495142,103,247,,0.024036,0.975964,,
outrée,1720-1730,1740-1750,0.504815,0.495185,65,147,,0.021269,0.978731,,
souhaitez,1750-1760,1789-1802,0.504707,0.495293,118,69,,,,,
illes,1730-1740,1789-1802,0.504609,0.495391,192,359,,0.021295,0.978705,,
laïques,1730-1740,1789-1802,0.504414,0.495586,212,226,,0.01874,0.98126,,
rondes,1760-1770,1780-1789,0.504341,0.495659,491,458,,0.017685,0.982315,,
l'etat,1720-1730,1789-1802,0.504285,0.495715,2228,9273,,,,,
suspect,1720-1730,1789-1802,0.504168,0.495832,65,478,,,,,
l'oeil,1720-1730,1789-1802,0.50405,0.49595,272,1478,,,,,
timidité,1700-1710,1789-1802,0.503964,0.496036,51,503,,0.023237,0.976763,,
sint,1740-1750,1760-1770,0.503915,0.496085,221,316,,0.019998,0.980002,,
nud,1750-1760,1760-1770,0.503627,0.496373,215,593,,,,,
exemplaires,1710-1720,1789-1802,0.503483,0.496517,166,504,,,,,
chapeaux,1730-1740,1760-1770,0.503471,0.496529,240,687,,0.017737,0.982263,,
zéle,1710-1720,1789-1802,0.503391,0.496609,199,147,,0.013449,0.986551,,
remue,1700-1710,1760-1770,0.503374,0.496626,50,331,,0.025331,0.974669,,
l'avoue,1700-1710,1720-1730,0.503209,0.496791,101,171,,,,,
entrés,1700-1710,1720-1730,0.503177,0.496823,63,80,,0.018431,0.981569,,
terminé,1700-1710,1760-1770,0.503162,0.496838,66,594,,0.01858,0.98142,,
n'cn,1700-1710,1730-1740,0.503137,0.496863,93,71,,,,,
essentiels,1700-1710,1789-1802,0.502943,0.497057,72,648,,0.020743,0.979257,,
rétablis,1700-1710,1760-1770,0.502833,0.497167,65,258,,0.034613,0.965387,,
brusque,1710-1720,1789-1802,0.50282,0.49718,59,355,,0.013541,0.986459,,
réels,1700-1710,1789-1802,0.502765,0.497235,99,1315,,0.031282,0.968718,,
ecrivains,1750-1760,1789-1802,0.502728,0.497272,962,328,,,,,
queles,1720-1730,1760-1770,0.502639,0.497361,188,420,,0.006771,0.993229,,
animée,1710-1720,1770-1780,0.502618,0.497382,63,434,,0.013286,0.986714,,
domo,1700-1710,1720-1730,0.502599,0.497401,116,571,,,,,
complot,1720-1730,1789-1802,0.502544,0.497456,113,944,,0.014273,0.985727,,
retomber,1700-1710,1770-1780,0.502525,0.497475,65,415,,0.024218,0.975782,,
dissipé,1720-1730,1789-1802,0.502311,0.497689,72,279,,0.036972,0.963028,,
cochons,1710-1720,1730-1740,0.502301,0.497699,308,84,,0.038461,0.961539,,
icc,1730-1740,1789-1802,0.502253,0.497747,58,358,,0.015368,0.984632,,
d'aristote,1740-1750,1780-1789,0.502246,0.497754,121,1249,,,,,
bassins,1700-1710,1750-1760,0.502197,0.497803,53,58,,0.015101,0.984899,,
depens,1710-1720,1789-1802,0.502121,0.497879,203,111,,,,,
gagnent,1700-1710,1730-1740,0.502032,0.497968,334,114,,,,,
d'empressement,1720-1730,1780-1789,0.501919,0.498081,51,231,,,,,
diminuant,1700-1710,1710-1720,0.501811,0.498189,58,68,,0.011653,0.988347,,
mour,1710-1720,1770-1780,0.501772,0.498228,114,459,,,,,
augmentant,1700-1710,1789-1802,0.501741,0.498259,75,530,,0.034932,0.965068,,
oeuf,1720-1730,1760-1770,0.501625,0.498375,53,415,,,,,
brillantes,1700-1710,1789-1802,0.501455,0.498545,52,792,,0.032597,0.967403,,
m'entendre,1710-1720,1720-1730,0.501298,0.498702,66,59,,,,,
discussion,1700-1710,1789-1802,0.501286,0.498714,144,2442,,0.027497,0.972503,,
l'avarice,1700-1710,1770-1780,0.501012,0.498988,161,1068,,,,,
noeud,1700-1710,1789-1802,0.50067,0.49933,133,556,,0.010657,0.989343,,
modifications,1710-1720,1730-1740,0.500417,0.499583,51,69,,0.010719,0.989281,,
vivere,1730-1740,1780-1789,0.50029,0.49971,171,178,,0.023636,0.976364,,
libraires,1710-1720,1770-1780,0.500106,0.499894,250,1022,,,,,
distingués,1700-1710,1750-1760,0.500032,0.499968,75,417,,0.052687,0.947313,,
sévère,1720-1730,1789-1802,0.499906,0.500094,83,1526,,0.012543,0.987457,,
accompli,1720-1730,1780-1789,0.499774,0.500226,151,379,,,,,
rebuter,1700-1710,1750-1760,0.499733,0.500267,64,163,,0.029549,0.970451,,
murmurer,1720-1730,1740-1750,0.499526,0.500474,52,95,,0.019758,0.980242,,
mentir,1700-1710,1720-1730,0.499396,0.500604,113,89,,,,,
nostra,1730-1740,1780-1789,0.499089,0.500911,713,133,,,,,
haï,1710-1720,1720-1730,0.498971,0.501029,58,64,,0.010607,0.989393,,
continuelles,1700-1710,1770-1780,0.49885,0.50115,140,861,,0.050684,0.949316,,
s'approche,1700-1710,1720-1730,0.49866,0.50134,72,89,,,,,
officio,1710-1720,1740-1750,0.498511,0.501489,56,316,,0.021335,0.978665,,
équitable,1700-1710,1780-1789,0.498377,0.501623,102,698,,0.017243,0.982757,,
clles,1710-1720,1740-1750,0.498329,0.501671,74,91,,0.014476,0.985524,,
fides,1760-1770,1789-1802,0.498262,0.501738,83,184,,0.009923,0.990077,,
then,1710-1720,1789-1802,0.498012,0.501988,50,602,,,,,
destinés,1700-1710,1710-1720,0.497891,0.502109,57,151,,0.032075,0.967925,,
cerfs,1730-1740,1789-1802,0.497839,0.502161,100,117,,,,,
panier,1710-1720,1760-1770,0.497613,0.502387,324,505,,,,,
disposées,1700-1710,1780-1789,0.49743,0.50257,79,939,,0.08184,0.91816,,
redoubler,1700-1710,1789-1802,0.4973,0.5027,69,351,,0.022272,0.977728,,
classes,1700-1710,1789-1802,0.497216,0.502784,74,3989,,0.051708,0.948292,,
imprimeurs,1730-1740,1789-1802,0.497061,0.502939,311,187,,,,,
baye,1770-1780,1789-1802,0.496908,0.503092,334,306,,0.012703,0.987297,,
huitieme,1720-1730,1750-1760,0.496681,0.503319,61,318,,0.039758,0.960242,,
percée,1720-1730,1730-1740,0.496653,0.503347,118,233,,0.041966,0.958034,,
coupant,1700-1710,1730-1740,0.496638,0.503362,96,79,,,,,
d'apollon,1700-1710,1720-1730,0.496414,0.503586,62,196,,,,,
harangue,1700-1710,1750-1760,0.496147,0.503853,251,263,,,,,
limité,1720-1730,1750-1760,0.495934,0.504066,106,251,,0.008691,0.991309,,
regardée,1700-1710,1760-1770,0.495689,0.504311,89,858,,0.035601,0.964399,,
l'italie,1700-1710,1760-1770,0.495565,0.504435,476,1208,,,,,
vingr,1700-1710,1780-1789,0.495306,0.504694,123,101,,,,,
lum,1780-1789,1789-1802,0.495266,0.504734,81,66,,0.013466,0.986534,,
l'éloquence,1700-1710,1789-1802,0.495173,0.504827,87,726,,,,,
dépendances,1710-1720,1789-1802,0.49516,0.50484,283,351,,,,,
magno,1730-1740,1789-1802,0.495071,0.504929,325,111,,,,,
bleue,1720-1730,1770-1780,0.495058,0.504942,59,606,,0.015228,0.984772,,
purs,1730-1740,1789-1802,0.494947,0.505053,176,690,,0.021116,0.978884,,
muscade,1740-1750,1770-1780,0.494667,0.505333,101,262,,,,,
annuellement,1700-1710,1789-1802,0.494586,0.505414,70,1831,,0.036829,0.963171,,
tum,1740-1750,1770-1780,0.49442,0.50558,1277,1580,,,,,
university,1770-1780,1789-1802,0.494418,0.505582,521,2205,,,,,
rompt,1700-1710,1780-1789,0.49429,0.50571,85,380,,0.020546,0.979454,,
fans,1700-1710,1730-1740,0.494054,0.505946,426,3016,,,,,
l'amende,1720-1730,1780-1789,0.493963,0.506037,211,456,,,,,
syndics,1710-1720,1789-1802,0.4939,0.5061,294,471,,,,,
memes,1710-1720,1760-1770,0.493883,0.506117,173,294,,0.014227,0.985773,,
bordure,1700-1710,1720-1730,0.493785,0.506215,68,193,,0.036156,0.963844,,
volaille,1710-1720,1720-1730,0.493653,0.506347,307,57,,,,,
deviendroit,1700-1710,1710-1720,0.493557,0.506443,72,93,,0.012131,0.987869,,
rendons,1710-1720,1789-1802,0.493528,0.506472,92,341,,,,,
hommages,1720-1730,1740-1750,0.493508,0.506492,150,301,,0.020418,0.979582,,
permixtion,1720-1730,1789-1802,0.493472,0.506528,88,90,,0.023551,0.976449,,
ignorent,1730-1740,1770-1780,0.493304,0.506696,128,498,,,,,
vita,1720-1730,1789-1802,0.493143,0.506857,815,264,,0.016206,0.983794,,
l'obligation,1700-1710,1789-1802,0.493056,0.506944,373,1224,,,,,
servis,1720-1730,1740-1750,0.493051,0.506949,149,212,,,,,
l'action,1710-1720,1789-1802,0.49299,0.50701,568,2425,,,,,
crin,1700-1710,1770-1780,0.492749,0.507251,55,308,,0.053412,0.946588,,
habite,1700-1710,1789-1802,0.492544,0.507456,102,599,,0.018069,0.981931,,
apportée,1700-1710,1710-1720,0.492385,0.507615,66,98,,0.017628,0.982372,,
quanto,1730-1740,1789-1802,0.492333,0.507667,263,98,,0.057572,0.942428,,
ainé,1710-1720,1740-1750,0.49222,0.50778,67,80,,,,,
crochet,1700-1710,1730-1740,0.492157,0.507843,59,90,,0.019667,0.980333,,
nifi,1720-1730,1789-1802,0.492016,0.507984,890,51,,,,,
d'obéir,1700-1710,1710-1720,0.49201,0.50799,89,109,,,,,
l'art,1700-1710,1760-1770,0.491824,0.508176,926,8288,,,,,
reconnaître,1710-1720,1740-1750,0.491822,0.508178,177,194,,0.013074,0.986926,,
provenans,1730-1740,1760-1770,0.491637,0.508363,247,252,,,,,
c'e,1730-1740,1770-1780,0.491385,0.508615,460,943,,,,,
ctc,1750-1760,1780-1789,0.491108,0.508892,104,261,,,,,
d'entr'eux,1700-1710,1710-1720,0.490984,0.509016,110,188,,,,,
rivieres,1720-1730,1730-1740,0.490753,0.509247,1037,936,,,,,
ressources,1700-1710,1789-1802,0.490539,0.509461,53,4373,,0.031072,0.968928,,
lti,1760-1770,1789-1802,0.49034,0.50966,104,395,,0.009645,0.990355,,
jettant,1720-1730,1770-1780,0.489865,0.510135,144,614,,0.022301,0.977699,,
galant,1720-1730,1789-1802,0.489845,0.510155,166,555,,,,,
carthaginois,1720-1730,1789-1802,0.489745,0.510255,1318,209,,0.249857,0.750143,,
nem,1780-1789,1789-1802,0.48972,0.51028,134,103,,,,,
tribun,1720-1730,1730-1740,0.489706,0.510294,292,768,,,,,
continuels,1710-1720,1770-1780,0.489602,0.510398,107,554,,0.027552,0.972448,,
cordons,1710-1720,1740-1750,0.489518,0.510482,56,317,,0.03707,0.96293,,
épuisé,1700-1710,1710-1720,0.489445,0.510555,85,90,,0.009632,0.990368,,
fed,1730-1740,1770-1780,0.489391,0.510609,1164,3940,,,,,
dignités,1700-1710,1770-1780,0.4891,0.5109,54,1125,,0.026013,0.973987,,
courtes,1700-1710,1710-1720,0.489052,0.510948,183,180,,,,,
ejf,1720-1730,1740-1750,0.488988,0.511012,245,356,,0.021265,0.978735,,
l'expérience,1700-1710,1789-1802,0.488894,0.511106,225,3536,,,,,
itr,1740-1750,1789-1802,0.488884,0.511116,206,600,,0.008635,0.991365,,
melius,1710-1720,1770-1780,0.488852,0.511148,194,326,,,,,
arpent,1700-1710,1730-1740,0.48881,0.51119,54,145,,0.026905,0.973095,,
arrose,1720-1730,1770-1780,0.488631,0.511369,83,445,,,,,
déguisement,1710-1720,1760-1770,0.488324,0.511676,68,173,,0.014654,0.985346,,
connoissancez,1730-1740,1770-1780,0.488033,0.511967,305,775,,0.041874,0.958126,,
i'i,1720-1730,1789-1802,0.488005,0.511995,169,824,,,,,
triomphant,1720-1730,1740-1750,0.48798,0.51202,85,147,,0.035723,0.964277,,
reconnue,1700-1710,1789-1802,0.487876,0.512124,101,1147,,0.014009,0.985991,,
l'enceinte,1700-1710,1730-1740,0.487268,0.512732,76,214,,,,,
l'augmentation,1730-1740,1789-1802,0.487262,0.512738,404,1196,,,,,
sors,1700-1710,1710-1720,0.486842,0.513158,53,74,,,,,
fard,1710-1720,1789-1802,0.486673,0.513327,74,147,,0.019341,0.980659,,
approfondir,1710-1720,1760-1770,0.486659,0.513341,55,249,,0.010059,0.989941,,
terrein,1700-1710,1789-1802,0.486643,0.513357,103,2574,,0.033024,0.966976,,
traduits,1700-1710,1710-1720,0.486378,0.513622,76,79,,0.018894,0.981106,,
garnis,1760-1770,1780-1789,0.486281,0.513719,540,777,,0.019756,0.980244,,
jam,1750-1760,1770-1780,0.486255,0.513745,962,2317,,,,,
parentes,1710-1720,1780-1789,0.486148,0.513852,158,235,,0.028594,0.971406,,
l'embarras,1710-1720,1750-1760,0.486094,0.513906,217,522,,,,,
nunc,1700-1710,1770-1780,0.486041,0.513959,1097,1792,,,,,
bella,1750-1760,1770-1780,0.48602,0.51398,220,263,,0.016721,0.983279,,
lancer,1710-1720,1789-1802,0.485995,0.514005,123,345,,0.010693,0.989307,,
grece,1700-1710,1770-1780,0.485891,0.514109,342,1962,,,,,
s'écarter,1710-1720,1720-1730,0.48588,0.51412,77,82,,,,,
vafe,1720-1730,1740-1750,0.485658,0.514342,62,68,,0.019475,0.980525,,
occupées,1710-1720,1760-1770,0.485621,0.514379,76,305,,0.027858,0.972142,,
scra,1730-1740,1760-1770,0.48561,0.51439,76,164,,,,,
ordonnées,1740-1750,1789-1802,0.485402,0.514598,230,322,,0.047302,0.952698,,
posse,1750-1760,1789-1802,0.485078,0.514922,202,171,,,,,
aures,1760-1770,1789-1802,0.484676,0.515324,148,104,,0.014452,0.985548,,
grossiers,1720-1730,1740-1750,0.484644,0.515356,129,367,,0.029131,0.970869,,
arma,1740-1750,1770-1780,0.484578,0.515422,571,693,,0.017169,0.982831,,
envieux,1740-1750,1789-1802,0.484575,0.515425,128,293,,0.023465,0.976535,,
itc,1730-1740,1760-1770,0.484525,0.515475,101,146,,0.011241,0.988759,,
abusé,1700-1710,1789-1802,0.484251,0.515749,51,646,,0.029857,0.970143,,
fauvé,1710-1720,1789-1802,0.484221,0.515779,96,206,,,,,
piliers,1700-1710,1770-1780,0.484165,0.515835,61,446,,0.034696,0.965304,,
oeufs,1710-1720,1760-1770,0.484151,0.515849,611,1265,,,,,
étoiles,1710-1720,1770-1780,0.4838,0.5162,63,959,,0.018125,0.981875,,
excité,1700-1710,1780-1789,0.483798,0.516202,92,892,,0.033685,0.966315,,
ingrats,1700-1710,1760-1770,0.483739,0.516261,55,304,,0.021517,0.978483,,
élus,1710-1720,1789-1802,0.483594,0.516406,186,1256,,0.022832,0.977168,,
dévoué,1700-1710,1710-1720,0.483498,0.516502,55,73,,0.024027,0.975973,,
l'arrêt,1700-1710,1740-1750,0.48318,0.51682,178,1758,,,,,
arrêtée,1700-1710,1710-1720,0.483151,0.516849,58,102,,0.010816,0.989184,,
s'arrête,1700-1710,1710-1720,0.482966,0.517034,70,107,,,,,
concourir,1700-1710,1730-1740,0.482635,0.517365,90,177,,0.03089,0.96911,,
croyent,1770-1780,1789-1802,0.482624,0.517376,648,474,,,,,
capitole,1730-1740,1760-1770,0.48262,0.51738,463,326,,,,,
décrets,1720-1730,1789-1802,0.482375,0.517625,154,4835,,0.034527,0.965473,,
quando,1740-1750,1750-1760,0.482348,0.517652,309,446,,0.030237,0.969763,,
offense,1700-1710,1780-1789,0.482299,0.517701,73,217,,0.023673,0.976327,,
railleries,1700-1710,1789-1802,0.482196,0.517804,66,109,,0.05089,0.94911,,
ruinée,1700-1710,1730-1740,0.48218,0.51782,54,124,,0.022007,0.977993,,
l'intelligence,1700-1710,1789-1802,0.482126,0.517874,188,1251,,,,,
bailliages,1720-1730,1789-1802,0.482002,0.517998,290,557,,,,,
paysans,1700-1710,1760-1770,0.481853,0.518147,66,1198,,0.028023,0.971977,,
frein,1700-1710,1789-1802,0.481766,0.518234,67,1037,,0.024865,0.975135,,
aprés,1750-1760,1780-1789,0.481687,0.518313,176,709,,,,,
démonstrations,1720-1730,1760-1770,0.481201,0.518799,67,185,,0.016422,0.983578,,
l'aimable,1720-1730,1760-1770,0.480986,0.519014,81,486,,,,,
bassin,1700-1710,1770-1780,0.480846,0.519154,121,962,,0.021056,0.978944,,
témérité,1700-1710,1710-1720,0.480766,0.519234,101,129,,0.034372,0.965628,,
d'ame,1700-1710,1770-1780,0.480651,0.519349,112,664,,,,,
liquide,1710-1720,1720-1730,0.480586,0.519414,165,113,,0.010351,0.989649,,
ilr,1730-1740,1789-1802,0.48055,0.51945,104,508,,0.011845,0.988155,,
bonnets,1710-1720,1770-1780,0.480535,0.519465,52,349,,,,,
order,1700-1710,1710-1720,0.48023,0.51977,232,51,,,,,
fabriquer,1710-1720,1770-1780,0.480216,0.519784,185,984,,,,,
loco,1740-1750,1750-1760,0.48011,0.51989,615,305,,0.020944,0.979056,,
l'existence,1710-1720,1789-1802,0.480067,0.519933,109,2453,,,,,
chaudes,1700-1710,1730-1740,0.479598,0.520402,117,114,,,,,
distinctions,1710-1720,1789-1802,0.479124,0.520876,118,769,,0.027014,0.972986,,
confirmation,1710-1720,1789-1802,0.478951,0.521049,424,454,,,,,
hic,1730-1740,1740-1750,0.478824,0.521176,1097,738,,,,,
l'effet,1710-1720,1789-1802,0.478723,0.521277,852,5527,,,,,
atque,1720-1730,1770-1780,0.478695,0.521305,1483,4469,,,,,
nuisibles,1700-1710,1789-1802,0.478634,0.521366,75,810,,0.031946,0.968054,,
éditions,1710-1720,1750-1760,0.47848,0.52152,51,640,,0.015038,0.984962,,
perdroit,1720-1730,1740-1750,0.478427,0.521573,72,159,,0.011948,0.988052,,
odieuse,1700-1710,1770-1780,0.478389,0.521611,73,608,,0.036676,0.963324,,
folies,1700-1710,1740-1750,0.477872,0.522128,74,197,,0.015291,0.984709,,
violet,1700-1710,1760-1770,0.47781,0.52219,108,436,,0.014631,0.985369,,
iter,1710-1720,1789-1802,0.477736,0.522264,141,237,,0.024605,0.975395,,
l'été,1700-1710,1710-1720,0.477729,0.522271,55,68,,,,,
apologie,1710-1720,1720-1730,0.477627,0.522373,88,144,,0.025667,0.974333,,
humilité,1740-1750,1760-1770,0.47761,0.52239,120,142,,,,,
m'avez,1720-1730,1740-1750,0.477601,0.522399,363,1184,,,,,
d'cn,1710-1720,1730-1740,0.477592,0.522408,152,88,,,,,
raisins,1710-1720,1780-1789,0.477449,0.522551,260,634,,,,,
rti,1710-1720,1760-1770,0.477144,0.522856,75,162,,0.008717,0.991283,,
prélats,1720-1730,1730-1740,0.477108,0.522892,292,324,,,,,
cochon,1710-1720,1760-1770,0.477075,0.522925,256,293,,,,,
comprise,1710-1720,1789-1802,0.47678,0.52322,104,413,,0.017182,0.982818,,
brise,1700-1710,1770-1780,0.476776,0.523224,76,792,,0.018217,0.981783,,
l'allemagne,1700-1710,1780-1789,0.476724,0.523276,87,1208,,,,,
l'estime,1710-1720,1789-1802,0.476656,0.523344,341,1512,,,,,
grecque,1760-1770,1789-1802,0.476458,0.523542,559,529,,,,,
obvier,1700-1710,1780-1789,0.476355,0.523645,87,341,,0.050546,0.949454,,
expriment,1700-1710,1720-1730,0.475952,0.524048,83,63,,0.021888,0.978112,,
entr'autres,1710-1720,1789-1802,0.475647,0.524353,406,788,,,,,
pluies,1700-1710,1730-1740,0.475505,0.524495,51,153,,0.019888,0.980112,,
tempêtes,1710-1720,1770-1780,0.475463,0.524537,79,500,,0.022898,0.977102,,
fiat,1700-1710,1770-1780,0.47546,0.52454,169,320,,0.016465,0.983535,,
exclus,1700-1710,1789-1802,0.475299,0.524701,137,558,,0.025432,0.974568,,
peintures,1740-1750,1780-1789,0.475103,0.524897,307,756,,,,,
before,1710-1720,1789-1802,0.47493,0.52507,114,397,,,,,
l'afrique,1700-1710,1789-1802,0.474638,0.525362,130,1036,,,,,
l'exception,1700-1710,1789-1802,0.474636,0.525364,164,1316,,,,,
vires,1730-1740,1780-1789,0.474618,0.525382,215,235,,0.01779,0.98221,,
périt,1700-1710,1730-1740,0.474618,0.525382,101,428,,0.025819,0.974181,,
détache,1710-1720,1789-1802,0.474617,0.525383,70,347,,0.016622,0.983378,,
chaises,1710-1720,1789-1802,0.474482,0.525518,179,194,,0.019914,0.980086,,
représentée,1720-1730,1750-1760,0.474354,0.525646,123,1556,,0.034283,0.965717,,
etoffes,1710-1720,1789-1802,0.473741,0.526259,108,98,,,,,
lio,1750-1760,1789-1802,0.473651,0.526349,109,428,,0.010437,0.989563,,
complots,1710-1720,1789-1802,0.473433,0.526567,58,1273,,0.031912,0.968088,,
fincere,1700-1710,1770-1780,0.473232,0.526768,84,380,,0.010208,0.989792,,
châteaux,1700-1710,1789-1802,0.473065,0.526935,150,728,,0.016209,0.983791,,
marquées,1710-1720,1770-1780,0.47291,0.52709,274,645,,,,,
chosc,1740-1750,1750-1760,0.472881,0.527119,205,80,,,,,
d'huile,1760-1770,1770-1780,0.47264,0.52736,1462,1357,,,,,
bravoure,1700-1710,1710-1720,0.472631,0.527369,79,83,,0.051075,0.948925,,
perches,1730-1740,1760-1770,0.47255,0.52745,175,1278,,0.029308,0.970692,,
força,1700-1710,1760-1770,0.472507,0.527493,55,292,,0.021803,0.978197,,
offenser,1700-1710,1760-1770,0.472096,0.527904,50,156,,0.032262,0.967738,,
mourra,1730-1740,1770-1780,0.471907,0.528093,72,179,,,,,
cabarets,1710-1720,1720-1730,0.471894,0.528106,122,75,,0.022489,0.977511,,
femelle,1750-1760,1789-1802,0.47189,0.52811,466,477,,,,,
franchement,1700-1710,1780-1789,0.471796,0.528204,150,433,,0.010292,0.989708,,
tuis,1740-1750,1780-1789,0.471755,0.528245,378,119,,,,,
liée,1710-1720,1780-1789,0.471729,0.528271,84,548,,0.025118,0.974882,,
bouteilles,1730-1740,1780-1789,0.47143,0.52857,249,662,,0.011075,0.988925,,
terra,1720-1730,1740-1750,0.471056,0.528944,601,530,,0.009077,0.990923,,
l'obtenir,1700-1710,1720-1730,0.47102,0.52898,72,77,,,,,
communiquée,1700-1710,1780-1789,0.470986,0.529014,52,377,,0.056973,0.943027,,
tablettes,1700-1710,1760-1770,0.470851,0.529149,54,350,,0.021855,0.978145,,
étoile,1710-1720,1770-1780,0.470648,0.529352,67,446,,0.028375,0.971625,,
l'innocence,1710-1720,1780-1789,0.47054,0.52946,147,1301,,,,,
fauter,1700-1710,1760-1770,0.470477,0.529523,69,170,,0.014254,0.985746,,
satyres,1710-1720,1789-1802,0.470454,0.529546,52,104,,,,,
attribuée,1710-1720,1770-1780,0.470359,0.529641,144,572,,0.0238,0.9762,,
robes,1700-1710,1789-1802,0.469958,0.530042,78,388,,0.025699,0.974301,,
cuire,1710-1720,1720-1730,0.469889,0.530111,1273,340,,,,,
i'c,1700-1710,1789-1802,0.469695,0.530305,62,362,,,,,
s'abandonne,1720-1730,1740-1750,0.469319,0.530681,58,65,,,,,
s'étoit,1730-1740,1780-1789,0.469181,0.530819,5418,7919,,,,,
acheta,1710-1720,1740-1750,0.468869,0.531131,91,156,,0.016293,0.983707,,
l'estimation,1700-1710,1720-1730,0.468657,0.531343,90,72,,,,,
déplaire,1720-1730,1780-1789,0.468576,0.531424,102,680,,0.02164,0.97836,,
timides,1700-1710,1760-1770,0.468549,0.531451,62,286,,0.014282,0.985718,,
meut,1700-1710,1710-1720,0.468515,0.531485,104,52,,0.020036,0.979964,,
omnia,1740-1750,1770-1780,0.468087,0.531913,1274,1790,,,,,
moque,1740-1750,1770-1780,0.467827,0.532173,89,374,,,,,
jaloufie,1710-1720,1789-1802,0.467625,0.532375,106,430,,0.014773,0.985227,,
proprietaires,1710-1720,1740-1750,0.467434,0.532566,1023,57,,,,,
l'archevêque,1710-1720,1760-1770,0.467345,0.532655,372,597,,,,,
d'alexandre,1730-1740,1780-1789,0.467306,0.532694,955,1015,,,,,
primo,1700-1710,1720-1730,0.467186,0.532814,223,239,,,,,
vîte,1720-1730,1750-1760,0.467098,0.532902,188,370,,,,,
souffle,1700-1710,1770-1780,0.467083,0.532917,69,862,,0.009712,0.990288,,
susceptibles,1700-1710,1789-1802,0.466909,0.533091,61,1626,,0.039751,0.960249,,
inconvéniens,1700-1710,1789-1802,0.466857,0.533143,108,2518,,0.041714,0.958286,,
secretaire,1720-1730,1780-1789,0.466808,0.533192,701,818,,,,,
haleine,1720-1730,1770-1780,0.46675,0.53325,110,555,,0.012225,0.987775,,
envoyée,1720-1730,1730-1740,0.466588,0.533412,112,157,,,,,
connaissance,1700-1710,1760-1770,0.466514,0.533486,158,517,,0.017966,0.982034,,
dédommager,1720-1730,1730-1740,0.466464,0.533536,98,187,,0.032691,0.967309,,
diables,1710-1720,1760-1770,0.466458,0.533542,144,265,,,,,
élevés,1700-1710,1760-1770,0.466366,0.533634,80,1330,,0.020193,0.979807,,
l'unique,1700-1710,1789-1802,0.466075,0.533925,176,1225,,,,,
amandes,1700-1710,1789-1802,0.466064,0.533936,119,161,,,,,
natura,1700-1710,1770-1780,0.466005,0.533995,89,810,,0.015904,0.984096,,
mensonges,1710-1720,1740-1750,0.465951,0.534049,107,118,,0.012611,0.987389,,
l'époux,1720-1730,1789-1802,0.465575,0.534425,59,492,,,,,
considérablement,1710-1720,1760-1770,0.465438,0.534562,107,927,,0.034346,0.965654,,
qu'i,1720-1730,1740-1750,0.465357,0.534643,585,1010,,,,,
adoré,1700-1710,1789-1802,0.465291,0.534709,71,439,,0.009762,0.990238,,
donnerez,1700-1710,1730-1740,0.465228,0.534772,122,131,,,,,
camps,1700-1710,1740-1750,0.465205,0.534795,65,135,,0.013278,0.986722,,
provient,1730-1740,1740-1750,0.465195,0.534805,142,166,,,,,
distinguée,1700-1710,1780-1789,0.465121,0.534879,84,577,,0.035719,0.964281,,
tiges,1700-1710,1730-1740,0.465077,0.534923,141,57,,,,,
équitables,1700-1710,1760-1770,0.46464,0.53536,51,130,,0.01802,0.98198,,
orner,1700-1710,1710-1720,0.464413,0.535587,109,90,,,,,
prunes,1700-1710,1770-1780,0.464395,0.535605,153,237,,,,,
hardie,1700-1710,1789-1802,0.464154,0.535846,93,510,,0.022687,0.977313,,
contiendra,1700-1710,1710-1720,0.464072,0.535928,54,109,,0.022747,0.977253,,
economics,1720-1730,1789-1802,0.46407,0.53593,198,2170,,,,,
usé,1710-1720,1789-1802,0.463798,0.536202,336,571,,0.021868,0.978132,,
habet,1740-1750,1770-1780,0.46375,0.53625,553,892,,,,,
trouvâmes,1780-1789,1789-1802,0.46374,0.53626,360,426,,,,,
varier,1700-1710,1710-1720,0.463652,0.536348,66,83,,0.012096,0.987904,,
hec,1760-1770,1789-1802,0.463635,0.536365,59,73,,0.009476,0.990524,,
tempérament,1700-1710,1789-1802,0.46345,0.53655,125,485,,0.024399,0.975601,,
vaisselle,1710-1720,1789-1802,0.463425,0.536575,169,425,,,,,
orgueilleux,1720-1730,1750-1760,0.463078,0.536922,84,246,,0.032545,0.967455,,
quils,1700-1710,1780-1789,0.463061,0.536939,102,289,,0.015097,0.984903,,
supériorité,1700-1710,1789-1802,0.463023,0.536977,77,1736,,0.026416,0.973584,,
comédies,1700-1710,1780-1789,0.4629,0.5371,64,741,,0.040753,0.959247,,
l'entour,1740-1750,1770-1780,0.462707,0.537293,154,241,,,,,
assister,1720-1730,1740-1750,0.462633,0.537367,61,129,,,,,
d'avoine,1720-1730,1730-1740,0.462573,0.537427,60,93,,,,,
confirme,1700-1710,1789-1802,0.462521,0.537479,176,649,,0.011802,0.988198,,
imprimeur,1710-1720,1789-1802,0.462405,0.537595,83,756,,,,,
payeroit,1700-1710,1710-1720,0.462366,0.537634,66,69,,0.024775,0.975225,,
decem,1710-1720,1770-1780,0.462314,0.537686,145,282,,,,,
serons,1760-1770,1770-1780,0.462243,0.537757,362,405,,,,,
nid,1710-1720,1789-1802,0.462211,0.537789,143,332,,0.016094,0.983906,,
neptune,1700-1710,1710-1720,0.46211,0.53789,130,518,,,,,
rece,1700-1710,1789-1802,0.461704,0.538296,108,419,,0.014495,0.985505,,
éternels,1700-1710,1740-1750,0.46159,0.53841,56,138,,0.018137,0.981863,,
niveau,1710-1720,1789-1802,0.461414,0.538586,227,1492,,0.02582,0.97418,,
vendit,1700-1710,1740-1750,0.46137,0.53863,132,169,,0.012227,0.987773,,
continuent,1700-1710,1780-1789,0.461369,0.538631,63,577,,0.023228,0.976772,,
sûrs,1700-1710,1710-1720,0.461265,0.538735,53,97,,0.027534,0.972466,,
d'empêcher,1700-1710,1740-1750,0.46119,0.53881,176,370,,,,,
l'étude,1700-1710,1789-1802,0.461181,0.538819,151,1493,,,,,
réfléchir,1710-1720,1780-1789,0.460896,0.539104,55,1004,,0.028533,0.971467,,
domus,1720-1730,1730-1740,0.460814,0.539186,874,242,,0.039047,0.960953,,
rivages,1700-1710,1750-1760,0.460508,0.539492,81,182,,,,,
l'abri,1710-1720,1770-1780,0.460168,0.539832,178,2072,,,,,
pâturages,1700-1710,1770-1780,0.45999,0.54001,67,1129,,0.020657,0.979343,,
chanté,1700-1710,1720-1730,0.459919,0.540081,54,112,,0.010292,0.989708,,
imprimées,1700-1710,1750-1760,0.459865,0.540135,53,489,,0.028842,0.971158,,
fâcheuses,1710-1720,1770-1780,0.459852,0.540148,99,260,,0.023908,0.976092,,
suo,1730-1740,1780-1789,0.459778,0.540222,965,298,,0.053361,0.946639,,
regi,1710-1720,1730-1740,0.459762,0.540238,118,731,,0.031411,0.968589,,
achete,1730-1740,1740-1750,0.459554,0.540446,96,167,,,,,
tranchée,1730-1740,1770-1780,0.459473,0.540527,401,342,,,,,
tapis,1710-1720,1750-1760,0.45874,0.54126,204,420,,,,,
recevront,1700-1710,1730-1740,0.458697,0.541303,74,101,,0.01501,0.98499,,
d'autrui,1700-1710,1789-1802,0.458686,0.541314,300,1140,,,,,
éternelles,1720-1730,1730-1740,0.458361,0.541639,80,110,,,,,
l'examen,1700-1710,1750-1760,0.458296,0.541704,144,754,,,,,
divisent,1730-1740,1789-1802,0.458172,0.541828,71,488,,0.025374,0.974626,,
only,1710-1720,1789-1802,0.458042,0.541958,70,533,,,,,
gazon,1700-1710,1789-1802,0.457892,0.542108,182,427,,,,,
pernicieuse,1710-1720,1789-1802,0.457818,0.542182,131,195,,0.038153,0.961847,,
piller,1700-1710,1710-1720,0.457699,0.542301,109,117,,0.02917,0.97083,,
cci,1730-1740,1750-1760,0.457695,0.542305,88,120,,0.01381,0.98619,,
l'ambition,1700-1710,1789-1802,0.457609,0.542391,207,2207,,,,,
étes,1730-1740,1750-1760,0.45755,0.54245,84,86,,,,,
tuyaux,1700-1710,1770-1780,0.457526,0.542474,145,1354,,0.030996,0.969004,,
world,1700-1710,1780-1789,0.457471,0.542529,128,134,,,,,
offrent,1710-1720,1789-1802,0.457369,0.542631,90,1428,,0.019947,0.980053,,
comptables,1730-1740,1780-1789,0.456781,0.543219,79,231,,,,,
direz,1700-1710,1770-1780,0.456771,0.543229,266,898,,,,,
lasser,1700-1710,1789-1802,0.456725,0.543275,71,245,,,,,
signal,1700-1710,1789-1802,0.45668,0.54332,114,999,,0.02,0.98,,
etes,1700-1710,1789-1802,0.456423,0.543577,62,376,,0.023185,0.976815,,
maniére,1720-1730,1789-1802,0.45608,0.54392,1496,113,,,,,
ample,1700-1710,1789-1802,0.456063,0.543937,210,395,,,,,
quidem,1710-1720,1770-1780,0.45574,0.54426,983,2371,,,,,
vitesse,1700-1710,1740-1750,0.454995,0.545005,63,745,,0.071162,0.928838,,
d'herbes,1710-1720,1730-1740,0.454903,0.545097,146,111,,,,,
belli,1720-1730,1770-1780,0.45458,0.54542,134,476,,,,,
expirer,1700-1710,1710-1720,0.454559,0.545441,85,71,,0.025422,0.974578,,
surmonter,1710-1720,1789-1802,0.454147,0.545853,143,482,,0.016198,0.983802,,
graisse,1760-1770,1770-1780,0.453948,0.546052,531,728,,,,,
j'allai,1700-1710,1760-1770,0.453853,0.546147,117,253,,,,,
souffrances,1710-1720,1780-1789,0.453694,0.546306,84,686,,,,,
limon,1700-1710,1789-1802,0.453613,0.546387,51,349,,0.01327,0.98673,,
l'origine,1700-1710,1789-1802,0.453522,0.546478,255,2555,,,,,
inquiétudes,1700-1710,1789-1802,0.453275,0.546725,63,1239,,0.020891,0.979109,,
répandus,1710-1720,1789-1802,0.452559,0.547441,106,791,,0.027429,0.972571,,
procure,1700-1710,1760-1770,0.452497,0.547503,102,1335,,0.055863,0.944137,,
ultra,1700-1710,1789-1802,0.452409,0.547591,146,116,,0.016657,0.983343,,
environnent,1710-1720,1750-1760,0.452227,0.547773,71,207,,0.024167,0.975833,,
fon,1720-1730,1789-1802,0.451736,0.548264,1962,660,,,,,
concil,1730-1740,1789-1802,0.451612,0.548388,407,299,,,,,
sincérité,1700-1710,1770-1780,0.451535,0.548465,103,408,,0.031914,0.968086,,
lisette,1730-1740,1789-1802,0.451509,0.548491,1849,268,,,,,
certa,1780-1789,1789-1802,0.451344,0.548656,100,77,,0.010982,0.989018,,
ravages,1700-1710,1789-1802,0.4513,0.5487,53,1057,,0.028321,0.971679,,
inconnues,1700-1710,1720-1730,0.451283,0.548717,72,130,,0.022739,0.977261,,
d'exercer,1700-1710,1720-1730,0.451261,0.548739,113,152,,,,,
m'appelle,1700-1710,1740-1750,0.451108,0.548892,65,103,,,,,
sine,1730-1740,1750-1760,0.451085,0.548915,634,270,,0.045918,0.954082,,
fermées,1720-1730,1730-1740,0.450904,0.549096,137,175,,0.013079,0.986921,,
loca,1770-1780,1789-1802,0.450805,0.549195,191,88,,0.031505,0.968495,,
bancs,1730-1740,1770-1780,0.450796,0.549204,138,653,,0.014259,0.985741,,
gestes,1700-1710,1730-1740,0.45072,0.54928,64,176,,0.024004,0.975996,,
mea,1740-1750,1770-1780,0.45054,0.54946,643,337,,,,,
disciple,1700-1710,1780-1789,0.450183,0.549817,168,1038,,,,,
cùm,1720-1730,1770-1780,0.449977,0.550023,750,2234,,,,,
quibus,1730-1740,1770-1780,0.449779,0.550221,1572,2180,,,,,
bains,1700-1710,1780-1789,0.44969,0.55031,139,1212,,0.009103,0.990897,,
circa,1700-1710,1770-1780,0.449241,0.550759,84,775,,0.02635,0.97365,,
fécondité,1700-1710,1770-1780,0.44913,0.55087,126,1068,,0.019297,0.980703,,
subtile,1720-1730,1730-1740,0.449126,0.550874,79,190,,,,,
partagent,1710-1720,1720-1730,0.449125,0.550875,83,139,,0.012163,0.987837,,
qu'après,1700-1710,1710-1720,0.449056,0.550944,674,1203,,,,,
perce,1700-1710,1770-1780,0.44898,0.55102,145,928,,0.011992,0.988008,,
quem,1730-1740,1770-1780,0.44895,0.55105,1651,1593,,,,,
huiles,1700-1710,1730-1740,0.448782,0.551218,66,564,,0.018082,0.981918,,
nerfs,1710-1720,1760-1770,0.44865,0.55135,155,990,,,,,
l'image,1710-1720,1789-1802,0.448496,0.551504,345,1216,,,,,
pernicieux,1720-1730,1789-1802,0.448429,0.551571,229,444,,0.036914,0.963086,,
accuse,1700-1710,1730-1740,0.448341,0.551659,52,103,,0.011405,0.988595,,
eodem,1730-1740,1770-1780,0.448269,0.551731,627,835,,,,,
entr'eux,1700-1710,1760-1770,0.448229,0.551771,252,1571,,,,,
accompagnées,1710-1720,1789-1802,0.448105,0.551895,79,214,,0.017858,0.982142,,
allume,1710-1720,1770-1780,0.448,0.552,59,333,,0.011436,0.988564,,
l'ouverture,1740-1750,1789-1802,0.447988,0.552012,750,1322,,,,,
troncs,1710-1720,1760-1770,0.447973,0.552027,59,357,,0.034985,0.965015,,
concilier,1700-1710,1780-1789,0.447859,0.552141,87,1342,,0.02976,0.97024,,
perfectionner,1700-1710,1710-1720,0.447801,0.552199,91,181,,0.0121,0.9879,,
possede,1710-1720,1720-1730,0.4478,0.5522,183,356,,,,,
lege,1720-1730,1770-1780,0.44773,0.55227,156,406,,0.012809,0.987191,,
jusqu'alors,1710-1720,1770-1780,0.447662,0.552338,295,1245,,,,,
pontificat,1740-1750,1760-1770,0.447201,0.552799,81,102,,,,,
envoyés,1720-1730,1789-1802,0.447179,0.552821,134,2031,,0.015262,0.984738,,
d'exiger,1700-1710,1720-1730,0.446911,0.553089,61,109,,,,,
rerum,1720-1730,1770-1780,0.446813,0.553187,618,991,,,,,
haec,1730-1740,1770-1780,0.446792,0.553208,1306,2037,,,,,
pots,1720-1730,1789-1802,0.446676,0.553324,280,637,,,,,
attentats,1700-1710,1789-1802,0.446566,0.553434,77,975,,0.014765,0.985235,,
invisible,1720-1730,1789-1802,0.44656,0.55344,69,479,,0.009668,0.990332,,
interrompu,1700-1710,1720-1730,0.446324,0.553676,87,109,,0.012496,0.987504,,
harangues,1700-1710,1789-1802,0.446041,0.553959,91,264,,,,,
conférences,1710-1720,1770-1780,0.445911,0.554089,189,303,,0.007301,0.992699,,
solidairement,1700-1710,1789-1802,0.44578,0.55422,81,100,,,,,
blessures,1700-1710,1789-1802,0.445644,0.554356,70,660,,0.03158,0.96842,,
pattes,1710-1720,1780-1789,0.445624,0.554376,77,398,,0.02229,0.97771,,
frivoles,1710-1720,1760-1770,0.445399,0.554601,105,618,,0.020934,0.979066,,
soupire,1700-1710,1789-1802,0.44539,0.55461,62,340,,0.016881,0.983119,,
d'exécuter,1700-1710,1720-1730,0.445233,0.554767,72,102,,,,,
gloria,1730-1740,1740-1750,0.44517,0.55483,314,179,,,,,
ordures,1700-1710,1789-1802,0.445036,0.554964,57,113,,,,,
plaques,1700-1710,1760-1770,0.444809,0.555191,57,389,,0.033701,0.966299,,
facere,1740-1750,1770-1780,0.444551,0.555449,522,547,,,,,
m'empêcher,1700-1710,1789-1802,0.444478,0.555522,119,568,,,,,
sublimes,1700-1710,1789-1802,0.444398,0.555602,70,823,,0.023356,0.976644,,
deum,1710-1720,1750-1760,0.444386,0.555614,205,195,,0.027476,0.972524,,
ancres,1730-1740,1750-1760,0.444148,0.555852,59,73,,,,,
diligences,1750-1760,1789-1802,0.44381,0.55619,132,150,,,,,
baillifs,1760-1770,1789-1802,0.443662,0.556338,211,68,,,,,
poutres,1710-1720,1760-1770,0.443603,0.556397,61,322,,0.031391,0.968609,,
car,1710-1720,1720-1730,0.443398,0.556602,15790,19957,,0.009491,0.990509,,
vivoient,1700-1710,1789-1802,0.443017,0.556983,140,432,,0.028972,0.971028,,
graver,1700-1710,1740-1750,0.442849,0.557151,145,156,,,,,
l'erreur,1710-1720,1770-1780,0.442801,0.557199,357,1954,,,,,
coquilles,1720-1730,1770-1780,0.442719,0.557281,87,533,,0.020245,0.979755,,
d'employer,1700-1710,1780-1789,0.44263,0.55737,165,1850,,,,,
bene,1720-1730,1730-1740,0.442574,0.557426,286,512,,,,,
appelloient,1720-1730,1789-1802,0.442005,0.557995,222,163,,,,,
abonde,1710-1720,1770-1780,0.441851,0.558149,79,398,,,,,
décisions,1720-1730,1780-1789,0.441661,0.558339,70,680,,0.023434,0.976566,,
remboursement,1710-1720,1789-1802,0.441456,0.558544,268,2162,,,,,
sels,1710-1720,1789-1802,0.441297,0.558703,158,579,,0.025838,0.974162,,
venin,1720-1730,1770-1780,0.441121,0.558879,138,669,,0.021453,0.978547,,
traitée,1700-1710,1789-1802,0.4411,0.5589,91,473,,0.022764,0.977236,,
natif,1750-1760,1789-1802,0.441067,0.558933,1049,407,,0.019555,0.980445,,
l'espérance,1710-1720,1770-1780,0.44104,0.55896,352,1782,,,,,
protestations,1710-1720,1789-1802,0.440868,0.559132,139,530,,0.03266,0.96734,,
triomphes,1710-1720,1789-1802,0.440786,0.559214,66,654,,0.024238,0.975762,,
procéder,1710-1720,1789-1802,0.440582,0.559418,111,1167,,0.021234,0.978766,,
modique,1700-1710,1760-1770,0.440578,0.559422,57,676,,0.034868,0.965132,,
supra,1730-1740,1740-1750,0.440516,0.559484,550,264,,0.018132,0.981868,,
m'arrêter,1700-1710,1789-1802,0.440372,0.559628,51,303,,,,,
troublent,1710-1720,1730-1740,0.440181,0.559819,89,91,,0.020703,0.979297,,
necessaires,1700-1710,1789-1802,0.440155,0.559845,541,226,,,,,
corpus,1730-1740,1770-1780,0.440082,0.559918,271,436,,0.011685,0.988315,,
muid,1700-1710,1760-1770,0.43997,0.56003,390,1183,,,,,
aujourd'hui,1720-1730,1789-1802,0.439918,0.560082,3302,14547,,,,,
suivies,1700-1710,1710-1720,0.439769,0.560231,74,148,,0.013741,0.986259,,
moments,1710-1720,1740-1750,0.439433,0.560567,365,190,,,,,
s'ouvre,1710-1720,1720-1730,0.439417,0.560583,99,95,,,,,
rivières,1710-1720,1730-1740,0.439124,0.560876,128,201,,0.023021,0.976979,,
l'article,1700-1710,1730-1740,0.439071,0.560929,1446,3944,,,,,
ondes,1720-1730,1760-1770,0.439016,0.560984,104,397,,,,,
éré,1700-1710,1740-1750,0.438724,0.561276,94,277,,0.029563,0.970437,,
vobis,1730-1740,1789-1802,0.438657,0.561343,1504,145,,,,,
récompenser,1720-1730,1730-1740,0.438493,0.561507,91,194,,0.011937,0.988063,,
l'aime,1720-1730,1730-1740,0.438493,0.561507,160,460,,,,,
excuser,1700-1710,1720-1730,0.438486,0.561514,65,86,,0.020793,0.979207,,
l'orgueil,1720-1730,1789-1802,0.438402,0.561598,237,1826,,,,,
boit,1700-1710,1770-1780,0.438075,0.561925,263,724,,0.027839,0.972161,,
bagatelles,1710-1720,1730-1740,0.43789,0.56211,170,163,,0.018765,0.981235,,
élevées,1700-1710,1789-1802,0.437773,0.562227,131,1044,,0.023895,0.976105,,
those,1710-1720,1789-1802,0.43755,0.56245,71,733,,,,,
conjecture,1700-1710,1760-1770,0.43749,0.56251,124,348,,,,,
plats,1700-1710,1760-1770,0.437196,0.562804,205,815,,,,,
please,1770-1780,1789-1802,0.437156,0.562844,229,58,,,,,
retarder,1700-1710,1750-1760,0.436971,0.563029,94,247,,0.021276,0.978724,,
cloux,1730-1740,1780-1789,0.436824,0.563176,124,114,,,,,
attaquent,1700-1710,1789-1802,0.436689,0.563311,80,299,,0.029688,0.970312,,
l'emporte,1700-1710,1710-1720,0.436534,0.563466,103,176,,,,,
attentifs,1700-1710,1770-1780,0.436165,0.563835,75,497,,0.023179,0.976821,,
l'avoit,1720-1730,1780-1789,0.435773,0.564227,1578,6508,,,,,
maritimes,1720-1730,1750-1760,0.435705,0.564295,123,506,,0.018662,0.981338,,
revêtus,1720-1730,1789-1802,0.43537,0.56463,164,574,,0.026605,0.973395,,
confus,1720-1730,1770-1780,0.435364,0.564636,226,669,,,,,
factum,1760-1770,1789-1802,0.434812,0.565188,53,56,,,,,
étc,1700-1710,1740-1750,0.434691,0.565309,112,114,,,,,
taken,1710-1720,1789-1802,0.43468,0.56532,93,223,,,,,
plutarque,1730-1740,1789-1802,0.434605,0.565395,894,415,,,,,
jaunes,1710-1720,1789-1802,0.434561,0.565439,239,382,,,,,
country,1700-1710,1789-1802,0.434509,0.565491,185,270,,,,,
formoient,1700-1710,1789-1802,0.434431,0.565569,55,647,,0.026926,0.973074,,
s'écrie,1700-1710,1710-1720,0.434401,0.565599,53,95,,,,,
parvenus,1700-1710,1789-1802,0.434371,0.565629,93,1032,,0.027589,0.972411,,
gouverné,1710-1720,1789-1802,0.434164,0.565836,109,696,,0.026329,0.973671,,
engagemens,1710-1720,1789-1802,0.43391,0.56609,130,1808,,0.029464,0.970536,,
bannir,1700-1710,1750-1760,0.433349,0.566651,124,362,,0.024246,0.975754,,
souvient,1720-1730,1789-1802,0.433317,0.566683,125,391,,0.019073,0.980927,,
intervenu,1700-1710,1789-1802,0.43321,0.56679,58,60,,0.022261,0.977739,,
répondez,1780-1789,1789-1802,0.43317,0.56683,471,379,,0.013488,0.986512,,
mandons,1730-1740,1789-1802,0.433133,0.566867,220,296,,,,,
nam,1730-1740,1770-1780,0.433104,0.566896,1194,2095,,,,,
explications,1720-1730,1740-1750,0.433015,0.566985,104,390,,0.013486,0.986514,,
posées,1730-1740,1789-1802,0.432899,0.567101,135,286,,0.023067,0.976933,,
tombées,1720-1730,1730-1740,0.432794,0.567206,57,111,,0.023417,0.976583,,
signée,1700-1710,1720-1730,0.432618,0.567382,146,83,,,,,
drapeaux,1700-1710,1770-1780,0.432383,0.567617,50,522,,0.023617,0.976383,,
l'emporter,1700-1710,1760-1770,0.432076,0.567924,71,303,,,,,
claires,1720-1730,1789-1802,0.432049,0.567951,170,502,,,,,
ipse,1730-1740,1740-1750,0.431995,0.568005,1032,346,,,,,
planté,1700-1710,1740-1750,0.431652,0.568348,169,187,,,,,
envoye,1730-1740,1789-1802,0.431627,0.568373,435,326,,,,,
sénéchaux,1730-1740,1789-1802,0.431619,0.568381,121,75,,,,,
provin,1700-1710,1780-1789,0.431417,0.568583,93,534,,0.017027,0.982973,,
extravagances,1710-1720,1720-1730,0.431277,0.568723,59,63,,0.034777,0.965223,,
réparations,1700-1710,1710-1720,0.431247,0.568753,95,174,,0.01778,0.98222,,
first,1740-1750,1789-1802,0.4303,0.5697,159,501,,,,,
contraventions,1710-1720,1789-1802,0.43028,0.56972,393,171,,,,,
coupées,1700-1710,1730-1740,0.430215,0.569785,95,111,,,,,
rebus,1720-1730,1770-1780,0.430215,0.569785,531,612,,,,,
prêtes,1700-1710,1750-1760,0.430164,0.569836,83,188,,0.04275,0.95725,,
religions,1710-1720,1789-1802,0.43015,0.56985,71,714,,0.026128,0.973872,,
augmentoit,1710-1720,1720-1730,0.430015,0.569985,57,68,,0.030625,0.969375,,
incompatibles,1700-1710,1789-1802,0.42976,0.57024,63,242,,0.030227,0.969773,,
meis,1780-1789,1789-1802,0.429719,0.570281,95,129,,,,,
tuyau,1720-1730,1780-1789,0.42864,0.57136,88,1027,,0.012599,0.987401,,
garnies,1700-1710,1710-1720,0.428433,0.571567,81,180,,0.029391,0.970609,,
ceci,1700-1710,1710-1720,0.428133,0.571867,971,804,,,,,
renfermées,1700-1710,1710-1720,0.428085,0.571915,56,50,,0.017248,0.982752,,
jurisdiction,1710-1720,1740-1750,0.428049,0.571951,1066,693,,,,,
magasins,1710-1720,1760-1770,0.427811,0.572189,149,1320,,0.013085,0.986915,,
clauses,1710-1720,1789-1802,0.427577,0.572423,140,341,,,,,
superficie,1700-1710,1789-1802,0.427483,0.572517,139,603,,,,,
d'éviter,1700-1710,1750-1760,0.427431,0.572569,184,471,,,,,
conclusions,1710-1720,1789-1802,0.427387,0.572613,656,229,,,,,
l'audace,1710-1720,1789-1802,0.427259,0.572741,175,929,,,,,
tiroient,1700-1710,1789-1802,0.427077,0.572923,99,398,,0.020963,0.979037,,
plancher,1710-1720,1760-1770,0.426913,0.573087,99,586,,0.021839,0.978161,,
avantures,1720-1730,1789-1802,0.426785,0.573215,150,130,,,,,
lex,1730-1740,1789-1802,0.426653,0.573347,207,193,,0.029525,0.970475,,
occidentale,1700-1710,1740-1750,0.426636,0.573364,72,588,,0.041676,0.958324,,
sibi,1730-1740,1770-1780,0.426532,0.573468,1331,564,,0.03158,0.96842,,
emportée,1700-1710,1789-1802,0.426488,0.573512,60,197,,0.02009,0.97991,,
enrichi,1700-1710,1710-1720,0.426282,0.573718,95,118,,0.009237,0.990763,,
publia,1700-1710,1789-1802,0.426075,0.573925,91,539,,0.020662,0.979338,,
coffres,1720-1730,1789-1802,0.425951,0.574049,172,445,,0.040024,0.959976,,
infortunée,1700-1710,1789-1802,0.425568,0.574432,62,856,,0.08583,0.91417,,
terminée,1700-1710,1770-1780,0.425479,0.574521,68,851,,0.035199,0.964801,,
dissipe,1700-1710,1720-1730,0.425448,0.574552,87,94,,0.029633,0.970367,,
d'ail,1700-1710,1789-1802,0.425412,0.574588,101,437,,,,,
l'affaire,1710-1720,1789-1802,0.425398,0.574602,973,1795,,,,,
représentent,1710-1720,1789-1802,0.425211,0.574789,120,737,,0.018456,0.981544,,
parfaits,1720-1730,1780-1789,0.424861,0.575139,167,531,,,,,
l'envie,1700-1710,1770-1780,0.424168,0.575832,358,1880,,,,,
inventer,1700-1710,1750-1760,0.42404,0.57596,73,184,,0.019219,0.980781,,
instance,1730-1740,1789-1802,0.423694,0.576306,256,386,,,,,
régles,1720-1730,1780-1789,0.42358,0.57642,363,253,,,,,
nobis,1700-1710,1730-1740,0.423395,0.576605,662,2230,,,,,
outils,1700-1710,1770-1780,0.423315,0.576685,75,857,,0.016382,0.983618,,
retraites,1720-1730,1789-1802,0.423099,0.576901,147,410,,0.011268,0.988732,,
jalouse,1700-1710,1710-1720,0.422905,0.577095,69,87,,0.010584,0.989416,,
vez,1720-1730,1770-1780,0.422604,0.577396,182,427,,0.022139,0.977861,,
conclue,1710-1720,1789-1802,0.42256,0.57744,69,240,,,,,
ruses,1710-1720,1740-1750,0.42242,0.57758,145,204,,0.018648,0.981352,,
sollicitations,1700-1710,1770-1780,0.42238,0.57762,51,296,,0.020396,0.979604,,
froides,1700-1710,1740-1750,0.422162,0.577838,112,198,,0.025436,0.974564,,
dixi,1730-1740,1780-1789,0.422056,0.577944,160,86,,,,,
quoiqu'ils,1700-1710,1789-1802,0.421646,0.578354,144,782,,,,,
s'emparer,1710-1720,1789-1802,0.421601,0.578399,116,1198,,,,,
commencemens,1700-1710,1770-1780,0.421432,0.578568,119,477,,0.024804,0.975196,,
cantiques,1710-1720,1720-1730,0.421094,0.578906,55,73,,,,,
fromage,1760-1770,1780-1789,0.420974,0.579026,392,575,,,,,
l'huile,1750-1760,1770-1780,0.420676,0.579324,844,3202,,,,,
quarrée,1710-1720,1789-1802,0.4206,0.5794,138,218,,,,,
condamnée,1710-1720,1789-1802,0.420217,0.579783,157,475,,0.034858,0.965142,,
tambours,1760-1770,1770-1780,0.420187,0.579813,173,218,,0.014295,0.985705,,
nova,1720-1730,1789-1802,0.420172,0.579828,250,154,,0.031725,0.968275,,
abondantes,1700-1710,1730-1740,0.420162,0.579838,60,164,,0.041903,0.958097,,
déchiré,1700-1710,1710-1720,0.420053,0.579947,67,61,,0.013792,0.986208,,
calomnies,1700-1710,1789-1802,0.41998,0.58002,81,855,,0.049123,0.950877,,
erant,1770-1780,1780-1789,0.419874,0.580126,490,188,,,,,
condamnés,1710-1720,1789-1802,0.41969,0.58031,106,1456,,0.030961,0.969039,,
banni,1740-1750,1760-1770,0.419607,0.580393,237,372,,0.006486,0.993514,,
bijoux,1700-1710,1740-1750,0.419569,0.580431,61,419,,0.010407,0.989593,,
aprcs,1720-1730,1750-1760,0.419565,0.580435,294,146,,,,,
défit,1700-1710,1730-1740,0.419533,0.580467,62,230,,0.020454,0.979546,,
cabanes,1700-1710,1760-1770,0.419449,0.580551,56,282,,0.017247,0.982753,,
eos,1730-1740,1760-1770,0.418837,0.581163,950,149,,,,,
exposés,1710-1720,1770-1780,0.418566,0.581434,86,1211,,0.019268,0.980732,,
formées,1710-1720,1789-1802,0.418478,0.581522,143,949,,0.022726,0.977274,,
déesse,1710-1720,1789-1802,0.418387,0.581613,766,506,,,,,
scel,1710-1720,1789-1802,0.418198,0.581802,880,125,,,,,
charmer,1710-1720,1780-1789,0.418157,0.581843,103,389,,0.020008,0.979992,,
eadem,1720-1730,1770-1780,0.418032,0.581968,532,1025,,,,,
formidable,1710-1720,1789-1802,0.417677,0.582323,109,685,,0.013858,0.986142,,
citron,1710-1720,1789-1802,0.417653,0.582347,355,229,,,,,
l'herbe,1720-1730,1770-1780,0.417526,0.582474,226,1297,,,,,
dum,1730-1740,1770-1780,0.416755,0.583245,1010,1026,,,,,
nisi,1720-1730,1730-1740,0.416666,0.583334,185,832,,,,,
tempus,1770-1780,1789-1802,0.416552,0.583448,560,151,,,,,
l'entrée,1730-1740,1740-1750,0.416386,0.583614,2497,1993,,,,,
meo,1710-1720,1730-1740,0.416054,0.583946,367,224,,,,,
enflammé,1720-1730,1770-1780,0.415571,0.584429,57,306,,0.009608,0.990392,,
omnibus,1730-1740,1770-1780,0.41514,0.58486,1285,1249,,,,,
huitaine,1710-1720,1770-1780,0.415137,0.584863,236,263,,,,,
enne,1710-1720,1730-1740,0.414851,0.585149,87,302,,,,,
entendue,1710-1720,1760-1770,0.414744,0.585256,112,515,,0.018839,0.981161,,
tués,1700-1710,1720-1730,0.41454,0.58546,71,65,,0.02655,0.97345,,
quas,1730-1740,1770-1780,0.414492,0.585508,921,829,,,,,
métaux,1720-1730,1789-1802,0.414475,0.585525,251,2192,,0.031164,0.968836,,
never,1740-1750,1789-1802,0.414027,0.585973,59,278,,,,,
sortez,1710-1720,1720-1730,0.413891,0.586109,66,52,,,,,
comparable,1710-1720,1720-1730,0.413728,0.586272,74,108,,0.015099,0.984901,,
surpasse,1700-1710,1730-1740,0.413327,0.586673,102,132,,0.022134,0.977866,,
renfermée,1700-1710,1780-1789,0.413222,0.586778,99,481,,0.024736,0.975264,,
d'animaux,1700-1710,1760-1770,0.412367,0.587633,95,591,,,,,
séparées,1710-1720,1760-1770,0.412195,0.587805,67,513,,0.013007,0.986993,,
admirables,1700-1710,1760-1770,0.411825,0.588175,128,455,,0.016567,0.983433,,
n'ef,1700-1710,1710-1720,0.411773,0.588227,361,490,,,,,
jugée,1720-1730,1760-1770,0.411665,0.588335,113,345,,,,,
jugent,1720-1730,1780-1789,0.41151,0.58849,228,575,,,,,
entr'elles,1710-1720,1760-1770,0.411333,0.588667,95,929,,,,,
rencontrent,1760-1770,1789-1802,0.411316,0.588684,829,420,,,,,
ressent,1700-1710,1730-1740,0.411017,0.588983,78,120,,0.019544,0.980456,,
minces,1710-1720,1720-1730,0.410858,0.589142,68,190,,0.021728,0.978272,,
propice,1700-1710,1789-1802,0.410846,0.589154,88,409,,,,,
hinc,1730-1740,1770-1780,0.410766,0.589234,396,675,,0.014099,0.985901,,
l'avez,1750-1760,1780-1789,0.410729,0.589271,618,1290,,,,,
empêchement,1720-1730,1789-1802,0.410552,0.589448,102,83,,,,,
sacrées,1720-1730,1789-1802,0.41014,0.58986,98,548,,0.02439,0.97561,,
d'airain,1720-1730,1789-1802,0.410116,0.589884,135,281,,,,,
cueillir,1700-1710,1720-1730,0.40982,0.59018,179,90,,,,,
boutons,1720-1730,1750-1760,0.409816,0.590184,119,552,,,,,
appartenans,1720-1730,1780-1789,0.40981,0.59019,133,461,,0.056039,0.943961,,
adorable,1710-1720,1740-1750,0.409143,0.590857,113,258,,0.010161,0.989839,,
fibi,1750-1760,1770-1780,0.408959,0.591041,319,1088,,,,,
gravées,1700-1710,1760-1770,0.408891,0.591109,70,329,,0.02712,0.97288,,
genus,1770-1780,1789-1802,0.408869,0.591131,812,93,,,,,
quinzaine,1710-1720,1770-1780,0.408592,0.591408,202,295,,,,,
prévaloir,1710-1720,1720-1730,0.408199,0.591801,107,129,,,,,
primary,1730-1740,1789-1802,0.408176,0.591824,74,1683,,,,,
chambellan,1740-1750,1760-1770,0.407758,0.592242,172,80,,,,,
prima,1760-1770,1770-1780,0.407335,0.592665,179,561,,0.01357,0.98643,,
divines,1730-1740,1770-1780,0.40722,0.59278,204,461,,,,,
donnerent,1700-1710,1730-1740,0.4072,0.5928,178,563,,,,,
fum,1730-1740,1789-1802,0.407109,0.592891,223,135,,,,,
fléchir,1700-1710,1789-1802,0.406871,0.593129,91,521,,0.026139,0.973861,,
blâmer,1700-1710,1750-1760,0.406848,0.593152,131,407,,0.024718,0.975282,,
drogues,1720-1730,1780-1789,0.406752,0.593248,307,630,,0.015967,0.984033,,
courses,1720-1730,1780-1789,0.406401,0.593599,178,502,,0.010686,0.989314,,
insultes,1720-1730,1789-1802,0.406078,0.593922,157,350,,,,,
valoient,1700-1710,1710-1720,0.406042,0.593958,130,89,,0.033056,0.966944,,
disputes,1710-1720,1770-1780,0.406037,0.593963,196,1049,,0.018696,0.981304,,
commodités,1710-1720,1770-1780,0.405985,0.594015,79,675,,0.019489,0.980511,,
cachées,1700-1710,1770-1780,0.405884,0.594116,99,360,,0.015295,0.984705,,
puissantes,1700-1710,1780-1789,0.405737,0.594263,82,475,,0.013248,0.986752,,
where,1710-1720,1789-1802,0.405664,0.594336,103,526,,,,,
quoi,1700-1710,1780-1789,0.40557,0.59443,6723,23773,,0.024556,0.975444,,
eorum,1730-1740,1770-1780,0.405286,0.594714,1169,1088,,,,,
aliquo,1740-1750,1789-1802,0.405226,0.594774,207,79,,,,,
faces,1700-1710,1750-1760,0.405087,0.594913,85,254,,0.033648,0.966352,,
find,1720-1730,1770-1780,0.404757,0.595243,112,277,,,,,
collines,1700-1710,1740-1750,0.404188,0.595812,54,478,,0.041715,0.958285,,
commettent,1710-1720,1789-1802,0.404148,0.595852,239,302,,0.043482,0.956518,,
attaques,1700-1710,1770-1780,0.404069,0.595931,81,698,,0.014706,0.985294,,
miennes,1700-1710,1760-1770,0.403799,0.596201,74,312,,0.026695,0.973305,,
immobile,1720-1730,1789-1802,0.403703,0.596297,86,543,,0.01286,0.98714,,
rubans,1700-1710,1770-1780,0.403436,0.596564,62,400,,0.022398,0.977602,,
quittez,1710-1720,1720-1730,0.403376,0.596624,96,80,,0.025331,0.974669,,
n'aurez,1700-1710,1789-1802,0.403332,0.596668,103,442,,,,,
fondateur,1700-1710,1789-1802,0.402957,0.597043,89,514,,0.011067,0.988933,,
observée,1700-1710,1760-1770,0.402687,0.597313,111,363,,,,,
attaquée,1700-1710,1750-1760,0.402644,0.597356,68,234,,0.017657,0.982343,,
surnom,1700-1710,1710-1720,0.402362,0.597638,139,140,,,,,
allées,1730-1740,1760-1770,0.402246,0.597754,168,427,,,,,
tamen,1700-1710,1780-1789,0.402149,0.597851,1448,935,,,,,
évidentes,1700-1710,1789-1802,0.401939,0.598061,58,190,,0.025789,0.974211,,
pleurant,1720-1730,1730-1740,0.401795,0.598205,79,149,,0.028723,0.971277,,
contenus,1700-1710,1789-1802,0.40154,0.59846,207,583,,,,,
aliud,1700-1710,1770-1780,0.401398,0.598602,193,773,,,,,
roseaux,1700-1710,1760-1770,0.400938,0.599062,55,216,,0.031747,0.968253,,
eum,1720-1730,1730-1740,0.400052,0.599948,407,1790,,,,,
commodes,1700-1710,1789-1802,0.399876,0.600124,76,331,,0.020969,0.979031,,
pistoles,1730-1740,1760-1770,0.399471,0.600529,182,331,,,,,
c'ef,1700-1710,1750-1760,0.399408,0.600592,675,1572,,,,,
c'ell,1700-1710,1730-1740,0.399374,0.600626,144,223,,,,,
j'entends,1720-1730,1760-1770,0.399129,0.600871,194,854,,,,,
opérations,1700-1710,1789-1802,0.399089,0.600911,147,6373,,0.02274,0.97726,,
convenus,1700-1710,1770-1780,0.399035,0.600965,149,436,,,,,
minus,1700-1710,1770-1780,0.39897,0.60103,393,686,,,,,
usque,1720-1730,1770-1780,0.398947,0.601053,534,795,,0.028596,0.971404,,
taches,1720-1730,1780-1789,0.398667,0.601333,113,746,,0.01374,0.98626,,
omnes,1710-1720,1770-1780,0.398542,0.601458,728,1474,,,,,
patria,1770-1780,1780-1789,0.398228,0.601772,165,109,,,,,
exposées,1710-1720,1789-1802,0.398168,0.601832,117,439,,0.041615,0.958385,,
l'autorité,1700-1710,1789-1802,0.398157,0.601843,653,6602,,,,,
remede,1710-1720,1770-1780,0.397656,0.602344,834,2712,,,,,
bagatelle,1700-1710,1780-1789,0.397642,0.602358,113,405,,,,,
composa,1700-1710,1710-1720,0.39721,0.60279,74,117,,0.013875,0.986125,,
canelle,1750-1760,1770-1780,0.396931,0.603069,107,230,,,,,
débauches,1700-1710,1770-1780,0.3969,0.6031,87,496,,0.04809,0.95191,,
d'agir,1700-1710,1770-1780,0.396841,0.603159,287,1053,,,,,
arte,1760-1770,1789-1802,0.396589,0.603411,94,127,,0.008933,0.991067,,
habent,1740-1750,1770-1780,0.396524,0.603476,281,519,,0.012565,0.987435,,
l'aimer,1720-1730,1789-1802,0.396477,0.603523,105,484,,,,,
dici,1770-1780,1780-1789,0.396302,0.603698,250,155,,0.019611,0.980389,,
puisqu'elle,1710-1720,1750-1760,0.396041,0.603959,188,602,,,,,
l'argent,1720-1730,1789-1802,0.395792,0.604208,2318,9031,,,,,
nullus,1720-1730,1760-1770,0.395789,0.604211,356,63,,0.041622,0.958378,,
artifices,1710-1720,1770-1780,0.395764,0.604236,243,467,,0.020855,0.979145,,
puissions,1700-1710,1710-1720,0.395396,0.604604,105,161,,,,,
dépendre,1710-1720,1789-1802,0.395385,0.604615,112,650,,0.020512,0.979488,,
devenues,1700-1710,1770-1780,0.395084,0.604916,56,838,,0.016757,0.983243,,
qu'environ,1700-1710,1730-1740,0.394927,0.605073,64,94,,,,,
chantent,1700-1710,1730-1740,0.394628,0.605372,79,118,,0.010663,0.989337,,
extrémités,1720-1730,1760-1770,0.394622,0.605378,108,1739,,0.034372,0.965628,,
transportées,1700-1710,1780-1789,0.39453,0.60547,51,263,,0.031372,0.968628,,
traversé,1710-1720,1730-1740,0.394201,0.605799,72,145,,0.015419,0.984581,,
n'e,1710-1720,1730-1740,0.39329,0.60671,184,254,,,,,
illa,1740-1750,1770-1780,0.393171,0.606829,826,1028,,,,,
amor,1730-1740,1789-1802,0.393076,0.606924,241,94,,0.031214,0.968786,,
domain,1720-1730,1789-1802,0.392974,0.607026,257,95,,,,,
vautre,1750-1760,1789-1802,0.392951,0.607049,223,511,,0.010578,0.989422,,
mettoient,1700-1710,1760-1770,0.392866,0.607134,113,321,,0.029215,0.970785,,
muraille,1700-1710,1740-1750,0.392792,0.607208,267,689,,,,,
redouble,1700-1710,1780-1789,0.392655,0.607345,87,451,,,,,
work,1700-1710,1780-1789,0.392499,0.607501,218,207,,,,,
tempore,1730-1740,1740-1750,0.39238,0.60762,949,532,,,,,
bâties,1710-1720,1789-1802,0.392331,0.607669,126,303,,0.047825,0.952175,,
sont,1710-1720,1720-1730,0.392177,0.607823,9760,8105,,,,,
noix,1730-1740,1770-1780,0.391471,0.608529,316,1380,,,,,
l'embouchure,1700-1710,1740-1750,0.391433,0.608567,136,1121,,,,,
l'y,1700-1710,1789-1802,0.391405,0.608595,733,1937,,,,,
erit,1740-1750,1789-1802,0.390864,0.609136,437,376,,,,,
l'automne,1710-1720,1730-1740,0.390636,0.609364,132,112,,,,,
contenues,1730-1740,1789-1802,0.390204,0.609796,284,521,,,,,
subvenir,1700-1710,1789-1802,0.390092,0.609908,73,857,,0.038938,0.961062,,
arrivâmes,1730-1740,1770-1780,0.389823,0.610177,133,114,,,,,
regitre,1700-1710,1710-1720,0.38971,0.61029,104,404,,0.015609,0.984391,,
genere,1760-1770,1770-1780,0.389687,0.610313,81,578,,0.021578,0.978422,,
quos,1720-1730,1730-1740,0.388879,0.611121,636,989,,,,,
vêtus,1710-1720,1750-1760,0.388841,0.611159,75,135,,0.030864,0.969136,,
implorer,1700-1710,1750-1760,0.388836,0.611164,78,168,,0.028549,0.971451,,
volumus,1700-1710,1730-1740,0.38859,0.61141,60,240,,0.034476,0.965524,,
hardis,1720-1730,1760-1770,0.388098,0.611902,185,274,,0.035208,0.964792,,
excitent,1700-1710,1730-1740,0.387599,0.612401,78,100,,0.023053,0.976947,,
huic,1770-1780,1780-1789,0.38748,0.61252,515,261,,,,,
locis,1750-1760,1770-1780,0.387219,0.612781,113,524,,,,,
diem,1730-1740,1780-1789,0.387174,0.612826,405,236,,,,,
poignée,1710-1720,1789-1802,0.386191,0.613809,143,469,,,,,
illi,1710-1720,1789-1802,0.385934,0.614066,559,390,,0.029434,0.970566,,
tentes,1750-1760,1760-1770,0.385531,0.614469,239,349,,0.010346,0.989654,,
l'hyver,1710-1720,1780-1789,0.385468,0.614532,355,408,,,,,
l'idée,1700-1710,1789-1802,0.385333,0.614667,702,4668,,,,,
morbleu,1700-1710,1760-1770,0.38515,0.61485,52,172,,,,,
venit,1730-1740,1789-1802,0.384984,0.615016,486,105,,,,,
d'ailleurs,1700-1710,1750-1760,0.384919,0.615081,2066,6660,,,,,
changée,1700-1710,1710-1720,0.384866,0.615134,127,129,,,,,
détours,1700-1710,1720-1730,0.384784,0.615216,97,131,,0.022129,0.977871,,
omnium,1770-1780,1789-1802,0.384658,0.615342,1139,229,,,,,
coquin,1700-1710,1789-1802,0.384393,0.615607,82,357,,,,,
tunc,1700-1710,1770-1780,0.38409,0.61591,458,617,,,,,
tentatives,1700-1710,1780-1789,0.383283,0.616717,54,658,,0.02104,0.97896,,
tanto,1720-1730,1780-1789,0.383282,0.616718,157,176,,0.028499,0.971501,,
expiré,1710-1720,1770-1780,0.383243,0.616757,112,254,,,,,
parfums,1710-1720,1720-1730,0.383171,0.616829,130,59,,,,,
dissertation,1720-1730,1789-1802,0.382697,0.617303,212,387,,0.020551,0.979449,,
d'augmenter,1700-1710,1789-1802,0.382608,0.617392,110,930,,,,,
contrées,1700-1710,1789-1802,0.382266,0.617734,55,2253,,0.034308,0.965692,,
vero,1730-1740,1770-1780,0.382067,0.617933,1571,1034,,0.037101,0.962899,,
apprennent,1710-1720,1789-1802,0.38206,0.61794,138,508,,0.025473,0.974527,,
dûs,1710-1720,1789-1802,0.381875,0.618125,300,460,,,,,
j'étois,1710-1720,1740-1750,0.381857,0.618143,511,3022,,,,,
délicats,1700-1710,1789-1802,0.381816,0.618184,117,457,,0.022361,0.977639,,
derriere,1710-1720,1730-1740,0.38141,0.61859,637,979,,,,,
cura,1740-1750,1770-1780,0.380989,0.619011,263,338,,,,,
causa,1720-1730,1730-1740,0.380523,0.619477,202,773,,,,,
détails,1700-1710,1789-1802,0.379572,0.620428,133,6461,,0.019904,0.980096,,
révérence,1700-1710,1789-1802,0.379437,0.620563,137,235,,,,,
quoniam,1730-1740,1770-1780,0.379379,0.620621,833,986,,,,,
humblement,1710-1720,1789-1802,0.379248,0.620752,349,258,,,,,
distinguées,1700-1710,1770-1780,0.379002,0.620998,65,371,,0.03936,0.96064,,
payemens,1710-1720,1789-1802,0.378999,0.621001,359,646,,,,,
fuo,1770-1780,1789-1802,0.378853,0.621147,654,73,,,,,
verds,1720-1730,1760-1770,0.378621,0.621379,96,404,,,,,
pores,1710-1720,1789-1802,0.378116,0.621884,121,278,,,,,
prétextes,1700-1710,1789-1802,0.378016,0.621984,87,670,,0.020188,0.979812,,
tremper,1720-1730,1789-1802,0.37795,0.62205,237,170,,,,,
haud,1770-1780,1789-1802,0.377851,0.622149,728,58,,0.026468,0.973532,,
propter,1730-1740,1770-1780,0.377566,0.622434,667,685,,,,,
videri,1770-1780,1789-1802,0.377533,0.622467,238,142,,0.032239,0.967761,,
vît,1710-1720,1720-1730,0.377414,0.622586,94,50,,,,,
appellées,1710-1720,1789-1802,0.377336,0.622664,163,174,,0.024722,0.975278,,
nommées,1720-1730,1740-1750,0.377288,0.622712,138,422,,0.022169,0.977831,,
golfe,1700-1710,1780-1789,0.377003,0.622997,98,1442,,0.023871,0.976129,,
ôta,1700-1710,1780-1789,0.376192,0.623808,83,285,,,,,
secs,1720-1730,1760-1770,0.375357,0.624643,159,938,,,,,
requêtes,1720-1730,1789-1802,0.375104,0.624896,407,617,,,,,
centum,1730-1740,1760-1770,0.374859,0.625141,227,78,,0.042709,0.957291,,
liaisons,1700-1710,1760-1770,0.3748,0.6252,87,642,,0.017599,0.982401,,
unde,1730-1740,1770-1780,0.374786,0.625214,1073,707,,,,,
sombres,1710-1720,1740-1750,0.374726,0.625274,72,82,,,,,
animus,1710-1720,1789-1802,0.374305,0.625695,145,57,,,,,
contens,1710-1720,1730-1740,0.373995,0.626005,175,340,,0.015405,0.984595,,
leges,1720-1730,1770-1780,0.373984,0.626016,162,319,,0.0112,0.9888,,
hac,1710-1720,1770-1780,0.373976,0.626024,815,797,,,,,
itaque,1710-1720,1730-1740,0.373573,0.626427,141,869,,,,,
s'avance,1710-1720,1740-1750,0.373305,0.626695,181,412,,,,,
violens,1710-1720,1780-1789,0.3732,0.6268,96,747,,0.021285,0.978715,,
magna,1730-1740,1770-1780,0.373168,0.626832,530,602,,,,,
verba,1730-1740,1770-1780,0.372725,0.627275,465,661,,0.022294,0.977706,,
éte,1700-1710,1770-1780,0.372445,0.627555,131,404,,,,,
liées,1700-1710,1789-1802,0.371324,0.628676,78,471,,0.025748,0.974252,,
cessez,1720-1730,1789-1802,0.371317,0.628683,65,279,,0.030784,0.969216,,
vidi,1740-1750,1780-1789,0.370969,0.629031,143,174,,,,,
meum,1710-1720,1730-1740,0.370671,0.629329,359,294,,,,,
voûte,1700-1710,1770-1780,0.370397,0.629603,53,978,,0.0195,0.9805,,
préparatifs,1710-1720,1780-1789,0.370308,0.629692,90,957,,0.014108,0.985892,,
plura,1770-1780,1780-1789,0.370273,0.629727,293,127,,,,,
quare,1770-1780,1789-1802,0.369801,0.630199,370,141,,,,,
prérogatives,1700-1710,1789-1802,0.369414,0.630586,83,1195,,0.032812,0.967188,,
excuses,1700-1710,1760-1770,0.368809,0.631191,72,113,,0.011794,0.988206,,
bonjour,1720-1730,1780-1789,0.36872,0.63128,63,183,,,,,
battent,1710-1720,1730-1740,0.368463,0.631537,88,91,,0.018152,0.981848,,
épées,1710-1720,1760-1770,0.368315,0.631685,89,152,,0.020526,0.979474,,
enlevée,1700-1710,1760-1770,0.367947,0.632053,74,366,,0.015964,0.984036,,
domum,1710-1720,1720-1730,0.366685,0.633315,319,476,,,,,
l'abondance,1710-1720,1770-1780,0.366092,0.633908,526,2239,,,,,
nuds,1710-1720,1760-1770,0.365916,0.634084,90,237,,,,,
flambeaux,1720-1730,1789-1802,0.365822,0.634178,145,379,,,,,
divisée,1700-1710,1730-1740,0.365483,0.634517,162,124,,0.048862,0.951138,,
corpore,1730-1740,1770-1780,0.365327,0.634673,304,387,,0.01369,0.98631,,
dirc,1710-1720,1730-1740,0.364559,0.635441,134,86,,,,,
regni,1730-1740,1789-1802,0.364047,0.635953,721,302,,,,,
barques,1700-1710,1740-1750,0.363487,0.636513,124,1273,,0.034439,0.965561,,
qu'eux,1700-1710,1750-1760,0.36308,0.63692,248,638,,,,,
hanc,1730-1740,1770-1780,0.362746,0.637254,588,952,,,,,
omni,1710-1720,1730-1740,0.361846,0.638154,154,740,,,,,
appartenoient,1700-1710,1789-1802,0.361688,0.638312,67,340,,0.046581,0.953419,,
concernent,1700-1710,1780-1789,0.361354,0.638646,106,437,,0.030979,0.969021,,
enregistrées,1730-1740,1789-1802,0.361151,0.638849,140,107,,,,,
trouverons,1710-1720,1760-1770,0.361146,0.638854,74,321,,,,,
semper,1730-1740,1740-1750,0.359897,0.640103,479,190,,,,,
confirmée,1700-1710,1770-1780,0.359538,0.640462,91,577,,0.021661,0.978339,,
vendues,1700-1710,1730-1740,0.359534,0.640466,205,211,,,,,
donc,1710-1720,1760-1770,0.359428,0.640572,12544,40599,,0.014803,0.985197,,
dedit,1730-1740,1770-1780,0.359417,0.640583,427,491,,0.020266,0.979734,,
aversion,1720-1730,1789-1802,0.359271,0.640729,120,355,,0.038042,0.961958,,
arrivées,1700-1710,1760-1770,0.359047,0.640953,118,344,,,,,
retirée,1710-1720,1760-1770,0.358979,0.641021,94,420,,,,,
complimens,1700-1710,1720-1730,0.358817,0.641183,171,118,,,,,
puisque,1710-1720,1750-1760,0.35874,0.64126,2970,6035,,0.008197,0.991803,,
also,1720-1730,1789-1802,0.357811,0.642189,104,249,,,,,
escadrons,1710-1720,1720-1730,0.357444,0.642556,57,233,,,,,
populi,1730-1740,1770-1780,0.357414,0.642586,267,503,,,,,
délicates,1710-1720,1789-1802,0.357018,0.642982,103,424,,,,,
d'ennemis,1700-1710,1789-1802,0.356732,0.643268,105,578,,,,,
vases,1720-1730,1760-1770,0.356626,0.643374,136,728,,0.019047,0.980953,,
l'échéance,1700-1710,1770-1780,0.356115,0.643885,70,497,,,,,
legibus,1700-1710,1780-1789,0.355671,0.644329,54,99,,0.022915,0.977085,,
payoient,1700-1710,1740-1750,0.354991,0.645009,54,160,,0.032209,0.967791,,
n'êtes,1710-1720,1720-1730,0.354076,0.645924,306,232,,,,,
ratio,1770-1780,1789-1802,0.353715,0.646285,501,142,,0.038859,0.961141,,
privileges,1710-1720,1789-1802,0.353658,0.646342,1212,674,,,,,
percé,1720-1730,1770-1780,0.353614,0.646386,209,836,,,,,
bâtons,1710-1720,1760-1770,0.353558,0.646442,135,378,,,,,
contrevenans,1710-1720,1789-1802,0.352479,0.647521,506,51,,,,,
succéda,1700-1710,1789-1802,0.352371,0.647629,84,458,,0.037941,0.962059,,
escalier,1700-1710,1770-1780,0.351131,0.648869,55,316,,0.013808,0.986192,,
tremblante,1710-1720,1770-1780,0.350917,0.649083,78,429,,0.032451,0.967549,,
ratione,1720-1730,1770-1780,0.35072,0.64928,443,479,,0.016257,0.983743,,
surnommé,1710-1720,1730-1740,0.350603,0.649397,86,323,,,,,
bellum,1770-1780,1789-1802,0.350346,0.649654,548,65,,,,,
homo,1730-1740,1740-1750,0.349678,0.650322,280,229,,0.009824,0.990176,,
fuerit,1710-1720,1720-1730,0.34961,0.65039,150,627,,0.036488,0.963512,,
possit,1760-1770,1789-1802,0.349518,0.650482,71,176,,,,,
recevoient,1700-1710,1710-1720,0.349269,0.650731,51,97,,0.021782,0.978218,,
tuo,1730-1740,1740-1750,0.348992,0.651008,331,362,,,,,
conversations,1700-1710,1770-1780,0.348966,0.651034,79,390,,0.01325,0.98675,,
humeurs,1720-1730,1730-1740,0.348756,0.651244,451,664,,,,,
regardez,1720-1730,1789-1802,0.348413,0.651587,229,483,,,,,
d'arbres,1730-1740,1760-1770,0.347532,0.652468,382,1101,,,,,
priviléges,1700-1710,1730-1740,0.347481,0.652519,50,355,,0.043493,0.956507,,
sécher,1720-1730,1760-1770,0.347323,0.652677,74,1063,,,,,
abondant,1700-1710,1730-1740,0.34725,0.65275,112,112,,,,,
sujettes,1700-1710,1789-1802,0.347017,0.652983,168,512,,0.032098,0.967902,,
clause,1720-1730,1740-1750,0.346952,0.653048,264,263,,,,,
illius,1700-1710,1770-1780,0.346755,0.653245,266,347,,,,,
mais,1710-1720,1740-1750,0.346365,0.653635,56657,110154,,0.008647,0.991353,,
tanti,1720-1730,1789-1802,0.345729,0.654271,56,50,,,,,
hominis,1730-1740,1770-1780,0.345724,0.654276,123,271,,,,,
s'opposer,1700-1710,1789-1802,0.345205,0.654795,197,1140,,,,,
payeront,1730-1740,1780-1789,0.344885,0.655115,323,506,,,,,
quorum,1730-1740,1770-1780,0.344408,0.655592,538,743,,,,,
n'aurions,1720-1730,1789-1802,0.341949,0.658051,75,350,,,,,
altera,1770-1780,1780-1789,0.341762,0.658238,288,109,,,,,
alios,1730-1740,1789-1802,0.34152,0.65848,354,87,,0.029432,0.970568,,
mêlées,1720-1730,1760-1770,0.340983,0.659017,107,550,,,,,
tuum,1720-1730,1730-1740,0.340715,0.659285,129,312,,,,,
l'hiver,1730-1740,1780-1789,0.339539,0.660461,468,2710,,,,,
s'étend,1710-1720,1760-1770,0.339305,0.660695,246,1526,,,,,
jouiront,1700-1710,1780-1789,0.339293,0.660707,68,499,,0.026338,0.973662,,
igitur,1700-1710,1750-1760,0.339081,0.660919,554,376,,,,,
eam,1730-1740,1770-1780,0.338665,0.661335,497,883,,,,,
chore,1730-1740,1780-1789,0.338591,0.661409,235,660,,,,,
verbis,1700-1710,1730-1740,0.337678,0.662322,117,361,,,,,
contestation,1700-1710,1720-1730,0.337544,0.662456,224,179,,,,,
vinaigre,1720-1730,1770-1780,0.336922,0.663078,211,2074,,,,,
l'hymen,1700-1710,1770-1780,0.336633,0.663367,133,618,,,,,
olim,1770-1780,1789-1802,0.336519,0.663481,456,76,,0.029049,0.970951,,
toto,1700-1710,1770-1780,0.336516,0.663484,226,344,,,,,
deinde,1770-1780,1789-1802,0.33626,0.66374,870,59,,,,,
nullo,1730-1740,1770-1780,0.336191,0.663809,219,400,,,,,
remontrances,1740-1750,1750-1760,0.335977,0.664023,392,581,,0.025407,0.974593,,
conjointement,1720-1730,1770-1780,0.335948,0.664052,379,563,,,,,
hunc,1730-1740,1770-1780,0.335365,0.664635,605,725,,,,,
facit,1730-1740,1770-1780,0.334539,0.665461,243,466,,0.016155,0.983845,,
opus,1720-1730,1770-1780,0.334164,0.665836,538,637,,,,,
vim,1770-1780,1789-1802,0.333926,0.666074,393,74,,,,,
sujette,1710-1720,1760-1770,0.333757,0.666243,192,816,,,,,
l'histoire,1700-1710,1780-1789,0.333183,0.666817,1197,8565,,,,,
pecunia,1780-1789,1789-1802,0.332988,0.667012,203,51,,,,,
attributs,1700-1710,1789-1802,0.332531,0.667469,154,584,,,,,
s'empêcher,1700-1710,1780-1789,0.331844,0.668156,259,915,,,,,
enregistrer,1720-1730,1789-1802,0.331513,0.668487,144,210,,,,,
fecit,1730-1740,1770-1780,0.331269,0.668731,522,553,,,,,
hominum,1750-1760,1770-1780,0.330601,0.669399,313,623,,,,,
m'aime,1710-1720,1789-1802,0.330332,0.669668,67,316,,,,,
oportet,1730-1740,1770-1780,0.329989,0.670011,175,285,,0.01364,0.98636,,
emparé,1710-1720,1780-1789,0.329827,0.670173,54,600,,0.02695,0.97305,,
bonis,1770-1780,1780-1789,0.329716,0.670284,251,119,,,,,
nulla,1730-1740,1770-1780,0.327869,0.672131,478,585,,,,,
fieri,1750-1760,1770-1780,0.327366,0.672634,195,641,,,,,
garnie,1730-1740,1760-1770,0.327199,0.672801,138,829,,,,,
causée,1700-1710,1710-1720,0.326772,0.673228,119,104,,,,,
ronds,1740-1750,1760-1770,0.324578,0.675422,231,688,,,,,
multa,1720-1730,1770-1780,0.324385,0.675615,257,607,,,,,
pardevant,1710-1720,1789-1802,0.323724,0.676276,1514,414,,,,,
ipso,1730-1740,1789-1802,0.32369,0.67631,448,113,,0.08068,0.91932,,
tempora,1700-1710,1730-1740,0.322635,0.677365,76,281,,,,,
étoffe,1710-1720,1780-1789,0.322336,0.677664,78,451,,,,,
alias,1730-1740,1740-1750,0.322034,0.677966,217,278,,,,,
illum,1700-1710,1770-1780,0.321772,0.678228,493,578,,,,,
partagée,1700-1710,1789-1802,0.321724,0.678276,78,411,,0.021347,0.978653,,
manus,1700-1710,1789-1802,0.321353,0.678647,78,145,,0.028201,0.971799,,
s'écria,1720-1730,1760-1770,0.321218,0.678782,188,1621,,,,,
rond,1720-1730,1789-1802,0.32111,0.67889,337,509,,,,,
s'étendent,1700-1710,1770-1780,0.32048,0.67952,86,777,,,,,
omne,1720-1730,1789-1802,0.320206,0.679794,171,127,,0.05698,0.94302,,
dico,1730-1740,1770-1780,0.320203,0.679797,188,125,,,,,
animo,1740-1750,1770-1780,0.318823,0.681177,415,508,,,,,
dicitur,1730-1740,1770-1780,0.318823,0.681177,427,490,,0.014902,0.985098,,
pointes,1710-1720,1760-1770,0.318481,0.681519,225,922,,,,,
seriez,1740-1750,1770-1780,0.318197,0.681803,165,356,,,,,
situées,1720-1730,1780-1789,0.317094,0.682906,90,690,,0.037617,0.962383,,
eglises,1700-1710,1780-1789,0.316763,0.683237,703,1108,,,,,
partem,1770-1780,1789-1802,0.316725,0.683275,438,95,,,,,
unum,1720-1730,1770-1780,0.316416,0.683584,371,643,,,,,
habere,1740-1750,1770-1780,0.316162,0.683838,408,532,,,,,
alio,1770-1780,1789-1802,0.315815,0.684185,490,103,,,,,
licet,1730-1740,1789-1802,0.315715,0.684285,407,155,,,,,
notre,1710-1720,1789-1802,0.314829,0.685171,16226,46340,,,,,
quittance,1740-1750,1789-1802,0.314535,0.685465,363,565,,,,,
cujus,1720-1730,1770-1780,0.314447,0.685553,591,1140,,,,,
redevable,1710-1720,1789-1802,0.314228,0.685772,151,479,,,,,
pierreries,1710-1720,1789-1802,0.314043,0.685957,201,217,,,,,
ergo,1770-1780,1780-1789,0.313782,0.686218,800,318,,,,,
armis,1740-1750,1789-1802,0.313686,0.686314,291,108,,,,,
nemo,1710-1720,1770-1780,0.313381,0.686619,192,493,,,,,
vôtres,1720-1730,1770-1780,0.312827,0.687173,147,676,,0.017225,0.982775,,
puisqu'ils,1700-1710,1760-1770,0.312564,0.687436,167,749,,,,,
cho,1740-1750,1789-1802,0.311924,0.688076,905,416,,,,,
ardeurs,1720-1730,1789-1802,0.310868,0.689132,80,194,,,,,
potest,1720-1730,1770-1780,0.31053,0.68947,348,683,,,,,
monograph,1730-1740,1789-1802,0.310169,0.689831,74,1681,,,,,
favez,1720-1730,1789-1802,0.310059,0.689941,120,637,,,,,
c'elt,1710-1720,1730-1740,0.309645,0.690355,1140,852,,,,,
unquam,1730-1740,1789-1802,0.309637,0.690363,286,52,,,,,
contraints,1710-1720,1789-1802,0.309528,0.690472,652,424,,,,,
fuyez,1720-1730,1780-1789,0.30948,0.69052,76,394,,,,,
fortuna,1770-1780,1789-1802,0.309079,0.690921,303,78,,,,,
tanta,1730-1740,1770-1780,0.308784,0.691216,275,360,,,,,
l'europe,1710-1720,1789-1802,0.308111,0.691889,1362,10594,,,,,
payens,1710-1720,1789-1802,0.307759,0.692241,431,274,,,,,
quantum,1730-1740,1770-1780,0.306718,0.693282,503,435,,,,,
tout,1720-1730,1780-1789,0.3062,0.6938,52087,187711,,0.010608,0.989392,,
debent,1700-1710,1730-1740,0.306166,0.693834,51,172,,0.02606,0.97394,,
unus,1720-1730,1770-1780,0.306099,0.693901,248,335,,,,,
allée,1700-1710,1730-1740,0.305575,0.694425,124,213,,,,,
hominem,1710-1720,1760-1770,0.305384,0.694616,316,59,,,,,
sertiles,1730-1740,1760-1770,0.304338,0.695662,133,488,,0.021113,0.978887,,
nos,1720-1730,1789-1802,0.303861,0.696139,20282,61219,,0.019481,0.980519,,
prions,1710-1720,1789-1802,0.303421,0.696579,142,398,,,,,
lorsqu'elle,1700-1710,1789-1802,0.303358,0.696642,271,2078,,,,,
l'épaule,1710-1720,1789-1802,0.302981,0.697019,90,316,,,,,
interruption,1700-1710,1780-1789,0.302737,0.697263,72,536,,0.032875,0.967125,,
parbleu,1720-1730,1750-1760,0.302626,0.697374,109,231,,,,,
l'appartement,1720-1730,1750-1760,0.302103,0.697897,129,263,,,,,
concerts,1710-1720,1789-1802,0.301917,0.698083,57,227,,,,,
prieres,1710-1720,1789-1802,0.301721,0.698279,655,410,,,,,
debet,1700-1710,1730-1740,0.300902,0.699098,216,296,,,,,
lorsqu'il,1700-1710,1740-1750,0.300679,0.699321,1547,4329,,,,,
dans,1710-1720,1760-1770,0.300528,0.699472,146011,470764,,0.008603,0.991397,,
contestations,1700-1710,1770-1780,0.299927,0.700073,137,651,,,,,
legem,1700-1710,1780-1789,0.299608,0.700392,126,58,,,,,
amore,1730-1740,1780-1789,0.299308,0.700692,283,146,,0.018614,0.981386,,
illis,1750-1760,1770-1780,0.299142,0.700858,326,621,,,,,
enterré,1710-1720,1740-1750,0.298841,0.701159,158,125,,,,,
hujus,1710-1720,1730-1740,0.2972,0.7028,267,602,,,,,
pretexte,1730-1740,1789-1802,0.29716,0.70284,572,148,,,,,
compliment,1710-1720,1789-1802,0.296789,0.703211,301,512,,,,,
êre,1700-1710,1750-1760,0.296606,0.703394,70,162,,,,,
devant,1720-1730,1789-1802,0.295813,0.704187,8601,23028,,,,,
pintes,1720-1730,1780-1789,0.295672,0.704328,140,780,,,,,
l'univers,1710-1720,1789-1802,0.295255,0.704745,697,4950,,,,,
s'accorde,1700-1710,1710-1720,0.295073,0.704927,113,208,,,,,
d'eau,1710-1720,1770-1780,0.294413,0.705587,2471,9034,,,,,
trouvées,1700-1710,1780-1789,0.294061,0.705939,140,618,,,,,
dicit,1770-1780,1789-1802,0.293533,0.706467,229,58,,,,,
retentir,1720-1730,1789-1802,0.293308,0.706692,93,471,,,,,
quoiqu'elle,1700-1710,1780-1789,0.292641,0.707359,133,1003,,,,,
histoires,1720-1730,1770-1780,0.291909,0.708091,288,804,,,,,
t'a,1710-1720,1720-1730,0.291834,0.708166,252,223,,,,,
l'endroit,1710-1720,1789-1802,0.290433,0.709567,1001,1445,,,,,
viri,1730-1740,1770-1780,0.290301,0.709699,302,279,,,,,
videtur,1740-1750,1770-1780,0.290036,0.709964,362,533,,,,,
vix,1770-1780,1789-1802,0.289955,0.710045,378,72,,,,,
appartiendra,1720-1730,1789-1802,0.289658,0.710342,481,387,,,,,
situé,1700-1710,1789-1802,0.289527,0.710473,138,769,,0.025485,0.974515,,
tantum,1730-1740,1770-1780,0.288268,0.711732,548,677,,,,,
mît,1720-1730,1780-1789,0.287758,0.712242,86,299,,,,,
aliter,1770-1780,1789-1802,0.287739,0.712261,350,92,,,,,
dixit,1730-1740,1789-1802,0.286018,0.713982,372,79,,0.025492,0.974508,,
l'égard,1720-1730,1789-1802,0.285341,0.714659,3574,4099,,,,,
fermée,1710-1720,1789-1802,0.285057,0.714943,255,567,,,,,
omnis,1730-1740,1780-1789,0.284591,0.715409,336,329,,,,,
jugées,1740-1750,1780-1789,0.284525,0.715475,141,373,,,,,
demandons,1720-1730,1760-1770,0.284401,0.715599,93,213,,,,,
mortem,1730-1740,1770-1780,0.284393,0.715607,218,238,,,,,
choie,1720-1730,1789-1802,0.283404,0.716596,282,250,,,,,
tes,1720-1730,1789-1802,0.28266,0.71734,5775,16597,,,,,
ravie,1700-1710,1780-1789,0.280827,0.719173,142,380,,,,,
tandem,1730-1740,1770-1780,0.280792,0.719208,448,335,,0.010399,0.989601,,
enjoint,1720-1730,1789-1802,0.28052,0.71948,422,567,,,,,
illud,1700-1710,1730-1740,0.280508,0.719492,518,492,,,,,
n'étoient,1720-1730,1730-1740,0.280355,0.719645,1147,2060,,,,,
quefois,1720-1730,1780-1789,0.279405,0.720595,66,486,,,,,
dicere,1740-1750,1780-1789,0.277651,0.722349,235,224,,,,,
allusion,1700-1710,1789-1802,0.277359,0.722641,148,342,,,,,
chaleurs,1710-1720,1740-1750,0.276882,0.723118,211,347,,,,,
ennuis,1720-1730,1780-1789,0.276728,0.723272,76,326,,,,,
whether,1710-1720,1789-1802,0.276142,0.723858,176,122,,,,,
parlerons,1700-1710,1760-1770,0.276133,0.723867,152,923,,,,,
siécles,1700-1710,1780-1789,0.275753,0.724247,210,456,,,,,
d'exactitude,1720-1730,1780-1789,0.273604,0.726396,74,303,,,,,
amies,1710-1720,1760-1770,0.271962,0.728038,94,312,,,,,
prédécesseurs,1720-1730,1770-1780,0.271249,0.728751,93,596,,,,,
n'elt,1730-1740,1789-1802,0.269328,0.730672,399,971,,,,,
illos,1700-1710,1770-1780,0.267651,0.732349,97,289,,,,,
lorsqu'ils,1710-1720,1789-1802,0.26739,0.73261,863,2844,,,,,
ofé,1700-1710,1710-1720,0.26718,0.73282,60,144,,0.014088,0.985912,,
aimons,1700-1710,1710-1720,0.266423,0.733577,172,64,,,,,
l'homme,1710-1720,1730-1740,0.266298,0.733702,1977,4459,,,,,
nullum,1770-1780,1780-1789,0.265449,0.734551,338,117,,,,,
n'avait,1700-1710,1730-1740,0.265224,0.734776,867,651,,,,,
adhuc,1730-1740,1770-1780,0.264522,0.735478,503,507,,,,,
ôté,1710-1720,1789-1802,0.263975,0.736025,246,524,,,,,
épaisse,1720-1730,1760-1770,0.263596,0.736404,137,764,,,,,
d'esprit,1710-1720,1789-1802,0.26306,0.73694,1482,2741,,,,,
àdire,1720-1730,1789-1802,0.261978,0.738022,117,132,,,,,
habeat,1720-1730,1770-1780,0.261146,0.738854,252,196,,,,,
d'honnêtes,1720-1730,1789-1802,0.261113,0.738887,79,193,,,,,
animi,1730-1740,1780-1789,0.260146,0.739854,296,273,,,,,
répondirent,1700-1710,1740-1750,0.259931,0.740069,93,374,,0.030162,0.969838,,
illo,1700-1710,1730-1740,0.25958,0.74042,377,412,,,,,
locus,1720-1730,1770-1780,0.258775,0.741225,142,271,,0.01787,0.98213,,
j'y,1710-1720,1750-1760,0.258747,0.741253,1565,2724,,,,,
m'y,1710-1720,1720-1730,0.25815,0.74185,798,690,,,,,
primum,1710-1720,1770-1780,0.257552,0.742448,213,596,,,,,
sous,1720-1730,1789-1802,0.257522,0.742478,2957,38976,,,,,
fidem,1730-1740,1770-1780,0.254262,0.745738,288,323,,0.02929,0.97071,,
locum,1730-1740,1740-1750,0.254207,0.745793,461,314,,,,,
qu'aux,1700-1710,1780-1789,0.25384,0.74616,740,3737,,,,,
verum,1730-1740,1760-1770,0.252726,0.747274,386,75,,,,,
illam,1730-1740,1770-1780,0.252678,0.747322,279,361,,,,,
solum,1760-1770,1770-1780,0.25138,0.74862,61,377,,,,,
jusqu'au,1730-1740,1740-1750,0.250765,0.749235,2833,4765,,,,,
m'aimez,1710-1720,1789-1802,0.250038,0.749962,69,166,,,,,
lorsqu'elles,1710-1720,1789-1802,0.249747,0.750253,198,812,,,,,
bouts,1730-1740,1760-1770,0.249321,0.750679,233,1781,,,,,
quidquid,1730-1740,1789-1802,0.2479,0.7521,397,96,,,,,
scilicet,1760-1770,1770-1780,0.247632,0.752368,90,324,,,,,
d'elle,1710-1720,1760-1770,0.247543,0.752457,1120,3358,,,,,
ornée,1710-1720,1730-1740,0.24741,0.75259,171,232,,,,,
souvenez,1700-1710,1789-1802,0.245905,0.754095,162,540,,,,,
incompatible,1710-1720,1780-1789,0.244971,0.755029,62,279,,,,,
toute,1720-1730,1789-1802,0.243615,0.756385,16244,54763,,,,,
d'une,1700-1710,1760-1770,0.243221,0.756779,17457,72862,,,,,
jetté,1710-1720,1750-1760,0.242574,0.757426,324,444,,,,,
matins,1710-1720,1730-1740,0.239029,0.760971,135,93,,,,,
potuit,1760-1770,1770-1780,0.238933,0.761067,70,188,,,,,
faites,1710-1720,1740-1750,0.23698,0.76302,7353,6792,,,,,
appellons,1760-1770,1789-1802,0.2365,0.7635,290,92,,,,,
d'eux,1720-1730,1740-1750,0.236399,0.763601,2184,3765,,,,,
tanquam,1760-1770,1770-1780,0.235874,0.764126,81,316,,0.033362,0.966638,,
bouillir,1710-1720,1789-1802,0.234736,0.765264,581,306,,,,,
quamvis,1730-1740,1770-1780,0.234187,0.765813,311,499,,0.030918,0.969082,,
toi,1700-1710,1760-1770,0.231514,0.768486,2277,6683,,,,,
chaque,1730-1740,1780-1789,0.230127,0.769873,8778,32953,,,,,
sur,1720-1730,1760-1770,0.228746,0.771254,81477,224987,,,,,
m'en,1710-1720,1789-1802,0.228651,0.771349,3521,6930,,,,,
d'y,1710-1720,1760-1770,0.228162,0.771838,4348,8054,,,,,
ses,1720-1730,1789-1802,0.227089,0.772911,40188,198687,,0.015217,0.984783,,
ton,1720-1730,1750-1760,0.225396,0.774604,5052,13061,,,,,
s'y,1710-1720,1780-1789,0.223856,0.776144,5389,19992,,,,,
épousa,1740-1750,1760-1770,0.22223,0.77777,89,289,,,,,
contre,1730-1740,1760-1770,0.221996,0.778004,29311,34827,,,,,
s'en,1710-1720,1780-1789,0.22186,0.77814,10139,32564,,,,,
par,1730-1740,1780-1789,0.220819,0.779181,209934,495857,,,,,
cela,1710-1720,1789-1802,0.219851,0.780149,21660,34328,,,,,
avons,1710-1720,1789-1802,0.219761,0.780239,8205,21156,,,,,
s'ils,1710-1720,1730-1740,0.217528,0.782472,3036,4403,,,,,
chez,1700-1710,1770-1780,0.217186,0.782814,5460,31639,,,,,
n'était,1720-1730,1730-1740,0.217009,0.782991,575,829,,,,,
d'ardeur,1710-1720,1760-1770,0.216992,0.783008,142,351,,,,,
l'a,1710-1720,1740-1750,0.216299,0.783701,4512,6895,,,,,
des,1700-1710,1780-1789,0.215674,0.784326,155044,1022974,,0.010877,0.989123,,
d'autant,1720-1730,1789-1802,0.215196,0.784804,2874,6998,,,,,
épousé,1720-1730,1789-1802,0.214218,0.785782,294,269,,,,,
entre,1710-1720,1789-1802,0.213982,0.786018,13898,43528,,,,,
jetta,1710-1720,1770-1780,0.212857,0.787143,272,749,,,,,
causent,1710-1720,1760-1770,0.21115,0.78885,253,651,,,,,
jugeront,1720-1730,1740-1750,0.211046,0.788954,87,117,,,,,
avec,1720-1730,1760-1770,0.209118,0.790882,59475,158803,,,,,
vitam,1730-1740,1770-1780,0.208815,0.791185,218,320,,,,,
denique,1730-1740,1770-1780,0.208628,0.791372,287,279,,,,,
votre,1700-1710,1710-1720,0.208618,0.791382,6465,8906,,0.010111,0.989889,,
nous,1710-1720,1789-1802,0.206454,0.793546,70969,233235,,,,,
videntur,1710-1720,1730-1740,0.205789,0.794211,54,112,,,,,
l'avons,1700-1710,1760-1770,0.205031,0.794969,349,2157,,,,,
l'autre,1710-1720,1740-1750,0.203101,0.796899,10719,16831,,,,,
qu'on,1710-1720,1789-1802,0.202891,0.797109,32766,94665,,,,,
n'avoient,1700-1710,1720-1730,0.201614,0.798386,797,1536,,,,,
qu'elles,1700-1710,1780-1789,0.197723,0.802277,5356,21353,,,,,
les,1700-1710,1780-1789,0.196246,0.803754,269980,1596635,,0.009499,0.990501,,
suis,1710-1720,1740-1750,0.194427,0.805573,6461,4414,,,,,
plus,1710-1720,1789-1802,0.193758,0.806242,90268,367826,,0.01437,0.98563,,
vos,1710-1720,1720-1730,0.192828,0.807172,7869,6709,,0.009329,0.990671,,
qui,1700-1710,1760-1770,0.192542,0.807458,183496,609722,,0.008144,0.991856,,
comme,1720-1730,1760-1770,0.19238,0.80762,49543,113901,,,,,
ces,1720-1730,1789-1802,0.189022,0.810978,54223,196434,,,,,
l'eau,1720-1730,1740-1750,0.188695,0.811305,3864,7259,,,,,
quand,1720-1730,1789-1802,0.187877,0.812123,17837,47870,,,,,
aux,1700-1710,1780-1789,0.186595,0.813405,29329,189825,,,,,
une,1720-1730,1780-1789,0.186472,0.813528,88234,389998,,0.008606,0.991394,,
leurs,1700-1710,1780-1789,0.185692,0.814308,21765,131230,,0.015387,0.984613,,
j'avois,1710-1720,1730-1740,0.183599,0.816401,983,3402,,,,,
elles,1710-1720,1720-1730,0.180163,0.819837,9542,11164,,0.009501,0.990499,,
sans,1710-1720,1789-1802,0.179261,0.820739,36481,140183,,,,,
que,1700-1710,1780-1789,0.179022,0.820978,265625,1151456,,0.009645,0.990355,,
leur,1700-1710,1780-1789,0.17878,0.82122,43117,234872,,0.012161,0.987839,,
m'a,1700-1710,1730-1740,0.178142,0.821858,3063,4337,,,,,
qu'ils,1700-1710,1770-1780,0.177585,0.822415,21862,77461,,,,,
mes,1710-1720,1730-1740,0.177328,0.822672,10589,19932,,,,,
qu'une,1720-1730,1789-1802,0.177162,0.822838,4870,20469,,,,,
l'on,1710-1720,1740-1750,0.176967,0.823033,18836,30933,,,,,
tous,1720-1730,1789-1802,0.175006,0.824994,39045,147987,,,,,
l'un,1710-1720,1789-1802,0.174751,0.825249,6337,15758,,,,,
moi,1720-1730,1770-1780,0.169135,0.830865,11877,47455,,,,,
quoiqu'il,1710-1720,1720-1730,0.168763,0.831237,937,1488,,,,,
parce,1720-1730,1730-1740,0.164477,0.835523,11871,16595,,,,,
l'avoir,1710-1720,1740-1750,0.163864,0.836136,1366,2937,,,,,
cet,1710-1720,1750-1760,0.162299,0.837701,18115,39905,,,,,
s'il,1710-1720,1789-1802,0.161753,0.838247,12168,32824,,,,,
qu'elle,1710-1720,1740-1750,0.161314,0.838686,16515,34696,,,,,
d'un,1720-1730,1780-1789,0.161169,0.838831,30592,131852,,,,,
êtes,1700-1710,1720-1730,0.160752,0.839248,1783,1733,,,,,
rien,1720-1730,1740-1750,0.158897,0.841103,16948,26236,,,,,
étaient,1700-1710,1760-1770,0.157862,0.842138,994,3220,,,,,
j'ai,1710-1720,1720-1730,0.156966,0.843034,9809,11080,,,,,
toutes,1720-1730,1789-1802,0.155868,0.844132,24722,83534,,,,,
n'avions,1700-1710,1720-1730,0.15554,0.84446,99,158,,,,,
qu'il,1700-1710,1770-1780,0.15415,0.84585,73354,248203,,,,,
elle,1720-1730,1760-1770,0.153549,0.846451,31299,125749,,0.011365,0.988635,,
vous,1720-1730,1789-1802,0.149823,0.850177,64566,269968,,0.012857,0.987143,,
l'une,1710-1720,1789-1802,0.149054,0.850946,2632,7918,,,,,
lui,1700-1710,1750-1760,0.145491,0.854509,43190,131771,,,,,
pas,1720-1730,1789-1802,0.145473,0.854527,81658,322537,,0.020618,0.979382,,
était,1710-1720,1750-1760,0.145084,0.854916,11598,6045,,,,,
n'en,1720-1730,1789-1802,0.139511,0.860489,9759,28419,,,,,
avez,1710-1720,1720-1730,0.138269,0.861731,3776,2896,,,,,
après,1700-1710,1780-1789,0.138133,0.861867,11220,70993,,,,,
mon,1710-1720,1720-1730,0.137326,0.862674,23473,18301,,,,,
ils,1720-1730,1789-1802,0.136084,0.863916,52018,139257,,0.016124,0.983876,,
c'est,1710-1720,1789-1802,0.135891,0.864109,33474,111642,,,,,
avait,1710-1720,1740-1750,0.135155,0.864845,12295,2495,,,,,
son,1700-1710,1780-1789,0.128124,0.871876,49467,274766,,,,,
avoir,1700-1710,1740-1750,0.121543,0.878457,17220,46992,,,,,
été,1700-1710,1760-1770,0.119759,0.880241,17472,70525,,,,,
n'étoit,1710-1720,1720-1730,0.11815,0.88185,2123,3279,,,,,
est,1710-1720,1740-1750,0.11674,0.88326,86857,143002,,0.010864,0.989136,,
n'y,1720-1730,1789-1802,0.111961,0.888039,15583,33897,,,,,
document,1700-1710,1760-1770,0.11103,0.88897,86,466,,,,,
fait,1710-1720,1720-1730,0.11085,0.88915,54654,48693,,,,,
fut,1700-1710,1780-1789,0.109511,0.890489,17045,87489,,,,,
faire,1700-1710,1740-1750,0.104638,0.895362,40931,77443,,,,,
n'avoit,1710-1720,1720-1730,0.097649,0.902351,2040,3014,,,,,
n'est,1710-1720,1720-1730,0.090513,0.909487,14768,14045,,,,,
n'ont,1700-1710,1789-1802,0.089391,0.910609,3523,17445,,,,,
n'a,1700-1710,1720-1730,0.085494,0.914506,7347,8578,,,,,
être,1700-1710,1780-1789,0.082921,0.917079,18740,110795,,,,,
ont,1700-1710,1789-1802,0.08194,0.91806,21816,109856,,,,,
