rank,word,drift_1789,drift_moyen
1,sinon,0.9864,0.7857
2,reflexion,0.9802,0.6551
3,secher,0.9764,0.7359
4,pleinement,0.9740,0.6246
5,apelle,0.9608,0.5306
6,aujourd,0.9552,0.8208
7,sor,0.9286,0.8131
8,toutefois,0.9254,0.7603
9,fonc,0.9133,0.7494
10,favorablement,0.9072,0.7917
11,gentils,0.9043,0.7404
12,falu,0.9011,0.7171
13,l'avenir,0.9004,0.8387
14,veau,0.8940,0.7299
15,propos,0.8932,0.7826
16,fiscal,0.8902,0.6125
17,tâche,0.8862,0.6878
18,sup,0.8856,0.7272
19,caufe,0.8846,0.6053
20,king,0.8826,0.6299
21,d'aussi,0.8818,0.8352
22,barre,0.8805,0.6257
23,obli,0.8767,0.7448
24,gent,0.8762,0.7661
25,victor,0.8762,0.5479
26,teur,0.8742,0.8128
27,naire,0.8742,0.7795
28,apris,0.8697,0.5351
29,surquoi,0.8664,0.7823
30,accessible,0.8655,0.7410
31,l'ef,0.8636,0.8388
32,thou,0.8622,0.5627
33,l'experience,0.8619,0.7885
34,poli,0.8619,0.6883
35,présents,0.8612,0.6663
36,sieurs,0.8580,0.7891
37,l'ordinaire,0.8561,0.8095
38,d'autorité,0.8527,0.7641
39,désormais,0.8518,0.6893
40,nat,0.8504,0.6476
41,prov,0.8502,0.6596
42,pous,0.8500,0.8750
43,tranquile,0.8460,0.5544
44,descartes,0.8425,0.6551
45,etranger,0.8417,0.6696
46,future,0.8412,0.7768
47,tacher,0.8410,0.7701
48,aujour,0.8399,0.8157
49,l'est,0.8398,0.7610
50,tremblement,0.8397,0.7112
51,auf,0.8377,0.7275
52,neurs,0.8354,0.7850
53,frappant,0.8337,0.6773
54,hui,0.8335,0.7658
55,l'ob,0.8334,0.7676
56,lors,0.8333,0.8379
57,d'espace,0.8328,0.6904
58,soupçon,0.8325,0.7172
59,paisiblement,0.8317,0.5429
60,vivante,0.8312,0.7864
61,xlix,0.8310,0.7440
62,subitement,0.8300,0.7027
63,hors,0.8285,0.7741
64,vilaine,0.8278,0.6847
65,vj,0.8278,0.7285
66,présens,0.8261,0.6818
67,qu'autrement,0.8254,0.7075
68,volontiers,0.8241,0.7945
69,pau,0.8225,0.7721
70,vieux,0.8211,0.7796
71,leger,0.8209,0.6514
72,oire,0.8202,0.6114
73,leux,0.8199,0.7842
74,contrefaire,0.8186,0.6721
75,champ,0.8184,0.7708
76,prémier,0.8181,0.5832
77,pensant,0.8180,0.8082
78,naturellement,0.8179,0.7020
79,autrement,0.8175,0.8224
80,genre,0.8165,0.6935
81,teurs,0.8163,0.7355
82,manie,0.8163,0.7947
83,ordi,0.8159,0.7318
84,prou,0.8152,0.7309
85,exempt,0.8144,0.7511
86,souverainement,0.8142,0.7323
87,princi,0.8140,0.7302
88,lent,0.8133,0.7863
89,l'embarras,0.8133,0.7713
90,correction,0.8119,0.6377
91,fim,0.8113,0.6620
92,bref,0.8106,0.7141
93,l'agrément,0.8094,0.7536
94,dant,0.8086,0.7757
95,d'antoine,0.8078,0.6293
96,taire,0.8067,0.6931
97,fermes,0.8047,0.6581
98,jans,0.8046,0.7446
99,veu,0.8037,0.5797
100,sé,0.8034,0.7450
101,tendante,0.8032,0.6790
102,contrefaits,0.8027,0.5412
103,una,0.8015,0.5902
104,intimes,0.8010,0.7165
105,d'amis,0.8005,0.6762
106,l'arche,0.8002,0.7247
107,adroitement,0.8001,0.7683
108,usances,0.7995,0.6799
109,posseder,0.7989,0.6975
110,én,0.7984,0.7625
111,desormais,0.7981,0.7313
112,xxx,0.7978,0.6841
113,jusqu'où,0.7976,0.7697
114,franche,0.7975,0.6968
115,lif,0.7961,0.8178
116,vé,0.7960,0.6928
117,prompt,0.7958,0.6852
118,fonts,0.7958,0.6241
119,confus,0.7955,0.7023
120,qu'a,0.7947,0.6880
121,vres,0.7945,0.6680
122,plaider,0.7944,0.7261
123,consequence,0.7942,0.7017
124,celt,0.7938,0.7329
125,xxxviii,0.7930,0.6936
126,pers,0.7930,0.7147
127,ré,0.7921,0.7197
128,atta,0.7918,0.7090
129,pouvoir,0.7904,0.6969
130,ciens,0.7893,0.7339
131,subalternes,0.7892,0.6252
132,l'indignation,0.7890,0.7452
133,rence,0.7888,0.6994
134,pos,0.7886,0.7182
135,fran,0.7885,0.7750
136,lence,0.7884,0.6928
137,dé,0.7879,0.7689
138,ras,0.7877,0.6302
139,princip,0.7876,0.7269
140,armés,0.7864,0.7075
141,sen,0.7864,0.7426
142,civil,0.7862,0.6347
143,qu'aux,0.7860,0.7552
144,bb,0.7856,0.7283
145,porteurs,0.7854,0.6418
146,d'âge,0.7841,0.7865
147,nostre,0.7837,0.6555
148,d'où,0.7827,0.7446
149,sim,0.7826,0.7044
150,l'in,0.7825,0.7589
151,guet,0.7823,0.7327
152,mouvans,0.7821,0.5419
153,mf,0.7820,0.6388
154,pé,0.7819,0.7037
155,calife,0.7818,0.8185
156,particu,0.7810,0.7164
157,entiére,0.7810,0.5826
158,sau,0.7809,0.7383
159,cons,0.7807,0.7312
160,oreille,0.7806,0.6104
161,reserve,0.7802,0.6297
162,mode,0.7801,0.5637
163,l'inégalité,0.7794,0.7767
164,forte,0.7792,0.6890
165,meu,0.7792,0.6740
166,veille,0.7783,0.7377
167,sain,0.7780,0.7501
168,lement,0.7780,0.6635
169,nô,0.7778,0.6240
170,commune,0.7774,0.7294
171,mun,0.7773,0.6979
172,semblablement,0.7773,0.7716
173,marque,0.7763,0.7448
174,souver,0.7758,0.7063
175,ordinaires,0.7757,0.6751
176,proprement,0.7754,0.7587
177,milliers,0.7754,0.6747
178,xxxi,0.7753,0.6971
179,exercée,0.7751,0.7220
180,leg,0.7751,0.6501
181,pro,0.7747,0.7096
182,ger,0.7743,0.7046
183,d'ac,0.7743,0.7360
184,préference,0.7742,0.6107
185,amé,0.7739,0.4630
186,d'armes,0.7738,0.6941
187,cointe,0.7737,0.7658
188,dent,0.7737,0.6667
189,lions,0.7734,0.6275
190,genie,0.7732,0.6621
191,conti,0.7731,0.7318
192,desespoir,0.7729,0.6620
193,pairement,0.7729,0.7255
194,quité,0.7729,0.7800
195,capa,0.7728,0.6818
196,nent,0.7728,0.7309
197,vaux,0.7726,0.6346
198,hormis,0.7726,0.7993
199,gé,0.7725,0.7127
200,kk,0.7724,0.6972
201,préalablement,0.7720,0.6591
202,latitude,0.7719,0.6225
203,d'homme,0.7718,0.7963
204,pré,0.7717,0.7520
205,qu'ily,0.7714,0.8089
206,miracle,0.7712,0.6414
207,nant,0.7708,0.7686
208,suspendu,0.7708,0.6460
209,commis,0.7705,0.6280
210,songe,0.7703,0.7277
211,commercial,0.7703,0.4344
212,d'application,0.7695,0.6100
213,nime,0.7694,0.7202
214,fè,0.7691,0.7428
215,d'orient,0.7690,0.6653
216,d'égard,0.7690,0.7610
217,pren,0.7690,0.7191
218,dç,0.7689,0.7095
219,finance,0.7685,0.6674
220,sûrement,0.7684,0.7745
221,ny,0.7683,0.5552
222,partager,0.7682,0.7229
223,enfuit,0.7680,0.6699
224,quelqu'une,0.7678,0.7737
225,hauts,0.7672,0.7190
226,pavillon,0.7669,0.6607
227,communi,0.7668,0.6490
228,tine,0.7666,0.6823
229,ruement,0.7662,0.7124
230,nou,0.7661,0.7568
231,rens,0.7658,0.7982
232,fauves,0.7656,0.6495
233,d'hui,0.7654,0.7892
234,capi,0.7646,0.7015
235,miere,0.7645,0.8209
236,rep,0.7642,0.6800
237,désirer,0.7641,0.6525
238,naturels,0.7638,0.6037
239,regner,0.7635,0.6821
240,l'ar,0.7634,0.7077
241,moindres,0.7632,0.7398
242,xxxix,0.7632,0.6936
243,ôc,0.7629,0.8313
244,mont,0.7623,0.6367
245,ser,0.7623,0.6945
246,pre,0.7621,0.7270
247,teneur,0.7618,0.6846
248,ché,0.7615,0.6809
249,curiosité,0.7615,0.6882
250,pn,0.7613,0.6192
251,dè,0.7613,0.7587
252,époque,0.7609,0.6676
253,civils,0.7608,0.5199
254,qu'encore,0.7606,0.7185
255,l'office,0.7602,0.7049
256,duit,0.7593,0.6779
257,deçà,0.7590,0.6940
258,conf,0.7587,0.6891
259,lifte,0.7585,0.6633
260,chés,0.7584,0.5817
261,oc,0.7584,0.6915
262,navale,0.7581,0.6583
263,vio,0.7581,0.6320
264,instance,0.7581,0.7167
265,vail,0.7580,0.6860
266,tendu,0.7580,0.7431
267,unanime,0.7579,0.7503
268,repré,0.7572,0.7067
269,légitimes,0.7571,0.7329
270,fû,0.7567,0.5872
271,im,0.7565,0.6693
272,publie,0.7561,0.6840
273,eq,0.7559,0.6140
274,tra,0.7559,0.7660
275,lib,0.7556,0.6217
276,recon,0.7555,0.6626
277,enco,0.7555,0.7463
278,aisement,0.7554,0.6526
279,obligez,0.7552,0.5114
280,ache,0.7552,0.7619
281,parts,0.7543,0.6514
282,cequi,0.7543,0.7157
283,l'impuissance,0.7540,0.7581
284,dili,0.7534,0.6855
285,fart,0.7533,0.7351
286,vifs,0.7532,0.6866
287,exprès,0.7531,0.7619
288,l'hon,0.7529,0.7405
289,ex,0.7529,0.6496
290,l'é,0.7527,0.7610
291,aiant,0.7525,0.5119
292,xlv,0.7524,0.7058
293,ressort,0.7524,0.7166
294,l'âge,0.7523,0.7938
295,qu'étant,0.7523,0.7017
296,adoré,0.7521,0.6499
297,compa,0.7515,0.7284
298,natu,0.7511,0.6625
299,consequent,0.7511,0.6826
300,moien,0.7507,0.5504
301,enée,0.7506,0.6673
302,angloise,0.7503,0.7210
303,marquant,0.7498,0.6161
304,d'empêcher,0.7498,0.7275
305,paré,0.7496,0.7253
306,n'importe,0.7494,0.7607
307,d'entre,0.7493,0.5872
308,lant,0.7493,0.6683
309,éle,0.7490,0.6900
310,commun,0.7490,0.7172
311,roger,0.7489,0.5884
312,quent,0.7488,0.6191
313,finances,0.7487,0.5713
314,trom,0.7486,0.6541
315,ainii,0.7485,0.7670
316,rencontres,0.7483,0.6549
317,lan,0.7482,0.6752
318,tement,0.7481,0.6900
319,pole,0.7480,0.6558
320,permettons,0.7479,0.6052
321,dommages,0.7479,0.6768
322,militaires,0.7479,0.6888
323,pier,0.7476,0.6358
324,gage,0.7474,0.8080
325,baume,0.7474,0.6409
326,celer,0.7470,0.7145
327,chanoines,0.7470,0.7060
328,tom,0.7468,0.6937
329,gou,0.7468,0.6988
330,paroisse,0.7466,0.7595
331,time,0.7465,0.5508
332,cond,0.7460,0.5771
333,favori,0.7454,0.6707
334,baleine,0.7444,0.6918
335,foli,0.7444,0.6333
336,recompense,0.7439,0.6822
337,prescription,0.7437,0.7165
338,deur,0.7435,0.6716
339,moyennant,0.7435,0.6700
340,gouver,0.7434,0.6572
341,mence,0.7434,0.7411
342,entiers,0.7433,0.7433
343,délivrance,0.7433,0.6732
344,chan,0.7432,0.7591
345,dere,0.7430,0.5932
346,div,0.7430,0.6018
347,sem,0.7426,0.7146
348,refait,0.7425,0.6689
349,inconnue,0.7422,0.7153
350,salomon,0.7422,0.6294
351,premierement,0.7421,0.6380
352,marches,0.7419,0.6447
353,xxi,0.7418,0.6582
354,fur,0.7415,0.6914
355,ty,0.7413,0.5823
356,sacrifices,0.7410,0.4800
357,d'obliger,0.7410,0.6868
358,dignement,0.7410,0.7795
359,jointe,0.7408,0.6830
360,lequelles,0.7407,0.6747
361,d'abord,0.7404,0.7224
362,gueux,0.7404,0.7227
363,tragedie,0.7401,0.5615
364,déli,0.7391,0.7265
365,sulpice,0.7391,0.6676
366,ardemment,0.7389,0.7898
367,ves,0.7387,0.6550
368,xv,0.7387,0.6767
369,chaque,0.7386,0.6195
370,suffisamment,0.7384,0.7418
371,spe,0.7384,0.6367
372,cabinets,0.7380,0.5576
373,ensemble,0.7380,0.6930
374,volon,0.7379,0.6867
375,rate,0.7378,0.6786
376,euf,0.7377,0.7304
377,titube,0.7375,0.6715
378,man,0.7374,0.6440
379,lifez,0.7374,0.6544
380,louis,0.7373,0.6697
381,tons,0.7372,0.5834
382,merveille,0.7371,0.6969
383,lig,0.7369,0.8104
384,d'agrément,0.7367,0.5203
385,considerer,0.7361,0.5081
386,reposée,0.7356,0.6261
387,composition,0.7355,0.6673
388,gement,0.7352,0.7319
389,sue,0.7351,0.6924
390,appui,0.7350,0.6533
391,fen,0.7346,0.6509
392,élement,0.7344,0.7053
393,cheres,0.7343,0.6045
394,momus,0.7342,0.6029
395,faculté,0.7338,0.7275
396,surplus,0.7338,0.6920
397,hector,0.7334,0.5973
398,faute,0.7333,0.7634
399,triment,0.7332,0.6484
400,sin,0.7331,0.6282
401,d'effet,0.7329,0.7220
402,pa,0.7328,0.7272
403,alte,0.7325,0.6200
404,gene,0.7323,0.6668
405,ima,0.7323,0.6900
406,marche,0.7320,0.5853
407,ib,0.7318,0.6853
408,laire,0.7314,0.7117
409,tage,0.7314,0.6841
410,saisie,0.7313,0.5592
411,xvi,0.7313,0.6722
412,cout,0.7312,0.7637
413,eflt,0.7311,0.7045
414,quint,0.7311,0.7806
415,audi,0.7310,0.7361
416,inévitable,0.7310,0.6887
417,remarquez,0.7305,0.7055
418,vre,0.7302,0.7371
419,sommation,0.7300,0.6096
420,l'ou,0.7299,0.7372
421,veulement,0.7299,0.7194
422,feuille,0.7298,0.5756
423,oeuvre,0.7297,0.6867
424,reux,0.7294,0.7528
425,raux,0.7292,0.6908
426,op,0.7290,0.7022
427,fondit,0.7289,0.6066
428,péri,0.7288,0.5747
429,privation,0.7287,0.6204
430,olivier,0.7286,0.5745
431,l'u,0.7283,0.6378
432,nel,0.7282,0.6318
433,salaire,0.7281,0.6881
434,miserable,0.7279,0.6495
435,incertain,0.7279,0.6997
436,outrée,0.7279,0.6457
437,simple,0.7278,0.7371
438,bertrand,0.7277,0.5495
439,tail,0.7276,0.6534
440,succés,0.7276,0.7743
441,pan,0.7275,0.6553
442,chent,0.7274,0.6667
443,communes,0.7272,0.5864
444,pra,0.7272,0.6145
445,prochaine,0.7271,0.6354
446,corporelle,0.7271,0.6283
447,ambroise,0.7268,0.5580
448,l'e,0.7265,0.6330
449,rançon,0.7259,0.6474
450,desordre,0.7257,0.6446
451,der,0.7257,0.7184
452,détourné,0.7257,0.6460
453,gâté,0.7256,0.6440
454,vitaux,0.7255,0.6513
455,phe,0.7254,0.7080
456,desa,0.7253,0.6934
457,yvoire,0.7248,0.6712
458,universelle,0.7248,0.6417
459,secrète,0.7248,0.6863
460,t'elle,0.7246,0.5452
461,sant,0.7246,0.7535
462,négociation,0.7244,0.6630
463,delits,0.7244,0.6600
464,cele,0.7243,0.6732
465,vantage,0.7242,0.7274
466,cant,0.7241,0.6830
467,l'oracle,0.7241,0.7536
468,tion,0.7239,0.7216
469,caf,0.7238,0.6685
470,con,0.7236,0.6546
471,devin,0.7236,0.6691
472,mercure,0.7235,0.7022
473,indemnité,0.7233,0.6505
474,ombrage,0.7231,0.7097
475,daus,0.7230,0.7088
476,l'ex,0.7229,0.7055
477,qu'eux,0.7228,0.6728
478,prin,0.7224,0.5876
479,hh,0.7224,0.6863
480,neur,0.7224,0.6661
481,che,0.7223,0.6940
482,mu,0.7223,0.7191
483,méritoit,0.7223,0.6239
484,érant,0.7221,0.7130
485,détail,0.7221,0.7640
486,patentes,0.7217,0.5712
487,seur,0.7216,0.6409
488,fa,0.7216,0.6146
489,gneur,0.7215,0.6628
490,conjuration,0.7214,0.6563
491,quant,0.7213,0.7562
492,convention,0.7212,0.4580
493,vaine,0.7212,0.5973
494,pres,0.7211,0.6852
495,pen,0.7211,0.7649
496,rets,0.7209,0.6736
497,royaux,0.7208,0.6023
498,paroîtra,0.7205,0.6828
499,déja,0.7205,0.5901
500,gran,0.7204,0.6885
501,hon,0.7203,0.6774
502,xli,0.7200,0.6398
503,fabriquer,0.7200,0.6668
504,parfaitement,0.7200,0.6577
505,attention,0.7199,0.6375
506,platte,0.7199,0.5456
507,présentement,0.7199,0.7360
508,accomplis,0.7198,0.7029
509,tatien,0.7198,0.6711
510,san,0.7196,0.6766
511,ouf,0.7191,0.6365
512,rance,0.7190,0.6633
513,xlviii,0.7187,0.6695
514,l'egard,0.7186,0.6896
515,pitoyable,0.7186,0.7205
516,tres,0.7186,0.7037
517,censé,0.7186,0.7280
518,exposé,0.7184,0.6595
519,éternellement,0.7178,0.6559
520,lé,0.7176,0.7070
521,rel,0.7176,0.6575
522,exa,0.7175,0.6211
523,paternelle,0.7173,0.6532
524,lay,0.7172,0.6228
525,han,0.7170,0.6666
526,cloches,0.7169,0.4992
527,grotius,0.7169,0.7185
528,infi,0.7168,0.6600
529,indi,0.7167,0.6764
530,miais,0.7167,0.7466
531,d'oeil,0.7165,0.6896
532,ceque,0.7164,0.6787
533,ost,0.7164,0.6612
534,entendant,0.7163,0.7198
535,choix,0.7161,0.6675
536,armé,0.7160,0.6174
537,leut,0.7159,0.7728
538,nier,0.7159,0.6868
539,trempe,0.7158,0.6777
540,tem,0.7155,0.6523
541,pénitence,0.7153,0.6624
542,fons,0.7150,0.6083
543,possession,0.7149,0.7083
544,l'etre,0.7148,0.5673
545,extraordinaires,0.7146,0.6730
546,relle,0.7143,0.7148
547,faillir,0.7142,0.6479
548,gg,0.7140,0.6695
549,accommoder,0.7140,0.6589
550,amas,0.7140,0.6866
551,diffe,0.7139,0.6402
552,ains,0.7137,0.6053
553,flon,0.7136,0.6936
554,qualité,0.7133,0.6559
555,nal,0.7132,0.7039
556,opiniâtre,0.7132,0.6477
557,baiser,0.7130,0.6588
558,d'artifice,0.7128,0.7498
559,chef,0.7126,0.7689
560,confolation,0.7124,0.6590
561,bie,0.7123,0.6111
562,mira,0.7123,0.6416
563,regnoit,0.7122,0.6469
564,rable,0.7121,0.6309
565,estre,0.7120,0.5201
566,ecrire,0.7120,0.6706
567,mat,0.7120,0.5955
568,intime,0.7117,0.6693
569,l'espace,0.7116,0.7404
570,joué,0.7114,0.6049
571,mage,0.7112,0.6684
572,pote,0.7111,0.6032
573,fas,0.7109,0.5674
574,xxv,0.7109,0.6527
575,liy,0.7107,0.6888
576,lest,0.7106,0.7053
577,bian,0.7106,0.5237
578,réelles,0.7106,0.6745
579,l'ac,0.7104,0.7270
580,min,0.7104,0.6927
581,felle,0.7103,0.6650
582,rappel,0.7103,0.6881
583,deuil,0.7103,0.7356
584,linon,0.7103,0.6941
585,nager,0.7103,0.6937
586,xlvi,0.7103,0.6949
587,cepen,0.7100,0.7877
588,tan,0.7099,0.7274
589,papier,0.7099,0.6120
590,mages,0.7099,0.6439
591,reparer,0.7099,0.6686
592,solides,0.7098,0.6287
593,prompte,0.7096,0.6067
594,signa,0.7094,0.5759
595,bretagne,0.7092,0.6626
596,mmne,0.7092,0.7157
597,cendre,0.7090,0.5981
598,pâle,0.7090,0.6426
599,sf,0.7090,0.5731
600,l'ap,0.7086,0.7125
601,expressement,0.7085,0.5463
602,vôtre,0.7084,0.6995
603,nombre,0.7084,0.7514
604,ber,0.7082,0.6383
605,médiocre,0.7082,0.6357
606,rain,0.7081,0.7034
607,connétable,0.7081,0.5705
608,iij,0.7077,0.7194
609,vons,0.7075,0.5885
610,ajoutez,0.7075,0.7275
611,vale,0.7074,0.5837
612,minute,0.7070,0.6625
613,cloche,0.7070,0.6656
614,cois,0.7070,0.6087
615,s'appellent,0.7069,0.6597
616,habi,0.7069,0.6436
617,vn,0.7068,0.6524
618,tés,0.7068,0.6370
619,meur,0.7065,0.6450
620,blement,0.7064,0.7064
621,requiert,0.7064,0.7551
622,clement,0.7064,0.5542
623,murmure,0.7064,0.6551
624,regnent,0.7062,0.6900
625,vrir,0.7061,0.6858
626,entieres,0.7060,0.7053
627,acquerir,0.7060,0.5807
628,tués,0.7055,0.6770
629,traite,0.7054,0.6549
630,xx,0.7054,0.6636
631,provi,0.7053,0.6707
632,neuve,0.7052,0.6827
633,continuels,0.7050,0.6900
634,trésor,0.7049,0.6772
635,comptez,0.7049,0.6580
636,coutume,0.7049,0.6972
637,témoin,0.7046,0.7547
638,étran,0.7043,0.7125
639,reputation,0.7042,0.6101
640,reformer,0.7042,0.7757
641,particuliérement,0.7042,0.6503
642,set,0.7041,0.6256
643,ob,0.7041,0.6486
644,danses,0.7041,0.6960
645,prises,0.7040,0.6422
646,xix,0.7040,0.6903
647,courre,0.7038,0.6624
648,nouvel,0.7035,0.7505
649,ecclésiastique,0.7035,0.6709
650,civilement,0.7034,0.6262
651,ter,0.7031,0.6716
652,culier,0.7031,0.6911
653,nombreuse,0.7031,0.6997
654,def,0.7029,0.7013
655,propreté,0.7029,0.5775
656,lier,0.7029,0.7366
657,gence,0.7029,0.6276
658,royale,0.7028,0.6215
659,violé,0.7026,0.6202
660,gers,0.7026,0.6720
661,d'especes,0.7025,0.6960
662,nir,0.7025,0.6241
663,rotterdam,0.7024,0.5213
664,d'avec,0.7023,0.6947
665,cer,0.7022,0.6586
666,mesme,0.7021,0.6986
667,services,0.7019,0.5101
668,charme,0.7018,0.6631
669,d'apparence,0.7017,0.7643
670,var,0.7017,0.6208
671,territoire,0.7016,0.5874
672,finon,0.7016,0.6350
673,lion,0.7016,0.6435
674,spectateurs,0.7014,0.5948
675,tume,0.7012,0.6848
676,débiter,0.7012,0.6669
677,périls,0.7011,0.5999
678,dele,0.7011,0.6558
679,rite,0.7010,0.6825
680,remede,0.7008,0.6332
681,morte,0.7008,0.6663
682,reaux,0.7008,0.5717
683,vies,0.7007,0.6775
684,po,0.7007,0.6352
685,qua,0.7007,0.6060
686,fidéle,0.7006,0.5751
687,mou,0.7005,0.6768
688,cotte,0.7004,0.5942
689,peril,0.7002,0.5914
690,ver,0.7002,0.6782
691,sclon,0.7000,0.6764
692,muni,0.6998,0.7029
693,sc,0.6997,0.7234
694,siéme,0.6997,0.6160
695,ral,0.6995,0.6283
696,caron,0.6993,0.7462
697,utilement,0.6993,0.7350
698,italien,0.6992,0.6407
699,tans,0.6991,0.6847
700,plin,0.6990,0.6061
701,pref,0.6989,0.7641
702,d'é,0.6989,0.6793
703,pea,0.6988,0.6424
704,d'albe,0.6988,0.5815
705,motifs,0.6987,0.5615
706,combattant,0.6985,0.7305
707,rigoureux,0.6983,0.6577
708,ly,0.6982,0.6191
709,ph,0.6982,0.5611
710,d'endroits,0.6982,0.6914
711,gratuit,0.6982,0.6971
712,severe,0.6979,0.5998
713,rufien,0.6979,0.6417
714,fout,0.6979,0.6784
715,tendoit,0.6975,0.6586
716,éloi,0.6975,0.6913
717,séparé,0.6974,0.7692
718,poids,0.6971,0.7052
719,parisis,0.6969,0.6014
720,plu,0.6968,0.6644
721,fes,0.6967,0.4995
722,fée,0.6967,0.6694
723,marquée,0.6964,0.6250
724,s'arrêter,0.6964,0.6294
725,distinctement,0.6963,0.6496
726,ture,0.6963,0.6368
727,tran,0.6961,0.7148
728,cous,0.6961,0.6760
729,repre,0.6960,0.7029
730,obscure,0.6958,0.6066
731,rieux,0.6955,0.6972
732,mar,0.6953,0.6780
733,pru,0.6952,0.6911
734,eû,0.6952,0.4492
735,dij,0.6951,0.6965
736,chirurgiens,0.6951,0.7048
737,secrette,0.6949,0.6070
738,importante,0.6949,0.6052
739,connaissance,0.6949,0.6309
740,imposer,0.6948,0.6040
741,site,0.6944,0.6687
742,exe,0.6944,0.6005
743,dan,0.6942,0.7091
744,proses,0.6940,0.6454
745,l'ecole,0.6939,0.6045
746,trie,0.6938,0.7399
747,caprice,0.6935,0.6661
748,fion,0.6934,0.7377
749,séparément,0.6933,0.7321
750,pie,0.6932,0.6322
751,bres,0.6931,0.6064
752,d'au,0.6925,0.7387
753,importune,0.6924,0.6376
754,neanmoins,0.6924,0.6546
755,tous,0.6923,0.6825
756,amplement,0.6923,0.6408
757,cir,0.6923,0.6784
758,d'autriche,0.6923,0.6664
759,vement,0.6923,0.6472
760,assés,0.6919,0.6378
761,para,0.6919,0.6992
762,l'oraison,0.6917,0.6172
763,corn,0.6916,0.6397
764,agent,0.6916,0.6337
765,rions,0.6915,0.6835
766,l'appel,0.6914,0.5987
767,fié,0.6911,0.7369
768,bale,0.6910,0.6237
769,chi,0.6910,0.6477
770,qu'outre,0.6908,0.6433
771,xii,0.6907,0.6756
772,l'affront,0.6907,0.6955
773,l'impression,0.6906,0.6271
774,fies,0.6904,0.6952
775,xl,0.6902,0.6404
776,perir,0.6902,0.5859
777,souveraines,0.6900,0.7597
778,trans,0.6900,0.6309
779,peutêtre,0.6899,0.6405
780,tile,0.6898,0.6589
781,fendu,0.6898,0.6684
782,jule,0.6897,0.6212
783,maturité,0.6894,0.7048
784,docile,0.6893,0.6623
785,tranquilité,0.6893,0.6558
786,peupler,0.6892,0.6639
787,tif,0.6891,0.6406
788,consiste,0.6889,0.6756
789,efforts,0.6888,0.6735
790,pondre,0.6887,0.6826
791,pretent,0.6886,0.7307
792,transport,0.6886,0.7225
793,scrupuleux,0.6886,0.6897
794,ejl,0.6884,0.5555
795,mel,0.6882,0.6478
796,demeu,0.6879,0.6641
797,l'humeur,0.6878,0.6769
798,dia,0.6875,0.6188
799,ho,0.6875,0.6743
800,consideration,0.6874,0.6534
801,prieres,0.6873,0.5888
802,em,0.6872,0.7359
803,auifi,0.6872,0.7632
804,pardevant,0.6872,0.6149
805,pluralité,0.6871,0.6502
806,commue,0.6870,0.6142
807,ba,0.6870,0.6094
808,touc,0.6869,0.7359
809,objet,0.6868,0.6691
810,diverti,0.6867,0.6722
811,lat,0.6866,0.6719
812,assembla,0.6866,0.6128
813,pitre,0.6865,0.6525
814,ronne,0.6864,0.6089
815,l'invention,0.6864,0.7291
816,fue,0.6864,0.6123
817,souffrir,0.6863,0.6509
818,défunt,0.6863,0.5938
819,informations,0.6862,0.5780
820,toire,0.6862,0.6514
821,male,0.6860,0.6081
822,l'exposer,0.6859,0.5661
823,rapports,0.6858,0.5817
824,ida,0.6858,0.5779
825,noit,0.6857,0.7325
826,arrêter,0.6857,0.6289
827,extremement,0.6856,0.7164
828,berté,0.6854,0.7249
829,colbert,0.6854,0.6233
830,morts,0.6854,0.6705
831,hau,0.6853,0.6293
832,secourir,0.6853,0.6238
833,particuliere,0.6851,0.6136
834,c'en,0.6850,0.7238
835,tonner,0.6849,0.6861
836,moy,0.6849,0.5635
837,ciers,0.6848,0.6616
838,neutralité,0.6848,0.6473
839,sceau,0.6848,0.5588
840,chere,0.6847,0.6812
841,march,0.6847,0.5949
842,apprentifs,0.6847,0.5593
843,monument,0.6846,0.6749
844,uand,0.6846,0.6327
845,établies,0.6845,0.6512
846,mens,0.6844,0.6215
847,veiller,0.6844,0.6961
848,excepter,0.6842,0.5885
849,tard,0.6842,0.7418
850,dépôt,0.6841,0.7041
851,fement,0.6841,0.7441
852,ménage,0.6840,0.7319
853,s'engage,0.6838,0.6866
854,loir,0.6838,0.6650
855,miens,0.6838,0.6715
856,détestable,0.6834,0.5927
857,recolte,0.6834,0.6363
858,ordinaire,0.6834,0.7243
859,réserve,0.6833,0.6311
860,ingénieux,0.6832,0.6013
861,pagne,0.6830,0.5951
862,sar,0.6828,0.6200
863,souhaiter,0.6823,0.7024
864,quine,0.6822,0.6232
865,saus,0.6822,0.6763
866,profite,0.6820,0.6998
867,décou,0.6820,0.7187
868,retrait,0.6820,0.6206
869,d'honneurs,0.6819,0.6759
870,passés,0.6815,0.6591
871,nons,0.6814,0.5686
872,généralité,0.6814,0.7272
873,actes,0.6813,0.6519
874,trancher,0.6813,0.7145
875,raisonnablement,0.6813,0.7557
876,ments,0.6812,0.6359
877,gagne,0.6812,0.6668
878,retardement,0.6810,0.6467
879,ac,0.6807,0.6582
880,franchement,0.6806,0.7367
881,vaquer,0.6806,0.6526
882,confidence,0.6805,0.5788
883,bour,0.6804,0.5877
884,fieur,0.6803,0.6237
885,reduire,0.6803,0.5739
886,ha,0.6802,0.6762
887,aisez,0.6802,0.6540
888,exem,0.6801,0.6563
889,facilité,0.6799,0.6330
890,l'après,0.6798,0.6422
891,demandeurs,0.6798,0.4380
892,s'ap,0.6797,0.6985
893,l'air,0.6797,0.6191
894,cal,0.6797,0.6686
895,tierce,0.6796,0.6428
896,pf,0.6794,0.5636
897,fà,0.6794,0.6651
898,examinez,0.6793,0.6260
899,vivant,0.6793,0.7196
900,confulter,0.6792,0.6827
901,marqué,0.6791,0.6249
902,imi,0.6791,0.6049
903,lecture,0.6790,0.6296
904,plit,0.6790,0.6819
905,fruit,0.6788,0.6402
906,inu,0.6788,0.7020
907,lee,0.6784,0.6211
908,nient,0.6783,0.6150
909,dif,0.6782,0.6203
910,vid,0.6781,0.6746
911,penible,0.6780,0.7053
912,pardon,0.6779,0.6554
913,potier,0.6777,0.6622
914,temoins,0.6776,0.6935
915,sus,0.6776,0.6330
916,ki,0.6776,0.5987
917,d'imprimer,0.6776,0.6099
918,sas,0.6775,0.7048
919,tourné,0.6775,0.7015
920,secondement,0.6775,0.7474
921,parenté,0.6773,0.7595
922,bris,0.6770,0.6799
923,fare,0.6770,0.7026
924,heu,0.6769,0.6279
925,fori,0.6768,0.6607
926,methode,0.6768,0.5410
927,d'habits,0.6766,0.6963
928,attentif,0.6765,0.6300
929,mêmc,0.6765,0.7336
930,raire,0.6764,0.7425
931,d'ex,0.6763,0.7092
932,tri,0.6762,0.6201
933,dupe,0.6762,0.6752
934,duire,0.6762,0.6421
935,fan,0.6761,0.6621
936,royal,0.6761,0.5792
937,adieu,0.6760,0.6101
938,plaute,0.6758,0.6197
939,restes,0.6758,0.6330
940,d'oeuvre,0.6756,0.6869
941,clergé,0.6755,0.6827
942,considérablement,0.6753,0.7026
943,dépendoit,0.6751,0.7007
944,lam,0.6750,0.5711
945,intitulé,0.6750,0.5576
946,reve,0.6750,0.7097
947,baisser,0.6750,0.6474
948,prise,0.6749,0.6897
949,continuation,0.6747,0.6953
950,fumer,0.6746,0.5673
951,ab,0.6745,0.6485
952,travail,0.6744,0.6870
953,sir,0.6743,0.6508
954,cç,0.6741,0.6914
955,faciliter,0.6740,0.6312
956,comptant,0.6740,0.6694
957,nuées,0.6740,0.5301
958,estimé,0.6739,0.5417
959,maréchaux,0.6738,0.5937
960,zircon,0.6736,0.7470
961,coumme,0.6735,0.6269
962,aque,0.6734,0.5770
963,mo,0.6733,0.6543
964,dest,0.6732,0.6280
965,trafic,0.6732,0.5725
966,hautes,0.6732,0.6248
967,entretenu,0.6731,0.6708
968,gardien,0.6731,0.6856
969,commen,0.6730,0.6416
970,fuf,0.6729,0.7209
971,dée,0.6726,0.6374
972,rompu,0.6724,0.6196
973,gilles,0.6724,0.5395
974,lité,0.6723,0.6546
975,sentiers,0.6723,0.6972
976,phi,0.6722,0.6763
977,line,0.6722,0.6158
978,fé,0.6721,0.7242
979,d'ar,0.6719,0.6399
980,fidellement,0.6718,0.6753
981,mérites,0.6717,0.6476
982,liers,0.6717,0.6265
983,van,0.6716,0.6630
984,nonobstant,0.6716,0.5066
985,complet,0.6716,0.6686
986,prescrit,0.6716,0.7007
987,transports,0.6715,0.5359
988,étroitement,0.6715,0.6257
989,mnes,0.6713,0.6991
990,guéres,0.6713,0.5510
991,ment,0.6713,0.6343
992,vivement,0.6712,0.6729
993,jusqu'ici,0.6712,0.6274
994,sauf,0.6711,0.6659
995,quafi,0.6711,0.5188
996,d'agir,0.6710,0.6958
997,pof,0.6709,0.6178
998,s'approcher,0.6708,0.6460
999,secrettement,0.6707,0.5814
1000,indifférent,0.6706,0.6038
1001,acheve,0.6704,0.7148
1002,souf,0.6703,0.6675
1003,poursuite,0.6703,0.6715
1004,orat,0.6702,0.4943
1005,life,0.6702,0.5325
1006,statut,0.6702,0.6204
1007,griefs,0.6698,0.6060
1008,m'oblige,0.6697,0.7062
1009,tim,0.6697,0.5478
1010,ray,0.6697,0.6235
1011,l'acceptation,0.6695,0.5960
1012,puisque,0.6695,0.6653
1013,répandu,0.6694,0.6604
1014,pilier,0.6694,0.6442
1015,excepté,0.6693,0.7000
1016,nulles,0.6691,0.5729
1017,trompettes,0.6691,0.5630
1018,coffres,0.6691,0.5642
1019,d'in,0.6691,0.6861
1020,fions,0.6690,0.5930
1021,d'avertir,0.6690,0.7067
1022,suffi,0.6690,0.7230
1023,corps,0.6689,0.6330
1024,leure,0.6688,0.7060
1025,conçut,0.6688,0.5877
1026,cier,0.6686,0.6627
1027,devenue,0.6685,0.6244
1028,cere,0.6685,0.6129
1029,cone,0.6684,0.6582
1030,arti,0.6683,0.6225
1031,consacré,0.6682,0.5871
1032,parer,0.6681,0.6353
1033,marché,0.6681,0.6359
1034,choi,0.6681,0.6432
1035,hu,0.6680,0.6364
1036,contré,0.6678,0.6096
1037,tation,0.6678,0.6689
1038,mef,0.6678,0.6895
1039,ay,0.6675,0.4939
1040,lage,0.6675,0.6971
1041,tantôt,0.6674,0.6510
1042,ieux,0.6673,0.6278
1043,apostolique,0.6673,0.6484
1044,garde,0.6672,0.6770
1045,fard,0.6671,0.5535
1046,réels,0.6670,0.6142
1047,distribuer,0.6670,0.6258
1048,signal,0.6669,0.6745
1049,dud,0.6668,0.5459
1050,l'ouverture,0.6665,0.6356
1051,infinis,0.6665,0.6818
1052,l'ordre,0.6664,0.5910
1053,expresse,0.6664,0.6210
1054,guer,0.6663,0.6717
1055,expres,0.6662,0.6506
1056,curion,0.6661,0.6775
1057,potion,0.6659,0.5999
1058,critique,0.6659,0.5623
1059,sources,0.6657,0.5638
1060,adam,0.6657,0.6861
1061,concession,0.6657,0.5580
1062,emi,0.6656,0.5942
1063,ime,0.6656,0.6008
1064,l'ancien,0.6656,0.6787
1065,coupa,0.6656,0.6488
1066,dubois,0.6656,0.6354
1067,risque,0.6655,0.6232
1068,varron,0.6653,0.5841
1069,expiré,0.6653,0.6575
1070,disse,0.6652,0.6197
1071,bran,0.6652,0.6033
1072,mée,0.6650,0.6284
1073,l'em,0.6650,0.7171
1074,confirmer,0.6649,0.6015
1075,sui,0.6649,0.6730
1076,pourtant,0.6648,0.6314
1077,aspect,0.6648,0.5140
1078,dence,0.6648,0.6267
1079,librairie,0.6648,0.6644
1080,dece,0.6646,0.6845
1081,manifestement,0.6645,0.5825
1082,pale,0.6645,0.7016
1083,dou,0.6645,0.5920
1084,polis,0.6643,0.5769
1085,admirables,0.6643,0.5491
1086,persuade,0.6643,0.6089
1087,assigner,0.6643,0.5584
1088,cy,0.6642,0.6120
1089,avi,0.6642,0.5981
1090,marc,0.6640,0.6966
1091,ges,0.6640,0.6445
1092,esperer,0.6639,0.4983
1093,oue,0.6639,0.6051
1094,entrera,0.6639,0.7277
1095,voyant,0.6639,0.6664
1096,ement,0.6639,0.6394
1097,tat,0.6638,0.5936
1098,horn,0.6634,0.6935
1099,empecher,0.6634,0.5252
1100,niers,0.6633,0.6026
1101,adi,0.6632,0.5819
1102,discernement,0.6631,0.6822
1103,timons,0.6630,0.6260
1104,dem,0.6630,0.5368
1105,sns,0.6630,0.6793
1106,recom,0.6628,0.6929
1107,civilité,0.6627,0.6135
1108,chantons,0.6627,0.6279
1109,plat,0.6627,0.6310
1110,conclusion,0.6625,0.6017
1111,cour,0.6625,0.6958
1112,nelle,0.6622,0.6669
1113,ruption,0.6622,0.5906
1114,entrevoir,0.6621,0.6834
1115,br,0.6621,0.5640
1116,t'il,0.6621,0.5504
1117,lice,0.6621,0.6427
1118,faussement,0.6621,0.5937
1119,mente,0.6620,0.5632
1120,gion,0.6620,0.6562
1121,loisir,0.6619,0.5958
1122,vic,0.6617,0.5904
1123,pipe,0.6616,0.6080
1124,villers,0.6616,0.5438
1125,tien,0.6616,0.6305
1126,évenemens,0.6616,0.5777
1127,forme,0.6615,0.6799
1128,bienheureux,0.6614,0.6829
1129,larcin,0.6614,0.6635
1130,assurer,0.6612,0.6129
1131,asseoir,0.6611,0.6255
1132,miner,0.6610,0.6250
1133,compter,0.6610,0.6334
1134,t'on,0.6610,0.6193
1135,emprunte,0.6610,0.6418
1136,yen,0.6608,0.5736
1137,saisons,0.6608,0.5600
1138,d'ordonner,0.6608,0.6221
1139,poux,0.6607,0.6630
1140,apparence,0.6606,0.6958
1141,nmme,0.6605,0.7112
1142,saisir,0.6604,0.5624
1143,sceaux,0.6604,0.6314
1144,new,0.6603,0.4734
1145,têtes,0.6603,0.5366
1146,paya,0.6602,0.6870
1147,reli,0.6602,0.6505
1148,tournois,0.6601,0.5988
1149,comi,0.6600,0.7077
1150,d'importance,0.6599,0.7025
1151,quon,0.6598,0.6294
1152,convie,0.6596,0.7191
1153,bâtard,0.6596,0.6027
1154,senat,0.6596,0.4768
1155,remar,0.6595,0.6289
1156,dépit,0.6595,0.4605
1157,brevet,0.6594,0.6308
1158,nullité,0.6594,0.5454
1159,mons,0.6593,0.6556
1160,envoyez,0.6593,0.6326
1161,pte,0.6593,0.6705
1162,recueilli,0.6591,0.6235
1163,aides,0.6591,0.6373
1164,cadets,0.6591,0.5567
1165,occuper,0.6591,0.5599
1166,accord,0.6590,0.5981
1167,home,0.6590,0.6379
1168,nemours,0.6590,0.5967
1169,stile,0.6589,0.5324
1170,bout,0.6589,0.6351
1171,rement,0.6589,0.7311
1172,do,0.6589,0.5885
1173,tor,0.6587,0.6131
1174,positivement,0.6586,0.6667
1175,vera,0.6586,0.5999
1176,val,0.6586,0.6222
1177,role,0.6585,0.7090
1178,commc,0.6585,0.6938
1179,talents,0.6585,0.5698
1180,rem,0.6584,0.6976
1181,dresser,0.6584,0.5333
1182,sou,0.6583,0.7418
1183,breuvage,0.6583,0.6641
1184,çois,0.6583,0.6326
1185,mortel,0.6582,0.5434
1186,lons,0.6581,0.5873
1187,qu'enfin,0.6579,0.5618
1188,derechef,0.6579,0.7619
1189,paier,0.6578,0.5213
1190,raisonner,0.6577,0.7016
1191,tradition,0.6577,0.6019
1192,mées,0.6576,0.5774
1193,railler,0.6576,0.7359
1194,diffi,0.6575,0.6566
1195,tenans,0.6575,0.6182
1196,assurances,0.6574,0.6061
1197,fleurir,0.6572,0.6274
1198,ch,0.6572,0.6422
1199,mittere,0.6570,0.5237
1200,royauté,0.6570,0.6411
1201,projets,0.6569,0.5671
1202,humain,0.6568,0.5824
1203,plein,0.6568,0.7051
1204,clovis,0.6568,0.6222
1205,fe,0.6567,0.6126
1206,dessein,0.6566,0.6901
1207,prochain,0.6566,0.7547
1208,sujet,0.6564,0.6780
1209,septime,0.6563,0.4835
1210,ordinal,0.6563,0.6387
1211,pelle,0.6562,0.5701
1212,nois,0.6561,0.6692
1213,incompatible,0.6560,0.5591
1214,gner,0.6559,0.6332
1215,continuelle,0.6559,0.6003
1216,ori,0.6558,0.6032
1217,comm,0.6558,0.6562
1218,suiv,0.6558,0.6545
1219,dru,0.6558,0.6895
1220,liberte,0.6557,0.5786
1221,payable,0.6557,0.5397
1222,miers,0.6557,0.6690
1223,d'af,0.6557,0.7294
1224,tier,0.6556,0.6185
1225,ci,0.6556,0.6659
1226,paf,0.6555,0.7255
1227,coutre,0.6555,0.6895
1228,far,0.6555,0.6694
1229,totale,0.6554,0.6646
1230,lumières,0.6553,0.5472
1231,s'informer,0.6553,0.6699
1232,taine,0.6552,0.6925
1233,l'h,0.6552,0.6296
1234,confi,0.6552,0.6522
1235,baux,0.6551,0.5656
1236,excepte,0.6550,0.6594
1237,dote,0.6550,0.6534
1238,refuite,0.6550,0.6655
1239,assemblé,0.6549,0.6421
1240,tée,0.6549,0.6399
1241,gie,0.6548,0.6616
1242,pag,0.6547,0.6906
1243,hai,0.6547,0.6727
1244,trou,0.6546,0.6317
1245,espoir,0.6546,0.4872
1246,reduits,0.6545,0.5651
1247,qu'ailleurs,0.6545,0.6440
1248,chaire,0.6545,0.6130
1249,ingrate,0.6544,0.5764
1250,solution,0.6544,0.6654
1251,dd,0.6544,0.6348
1252,dissertation,0.6544,0.6692
1253,del,0.6543,0.6502
1254,réponde,0.6543,0.6589
1255,filon,0.6541,0.6766
1256,defaut,0.6541,0.5946
1257,peine,0.6541,0.6518
1258,découverte,0.6540,0.6070
1259,lavoir,0.6540,0.7428
1260,dement,0.6540,0.6215
1261,finalement,0.6540,0.8108
1262,continu,0.6539,0.6733
1263,continence,0.6539,0.6832
1264,retranché,0.6538,0.6383
1265,hommage,0.6538,0.6128
1266,ties,0.6538,0.6490
1267,rele,0.6538,0.7026
1268,ca,0.6537,0.6498
1269,rité,0.6537,0.6784
1270,pareillement,0.6536,0.7047
1271,l'avantage,0.6536,0.6696
1272,sm,0.6535,0.5162
1273,pat,0.6535,0.7005
1274,fâcheuse,0.6534,0.6452
1275,lour,0.6534,0.7225
1276,d'étonnement,0.6534,0.6373
1277,antiques,0.6534,0.5485
1278,christianisme,0.6533,0.6837
1279,sûrs,0.6533,0.6522
1280,truite,0.6532,0.6837
1281,contrit,0.6531,0.6926
1282,pae,0.6529,0.6140
1283,excès,0.6527,0.5980
1284,soigneusement,0.6527,0.5806
1285,filant,0.6526,0.6218
1286,souve,0.6526,0.6857
1287,devers,0.6526,0.5617
1288,regler,0.6525,0.6747
1289,lâcher,0.6523,0.6586
1290,repose,0.6523,0.6093
1291,combien,0.6523,0.6596
1292,s'assembler,0.6523,0.6380
1293,qu'environ,0.6522,0.6260
1294,carnage,0.6522,0.6126
1295,este,0.6521,0.5935
1296,l'o,0.6521,0.6791
1297,rete,0.6521,0.7298
1298,régent,0.6521,0.6780
1299,hall,0.6519,0.5199
1300,pouvoirs,0.6519,0.6362
1301,vinaire,0.6519,0.6019
1302,remplir,0.6518,0.6096
1303,sement,0.6517,0.6121
1304,ecole,0.6515,0.5986
1305,mule,0.6515,0.6396
1306,supposé,0.6515,0.6049
1307,five,0.6514,0.5599
1308,sub,0.6514,0.6298
1309,compassion,0.6513,0.6418
1310,authentique,0.6513,0.5872
1311,entiere,0.6512,0.6345
1312,london,0.6512,0.4575
1313,proverbe,0.6512,0.7429
1314,supplians,0.6511,0.4885
1315,quarts,0.6510,0.6140
1316,desordres,0.6510,0.4576
1317,interruption,0.6509,0.5816
1318,fignes,0.6509,0.6577
1319,marins,0.6508,0.5620
1320,mourant,0.6508,0.6900
1321,ks,0.6506,0.5789
1322,sangla,0.6506,0.6278
1323,filer,0.6506,0.6082
1324,fible,0.6506,0.5839
1325,incon,0.6506,0.6555
1326,table,0.6505,0.6964
1327,mainte,0.6505,0.7248
1328,tiares,0.6505,0.5461
1329,criminelle,0.6504,0.6196
1330,ticle,0.6504,0.6076
1331,fice,0.6504,0.6547
1332,iss,0.6504,0.5974
1333,levées,0.6504,0.5974
1334,mant,0.6504,0.6827
1335,varier,0.6503,0.6469
1336,voire,0.6503,0.7110
1337,aille,0.6503,0.5861
1338,louvois,0.6503,0.5804
1339,jointes,0.6502,0.6065
1340,com,0.6502,0.6395
1341,mort,0.6502,0.5628
1342,haut,0.6502,0.6559
1343,quise,0.6502,0.6016
1344,pal,0.6500,0.6903
1345,continuant,0.6500,0.6773
1346,causc,0.6500,0.6288
1347,terroir,0.6499,0.6128
1348,har,0.6498,0.6704
1349,quar,0.6497,0.5987
1350,pli,0.6497,0.6301
1351,universel,0.6497,0.7351
1352,reau,0.6496,0.6467
1353,chauffée,0.6495,0.5804
1354,caule,0.6495,0.6239
1355,mesurer,0.6495,0.6658
1356,qus,0.6494,0.5756
1357,rans,0.6494,0.6835
1358,pensée,0.6494,0.5446
1359,contents,0.6494,0.5263
1360,condom,0.6492,0.5914
1361,pon,0.6490,0.6867
1362,pes,0.6490,0.6379
1363,soli,0.6490,0.6200
1364,l'aumône,0.6490,0.7046
1365,atteint,0.6489,0.6148
1366,fore,0.6489,0.5635
1367,gra,0.6489,0.5763
1368,l'attaque,0.6489,0.6419
1369,disposé,0.6489,0.6920
1370,gale,0.6488,0.6316
1371,cam,0.6486,0.6232
1372,vée,0.6486,0.6411
1373,abon,0.6486,0.5791
1374,l'abondance,0.6485,0.6463
1375,misérables,0.6485,0.5821
1376,banni,0.6484,0.6216
1377,nement,0.6483,0.6774
1378,nus,0.6483,0.6545
1379,dor,0.6481,0.6080
1380,iceux,0.6480,0.3855
1381,gres,0.6480,0.6299
1382,nion,0.6480,0.6127
1383,tale,0.6480,0.5777
1384,prêcher,0.6479,0.5886
1385,ibit,0.6478,0.6195
1386,l'enceinte,0.6478,0.6522
1387,forn,0.6477,0.6942
1388,peuple,0.6475,0.6370
1389,avan,0.6475,0.5938
1390,elie,0.6474,0.6075
1391,contraire,0.6474,0.7188
1392,dupuis,0.6472,0.6536
1393,esti,0.6472,0.6556
1394,précedent,0.6470,0.5507
1395,sedan,0.6469,0.5940
1396,mante,0.6468,0.6716
1397,experts,0.6468,0.7033
1398,tabac,0.6467,0.5941
1399,martyr,0.6466,0.5768
1400,d'accord,0.6465,0.6319
1401,tures,0.6463,0.5615
1402,releve,0.6462,0.5770
1403,lor,0.6462,0.6199
1404,relever,0.6462,0.6102
1405,lem,0.6460,0.5817
1406,delivrer,0.6460,0.5938
1407,tou,0.6459,0.6150
1408,poursuivant,0.6458,0.6820
1409,suppliant,0.6458,0.6261
1410,rechercher,0.6458,0.6444
1411,jeûne,0.6456,0.6724
1412,habité,0.6456,0.6811
1413,avants,0.6456,0.6348
1414,employez,0.6456,0.6010
1415,rant,0.6453,0.6428
1416,pri,0.6453,0.5970
1417,chers,0.6452,0.6097
1418,vident,0.6451,0.6274
1419,parceque,0.6450,0.6192
1420,fy,0.6449,0.7150
1421,lè,0.6447,0.7511
1422,demandeur,0.6446,0.6175
1423,neu,0.6446,0.6417
1424,l'impossibilité,0.6446,0.6967
1425,bou,0.6445,0.6331
1426,soulagement,0.6444,0.6446
1427,douteux,0.6444,0.7114
1428,remarquable,0.6443,0.6558
1429,rentre,0.6443,0.7382
1430,nes,0.6443,0.5911
1431,bler,0.6441,0.6679
1432,distinction,0.6441,0.6136
1433,venans,0.6440,0.5761
1434,avertissement,0.6440,0.5751
1435,gnes,0.6440,0.6239
1436,d'obtenir,0.6440,0.5880
1437,cueillir,0.6440,0.5976
1438,vuider,0.6440,0.5765
1439,ters,0.6437,0.6361
1440,réussir,0.6437,0.5803
1441,commettre,0.6436,0.6110
1442,ord,0.6436,0.5706
1443,seulement,0.6436,0.6403
1444,chaux,0.6435,0.5843
1445,descente,0.6435,0.6816
1446,l'ardeur,0.6434,0.5939
1447,couver,0.6434,0.6046
1448,onne,0.6433,0.6547
1449,sterling,0.6432,0.6240
1450,ali,0.6431,0.6397
1451,glife,0.6430,0.6520
1452,l'ombre,0.6429,0.6213
1453,hist,0.6428,0.6818
1454,communion,0.6428,0.5913
1455,provient,0.6428,0.5766
1456,mortelles,0.6427,0.5946
1457,hardi,0.6426,0.5725
1458,rour,0.6425,0.6899
1459,id,0.6425,0.6306
1460,produites,0.6424,0.6328
1461,comn,0.6424,0.6332
1462,accoutumé,0.6422,0.6105
1463,can,0.6422,0.5575
1464,journées,0.6422,0.5894
1465,condition,0.6420,0.6103
1466,chaîne,0.6420,0.5914
1467,nage,0.6420,0.6372
1468,rer,0.6419,0.5784
1469,traité,0.6419,0.6629
1470,purgatoire,0.6418,0.6393
1471,saci,0.6417,0.6568
1472,pére,0.6417,0.4868
1473,vire,0.6417,0.6500
1474,fui,0.6416,0.6786
1475,ik,0.6415,0.6138
1476,ample,0.6415,0.5569
1477,mire,0.6414,0.6460
1478,consommer,0.6414,0.6553
1479,pol,0.6414,0.5773
1480,inconveniens,0.6414,0.5003
1481,plui,0.6413,0.7267
1482,sure,0.6411,0.5769
1483,prisons,0.6411,0.6571
1484,malte,0.6411,0.7099
1485,plai,0.6410,0.6263
1486,nne,0.6410,0.5791
1487,tomme,0.6409,0.7127
1488,vec,0.6409,0.6205
1489,nan,0.6408,0.7094
1490,valere,0.6408,0.5366
1491,peller,0.6408,0.6112
1492,augures,0.6407,0.6316
1493,tournée,0.6407,0.5308
1494,rétablit,0.6406,0.6238
1495,dition,0.6406,0.6860
1496,cercles,0.6405,0.5326
1497,vau,0.6405,0.6590
1498,via,0.6405,0.4874
1499,partage,0.6404,0.6283
1500,extrait,0.6404,0.5264
1501,lisez,0.6403,0.6500
1502,nies,0.6403,0.6718
1503,posent,0.6402,0.6002
1504,piller,0.6401,0.6608
1505,fidelité,0.6401,0.5309
1506,fez,0.6401,0.6861
1507,agir,0.6401,0.6069
1508,bri,0.6400,0.6070
1509,commencement,0.6398,0.6084
1510,formoit,0.6397,0.6103
1511,dar,0.6396,0.6125
1512,simplement,0.6396,0.6166
1513,çà,0.6396,0.5535
1514,tracer,0.6395,0.6367
1515,preuve,0.6395,0.5855
1516,requis,0.6395,0.6006
1517,trai,0.6393,0.6442
1518,croyons,0.6391,0.5252
1519,promptement,0.6389,0.5917
1520,chretien,0.6389,0.6355
1521,pret,0.6388,0.7718
1522,contrai,0.6388,0.6702
1523,traiter,0.6387,0.6029
1524,d'années,0.6387,0.5965
1525,mouvoir,0.6386,0.6102
1526,envoye,0.6385,0.6046
1527,souffre,0.6385,0.5972
1528,doc,0.6385,0.5986
1529,velle,0.6385,0.6848
1530,ià,0.6385,0.6610
1531,inscriptions,0.6382,0.5398
1532,fide,0.6382,0.5367
1533,remplacer,0.6381,0.6884
1534,masse,0.6380,0.5534
1535,détour,0.6379,0.6197
1536,tendus,0.6379,0.5788
1537,oubli,0.6378,0.6024
1538,gues,0.6378,0.5719
1539,gue,0.6377,0.6585
1540,att,0.6376,0.5987
1541,récompenses,0.6376,0.6454
1542,ive,0.6375,0.6375
1543,men,0.6374,0.6383
1544,char,0.6374,0.6102
1545,constant,0.6373,0.5641
1546,xe,0.6373,0.6711
1547,pet,0.6373,0.5856
1548,c'é,0.6372,0.6464
1549,présent,0.6372,0.5002
1550,ten,0.6371,0.6034
1551,tranchée,0.6371,0.6276
1552,féconde,0.6370,0.5402
1553,accompli,0.6369,0.6158
1554,mem,0.6369,0.6497
1555,publique,0.6369,0.5603
1556,qu'u,0.6367,0.5779
1557,baille,0.6367,0.5960
1558,distincte,0.6367,0.6056
1559,contenterai,0.6367,0.5787
1560,comr,0.6366,0.6634
1561,separe,0.6365,0.5982
1562,mouvant,0.6365,0.5798
1563,paraît,0.6364,0.5426
1564,moitié,0.6363,0.6573
1565,ron,0.6363,0.6410
1566,mé,0.6363,0.6916
1567,martial,0.6362,0.5303
1568,quils,0.6361,0.6528
1569,jou,0.6360,0.5812
1570,for,0.6360,0.6299
1571,ches,0.6360,0.5943
1572,pagine,0.6360,0.6218
1573,gâter,0.6360,0.6579
1574,pouf,0.6359,0.7260
1575,ju,0.6359,0.6317
1576,d'ordre,0.6358,0.6288
1577,entierement,0.6358,0.5608
1578,d'hercule,0.6357,0.6000
1579,forts,0.6357,0.6164
1580,surle,0.6357,0.5696
1581,plaisance,0.6357,0.6109
1582,defi,0.6356,0.6534
1583,minime,0.6355,0.5412
1584,ferver,0.6355,0.6346
1585,consolation,0.6354,0.5941
1586,diver,0.6354,0.6095
1587,refe,0.6353,0.6133
1588,fameuse,0.6352,0.6024
1589,reur,0.6352,0.7132
1590,témoignages,0.6352,0.5690
1591,dien,0.6352,0.6270
1592,démon,0.6352,0.6490
1593,dig,0.6350,0.5315
1594,sacri,0.6350,0.6297
1595,tenant,0.6350,0.5583
1596,propres,0.6350,0.6865
1597,entier,0.6348,0.7235
1598,ente,0.6348,0.6336
1599,niere,0.6347,0.7302
1600,mul,0.6347,0.5937
1601,couronnée,0.6346,0.6214
1602,gallus,0.6345,0.5147
1603,préfet,0.6345,0.6364
1604,pane,0.6345,0.6489
1605,inon,0.6344,0.7006
1606,trompette,0.6343,0.6203
1607,briser,0.6343,0.6050
1608,armer,0.6342,0.6360
1609,d'entrée,0.6342,0.6002
1610,arri,0.6341,0.6472
1611,souhait,0.6341,0.6473
1612,d'aix,0.6341,0.6656
1613,incontinent,0.6341,0.4992
1614,dp,0.6341,0.6306
1615,ordonnez,0.6341,0.5118
1616,primer,0.6340,0.6430
1617,rés,0.6339,0.6500
1618,fiant,0.6339,0.5760
1619,lée,0.6338,0.5918
1620,communication,0.6337,0.6572
1621,rôle,0.6337,0.5913
1622,attraper,0.6337,0.6441
1623,rame,0.6336,0.6116
1624,siu,0.6336,0.6484
1625,dangers,0.6336,0.5421
1626,cherchez,0.6335,0.4979
1627,accom,0.6335,0.6816
1628,poete,0.6335,0.6102
1629,see,0.6335,0.4619
1630,précieuse,0.6334,0.5960
1631,valable,0.6333,0.6357
1632,nu,0.6332,0.6329
1633,ors,0.6330,0.6093
1634,financier,0.6329,0.5928
1635,live,0.6329,0.6311
1636,verser,0.6328,0.5542
1637,amples,0.6328,0.5435
1638,dirc,0.6328,0.6413
1639,peplus,0.6327,0.6807
1640,couronnes,0.6327,0.5618
1641,cos,0.6326,0.6049
1642,xil,0.6326,0.6772
1643,divins,0.6326,0.6604
1644,velles,0.6326,0.6756
1645,quai,0.6326,0.5398
1646,n'appartient,0.6325,0.5895
1647,fure,0.6325,0.5884
1648,fréquentes,0.6324,0.6193
1649,ala,0.6323,0.6419
1650,vi,0.6322,0.6394
1651,meures,0.6321,0.5614
1652,caille,0.6321,0.6163
1653,plier,0.6321,0.7012
1654,puissamment,0.6320,0.6704
1655,dépouillé,0.6319,0.6349
1656,fois,0.6319,0.6489
1657,perfon,0.6319,0.5764
1658,prologue,0.6319,0.5763
1659,pafle,0.6318,0.6571
1660,det,0.6317,0.5697
1661,amasser,0.6317,0.6176
1662,change,0.6315,0.5833
1663,commises,0.6315,0.5906
1664,ble,0.6315,0.6434
1665,honorables,0.6314,0.6262
1666,permission,0.6314,0.4909
1667,déterminé,0.6313,0.5787
1668,rompus,0.6313,0.5170
1669,d'état,0.6312,0.5954
1670,offi,0.6311,0.5557
1671,ed,0.6311,0.6385
1672,retablir,0.6310,0.6431
1673,regretter,0.6310,0.6657
1674,quoi,0.6310,0.5694
1675,trilles,0.6309,0.6333
1676,puisqu'on,0.6309,0.6881
1677,magis,0.6308,0.5152
1678,raccommoder,0.6308,0.5741
1679,l'agneau,0.6308,0.5775
1680,mystere,0.6307,0.5118
1681,reculer,0.6307,0.6205
1682,lf,0.6306,0.5881
1683,poursuit,0.6306,0.5659
1684,confit,0.6305,0.5781
1685,xi,0.6303,0.6446
1686,determine,0.6303,0.5675
1687,virginie,0.6302,0.6223
1688,legs,0.6301,0.5766
1689,pierre,0.6300,0.6769
1690,present,0.6299,0.5372
1691,dres,0.6299,0.6246
1692,veri,0.6298,0.5620
1693,karats,0.6297,0.6515
1694,dépens,0.6297,0.5182
1695,troublé,0.6297,0.6293
1696,prospérité,0.6297,0.5906
1697,cune,0.6297,0.6863
1698,moindre,0.6295,0.6402
1699,gravité,0.6294,0.6745
1700,folle,0.6294,0.6132
1701,noblement,0.6294,0.6365
1702,yant,0.6294,0.6694
1703,oter,0.6294,0.5868
1704,éleva,0.6293,0.5908
1705,croyable,0.6293,0.6464
1706,françoise,0.6293,0.5054
1707,conmme,0.6293,0.6020
1708,college,0.6293,0.6424
1709,joignez,0.6291,0.6519
1710,vide,0.6291,0.5929
1711,ouverture,0.6290,0.5765
1712,l'infante,0.6290,0.5947
1713,d'assez,0.6289,0.6889
1714,l'étude,0.6288,0.6383
1715,notre,0.6287,0.4572
1716,infaillibles,0.6285,0.5821
1717,pomme,0.6285,0.5506
1718,préferer,0.6285,0.6031
1719,diligences,0.6285,0.4880
1720,qu'en,0.6285,0.6934
1721,commodes,0.6285,0.5365
1722,feurs,0.6284,0.6138
1723,contre,0.6284,0.6659
1724,quarte,0.6282,0.6434
1725,traites,0.6281,0.6488
1726,l'utilité,0.6281,0.5017
1727,nov,0.6280,0.5890
1728,lord,0.6280,0.5477
1729,l'espece,0.6280,0.5746
1730,sage,0.6280,0.5738
1731,triture,0.6279,0.6286
1732,provint,0.6279,0.5795
1733,dispo,0.6278,0.6624
1734,l'es,0.6278,0.6951
1735,apprens,0.6278,0.6606
1736,confié,0.6278,0.5462
1737,galeres,0.6278,0.6396
1738,l'impatience,0.6278,0.6315
1739,l'éternité,0.6277,0.5989
1740,qn,0.6277,0.6133
1741,eri,0.6276,0.6297
1742,fuc,0.6275,0.6449
1743,supposons,0.6274,0.6080
1744,climat,0.6273,0.5466
1745,fiance,0.6273,0.6021
1746,l'en,0.6273,0.6487
1747,louable,0.6272,0.6411
1748,morceaux,0.6271,0.5322
1749,l'emporte,0.6271,0.5567
1750,solidairement,0.6271,0.6401
1751,turion,0.6271,0.6122
1752,particulier,0.6270,0.7000
1753,matieres,0.6269,0.5513
1754,sonne,0.6269,0.6364
1755,moire,0.6269,0.6247
1756,majeur,0.6269,0.5845
1757,coûta,0.6265,0.6343
1758,passées,0.6264,0.5894
1759,faim,0.6264,0.6428
1760,pollion,0.6264,0.6894
1761,execution,0.6263,0.5788
1762,clameur,0.6263,0.2991
1763,c'ei,0.6262,0.6196
1764,sincere,0.6262,0.5499
1765,inonde,0.6261,0.6535
1766,oà,0.6259,0.6678
1767,posterité,0.6259,0.5512
1768,traire,0.6259,0.6666
1769,patris,0.6257,0.4803
1770,cautions,0.6257,0.5264
1771,philo,0.6256,0.6327
1772,commi,0.6255,0.5594
1773,secrete,0.6255,0.5898
1774,l'avarice,0.6254,0.5712
1775,foret,0.6254,0.5612
1776,occupations,0.6254,0.5268
1777,mir,0.6254,0.5801
1778,qu'o,0.6253,0.6446
1779,defrance,0.6252,0.6196
1780,dom,0.6252,0.6003
1781,poe,0.6250,0.5674
1782,dette,0.6249,0.5308
1783,lere,0.6249,0.6614
1784,cé,0.6249,0.6747
1785,eternel,0.6249,0.5991
1786,examen,0.6248,0.5276
1787,fem,0.6248,0.6122
1788,achevez,0.6247,0.6160
1789,chapelain,0.6246,0.6427
1790,tite,0.6246,0.6874
1791,laboureur,0.6245,0.5739
1792,indifférente,0.6244,0.7054
1793,religieux,0.6243,0.5390
1794,offre,0.6243,0.6645
1795,aug,0.6243,0.6463
1796,marcel,0.6243,0.5873
1797,l'emporta,0.6242,0.6717
1798,exemplaires,0.6242,0.5406
1799,orner,0.6242,0.5978
1800,cle,0.6242,0.6608
1801,volage,0.6241,0.5853
1802,lv,0.6241,0.5687
1803,ere,0.6240,0.5946
1804,qai,0.6240,0.6331
1805,focieté,0.6240,0.5852
1806,empêchement,0.6239,0.6131
1807,nui,0.6239,0.6351
1808,conquête,0.6239,0.5674
1809,infinie,0.6238,0.5191
1810,assurent,0.6237,0.5199
1811,diacre,0.6237,0.5494
1812,éga,0.6237,0.6246
1813,lx,0.6236,0.6212
1814,faires,0.6235,0.5802
1815,l'épée,0.6235,0.6406
1816,quela,0.6235,0.6159
1817,satisfaire,0.6232,0.5791
1818,tain,0.6232,0.6637
1819,levent,0.6232,0.4976
1820,vertu,0.6231,0.6097
1821,sance,0.6231,0.6496
1822,dépendent,0.6231,0.5719
1823,complaisance,0.6231,0.5882
1824,nais,0.6230,0.7113
1825,subtil,0.6230,0.5694
1826,omettre,0.6230,0.6345
1827,fables,0.6230,0.5415
1828,griffe,0.6229,0.6754
1829,sacré,0.6229,0.6156
1830,passons,0.6229,0.5902
1831,triple,0.6228,0.5902
1832,jé,0.6227,0.5919
1833,l'expression,0.6227,0.6146
1834,changer,0.6227,0.6364
1835,malis,0.6227,0.4086
1836,objets,0.6227,0.4977
1837,d'ap,0.6227,0.6306
1838,exi,0.6226,0.6355
1839,conful,0.6225,0.4046
1840,troc,0.6224,0.5958
1841,principaux,0.6224,0.6076
1842,d'armée,0.6224,0.6117
1843,pals,0.6224,0.6521
1844,civile,0.6224,0.5551
1845,py,0.6223,0.6273
1846,pire,0.6223,0.6331
1847,gué,0.6223,0.7250
1848,imais,0.6222,0.7104
1849,zemble,0.6222,0.6276
1850,rom,0.6222,0.5849
1851,mas,0.6222,0.6085
1852,traître,0.6221,0.4735
1853,acte,0.6221,0.5530
1854,ridicule,0.6218,0.6432
1855,esclaves,0.6218,0.5995
1856,criminelles,0.6216,0.5405
1857,commu,0.6215,0.6249
1858,tique,0.6215,0.6744
1859,fermentation,0.6215,0.5383
1860,contestation,0.6214,0.6130
1861,bli,0.6214,0.6730
1862,malade,0.6214,0.5848
1863,agrément,0.6214,0.4961
1864,qu'aujourd'hui,0.6213,0.6670
1865,person,0.6213,0.6453
1866,vrage,0.6213,0.6008
1867,troi,0.6212,0.5586
1868,dins,0.6212,0.6083
1869,chap,0.6212,0.5908
1870,publi,0.6211,0.6280
1871,téméraire,0.6210,0.6039
1872,ome,0.6210,0.5944
1873,habiles,0.6210,0.5732
1874,taillée,0.6209,0.5969
1875,l'enfant,0.6208,0.6345
1876,querir,0.6208,0.6383
1877,cane,0.6208,0.6097
1878,laville,0.6207,0.5337
1879,aide,0.6207,0.5453
1880,l'étonnement,0.6206,0.6844
1881,rangs,0.6206,0.5805
1882,graver,0.6205,0.6449
1883,ours,0.6205,0.5869
1884,santé,0.6205,0.5495
1885,outré,0.6205,0.5839
1886,ingrat,0.6204,0.5645
1887,distribution,0.6204,0.5723
1888,d'autre,0.6204,0.6441
1889,toit,0.6203,0.5919
1890,mani,0.6203,0.6758
1891,dignités,0.6203,0.5713
1892,l'étranger,0.6202,0.7565
1893,fonr,0.6201,0.4947
1894,vii,0.6200,0.6704
1895,exposant,0.6200,0.4772
1896,bac,0.6200,0.6203
1897,vigoureux,0.6200,0.5455
1898,merce,0.6199,0.5626
1899,expression,0.6199,0.5689
1900,jules,0.6199,0.5360
1901,tome,0.6198,0.5928
1902,habitant,0.6198,0.6375
1903,apperçu,0.6197,0.4103
1904,chacun,0.6197,0.6273
1905,honteusement,0.6197,0.5992
1906,nouveaux,0.6196,0.6812
1907,affranchis,0.6196,0.5159
1908,conm,0.6196,0.6228
1909,d'ici,0.6196,0.6671
1910,venter,0.6195,0.6415
1911,soupir,0.6194,0.6338
1912,cor,0.6193,0.6471
1913,attribué,0.6192,0.5928
1914,précede,0.6192,0.5550
1915,celi,0.6192,0.6516
1916,l'oiseau,0.6191,0.6361
1917,l'opinion,0.6191,0.5822
1918,d'o,0.6191,0.6116
1919,paroi,0.6191,0.6824
1920,dimi,0.6191,0.6382
1921,devenu,0.6191,0.5995
1922,ponr,0.6190,0.6861
1923,pore,0.6190,0.6004
1924,necessairement,0.6190,0.5842
1925,d'entreprendre,0.6190,0.6710
1926,néglige,0.6189,0.6202
1927,l'attente,0.6189,0.5794
1928,legrand,0.6188,0.6882
1929,drc,0.6188,0.6104
1930,l'ornement,0.6187,0.6673
1931,icelle,0.6187,0.4715
1932,l'horreur,0.6186,0.5904
1933,hy,0.6186,0.6673
1934,gravées,0.6185,0.5913
1935,défaut,0.6185,0.5415
1936,dez,0.6185,0.6309
1937,mor,0.6185,0.6199
1938,veni,0.6185,0.6216
1939,s'assurer,0.6184,0.5786
1940,présage,0.6183,0.6033
1941,pénétrer,0.6183,0.5527
1942,lance,0.6181,0.5951
1943,at,0.6181,0.5962
1944,sr,0.6180,0.5196
1945,lais,0.6180,0.6812
1946,troit,0.6179,0.6419
1947,tié,0.6178,0.6158
1948,prudent,0.6178,0.5063
1949,plut,0.6178,0.5916
1950,tus,0.6178,0.5681
1951,tableau,0.6177,0.5180
1952,extra,0.6177,0.5655
1953,voitures,0.6177,0.5755
1954,cefar,0.6176,0.5579
1955,exactitude,0.6175,0.4854
1956,courons,0.6174,0.5825
1957,fabrique,0.6174,0.5928
1958,mats,0.6173,0.6472
1959,profonde,0.6173,0.5556
1960,rou,0.6172,0.5974
1961,revenons,0.6172,0.6740
1962,sion,0.6171,0.6483
1963,cesser,0.6171,0.5990
1964,eta,0.6171,0.6000
1965,changemens,0.6170,0.5306
1966,qu'cn,0.6170,0.6488
1967,paume,0.6170,0.5953
1968,seine,0.6170,0.5061
1969,ino,0.6169,0.5515
1970,multis,0.6168,0.3877
1971,d'air,0.6168,0.6404
1972,décidé,0.6167,0.5912
1973,dore,0.6166,0.6919
1974,hier,0.6165,0.6035
1975,xc,0.6165,0.6083
1976,vent,0.6163,0.6895
1977,fins,0.6163,0.6779
1978,préter,0.6162,0.6220
1979,excellente,0.6162,0.5460
1980,côté,0.6162,0.6281
1981,publiques,0.6162,0.6099
1982,tiens,0.6160,0.5658
1983,mrs,0.6159,0.5118
1984,saluer,0.6159,0.6072
1985,troubles,0.6159,0.5287
1986,d'ambition,0.6158,0.5584
1987,maurice,0.6157,0.5769
1988,éloignées,0.6155,0.5917
1989,cha,0.6154,0.6660
1990,l'ouvrage,0.6152,0.7151
1991,iris,0.6152,0.5641
1992,auii,0.6151,0.6915
1993,délivré,0.6151,0.5603
1994,considération,0.6150,0.4059
1995,sérieux,0.6150,0.5650
1996,unifie,0.6149,0.6841
1997,convenu,0.6148,0.6004
1998,rir,0.6148,0.5842
1999,commande,0.6148,0.6539
2000,manquer,0.6148,0.5657
2001,certes,0.6147,0.6285
2002,offensé,0.6147,0.5887
2003,act,0.6147,0.5852
2004,sep,0.6147,0.5422
2005,posture,0.6147,0.6536
2006,citoyen,0.6147,0.6276
2007,cire,0.6146,0.5514
2008,proche,0.6146,0.5528
2009,plie,0.6146,0.5730
2010,réduit,0.6146,0.5658
2011,raport,0.6145,0.4895
2012,lens,0.6144,0.7077
2013,l'au,0.6144,0.5188
2014,ouvra,0.6143,0.6119
2015,marchent,0.6143,0.5704
2016,cul,0.6143,0.6620
2017,cles,0.6142,0.6309
2018,jan,0.6141,0.5609
2019,exercer,0.6141,0.5913
2020,fer,0.6141,0.5803
2021,bouillon,0.6141,0.4763
2022,fau,0.6140,0.5913
2023,défendent,0.6139,0.6321
2024,l'action,0.6139,0.6121
2025,recit,0.6137,0.6037
2026,nue,0.6137,0.5636
2027,tont,0.6136,0.5831
2028,ix,0.6135,0.6202
2029,lieurs,0.6135,0.5880
2030,tordre,0.6135,0.7149
2031,pens,0.6135,0.5703
2032,d'expérience,0.6134,0.6395
2033,amer,0.6134,0.5888
2034,entendez,0.6133,0.4915
2035,payen,0.6132,0.6968
2036,allier,0.6131,0.6251
2037,pafe,0.6131,0.5773
2038,lare,0.6131,0.6524
2039,innocente,0.6131,0.5505
2040,traitans,0.6130,0.5695
2041,opposa,0.6128,0.6136
2042,l'imitation,0.6128,0.5731
2043,aimables,0.6128,0.6065
2044,amoureux,0.6126,0.6312
2045,s'a,0.6125,0.6096
2046,deja,0.6125,0.5974
2047,inconnu,0.6125,0.6120
2048,admirablement,0.6124,0.5962
2049,d'an,0.6124,0.6127
2050,rochelle,0.6124,0.5250
2051,pié,0.6123,0.5291
2052,ani,0.6123,0.6189
2053,fendre,0.6123,0.5573
2054,rétabli,0.6123,0.5431
2055,tant,0.6123,0.6035
2056,bru,0.6123,0.6356
2057,camille,0.6122,0.6167
2058,aini,0.6122,0.6658
2059,l'autre,0.6122,0.6252
2060,gre,0.6122,0.6410
2061,journal,0.6122,0.6635
2062,impression,0.6122,0.5043
2063,précédent,0.6121,0.5392
2064,traitant,0.6121,0.6119
2065,perfectionner,0.6121,0.5958
2066,purger,0.6120,0.5892
2067,premièrement,0.6120,0.6307
2068,ko,0.6119,0.5994
2069,l'intelligence,0.6118,0.6463
2070,continent,0.6118,0.5785
2071,l'univers,0.6117,0.5931
2072,excellence,0.6117,0.6444
2073,tariere,0.6116,0.5797
2074,commandée,0.6116,0.6180
2075,gabelles,0.6115,0.5302
2076,l'oeil,0.6115,0.6020
2077,habiller,0.6114,0.6333
2078,généreux,0.6114,0.5318
2079,mouve,0.6112,0.6298
2080,tiques,0.6112,0.6168
2081,sucres,0.6112,0.5363
2082,puif,0.6112,0.5512
2083,aveuglement,0.6110,0.5595
2084,renommée,0.6109,0.6530
2085,fatigue,0.6108,0.6201
2086,coup,0.6108,0.6517
2087,voye,0.6107,0.5044
2088,révérence,0.6106,0.5495
2089,rempart,0.6106,0.5477
2090,peints,0.6106,0.5120
2091,nôtre,0.6105,0.4480
2092,hor,0.6105,0.6234
2093,cachet,0.6103,0.5355
2094,l'ame,0.6103,0.5874
2095,reçût,0.6102,0.5819
2096,atten,0.6102,0.6165
2097,valence,0.6102,0.4925
2098,sole,0.6102,0.5528
2099,s'appliquer,0.6102,0.5974
2100,consideré,0.6101,0.5543
2101,novi,0.6100,0.4562
2102,meurtrier,0.6099,0.5624
2103,l'af,0.6097,0.6464
2104,qne,0.6096,0.5991
2105,corneille,0.6096,0.5450
2106,barbier,0.6095,0.5502
2107,entreprend,0.6095,0.6643
2108,pêcher,0.6095,0.6229
2109,remontrer,0.6095,0.5290
2110,prevenir,0.6094,0.5916
2111,écarter,0.6094,0.5982
2112,d'éclat,0.6092,0.4977
2113,descend,0.6092,0.6150
2114,demeure,0.6092,0.6207
2115,milord,0.6091,0.5863
2116,commise,0.6091,0.5956
2117,net,0.6091,0.5737
2118,divi,0.6090,0.5951
2119,jon,0.6089,0.6014
2120,résolutions,0.6088,0.5083
2121,fig,0.6088,0.5651
2122,fuites,0.6087,0.6443
2123,pourvû,0.6087,0.3802
2124,quand,0.6086,0.6520
2125,çe,0.6086,0.6845
2126,trompé,0.6086,0.4748
2127,nme,0.6085,0.6329
2128,mathieu,0.6085,0.5037
2129,fet,0.6085,0.6056
2130,vraisemblance,0.6084,0.6498
2131,d'emprunter,0.6084,0.7031
2132,clans,0.6084,0.7053
2133,s'cn,0.6083,0.6222
2134,hem,0.6083,0.5353
2135,za,0.6083,0.5190
2136,liii,0.6082,0.6186
2137,refaire,0.6082,0.5433
2138,notable,0.6082,0.5329
2139,comparaison,0.6082,0.6005
2140,texte,0.6081,0.6487
2141,rennes,0.6080,0.6121
2142,ar,0.6078,0.6501
2143,prescrites,0.6078,0.5819
2144,regarder,0.6078,0.5343
2145,ouverts,0.6077,0.4962
2146,débit,0.6076,0.5924
2147,dorante,0.6076,0.4740
2148,ran,0.6075,0.6045
2149,ecf,0.6074,0.6187
2150,insensé,0.6074,0.6351
2151,doyen,0.6074,0.5727
2152,be,0.6073,0.5015
2153,fant,0.6073,0.6530
2154,franc,0.6073,0.6157
2155,contr,0.6073,0.5629
2156,souris,0.6073,0.5734
2157,conjecture,0.6072,0.5608
2158,composent,0.6072,0.6038
2159,ouis,0.6071,0.4424
2160,expriment,0.6071,0.6087
2161,dy,0.6069,0.6054
2162,opposans,0.6069,0.4793
2163,étend,0.6068,0.5726
2164,about,0.6067,0.4083
2165,ménie,0.6067,0.7001
2166,mie,0.6066,0.5962
2167,rion,0.6065,0.6748
2168,dol,0.6065,0.6166
2169,jui,0.6065,0.6532
2170,repete,0.6064,0.5327
2171,ela,0.6064,0.6459
2172,ligion,0.6064,0.6415
2173,memes,0.6063,0.5184
2174,cte,0.6061,0.5903
2175,fint,0.6061,0.4574
2176,qu'autrefois,0.6061,0.6446
2177,entretien,0.6060,0.5682
2178,l'heureux,0.6060,0.6397
2179,clairement,0.6060,0.5365
2180,perpétuel,0.6060,0.5819
2181,prétendre,0.6060,0.5343
2182,quille,0.6059,0.5880
2183,l'accepter,0.6059,0.6512
2184,metz,0.6059,0.4986
2185,indignation,0.6059,0.5558
2186,pare,0.6059,0.5784
2187,l'academie,0.6059,0.5322
2188,portées,0.6059,0.5604
2189,digestion,0.6058,0.6310
2190,ravage,0.6057,0.5568
2191,patient,0.6056,0.6541
2192,infideles,0.6055,0.6032
2193,come,0.6055,0.6559
2194,seville,0.6055,0.6107
2195,touchés,0.6054,0.4989
2196,qule,0.6054,0.5521
2197,l'étendue,0.6054,0.5587
2198,pente,0.6054,0.6322
2199,chancellerie,0.6053,0.5179
2200,tere,0.6053,0.6352
2201,mains,0.6053,0.5914
2202,chretiens,0.6052,0.5651
2203,reconnoissance,0.6052,0.5482
2204,mail,0.6052,0.6202
2205,distribué,0.6051,0.6197
2206,proprietaires,0.6051,0.5693
2207,redevable,0.6050,0.5824
2208,populaire,0.6050,0.5626
2209,aus,0.6050,0.6695
2210,sul,0.6050,0.6371
2211,liege,0.6049,0.5665
2212,d'athenes,0.6049,0.5520
2213,d'e,0.6049,0.5940
2214,viaire,0.6048,0.6318
2215,rififi,0.6048,0.6768
2216,bar,0.6047,0.5936
2217,l'orateur,0.6047,0.5969
2218,convenable,0.6047,0.5839
2219,présentes,0.6046,0.4818
2220,pour,0.6046,0.5698
2221,voyez,0.6045,0.6473
2222,assemblées,0.6044,0.5443
2223,lad,0.6044,0.5273
2224,juf,0.6044,0.5248
2225,up,0.6042,0.5325
2226,tromperie,0.6041,0.6151
2227,infidèle,0.6041,0.6265
2228,most,0.6040,0.5135
2229,prisonniers,0.6040,0.5959
2230,af,0.6040,0.6532
2231,qué,0.6038,0.6632
2232,abattu,0.6038,0.6158
2233,suite,0.6037,0.5598
2234,ordures,0.6037,0.6011
2235,toscane,0.6037,0.5986
2236,avee,0.6036,0.7570
2237,revolte,0.6036,0.5608
2238,frédéric,0.6036,0.6048
2239,lû,0.6036,0.3691
2240,cation,0.6035,0.5676
2241,tiers,0.6035,0.5351
2242,facilement,0.6035,0.6234
2243,inter,0.6035,0.5535
2244,rar,0.6034,0.5815
2245,fleuri,0.6034,0.5398
2246,rables,0.6034,0.5740
2247,consi,0.6033,0.5926
2248,genéral,0.6033,0.4786
2249,ora,0.6033,0.5274
2250,abonde,0.6033,0.5877
2251,vien,0.6033,0.6213
2252,fondement,0.6032,0.5514
2253,pardessus,0.6032,0.5822
2254,entiérement,0.6032,0.5836
2255,ilne,0.6031,0.5945
2256,classe,0.6031,0.5733
2257,ifr,0.6030,0.6355
2258,sto,0.6030,0.5886
2259,délicate,0.6030,0.5842
2260,dai,0.6029,0.5360
2261,examinant,0.6029,0.5663
2262,ferve,0.6028,0.5310
2263,jugées,0.6028,0.5537
2264,poussée,0.6028,0.5756
2265,l'officier,0.6027,0.6318
2266,expérience,0.6027,0.5018
2267,just,0.6026,0.5217
2268,échouer,0.6026,0.5520
2269,exposer,0.6024,0.5817
2270,ga,0.6024,0.6313
2271,anti,0.6024,0.6353
2272,proportionnée,0.6023,0.5288
2273,zs,0.6023,0.5023
2274,bles,0.6022,0.5730
2275,bu,0.6021,0.5390
2276,von,0.6021,0.6675
2277,ruiné,0.6020,0.6224
2278,roles,0.6020,0.6161
2279,croître,0.6019,0.6214
2280,seu,0.6018,0.5684
2281,mane,0.6017,0.5469
2282,mne,0.6016,0.5978
2283,mangeant,0.6015,0.6294
2284,attachées,0.6015,0.5114
2285,seule,0.6015,0.6726
2286,timon,0.6015,0.6871
2287,secretement,0.6014,0.6582
2288,l'et,0.6014,0.6623
2289,éclatantes,0.6013,0.5908
2290,légèrement,0.6012,0.5930
2291,abord,0.6011,0.5446
2292,mariages,0.6011,0.6003
2293,forger,0.6010,0.6085
2294,droites,0.6010,0.5321
2295,louanges,0.6009,0.5089
2296,bailly,0.6009,0.5223
2297,long,0.6009,0.6037
2298,hol,0.6007,0.5532
2299,opi,0.6006,0.6115
2300,lh,0.6004,0.5923
2301,eve,0.6004,0.6458
2302,logis,0.6004,0.5108
2303,quoy,0.6003,0.6061
2304,civiles,0.6002,0.5774
2305,d'avignon,0.6002,0.5579
2306,imprimé,0.6001,0.4905
2307,effets,0.6001,0.6371
2308,dars,0.6001,0.6800
2309,qae,0.6000,0.6254
2310,geneve,0.6000,0.6030
2311,mol,0.6000,0.6620
2312,disant,0.5999,0.6245
2313,cement,0.5998,0.6078
2314,proye,0.5998,0.4553
2315,tranquillement,0.5996,0.6290
2316,rime,0.5996,0.6198
2317,vrais,0.5996,0.5613
2318,monnoyés,0.5996,0.5335
2319,allusion,0.5995,0.6041
2320,avidité,0.5995,0.6023
2321,apparemment,0.5995,0.5641
2322,précipitation,0.5994,0.5739
2323,lies,0.5994,0.5446
2324,forces,0.5994,0.5726
2325,enflé,0.5993,0.6344
2326,rope,0.5993,0.5966
2327,profanes,0.5991,0.5994
2328,mufique,0.5991,0.5810
2329,dogme,0.5991,0.6541
2330,rap,0.5990,0.6114
2331,teau,0.5989,0.5292
2332,cclui,0.5987,0.5865
2333,nef,0.5987,0.5615
2334,lente,0.5986,0.5447
2335,vier,0.5986,0.5891
2336,dépouilles,0.5986,0.5605
2337,bulle,0.5986,0.5869
2338,l'aurore,0.5985,0.5676
2339,caché,0.5984,0.6264
2340,tend,0.5984,0.6140
2341,sensible,0.5984,0.5899
2342,jus,0.5984,0.5224
2343,sauvages,0.5983,0.6061
2344,dansée,0.5983,0.5985
2345,l'exécution,0.5983,0.5312
2346,sermon,0.5981,0.6754
2347,tâchez,0.5981,0.5684
2348,remue,0.5981,0.5636
2349,bos,0.5981,0.5757
2350,l'éviter,0.5980,0.6403
2351,general,0.5980,0.5056
2352,lou,0.5978,0.6014
2353,filr,0.5977,0.5903
2354,vince,0.5977,0.6153
2355,dani,0.5976,0.6051
2356,arbitres,0.5976,0.5820
2357,parentes,0.5976,0.7090
2358,maigre,0.5976,0.5280
2359,l'estimation,0.5975,0.6463
2360,rompit,0.5975,0.5910
2361,marne,0.5975,0.5305
2362,spécialement,0.5975,0.6233
2363,bontés,0.5974,0.4934
2364,coups,0.5973,0.5895
2365,augmenta,0.5973,0.6240
2366,imaginables,0.5973,0.5596
2367,resolu,0.5973,0.4556
2368,défendue,0.5973,0.6376
2369,dance,0.5972,0.6349
2370,quelconques,0.5971,0.4993
2371,auili,0.5970,0.5455
2372,participation,0.5970,0.5637
2373,s'élever,0.5970,0.6224
2374,sy,0.5970,0.7077
2375,iere,0.5970,0.5773
2376,seigneurie,0.5970,0.5186
2377,tein,0.5970,0.5618
2378,flor,0.5970,0.5426
2379,lar,0.5969,0.6523
2380,principale,0.5969,0.6173
2381,couvertes,0.5969,0.5278
2382,prose,0.5968,0.6043
2383,mobile,0.5968,0.6295
2384,loit,0.5968,0.6205
2385,convenance,0.5967,0.5110
2386,doubles,0.5967,0.5119
2387,dice,0.5967,0.6223
2388,perte,0.5967,0.5731
2389,tez,0.5967,0.5541
2390,d'attaquer,0.5966,0.6086
2391,ven,0.5966,0.6293
2392,scu,0.5966,0.6112
2393,ancien,0.5966,0.6665
2394,ignorans,0.5965,0.6646
2395,craint,0.5965,0.5526
2396,simples,0.5964,0.5657
2397,achever,0.5964,0.6001
2398,favorite,0.5964,0.5811
2399,lea,0.5963,0.5882
2400,palier,0.5962,0.5095
2401,tit,0.5962,0.6789
2402,impatient,0.5961,0.6075
2403,rée,0.5961,0.6566
2404,pesant,0.5961,0.5409
2405,tude,0.5961,0.6294
2406,ique,0.5959,0.5864
2407,sçavoir,0.5959,0.4404
2408,nuage,0.5959,0.5293
2409,verte,0.5958,0.5216
2410,scn,0.5958,0.6548
2411,cherté,0.5957,0.5618
2412,james,0.5957,0.5667
2413,aufll,0.5957,0.6679
2414,youtre,0.5956,0.6962
2415,étude,0.5956,0.5924
2416,taxé,0.5955,0.5685
2417,suivent,0.5955,0.5890
2418,berry,0.5955,0.6079
2419,turenne,0.5955,0.5479
2420,parles,0.5955,0.5588
2421,icelui,0.5954,0.4204
2422,roux,0.5954,0.6489
2423,auguste,0.5954,0.5522
2424,foa,0.5953,0.6116
2425,lorique,0.5952,0.7022
2426,prétextes,0.5952,0.5695
2427,qu'clle,0.5951,0.5891
2428,joseph,0.5951,0.5458
2429,regagner,0.5950,0.6330
2430,ocr,0.5950,0.3022
2431,réparation,0.5950,0.6154
2432,dal,0.5949,0.5496
2433,ennuis,0.5948,0.4769
2434,recettes,0.5947,0.4782
2435,tenue,0.5946,0.5700
2436,répondant,0.5945,0.6266
2437,num,0.5945,0.4594
2438,gueur,0.5945,0.6574
2439,sons,0.5945,0.5726
2440,correspondance,0.5944,0.4879
2441,loyers,0.5943,0.5667
2442,so,0.5942,0.6044
2443,languir,0.5942,0.5897
2444,changea,0.5942,0.6139
2445,critiques,0.5941,0.4108
2446,differe,0.5941,0.6441
2447,dre,0.5941,0.6736
2448,d'italie,0.5940,0.6288
2449,ennemie,0.5938,0.6316
2450,lès,0.5938,0.5775
2451,erreur,0.5937,0.5681
2452,nation,0.5936,0.5959
2453,scrupule,0.5936,0.5846
2454,lite,0.5936,0.5989
2455,tal,0.5933,0.5843
2456,cile,0.5933,0.5948
2457,iv,0.5933,0.6624
2458,fréquens,0.5932,0.6199
2459,laitier,0.5932,0.5488
2460,len,0.5931,0.5936
2461,teflon,0.5931,0.6435
2462,retenant,0.5931,0.6266
2463,espace,0.5930,0.6112
2464,faic,0.5930,0.5760
2465,sacremens,0.5929,0.5695
2466,calais,0.5929,0.5247
2467,esprits,0.5929,0.5662
2468,utique,0.5929,0.5867
2469,frapper,0.5928,0.5745
2470,resulte,0.5928,0.5072
2471,profita,0.5928,0.6053
2472,scandale,0.5927,0.5787
2473,bit,0.5925,0.6161
2474,excellens,0.5924,0.4874
2475,faction,0.5924,0.5338
2476,quentin,0.5924,0.4806
2477,extreme,0.5923,0.5285
2478,coudre,0.5923,0.5826
2479,s'exposer,0.5921,0.5790
2480,tde,0.5921,0.5594
2481,funestes,0.5921,0.5313
2482,tune,0.5921,0.5681
2483,lustre,0.5921,0.6252
2484,ms,0.5921,0.6312
2485,voya,0.5921,0.6230
2486,causes,0.5920,0.5818
2487,convoi,0.5920,0.7367
2488,frappée,0.5919,0.5788
2489,exécution,0.5918,0.4676
2490,detail,0.5918,0.5900
2491,l'entendre,0.5918,0.6087
2492,dés,0.5917,0.6511
2493,cllc,0.5917,0.5919
2494,trême,0.5917,0.6676
2495,fonctions,0.5916,0.4792
2496,paître,0.5916,0.5740
2497,mineure,0.5916,0.5837
2498,satan,0.5915,0.5778
2499,regar,0.5915,0.6499
2500,intérieurement,0.5914,0.6720
2501,jet,0.5914,0.6633
2502,mala,0.5913,0.5430
2503,s'observe,0.5913,0.5358
2504,eul,0.5911,0.6980
2505,conr,0.5911,0.6427
2506,casser,0.5910,0.7016
2507,éternité,0.5910,0.5696
2508,gle,0.5909,0.6161
2509,opposition,0.5909,0.6224
2510,baguette,0.5909,0.4956
2511,luxembourg,0.5909,0.5264
2512,noi,0.5908,0.5573
2513,d'elle,0.5908,0.5892
2514,page,0.5907,0.5894
2515,jésuite,0.5906,0.6048
2516,parti,0.5906,0.4987
2517,louvre,0.5906,0.5276
2518,recommander,0.5906,0.6074
2519,prétendu,0.5906,0.5461
2520,l'iniquité,0.5906,0.6438
2521,contin,0.5906,0.6066
2522,sales,0.5905,0.5812
2523,vigueur,0.5905,0.5341
2524,harangues,0.5905,0.4967
2525,iil,0.5905,0.6110
2526,fail,0.5905,0.6109
2527,traverser,0.5905,0.5291
2528,voy,0.5904,0.6422
2529,apo,0.5904,0.6565
2530,créatures,0.5903,0.4889
2531,bray,0.5903,0.5544
2532,eur,0.5902,0.6205
2533,quittances,0.5902,0.5180
2534,jusqu'en,0.5901,0.6042
2535,glo,0.5901,0.6337
2536,ange,0.5900,0.5590
2537,omis,0.5900,0.5666
2538,éclairé,0.5900,0.5480
2539,dresse,0.5900,0.5753
2540,neige,0.5900,0.5649
2541,mmes,0.5899,0.5901
2542,contens,0.5899,0.4940
2543,historique,0.5899,0.4592
2544,regardé,0.5898,0.5532
2545,dil,0.5897,0.5376
2546,gile,0.5896,0.6679
2547,vuide,0.5896,0.4715
2548,bil,0.5896,0.6054
2549,fondre,0.5895,0.5581
2550,temporels,0.5893,0.6451
2551,dimanches,0.5892,0.5582
2552,châteaux,0.5892,0.5374
2553,vacation,0.5891,0.6281
2554,executer,0.5891,0.5726
2555,maî,0.5890,0.5292
2556,lande,0.5889,0.5456
2557,opéra,0.5889,0.5747
2558,tenez,0.5889,0.4859
2559,pointe,0.5888,0.5064
2560,té,0.5887,0.5937
2561,postes,0.5887,0.6025
2562,justement,0.5887,0.5978
2563,depens,0.5887,0.4954
2564,ancienne,0.5886,0.6461
2565,l'heure,0.5886,0.6698
2566,made,0.5886,0.5597
2567,îe,0.5885,0.6753
2568,ris,0.5885,0.5901
2569,commissaire,0.5885,0.4832
2570,d'admiration,0.5885,0.5866
2571,extraordinaire,0.5885,0.5542
2572,l'inclination,0.5884,0.5599
2573,fauter,0.5884,0.5523
2574,blaise,0.5884,0.5066
2575,encor,0.5883,0.5744
2576,effe,0.5882,0.4470
2577,lille,0.5882,0.5282
2578,remarqua,0.5882,0.5702
2579,lune,0.5882,0.5881
2580,touts,0.5881,0.7436
2581,iant,0.5881,0.6323
2582,éclatant,0.5881,0.4908
2583,sca,0.5881,0.6438
2584,parfaits,0.5880,0.5475
2585,gaules,0.5880,0.5743
2586,matrice,0.5880,0.5887
2587,ees,0.5879,0.6392
2588,instances,0.5879,0.4639
2589,seil,0.5878,0.5510
2590,proserpine,0.5878,0.4766
2591,théâtre,0.5878,0.5633
2592,élever,0.5878,0.5300
2593,honnêtement,0.5876,0.5931
2594,carreaux,0.5875,0.5348
2595,forêts,0.5875,0.5082
2596,publication,0.5874,0.4794
2597,quit,0.5873,0.6401
2598,jouent,0.5873,0.5569
2599,l'obliger,0.5873,0.5640
2600,inceffamment,0.5872,0.6778
2601,leau,0.5871,0.5792
2602,d'instrumens,0.5871,0.6148
2603,gardés,0.5871,0.5363
2604,ban,0.5871,0.6667
2605,dort,0.5871,0.6941
2606,d'enfans,0.5870,0.6127
2607,lil,0.5870,0.5109
2608,rudes,0.5869,0.5971
2609,témoignage,0.5869,0.5220
2610,aun,0.5869,0.6275
2611,ram,0.5869,0.4730
2612,gabriel,0.5868,0.5378
2613,prévoir,0.5868,0.5509
2614,ros,0.5868,0.5811
2615,pans,0.5867,0.5534
2616,fie,0.5867,0.7496
2617,usi,0.5867,0.6223
2618,qu'ils,0.5867,0.6141
2619,eji,0.5866,0.5064
2620,effroi,0.5865,0.4788
2621,potes,0.5864,0.3988
2622,erl,0.5864,0.5908
2623,titans,0.5864,0.5907
2624,chandelle,0.5864,0.5952
2625,consistance,0.5863,0.6066
2626,formel,0.5863,0.5343
2627,aur,0.5863,0.5697
2628,fx,0.5862,0.5849
2629,susceptible,0.5861,0.5815
2630,chasse,0.5861,0.5335
2631,etats,0.5861,0.4849
2632,vaines,0.5861,0.5461
2633,l'artifice,0.5860,0.5407
2634,trompeur,0.5860,0.6182
2635,no,0.5859,0.5969
2636,légère,0.5859,0.5835
2637,tiere,0.5859,0.5063
2638,na,0.5859,0.5872
2639,condi,0.5859,0.6296
2640,ede,0.5859,0.5759
2641,toise,0.5858,0.4861
2642,galante,0.5858,0.6222
2643,fri,0.5858,0.6368
2644,fre,0.5858,0.6166
2645,subsister,0.5857,0.6203
2646,fées,0.5857,0.6259
2647,d'hiver,0.5856,0.6335
2648,partant,0.5856,0.6022
2649,l'immortalité,0.5856,0.6509
2650,bra,0.5856,0.6170
2651,conscience,0.5855,0.5783
2652,df,0.5855,0.5613
2653,duite,0.5854,0.6550
2654,dispute,0.5854,0.5575
2655,discours,0.5854,0.5578
2656,decider,0.5854,0.6200
2657,refsemblance,0.5853,0.5410
2658,contribuer,0.5853,0.5904
2659,département,0.5852,0.5266
2660,nié,0.5852,0.5654
2661,lon,0.5852,0.6227
2662,l'entreprise,0.5851,0.4964
2663,section,0.5851,0.5864
2664,équivoques,0.5851,0.5099
2665,usa,0.5851,0.6056
2666,brabant,0.5850,0.5177
2667,noble,0.5850,0.6058
2668,dérobé,0.5850,0.5479
2669,secondes,0.5849,0.5273
2670,prête,0.5848,0.5774
2671,tailler,0.5847,0.6017
2672,ranger,0.5847,0.5957
2673,faillie,0.5846,0.6750
2674,d'eux,0.5845,0.5860
2675,res,0.5845,0.6093
2676,fauf,0.5845,0.6947
2677,secrettes,0.5844,0.6126
2678,pari,0.5844,0.6034
2679,nuits,0.5844,0.5582
2680,s'exprime,0.5843,0.5590
2681,ias,0.5843,0.5212
2682,nettes,0.5843,0.6145
2683,cure,0.5842,0.6358
2684,rde,0.5842,0.5478
2685,chantoit,0.5842,0.5562
2686,talens,0.5841,0.5827
2687,seul,0.5841,0.5732
2688,motif,0.5841,0.5284
2689,dauphine,0.5841,0.5512
2690,traîner,0.5840,0.6567
2691,contenu,0.5840,0.5543
2692,d'ajouter,0.5839,0.6614
2693,cus,0.5839,0.5613
2694,poix,0.5839,0.4952
2695,revoir,0.5839,0.6050
2696,ret,0.5839,0.5445
2697,amen,0.5839,0.5349
2698,mod,0.5838,0.4783
2699,cavalier,0.5838,0.6504
2700,excede,0.5838,0.5055
2701,volonté,0.5838,0.5317
2702,sortira,0.5838,0.7053
2703,ets,0.5837,0.5663
2704,athenes,0.5837,0.5144
2705,boni,0.5836,0.4755
2706,vraie,0.5835,0.5878
2707,romaine,0.5835,0.5740
2708,annales,0.5834,0.5316
2709,d'étendue,0.5833,0.6081
2710,pcu,0.5833,0.5860
2711,prudens,0.5832,0.5111
2712,froid,0.5832,0.4832
2713,changez,0.5832,0.5633
2714,l'évidence,0.5831,0.5608
2715,dangereux,0.5830,0.5931
2716,penchant,0.5830,0.6381
2717,flambeau,0.5830,0.5562
2718,dg,0.5829,0.6390
2719,joint,0.5828,0.6606
2720,écritures,0.5828,0.5857
2721,mia,0.5828,0.5615
2722,danse,0.5827,0.5388
2723,cures,0.5827,0.5097
2724,fance,0.5826,0.5440
2725,ports,0.5826,0.5680
2726,barbares,0.5825,0.5901
2727,différent,0.5824,0.5044
2728,autres,0.5824,0.5438
2729,dra,0.5823,0.6112
2730,milice,0.5823,0.5627
2731,voile,0.5823,0.5895
2732,d'irlande,0.5823,0.5547
2733,crus,0.5823,0.5516
2734,sejour,0.5822,0.5932
2735,claires,0.5822,0.4702
2736,ité,0.5822,0.5980
2737,miroir,0.5822,0.5430
2738,vendit,0.5821,0.6462
2739,d'anvers,0.5821,0.4431
2740,extraordinairement,0.5821,0.6087
2741,bons,0.5820,0.5569
2742,formez,0.5820,0.6235
2743,incommode,0.5820,0.5600
2744,haro,0.5819,0.2945
2745,cambrai,0.5819,0.5411
2746,raille,0.5819,0.6725
2747,chargez,0.5818,0.4860
2748,visions,0.5817,0.5394
2749,appellant,0.5817,0.5470
2750,voisinage,0.5816,0.6023
2751,employées,0.5816,0.5528
2752,patiemment,0.5816,0.5680
2753,délais,0.5816,0.5867
2754,notables,0.5815,0.4821
2755,tribune,0.5815,0.4646
2756,baltique,0.5815,0.6544
2757,commit,0.5814,0.5601
2758,sei,0.5814,0.6786
2759,compagne,0.5813,0.6662
2760,suiffe,0.5813,0.5603
2761,ét,0.5813,0.4751
2762,malignes,0.5812,0.4968
2763,liant,0.5812,0.6558
2764,lorsqu'un,0.5811,0.5484
2765,arriere,0.5811,0.5686
2766,imitation,0.5811,0.5603
2767,bn,0.5811,0.6438
2768,parent,0.5811,0.5389
2769,restait,0.5810,0.5782
2770,auprès,0.5810,0.6207
2771,précieux,0.5810,0.5747
2772,blan,0.5810,0.5627
2773,chartres,0.5810,0.5073
2774,fluide,0.5810,0.6076
2775,alors,0.5810,0.6330
2776,lingots,0.5810,0.4988
2777,exercice,0.5809,0.5483
2778,opposées,0.5809,0.5835
2779,cau,0.5808,0.5385
2780,offres,0.5808,0.5659
2781,multiplie,0.5808,0.6088
2782,hazarder,0.5808,0.5308
2783,altesse,0.5808,0.6406
2784,dea,0.5807,0.5764
2785,remuant,0.5807,0.5119
2786,flux,0.5807,0.5934
2787,pile,0.5806,0.4988
2788,l'execution,0.5806,0.5947
2789,agrémens,0.5806,0.4714
2790,ette,0.5805,0.5693
2791,dissipé,0.5805,0.5653
2792,joi,0.5805,0.6087
2793,uii,0.5805,0.5676
2794,observez,0.5804,0.5522
2795,mineur,0.5803,0.4543
2796,voyes,0.5803,0.4391
2797,l'excellence,0.5802,0.4975
2798,poursuivre,0.5801,0.5327
2799,s'entend,0.5801,0.6127
2800,bouton,0.5801,0.5395
2801,sil,0.5800,0.6222
2802,rendre,0.5799,0.5935
2803,fay,0.5799,0.5303
2804,tance,0.5799,0.6000
2805,sat,0.5797,0.4659
2806,d'utrecht,0.5796,0.5234
2807,vouloir,0.5796,0.5637
2808,collier,0.5795,0.5268
2809,sie,0.5795,0.6058
2810,pairs,0.5795,0.5628
2811,éteint,0.5795,0.5874
2812,qni,0.5794,0.6105
2813,fon,0.5792,0.4652
2814,chauve,0.5792,0.6032
2815,rivaux,0.5791,0.4417
2816,aifément,0.5791,0.5821
2817,pis,0.5791,0.5584
2818,mortification,0.5790,0.6350
2819,prc,0.5790,0.5707
2820,mme,0.5789,0.6075
2821,lanterne,0.5787,0.4815
2822,quadruple,0.5787,0.5150
2823,ail,0.5787,0.5730
2824,dominique,0.5787,0.5813
2825,mali,0.5787,0.4914
2826,baptême,0.5786,0.6177
2827,courtisan,0.5786,0.5972
2828,l'affaire,0.5786,0.5961
2829,injurieux,0.5786,0.5608
2830,ée,0.5785,0.5983
2831,arrache,0.5785,0.5813
2832,los,0.5784,0.6118
2833,conviendra,0.5784,0.5354
2834,britannique,0.5783,0.5855
2835,stable,0.5782,0.5920
2836,mr,0.5782,0.5444
2837,arg,0.5781,0.6240
2838,revient,0.5780,0.6606
2839,disciple,0.5780,0.5687
2840,concerne,0.5780,0.5068
2841,sia,0.5779,0.5619
2842,superieure,0.5779,0.5265
2843,bourdeaux,0.5779,0.4601
2844,travers,0.5779,0.5623
2845,formalité,0.5779,0.5606
2846,cell,0.5779,0.6706
2847,lux,0.5777,0.5399
2848,dauphin,0.5777,0.5759
2849,necessité,0.5777,0.5325
2850,créé,0.5776,0.5670
2851,nomine,0.5776,0.5422
2852,j'espere,0.5776,0.6675
2853,estimation,0.5776,0.4475
2854,d'honnêtes,0.5775,0.5893
2855,l'empressement,0.5775,0.5883
2856,ence,0.5774,0.6139
2857,poussiere,0.5774,0.4867
2858,rougir,0.5774,0.5828
2859,étroit,0.5774,0.5601
2860,heur,0.5773,0.6240
2861,onc,0.5773,0.6161
2862,deces,0.5772,0.6918
2863,baptiste,0.5772,0.6082
2864,fro,0.5772,0.5981
2865,trille,0.5771,0.6228
2866,nouveau,0.5771,0.6688
2867,ect,0.5770,0.5181
2868,dits,0.5770,0.4842
2869,mos,0.5770,0.5060
2870,volontaires,0.5769,0.5526
2871,fla,0.5769,0.6334
2872,virement,0.5769,0.5960
2873,versailles,0.5768,0.4793
2874,cré,0.5768,0.6492
2875,plutot,0.5768,0.6771
2876,française,0.5768,0.4952
2877,gaillard,0.5768,0.5712
2878,imparfait,0.5768,0.5320
2879,eurs,0.5767,0.5499
2880,cat,0.5767,0.6210
2881,fane,0.5767,0.5807
2882,blesse,0.5767,0.5486
2883,marchandise,0.5766,0.6216
2884,chasser,0.5766,0.5746
2885,arpent,0.5766,0.5505
2886,parole,0.5766,0.6226
2887,qu'ensuite,0.5766,0.6467
2888,l'exclusion,0.5765,0.5499
2889,cou,0.5765,0.5841
2890,prefet,0.5765,0.6412
2891,deman,0.5765,0.5821
2892,valablement,0.5765,0.5184
2893,choisie,0.5765,0.6093
2894,membres,0.5764,0.6297
2895,d'envie,0.5764,0.5575
2896,noce,0.5763,0.6102
2897,lel,0.5763,0.6211
2898,irlande,0.5763,0.5626
2899,lentement,0.5763,0.5652
2900,parvenu,0.5762,0.5902
2901,omme,0.5762,0.6654
2902,enfance,0.5761,0.5628
2903,jets,0.5761,0.5753
2904,devoirs,0.5761,0.5991
2905,arrivez,0.5761,0.4779
2906,perfe,0.5760,0.5863
2907,sauve,0.5760,0.5671
2908,tré,0.5760,0.5756
2909,etoiles,0.5760,0.4949
2910,obstacle,0.5759,0.5096
2911,bornée,0.5759,0.5928
2912,eg,0.5758,0.5435
2913,tité,0.5758,0.5829
2914,furieuse,0.5757,0.4888
2915,interdite,0.5757,0.6962
2916,cornue,0.5757,0.7162
2917,pitié,0.5757,0.6220
2918,fiir,0.5756,0.6091
2919,d'exercice,0.5756,0.6498
2920,alliez,0.5756,0.4507
2921,sensibles,0.5756,0.5424
2922,enr,0.5755,0.5958
2923,glace,0.5754,0.5819
2924,str,0.5754,0.6246
2925,vins,0.5754,0.5863
2926,toucher,0.5754,0.5906
2927,ag,0.5754,0.5354
2928,droiture,0.5754,0.5220
2929,dej,0.5753,0.6284
2930,pla,0.5753,0.5551
2931,gardé,0.5752,0.5774
2932,theatre,0.5752,0.5920
2933,romain,0.5752,0.6648
2934,rus,0.5752,0.5329
2935,xxxiii,0.5751,0.4824
2936,quittant,0.5751,0.6362
2937,ices,0.5750,0.5556
2938,penses,0.5750,0.5840
2939,maligne,0.5749,0.5572
2940,bor,0.5749,0.5761
2941,aliénation,0.5749,0.5010
2942,frontière,0.5748,0.6543
2943,unt,0.5748,0.6080
2944,d'heure,0.5748,0.6196
2945,clef,0.5748,0.5216
2946,serpent,0.5747,0.5502
2947,aimant,0.5747,0.5458
2948,basses,0.5747,0.5212
2949,confondu,0.5746,0.5665
2950,oe,0.5746,0.5887
2951,député,0.5746,0.4615
2952,s'éleva,0.5745,0.6168
2953,campagnes,0.5744,0.4774
2954,ennuyeux,0.5744,0.6310
2955,domestique,0.5743,0.5302
2956,roidir,0.5743,0.5365
2957,enjoint,0.5743,0.5269
2958,pure,0.5742,0.5911
2959,rat,0.5742,0.5749
2960,maires,0.5742,0.4888
2961,l'intrigue,0.5742,0.6062
2962,coni,0.5742,0.5812
2963,prote,0.5741,0.5639
2964,proprio,0.5741,0.5481
2965,perpétuité,0.5741,0.5198
2966,inquit,0.5740,0.4309
2967,l'académie,0.5740,0.5019
2968,perit,0.5739,0.6093
2969,proposoit,0.5739,0.5702
2970,engagemens,0.5738,0.5509
2971,presence,0.5738,0.4855
2972,sea,0.5738,0.6346
2973,dam,0.5737,0.5902
2974,additions,0.5737,0.4515
2975,l'expérience,0.5737,0.5017
2976,sainte,0.5736,0.5959
2977,saxe,0.5736,0.5248
2978,exige,0.5736,0.5867
2979,dà,0.5736,0.6320
2980,fantaisie,0.5736,0.6117
2981,populaires,0.5735,0.5359
2982,train,0.5734,0.5865
2983,vaillance,0.5734,0.5702
2984,tar,0.5734,0.6188
2985,opposé,0.5733,0.5586
2986,uniquement,0.5733,0.5154
2987,finement,0.5733,0.6484
2988,l'humilité,0.5732,0.5908
2989,tent,0.5731,0.5230
2990,proposée,0.5731,0.6089
2991,plain,0.5731,0.6394
2992,honneurs,0.5731,0.4780
2993,volontairement,0.5730,0.5392
2994,dio,0.5729,0.5614
2995,rient,0.5728,0.6066
2996,cesar,0.5728,0.5051
2997,s'élevent,0.5728,0.5106
2998,jouer,0.5727,0.5636
2999,priez,0.5727,0.6635
3000,remontrance,0.5727,0.5570
3001,devoir,0.5727,0.5386
3002,voisins,0.5726,0.5407
3003,d'ai,0.5726,0.6262
3004,lorf,0.5726,0.6243
3005,magni,0.5726,0.5040
3006,malin,0.5726,0.6428
3007,trinité,0.5726,0.5289
3008,pommes,0.5725,0.3724
3009,sertilité,0.5724,0.6038
3010,irrite,0.5723,0.5855
3011,riers,0.5723,0.5803
3012,bonjour,0.5723,0.4964
3013,spirituel,0.5723,0.5362
3014,visiter,0.5723,0.5641
3015,iue,0.5722,0.5754
3016,consequences,0.5722,0.5666
3017,l'avertir,0.5722,0.6445
3018,n'au,0.5722,0.5275
3019,seindre,0.5721,0.6260
3020,divin,0.5721,0.6420
3021,tio,0.5721,0.5102
3022,multi,0.5720,0.5364
3023,rier,0.5719,0.6020
3024,ccttc,0.5719,0.6246
3025,etl,0.5718,0.4694
3026,muet,0.5718,0.5904
3027,ardens,0.5718,0.5371
3028,sieges,0.5718,0.4384
3029,avantageuse,0.5718,0.5922
3030,meilleur,0.5717,0.5641
3031,noient,0.5717,0.4728
3032,sages,0.5715,0.5494
3033,sentant,0.5715,0.5806
3034,domaine,0.5715,0.5546
3035,maine,0.5714,0.5827
3036,considerables,0.5714,0.4985
3037,hardis,0.5714,0.5324
3038,ibidem,0.5714,0.6902
3039,obstacles,0.5714,0.5062
3040,points,0.5713,0.4936
3041,d'inquiétude,0.5713,0.6019
3042,meil,0.5713,0.5609
3043,goût,0.5713,0.5850
3044,conde,0.5712,0.5783
3045,familier,0.5711,0.6111
3046,din,0.5711,0.5827
3047,s'entendre,0.5711,0.4765
3048,por,0.5711,0.6629
3049,polies,0.5710,0.5399
3050,profonds,0.5709,0.5189
3051,inclination,0.5709,0.5710
3052,diversement,0.5709,0.6008
3053,demeuroit,0.5709,0.4907
3054,commander,0.5709,0.5910
3055,mêlé,0.5707,0.5480
3056,noeuds,0.5707,0.5289
3057,consistent,0.5707,0.5945
3058,l'i,0.5706,0.6324
3059,tur,0.5706,0.5351
3060,ok,0.5706,0.5455
3061,cene,0.5705,0.5569
3062,file,0.5704,0.5944
3063,vir,0.5704,0.6381
3064,apparent,0.5704,0.5811
3065,bailler,0.5704,0.4650
3066,experience,0.5704,0.5420
3067,foudres,0.5704,0.5795
3068,leu,0.5704,0.6436
3069,jalousie,0.5703,0.4744
3070,futur,0.5703,0.6199
3071,git,0.5703,0.6369
3072,emprunt,0.5703,0.6658
3073,louage,0.5703,0.5722
3074,deli,0.5703,0.6548
3075,convienne,0.5703,0.5491
3076,triomphe,0.5703,0.5536
3077,souffrit,0.5702,0.5785
3078,juil,0.5702,0.5627
3079,humaines,0.5702,0.4371
3080,compo,0.5701,0.6425
3081,tournent,0.5701,0.5453
3082,habitans,0.5700,0.5739
3083,occupé,0.5700,0.6095
3084,gardoient,0.5700,0.5687
3085,interêts,0.5699,0.5298
3086,d'alexandre,0.5699,0.5177
3087,propo,0.5699,0.6000
3088,salé,0.5699,0.5071
3089,rous,0.5699,0.5932
3090,cin,0.5698,0.5715
3091,oeil,0.5698,0.6258
3092,fixer,0.5698,0.5267
3093,anciennes,0.5698,0.5723
3094,ale,0.5698,0.6149
3095,cont,0.5697,0.5710
3096,pures,0.5696,0.4387
3097,gouverne,0.5695,0.5288
3098,luy,0.5695,0.4450
3099,loin,0.5695,0.5822
3100,soutenu,0.5695,0.5668
3101,tirées,0.5694,0.5534
3102,relevée,0.5694,0.5072
3103,rétablis,0.5694,0.4896
3104,tos,0.5693,0.5136
3105,liqueurs,0.5693,0.4959
3106,rein,0.5693,0.6132
3107,mises,0.5692,0.5396
3108,fouiller,0.5692,0.6112
3109,successions,0.5692,0.5105
3110,poit,0.5691,0.6184
3111,clarté,0.5691,0.5194
3112,procuration,0.5691,0.5505
3113,médiocres,0.5690,0.6365
3114,fac,0.5690,0.5359
3115,connoissances,0.5687,0.5189
3116,chré,0.5687,0.5880
3117,nie,0.5686,0.5688
3118,rais,0.5685,0.6229
3119,ôtent,0.5685,0.5868
3120,c'étoient,0.5684,0.5982
3121,gain,0.5684,0.5579
3122,interrompu,0.5683,0.6598
3123,relation,0.5683,0.6017
3124,suivra,0.5683,0.6171
3125,cid,0.5682,0.6337
3126,noblesse,0.5682,0.5586
3127,multiplié,0.5682,0.6398
3128,colombe,0.5681,0.5540
3129,voyager,0.5681,0.6381
3130,iais,0.5681,0.6726
3131,volume,0.5680,0.5657
3132,gez,0.5680,0.6133
3133,vues,0.5679,0.4933
3134,appercevoir,0.5679,0.6086
3135,susceptibles,0.5679,0.5632
3136,ref,0.5679,0.6584
3137,appartenans,0.5678,0.5529
3138,possesseur,0.5678,0.6196
3139,gui,0.5677,0.5832
3140,séance,0.5676,0.6775
3141,rachat,0.5676,0.6331
3142,comp,0.5675,0.5812
3143,possede,0.5675,0.5801
3144,enfuirez,0.5675,0.6175
3145,cue,0.5675,0.6262
3146,commençant,0.5675,0.5705
3147,ordonnées,0.5674,0.5367
3148,diable,0.5674,0.7132
3149,interrompre,0.5673,0.6088
3150,rio,0.5673,0.5322
3151,ardeur,0.5672,0.4741
3152,éclaircir,0.5671,0.5527
3153,trahi,0.5671,0.5267
3154,l'acte,0.5670,0.5325
3155,vai,0.5670,0.4826
3156,refont,0.5669,0.5630
3157,prêter,0.5669,0.5934
3158,vice,0.5668,0.5893
3159,pourvoir,0.5668,0.6104
3160,lancer,0.5668,0.6053
3161,vinées,0.5668,0.5790
3162,reduit,0.5667,0.5257
3163,jouissance,0.5667,0.5502
3164,lever,0.5667,0.6075
3165,oint,0.5667,0.5785
3166,tranquille,0.5667,0.4482
3167,trafiquer,0.5666,0.6187
3168,coa,0.5666,0.6032
3169,memoire,0.5665,0.4990
3170,inviolable,0.5665,0.4865
3171,étrangere,0.5665,0.4890
3172,rhodes,0.5665,0.5140
3173,nim,0.5665,0.5390
3174,l'an,0.5665,0.4781
3175,l'orage,0.5664,0.5330
3176,av,0.5664,0.6267
3177,honteux,0.5664,0.5177
3178,nec,0.5664,0.5529
3179,l'obéissance,0.5664,0.5526
3180,d'al,0.5663,0.6025
3181,cetter,0.5663,0.5665
3182,grosses,0.5663,0.5528
3183,l'exemple,0.5662,0.6077
3184,villiers,0.5662,0.5765
3185,infinite,0.5662,0.6316
3186,l's,0.5662,0.5765
3187,métiers,0.5661,0.6514
3188,aà,0.5661,0.6181
3189,robert,0.5661,0.4946
3190,peinture,0.5661,0.5599
3191,lec,0.5660,0.5860
3192,ion,0.5659,0.5555
3193,s'exprimer,0.5658,0.6156
3194,culte,0.5658,0.5310
3195,liir,0.5658,0.5904
3196,travailler,0.5658,0.5041
3197,compagnon,0.5657,0.5341
3198,attentivement,0.5656,0.5842
3199,contenant,0.5655,0.6198
3200,pertes,0.5655,0.5110
3201,cage,0.5655,0.5652
3202,exacte,0.5655,0.5013
3203,rempli,0.5654,0.4955
3204,couvrent,0.5654,0.5040
3205,énorme,0.5654,0.5667
3206,post,0.5653,0.4846
3207,perfides,0.5653,0.4554
3208,augment,0.5653,0.5859
3209,carthage,0.5653,0.6229
3210,pratique,0.5652,0.5692
3211,oti,0.5651,0.5957
3212,foibles,0.5651,0.5608
3213,pace,0.5651,0.5388
3214,croix,0.5650,0.5460
3215,particul,0.5649,0.5627
3216,serrer,0.5649,0.5816
3217,tirée,0.5649,0.5385
3218,cable,0.5649,0.6236
3219,toures,0.5648,0.4779
3220,igne,0.5648,0.5346
3221,menez,0.5647,0.6546
3222,tailles,0.5647,0.5661
3223,pio,0.5646,0.5202
3224,gallicane,0.5646,0.6006
3225,tendant,0.5645,0.6046
3226,liront,0.5645,0.5250
3227,prévaloir,0.5644,0.4764
3228,dv,0.5644,0.5261
3229,quan,0.5644,0.5963
3230,ann,0.5643,0.6171
3231,cclle,0.5643,0.5951
3232,paysan,0.5643,0.5063
3233,visible,0.5643,0.5460
3234,l'enfer,0.5642,0.5774
3235,jufle,0.5641,0.5595
3236,engage,0.5640,0.5970
3237,d'horreur,0.5640,0.5488
3238,venant,0.5640,0.5743
3239,infinies,0.5639,0.5543
3240,retenue,0.5639,0.5386
3241,l'intérieur,0.5639,0.5049
3242,loire,0.5639,0.5220
3243,coi,0.5639,0.5532
3244,l'homme,0.5638,0.6075
3245,circonstances,0.5638,0.4993
3246,uf,0.5638,0.5732
3247,venire,0.5638,0.4773
3248,queles,0.5637,0.5144
3249,fere,0.5637,0.6330
3250,fir,0.5636,0.5895
3251,laif,0.5636,0.6298
3252,attira,0.5635,0.5406
3253,peri,0.5635,0.5779
3254,orient,0.5635,0.5992
3255,rebelle,0.5634,0.5977
3256,aa,0.5634,0.5996
3257,d'ame,0.5633,0.5716
3258,more,0.5633,0.5398
3259,vires,0.5633,0.4969
3260,cara,0.5633,0.5818
3261,complice,0.5633,0.4876
3262,chaffer,0.5632,0.5201
3263,sz,0.5632,0.5659
3264,aver,0.5632,0.6129
3265,dijon,0.5632,0.4335
3266,véritable,0.5631,0.5133
3267,ifs,0.5631,0.5908
3268,abondamment,0.5631,0.6033
3269,demeurant,0.5631,0.5017
3270,flûte,0.5630,0.5350
3271,imaginaire,0.5630,0.5650
3272,jar,0.5630,0.5519
3273,quer,0.5630,0.5975
3274,pati,0.5630,0.4508
3275,exemples,0.5629,0.4852
3276,douces,0.5629,0.5393
3277,rouleau,0.5629,0.5078
3278,juda,0.5628,0.5398
3279,lyre,0.5628,0.6245
3280,audace,0.5628,0.4862
3281,tellement,0.5627,0.5440
3282,galles,0.5627,0.5729
3283,contraignit,0.5626,0.4634
3284,saturne,0.5626,0.4974
3285,od,0.5625,0.5833
3286,dau,0.5624,0.5642
3287,éc,0.5623,0.6622
3288,rations,0.5622,0.4774
3289,compagnies,0.5622,0.6016
3290,niais,0.5622,0.6762
3291,tin,0.5622,0.5808
3292,admiration,0.5621,0.5659
3293,atre,0.5621,0.5624
3294,cenfure,0.5620,0.5283
3295,ordon,0.5620,0.6209
3296,saisit,0.5620,0.5383
3297,coure,0.5620,0.6720
3298,bai,0.5620,0.5531
3299,montfort,0.5619,0.5102
3300,fp,0.5619,0.5351
3301,cen,0.5619,0.5771
3302,l'innocence,0.5618,0.4952
3303,signi,0.5618,0.5709
3304,sal,0.5618,0.6543
3305,gne,0.5618,0.6164
3306,d'ef,0.5618,0.6143
3307,convint,0.5618,0.5904
3308,profondément,0.5618,0.5607
3309,tutelles,0.5618,0.5895
3310,payera,0.5618,0.4343
3311,violens,0.5617,0.5595
3312,xiv,0.5617,0.6528
3313,blesser,0.5616,0.5727
3314,protecteur,0.5616,0.6281
3315,fauve,0.5616,0.6025
3316,tet,0.5615,0.5525
3317,plonger,0.5615,0.5986
3318,aires,0.5615,0.6330
3319,cll,0.5614,0.5701
3320,d'eglise,0.5614,0.5366
3321,profitant,0.5613,0.5685
3322,here,0.5612,0.4443
3323,dommage,0.5612,0.5017
3324,gouvernée,0.5612,0.5635
3325,lci,0.5611,0.5139
3326,susdit,0.5611,0.6258
3327,toison,0.5610,0.5033
3328,tentation,0.5610,0.5685
3329,enseignes,0.5610,0.5960
3330,prifes,0.5610,0.5653
3331,connaît,0.5609,0.5054
3332,jouissent,0.5609,0.5758
3333,marée,0.5609,0.6372
3334,levant,0.5608,0.5616
3335,tois,0.5608,0.5251
3336,ornement,0.5608,0.4977
3337,ibid,0.5608,0.6292
3338,remporté,0.5607,0.5727
3339,éclatante,0.5607,0.5414
3340,chez,0.5607,0.5998
3341,carême,0.5607,0.5030
3342,dat,0.5606,0.5729
3343,pairie,0.5606,0.5745
3344,indes,0.5606,0.5416
3345,icelles,0.5606,0.4398
3346,basse,0.5606,0.5786
3347,yo,0.5605,0.5712
3348,formidable,0.5605,0.6059
3349,sorte,0.5604,0.5205
3350,imparfaite,0.5604,0.5936
3351,resente,0.5604,0.5203
3352,aveugles,0.5604,0.5750
3353,taille,0.5603,0.6410
3354,recevez,0.5603,0.5137
3355,patriarche,0.5602,0.5347
3356,enregistrer,0.5602,0.4035
3357,ès,0.5602,0.5298
3358,pius,0.5602,0.5973
3359,qle,0.5602,0.5831
3360,vertueux,0.5599,0.5664
3361,chagrine,0.5599,0.5359
3362,reprenant,0.5599,0.6021
3363,stes,0.5599,0.5656
3364,pratiqué,0.5598,0.5318
3365,respirer,0.5598,0.6559
3366,informe,0.5597,0.5994
3367,inscription,0.5597,0.5232
3368,monnoye,0.5597,0.6546
3369,piéce,0.5596,0.3565
3370,lumineux,0.5596,0.5772
3371,arrêté,0.5596,0.5377
3372,right,0.5596,0.3911
3373,rendoient,0.5596,0.5607
3374,superieurs,0.5595,0.5197
3375,dialogues,0.5595,0.5028
3376,changé,0.5595,0.6234
3377,veilles,0.5595,0.5278
3378,j'entre,0.5595,0.5604
3379,relâche,0.5594,0.5150
3380,denier,0.5593,0.5415
3381,cyrus,0.5593,0.5395
3382,jugée,0.5592,0.5945
3383,prévenus,0.5592,0.5017
3384,votre,0.5592,0.4151
3385,fonte,0.5592,0.6065
3386,fain,0.5591,0.5945
3387,propre,0.5591,0.6227
3388,trait,0.5591,0.6231
3389,xo,0.5591,0.5198
3390,jur,0.5591,0.6035
3391,jes,0.5590,0.5899
3392,tirant,0.5590,0.5536
3393,semblant,0.5589,0.5696
3394,quie,0.5589,0.5593
3395,distinguent,0.5588,0.5324
3396,puisqu,0.5588,0.6648
3397,iel,0.5588,0.5434
3398,pluton,0.5588,0.6059
3399,abrégé,0.5587,0.5387
3400,indirectement,0.5587,0.5444
3401,enc,0.5587,0.5905
3402,tombera,0.5587,0.5307
3403,bâtons,0.5587,0.4596
3404,l'anglois,0.5587,0.5113
3405,auparavant,0.5586,0.6070
3406,l'as,0.5586,0.4656
3407,rout,0.5586,0.6485
3408,doucement,0.5586,0.5946
3409,canada,0.5586,0.5370
3410,filet,0.5585,0.5435
3411,reconnoissances,0.5585,0.6747
3412,quiconque,0.5585,0.5783
3413,mandemens,0.5585,0.5633
3414,silence,0.5584,0.6499
3415,elr,0.5584,0.6116
3416,iii,0.5584,0.6084
3417,expier,0.5583,0.4832
3418,dixieme,0.5583,0.5957
3419,cre,0.5582,0.6026
3420,gal,0.5582,0.4911
3421,arbitre,0.5582,0.5370
3422,ane,0.5580,0.5892
3423,clément,0.5579,0.4576
3424,conférence,0.5579,0.6322
3425,rme,0.5579,0.6423
3426,monarchie,0.5579,0.4888
3427,retrancher,0.5579,0.6181
3428,révolte,0.5578,0.5450
3429,particuliers,0.5578,0.5251
3430,changement,0.5578,0.6243
3431,achille,0.5578,0.5466
3432,registres,0.5577,0.4768
3433,providence,0.5577,0.5102
3434,scie,0.5576,0.5302
3435,intrigue,0.5575,0.4671
3436,éternelles,0.5575,0.6187
3437,danis,0.5575,0.5800
3438,mores,0.5574,0.5708
3439,jésuites,0.5574,0.5890
3440,changes,0.5574,0.6018
3441,importe,0.5573,0.5636
3442,ourles,0.5572,0.5241
3443,iî,0.5571,0.5755
3444,quis,0.5571,0.5866
3445,d'acier,0.5571,0.5679
3446,légers,0.5570,0.5887
3447,navarre,0.5569,0.4670
3448,hoirs,0.5569,0.4853
3449,able,0.5569,0.5623
3450,caractere,0.5568,0.5030
3451,produisit,0.5568,0.5887
3452,scaliger,0.5567,0.4974
3453,conc,0.5567,0.5658
3454,tireur,0.5567,0.4403
3455,remontrances,0.5566,0.5299
3456,mazarin,0.5566,0.5295
3457,gratis,0.5565,0.5514
3458,mission,0.5565,0.5224
3459,déchiré,0.5565,0.5643
3460,renonciation,0.5564,0.5032
3461,données,0.5564,0.5526
3462,cessez,0.5564,0.5457
3463,pressé,0.5563,0.4922
3464,satisfaits,0.5563,0.5135
3465,l'unique,0.5563,0.5770
3466,catholique,0.5562,0.5426
3467,maternel,0.5562,0.5468
3468,creux,0.5562,0.5042
3469,riez,0.5561,0.4634
3470,ration,0.5559,0.5906
3471,perde,0.5558,0.5840
3472,ouvertures,0.5558,0.4587
3473,ben,0.5557,0.5890
3474,inte,0.5557,0.6277
3475,office,0.5556,0.5102
3476,incommodé,0.5555,0.5567
3477,présentation,0.5555,0.6412
3478,odeurs,0.5555,0.5800
3479,gu,0.5555,0.5043
3480,éternels,0.5555,0.5316
3481,qte,0.5554,0.6706
3482,continuer,0.5553,0.5193
3483,déclara,0.5553,0.5254
3484,pe,0.5553,0.6674
3485,éta,0.5552,0.5739
3486,ravoir,0.5552,0.7127
3487,s'avance,0.5550,0.5696
3488,comprens,0.5549,0.4311
3489,mérité,0.5549,0.5240
3490,l'entretien,0.5548,0.6752
3491,traitre,0.5548,0.6717
3492,fâcheux,0.5548,0.5500
3493,représentation,0.5548,0.4605
3494,jurer,0.5548,0.6296
3495,discussion,0.5547,0.5781
3496,seins,0.5547,0.5820
3497,truffe,0.5547,0.5496
3498,nor,0.5546,0.6140
3499,contribué,0.5546,0.5464
3500,tare,0.5545,0.5770
3501,content,0.5544,0.5911
3502,fia,0.5544,0.5471
3503,restituer,0.5544,0.5600
3504,arrangement,0.5544,0.5568
3505,françoises,0.5544,0.5370
3506,rafraîchir,0.5544,0.5777
3507,qlue,0.5543,0.6211
3508,l'oi,0.5543,0.6676
3509,utre,0.5543,0.6220
3510,opposés,0.5542,0.4979
3511,l'appui,0.5542,0.5735
3512,égales,0.5541,0.5802
3513,s'é,0.5541,0.5875
3514,provenant,0.5540,0.4870
3515,destiné,0.5540,0.5704
3516,longe,0.5540,0.5269
3517,recours,0.5540,0.5676
3518,totalement,0.5539,0.5812
3519,mandons,0.5538,0.5148
3520,jurisprudence,0.5538,0.5570
3521,tota,0.5537,0.4740
3522,l'injure,0.5536,0.5522
3523,existence,0.5536,0.4996
3524,lre,0.5536,0.5344
3525,gueres,0.5535,0.3334
3526,dressé,0.5535,0.5075
3527,ieur,0.5535,0.6201
3528,l'observation,0.5535,0.5264
3529,guerre,0.5535,0.5792
3530,commandé,0.5535,0.4992
3531,moin,0.5535,0.6600
3532,ressorts,0.5535,0.5303
3533,satisfaction,0.5535,0.5113
3534,d'aimer,0.5534,0.6313
3535,distin,0.5534,0.6333
3536,ov,0.5534,0.4755
3537,tranche,0.5533,0.5875
3538,ié,0.5532,0.5744
3539,enl,0.5532,0.6239
3540,infâme,0.5532,0.5426
3541,l'amirauté,0.5532,0.5384
3542,étrangement,0.5532,0.6160
3543,leçon,0.5532,0.5710
3544,eas,0.5531,0.4896
3545,qu'l,0.5530,0.6449
3546,particulierement,0.5530,0.5771
3547,figure,0.5530,0.5183
3548,d'expliquer,0.5530,0.5999
3549,one,0.5529,0.4781
3550,fal,0.5529,0.6612
3551,parade,0.5529,0.5461
3552,quelqu'autre,0.5528,0.5486
3553,commençons,0.5528,0.5692
3554,menu,0.5528,0.5179
3555,rupture,0.5528,0.5571
3556,vellent,0.5527,0.5787
3557,fâcher,0.5527,0.5414
3558,som,0.5527,0.6046
3559,c'e,0.5527,0.5559
3560,royaumes,0.5527,0.5368
3561,qu'e,0.5526,0.6256
3562,raisonne,0.5525,0.5866
3563,fatigué,0.5525,0.6077
3564,sureté,0.5524,0.4533
3565,pretend,0.5523,0.4748
3566,grammaire,0.5523,0.5434
3567,charité,0.5522,0.4794
3568,justiciers,0.5521,0.4454
3569,qu'ici,0.5521,0.5725
3570,bin,0.5520,0.5807
3571,morceau,0.5520,0.5289
3572,d'ordinaire,0.5520,0.5239
3573,l'orgueil,0.5519,0.5037
3574,dernier,0.5518,0.5502
3575,polir,0.5518,0.5791
3576,dunkerque,0.5518,0.5194
3577,cultive,0.5517,0.5237
3578,beau,0.5517,0.6007
3579,proches,0.5517,0.5403
3580,pluie,0.5515,0.5806
3581,qu'alors,0.5515,0.5330
3582,jour,0.5515,0.5603
3583,err,0.5515,0.6229
3584,edi,0.5514,0.5812
3585,seau,0.5514,0.5175
3586,noirs,0.5514,0.4439
3587,polie,0.5514,0.5265
3588,présumer,0.5514,0.6217
3589,lile,0.5513,0.6074
3590,délicates,0.5513,0.5023
3591,piquant,0.5513,0.5781
3592,bienséance,0.5513,0.5004
3593,ronces,0.5512,0.5384
3594,décision,0.5512,0.5074
3595,pin,0.5511,0.5446
3596,orgueil,0.5511,0.4994
3597,harangue,0.5509,0.5626
3598,ena,0.5509,0.5849
3599,sains,0.5509,0.5839
3600,aire,0.5509,0.5971
3601,contrat,0.5508,0.5002
3602,vol,0.5508,0.5814
3603,dcc,0.5507,0.4482
3604,jolies,0.5506,0.5405
3605,naître,0.5505,0.5097
3606,jf,0.5504,0.5558
3607,fra,0.5504,0.5643
3608,tentations,0.5504,0.5118
3609,marquées,0.5504,0.5259
3610,uri,0.5503,0.6360
3611,travaille,0.5503,0.5010
3612,purifier,0.5503,0.5777
3613,uni,0.5503,0.5956
3614,docteur,0.5502,0.4677
3615,couler,0.5502,0.5415
3616,cei,0.5502,0.5608
3617,importun,0.5502,0.5582
3618,bouc,0.5502,0.4796
3619,domi,0.5502,0.5115
3620,gard,0.5501,0.5647
3621,malins,0.5501,0.5656
3622,sp,0.5501,0.5753
3623,obéissance,0.5501,0.4258
3624,mini,0.5501,0.5226
3625,cis,0.5500,0.5597
3626,campa,0.5500,0.5880
3627,chassé,0.5500,0.5277
3628,mensonge,0.5500,0.5884
3629,defense,0.5500,0.5356
3630,q'il,0.5500,0.5715
3631,erat,0.5499,0.5137
3632,accoutumée,0.5499,0.5902
3633,fiel,0.5498,0.5472
3634,pg,0.5498,0.6403
3635,allemand,0.5498,0.5657
3636,om,0.5497,0.5401
3637,nit,0.5497,0.5857
3638,sexes,0.5496,0.5276
3639,publia,0.5496,0.5942
3640,abominable,0.5495,0.6154
3641,societé,0.5494,0.4708
3642,convertir,0.5494,0.5887
3643,vel,0.5494,0.5924
3644,effet,0.5494,0.5956
3645,tte,0.5494,0.5313
3646,jura,0.5493,0.4339
3647,l'ami,0.5493,0.5512
3648,carlos,0.5493,0.5335
3649,allié,0.5493,0.5366
3650,vivez,0.5493,0.4764
3651,sortoit,0.5492,0.5434
3652,mylord,0.5492,0.5859
3653,bile,0.5492,0.5715
3654,piu,0.5492,0.5444
3655,seconds,0.5492,0.5529
3656,égaux,0.5491,0.4260
3657,sortie,0.5491,0.5793
3658,ats,0.5491,0.5024
3659,travaillant,0.5491,0.6073
3660,og,0.5490,0.5621
3661,égalité,0.5490,0.5015
3662,samuel,0.5490,0.5466
3663,mutuelle,0.5490,0.5249
3664,mi,0.5490,0.5929
3665,dais,0.5490,0.5172
3666,poui,0.5490,0.6264
3667,fermez,0.5489,0.5787
3668,l'amiral,0.5489,0.5682
3669,chai,0.5489,0.6075
3670,étendus,0.5489,0.6563
3671,s'attacha,0.5489,0.5962
3672,couru,0.5489,0.4924
3673,imprimées,0.5488,0.5535
3674,moeurs,0.5488,0.5334
3675,avantageuses,0.5488,0.5505
3676,chantent,0.5488,0.5373
3677,d'avantage,0.5487,0.5391
3678,d'orléans,0.5487,0.5454
3679,cv,0.5487,0.5880
3680,recouvrement,0.5487,0.4965
3681,domination,0.5487,0.6108
3682,retournent,0.5487,0.4986
3683,loge,0.5487,0.5823
3684,reglé,0.5486,0.4887
3685,afin,0.5486,0.5663
3686,parmi,0.5486,0.5426
3687,espagnole,0.5486,0.5214
3688,oli,0.5485,0.6022
3689,rebut,0.5484,0.6299
3690,succession,0.5483,0.5208
3691,l'honnêteté,0.5483,0.5741
3692,revêtu,0.5483,0.5250
3693,aider,0.5483,0.5199
3694,fec,0.5482,0.5451
3695,déposer,0.5482,0.5323
3696,ap,0.5482,0.5844
3697,bc,0.5482,0.5826
3698,laise,0.5482,0.4861
3699,sauva,0.5481,0.5763
3700,payant,0.5481,0.5879
3701,gt,0.5480,0.4703
3702,d'accorder,0.5479,0.6108
3703,mei,0.5478,0.5061
3704,charpentiers,0.5477,0.5506
3705,estime,0.5477,0.5195
3706,confiant,0.5477,0.5153
3707,vant,0.5477,0.6319
3708,soutiens,0.5477,0.4381
3709,toui,0.5476,0.6660
3710,qut,0.5476,0.6008
3711,l'aîné,0.5476,0.5310
3712,sol,0.5476,0.6154
3713,membre,0.5476,0.5036
3714,montans,0.5475,0.4707
3715,frai,0.5475,0.6936
3716,esclavage,0.5474,0.5006
3717,vaste,0.5474,0.5287
3718,cot,0.5474,0.5391
3719,capitation,0.5474,0.5082
3720,commentaire,0.5472,0.5732
3721,piété,0.5472,0.5070
3722,antoine,0.5471,0.5551
3723,proces,0.5471,0.4669
3724,ennemi,0.5471,0.5608
3725,navi,0.5470,0.5790
3726,turin,0.5470,0.5934
3727,chanté,0.5469,0.6564
3728,prés,0.5468,0.5460
3729,frais,0.5468,0.5948
3730,dts,0.5467,0.5691
3731,parties,0.5466,0.5602
3732,reliefs,0.5466,0.6567
3733,priai,0.5466,0.5127
3734,ccla,0.5466,0.5932
3735,confession,0.5465,0.6440
3736,lauriers,0.5465,0.5314
3737,venin,0.5465,0.5730
3738,foui,0.5465,0.6660
3739,ignorant,0.5465,0.5183
3740,s'engager,0.5465,0.5813
3741,îl,0.5465,0.6111
3742,fonde,0.5464,0.5540
3743,avide,0.5464,0.5259
3744,ote,0.5464,0.6186
3745,judice,0.5462,0.5493
3746,étonnant,0.5462,0.5301
3747,commandeur,0.5462,0.5400
3748,d'alliance,0.5462,0.5937
3749,polr,0.5462,0.5598
3750,pies,0.5462,0.4872
3751,plaisanteries,0.5461,0.4894
3752,appas,0.5461,0.4450
3753,off,0.5461,0.5342
3754,tonneaux,0.5461,0.5126
3755,étranger,0.5461,0.6005
3756,puisqu'ils,0.5460,0.5525
3757,jettez,0.5460,0.5213
3758,fréquent,0.5460,0.5637
3759,vans,0.5460,0.6026
3760,nar,0.5459,0.5921
3761,eft,0.5459,0.6052
3762,maltraité,0.5459,0.5557
3763,mare,0.5459,0.5370
3764,aidé,0.5459,0.6173
3765,composer,0.5459,0.5283
3766,scellé,0.5459,0.4439
3767,londres,0.5458,0.5236
3768,u'on,0.5458,0.6153
3769,ep,0.5458,0.5704
3770,sorbonne,0.5458,0.5479
3771,obtenues,0.5458,0.4434
3772,tendre,0.5457,0.5902
3773,transporte,0.5457,0.4978
3774,pl,0.5456,0.6289
3775,craindre,0.5456,0.6258
3776,frt,0.5456,0.5845
3777,l'année,0.5456,0.5562
3778,emprunter,0.5456,0.6075
3779,diversité,0.5456,0.5459
3780,ff,0.5456,0.5650
3781,l'avocat,0.5455,0.5625
3782,rendues,0.5455,0.4278
3783,explique,0.5455,0.5337
3784,ria,0.5455,0.4803
3785,efe,0.5455,0.4322
3786,fontaines,0.5455,0.5366
3787,gravé,0.5455,0.5805
3788,crainte,0.5455,0.5514
3789,aui,0.5454,0.5715
3790,jusque,0.5453,0.5530
3791,depend,0.5453,0.5577
3792,survient,0.5453,0.5024
3793,l'union,0.5453,0.5345
3794,ving,0.5452,0.4955
3795,champagne,0.5452,0.5400
3796,teindre,0.5452,0.5204
3797,certificats,0.5451,0.4559
3798,mour,0.5451,0.5669
3799,unl,0.5451,0.5874
3800,in,0.5451,0.5003
3801,travaux,0.5451,0.5026
3802,brûler,0.5451,0.5581
3803,vui,0.5450,0.6378
3804,remonter,0.5450,0.5807
3805,eti,0.5449,0.5578
3806,rte,0.5449,0.5384
3807,occa,0.5448,0.6110
3808,parterre,0.5448,0.5670
3809,autoriser,0.5447,0.5574
3810,qualite,0.5447,0.5102
3811,tete,0.5447,0.5085
3812,proportions,0.5447,0.4645
3813,paro,0.5446,0.5625
3814,parier,0.5445,0.5621
3815,aiu,0.5445,0.5632
3816,oracle,0.5445,0.4159
3817,gen,0.5445,0.6460
3818,blessé,0.5444,0.4749
3819,l'occupation,0.5444,0.6426
3820,orne,0.5444,0.5542
3821,repond,0.5443,0.5915
3822,salut,0.5443,0.4790
3823,châtier,0.5443,0.5181
3824,d'avance,0.5442,0.5345
3825,meaux,0.5442,0.4612
3826,bouche,0.5442,0.5864
3827,souveraineté,0.5442,0.4835
3828,aujourd'hui,0.5441,0.5125
3829,lb,0.5440,0.6267
3830,his,0.5440,0.5463
3831,et,0.5440,0.3893
3832,tour,0.5440,0.6314
3833,convaincus,0.5440,0.4356
3834,vy,0.5440,0.5445
3835,endormi,0.5439,0.5696
3836,crit,0.5439,0.5075
3837,fiction,0.5439,0.5283
3838,hl,0.5439,0.5312
3839,titre,0.5439,0.6129
3840,nonce,0.5438,0.5292
3841,palatin,0.5438,0.5252
3842,l'intendant,0.5438,0.5822
3843,tellus,0.5438,0.5292
3844,crée,0.5437,0.5719
3845,nations,0.5437,0.5646
3846,unanimement,0.5436,0.6876
3847,d'entendre,0.5436,0.5971
3848,l'approbation,0.5436,0.4833
3849,ious,0.5436,0.5535
3850,s'adressant,0.5435,0.5624
3851,sit,0.5435,0.5677
3852,naissant,0.5434,0.5566
3853,liez,0.5434,0.5034
3854,seules,0.5434,0.5652
3855,eat,0.5434,0.5368
3856,nice,0.5433,0.5885
3857,lef,0.5433,0.5990
3858,aure,0.5433,0.6018
3859,dains,0.5433,0.6224
3860,meuble,0.5432,0.5523
3861,relevé,0.5432,0.5109
3862,boule,0.5432,0.5126
3863,ofi,0.5431,0.5913
3864,grave,0.5431,0.5169
3865,s'attirer,0.5431,0.5041
3866,éternel,0.5431,0.5263
3867,pleure,0.5431,0.5662
3868,coins,0.5431,0.4674
3869,poi,0.5431,0.5505
3870,l'abri,0.5430,0.4891
3871,tousses,0.5430,0.5846
3872,d'aristote,0.5429,0.4564
3873,terre,0.5429,0.6076
3874,réservé,0.5429,0.5840
3875,lair,0.5428,0.6232
3876,ignorer,0.5428,0.4776
3877,sanglante,0.5428,0.4882
3878,cultivé,0.5428,0.6026
3879,placez,0.5427,0.5617
3880,qu'entre,0.5427,0.5692
3881,troupeau,0.5427,0.5470
3882,dignité,0.5427,0.5219
3883,parfaire,0.5427,0.6738
3884,dixme,0.5427,0.5190
3885,l'absence,0.5426,0.5409
3886,tui,0.5425,0.5138
3887,cedent,0.5425,0.5475
3888,encourage,0.5425,0.4684
3889,quae,0.5425,0.4975
3890,re,0.5425,0.6364
3891,rest,0.5425,0.6611
3892,comparant,0.5424,0.5660
3893,lots,0.5424,0.5389
3894,l'aile,0.5423,0.5244
3895,paru,0.5423,0.5183
3896,rai,0.5423,0.4837
3897,adoucir,0.5422,0.5332
3898,loca,0.5421,0.4198
3899,traversé,0.5421,0.6451
3900,qu'avant,0.5421,0.5087
3901,conte,0.5421,0.5290
3902,lorsqu,0.5421,0.5008
3903,criminels,0.5420,0.5123
3904,tribut,0.5419,0.4297
3905,maintenu,0.5419,0.5777
3906,divertissement,0.5419,0.5020
3907,tro,0.5418,0.5397
3908,hom,0.5417,0.5157
3909,ja,0.5417,0.5725
3910,tice,0.5417,0.5679
3911,d'affaires,0.5416,0.5336
3912,grains,0.5416,0.5228
3913,exercé,0.5416,0.5220
3914,dépen,0.5416,0.5550
3915,ciment,0.5415,0.5411
3916,examinons,0.5415,0.5466
3917,profiter,0.5414,0.5272
3918,d'hyver,0.5414,0.4852
3919,enfer,0.5414,0.5725
3920,nio,0.5412,0.5104
3921,celebre,0.5412,0.5000
3922,patron,0.5411,0.5789
3923,douté,0.5411,0.5512
3924,all,0.5411,0.4877
3925,nota,0.5411,0.5629
3926,partages,0.5410,0.5826
3927,refusent,0.5410,0.4997
3928,holland,0.5410,0.5581
3929,ure,0.5409,0.5739
3930,niveau,0.5409,0.4897
3931,l'n,0.5409,0.5902
3932,sérieuse,0.5409,0.5366
3933,auxquelles,0.5409,0.4872
3934,ides,0.5408,0.6006
3935,volontés,0.5408,0.4539
3936,fom,0.5407,0.5191
3937,semble,0.5407,0.5982
3938,ze,0.5407,0.5720
3939,dominant,0.5407,0.6313
3940,semblable,0.5407,0.6522
3941,coeurs,0.5407,0.4959
3942,exil,0.5406,0.5412
3943,ice,0.5405,0.5270
3944,cercle,0.5405,0.4960
3945,défenses,0.5405,0.6779
3946,précisément,0.5405,0.5408
3947,saie,0.5404,0.6824
3948,entendement,0.5404,0.5910
3949,bayes,0.5404,0.5115
3950,personnages,0.5404,0.5453
3951,cambray,0.5404,0.5003
3952,resentes,0.5402,0.3846
3953,ieu,0.5402,0.5476
3954,ntre,0.5402,0.5859
3955,tristes,0.5402,0.4955
3956,cale,0.5402,0.6155
3957,ava,0.5402,0.6025
3958,arlequin,0.5401,0.4383
3959,pécher,0.5400,0.6012
3960,albert,0.5400,0.5039
3961,monstre,0.5400,0.5285
3962,préteur,0.5400,0.4336
3963,abattre,0.5399,0.5702
3964,bride,0.5399,0.6485
3965,l'arc,0.5399,0.5456
3966,qu'auparavant,0.5398,0.5683
3967,suivons,0.5398,0.5556
3968,tâché,0.5398,0.4598
3969,faux,0.5398,0.5872
3970,pratiquée,0.5397,0.5414
3971,hardiment,0.5397,0.5701
3972,poursuivit,0.5396,0.4637
3973,note,0.5396,0.5189
3974,boëte,0.5396,0.4597
3975,l'excès,0.5396,0.5228
3976,affe,0.5395,0.6048
3977,échapper,0.5394,0.5701
3978,l'entendement,0.5394,0.5005
3979,cest,0.5393,0.4870
3980,commandement,0.5393,0.5104
3981,jj,0.5393,0.6192
3982,vuides,0.5393,0.5124
3983,exécuter,0.5393,0.4733
3984,das,0.5393,0.5910
3985,close,0.5393,0.6121
3986,premiére,0.5393,0.4268
3987,vf,0.5392,0.6500
3988,miseres,0.5391,0.4125
3989,confirme,0.5391,0.5629
3990,amiral,0.5391,0.5172
3991,ccl,0.5391,0.5434
3992,sacrés,0.5391,0.5286
3993,prescrire,0.5390,0.5908
3994,requise,0.5390,0.5102
3995,bête,0.5390,0.5201
3996,george,0.5390,0.5536
3997,d'ignorance,0.5390,0.5738
3998,vantes,0.5389,0.5487
3999,dicta,0.5389,0.4674
4000,quele,0.5389,0.5833
4001,incomparablement,0.5389,0.6019
4002,corinthe,0.5389,0.5162
4003,dion,0.5388,0.4912
4004,suivirent,0.5388,0.5564
4005,quei,0.5388,0.5662
4006,d'achever,0.5388,0.5956
4007,this,0.5387,0.5018
4008,pil,0.5387,0.5620
4009,remédier,0.5387,0.4912
4010,dies,0.5387,0.5353
4011,jul,0.5387,0.6077
4012,origine,0.5386,0.6052
4013,sièges,0.5385,0.5118
4014,j'appris,0.5385,0.5394
4015,interne,0.5385,0.6125
4016,chevre,0.5384,0.5231
4017,naturelle,0.5384,0.5000
4018,s'e,0.5384,0.6288
4019,conjectures,0.5384,0.4655
4020,millions,0.5384,0.5228
4021,red,0.5384,0.5354
4022,congé,0.5384,0.4972
4023,d'affaire,0.5384,0.5506
4024,pend,0.5383,0.5218
4025,restant,0.5383,0.5814
4026,qu'ai,0.5383,0.5142
4027,bandes,0.5382,0.4734
4028,représentant,0.5382,0.5385
4029,tâchent,0.5382,0.4525
4030,rec,0.5381,0.5802
4031,ruelle,0.5381,0.5878
4032,gardant,0.5381,0.6168
4033,dedans,0.5381,0.5243
4034,drs,0.5381,0.5747
4035,auri,0.5381,0.4642
4036,aperçu,0.5381,0.4464
4037,méditerranée,0.5380,0.5405
4038,attendent,0.5380,0.5044
4039,porteur,0.5379,0.4216
4040,ployer,0.5379,0.6212
4041,ligne,0.5378,0.5572
4042,late,0.5378,0.4951
4043,diffus,0.5378,0.5972
4044,core,0.5377,0.5107
4045,tonne,0.5377,0.5535
4046,logement,0.5377,0.6090
4047,volontaire,0.5377,0.5567
4048,larmes,0.5377,0.4956
4049,ainli,0.5376,0.5752
4050,exploit,0.5375,0.3775
4051,courante,0.5375,0.5410
4052,four,0.5375,0.5596
4053,bayonne,0.5375,0.4778
4054,frit,0.5374,0.6448
4055,diminuent,0.5374,0.5334
4056,sergent,0.5373,0.3119
4057,trouvées,0.5373,0.5095
4058,incomparable,0.5373,0.5499
4059,condé,0.5373,0.4721
4060,distingue,0.5373,0.5750
4061,prenons,0.5372,0.5216
4062,transportées,0.5372,0.4929
4063,troye,0.5372,0.5673
4064,coûté,0.5371,0.5242
4065,sj,0.5371,0.5234
4066,m'en,0.5371,0.5971
4067,remuer,0.5371,0.5054
4068,iln,0.5371,0.4859
4069,és,0.5370,0.5174
4070,dti,0.5370,0.5230
4071,fol,0.5370,0.5884
4072,oul,0.5369,0.5499
4073,mez,0.5369,0.5735
4074,poudre,0.5368,0.5218
4075,perdant,0.5368,0.5652
4076,sam,0.5368,0.5799
4077,dons,0.5367,0.5689
4078,naît,0.5367,0.5320
4079,ttre,0.5367,0.5461
4080,durent,0.5367,0.5593
4081,ao,0.5366,0.4856
4082,nantes,0.5366,0.4581
4083,circuit,0.5366,0.4841
4084,ina,0.5365,0.5394
4085,s'avisa,0.5365,0.5741
4086,guise,0.5365,0.5367
4087,estoit,0.5365,0.4440
4088,pauvre,0.5364,0.5637
4089,orte,0.5364,0.6289
4090,livra,0.5364,0.5263
4091,teste,0.5364,0.3599
4092,compté,0.5364,0.5321
4093,aveuglément,0.5364,0.5557
4094,opere,0.5363,0.4802
4095,ad,0.5362,0.5229
4096,estimer,0.5360,0.5349
4097,reprises,0.5360,0.4997
4098,opera,0.5360,0.5997
4099,raisonnement,0.5360,0.4785
4100,souverain,0.5360,0.6243
4101,suffisant,0.5360,0.6477
4102,land,0.5359,0.4948
4103,cce,0.5359,0.6102
4104,l'ignorance,0.5359,0.5151
4105,tai,0.5359,0.5364
4106,absolu,0.5358,0.5093
4107,colle,0.5358,0.5123
4108,terris,0.5358,0.5406
4109,l'exercice,0.5357,0.5041
4110,d'intelligence,0.5357,0.5344
4111,zèle,0.5357,0.5177
4112,deu,0.5357,0.5993
4113,appuyée,0.5356,0.4742
4114,mariés,0.5356,0.7026
4115,aul,0.5356,0.6583
4116,ignore,0.5356,0.5522
4117,monastere,0.5356,0.5531
4118,soif,0.5356,0.4904
4119,racine,0.5355,0.5558
4120,vo,0.5355,0.5886
4121,terrestre,0.5355,0.5332
4122,lieues,0.5353,0.5366
4123,vl,0.5353,0.5467
4124,nette,0.5353,0.4611
4125,are,0.5352,0.5126
4126,tales,0.5352,0.4986
4127,coûter,0.5351,0.6102
4128,poir,0.5351,0.5782
4129,pcur,0.5351,0.6261
4130,l'aune,0.5351,0.4828
4131,changée,0.5350,0.5503
4132,lets,0.5349,0.5640
4133,clermont,0.5349,0.3865
4134,nce,0.5349,0.5035
4135,dont,0.5348,0.5167
4136,semblera,0.5348,0.5978
4137,iiii,0.5348,0.5352
4138,doux,0.5347,0.5420
4139,certe,0.5347,0.5147
4140,jusqu'aux,0.5347,0.5567
4141,siecle,0.5346,0.5549
4142,iur,0.5346,0.5936
4143,tort,0.5346,0.4921
4144,talon,0.5346,0.4843
4145,enceinte,0.5346,0.5891
4146,otre,0.5345,0.5770
4147,taillis,0.5345,0.5687
4148,da,0.5345,0.6076
4149,repondre,0.5345,0.5582
4150,difficulté,0.5345,0.6256
4151,pout,0.5345,0.6198
4152,d'orgueil,0.5345,0.5843
4153,fixes,0.5345,0.4884
4154,précédé,0.5344,0.5452
4155,uit,0.5343,0.5174
4156,recherché,0.5343,0.5329
4157,conserva,0.5342,0.6243
4158,mime,0.5342,0.6366
4159,noire,0.5342,0.4667
4160,nii,0.5342,0.5486
4161,kl,0.5342,0.5527
4162,ries,0.5342,0.5397
4163,consulat,0.5342,0.4254
4164,d'i,0.5342,0.6093
4165,hr,0.5341,0.4752
4166,prcs,0.5341,0.5183
4167,voisine,0.5340,0.4870
4168,ambassade,0.5340,0.5161
4169,hercule,0.5340,0.5621
4170,fi,0.5340,0.5673
4171,rine,0.5340,0.5485
4172,exécuté,0.5340,0.5119
4173,vides,0.5339,0.4684
4174,ht,0.5338,0.5547
4175,ise,0.5338,0.5356
4176,étroite,0.5337,0.5098
4177,tera,0.5337,0.6025
4178,may,0.5337,0.4740
4179,l'inventaire,0.5336,0.5170
4180,quin,0.5336,0.5588
4181,deflein,0.5336,0.4873
4182,témoigné,0.5335,0.4600
4183,vain,0.5335,0.4703
4184,levure,0.5335,0.5341
4185,vogue,0.5335,0.5697
4186,eie,0.5335,0.5668
4187,calice,0.5335,0.5845
4188,surintendant,0.5335,0.5130
4189,tt,0.5334,0.5523
4190,oreilles,0.5334,0.4841
4191,achevé,0.5333,0.5346
4192,tiroir,0.5332,0.6134
4193,alter,0.5332,0.4340
4194,cod,0.5332,0.5360
4195,eff,0.5331,0.5683
4196,ition,0.5330,0.5910
4197,bes,0.5330,0.5563
4198,admire,0.5330,0.4979
4199,join,0.5330,0.5853
4200,iie,0.5330,0.5356
4201,cde,0.5329,0.5775
4202,vermillon,0.5329,0.4919
4203,out,0.5329,0.5794
4204,inf,0.5328,0.6498
4205,augure,0.5328,0.4746
4206,flir,0.5328,0.5906
4207,chantant,0.5327,0.6173
4208,uir,0.5327,0.5807
4209,approchant,0.5327,0.5349
4210,controlleur,0.5325,0.4901
4211,mêler,0.5325,0.5083
4212,comparable,0.5325,0.4842
4213,durer,0.5325,0.5539
4214,militaire,0.5325,0.6773
4215,hie,0.5325,0.5254
4216,inutilement,0.5324,0.5409
4217,j'avance,0.5324,0.5007
4218,demeurée,0.5324,0.5201
4219,vis,0.5324,0.6089
4220,rarefié,0.5323,0.4929
4221,lainer,0.5323,0.5316
4222,ita,0.5323,0.5204
4223,d'ornemens,0.5322,0.5723
4224,cardinaux,0.5322,0.4211
4225,s'offre,0.5322,0.5438
4226,eii,0.5322,0.6035
4227,vivans,0.5321,0.4942
4228,machine,0.5321,0.5986
4229,ple,0.5321,0.5353
4230,scel,0.5321,0.5583
4231,irriter,0.5321,0.5399
4232,implacable,0.5320,0.5529
4233,supposent,0.5320,0.4966
4234,chercher,0.5320,0.5986
4235,imiter,0.5319,0.5148
4236,pei,0.5319,0.5425
4237,super,0.5319,0.5550
4238,l'attendre,0.5319,0.6613
4239,ardente,0.5319,0.5117
4240,lard,0.5319,0.4553
4241,scc,0.5318,0.6015
4242,égaler,0.5318,0.5737
4243,salaires,0.5318,0.5215
4244,fontainebleau,0.5317,0.4140
4245,entrailles,0.5317,0.5285
4246,rce,0.5317,0.5306
4247,etr,0.5317,0.5864
4248,préparation,0.5317,0.5403
4249,demie,0.5317,0.4747
4250,telle,0.5316,0.5438
4251,joignant,0.5316,0.5339
4252,crever,0.5316,0.5817
4253,defendre,0.5314,0.5093
4254,sta,0.5314,0.6123
4255,chinois,0.5314,0.5132
4256,gar,0.5313,0.6101
4257,fourberie,0.5313,0.5488
4258,uie,0.5312,0.6141
4259,mâle,0.5312,0.5217
4260,indépendant,0.5312,0.5368
4261,noël,0.5312,0.4758
4262,battre,0.5312,0.5692
4263,pel,0.5312,0.5853
4264,lavé,0.5312,0.6236
4265,davantage,0.5311,0.5363
4266,ort,0.5311,0.5657
4267,quintal,0.5311,0.4424
4268,condamnent,0.5311,0.4585
4269,sentiment,0.5310,0.4942
4270,aufl,0.5309,0.6282
4271,insérieure,0.5309,0.5233
4272,extérieure,0.5308,0.5048
4273,ute,0.5308,0.5795
4274,desus,0.5308,0.5450
4275,mp,0.5308,0.4967
4276,prévu,0.5308,0.5597
4277,haute,0.5307,0.6257
4278,compagnie,0.5307,0.5102
4279,hache,0.5307,0.5165
4280,connoissance,0.5307,0.5268
4281,gouverner,0.5306,0.5564
4282,mefure,0.5305,0.5196
4283,commodément,0.5305,0.5759
4284,approbation,0.5305,0.4437
4285,feaux,0.5305,0.5971
4286,scrupules,0.5304,0.5323
4287,reflux,0.5304,0.5818
4288,perdre,0.5303,0.5425
4289,sombre,0.5303,0.5784
4290,den,0.5303,0.5576
4291,vieil,0.5303,0.5518
4292,présentée,0.5303,0.5682
4293,duché,0.5302,0.4264
4294,s'ouvrir,0.5302,0.6093
4295,devenus,0.5302,0.4134
4296,éleve,0.5302,0.4079
4297,pardonner,0.5302,0.5269
4298,j'avoue,0.5302,0.5637
4299,défendoit,0.5301,0.6014
4300,l'idée,0.5301,0.5395
4301,braves,0.5301,0.4911
4302,diocèse,0.5301,0.5953
4303,avant,0.5301,0.5235
4304,sortifie,0.5300,0.5090
4305,découverts,0.5300,0.4976
4306,turc,0.5300,0.5681
4307,l'or,0.5300,0.5593
4308,l'entreprendre,0.5300,0.5577
4309,distinguée,0.5300,0.5307
4310,hos,0.5299,0.4322
4311,dite,0.5299,0.5213
4312,batailles,0.5298,0.5404
4313,rude,0.5298,0.5585
4314,sic,0.5298,0.5476
4315,imp,0.5298,0.6606
4316,prédit,0.5297,0.5349
4317,bruit,0.5297,0.5253
4318,mysteres,0.5297,0.5052
4319,j'estime,0.5296,0.6015
4320,jugeant,0.5295,0.5488
4321,délai,0.5295,0.5004
4322,poison,0.5295,0.5627
4323,attentive,0.5295,0.5184
4324,aurre,0.5295,0.5880
4325,certificat,0.5295,0.4791
4326,adresse,0.5295,0.4391
4327,offices,0.5294,0.5218
4328,comite,0.5294,0.6790
4329,intérieurs,0.5294,0.5791
4330,item,0.5293,0.5991
4331,septentrionale,0.5293,0.5084
4332,chrétienne,0.5292,0.5045
4333,roir,0.5291,0.5955
4334,coutumes,0.5291,0.5448
4335,approfondir,0.5291,0.5789
4336,meurt,0.5291,0.5549
4337,recommandable,0.5289,0.6196
4338,riant,0.5289,0.5427
4339,nia,0.5289,0.6056
4340,vcrs,0.5289,0.5923
4341,ilu,0.5288,0.4938
4342,lampe,0.5288,0.4946
4343,honnête,0.5288,0.4846
4344,emporter,0.5288,0.5639
4345,l'usage,0.5288,0.5550
4346,cote,0.5288,0.4750
4347,sérieusement,0.5287,0.4943
4348,s'éleve,0.5287,0.4187
4349,qu'avoit,0.5287,0.5972
4350,uti,0.5287,0.5087
4351,châtelet,0.5286,0.4923
4352,iut,0.5286,0.5411
4353,avances,0.5286,0.4862
4354,aut,0.5286,0.5967
4355,roma,0.5286,0.4456
4356,effort,0.5286,0.5072
4357,poules,0.5286,0.4682
4358,fortifications,0.5285,0.4807
4359,instruire,0.5285,0.5144
4360,dee,0.5285,0.6412
4361,bande,0.5284,0.5165
4362,lecteurs,0.5284,0.4664
4363,l'achat,0.5284,0.5708
4364,équitables,0.5283,0.5003
4365,julte,0.5283,0.5771
4366,sente,0.5283,0.5311
4367,directe,0.5283,0.5655
4368,tranquilles,0.5283,0.4695
4369,ravie,0.5282,0.4481
4370,d'avis,0.5282,0.5752
4371,vingts,0.5282,0.4462
4372,tienne,0.5282,0.5696
4373,convenus,0.5282,0.4748
4374,servius,0.5281,0.5797
4375,petites,0.5281,0.5131
4376,parfait,0.5281,0.5447
4377,crurent,0.5280,0.4099
4378,favorables,0.5280,0.5501
4379,emp,0.5280,0.6739
4380,ouest,0.5280,0.5108
4381,d'esprit,0.5280,0.5572
4382,d'or,0.5279,0.5318
4383,promettre,0.5279,0.5150
4384,bannis,0.5278,0.4988
4385,mince,0.5278,0.4170
4386,traits,0.5278,0.4761
4387,lasse,0.5277,0.4619
4388,angle,0.5277,0.4976
4389,distance,0.5277,0.5349
4390,stipulé,0.5277,0.5302
4391,douzaine,0.5277,0.4820
4392,besoins,0.5276,0.5344
4393,choque,0.5276,0.4929
4394,isa,0.5276,0.5657
4395,lte,0.5275,0.5412
4396,tellier,0.5274,0.5396
4397,labours,0.5274,0.5917
4398,real,0.5273,0.5761
4399,délicat,0.5273,0.4862
4400,serviteur,0.5273,0.4268
4401,tances,0.5272,0.5317
4402,embarrassé,0.5272,0.5917
4403,bâtards,0.5272,0.5743
4404,s'ils,0.5271,0.5737
4405,menti,0.5271,0.5000
4406,quc,0.5271,0.5971
4407,nées,0.5270,0.4807
4408,lal,0.5270,0.5096
4409,boucher,0.5270,0.5112
4410,gn,0.5270,0.4865
4411,cui,0.5270,0.5206
4412,travailla,0.5270,0.5855
4413,cur,0.5269,0.5616
4414,cassé,0.5269,0.5465
4415,maire,0.5269,0.5873
4416,surnommé,0.5269,0.5239
4417,madrid,0.5269,0.5542
4418,deflus,0.5269,0.5815
4419,mufes,0.5269,0.4724
4420,ler,0.5269,0.5580
4421,nre,0.5269,0.5648
4422,julqu'à,0.5269,0.5549
4423,saints,0.5268,0.4581
4424,dz,0.5268,0.5740
4425,touché,0.5268,0.4707
4426,envie,0.5268,0.5285
4427,place,0.5268,0.5710
4428,mouvemens,0.5267,0.4919
4429,l'os,0.5267,0.6242
4430,bourreau,0.5266,0.5483
4431,folles,0.5266,0.5080
4432,mile,0.5266,0.5845
4433,fruitiers,0.5266,0.4998
4434,l'attention,0.5265,0.5167
4435,tuteur,0.5265,0.4638
4436,arpens,0.5265,0.5306
4437,was,0.5264,0.3623
4438,îi,0.5264,0.5460
4439,satis,0.5264,0.4749
4440,conta,0.5263,0.4938
4441,contredits,0.5263,0.4816
4442,engagement,0.5263,0.4775
4443,employé,0.5263,0.5172
4444,créateur,0.5262,0.5383
4445,linge,0.5262,0.4697
4446,rareté,0.5261,0.5773
4447,appaiser,0.5261,0.5413
4448,restoit,0.5261,0.5746
4449,gravée,0.5260,0.5374
4450,sentes,0.5260,0.5637
4451,conserver,0.5260,0.5599
4452,politiques,0.5259,0.4365
4453,entreprises,0.5259,0.4870
4454,ecl,0.5259,0.6051
4455,noms,0.5259,0.5487
4456,repasser,0.5259,0.5719
4457,nitre,0.5258,0.5635
4458,charrue,0.5258,0.5727
4459,j'appelle,0.5257,0.5835
4460,ncr,0.5257,0.5598
4461,profession,0.5257,0.4717
4462,repos,0.5257,0.5349
4463,conçu,0.5257,0.5132
4464,commencer,0.5257,0.6205
4465,montez,0.5256,0.5561
4466,boi,0.5256,0.5139
4467,parlement,0.5256,0.5481
4468,proposent,0.5255,0.4563
4469,sujct,0.5255,0.5846
4470,c'està,0.5255,0.4703
4471,mamellé,0.5254,0.4787
4472,villars,0.5254,0.5015
4473,parvenus,0.5254,0.4400
4474,l'importance,0.5254,0.5211
4475,victimes,0.5253,0.4043
4476,sens,0.5253,0.5472
4477,continuez,0.5253,0.5656
4478,loient,0.5253,0.5474
4479,commissions,0.5252,0.4892
4480,juré,0.5252,0.5419
4481,qu'ont,0.5252,0.5495
4482,démêler,0.5252,0.5983
4483,conservent,0.5252,0.5376
4484,extravagant,0.5252,0.5232
4485,matire,0.5251,0.5899
4486,vile,0.5250,0.5500
4487,sainteté,0.5250,0.4475
4488,cel,0.5250,0.6128
4489,différente,0.5250,0.5028
4490,répon,0.5249,0.5395
4491,temporelles,0.5249,0.5434
4492,flr,0.5249,0.5979
4493,l'engager,0.5248,0.5082
4494,vaisselle,0.5248,0.4867
4495,l'humanité,0.5247,0.4830
4496,multipliant,0.5247,0.5872
4497,néant,0.5247,0.4672
4498,posse,0.5247,0.4257
4499,dispose,0.5246,0.5855
4500,comble,0.5246,0.5021
4501,vienne,0.5246,0.5131
4502,l'honneur,0.5246,0.5313
4503,levée,0.5245,0.5911
4504,yourte,0.5245,0.6073
4505,ccc,0.5245,0.6011
4506,marques,0.5245,0.5865
4507,unis,0.5244,0.4656
4508,fo,0.5244,0.5902
4509,rouler,0.5244,0.5591
4510,soi,0.5244,0.5213
4511,déformais,0.5243,0.5883
4512,clos,0.5243,0.5960
4513,valables,0.5243,0.5813
4514,vei,0.5243,0.5627
4515,avantageusement,0.5243,0.4948
4516,timidité,0.5243,0.4810
4517,représenta,0.5242,0.4974
4518,allumée,0.5242,0.5445
4519,messe,0.5242,0.4750
4520,auditeurs,0.5242,0.5462
4521,bade,0.5242,0.5716
4522,faine,0.5241,0.4768
4523,muraille,0.5241,0.5430
4524,ferré,0.5241,0.5553
4525,quee,0.5240,0.5262
4526,pareil,0.5240,0.5538
4527,jaques,0.5240,0.5464
4528,billets,0.5239,0.4816
4529,doubler,0.5238,0.5521
4530,balles,0.5237,0.5034
4531,compas,0.5237,0.5492
4532,remarquables,0.5237,0.6161
4533,l'oeuvre,0.5237,0.6291
4534,semaine,0.5237,0.5689
4535,s'élève,0.5237,0.5325
4536,itr,0.5237,0.5015
4537,penser,0.5236,0.5352
4538,l'amerique,0.5236,0.4620
4539,toucha,0.5236,0.5489
4540,uli,0.5236,0.5311
4541,apportées,0.5236,0.4683
4542,taut,0.5236,0.5203
4543,signature,0.5235,0.6030
4544,quanto,0.5235,0.4058
4545,iens,0.5234,0.5701
4546,manifeste,0.5234,0.4676
4547,interêt,0.5234,0.5118
4548,l'europe,0.5234,0.5581
4549,autr,0.5234,0.5965
4550,qul,0.5233,0.5672
4551,purs,0.5233,0.5649
4552,vere,0.5233,0.5231
4553,sci,0.5232,0.5815
4554,al,0.5232,0.5790
4555,susdits,0.5231,0.5598
4556,course,0.5231,0.5076
4557,lic,0.5230,0.5027
4558,sss,0.5230,0.5377
4559,infame,0.5229,0.5055
4560,etc,0.5229,0.5876
4561,entendre,0.5229,0.5083
4562,majorité,0.5229,0.4824
4563,consentement,0.5228,0.4914
4564,habitent,0.5228,0.5845
4565,moine,0.5228,0.4983
4566,l'ifle,0.5228,0.4702
4567,enfuite,0.5228,0.5601
4568,attachés,0.5227,0.4537
4569,glorieuse,0.5227,0.5424
4570,scul,0.5227,0.6185
4571,tir,0.5226,0.6121
4572,accordées,0.5226,0.4516
4573,bouches,0.5226,0.4402
4574,soutint,0.5225,0.5888
4575,s'accorde,0.5225,0.5061
4576,prince,0.5225,0.6055
4577,moulins,0.5224,0.4971
4578,fale,0.5224,0.5492
4579,prt,0.5224,0.6109
4580,posée,0.5224,0.5079
4581,poisson,0.5222,0.5338
4582,concorde,0.5221,0.5345
4583,laurent,0.5220,0.5403
4584,qu'avez,0.5220,0.4160
4585,vertueuse,0.5219,0.5510
4586,nen,0.5219,0.5569
4587,zoo,0.5218,0.4736
4588,d'histoire,0.5218,0.5361
4589,oa,0.5218,0.5708
4590,superflus,0.5218,0.5458
4591,suivante,0.5217,0.4982
4592,merite,0.5217,0.4875
4593,provincial,0.5216,0.5355
4594,infinité,0.5216,0.4937
4595,suffisantes,0.5215,0.5651
4596,détroit,0.5215,0.5043
4597,ge,0.5215,0.6454
4598,continuée,0.5215,0.5337
4599,marqués,0.5214,0.4868
4600,dj,0.5214,0.5572
4601,publics,0.5214,0.5727
4602,d'occasions,0.5214,0.4915
4603,abandonna,0.5214,0.5445
4604,flanc,0.5214,0.5574
4605,manquant,0.5214,0.6964
4606,perle,0.5213,0.5297
4607,singe,0.5213,0.5132
4608,intérieure,0.5213,0.5158
4609,scait,0.5212,0.3922
4610,d'ouvrages,0.5212,0.5287
4611,toute,0.5212,0.6438
4612,passe,0.5212,0.4848
4613,gardes,0.5211,0.5847
4614,populo,0.5211,0.4961
4615,stance,0.5210,0.6595
4616,équivoque,0.5210,0.4899
4617,eloge,0.5209,0.4879
4618,infaillible,0.5208,0.5006
4619,susdites,0.5208,0.4534
4620,rur,0.5208,0.5837
4621,l'instruction,0.5208,0.5861
4622,d'autant,0.5208,0.5012
4623,sti,0.5207,0.5466
4624,files,0.5207,0.6118
4625,valeurs,0.5207,0.5979
4626,qur,0.5207,0.5968
4627,ures,0.5206,0.5278
4628,singulier,0.5206,0.5331
4629,reconnue,0.5205,0.6016
4630,accusé,0.5205,0.4797
4631,cio,0.5205,0.4721
4632,clefs,0.5204,0.5086
4633,qu'ainsi,0.5204,0.5414
4634,divertis,0.5204,0.6293
4635,mandement,0.5204,0.4979
4636,iou,0.5203,0.5527
4637,ctl,0.5203,0.5777
4638,confirma,0.5203,0.5553
4639,compofé,0.5203,0.5400
4640,astre,0.5203,0.4226
4641,avantages,0.5202,0.4950
4642,nb,0.5202,0.5934
4643,roide,0.5202,0.5649
4644,s'imaginer,0.5202,0.4720
4645,informer,0.5202,0.5205
4646,tées,0.5202,0.5300
4647,alu,0.5202,0.5744
4648,sachant,0.5201,0.5329
4649,oublier,0.5201,0.5721
4650,liées,0.5200,0.4447
4651,from,0.5200,0.4651
4652,dus,0.5200,0.5461
4653,senti,0.5199,0.6089
4654,contredire,0.5199,0.5118
4655,peti,0.5198,0.6333
4656,guerrier,0.5198,0.5486
4657,égale,0.5198,0.5306
4658,naissante,0.5198,0.5272
4659,ard,0.5198,0.5198
4660,jam,0.5198,0.5070
4661,audacieux,0.5197,0.6030
4662,naturelles,0.5197,0.4458
4663,d'orleans,0.5197,0.5277
4664,rut,0.5197,0.5638
4665,trempé,0.5197,0.5267
4666,denis,0.5196,0.5242
4667,enterrer,0.5196,0.5387
4668,plate,0.5196,0.4679
4669,maritime,0.5196,0.5157
4670,agréables,0.5195,0.5187
4671,ruines,0.5195,0.5241
4672,démonstration,0.5194,0.4529
4673,disposées,0.5194,0.4603
4674,presenter,0.5194,0.5136
4675,l'oblige,0.5194,0.5878
4676,manu,0.5194,0.4835
4677,numero,0.5193,0.5330
4678,lue,0.5193,0.5561
4679,coq,0.5193,0.5285
4680,camp,0.5193,0.5138
4681,relevant,0.5193,0.5330
4682,d'avancer,0.5193,0.5704
4683,renvoye,0.5193,0.4423
4684,poire,0.5193,0.5537
4685,arrets,0.5193,0.4384
4686,disposez,0.5193,0.6392
4687,l'egypte,0.5192,0.4732
4688,l'épaisseur,0.5192,0.4868
4689,incertains,0.5192,0.5444
4690,bailliages,0.5192,0.4153
4691,suffisante,0.5191,0.5624
4692,allée,0.5191,0.4685
4693,défendant,0.5191,0.5354
4694,qli,0.5191,0.5175
4695,destins,0.5190,0.4343
4696,pui,0.5189,0.5803
4697,commettent,0.5189,0.5290
4698,sentimens,0.5189,0.4707
4699,absent,0.5188,0.5806
4700,écri,0.5188,0.6216
4701,foye,0.5188,0.4594
4702,etant,0.5188,0.5629
4703,addition,0.5188,0.5632
4704,d'amsterdam,0.5188,0.4337
4705,gouvernemens,0.5188,0.5029
4706,cni,0.5187,0.5336
4707,besoin,0.5187,0.5737
4708,avcc,0.5187,0.5892
4709,amitié,0.5187,0.4585
4710,déchargé,0.5187,0.5080
4711,repent,0.5187,0.5752
4712,redire,0.5187,0.5497
4713,entr'eux,0.5186,0.5499
4714,dela,0.5185,0.6264
4715,d'action,0.5185,0.6125
4716,l'héritier,0.5185,0.5547
4717,entrées,0.5185,0.4792
4718,oooo,0.5185,0.4793
4719,catherine,0.5185,0.4258
4720,pons,0.5184,0.5977
4721,concert,0.5184,0.5640
4722,luc,0.5184,0.4581
4723,finies,0.5183,0.5198
4724,vs,0.5183,0.5519
4725,tj,0.5183,0.4830
4726,gratuitement,0.5182,0.5459
4727,rencontre,0.5182,0.5241
4728,assurément,0.5182,0.4610
4729,jouant,0.5182,0.5596
4730,crain,0.5181,0.5825
4731,députation,0.5181,0.4685
4732,comté,0.5181,0.3895
4733,contravention,0.5181,0.5327
4734,rie,0.5181,0.6619
4735,ressemblance,0.5181,0.4909
4736,regardons,0.5180,0.5104
4737,teints,0.5180,0.5579
4738,voleur,0.5180,0.5666
4739,particulièrement,0.5179,0.5480
4740,pices,0.5179,0.5894
4741,gens,0.5179,0.5157
4742,renu,0.5179,0.5235
4743,d'exemples,0.5179,0.5071
4744,ige,0.5178,0.5638
4745,drapeaux,0.5178,0.5244
4746,mécontent,0.5178,0.5140
4747,célébrer,0.5178,0.4935
4748,goute,0.5177,0.5634
4749,demande,0.5177,0.5197
4750,pii,0.5176,0.5196
4751,sacrifié,0.5176,0.4939
4752,amuser,0.5176,0.5596
4753,gagner,0.5176,0.5055
4754,unique,0.5175,0.4343
4755,adjudication,0.5175,0.4724
4756,mêlant,0.5174,0.5236
4757,tii,0.5174,0.4875
4758,spirituels,0.5174,0.5304
4759,obtient,0.5174,0.5371
4760,l'archiduc,0.5173,0.4629
4761,mec,0.5173,0.6217
4762,an,0.5173,0.5329
4763,muette,0.5173,0.5831
4764,neutre,0.5173,0.6507
4765,ila,0.5172,0.5659
4766,tm,0.5172,0.4919
4767,bicn,0.5172,0.6046
4768,verbal,0.5172,0.5230
4769,vacations,0.5172,0.5241
4770,ert,0.5172,0.5542
4771,divisé,0.5171,0.5528
4772,sensiblement,0.5170,0.5357
4773,recueil,0.5170,0.4828
4774,musique,0.5169,0.5913
4775,comique,0.5169,0.5770
4776,dureté,0.5168,0.4755
4777,comptoit,0.5168,0.5583
4778,librement,0.5168,0.5372
4779,ste,0.5167,0.5140
4780,legal,0.5167,0.2720
4781,vilité,0.5167,0.6288
4782,fécond,0.5167,0.4959
4783,d'egypte,0.5167,0.5031
4784,ioi,0.5166,0.5297
4785,fiur,0.5166,0.5662
4786,beaucoup,0.5166,0.5350
4787,aban,0.5166,0.5323
4788,gand,0.5166,0.4987
4789,liquidation,0.5166,0.5238
4790,conformité,0.5165,0.5070
4791,confond,0.5165,0.5408
4792,voler,0.5165,0.5214
4793,tombeaux,0.5165,0.4675
4794,vcr,0.5165,0.5319
4795,visité,0.5164,0.6174
4796,courent,0.5164,0.4854
4797,sos,0.5164,0.5838
4798,médiocrement,0.5163,0.6190
4799,choeurs,0.5163,0.5582
4800,consentir,0.5162,0.5053
4801,ivres,0.5161,0.5346
4802,ve,0.5161,0.6303
4803,régle,0.5161,0.3910
4804,extraction,0.5161,0.5230
4805,riches,0.5161,0.4761
4806,vagues,0.5160,0.4997
4807,accès,0.5160,0.4970
4808,changeant,0.5159,0.5381
4809,retraite,0.5159,0.3790
4810,quelqu,0.5158,0.5565
4811,tics,0.5158,0.5610
4812,oni,0.5157,0.5649
4813,exempts,0.5157,0.4112
4814,crû,0.5156,0.4276
4815,quite,0.5156,0.6580
4816,dominer,0.5156,0.5052
4817,classes,0.5156,0.5534
4818,instamment,0.5155,0.4853
4819,czar,0.5155,0.5563
4820,paix,0.5155,0.5191
4821,pains,0.5155,0.5498
4822,strasbourg,0.5154,0.4620
4823,fn,0.5154,0.5257
4824,l'avant,0.5154,0.5521
4825,campagne,0.5154,0.5880
4826,bruxelles,0.5154,0.5614
4827,cultivée,0.5154,0.5564
4828,l'épreuve,0.5153,0.5469
4829,rui,0.5153,0.5991
4830,reçues,0.5153,0.4814
4831,m'empêcher,0.5153,0.5556
4832,iy,0.5153,0.5101
4833,meme,0.5152,0.5758
4834,vicieux,0.5152,0.5323
4835,denys,0.5152,0.6026
4836,maintenant,0.5152,0.5943
4837,gelée,0.5151,0.5274
4838,tournez,0.5151,0.6010
4839,valoir,0.5151,0.5676
4840,l'odeur,0.5150,0.5222
4841,coe,0.5150,0.5875
4842,mcme,0.5149,0.6460
4843,d'hôtel,0.5149,0.6010
4844,sagement,0.5148,0.4824
4845,épaisses,0.5147,0.4611
4846,suisses,0.5147,0.5146
4847,morales,0.5147,0.5112
4848,fièvre,0.5147,0.4971
4849,soulage,0.5147,0.6070
4850,dns,0.5146,0.5768
4851,l'instant,0.5146,0.5234
4852,furies,0.5146,0.6205
4853,l'égalité,0.5146,0.4665
4854,nis,0.5146,0.5290
4855,collation,0.5146,0.5365
4856,tombées,0.5145,0.4755
4857,refie,0.5145,0.5863
4858,obvier,0.5145,0.5821
4859,dm,0.5145,0.5319
4860,cause,0.5144,0.5573
4861,paroit,0.5144,0.5616
4862,rle,0.5144,0.5260
4863,ceu,0.5144,0.5712
4864,nobles,0.5143,0.5997
4865,droi,0.5143,0.5323
4866,i'e,0.5142,0.5377
4867,ric,0.5142,0.5673
4868,redevables,0.5141,0.4968
4869,l'esclavage,0.5141,0.5599
4870,vieillard,0.5141,0.5236
4871,aii,0.5141,0.5277
4872,leveur,0.5141,0.5409
4873,poing,0.5141,0.5259
4874,plats,0.5141,0.5048
4875,ennemis,0.5140,0.4657
4876,superieur,0.5140,0.6242
4877,l'estime,0.5140,0.4743
4878,tables,0.5140,0.5056
4879,tre,0.5140,0.5871
4880,collet,0.5140,0.6102
4881,alle,0.5140,0.6031
4882,d'aujourd'hui,0.5139,0.5757
4883,oraison,0.5139,0.5220
4884,mortes,0.5139,0.5566
4885,privée,0.5139,0.5715
4886,considerable,0.5138,0.5156
4887,banc,0.5138,0.5433
4888,comprises,0.5138,0.5190
4889,preface,0.5138,0.4696
4890,vendant,0.5137,0.5069
4891,humilité,0.5137,0.5064
4892,dtu,0.5137,0.5284
4893,ru,0.5137,0.5458
4894,domestiques,0.5136,0.4827
4895,franchise,0.5136,0.5007
4896,ronde,0.5135,0.3808
4897,poulie,0.5135,0.4848
4898,rendant,0.5134,0.5174
4899,passeroit,0.5134,0.5559
4900,fatal,0.5134,0.4560
4901,fraîche,0.5134,0.4833
4902,protestation,0.5133,0.4878
4903,augmentent,0.5133,0.5490
4904,dépeint,0.5133,0.5871
4905,mariées,0.5133,0.5537
4906,til,0.5133,0.5482
4907,corrompu,0.5132,0.4423
4908,successeur,0.5132,0.4667
4909,tait,0.5132,0.5381
4910,rin,0.5132,0.5836
4911,amene,0.5132,0.5292
4912,vatican,0.5132,0.5092
4913,assure,0.5131,0.5671
4914,ill,0.5131,0.5059
4915,troyes,0.5131,0.4661
4916,fu,0.5131,0.6343
4917,trompeurs,0.5131,0.5129
4918,motte,0.5130,0.5929
4919,c'c,0.5130,0.5809
4920,l'assemblée,0.5130,0.5202
4921,insulter,0.5128,0.5472
4922,iq,0.5128,0.4893
4923,héréditaire,0.5128,0.4696
4924,uno,0.5127,0.4699
4925,vante,0.5127,0.4979
4926,pigeon,0.5127,0.4772
4927,vive,0.5127,0.5424
4928,plût,0.5127,0.4512
4929,déclarations,0.5126,0.4266
4930,ambassadeurs,0.5126,0.4806
4931,rti,0.5126,0.4803
4932,cx,0.5125,0.5484
4933,mande,0.5124,0.5499
4934,encre,0.5124,0.6289
4935,rent,0.5123,0.5390
4936,j'a,0.5123,0.5237
4937,vivere,0.5123,0.4297
4938,scl,0.5123,0.5548
4939,difficult,0.5122,0.3936
4940,make,0.5122,0.3960
4941,rive,0.5121,0.4898
4942,contes,0.5121,0.5564
4943,l'efpagne,0.5121,0.5109
4944,natures,0.5120,0.5754
4945,là,0.5120,0.5455
4946,verge,0.5120,0.4974
4947,gré,0.5120,0.4485
4948,crue,0.5119,0.5674
4949,jaloufie,0.5119,0.4605
4950,esclave,0.5119,0.5198
4951,j'y,0.5119,0.4897
4952,l'un,0.5118,0.4769
4953,flammes,0.5118,0.4790
4954,parvenir,0.5118,0.5615
4955,obligeant,0.5118,0.5748
4956,protester,0.5118,0.4969
4957,traduits,0.5118,0.4278
4958,rapportant,0.5117,0.4898
4959,marchande,0.5117,0.5505
4960,nmais,0.5117,0.7166
4961,d'épée,0.5117,0.5744
4962,lous,0.5116,0.4866
4963,s'i,0.5115,0.6209
4964,éteindre,0.5114,0.4602
4965,retirant,0.5114,0.4972
4966,seigneuries,0.5113,0.5098
4967,honteuse,0.5113,0.4915
4968,public,0.5113,0.4291
4969,reporter,0.5113,0.5477
4970,citoyens,0.5112,0.5241
4971,solidement,0.5112,0.5425
4972,levé,0.5112,0.5140
4973,cla,0.5112,0.5974
4974,édifice,0.5112,0.4339
4975,hit,0.5112,0.6005
4976,j'en,0.5111,0.5406
4977,n'aye,0.5111,0.4353
4978,of,0.5111,0.5279
4979,combat,0.5111,0.4692
4980,commission,0.5110,0.4244
4981,db,0.5109,0.6087
4982,autrui,0.5109,0.5669
4983,d'observer,0.5108,0.5822
4984,veine,0.5108,0.5532
4985,nourri,0.5108,0.4774
4986,l'arrivée,0.5108,0.6044
4987,ule,0.5107,0.5697
4988,l'écorce,0.5107,0.4594
4989,fenêtres,0.5107,0.4596
4990,oii,0.5106,0.5773
4991,conclusions,0.5106,0.4964
4992,moral,0.5106,0.5403
4993,go,0.5106,0.5324
4994,tourmenter,0.5106,0.4708
4995,redoutable,0.5105,0.5262
4996,occupent,0.5104,0.5069
4997,sai,0.5104,0.4651
4998,scio,0.5104,0.4901
4999,incontestable,0.5104,0.4521
5000,dure,0.5104,0.4951
5001,qo,0.5104,0.5127
5002,fid,0.5104,0.4907
5003,nte,0.5104,0.5144
5004,récompense,0.5103,0.4525
5005,respe,0.5103,0.5449
5006,lettres,0.5103,0.5380
5007,ij,0.5102,0.6128
5008,sua,0.5102,0.4659
5009,e'e,0.5102,0.6177
5010,riens,0.5102,0.5654
5011,piquer,0.5101,0.4597
5012,prs,0.5101,0.5492
5013,nettement,0.5101,0.4975
5014,suivie,0.5101,0.4774
5015,js,0.5100,0.5301
5016,commencez,0.5100,0.5841
5017,gâte,0.5100,0.4766
5018,propose,0.5100,0.4939
5019,mariniers,0.5100,0.5249
5020,verité,0.5099,0.4951
5021,parte,0.5099,0.6159
5022,effectivement,0.5099,0.6123
5023,lix,0.5098,0.5232
5024,clairs,0.5098,0.5268
5025,dona,0.5098,0.5933
5026,l'injustice,0.5098,0.4885
5027,cachée,0.5098,0.6486
5028,desir,0.5097,0.5504
5029,confulat,0.5097,0.3667
5030,chant,0.5097,0.5457
5031,cm,0.5097,0.5422
5032,rons,0.5097,0.4507
5033,dixmes,0.5097,0.5618
5034,reviens,0.5096,0.4361
5035,ea,0.5096,0.5893
5036,ajoutée,0.5096,0.3964
5037,d'efpagne,0.5096,0.5019
5038,vérité,0.5096,0.4601
5039,th,0.5096,0.5791
5040,lin,0.5095,0.5874
5041,mau,0.5095,0.5748
5042,tic,0.5095,0.5404
5043,vrai,0.5095,0.5134
5044,ub,0.5095,0.4631
5045,poignée,0.5094,0.4582
5046,verre,0.5094,0.4863
5047,conservez,0.5093,0.5821
5048,méme,0.5093,0.5896
5049,rne,0.5092,0.5552
5050,d'ail,0.5091,0.4853
5051,cie,0.5091,0.5900
5052,offroit,0.5091,0.4424
5053,noces,0.5091,0.5456
5054,bagage,0.5091,0.4950
5055,corrompre,0.5091,0.4727
5056,cp,0.5090,0.5292
5057,l'attachement,0.5090,0.4973
5058,ua,0.5090,0.5443
5059,postérité,0.5090,0.4406
5060,brouiller,0.5089,0.4960
5061,elle,0.5089,0.5804
5062,aucuns,0.5089,0.4698
5063,lii,0.5089,0.5658
5064,l'afie,0.5089,0.5170
5065,marchant,0.5089,0.5394
5066,germain,0.5089,0.4402
5067,pernicieux,0.5088,0.5163
5068,pp,0.5088,0.6381
5069,ecclésiastiques,0.5088,0.4782
5070,débite,0.5088,0.5316
5071,nommer,0.5088,0.4615
5072,mt,0.5088,0.5548
5073,injustement,0.5087,0.5093
5074,perdit,0.5087,0.4496
5075,imo,0.5087,0.4569
5076,cap,0.5086,0.5814
5077,préparer,0.5086,0.5544
5078,liaisons,0.5086,0.4818
5079,refaits,0.5085,0.4456
5080,foudre,0.5085,0.4728
5081,abîme,0.5084,0.4912
5082,définition,0.5084,0.5125
5083,d'auvergne,0.5084,0.5513
5084,renversé,0.5084,0.5068
5085,querelle,0.5084,0.5330
5086,plufieurs,0.5083,0.5701
5087,ages,0.5083,0.5302
5088,my,0.5082,0.5149
5089,débris,0.5082,0.5982
5090,soufle,0.5082,0.6453
5091,enseignent,0.5082,0.5081
5092,vincent,0.5081,0.4363
5093,well,0.5081,0.3765
5094,plaisirs,0.5081,0.5392
5095,mahomet,0.5081,0.5536
5096,pai,0.5081,0.5888
5097,iooo,0.5080,0.4753
5098,passage,0.5080,0.5500
5099,manier,0.5079,0.5087
5100,idu,0.5079,0.5575
5101,important,0.5079,0.4660
5102,faces,0.5079,0.5016
5103,impériale,0.5078,0.5748
5104,intentions,0.5078,0.4949
5105,étrangère,0.5078,0.4789
5106,l'apprendre,0.5078,0.6051
5107,serments,0.5077,0.4846
5108,retirés,0.5077,0.4619
5109,uin,0.5076,0.5403
5110,dûs,0.5076,0.4427
5111,emportent,0.5075,0.4983
5112,née,0.5075,0.4680
5113,testamens,0.5075,0.5092
5114,sanglant,0.5075,0.5255
5115,ivre,0.5074,0.6214
5116,empêcha,0.5074,0.5187
5117,tandis,0.5074,0.5371
5118,poste,0.5074,0.5171
5119,mii,0.5073,0.5227
5120,favorable,0.5073,0.5429
5121,mortelle,0.5073,0.4642
5122,rn,0.5073,0.4721
5123,mieux,0.5072,0.5692
5124,sel,0.5072,0.5246
5125,utilité,0.5071,0.5018
5126,loué,0.5071,0.5581
5127,vc,0.5071,0.5183
5128,lorsque,0.5070,0.5075
5129,pia,0.5069,0.4748
5130,fourmis,0.5069,0.5240
5131,iune,0.5069,0.6138
5132,anc,0.5069,0.5829
5133,cq,0.5068,0.5289
5134,pierrot,0.5067,0.4594
5135,l'art,0.5067,0.5064
5136,bre,0.5066,0.4683
5137,licence,0.5066,0.4931
5138,inclusivement,0.5066,0.5479
5139,sac,0.5065,0.5718
5140,api,0.5065,0.5588
5141,unc,0.5065,0.5528
5142,asi,0.5065,0.5656
5143,embarras,0.5065,0.4554
5144,reglement,0.5064,0.4872
5145,bona,0.5064,0.4067
5146,volé,0.5064,0.4619
5147,perc,0.5064,0.4473
5148,percé,0.5064,0.4953
5149,lut,0.5063,0.5339
5150,consul,0.5063,0.5186
5151,done,0.5063,0.6178
5152,ions,0.5063,0.4806
5153,rece,0.5063,0.5600
5154,cabaret,0.5062,0.5405
5155,fournie,0.5062,0.5559
5156,vil,0.5061,0.5529
5157,qs,0.5061,0.6346
5158,claudius,0.5061,0.4605
5159,rei,0.5061,0.4996
5160,ioit,0.5061,0.5449
5161,uo,0.5061,0.4760
5162,conséquent,0.5060,0.4120
5163,scroit,0.5060,0.5909
5164,miles,0.5059,0.5798
5165,ant,0.5059,0.5732
5166,choqué,0.5059,0.5219
5167,léger,0.5059,0.4723
5168,with,0.5059,0.4807
5169,moderne,0.5059,0.5561
5170,paroitra,0.5059,0.5456
5171,inquiet,0.5058,0.4884
5172,canaux,0.5058,0.4388
5173,sceptre,0.5058,0.4880
5174,her,0.5058,0.4736
5175,arts,0.5058,0.5235
5176,pourvu,0.5058,0.3484
5177,ubi,0.5058,0.4746
5178,menues,0.5057,0.5302
5179,l'ambition,0.5057,0.4598
5180,pepin,0.5056,0.5525
5181,maîtreffe,0.5055,0.4102
5182,nee,0.5055,0.5237
5183,porté,0.5055,0.5317
5184,subtile,0.5055,0.4748
5185,employa,0.5054,0.5475
5186,fable,0.5054,0.4736
5187,richesse,0.5054,0.5306
5188,nv,0.5054,0.5536
5189,use,0.5054,0.4591
5190,romans,0.5054,0.5507
5191,fides,0.5053,0.4597
5192,changent,0.5053,0.5362
5193,rl,0.5053,0.4798
5194,gracieux,0.5052,0.4740
5195,étrangeres,0.5052,0.4280
5196,duroit,0.5052,0.5336
5197,âges,0.5051,0.5010
5198,perfide,0.5051,0.4005
5199,fort,0.5049,0.4713
5200,vifible,0.5049,0.5014
5201,soit,0.5049,0.5187
5202,ers,0.5049,0.5193
5203,représentent,0.5048,0.4942
5204,léon,0.5048,0.4665
5205,accords,0.5048,0.4861
5206,quittes,0.5048,0.4828
5207,jn,0.5048,0.5143
5208,lia,0.5048,0.5638
5209,teinture,0.5048,0.5811
5210,fic,0.5048,0.5145
5211,fier,0.5047,0.4668
5212,tia,0.5047,0.4446
5213,etat,0.5047,0.5033
5214,constance,0.5047,0.4803
5215,raisonnemens,0.5046,0.4635
5216,pete,0.5046,0.5299
5217,tragique,0.5046,0.5007
5218,lli,0.5046,0.4754
5219,réciproquement,0.5046,0.4951
5220,d'équité,0.5046,0.5501
5221,boiteux,0.5046,0.6077
5222,m'étonne,0.5046,0.4588
5223,spirituelles,0.5046,0.4891
5224,proposer,0.5045,0.4423
5225,tentative,0.5045,0.5542
5226,moisson,0.5045,0.5091
5227,lts,0.5045,0.5387
5228,pointu,0.5044,0.4354
5229,examine,0.5043,0.5316
5230,trouvés,0.5043,0.4463
5231,accueil,0.5043,0.5076
5232,confirmation,0.5043,0.4935
5233,dicu,0.5043,0.5666
5234,us,0.5043,0.5385
5235,ténèbres,0.5043,0.5373
5236,bataille,0.5043,0.4932
5237,foit,0.5042,0.5250
5238,parée,0.5042,0.5888
5239,observant,0.5042,0.4712
5240,police,0.5042,0.4662
5241,bt,0.5042,0.5127
5242,leo,0.5042,0.5507
5243,nuls,0.5042,0.5058
5244,entièrement,0.5041,0.5464
5245,dun,0.5041,0.5375
5246,désordre,0.5041,0.4616
5247,doutez,0.5041,0.4812
5248,perdez,0.5040,0.4210
5249,ferme,0.5040,0.5481
5250,ax,0.5040,0.5227
5251,l'éloignement,0.5040,0.5981
5252,relier,0.5039,0.5837
5253,elizabeth,0.5039,0.4292
5254,joindre,0.5039,0.5158
5255,tot,0.5038,0.4731
5256,vaille,0.5037,0.4854
5257,courans,0.5037,0.5384
5258,conversations,0.5037,0.4570
5259,lés,0.5036,0.5860
5260,allure,0.5036,0.5939
5261,aris,0.5036,0.5777
5262,excessive,0.5036,0.5173
5263,approuve,0.5036,0.4831
5264,cra,0.5035,0.6025
5265,pieux,0.5035,0.5326
5266,coupent,0.5034,0.4451
5267,d'office,0.5034,0.4975
5268,donnons,0.5034,0.5916
5269,qie,0.5034,0.5482
5270,persuada,0.5034,0.4875
5271,l'hom,0.5034,0.5035
5272,lols,0.5032,0.4374
5273,thomas,0.5032,0.5046
5274,chaffe,0.5032,0.5609
5275,grosse,0.5032,0.5122
5276,michel,0.5031,0.5026
5277,ferr,0.5031,0.4668
5278,fermens,0.5031,0.4426
5279,magno,0.5031,0.3813
5280,disgrâce,0.5031,0.4258
5281,d'impression,0.5030,0.4868
5282,sentit,0.5029,0.5255
5283,suivantes,0.5029,0.5210
5284,gc,0.5029,0.5247
5285,veines,0.5029,0.4656
5286,connues,0.5028,0.5463
5287,réparer,0.5028,0.4549
5288,fameux,0.5028,0.4960
5289,fot,0.5028,0.5419
5290,enregistrées,0.5028,0.4061
5291,plongé,0.5028,0.5100
5292,chevaliers,0.5027,0.5305
5293,canne,0.5027,0.4538
5294,ilest,0.5026,0.5730
5295,pouir,0.5026,0.5482
5296,lti,0.5026,0.5061
5297,piques,0.5026,0.4696
5298,edifices,0.5026,0.4794
5299,anonyme,0.5026,0.4982
5300,cadavre,0.5025,0.5284
5301,toulouse,0.5024,0.5060
5302,az,0.5024,0.5195
5303,embrassé,0.5024,0.4633
5304,peinte,0.5023,0.4466
5305,demandons,0.5023,0.4375
5306,aue,0.5023,0.6668
5307,vision,0.5023,0.5153
5308,échange,0.5022,0.5845
5309,attentat,0.5022,0.4029
5310,iit,0.5022,0.5170
5311,iir,0.5021,0.5617
5312,aveugle,0.5021,0.4785
5313,manuscrit,0.5021,0.4369
5314,délices,0.5021,0.5276
5315,gages,0.5020,0.4637
5316,fiere,0.5020,0.5265
5317,iai,0.5020,0.4888
5318,apparences,0.5019,0.4593
5319,pénétration,0.5019,0.4811
5320,pir,0.5019,0.5488
5321,revers,0.5018,0.5413
5322,d'autrui,0.5018,0.5028
5323,décrier,0.5018,0.5510
5324,l'l,0.5018,0.4969
5325,testament,0.5017,0.5349
5326,employe,0.5017,0.4681
5327,compta,0.5017,0.5117
5328,choeur,0.5016,0.4604
5329,objection,0.5016,0.5287
5330,ravis,0.5016,0.4934
5331,u'ils,0.5016,0.5778
5332,avoué,0.5015,0.4844
5333,grands,0.5015,0.5488
5334,doigt,0.5015,0.4702
5335,imagination,0.5015,0.4761
5336,j'admire,0.5014,0.5309
5337,joye,0.5014,0.3530
5338,tarde,0.5014,0.5663
5339,avarice,0.5014,0.4368
5340,planche,0.5013,0.5101
5341,impunément,0.5013,0.5031
5342,ptolomée,0.5012,0.6099
5343,perches,0.5012,0.4739
5344,tourment,0.5012,0.4507
5345,attributs,0.5012,0.4632
5346,aune,0.5011,0.4562
5347,obligations,0.5011,0.5415
5348,rangers,0.5011,0.5684
5349,sucre,0.5010,0.4924
5350,range,0.5010,0.5295
5351,epitre,0.5010,0.4670
5352,vols,0.5010,0.5665
5353,originairement,0.5010,0.4873
5354,rendront,0.5009,0.5223
5355,s'accommoder,0.5009,0.4792
5356,corne,0.5009,0.5566
5357,considéré,0.5009,0.4860
5358,vue,0.5009,0.4684
5359,contra,0.5008,0.5217
5360,domain,0.5008,0.3262
5361,jurez,0.5008,0.5071
5362,suivit,0.5008,0.5119
5363,tigre,0.5007,0.5335
5364,s'expliquer,0.5007,0.5673
5365,lieu,0.5007,0.5365
5366,l'infini,0.5007,0.4627
5367,sur,0.5007,0.5288
5368,fievre,0.5006,0.5168
5369,dli,0.5006,0.5295
5370,georges,0.5006,0.5012
5371,rebuter,0.5005,0.4602
5372,vivroit,0.5005,0.5563
5373,ferment,0.5005,0.4804
5374,corrige,0.5005,0.4889
5375,pille,0.5004,0.6282
5376,refuge,0.5003,0.5898
5377,avare,0.5003,0.4671
5378,allarmes,0.5003,0.4571
5379,rares,0.5002,0.4350
5380,cruauté,0.5002,0.4093
5381,estimée,0.5002,0.5310
5382,mnme,0.5002,0.6285
5383,compose,0.5002,0.5385
5384,epoux,0.5002,0.4052
5385,d'oublier,0.5001,0.5805
5386,chaine,0.5001,0.5412
5387,pourvus,0.5000,0.4884
5388,iri,0.5000,0.4694
5389,brutal,0.4999,0.5224
5390,successivement,0.4999,0.4962
5391,allés,0.4998,0.5472
5392,fabriques,0.4998,0.4845
5393,peindre,0.4998,0.5423
5394,voisin,0.4998,0.5097
5395,épargné,0.4997,0.4901
5396,pied,0.4997,0.5505
5397,disons,0.4997,0.5097
5398,tâcher,0.4996,0.4851
5399,relevent,0.4996,0.4620
5400,datte,0.4996,0.3962
5401,lisant,0.4996,0.5032
5402,réel,0.4996,0.4450
5403,renvoie,0.4996,0.5065
5404,nf,0.4996,0.5020
5405,jurisdiction,0.4996,0.5211
5406,vanité,0.4996,0.4400
5407,s'en,0.4995,0.4942
5408,l'événement,0.4995,0.5373
5409,will,0.4995,0.3932
5410,gentil,0.4995,0.5374
5411,fervant,0.4994,0.5556
5412,cett,0.4994,0.5933
5413,conseils,0.4994,0.5055
5414,réduite,0.4993,0.5563
5415,abus,0.4993,0.4162
5416,résoudre,0.4993,0.4374
5417,étroites,0.4993,0.5332
5418,consciences,0.4993,0.4818
5419,entr,0.4993,0.5144
5420,l'c,0.4992,0.5492
5421,suisse,0.4992,0.5636
5422,communiquée,0.4992,0.5484
5423,have,0.4992,0.4546
5424,n'ignore,0.4992,0.4939
5425,remis,0.4992,0.5386
5426,qa,0.4992,0.4951
5427,contr'eux,0.4992,0.4870
5428,raisin,0.4992,0.5091
5429,fontaine,0.4991,0.4629
5430,tn,0.4991,0.5293
5431,mre,0.4990,0.6483
5432,augmentoit,0.4990,0.5659
5433,pénible,0.4990,0.4922
5434,cic,0.4989,0.5417
5435,fou,0.4989,0.5920
5436,enten,0.4989,0.6045
5437,queues,0.4989,0.4900
5438,ante,0.4989,0.5326
5439,normand,0.4989,0.5567
5440,d'animaux,0.4988,0.4479
5441,fj,0.4988,0.4852
5442,l'admiration,0.4988,0.5133
5443,usages,0.4988,0.5491
5444,médailles,0.4988,0.5080
5445,iers,0.4987,0.4815
5446,ols,0.4987,0.4253
5447,renfort,0.4987,0.6164
5448,d'acheter,0.4987,0.5460
5449,necessaire,0.4987,0.5216
5450,enquêtes,0.4987,0.5024
5451,sn,0.4986,0.5205
5452,d'officiers,0.4986,0.5826
5453,éclater,0.4986,0.4060
5454,accompagnent,0.4986,0.4981
5455,c'a,0.4986,0.4208
5456,envieux,0.4986,0.4695
5457,s'appelle,0.4986,0.4992
5458,but,0.4985,0.4360
5459,causent,0.4985,0.5140
5460,accompagnée,0.4985,0.5208
5461,tirer,0.4984,0.5028
5462,mart,0.4984,0.5876
5463,surprenant,0.4984,0.5202
5464,peste,0.4984,0.4493
5465,etrangeres,0.4984,0.5184
5466,sentons,0.4984,0.3779
5467,l'élévation,0.4984,0.6162
5468,poussé,0.4984,0.5031
5469,isi,0.4983,0.5294
5470,ilt,0.4983,0.4793
5471,prophete,0.4983,0.5655
5472,qu'à,0.4983,0.5553
5473,réformation,0.4983,0.4767
5474,ruine,0.4983,0.4611
5475,l'affection,0.4982,0.5334
5476,épreuve,0.4982,0.4901
5477,uine,0.4982,0.5623
5478,éloignement,0.4982,0.5038
5479,aigre,0.4981,0.4676
5480,fatis,0.4981,0.4356
5481,représenter,0.4980,0.5426
5482,bénéfice,0.4980,0.5282
5483,imité,0.4980,0.4979
5484,due,0.4980,0.5199
5485,hs,0.4980,0.5670
5486,dn,0.4979,0.5158
5487,l'urine,0.4979,0.5310
5488,donr,0.4979,0.5604
5489,bourbon,0.4979,0.4725
5490,daniel,0.4979,0.4486
5491,drois,0.4979,0.5742
5492,yous,0.4979,0.4995
5493,ka,0.4978,0.5573
5494,exercices,0.4978,0.5779
5495,piés,0.4978,0.4494
5496,laifle,0.4978,0.5612
5497,d'admirer,0.4977,0.5168
5498,dcux,0.4977,0.5116
5499,recouvrer,0.4977,0.5310
5500,plaisant,0.4976,0.4999
5501,duo,0.4976,0.5220
5502,esse,0.4975,0.5173
5503,vainement,0.4975,0.5451
5504,signé,0.4975,0.4482
5505,mcs,0.4974,0.6235
5506,familiers,0.4974,0.4970
5507,demeurez,0.4974,0.4821
5508,l'interêt,0.4973,0.5305
5509,atteinte,0.4973,0.4605
5510,infortuné,0.4973,0.4860
5511,ient,0.4972,0.4912
5512,dei,0.4971,0.5437
5513,d'estime,0.4971,0.4764
5514,d'exprimer,0.4971,0.6006
5515,écrit,0.4971,0.5071
5516,marin,0.4971,0.5793
5517,éclats,0.4970,0.4798
5518,fors,0.4970,0.5879
5519,pompes,0.4970,0.5069
5520,lae,0.4969,0.5633
5521,quli,0.4969,0.5498
5522,rv,0.4969,0.4718
5523,huissier,0.4969,0.2918
5524,divinité,0.4969,0.5818
5525,contenir,0.4969,0.5033
5526,tcs,0.4968,0.5455
5527,leçons,0.4968,0.4847
5528,craignons,0.4967,0.4541
5529,complots,0.4967,0.4029
5530,cci,0.4966,0.4999
5531,fel,0.4966,0.4750
5532,ous,0.4966,0.5099
5533,injures,0.4966,0.4016
5534,orange,0.4965,0.5328
5535,caracteres,0.4965,0.5191
5536,rues,0.4964,0.4955
5537,commerces,0.4964,0.4799
5538,casse,0.4964,0.5131
5539,fondemens,0.4963,0.4404
5540,perdirent,0.4963,0.4888
5541,christophe,0.4963,0.4943
5542,d'a,0.4963,0.6162
5543,ordonnons,0.4963,0.3760
5544,fignifier,0.4962,0.4750
5545,tinrent,0.4962,0.4877
5546,confesseur,0.4962,0.5062
5547,iiu,0.4962,0.5221
5548,avoine,0.4962,0.5610
5549,bourges,0.4961,0.3977
5550,prix,0.4961,0.5355
5551,commencera,0.4961,0.5249
5552,signifient,0.4960,0.5574
5553,cours,0.4960,0.5113
5554,retiennent,0.4960,0.5388
5555,douaire,0.4959,0.4774
5556,lce,0.4959,0.5311
5557,marseille,0.4959,0.4669
5558,réduction,0.4959,0.6223
5559,merveilles,0.4958,0.5052
5560,oil,0.4958,0.5614
5561,lins,0.4957,0.5834
5562,suprême,0.4957,0.4725
5563,rp,0.4956,0.5225
5564,lau,0.4956,0.6333
5565,l'esclave,0.4954,0.5737
5566,ajoute,0.4954,0.5723
5567,lorsqu'il,0.4954,0.5075
5568,die,0.4954,0.6178
5569,ponts,0.4953,0.5017
5570,humaine,0.4953,0.5215
5571,sciences,0.4953,0.4540
5572,ouvrant,0.4953,0.5170
5573,fieurs,0.4953,0.5023
5574,genou,0.4953,0.4319
5575,richard,0.4953,0.4973
5576,iix,0.4952,0.4975
5577,enleva,0.4952,0.5829
5578,honnêtes,0.4952,0.4232
5579,entrez,0.4951,0.5066
5580,d'instruire,0.4951,0.5422
5581,elf,0.4951,0.4667
5582,pls,0.4951,0.5659
5583,s'enrichir,0.4951,0.5084
5584,butin,0.4950,0.5530
5585,continué,0.4950,0.4951
5586,suédois,0.4950,0.5083
5587,zz,0.4950,0.5104
5588,cabales,0.4950,0.4181
5589,frontieres,0.4950,0.4560
5590,d'afrique,0.4950,0.5537
5591,dépendant,0.4950,0.5556
5592,fecourir,0.4949,0.5329
5593,feur,0.4949,0.6009
5594,ins,0.4949,0.5217
5595,fidélité,0.4949,0.4475
5596,voi,0.4948,0.5431
5597,ferdinand,0.4948,0.4519
5598,rii,0.4948,0.4818
5599,ct,0.4947,0.5466
5600,tribu,0.4947,0.4819
5601,c'els,0.4947,0.4564
5602,respects,0.4947,0.4246
5603,continuoit,0.4947,0.5526
5604,inconnus,0.4946,0.4259
5605,uu,0.4946,0.5475
5606,elc,0.4946,0.6309
5607,ventre,0.4946,0.5178
5608,naufrage,0.4946,0.6136
5609,aife,0.4946,0.4729
5610,d'abus,0.4946,0.5498
5611,queje,0.4945,0.5090
5612,impies,0.4944,0.5436
5613,registre,0.4944,0.5002
5614,pousser,0.4944,0.5036
5615,surmonter,0.4944,0.4730
5616,élevez,0.4944,0.5586
5617,tcr,0.4943,0.5247
5618,haine,0.4943,0.4066
5619,tirez,0.4943,0.5402
5620,souhaité,0.4941,0.4612
5621,nm,0.4941,0.4827
5622,exposés,0.4941,0.4139
5623,sujer,0.4941,0.5091
5624,président,0.4941,0.6066
5625,occasion,0.4940,0.4935
5626,saine,0.4940,0.5993
5627,mus,0.4940,0.5116
5628,inventer,0.4939,0.4291
5629,serpens,0.4939,0.4853
5630,pratiquent,0.4939,0.4776
5631,corpus,0.4939,0.3987
5632,exposez,0.4938,0.6072
5633,intendant,0.4938,0.4578
5634,lorraine,0.4938,0.4640
5635,lg,0.4938,0.5041
5636,ouvrier,0.4938,0.5443
5637,ry,0.4938,0.4880
5638,lir,0.4937,0.5540
5639,moilon,0.4937,0.4848
5640,ele,0.4936,0.5718
5641,idem,0.4936,0.6220
5642,d'etre,0.4936,0.5775
5643,sacrement,0.4936,0.5231
5644,combler,0.4936,0.4196
5645,defaire,0.4936,0.5690
5646,grasse,0.4935,0.4598
5647,metre,0.4935,0.6241
5648,doute,0.4934,0.4561
5649,tenir,0.4934,0.4747
5650,qu'i,0.4933,0.5271
5651,certain,0.4933,0.4808
5652,plane,0.4933,0.4899
5653,creuser,0.4933,0.5262
5654,paternel,0.4932,0.5009
5655,valeur,0.4932,0.5739
5656,augmenté,0.4932,0.5511
5657,l'épouser,0.4932,0.5217
5658,sembla,0.4932,0.5606
5659,convertit,0.4932,0.4935
5660,compte,0.4932,0.5640
5661,am,0.4931,0.5418
5662,durera,0.4930,0.5664
5663,causer,0.4930,0.4449
5664,directement,0.4930,0.5089
5665,explication,0.4929,0.5077
5666,manquoit,0.4929,0.5062
5667,retenus,0.4929,0.4813
5668,régler,0.4929,0.4169
5669,incessamment,0.4929,0.4609
5670,abandonné,0.4928,0.4696
5671,infailliblement,0.4928,0.5396
5672,ess,0.4928,0.5150
5673,meurtre,0.4928,0.5377
5674,cham,0.4927,0.5383
5675,os,0.4927,0.5196
5676,secret,0.4927,0.6067
5677,gregoire,0.4927,0.4811
5678,modele,0.4927,0.5086
5679,rb,0.4927,0.5117
5680,eme,0.4926,0.6074
5681,manque,0.4925,0.4945
5682,d'attirer,0.4925,0.5220
5683,tonnerre,0.4924,0.4885
5684,souhaite,0.4924,0.4413
5685,peu,0.4924,0.5018
5686,dose,0.4924,0.5603
5687,séparée,0.4924,0.5432
5688,sauvez,0.4924,0.5638
5689,discipline,0.4923,0.4588
5690,garnir,0.4923,0.5001
5691,coulent,0.4923,0.4397
5692,conséquence,0.4923,0.4459
5693,million,0.4923,0.5470
5694,quo,0.4922,0.5308
5695,poin,0.4922,0.5759
5696,représente,0.4922,0.4901
5697,enfers,0.4922,0.4573
5698,bol,0.4921,0.5144
5699,annoncé,0.4921,0.4802
5700,relief,0.4921,0.5459
5701,monnoies,0.4921,0.4502
5702,insupportable,0.4920,0.4362
5703,batteries,0.4920,0.5377
5704,furieux,0.4920,0.4750
5705,daigne,0.4920,0.5736
5706,rm,0.4920,0.4737
5707,d'espérance,0.4920,0.5177
5708,reines,0.4919,0.4425
5709,orages,0.4919,0.4287
5710,parfums,0.4918,0.5188
5711,vives,0.4918,0.4831
5712,tirons,0.4918,0.3969
5713,di,0.4917,0.5616
5714,qu'avec,0.4917,0.5228
5715,maximes,0.4917,0.4209
5716,continuel,0.4917,0.4367
5717,actuellement,0.4917,0.5558
5718,profité,0.4917,0.5306
5719,ner,0.4917,0.4755
5720,extrême,0.4917,0.5360
5721,caux,0.4916,0.5941
5722,suivre,0.4916,0.5620
5723,comptables,0.4915,0.5002
5724,l'entretenir,0.4914,0.5551
5725,absence,0.4914,0.4698
5726,cessé,0.4914,0.4306
5727,suc,0.4913,0.4929
5728,inde,0.4913,0.4940
5729,l'imagination,0.4913,0.5516
5730,tis,0.4913,0.4748
5731,destine,0.4913,0.4878
5732,cuve,0.4912,0.5192
5733,coeur,0.4912,0.4951
5734,décide,0.4912,0.4680
5735,fols,0.4912,0.4704
5736,tx,0.4911,0.5299
5737,hait,0.4911,0.5361
5738,puissants,0.4911,0.5640
5739,paresse,0.4910,0.4996
5740,mlle,0.4910,0.5352
5741,placet,0.4910,0.5321
5742,comedie,0.4909,0.5272
5743,médecins,0.4909,0.5353
5744,quoiqu,0.4909,0.5637
5745,dri,0.4908,0.5317
5746,savoie,0.4907,0.4588
5747,lers,0.4907,0.5378
5748,malgré,0.4907,0.4377
5749,dissolution,0.4907,0.5089
5750,vendeurs,0.4907,0.6110
5751,bernard,0.4906,0.4878
5752,angélique,0.4906,0.4278
5753,trc,0.4906,0.5634
5754,réputation,0.4906,0.4140
5755,habile,0.4905,0.4520
5756,commet,0.4905,0.5095
5757,saisis,0.4905,0.4396
5758,violente,0.4904,0.4565
5759,judicieux,0.4904,0.4742
5760,refert,0.4904,0.4827
5761,d'appeller,0.4904,0.5517
5762,contraires,0.4904,0.4355
5763,accompagner,0.4904,0.5229
5764,let,0.4904,0.5209
5765,éprouvé,0.4904,0.4403
5766,pece,0.4903,0.4768
5767,majeure,0.4903,0.6155
5768,recueillir,0.4903,0.5072
5769,your,0.4903,0.3804
5770,dires,0.4903,0.4901
5771,appellées,0.4902,0.3993
5772,jugez,0.4902,0.5460
5773,acre,0.4902,0.5108
5774,parcequ'il,0.4902,0.5560
5775,personnellement,0.4901,0.6435
5776,paser,0.4901,0.4482
5777,éloigne,0.4901,0.4771
5778,libres,0.4901,0.4700
5779,débauché,0.4901,0.5180
5780,d'ours,0.4901,0.5019
5781,germe,0.4901,0.4915
5782,bourgeois,0.4900,0.5694
5783,étendre,0.4900,0.5386
5784,foire,0.4899,0.5307
5785,publier,0.4899,0.5074
5786,astres,0.4899,0.4419
5787,réglé,0.4899,0.5206
5788,pensions,0.4898,0.4326
5789,sonner,0.4898,0.5871
5790,dux,0.4897,0.5310
5791,savon,0.4897,0.3978
5792,merlin,0.4897,0.4448
5793,libertinage,0.4897,0.5189
5794,d'esclaves,0.4897,0.5258
5795,tempête,0.4897,0.4308
5796,ouvertes,0.4896,0.4636
5797,l'audace,0.4896,0.4418
5798,cherchons,0.4896,0.4720
5799,proposées,0.4896,0.5164
5800,connoît,0.4895,0.4445
5801,divertit,0.4895,0.5236
5802,ys,0.4895,0.5113
5803,vaincre,0.4895,0.4434
5804,ines,0.4895,0.5834
5805,politique,0.4894,0.4342
5806,monta,0.4894,0.4789
5807,barbe,0.4894,0.5097
5808,exposée,0.4893,0.5180
5809,marier,0.4893,0.5541
5810,dehors,0.4892,0.5306
5811,pourri,0.4892,0.5382
5812,intelligences,0.4892,0.4557
5813,ordonner,0.4892,0.5481
5814,ril,0.4892,0.4928
5815,victorieux,0.4891,0.4653
5816,outrages,0.4891,0.4227
5817,garantie,0.4891,0.4966
5818,ssi,0.4890,0.5329
5819,génération,0.4890,0.4670
5820,scr,0.4890,0.5440
5821,puiflance,0.4890,0.4713
5822,tourner,0.4890,0.5031
5823,chargé,0.4890,0.5479
5824,organes,0.4890,0.4425
5825,l'inquiétude,0.4890,0.5066
5826,qr,0.4889,0.5156
5827,moscovie,0.4889,0.4727
5828,apercevoir,0.4889,0.4767
5829,examiner,0.4888,0.4728
5830,devine,0.4888,0.5054
5831,gardée,0.4887,0.5120
5832,ld,0.4887,0.4666
5833,indignement,0.4887,0.5550
5834,miséricorde,0.4887,0.5483
5835,tutelle,0.4887,0.5461
5836,constamment,0.4886,0.5970
5837,oracles,0.4886,0.4717
5838,tendent,0.4886,0.5225
5839,froidement,0.4886,0.4770
5840,leve,0.4886,0.4307
5841,croissant,0.4886,0.5154
5842,jacques,0.4886,0.4820
5843,if,0.4886,0.5699
5844,emploi,0.4886,0.3963
5845,malignité,0.4885,0.4706
5846,pourpre,0.4885,0.4893
5847,marais,0.4885,0.4651
5848,ignoré,0.4885,0.5060
5849,eaux,0.4885,0.5232
5850,conformement,0.4885,0.4897
5851,espagnol,0.4884,0.4830
5852,revolution,0.4884,0.6027
5853,retournez,0.4883,0.5138
5854,abondante,0.4883,0.4543
5855,francfort,0.4883,0.4713
5856,l'effort,0.4883,0.4983
5857,n'entre,0.4883,0.5025
5858,lrs,0.4882,0.5309
5859,accommodement,0.4882,0.5266
5860,héros,0.4882,0.4562
5861,telles,0.4882,0.5108
5862,bénédiction,0.4882,0.5872
5863,nle,0.4882,0.5261
5864,progrès,0.4882,0.4904
5865,accroire,0.4882,0.4678
5866,excufe,0.4881,0.5142
5867,agité,0.4881,0.4508
5868,seigneur,0.4881,0.5970
5869,veaux,0.4881,0.5629
5870,flit,0.4880,0.5507
5871,danger,0.4880,0.4400
5872,cg,0.4880,0.5171
5873,zc,0.4880,0.4370
5874,joints,0.4880,0.4733
5875,lifant,0.4879,0.5256
5876,ajoutent,0.4879,0.4695
5877,presente,0.4878,0.5461
5878,goutte,0.4878,0.4908
5879,provin,0.4878,0.4312
5880,reg,0.4878,0.5099
5881,blé,0.4878,0.5272
5882,nd,0.4877,0.5049
5883,arrêta,0.4877,0.5284
5884,moyens,0.4876,0.5029
5885,inventé,0.4876,0.5391
5886,epi,0.4876,0.5689
5887,ricn,0.4875,0.5421
5888,àa,0.4875,0.5863
5889,bains,0.4875,0.4323
5890,contrevenir,0.4875,0.4806
5891,canal,0.4875,0.5046
5892,zéle,0.4874,0.4098
5893,étourdi,0.4874,0.5034
5894,s'explique,0.4874,0.5027
5895,diamant,0.4874,0.4569
5896,voie,0.4874,0.4275
5897,l'équipage,0.4874,0.6080
5898,s'étendre,0.4873,0.5307
5899,honorable,0.4873,0.5185
5900,répandent,0.4872,0.4233
5901,vigilance,0.4872,0.4504
5902,héroïque,0.4872,0.5363
5903,flatter,0.4871,0.3812
5904,infatigable,0.4871,0.5329
5905,corrompue,0.4871,0.5140
5906,retarder,0.4871,0.5576
5907,converti,0.4871,0.4914
5908,ett,0.4871,0.5416
5909,prolonger,0.4871,0.5695
5910,procédure,0.4871,0.5679
5911,trcs,0.4870,0.5514
5912,emprunté,0.4870,0.5064
5913,orgueilleux,0.4870,0.4993
5914,tyran,0.4870,0.4862
5915,ati,0.4869,0.5538
5916,aj,0.4869,0.4972
5917,ales,0.4869,0.5816
5918,armes,0.4869,0.5482
5919,aflez,0.4868,0.5258
5920,s'établir,0.4868,0.5029
5921,modes,0.4868,0.4871
5922,succede,0.4868,0.4793
5923,formes,0.4867,0.5784
5924,lle,0.4867,0.5158
5925,ccux,0.4867,0.4952
5926,traita,0.4867,0.4821
5927,l'original,0.4867,0.3993
5928,qti,0.4867,0.5190
5929,robes,0.4867,0.3642
5930,attribuer,0.4866,0.4975
5931,pleins,0.4866,0.4452
5932,ri,0.4866,0.5709
5933,obligation,0.4866,0.5234
5934,lorsqu'ils,0.4865,0.4949
5935,oins,0.4865,0.6427
5936,criminel,0.4865,0.5360
5937,sis,0.4865,0.5227
5938,défendre,0.4865,0.4799
5939,chaste,0.4864,0.5927
5940,curé,0.4864,0.5302
5941,espere,0.4864,0.5008
5942,poësie,0.4864,0.4594
5943,l'oreille,0.4863,0.6293
5944,inspiré,0.4863,0.5876
5945,orateur,0.4863,0.4004
5946,préalable,0.4862,0.4210
5947,six,0.4861,0.5274
5948,oeuvres,0.4861,0.6125
5949,d'ouvrage,0.4861,0.5683
5950,repris,0.4861,0.5737
5951,peaux,0.4860,0.4416
5952,cerveau,0.4860,0.5133
5953,roule,0.4859,0.4433
5954,n'empêche,0.4859,0.4577
5955,attend,0.4859,0.4641
5956,impressions,0.4858,0.5039
5957,interprétation,0.4858,0.5472
5958,différemment,0.4858,0.5830
5959,nde,0.4858,0.5317
5960,luimême,0.4857,0.5702
5961,he,0.4857,0.4528
5962,réglées,0.4857,0.4765
5963,entreprit,0.4857,0.4870
5964,forains,0.4857,0.5048
5965,notoire,0.4856,0.4700
5966,l'entour,0.4856,0.4910
5967,observée,0.4856,0.5064
5968,vivons,0.4855,0.4162
5969,exploits,0.4855,0.5419
5970,autrc,0.4855,0.5558
5971,continuelles,0.4855,0.4439
5972,iw,0.4854,0.4645
5973,argument,0.4854,0.4706
5974,payeroit,0.4854,0.5530
5975,évidence,0.4854,0.4500
5976,entendue,0.4854,0.5009
5977,suivoit,0.4854,0.5377
5978,vr,0.4854,0.4858
5979,pardonne,0.4853,0.5020
5980,ini,0.4853,0.5023
5981,muses,0.4853,0.5031
5982,devant,0.4853,0.4868
5983,paste,0.4853,0.5401
5984,réflexion,0.4853,0.4057
5985,religieuses,0.4852,0.4422
5986,calme,0.4852,0.4986
5987,perdoit,0.4852,0.5187
5988,discuter,0.4852,0.5632
5989,laissent,0.4852,0.4180
5990,cannes,0.4852,0.5487
5991,connut,0.4852,0.4453
5992,rebellion,0.4851,0.5301
5993,comptent,0.4851,0.5458
5994,vendus,0.4850,0.4082
5995,ples,0.4850,0.4820
5996,laye,0.4850,0.5040
5997,insensibles,0.4849,0.4834
5998,versé,0.4849,0.5283
5999,immortel,0.4848,0.5560
6000,aes,0.4848,0.4525
6001,musiciens,0.4847,0.4804
6002,gardent,0.4847,0.5041
6003,mal,0.4847,0.4978
6004,purifie,0.4847,0.5342
6005,secretes,0.4845,0.4809
6006,grégoire,0.4845,0.3775
6007,prépare,0.4845,0.4888
6008,fii,0.4845,0.5498
6009,quelque,0.4845,0.4816
6010,affecté,0.4845,0.4886
6011,prétexte,0.4845,0.3677
6012,sagesse,0.4844,0.4500
6013,ave,0.4844,0.5436
6014,couronne,0.4843,0.4536
6015,vou,0.4842,0.5051
6016,pardonnez,0.4842,0.4322
6017,excite,0.4842,0.4642
6018,générosité,0.4842,0.4480
6019,mutuel,0.4841,0.5146
6020,soo,0.4841,0.4876
6021,fortoit,0.4841,0.5098
6022,pasteur,0.4841,0.5383
6023,protéger,0.4841,0.4980
6024,garder,0.4841,0.5552
6025,ventes,0.4840,0.5856
6026,demain,0.4840,0.4755
6027,appliqué,0.4840,0.5104
6028,outre,0.4840,0.5114
6029,iso,0.4839,0.5556
6030,pleine,0.4839,0.5654
6031,ict,0.4839,0.4919
6032,cultiver,0.4838,0.4960
6033,l'avis,0.4838,0.5280
6034,angles,0.4838,0.4853
6035,etienne,0.4838,0.4675
6036,cai,0.4837,0.4854
6037,ern,0.4837,0.5952
6038,appuyé,0.4837,0.4617
6039,jl,0.4837,0.5396
6040,suivans,0.4837,0.5260
6041,étudier,0.4837,0.5334
6042,syndic,0.4836,0.4458
6043,communiquer,0.4836,0.4695
6044,christ,0.4836,0.4694
6045,manuscrits,0.4836,0.5043
6046,dro,0.4836,0.5583
6047,dispense,0.4836,0.4673
6048,piqué,0.4836,0.4849
6049,séculiers,0.4836,0.4506
6050,détaché,0.4836,0.5822
6051,babylone,0.4836,0.5533
6052,intelligence,0.4836,0.4348
6053,mimes,0.4835,0.5394
6054,moit,0.4835,0.5076
6055,l'hôtel,0.4835,0.5947
6056,chancelier,0.4835,0.4890
6057,eni,0.4835,0.5506
6058,défaire,0.4834,0.4659
6059,ustion,0.4834,0.5632
6060,iic,0.4834,0.4700
6061,icurs,0.4834,0.5258
6062,hazard,0.4834,0.4299
6063,mention,0.4833,0.5254
6064,l'arrêter,0.4833,0.5679
6065,ham,0.4833,0.5350
6066,ejt,0.4832,0.4747
6067,comédie,0.4832,0.4462
6068,peser,0.4832,0.4503
6069,esc,0.4832,0.5676
6070,modération,0.4832,0.4715
6071,infiniment,0.4831,0.5837
6072,osez,0.4830,0.4191
6073,mettons,0.4830,0.4931
6074,complot,0.4830,0.4508
6075,femelles,0.4830,0.4700
6076,l'objet,0.4829,0.4969
6077,corruption,0.4829,0.4666
6078,ien,0.4829,0.5582
6079,mouche,0.4829,0.4278
6080,servie,0.4829,0.5272
6081,manufactures,0.4829,0.4646
6082,greffier,0.4828,0.4055
6083,ee,0.4828,0.5850
6084,mil,0.4828,0.4937
6085,traitement,0.4828,0.4366
6086,eci,0.4828,0.5786
6087,pline,0.4828,0.5241
6088,savons,0.4827,0.3897
6089,éprouver,0.4827,0.5181
6090,pontificat,0.4826,0.4567
6091,pratiquer,0.4826,0.4531
6092,ministre,0.4826,0.4607
6093,éclaircissement,0.4826,0.4948
6094,yc,0.4825,0.4864
6095,permettant,0.4825,0.4510
6096,humeur,0.4825,0.4402
6097,charlemagne,0.4824,0.5483
6098,d'alexandrie,0.4824,0.4798
6099,teinte,0.4824,0.6349
6100,judiciaire,0.4824,0.5839
6101,nouveauté,0.4824,0.4311
6102,solliciter,0.4823,0.5873
6103,lis,0.4822,0.6258
6104,extérieur,0.4821,0.5071
6105,césar,0.4821,0.4730
6106,milieu,0.4821,0.4706
6107,justes,0.4820,0.4534
6108,qu'autant,0.4820,0.4268
6109,int,0.4820,0.5163
6110,accepter,0.4819,0.4955
6111,ordres,0.4819,0.4442
6112,prisonnier,0.4819,0.5357
6113,obligent,0.4819,0.5644
6114,aussitôt,0.4819,0.4804
6115,d'honneur,0.4819,0.5512
6116,malheureusement,0.4819,0.5777
6117,courir,0.4818,0.4835
6118,trahison,0.4817,0.4472
6119,rangées,0.4817,0.5124
6120,marquent,0.4817,0.4903
6121,aix,0.4817,0.5546
6122,mad,0.4817,0.5944
6123,pallas,0.4816,0.4352
6124,ambitieux,0.4816,0.4292
6125,mc,0.4815,0.5609
6126,lur,0.4815,0.5611
6127,nj,0.4814,0.4846
6128,physique,0.4814,0.4772
6129,pompeux,0.4814,0.5000
6130,divertir,0.4814,0.4177
6131,commandemens,0.4814,0.4895
6132,eb,0.4814,0.5231
6133,dès,0.4814,0.4819
6134,dum,0.4814,0.4281
6135,elus,0.4813,0.5500
6136,foires,0.4813,0.4302
6137,immédiatement,0.4813,0.4645
6138,garda,0.4813,0.4865
6139,vénérable,0.4813,0.5494
6140,dudir,0.4812,0.3712
6141,uil,0.4812,0.5225
6142,agneau,0.4812,0.5535
6143,vin,0.4812,0.4883
6144,end,0.4812,0.5199
6145,necessaires,0.4812,0.4207
6146,pressant,0.4811,0.4698
6147,reconnaissance,0.4811,0.4224
6148,régie,0.4811,0.4886
6149,entrés,0.4811,0.4631
6150,délibération,0.4811,0.5234
6151,liber,0.4809,0.6135
6152,eues,0.4809,0.5033
6153,xxxvi,0.4809,0.4557
6154,privilege,0.4809,0.4746
6155,d'orange,0.4809,0.4874
6156,appartenir,0.4809,0.5012
6157,moyenne,0.4809,0.5256
6158,perfonne,0.4809,0.4894
6159,roit,0.4808,0.5352
6160,mans,0.4808,0.5337
6161,langue,0.4808,0.4772
6162,dangereuses,0.4808,0.4606
6163,apparente,0.4807,0.4877
6164,concile,0.4806,0.4568
6165,corrigé,0.4806,0.4597
6166,lutte,0.4806,0.6006
6167,afez,0.4805,0.5524
6168,lk,0.4805,0.5789
6169,rendis,0.4805,0.4753
6170,nour,0.4804,0.5617
6171,vices,0.4804,0.4612
6172,pont,0.4804,0.6022
6173,icl,0.4804,0.5204
6174,d'arriver,0.4803,0.5238
6175,intervenu,0.4802,0.4102
6176,d'art,0.4802,0.3549
6177,lai,0.4801,0.5948
6178,curieux,0.4800,0.4940
6179,donnés,0.4800,0.4780
6180,plaisir,0.4800,0.5294
6181,idoles,0.4800,0.4458
6182,led,0.4800,0.5604
6183,voici,0.4800,0.5388
6184,sauvage,0.4799,0.4536
6185,fontes,0.4799,0.5473
6186,puy,0.4799,0.4725
6187,supporter,0.4799,0.4721
6188,entrant,0.4799,0.4977
6189,td,0.4798,0.4897
6190,tours,0.4798,0.5133
6191,réjouit,0.4798,0.4940
6192,accepta,0.4798,0.5702
6193,espagnoles,0.4798,0.4882
6194,cite,0.4797,0.5155
6195,age,0.4797,0.5054
6196,iet,0.4797,0.5358
6197,l'unité,0.4797,0.4961
6198,redoutables,0.4797,0.5017
6199,assignations,0.4797,0.4608
6200,mille,0.4796,0.5013
6201,l'adresse,0.4796,0.5433
6202,étant,0.4796,0.4331
6203,sitôt,0.4795,0.5090
6204,arcs,0.4795,0.4328
6205,marchoit,0.4795,0.4623
6206,traités,0.4794,0.4210
6207,ingrats,0.4794,0.5634
6208,irr,0.4793,0.4834
6209,azile,0.4793,0.4190
6210,trêve,0.4793,0.5493
6211,mê,0.4793,0.4832
6212,cession,0.4792,0.4377
6213,bs,0.4792,0.5002
6214,raiyon,0.4792,0.5095
6215,colin,0.4791,0.5309
6216,nud,0.4791,0.4766
6217,pc,0.4790,0.5011
6218,celui,0.4790,0.4880
6219,cuirs,0.4790,0.4256
6220,meilleure,0.4790,0.5140
6221,ae,0.4790,0.5026
6222,méprisé,0.4790,0.4764
6223,iin,0.4789,0.5100
6224,convoquer,0.4788,0.5461
6225,odieux,0.4788,0.4814
6226,superstition,0.4788,0.4688
6227,répondra,0.4788,0.5157
6228,douter,0.4788,0.4437
6229,l'abbé,0.4787,0.4938
6230,précis,0.4787,0.4663
6231,jalouse,0.4787,0.4760
6232,epouse,0.4786,0.4064
6233,prop,0.4786,0.5792
6234,joignit,0.4785,0.4353
6235,directeur,0.4785,0.4421
6236,creuse,0.4785,0.4817
6237,s'amuser,0.4785,0.5505
6238,antiquité,0.4785,0.4559
6239,cti,0.4784,0.5259
6240,rci,0.4784,0.4983
6241,ecoles,0.4784,0.4897
6242,dcl,0.4784,0.5237
6243,finit,0.4784,0.5443
6244,dures,0.4784,0.4561
6245,ud,0.4783,0.4782
6246,courtiers,0.4783,0.5111
6247,tle,0.4783,0.5606
6248,sce,0.4783,0.5798
6249,unir,0.4783,0.5362
6250,vastes,0.4782,0.4712
6251,légitimement,0.4782,0.4782
6252,sévère,0.4782,0.4765
6253,laine,0.4781,0.3962
6254,villa,0.4781,0.5630
6255,las,0.4781,0.5956
6256,galle,0.4780,0.5298
6257,tuoient,0.4780,0.5049
6258,réduits,0.4780,0.4371
6259,battant,0.4780,0.5420
6260,absolue,0.4780,0.4619
6261,directeurs,0.4780,0.4324
6262,paradis,0.4780,0.5619
6263,tenté,0.4779,0.4986
6264,oz,0.4779,0.5007
6265,germains,0.4779,0.4794
6266,taken,0.4779,0.2972
6267,mni,0.4778,0.5287
6268,emporta,0.4778,0.5344
6269,copie,0.4777,0.4854
6270,verres,0.4777,0.5250
6271,avaler,0.4777,0.5108
6272,charte,0.4776,0.4855
6273,convenables,0.4776,0.5164
6274,paires,0.4775,0.4898
6275,zooo,0.4775,0.5184
6276,last,0.4775,0.4575
6277,tarif,0.4774,0.4910
6278,ev,0.4774,0.4965
6279,ior,0.4774,0.5138
6280,présenter,0.4774,0.4509
6281,subtilité,0.4774,0.4955
6282,contestations,0.4773,0.5254
6283,anima,0.4773,0.4709
6284,prévoyance,0.4773,0.5283
6285,arrête,0.4773,0.4583
6286,l'enfance,0.4773,0.5372
6287,ii,0.4773,0.5477
6288,not,0.4772,0.4748
6289,modeste,0.4772,0.5377
6290,icn,0.4772,0.5176
6291,pleurer,0.4772,0.4599
6292,dec,0.4771,0.5095
6293,menoit,0.4771,0.5307
6294,vilain,0.4771,0.4606
6295,copier,0.4771,0.5253
6296,volent,0.4771,0.4687
6297,fonction,0.4771,0.4490
6298,admiré,0.4770,0.5222
6299,particules,0.4770,0.4478
6300,romaines,0.4770,0.4828
6301,decrets,0.4770,0.4411
6302,cruels,0.4770,0.4395
6303,m'arrêter,0.4770,0.4996
6304,text,0.4770,0.3753
6305,demeurera,0.4769,0.4641
6306,ecus,0.4768,0.4994
6307,conclue,0.4768,0.5439
6308,genes,0.4768,0.4000
6309,matelot,0.4767,0.5282
6310,secondé,0.4767,0.5132
6311,col,0.4767,0.5548
6312,pendre,0.4767,0.4713
6313,appar,0.4766,0.4940
6314,tb,0.4766,0.5533
6315,objections,0.4766,0.4449
6316,partisans,0.4766,0.4689
6317,folides,0.4766,0.5141
6318,conçoit,0.4765,0.4582
6319,homines,0.4765,0.4427
6320,redevances,0.4765,0.4480
6321,jeunesse,0.4765,0.5012
6322,gentilhomme,0.4765,0.4701
6323,domino,0.4765,0.5360
6324,ceur,0.4764,0.4999
6325,icu,0.4763,0.5447
6326,ajouter,0.4762,0.5025
6327,yi,0.4762,0.5141
6328,recevant,0.4762,0.5193
6329,autour,0.4762,0.4981
6330,devenant,0.4762,0.5448
6331,accompagnées,0.4762,0.4521
6332,gardoit,0.4761,0.5185
6333,dte,0.4761,0.5472
6334,modéré,0.4761,0.5219
6335,personnelle,0.4761,0.4954
6336,compliment,0.4760,0.4223
6337,brie,0.4760,0.5155
6338,céleste,0.4760,0.4604
6339,cologne,0.4760,0.4335
6340,chante,0.4758,0.4835
6341,évidente,0.4758,0.4853
6342,comme,0.4757,0.4986
6343,choisi,0.4757,0.5048
6344,carosse,0.4757,0.4452
6345,l'animal,0.4757,0.5907
6346,ecrits,0.4756,0.3261
6347,royaume,0.4755,0.5080
6348,obscur,0.4755,0.4804
6349,vot,0.4755,0.5720
6350,confier,0.4754,0.5652
6351,soumis,0.4754,0.4161
6352,ifles,0.4754,0.4543
6353,suit,0.4754,0.4261
6354,pêcheurs,0.4754,0.4711
6355,principal,0.4753,0.4738
6356,affligée,0.4753,0.5324
6357,arrivés,0.4753,0.4456
6358,indubitable,0.4753,0.4935
6359,railleries,0.4753,0.3756
6360,l'obscurité,0.4752,0.4609
6361,leon,0.4752,0.4724
6362,bourgs,0.4751,0.5487
6363,communément,0.4750,0.5590
6364,agitée,0.4749,0.4802
6365,promise,0.4749,0.5245
6366,sicile,0.4749,0.4844
6367,l'aide,0.4749,0.5467
6368,passera,0.4748,0.5417
6369,montrant,0.4748,0.5830
6370,rétablie,0.4748,0.4866
6371,conception,0.4748,0.5598
6372,diables,0.4748,0.4534
6373,fours,0.4748,0.5446
6374,dul,0.4747,0.5018
6375,rome,0.4747,0.5262
6376,choisit,0.4746,0.4547
6377,découvert,0.4746,0.5427
6378,those,0.4746,0.3009
6379,sommet,0.4746,0.4923
6380,travaillez,0.4745,0.5265
6381,d'autres,0.4745,0.5399
6382,dles,0.4744,0.5361
6383,joyeux,0.4744,0.5844
6384,religieuse,0.4744,0.4736
6385,formées,0.4744,0.4906
6386,charbon,0.4744,0.4795
6387,acheva,0.4744,0.4969
6388,d'europe,0.4743,0.5255
6389,andré,0.4743,0.4436
6390,furie,0.4743,0.4796
6391,trompa,0.4743,0.5264
6392,aunes,0.4742,0.4040
6393,gr,0.4742,0.5744
6394,bourg,0.4741,0.4863
6395,connu,0.4741,0.4369
6396,bordeaux,0.4740,0.4463
6397,expressément,0.4740,0.4445
6398,en,0.4740,0.4848
6399,délicats,0.4740,0.3821
6400,fua,0.4740,0.4230
6401,troublée,0.4740,0.5564
6402,cachées,0.4739,0.4351
6403,réglés,0.4739,0.5629
6404,recommande,0.4739,0.5004
6405,solitaire,0.4739,0.5440
6406,declare,0.4739,0.4831
6407,univers,0.4738,0.4951
6408,copies,0.4738,0.4933
6409,sujets,0.4738,0.4566
6410,l'extrême,0.4737,0.5425
6411,vicaires,0.4737,0.5146
6412,invisible,0.4737,0.5051
6413,parfaite,0.4737,0.4781
6414,hâter,0.4736,0.5106
6415,suspect,0.4736,0.4811
6416,supplices,0.4736,0.4096
6417,paresseux,0.4736,0.5407
6418,c'cit,0.4735,0.5226
6419,noyer,0.4735,0.5463
6420,retient,0.4734,0.4889
6421,anis,0.4734,0.5699
6422,sculpture,0.4734,0.4045
6423,frir,0.4734,0.5248
6424,turent,0.4734,0.4925
6425,écouter,0.4733,0.5134
6426,péché,0.4733,0.4404
6427,fiez,0.4733,0.4863
6428,défendus,0.4732,0.4768
6429,much,0.4732,0.3012
6430,laide,0.4731,0.5381
6431,donnes,0.4731,0.5499
6432,normandie,0.4731,0.5227
6433,d'ou,0.4731,0.4867
6434,endroit,0.4731,0.4970
6435,fiers,0.4730,0.4137
6436,essuyer,0.4730,0.4827
6437,expédient,0.4729,0.4271
6438,assuré,0.4729,0.4715
6439,emplois,0.4729,0.4924
6440,clu,0.4729,0.5594
6441,l'échange,0.4729,0.5334
6442,plumes,0.4729,0.3881
6443,fortement,0.4728,0.4826
6444,or,0.4728,0.5753
6445,d'exemple,0.4728,0.5688
6446,témoigne,0.4728,0.5622
6447,faveurs,0.4728,0.4438
6448,couvre,0.4727,0.4843
6449,d'tre,0.4727,0.5847
6450,brusque,0.4727,0.5041
6451,admettre,0.4727,0.5147
6452,taches,0.4726,0.4285
6453,l'éclat,0.4726,0.4825
6454,ceci,0.4726,0.5435
6455,ra,0.4726,0.5377
6456,caire,0.4725,0.4778
6457,voyer,0.4725,0.6011
6458,répéter,0.4725,0.5689
6459,noailles,0.4724,0.4388
6460,d'arbre,0.4724,0.5011
6461,remercie,0.4724,0.4462
6462,créa,0.4724,0.5321
6463,tv,0.4724,0.5014
6464,ain,0.4723,0.5762
6465,ensorte,0.4722,0.4716
6466,projet,0.4722,0.4025
6467,pic,0.4722,0.5480
6468,l'hôpital,0.4722,0.5269
6469,prévôt,0.4720,0.4309
6470,aimé,0.4720,0.4266
6471,rapporte,0.4720,0.4498
6472,éloigné,0.4720,0.4548
6473,quel,0.4719,0.5100
6474,folio,0.4719,0.5214
6475,tenus,0.4719,0.4496
6476,planté,0.4719,0.4823
6477,assurée,0.4718,0.4730
6478,inventée,0.4718,0.5157
6479,monnoyé,0.4718,0.5448
6480,julien,0.4717,0.5168
6481,jd,0.4717,0.5072
6482,emparé,0.4717,0.4187
6483,véritablement,0.4716,0.4839
6484,formalités,0.4716,0.4925
6485,présentant,0.4716,0.4248
6486,quarrée,0.4716,0.3883
6487,conter,0.4716,0.6895
6488,papiers,0.4716,0.4652
6489,illustre,0.4716,0.4344
6490,introduit,0.4716,0.4737
6491,empressement,0.4716,0.4118
6492,accompagne,0.4716,0.5324
6493,cousin,0.4715,0.4237
6494,approuvé,0.4715,0.4253
6495,équitable,0.4714,0.4618
6496,ast,0.4714,0.5585
6497,promesse,0.4714,0.4602
6498,occasions,0.4714,0.4681
6499,exactement,0.4714,0.4898
6500,profond,0.4714,0.4456
6501,calmer,0.4714,0.4221
6502,gs,0.4713,0.5212
6503,cesse,0.4713,0.4796
6504,purement,0.4712,0.4790
6505,heureux,0.4712,0.4650
6506,ruse,0.4712,0.4618
6507,tremblant,0.4712,0.4434
6508,indiens,0.4712,0.4295
6509,these,0.4712,0.4105
6510,épais,0.4711,0.4299
6511,perd,0.4711,0.5011
6512,corde,0.4711,0.4462
6513,conduits,0.4710,0.4183
6514,chr,0.4710,0.5176
6515,occupés,0.4710,0.5021
6516,près,0.4709,0.4826
6517,icur,0.4709,0.5271
6518,flot,0.4709,0.5744
6519,italiens,0.4708,0.4319
6520,assurance,0.4708,0.4483
6521,précieuses,0.4708,0.4780
6522,antres,0.4708,0.4745
6523,thrace,0.4708,0.4466
6524,declaration,0.4708,0.3972
6525,fidelle,0.4707,0.4785
6526,trône,0.4707,0.4689
6527,opposée,0.4707,0.4510
6528,presque,0.4707,0.4987
6529,bailli,0.4707,0.4329
6530,oye,0.4707,0.5782
6531,ancienneté,0.4706,0.5108
6532,dr,0.4706,0.5390
6533,réalité,0.4706,0.4757
6534,d'exiger,0.4706,0.4340
6535,tournay,0.4705,0.5104
6536,caligula,0.4705,0.5108
6537,ist,0.4705,0.5498
6538,cruellement,0.4705,0.4585
6539,préjudiciable,0.4704,0.4327
6540,secrets,0.4704,0.4796
6541,florin,0.4704,0.4696
6542,mene,0.4704,0.5084
6543,vieilles,0.4704,0.4673
6544,dix,0.4704,0.5089
6545,cfi,0.4703,0.4988
6546,adroit,0.4703,0.4353
6547,guérit,0.4703,0.4863
6548,adrien,0.4703,0.4973
6549,l'ambassadeur,0.4702,0.5241
6550,quittent,0.4702,0.4675
6551,inl,0.4702,0.4747
6552,rire,0.4702,0.4578
6553,plutôt,0.4702,0.4806
6554,prouve,0.4702,0.5202
6555,bl,0.4701,0.4865
6556,menacé,0.4701,0.4960
6557,arr,0.4701,0.5333
6558,anr,0.4701,0.5361
6559,fai,0.4700,0.5423
6560,douce,0.4700,0.5023
6561,qu'el,0.4700,0.4831
6562,perfidie,0.4700,0.4239
6563,cordons,0.4700,0.4474
6564,sec,0.4699,0.4750
6565,écouté,0.4698,0.5399
6566,brillant,0.4696,0.4372
6567,garant,0.4696,0.4760
6568,d'esprits,0.4696,0.5470
6569,l'industrie,0.4696,0.5033
6570,d'éviter,0.4695,0.4893
6571,remporter,0.4695,0.4824
6572,ouï,0.4695,0.4245
6573,solidité,0.4695,0.4501
6574,philosophie,0.4695,0.3921
6575,manne,0.4694,0.4876
6576,l'évêque,0.4694,0.4183
6577,lp,0.4693,0.4569
6578,consens,0.4693,0.4036
6579,nem,0.4693,0.3911
6580,l'auteur,0.4693,0.5350
6581,regrets,0.4693,0.3830
6582,comparer,0.4693,0.5197
6583,animé,0.4693,0.4410
6584,quartier,0.4693,0.5016
6585,bizarre,0.4693,0.5350
6586,diverfité,0.4693,0.4185
6587,garnies,0.4692,0.4976
6588,montpellier,0.4692,0.4504
6589,détacher,0.4692,0.5043
6590,taureaux,0.4692,0.4853
6591,requises,0.4691,0.4964
6592,mn,0.4691,0.5131
6593,déchirer,0.4691,0.4983
6594,reprise,0.4691,0.5312
6595,corrompus,0.4691,0.4529
6596,s'y,0.4691,0.4501
6597,canaille,0.4691,0.5297
6598,dépositaire,0.4690,0.5157
6599,bulles,0.4690,0.4711
6600,priver,0.4690,0.4666
6601,surprit,0.4690,0.4788
6602,vague,0.4689,0.5223
6603,sein,0.4689,0.4408
6604,cotes,0.4689,0.4557
6605,banquier,0.4689,0.4358
6606,l'appelle,0.4688,0.5173
6607,démarche,0.4688,0.4591
6608,tf,0.4688,0.5100
6609,vengeance,0.4688,0.4297
6610,montrez,0.4687,0.4208
6611,nés,0.4687,0.4813
6612,tranchées,0.4687,0.4801
6613,croi,0.4687,0.4504
6614,disposition,0.4687,0.4610
6615,ig,0.4687,0.5153
6616,républiques,0.4686,0.4743
6617,ili,0.4686,0.5364
6618,patience,0.4686,0.4150
6619,subsiste,0.4686,0.4803
6620,tourmente,0.4686,0.4865
6621,hôpitaux,0.4685,0.4483
6622,l'abus,0.4685,0.5110
6623,instrumens,0.4685,0.4502
6624,attentats,0.4685,0.4089
6625,ily,0.4684,0.4820
6626,l'habit,0.4684,0.5617
6627,gis,0.4684,0.5119
6628,par,0.4683,0.5070
6629,personnel,0.4683,0.4828
6630,attachent,0.4683,0.4357
6631,symbole,0.4683,0.4860
6632,cervelle,0.4683,0.4835
6633,choies,0.4682,0.3863
6634,ll,0.4682,0.5209
6635,ruinée,0.4682,0.4429
6636,turquie,0.4682,0.4709
6637,d'auguste,0.4682,0.4654
6638,d'embarras,0.4681,0.5097
6639,occupées,0.4681,0.4477
6640,excellent,0.4681,0.4497
6641,droit,0.4680,0.5678
6642,tiré,0.4680,0.4769
6643,posséder,0.4680,0.4800
6644,nues,0.4679,0.4641
6645,audessus,0.4679,0.5654
6646,loges,0.4679,0.4366
6647,jc,0.4679,0.4870
6648,promet,0.4679,0.4941
6649,veur,0.4678,0.4800
6650,constantinople,0.4678,0.4767
6651,gl,0.4677,0.5130
6652,chanter,0.4677,0.5208
6653,nommez,0.4677,0.4588
6654,formée,0.4677,0.4691
6655,nn,0.4676,0.5644
6656,difference,0.4676,0.4131
6657,accepte,0.4676,0.4827
6658,tun,0.4676,0.5878
6659,vigne,0.4676,0.4623
6660,poussant,0.4675,0.5082
6661,maréchal,0.4675,0.4122
6662,prophetes,0.4675,0.4540
6663,tire,0.4675,0.4724
6664,commode,0.4674,0.4567
6665,demeura,0.4674,0.4181
6666,renvoi,0.4674,0.5096
6667,nature,0.4673,0.4691
6668,ro,0.4673,0.5284
6669,décrire,0.4673,0.5367
6670,violent,0.4673,0.4962
6671,clémence,0.4672,0.4660
6672,relte,0.4672,0.4899
6673,peintes,0.4672,0.5089
6674,alfez,0.4672,0.5085
6675,aces,0.4671,0.5020
6676,consume,0.4671,0.4691
6677,difficiles,0.4671,0.4705
6678,clodius,0.4671,0.4796
6679,malheur,0.4670,0.4547
6680,petits,0.4670,0.5374
6681,cadet,0.4670,0.4829
6682,certa,0.4670,0.3808
6683,fend,0.4670,0.5099
6684,d'épouser,0.4669,0.5123
6685,rudement,0.4669,0.4781
6686,toient,0.4669,0.4753
6687,n'arrive,0.4669,0.4330
6688,lde,0.4669,0.5179
6689,viii,0.4669,0.4691
6690,formé,0.4669,0.5375
6691,détourne,0.4668,0.4771
6692,d'amiens,0.4668,0.4893
6693,épousa,0.4668,0.4193
6694,cia,0.4667,0.4989
6695,rohan,0.4667,0.4676
6696,l'île,0.4667,0.4672
6697,proie,0.4667,0.4382
6698,distingué,0.4666,0.5210
6699,camper,0.4666,0.5162
6700,favoriser,0.4665,0.4297
6701,livrées,0.4665,0.5051
6702,chairs,0.4665,0.5309
6703,l'aveu,0.4665,0.5210
6704,blois,0.4664,0.5270
6705,mentir,0.4664,0.5064
6706,joueur,0.4663,0.5255
6707,rené,0.4663,0.4565
6708,ya,0.4663,0.5281
6709,déclarant,0.4663,0.4560
6710,iui,0.4663,0.5641
6711,sot,0.4662,0.4866
6712,s'accordent,0.4662,0.4179
6713,surprises,0.4662,0.5118
6714,recommence,0.4662,0.5446
6715,étouffer,0.4662,0.4662
6716,celles,0.4661,0.5109
6717,gi,0.4661,0.4926
6718,l'ancienne,0.4660,0.4698
6719,iei,0.4660,0.5556
6720,d'anjou,0.4659,0.4602
6721,sauveur,0.4659,0.4864
6722,supra,0.4659,0.4720
6723,peintre,0.4659,0.4322
6724,assembler,0.4658,0.4686
6725,reçois,0.4657,0.4125
6726,fb,0.4657,0.5260
6727,l'éloge,0.4656,0.4980
6728,timides,0.4656,0.4470
6729,hil,0.4655,0.5263
6730,fausse,0.4655,0.4416
6731,folide,0.4655,0.4579
6732,arriver,0.4654,0.4513
6733,donnai,0.4653,0.3848
6734,fermiers,0.4653,0.4381
6735,utiles,0.4653,0.4258
6736,maux,0.4652,0.4419
6737,accoutumés,0.4652,0.4475
6738,vertes,0.4651,0.4535
6739,ance,0.4651,0.5478
6740,clair,0.4650,0.4606
6741,d'intérêt,0.4650,0.5198
6742,edition,0.4650,0.4706
6743,l'espérance,0.4650,0.4602
6744,allumer,0.4650,0.5029
6745,avc,0.4650,0.5477
6746,royales,0.4649,0.4229
6747,limon,0.4649,0.4330
6748,vaillant,0.4648,0.4962
6749,peuplée,0.4648,0.4514
6750,instrument,0.4648,0.4425
6751,sorties,0.4648,0.5254
6752,reins,0.4647,0.5141
6753,inhumaine,0.4647,0.4767
6754,gloire,0.4647,0.4429
6755,bus,0.4647,0.5130
6756,conservant,0.4647,0.4997
6757,tei,0.4647,0.5238
6758,dragon,0.4647,0.4427
6759,vendent,0.4646,0.4463
6760,dixi,0.4646,0.3531
6761,juflice,0.4645,0.5123
6762,epître,0.4645,0.4599
6763,revivre,0.4645,0.4754
6764,ordonnée,0.4644,0.5335
6765,s'étonner,0.4644,0.4955
6766,poursuites,0.4644,0.4200
6767,unies,0.4643,0.5395
6768,parlez,0.4643,0.4288
6769,tendres,0.4643,0.4230
6770,d'une,0.4643,0.4781
6771,ni,0.4643,0.4653
6772,timide,0.4642,0.4444
6773,laissé,0.4642,0.4335
6774,lu,0.4641,0.4834
6775,pavé,0.4641,0.4885
6776,ez,0.4641,0.4768
6777,pasteurs,0.4641,0.4869
6778,fonder,0.4640,0.5270
6779,d'un,0.4640,0.5299
6780,boit,0.4640,0.4793
6781,lles,0.4639,0.4836
6782,foie,0.4639,0.5553
6783,reconnus,0.4638,0.4400
6784,conjointement,0.4638,0.4875
6785,temporel,0.4638,0.5683
6786,torrent,0.4638,0.4301
6787,gaule,0.4638,0.4545
6788,face,0.4637,0.4991
6789,écorce,0.4637,0.4227
6790,avancer,0.4636,0.5033
6791,s'il,0.4636,0.5514
6792,l'ste,0.4636,0.4627
6793,modestie,0.4636,0.4326
6794,claude,0.4636,0.4459
6795,job,0.4636,0.5781
6796,captifs,0.4636,0.4922
6797,intérieur,0.4635,0.5574
6798,jacob,0.4635,0.5134
6799,l'autorité,0.4635,0.4673
6800,craignant,0.4635,0.4924
6801,personnage,0.4635,0.4434
6802,vivantes,0.4635,0.5236
6803,entendus,0.4635,0.4793
6804,amoureuse,0.4634,0.5003
6805,aînée,0.4634,0.4636
6806,pipes,0.4634,0.5046
6807,tol,0.4632,0.5539
6808,minorité,0.4632,0.4025
6809,venus,0.4631,0.4336
6810,fixé,0.4631,0.4616
6811,négoce,0.4631,0.4363
6812,qt,0.4630,0.4939
6813,logé,0.4630,0.4723
6814,damas,0.4630,0.4963
6815,augmentant,0.4630,0.4938
6816,sueur,0.4630,0.5609
6817,abeilles,0.4630,0.4694
6818,cli,0.4630,0.5431
6819,d'allemagne,0.4629,0.4393
6820,fausseté,0.4629,0.4131
6821,facilite,0.4629,0.5174
6822,peuplé,0.4629,0.4715
6823,trajan,0.4628,0.5407
6824,rivale,0.4628,0.4014
6825,rd,0.4628,0.4621
6826,boutiques,0.4628,0.4962
6827,fl,0.4628,0.5780
6828,rhin,0.4628,0.4085
6829,débauche,0.4628,0.4845
6830,soumission,0.4627,0.4208
6831,pontife,0.4627,0.5132
6832,blancs,0.4627,0.3909
6833,descendant,0.4626,0.5069
6834,vivacité,0.4626,0.4346
6835,tut,0.4626,0.5434
6836,boulogne,0.4626,0.4683
6837,arrose,0.4625,0.4460
6838,francs,0.4625,0.5444
6839,vole,0.4625,0.4452
6840,invincible,0.4624,0.4693
6841,instruite,0.4624,0.4494
6842,major,0.4624,0.5392
6843,multiplier,0.4624,0.4298
6844,augustin,0.4623,0.4529
6845,milan,0.4623,0.4493
6846,vanneau,0.4623,0.4912
6847,frivole,0.4623,0.4748
6848,ressentiment,0.4623,0.3584
6849,lei,0.4623,0.5699
6850,avertir,0.4623,0.4804
6851,illes,0.4622,0.4446
6852,choisir,0.4622,0.4864
6853,familles,0.4622,0.4358
6854,rcn,0.4622,0.5719
6855,d'usage,0.4621,0.4784
6856,déclarée,0.4621,0.5428
6857,urs,0.4621,0.5140
6858,rond,0.4621,0.3828
6859,bienveillance,0.4621,0.5013
6860,bêtes,0.4621,0.5037
6861,produire,0.4621,0.5128
6862,pillage,0.4620,0.3901
6863,prononcée,0.4620,0.4333
6864,français,0.4620,0.4466
6865,quatrevingt,0.4620,0.4003
6866,l'envi,0.4620,0.4579
6867,balance,0.4620,0.4545
6868,plis,0.4620,0.5588
6869,exprimées,0.4619,0.4756
6870,uis,0.4619,0.4556
6871,fondées,0.4619,0.4607
6872,jardinier,0.4619,0.5006
6873,l'empire,0.4619,0.4720
6874,ein,0.4619,0.5574
6875,bacchus,0.4619,0.4498
6876,pass,0.4618,0.5622
6877,tie,0.4618,0.4798
6878,cornes,0.4618,0.4098
6879,iour,0.4618,0.5927
6880,passant,0.4618,0.5541
6881,renferment,0.4618,0.4523
6882,agite,0.4618,0.4807
6883,formellement,0.4617,0.4710
6884,négligence,0.4617,0.5060
6885,couple,0.4617,0.5828
6886,l'erreur,0.4617,0.4628
6887,ren,0.4617,0.5403
6888,prieur,0.4617,0.4488
6889,inutile,0.4617,0.4867
6890,d'en,0.4616,0.5306
6891,religion,0.4616,0.4859
6892,enfermer,0.4616,0.4768
6893,barbarie,0.4616,0.4942
6894,dises,0.4616,0.4389
6895,paraissait,0.4616,0.4568
6896,sçait,0.4615,0.3815
6897,établissement,0.4615,0.4612
6898,poëme,0.4615,0.4032
6899,jugeons,0.4614,0.4283
6900,expédition,0.4614,0.4545
6901,personnelles,0.4614,0.4451
6902,punition,0.4614,0.5386
6903,défier,0.4614,0.3973
6904,secretaires,0.4614,0.4493
6905,contrevenans,0.4614,0.4129
6906,comprit,0.4613,0.4794
6907,martyre,0.4613,0.5577
6908,chemins,0.4613,0.4973
6909,moururent,0.4613,0.5732
6910,fun,0.4612,0.5149
6911,imprimeur,0.4612,0.4214
6912,grenier,0.4611,0.4654
6913,travaillent,0.4611,0.4203
6914,réunir,0.4610,0.5718
6915,parricide,0.4610,0.4873
6916,d'après,0.4610,0.4977
6917,vicomte,0.4609,0.5052
6918,poudres,0.4609,0.4563
6919,insensible,0.4609,0.4267
6920,rose,0.4609,0.4648
6921,ius,0.4609,0.5245
6922,pasté,0.4609,0.5373
6923,rare,0.4609,0.5435
6924,fade,0.4608,0.5165
6925,sienne,0.4608,0.4432
6926,murailles,0.4608,0.4738
6927,attachement,0.4607,0.4224
6928,fermier,0.4607,0.4618
6929,mineurs,0.4607,0.4824
6930,nic,0.4607,0.5514
6931,ip,0.4607,0.4959
6932,pese,0.4607,0.4843
6933,fine,0.4607,0.4542
6934,affermir,0.4607,0.4565
6935,l'encens,0.4607,0.5032
6936,observées,0.4607,0.4441
6937,perdus,0.4607,0.4292
6938,ari,0.4606,0.4934
6939,vulcain,0.4606,0.4181
6940,i'a,0.4606,0.5525
6941,conforme,0.4606,0.3880
6942,constitutions,0.4605,0.4596
6943,évidentes,0.4605,0.4687
6944,moilons,0.4605,0.4533
6945,suffrages,0.4604,0.4254
6946,terminer,0.4604,0.5229
6947,gibier,0.4604,0.4538
6948,droits,0.4604,0.4836
6949,prétendue,0.4604,0.4533
6950,noires,0.4604,0.3887
6951,l'éducation,0.4604,0.5242
6952,ardent,0.4604,0.4854
6953,confite,0.4603,0.4914
6954,malice,0.4603,0.4695
6955,frappa,0.4603,0.4840
6956,ài,0.4603,0.5348
6957,gêne,0.4603,0.5130
6958,oppositions,0.4603,0.5173
6959,délivrer,0.4602,0.4720
6960,tiendront,0.4602,0.4273
6961,gai,0.4602,0.4872
6962,épiceries,0.4602,0.4891
6963,l'oisiveté,0.4602,0.5605
6964,cher,0.4601,0.5193
6965,sacrée,0.4601,0.5046
6966,ite,0.4600,0.5298
6967,agréablement,0.4600,0.5013
6968,laver,0.4600,0.4315
6969,dce,0.4599,0.5152
6970,acclamations,0.4599,0.5329
6971,incertaine,0.4599,0.5045
6972,succedent,0.4599,0.5331
6973,préfence,0.4599,0.4804
6974,what,0.4598,0.3310
6975,renfermer,0.4598,0.4725
6976,rj,0.4598,0.4487
6977,dégoût,0.4598,0.4873
6978,impériaux,0.4598,0.4868
6979,bouclier,0.4598,0.4721
6980,tris,0.4597,0.5203
6981,chauds,0.4597,0.5128
6982,avancé,0.4597,0.4980
6983,contredit,0.4597,0.4039
6984,uniforme,0.4596,0.4960
6985,d'écrire,0.4596,0.5350
6986,recommencer,0.4596,0.5692
6987,attribue,0.4596,0.4981
6988,notamment,0.4595,0.4685
6989,merci,0.4595,0.4912
6990,éloignés,0.4595,0.4077
6991,ql,0.4594,0.4923
6992,d'u,0.4594,0.4600
6993,vulgaire,0.4593,0.4828
6994,tam,0.4593,0.5016
6995,absolument,0.4593,0.4864
6996,boulanger,0.4592,0.5426
6997,natura,0.4592,0.3994
6998,ronds,0.4592,0.4060
6999,caution,0.4592,0.4694
7000,imposition,0.4591,0.5129
7001,descendent,0.4591,0.4734
7002,eux,0.4591,0.4744
7003,apporter,0.4591,0.3986
7004,trop,0.4589,0.5141
7005,ues,0.4589,0.5056
7006,economic,0.4589,0.1800
7007,xlii,0.4589,0.4958
7008,arnaud,0.4589,0.4299
7009,d'amitié,0.4588,0.4538
7010,original,0.4588,0.5003
7011,doi,0.4588,0.5113
7012,joli,0.4588,0.3804
7013,confondent,0.4588,0.4488
7014,chacune,0.4587,0.4477
7015,probité,0.4587,0.4159
7016,grossiere,0.4587,0.4383
7017,plaisante,0.4587,0.4487
7018,pay,0.4587,0.5023
7019,guyenne,0.4586,0.4701
7020,attendoit,0.4586,0.4959
7021,habitants,0.4586,0.4674
7022,fr,0.4586,0.5002
7023,tonnes,0.4586,0.5147
7024,variété,0.4585,0.4426
7025,figné,0.4585,0.4260
7026,spectateur,0.4585,0.5291
7027,ara,0.4585,0.5196
7028,serre,0.4585,0.4629
7029,co,0.4584,0.5422
7030,regret,0.4584,0.4660
7031,fausses,0.4583,0.4048
7032,apportez,0.4583,0.5117
7033,mutation,0.4582,0.5517
7034,marge,0.4582,0.4158
7035,maxime,0.4582,0.4665
7036,l'envie,0.4582,0.4521
7037,suppose,0.4582,0.5066
7038,commercy,0.4582,0.5893
7039,alternativement,0.4582,0.5297
7040,parût,0.4582,0.4672
7041,consulter,0.4581,0.4009
7042,fiire,0.4581,0.5277
7043,parcouru,0.4581,0.5238
7044,prouver,0.4580,0.4539
7045,partes,0.4580,0.5023
7046,fatiguer,0.4579,0.4863
7047,supérieur,0.4579,0.4617
7048,heureuses,0.4579,0.4659
7049,mines,0.4578,0.5202
7050,journellement,0.4578,0.5164
7051,li,0.4577,0.5756
7052,maniéré,0.4576,0.3994
7053,renouvelle,0.4576,0.5065
7054,vingtième,0.4576,0.5351
7055,annoncer,0.4576,0.5465
7056,l'éloquence,0.4576,0.4893
7057,appointemens,0.4575,0.4213
7058,filets,0.4575,0.4735
7059,confia,0.4575,0.5188
7060,nam,0.4574,0.4076
7061,nous,0.4574,0.5936
7062,semer,0.4574,0.4496
7063,lne,0.4573,0.5291
7064,serve,0.4573,0.4645
7065,paniers,0.4573,0.4957
7066,hardie,0.4573,0.4361
7067,patte,0.4573,0.5668
7068,vertus,0.4572,0.4749
7069,chefs,0.4572,0.4644
7070,modérer,0.4572,0.5046
7071,violentes,0.4572,0.4193
7072,convertis,0.4571,0.5105
7073,luit,0.4571,0.5206
7074,garçons,0.4571,0.4604
7075,apprenant,0.4571,0.4646
7076,fers,0.4570,0.4502
7077,transportée,0.4570,0.5328
7078,pistoles,0.4570,0.4127
7079,pair,0.4570,0.5374
7080,law,0.4570,0.5124
7081,avoic,0.4570,0.3854
7082,pot,0.4569,0.4390
7083,bello,0.4569,0.4327
7084,sient,0.4569,0.4798
7085,rf,0.4568,0.5292
7086,sortent,0.4568,0.4132
7087,puiffance,0.4568,0.4367
7088,entraîner,0.4568,0.4709
7089,vents,0.4568,0.4289
7090,sd,0.4568,0.5454
7091,lio,0.4568,0.4527
7092,pauvreté,0.4568,0.4693
7093,savant,0.4568,0.4305
7094,liste,0.4568,0.4917
7095,sentir,0.4567,0.4236
7096,which,0.4567,0.3820
7097,exquis,0.4567,0.4313
7098,libre,0.4566,0.4894
7099,vocation,0.4566,0.4890
7100,l'election,0.4566,0.5224
7101,jonc,0.4566,0.4598
7102,chrétien,0.4566,0.4538
7103,scs,0.4565,0.5150
7104,lierre,0.4565,0.4271
7105,source,0.4565,0.4528
7106,ide,0.4565,0.5323
7107,enflammé,0.4565,0.4503
7108,yr,0.4565,0.4774
7109,vains,0.4565,0.4309
7110,uv,0.4565,0.4970
7111,haï,0.4565,0.4878
7112,exciter,0.4564,0.4134
7113,moquer,0.4564,0.4200
7114,ng,0.4564,0.5303
7115,mêle,0.4563,0.4811
7116,bouillons,0.4563,0.4503
7117,horribles,0.4563,0.4723
7118,trefles,0.4563,0.4854
7119,d'écouter,0.4563,0.5010
7120,pécheurs,0.4563,0.4994
7121,seinte,0.4563,0.4916
7122,admirer,0.4563,0.4419
7123,pique,0.4562,0.4586
7124,fondent,0.4562,0.4383
7125,as,0.4562,0.4999
7126,splendeur,0.4561,0.5270
7127,contrevenu,0.4561,0.4151
7128,appliquée,0.4561,0.4859
7129,chanvre,0.4561,0.4807
7130,naissent,0.4561,0.4342
7131,part,0.4560,0.4459
7132,d'ôter,0.4560,0.5187
7133,senlis,0.4560,0.4341
7134,ian,0.4560,0.4727
7135,l'abbaye,0.4560,0.3912
7136,couleur,0.4560,0.3795
7137,ens,0.4560,0.5375
7138,art,0.4559,0.4969
7139,mexique,0.4559,0.4589
7140,l'aller,0.4559,0.4835
7141,oin,0.4558,0.5364
7142,sûreté,0.4558,0.4277
7143,ressentir,0.4558,0.4169
7144,fond,0.4558,0.4267
7145,dcr,0.4558,0.5454
7146,rôles,0.4557,0.5034
7147,volumes,0.4557,0.5248
7148,efficace,0.4557,0.4563
7149,d'l,0.4557,0.5312
7150,bourgogne,0.4556,0.4934
7151,couvrant,0.4556,0.4695
7152,dur,0.4556,0.4478
7153,regi,0.4555,0.4621
7154,patres,0.4555,0.4808
7155,egypte,0.4555,0.4622
7156,sûre,0.4555,0.4572
7157,privées,0.4554,0.5178
7158,sire,0.4554,0.5305
7159,revienne,0.4553,0.5053
7160,rcr,0.4553,0.5191
7161,nai,0.4553,0.5536
7162,diminuant,0.4553,0.5126
7163,fontenelle,0.4553,0.4824
7164,l'apparence,0.4553,0.5302
7165,rez,0.4553,0.4440
7166,ul,0.4553,0.5244
7167,artisans,0.4552,0.4753
7168,pose,0.4551,0.3947
7169,âgée,0.4551,0.5688
7170,d'environ,0.4551,0.4240
7171,liu,0.4551,0.5877
7172,icr,0.4551,0.4754
7173,fruits,0.4551,0.4843
7174,chargées,0.4550,0.4238
7175,décharge,0.4550,0.4456
7176,pareilles,0.4550,0.4628
7177,meut,0.4549,0.4398
7178,zi,0.4548,0.4747
7179,continuellement,0.4548,0.5051
7180,cherche,0.4548,0.4836
7181,ordonnent,0.4547,0.4595
7182,permises,0.4547,0.4800
7183,monts,0.4547,0.5101
7184,prononciation,0.4547,0.5042
7185,parure,0.4546,0.5147
7186,fio,0.4546,0.5136
7187,contraventions,0.4546,0.3894
7188,ais,0.4546,0.5320
7189,anvers,0.4546,0.4027
7190,qu'afin,0.4545,0.5675
7191,bat,0.4545,0.5050
7192,pâques,0.4545,0.4050
7193,inutiles,0.4545,0.4347
7194,pareils,0.4545,0.5417
7195,degré,0.4545,0.4236
7196,mesure,0.4545,0.4374
7197,genres,0.4544,0.3874
7198,sois,0.4544,0.4907
7199,achete,0.4544,0.4288
7200,principe,0.4544,0.4299
7201,bienfaits,0.4543,0.3990
7202,grossiers,0.4542,0.4915
7203,néanmoins,0.4542,0.4843
7204,tâcha,0.4542,0.4861
7205,seint,0.4541,0.5072
7206,orientaux,0.4541,0.4761
7207,dragons,0.4541,0.4377
7208,innocens,0.4541,0.4966
7209,lls,0.4541,0.5671
7210,comblé,0.4540,0.4574
7211,cux,0.4540,0.5284
7212,froide,0.4540,0.3934
7213,cum,0.4540,0.5517
7214,justifié,0.4540,0.4455
7215,douceur,0.4540,0.4331
7216,ingratitude,0.4540,0.4037
7217,révolutions,0.4539,0.3706
7218,bourse,0.4539,0.4634
7219,apprend,0.4539,0.4645
7220,conversation,0.4539,0.4620
7221,envoyées,0.4539,0.4520
7222,i's,0.4538,0.5132
7223,lo,0.4538,0.4850
7224,preuves,0.4537,0.4827
7225,négligé,0.4536,0.4546
7226,mécontentement,0.4536,0.4538
7227,d'hommes,0.4536,0.4892
7228,indifférence,0.4536,0.4756
7229,brune,0.4536,0.3877
7230,l'eternel,0.4536,0.5125
7231,étranges,0.4535,0.4651
7232,étoi,0.4535,0.4681
7233,cieux,0.4534,0.4673
7234,retirent,0.4534,0.4250
7235,rz,0.4534,0.4866
7236,l'état,0.4534,0.4783
7237,auxdits,0.4534,0.4174
7238,pressa,0.4533,0.4260
7239,justices,0.4533,0.4602
7240,voleurs,0.4532,0.4441
7241,graves,0.4532,0.4442
7242,parlons,0.4532,0.4518
7243,matres,0.4531,0.4241
7244,perpétuelle,0.4531,0.4926
7245,connais,0.4531,0.3534
7246,fame,0.4530,0.5032
7247,ravi,0.4530,0.3610
7248,approcher,0.4530,0.5398
7249,chapitres,0.4530,0.4624
7250,épris,0.4530,0.5056
7251,enfoncer,0.4529,0.4918
7252,d'examiner,0.4529,0.5102
7253,belli,0.4529,0.4288
7254,prima,0.4529,0.4256
7255,croupe,0.4529,0.4657
7256,glaces,0.4529,0.4986
7257,environ,0.4528,0.4599
7258,régulier,0.4528,0.5123
7259,iun,0.4528,0.5502
7260,caprices,0.4528,0.3794
7261,entendons,0.4528,0.4202
7262,eus,0.4527,0.4528
7263,offert,0.4527,0.4009
7264,apporte,0.4526,0.4359
7265,terres,0.4526,0.4596
7266,parl,0.4526,0.4909
7267,tl,0.4526,0.5022
7268,i'on,0.4525,0.5191
7269,menton,0.4525,0.4953
7270,melius,0.4524,0.4298
7271,fire,0.4524,0.5571
7272,entreprise,0.4524,0.4318
7273,revenue,0.4524,0.4912
7274,lettrés,0.4523,0.4520
7275,roient,0.4523,0.4318
7276,paris,0.4522,0.4517
7277,cô,0.4522,0.5186
7278,approche,0.4522,0.4024
7279,uc,0.4522,0.5047
7280,brûlé,0.4522,0.5053
7281,grecques,0.4522,0.4867
7282,pores,0.4522,0.4569
7283,recherche,0.4521,0.4232
7284,choquer,0.4521,0.4785
7285,vif,0.4521,0.4705
7286,condamner,0.4521,0.4801
7287,julie,0.4520,0.5463
7288,ios,0.4520,0.5075
7289,ore,0.4520,0.4815
7290,ec,0.4520,0.5592
7291,arbitraire,0.4519,0.4850
7292,attaqué,0.4519,0.4290
7293,perce,0.4519,0.4197
7294,patrimoine,0.4518,0.4662
7295,genéraux,0.4518,0.4878
7296,métal,0.4518,0.4764
7297,iti,0.4518,0.4867
7298,pins,0.4518,0.5101
7299,étonne,0.4518,0.4738
7300,coule,0.4517,0.4112
7301,bayle,0.4517,0.5064
7302,redoubler,0.4517,0.4635
7303,xxxvii,0.4517,0.4674
7304,inconvénient,0.4517,0.3656
7305,isc,0.4516,0.5177
7306,double,0.4516,0.4600
7307,tendrement,0.4515,0.4366
7308,chaleur,0.4515,0.4954
7309,obtint,0.4515,0.4224
7310,to,0.4515,0.5410
7311,tailleur,0.4515,0.5719
7312,contrainte,0.4514,0.4681
7313,guere,0.4513,0.3806
7314,cabale,0.4513,0.4559
7315,séduit,0.4513,0.4972
7316,partis,0.4512,0.4081
7317,disposer,0.4512,0.4524
7318,fauxbourg,0.4512,0.4418
7319,ôtez,0.4512,0.5405
7320,david,0.4511,0.5004
7321,inconnues,0.4511,0.4179
7322,regardez,0.4511,0.5073
7323,reconnoît,0.4511,0.4530
7324,bornes,0.4511,0.4613
7325,reviendra,0.4511,0.5489
7326,dle,0.4510,0.5069
7327,ifes,0.4510,0.4399
7328,fincere,0.4510,0.4679
7329,ades,0.4510,0.4938
7330,redouter,0.4510,0.4752
7331,parc,0.4509,0.5313
7332,principauté,0.4509,0.4067
7333,ilc,0.4509,0.4803
7334,dic,0.4508,0.5546
7335,ressemblent,0.4508,0.4876
7336,verbe,0.4507,0.4002
7337,tacite,0.4507,0.5106
7338,loo,0.4507,0.4443
7339,quoiqu'ils,0.4507,0.4610
7340,triste,0.4507,0.4664
7341,s'attendre,0.4506,0.4632
7342,jo,0.4506,0.5231
7343,ft,0.4506,0.5866
7344,originaire,0.4506,0.4600
7345,continue,0.4506,0.5793
7346,fonda,0.4506,0.4601
7347,aisée,0.4505,0.3969
7348,nain,0.4505,0.5743
7349,debout,0.4505,0.4487
7350,gueule,0.4505,0.4157
7351,généraux,0.4505,0.5315
7352,appel,0.4504,0.4332
7353,lj,0.4503,0.5059
7354,ladite,0.4503,0.4419
7355,memoires,0.4503,0.4981
7356,c'étoit,0.4502,0.5204
7357,battus,0.4502,0.4201
7358,donations,0.4502,0.4553
7359,attendu,0.4501,0.5379
7360,magie,0.4501,0.5415
7361,réduire,0.4501,0.4385
7362,trefle,0.4501,0.5941
7363,défenfe,0.4500,0.4367
7364,berceau,0.4500,0.5138
7365,suspendre,0.4500,0.4817
7366,lâche,0.4500,0.5090
7367,remplie,0.4500,0.4417
7368,rapporter,0.4499,0.4514
7369,robe,0.4499,0.4757
7370,mentionnées,0.4498,0.4782
7371,juris,0.4498,0.4899
7372,insensiblement,0.4498,0.4808
7373,signe,0.4498,0.4797
7374,mordre,0.4498,0.5102
7375,cérémonies,0.4497,0.4784
7376,ars,0.4497,0.5218
7377,cabane,0.4497,0.4928
7378,ramasser,0.4497,0.5719
7379,lait,0.4497,0.4085
7380,itc,0.4497,0.4741
7381,aimez,0.4497,0.4298
7382,figurer,0.4496,0.4738
7383,ej,0.4496,0.4924
7384,précédentes,0.4496,0.4824
7385,conformément,0.4496,0.4098
7386,nunc,0.4496,0.4804
7387,perfections,0.4496,0.3974
7388,sots,0.4495,0.4756
7389,foi,0.4495,0.3638
7390,rayon,0.4495,0.4279
7391,volant,0.4495,0.5296
7392,app,0.4494,0.5617
7393,qe,0.4494,0.5106
7394,mourir,0.4494,0.4392
7395,tes,0.4493,0.4862
7396,t'en,0.4493,0.3908
7397,tendresse,0.4493,0.4778
7398,pierres,0.4492,0.4700
7399,glorifier,0.4492,0.4458
7400,pinte,0.4491,0.2815
7401,different,0.4491,0.4095
7402,patrons,0.4491,0.4906
7403,surpasser,0.4491,0.5063
7404,répondent,0.4491,0.4722
7405,presse,0.4490,0.4284
7406,attendant,0.4490,0.3981
7407,attaquée,0.4490,0.3967
7408,charitable,0.4490,0.5215
7409,dépendans,0.4490,0.4489
7410,devienne,0.4489,0.5218
7411,charmant,0.4489,0.4425
7412,oppose,0.4489,0.4520
7413,loger,0.4488,0.4493
7414,laiss,0.4488,0.5337
7415,lenteur,0.4488,0.4849
7416,supérieurs,0.4488,0.4492
7417,amateurs,0.4488,0.5800
7418,réunis,0.4487,0.4602
7419,ecs,0.4487,0.5662
7420,seuls,0.4487,0.4089
7421,ecu,0.4487,0.4334
7422,médecine,0.4487,0.5581
7423,acceptée,0.4486,0.4812
7424,aîles,0.4485,0.4574
7425,vû,0.4485,0.3259
7426,arma,0.4485,0.4428
7427,ps,0.4485,0.5631
7428,attachez,0.4485,0.5599
7429,nl,0.4484,0.4814
7430,environne,0.4484,0.4475
7431,vainqueur,0.4484,0.4378
7432,éloignée,0.4484,0.4840
7433,mêlées,0.4484,0.4045
7434,enseigner,0.4484,0.5437
7435,anneaux,0.4484,0.4449
7436,rebelles,0.4483,0.4193
7437,l'acheteur,0.4483,0.4135
7438,pauvres,0.4483,0.5110
7439,espéces,0.4483,0.3881
7440,catalogne,0.4482,0.4714
7441,nouvelle,0.4482,0.4785
7442,chariot,0.4482,0.4397
7443,usent,0.4481,0.5024
7444,climats,0.4481,0.4733
7445,isabelle,0.4481,0.4973
7446,surprendre,0.4480,0.5121
7447,répons,0.4480,0.3549
7448,ilr,0.4480,0.5080
7449,nostra,0.4480,0.4026
7450,cantiques,0.4479,0.5084
7451,principales,0.4479,0.5024
7452,aucunement,0.4479,0.5434
7453,bis,0.4478,0.6016
7454,c'ct,0.4478,0.4856
7455,opiniâtreté,0.4478,0.4574
7456,accompagné,0.4478,0.4563
7457,siens,0.4477,0.4061
7458,éclate,0.4477,0.4644
7459,faste,0.4477,0.5147
7460,roes,0.4477,0.5105
7461,dogmes,0.4477,0.3715
7462,réguliers,0.4477,0.4731
7463,examiné,0.4477,0.4597
7464,sacre,0.4477,0.5171
7465,huiles,0.4476,0.4470
7466,bassesse,0.4476,0.4417
7467,soupçonné,0.4476,0.4668
7468,création,0.4476,0.4647
7469,cité,0.4476,0.4984
7470,toutes,0.4476,0.5103
7471,puissans,0.4475,0.4980
7472,valu,0.4475,0.5039
7473,conciles,0.4475,0.4499
7474,roy,0.4475,0.4315
7475,préparé,0.4475,0.4853
7476,danser,0.4474,0.5207
7477,déroute,0.4474,0.5048
7478,courfe,0.4473,0.4915
7479,préférence,0.4473,0.4344
7480,guide,0.4473,0.4599
7481,l'habitude,0.4473,0.5003
7482,égal,0.4473,0.5018
7483,tins,0.4473,0.5542
7484,murmurer,0.4472,0.4897
7485,formule,0.4472,0.5468
7486,anciens,0.4472,0.4615
7487,payées,0.4472,0.4112
7488,immobile,0.4471,0.4375
7489,oro,0.4471,0.4342
7490,attire,0.4471,0.4435
7491,dici,0.4471,0.3627
7492,fournies,0.4470,0.4950
7493,traditions,0.4470,0.4327
7494,canon,0.4470,0.4789
7495,orientale,0.4470,0.4494
7496,heure,0.4470,0.4721
7497,reliques,0.4470,0.4591
7498,coit,0.4469,0.6256
7499,lave,0.4469,0.4154
7500,arrêtez,0.4469,0.4826
7501,snt,0.4469,0.5349
7502,nevers,0.4468,0.4436
7503,litres,0.4468,0.4152
7504,bordure,0.4468,0.4155
7505,grange,0.4468,0.4767
7506,prêté,0.4467,0.4873
7507,l'ennemi,0.4467,0.4622
7508,sermons,0.4467,0.4363
7509,d'attention,0.4467,0.4543
7510,prélat,0.4467,0.4837
7511,pcr,0.4467,0.4757
7512,prêtes,0.4466,0.4750
7513,france,0.4466,0.4538
7514,grenoble,0.4466,0.4188
7515,pots,0.4465,0.3986
7516,ih,0.4465,0.5351
7517,évident,0.4464,0.4291
7518,strabon,0.4464,0.4656
7519,lasser,0.4464,0.4722
7520,philippe,0.4464,0.4958
7521,sentences,0.4464,0.4051
7522,mortier,0.4464,0.4241
7523,mena,0.4463,0.3720
7524,arrivant,0.4463,0.5083
7525,l'opposition,0.4463,0.4976
7526,flore,0.4463,0.5523
7527,signifier,0.4463,0.4854
7528,venise,0.4463,0.4121
7529,entrent,0.4463,0.4622
7530,coquin,0.4462,0.4482
7531,garnis,0.4462,0.4440
7532,cf,0.4461,0.5010
7533,respect,0.4460,0.4092
7534,héritages,0.4460,0.4044
7535,mêlée,0.4460,0.4716
7536,croye,0.4460,0.3632
7537,rang,0.4459,0.4373
7538,parlai,0.4459,0.4456
7539,difficultés,0.4458,0.3787
7540,ncs,0.4457,0.5183
7541,fiat,0.4457,0.4533
7542,d'unc,0.4457,0.5618
7543,fleur,0.4457,0.5046
7544,quii,0.4456,0.5326
7545,livre,0.4456,0.4857
7546,nemis,0.4456,0.4299
7547,blessure,0.4455,0.4892
7548,préjugé,0.4455,0.4449
7549,farce,0.4455,0.5373
7550,assises,0.4455,0.5031
7551,contrôle,0.4455,0.4680
7552,ajouté,0.4454,0.4821
7553,rum,0.4454,0.4478
7554,ambassadeur,0.4454,0.4213
7555,charge,0.4454,0.4922
7556,portique,0.4453,0.4394
7557,sucs,0.4453,0.4323
7558,roue,0.4452,0.4794
7559,suppléer,0.4452,0.4777
7560,innocent,0.4452,0.4625
7561,harnois,0.4452,0.4650
7562,appartiendra,0.4452,0.3927
7563,neque,0.4451,0.5322
7564,u'il,0.4451,0.5196
7565,meres,0.4451,0.4692
7566,quasi,0.4451,0.5599
7567,grossir,0.4451,0.4925
7568,places,0.4451,0.4423
7569,favorise,0.4450,0.4856
7570,l'écriture,0.4450,0.5942
7571,mai,0.4450,0.4763
7572,goûté,0.4450,0.5535
7573,présence,0.4450,0.4078
7574,terminée,0.4449,0.5327
7575,supérieure,0.4449,0.4370
7576,rétablir,0.4448,0.4115
7577,réparations,0.4448,0.4657
7578,xxxiv,0.4447,0.4331
7579,qu'y,0.4447,0.5127
7580,dénombrement,0.4447,0.5075
7581,plates,0.4447,0.4562
7582,passi,0.4447,0.5771
7583,évité,0.4447,0.4379
7584,deviné,0.4447,0.5263
7585,antique,0.4446,0.4798
7586,surprenante,0.4446,0.3752
7587,xliv,0.4446,0.5516
7588,foiblesse,0.4446,0.4181
7589,obtenir,0.4445,0.4154
7590,lie,0.4445,0.5582
7591,dignes,0.4445,0.4573
7592,nouvellement,0.4445,0.5061
7593,subit,0.4444,0.5294
7594,traitez,0.4444,0.4298
7595,blessures,0.4444,0.4155
7596,avertis,0.4443,0.3741
7597,voeu,0.4443,0.4506
7598,arabes,0.4443,0.4785
7599,naturel,0.4442,0.4322
7600,datée,0.4442,0.4529
7601,espérance,0.4442,0.3990
7602,aures,0.4442,0.4595
7603,venons,0.4441,0.4367
7604,ccr,0.4441,0.5165
7605,assemblage,0.4441,0.4039
7606,restitution,0.4441,0.4956
7607,coquille,0.4441,0.4674
7608,sincérité,0.4441,0.4506
7609,redouble,0.4440,0.4174
7610,entreprendre,0.4439,0.3860
7611,tp,0.4439,0.4859
7612,sunt,0.4439,0.4991
7613,rand,0.4439,0.4598
7614,sols,0.4439,0.3942
7615,cec,0.4438,0.4683
7616,possedent,0.4438,0.4681
7617,retranche,0.4438,0.4596
7618,dauphiné,0.4437,0.4236
7619,appréhender,0.4437,0.4836
7620,minutes,0.4437,0.4438
7621,eil,0.4437,0.4374
7622,véritables,0.4437,0.4608
7623,poursuivis,0.4437,0.4678
7624,imaginé,0.4436,0.4654
7625,rre,0.4436,0.5114
7626,aveu,0.4436,0.4368
7627,iar,0.4435,0.5156
7628,deniers,0.4435,0.4848
7629,old,0.4435,0.3639
7630,inconcevable,0.4434,0.5497
7631,muse,0.4434,0.4471
7632,arrivées,0.4434,0.4027
7633,colonie,0.4434,0.4619
7634,efj,0.4433,0.4677
7635,mary,0.4433,0.3261
7636,rétablissement,0.4433,0.4096
7637,séparés,0.4433,0.4753
7638,couvert,0.4432,0.5429
7639,inconvenient,0.4432,0.3269
7640,sincère,0.4432,0.4478
7641,journée,0.4432,0.4195
7642,ajoutant,0.4431,0.5520
7643,martyrs,0.4431,0.4222
7644,bronze,0.4431,0.4086
7645,mm,0.4431,0.6004
7646,courageux,0.4431,0.4385
7647,extrémités,0.4431,0.5294
7648,sort,0.4431,0.3959
7649,queue,0.4431,0.4363
7650,vt,0.4431,0.5078
7651,afrique,0.4430,0.4095
7652,castille,0.4430,0.4755
7653,dissiper,0.4430,0.4495
7654,opposer,0.4430,0.4781
7655,supprimer,0.4430,0.4781
7656,picardie,0.4430,0.4529
7657,impatience,0.4429,0.3821
7658,vécut,0.4429,0.4801
7659,qu'ii,0.4429,0.5186
7660,richement,0.4429,0.5149
7661,malheureux,0.4429,0.4314
7662,intelligible,0.4429,0.4956
7663,constitution,0.4428,0.4315
7664,festin,0.4428,0.4175
7665,tribunal,0.4428,0.5151
7666,cns,0.4428,0.4956
7667,décharger,0.4427,0.4125
7668,frappé,0.4427,0.4421
7669,cabinet,0.4427,0.3902
7670,pur,0.4427,0.5633
7671,guérir,0.4427,0.4563
7672,injustes,0.4426,0.4102
7673,rejette,0.4426,0.4769
7674,principes,0.4426,0.4345
7675,mutuellement,0.4425,0.4515
7676,ue,0.4425,0.4860
7677,fiege,0.4425,0.5570
7678,touchent,0.4424,0.4518
7679,parente,0.4424,0.4747
7680,servis,0.4424,0.4415
7681,ut,0.4423,0.5306
7682,renouveller,0.4423,0.4369
7683,cit,0.4423,0.4883
7684,bleus,0.4423,0.4008
7685,périt,0.4423,0.4827
7686,vêtus,0.4423,0.4695
7687,revenant,0.4422,0.5693
7688,refroidir,0.4422,0.4612
7689,engager,0.4422,0.4423
7690,pourquoi,0.4422,0.4150
7691,décrets,0.4421,0.4401
7692,opinion,0.4421,0.4268
7693,prêts,0.4421,0.4856
7694,exclus,0.4421,0.4394
7695,declaré,0.4420,0.4831
7696,risquer,0.4420,0.4298
7697,tyr,0.4420,0.5225
7698,haye,0.4420,0.4957
7699,j'aye,0.4419,0.3791
7700,anneau,0.4419,0.4147
7701,banque,0.4419,0.5005
7702,compétence,0.4419,0.5336
7703,infini,0.4419,0.3984
7704,zr,0.4419,0.4890
7705,spirituelle,0.4419,0.5460
7706,vieille,0.4418,0.4897
7707,nil,0.4418,0.4785
7708,pénétré,0.4418,0.4066
7709,danois,0.4418,0.5031
7710,aussi,0.4418,0.4532
7711,passions,0.4417,0.4546
7712,avides,0.4417,0.4835
7713,grandeurs,0.4417,0.4494
7714,lez,0.4417,0.5259
7715,attaché,0.4417,0.4725
7716,battent,0.4417,0.4144
7717,caverne,0.4416,0.4494
7718,heureusement,0.4416,0.4737
7719,souveraine,0.4416,0.4678
7720,rames,0.4415,0.4778
7721,riche,0.4415,0.4431
7722,actuelle,0.4415,0.5512
7723,rameaux,0.4414,0.4670
7724,the,0.4414,0.4757
7725,mesuré,0.4413,0.5680
7726,blâme,0.4413,0.4675
7727,méchante,0.4413,0.4899
7728,l'heureuse,0.4412,0.5179
7729,edits,0.4412,0.3773
7730,quàm,0.4412,0.4791
7731,barbare,0.4411,0.4722
7732,oie,0.4411,0.5699
7733,raisonnables,0.4410,0.4352
7734,usé,0.4410,0.4099
7735,clerc,0.4410,0.5275
7736,expédier,0.4409,0.4776
7737,animal,0.4409,0.3874
7738,impie,0.4409,0.4447
7739,divine,0.4409,0.4725
7740,fairc,0.4408,0.4986
7741,amener,0.4408,0.4177
7742,jr,0.4408,0.4708
7743,marquer,0.4408,0.4429
7744,exiger,0.4407,0.3915
7745,chaleurs,0.4407,0.4416
7746,autant,0.4407,0.5142
7747,l'exception,0.4407,0.4755
7748,abondant,0.4406,0.4408
7749,désir,0.4406,0.4085
7750,pi,0.4406,0.5563
7751,termes,0.4406,0.4515
7752,insulte,0.4405,0.4600
7753,consommé,0.4405,0.5353
7754,procura,0.4405,0.4598
7755,chaude,0.4404,0.3534
7756,chrif,0.4404,0.4594
7757,nicolas,0.4403,0.4721
7758,questions,0.4403,0.4135
7759,pais,0.4402,0.2509
7760,guinée,0.4402,0.5084
7761,farouche,0.4401,0.4529
7762,i'r,0.4401,0.4648
7763,laid,0.4401,0.4886
7764,rendons,0.4400,0.3717
7765,doutes,0.4400,0.4227
7766,cn,0.4400,0.5584
7767,labour,0.4400,0.5326
7768,l'argent,0.4400,0.4612
7769,ellcs,0.4400,0.4983
7770,étrangères,0.4399,0.5151
7771,esset,0.4399,0.4809
7772,exemptions,0.4399,0.4379
7773,gardez,0.4399,0.4931
7774,restent,0.4399,0.5506
7775,façons,0.4399,0.3676
7776,ror,0.4399,0.5297
7777,voyons,0.4398,0.4176
7778,crc,0.4398,0.4746
7779,jt,0.4398,0.4687
7780,placer,0.4397,0.4737
7781,quinzaine,0.4397,0.3960
7782,socrate,0.4397,0.5518
7783,horreurs,0.4397,0.3568
7784,réfléchir,0.4397,0.5031
7785,créance,0.4397,0.4432
7786,broche,0.4396,0.4433
7787,pr,0.4396,0.5394
7788,commencent,0.4396,0.3900
7789,pensées,0.4396,0.4210
7790,jeux,0.4396,0.4570
7791,l'hymen,0.4396,0.4113
7792,primes,0.4395,0.4881
7793,perche,0.4395,0.4666
7794,finir,0.4395,0.5067
7795,lendemain,0.4394,0.4404
7796,attendre,0.4394,0.4033
7797,term,0.4394,0.4699
7798,réjouir,0.4394,0.4207
7799,paisible,0.4394,0.4929
7800,tibre,0.4394,0.4667
7801,comparé,0.4394,0.4771
7802,l'incertitude,0.4393,0.5268
7803,l'élection,0.4393,0.5108
7804,vanter,0.4392,0.4338
7805,toiles,0.4392,0.4359
7806,d'exciter,0.4392,0.4843
7807,bienfait,0.4391,0.4639
7808,découvrit,0.4391,0.4481
7809,barcelone,0.4391,0.5230
7810,inventions,0.4391,0.3470
7811,evangile,0.4391,0.4346
7812,citation,0.4391,0.4645
7813,bal,0.4391,0.4277
7814,détours,0.4390,0.4445
7815,arraché,0.4390,0.4757
7816,lum,0.4390,0.3937
7817,faites,0.4390,0.4632
7818,liens,0.4390,0.4295
7819,remplis,0.4390,0.4188
7820,l'équité,0.4390,0.4529
7821,abraham,0.4389,0.5016
7822,ier,0.4389,0.5004
7823,guéri,0.4388,0.4923
7824,possibilité,0.4388,0.5034
7825,lumieres,0.4388,0.3632
7826,royau,0.4388,0.4777
7827,conquêtes,0.4388,0.4371
7828,apollon,0.4387,0.3968
7829,nourrice,0.4387,0.4636
7830,audience,0.4387,0.4465
7831,manqué,0.4387,0.4082
7832,tenter,0.4387,0.3844
7833,dissipe,0.4386,0.4232
7834,d'avouer,0.4386,0.4526
7835,préparée,0.4386,0.4682
7836,sorti,0.4385,0.4548
7837,profondes,0.4384,0.3999
7838,sais,0.4384,0.4199
7839,i'i,0.4384,0.4559
7840,habillement,0.4384,0.4410
7841,ncc,0.4384,0.4331
7842,coffre,0.4384,0.4372
7843,grossier,0.4383,0.4564
7844,utile,0.4383,0.4713
7845,ejf,0.4382,0.4405
7846,loco,0.4382,0.4330
7847,eis,0.4382,0.5137
7848,défiance,0.4382,0.4689
7849,dictionnaire,0.4382,0.5035
7850,balancer,0.4381,0.4419
7851,contenus,0.4381,0.4451
7852,has,0.4381,0.3664
7853,l'administration,0.4381,0.4303
7854,partent,0.4381,0.4685
7855,vingr,0.4381,0.4541
7856,l'être,0.4380,0.4777
7857,d'inde,0.4380,0.4522
7858,panier,0.4380,0.4229
7859,implorer,0.4380,0.4271
7860,profane,0.4380,0.5104
7861,lèvres,0.4379,0.4071
7862,constantin,0.4379,0.4398
7863,cu,0.4379,0.5327
7864,poussent,0.4379,0.4118
7865,fondez,0.4378,0.4880
7866,levres,0.4378,0.4517
7867,fatigues,0.4378,0.3982
7868,irt,0.4378,0.4757
7869,l'exil,0.4378,0.5197
7870,s'abandonner,0.4378,0.4899
7871,cherchant,0.4378,0.5434
7872,guy,0.4377,0.4781
7873,cendres,0.4377,0.4105
7874,merveilleuse,0.4376,0.4307
7875,grammont,0.4376,0.5513
7876,consuls,0.4376,0.4309
7877,hautement,0.4376,0.4063
7878,erc,0.4376,0.3578
7879,protestations,0.4375,0.3876
7880,l'échéance,0.4375,0.5159
7881,licu,0.4374,0.4985
7882,ébranlé,0.4374,0.4856
7883,renverser,0.4374,0.4222
7884,colonne,0.4373,0.4743
7885,omnes,0.4373,0.4458
7886,emporte,0.4372,0.4462
7887,cii,0.4372,0.5434
7888,s'oppose,0.4372,0.4680
7889,n'oublia,0.4372,0.4811
7890,enlever,0.4372,0.4441
7891,d'impatience,0.4372,0.4603
7892,lien,0.4371,0.4926
7893,séduire,0.4371,0.4764
7894,punir,0.4371,0.3821
7895,work,0.4370,0.2687
7896,hi,0.4370,0.5735
7897,satyres,0.4369,0.4162
7898,poitiers,0.4369,0.4490
7899,indispensable,0.4369,0.4565
7900,légat,0.4369,0.5077
7901,s'instruire,0.4368,0.4396
7902,antre,0.4368,0.4621
7903,latins,0.4368,0.4651
7904,qii,0.4367,0.5497
7905,meurtres,0.4367,0.4892
7906,rêve,0.4367,0.4303
7907,contenance,0.4367,0.4221
7908,exposition,0.4366,0.4630
7909,sang,0.4366,0.4816
7910,déplaisir,0.4366,0.4719
7911,magnifiquement,0.4366,0.5288
7912,deviner,0.4365,0.4508
7913,prudence,0.4365,0.4537
7914,annuel,0.4365,0.4201
7915,passée,0.4365,0.4532
7916,eo,0.4365,0.5333
7917,tum,0.4365,0.4910
7918,bravoure,0.4364,0.4977
7919,verras,0.4364,0.3892
7920,domine,0.4364,0.4867
7921,archers,0.4364,0.4063
7922,auli,0.4363,0.4620
7923,rg,0.4363,0.4619
7924,unquam,0.4363,0.3733
7925,qc,0.4362,0.4807
7926,éditions,0.4362,0.3892
7927,sint,0.4362,0.4635
7928,repentir,0.4362,0.4014
7929,iz,0.4362,0.4818
7930,dl,0.4362,0.5303
7931,retint,0.4362,0.4261
7932,cj,0.4361,0.4807
7933,boutique,0.4361,0.5117
7934,maigres,0.4361,0.4549
7935,égards,0.4360,0.4169
7936,moyen,0.4360,0.3713
7937,fanté,0.4360,0.4293
7938,erant,0.4360,0.4291
7939,zélé,0.4360,0.4308
7940,pêche,0.4360,0.4563
7941,pompe,0.4360,0.4076
7942,ecritures,0.4360,0.5249
7943,saisi,0.4360,0.4144
7944,vente,0.4359,0.5125
7945,soutiennent,0.4359,0.5463
7946,lot,0.4359,0.5402
7947,subir,0.4359,0.4332
7948,reprendre,0.4359,0.4559
7949,sers,0.4358,0.4017
7950,ainsi,0.4358,0.4937
7951,leva,0.4358,0.4069
7952,pernicieuse,0.4358,0.4549
7953,entretiens,0.4358,0.4357
7954,enter,0.4357,0.3833
7955,trajet,0.4357,0.5552
7956,propice,0.4357,0.4084
7957,forge,0.4357,0.5413
7958,oient,0.4356,0.4070
7959,éducation,0.4356,0.4331
7960,spectacles,0.4356,0.4276
7961,lucile,0.4356,0.4736
7962,dir,0.4355,0.4550
7963,vivres,0.4355,0.5081
7964,vaincu,0.4354,0.3860
7965,ailleurs,0.4354,0.5035
7966,enrichir,0.4354,0.4332
7967,voyages,0.4353,0.4773
7968,instruit,0.4353,0.4483
7969,digne,0.4353,0.4526
7970,brisé,0.4353,0.4561
7971,flandres,0.4353,0.3579
7972,communiqué,0.4352,0.5274
7973,vitesse,0.4352,0.5029
7974,posé,0.4352,0.4331
7975,occidentale,0.4352,0.4002
7976,distinctions,0.4351,0.3845
7977,blanchir,0.4351,0.4716
7978,chêne,0.4351,0.4199
7979,s'imagine,0.4351,0.3707
7980,saisies,0.4351,0.4349
7981,instruits,0.4351,0.3894
7982,other,0.4350,0.2719
7983,lyon,0.4350,0.4320
7984,entendu,0.4350,0.4698
7985,aillent,0.4350,0.4608
7986,herbe,0.4350,0.4096
7987,faveur,0.4349,0.4355
7988,demandent,0.4349,0.4352
7989,vaincus,0.4349,0.4265
7990,discrétion,0.4349,0.5030
7991,crt,0.4349,0.5331
7992,qu'après,0.4349,0.4211
7993,batterie,0.4349,0.4706
7994,salutaire,0.4349,0.5231
7995,fabrication,0.4348,0.4091
7996,tuteurs,0.4348,0.4301
7997,bourses,0.4348,0.5488
7998,arrière,0.4348,0.5764
7999,recevoir,0.4347,0.4959
8000,poule,0.4347,0.4282
8001,douceurs,0.4347,0.4019
8002,cacha,0.4347,0.5273
8003,d'horace,0.4347,0.5182
8004,emporté,0.4346,0.4816
8005,afiez,0.4346,0.5872
8006,ol,0.4346,0.5354
8007,pit,0.4346,0.4916
8008,l'accomplissement,0.4346,0.5747
8009,cc,0.4346,0.5499
8010,ois,0.4346,0.4963
8011,ordonnoit,0.4345,0.4453
8012,curieuses,0.4345,0.4773
8013,médecin,0.4345,0.5347
8014,iiv,0.4345,0.4965
8015,venit,0.4345,0.3775
8016,racheter,0.4344,0.5462
8017,pleurant,0.4344,0.4183
8018,derniers,0.4344,0.4727
8019,l'ancre,0.4344,0.4953
8020,confesser,0.4343,0.5169
8021,cachent,0.4343,0.4425
8022,contraintes,0.4343,0.4786
8023,prieuré,0.4342,0.4149
8024,songez,0.4342,0.4388
8025,l'origine,0.4342,0.4237
8026,nourris,0.4341,0.4165
8027,ero,0.4341,0.4640
8028,acc,0.4341,0.5587
8029,ss,0.4341,0.5430
8030,fortes,0.4341,0.3826
8031,troncs,0.4340,0.3874
8032,jadis,0.4340,0.4904
8033,pater,0.4340,0.4760
8034,signée,0.4339,0.4872
8035,bo,0.4339,0.4819
8036,parthes,0.4339,0.4480
8037,défait,0.4339,0.5094
8038,pt,0.4339,0.5120
8039,supposant,0.4338,0.4676
8040,avance,0.4338,0.4441
8041,gouvernent,0.4338,0.3955
8042,cuite,0.4337,0.4726
8043,enterré,0.4337,0.4673
8044,accomplir,0.4336,0.4790
8045,ace,0.4336,0.4802
8046,iu,0.4336,0.4884
8047,effrayé,0.4336,0.4647
8048,demi,0.4336,0.4156
8049,croyant,0.4336,0.4579
8050,exemplaire,0.4335,0.4765
8051,écrivant,0.4335,0.5284
8052,sommeil,0.4335,0.5270
8053,expofé,0.4335,0.5099
8054,degrés,0.4334,0.4566
8055,capitaines,0.4334,0.4432
8056,d'ouvrir,0.4334,0.4881
8057,remarqué,0.4333,0.4061
8058,pleines,0.4333,0.4156
8059,compris,0.4333,0.4462
8060,commanda,0.4333,0.3810
8061,l'adjudication,0.4333,0.4462
8062,ordinairement,0.4332,0.4405
8063,longue,0.4332,0.4513
8064,détruire,0.4332,0.3925
8065,côtés,0.4331,0.4116
8066,année,0.4330,0.4551
8067,mier,0.4330,0.4270
8068,deviennent,0.4330,0.3913
8069,parfaites,0.4330,0.4618
8070,version,0.4329,0.4427
8071,qu,0.4328,0.5207
8072,langage,0.4328,0.4733
8073,figne,0.4328,0.4629
8074,réveiller,0.4328,0.4955
8075,avanture,0.4327,0.3899
8076,eroit,0.4327,0.5136
8077,deuxième,0.4327,0.3783
8078,iter,0.4326,0.4181
8079,commandoit,0.4326,0.4234
8080,erreurs,0.4326,0.4723
8081,entrerent,0.4326,0.4116
8082,rompre,0.4325,0.4134
8083,vraies,0.4325,0.4635
8084,félon,0.4325,0.3771
8085,sortant,0.4325,0.4699
8086,éviter,0.4324,0.4625
8087,qu'est,0.4324,0.4143
8088,grece,0.4324,0.4568
8089,ates,0.4324,0.4367
8090,demandant,0.4324,0.5063
8091,artifices,0.4323,0.3817
8092,manda,0.4323,0.3729
8093,revenoit,0.4323,0.5006
8094,aima,0.4323,0.3992
8095,lieutenant,0.4323,0.4271
8096,regnes,0.4322,0.4662
8097,l'agitation,0.4322,0.4964
8098,chantre,0.4322,0.5691
8099,gro,0.4322,0.5123
8100,affliction,0.4322,0.4672
8101,joignent,0.4322,0.3981
8102,lys,0.4321,0.4914
8103,brillante,0.4321,0.4599
8104,tragédie,0.4320,0.3683
8105,qu'aucun,0.4320,0.4958
8106,comment,0.4320,0.4971
8107,d'icelle,0.4319,0.3811
8108,reconnoissancent,0.4319,0.4719
8109,persuader,0.4319,0.4524
8110,naquit,0.4318,0.4901
8111,dans,0.4318,0.4378
8112,conviens,0.4318,0.3915
8113,hec,0.4318,0.3760
8114,ml,0.4317,0.4896
8115,belles,0.4317,0.4518
8116,ene,0.4317,0.5526
8117,l'employer,0.4316,0.5412
8118,essentiels,0.4316,0.4399
8119,ccs,0.4316,0.4911
8120,ooo,0.4316,0.4833
8121,tige,0.4316,0.3595
8122,ns,0.4316,0.4810
8123,foutenu,0.4315,0.4372
8124,nuds,0.4315,0.4437
8125,exprime,0.4314,0.5362
8126,embarquer,0.4314,0.5324
8127,ombres,0.4314,0.5376
8128,seizième,0.4314,0.4693
8129,balle,0.4313,0.4324
8130,s'attacher,0.4313,0.4168
8131,coupant,0.4313,0.4561
8132,prononcé,0.4312,0.4856
8133,dlu,0.4312,0.4828
8134,contiennent,0.4312,0.4777
8135,papa,0.4311,0.4846
8136,troubler,0.4311,0.4053
8137,plura,0.4311,0.3556
8138,sergens,0.4310,0.3903
8139,contracter,0.4310,0.4804
8140,perse,0.4310,0.5011
8141,perfection,0.4309,0.4202
8142,odeur,0.4309,0.3926
8143,bic,0.4308,0.5494
8144,conservé,0.4308,0.4792
8145,prêt,0.4308,0.4383
8146,laval,0.4307,0.4468
8147,conduites,0.4307,0.4684
8148,habitude,0.4306,0.4175
8149,composée,0.4306,0.4597
8150,glorieux,0.4306,0.4422
8151,cun,0.4306,0.5264
8152,ibi,0.4305,0.5100
8153,alia,0.4305,0.4742
8154,dues,0.4305,0.4605
8155,capacité,0.4305,0.4211
8156,signées,0.4304,0.4574
8157,ornemens,0.4304,0.4297
8158,l'embouchure,0.4304,0.4431
8159,sels,0.4304,0.4303
8160,mcr,0.4304,0.4868
8161,l'espoir,0.4304,0.4553
8162,l'ouvrier,0.4303,0.5305
8163,éloigner,0.4302,0.4050
8164,demandez,0.4302,0.4066
8165,imprimée,0.4302,0.5213
8166,m'y,0.4301,0.3934
8167,prirent,0.4301,0.4422
8168,traitée,0.4301,0.3947
8169,perdrix,0.4301,0.4664
8170,bologne,0.4300,0.4419
8171,traduit,0.4300,0.3602
8172,méchans,0.4300,0.4867
8173,prodigue,0.4300,0.5058
8174,événemens,0.4300,0.3914
8175,chrétiennes,0.4299,0.4446
8176,exceptions,0.4299,0.4064
8177,répugnance,0.4299,0.4164
8178,morale,0.4299,0.4435
8179,raconte,0.4298,0.5110
8180,ode,0.4298,0.5424
8181,trés,0.4298,0.4800
8182,suivi,0.4298,0.4391
8183,commandez,0.4297,0.4988
8184,criant,0.4297,0.5051
8185,nuisibles,0.4297,0.4299
8186,ruses,0.4297,0.3938
8187,quoque,0.4297,0.4879
8188,dormir,0.4297,0.4849
8189,abuse,0.4297,0.3846
8190,jeu,0.4296,0.4524
8191,dévotion,0.4296,0.4471
8192,requête,0.4296,0.4253
8193,étonnée,0.4295,0.4689
8194,croyez,0.4294,0.4426
8195,épaisse,0.4294,0.3626
8196,monté,0.4294,0.4169
8197,ey,0.4294,0.5137
8198,articles,0.4294,0.4528
8199,lâcheté,0.4294,0.4429
8200,faible,0.4293,0.4539
8201,j'ose,0.4293,0.3955
8202,hoc,0.4293,0.4809
8203,quittance,0.4293,0.4115
8204,notaire,0.4293,0.4377
8205,ordonn,0.4293,0.4497
8206,drogues,0.4293,0.4152
8207,curieuse,0.4293,0.4824
8208,clercs,0.4293,0.4097
8209,trembler,0.4292,0.4069
8210,prouvé,0.4292,0.3716
8211,immuable,0.4292,0.4442
8212,galanterie,0.4291,0.4808
8213,innocentes,0.4291,0.4571
8214,cd,0.4291,0.5118
8215,lm,0.4291,0.4804
8216,florins,0.4290,0.4226
8217,perdues,0.4290,0.4842
8218,d'être,0.4290,0.5000
8219,ons,0.4289,0.4425
8220,fum,0.4289,0.3633
8221,marchoient,0.4289,0.4407
8222,trer,0.4289,0.4834
8223,exigé,0.4288,0.4957
8224,longueurs,0.4288,0.4740
8225,parois,0.4288,0.5243
8226,souhaitoit,0.4288,0.3917
8227,japon,0.4288,0.4746
8228,connus,0.4288,0.3770
8229,tanti,0.4287,0.3478
8230,incompatibles,0.4287,0.4958
8231,cuit,0.4287,0.4382
8232,quod,0.4287,0.4539
8233,populace,0.4287,0.4301
8234,contentement,0.4286,0.4355
8235,ames,0.4286,0.5192
8236,corriger,0.4285,0.4413
8237,condamné,0.4285,0.4951
8238,qu'au,0.4285,0.4934
8239,jusqu'i,0.4285,0.5314
8240,indépendamment,0.4285,0.4954
8241,acquis,0.4284,0.5091
8242,créer,0.4284,0.4845
8243,arte,0.4283,0.3893
8244,dépouille,0.4283,0.4404
8245,tue,0.4283,0.4716
8246,boileau,0.4282,0.5514
8247,éclairci,0.4282,0.4566
8248,étonnante,0.4281,0.4347
8249,d'argent,0.4281,0.4646
8250,flancs,0.4281,0.4153
8251,portera,0.4281,0.4870
8252,justifie,0.4281,0.4520
8253,d'cn,0.4281,0.4896
8254,n'é,0.4280,0.4714
8255,l'afrique,0.4280,0.3963
8256,syrie,0.4280,0.4340
8257,l'obtenir,0.4280,0.4360
8258,dépendances,0.4280,0.4621
8259,sum,0.4280,0.4401
8260,eau,0.4280,0.4524
8261,solide,0.4280,0.4349
8262,excuser,0.4279,0.4416
8263,avoi,0.4279,0.5275
8264,tirent,0.4279,0.3844
8265,arrêtée,0.4279,0.4965
8266,sentier,0.4279,0.4710
8267,commencemens,0.4279,0.4129
8268,trouvant,0.4279,0.4355
8269,pars,0.4279,0.4701
8270,ceil,0.4279,0.5162
8271,fermées,0.4279,0.4770
8272,réelle,0.4278,0.4238
8273,étoffe,0.4278,0.4183
8274,c'ess,0.4277,0.4070
8275,cùm,0.4277,0.4236
8276,jeunes,0.4277,0.4640
8277,sévérité,0.4276,0.4973
8278,touchant,0.4276,0.5123
8279,obscurs,0.4276,0.4207
8280,hollandais,0.4276,0.5455
8281,censeur,0.4276,0.5322
8282,s'arrêta,0.4276,0.4556
8283,succetteur,0.4276,0.4655
8284,coupée,0.4274,0.4433
8285,fibi,0.4273,0.3722
8286,pontifes,0.4273,0.4234
8287,tz,0.4273,0.4651
8288,gouvernail,0.4272,0.4790
8289,écarté,0.4272,0.4581
8290,ux,0.4272,0.5117
8291,vase,0.4272,0.4397
8292,pou,0.4271,0.4799
8293,peres,0.4271,0.4375
8294,explications,0.4271,0.4287
8295,them,0.4270,0.3566
8296,offense,0.4270,0.4242
8297,pendu,0.4270,0.4452
8298,um,0.4270,0.4348
8299,pureté,0.4269,0.4291
8300,fc,0.4269,0.5394
8301,auquel,0.4269,0.4117
8302,relie,0.4269,0.4981
8303,celle,0.4269,0.4546
8304,lans,0.4268,0.3979
8305,greffe,0.4268,0.4404
8306,portez,0.4268,0.5600
8307,tournai,0.4268,0.5197
8308,pudeur,0.4268,0.4352
8309,inc,0.4268,0.5029
8310,vils,0.4268,0.4212
8311,triomphant,0.4268,0.4644
8312,enseigne,0.4267,0.4332
8313,juif,0.4267,0.5653
8314,honoré,0.4267,0.4267
8315,étudié,0.4267,0.4066
8316,voute,0.4266,0.4719
8317,jusqu'au,0.4265,0.5118
8318,l'arbre,0.4265,0.4758
8319,autel,0.4264,0.4706
8320,dare,0.4264,0.4288
8321,jaloux,0.4264,0.4238
8322,commentaires,0.4264,0.4156
8323,prévention,0.4263,0.4344
8324,tronc,0.4263,0.4408
8325,d'entrer,0.4262,0.4727
8326,capitole,0.4262,0.4498
8327,bonnes,0.4262,0.4790
8328,terra,0.4262,0.4517
8329,marquoit,0.4261,0.4305
8330,terreur,0.4261,0.3945
8331,mauvaises,0.4261,0.4525
8332,amende,0.4261,0.4038
8333,excita,0.4261,0.4759
8334,délivrée,0.4261,0.4394
8335,falut,0.4261,0.3935
8336,ignorance,0.4260,0.4042
8337,beautés,0.4260,0.4171
8338,âgé,0.4260,0.3849
8339,bouilli,0.4259,0.4428
8340,folie,0.4259,0.4337
8341,trouvez,0.4259,0.4775
8342,répondoit,0.4258,0.5084
8343,tenons,0.4258,0.4321
8344,trépas,0.4257,0.4542
8345,moulin,0.4256,0.4805
8346,pareille,0.4256,0.4838
8347,avertit,0.4256,0.3685
8348,miracles,0.4256,0.4382
8349,please,0.4256,0.2795
8350,cloître,0.4256,0.4764
8351,queflion,0.4256,0.5184
8352,entroit,0.4256,0.4556
8353,couverts,0.4255,0.3534
8354,vénération,0.4255,0.4284
8355,hymen,0.4255,0.3482
8356,résolution,0.4255,0.3300
8357,pointes,0.4255,0.3766
8358,emportement,0.4254,0.4020
8359,parchemin,0.4254,0.4682
8360,xxxv,0.4254,0.4430
8361,coquette,0.4253,0.4481
8362,acres,0.4253,0.5266
8363,sapin,0.4253,0.4580
8364,poura,0.4253,0.3928
8365,méchanceté,0.4253,0.4752
8366,injuste,0.4253,0.3812
8367,cri,0.4252,0.4500
8368,disputes,0.4252,0.3756
8369,ménagé,0.4252,0.4650
8370,rompt,0.4251,0.4194
8371,éteinte,0.4251,0.4476
8372,mine,0.4251,0.4774
8373,quid,0.4251,0.4918
8374,air,0.4250,0.3929
8375,miel,0.4250,0.4562
8376,déclare,0.4250,0.4683
8377,durs,0.4249,0.4471
8378,revenu,0.4249,0.5087
8379,dune,0.4249,0.5589
8380,actions,0.4249,0.3873
8381,partagez,0.4249,0.4404
8382,désagréable,0.4248,0.5169
8383,nid,0.4248,0.4211
8384,bureaux,0.4248,0.4182
8385,malo,0.4247,0.4830
8386,tenues,0.4247,0.4433
8387,mémoires,0.4247,0.3921
8388,c'etoit,0.4246,0.5806
8389,veuve,0.4246,0.4039
8390,charmer,0.4246,0.4434
8391,l'endroit,0.4246,0.4222
8392,bible,0.4246,0.4887
8393,surprend,0.4246,0.4799
8394,ambition,0.4245,0.3660
8395,singulière,0.4245,0.4753
8396,remplit,0.4245,0.4198
8397,conviennent,0.4245,0.4171
8398,fidelles,0.4245,0.5827
8399,meubles,0.4245,0.3622
8400,dît,0.4244,0.4410
8401,d'icelles,0.4244,0.3898
8402,l'emploi,0.4244,0.5353
8403,cartes,0.4243,0.5380
8404,faisant,0.4243,0.5218
8405,tuiles,0.4243,0.5149
8406,voudrez,0.4243,0.3677
8407,aions,0.4243,0.4846
8408,semblables,0.4243,0.4295
8409,livrc,0.4243,0.5263
8410,mépris,0.4243,0.4366
8411,lus,0.4243,0.5236
8412,rts,0.4242,0.4824
8413,monseigneur,0.4242,0.4752
8414,bi,0.4242,0.4981
8415,éclaire,0.4241,0.4021
8416,incommodité,0.4241,0.4577
8417,conventions,0.4241,0.4450
8418,gouverneurs,0.4240,0.4308
8419,découvrir,0.4240,0.4765
8420,porterent,0.4240,0.4080
8421,retranchement,0.4240,0.4948
8422,préjudice,0.4239,0.4412
8423,devenir,0.4239,0.4953
8424,richelieu,0.4239,0.3730
8425,chaud,0.4238,0.3663
8426,s'accorder,0.4238,0.4695
8427,travaillé,0.4237,0.4050
8428,voies,0.4237,0.4025
8429,magasins,0.4237,0.4359
8430,icc,0.4237,0.5050
8431,domaines,0.4237,0.3708
8432,verges,0.4237,0.4996
8433,allez,0.4236,0.5407
8434,contribue,0.4236,0.4637
8435,d'étre,0.4235,0.5779
8436,l'effet,0.4235,0.4865
8437,né,0.4235,0.5067
8438,lisent,0.4235,0.4672
8439,refute,0.4234,0.4558
8440,s'entretenir,0.4234,0.4740
8441,court,0.4234,0.5248
8442,zele,0.4234,0.3933
8443,dui,0.4233,0.4530
8444,sujette,0.4233,0.4041
8445,percer,0.4233,0.4448
8446,ine,0.4233,0.5351
8447,huic,0.4233,0.3964
8448,multiplient,0.4232,0.4108
8449,chemise,0.4232,0.4375
8450,conséquences,0.4232,0.4351
8451,d'exécuter,0.4232,0.4263
8452,même,0.4232,0.4163
8453,enfoncé,0.4231,0.4444
8454,tc,0.4231,0.5113
8455,attends,0.4231,0.4326
8456,too,0.4231,0.4239
8457,foixante,0.4231,0.4492
8458,d'exercer,0.4230,0.4255
8459,disette,0.4230,0.4697
8460,suivez,0.4230,0.4105
8461,maudit,0.4230,0.4657
8462,félicité,0.4229,0.4416
8463,résistance,0.4229,0.3984
8464,répandre,0.4229,0.4298
8465,l'empereur,0.4228,0.5212
8466,doutant,0.4228,0.4238
8467,dront,0.4228,0.4679
8468,nymphe,0.4227,0.4502
8469,cho,0.4227,0.3433
8470,indignes,0.4227,0.4188
8471,plûpart,0.4227,0.3907
8472,prédicateurs,0.4227,0.4643
8473,suéde,0.4227,0.4324
8474,intrigues,0.4227,0.3463
8475,parlemens,0.4226,0.4151
8476,acquit,0.4226,0.5171
8477,causa,0.4226,0.5194
8478,choisies,0.4226,0.4743
8479,touchez,0.4225,0.5037
8480,agens,0.4225,0.4665
8481,user,0.4224,0.4857
8482,fidèle,0.4224,0.4171
8483,yeux,0.4224,0.4481
8484,àdire,0.4223,0.4154
8485,traduction,0.4223,0.3997
8486,clou,0.4223,0.4607
8487,l'artillerie,0.4223,0.4662
8488,ke,0.4223,0.5385
8489,manquent,0.4223,0.4138
8490,vicomté,0.4221,0.4947
8491,portrait,0.4221,0.4334
8492,diminutions,0.4221,0.4340
8493,style,0.4221,0.3934
8494,cessent,0.4221,0.4381
8495,nova,0.4221,0.4253
8496,fache,0.4220,0.4566
8497,doctrine,0.4220,0.4005
8498,crin,0.4220,0.4844
8499,supplier,0.4220,0.4045
8500,marchas,0.4219,0.4182
8501,révolution,0.4219,0.3648
8502,blic,0.4219,0.4287
8503,omne,0.4218,0.3545
8504,d'ennemis,0.4218,0.4316
8505,arrêt,0.4218,0.3706
8506,ées,0.4217,0.5000
8507,éloges,0.4216,0.3830
8508,comptes,0.4216,0.4554
8509,fil,0.4216,0.5070
8510,liberté,0.4216,0.4062
8511,exempte,0.4216,0.5630
8512,raisons,0.4216,0.4384
8513,piliers,0.4216,0.4232
8514,its,0.4216,0.4842
8515,faite,0.4215,0.4749
8516,refsource,0.4215,0.4284
8517,reglemens,0.4215,0.3724
8518,épines,0.4214,0.4878
8519,minuit,0.4214,0.4023
8520,contradiction,0.4214,0.3895
8521,trous,0.4213,0.4001
8522,communs,0.4213,0.4473
8523,neptune,0.4213,0.3773
8524,cave,0.4213,0.5385
8525,homine,0.4213,0.4620
8526,anges,0.4212,0.4467
8527,menaces,0.4212,0.3349
8528,complices,0.4212,0.3953
8529,devenues,0.4212,0.4229
8530,omnia,0.4212,0.4497
8531,force,0.4212,0.4581
8532,cerfs,0.4211,0.3524
8533,fd,0.4211,0.4854
8534,étonner,0.4211,0.3865
8535,approchent,0.4210,0.5181
8536,finis,0.4210,0.4190
8537,prodigieuse,0.4210,0.4228
8538,punis,0.4210,0.4060
8539,sardaigne,0.4209,0.4554
8540,beaux,0.4209,0.5188
8541,leges,0.4209,0.3765
8542,ete,0.4209,0.4631
8543,cardinal,0.4209,0.4474
8544,enne,0.4208,0.4492
8545,conseiller,0.4207,0.4413
8546,we,0.4207,0.3129
8547,tête,0.4207,0.4755
8548,témoins,0.4207,0.4223
8549,encourager,0.4206,0.4616
8550,signer,0.4206,0.4752
8551,flatté,0.4206,0.4873
8552,releva,0.4205,0.5118
8553,promenant,0.4205,0.4372
8554,commissaires,0.4205,0.4553
8555,obligea,0.4205,0.3958
8556,combattre,0.4204,0.4647
8557,d'humeur,0.4204,0.4899
8558,quil,0.4204,0.5053
8559,étrange,0.4204,0.4890
8560,laissons,0.4203,0.4755
8561,tirés,0.4203,0.5292
8562,aristote,0.4203,0.3848
8563,observe,0.4203,0.4569
8564,portes,0.4203,0.4440
8565,wi,0.4203,0.4604
8566,croissent,0.4202,0.3955
8567,ean,0.4202,0.4575
8568,n'en,0.4201,0.4320
8569,ouvertement,0.4201,0.4529
8570,confondre,0.4201,0.4755
8571,era,0.4200,0.4670
8572,jeanne,0.4200,0.3864
8573,rendait,0.4200,0.4706
8574,mène,0.4200,0.4726
8575,excellentes,0.4199,0.3941
8576,cirque,0.4199,0.4468
8577,c'er,0.4199,0.4511
8578,satisfaite,0.4198,0.4580
8579,durée,0.4198,0.4016
8580,condamnés,0.4198,0.3668
8581,rondes,0.4197,0.3942
8582,partic,0.4196,0.4750
8583,fureurs,0.4196,0.3122
8584,s'appelloit,0.4196,0.4402
8585,enlevé,0.4195,0.3997
8586,s'ouvre,0.4194,0.4463
8587,bruges,0.4194,0.4935
8588,formant,0.4194,0.4986
8589,exemple,0.4194,0.4945
8590,garantir,0.4194,0.4011
8591,permise,0.4194,0.4273
8592,diligence,0.4194,0.3973
8593,marié,0.4194,0.4130
8594,renvoyé,0.4193,0.4449
8595,quatrieme,0.4193,0.4796
8596,vizirs,0.4193,0.5781
8597,république,0.4193,0.4143
8598,soupçonner,0.4192,0.4494
8599,déplorable,0.4192,0.4114
8600,l'augmentation,0.4192,0.4306
8601,citron,0.4192,0.4277
8602,entretenus,0.4192,0.4519
8603,fâcheuses,0.4191,0.4370
8604,paroît,0.4191,0.4785
8605,liv,0.4191,0.5273
8606,pouce,0.4190,0.3990
8607,refuter,0.4190,0.4632
8608,iro,0.4190,0.4837
8609,action,0.4190,0.4559
8610,aumônes,0.4190,0.4094
8611,mystère,0.4190,0.3975
8612,abondantes,0.4189,0.4424
8613,appuyer,0.4189,0.4828
8614,reine,0.4189,0.4398
8615,recommandation,0.4189,0.4798
8616,doigts,0.4188,0.3725
8617,soleil,0.4188,0.4516
8618,serviteurs,0.4188,0.4387
8619,causé,0.4188,0.4474
8620,émotion,0.4187,0.4763
8621,finesse,0.4187,0.4341
8622,attribuent,0.4187,0.5015
8623,simon,0.4187,0.4574
8624,termina,0.4187,0.4797
8625,verrez,0.4186,0.3782
8626,retirez,0.4186,0.4930
8627,fed,0.4186,0.4557
8628,soupirs,0.4186,0.4159
8629,obliger,0.4186,0.3974
8630,affranchi,0.4185,0.4451
8631,l'estomac,0.4185,0.4791
8632,occupe,0.4185,0.4292
8633,retours,0.4184,0.4296
8634,soustraire,0.4184,0.4200
8635,statue,0.4184,0.4103
8636,auras,0.4184,0.4342
8637,fief,0.4184,0.3796
8638,d'elles,0.4183,0.4600
8639,justifier,0.4183,0.4675
8640,justesse,0.4182,0.3823
8641,chaise,0.4182,0.4637
8642,tanto,0.4182,0.3830
8643,exact,0.4181,0.4321
8644,quarré,0.4181,0.3656
8645,comédiens,0.4181,0.4609
8646,proprieté,0.4181,0.4873
8647,pilote,0.4181,0.4821
8648,connoissancent,0.4181,0.4138
8649,rage,0.4181,0.4442
8650,déposition,0.4181,0.4350
8651,aimons,0.4180,0.3782
8652,tais,0.4180,0.4426
8653,charpentier,0.4180,0.4497
8654,savans,0.4180,0.4207
8655,n'osent,0.4180,0.4480
8656,date,0.4179,0.3902
8657,marqua,0.4179,0.3806
8658,jusques,0.4178,0.4261
8659,suites,0.4178,0.3952
8660,dos,0.4178,0.3974
8661,our,0.4177,0.5037
8662,dispenser,0.4177,0.3877
8663,plans,0.4176,0.4408
8664,composées,0.4176,0.3765
8665,discerner,0.4176,0.4902
8666,venues,0.4175,0.4127
8667,majesté,0.4175,0.4619
8668,bâtit,0.4174,0.4678
8669,auxdites,0.4174,0.3631
8670,tyrans,0.4173,0.3637
8671,dépendre,0.4173,0.3971
8672,âne,0.4173,0.4017
8673,irc,0.4173,0.4891
8674,l'asie,0.4173,0.4463
8675,misérable,0.4173,0.4514
8676,fautes,0.4173,0.3867
8677,certains,0.4173,0.4336
8678,marine,0.4173,0.4815
8679,vers,0.4173,0.4915
8680,figuré,0.4172,0.4987
8681,appartenant,0.4172,0.3993
8682,hongrie,0.4172,0.4644
8683,soumise,0.4172,0.4458
8684,assister,0.4171,0.4214
8685,teint,0.4171,0.4273
8686,incroyable,0.4171,0.4501
8687,tenta,0.4171,0.5359
8688,artifice,0.4170,0.4378
8689,détruite,0.4170,0.4069
8690,payables,0.4170,0.4088
8691,beaumont,0.4169,0.4968
8692,mené,0.4169,0.4449
8693,emportée,0.4169,0.4146
8694,d'attendre,0.4169,0.4151
8695,asie,0.4168,0.4718
8696,portent,0.4168,0.4289
8697,chansons,0.4168,0.4420
8698,poser,0.4168,0.5287
8699,mêlent,0.4167,0.3554
8700,laissés,0.4167,0.4660
8701,malades,0.4167,0.4044
8702,menus,0.4167,0.4912
8703,d'arrêter,0.4167,0.4998
8704,connoissancez,0.4166,0.3900
8705,boire,0.4166,0.3752
8706,ade,0.4166,0.4677
8707,essentiellement,0.4166,0.4663
8708,forêt,0.4165,0.4290
8709,requêtes,0.4165,0.3979
8710,decembre,0.4165,0.2817
8711,sent,0.4164,0.4533
8712,palme,0.4164,0.5408
8713,ji,0.4164,0.5160
8714,l'empêcher,0.4164,0.4811
8715,divines,0.4164,0.4380
8716,rentrer,0.4162,0.4278
8717,vapeurs,0.4162,0.3742
8718,titres,0.4161,0.4562
8719,palais,0.4161,0.4331
8720,employer,0.4161,0.4387
8721,vitres,0.4160,0.5372
8722,nôtres,0.4160,0.4060
8723,fines,0.4160,0.3938
8724,visite,0.4160,0.4743
8725,construit,0.4159,0.4413
8726,fauxbourgs,0.4159,0.4729
8727,hiver,0.4158,0.5002
8728,pourvue,0.4158,0.5546
8729,déesse,0.4157,0.4485
8730,magistrat,0.4156,0.4918
8731,alexandre,0.4155,0.4453
8732,dci,0.4155,0.4579
8733,merveilleux,0.4155,0.4099
8734,fideles,0.4155,0.4893
8735,mélange,0.4155,0.3607
8736,supposition,0.4155,0.3918
8737,maria,0.4154,0.5182
8738,l'entrée,0.4154,0.4935
8739,aine,0.4154,0.5105
8740,sacrées,0.4153,0.4465
8741,regard,0.4153,0.4110
8742,poil,0.4153,0.4495
8743,logemens,0.4152,0.4552
8744,tempérament,0.4152,0.3742
8745,demandes,0.4152,0.3863
8746,fierté,0.4152,0.4054
8747,total,0.4152,0.4228
8748,ire,0.4151,0.5112
8749,vez,0.4151,0.3867
8750,notes,0.4151,0.4302
8751,oy,0.4150,0.5013
8752,aise,0.4150,0.3855
8753,avenir,0.4150,0.4787
8754,environné,0.4150,0.3950
8755,sortis,0.4150,0.4699
8756,débiteurs,0.4149,0.3590
8757,inquiétude,0.4149,0.4120
8758,blâmer,0.4149,0.4635
8759,étonnement,0.4148,0.3968
8760,j'aime,0.4148,0.3600
8761,hardiesse,0.4148,0.3840
8762,coupées,0.4147,0.4025
8763,immortels,0.4147,0.4920
8764,chaînes,0.4147,0.4001
8765,unie,0.4147,0.4306
8766,patriarches,0.4147,0.4313
8767,marbre,0.4147,0.5002
8768,aile,0.4147,0.5331
8769,tremper,0.4147,0.4255
8770,consommation,0.4146,0.4273
8771,procession,0.4146,0.4371
8772,fatale,0.4146,0.4653
8773,publiquement,0.4146,0.4356
8774,l'addition,0.4145,0.5217
8775,l'aimer,0.4145,0.4240
8776,rôt,0.4145,0.4767
8777,monceau,0.4145,0.5022
8778,évidemment,0.4145,0.4743
8779,mourra,0.4144,0.4443
8780,comptoir,0.4144,0.5228
8781,acquitter,0.4144,0.4934
8782,servante,0.4144,0.4355
8783,conduisent,0.4144,0.4274
8784,cede,0.4143,0.4359
8785,approuver,0.4143,0.4685
8786,suo,0.4142,0.4009
8787,boue,0.4142,0.4932
8788,couteau,0.4142,0.3998
8789,pression,0.4141,0.5074
8790,songea,0.4141,0.4380
8791,régiment,0.4141,0.3156
8792,modèle,0.4141,0.4422
8793,d'élever,0.4141,0.5074
8794,judée,0.4141,0.4655
8795,avouer,0.4140,0.4331
8796,test,0.4140,0.4354
8797,liquide,0.4139,0.4684
8798,principalement,0.4139,0.4857
8799,entrepris,0.4139,0.3615
8800,plures,0.4139,0.4318
8801,lentulus,0.4138,0.4418
8802,lt,0.4138,0.4958
8803,munitions,0.4138,0.4733
8804,ôtant,0.4138,0.4564
8805,célébre,0.4138,0.4022
8806,soufre,0.4137,0.4887
8807,établit,0.4137,0.4785
8808,clause,0.4137,0.4098
8809,cris,0.4137,0.3903
8810,l'agriculture,0.4137,0.5202
8811,divorce,0.4137,0.5063
8812,prodige,0.4137,0.4032
8813,épées,0.4136,0.4509
8814,naples,0.4136,0.4681
8815,passé,0.4136,0.4711
8816,formelle,0.4135,0.4091
8817,animer,0.4135,0.4690
8818,enfin,0.4135,0.4738
8819,quia,0.4135,0.4431
8820,misere,0.4135,0.4726
8821,rue,0.4135,0.4465
8822,paire,0.4135,0.4618
8823,horace,0.4134,0.4470
8824,tr,0.4134,0.4727
8825,iion,0.4134,0.5613
8826,pesanteur,0.4134,0.4181
8827,profit,0.4134,0.4366
8828,dii,0.4134,0.5018
8829,humeurs,0.4134,0.4163
8830,luis,0.4134,0.3661
8831,plan,0.4133,0.4281
8832,expliquée,0.4133,0.4184
8833,maures,0.4133,0.4533
8834,comprise,0.4133,0.5007
8835,entrée,0.4133,0.5126
8836,décrit,0.4132,0.4642
8837,formation,0.4132,0.4295
8838,attaque,0.4132,0.4227
8839,devise,0.4132,0.4750
8840,meurent,0.4132,0.3781
8841,secours,0.4132,0.3721
8842,état,0.4131,0.5103
8843,finie,0.4131,0.4753
8844,présomption,0.4130,0.4970
8845,bague,0.4130,0.4435
8846,froideur,0.4130,0.4731
8847,jetté,0.4129,0.4256
8848,parlant,0.4129,0.4249
8849,deum,0.4129,0.4559
8850,subvenir,0.4129,0.4381
8851,ferveur,0.4128,0.5057
8852,exprimé,0.4127,0.4161
8853,quidam,0.4127,0.4185
8854,répandue,0.4126,0.4299
8855,mensonges,0.4126,0.4046
8856,posées,0.4125,0.3964
8857,tuent,0.4125,0.4250
8858,renoncé,0.4125,0.4092
8859,tremblante,0.4125,0.4238
8860,avancez,0.4124,0.5166
8861,aborder,0.4124,0.4301
8862,l'archevêque,0.4124,0.3961
8863,nullement,0.4124,0.4242
8864,chanoine,0.4124,0.4572
8865,oeufs,0.4124,0.4407
8866,abondance,0.4124,0.4768
8867,l'illustre,0.4122,0.4411
8868,européens,0.4121,0.4103
8869,haud,0.4121,0.3596
8870,paul,0.4121,0.5020
8871,déférence,0.4121,0.4726
8872,carriere,0.4121,0.4737
8873,notion,0.4121,0.3973
8874,passez,0.4120,0.5360
8875,jouis,0.4119,0.4398
8876,cantons,0.4119,0.3923
8877,armis,0.4119,0.3623
8878,charger,0.4118,0.3944
8879,jugemens,0.4117,0.3986
8880,mers,0.4117,0.4218
8881,joui,0.4117,0.5060
8882,querelles,0.4117,0.3904
8883,martin,0.4117,0.4427
8884,avocats,0.4116,0.4156
8885,chair,0.4116,0.4334
8886,traduire,0.4115,0.4186
8887,by,0.4115,0.3770
8888,fouler,0.4115,0.4819
8889,depense,0.4115,0.4684
8890,je,0.4115,0.3777
8891,établis,0.4114,0.3637
8892,se,0.4114,0.4093
8893,comédies,0.4114,0.3946
8894,former,0.4113,0.4986
8895,valois,0.4113,0.5106
8896,berger,0.4113,0.4208
8897,s'enfuit,0.4112,0.4130
8898,d'exposer,0.4112,0.5180
8899,frontin,0.4112,0.4418
8900,dangereuse,0.4112,0.3878
8901,préparatifs,0.4112,0.3872
8902,prodigieux,0.4112,0.3756
8903,coute,0.4111,0.4522
8904,négociant,0.4111,0.3782
8905,biens,0.4111,0.4527
8906,travailloient,0.4110,0.4322
8907,siège,0.4110,0.4419
8908,huitaine,0.4110,0.3547
8909,accuser,0.4110,0.3964
8910,reviennent,0.4110,0.4330
8911,tanta,0.4109,0.3839
8912,entraîne,0.4109,0.4448
8913,hardes,0.4109,0.4734
8914,diriger,0.4109,0.4477
8915,abandonnez,0.4109,0.6180
8916,percée,0.4109,0.4924
8917,l'amende,0.4108,0.4163
8918,éclairée,0.4108,0.4720
8919,exclure,0.4108,0.4422
8920,contributions,0.4108,0.4033
8921,l'antiquité,0.4108,0.4931
8922,irrité,0.4108,0.4330
8923,modernes,0.4108,0.3765
8924,zt,0.4107,0.4695
8925,ye,0.4107,0.4888
8926,nuisible,0.4106,0.4486
8927,retenu,0.4106,0.4301
8928,ui,0.4106,0.4723
8929,commodités,0.4106,0.4230
8930,concourir,0.4106,0.4498
8931,ovale,0.4106,0.3896
8932,sortes,0.4105,0.3698
8933,d'eaux,0.4105,0.4626
8934,répandus,0.4105,0.4155
8935,générale,0.4104,0.4031
8936,introduire,0.4104,0.4975
8937,ravages,0.4104,0.3712
8938,présenté,0.4103,0.4126
8939,liaison,0.4103,0.3909
8940,embrasse,0.4103,0.4541
8941,verd,0.4102,0.4149
8942,forum,0.4102,0.4421
8943,bras,0.4101,0.4103
8944,diu,0.4101,0.5351
8945,expliquées,0.4101,0.4888
8946,aie,0.4101,0.4584
8947,amie,0.4101,0.3684
8948,rats,0.4101,0.4884
8949,calomnies,0.4101,0.3509
8950,bâti,0.4100,0.4269
8951,tombant,0.4100,0.3784
8952,tempus,0.4100,0.3892
8953,entr'elles,0.4099,0.3977
8954,their,0.4099,0.3265
8955,ians,0.4099,0.4617
8956,irs,0.4099,0.4748
8957,fidei,0.4099,0.4514
8958,excuse,0.4099,0.4234
8959,verront,0.4098,0.5056
8960,l'application,0.4098,0.4953
8961,religions,0.4098,0.4563
8962,etiam,0.4098,0.4968
8963,courant,0.4098,0.5052
8964,conclu,0.4098,0.4241
8965,odieuse,0.4098,0.4532
8966,deus,0.4097,0.4593
8967,accabler,0.4097,0.4370
8968,supplice,0.4096,0.4555
8969,tu,0.4096,0.4814
8970,déclarer,0.4096,0.3563
8971,borner,0.4095,0.4141
8972,importans,0.4095,0.3842
8973,golfe,0.4095,0.4007
8974,attraits,0.4095,0.3811
8975,cheveux,0.4095,0.3789
8976,atteindre,0.4095,0.3823
8977,enseigné,0.4095,0.4686
8978,réduites,0.4095,0.4341
8979,libertins,0.4094,0.4782
8980,longs,0.4094,0.4136
8981,quart,0.4094,0.3879
8982,tartre,0.4093,0.3736
8983,quartiers,0.4093,0.3941
8984,affoiblir,0.4093,0.5015
8985,semblait,0.4093,0.4998
8986,fourbe,0.4093,0.4468
8987,sentinelle,0.4093,0.4941
8988,j'ignore,0.4092,0.4826
8989,production,0.4091,0.4184
8990,confusion,0.4091,0.4251
8991,fraude,0.4091,0.4262
8992,brusquement,0.4091,0.3887
8993,iez,0.4091,0.4542
8994,l'université,0.4090,0.4708
8995,assurez,0.4090,0.4752
8996,informé,0.4090,0.4160
8997,rival,0.4090,0.3753
8998,piéces,0.4089,0.3176
8999,parme,0.4089,0.4020
9000,commentateurs,0.4089,0.3565
9001,that,0.4088,0.3928
9002,prié,0.4088,0.3675
9003,propositions,0.4088,0.4328
9004,chargés,0.4088,0.4275
9005,claire,0.4087,0.3598
9006,ôter,0.4087,0.4587
9007,illa,0.4086,0.4081
9008,officier,0.4086,0.4129
9009,êtres,0.4086,0.4485
9010,coloris,0.4086,0.4397
9011,recommanda,0.4085,0.4637
9012,exécutée,0.4085,0.4752
9013,s'écarter,0.4085,0.4450
9014,nomi,0.4085,0.4856
9015,craignez,0.4084,0.3980
9016,they,0.4084,0.3459
9017,and,0.4084,0.4207
9018,crier,0.4084,0.4495
9019,couper,0.4084,0.4258
9020,conjoncture,0.4084,0.4371
9021,cheminée,0.4084,0.4386
9022,attendez,0.4084,0.3798
9023,sçais,0.4083,0.3222
9024,fuit,0.4083,0.4195
9025,pilotes,0.4082,0.4462
9026,écrites,0.4082,0.4356
9027,arracher,0.4082,0.4252
9028,donation,0.4081,0.3970
9029,d'accepter,0.4081,0.3864
9030,roulent,0.4081,0.4167
9031,revêtus,0.4080,0.4364
9032,montauban,0.4080,0.5179
9033,aurons,0.4079,0.3646
9034,pages,0.4079,0.5075
9035,produisoit,0.4079,0.5374
9036,mêmes,0.4078,0.4318
9037,intention,0.4078,0.4306
9038,genus,0.4077,0.3860
9039,souffrez,0.4077,0.4416
9040,mouillé,0.4077,0.4434
9041,monstres,0.4077,0.4084
9042,découvrent,0.4076,0.4463
9043,pretexte,0.4076,0.3362
9044,afie,0.4076,0.3893
9045,hic,0.4076,0.4387
9046,hc,0.4076,0.4492
9047,règlement,0.4075,0.4146
9048,coin,0.4075,0.4723
9049,précaution,0.4075,0.4085
9050,tambour,0.4075,0.4474
9051,l'etat,0.4074,0.4053
9052,contagion,0.4074,0.5280
9053,ation,0.4074,0.4199
9054,garnison,0.4074,0.4121
9055,malheurs,0.4074,0.3421
9056,bâtir,0.4073,0.4041
9057,libéralité,0.4072,0.4601
9058,exprimer,0.4072,0.4046
9059,mauvaise,0.4072,0.4270
9060,système,0.4072,0.4260
9061,confie,0.4072,0.4914
9062,épargne,0.4072,0.4745
9063,songer,0.4071,0.3913
9064,voulons,0.4071,0.3978
9065,ruiner,0.4071,0.4278
9066,soldat,0.4071,0.4812
9067,pisces,0.4071,0.4784
9068,gouverné,0.4071,0.4177
9069,onde,0.4071,0.4752
9070,empêcher,0.4071,0.4687
9071,flatte,0.4071,0.3663
9072,limites,0.4071,0.4324
9073,aversion,0.4070,0.4306
9074,greffes,0.4070,0.4213
9075,molle,0.4070,0.4646
9076,inconvéniens,0.4069,0.4140
9077,concours,0.4069,0.3945
9078,ordonne,0.4069,0.4219
9079,publiée,0.4069,0.5078
9080,forfait,0.4069,0.4410
9081,livrée,0.4069,0.4565
9082,taxe,0.4068,0.4140
9083,cz,0.4067,0.4624
9084,anglais,0.4067,0.6534
9085,couronnement,0.4067,0.4713
9086,négocier,0.4067,0.4374
9087,oj,0.4066,0.4650
9088,prodiges,0.4066,0.4320
9089,courtes,0.4065,0.3684
9090,couverture,0.4065,0.4426
9091,prêtent,0.4065,0.4572
9092,dixième,0.4065,0.4491
9093,censeurs,0.4065,0.4819
9094,cloud,0.4064,0.4380
9095,colonnes,0.4064,0.4554
9096,amena,0.4063,0.4160
9097,comes,0.4062,0.4550
9098,secs,0.4062,0.3902
9099,propriété,0.4062,0.4702
9100,servitude,0.4062,0.4321
9101,bibliotheque,0.4061,0.3494
9102,grêle,0.4061,0.3810
9103,villeux,0.4060,0.4179
9104,suive,0.4060,0.4664
9105,recevroit,0.4060,0.4643
9106,cura,0.4060,0.3703
9107,lits,0.4060,0.4096
9108,l'offre,0.4059,0.4836
9109,porter,0.4059,0.4268
9110,soir,0.4058,0.4085
9111,sacs,0.4058,0.4471
9112,marteau,0.4057,0.4818
9113,terrestres,0.4057,0.5154
9114,alexandrie,0.4057,0.4725
9115,prens,0.4056,0.2930
9116,répondre,0.4055,0.4239
9117,flatterie,0.4055,0.5249
9118,thé,0.4055,0.5788
9119,suivies,0.4055,0.4086
9120,reposer,0.4054,0.3623
9121,parla,0.4054,0.4783
9122,académie,0.4054,0.4397
9123,regne,0.4054,0.4362
9124,j'irai,0.4053,0.3689
9125,courez,0.4053,0.4337
9126,plaisoit,0.4053,0.4026
9127,entretenir,0.4052,0.4938
9128,sors,0.4052,0.3979
9129,fracas,0.4052,0.4571
9130,retournant,0.4052,0.4231
9131,colleges,0.4051,0.4076
9132,fondu,0.4051,0.4513
9133,front,0.4051,0.4871
9134,curent,0.4050,0.4518
9135,quando,0.4050,0.4069
9136,bord,0.4050,0.4283
9137,immoler,0.4050,0.3891
9138,héritier,0.4050,0.3738
9139,rendent,0.4050,0.4360
9140,orateurs,0.4050,0.3904
9141,plaques,0.4050,0.4359
9142,chemin,0.4049,0.4904
9143,île,0.4049,0.4673
9144,desseins,0.4049,0.4803
9145,recette,0.4048,0.4483
9146,works,0.4048,0.4861
9147,superficie,0.4048,0.3348
9148,habileté,0.4048,0.3712
9149,university,0.4048,0.1720
9150,l'explication,0.4047,0.4102
9151,lege,0.4047,0.4425
9152,lâches,0.4046,0.3878
9153,extraits,0.4045,0.5054
9154,talent,0.4045,0.5060
9155,cadix,0.4044,0.4919
9156,fix,0.4044,0.4667
9157,prétendus,0.4044,0.4485
9158,déjà,0.4044,0.4340
9159,prime,0.4044,0.6277
9160,remonte,0.4044,0.4659
9161,cuivre,0.4043,0.3638
9162,d'apollon,0.4043,0.4005
9163,épée,0.4043,0.4392
9164,puits,0.4042,0.4728
9165,arrivera,0.4042,0.3957
9166,outrage,0.4042,0.3111
9167,promettoit,0.4042,0.4338
9168,outils,0.4042,0.3872
9169,obéit,0.4041,0.4444
9170,traces,0.4041,0.4273
9171,attente,0.4041,0.3811
9172,mouches,0.4041,0.4406
9173,nomen,0.4041,0.3886
9174,roues,0.4041,0.4292
9175,there,0.4040,0.3576
9176,consternation,0.4040,0.4194
9177,meurs,0.4040,0.4056
9178,observent,0.4040,0.4688
9179,dictateur,0.4040,0.3971
9180,menace,0.4040,0.3701
9181,générales,0.4040,0.4411
9182,assura,0.4039,0.5290
9183,importance,0.4039,0.3641
9184,découvertes,0.4038,0.3964
9185,régner,0.4038,0.4294
9186,toits,0.4037,0.4458
9187,tente,0.4037,0.4469
9188,remèdes,0.4037,0.4466
9189,tomba,0.4037,0.4032
9190,hinc,0.4036,0.4303
9191,politesse,0.4036,0.4356
9192,vidi,0.4035,0.3370
9193,fs,0.4035,0.5286
9194,apprit,0.4035,0.4068
9195,roche,0.4035,0.4698
9196,épousé,0.4035,0.3661
9197,employent,0.4035,0.3940
9198,animée,0.4035,0.4797
9199,poursuivi,0.4034,0.4732
9200,conservée,0.4034,0.4054
9201,regarde,0.4034,0.4506
9202,bonnets,0.4033,0.4036
9203,instant,0.4033,0.3662
9204,attentifs,0.4033,0.4162
9205,conservation,0.4033,0.3515
9206,ites,0.4033,0.4999
9207,tuis,0.4032,0.3981
9208,plaintes,0.4032,0.3386
9209,ot,0.4031,0.4975
9210,gras,0.4030,0.3650
9211,recevons,0.4030,0.3539
9212,victoire,0.4030,0.4173
9213,diront,0.4029,0.4030
9214,exhorte,0.4028,0.4334
9215,ordonnance,0.4028,0.3602
9216,moque,0.4028,0.3976
9217,tels,0.4028,0.3758
9218,anni,0.4028,0.4669
9219,capables,0.4028,0.3872
9220,question,0.4027,0.4280
9221,théologie,0.4027,0.4209
9222,grosseur,0.4026,0.3955
9223,qi,0.4026,0.4502
9224,magna,0.4026,0.3915
9225,savois,0.4025,0.4007
9226,barres,0.4025,0.4380
9227,ln,0.4025,0.4877
9228,déguiser,0.4025,0.5015
9229,sortifier,0.4025,0.4242
9230,parlent,0.4025,0.4810
9231,marcha,0.4024,0.4149
9232,allume,0.4024,0.4398
9233,s'enfuir,0.4024,0.5263
9234,foible,0.4023,0.4325
9235,familiarité,0.4023,0.4408
9236,mauvais,0.4022,0.4906
9237,fauteuil,0.4022,0.3931
9238,abolir,0.4022,0.4496
9239,guère,0.4021,0.3893
9240,invention,0.4020,0.3539
9241,inspire,0.4020,0.3649
9242,caton,0.4020,0.4390
9243,parie,0.4019,0.5618
9244,fardeau,0.4019,0.4289
9245,envers,0.4019,0.4480
9246,juge,0.4019,0.4170
9247,baye,0.4018,0.3638
9248,poussions,0.4018,0.4916
9249,proportion,0.4018,0.4391
9250,singuliere,0.4018,0.3733
9251,peint,0.4017,0.3900
9252,gêneurs,0.4017,0.3838
9253,sine,0.4017,0.4469
9254,supériorité,0.4017,0.4167
9255,anne,0.4016,0.3370
9256,service,0.4016,0.4675
9257,ordonnant,0.4015,0.4779
9258,vernis,0.4015,0.4827
9259,eue,0.4014,0.3733
9260,métier,0.4014,0.4377
9261,diametre,0.4013,0.3649
9262,constante,0.4013,0.3931
9263,maîtresses,0.4013,0.4624
9264,disait,0.4013,0.3867
9265,chri,0.4012,0.4715
9266,l'âme,0.4012,0.5369
9267,d'enlever,0.4012,0.4717
9268,horreur,0.4012,0.3992
9269,composa,0.4012,0.3748
9270,censure,0.4011,0.5057
9271,hauteurs,0.4011,0.4210
9272,natif,0.4011,0.3861
9273,proscrit,0.4011,0.5276
9274,l'hyver,0.4010,0.2973
9275,sujettes,0.4010,0.4093
9276,admirable,0.4010,0.3656
9277,mariage,0.4009,0.4656
9278,saintes,0.4009,0.4168
9279,partagé,0.4009,0.3516
9280,éloquence,0.4008,0.3483
9281,détails,0.4008,0.3523
9282,avocat,0.4008,0.4396
9283,chanson,0.4008,0.5215
9284,appeller,0.4008,0.4192
9285,déluge,0.4008,0.4291
9286,renard,0.4007,0.4499
9287,démonstrations,0.4007,0.4310
9288,concurrence,0.4007,0.4534
9289,accidens,0.4007,0.3929
9290,prophète,0.4007,0.4937
9291,coton,0.4007,0.5023
9292,acteurs,0.4006,0.4428
9293,bénéfices,0.4005,0.4214
9294,trouv,0.4005,0.5500
9295,rencontra,0.4005,0.4128
9296,interrompit,0.4004,0.4014
9297,sûr,0.4004,0.3945
9298,écoit,0.4004,0.4363
9299,mouiller,0.4004,0.4455
9300,louange,0.4004,0.4184
9301,considérations,0.4002,0.3505
9302,i'c,0.4002,0.4383
9303,sale,0.4002,0.5283
9304,notice,0.4002,0.5716
9305,écoute,0.4002,0.3883
9306,opinions,0.4002,0.3311
9307,masque,0.4001,0.4280
9308,ça,0.4001,0.4866
9309,arc,0.4001,0.3835
9310,maniére,0.4000,0.2670
9311,l'obligea,0.4000,0.4092
9312,lz,0.3999,0.4832
9313,bail,0.3999,0.4285
9314,tuer,0.3998,0.4398
9315,minces,0.3998,0.3897
9316,globe,0.3998,0.3918
9317,favoris,0.3997,0.3918
9318,immeubles,0.3997,0.3459
9319,convaincre,0.3997,0.4089
9320,onces,0.3997,0.3689
9321,manche,0.3996,0.4287
9322,demeurer,0.3996,0.4436
9323,vierges,0.3995,0.4469
9324,sonnes,0.3995,0.3759
9325,soutenue,0.3995,0.4533
9326,devins,0.3995,0.4446
9327,nécessairement,0.3994,0.4524
9328,fuir,0.3994,0.5434
9329,virgile,0.3994,0.4181
9330,pent,0.3994,0.5019
9331,empire,0.3994,0.4018
9332,doré,0.3993,0.4103
9333,depuis,0.3993,0.4737
9334,ioo,0.3992,0.4616
9335,profitable,0.3992,0.5229
9336,misère,0.3991,0.4185
9337,tiennent,0.3991,0.4266
9338,eli,0.3991,0.3949
9339,sentent,0.3991,0.3914
9340,l'ange,0.3990,0.5417
9341,poissons,0.3988,0.4112
9342,destruction,0.3987,0.4309
9343,seconder,0.3987,0.4581
9344,ici,0.3987,0.3690
9345,l'aventure,0.3987,0.4890
9346,netteté,0.3987,0.3935
9347,d'espagne,0.3987,0.4289
9348,exerce,0.3987,0.4477
9349,juste,0.3986,0.4274
9350,laon,0.3986,0.4001
9351,conversion,0.3986,0.5017
9352,jérusalem,0.3986,0.4710
9353,main,0.3985,0.5433
9354,condamnée,0.3985,0.3797
9355,partout,0.3985,0.4625
9356,si,0.3985,0.3890
9357,science,0.3984,0.4147
9358,gains,0.3984,0.4600
9359,chambres,0.3984,0.3756
9360,anime,0.3983,0.4206
9361,turcs,0.3983,0.4170
9362,certitude,0.3983,0.4135
9363,honneur,0.3982,0.4101
9364,traitent,0.3982,0.3672
9365,voix,0.3982,0.4208
9366,l'amitié,0.3982,0.4548
9367,s'abandonne,0.3982,0.4234
9368,provenans,0.3982,0.4508
9369,quoique,0.3982,0.4585
9370,commodité,0.3981,0.4005
9371,ecriture,0.3981,0.3718
9372,levez,0.3981,0.3932
9373,expire,0.3981,0.4581
9374,refuser,0.3981,0.4056
9375,avantageux,0.3980,0.4080
9376,approchez,0.3980,0.4009
9377,d'angleterre,0.3979,0.3983
9378,informée,0.3979,0.4699
9379,lame,0.3979,0.4287
9380,catalogue,0.3979,0.4341
9381,victime,0.3978,0.3589
9382,reçurent,0.3977,0.4372
9383,raillerie,0.3976,0.4537
9384,descriptions,0.3976,0.4180
9385,l'alliance,0.3976,0.4540
9386,épreuves,0.3975,0.4123
9387,patria,0.3975,0.3663
9388,marcellus,0.3975,0.4219
9389,satisfait,0.3972,0.4444
9390,matière,0.3972,0.4128
9391,vapeur,0.3971,0.3865
9392,retourne,0.3971,0.4043
9393,trompe,0.3971,0.4254
9394,l'autel,0.3971,0.4027
9395,boivent,0.3970,0.4129
9396,permettez,0.3969,0.3672
9397,sixieme,0.3968,0.4164
9398,transporter,0.3968,0.3958
9399,apôtre,0.3968,0.3951
9400,députés,0.3968,0.4058
9401,taxes,0.3968,0.4089
9402,ridicules,0.3967,0.3919
9403,funt,0.3967,0.4641
9404,malheureuse,0.3967,0.4135
9405,permettre,0.3967,0.4339
9406,sieur,0.3967,0.4491
9407,augmenter,0.3966,0.3802
9408,rcs,0.3966,0.4393
9409,scpt,0.3966,0.3808
9410,deviendroit,0.3966,0.4260
9411,surnom,0.3966,0.3572
9412,d'apporter,0.3966,0.4708
9413,tyrannie,0.3966,0.4107
9414,mise,0.3966,0.4206
9415,verse,0.3966,0.3873
9416,catilina,0.3965,0.4383
9417,famine,0.3965,0.4458
9418,terribles,0.3965,0.3749
9419,occupée,0.3964,0.4387
9420,libraire,0.3964,0.3742
9421,ta,0.3964,0.4474
9422,bonnet,0.3964,0.4480
9423,certainement,0.3964,0.4738
9424,plus,0.3964,0.5257
9425,approuvée,0.3964,0.4283
9426,bonté,0.3963,0.4179
9427,haleine,0.3963,0.4457
9428,nifi,0.3963,0.3851
9429,quarre,0.3963,0.4382
9430,transporté,0.3963,0.4378
9431,mâles,0.3963,0.4021
9432,vases,0.3962,0.3523
9433,dt,0.3962,0.4820
9434,vécu,0.3962,0.4380
9435,ruinent,0.3961,0.4032
9436,châtiment,0.3960,0.4283
9437,desirer,0.3960,0.4585
9438,d'icelui,0.3959,0.3526
9439,cntre,0.3959,0.4869
9440,superbes,0.3958,0.4012
9441,code,0.3958,0.4350
9442,priant,0.3958,0.5220
9443,parurent,0.3958,0.4102
9444,s'imaginent,0.3958,0.3090
9445,brun,0.3958,0.3806
9446,naitre,0.3958,0.4819
9447,joug,0.3958,0.3887
9448,abbaye,0.3957,0.4440
9449,consent,0.3957,0.4634
9450,ducats,0.3957,0.4276
9451,fraudes,0.3956,0.4163
9452,revenus,0.3956,0.4186
9453,maitres,0.3955,0.3339
9454,run,0.3954,0.5492
9455,bétail,0.3954,0.4650
9456,renvoyer,0.3954,0.4683
9457,d'iceux,0.3953,0.3716
9458,permixtion,0.3953,0.3702
9459,nommé,0.3953,0.4725
9460,rigueur,0.3953,0.4174
9461,piquent,0.3951,0.3792
9462,éternelle,0.3951,0.4295
9463,croît,0.3951,0.4189
9464,conté,0.3950,0.4514
9465,maintien,0.3949,0.4034
9466,satyre,0.3949,0.4746
9467,camps,0.3949,0.4351
9468,montent,0.3948,0.4139
9469,promptitude,0.3948,0.4187
9470,frivoles,0.3948,0.4194
9471,d'oiseaux,0.3947,0.4731
9472,âmes,0.3947,0.3656
9473,valoient,0.3947,0.4478
9474,d'appel,0.3946,0.4471
9475,disposée,0.3946,0.5057
9476,passerent,0.3946,0.3634
9477,viandes,0.3945,0.4536
9478,fidele,0.3945,0.5020
9479,archives,0.3945,0.4417
9480,gouvernante,0.3944,0.4301
9481,produira,0.3944,0.4690
9482,jardins,0.3943,0.3660
9483,attache,0.3943,0.3729
9484,mériter,0.3943,0.4057
9485,d'aucuns,0.3942,0.4783
9486,sable,0.3942,0.4751
9487,ouverte,0.3941,0.4463
9488,attiré,0.3941,0.3788
9489,lire,0.3941,0.4611
9490,diane,0.3940,0.3497
9491,l'amant,0.3940,0.4760
9492,vache,0.3939,0.4096
9493,l'appartement,0.3939,0.4251
9494,brave,0.3939,0.4192
9495,promenade,0.3938,0.4096
9496,gout,0.3938,0.4477
9497,labourage,0.3938,0.4750
9498,ciceron,0.3938,0.4042
9499,ressource,0.3938,0.3930
9500,honte,0.3937,0.3783
9501,oser,0.3937,0.4406
9502,d'imiter,0.3937,0.4845
9503,taillées,0.3936,0.4117
9504,recevoit,0.3936,0.4281
9505,orage,0.3936,0.4202
9506,salles,0.3935,0.4022
9507,attribut,0.3935,0.4954
9508,grandeur,0.3935,0.4560
9509,validité,0.3935,0.4073
9510,viande,0.3935,0.3748
9511,pratiques,0.3934,0.3230
9512,produite,0.3934,0.4434
9513,j'entends,0.3934,0.3887
9514,officio,0.3933,0.4203
9515,imputer,0.3933,0.3752
9516,porte,0.3933,0.4602
9517,réception,0.3932,0.4552
9518,acquiert,0.3932,0.4145
9519,qu'ayant,0.3932,0.3746
9520,cuir,0.3932,0.3901
9521,placé,0.3932,0.4359
9522,aventures,0.3932,0.3447
9523,bizarres,0.3931,0.4502
9524,habillé,0.3931,0.4699
9525,accuse,0.3931,0.3933
9526,laboureurs,0.3930,0.4405
9527,roc,0.3930,0.4406
9528,abandonnée,0.3930,0.4101
9529,violences,0.3929,0.3500
9530,revendre,0.3929,0.4403
9531,forma,0.3929,0.3734
9532,extrêmement,0.3929,0.4295
9533,ménagement,0.3929,0.4426
9534,démons,0.3928,0.4810
9535,ires,0.3928,0.4539
9536,l'égard,0.3927,0.4288
9537,élevés,0.3927,0.3682
9538,éoit,0.3926,0.4309
9539,hé,0.3926,0.4501
9540,rit,0.3926,0.4837
9541,fâche,0.3925,0.4071
9542,remercier,0.3924,0.4139
9543,louer,0.3924,0.4423
9544,appeliez,0.3924,0.4276
9545,sauvé,0.3923,0.3919
9546,satire,0.3923,0.4986
9547,zl,0.3923,0.5056
9548,cathédrale,0.3923,0.4659
9549,hasard,0.3922,0.3859
9550,prévenu,0.3922,0.4081
9551,trs,0.3922,0.5036
9552,guérison,0.3921,0.4684
9553,incapables,0.3921,0.4422
9554,ongles,0.3921,0.3800
9555,adion,0.3921,0.4439
9556,argent,0.3920,0.4479
9557,garni,0.3920,0.4072
9558,bouteilles,0.3920,0.3900
9559,desirs,0.3920,0.3955
9560,intérêt,0.3919,0.3691
9561,communauté,0.3919,0.4127
9562,choisis,0.3919,0.3872
9563,égard,0.3919,0.4373
9564,bene,0.3919,0.3786
9565,païs,0.3919,0.2503
9566,ligue,0.3918,0.3837
9567,regardent,0.3918,0.3604
9568,fat,0.3918,0.5156
9569,puisqu'elle,0.3918,0.4057
9570,than,0.3918,0.3814
9571,dites,0.3917,0.4431
9572,considérables,0.3917,0.3686
9573,abandon,0.3917,0.5081
9574,iroit,0.3916,0.4363
9575,l'occasion,0.3916,0.4627
9576,faisons,0.3915,0.4061
9577,perdent,0.3915,0.3871
9578,renonce,0.3915,0.3803
9579,parce,0.3915,0.4487
9580,repartit,0.3915,0.3323
9581,sombres,0.3915,0.4045
9582,prenez,0.3915,0.3582
9583,relations,0.3914,0.4109
9584,exposées,0.3914,0.4214
9585,garçon,0.3914,0.3592
9586,accordé,0.3914,0.4010
9587,ignorent,0.3914,0.3529
9588,détermina,0.3913,0.4083
9589,larges,0.3912,0.3241
9590,turres,0.3912,0.4286
9591,également,0.3912,0.4093
9592,ico,0.3911,0.4376
9593,labourer,0.3911,0.4210
9594,fourni,0.3911,0.4125
9595,prononce,0.3911,0.4968
9596,touche,0.3910,0.4132
9597,semence,0.3910,0.4110
9598,mener,0.3910,0.4243
9599,tenait,0.3910,0.4203
9600,l'age,0.3910,0.4957
9601,aion,0.3909,0.4822
9602,récompenser,0.3909,0.4549
9603,triompher,0.3909,0.3994
9604,invite,0.3909,0.4603
9605,acquise,0.3909,0.3871
9606,s'éloigner,0.3909,0.4431
9607,au,0.3909,0.4035
9608,never,0.3909,0.2878
9609,comtesse,0.3908,0.4669
9610,meis,0.3908,0.3681
9611,reçoit,0.3908,0.4920
9612,simplicité,0.3908,0.3906
9613,lc,0.3908,0.5305
9614,borne,0.3908,0.4864
9615,plante,0.3907,0.3808
9616,contenoit,0.3907,0.4450
9617,rapportent,0.3906,0.4500
9618,ultra,0.3906,0.3866
9619,trouverez,0.3906,0.3802
9620,préceptes,0.3906,0.3786
9621,demeures,0.3906,0.4208
9622,ducs,0.3906,0.3566
9623,routes,0.3905,0.3938
9624,applicable,0.3905,0.4647
9625,répandit,0.3905,0.3865
9626,surtout,0.3904,0.4598
9627,graine,0.3904,0.4462
9628,séjour,0.3904,0.4420
9629,provence,0.3904,0.3935
9630,tourna,0.3903,0.3709
9631,équité,0.3903,0.4518
9632,gagna,0.3903,0.4863
9633,violer,0.3903,0.4138
9634,insultes,0.3903,0.3591
9635,mépriser,0.3902,0.4541
9636,contribution,0.3902,0.4244
9637,vallon,0.3902,0.4077
9638,bassin,0.3901,0.4033
9639,vivent,0.3901,0.3677
9640,éclairer,0.3901,0.4277
9641,dame,0.3901,0.4846
9642,oir,0.3900,0.5142
9643,animus,0.3900,0.3566
9644,vivoit,0.3900,0.4530
9645,siennes,0.3900,0.4228
9646,excité,0.3900,0.4060
9647,haec,0.3899,0.4088
9648,pecunia,0.3899,0.3467
9649,retraites,0.3899,0.3544
9650,d'oi,0.3899,0.4614
9651,monumens,0.3898,0.3798
9652,demeureront,0.3898,0.4186
9653,paille,0.3898,0.4567
9654,cls,0.3898,0.4856
9655,adorer,0.3898,0.4073
9656,paroles,0.3897,0.4333
9657,nez,0.3897,0.4624
9658,remords,0.3897,0.3806
9659,ainé,0.3897,0.4098
9660,planches,0.3897,0.3887
9661,imposé,0.3897,0.4483
9662,expose,0.3896,0.4112
9663,vierge,0.3896,0.4021
9664,génie,0.3896,0.4213
9665,dialogue,0.3896,0.4442
9666,arrérages,0.3896,0.3805
9667,primitive,0.3895,0.4747
9668,vraisemblable,0.3895,0.4134
9669,mérite,0.3895,0.3888
9670,cabarets,0.3895,0.4339
9671,soulager,0.3894,0.4246
9672,crains,0.3894,0.3845
9673,montée,0.3894,0.4694
9674,mélancolie,0.3894,0.4220
9675,varie,0.3894,0.4648
9676,oo,0.3893,0.4516
9677,promettant,0.3893,0.4635
9678,déclaré,0.3893,0.4288
9679,divisent,0.3893,0.3789
9680,détourner,0.3892,0.4023
9681,rendu,0.3892,0.3932
9682,bec,0.3892,0.4177
9683,tentes,0.3892,0.4152
9684,proue,0.3891,0.4891
9685,réussi,0.3891,0.4006
9686,atque,0.3891,0.4971
9687,dissimuler,0.3891,0.4099
9688,précédente,0.3890,0.4340
9689,sertiles,0.3890,0.3920
9690,barreau,0.3890,0.5102
9691,réciproque,0.3889,0.4612
9692,chaudes,0.3889,0.4182
9693,guillaume,0.3889,0.4261
9694,matins,0.3889,0.4841
9695,loue,0.3889,0.3818
9696,buis,0.3889,0.4607
9697,fixe,0.3888,0.4539
9698,sl,0.3888,0.5008
9699,viendroit,0.3888,0.4278
9700,couvent,0.3888,0.4829
9701,impôts,0.3888,0.4502
9702,plaie,0.3888,0.4794
9703,langueur,0.3888,0.4041
9704,subsistance,0.3887,0.4803
9705,tribunaux,0.3887,0.3952
9706,l'envoyer,0.3886,0.4640
9707,luxe,0.3886,0.4503
9708,acquérir,0.3885,0.3779
9709,champs,0.3885,0.4363
9710,l'intérêt,0.3885,0.4291
9711,puis,0.3885,0.4395
9712,port,0.3885,0.4700
9713,humble,0.3884,0.3482
9714,audiences,0.3884,0.4115
9715,croyait,0.3883,0.4091
9716,s'attachent,0.3883,0.4065
9717,encore,0.3883,0.4494
9718,soutient,0.3882,0.4011
9719,distingués,0.3882,0.3912
9720,crient,0.3882,0.4724
9721,interest,0.3881,0.3056
9722,fenêtre,0.3881,0.4103
9723,corsaires,0.3881,0.3821
9724,privé,0.3881,0.4623
9725,where,0.3881,0.3393
9726,équipage,0.3881,0.3614
9727,superflu,0.3880,0.4983
9728,d'herbes,0.3880,0.3793
9729,bouteille,0.3879,0.3833
9730,books,0.3879,0.2434
9731,dépenses,0.3879,0.4248
9732,inspirer,0.3878,0.3416
9733,contradictions,0.3878,0.4147
9734,nommées,0.3878,0.3943
9735,avo,0.3878,0.4795
9736,eglise,0.3878,0.3456
9737,er,0.3877,0.4832
9738,portant,0.3877,0.4199
9739,rc,0.3877,0.4848
9740,io,0.3877,0.4093
9741,laborieux,0.3876,0.4424
9742,cordon,0.3876,0.4083
9743,riante,0.3876,0.4508
9744,défense,0.3875,0.4158
9745,étoffes,0.3875,0.3244
9746,voir,0.3874,0.4372
9747,cordes,0.3874,0.4341
9748,réglée,0.3874,0.4642
9749,morbleu,0.3874,0.4224
9750,bateau,0.3874,0.4056
9751,gorge,0.3874,0.3826
9752,choc,0.3873,0.4159
9753,suffit,0.3873,0.4211
9754,fumée,0.3872,0.4349
9755,rejettent,0.3872,0.4650
9756,traverse,0.3872,0.4251
9757,jeune,0.3872,0.4691
9758,dévoué,0.3872,0.4642
9759,ses,0.3872,0.3441
9760,enferme,0.3871,0.4665
9761,solde,0.3871,0.4611
9762,couleurs,0.3870,0.3440
9763,calomnie,0.3870,0.4140
9764,attribuée,0.3870,0.4223
9765,bonheur,0.3870,0.4590
9766,coûtent,0.3869,0.4976
9767,rouvraies,0.3869,0.3670
9768,longues,0.3867,0.3969
9769,prévenir,0.3865,0.3663
9770,marquise,0.3865,0.4019
9771,nomma,0.3864,0.3397
9772,jolis,0.3864,0.4615
9773,souhaitez,0.3864,0.3779
9774,confuls,0.3864,0.4525
9775,allumé,0.3863,0.4599
9776,rocher,0.3863,0.4797
9777,société,0.3863,0.4211
9778,verba,0.3863,0.3533
9779,oncles,0.3863,0.3314
9780,prouvée,0.3862,0.4804
9781,ou,0.3862,0.3853
9782,ur,0.3861,0.5317
9783,remarque,0.3861,0.4189
9784,apprenez,0.3860,0.4011
9785,augmente,0.3860,0.4096
9786,préface,0.3860,0.3445
9787,d'amour,0.3859,0.4795
9788,vainqueurs,0.3859,0.3960
9789,bagatelle,0.3858,0.3675
9790,livré,0.3858,0.3690
9791,difficilement,0.3857,0.5038
9792,ton,0.3857,0.4163
9793,rigueurs,0.3857,0.3427
9794,tirera,0.3856,0.3998
9795,payemens,0.3856,0.4404
9796,airs,0.3856,0.4181
9797,imaginez,0.3856,0.3891
9798,surpasse,0.3856,0.4697
9799,contenue,0.3855,0.4472
9800,poignard,0.3855,0.4919
9801,funeste,0.3855,0.3355
9802,signes,0.3855,0.4578
9803,mors,0.3854,0.4537
9804,renverse,0.3854,0.3970
9805,marcs,0.3854,0.4248
9806,limité,0.3854,0.3897
9807,parlera,0.3853,0.3757
9808,colonel,0.3853,0.3427
9809,trace,0.3853,0.4589
9810,duel,0.3853,0.5670
9811,brille,0.3852,0.4171
9812,lr,0.3852,0.4858
9813,songes,0.3851,0.4244
9814,ce,0.3851,0.3674
9815,génies,0.3851,0.3762
9816,essentielle,0.3851,0.3744
9817,m'entendre,0.3851,0.4470
9818,l'apôtre,0.3851,0.4701
9819,prairie,0.3851,0.4205
9820,muids,0.3850,0.4206
9821,passages,0.3850,0.4801
9822,grenade,0.3850,0.4873
9823,m'étant,0.3849,0.4471
9824,considere,0.3849,0.4251
9825,centum,0.3849,0.3977
9826,grèce,0.3849,0.4223
9827,bannir,0.3848,0.4212
9828,soutien,0.3847,0.4708
9829,refusa,0.3847,0.3956
9830,pension,0.3847,0.4358
9831,marie,0.3845,0.3470
9832,plutarque,0.3845,0.3744
9833,geste,0.3845,0.4341
9834,d'avoir,0.3845,0.4518
9835,paquets,0.3844,0.4503
9836,proposition,0.3844,0.4261
9837,ciel,0.3844,0.4076
9838,d'airain,0.3844,0.4022
9839,appareil,0.3844,0.3719
9840,presser,0.3843,0.3824
9841,retomber,0.3843,0.4938
9842,excuses,0.3843,0.4203
9843,petit,0.3843,0.4615
9844,rapporta,0.3842,0.5102
9845,large,0.3842,0.3699
9846,chaises,0.3841,0.4088
9847,sexe,0.3841,0.3678
9848,portraits,0.3840,0.3664
9849,croire,0.3840,0.4138
9850,docteurs,0.3840,0.3847
9851,l'attaquer,0.3840,0.4710
9852,rejetter,0.3840,0.4390
9853,noeud,0.3839,0.4234
9854,d'obéir,0.3839,0.4109
9855,fondation,0.3839,0.4507
9856,chambre,0.3838,0.4523
9857,reims,0.3838,0.3895
9858,amendes,0.3838,0.4273
9859,peuples,0.3837,0.3813
9860,avancée,0.3837,0.4068
9861,inquiétudes,0.3837,0.3420
9862,quelqu'un,0.3837,0.4049
9863,pouroit,0.3837,0.3064
9864,contraindre,0.3837,0.4619
9865,hérétiques,0.3836,0.4357
9866,nommés,0.3836,0.3637
9867,denrées,0.3836,0.4061
9868,copy,0.3835,0.3261
9869,plaignoit,0.3835,0.3838
9870,commencée,0.3835,0.4605
9871,suffrage,0.3834,0.3805
9872,conformer,0.3834,0.3633
9873,vita,0.3833,0.3933
9874,mêlez,0.3833,0.4095
9875,payez,0.3831,0.4072
9876,rivieres,0.3831,0.3958
9877,fripon,0.3831,0.3948
9878,reprend,0.3831,0.4791
9879,trompée,0.3830,0.3838
9880,estiment,0.3830,0.4295
9881,factum,0.3829,0.4068
9882,argumens,0.3829,0.4024
9883,bel,0.3829,0.4020
9884,concilier,0.3828,0.4341
9885,differente,0.3828,0.4357
9886,procedent,0.3828,0.3241
9887,régence,0.3828,0.4290
9888,avantage,0.3828,0.4119
9889,surprise,0.3827,0.4085
9890,souffle,0.3827,0.4205
9891,borné,0.3827,0.4401
9892,brutus,0.3827,0.4222
9893,messieurs,0.3827,0.4406
9894,remettant,0.3827,0.4645
9895,alliés,0.3827,0.4077
9896,infortune,0.3827,0.3445
9897,fuyez,0.3826,0.3739
9898,remedes,0.3826,0.4474
9899,coude,0.3826,0.3960
9900,galanteries,0.3826,0.4191
9901,témérité,0.3826,0.4073
9902,remplies,0.3826,0.3801
9903,termine,0.3825,0.4330
9904,forcez,0.3825,0.3938
9905,maintenir,0.3825,0.4171
9906,apportent,0.3825,0.3440
9907,d'etat,0.3825,0.5310
9908,prouvent,0.3825,0.3528
9909,îles,0.3824,0.4779
9910,tombent,0.3824,0.3602
9911,condamna,0.3824,0.4113
9912,originaux,0.3823,0.4538
9913,honorer,0.3823,0.4239
9914,figures,0.3822,0.4033
9915,humblement,0.3822,0.3300
9916,systême,0.3822,0.4141
9917,élus,0.3822,0.4209
9918,réellement,0.3822,0.4959
9919,l'armée,0.3822,0.4075
9920,xxxii,0.3822,0.4128
9921,exemption,0.3822,0.3984
9922,veuves,0.3821,0.3495
9923,greniers,0.3821,0.4497
9924,soutenir,0.3820,0.3867
9925,instructions,0.3820,0.3533
9926,voiles,0.3820,0.3581
9927,généralement,0.3820,0.4990
9928,convient,0.3820,0.3932
9929,déguisement,0.3819,0.4558
9930,infamie,0.3819,0.4261
9931,ajouta,0.3819,0.4287
9932,amène,0.3819,0.4320
9933,suivis,0.3818,0.4067
9934,instruction,0.3818,0.4230
9935,c'eil,0.3818,0.3950
9936,statuts,0.3818,0.4231
9937,conspiration,0.3818,0.4410
9938,l'existence,0.3817,0.4358
9939,fondateur,0.3817,0.3685
9940,zo,0.3817,0.4576
9941,peur,0.3816,0.4735
9942,amours,0.3816,0.3916
9943,accordez,0.3815,0.3767
9944,connaissez,0.3814,0.3386
9945,rr,0.3814,0.5236
9946,quitter,0.3813,0.4566
9947,rois,0.3813,0.4496
9948,disputer,0.3813,0.3921
9949,affligé,0.3813,0.4528
9950,guerres,0.3813,0.3756
9951,repondit,0.3813,0.4423
9952,havre,0.3813,0.4521
9953,carte,0.3813,0.4649
9954,quoiqu'il,0.3812,0.4243
9955,retiré,0.3812,0.3455
9956,destinée,0.3811,0.4008
9957,europe,0.3811,0.4606
9958,avec,0.3810,0.4341
9959,délicatesse,0.3810,0.4033
9960,difgrace,0.3810,0.4084
9961,adorable,0.3810,0.3981
9962,monceaux,0.3809,0.4594
9963,machines,0.3809,0.3952
9964,singularité,0.3808,0.4405
9965,refle,0.3808,0.5129
9966,conditions,0.3808,0.4341
9967,famille,0.3808,0.4007
9968,humbles,0.3808,0.3823
9969,alpes,0.3807,0.4036
9970,pâturages,0.3807,0.3932
9971,cete,0.3807,0.4905
9972,lignes,0.3807,0.4589
9973,finira,0.3807,0.5281
9974,conduit,0.3806,0.4854
9975,s'empare,0.3806,0.4883
9976,délivre,0.3806,0.4558
9977,chartre,0.3805,0.4450
9978,amor,0.3805,0.3642
9979,lames,0.3804,0.4575
9980,demeuré,0.3804,0.4202
9981,courbe,0.3804,0.4652
9982,accablé,0.3804,0.3963
9983,tiroit,0.3804,0.3471
9984,proposé,0.3803,0.4001
9985,arriveroit,0.3803,0.4212
9986,apprenons,0.3803,0.3692
9987,reprocher,0.3803,0.3559
9988,pirates,0.3802,0.4040
9989,procès,0.3801,0.4333
9990,recherches,0.3801,0.4248
9991,maritimes,0.3801,0.4051
9992,fleuves,0.3801,0.3532
9993,rex,0.3800,0.4906
9994,certaines,0.3800,0.4508
9995,toile,0.3800,0.3562
9996,console,0.3799,0.4224
9997,tommes,0.3799,0.4229
9998,prosession,0.3799,0.3991
9999,ia,0.3799,0.4481
10000,toto,0.3799,0.3657
10001,aulfi,0.3799,0.4274
10002,soumettre,0.3798,0.3686
10003,domicile,0.3798,0.3797
10004,garnisons,0.3798,0.4247
10005,l'amérique,0.3797,0.4050
10006,prétendit,0.3797,0.4823
10007,auxquels,0.3797,0.4066
10008,remercia,0.3797,0.4134
10009,l'obligation,0.3797,0.4174
10010,reconnaître,0.3797,0.4395
10011,d'henri,0.3797,0.3770
10012,environnent,0.3797,0.3642
10013,illustres,0.3797,0.3588
10014,tromper,0.3797,0.3626
10015,rencontrer,0.3797,0.4128
10016,déroger,0.3797,0.3973
10017,écrivit,0.3796,0.4406
10018,agit,0.3796,0.3676
10019,l'article,0.3796,0.3788
10020,cuisine,0.3796,0.4235
10021,provinces,0.3796,0.4328
10022,beauvais,0.3795,0.4044
10023,altera,0.3795,0.3789
10024,monarque,0.3795,0.3929
10025,chateau,0.3794,0.4001
10026,l'abandonner,0.3794,0.4684
10027,edouard,0.3794,0.4444
10028,dédommager,0.3794,0.4205
10029,rejoindre,0.3793,0.4036
10030,volupté,0.3793,0.4430
10031,reproche,0.3793,0.3608
10032,oit,0.3792,0.4322
10033,mur,0.3792,0.3746
10034,incapable,0.3792,0.4293
10035,bain,0.3792,0.4066
10036,promettent,0.3791,0.4002
10037,prive,0.3791,0.4186
10038,demandait,0.3791,0.3961
10039,illi,0.3791,0.3675
10040,toujours,0.3790,0.4917
10041,refuté,0.3790,0.4871
10042,disoient,0.3789,0.3443
10043,ds,0.3789,0.4647
10044,tira,0.3789,0.4039
10045,scipion,0.3789,0.4186
10046,fournira,0.3789,0.5241
10047,chat,0.3789,0.4377
10048,eum,0.3789,0.3936
10049,fortent,0.3788,0.4413
10050,conseillé,0.3787,0.3866
10051,divertissemens,0.3787,0.4369
10052,servir,0.3787,0.3990
10053,unit,0.3786,0.4330
10054,épuisé,0.3786,0.4254
10055,car,0.3786,0.4575
10056,prient,0.3785,0.5111
10057,rade,0.3785,0.3545
10058,ira,0.3785,0.4184
10059,justice,0.3785,0.4359
10060,videre,0.3784,0.4417
10061,minus,0.3784,0.3881
10062,couroit,0.3784,0.4406
10063,ancêtres,0.3783,0.3413
10064,proximité,0.3783,0.5162
10065,tapis,0.3782,0.4543
10066,inclinations,0.3782,0.3283
10067,interdit,0.3782,0.4838
10068,chambellan,0.3780,0.3946
10069,noir,0.3780,0.3761
10070,poivre,0.3780,0.3535
10071,genere,0.3780,0.3895
10072,passait,0.3779,0.4532
10073,conclut,0.3779,0.4049
10074,présenta,0.3778,0.3827
10075,poitrine,0.3777,0.3574
10076,soixante,0.3777,0.3425
10077,quoiqu'on,0.3777,0.4402
10078,ministere,0.3776,0.4002
10079,défauts,0.3776,0.3812
10080,l'herbe,0.3775,0.3804
10081,gazon,0.3775,0.3928
10082,élu,0.3774,0.3804
10083,distinguer,0.3774,0.4401
10084,vraiment,0.3773,0.4199
10085,m'appelle,0.3773,0.3801
10086,soudain,0.3773,0.3759
10087,aimer,0.3772,0.4047
10088,destinées,0.3772,0.4248
10089,mefures,0.3772,0.3779
10090,mortels,0.3772,0.4178
10091,brillantes,0.3771,0.4365
10092,répondis,0.3771,0.3354
10093,ayeul,0.3771,0.3740
10094,mots,0.3771,0.4266
10095,mes,0.3771,0.4131
10096,puisqu'il,0.3770,0.4329
10097,mettez,0.3770,0.3427
10098,xxiv,0.3769,0.3523
10099,historien,0.3769,0.3097
10100,citadelle,0.3769,0.3937
10101,lex,0.3768,0.4327
10102,lient,0.3768,0.4315
10103,touchée,0.3767,0.3811
10104,appliquer,0.3767,0.4497
10105,visites,0.3767,0.3998
10106,dépend,0.3767,0.3880
10107,rendit,0.3767,0.4154
10108,gresse,0.3767,0.3985
10109,ensuite,0.3766,0.3817
10110,marcher,0.3765,0.3986
10111,contrée,0.3765,0.3795
10112,avoue,0.3765,0.3512
10113,procureur,0.3765,0.4001
10114,lève,0.3764,0.4272
10115,citer,0.3764,0.3940
10116,raison,0.3764,0.3847
10117,sien,0.3764,0.4081
10118,résister,0.3763,0.3517
10119,nihil,0.3763,0.3974
10120,fleuve,0.3762,0.3917
10121,accorda,0.3762,0.3847
10122,tache,0.3762,0.4553
10123,faiblesse,0.3762,0.3804
10124,voyageur,0.3761,0.4689
10125,fournis,0.3760,0.4243
10126,différer,0.3760,0.4112
10127,tout,0.3760,0.4055
10128,parcourir,0.3760,0.4254
10129,fiit,0.3759,0.4893
10130,soupire,0.3759,0.3721
10131,entr'autres,0.3758,0.4312
10132,souffrances,0.3758,0.3783
10133,admis,0.3757,0.3562
10134,harmonie,0.3757,0.3725
10135,côte,0.3757,0.3372
10136,d'eau,0.3757,0.4230
10137,nettoyer,0.3756,0.4319
10138,meilleurs,0.3755,0.4306
10139,d'entretenir,0.3755,0.4294
10140,position,0.3755,0.4257
10141,fortunes,0.3755,0.4104
10142,procédures,0.3755,0.3872
10143,lequel,0.3754,0.3608
10144,pologne,0.3754,0.3893
10145,augmentée,0.3754,0.4654
10146,maladies,0.3754,0.3970
10147,promener,0.3753,0.3775
10148,nos,0.3753,0.3610
10149,temple,0.3753,0.4615
10150,corail,0.3753,0.4259
10151,puissante,0.3753,0.3895
10152,information,0.3753,0.4454
10153,notions,0.3752,0.3857
10154,naissance,0.3751,0.3626
10155,supposer,0.3751,0.3736
10156,sénéchaux,0.3751,0.1849
10157,autels,0.3751,0.3460
10158,cruelles,0.3751,0.3826
10159,lazare,0.3750,0.4350
10160,persuadée,0.3750,0.4037
10161,gloria,0.3750,0.4097
10162,pain,0.3749,0.4468
10163,bleds,0.3749,0.3999
10164,plaire,0.3748,0.3592
10165,innocence,0.3747,0.3362
10166,safran,0.3747,0.4375
10167,conduite,0.3746,0.3700
10168,séparées,0.3746,0.4007
10169,laurier,0.3745,0.4074
10170,ausi,0.3745,0.3796
10171,frappe,0.3745,0.3538
10172,diamètre,0.3745,0.3985
10173,immense,0.3745,0.4054
10174,procuré,0.3744,0.4321
10175,ressent,0.3744,0.4014
10176,videri,0.3744,0.3540
10177,hôpital,0.3744,0.3849
10178,parlait,0.3743,0.4007
10179,arrive,0.3743,0.3809
10180,vix,0.3741,0.3382
10181,houmme,0.3741,0.4866
10182,juger,0.3740,0.4122
10183,variation,0.3740,0.4773
10184,débauches,0.3740,0.3778
10185,bientôt,0.3739,0.3919
10186,cède,0.3738,0.4057
10187,lisette,0.3738,0.3541
10188,jean,0.3738,0.3543
10189,moi,0.3738,0.3719
10190,voyageurs,0.3738,0.3998
10191,bestiaux,0.3737,0.4351
10192,conduisoit,0.3737,0.4167
10193,millier,0.3736,0.4527
10194,montré,0.3736,0.3632
10195,caput,0.3736,0.4520
10196,mais,0.3736,0.4396
10197,tigres,0.3735,0.3966
10198,c'était,0.3735,0.4265
10199,spectacle,0.3735,0.3853
10200,operation,0.3734,0.4554
10201,gland,0.3734,0.4426
10202,plaignent,0.3733,0.3564
10203,feux,0.3733,0.4320
10204,maîtresse,0.3733,0.3609
10205,trouble,0.3733,0.3961
10206,conclure,0.3732,0.4027
10207,abuser,0.3732,0.3976
10208,jamais,0.3732,0.3978
10209,laissez,0.3732,0.3735
10210,oblig,0.3732,0.4614
10211,tempora,0.3732,0.3536
10212,réglement,0.3731,0.3866
10213,épouser,0.3731,0.4123
10214,enlevée,0.3731,0.4365
10215,retirer,0.3731,0.3993
10216,hommes,0.3731,0.3629
10217,entretient,0.3731,0.4069
10218,avis,0.3730,0.3924
10219,promenades,0.3730,0.4072
10220,annibal,0.3730,0.4840
10221,connoissancen,0.3730,0.4687
10222,neveux,0.3729,0.3159
10223,oeuf,0.3729,0.3454
10224,cérémonie,0.3728,0.3743
10225,nécessité,0.3728,0.3693
10226,jettée,0.3728,0.4188
10227,n'être,0.3728,0.3744
10228,affront,0.3728,0.3388
10229,fusse,0.3728,0.3845
10230,cloux,0.3728,0.4187
10231,fortune,0.3727,0.3756
10232,violence,0.3727,0.3731
10233,cria,0.3727,0.4553
10234,ecuyer,0.3727,0.4081
10235,bibliothèque,0.3727,0.3489
10236,xxviii,0.3726,0.3674
10237,anciennement,0.3726,0.4191
10238,rassembler,0.3725,0.3853
10239,videtur,0.3725,0.3666
10240,bâties,0.3725,0.4505
10241,conquis,0.3724,0.4010
10242,bleu,0.3724,0.2958
10243,apud,0.3723,0.5193
10244,défendu,0.3723,0.3882
10245,porteroit,0.3723,0.4619
10246,l'esprit,0.3723,0.4202
10247,sanglier,0.3722,0.4100
10248,proposez,0.3722,0.5213
10249,s'empara,0.3722,0.3963
10250,populi,0.3722,0.3530
10251,platon,0.3721,0.3465
10252,imagine,0.3720,0.4085
10253,vill,0.3720,0.4858
10254,bergers,0.3719,0.3954
10255,renoncer,0.3719,0.3614
10256,contente,0.3719,0.4428
10257,personnes,0.3719,0.3699
10258,blanche,0.3718,0.3582
10259,ouvriers,0.3718,0.4156
10260,s'étend,0.3718,0.3937
10261,arrivoit,0.3717,0.3553
10262,contenta,0.3716,0.4077
10263,longtemps,0.3716,0.3558
10264,alliances,0.3716,0.3744
10265,immenses,0.3716,0.3751
10266,foins,0.3715,0.3645
10267,agissent,0.3715,0.3837
10268,retour,0.3715,0.3743
10269,sign,0.3715,0.4751
10270,désespoir,0.3715,0.3420
10271,publié,0.3714,0.4623
10272,contrats,0.3714,0.3640
10273,défit,0.3714,0.3745
10274,duchesse,0.3714,0.3772
10275,florence,0.3714,0.4349
10276,croira,0.3714,0.4089
10277,courroux,0.3713,0.3292
10278,embrasser,0.3713,0.4356
10279,empêché,0.3713,0.3596
10280,j'eus,0.3712,0.3557
10281,âge,0.3712,0.3428
10282,protection,0.3712,0.3560
10283,ipso,0.3712,0.3781
10284,puissant,0.3711,0.3756
10285,sud,0.3711,0.3872
10286,circulation,0.3711,0.4345
10287,vafe,0.3711,0.4187
10288,vivre,0.3711,0.4453
10289,j'espère,0.3710,0.4458
10290,chapelle,0.3710,0.4101
10291,salle,0.3709,0.4008
10292,indigné,0.3709,0.4029
10293,divisions,0.3709,0.3834
10294,prêtres,0.3708,0.3498
10295,impose,0.3708,0.3720
10296,courts,0.3708,0.3811
10297,clôture,0.3706,0.5034
10298,élévation,0.3706,0.3643
10299,aucunes,0.3706,0.3389
10300,signifié,0.3706,0.4028
10301,rayons,0.3705,0.3937
10302,concerts,0.3705,0.3653
10303,déclarent,0.3705,0.3795
10304,représentée,0.3704,0.4176
10305,verts,0.3704,0.5190
10306,tribus,0.3704,0.4063
10307,braver,0.3703,0.3919
10308,prétention,0.3703,0.3657
10309,pois,0.3703,0.4123
10310,envoyer,0.3703,0.4080
10311,enrichi,0.3702,0.4129
10312,offenser,0.3702,0.4459
10313,retirerent,0.3702,0.3717
10314,imprimeurs,0.3701,0.2242
10315,illusion,0.3701,0.3755
10316,surface,0.3700,0.3213
10317,retenir,0.3700,0.4112
10318,nourriture,0.3700,0.4422
10319,poussa,0.3700,0.3875
10320,payeront,0.3700,0.3502
10321,importantes,0.3699,0.4165
10322,animaux,0.3699,0.3686
10323,portés,0.3698,0.4140
10324,réponse,0.3698,0.4235
10325,nr,0.3698,0.4876
10326,partagent,0.3698,0.3956
10327,s'écria,0.3697,0.3867
10328,trahit,0.3697,0.4159
10329,probable,0.3697,0.3592
10330,ecoliers,0.3696,0.3314
10331,goûter,0.3696,0.3647
10332,caisse,0.3696,0.4884
10333,réunion,0.3695,0.4250
10334,capitales,0.3695,0.5043
10335,lun,0.3695,0.4115
10336,tint,0.3694,0.3795
10337,couvertures,0.3694,0.4096
10338,chine,0.3694,0.4883
10339,qualités,0.3694,0.3838
10340,devinrent,0.3694,0.3705
10341,détache,0.3693,0.3838
10342,apporté,0.3693,0.4154
10343,autre,0.3693,0.4641
10344,domini,0.3692,0.4755
10345,droir,0.3692,0.4486
10346,repas,0.3692,0.4359
10347,raisonnable,0.3692,0.3706
10348,suivants,0.3691,0.5003
10349,mandé,0.3691,0.3808
10350,c'efr,0.3691,0.4242
10351,plaignit,0.3691,0.3497
10352,humains,0.3691,0.4316
10353,prononça,0.3691,0.4357
10354,sénat,0.3690,0.3946
10355,voyage,0.3690,0.3847
10356,pense,0.3689,0.4012
10357,portugal,0.3689,0.3911
10358,d'apprendre,0.3689,0.4590
10359,erit,0.3689,0.3635
10360,quibus,0.3689,0.4368
10361,violette,0.3688,0.4419
10362,combats,0.3687,0.3596
10363,confiance,0.3687,0.3844
10364,superbe,0.3687,0.4648
10365,s'embarquer,0.3687,0.4627
10366,refus,0.3686,0.3668
10367,oiseau,0.3686,0.2982
10368,sortit,0.3686,0.3474
10369,lira,0.3686,0.4948
10370,habitudes,0.3686,0.3786
10371,recommandé,0.3686,0.3928
10372,nuages,0.3686,0.3588
10373,tourmens,0.3685,0.4174
10374,mariée,0.3685,0.3519
10375,caisses,0.3685,0.3919
10376,cr,0.3685,0.4869
10377,caufa,0.3684,0.4122
10378,achats,0.3684,0.4320
10379,cent,0.3684,0.3793
10380,reflexions,0.3683,0.4186
10381,corpore,0.3683,0.3718
10382,nombreux,0.3683,0.4004
10383,composoient,0.3683,0.4832
10384,courses,0.3683,0.3705
10385,vignes,0.3683,0.3545
10386,punit,0.3683,0.3818
10387,ramener,0.3683,0.3774
10388,irons,0.3683,0.3234
10389,haïr,0.3683,0.4003
10390,latine,0.3683,0.3611
10391,icy,0.3682,0.2974
10392,rentes,0.3682,0.4239
10393,s'emparer,0.3680,0.4071
10394,briller,0.3680,0.3983
10395,fuo,0.3680,0.3610
10396,montrer,0.3680,0.4110
10397,quot,0.3679,0.3879
10398,modifications,0.3679,0.3818
10399,css,0.3679,0.4700
10400,latin,0.3679,0.3774
10401,poulets,0.3679,0.3760
10402,hominum,0.3678,0.3456
10403,sacrifier,0.3678,0.3541
10404,l'examen,0.3678,0.4203
10405,sa,0.3677,0.3500
10406,nomment,0.3677,0.3206
10407,commencerent,0.3677,0.3330
10408,hâte,0.3677,0.4710
10409,croyance,0.3676,0.4376
10410,contenter,0.3676,0.3617
10411,tas,0.3676,0.4380
10412,suivoient,0.3675,0.3820
10413,restez,0.3675,0.4727
10414,m'aimez,0.3675,0.4126
10415,s'avancer,0.3675,0.4741
10416,verbaux,0.3675,0.3578
10417,ministres,0.3675,0.3660
10418,regardoient,0.3674,0.3906
10419,devint,0.3674,0.4223
10420,l'audience,0.3673,0.4112
10421,approché,0.3673,0.4402
10422,concevoir,0.3673,0.3624
10423,rentré,0.3673,0.4005
10424,nourrit,0.3673,0.3508
10425,herbes,0.3673,0.3516
10426,portée,0.3672,0.4049
10427,cacher,0.3672,0.3505
10428,decem,0.3672,0.4301
10429,donnerent,0.3671,0.3474
10430,quitté,0.3671,0.3507
10431,fortuna,0.3671,0.3167
10432,tiendra,0.3670,0.3839
10433,navigation,0.3670,0.3786
10434,taux,0.3670,0.5312
10435,foiblesses,0.3670,0.3446
10436,brûle,0.3670,0.3680
10437,confiscation,0.3669,0.2621
10438,homo,0.3669,0.3817
10439,trésorier,0.3668,0.3646
10440,correspondans,0.3667,0.4166
10441,ront,0.3667,0.4008
10442,réussit,0.3666,0.3898
10443,ts,0.3666,0.4500
10444,rarement,0.3666,0.4195
10445,imprudence,0.3666,0.4165
10446,tibi,0.3665,0.4260
10447,sertile,0.3665,0.3301
10448,représentations,0.3665,0.3860
10449,passer,0.3665,0.3700
10450,demeurai,0.3664,0.3234
10451,propter,0.3664,0.3997
10452,l'isle,0.3664,0.3873
10453,fermeté,0.3663,0.3793
10454,verds,0.3663,0.3765
10455,obéir,0.3662,0.3330
10456,respire,0.3662,0.3576
10457,clles,0.3661,0.4472
10458,comprendre,0.3661,0.3900
10459,vim,0.3660,0.3449
10460,apporta,0.3660,0.4468
10461,charmé,0.3660,0.3752
10462,battu,0.3660,0.4600
10463,amants,0.3660,0.3439
10464,sublime,0.3659,0.4170
10465,introduite,0.3658,0.4066
10466,faciles,0.3658,0.3630
10467,souliers,0.3657,0.4167
10468,lisbonne,0.3657,0.4419
10469,maitresse,0.3657,0.4049
10470,ma,0.3657,0.3673
10471,consenti,0.3657,0.3241
10472,nul,0.3657,0.4160
10473,plaindre,0.3657,0.3571
10474,pensa,0.3657,0.3453
10475,payés,0.3656,0.3783
10476,puni,0.3656,0.4490
10477,méchant,0.3656,0.4403
10478,perception,0.3655,0.4566
10479,séparation,0.3654,0.4235
10480,also,0.3654,0.1884
10481,immortelle,0.3654,0.4110
10482,pinceau,0.3653,0.4611
10483,précautions,0.3653,0.3401
10484,charges,0.3653,0.4475
10485,retentir,0.3653,0.3507
10486,felix,0.3652,0.5085
10487,durable,0.3652,0.4414
10488,récolte,0.3652,0.4032
10489,appellent,0.3651,0.3807
10490,observera,0.3651,0.3723
10491,paver,0.3651,0.4930
10492,intestins,0.3651,0.4142
10493,lac,0.3651,0.4521
10494,fosse,0.3651,0.4146
10495,excitent,0.3650,0.4182
10496,forets,0.3650,0.4534
10497,pousse,0.3650,0.3647
10498,syndics,0.3650,0.3703
10499,frayeurs,0.3649,0.3684
10500,reçoive,0.3649,0.4735
10501,reçus,0.3649,0.3617
10502,livrez,0.3649,0.4379
10503,maris,0.3648,0.3904
10504,bassins,0.3647,0.4074
10505,annonce,0.3647,0.3811
10506,portions,0.3647,0.3795
10507,l'italie,0.3646,0.3887
10508,reconnoître,0.3646,0.4648
10509,nombres,0.3646,0.3381
10510,d'épaisseur,0.3646,0.4081
10511,compare,0.3645,0.3477
10512,l'histoire,0.3645,0.3855
10513,parbleu,0.3644,0.4074
10514,description,0.3644,0.3986
10515,licet,0.3644,0.3347
10516,fans,0.3644,0.3585
10517,dépouiller,0.3644,0.3952
10518,enfermée,0.3642,0.3842
10519,manquez,0.3642,0.4859
10520,monarques,0.3642,0.4313
10521,priere,0.3642,0.4356
10522,imite,0.3641,0.4546
10523,taillé,0.3641,0.4704
10524,bone,0.3640,0.3792
10525,d'envoyer,0.3640,0.4271
10526,loix,0.3640,0.4170
10527,brandebourg,0.3640,0.4743
10528,s'avança,0.3639,0.3595
10529,l'établissement,0.3639,0.4006
10530,isles,0.3639,0.3277
10531,crût,0.3638,0.3793
10532,divisée,0.3637,0.3541
10533,partem,0.3637,0.3609
10534,grandes,0.3637,0.4155
10535,quitte,0.3637,0.3872
10536,valère,0.3637,0.2803
10537,crie,0.3636,0.4348
10538,soupçons,0.3636,0.3467
10539,bouts,0.3635,0.3564
10540,savoye,0.3635,0.3791
10541,oh,0.3635,0.4401
10542,condamne,0.3635,0.3842
10543,monnoie,0.3635,0.4399
10544,ôtoient,0.3635,0.3637
10545,couverte,0.3634,0.3697
10546,chiffres,0.3633,0.4407
10547,promesses,0.3633,0.3415
10548,étoiles,0.3633,0.3972
10549,sortifications,0.3632,0.3845
10550,défie,0.3631,0.3450
10551,baron,0.3631,0.4178
10552,l'épaule,0.3631,0.3971
10553,trésors,0.3630,0.3361
10554,rt,0.3629,0.4480
10555,général,0.3629,0.4481
10556,géneral,0.3629,0.4397
10557,tribun,0.3628,0.3642
10558,gentilshommes,0.3628,0.4232
10559,prêtre,0.3627,0.4662
10560,book,0.3627,0.2242
10561,l'extrémité,0.3627,0.4059
10562,baillifs,0.3627,0.1886
10563,palmes,0.3626,0.4307
10564,ile,0.3626,0.4841
10565,engagé,0.3626,0.4093
10566,contenues,0.3626,0.3896
10567,scélérat,0.3625,0.3853
10568,intendans,0.3625,0.3748
10569,économie,0.3625,0.3772
10570,désordres,0.3624,0.3423
10571,ate,0.3624,0.4529
10572,lorsqu'elles,0.3623,0.3789
10573,banquiers,0.3623,0.4532
10574,connue,0.3623,0.3677
10575,direz,0.3623,0.3958
10576,resté,0.3623,0.4065
10577,paysans,0.3623,0.4060
10578,jettant,0.3623,0.3573
10579,reconnut,0.3623,0.3951
10580,terme,0.3621,0.3978
10581,réponfe,0.3621,0.4102
10582,mères,0.3621,0.3900
10583,ti,0.3620,0.4809
10584,bonis,0.3620,0.3714
10585,dérobe,0.3620,0.3494
10586,sentence,0.3620,0.3653
10587,s'ef,0.3619,0.4566
10588,dépendance,0.3619,0.3925
10589,commençait,0.3617,0.4334
10590,gros,0.3617,0.3955
10591,assis,0.3616,0.3259
10592,sentiments,0.3616,0.3409
10593,demandée,0.3616,0.4207
10594,jupiter,0.3615,0.3445
10595,décret,0.3615,0.3851
10596,fureur,0.3615,0.3864
10597,averti,0.3615,0.3520
10598,bâtiment,0.3615,0.4657
10599,miennes,0.3615,0.3668
10600,mihi,0.3615,0.4534
10601,portier,0.3615,0.4886
10602,ef,0.3615,0.3802
10603,exercent,0.3614,0.3455
10604,injustice,0.3614,0.3391
10605,offrant,0.3614,0.4289
10606,poils,0.3614,0.4037
10607,qu'il,0.3613,0.3977
10608,abbé,0.3612,0.3993
10609,camarades,0.3612,0.3301
10610,voyois,0.3612,0.3574
10611,lignifie,0.3611,0.3612
10612,abandonne,0.3611,0.4000
10613,quatuor,0.3611,0.4814
10614,l'étoit,0.3611,0.3357
10615,accordant,0.3611,0.4352
10616,eglises,0.3610,0.3602
10617,composé,0.3609,0.4028
10618,vendeur,0.3609,0.3152
10619,légitime,0.3609,0.3641
10620,feras,0.3608,0.3542
10621,l'evangile,0.3608,0.4192
10622,créature,0.3608,0.3494
10623,lucius,0.3608,0.3252
10624,flandre,0.3608,0.3801
10625,cocher,0.3607,0.4007
10626,tourne,0.3606,0.3726
10627,l'ordonnance,0.3606,0.3647
10628,déterminée,0.3606,0.4372
10629,charmes,0.3606,0.3784
10630,apprendre,0.3606,0.3828
10631,imprimer,0.3606,0.3960
10632,iis,0.3605,0.4779
10633,porteront,0.3605,0.4386
10634,troublent,0.3604,0.4282
10635,pafler,0.3604,0.4563
10636,mander,0.3604,0.4485
10637,cruel,0.3604,0.3404
10638,possit,0.3603,0.3176
10639,petite,0.3602,0.4309
10640,exception,0.3601,0.4067
10641,chute,0.3601,0.3821
10642,vus,0.3601,0.3624
10643,jugé,0.3601,0.3691
10644,cil,0.3601,0.4621
10645,chiffre,0.3600,0.4714
10646,prérogatives,0.3600,0.4248
10647,ordre,0.3600,0.3785
10648,sans,0.3600,0.3333
10649,daignez,0.3600,0.4273
10650,passoient,0.3599,0.3506
10651,caresses,0.3599,0.3362
10652,bailliage,0.3599,0.3464
10653,poitou,0.3599,0.4348
10654,viendront,0.3599,0.4177
10655,cheval,0.3599,0.4047
10656,repliqua,0.3599,0.3327
10657,nécessaire,0.3598,0.3240
10658,compagnons,0.3597,0.4173
10659,nécessaires,0.3595,0.3533
10660,sortir,0.3595,0.4437
10661,élection,0.3595,0.3736
10662,complimens,0.3594,0.3665
10663,clt,0.3593,0.4047
10664,comprend,0.3593,0.4334
10665,unité,0.3593,0.4379
10666,décider,0.3592,0.3900
10667,tuyau,0.3592,0.3610
10668,dedit,0.3591,0.3665
10669,l'y,0.3591,0.4060
10670,fécondité,0.3590,0.3931
10671,contrées,0.3590,0.3729
10672,souvenir,0.3590,0.3800
10673,reproches,0.3590,0.3195
10674,partagée,0.3590,0.3279
10675,egard,0.3590,0.3668
10676,froids,0.3590,0.4190
10677,jusqu,0.3589,0.3211
10678,résulte,0.3588,0.3966
10679,raconté,0.3588,0.3449
10680,jourd'hui,0.3588,0.4128
10681,grande,0.3588,0.3631
10682,d'employer,0.3588,0.3826
10683,établie,0.3587,0.3966
10684,souvenez,0.3587,0.3416
10685,portons,0.3587,0.3846
10686,vieillards,0.3587,0.4391
10687,arrivent,0.3587,0.4380
10688,considérable,0.3586,0.3268
10689,passent,0.3586,0.4037
10690,rouen,0.3585,0.3653
10691,illo,0.3585,0.3448
10692,ille,0.3585,0.4655
10693,participer,0.3584,0.4520
10694,bâton,0.3584,0.3566
10695,edit,0.3583,0.3777
10696,billet,0.3583,0.3977
10697,rendus,0.3583,0.3236
10698,liée,0.3583,0.4619
10699,poche,0.3583,0.3903
10700,bella,0.3582,0.4468
10701,chien,0.3582,0.3538
10702,accourut,0.3581,0.4721
10703,précipice,0.3581,0.3970
10704,d'augmenter,0.3580,0.4187
10705,patrie,0.3580,0.3726
10706,présente,0.3579,0.4170
10707,boutons,0.3579,0.3568
10708,plaint,0.3579,0.3739
10709,suffiroit,0.3578,0.4219
10710,entrer,0.3578,0.3821
10711,toises,0.3578,0.3467
10712,bateaux,0.3577,0.3820
10713,déterminer,0.3576,0.3419
10714,plume,0.3575,0.3802
10715,bureau,0.3575,0.3934
10716,conférences,0.3575,0.4033
10717,élevées,0.3575,0.3396
10718,camarade,0.3573,0.3970
10719,montra,0.3573,0.3882
10720,l'époux,0.3572,0.4438
10721,placée,0.3572,0.3841
10722,retirée,0.3572,0.3893
10723,lecteur,0.3571,0.3661
10724,nouvelles,0.3570,0.4088
10725,vend,0.3570,0.3645
10726,laines,0.3569,0.3271
10727,produits,0.3569,0.4573
10728,m'arrête,0.3569,0.3545
10729,fondions,0.3568,0.3877
10730,produisent,0.3568,0.3890
10731,ctoit,0.3567,0.4400
10732,villages,0.3567,0.3821
10733,continuent,0.3567,0.3763
10734,quorum,0.3565,0.3721
10735,amandes,0.3565,0.3570
10736,xxvii,0.3565,0.3607
10737,quelconque,0.3565,0.4451
10738,passion,0.3564,0.3702
10739,opposez,0.3564,0.4515
10740,brise,0.3564,0.3914
10741,renfermées,0.3564,0.3869
10742,oublie,0.3563,0.3947
10743,monde,0.3563,0.3943
10744,condamnation,0.3563,0.4421
10745,draps,0.3562,0.3845
10746,vêtu,0.3562,0.4020
10747,recoit,0.3562,0.4535
10748,attirer,0.3562,0.3563
10749,artillerie,0.3561,0.4272
10750,portât,0.3561,0.4357
10751,l'envoya,0.3561,0.4269
10752,accident,0.3561,0.3800
10753,remettre,0.3560,0.3671
10754,peines,0.3560,0.3504
10755,locis,0.3560,0.3914
10756,s'arrête,0.3560,0.4260
10757,tambours,0.3560,0.3148
10758,opus,0.3559,0.3649
10759,voient,0.3559,0.4073
10760,cnt,0.3558,0.4319
10761,ouvert,0.3558,0.4203
10762,bancs,0.3558,0.4118
10763,procédé,0.3557,0.4191
10764,déclarons,0.3557,0.3109
10765,possibles,0.3557,0.3854
10766,etoffes,0.3556,0.3182
10767,conseillers,0.3555,0.3280
10768,promets,0.3555,0.3620
10769,pcre,0.3555,0.4051
10770,olim,0.3554,0.3812
10771,henry,0.3553,0.3655
10772,eodem,0.3552,0.4184
10773,appellons,0.3552,0.3334
10774,tuyaux,0.3552,0.4006
10775,demeurent,0.3552,0.3162
10776,d'ardeur,0.3551,0.3312
10777,cordages,0.3551,0.4080
10778,raconter,0.3551,0.4393
10779,héritage,0.3551,0.3363
10780,tremble,0.3551,0.3520
10781,contentez,0.3551,0.4401
10782,crimes,0.3551,0.3447
10783,trahir,0.3550,0.3760
10784,d'empressement,0.3550,0.3166
10785,regards,0.3549,0.3222
10786,agreable,0.3549,0.2645
10787,ei,0.3549,0.4720
10788,s'unir,0.3548,0.4778
10789,rapide,0.3548,0.3950
10790,livrer,0.3548,0.3324
10791,dattes,0.3548,0.4804
10792,appella,0.3548,0.3643
10793,hôtes,0.3547,0.4592
10794,ruisseau,0.3547,0.3984
10795,risques,0.3547,0.4306
10796,élire,0.3547,0.5007
10797,avisé,0.3546,0.4391
10798,vendoit,0.3546,0.3657
10799,route,0.3545,0.4601
10800,chargée,0.3545,0.3958
10801,détruit,0.3545,0.3976
10802,découvre,0.3545,0.3675
10803,destination,0.3545,0.4404
10804,suède,0.3544,0.4831
10805,prison,0.3544,0.3973
10806,situation,0.3543,0.3490
10807,d'arbres,0.3542,0.3848
10808,aurai,0.3542,0.3015
10809,jonction,0.3541,0.4543
10810,occupation,0.3541,0.3639
10811,heureuse,0.3541,0.4053
10812,vînt,0.3541,0.4304
10813,compatriotes,0.3540,0.3190
10814,sermens,0.3539,0.4198
10815,observation,0.3539,0.4050
10816,potuit,0.3539,0.2999
10817,bien,0.3539,0.4267
10818,forcer,0.3539,0.4086
10819,dettes,0.3538,0.3636
10820,tonneau,0.3538,0.4110
10821,mouton,0.3538,0.3557
10822,ordonnances,0.3537,0.3427
10823,es,0.3536,0.4369
10824,pavillons,0.3536,0.4000
10825,marchez,0.3534,0.4920
10826,bruits,0.3534,0.3712
10827,condamnez,0.3534,0.3991
10828,courte,0.3534,0.4192
10829,primo,0.3534,0.4150
10830,défend,0.3533,0.4284
10831,mea,0.3533,0.3943
10832,quanti,0.3533,0.4849
10833,joue,0.3533,0.4163
10834,perdu,0.3533,0.3857
10835,sacrifice,0.3532,0.3497
10836,méprise,0.3532,0.4182
10837,rapidité,0.3531,0.4156
10838,achetée,0.3531,0.4057
10839,indigne,0.3531,0.3849
10840,olives,0.3531,0.3498
10841,expliquez,0.3531,0.4839
10842,grec,0.3530,0.3590
10843,fauver,0.3529,0.3674
10844,serein,0.3529,0.4858
10845,énormes,0.3529,0.4537
10846,sut,0.3529,0.3759
10847,paroissoient,0.3528,0.3759
10848,l'humidité,0.3528,0.4269
10849,tel,0.3528,0.3896
10850,d'exactitude,0.3528,0.3662
10851,dents,0.3528,0.3692
10852,cruelle,0.3527,0.3594
10853,fiefs,0.3526,0.3554
10854,magasin,0.3526,0.4189
10855,trompent,0.3526,0.3340
10856,laissant,0.3525,0.3878
10857,volumus,0.3525,0.3748
10858,ellc,0.3525,0.4741
10859,fabius,0.3525,0.3964
10860,colonies,0.3525,0.3868
10861,pâte,0.3525,0.3747
10862,chirurgien,0.3525,0.4536
10863,favez,0.3524,0.3331
10864,équipages,0.3524,0.3898
10865,seize,0.3523,0.2956
10866,saçon,0.3523,0.3728
10867,porcs,0.3523,0.4647
10868,portion,0.3522,0.4505
10869,ombre,0.3522,0.3580
10870,rerum,0.3522,0.4029
10871,alarmes,0.3522,0.3288
10872,attachée,0.3521,0.4119
10873,détruisent,0.3521,0.3865
10874,multiplication,0.3521,0.4298
10875,répand,0.3521,0.3440
10876,chargent,0.3520,0.3505
10877,relâcher,0.3520,0.4575
10878,agi,0.3519,0.3532
10879,douleur,0.3519,0.3645
10880,capitale,0.3519,0.3960
10881,colline,0.3518,0.3908
10882,amené,0.3518,0.3485
10883,d'adresse,0.3517,0.3886
10884,empêchent,0.3517,0.3776
10885,efl,0.3517,0.3829
10886,adopté,0.3517,0.4024
10887,verdure,0.3517,0.3844
10888,bellum,0.3516,0.3664
10889,ménager,0.3516,0.3808
10890,gaulois,0.3516,0.3980
10891,oiseaux,0.3515,0.3496
10892,consacrer,0.3514,0.4323
10893,autrefois,0.3513,0.3879
10894,citez,0.3513,0.4551
10895,quos,0.3513,0.4051
10896,avés,0.3513,0.3237
10897,construction,0.3513,0.4270
10898,contenté,0.3513,0.3479
10899,contiendra,0.3512,0.4302
10900,princesses,0.3512,0.3821
10901,mirent,0.3512,0.3410
10902,échappe,0.3511,0.4333
10903,ayez,0.3510,0.3870
10904,mienne,0.3509,0.3654
10905,aboli,0.3509,0.4177
10906,épargner,0.3509,0.3619
10907,couronné,0.3508,0.4348
10908,genoux,0.3508,0.3827
10909,certaine,0.3507,0.4387
10910,annuelle,0.3507,0.4118
10911,plainte,0.3506,0.4100
10912,siege,0.3506,0.4191
10913,vendue,0.3506,0.4368
10914,duré,0.3506,0.3615
10915,écrivent,0.3506,0.4304
10916,desquels,0.3506,0.3359
10917,ayons,0.3506,0.3252
10918,étendu,0.3506,0.4130
10919,élevée,0.3506,0.3775
10920,partez,0.3505,0.4443
10921,mangent,0.3504,0.3341
10922,lié,0.3503,0.4582
10923,itre,0.3503,0.5152
10924,elections,0.3503,0.4156
10925,pensent,0.3503,0.3491
10926,aufli,0.3503,0.4674
10927,courtisans,0.3501,0.3639
10928,voulu,0.3501,0.3625
10929,vieillesse,0.3500,0.3831
10930,loup,0.3500,0.3828
10931,engagea,0.3500,0.4216
10932,cadette,0.3500,0.4166
10933,allons,0.3499,0.3497
10934,sed,0.3498,0.4560
10935,servira,0.3498,0.3939
10936,précipiter,0.3498,0.3986
10937,suiffé,0.3497,0.4106
10938,semences,0.3497,0.4191
10939,douzième,0.3497,0.4187
10940,semaines,0.3497,0.3372
10941,flamme,0.3497,0.3510
10942,plupart,0.3497,0.3389
10943,mets,0.3497,0.3586
10944,vert,0.3496,0.5659
10945,direction,0.3496,0.4334
10946,sénateurs,0.3495,0.3842
10947,nomination,0.3495,0.4693
10948,empereur,0.3494,0.3433
10949,dessus,0.3494,0.4907
10950,vas,0.3494,0.3785
10951,négociations,0.3493,0.3398
10952,éré,0.3493,0.3320
10953,oubliez,0.3493,0.4421
10954,once,0.3492,0.3126
10955,clauses,0.3492,0.4366
10956,répondu,0.3492,0.3092
10957,perdroit,0.3492,0.4285
10958,fuient,0.3491,0.3807
10959,demander,0.3490,0.4020
10960,souhaits,0.3489,0.3748
10961,monter,0.3489,0.4023
10962,folies,0.3489,0.3410
10963,concernant,0.3489,0.3804
10964,construire,0.3489,0.3666
10965,laïques,0.3488,0.3732
10966,décisions,0.3488,0.3530
10967,madame,0.3487,0.4536
10968,inventaire,0.3487,0.4094
10969,contentent,0.3486,0.3438
10970,abusé,0.3486,0.3562
10971,tua,0.3486,0.3637
10972,laissera,0.3486,0.3548
10973,entendent,0.3485,0.3549
10974,dominus,0.3485,0.3977
10975,payée,0.3484,0.3691
10976,sortirent,0.3484,0.3557
10977,nisi,0.3483,0.3709
10978,prétentions,0.3482,0.3365
10979,ennemies,0.3482,0.4427
10980,effacer,0.3482,0.4193
10981,fournit,0.3482,0.4382
10982,l'orient,0.3481,0.3380
10983,difons,0.3481,0.4160
10984,l'arrêt,0.3481,0.3874
10985,s'opposer,0.3481,0.3590
10986,gouverneur,0.3481,0.3614
10987,foy,0.3481,0.2558
10988,ecrit,0.3480,0.4741
10989,sublimes,0.3479,0.3868
10990,falle,0.3478,0.5479
10991,chats,0.3478,0.4494
10992,plaisanterie,0.3478,0.3716
10993,gomme,0.3477,0.3934
10994,mouvement,0.3476,0.3717
10995,cas,0.3476,0.3754
10996,mortem,0.3476,0.3006
10997,d'olive,0.3476,0.3697
10998,fonds,0.3476,0.4649
10999,cependant,0.3475,0.4328
11000,pensé,0.3475,0.3212
11001,diminuée,0.3475,0.4411
11002,ctc,0.3475,0.4594
11003,parjure,0.3475,0.3878
11004,voeux,0.3474,0.3484
11005,fusil,0.3474,0.4075
11006,reçu,0.3474,0.4031
11007,ques,0.3473,0.3890
11008,potest,0.3473,0.3686
11009,ouvre,0.3472,0.4246
11010,bonne,0.3472,0.3819
11011,livres,0.3471,0.4207
11012,essentiel,0.3471,0.3930
11013,hominis,0.3471,0.3239
11014,huitieme,0.3471,0.3561
11015,receveurs,0.3471,0.3272
11016,ic,0.3471,0.4748
11017,récit,0.3470,0.3473
11018,goûte,0.3470,0.3841
11019,maîtres,0.3469,0.3748
11020,grecque,0.3468,0.3632
11021,cl,0.3468,0.4831
11022,ejus,0.3468,0.4838
11023,coupe,0.3468,0.3803
11024,fret,0.3467,0.4380
11025,semper,0.3467,0.3467
11026,frayeur,0.3466,0.3639
11027,d'abandonner,0.3466,0.3770
11028,maisons,0.3465,0.3721
11029,craignit,0.3464,0.3406
11030,augmentations,0.3464,0.4375
11031,troisiéme,0.3464,0.3223
11032,entre,0.3464,0.4385
11033,chevaux,0.3464,0.4137
11034,premiers,0.3463,0.4201
11035,cb,0.3463,0.3506
11036,mulets,0.3463,0.4159
11037,c'est,0.3463,0.3697
11038,succomber,0.3461,0.3901
11039,conclus,0.3461,0.3600
11040,commence,0.3460,0.3894
11041,riviere,0.3460,0.3562
11042,frontières,0.3460,0.3776
11043,perdra,0.3459,0.4423
11044,tenu,0.3459,0.4057
11045,alimens,0.3459,0.4166
11046,cache,0.3459,0.3605
11047,d'entr'eux,0.3458,0.4268
11048,pensoit,0.3458,0.3880
11049,fibres,0.3457,0.3607
11050,chagrins,0.3457,0.3367
11051,captivité,0.3457,0.4128
11052,prédécesseurs,0.3457,0.3697
11053,jaunes,0.3457,0.3707
11054,country,0.3457,0.2350
11055,dico,0.3457,0.3151
11056,profondeur,0.3456,0.3587
11057,gestes,0.3456,0.4284
11058,consomme,0.3455,0.4217
11059,paraître,0.3455,0.3365
11060,ics,0.3455,0.4340
11061,montoit,0.3455,0.3838
11062,base,0.3455,0.4019
11063,sauver,0.3455,0.3665
11064,oi,0.3453,0.4588
11065,allemagne,0.3453,0.3198
11066,vois,0.3453,0.3464
11067,méritent,0.3452,0.3153
11068,l'océan,0.3452,0.4142
11069,fournir,0.3451,0.4136
11070,obligées,0.3450,0.3541
11071,l'une,0.3450,0.3499
11072,vendôme,0.3450,0.3329
11073,roman,0.3450,0.4155
11074,laissée,0.3449,0.3722
11075,domo,0.3449,0.3744
11076,fourniture,0.3449,0.4319
11077,destinés,0.3449,0.3967
11078,ils,0.3449,0.3323
11079,toi,0.3448,0.4265
11080,tions,0.3448,0.5055
11081,alléguer,0.3448,0.3700
11082,nt,0.3448,0.4192
11083,enfermé,0.3447,0.3653
11084,quidem,0.3447,0.4042
11085,carthaginois,0.3447,0.3912
11086,pluies,0.3446,0.3180
11087,narration,0.3446,0.3942
11088,couvrit,0.3445,0.3878
11089,tamen,0.3445,0.4060
11090,épaisseur,0.3445,0.3813
11091,manteau,0.3445,0.3064
11092,placées,0.3445,0.3649
11093,retira,0.3443,0.3870
11094,aprés,0.3443,0.3364
11095,desiroit,0.3442,0.3709
11096,représenté,0.3442,0.3552
11097,mien,0.3442,0.3758
11098,négliger,0.3441,0.3508
11099,regitre,0.3441,0.3864
11100,lieue,0.3441,0.3568
11101,crochet,0.3440,0.4073
11102,tombé,0.3440,0.3748
11103,situé,0.3439,0.3283
11104,rappeller,0.3439,0.4009
11105,servant,0.3438,0.4240
11106,préjudicier,0.3438,0.3981
11107,aulli,0.3438,0.3403
11108,beuf,0.3438,0.4434
11109,bois,0.3437,0.4184
11110,cicéron,0.3437,0.3904
11111,sortez,0.3437,0.3908
11112,extravagances,0.3437,0.3660
11113,délicieux,0.3437,0.3716
11114,expéditions,0.3437,0.3570
11115,culture,0.3435,0.4239
11116,ministère,0.3435,0.3848
11117,s'écrie,0.3435,0.3739
11118,tante,0.3434,0.3231
11119,donc,0.3434,0.3983
11120,bagatelles,0.3434,0.3663
11121,cuisse,0.3433,0.3698
11122,collége,0.3433,0.4210
11123,diem,0.3433,0.3836
11124,province,0.3433,0.3735
11125,appellez,0.3433,0.4529
11126,manquoient,0.3432,0.3202
11127,procede,0.3432,0.3198
11128,dérober,0.3432,0.3555
11129,froides,0.3432,0.4034
11130,meure,0.3431,0.4093
11131,armées,0.3430,0.3923
11132,regardée,0.3430,0.4076
11133,expirer,0.3430,0.4336
11134,roseaux,0.3430,0.3598
11135,habitation,0.3429,0.3821
11136,célèbre,0.3429,0.4030
11137,prochains,0.3429,0.3011
11138,refous,0.3429,0.3907
11139,achetées,0.3429,0.3925
11140,barque,0.3428,0.3496
11141,nymphes,0.3428,0.3677
11142,croyois,0.3428,0.3240
11143,t'es,0.3427,0.3350
11144,brebis,0.3426,0.3661
11145,viri,0.3425,0.3601
11146,affaires,0.3425,0.3543
11147,plaise,0.3425,0.3255
11148,deo,0.3425,0.4207
11149,destin,0.3424,0.3541
11150,forcée,0.3424,0.4982
11151,livourne,0.3424,0.3689
11152,l'escadre,0.3424,0.4616
11153,employée,0.3423,0.3815
11154,couronner,0.3422,0.4299
11155,paye,0.3422,0.3919
11156,ieurs,0.3422,0.4235
11157,conçois,0.3422,0.3186
11158,lit,0.3422,0.3818
11159,semblé,0.3421,0.4239
11160,écrivoit,0.3420,0.3881
11161,jusqu'à,0.3420,0.3736
11162,ouvrages,0.3420,0.3959
11163,perdue,0.3420,0.3949
11164,cabanes,0.3418,0.3523
11165,sache,0.3418,0.3971
11166,faits,0.3417,0.3507
11167,domus,0.3417,0.3561
11168,obligée,0.3416,0.3952
11169,cut,0.3416,0.4131
11170,caves,0.3416,0.4344
11171,rebus,0.3416,0.3818
11172,faire,0.3416,0.3816
11173,suede,0.3415,0.4125
11174,galerie,0.3414,0.3876
11175,verrai,0.3414,0.3280
11176,appartenoient,0.3413,0.3484
11177,troupeaux,0.3413,0.3444
11178,baril,0.3413,0.4255
11179,chants,0.3413,0.3450
11180,broderie,0.3412,0.3557
11181,commandant,0.3412,0.3344
11182,savez,0.3412,0.3773
11183,rendue,0.3411,0.3671
11184,valet,0.3411,0.4026
11185,applique,0.3410,0.3481
11186,renaître,0.3410,0.4731
11187,rapporté,0.3410,0.3824
11188,incertitude,0.3409,0.3553
11189,d'ailleurs,0.3409,0.4466
11190,parlerai,0.3408,0.3298
11191,premier,0.3408,0.3878
11192,gagné,0.3408,0.3772
11193,fléchir,0.3408,0.3829
11194,recueille,0.3407,0.3297
11195,allées,0.3407,0.3349
11196,arrivé,0.3406,0.3452
11197,obtenue,0.3406,0.4067
11198,multitude,0.3406,0.4053
11199,fixée,0.3405,0.4087
11200,dicit,0.3405,0.3191
11201,faille,0.3405,0.3834
11202,ardeurs,0.3404,0.3640
11203,parquet,0.3404,0.4956
11204,venir,0.3404,0.4197
11205,imaginer,0.3404,0.4209
11206,anno,0.3404,0.5013
11207,choses,0.3404,0.3681
11208,meilleures,0.3403,0.4435
11209,couvrir,0.3403,0.3845
11210,eos,0.3402,0.4065
11211,différence,0.3402,0.3082
11212,jouir,0.3402,0.3975
11213,jure,0.3401,0.3813
11214,cherchoit,0.3401,0.3568
11215,scra,0.3400,0.4471
11216,succès,0.3400,0.4412
11217,imprime,0.3400,0.4309
11218,meo,0.3399,0.3453
11219,amis,0.3399,0.3510
11220,paroisses,0.3398,0.3456
11221,trouvons,0.3397,0.3174
11222,ceinture,0.3397,0.3919
11223,proposa,0.3396,0.3062
11224,attaquent,0.3396,0.3917
11225,arrivâmes,0.3395,0.2941
11226,couchant,0.3394,0.3288
11227,c'clt,0.3394,0.3576
11228,pattes,0.3394,0.3278
11229,te,0.3393,0.4352
11230,rappeler,0.3393,0.4956
11231,façon,0.3392,0.3070
11232,s'empêcher,0.3391,0.3805
11233,recourir,0.3390,0.3814
11234,quittez,0.3390,0.4147
11235,écrits,0.3390,0.3364
11236,tableaux,0.3389,0.3047
11237,diminuer,0.3389,0.4101
11238,cavalerie,0.3389,0.3676
11239,sollicitations,0.3388,0.3786
11240,tiroient,0.3387,0.3249
11241,juges,0.3387,0.3741
11242,justification,0.3385,0.4151
11243,exprimée,0.3385,0.4677
11244,plomb,0.3385,0.3524
11245,d'infanterie,0.3384,0.3414
11246,souffert,0.3384,0.3693
11247,fasse,0.3383,0.3595
11248,quare,0.3383,0.3651
11249,c'cst,0.3383,0.4410
11250,espérances,0.3383,0.3072
11251,diviser,0.3383,0.3864
11252,souvient,0.3383,0.3584
11253,régles,0.3382,0.2988
11254,dames,0.3382,0.3408
11255,sentis,0.3382,0.3373
11256,chosc,0.3382,0.3747
11257,achevée,0.3382,0.4212
11258,represente,0.3381,0.2904
11259,signifie,0.3380,0.3061
11260,ôta,0.3380,0.3552
11261,dirons,0.3380,0.3032
11262,usage,0.3380,0.3693
11263,reduite,0.3379,0.3384
11264,obscurité,0.3379,0.3604
11265,m'auroit,0.3379,0.3483
11266,ces,0.3378,0.3266
11267,craintes,0.3378,0.3446
11268,xxii,0.3378,0.3531
11269,profusion,0.3377,0.5046
11270,puissance,0.3377,0.3734
11271,receveur,0.3377,0.3539
11272,french,0.3377,0.2042
11273,parfum,0.3376,0.4453
11274,écuyer,0.3376,0.4423
11275,caractères,0.3375,0.3634
11276,personne,0.3375,0.3233
11277,farine,0.3374,0.3107
11278,paroitre,0.3374,0.4333
11279,tumulte,0.3374,0.3508
11280,first,0.3373,0.3149
11281,sommes,0.3372,0.3575
11282,pressez,0.3371,0.5009
11283,terrain,0.3371,0.3710
11284,procurer,0.3371,0.3957
11285,unde,0.3370,0.3835
11286,diroit,0.3370,0.3757
11287,envoyent,0.3369,0.3274
11288,eh,0.3369,0.3936
11289,retire,0.3369,0.4032
11290,il,0.3368,0.3252
11291,fervi,0.3368,0.3448
11292,tète,0.3367,0.4687
11293,abandonner,0.3367,0.3295
11294,industrie,0.3367,0.3722
11295,conduire,0.3366,0.4025
11296,su,0.3364,0.4992
11297,amies,0.3364,0.3522
11298,hôte,0.3363,0.3345
11299,trouvée,0.3363,0.3489
11300,tarda,0.3362,0.3425
11301,jusqu'alors,0.3362,0.3903
11302,montre,0.3361,0.3634
11303,el,0.3361,0.4659
11304,autem,0.3360,0.4652
11305,tuo,0.3359,0.3437
11306,légumes,0.3358,0.3427
11307,s'et,0.3358,0.4448
11308,quem,0.3358,0.4273
11309,philosophe,0.3357,0.3518
11310,magnificence,0.3356,0.3288
11311,omni,0.3356,0.4057
11312,empereurs,0.3355,0.3765
11313,raconta,0.3355,0.3589
11314,valets,0.3355,0.3885
11315,d'engager,0.3354,0.4489
11316,bleue,0.3354,0.3679
11317,dispositions,0.3354,0.3161
11318,multa,0.3354,0.3615
11319,créanciers,0.3354,0.3175
11320,aux,0.3353,0.3712
11321,regis,0.3353,0.4867
11322,xxix,0.3353,0.3850
11323,legitime,0.3352,0.3008
11324,ressources,0.3352,0.3557
11325,rendrai,0.3352,0.3557
11326,n'cn,0.3352,0.4021
11327,mourut,0.3351,0.3810
11328,drap,0.3350,0.3399
11329,faisois,0.3350,0.2949
11330,reception,0.3350,0.2625
11331,possède,0.3349,0.4155
11332,méthode,0.3349,0.3593
11333,solitude,0.3348,0.3673
11334,dieux,0.3348,0.4019
11335,poutres,0.3347,0.4252
11336,obtenu,0.3347,0.3151
11337,injure,0.3347,0.3328
11338,s'occuper,0.3347,0.4609
11339,garnie,0.3347,0.3663
11340,crime,0.3347,0.4287
11341,départ,0.3346,0.3228
11342,couchée,0.3346,0.4036
11343,festins,0.3345,0.3759
11344,gratia,0.3345,0.4707
11345,vinrent,0.3345,0.3084
11346,monte,0.3344,0.4325
11347,monsieur,0.3343,0.4445
11348,application,0.3342,0.3508
11349,prononcer,0.3342,0.4300
11350,profitent,0.3342,0.3685
11351,recevront,0.3342,0.3718
11352,forteresse,0.3342,0.3405
11353,laquelle,0.3341,0.3230
11354,répondez,0.3341,0.3425
11355,envoyoit,0.3340,0.3599
11356,illos,0.3339,0.2977
11357,permet,0.3339,0.4121
11358,n'ayez,0.3339,0.3303
11359,métaux,0.3339,0.3614
11360,rapport,0.3338,0.3552
11361,marcus,0.3338,0.3655
11362,j'aimerois,0.3337,0.3072
11363,modo,0.3337,0.4549
11364,nostri,0.3336,0.4568
11365,coûte,0.3336,0.4949
11366,s'approche,0.3336,0.4358
11367,l'ecriture,0.3335,0.3787
11368,sassent,0.3335,0.3838
11369,terrible,0.3334,0.3249
11370,travailloit,0.3334,0.4679
11371,écoutez,0.3334,0.3548
11372,bottes,0.3334,0.4151
11373,savants,0.3333,0.5481
11374,prendront,0.3333,0.3391
11375,offrandes,0.3332,0.4316
11376,qu'elles,0.3332,0.3653
11377,écrire,0.3331,0.4155
11378,apologie,0.3331,0.3756
11379,commencèrent,0.3331,0.3468
11380,tristesse,0.3331,0.4005
11381,fassent,0.3331,0.3460
11382,assise,0.3330,0.3725
11383,automne,0.3330,0.4233
11384,vinaigre,0.3329,0.3314
11385,branches,0.3329,0.3454
11386,conserve,0.3328,0.3412
11387,chevalier,0.3328,0.4057
11388,aimable,0.3326,0.3373
11389,sçauroit,0.3326,0.1848
11390,ratione,0.3326,0.4059
11391,couché,0.3325,0.3557
11392,angleterre,0.3325,0.3632
11393,visages,0.3325,0.3621
11394,flottes,0.3325,0.3785
11395,tué,0.3324,0.2932
11396,marguerite,0.3323,0.2722
11397,l'edit,0.3322,0.3534
11398,consentit,0.3322,0.4056
11399,l'aura,0.3322,0.4084
11400,iles,0.3321,0.3638
11401,vendues,0.3320,0.3368
11402,audit,0.3320,0.3360
11403,omnibus,0.3320,0.4422
11404,recevoient,0.3318,0.3199
11405,abfence,0.3318,0.3107
11406,chapeaux,0.3318,0.3497
11407,guerriers,0.3318,0.3423
11408,ent,0.3318,0.4371
11409,ceder,0.3317,0.2703
11410,savoir,0.3315,0.3348
11411,tontes,0.3315,0.5938
11412,fondé,0.3314,0.3309
11413,alii,0.3313,0.4396
11414,habite,0.3313,0.4263
11415,huissiers,0.3313,0.3491
11416,poires,0.3313,0.3109
11417,que,0.3312,0.3296
11418,jettoit,0.3311,0.3562
11419,fais,0.3311,0.3423
11420,images,0.3310,0.3732
11421,s'elt,0.3310,0.4001
11422,chagrin,0.3310,0.3701
11423,lera,0.3309,0.3866
11424,occidentales,0.3309,0.3122
11425,propriétaire,0.3309,0.4094
11426,douleurs,0.3308,0.4071
11427,me,0.3308,0.3192
11428,maladie,0.3308,0.3586
11429,aliud,0.3308,0.3838
11430,rivage,0.3307,0.3301
11431,doir,0.3307,0.3740
11432,renvoya,0.3307,0.3673
11433,homme,0.3307,0.3951
11434,infortunée,0.3307,0.3604
11435,enfant,0.3307,0.3529
11436,l'emporter,0.3305,0.4011
11437,fâché,0.3304,0.3439
11438,magnifiques,0.3304,0.3423
11439,influence,0.3304,0.3887
11440,n'osa,0.3303,0.4393
11441,alio,0.3302,0.3559
11442,fevrier,0.3302,0.2618
11443,canons,0.3302,0.4882
11444,concernent,0.3301,0.3573
11445,deviendra,0.3301,0.3933
11446,affection,0.3301,0.3289
11447,nullus,0.3300,0.3762
11448,chiens,0.3299,0.3401
11449,croiroit,0.3298,0.4108
11450,honore,0.3298,0.4030
11451,restée,0.3297,0.4394
11452,graisse,0.3297,0.3723
11453,entend,0.3297,0.4304
11454,nombreuses,0.3296,0.4097
11455,sécher,0.3295,0.3995
11456,taureau,0.3295,0.3587
11457,plaine,0.3295,0.4160
11458,ell,0.3294,0.4133
11459,efr,0.3293,0.4162
11460,plais,0.3292,0.4085
11461,lacs,0.3292,0.4492
11462,courus,0.3292,0.3713
11463,gaieté,0.3292,0.4557
11464,obscures,0.3292,0.4186
11465,division,0.3292,0.3815
11466,échappé,0.3291,0.3319
11467,ponte,0.3291,0.3442
11468,carrosse,0.3291,0.3291
11469,accepté,0.3290,0.4096
11470,flambeaux,0.3290,0.3362
11471,pris,0.3289,0.3480
11472,juifs,0.3289,0.3255
11473,figues,0.3288,0.2883
11474,désirs,0.3288,0.3631
11475,humides,0.3288,0.3776
11476,ergo,0.3288,0.3315
11477,echevins,0.3288,0.4185
11478,remplissent,0.3287,0.3509
11479,refuse,0.3287,0.3305
11480,any,0.3287,0.2165
11481,témoigner,0.3286,0.3857
11482,derriere,0.3286,0.3770
11483,ceux,0.3286,0.3595
11484,procéder,0.3286,0.3585
11485,confirmé,0.3285,0.3317
11486,n'entend,0.3284,0.2981
11487,couche,0.3284,0.3650
11488,jardin,0.3284,0.3512
11489,fiut,0.3284,0.4644
11490,terminé,0.3284,0.4311
11491,galant,0.3284,0.3542
11492,chênes,0.3283,0.4351
11493,charmante,0.3283,0.3788
11494,vicaire,0.3283,0.4147
11495,mesures,0.3283,0.3758
11496,quitta,0.3282,0.3862
11497,parlé,0.3281,0.3679
11498,provisions,0.3281,0.4234
11499,étoile,0.3281,0.3762
11500,revinrent,0.3280,0.3310
11501,apôtres,0.3280,0.3308
11502,regni,0.3279,0.3896
11503,prendroit,0.3279,0.3485
11504,coquilles,0.3278,0.3665
11505,s'adresse,0.3278,0.4079
11506,langues,0.3277,0.3517
11507,concil,0.3276,0.3589
11508,quantum,0.3276,0.3501
11509,déclaration,0.3276,0.2844
11510,tempêtes,0.3276,0.3562
11511,peau,0.3276,0.3312
11512,poflible,0.3276,0.3568
11513,employés,0.3275,0.3799
11514,nuit,0.3275,0.4130
11515,défendit,0.3273,0.4429
11516,porc,0.3273,0.3940
11517,muid,0.3273,0.3485
11518,magnifique,0.3273,0.3716
11519,attacher,0.3272,0.3636
11520,domum,0.3271,0.3486
11521,chercha,0.3271,0.4068
11522,iroient,0.3270,0.3400
11523,victoires,0.3270,0.3485
11524,deux,0.3269,0.4096
11525,greffiers,0.3268,0.3445
11526,confitures,0.3268,0.3776
11527,egyptiens,0.3267,0.3545
11528,moins,0.3266,0.3970
11529,faisait,0.3266,0.3358
11530,article,0.3266,0.3787
11531,empêche,0.3265,0.3843
11532,leur,0.3264,0.3355
11533,ouvrage,0.3264,0.3586
11534,faur,0.3263,0.4132
11535,triomphes,0.3262,0.4120
11536,études,0.3262,0.3468
11537,plusieurs,0.3261,0.3603
11538,allant,0.3259,0.4289
11539,promis,0.3259,0.3142
11540,édition,0.3258,0.3685
11541,sibi,0.3258,0.3717
11542,distinguées,0.3258,0.4193
11543,annuellement,0.3257,0.3781
11544,legibus,0.3257,0.3283
11545,manoeuvre,0.3256,0.3925
11546,saura,0.3256,0.4077
11547,communique,0.3256,0.3785
11548,descendre,0.3256,0.3851
11549,richesses,0.3256,0.3224
11550,traitoit,0.3255,0.3734
11551,contribuent,0.3255,0.3625
11552,jugea,0.3255,0.3326
11553,igitur,0.3255,0.3683
11554,c'cft,0.3254,0.3005
11555,vero,0.3254,0.3870
11556,grotte,0.3254,0.4081
11557,descendu,0.3253,0.4336
11558,théatre,0.3253,0.4040
11559,terrein,0.3253,0.3253
11560,l'amour,0.3252,0.3767
11561,princesse,0.3252,0.3626
11562,omnium,0.3251,0.4010
11563,céfar,0.3251,0.4127
11564,envoyés,0.3251,0.3548
11565,reçut,0.3250,0.3316
11566,primum,0.3250,0.3363
11567,vos,0.3249,0.3283
11568,d'huile,0.3249,0.3615
11569,l'allemagne,0.3249,0.3557
11570,espérer,0.3249,0.3041
11571,conjure,0.3248,0.3112
11572,vôtres,0.3248,0.3362
11573,résolu,0.3248,0.3033
11574,fauvé,0.3247,0.3845
11575,arme,0.3247,0.4336
11576,exigent,0.3247,0.3263
11577,envoyée,0.3246,0.3596
11578,mouchoir,0.3245,0.3650
11579,mémoire,0.3245,0.3762
11580,pensons,0.3245,0.3685
11581,cachez,0.3245,0.3732
11582,calcul,0.3243,0.3981
11583,charles,0.3243,0.3812
11584,fêtes,0.3241,0.3111
11585,illud,0.3241,0.3493
11586,descendans,0.3241,0.3251
11587,consoler,0.3240,0.3469
11588,leurs,0.3240,0.2937
11589,céder,0.3239,0.3299
11590,forment,0.3239,0.3365
11591,laisseroit,0.3239,0.4016
11592,eadem,0.3238,0.3803
11593,idée,0.3238,0.3308
11594,repousser,0.3237,0.4316
11595,procureurs,0.3237,0.3502
11596,confreres,0.3236,0.3332
11597,idole,0.3235,0.3782
11598,souviens,0.3235,0.3502
11599,jouiront,0.3235,0.3772
11600,bouquet,0.3235,0.4092
11601,voulant,0.3234,0.4451
11602,diverfes,0.3233,0.3900
11603,mangé,0.3233,0.3687
11604,amore,0.3232,0.3035
11605,onr,0.3230,0.3664
11606,saurai,0.3230,0.3039
11607,dura,0.3230,0.3965
11608,hôtel,0.3229,0.4012
11609,manus,0.3228,0.3471
11610,diminue,0.3228,0.3784
11611,septentrion,0.3227,0.2819
11612,moines,0.3227,0.3631
11613,où,0.3227,0.3553
11614,chevilles,0.3227,0.3535
11615,attaquer,0.3226,0.4078
11616,qu'on,0.3226,0.3317
11617,recevra,0.3226,0.4432
11618,remises,0.3226,0.3889
11619,frein,0.3224,0.4055
11620,rende,0.3224,0.3671
11621,cavaliers,0.3223,0.3138
11622,paquet,0.3222,0.4100
11623,lettre,0.3222,0.4429
11624,flots,0.3222,0.3093
11625,femelle,0.3221,0.4055
11626,entré,0.3221,0.3278
11627,croirai,0.3221,0.2751
11628,eit,0.3220,0.3356
11629,appelloient,0.3220,0.3275
11630,tandem,0.3219,0.3103
11631,renferme,0.3219,0.3321
11632,nullo,0.3219,0.3264
11633,épouse,0.3219,0.3128
11634,dife,0.3218,0.3231
11635,comtes,0.3218,0.3545
11636,caufé,0.3217,0.3526
11637,auteurs,0.3217,0.2651
11638,disciples,0.3217,0.3476
11639,profits,0.3216,0.3814
11640,feize,0.3216,0.3762
11641,fuerit,0.3215,0.3591
11642,quelques,0.3214,0.3920
11643,roses,0.3214,0.3362
11644,observer,0.3213,0.4542
11645,donnerai,0.3212,0.3116
11646,souffrent,0.3212,0.3480
11647,historiens,0.3211,0.3060
11648,debet,0.3211,0.3490
11649,perles,0.3211,0.3019
11650,parloient,0.3210,0.3792
11651,point,0.3210,0.3050
11652,notaires,0.3210,0.3573
11653,détermine,0.3210,0.3951
11654,capitaine,0.3210,0.4198
11655,aimait,0.3210,0.3620
11656,renfermée,0.3209,0.4278
11657,nerfs,0.3209,0.3462
11658,c'eit,0.3207,0.3045
11659,grand,0.3206,0.3917
11660,jusqu'a,0.3206,0.3601
11661,hac,0.3206,0.4077
11662,circa,0.3205,0.3846
11663,éprouve,0.3205,0.3526
11664,l'evêque,0.3205,0.4084
11665,velours,0.3205,0.3163
11666,boeuf,0.3205,0.2988
11667,couches,0.3205,0.3864
11668,quam,0.3204,0.4515
11669,possible,0.3204,0.3777
11670,succéder,0.3204,0.4289
11671,préférer,0.3203,0.4244
11672,lesquels,0.3202,0.3606
11673,l'église,0.3201,0.4602
11674,mari,0.3201,0.3425
11675,prétendent,0.3200,0.3216
11676,craignent,0.3199,0.3377
11677,réglemens,0.3199,0.3050
11678,volunt,0.3199,0.2498
11679,affis,0.3198,0.3634
11680,autorité,0.3198,0.3312
11681,virent,0.3198,0.2854
11682,sculpteurs,0.3197,0.4187
11683,arriverent,0.3196,0.3678
11684,aiment,0.3196,0.3319
11685,laissai,0.3196,0.3358
11686,causée,0.3195,0.4088
11687,xiii,0.3195,0.4798
11688,voiture,0.3195,0.4569
11689,aufii,0.3194,0.4122
11690,engagée,0.3194,0.3977
11691,tunc,0.3193,0.3828
11692,tombe,0.3193,0.3461
11693,murs,0.3193,0.3453
11694,oportet,0.3192,0.3145
11695,venger,0.3191,0.3306
11696,commencé,0.3190,0.3446
11697,ferons,0.3190,0.3077
11698,divers,0.3190,0.3413
11699,aimée,0.3189,0.3268
11700,ls,0.3188,0.4224
11701,l'avoue,0.3188,0.3011
11702,compagnes,0.3187,0.3148
11703,vantent,0.3187,0.3959
11704,alliance,0.3187,0.3636
11705,élevé,0.3187,0.3834
11706,minerve,0.3186,0.3397
11707,déplaire,0.3186,0.3983
11708,cens,0.3184,0.3864
11709,affreuse,0.3184,0.3648
11710,tanquam,0.3184,0.3065
11711,présentent,0.3183,0.3354
11712,impositions,0.3182,0.3443
11713,officiers,0.3182,0.3816
11714,ies,0.3182,0.3806
11715,situées,0.3182,0.3562
11716,convenoit,0.3181,0.3577
11717,blancheur,0.3181,0.3326
11718,aifé,0.3180,0.3177
11719,nullum,0.3180,0.3216
11720,connaître,0.3180,0.3548
11721,m'imagine,0.3179,0.3064
11722,day,0.3179,0.2614
11723,belle,0.3178,0.3599
11724,intervalle,0.3178,0.3644
11725,marchand,0.3178,0.3468
11726,lieutenants,0.3177,0.3419
11727,solum,0.3177,0.3272
11728,ruisseaux,0.3176,0.3265
11729,unum,0.3176,0.3434
11730,ledit,0.3176,0.3233
11731,voyait,0.3176,0.3641
11732,jefus,0.3175,0.3307
11733,fidèles,0.3175,0.4210
11734,vérification,0.3174,0.4050
11735,chargea,0.3174,0.3435
11736,craignoit,0.3174,0.3128
11737,m'aime,0.3173,0.3334
11738,suivant,0.3173,0.4044
11739,reçue,0.3171,0.3552
11740,fecit,0.3170,0.3521
11741,laissoient,0.3168,0.3193
11742,nourrir,0.3167,0.3754
11743,osa,0.3165,0.4265
11744,eté,0.3165,0.3461
11745,tantum,0.3165,0.3280
11746,partie,0.3163,0.4672
11747,espéce,0.3163,0.3078
11748,périr,0.3162,0.3137
11749,voyent,0.3162,0.3144
11750,vîmes,0.3161,0.2720
11751,marchands,0.3161,0.3711
11752,dessous,0.3160,0.3177
11753,jugement,0.3160,0.4445
11754,jugeoit,0.3159,0.2894
11755,derrière,0.3159,0.3562
11756,loi,0.3159,0.3202
11757,secretaire,0.3159,0.3271
11758,jambe,0.3158,0.3824
11759,acquisition,0.3158,0.3806
11760,vitriol,0.3158,0.3756
11761,l'avons,0.3157,0.2904
11762,espece,0.3157,0.2836
11763,blanc,0.3156,0.3734
11764,amsterdam,0.3155,0.4010
11765,alias,0.3155,0.3720
11766,payoit,0.3155,0.4162
11767,écu,0.3154,0.3213
11768,d'aller,0.3154,0.3669
11769,rien,0.3152,0.3517
11770,google,0.3151,0.2098
11771,trouver,0.3151,0.3709
11772,nobis,0.3150,0.4036
11773,contrôleur,0.3150,0.3220
11774,hujus,0.3150,0.3460
11775,considérer,0.3150,0.3605
11776,eurent,0.3149,0.3250
11777,etoient,0.3149,0.3328
11778,grain,0.3149,0.3859
11779,mettroit,0.3148,0.3607
11780,fête,0.3148,0.3197
11781,désire,0.3147,0.3677
11782,partit,0.3147,0.3339
11783,fondée,0.3147,0.3105
11784,commerce,0.3147,0.4294
11785,obéi,0.3147,0.4191
11786,appelé,0.3147,0.4497
11787,substance,0.3146,0.3287
11788,idées,0.3145,0.3127
11789,blanches,0.3145,0.2974
11790,is,0.3144,0.4188
11791,ferma,0.3144,0.3549
11792,union,0.3143,0.3228
11793,barils,0.3142,0.3444
11794,aliter,0.3142,0.3215
11795,êre,0.3142,0.3521
11796,chariots,0.3141,0.3170
11797,terram,0.3140,0.4882
11798,reconnu,0.3139,0.3831
11799,verra,0.3139,0.3425
11800,quels,0.3139,0.3461
11801,d'amende,0.3138,0.3498
11802,quelle,0.3138,0.3361
11803,précepteur,0.3137,0.3596
11804,rivages,0.3137,0.3297
11805,loups,0.3137,0.3256
11806,coupé,0.3136,0.3825
11807,appartenoit,0.3136,0.3463
11808,charmée,0.3135,0.3526
11809,race,0.3135,0.3825
11810,noix,0.3134,0.3010
11811,produit,0.3134,0.3975
11812,serviront,0.3134,0.3746
11813,vérités,0.3134,0.3262
11814,n'eus,0.3134,0.3142
11815,l'image,0.3133,0.4071
11816,parlerons,0.3133,0.3213
11817,la,0.3132,0.3106
11818,étiez,0.3132,0.3016
11819,d'aucun,0.3130,0.3845
11820,plaines,0.3129,0.3325
11821,itaque,0.3129,0.3594
11822,delà,0.3129,0.3653
11823,modique,0.3129,0.3361
11824,venue,0.3128,0.3814
11825,enchanté,0.3128,0.5342
11826,tiendroit,0.3127,0.3497
11827,détachement,0.3125,0.4141
11828,clle,0.3125,0.4026
11829,causoit,0.3125,0.3745
11830,circonstance,0.3124,0.3495
11831,évite,0.3124,0.4238
11832,années,0.3123,0.3811
11833,differentes,0.3123,0.3137
11834,demandera,0.3123,0.3679
11835,tranquillité,0.3122,0.3211
11836,fair,0.3122,0.3665
11837,conduisit,0.3121,0.3087
11838,puise,0.3121,0.2919
11839,passoit,0.3121,0.3498
11840,donn,0.3120,0.4007
11841,tenms,0.3119,0.4002
11842,ordonné,0.3119,0.4169
11843,disgrace,0.3119,0.4075
11844,intérêts,0.3118,0.3425
11845,donnerez,0.3117,0.3101
11846,nulle,0.3117,0.3587
11847,somme,0.3117,0.3762
11848,rs,0.3116,0.4493
11849,ferait,0.3115,0.3554
11850,manquera,0.3115,0.3080
11851,legem,0.3113,0.3348
11852,signification,0.3112,0.4198
11853,seigneurs,0.3111,0.3364
11854,prennent,0.3111,0.3272
11855,village,0.3110,0.3572
11856,combattu,0.3110,0.3460
11857,caractère,0.3109,0.3132
11858,poëtes,0.3109,0.3209
11859,l'espagne,0.3109,0.3496
11860,nc,0.3108,0.4072
11861,gouvernement,0.3107,0.3862
11862,venois,0.3107,0.4371
11863,ôté,0.3107,0.2747
11864,conformes,0.3107,0.4467
11865,essentielles,0.3107,0.3820
11866,croyais,0.3107,0.2601
11867,assemblée,0.3107,0.3363
11868,emploie,0.3106,0.3552
11869,croirois,0.3106,0.3136
11870,s'attache,0.3106,0.3707
11871,chauffer,0.3106,0.3430
11872,souvent,0.3106,0.3476
11873,j'allai,0.3104,0.3581
11874,affaire,0.3103,0.3564
11875,contraints,0.3103,0.3758
11876,l'aimable,0.3102,0.4289
11877,expliqué,0.3101,0.2711
11878,flamand,0.3101,0.3270
11879,manqueroit,0.3101,0.3124
11880,meum,0.3101,0.3362
11881,ir,0.3100,0.4276
11882,laissa,0.3100,0.3274
11883,prière,0.3099,0.3753
11884,clous,0.3099,0.3749
11885,pays,0.3099,0.2490
11886,etrangers,0.3099,0.3195
11887,attaques,0.3098,0.3370
11888,ordonna,0.3098,0.3638
11889,humide,0.3097,0.3458
11890,oublié,0.3097,0.3356
11891,les,0.3095,0.2548
11892,poésie,0.3095,0.4327
11893,n'ignoroit,0.3095,0.3144
11894,jette,0.3095,0.3383
11895,dis,0.3094,0.3412
11896,languedoc,0.3094,0.3795
11897,sépare,0.3093,0.4016
11898,suffire,0.3093,0.3112
11899,moutons,0.3092,0.2715
11900,divise,0.3092,0.3649
11901,tentatives,0.3091,0.3356
11902,rouge,0.3091,0.2734
11903,écrite,0.3091,0.3439
11904,voisines,0.3090,0.3579
11905,n'étant,0.3090,0.2657
11906,âme,0.3090,0.3154
11907,accorder,0.3090,0.3650
11908,escalier,0.3090,0.2952
11909,s'étendent,0.3089,0.3549
11910,facon,0.3089,0.3293
11911,resolution,0.3088,0.2476
11912,quinzième,0.3088,0.3569
11913,statues,0.3088,0.3199
11914,défaite,0.3087,0.3368
11915,délibérations,0.3086,0.3682
11916,eam,0.3085,0.3634
11917,consiscation,0.3084,0.2660
11918,hunc,0.3084,0.3443
11919,nord,0.3083,0.3419
11920,formoient,0.3082,0.3343
11921,accordée,0.3081,0.3108
11922,canards,0.3081,0.3205
11923,on,0.3080,0.3597
11924,soyons,0.3079,0.2995
11925,ego,0.3077,0.4537
11926,fept,0.3076,0.3500
11927,puissances,0.3076,0.4097
11928,s'apperçoit,0.3076,0.3182
11929,pus,0.3075,0.3615
11930,desquelles,0.3075,0.3636
11931,hauteur,0.3075,0.3223
11932,pape,0.3074,0.3837
11933,cerf,0.3074,0.3859
11934,vénus,0.3073,0.3636
11935,jetter,0.3073,0.3393
11936,sept,0.3073,0.2786
11937,romains,0.3073,0.3741
11938,payens,0.3071,0.3510
11939,way,0.3069,0.2927
11940,plancher,0.3069,0.3104
11941,entendit,0.3068,0.3353
11942,prie,0.3068,0.3803
11943,expliquer,0.3066,0.2954
11944,volaille,0.3066,0.3671
11945,animi,0.3065,0.3031
11946,s'adresser,0.3065,0.4094
11947,feriez,0.3064,0.3207
11948,ifle,0.3063,0.3866
11949,moment,0.3063,0.2771
11950,verum,0.3062,0.3123
11951,trouvois,0.3061,0.3246
11952,procure,0.3060,0.3542
11953,laquais,0.3059,0.3519
11954,cct,0.3058,0.3581
11955,savait,0.3058,0.3468
11956,apportée,0.3058,0.4146
11957,matelots,0.3057,0.3531
11958,reçoivent,0.3056,0.2735
11959,veuille,0.3056,0.2955
11960,connoître,0.3054,0.3244
11961,capable,0.3054,0.3287
11962,l'angleterre,0.3053,0.3481
11963,cst,0.3053,0.3918
11964,tribuns,0.3052,0.3693
11965,administration,0.3052,0.3366
11966,ecrivains,0.3051,0.2614
11967,tempore,0.3051,0.4108
11968,appris,0.3051,0.3236
11969,usque,0.3050,0.4667
11970,occupez,0.3049,0.4340
11971,raisins,0.3049,0.2984
11972,tomber,0.3049,0.3369
11973,extrémité,0.3046,0.3002
11974,montagne,0.3046,0.3512
11975,oblige,0.3046,0.3707
11976,événement,0.3045,0.2923
11977,matières,0.3045,0.4030
11978,foir,0.3044,0.3459
11979,avoir,0.3044,0.3147
11980,amante,0.3044,0.3318
11981,plairoit,0.3042,0.3118
11982,catholiques,0.3041,0.4258
11983,étrangers,0.3041,0.3943
11984,comte,0.3040,0.3634
11985,arrêts,0.3040,0.3002
11986,heros,0.3040,0.2620
11987,agneaux,0.3040,0.3532
11988,nemo,0.3039,0.3103
11989,payoient,0.3038,0.3601
11990,poète,0.3037,0.3904
11991,cherchent,0.3037,0.2716
11992,puifle,0.3036,0.2890
11993,fini,0.3036,0.4150
11994,fuite,0.3036,0.3830
11995,whether,0.3035,0.2374
11996,only,0.3035,0.2222
11997,t'ai,0.3033,0.3165
11998,lesquelles,0.3029,0.3439
11999,rentra,0.3028,0.3673
12000,fromage,0.3027,0.3246
12001,acheter,0.3025,0.3354
12002,trouverons,0.3024,0.2765
12003,manqua,0.3023,0.3182
12004,jambes,0.3021,0.3061
12005,montrent,0.3021,0.2941
12006,secrétaire,0.3020,0.3708
12007,xviii,0.3020,0.3044
12008,prétend,0.3020,0.3008
12009,rendoit,0.3020,0.3947
12010,manqueront,0.3019,0.3247
12011,environnée,0.3019,0.3015
12012,coupables,0.3017,0.3703
12013,conseille,0.3017,0.2932
12014,orientales,0.3017,0.3036
12015,freres,0.3017,0.3176
12016,roi,0.3017,0.3063
12017,retrouve,0.3015,0.3644
12018,disois,0.3015,0.2959
12019,couvroit,0.3015,0.3987
12020,picce,0.3015,0.2829
12021,foyez,0.3014,0.3268
12022,montant,0.3014,0.3862
12023,faison,0.3014,0.4330
12024,connois,0.3013,0.3225
12025,épouvantable,0.3012,0.3886
12026,rouges,0.3012,0.2742
12027,deinde,0.3012,0.3633
12028,dcs,0.3011,0.4353
12029,maitre,0.3011,0.3456
12030,ratio,0.3011,0.3474
12031,quantite,0.3010,0.4023
12032,provision,0.3010,0.4054
12033,célèbres,0.3005,0.3851
12034,perfonnes,0.3005,0.2366
12035,conseil,0.3005,0.3559
12036,princes,0.3002,0.3435
12037,contient,0.3002,0.3606
12038,pompée,0.3001,0.3687
12039,nuire,0.3001,0.3398
12040,helas,0.3001,0.2643
12041,qu'aucune,0.3001,0.3715
12042,quintus,0.3000,0.3919
12043,planter,0.2999,0.3105
12044,cochon,0.2998,0.3542
12045,l'ile,0.2998,0.3784
12046,ah,0.2998,0.2893
12047,offrit,0.2998,0.3319
12048,xvii,0.2998,0.3193
12049,serviroit,0.2997,0.3555
12050,cables,0.2997,0.3179
12051,libraires,0.2996,0.1955
12052,republique,0.2995,0.2270
12053,dicitur,0.2995,0.3601
12054,aliquid,0.2994,0.3612
12055,quelquefois,0.2993,0.3363
12056,rapportées,0.2993,0.3237
12057,poëte,0.2992,0.3046
12058,habent,0.2992,0.3482
12059,trouvât,0.2992,0.3302
12060,differens,0.2991,0.3825
12061,savent,0.2991,0.3161
12062,étes,0.2990,0.3579
12063,préféré,0.2990,0.4083
12064,milles,0.2990,0.3686
12065,prétendoit,0.2988,0.3431
12066,boeufs,0.2988,0.2916
12067,continua,0.2988,0.4353
12068,refusé,0.2987,0.2787
12069,portait,0.2986,0.4197
12070,m'ait,0.2985,0.2995
12071,l'eau,0.2985,0.3449
12072,orné,0.2984,0.3209
12073,quas,0.2983,0.4044
12074,n'es,0.2982,0.2902
12075,acheta,0.2982,0.3715
12076,aprcs,0.2982,0.3281
12077,écus,0.2981,0.3292
12078,facit,0.2981,0.3137
12079,régne,0.2980,0.3017
12080,valut,0.2980,0.4269
12081,fiis,0.2980,0.3602
12082,ancres,0.2978,0.3803
12083,fignification,0.2977,0.3812
12084,dc,0.2977,0.4650
12085,pièce,0.2977,0.2784
12086,apprennent,0.2977,0.2736
12087,demoiselle,0.2977,0.3639
12088,rapportée,0.2976,0.3530
12089,voilà,0.2976,0.3760
12090,l'on,0.2976,0.3471
12091,témoigna,0.2975,0.3577
12092,title,0.2975,0.2396
12093,ame,0.2974,0.3251
12094,papes,0.2974,0.3225
12095,elles,0.2974,0.3535
12096,lcs,0.2973,0.4316
12097,l'occident,0.2973,0.2974
12098,vaudroit,0.2972,0.3073
12099,crut,0.2971,0.3148
12100,fignifie,0.2970,0.3563
12101,vendre,0.2970,0.3293
12102,permis,0.2969,0.3234
12103,croyent,0.2969,0.2731
12104,barques,0.2969,0.3153
12105,jours,0.2968,0.3237
12106,l'eut,0.2968,0.3538
12107,desire,0.2967,0.3774
12108,étois,0.2967,0.3086
12109,lui,0.2967,0.2720
12110,réponses,0.2967,0.3438
12111,incident,0.2966,0.3185
12112,sylla,0.2966,0.3150
12113,servi,0.2965,0.3166
12114,ouvrit,0.2965,0.3524
12115,capital,0.2965,0.4272
12116,pcut,0.2964,0.3825
12117,remets,0.2963,0.2953
12118,tenoient,0.2963,0.3177
12119,demanderent,0.2962,0.3382
12120,seconde,0.2960,0.3421
12121,m'as,0.2960,0.3440
12122,tcms,0.2960,0.3134
12123,héritiers,0.2958,0.3112
12124,préparez,0.2958,0.3517
12125,anglois,0.2958,0.2856
12126,rends,0.2957,0.3425
12127,jouit,0.2957,0.3269
12128,remise,0.2957,0.3498
12129,envoie,0.2957,0.3724
12130,viendra,0.2955,0.4012
12131,aprs,0.2954,0.3710
12132,verrons,0.2954,0.3126
12133,entant,0.2954,0.2529
12134,collège,0.2953,0.4351
12135,dot,0.2953,0.3270
12136,denique,0.2953,0.2983
12137,séparer,0.2952,0.3568
12138,lorsqu'elle,0.2951,0.3208
12139,cs,0.2951,0.4142
12140,établi,0.2950,0.3642
12141,vassaux,0.2950,0.3415
12142,retourné,0.2949,0.3358
12143,cceur,0.2949,0.4479
12144,regem,0.2948,0.3825
12145,arbres,0.2948,0.3476
12146,foyons,0.2947,0.2990
12147,els,0.2947,0.3257
12148,courage,0.2946,0.3437
12149,une,0.2946,0.3077
12150,lumiere,0.2944,0.3487
12151,dimanche,0.2943,0.2842
12152,prendre,0.2943,0.3648
12153,parloit,0.2943,0.3378
12154,canelle,0.2943,0.2805
12155,aliis,0.2942,0.4588
12156,mere,0.2940,0.3464
12157,passa,0.2940,0.3059
12158,facere,0.2939,0.3643
12159,veritable,0.2938,0.2652
12160,allerent,0.2938,0.2753
12161,restera,0.2938,0.3566
12162,l'aime,0.2938,0.3367
12163,beauté,0.2937,0.3680
12164,devient,0.2937,0.2839
12165,matiere,0.2937,0.3190
12166,sasse,0.2936,0.3178
12167,villes,0.2936,0.3576
12168,illius,0.2934,0.3255
12169,gendre,0.2934,0.3207
12170,centre,0.2933,0.3611
12171,vivoient,0.2931,0.3433
12172,verbis,0.2930,0.3320
12173,dirai,0.2930,0.3126
12174,vobis,0.2929,0.3818
12175,le,0.2928,0.3030
12176,violet,0.2928,0.2928
12177,bijoux,0.2928,0.3452
12178,pigeons,0.2927,0.3487
12179,aisément,0.2927,0.4153
12180,demandoient,0.2926,0.2884
12181,donnée,0.2925,0.3184
12182,paroissoit,0.2925,0.3065
12183,boisson,0.2925,0.4140
12184,prunes,0.2925,0.2919
12185,douta,0.2925,0.2904
12186,puissantes,0.2924,0.3786
12187,qu'elle,0.2923,0.3148
12188,second,0.2923,0.3386
12189,protestans,0.2922,0.3910
12190,l'étoient,0.2921,0.2921
12191,appellée,0.2920,0.2944
12192,cft,0.2920,0.3291
12193,voila,0.2919,0.4106
12194,troupes,0.2917,0.3186
12195,peintures,0.2915,0.3263
12196,souverains,0.2915,0.3509
12197,retrouver,0.2914,0.3970
12198,you,0.2914,0.2214
12199,grâce,0.2913,0.3577
12200,peit,0.2913,0.4110
12201,l'intention,0.2912,0.4082
12202,favoit,0.2912,0.3311
12203,trre,0.2912,0.4332
12204,fermée,0.2912,0.3238
12205,prendrez,0.2911,0.3071
12206,aufi,0.2910,0.4198
12207,rochers,0.2908,0.2974
12208,ôte,0.2907,0.3068
12209,cro,0.2906,0.3105
12210,locus,0.2906,0.3137
12211,jetterent,0.2905,0.2956
12212,n'eurent,0.2905,0.3135
12213,omnis,0.2904,0.3282
12214,différents,0.2903,0.3491
12215,xxvi,0.2901,0.3278
12216,crois,0.2901,0.3498
12217,refusez,0.2901,0.2980
12218,rente,0.2901,0.3802
12219,c'efl,0.2901,0.3883
12220,habits,0.2900,0.3553
12221,remboursement,0.2900,0.3504
12222,établir,0.2899,0.3323
12223,mettant,0.2898,0.3175
12224,illam,0.2898,0.3019
12225,commençoit,0.2897,0.3300
12226,manger,0.2897,0.3400
12227,suissent,0.2896,0.2668
12228,mange,0.2896,0.3569
12229,adhuc,0.2895,0.2999
12230,ondes,0.2895,0.3017
12231,coucher,0.2895,0.3612
12232,revenir,0.2895,0.3451
12233,partirent,0.2895,0.3836
12234,remarquer,0.2893,0.3495
12235,tablettes,0.2893,0.3886
12236,cru,0.2893,0.3262
12237,éloignez,0.2893,0.3680
12238,maison,0.2891,0.3056
12239,disent,0.2890,0.3034
12240,rubis,0.2888,0.3679
12241,confirmée,0.2888,0.3123
12242,courut,0.2887,0.3441
12243,animo,0.2886,0.3525
12244,plaisent,0.2886,0.3158
12245,chrétiens,0.2885,0.3123
12246,cela,0.2883,0.3666
12247,fieri,0.2883,0.3447
12248,had,0.2882,0.3025
12249,étions,0.2882,0.2858
12250,prenoient,0.2878,0.2788
12251,iront,0.2878,0.3431
12252,deviendront,0.2878,0.4038
12253,tuum,0.2877,0.3470
12254,appellé,0.2876,0.3368
12255,tuilée,0.2875,0.3118
12256,portugais,0.2872,0.3386
12257,agréable,0.2872,0.3277
12258,apr,0.2872,0.3835
12259,l'infanterie,0.2871,0.3255
12260,fils,0.2870,0.3659
12261,l'huile,0.2869,0.3542
12262,feuilles,0.2868,0.2987
12263,côtes,0.2867,0.3385
12264,dénomination,0.2867,0.3965
12265,him,0.2865,0.2631
12266,l'avoine,0.2864,0.3342
12267,aurez,0.2864,0.3428
12268,resta,0.2864,0.3372
12269,éloge,0.2864,0.3044
12270,donneront,0.2863,0.3571
12271,voulions,0.2862,0.2699
12272,hyver,0.2861,0.3109
12273,hais,0.2859,0.2873
12274,locum,0.2857,0.3269
12275,voyoient,0.2856,0.2978
12276,ressemble,0.2855,0.3304
12277,accorde,0.2855,0.3055
12278,lieutenans,0.2854,0.2819
12279,environs,0.2854,0.3270
12280,particulière,0.2854,0.3839
12281,loy,0.2854,0.2713
12282,ipse,0.2854,0.3596
12283,ferions,0.2853,0.2711
12284,trompez,0.2853,0.3078
12285,institution,0.2852,0.3817
12286,jeté,0.2852,0.3425
12287,perds,0.2851,0.2838
12288,hanc,0.2851,0.3606
12289,plantes,0.2847,0.3386
12290,it,0.2847,0.3958
12291,dixit,0.2847,0.2876
12292,théologiens,0.2845,0.3291
12293,nièce,0.2845,0.2979
12294,chaloupe,0.2844,0.3246
12295,gris,0.2843,0.3306
12296,chose,0.2843,0.3055
12297,colere,0.2843,0.3369
12298,entends,0.2842,0.3039
12299,donnait,0.2842,0.3190
12300,qu'une,0.2842,0.3643
12301,rappelle,0.2842,0.3735
12302,renfermé,0.2841,0.3718
12303,espagnols,0.2841,0.2975
12304,avantures,0.2840,0.2318
12305,sembloit,0.2839,0.3168
12306,nommée,0.2837,0.2776
12307,dise,0.2837,0.3462
12308,iont,0.2835,0.3064
12309,voulût,0.2835,0.2795
12310,mît,0.2834,0.2941
12311,permettra,0.2831,0.4831
12312,donnât,0.2829,0.3340
12313,endroits,0.2829,0.2796
12314,pintes,0.2827,0.3223
12315,considence,0.2827,0.4509
12316,jésus,0.2827,0.3818
12317,plains,0.2826,0.2761
12318,illis,0.2826,0.3461
12319,observations,0.2826,0.3401
12320,força,0.2823,0.3321
12321,sait,0.2822,0.2711
12322,septieme,0.2821,0.3942
12323,armée,0.2821,0.3081
12324,quidquid,0.2820,0.3001
12325,junon,0.2820,0.2947
12326,succéda,0.2820,0.2993
12327,dequoi,0.2818,0.2044
12328,piece,0.2816,0.3081
12329,prioit,0.2816,0.3644
12330,répond,0.2814,0.3119
12331,étais,0.2814,0.2907
12332,barons,0.2811,0.3401
12333,decret,0.2811,0.2295
12334,hominem,0.2811,0.3402
12335,amans,0.2809,0.3138
12336,femmes,0.2808,0.3551
12337,vitam,0.2806,0.2816
12338,prélats,0.2806,0.2900
12339,offrir,0.2806,0.3064
12340,eorum,0.2806,0.3981
12341,prenait,0.2805,0.3622
12342,lumière,0.2805,0.3743
12343,regardant,0.2804,0.3170
12344,bâtie,0.2803,0.2766
12345,son,0.2803,0.2850
12346,enim,0.2803,0.3622
12347,st,0.2801,0.3848
12348,tournant,0.2800,0.3151
12349,longtems,0.2799,0.3783
12350,particulieres,0.2798,0.3321
12351,joie,0.2798,0.2623
12352,apperçoit,0.2798,0.2845
12353,dirois,0.2798,0.2995
12354,midi,0.2797,0.2940
12355,diminution,0.2795,0.3253
12356,venez,0.2795,0.3204
12357,portoit,0.2795,0.3377
12358,tombeau,0.2794,0.3337
12359,épaules,0.2793,0.2778
12360,racines,0.2793,0.2959
12361,huile,0.2793,0.3016
12362,ami,0.2791,0.3258
12363,cté,0.2789,0.3643
12364,envoya,0.2788,0.2967
12365,jugeront,0.2788,0.3129
12366,cuire,0.2787,0.2776
12367,sacrifie,0.2786,0.3530
12368,synode,0.2785,0.2812
12369,puisent,0.2784,0.2364
12370,cercueil,0.2783,0.4017
12371,bâtimens,0.2781,0.4069
12372,cujus,0.2781,0.3677
12373,supplie,0.2781,0.3120
12374,éte,0.2781,0.3232
12375,commença,0.2780,0.2878
12376,réponds,0.2780,0.3062
12377,ie,0.2780,0.4169
12378,prendra,0.2779,0.3080
12379,voulus,0.2778,0.2587
12380,assez,0.2778,0.3542
12381,pouces,0.2776,0.3062
12382,coupable,0.2776,0.3612
12383,prétendoient,0.2775,0.2892
12384,gagnent,0.2774,0.3823
12385,fraix,0.2774,0.3661
12386,rencontrent,0.2772,0.2866
12387,l'orge,0.2771,0.3121
12388,convenir,0.2769,0.3123
12389,parler,0.2769,0.3596
12390,voûte,0.2768,0.3294
12391,servirent,0.2767,0.2794
12392,étendue,0.2765,0.3137
12393,vous,0.2764,0.2802
12394,disoit,0.2764,0.3414
12395,scilicet,0.2763,0.3194
12396,crédit,0.2762,0.3353
12397,rubans,0.2761,0.3093
12398,rembourser,0.2758,0.3796
12399,generale,0.2758,0.2561
12400,adore,0.2758,0.3021
12401,démarches,0.2758,0.3082
12402,efi,0.2758,0.3088
12403,ailes,0.2756,0.2826
12404,mette,0.2756,0.2782
12405,fauroient,0.2755,0.2642
12406,étc,0.2753,0.3494
12407,l'avez,0.2752,0.2543
12408,lesdites,0.2751,0.2632
12409,mettrai,0.2751,0.3274
12410,posez,0.2750,0.2790
12411,donnant,0.2749,0.3173
12412,aimoit,0.2746,0.3086
12413,alloient,0.2746,0.2920
12414,qui,0.2746,0.2925
12415,hambourg,0.2746,0.3490
12416,eu,0.2745,0.2866
12417,rencontré,0.2744,0.3303
12418,rendez,0.2744,0.2793
12419,paroissent,0.2743,0.2928
12420,etoit,0.2742,0.3428
12421,propriétaires,0.2739,0.3324
12422,prétendez,0.2739,0.2934
12423,upon,0.2739,0.2629
12424,située,0.2738,0.2843
12425,choux,0.2738,0.3631
12426,mettoient,0.2738,0.2773
12427,valoit,0.2737,0.3087
12428,furent,0.2734,0.2966
12429,habet,0.2732,0.3889
12430,arriva,0.2731,0.3409
12431,d'aucune,0.2731,0.3335
12432,troupe,0.2730,0.3041
12433,aîné,0.2729,0.3125
12434,d'avoine,0.2729,0.3302
12435,debent,0.2728,0.3329
12436,dudit,0.2728,0.2398
12437,chore,0.2727,0.2735
12438,alios,0.2726,0.3567
12439,couté,0.2725,0.3257
12440,d'établir,0.2725,0.3547
12441,résolut,0.2724,0.2878
12442,cinquième,0.2723,0.2501
12443,cents,0.2723,0.3396
12444,francois,0.2723,0.3708
12445,cousine,0.2723,0.3179
12446,aller,0.2722,0.3424
12447,habit,0.2721,0.2805
12448,quelles,0.2721,0.3116
12449,convaincu,0.2719,0.3421
12450,trois,0.2719,0.3204
12451,habeat,0.2718,0.2945
12452,jugent,0.2717,0.2634
12453,dirent,0.2716,0.2784
12454,collines,0.2715,0.3054
12455,mademoiselle,0.2713,0.3636
12456,philosophes,0.2713,0.3072
12457,prenant,0.2711,0.3472
12458,branche,0.2711,0.3004
12459,appartient,0.2708,0.3448
12460,productions,0.2707,0.3502
12461,vallées,0.2707,0.3247
12462,prendrai,0.2705,0.2978
12463,mettra,0.2704,0.3202
12464,chère,0.2704,0.3274
12465,order,0.2703,0.2065
12466,n'aura,0.2703,0.2788
12467,appartiennent,0.2703,0.3667
12468,pû,0.2703,0.1972
12469,ferais,0.2703,0.2779
12470,envoyé,0.2702,0.3436
12471,fallu,0.2701,0.2726
12472,fleurs,0.2701,0.3469
12473,heures,0.2700,0.3133
12474,quamvis,0.2699,0.2894
12475,then,0.2698,0.2102
12476,aliquo,0.2698,0.3863
12477,vaches,0.2698,0.3042
12478,permit,0.2696,0.3191
12479,cinquieme,0.2695,0.3069
12480,pensez,0.2694,0.3179
12481,débiteur,0.2694,0.3095
12482,grace,0.2693,0.4003
12483,viennent,0.2693,0.3071
12484,après,0.2689,0.2617
12485,amant,0.2689,0.2991
12486,grâces,0.2689,0.3354
12487,payent,0.2689,0.3158
12488,escadre,0.2688,0.3622
12489,jettent,0.2687,0.2599
12490,sentoit,0.2685,0.2866
12491,quoniam,0.2684,0.3633
12492,règle,0.2682,0.3257
12493,mettent,0.2681,0.3108
12494,jugera,0.2680,0.3020
12495,offrent,0.2680,0.3141
12496,beurre,0.2680,0.3136
12497,éclat,0.2679,0.2747
12498,durant,0.2679,0.3057
12499,histoires,0.2678,0.3128
12500,saison,0.2678,0.3286
12501,m'ont,0.2677,0.3345
12502,hollandois,0.2676,0.2933
12503,regles,0.2674,0.2799
12504,favent,0.2674,0.2759
12505,dut,0.2674,0.3985
12506,ouvrir,0.2674,0.2779
12507,frères,0.2673,0.2930
12508,féjour,0.2672,0.3356
12509,dira,0.2672,0.3012
12510,valent,0.2672,0.3620
12511,visage,0.2670,0.3796
12512,n'ose,0.2668,0.3100
12513,voulais,0.2667,0.2479
12514,longueur,0.2666,0.3039
12515,chaloupes,0.2666,0.3567
12516,vît,0.2664,0.3037
12517,contraint,0.2663,0.2706
12518,soyez,0.2661,0.2863
12519,before,0.2660,0.1988
12520,mettrez,0.2660,0.3070
12521,hollande,0.2658,0.3616
12522,mettre,0.2656,0.3172
12523,prétends,0.2656,0.2834
12524,ravir,0.2656,0.3347
12525,dicere,0.2656,0.2936
12526,esté,0.2655,0.2105
12527,cette,0.2655,0.3407
12528,marius,0.2653,0.3336
12529,m'étois,0.2653,0.2885
12530,videntur,0.2652,0.2899
12531,allions,0.2651,0.3069
12532,muscade,0.2651,0.2554
12533,mars,0.2647,0.2809
12534,partir,0.2645,0.3295
12535,regle,0.2644,0.3529
12536,prions,0.2644,0.2837
12537,soeurs,0.2644,0.2822
12538,who,0.2641,0.2496
12539,c'el,0.2641,0.2695
12540,effroyable,0.2641,0.3494
12541,vaut,0.2640,0.3748
12542,onze,0.2640,0.2901
12543,soldats,0.2636,0.3176
12544,poème,0.2633,0.3532
12545,descendit,0.2633,0.3572
12546,reprit,0.2630,0.2968
12547,ecrivain,0.2630,0.2877
12548,aurions,0.2629,0.2799
12549,fermé,0.2627,0.3046
12550,donneroit,0.2625,0.2557
12551,dieu,0.2624,0.3278
12552,sixième,0.2623,0.4138
12553,permettent,0.2620,0.3212
12554,demoiselles,0.2620,0.3887
12555,rendroit,0.2617,0.3499
12556,majeste,0.2616,0.2897
12557,vendredi,0.2615,0.2560
12558,m'est,0.2614,0.2793
12559,trouvèrent,0.2614,0.2825
12560,porta,0.2614,0.3317
12561,recu,0.2613,0.4007
12562,n'aime,0.2613,0.2691
12563,aye,0.2611,0.2363
12564,mercredi,0.2609,0.2575
12565,m'avez,0.2608,0.2784
12566,j'allois,0.2608,0.3293
12567,filius,0.2607,0.4016
12568,particulières,0.2605,0.3405
12569,jaune,0.2603,0.2603
12570,d'avril,0.2603,0.2193
12571,entendoit,0.2602,0.3010
12572,entouré,0.2602,0.3102
12573,reste,0.2601,0.3352
12574,xxiii,0.2600,0.2709
12575,diminué,0.2597,0.3462
12576,diamans,0.2596,0.2738
12577,remit,0.2594,0.3452
12578,marquis,0.2593,0.3364
12579,rester,0.2592,0.2873
12580,n'osait,0.2592,0.3222
12581,entra,0.2591,0.3018
12582,magistrats,0.2591,0.3223
12583,jesus,0.2589,0.2941
12584,trouvé,0.2589,0.3530
12585,histoire,0.2589,0.3598
12586,devriez,0.2588,0.2494
12587,rendra,0.2588,0.3103
12588,erre,0.2587,0.2576
12589,réflexions,0.2585,0.3172
12590,affreux,0.2584,0.3167
12591,lorsqu'on,0.2582,0.3418
12592,trouvai,0.2582,0.2777
12593,fallut,0.2581,0.2911
12594,bords,0.2580,0.2845
12595,graines,0.2580,0.3006
12596,promit,0.2579,0.2729
12597,portoient,0.2579,0.2837
12598,arrivée,0.2578,0.3197
12599,servit,0.2576,0.2794
12600,m'ayant,0.2572,0.3380
12601,temples,0.2570,0.2916
12602,acheté,0.2569,0.2837
12603,laisser,0.2568,0.3466
12604,voulaient,0.2567,0.2923
12605,pieces,0.2567,0.3095
12606,ville,0.2566,0.3237
12607,serment,0.2566,0.3691
12608,vendu,0.2566,0.3092
12609,l'automne,0.2565,0.3093
12610,agitation,0.2565,0.3296
12611,n'aurez,0.2565,0.2573
12612,appeler,0.2564,0.4529
12613,l'ayant,0.2562,0.2895
12614,devrois,0.2562,0.3238
12615,persuadé,0.2560,0.3470
12616,existe,0.2559,0.3562
12617,selon,0.2557,0.3021
12618,allèrent,0.2557,0.3113
12619,matin,0.2556,0.3078
12620,plaira,0.2556,0.2907
12621,eusse,0.2555,0.2966
12622,parvint,0.2555,0.3892
12623,c'ell,0.2553,0.2714
12624,qu'un,0.2553,0.3003
12625,deuxieme,0.2552,0.3964
12626,unus,0.2549,0.3231
12627,etes,0.2548,0.3100
12628,suffisoit,0.2546,0.4069
12629,paroître,0.2545,0.3103
12630,pierreries,0.2544,0.2973
12631,horrible,0.2544,0.2970
12632,négocians,0.2544,0.3049
12633,créancier,0.2541,0.2830
12634,esprit,0.2540,0.3064
12635,auteur,0.2537,0.2749
12636,n'e,0.2536,0.2957
12637,mois,0.2534,0.3739
12638,quefois,0.2533,0.2663
12639,donnèrent,0.2532,0.2717
12640,treize,0.2532,0.2624
12641,répondirent,0.2532,0.2880
12642,huitième,0.2531,0.2500
12643,election,0.2528,0.2729
12644,mon,0.2525,0.2704
12645,comprends,0.2525,0.2752
12646,bled,0.2525,0.3273
12647,puissiez,0.2525,0.2928
12648,remède,0.2525,0.3229
12649,vautre,0.2524,0.3426
12650,habere,0.2524,0.3115
12651,foin,0.2522,0.3375
12652,parle,0.2521,0.2828
12653,choie,0.2520,0.2532
12654,saisions,0.2517,0.2934
12655,quoiqu'elle,0.2515,0.2865
12656,l'hiver,0.2514,0.2833
12657,françois,0.2512,0.3987
12658,gauche,0.2509,0.3538
12659,cettc,0.2509,0.3239
12660,édifices,0.2509,0.2785
12661,tombée,0.2508,0.3149
12662,prenne,0.2506,0.2449
12663,laisse,0.2504,0.3028
12664,ofé,0.2503,0.2702
12665,pas,0.2502,0.2146
12666,mettront,0.2502,0.3128
12667,cherchoient,0.2501,0.3234
12668,good,0.2500,0.2371
12669,j'aie,0.2492,0.2610
12670,n'aiment,0.2492,0.2891
12671,de,0.2491,0.3191
12672,venoient,0.2489,0.2791
12673,scire,0.2489,0.2032
12674,siecles,0.2486,0.2430
12675,liqueur,0.2486,0.3195
12676,parut,0.2485,0.2818
12677,remarques,0.2485,0.3474
12678,pouvant,0.2480,0.2781
12679,successeurs,0.2474,0.2556
12680,évêque,0.2474,0.3464
12681,neuvième,0.2472,0.2610
12682,find,0.2472,0.1977
12683,escadrons,0.2471,0.2439
12684,froment,0.2466,0.2669
12685,lesdits,0.2466,0.2369
12686,ose,0.2465,0.2887
12687,mettoit,0.2462,0.2804
12688,chapeau,0.2462,0.3084
12689,péril,0.2460,0.2893
12690,permettoit,0.2459,0.3042
12691,augmentation,0.2459,0.3775
12692,hommages,0.2459,0.2911
12693,voulez,0.2458,0.3237
12694,ferez,0.2458,0.2650
12695,cherché,0.2458,0.3219
12696,chapitre,0.2457,0.3828
12697,author,0.2455,0.1827
12698,tiges,0.2455,0.2956
12699,juan,0.2454,0.2843
12700,vallée,0.2451,0.3486
12701,duquel,0.2450,0.2945
12702,prier,0.2448,0.3034
12703,hélas,0.2446,0.2817
12704,coté,0.2442,0.2851
12705,viens,0.2441,0.2810
12706,rives,0.2440,0.2811
12707,seigle,0.2438,0.2684
12708,fournissent,0.2437,0.3113
12709,m'être,0.2437,0.3101
12710,premières,0.2437,0.3103
12711,cét,0.2434,0.2758
12712,opération,0.2434,0.3475
12713,poètes,0.2432,0.2917
12714,tenoit,0.2426,0.2823
12715,alla,0.2423,0.2590
12716,published,0.2423,0.2087
12717,modern,0.2423,0.1791
12718,elt,0.2422,0.2572
12719,fermer,0.2421,0.2961
12720,démontrer,0.2420,0.3289
12721,demandé,0.2420,0.2551
12722,printems,0.2419,0.2856
12723,demanda,0.2418,0.2600
12724,l'ait,0.2417,0.2639
12725,n'êtes,0.2417,0.2594
12726,surpris,0.2416,0.3060
12727,ai,0.2416,0.3192
12728,dernieres,0.2413,0.2966
12729,bouillir,0.2413,0.3013
12730,fidem,0.2410,0.2998
12731,l'avoir,0.2409,0.2439
12732,dépense,0.2408,0.3482
12733,lont,0.2408,0.2297
12734,samedi,0.2405,0.2478
12735,feraient,0.2404,0.3957
12736,voudriez,0.2403,0.2591
12737,étoir,0.2402,0.3008
12738,oui,0.2402,0.3298
12739,siécles,0.2402,0.2359
12740,navire,0.2400,0.2737
12741,archevêque,0.2397,0.2415
12742,fâchée,0.2396,0.3050
12743,ornée,0.2392,0.2584
12744,t'a,0.2392,0.2982
12745,pria,0.2390,0.2549
12746,château,0.2388,0.2742
12747,temns,0.2388,0.3130
12748,montagnes,0.2387,0.2874
12749,deviez,0.2385,0.2337
12750,eûmes,0.2384,0.2581
12751,j'aurai,0.2382,0.3210
12752,great,0.2382,0.2294
12753,terns,0.2377,0.2598
12754,guenois,0.2377,0.2705
12755,espèces,0.2376,0.2980
12756,arbre,0.2374,0.2765
12757,du,0.2374,0.3055
12758,medecin,0.2372,0.3120
12759,donnez,0.2372,0.3285
12760,grecs,0.2372,0.3476
12761,fîmes,0.2372,0.2283
12762,église,0.2370,0.3412
12763,graces,0.2369,0.3341
12764,donner,0.2368,0.2863
12765,soin,0.2367,0.2977
12766,remet,0.2367,0.3398
12767,desdits,0.2367,0.2369
12768,demandoit,0.2366,0.2722
12769,donné,0.2365,0.2628
12770,vint,0.2365,0.2793
12771,d'orge,0.2363,0.2925
12772,rot,0.2360,0.3012
12773,vîte,0.2357,0.3065
12774,savoit,0.2356,0.3059
12775,vite,0.2356,0.3013
12776,quinze,0.2355,0.2613
12777,s'agissoit,0.2354,0.2481
12778,s'est,0.2354,0.2929
12779,regarda,0.2353,0.2916
12780,marchandises,0.2353,0.2820
12781,pièces,0.2352,0.2921
12782,cetre,0.2349,0.3227
12783,nommoit,0.2348,0.3192
12784,voudrois,0.2347,0.2617
12785,firent,0.2346,0.2558
12786,tens,0.2344,0.2819
12787,verroit,0.2343,0.2785
12788,seriez,0.2342,0.2237
12789,vouliez,0.2339,0.2448
12790,pourrai,0.2339,0.2216
12791,prends,0.2333,0.2609
12792,maître,0.2331,0.3021
12793,parents,0.2331,0.2545
12794,lundi,0.2328,0.2298
12795,ferai,0.2327,0.2817
12796,semblent,0.2323,0.2775
12797,m'étoit,0.2322,0.2619
12798,croyoient,0.2320,0.2305
12799,n'etoit,0.2320,0.2796
12800,peux,0.2318,0.3020
12801,prît,0.2316,0.2849
12802,doutoit,0.2315,0.2614
12803,aventure,0.2312,0.2306
12804,sert,0.2309,0.2331
12805,paie,0.2308,0.4024
12806,soins,0.2306,0.2654
12807,d'août,0.2305,0.2205
12808,mardi,0.2304,0.2366
12809,aime,0.2301,0.2792
12810,colère,0.2300,0.2808
12811,expressions,0.2299,0.2550
12812,rems,0.2297,0.2229
12813,bataillons,0.2296,0.2536
12814,prières,0.2291,0.2932
12815,isle,0.2290,0.3228
12816,forcé,0.2287,0.2759
12817,joueurs,0.2287,0.2829
12818,répliqua,0.2286,0.2736
12819,d'hollande,0.2283,0.3078
12820,prit,0.2281,0.3141
12821,jeudi,0.2281,0.2115
12822,cochons,0.2279,0.3083
12823,payer,0.2278,0.2754
12824,manières,0.2274,0.2731
12825,premieres,0.2273,0.2852
12826,opérations,0.2273,0.2812
12827,espèce,0.2271,0.2862
12828,devions,0.2270,0.2306
12829,evêques,0.2270,0.2853
12830,search,0.2264,0.1732
12831,des,0.2263,0.2157
12832,entière,0.2263,0.3813
12833,pères,0.2261,0.3175
12834,voudra,0.2260,0.2481
12835,j'aurois,0.2255,0.2488
12836,l'ont,0.2254,0.2898
12837,diverses,0.2252,0.2639
12838,courrier,0.2252,0.2532
12839,italie,0.2252,0.2816
12840,faurois,0.2251,0.2230
12841,espagne,0.2249,0.3062
12842,d'octobre,0.2249,0.2246
12843,rivière,0.2247,0.2503
12844,credit,0.2246,0.2358
12845,fît,0.2244,0.2565
12846,aurois,0.2244,0.2209
12847,s'être,0.2242,0.2580
12848,henri,0.2241,0.2746
12849,devra,0.2241,0.3783
12850,ayant,0.2237,0.2485
12851,vais,0.2235,0.2914
12852,operations,0.2234,0.2594
12853,desdites,0.2232,0.2632
12854,croie,0.2232,0.3177
12855,suffira,0.2232,0.3276
12856,donnoient,0.2229,0.2091
12857,data,0.2228,0.3101
12858,obligés,0.2222,0.2201
12859,rendirent,0.2222,0.2636
12860,devront,0.2222,0.3148
12861,neuf,0.2221,0.2732
12862,batimens,0.2221,0.3151
12863,trouveront,0.2219,0.2431
12864,world,0.2217,0.1911
12865,règne,0.2213,0.3381
12866,droite,0.2211,0.4125
12867,étonné,0.2209,0.2606
12868,rivières,0.2209,0.2557
12869,structure,0.2207,0.2332
12870,octobre,0.2204,0.2146
12871,amour,0.2204,0.2595
12872,osé,0.2197,0.2312
12873,regardoit,0.2195,0.2506
12874,trouverent,0.2192,0.2350
12875,voudront,0.2186,0.2372
12876,voit,0.2186,0.2872
12877,prend,0.2186,0.2608
12878,faisoit,0.2184,0.2336
12879,femme,0.2183,0.2818
12880,payé,0.2183,0.2865
12881,puissions,0.2182,0.2456
12882,dire,0.2182,0.2731
12883,pieds,0.2182,0.2325
12884,époux,0.2181,0.2225
12885,n'auront,0.2180,0.2427
12886,lois,0.2179,0.5151
12887,voulurent,0.2178,0.2133
12888,siécle,0.2178,0.2553
12889,venu,0.2177,0.2924
12890,s'étoient,0.2176,0.2810
12891,aisé,0.2176,0.2403
12892,pourrois,0.2174,0.2426
12893,pendant,0.2172,0.2509
12894,voudrait,0.2172,0.2877
12895,nulla,0.2172,0.2635
12896,croit,0.2172,0.2779
12897,demandai,0.2171,0.2661
12898,fissent,0.2171,0.2693
12899,l'eglise,0.2168,0.3071
12900,serai,0.2167,0.2220
12901,s'étant,0.2165,0.2754
12902,purent,0.2164,0.2281
12903,diner,0.2162,0.3390
12904,nest,0.2160,0.2833
12905,fis,0.2159,0.2910
12906,dernières,0.2156,0.3016
12907,appelloit,0.2155,0.2386
12908,especes,0.2151,0.3039
12909,scene,0.2151,0.3232
12910,faisaient,0.2146,0.2564
12911,c'efi,0.2144,0.2693
12912,privilège,0.2144,0.3437
12913,servent,0.2138,0.2766
12914,sembloient,0.2137,0.3194
12915,venoit,0.2135,0.2771
12916,largeur,0.2133,0.2359
12917,mouvements,0.2131,0.3317
12918,l'eût,0.2130,0.2220
12919,siége,0.2130,0.2710
12920,pourvoient,0.2128,0.2441
12921,neveu,0.2122,0.2572
12922,allé,0.2121,0.2571
12923,forfaits,0.2120,0.3194
12924,manieres,0.2118,0.2891
12925,cinquante,0.2117,0.2488
12926,appelle,0.2107,0.2087
12927,trouvâmes,0.2106,0.2257
12928,s'agit,0.2105,0.2426
12929,evêque,0.2101,0.2929
12930,serons,0.2101,0.2539
12931,vaisseaux,0.2100,0.2867
12932,n'as,0.2099,0.2315
12933,vu,0.2099,0.2665
12934,foule,0.2098,0.3009
12935,https,0.2097,0.1379
12936,tient,0.2090,0.2451
12937,veut,0.2089,0.2444
12938,j'étois,0.2087,0.2791
12939,m'a,0.2086,0.2603
12940,j'eusse,0.2083,0.2289
12941,eussiez,0.2080,0.2272
12942,prenoit,0.2072,0.2525
12943,siècle,0.2070,0.3555
12944,états,0.2070,0.4096
12945,quatre,0.2066,0.3084
12946,vient,0.2065,0.2955
12947,appartement,0.2063,0.2318
12948,filles,0.2063,0.2524
12949,s'étaient,0.2063,0.2692
12950,frere,0.2055,0.2391
12951,servoit,0.2054,0.2184
12952,venait,0.2054,0.2854
12953,démontré,0.2054,0.3435
12954,goldsmithsâ,0.2050,0.0922
12955,pourrez,0.2050,0.2540
12956,peintres,0.2046,0.2701
12957,répondit,0.2045,0.2328
12958,auriez,0.2043,0.2089
12959,qfm,0.2040,0.1372
12960,trouvoit,0.2038,0.2532
12961,serions,0.2036,0.2210
12962,trouveroient,0.2033,0.2274
12963,fimes,0.2032,0.2544
12964,faudrait,0.2030,0.2538
12965,n'aurions,0.2030,0.2016
12966,laissoit,0.2021,0.2362
12967,vaisseau,0.2020,0.2323
12968,fervent,0.2020,0.2120
12969,pouvais,0.2020,0.2162
12970,avons,0.2019,0.2845
12971,paiement,0.2018,0.3489
12972,n'ait,0.2008,0.2316
12973,devois,0.2007,0.2011
12974,croient,0.2006,0.2397
12975,devons,0.2003,0.2451
12976,avions,0.2002,0.2707
12977,apres,0.2000,0.2864
12978,faisoient,0.2000,0.1928
12979,aucun,0.1994,0.2728
12980,êrre,0.1992,0.2204
12981,cinq,0.1992,0.2686
12982,pourrions,0.1990,0.1779
12983,trouveroit,0.1990,0.2233
12984,impostures,0.1987,0.2763
12985,pere,0.1986,0.2572
12986,l'aurois,0.1984,0.2177
12987,serez,0.1982,0.2426
12988,voyoit,0.1982,0.2153
12989,n'étois,0.1981,0.2334
12990,plaît,0.1979,0.2464
12991,m'eût,0.1979,0.2208
12992,trouvait,0.1977,0.2981
12993,plait,0.1976,0.2593
12994,literature,0.1975,0.1261
12995,revint,0.1972,0.2352
12996,l'été,0.1972,0.2809
12997,donna,0.1967,0.2300
12998,oncle,0.1966,0.2463
12999,momens,0.1960,0.2542
13000,n'ayant,0.1958,0.2292
13001,fus,0.1954,0.2723
13002,retourner,0.1953,0.2548
13003,très,0.1952,0.2968
13004,nomme,0.1948,0.2374
13005,servoient,0.1948,0.2034
13006,devez,0.1947,0.2436
13007,illum,0.1944,0.2108
13008,per,0.1943,0.1776
13009,éroit,0.1937,0.2402
13010,va,0.1933,0.2533
13011,retourna,0.1929,0.2066
13012,jolie,0.1928,0.2717
13013,privilèges,0.1926,0.2776
13014,fussent,0.1923,0.2097
13015,marquez,0.1923,0.2443
13016,croyoit,0.1921,0.2299
13017,aucune,0.1919,0.2235
13018,l'ai,0.1917,0.2363
13019,règles,0.1916,0.2607
13020,difficile,0.1916,0.2057
13021,printemps,0.1913,0.2681
13022,quotient,0.1912,0.2486
13023,fait,0.1910,0.2084
13024,pourriez,0.1910,0.1922
13025,l'avaient,0.1909,0.2760
13026,cctte,0.1909,0.2636
13027,l'auroit,0.1908,0.1947
13028,sauroient,0.1906,0.2460
13029,pein,0.1903,0.2486
13030,moments,0.1900,0.2753
13031,ocm,0.1892,0.1469
13032,vont,0.1892,0.2789
13033,achat,0.1891,0.2103
13034,doive,0.1890,0.2015
13035,n'avoir,0.1887,0.2089
13036,parens,0.1883,0.2571
13037,trouvent,0.1874,0.1944
13038,était,0.1873,0.2242
13039,quatorze,0.1873,0.2284
13040,trouvoient,0.1872,0.2118
13041,j'étais,0.1868,0.2444
13042,mère,0.1867,0.2492
13043,flotte,0.1866,0.2688
13044,troisieme,0.1866,0.2490
13045,avais,0.1865,0.2496
13046,quatrième,0.1864,0.2228
13047,navires,0.1858,0.2664
13048,jeta,0.1857,0.3047
13049,n'avions,0.1857,0.1769
13050,août,0.1853,0.1913
13051,payement,0.1847,0.2816
13052,ferois,0.1847,0.2366
13053,n'cst,0.1842,0.2663
13054,eût,0.1842,0.1700
13055,avois,0.1835,0.2191
13056,privileges,0.1834,0.2633
13057,facile,0.1831,0.2088
13058,trouva,0.1829,0.2333
13059,un,0.1828,0.2361
13060,dîner,0.1823,0.2311
13061,voudrais,0.1823,0.2210
13062,veux,0.1821,0.2210
13063,sont,0.1812,0.2289
13064,différens,0.1812,0.2550
13065,serais,0.1809,0.1963
13066,saurais,0.1808,0.2460
13067,devrait,0.1803,0.2944
13068,etre,0.1796,0.3393
13069,fût,0.1791,0.1949
13070,évêques,0.1786,0.3148
13071,n'cft,0.1783,0.1966
13072,pouviez,0.1783,0.2330
13073,auront,0.1781,0.2264
13074,vingt,0.1776,0.2467
13075,fuis,0.1775,0.2689
13076,falloir,0.1775,0.2829
13077,dois,0.1773,0.2157
13078,êtes,0.1772,0.2386
13079,derniere,0.1763,0.2715
13080,pouvions,0.1761,0.2054
13081,seraient,0.1757,0.2393
13082,n'ell,0.1754,0.2164
13083,n'ayent,0.1752,0.1628
13084,dût,0.1749,0.1872
13085,étoient,0.1747,0.2206
13086,impossible,0.1744,0.2734
13087,voudroient,0.1743,0.1984
13088,l'a,0.1743,0.2269
13089,donnera,0.1734,0.2265
13090,n'étoit,0.1729,0.2040
13091,aviez,0.1724,0.1993
13092,douze,0.1721,0.2315
13093,n'eit,0.1721,0.1765
13094,saurois,0.1719,0.2472
13095,étaient,0.1714,0.1951
13096,n'aurois,0.1708,0.1589
13097,fûmes,0.1702,0.2000
13098,voulut,0.1694,0.2020
13099,siècles,0.1693,0.2244
13100,observé,0.1691,0.2795
13101,fumier,0.1688,0.2084
13102,trouve,0.1686,0.2332
13103,pourrais,0.1685,0.1784
13104,serait,0.1682,0.1995
13105,pourrons,0.1673,0.1918
13106,obligé,0.1666,0.1997
13107,pussent,0.1665,0.1732
13108,donnoit,0.1664,0.1967
13109,troisième,0.1662,0.2797
13110,trente,0.1658,0.2028
13111,mamelé,0.1658,0.1753
13112,enfants,0.1657,0.2731
13113,eut,0.1655,0.1850
13114,m'avoir,0.1650,0.2058
13115,fumes,0.1648,0.2282
13116,saurait,0.1643,0.2323
13117,êtrc,0.1638,0.2676
13118,souper,0.1636,0.2084
13119,serois,0.1626,0.1707
13120,n'avais,0.1626,0.2363
13121,pouvons,0.1625,0.1750
13122,j'aurais,0.1624,0.2188
13123,fille,0.1622,0.2018
13124,alloit,0.1621,0.2075
13125,n'el,0.1620,0.2191
13126,aurais,0.1616,0.2179
13127,pourront,0.1615,0.2192
13128,dernière,0.1611,0.2635
13129,sera,0.1603,0.2099
13130,pleurs,0.1602,0.2334
13131,jetta,0.1597,0.2157
13132,n'efl,0.1595,0.1990
13133,auraient,0.1594,0.2161
13134,feroit,0.1593,0.2117
13135,donnent,0.1590,0.2256
13136,jeter,0.1586,0.2904
13137,library,0.1586,0.1575
13138,différentes,0.1585,0.2519
13139,bnf,0.1584,0.1152
13140,pouvois,0.1584,0.1693
13141,ne,0.1579,0.1527
13142,soient,0.1579,0.2089
13143,avril,0.1576,0.2149
13144,donne,0.1576,0.2020
13145,huit,0.1575,0.2131
13146,suis,0.1573,0.2235
13147,l'avois,0.1567,0.1942
13148,veulent,0.1554,0.1980
13149,dû,0.1550,0.2792
13150,janvier,0.1546,0.1508
13151,c'ef,0.1545,0.1950
13152,aura,0.1540,0.2027
13153,voulois,0.1539,0.2062
13154,c'elt,0.1534,0.1819
13155,m'avoit,0.1531,0.1939
13156,trouvera,0.1530,0.2120
13157,être,0.1529,0.1706
13158,vit,0.1523,0.2272
13159,allait,0.1518,0.2320
13160,c'et,0.1514,0.1977
13161,image,0.1512,0.1664
13162,étoit,0.1509,0.2012
13163,kress,0.1503,0.0549
13164,duc,0.1484,0.1451
13165,ark,0.1484,0.1136
13166,première,0.1482,0.2196
13167,seroit,0.1481,0.1918
13168,scène,0.1481,0.1378
13169,priviléges,0.1476,0.2109
13170,faudra,0.1473,0.2083
13171,vouloient,0.1467,0.1862
13172,devroient,0.1458,0.1679
13173,frère,0.1436,0.2050
13174,rend,0.1434,0.2153
13175,m'avait,0.1433,0.2112
13176,voudroit,0.1425,0.1913
13177,mit,0.1424,0.1703
13178,quarante,0.1421,0.1993
13179,soeur,0.1421,0.2051
13180,fallait,0.1420,0.1845
13181,n'est,0.1416,0.1646
13182,j'avois,0.1394,0.1877
13183,pouvaient,0.1394,0.1803
13184,premiere,0.1392,0.2066
13185,est,0.1387,0.1769
13186,devaient,0.1386,0.2249
13187,pu,0.1374,0.1894
13188,juin,0.1363,0.1323
13189,pouvez,0.1361,0.1844
13190,n'eut,0.1360,0.1899
13191,voulait,0.1355,0.1801
13192,maniere,0.1352,0.1846
13193,j'avais,0.1350,0.1945
13194,n'et,0.1338,0.1377
13195,teins,0.1331,0.2007
13196,l'avoit,0.1329,0.1738
13197,n'ai,0.1328,0.1608
13198,enfans,0.1312,0.2374
13199,j'ai,0.1312,0.1903
13200,l'avait,0.1310,0.1818
13201,fauroit,0.1307,0.1508
13202,aurait,0.1300,0.1603
13203,auroit,0.1299,0.1657
13204,n'étaient,0.1291,0.1696
13205,septembre,0.1286,0.1372
13206,devroit,0.1283,0.1680
13207,père,0.1280,0.2322
13208,seroient,0.1276,0.1834
13209,eussent,0.1273,0.1572
13210,l'avoient,0.1271,0.1689
13211,n'aient,0.1255,0.1546
13212,feu,0.1254,0.1116
13213,n'aurait,0.1237,0.1734
13214,pourra,0.1237,0.1610
13215,manière,0.1235,0.1725
13216,s'étoit,0.1232,0.1416
13217,faudroit,0.1228,0.1645
13218,tôt,0.1224,0.0994
13219,n'avez,0.1224,0.1554
13220,n'était,0.1220,0.1303
13221,ctre,0.1207,0.1744
13222,n'avaient,0.1207,0.1523
13223,avez,0.1206,0.1624
13224,ayent,0.1199,0.1490
13225,lieux,0.1194,0.1189
13226,puissent,0.1181,0.1385
13227,faut,0.1179,0.1580
13228,put,0.1177,0.1616
13229,n'étoient,0.1164,0.1366
13230,economics,0.1163,0.0578
13231,pourraient,0.1161,0.2059
13232,don,0.1158,0.1378
13233,n'ont,0.1149,0.1458
13234,n'eussent,0.1147,0.1269
13235,n'auroient,0.1141,0.1380
13236,puisse,0.1138,0.1526
13237,avoient,0.1136,0.1514
13238,s'était,0.1133,0.1645
13239,n'auroit,0.1129,0.1445
13240,sauroit,0.1126,0.1709
13241,décembre,0.1122,0.1667
13242,vouloit,0.1113,0.1540
13243,n'avons,0.1102,0.1389
13244,devait,0.1102,0.1584
13245,cet,0.1100,0.1064
13246,mer,0.1099,0.1264
13247,saint,0.1094,0.1120
13248,novembre,0.1085,0.1285
13249,février,0.1085,0.1541
13250,n'avois,0.1082,0.1325
13251,fin,0.1066,0.1013
13252,auroient,0.1047,0.1677
13253,nom,0.1035,0.1003
13254,bas,0.1032,0.1132
13255,pourrait,0.1032,0.1537
13256,feroient,0.1015,0.1700
13257,avait,0.1010,0.1273
13258,avoit,0.1007,0.1430
13259,juillet,0.1001,0.1245
13260,peut,0.0991,0.1127
13261,n'eût,0.0978,0.1328
13262,n'avoit,0.0978,0.1146
13263,non,0.0975,0.0816
13264,n'ef,0.0974,0.1134
13265,falloit,0.0967,0.1426
13266,bon,0.0960,0.0950
13267,n'efi,0.0960,0.1633
13268,aient,0.0958,0.1434
13269,n'elt,0.0951,0.1188
13270,met,0.0946,0.1042
13271,quantité,0.0942,0.1170
13272,d'y,0.0934,0.1132
13273,vie,0.0934,0.0951
13274,ans,0.0933,0.0913
13275,mot,0.0925,0.1016
13276,font,0.0917,0.1326
13277,avaient,0.0906,0.1266
13278,feront,0.0878,0.1436
13279,temps,0.0877,0.2347
13280,devoit,0.0863,0.1162
13281,pourroit,0.0863,0.1172
13282,unes,0.0861,0.0945
13283,doivent,0.0859,0.1527
13284,devoient,0.0853,0.1355
13285,pourroient,0.0852,0.1365
13286,mis,0.0852,0.0852
13287,pouvoient,0.0848,0.1174
13288,pût,0.0837,0.1035
13289,doit,0.0833,0.1303
13290,n'avoient,0.0830,0.1071
13291,dit,0.0829,0.0854
13292,sous,0.0827,0.0958
13293,fous,0.0826,0.0826
13294,été,0.0813,0.0823
13295,uns,0.0786,0.0826
13296,ont,0.0785,0.0976
13297,peuvent,0.0756,0.1017
13298,n'avait,0.0751,0.1094
13299,seront,0.0743,0.1585
13300,tems,0.0735,0.1683
13301,pouvait,0.0731,0.1151
13302,fit,0.0724,0.0804
13303,fut,0.0721,0.0750
13304,étre,0.0712,0.1462
13305,n'y,0.0636,0.0699
13306,monograph,0.0634,0.0511
13307,fera,0.0631,0.1362
13308,pouvoit,0.0611,0.0982
13309,primary,0.0576,0.0270
13310,ait,0.0555,0.0664
13311,document,0.0549,0.0534
13312,n'a,0.0295,0.0457
