rank,word,drift_global,drift_moyen
1,sor,1.0546,0.8131
2,linon,1.0240,0.6941
3,notice,1.0171,0.5716
4,raire,1.0078,0.7425
5,titube,1.0061,0.6715
6,strabon,1.0005,0.4656
7,bac,0.9936,0.6203
8,sup,0.9870,0.7272
9,dominant,0.9836,0.6313
10,déli,0.9827,0.7265
11,ras,0.9811,0.6302
12,curion,0.9734,0.6775
13,jule,0.9701,0.6212
14,hui,0.9674,0.7658
15,apelle,0.9670,0.5306
16,cons,0.9649,0.7312
17,naire,0.9603,0.7795
18,rement,0.9596,0.7311
19,fement,0.9535,0.7441
20,filon,0.9518,0.6766
21,toutefois,0.9508,0.7603
22,ôc,0.9505,0.8313
23,phe,0.9501,0.7080
24,vide,0.9479,0.5929
25,traitre,0.9466,0.6717
26,miere,0.9412,0.8209
27,contrit,0.9408,0.6926
28,auf,0.9401,0.7275
29,rem,0.9398,0.6976
30,manie,0.9391,0.7947
31,pen,0.9326,0.7649
32,recom,0.9325,0.6929
33,ruement,0.9304,0.7124
34,l'intrigue,0.9298,0.6062
35,sas,0.9291,0.7048
36,dubois,0.9276,0.6354
37,jurez,0.9270,0.5071
38,cepen,0.9266,0.7877
39,veu,0.9217,0.5797
40,derechef,0.9205,0.7619
41,nat,0.9202,0.6476
42,pref,0.9196,0.7641
43,remontrer,0.9187,0.5290
44,surquoi,0.9185,0.7823
45,ré,0.9159,0.7197
46,favorablement,0.9139,0.7917
47,desormais,0.9119,0.7313
48,leger,0.9099,0.6514
49,celer,0.9098,0.7145
50,d'oeuvre,0.9094,0.6869
51,secher,0.9080,0.7359
52,quité,0.9069,0.7800
53,tement,0.9048,0.6900
54,vides,0.9039,0.4684
55,l'es,0.9030,0.6951
56,roger,0.9023,0.5884
57,pro,0.9000,0.7096
58,l'ef,0.8996,0.8388
59,reflexion,0.8994,0.6551
60,traitez,0.8986,0.4298
61,conr,0.8975,0.6427
62,peller,0.8947,0.6112
63,pluton,0.8945,0.6059
64,reur,0.8944,0.7132
65,amé,0.8934,0.4630
66,marchez,0.8924,0.4920
67,tendante,0.8904,0.6790
68,plui,0.8902,0.7267
69,d'aussi,0.8896,0.8352
70,enco,0.8895,0.7463
71,l'occupation,0.8875,0.6426
72,chés,0.8875,0.5817
73,pof,0.8873,0.6178
74,mu,0.8871,0.7191
75,aus,0.8849,0.6695
76,pous,0.8839,0.8750
77,l'est,0.8832,0.7610
78,caron,0.8821,0.7462
79,princi,0.8820,0.7302
80,qu'encore,0.8798,0.7185
81,lement,0.8797,0.6635
82,moy,0.8792,0.5635
83,coutre,0.8790,0.6895
84,qualite,0.8783,0.5102
85,pleinement,0.8777,0.6246
86,l'ob,0.8777,0.7676
87,plane,0.8767,0.4899
88,pairement,0.8765,0.7255
89,sem,0.8755,0.7146
90,l'obéissance,0.8748,0.5526
91,para,0.8742,0.6992
92,repré,0.8740,0.7067
93,prou,0.8735,0.7309
94,milord,0.8733,0.5863
95,meur,0.8727,0.6450
96,fondit,0.8726,0.6066
97,atten,0.8722,0.6165
98,bale,0.8722,0.6237
99,rité,0.8717,0.6784
100,sé,0.8717,0.7450
101,l'avenir,0.8710,0.8387
102,fidellement,0.8707,0.6753
103,nmme,0.8704,0.7112
104,rufien,0.8699,0.6417
105,satis,0.8697,0.4749
106,tran,0.8695,0.7148
107,vé,0.8695,0.6928
108,def,0.8684,0.7013
109,d'hui,0.8682,0.7892
110,pilier,0.8681,0.6442
111,l'em,0.8679,0.7171
112,nime,0.8675,0.7202
113,compa,0.8665,0.7284
114,rier,0.8662,0.6020
115,tif,0.8659,0.6406
116,ache,0.8642,0.7619
117,totalement,0.8636,0.5812
118,adroitement,0.8631,0.7683
119,hormis,0.8622,0.7993
120,sf,0.8621,0.5731
121,semblablement,0.8621,0.7716
122,turion,0.8617,0.6122
123,maternel,0.8616,0.5468
124,pensant,0.8613,0.8082
125,alliez,0.8608,0.4507
126,teur,0.8608,0.8128
127,gé,0.8603,0.7127
128,majorité,0.8602,0.4824
129,legrand,0.8602,0.6882
130,ruelle,0.8601,0.5878
131,rens,0.8599,0.7982
132,tume,0.8599,0.6848
133,conf,0.8595,0.6891
134,laire,0.8592,0.7117
135,eflt,0.8591,0.7045
136,sant,0.8590,0.7535
137,d'autorité,0.8589,0.7641
138,pos,0.8588,0.7182
139,neu,0.8577,0.6417
140,fè,0.8576,0.7428
141,sir,0.8575,0.6508
142,zircon,0.8575,0.7470
143,timon,0.8571,0.6871
144,passi,0.8570,0.5771
145,cornue,0.8565,0.7162
146,visité,0.8560,0.6174
147,falu,0.8560,0.7171
148,pé,0.8559,0.7037
149,fie,0.8559,0.7496
150,d'ignorance,0.8551,0.5738
151,lè,0.8544,0.7511
152,secondement,0.8541,0.7474
153,descartes,0.8537,0.6551
154,sinon,0.8535,0.7857
155,tez,0.8533,0.5541
156,traire,0.8531,0.6666
157,pae,0.8531,0.6140
158,souver,0.8529,0.7063
159,fiscal,0.8518,0.6125
160,reposée,0.8518,0.6261
161,claudius,0.8516,0.4605
162,trie,0.8516,0.7399
163,prop,0.8516,0.5792
164,poux,0.8513,0.6630
165,jans,0.8509,0.7446
166,sim,0.8507,0.7044
167,aisement,0.8501,0.6526
168,cer,0.8493,0.6586
169,exempt,0.8491,0.7511
170,qu'autrement,0.8490,0.7075
171,plutot,0.8489,0.6771
172,prefet,0.8489,0.6412
173,secretement,0.8480,0.6582
174,fy,0.8480,0.7150
175,omme,0.8480,0.6654
176,role,0.8471,0.7090
177,atta,0.8469,0.7090
178,tranquile,0.8468,0.5544
179,rive,0.8467,0.4898
180,nement,0.8462,0.6774
181,accessible,0.8457,0.7410
182,pretent,0.8457,0.7307
183,cout,0.8451,0.7637
184,lens,0.8445,0.7077
185,partagez,0.8440,0.4404
186,trille,0.8439,0.6228
187,d'après,0.8438,0.4977
188,trilles,0.8437,0.6333
189,una,0.8436,0.5902
190,reve,0.8435,0.7097
191,vrir,0.8434,0.6858
192,énormes,0.8431,0.4537
193,mo,0.8430,0.6543
194,l'ap,0.8430,0.7125
195,vio,0.8423,0.6320
196,glo,0.8415,0.6337
197,cointe,0.8413,0.7658
198,varier,0.8411,0.6469
199,tation,0.8410,0.6689
200,bor,0.8408,0.5761
201,victor,0.8407,0.5479
202,fuc,0.8407,0.6449
203,gouver,0.8407,0.6572
204,d'esprits,0.8406,0.5470
205,ainii,0.8402,0.7670
206,expres,0.8402,0.6506
207,effe,0.8399,0.4470
208,remplacer,0.8398,0.6884
209,d'af,0.8388,0.7294
210,miner,0.8386,0.6250
211,pru,0.8382,0.6911
212,gement,0.8380,0.7319
213,infi,0.8379,0.6600
214,fim,0.8377,0.6620
215,pille,0.8372,0.6282
216,capi,0.8366,0.7015
217,vilaine,0.8354,0.6847
218,puissamment,0.8350,0.6704
219,particu,0.8348,0.7164
220,calife,0.8346,0.8185
221,dimi,0.8343,0.6382
222,volon,0.8337,0.6867
223,gent,0.8337,0.7661
224,mmne,0.8334,0.7157
225,primer,0.8334,0.6430
226,couple,0.8330,0.5828
227,l'inégalité,0.8325,0.7767
228,tordre,0.8324,0.7149
229,trans,0.8324,0.6309
230,em,0.8323,0.7359
231,offi,0.8321,0.5557
232,sub,0.8321,0.6298
233,fonc,0.8321,0.7494
234,chan,0.8318,0.7591
235,tan,0.8316,0.7274
236,duit,0.8315,0.6779
237,exi,0.8315,0.6355
238,cous,0.8314,0.6760
239,quoy,0.8314,0.6061
240,op,0.8312,0.7022
241,rentre,0.8312,0.7382
242,dement,0.8310,0.6215
243,griffe,0.8308,0.6754
244,fiance,0.8307,0.6021
245,amene,0.8306,0.5292
246,fice,0.8305,0.6547
247,gres,0.8303,0.6299
248,éloi,0.8299,0.6913
249,én,0.8299,0.7625
250,mira,0.8297,0.6416
251,qu'ensuite,0.8296,0.6467
252,stable,0.8291,0.5920
253,taux,0.8288,0.5312
254,fur,0.8287,0.6914
255,voeu,0.8286,0.4506
256,ciens,0.8284,0.7339
257,qu'outre,0.8278,0.6433
258,gué,0.8276,0.7250
259,gêne,0.8276,0.5130
260,rope,0.8274,0.5966
261,rain,0.8273,0.7034
262,és,0.8272,0.5174
263,l'agrément,0.8271,0.7536
264,oeuvre,0.8267,0.6867
265,élement,0.8266,0.7053
266,s'ap,0.8263,0.6985
267,reporter,0.8259,0.5477
268,communi,0.8257,0.6490
269,sieurs,0.8254,0.7891
270,leux,0.8253,0.7842
271,fleuri,0.8253,0.5398
272,repre,0.8249,0.7029
273,oire,0.8244,0.6114
274,tain,0.8240,0.6637
275,quille,0.8236,0.5880
276,d'homme,0.8235,0.7963
277,cir,0.8233,0.6784
278,lue,0.8232,0.5561
279,yvoire,0.8227,0.6712
280,indi,0.8222,0.6764
281,mainte,0.8221,0.7248
282,pré,0.8221,0.7520
283,tein,0.8218,0.5618
284,nus,0.8214,0.6545
285,sûrement,0.8203,0.7745
286,dés,0.8198,0.6511
287,lence,0.8198,0.6928
288,boileau,0.8197,0.5514
289,vantage,0.8196,0.7274
290,bra,0.8196,0.6170
291,volontaires,0.8189,0.5526
292,foret,0.8189,0.5612
293,d'abus,0.8186,0.5498
294,tonner,0.8184,0.6861
295,couver,0.8182,0.6046
296,malheureusement,0.8180,0.5777
297,arrivez,0.8179,0.4779
298,l'ex,0.8178,0.7055
299,dé,0.8177,0.7689
300,dj,0.8176,0.5572
301,nal,0.8174,0.7039
302,d'âge,0.8170,0.7865
303,neanmoins,0.8169,0.6546
304,auifi,0.8166,0.7632
305,dè,0.8165,0.7587
306,sal,0.8164,0.6543
307,rais,0.8164,0.6229
308,avenir,0.8162,0.4787
309,poursuivant,0.8160,0.6820
310,pouf,0.8160,0.7260
311,jet,0.8156,0.6633
312,quelqu'une,0.8154,0.7737
313,viaire,0.8153,0.6318
314,fori,0.8151,0.6607
315,dio,0.8151,0.5614
316,pau,0.8147,0.7721
317,cene,0.8146,0.5569
318,inf,0.8145,0.6498
319,mef,0.8145,0.6895
320,ors,0.8143,0.6093
321,meu,0.8143,0.6740
322,confit,0.8140,0.5781
323,lig,0.8136,0.8104
324,l'ordinaire,0.8135,0.8095
325,présents,0.8135,0.6663
326,observez,0.8132,0.5522
327,fol,0.8129,0.5884
328,nant,0.8129,0.7686
329,rant,0.8128,0.6428
330,seur,0.8126,0.6409
331,l'oracle,0.8120,0.7536
332,aiant,0.8120,0.5119
333,mesme,0.8117,0.6986
334,gage,0.8112,0.8080
335,sou,0.8110,0.7418
336,che,0.8108,0.6940
337,allure,0.8108,0.5939
338,foli,0.8103,0.6333
339,ardemment,0.8100,0.7898
340,suiffe,0.8095,0.5603
341,apprens,0.8092,0.6606
342,nui,0.8091,0.6351
343,cre,0.8090,0.6026
344,tale,0.8088,0.5777
345,commue,0.8085,0.6142
346,deçà,0.8084,0.6940
347,c'en,0.8084,0.7238
348,prin,0.8082,0.5876
349,sole,0.8082,0.5528
350,varron,0.8081,0.5841
351,lice,0.8079,0.6427
352,mode,0.8073,0.5637
353,décou,0.8071,0.7187
354,accordant,0.8071,0.4352
355,feur,0.8070,0.6009
356,pon,0.8069,0.6867
357,sement,0.8068,0.6121
358,ron,0.8068,0.6410
359,françoises,0.8067,0.5370
360,touc,0.8067,0.7359
361,ajoutez,0.8063,0.7275
362,cy,0.8061,0.6120
363,trefle,0.8061,0.5941
364,dere,0.8060,0.5932
365,fies,0.8060,0.6952
366,leut,0.8060,0.7728
367,bler,0.8059,0.6679
368,dence,0.8057,0.6267
369,l'egard,0.8054,0.6896
370,hor,0.8052,0.6234
371,xvi,0.8051,0.6722
372,olivier,0.8049,0.5745
373,chanoines,0.8047,0.7060
374,garde,0.8046,0.6770
375,ban,0.8046,0.6667
376,auii,0.8043,0.6915
377,potion,0.8042,0.5999
378,ordi,0.8039,0.7318
379,éloignez,0.8039,0.3680
380,nô,0.8038,0.6240
381,teflon,0.8036,0.6435
382,l'experience,0.8026,0.7885
383,chanté,0.8023,0.6564
384,enfuit,0.8020,0.6699
385,préter,0.8020,0.6220
386,gilles,0.8018,0.5395
387,recueilli,0.8018,0.6235
388,voya,0.8017,0.6230
389,remar,0.8017,0.6289
390,fié,0.8015,0.7369
391,lions,0.8015,0.6275
392,mente,0.8015,0.5632
393,taine,0.8014,0.6925
394,mem,0.8014,0.6497
395,l'impuissance,0.8013,0.7581
396,préfet,0.8013,0.6364
397,l'exposer,0.8010,0.5661
398,mouvant,0.8008,0.5798
399,pli,0.8008,0.6301
400,rans,0.8006,0.6835
401,ordinal,0.8005,0.6387
402,ofi,0.8005,0.5913
403,commun,0.8004,0.7172
404,ivre,0.8003,0.6214
405,sen,0.8000,0.7426
406,rein,0.8000,0.6132
407,divorce,0.7998,0.5063
408,pourvue,0.7997,0.5546
409,corn,0.7996,0.6397
410,l'in,0.7996,0.7589
411,bb,0.7993,0.7283
412,suppliant,0.7992,0.6261
413,cte,0.7992,0.5903
414,l'intérieur,0.7987,0.5049
415,vident,0.7986,0.6274
416,acheve,0.7985,0.7148
417,commu,0.7983,0.6249
418,d'ac,0.7978,0.7360
419,extraordinairement,0.7977,0.6087
420,n'importe,0.7976,0.7607
421,chartre,0.7976,0.4450
422,posseder,0.7976,0.6975
423,perpétuité,0.7974,0.5198
424,aug,0.7973,0.6463
425,ga,0.7972,0.6313
426,ela,0.7968,0.6459
427,peri,0.7966,0.5779
428,qu'a,0.7965,0.6880
429,déposer,0.7964,0.5323
430,cle,0.7963,0.6608
431,ieux,0.7963,0.6278
432,informe,0.7960,0.5994
433,fuf,0.7957,0.7209
434,occa,0.7956,0.6110
435,plain,0.7956,0.6394
436,ferver,0.7956,0.6346
437,liberte,0.7952,0.5786
438,l'instruction,0.7952,0.5861
439,chai,0.7951,0.6075
440,vieux,0.7950,0.7796
441,courre,0.7948,0.6624
442,rous,0.7948,0.5932
443,dition,0.7947,0.6860
444,sin,0.7947,0.6282
445,sion,0.7947,0.6483
446,tiques,0.7946,0.6168
447,sauve,0.7945,0.5671
448,dicta,0.7944,0.4674
449,restez,0.7943,0.4727
450,demeu,0.7942,0.6641
451,dignement,0.7941,0.7795
452,unis,0.7941,0.4656
453,d'égard,0.7941,0.7610
454,condom,0.7940,0.5914
455,d'humeur,0.7939,0.4899
456,l'espece,0.7936,0.5746
457,droi,0.7933,0.5323
458,mnes,0.7932,0.6991
459,allier,0.7932,0.6251
460,pepin,0.7928,0.5525
461,encourage,0.7927,0.4684
462,parte,0.7925,0.6159
463,mouve,0.7925,0.6298
464,nent,0.7924,0.7309
465,velle,0.7924,0.6848
466,lion,0.7924,0.6435
467,l'indignation,0.7924,0.7452
468,formel,0.7923,0.5343
469,lif,0.7923,0.8178
470,truite,0.7922,0.6837
471,lent,0.7921,0.7863
472,miais,0.7919,0.7466
473,jui,0.7919,0.6532
474,pondre,0.7918,0.6826
475,dau,0.7917,0.5642
476,hors,0.7915,0.7741
477,saci,0.7910,0.6568
478,éga,0.7908,0.6246
479,fran,0.7907,0.7750
480,vellent,0.7905,0.5787
481,bris,0.7904,0.6799
482,tance,0.7904,0.6000
483,mm,0.7904,0.6004
484,flon,0.7903,0.6936
485,opéra,0.7901,0.5747
486,d'ajouter,0.7901,0.6614
487,tri,0.7899,0.6201
488,incon,0.7899,0.6555
489,l'oi,0.7899,0.6676
490,contin,0.7898,0.6066
491,aque,0.7898,0.5770
492,sus,0.7897,0.6330
493,vi,0.7896,0.6394
494,vail,0.7896,0.6860
495,nel,0.7895,0.6318
496,lors,0.7892,0.8379
497,iij,0.7892,0.7194
498,souve,0.7890,0.6857
499,site,0.7888,0.6687
500,cond,0.7888,0.5771
501,natu,0.7888,0.6625
502,dece,0.7887,0.6845
503,présentement,0.7885,0.7360
504,simple,0.7884,0.7371
505,pet,0.7884,0.5856
506,tâche,0.7883,0.6878
507,ntre,0.7882,0.5859
508,comi,0.7880,0.7077
509,nice,0.7878,0.5885
510,prévenus,0.7878,0.5017
511,dee,0.7878,0.6412
512,mittere,0.7877,0.5237
513,avants,0.7876,0.6348
514,regnent,0.7875,0.6900
515,luy,0.7870,0.4450
516,reaux,0.7867,0.5717
517,divi,0.7866,0.5951
518,d'in,0.7865,0.6861
519,id,0.7864,0.6306
520,tique,0.7862,0.6744
521,dins,0.7861,0.6083
522,paro,0.7861,0.5625
523,chaste,0.7861,0.5927
524,marquant,0.7859,0.6161
525,ments,0.7859,0.6359
526,lage,0.7856,0.6971
527,traitant,0.7855,0.6119
528,san,0.7852,0.6766
529,l'enceinte,0.7851,0.6522
530,recommence,0.7850,0.5446
531,peplus,0.7850,0.6807
532,duite,0.7850,0.6550
533,conmme,0.7848,0.6020
534,duire,0.7847,0.6421
535,ale,0.7847,0.6149
536,l'impossibilité,0.7845,0.6967
537,désormais,0.7844,0.6893
538,veau,0.7844,0.7299
539,majeure,0.7843,0.6155
540,gence,0.7842,0.6276
541,l'embarras,0.7841,0.7713
542,raisonnablement,0.7840,0.7557
543,blement,0.7839,0.7064
544,réglés,0.7839,0.5629
545,ters,0.7834,0.6361
546,vn,0.7833,0.6524
547,future,0.7832,0.7768
548,gueux,0.7830,0.7227
549,nois,0.7829,0.6692
550,poir,0.7829,0.5782
551,diverti,0.7827,0.6722
552,berté,0.7826,0.7249
553,paroîtra,0.7826,0.6828
554,éle,0.7824,0.6900
555,triment,0.7823,0.6484
556,sar,0.7821,0.6200
557,seu,0.7820,0.5684
558,pre,0.7818,0.7270
559,transport,0.7815,0.7225
560,pagne,0.7814,0.5951
561,hon,0.7814,0.6774
562,consi,0.7813,0.5926
563,gou,0.7813,0.6988
564,capitation,0.7812,0.5082
565,marcel,0.7810,0.5873
566,bailly,0.7809,0.5223
567,compo,0.7808,0.6425
568,d'au,0.7808,0.7387
569,apris,0.7805,0.5351
570,retenue,0.7804,0.5386
571,l'appui,0.7804,0.5735
572,sedan,0.7802,0.5940
573,van,0.7801,0.6630
574,mats,0.7800,0.6472
575,cois,0.7800,0.6087
576,queflion,0.7800,0.5184
577,penible,0.7800,0.7053
578,éta,0.7795,0.5739
579,l'ac,0.7792,0.7270
580,dv,0.7792,0.5261
581,ima,0.7791,0.6900
582,autrement,0.7791,0.8224
583,lib,0.7790,0.6217
584,fauf,0.7788,0.6947
585,voi,0.7788,0.5431
586,pouvoir,0.7786,0.6969
587,pies,0.7786,0.4872
588,consommer,0.7785,0.6553
589,obli,0.7784,0.7448
590,nient,0.7781,0.6150
591,l'emploi,0.7778,0.5353
592,za,0.7778,0.5190
593,sonne,0.7777,0.6364
594,bn,0.7777,0.6438
595,mage,0.7776,0.6684
596,trai,0.7776,0.6442
597,ordonnez,0.7773,0.5118
598,rance,0.7773,0.6633
599,usances,0.7771,0.6799
600,mylord,0.7768,0.5859
601,eul,0.7760,0.6980
602,anti,0.7756,0.6353
603,rour,0.7755,0.6899
604,bri,0.7754,0.6070
605,d'a,0.7753,0.6162
606,emi,0.7752,0.5942
607,dez,0.7748,0.6309
608,cles,0.7748,0.6309
609,d'orient,0.7748,0.6653
610,commc,0.7747,0.6938
611,suiv,0.7747,0.6545
612,person,0.7747,0.6453
613,d'ef,0.7746,0.6143
614,ruption,0.7746,0.5906
615,timons,0.7745,0.6260
616,propos,0.7745,0.7826
617,rele,0.7745,0.7026
618,fa,0.7743,0.6146
619,l'u,0.7743,0.6378
620,miers,0.7739,0.6690
621,vôtre,0.7737,0.6995
622,jugeant,0.7737,0.5488
623,d'ordre,0.7737,0.6288
624,ainli,0.7734,0.5752
625,onne,0.7733,0.6547
626,d'ex,0.7733,0.7092
627,d'inquiétude,0.7733,0.6019
628,dessein,0.7730,0.6901
629,dre,0.7729,0.6736
630,avi,0.7728,0.5981
631,entiérement,0.7725,0.5836
632,préferer,0.7722,0.6031
633,ali,0.7720,0.6397
634,lord,0.7720,0.5477
635,ser,0.7718,0.6945
636,cune,0.7717,0.6863
637,convie,0.7715,0.7191
638,lant,0.7714,0.6683
639,appellant,0.7712,0.5470
640,iais,0.7711,0.6726
641,arrière,0.7711,0.5764
642,doc,0.7711,0.5986
643,l'h,0.7710,0.6296
644,utique,0.7706,0.5867
645,comm,0.7705,0.6562
646,veille,0.7704,0.7377
647,s'engage,0.7704,0.6866
648,l'ou,0.7703,0.7372
649,pens,0.7703,0.5703
650,tra,0.7702,0.7660
651,d'avancer,0.7699,0.5704
652,pire,0.7699,0.6331
653,comn,0.7696,0.6332
654,lam,0.7694,0.5711
655,lifte,0.7692,0.6633
656,affranchis,0.7692,0.5159
657,choi,0.7689,0.6432
658,att,0.7689,0.5987
659,traitement,0.7688,0.4366
660,nme,0.7688,0.6329
661,sp,0.7684,0.5753
662,entieres,0.7679,0.7053
663,recon,0.7679,0.6626
664,rebellion,0.7674,0.5301
665,personnellement,0.7673,0.6435
666,plin,0.7673,0.6061
667,eq,0.7673,0.6140
668,dars,0.7673,0.6800
669,pals,0.7672,0.6521
670,vifs,0.7670,0.6866
671,niais,0.7667,0.6762
672,étran,0.7666,0.7125
673,cé,0.7665,0.6747
674,aujour,0.7664,0.8157
675,correction,0.7663,0.6377
676,sau,0.7659,0.7383
677,fet,0.7658,0.6056
678,contrai,0.7657,0.6702
679,régie,0.7656,0.4886
680,l'esclavage,0.7655,0.5599
681,qu'ily,0.7654,0.8089
682,qu'u,0.7653,0.5779
683,fia,0.7653,0.5471
684,commune,0.7653,0.7294
685,seindre,0.7652,0.6260
686,mercure,0.7652,0.7022
687,cier,0.7652,0.6627
688,cement,0.7651,0.6078
689,souverainement,0.7649,0.7323
690,gez,0.7647,0.6133
691,mul,0.7646,0.5937
692,d'exercice,0.7646,0.6498
693,l'hon,0.7646,0.7405
694,l'orateur,0.7646,0.5969
695,fabriquer,0.7645,0.6668
696,supprimer,0.7645,0.4781
697,sacri,0.7642,0.6297
698,aisez,0.7640,0.6540
699,ven,0.7636,0.6293
700,tariere,0.7636,0.5797
701,retardement,0.7636,0.6467
702,pal,0.7635,0.6903
703,barre,0.7635,0.6257
704,peti,0.7634,0.6333
705,quar,0.7633,0.5987
706,formant,0.7633,0.4986
707,orner,0.7632,0.5978
708,paf,0.7630,0.7255
709,pa,0.7629,0.7272
710,plit,0.7629,0.6819
711,dona,0.7629,0.5933
712,mne,0.7627,0.5978
713,plaute,0.7627,0.6197
714,var,0.7627,0.6208
715,diffi,0.7621,0.6566
716,ede,0.7620,0.5759
717,sie,0.7618,0.6058
718,mence,0.7618,0.7411
719,adoré,0.7616,0.6499
720,tion,0.7614,0.7216
721,live,0.7612,0.6311
722,régulier,0.7611,0.5123
723,charte,0.7611,0.4855
724,pié,0.7609,0.5291
725,atre,0.7609,0.5624
726,pons,0.7608,0.5977
727,tendant,0.7606,0.6046
728,dç,0.7605,0.7095
729,lais,0.7605,0.6812
730,ob,0.7604,0.6486
731,propo,0.7603,0.6000
732,scn,0.7603,0.6548
733,celi,0.7602,0.6516
734,hauts,0.7602,0.7190
735,virginie,0.7600,0.6223
736,intérieurs,0.7599,0.5791
737,l'âge,0.7598,0.7938
738,dig,0.7594,0.5315
739,touchez,0.7593,0.5037
740,d'état,0.7593,0.5954
741,tentation,0.7593,0.5685
742,diffus,0.7592,0.5972
743,fauve,0.7592,0.6025
744,necessairement,0.7592,0.5842
745,quent,0.7592,0.6191
746,refe,0.7590,0.6133
747,d'action,0.7589,0.6125
748,verges,0.7589,0.4996
749,provi,0.7588,0.6707
750,traîner,0.7587,0.6567
751,fidéle,0.7586,0.5751
752,cant,0.7585,0.6830
753,sil,0.7585,0.6222
754,quoi,0.7585,0.5694
755,demandeurs,0.7585,0.4380
756,rap,0.7582,0.6114
757,condi,0.7582,0.6296
758,paré,0.7581,0.7253
759,alle,0.7581,0.6031
760,reduits,0.7579,0.5651
761,siéme,0.7579,0.6160
762,encre,0.7577,0.6289
763,d'effet,0.7577,0.7220
764,intérieure,0.7575,0.5158
765,signa,0.7575,0.5759
766,ny,0.7575,0.5552
767,ref,0.7572,0.6584
768,lifez,0.7571,0.6544
769,éc,0.7569,0.6622
770,hector,0.7568,0.5973
771,souhait,0.7567,0.6473
772,tans,0.7567,0.6847
773,réalité,0.7567,0.4757
774,populaire,0.7567,0.5626
775,neur,0.7566,0.6661
776,titans,0.7565,0.5907
777,reconnoissances,0.7561,0.6747
778,maurice,0.7560,0.5769
779,actuelle,0.7560,0.5512
780,déformais,0.7559,0.5883
781,té,0.7559,0.5937
782,finon,0.7558,0.6350
783,tere,0.7557,0.6352
784,pare,0.7556,0.5784
785,l'agriculture,0.7556,0.5202
786,jointe,0.7556,0.6830
787,lequelles,0.7555,0.6747
788,gene,0.7554,0.6668
789,gran,0.7554,0.6885
790,ay,0.7552,0.4939
791,tranquilité,0.7551,0.6558
792,applicable,0.7551,0.4647
793,noblement,0.7550,0.6365
794,abord,0.7548,0.5446
795,pin,0.7547,0.5446
796,entier,0.7547,0.7235
797,coit,0.7545,0.6256
798,refait,0.7544,0.6689
799,tances,0.7544,0.5317
800,bli,0.7541,0.6730
801,lau,0.7541,0.6333
802,l'épreuve,0.7540,0.5469
803,notamment,0.7540,0.4685
804,d'honneurs,0.7540,0.6759
805,nmais,0.7538,0.7166
806,gie,0.7537,0.6616
807,vj,0.7537,0.7285
808,vies,0.7536,0.6775
809,imais,0.7536,0.7104
810,accoutumé,0.7536,0.6105
811,travaillant,0.7535,0.6073
812,caprice,0.7534,0.6661
813,inon,0.7534,0.7006
814,secrettement,0.7533,0.5814
815,detail,0.7533,0.5900
816,vice,0.7532,0.5893
817,exprès,0.7532,0.7619
818,infaillibles,0.7531,0.5821
819,contrefaire,0.7529,0.6721
820,l'observation,0.7528,0.5264
821,prochain,0.7526,0.7547
822,franchement,0.7526,0.7367
823,mire,0.7525,0.6460
824,judiciaire,0.7525,0.5839
825,dispo,0.7523,0.6624
826,nommez,0.7522,0.4588
827,fan,0.7519,0.6621
828,tem,0.7519,0.6523
829,ponr,0.7518,0.6861
830,franche,0.7516,0.6968
831,libertinage,0.7516,0.5189
832,parceque,0.7514,0.6192
833,refie,0.7514,0.5863
834,nota,0.7513,0.5629
835,rel,0.7513,0.6575
836,britannique,0.7512,0.5855
837,nons,0.7511,0.5686
838,franc,0.7511,0.6157
839,chant,0.7511,0.5457
840,crain,0.7508,0.5825
841,ter,0.7506,0.6716
842,cere,0.7505,0.6129
843,velles,0.7505,0.6756
844,mée,0.7504,0.6284
845,ence,0.7503,0.6139
846,seulement,0.7502,0.6403
847,ina,0.7502,0.5394
848,notables,0.7497,0.4821
849,mêmc,0.7497,0.7336
850,querir,0.7496,0.6383
851,neutre,0.7496,0.6507
852,ement,0.7495,0.6394
853,fue,0.7495,0.6123
854,rime,0.7495,0.6198
855,l'iniquité,0.7494,0.6438
856,palme,0.7493,0.5408
857,d'où,0.7493,0.7446
858,ciers,0.7492,0.6616
859,dance,0.7492,0.6349
860,vien,0.7491,0.6213
861,zemble,0.7489,0.6276
862,rout,0.7488,0.6485
863,pagine,0.7487,0.6218
864,vre,0.7487,0.7371
865,re,0.7487,0.6364
866,tierce,0.7487,0.6428
867,refuite,0.7486,0.6655
868,remede,0.7486,0.6332
869,triple,0.7485,0.5902
870,qu'o,0.7485,0.6446
871,qu'aujourd'hui,0.7484,0.6670
872,délivrance,0.7483,0.6732
873,aufl,0.7482,0.6282
874,enée,0.7482,0.6673
875,pie,0.7482,0.6322
876,mou,0.7481,0.6768
877,incertain,0.7481,0.6997
878,cré,0.7480,0.6492
879,qua,0.7478,0.6060
880,l'entreprise,0.7478,0.4964
881,confi,0.7477,0.6522
882,ménie,0.7476,0.7001
883,neurs,0.7475,0.7850
884,desa,0.7474,0.6934
885,érant,0.7474,0.7130
886,d'usage,0.7471,0.4784
887,sai,0.7471,0.4651
888,defi,0.7471,0.6534
889,vague,0.7470,0.5223
890,dej,0.7470,0.6284
891,unifie,0.7469,0.6841
892,l'événement,0.7469,0.5373
893,librement,0.7468,0.5372
894,voy,0.7468,0.6422
895,ines,0.7468,0.5834
896,secondes,0.7467,0.5273
897,ori,0.7467,0.6032
898,conférence,0.7465,0.6322
899,auli,0.7465,0.4620
900,finalement,0.7465,0.8108
901,requis,0.7464,0.6006
902,paroi,0.7464,0.6824
903,cha,0.7463,0.6660
904,champ,0.7462,0.7708
905,habi,0.7461,0.6436
906,monte,0.7460,0.4325
907,dains,0.7459,0.6224
908,fes,0.7459,0.4995
909,charpentiers,0.7458,0.5506
910,d'entreprendre,0.7458,0.6710
911,lai,0.7457,0.5948
912,mobile,0.7454,0.6295
913,dij,0.7454,0.6965
914,fu,0.7454,0.6343
915,sei,0.7451,0.6786
916,aujourd,0.7451,0.8208
917,minime,0.7451,0.5412
918,quelqu,0.7450,0.5565
919,leu,0.7449,0.6436
920,orte,0.7449,0.6289
921,oc,0.7448,0.6915
922,ferve,0.7447,0.5310
923,con,0.7446,0.6546
924,comptez,0.7445,0.6580
925,approuve,0.7445,0.4831
926,d'ap,0.7445,0.6306
927,capa,0.7444,0.6818
928,bicn,0.7443,0.6046
929,préalablement,0.7443,0.6591
930,ours,0.7442,0.5869
931,enflé,0.7440,0.6344
932,instance,0.7440,0.7167
933,remuant,0.7440,0.5119
934,avee,0.7440,0.7570
935,qu'cn,0.7439,0.6488
936,qu'afin,0.7438,0.5675
937,privation,0.7438,0.6204
938,injurieux,0.7437,0.5608
939,baille,0.7437,0.5960
940,rempart,0.7437,0.5477
941,vraies,0.7436,0.4635
942,l'ignorance,0.7436,0.5151
943,appeliez,0.7436,0.4276
944,daus,0.7435,0.7088
945,eft,0.7435,0.6052
946,ché,0.7434,0.6809
947,rete,0.7434,0.7298
948,ior,0.7434,0.5138
949,alte,0.7433,0.6200
950,roles,0.7433,0.6161
951,cde,0.7433,0.5775
952,vils,0.7432,0.4212
953,dia,0.7431,0.6188
954,s'cn,0.7430,0.6222
955,etranger,0.7428,0.6696
956,faic,0.7428,0.5760
957,écri,0.7428,0.6216
958,futur,0.7427,0.6199
959,séance,0.7427,0.6775
960,tre,0.7426,0.5871
961,ronne,0.7426,0.6089
962,premierement,0.7425,0.6380
963,ides,0.7424,0.6006
964,vivante,0.7424,0.7864
965,nostre,0.7423,0.6555
966,rite,0.7423,0.6825
967,moin,0.7422,0.6600
968,ties,0.7421,0.6490
969,l'et,0.7420,0.6623
970,pitre,0.7416,0.6525
971,jouant,0.7415,0.5596
972,dent,0.7415,0.6667
973,continence,0.7415,0.6832
974,ger,0.7414,0.7046
975,personnel,0.7413,0.4828
976,forme,0.7413,0.6799
977,l'é,0.7412,0.7610
978,utre,0.7410,0.6220
979,indépendamment,0.7407,0.4954
980,d'espace,0.7407,0.6904
981,nais,0.7407,0.7113
982,pece,0.7405,0.4768
983,rétablit,0.7405,0.6238
984,mé,0.7405,0.6916
985,songe,0.7404,0.7277
986,ès,0.7404,0.5298
987,allés,0.7404,0.5472
988,quadruple,0.7403,0.5150
989,indispensable,0.7402,0.4565
990,proses,0.7402,0.6454
991,bayes,0.7401,0.5115
992,finement,0.7401,0.6484
993,volontiers,0.7399,0.7945
994,çois,0.7399,0.6326
995,malte,0.7399,0.7099
996,chargez,0.7397,0.4860
997,nelle,0.7397,0.6669
998,vii,0.7396,0.6704
999,etc,0.7395,0.5876
1000,fac,0.7395,0.5359
1001,soli,0.7395,0.6200
1002,rets,0.7394,0.6736
1003,constamment,0.7393,0.5970
1004,stance,0.7392,0.6595
1005,guer,0.7391,0.6717
1006,vaux,0.7391,0.6346
1007,liers,0.7391,0.6265
1008,entiére,0.7390,0.5826
1009,oins,0.7390,0.6427
1010,siu,0.7389,0.6484
1011,accom,0.7389,0.6816
1012,généralité,0.7389,0.7272
1013,patris,0.7389,0.4803
1014,annonce,0.7388,0.3811
1015,dant,0.7387,0.7757
1016,d'apparence,0.7386,0.7643
1017,jusqu'où,0.7386,0.7697
1018,l'aide,0.7383,0.5467
1019,l'invention,0.7381,0.7291
1020,hu,0.7380,0.6364
1021,der,0.7380,0.7184
1022,papier,0.7379,0.6120
1023,troc,0.7379,0.5958
1024,aini,0.7378,0.6658
1025,moire,0.7377,0.6247
1026,tat,0.7376,0.5936
1027,forn,0.7375,0.6942
1028,salut,0.7374,0.4790
1029,vres,0.7372,0.6680
1030,nager,0.7371,0.6937
1031,ten,0.7370,0.6034
1032,james,0.7369,0.5667
1033,fonts,0.7368,0.6241
1034,manquant,0.7368,0.6964
1035,dp,0.7367,0.6306
1036,paya,0.7366,0.6870
1037,l'o,0.7366,0.6791
1038,run,0.7365,0.5492
1039,toire,0.7364,0.6514
1040,rne,0.7363,0.5552
1041,vivant,0.7362,0.7196
1042,dien,0.7362,0.6270
1043,tiroir,0.7362,0.6134
1044,sc,0.7361,0.7234
1045,duroit,0.7360,0.5336
1046,im,0.7360,0.6693
1047,von,0.7360,0.6675
1048,rion,0.7360,0.6748
1049,partant,0.7358,0.6022
1050,préference,0.7357,0.6107
1051,rififi,0.7356,0.6768
1052,ty,0.7355,0.5823
1053,pren,0.7353,0.7191
1054,permettons,0.7353,0.6052
1055,leure,0.7352,0.7060
1056,rée,0.7352,0.6566
1057,pitoyable,0.7351,0.7205
1058,conti,0.7350,0.7318
1059,inde,0.7350,0.4940
1060,ea,0.7349,0.5893
1061,mec,0.7349,0.6217
1062,mant,0.7349,0.6827
1063,religieuses,0.7348,0.4422
1064,lec,0.7348,0.5860
1065,ex,0.7348,0.6496
1066,sure,0.7347,0.5769
1067,trom,0.7347,0.6541
1068,doubler,0.7347,0.5521
1069,aue,0.7347,0.6668
1070,ustion,0.7347,0.5632
1071,d'abord,0.7346,0.7224
1072,ture,0.7345,0.6368
1073,marque,0.7345,0.7448
1074,ombrage,0.7345,0.7097
1075,veulement,0.7344,0.7194
1076,peutêtre,0.7344,0.6405
1077,sia,0.7344,0.5619
1078,ceque,0.7344,0.6787
1079,deces,0.7343,0.6918
1080,lée,0.7343,0.5918
1081,vic,0.7343,0.5904
1082,contagion,0.7342,0.5280
1083,po,0.7341,0.6352
1084,patte,0.7340,0.5668
1085,civilité,0.7339,0.6135
1086,d'avance,0.7339,0.5345
1087,pale,0.7338,0.7016
1088,habitant,0.7338,0.6375
1089,l'attente,0.7337,0.5794
1090,nies,0.7336,0.6718
1091,exa,0.7335,0.6211
1092,aifément,0.7334,0.5821
1093,just,0.7334,0.5217
1094,nié,0.7332,0.5654
1095,lorique,0.7332,0.7022
1096,frit,0.7332,0.6448
1097,gner,0.7332,0.6332
1098,tine,0.7332,0.6823
1099,avancez,0.7331,0.5166
1100,l'opposition,0.7330,0.4976
1101,jon,0.7329,0.6014
1102,faute,0.7329,0.7634
1103,quai,0.7328,0.5398
1104,venter,0.7328,0.6415
1105,voire,0.7328,0.7110
1106,avide,0.7328,0.5259
1107,l'oisiveté,0.7327,0.5605
1108,populo,0.7327,0.4961
1109,notable,0.7326,0.5329
1110,dée,0.7326,0.6374
1111,vince,0.7325,0.6153
1112,toui,0.7325,0.6660
1113,opposans,0.7325,0.4793
1114,lé,0.7324,0.7070
1115,gui,0.7324,0.5832
1116,revolution,0.7324,0.6027
1117,engage,0.7322,0.5970
1118,particul,0.7322,0.5627
1119,gains,0.7321,0.4600
1120,piques,0.7321,0.4696
1121,devin,0.7320,0.6691
1122,cue,0.7319,0.6262
1123,vans,0.7319,0.6026
1124,ep,0.7318,0.5704
1125,intérieurement,0.7318,0.6720
1126,esti,0.7318,0.6556
1127,oii,0.7317,0.5773
1128,lk,0.7317,0.5789
1129,d'avertir,0.7316,0.7067
1130,morte,0.7315,0.6663
1131,coutume,0.7315,0.6972
1132,tien,0.7312,0.6305
1133,nombre,0.7311,0.7514
1134,remarquez,0.7310,0.7055
1135,nir,0.7310,0.6241
1136,possibilité,0.7310,0.5034
1137,l'opinion,0.7309,0.5822
1138,bref,0.7308,0.7141
1139,t'on,0.7308,0.6193
1140,pan,0.7308,0.6553
1141,confiant,0.7307,0.5153
1142,xv,0.7307,0.6767
1143,rir,0.7307,0.5842
1144,censé,0.7307,0.7280
1145,consequent,0.7306,0.6826
1146,commit,0.7306,0.5601
1147,elie,0.7305,0.6075
1148,sns,0.7305,0.6793
1149,l'industrie,0.7303,0.5033
1150,consideration,0.7303,0.6534
1151,souf,0.7303,0.6675
1152,api,0.7301,0.5588
1153,scul,0.7300,0.6185
1154,civile,0.7300,0.5551
1155,pcu,0.7300,0.5860
1156,ati,0.7299,0.5538
1157,d'accord,0.7299,0.6319
1158,pers,0.7297,0.7147
1159,fors,0.7296,0.5879
1160,virement,0.7296,0.5960
1161,dra,0.7295,0.6112
1162,l'affection,0.7294,0.5334
1163,fez,0.7294,0.6861
1164,ett,0.7293,0.5416
1165,partager,0.7293,0.7229
1166,indignement,0.7292,0.5550
1167,l'ancien,0.7292,0.6787
1168,ains,0.7292,0.6053
1169,pea,0.7291,0.6424
1170,corneille,0.7290,0.5450
1171,foie,0.7287,0.5553
1172,nn,0.7287,0.5644
1173,iv,0.7287,0.6624
1174,vantes,0.7286,0.5487
1175,mante,0.7286,0.6716
1176,desordre,0.7286,0.6446
1177,seint,0.7283,0.5072
1178,poli,0.7282,0.6883
1179,rôt,0.7282,0.4767
1180,séparément,0.7281,0.7321
1181,tde,0.7281,0.5594
1182,parvenus,0.7281,0.4400
1183,oint,0.7280,0.5785
1184,lan,0.7280,0.6752
1185,qu'ailleurs,0.7280,0.6440
1186,successivement,0.7279,0.4962
1187,l'accomplissement,0.7279,0.5747
1188,usa,0.7279,0.6056
1189,tiares,0.7278,0.5461
1190,res,0.7276,0.6093
1191,cul,0.7276,0.6620
1192,l'af,0.7275,0.6464
1193,cam,0.7274,0.6232
1194,l'excellence,0.7273,0.4975
1195,d'agir,0.7272,0.6958
1196,magis,0.7271,0.5152
1197,assemblé,0.7270,0.6421
1198,plaider,0.7268,0.7261
1199,unanime,0.7266,0.7503
1200,dres,0.7265,0.6246
1201,q'il,0.7264,0.5715
1202,raille,0.7262,0.6725
1203,d'é,0.7261,0.6793
1204,julte,0.7260,0.5771
1205,d'utrecht,0.7260,0.5234
1206,deli,0.7260,0.6548
1207,totale,0.7259,0.6646
1208,trême,0.7259,0.6676
1209,fare,0.7259,0.7026
1210,vée,0.7258,0.6411
1211,s'exposer,0.7257,0.5790
1212,finance,0.7255,0.6674
1213,rable,0.7254,0.6309
1214,signal,0.7254,0.6745
1215,rieux,0.7254,0.6972
1216,filant,0.7254,0.6218
1217,perpétuel,0.7254,0.5819
1218,convention,0.7253,0.4580
1219,poussions,0.7252,0.4916
1220,sta,0.7252,0.6123
1221,bres,0.7252,0.6064
1222,sto,0.7252,0.5886
1223,ique,0.7251,0.5864
1224,suspendre,0.7251,0.4817
1225,niers,0.7251,0.6026
1226,importune,0.7250,0.6376
1227,frt,0.7250,0.5845
1228,contrefaits,0.7246,0.5412
1229,pn,0.7244,0.6192
1230,succede,0.7243,0.4793
1231,quit,0.7243,0.6401
1232,crée,0.7243,0.5719
1233,péri,0.7243,0.5747
1234,fai,0.7242,0.5423
1235,montez,0.7242,0.5561
1236,sol,0.7242,0.6154
1237,néglige,0.7241,0.6202
1238,cen,0.7241,0.5771
1239,prescription,0.7241,0.7165
1240,royal,0.7240,0.5792
1241,regler,0.7240,0.6747
1242,roide,0.7239,0.5649
1243,croissant,0.7239,0.5154
1244,sn,0.7238,0.5205
1245,qu'ici,0.7238,0.5725
1246,plaie,0.7237,0.4794
1247,autrui,0.7236,0.5669
1248,enfuirez,0.7234,0.6175
1249,civil,0.7234,0.6347
1250,licence,0.7234,0.4931
1251,ejl,0.7234,0.5555
1252,l'ordre,0.7233,0.5910
1253,mi,0.7232,0.5929
1254,jf,0.7232,0.5558
1255,propres,0.7232,0.6865
1256,ab,0.7232,0.6485
1257,qae,0.7231,0.6254
1258,ien,0.7231,0.5582
1259,faste,0.7230,0.5147
1260,cloches,0.7230,0.4992
1261,tir,0.7229,0.6121
1262,sep,0.7228,0.5422
1263,c'ei,0.7227,0.6196
1264,s'arrêter,0.7227,0.6294
1265,cane,0.7225,0.6097
1266,mrs,0.7224,0.5118
1267,judice,0.7223,0.5493
1268,eff,0.7222,0.5683
1269,occupez,0.7221,0.4340
1270,reli,0.7221,0.6505
1271,dou,0.7221,0.5920
1272,cie,0.7221,0.5900
1273,fui,0.7220,0.6786
1274,tatien,0.7220,0.6711
1275,regner,0.7220,0.6821
1276,pic,0.7219,0.5480
1277,noi,0.7219,0.5573
1278,ci,0.7218,0.6659
1279,forte,0.7215,0.6890
1280,regar,0.7215,0.6499
1281,quoiqu,0.7214,0.5637
1282,plaisance,0.7213,0.6109
1283,dem,0.7213,0.5368
1284,d'ai,0.7213,0.6262
1285,prémier,0.7212,0.5832
1286,fauter,0.7212,0.5523
1287,l'abondance,0.7211,0.6463
1288,celt,0.7210,0.7329
1289,mérites,0.7210,0.6476
1290,entrera,0.7210,0.7277
1291,temoins,0.7208,0.6935
1292,l'as,0.7208,0.4656
1293,fà,0.7207,0.6651
1294,perit,0.7206,0.6093
1295,xil,0.7206,0.6772
1296,fontenelle,0.7205,0.4824
1297,roir,0.7205,0.5955
1298,com,0.7204,0.6395
1299,e'e,0.7203,0.6177
1300,ieur,0.7202,0.6201
1301,fermez,0.7201,0.5787
1302,passés,0.7201,0.6591
1303,gneur,0.7199,0.6628
1304,pote,0.7196,0.6032
1305,ifs,0.7196,0.5908
1306,excepte,0.7196,0.6594
1307,emp,0.7196,0.6739
1308,ver,0.7194,0.6782
1309,dns,0.7193,0.5768
1310,hau,0.7192,0.6293
1311,justement,0.7190,0.5978
1312,boue,0.7190,0.4932
1313,sance,0.7188,0.6496
1314,vire,0.7188,0.6500
1315,l'ouverture,0.7188,0.6356
1316,tacher,0.7188,0.7701
1317,delivrer,0.7186,0.5938
1318,publie,0.7186,0.6840
1319,navale,0.7186,0.6583
1320,considération,0.7186,0.4059
1321,ee,0.7185,0.5850
1322,moral,0.7185,0.5403
1323,cotte,0.7185,0.5942
1324,indifférente,0.7184,0.7054
1325,tus,0.7182,0.5681
1326,l's,0.7181,0.5765
1327,dea,0.7181,0.5764
1328,soufle,0.7181,0.6453
1329,souveraines,0.7180,0.7597
1330,désirer,0.7179,0.6525
1331,tié,0.7179,0.6158
1332,laborieux,0.7177,0.4424
1333,continu,0.7176,0.6733
1334,vaquer,0.7175,0.6526
1335,revenons,0.7175,0.6740
1336,mez,0.7173,0.5735
1337,sce,0.7170,0.5798
1338,insensé,0.7170,0.6351
1339,réponde,0.7170,0.6589
1340,enr,0.7170,0.5958
1341,porteurs,0.7170,0.6418
1342,l'avertir,0.7169,0.6445
1343,gâté,0.7169,0.6440
1344,pius,0.7168,0.5973
1345,comr,0.7168,0.6634
1346,extremement,0.7168,0.7164
1347,séparé,0.7168,0.7692
1348,reau,0.7167,0.6467
1349,vaines,0.7166,0.5461
1350,réellement,0.7165,0.4959
1351,duel,0.7165,0.5670
1352,propre,0.7165,0.6227
1353,caille,0.7165,0.6163
1354,rep,0.7164,0.6800
1355,ba,0.7164,0.6094
1356,dice,0.7163,0.6223
1357,nombreuse,0.7163,0.6997
1358,ticle,0.7163,0.6076
1359,loire,0.7162,0.5220
1360,milliers,0.7162,0.6747
1361,sain,0.7161,0.7501
1362,condamnez,0.7160,0.3991
1363,pore,0.7160,0.6004
1364,l'état,0.7159,0.4783
1365,sul,0.7159,0.6371
1366,uand,0.7157,0.6327
1367,l'étranger,0.7154,0.7565
1368,ral,0.7154,0.6283
1369,borne,0.7153,0.4864
1370,memoire,0.7152,0.4990
1371,spe,0.7152,0.6367
1372,l'oblige,0.7152,0.5878
1373,bassesse,0.7150,0.4417
1374,opposez,0.7149,0.4515
1375,s'ouvrir,0.7148,0.6093
1376,cequi,0.7147,0.7157
1377,bil,0.7147,0.6054
1378,rame,0.7147,0.6116
1379,tendus,0.7147,0.5788
1380,fore,0.7146,0.5635
1381,nouvel,0.7146,0.7505
1382,coi,0.7146,0.5532
1383,ordon,0.7144,0.6209
1384,armés,0.7144,0.7075
1385,combattant,0.7143,0.7305
1386,mourant,0.7143,0.6900
1387,ava,0.7141,0.6025
1388,d'o,0.7141,0.6116
1389,laif,0.7140,0.6298
1390,dru,0.7140,0.6895
1391,penses,0.7138,0.5840
1392,pra,0.7136,0.6145
1393,co,0.7135,0.5422
1394,felle,0.7135,0.6650
1395,nu,0.7134,0.6329
1396,parles,0.7133,0.5588
1397,ecf,0.7133,0.6187
1398,actuellement,0.7133,0.5558
1399,dam,0.7133,0.5902
1400,solidité,0.7132,0.4501
1401,parvint,0.7132,0.3892
1402,lité,0.7131,0.6546
1403,puiffance,0.7131,0.4367
1404,quittes,0.7130,0.4828
1405,l'éloquence,0.7129,0.4893
1406,étroitement,0.7129,0.6257
1407,imp,0.7129,0.6606
1408,cv,0.7128,0.5880
1409,ctl,0.7127,0.5777
1410,universel,0.7126,0.7351
1411,l'emporte,0.7126,0.5567
1412,gre,0.7125,0.6410
1413,iere,0.7125,0.5773
1414,sacré,0.7123,0.6156
1415,moitié,0.7123,0.6573
1416,louis,0.7123,0.6697
1417,dif,0.7123,0.6203
1418,muet,0.7121,0.5904
1419,l'ecole,0.7121,0.6045
1420,saisir,0.7121,0.5624
1421,pri,0.7121,0.5970
1422,reculer,0.7118,0.6205
1423,acre,0.7117,0.5108
1424,succés,0.7117,0.7743
1425,new,0.7116,0.4734
1426,île,0.7116,0.4673
1427,mun,0.7116,0.6979
1428,tile,0.7115,0.6589
1429,noit,0.7114,0.7325
1430,troit,0.7113,0.6419
1431,ze,0.7111,0.5720
1432,ise,0.7110,0.5356
1433,ap,0.7109,0.5844
1434,pres,0.7109,0.6852
1435,juil,0.7108,0.5627
1436,ote,0.7107,0.6186
1437,surplus,0.7107,0.6920
1438,convertis,0.7107,0.5105
1439,ravoir,0.7106,0.7127
1440,royaux,0.7105,0.6023
1441,ménage,0.7105,0.7319
1442,qu'aux,0.7104,0.7552
1443,paternelle,0.7103,0.6532
1444,prompt,0.7102,0.6852
1445,aris,0.7102,0.5777
1446,royauté,0.7102,0.6411
1447,fé,0.7102,0.7242
1448,quin,0.7102,0.5588
1449,gratuitement,0.7101,0.5459
1450,cont,0.7101,0.5710
1451,taire,0.7101,0.6931
1452,spécialement,0.7100,0.6233
1453,este,0.7099,0.5935
1454,l'oeuvre,0.7099,0.6291
1455,vera,0.7099,0.5999
1456,mesurer,0.7099,0.6658
1457,jufle,0.7099,0.5595
1458,commis,0.7098,0.6280
1459,men,0.7098,0.6383
1460,souhaiter,0.7098,0.7024
1461,attraper,0.7097,0.6441
1462,puif,0.7097,0.5512
1463,liii,0.7095,0.6186
1464,pel,0.7094,0.5853
1465,reparer,0.7094,0.6686
1466,nan,0.7093,0.7094
1467,dits,0.7093,0.4842
1468,requiert,0.7092,0.7551
1469,civilement,0.7092,0.6262
1470,uit,0.7092,0.5174
1471,certes,0.7091,0.6285
1472,particulier,0.7091,0.7000
1473,proprement,0.7091,0.7587
1474,pollion,0.7090,0.6894
1475,vitaux,0.7090,0.6513
1476,seconds,0.7089,0.5529
1477,cm,0.7089,0.5422
1478,experts,0.7088,0.7033
1479,paisiblement,0.7088,0.5429
1480,pans,0.7088,0.5534
1481,faussement,0.7087,0.5937
1482,hommage,0.7087,0.6128
1483,l'avant,0.7087,0.5521
1484,l'ar,0.7086,0.7077
1485,services,0.7085,0.5101
1486,prologue,0.7085,0.5763
1487,malin,0.7084,0.6428
1488,l'éloignement,0.7084,0.5981
1489,sd,0.7083,0.5454
1490,infailliblement,0.7083,0.5396
1491,dort,0.7082,0.6941
1492,af,0.7082,0.6532
1493,cele,0.7081,0.6732
1494,av,0.7081,0.6267
1495,villers,0.7080,0.5438
1496,particuliérement,0.7078,0.6503
1497,real,0.7078,0.5761
1498,mariés,0.7077,0.7026
1499,d'impression,0.7074,0.4868
1500,tou,0.7074,0.6150
1501,eti,0.7073,0.5578
1502,paier,0.7073,0.5213
1503,pg,0.7070,0.6403
1504,forum,0.7069,0.4421
1505,retrait,0.7069,0.6206
1506,d'emprunter,0.7069,0.7031
1507,l'injure,0.7068,0.5522
1508,sangla,0.7068,0.6278
1509,ca,0.7067,0.6498
1510,souris,0.7067,0.5734
1511,relevé,0.7067,0.5109
1512,riers,0.7067,0.5803
1513,crit,0.7067,0.5075
1514,tune,0.7066,0.5681
1515,muni,0.7066,0.7029
1516,tée,0.7065,0.6399
1517,cite,0.7065,0.5155
1518,pier,0.7063,0.6358
1519,caufe,0.7063,0.6053
1520,ronces,0.7063,0.5384
1521,deman,0.7062,0.5821
1522,rebut,0.7062,0.6299
1523,hardiment,0.7062,0.5701
1524,tés,0.7062,0.6370
1525,repose,0.7061,0.6093
1526,atteinte,0.7061,0.4605
1527,cç,0.7060,0.6914
1528,lere,0.7060,0.6614
1529,ceil,0.7059,0.5162
1530,corrompue,0.7059,0.5140
1531,guet,0.7058,0.7327
1532,ligion,0.7058,0.6415
1533,adi,0.7058,0.5819
1534,l'habitude,0.7058,0.5003
1535,tier,0.7057,0.6185
1536,entiers,0.7056,0.7433
1537,sterling,0.7056,0.6240
1538,parenté,0.7055,0.7595
1539,saine,0.7054,0.5993
1540,consistance,0.7054,0.6066
1541,clans,0.7054,0.7053
1542,gg,0.7053,0.6695
1543,deu,0.7052,0.5993
1544,monseigneur,0.7052,0.4752
1545,d'agrément,0.7052,0.5203
1546,solidement,0.7052,0.5425
1547,od,0.7051,0.5833
1548,concession,0.7051,0.5580
1549,extérieure,0.7049,0.5048
1550,réels,0.7048,0.6142
1551,dol,0.7047,0.6166
1552,pol,0.7046,0.5773
1553,item,0.7046,0.5991
1554,isa,0.7045,0.5657
1555,nion,0.7044,0.6127
1556,sermon,0.7044,0.6754
1557,idem,0.7044,0.6220
1558,jul,0.7044,0.6077
1559,manifestement,0.7044,0.5825
1560,offres,0.7043,0.5659
1561,vement,0.7043,0.6472
1562,ià,0.7042,0.6610
1563,separe,0.7041,0.5982
1564,culier,0.7041,0.6911
1565,publi,0.7041,0.6280
1566,fiir,0.7041,0.6091
1567,euf,0.7039,0.7304
1568,sceau,0.7038,0.5588
1569,complet,0.7038,0.6686
1570,calice,0.7038,0.5845
1571,asi,0.7037,0.5656
1572,tor,0.7037,0.6131
1573,ve,0.7036,0.6303
1574,igne,0.7036,0.5346
1575,iris,0.7036,0.5641
1576,nonobstant,0.7035,0.5066
1577,fas,0.7034,0.5674
1578,l'ouvrage,0.7034,0.7151
1579,bayle,0.7034,0.5064
1580,mme,0.7032,0.6075
1581,div,0.7031,0.6018
1582,peste,0.7030,0.4493
1583,ain,0.7029,0.5762
1584,youtre,0.7029,0.6962
1585,réunis,0.7028,0.4602
1586,nov,0.7027,0.5890
1587,ats,0.7026,0.5024
1588,pace,0.7025,0.5388
1589,tailles,0.7025,0.5661
1590,avantageusement,0.7024,0.4948
1591,xxv,0.7023,0.6527
1592,fontes,0.7023,0.5473
1593,lavoir,0.7023,0.7428
1594,l'élévation,0.7023,0.6162
1595,ciment,0.7022,0.5411
1596,s'enfuir,0.7021,0.5263
1597,exposé,0.7020,0.6595
1598,liant,0.7019,0.6558
1599,bis,0.7018,0.6016
1600,table,0.7017,0.6964
1601,majeur,0.7017,0.5845
1602,commettre,0.7015,0.6110
1603,lea,0.7014,0.5882
1604,quils,0.7013,0.6528
1605,négociation,0.7012,0.6630
1606,devenant,0.7012,0.5448
1607,canaille,0.7012,0.5297
1608,lae,0.7011,0.5633
1609,faires,0.7011,0.5802
1610,val,0.7010,0.6222
1611,potier,0.7009,0.6622
1612,présens,0.7009,0.6818
1613,cor,0.7007,0.6471
1614,vuides,0.7007,0.5124
1615,lad,0.7005,0.5273
1616,d'attaquer,0.7005,0.6086
1617,témoin,0.7005,0.7547
1618,london,0.7004,0.4575
1619,fig,0.7004,0.5651
1620,intérieur,0.7004,0.5574
1621,rôle,0.7004,0.5913
1622,lat,0.7003,0.6719
1623,flatterie,0.7003,0.5249
1624,din,0.7003,0.5827
1625,mre,0.7001,0.6483
1626,douteux,0.7000,0.7114
1627,lier,0.7000,0.7366
1628,voyager,0.7000,0.6381
1629,forcez,0.6999,0.3938
1630,inscriptions,0.6999,0.5398
1631,trancher,0.6998,0.7145
1632,xlix,0.6998,0.7440
1633,exposant,0.6998,0.4772
1634,lins,0.6996,0.5834
1635,cou,0.6996,0.5841
1636,roidir,0.6996,0.5365
1637,possession,0.6995,0.7083
1638,répon,0.6994,0.5395
1639,composition,0.6994,0.6673
1640,d'avignon,0.6993,0.5579
1641,autr,0.6992,0.5965
1642,purger,0.6992,0.5892
1643,qué,0.6991,0.6632
1644,lave,0.6991,0.4154
1645,aure,0.6991,0.6018
1646,ier,0.6991,0.5004
1647,dote,0.6991,0.6534
1648,fiction,0.6991,0.5283
1649,nit,0.6991,0.5857
1650,ms,0.6990,0.6312
1651,gra,0.6989,0.5763
1652,plufieurs,0.6989,0.5701
1653,tice,0.6988,0.5679
1654,bailler,0.6987,0.4650
1655,consequence,0.6987,0.7017
1656,fouiller,0.6987,0.6112
1657,outrée,0.6987,0.6457
1658,pai,0.6987,0.5888
1659,vid,0.6987,0.6746
1660,nou,0.6985,0.7568
1661,clergé,0.6985,0.6827
1662,frai,0.6985,0.6936
1663,i's,0.6984,0.5132
1664,louable,0.6984,0.6411
1665,unt,0.6983,0.6080
1666,miens,0.6982,0.6715
1667,noble,0.6982,0.6058
1668,soigneusement,0.6982,0.5806
1669,retablir,0.6981,0.6431
1670,revolte,0.6981,0.5608
1671,elr,0.6981,0.6116
1672,chretien,0.6980,0.6355
1673,s'a,0.6979,0.6096
1674,cid,0.6979,0.6337
1675,boucher,0.6979,0.5112
1676,traite,0.6979,0.6549
1677,teneur,0.6978,0.6846
1678,onc,0.6977,0.6161
1679,reux,0.6977,0.7528
1680,entièrement,0.6976,0.5464
1681,plier,0.6976,0.7012
1682,intimes,0.6974,0.7165
1683,mmes,0.6973,0.5901
1684,scu,0.6973,0.6112
1685,tcr,0.6972,0.5247
1686,xlvi,0.6972,0.6949
1687,far,0.6971,0.6694
1688,plai,0.6971,0.6263
1689,l'aumône,0.6970,0.7046
1690,coumme,0.6970,0.6269
1691,baisser,0.6968,0.6474
1692,valere,0.6967,0.5366
1693,ensemble,0.6966,0.6930
1694,plu,0.6966,0.6644
1695,lutte,0.6966,0.6006
1696,s'entend,0.6966,0.6127
1697,ibit,0.6966,0.6195
1698,l'estime,0.6965,0.4743
1699,caché,0.6965,0.6264
1700,pes,0.6965,0.6379
1701,aire,0.6964,0.5971
1702,tun,0.6964,0.5878
1703,malis,0.6963,0.4086
1704,nai,0.6963,0.5536
1705,l'évidence,0.6963,0.5608
1706,jé,0.6962,0.5919
1707,merce,0.6962,0.5626
1708,peuple,0.6962,0.6370
1709,ài,0.6962,0.5348
1710,dépôt,0.6961,0.7041
1711,polis,0.6961,0.5769
1712,dà,0.6961,0.6320
1713,trempe,0.6960,0.6777
1714,kk,0.6960,0.6972
1715,mouvoir,0.6959,0.6102
1716,qus,0.6959,0.5756
1717,confolation,0.6959,0.6590
1718,nef,0.6958,0.5615
1719,tales,0.6957,0.4986
1720,mar,0.6957,0.6780
1721,ele,0.6956,0.5718
1722,leau,0.6956,0.5792
1723,bour,0.6956,0.5877
1724,dte,0.6955,0.5472
1725,ployer,0.6954,0.6212
1726,ice,0.6954,0.5270
1727,novi,0.6954,0.4562
1728,gardés,0.6953,0.5363
1729,domi,0.6953,0.5115
1730,verbal,0.6952,0.5230
1731,meil,0.6952,0.5609
1732,flr,0.6951,0.5979
1733,fiel,0.6951,0.5472
1734,extraordinaires,0.6951,0.6730
1735,supplians,0.6950,0.4885
1736,genre,0.6949,0.6935
1737,join,0.6949,0.5853
1738,mad,0.6948,0.5944
1739,tomme,0.6948,0.7127
1740,sca,0.6945,0.6438
1741,ge,0.6945,0.6454
1742,dts,0.6944,0.5691
1743,inquit,0.6944,0.4309
1744,penchant,0.6943,0.6381
1745,omettre,0.6942,0.6345
1746,contraire,0.6941,0.7188
1747,s'i,0.6941,0.6209
1748,l'acceptation,0.6940,0.5960
1749,respirer,0.6940,0.6559
1750,suisse,0.6939,0.5636
1751,arrangement,0.6938,0.5568
1752,accomplis,0.6938,0.7029
1753,lia,0.6938,0.5638
1754,différemment,0.6937,0.5830
1755,l'imitation,0.6936,0.5731
1756,vernis,0.6936,0.4827
1757,militaires,0.6936,0.6888
1758,mont,0.6936,0.6367
1759,ua,0.6935,0.5443
1760,volontairement,0.6935,0.5392
1761,horn,0.6935,0.6935
1762,commen,0.6934,0.6416
1763,honnêtement,0.6933,0.5931
1764,pouir,0.6933,0.5482
1765,frappant,0.6933,0.6773
1766,regretter,0.6932,0.6657
1767,rés,0.6932,0.6500
1768,pat,0.6932,0.7005
1769,mées,0.6931,0.5774
1770,sujet,0.6931,0.6780
1771,ara,0.6930,0.5196
1772,dissolution,0.6930,0.5089
1773,law,0.6929,0.5124
1774,lyre,0.6929,0.6245
1775,parfaire,0.6929,0.6738
1776,foui,0.6927,0.6660
1777,volontaire,0.6926,0.5567
1778,hl,0.6926,0.5312
1779,d'arrêter,0.6926,0.4998
1780,corporelle,0.6924,0.6283
1781,s'observe,0.6924,0.5358
1782,puisqu'on,0.6923,0.6881
1783,enten,0.6923,0.6045
1784,auri,0.6923,0.4642
1785,bran,0.6921,0.6033
1786,aul,0.6921,0.6583
1787,quon,0.6921,0.6294
1788,populaires,0.6919,0.5359
1789,rêve,0.6919,0.4303
1790,quint,0.6919,0.7806
1791,d'ordonner,0.6919,0.6221
1792,eta,0.6918,0.6000
1793,fj,0.6917,0.4852
1794,net,0.6917,0.5737
1795,librairie,0.6915,0.6644
1796,mf,0.6915,0.6388
1797,ran,0.6915,0.6045
1798,tiers,0.6914,0.5351
1799,entiere,0.6913,0.6345
1800,l'espace,0.6912,0.7404
1801,rat,0.6912,0.5749
1802,confus,0.6912,0.7023
1803,paroisse,0.6911,0.7595
1804,comite,0.6911,0.6790
1805,reformer,0.6911,0.7757
1806,truffe,0.6911,0.5496
1807,oà,0.6910,0.6678
1808,mie,0.6909,0.5962
1809,honorables,0.6908,0.6262
1810,ales,0.6908,0.5816
1811,représentant,0.6908,0.5385
1812,s'exprimer,0.6908,0.6156
1813,fx,0.6907,0.5849
1814,diacre,0.6907,0.5494
1815,caufa,0.6907,0.4122
1816,fic,0.6907,0.5145
1817,ime,0.6906,0.6008
1818,puisqu,0.6906,0.6648
1819,vui,0.6905,0.6378
1820,campa,0.6905,0.5880
1821,ber,0.6904,0.6383
1822,pia,0.6904,0.4748
1823,dat,0.6904,0.5729
1824,cure,0.6903,0.6358
1825,bru,0.6903,0.6356
1826,offre,0.6903,0.6645
1827,prs,0.6903,0.5492
1828,ades,0.6903,0.4938
1829,disse,0.6901,0.6197
1830,rappeller,0.6901,0.4009
1831,pafle,0.6900,0.6571
1832,distribué,0.6899,0.6197
1833,exe,0.6898,0.6005
1834,fart,0.6898,0.7351
1835,saisons,0.6897,0.5600
1836,dtu,0.6897,0.5284
1837,teinture,0.6897,0.5811
1838,impatient,0.6896,0.6075
1839,mouvans,0.6896,0.5419
1840,tis,0.6895,0.4748
1841,d'etre,0.6895,0.5775
1842,gallus,0.6895,0.5147
1843,lite,0.6894,0.5989
1844,conm,0.6894,0.6228
1845,l'i,0.6893,0.6324
1846,dri,0.6892,0.5317
1847,changez,0.6892,0.5633
1848,gratis,0.6892,0.5514
1849,dépeint,0.6890,0.5871
1850,nouveaux,0.6889,0.6812
1851,multiplie,0.6889,0.6088
1852,d'ouvrage,0.6887,0.5683
1853,çe,0.6887,0.6845
1854,qualité,0.6886,0.6559
1855,fû,0.6886,0.5872
1856,vile,0.6886,0.5500
1857,ordinaire,0.6885,0.7243
1858,exempte,0.6885,0.5630
1859,time,0.6883,0.5508
1860,diffe,0.6883,0.6402
1861,lis,0.6882,0.6258
1862,char,0.6882,0.6102
1863,sue,0.6880,0.6924
1864,memes,0.6879,0.5184
1865,code,0.6879,0.4350
1866,desus,0.6879,0.5450
1867,jets,0.6878,0.5753
1868,d'habits,0.6878,0.6963
1869,d'obliger,0.6877,0.6868
1870,d'amis,0.6876,0.6762
1871,ecs,0.6876,0.5662
1872,da,0.6875,0.6076
1873,orne,0.6875,0.5542
1874,jd,0.6875,0.5072
1875,peupler,0.6875,0.6639
1876,tabac,0.6875,0.5941
1877,contredits,0.6875,0.4816
1878,nv,0.6875,0.5536
1879,d'autriche,0.6874,0.6664
1880,ardens,0.6874,0.5371
1881,combien,0.6874,0.6596
1882,inévitable,0.6874,0.6887
1883,pardessus,0.6873,0.5822
1884,françoise,0.6873,0.5054
1885,rine,0.6872,0.5485
1886,dd,0.6871,0.6348
1887,extra,0.6870,0.5655
1888,maturité,0.6869,0.7048
1889,len,0.6869,0.5936
1890,lest,0.6868,0.7053
1891,fuit,0.6868,0.4195
1892,iii,0.6866,0.6084
1893,mani,0.6866,0.6758
1894,ité,0.6865,0.5980
1895,sy,0.6865,0.7077
1896,payen,0.6864,0.6968
1897,contredire,0.6864,0.5118
1898,eur,0.6863,0.6205
1899,ala,0.6863,0.6419
1900,pavillon,0.6863,0.6607
1901,commercial,0.6863,0.4344
1902,nouveau,0.6861,0.6688
1903,aujourd'hui,0.6859,0.5125
1904,tures,0.6859,0.5615
1905,dcc,0.6859,0.4482
1906,post,0.6859,0.4846
1907,nier,0.6858,0.6868
1908,ressort,0.6857,0.7166
1909,obvier,0.6857,0.5821
1910,bie,0.6857,0.6111
1911,assurer,0.6857,0.6129
1912,tois,0.6856,0.5251
1913,omis,0.6856,0.5666
1914,opi,0.6856,0.6115
1915,scrupuleux,0.6856,0.6897
1916,ges,0.6855,0.6445
1917,marc,0.6854,0.6966
1918,reserve,0.6854,0.6297
1919,ere,0.6854,0.5946
1920,xi,0.6853,0.6446
1921,col,0.6853,0.5548
1922,d'expliquer,0.6853,0.5999
1923,d'e,0.6852,0.5940
1924,l'admiration,0.6852,0.5133
1925,oreille,0.6851,0.6104
1926,proye,0.6851,0.4553
1927,l'injustice,0.6851,0.4885
1928,lien,0.6851,0.4926
1929,leo,0.6849,0.5507
1930,verge,0.6849,0.4974
1931,anr,0.6848,0.5361
1932,liber,0.6848,0.6135
1933,finances,0.6847,0.5713
1934,ha,0.6845,0.6762
1935,distin,0.6844,0.6333
1936,vier,0.6841,0.5891
1937,rte,0.6841,0.5384
1938,refuge,0.6839,0.5898
1939,ves,0.6839,0.6550
1940,ple,0.6839,0.5353
1941,d'appeller,0.6838,0.5517
1942,loir,0.6836,0.6650
1943,nne,0.6835,0.5791
1944,facilite,0.6835,0.5174
1945,gardien,0.6835,0.6856
1946,tera,0.6834,0.6025
1947,secrete,0.6834,0.5898
1948,d'empêcher,0.6834,0.7275
1949,ka,0.6834,0.5573
1950,lavé,0.6834,0.6236
1951,inconnue,0.6833,0.7153
1952,institution,0.6833,0.3817
1953,directe,0.6833,0.5655
1954,consistent,0.6833,0.5945
1955,tirés,0.6833,0.5292
1956,détour,0.6832,0.6197
1957,vant,0.6832,0.6319
1958,accord,0.6832,0.5981
1959,j'appelle,0.6832,0.5835
1960,s'enrichir,0.6831,0.5084
1961,fois,0.6831,0.6489
1962,pe,0.6831,0.6674
1963,j'entre,0.6831,0.5604
1964,chi,0.6831,0.6477
1965,uie,0.6830,0.6141
1966,subir,0.6829,0.4332
1967,découverts,0.6829,0.4976
1968,lh,0.6829,0.5923
1969,dg,0.6829,0.6390
1970,vaille,0.6828,0.4854
1971,relâche,0.6828,0.5150
1972,imaginaire,0.6828,0.5650
1973,estoit,0.6828,0.4440
1974,vicieux,0.6827,0.5323
1975,peine,0.6827,0.6518
1976,l'étonnement,0.6827,0.6844
1977,premièrement,0.6827,0.6307
1978,coure,0.6827,0.6720
1979,crue,0.6826,0.5674
1980,tont,0.6826,0.5831
1981,domination,0.6825,0.6108
1982,suffisamment,0.6825,0.7418
1983,flux,0.6824,0.5934
1984,l'e,0.6823,0.6330
1985,presse,0.6823,0.4284
1986,nim,0.6823,0.5390
1987,seine,0.6822,0.5061
1988,malins,0.6822,0.5656
1989,ees,0.6822,0.6392
1990,prise,0.6820,0.6897
1991,dogme,0.6820,0.6541
1992,clement,0.6820,0.5542
1993,fervant,0.6820,0.5556
1994,miserable,0.6819,0.6495
1995,baiser,0.6819,0.6588
1996,sui,0.6818,0.6730
1997,deflus,0.6818,0.5815
1998,solides,0.6818,0.6287
1999,faillir,0.6817,0.6479
2000,contr,0.6817,0.5629
2001,convoi,0.6817,0.7367
2002,l'esclave,0.6816,0.5737
2003,chaffer,0.6816,0.5201
2004,ac,0.6815,0.6582
2005,jr,0.6815,0.4708
2006,vilité,0.6815,0.6288
2007,rer,0.6815,0.5784
2008,accommoder,0.6815,0.6589
2009,oie,0.6815,0.5699
2010,d'hiver,0.6814,0.6335
2011,touchés,0.6814,0.4989
2012,sentinelle,0.6814,0.4941
2013,qni,0.6814,0.6105
2014,gouverne,0.6813,0.5288
2015,rti,0.6813,0.4803
2016,multi,0.6813,0.5364
2017,satan,0.6812,0.5778
2018,quer,0.6812,0.5975
2019,soulage,0.6812,0.6070
2020,ouis,0.6811,0.4424
2021,avertissement,0.6810,0.5751
2022,veiller,0.6810,0.6961
2023,fondez,0.6809,0.4880
2024,d'importance,0.6809,0.7025
2025,arriere,0.6809,0.5686
2026,antiquité,0.6809,0.4559
2027,redire,0.6808,0.5497
2028,assembla,0.6808,0.6128
2029,drc,0.6807,0.6104
2030,dani,0.6806,0.6051
2031,mel,0.6806,0.6478
2032,l'attachement,0.6806,0.4973
2033,l'arche,0.6805,0.7247
2034,attachés,0.6805,0.4537
2035,dires,0.6804,0.4901
2036,confulter,0.6804,0.6827
2037,détourné,0.6803,0.6460
2038,entretenu,0.6803,0.6708
2039,isi,0.6803,0.5294
2040,gale,0.6803,0.6316
2041,d'avec,0.6803,0.6947
2042,commandeur,0.6802,0.5400
2043,accompli,0.6802,0.6158
2044,vuider,0.6800,0.5765
2045,magni,0.6800,0.5040
2046,jusqu'ici,0.6799,0.6274
2047,prescrit,0.6798,0.7007
2048,réunion,0.6798,0.4250
2049,armer,0.6796,0.6360
2050,merveille,0.6796,0.6969
2051,rde,0.6795,0.5478
2052,cus,0.6795,0.5613
2053,bl,0.6795,0.4865
2054,lor,0.6795,0.6199
2055,d'ar,0.6795,0.6399
2056,prochaine,0.6794,0.6354
2057,corps,0.6794,0.6330
2058,trouvés,0.6794,0.4463
2059,cile,0.6793,0.5948
2060,apparent,0.6792,0.5811
2061,ql,0.6792,0.4923
2062,compter,0.6792,0.6334
2063,vons,0.6791,0.5885
2064,conjuration,0.6790,0.6563
2065,d'antoine,0.6790,0.6293
2066,br,0.6790,0.5640
2067,mons,0.6790,0.6556
2068,l'éviter,0.6788,0.6403
2069,modéré,0.6788,0.5219
2070,vau,0.6788,0.6590
2071,tous,0.6788,0.6825
2072,l'ornement,0.6788,0.6673
2073,oue,0.6787,0.6051
2074,détail,0.6787,0.7640
2075,rf,0.6786,0.5292
2076,chaine,0.6786,0.5412
2077,fuites,0.6784,0.6443
2078,l'infini,0.6784,0.4627
2079,ious,0.6784,0.5535
2080,di,0.6784,0.5616
2081,fun,0.6783,0.5149
2082,fal,0.6783,0.6612
2083,naissante,0.6782,0.5272
2084,tom,0.6782,0.6937
2085,terrestre,0.6781,0.5332
2086,d'histoire,0.6781,0.5361
2087,chef,0.6781,0.7689
2088,iut,0.6780,0.5411
2089,princip,0.6780,0.7269
2090,juflice,0.6779,0.5123
2091,prose,0.6779,0.6043
2092,rin,0.6779,0.5836
2093,aide,0.6778,0.5453
2094,assurez,0.6777,0.4752
2095,considéré,0.6777,0.4860
2096,cx,0.6777,0.5484
2097,emprunt,0.6777,0.6658
2098,allusion,0.6776,0.6041
2099,interruption,0.6775,0.5816
2100,l'artifice,0.6774,0.5407
2101,outre,0.6774,0.5114
2102,jur,0.6774,0.6035
2103,eni,0.6774,0.5506
2104,oeil,0.6774,0.6258
2105,prodigue,0.6773,0.5058
2106,mcme,0.6773,0.6460
2107,iur,0.6773,0.5936
2108,mol,0.6772,0.6620
2109,dépendoit,0.6772,0.7007
2110,demandeur,0.6772,0.6175
2111,journal,0.6772,0.6635
2112,prompte,0.6771,0.6067
2113,prudent,0.6771,0.5063
2114,grave,0.6771,0.5169
2115,d'instruire,0.6771,0.5422
2116,cesser,0.6770,0.5990
2117,conc,0.6769,0.5658
2118,tourné,0.6769,0.7015
2119,accoutumée,0.6769,0.5902
2120,circuit,0.6768,0.4841
2121,tard,0.6767,0.7418
2122,lers,0.6766,0.5378
2123,mni,0.6766,0.5287
2124,qu'autrefois,0.6765,0.6446
2125,connaissance,0.6765,0.6309
2126,prevenir,0.6765,0.5916
2127,tellus,0.6765,0.5292
2128,d'oeil,0.6764,0.6896
2129,gardant,0.6763,0.6168
2130,qu'l,0.6762,0.6449
2131,compas,0.6762,0.5492
2132,débris,0.6762,0.5982
2133,qe,0.6761,0.5106
2134,l'attaque,0.6759,0.6419
2135,interdit,0.6759,0.4838
2136,plures,0.6759,0.4318
2137,fiere,0.6758,0.5265
2138,xc,0.6758,0.6083
2139,arri,0.6757,0.6472
2140,paroit,0.6757,0.5616
2141,ruiné,0.6757,0.6224
2142,s'avance,0.6756,0.5696
2143,primitive,0.6755,0.4747
2144,rus,0.6754,0.5329
2145,ju,0.6754,0.6317
2146,navi,0.6753,0.5790
2147,l'unique,0.6753,0.5770
2148,enc,0.6753,0.5905
2149,qne,0.6753,0.5991
2150,finira,0.6753,0.5281
2151,railler,0.6753,0.7359
2152,ste,0.6753,0.5140
2153,fignes,0.6752,0.6577
2154,guise,0.6752,0.5367
2155,gâte,0.6750,0.4766
2156,commises,0.6750,0.5906
2157,l'abus,0.6750,0.5110
2158,eci,0.6749,0.5786
2159,apparence,0.6749,0.6958
2160,universelle,0.6749,0.6417
2161,admirablement,0.6748,0.5962
2162,souverain,0.6748,0.6243
2163,s'é,0.6747,0.5875
2164,patentes,0.6746,0.5712
2165,vale,0.6745,0.5837
2166,vcr,0.6745,0.5319
2167,pourtant,0.6745,0.6314
2168,prov,0.6744,0.6596
2169,qu'auparavant,0.6744,0.5683
2170,quc,0.6744,0.5971
2171,effectivement,0.6743,0.6123
2172,réveiller,0.6743,0.4955
2173,platte,0.6743,0.5456
2174,dommages,0.6743,0.6768
2175,no,0.6743,0.5969
2176,tage,0.6743,0.6841
2177,cachet,0.6742,0.5355
2178,tete,0.6742,0.5085
2179,consiste,0.6741,0.6756
2180,mineure,0.6741,0.5837
2181,lez,0.6740,0.5259
2182,l'excès,0.6740,0.5228
2183,comparant,0.6740,0.5660
2184,rce,0.6740,0.5306
2185,matrice,0.6739,0.5887
2186,pole,0.6739,0.6558
2187,aurre,0.6738,0.5880
2188,d'an,0.6738,0.6127
2189,d'ambition,0.6737,0.5584
2190,enferme,0.6737,0.4665
2191,inu,0.6737,0.7020
2192,opiniâtre,0.6737,0.6477
2193,censure,0.6737,0.5057
2194,ante,0.6735,0.5326
2195,rar,0.6734,0.5815
2196,pareillement,0.6734,0.7047
2197,écarté,0.6733,0.4581
2198,itr,0.6732,0.5015
2199,vols,0.6731,0.5665
2200,rables,0.6731,0.5740
2201,neutralité,0.6731,0.6473
2202,sacrés,0.6730,0.5286
2203,cara,0.6729,0.5818
2204,manu,0.6729,0.4835
2205,d'imiter,0.6728,0.4845
2206,c'é,0.6728,0.6464
2207,foa,0.6726,0.6116
2208,fixes,0.6726,0.4884
2209,qu'eux,0.6725,0.6728
2210,néant,0.6725,0.4672
2211,lira,0.6725,0.4948
2212,cour,0.6724,0.6958
2213,augmentoit,0.6724,0.5659
2214,ouvra,0.6724,0.6119
2215,ige,0.6724,0.5638
2216,tremblement,0.6724,0.7112
2217,ébranlé,0.6723,0.4856
2218,défendant,0.6723,0.5354
2219,l'ami,0.6721,0.5512
2220,détaché,0.6721,0.5822
2221,eme,0.6721,0.6074
2222,amplement,0.6720,0.6408
2223,determine,0.6720,0.5675
2224,salomon,0.6720,0.6294
2225,fre,0.6719,0.6166
2226,donnes,0.6719,0.5499
2227,apo,0.6718,0.6565
2228,tude,0.6718,0.6294
2229,d'ici,0.6717,0.6671
2230,lel,0.6716,0.6211
2231,ssi,0.6716,0.5329
2232,dom,0.6716,0.6003
2233,quidam,0.6715,0.4185
2234,j'avance,0.6715,0.5007
2235,gard,0.6714,0.5647
2236,humain,0.6714,0.5824
2237,tribu,0.6713,0.4819
2238,piller,0.6713,0.6608
2239,mene,0.6712,0.5084
2240,soupir,0.6712,0.6338
2241,purgatoire,0.6712,0.6393
2242,min,0.6712,0.6927
2243,moyenne,0.6711,0.5256
2244,vaillance,0.6711,0.5702
2245,d'tre,0.6711,0.5847
2246,expressement,0.6710,0.5463
2247,attentif,0.6709,0.6300
2248,pardon,0.6708,0.6554
2249,d'especes,0.6708,0.6960
2250,flûte,0.6707,0.5350
2251,sortira,0.6706,0.7053
2252,repete,0.6705,0.5327
2253,tent,0.6705,0.5230
2254,py,0.6705,0.6273
2255,liy,0.6705,0.6888
2256,hos,0.6704,0.4322
2257,l'oeil,0.6703,0.6020
2258,tite,0.6703,0.6874
2259,paume,0.6703,0.5953
2260,vivement,0.6702,0.6729
2261,étonne,0.6702,0.4738
2262,section,0.6702,0.5864
2263,interrompre,0.6702,0.6088
2264,subitement,0.6701,0.7027
2265,coups,0.6701,0.5895
2266,signi,0.6701,0.5709
2267,aban,0.6699,0.5323
2268,lisez,0.6699,0.6500
2269,theatre,0.6699,0.5920
2270,privée,0.6698,0.5715
2271,apparemment,0.6697,0.5641
2272,num,0.6696,0.4594
2273,trompeur,0.6696,0.6182
2274,choisie,0.6695,0.6093
2275,rme,0.6695,0.6423
2276,fant,0.6694,0.6530
2277,légers,0.6693,0.5887
2278,niere,0.6693,0.7302
2279,s'avisa,0.6692,0.5741
2280,m'oblige,0.6692,0.7062
2281,fau,0.6692,0.5913
2282,mt,0.6691,0.5548
2283,repasser,0.6691,0.5719
2284,affe,0.6691,0.6048
2285,vec,0.6691,0.6205
2286,infatigable,0.6690,0.5329
2287,iet,0.6689,0.5358
2288,triture,0.6689,0.6286
2289,iue,0.6688,0.5754
2290,perception,0.6688,0.4566
2291,mn,0.6688,0.5131
2292,aun,0.6687,0.6275
2293,d'al,0.6687,0.6025
2294,dun,0.6687,0.5375
2295,réelles,0.6687,0.6745
2296,nemours,0.6686,0.5967
2297,otre,0.6686,0.5770
2298,l'oreille,0.6686,0.6293
2299,entr,0.6686,0.5144
2300,s'assembler,0.6686,0.6380
2301,profite,0.6686,0.6998
2302,d'exposer,0.6686,0.5180
2303,assigner,0.6686,0.5584
2304,dupuis,0.6685,0.6536
2305,regnoit,0.6684,0.6469
2306,qur,0.6683,0.5968
2307,l'inclination,0.6683,0.5599
2308,ient,0.6683,0.4912
2309,étrangement,0.6683,0.6160
2310,précede,0.6682,0.5550
2311,choix,0.6682,0.6675
2312,déja,0.6682,0.5901
2313,bar,0.6682,0.5936
2314,superieure,0.6681,0.5265
2315,joi,0.6681,0.6087
2316,traité,0.6681,0.6629
2317,méritoit,0.6681,0.6239
2318,uil,0.6680,0.5225
2319,have,0.6680,0.4546
2320,procédé,0.6680,0.4191
2321,quise,0.6679,0.6016
2322,aa,0.6679,0.5996
2323,perfonne,0.6678,0.4894
2324,entrés,0.6678,0.4631
2325,précédé,0.6677,0.5452
2326,défendoit,0.6676,0.6014
2327,jus,0.6675,0.5224
2328,scl,0.6675,0.5548
2329,interdite,0.6675,0.6962
2330,julien,0.6674,0.5168
2331,entendant,0.6674,0.7198
2332,patiemment,0.6673,0.5680
2333,fua,0.6673,0.4230
2334,laitier,0.6672,0.5488
2335,coni,0.6672,0.5812
2336,quant,0.6671,0.7562
2337,str,0.6671,0.6246
2338,maritime,0.6671,0.5157
2339,s'approcher,0.6671,0.6460
2340,tro,0.6671,0.5397
2341,turc,0.6670,0.5681
2342,obéissance,0.6669,0.4258
2343,l'l,0.6669,0.4969
2344,assés,0.6669,0.6378
2345,criminelle,0.6668,0.6196
2346,délivré,0.6668,0.5603
2347,d'aujourd'hui,0.6668,0.5757
2348,teurs,0.6668,0.7355
2349,çà,0.6668,0.5535
2350,affecté,0.6667,0.4886
2351,rompus,0.6667,0.5170
2352,ph,0.6667,0.5611
2353,gion,0.6667,0.6562
2354,dili,0.6667,0.6855
2355,gers,0.6666,0.6720
2356,fec,0.6666,0.5451
2357,l'n,0.6665,0.5902
2358,d'affaire,0.6665,0.5506
2359,justifie,0.6665,0.4520
2360,signe,0.6665,0.4797
2361,ena,0.6665,0.5849
2362,lal,0.6664,0.5096
2363,las,0.6664,0.5956
2364,oni,0.6664,0.5649
2365,ist,0.6663,0.5498
2366,c'étoient,0.6662,0.5982
2367,rangs,0.6661,0.5805
2368,rece,0.6661,0.5600
2369,fins,0.6660,0.6779
2370,nuisibles,0.6660,0.4299
2371,ié,0.6659,0.5744
2372,rempli,0.6659,0.4955
2373,permises,0.6658,0.4800
2374,plie,0.6658,0.5730
2375,rencontres,0.6658,0.6549
2376,nie,0.6658,0.5688
2377,rarefié,0.6657,0.4929
2378,blesse,0.6656,0.5486
2379,physique,0.6656,0.4772
2380,vr,0.6656,0.4858
2381,prévoyance,0.6655,0.5283
2382,dispose,0.6654,0.5855
2383,ian,0.6654,0.4727
2384,avidité,0.6654,0.6023
2385,tet,0.6654,0.5525
2386,mission,0.6654,0.5224
2387,na,0.6653,0.5872
2388,commandée,0.6652,0.6180
2389,ennemie,0.6652,0.6316
2390,life,0.6651,0.5325
2391,ambroise,0.6651,0.5580
2392,usi,0.6651,0.6223
2393,l'attention,0.6651,0.5167
2394,trou,0.6649,0.6317
2395,saus,0.6649,0.6763
2396,d'enfans,0.6649,0.6127
2397,deur,0.6649,0.6716
2398,cultivé,0.6648,0.6026
2399,jules,0.6648,0.5360
2400,coa,0.6648,0.6032
2401,bretagne,0.6647,0.6626
2402,ente,0.6647,0.6336
2403,réservé,0.6647,0.5840
2404,tigre,0.6646,0.5335
2405,diriger,0.6645,0.4477
2406,économie,0.6645,0.3772
2407,grammaire,0.6644,0.5434
2408,soo,0.6644,0.4876
2409,trc,0.6644,0.5634
2410,s'engager,0.6644,0.5813
2411,releve,0.6644,0.5770
2412,augures,0.6643,0.6316
2413,comédiens,0.6643,0.4609
2414,differe,0.6643,0.6441
2415,cire,0.6643,0.5514
2416,trésor,0.6643,0.6772
2417,répandu,0.6642,0.6604
2418,qu'e,0.6642,0.6256
2419,iiu,0.6642,0.5221
2420,nonce,0.6641,0.5292
2421,fen,0.6640,0.6509
2422,fuir,0.6640,0.5434
2423,fat,0.6640,0.5156
2424,bin,0.6639,0.5807
2425,focieté,0.6638,0.5852
2426,hy,0.6638,0.6673
2427,nage,0.6638,0.6372
2428,nii,0.6637,0.5486
2429,précieuse,0.6636,0.5960
2430,tendoit,0.6636,0.6586
2431,débauche,0.6636,0.4845
2432,qie,0.6636,0.5482
2433,formation,0.6635,0.4295
2434,tait,0.6635,0.5381
2435,l'application,0.6635,0.4953
2436,ij,0.6635,0.6128
2437,fiire,0.6634,0.5277
2438,exem,0.6633,0.6563
2439,confite,0.6633,0.4914
2440,contra,0.6633,0.5217
2441,vogue,0.6632,0.5697
2442,quoque,0.6632,0.4879
2443,marge,0.6632,0.4158
2444,publique,0.6632,0.5603
2445,ée,0.6631,0.5983
2446,xe,0.6631,0.6711
2447,regard,0.6631,0.4110
2448,versé,0.6630,0.5283
2449,fl,0.6629,0.5780
2450,phi,0.6629,0.6763
2451,indépendant,0.6629,0.5368
2452,pluralité,0.6629,0.6502
2453,troi,0.6629,0.5586
2454,aà,0.6629,0.6181
2455,dai,0.6628,0.5360
2456,pelle,0.6627,0.5701
2457,mc,0.6627,0.5609
2458,may,0.6626,0.4740
2459,libre,0.6625,0.4894
2460,nre,0.6625,0.5648
2461,carreaux,0.6625,0.5348
2462,d'orgueil,0.6624,0.5843
2463,décidé,0.6624,0.5912
2464,xl,0.6623,0.6404
2465,dan,0.6623,0.7091
2466,docile,0.6623,0.6623
2467,apostolique,0.6622,0.6484
2468,profondément,0.6622,0.5607
2469,ble,0.6621,0.6434
2470,lecture,0.6619,0.6296
2471,entrevoir,0.6618,0.6834
2472,ru,0.6618,0.5458
2473,accoutumés,0.6618,0.4475
2474,tes,0.6617,0.4862
2475,dli,0.6617,0.5295
2476,refont,0.6617,0.5630
2477,montans,0.6617,0.4707
2478,ann,0.6616,0.6171
2479,inter,0.6615,0.5535
2480,coup,0.6615,0.6517
2481,j'admire,0.6615,0.5309
2482,critique,0.6615,0.5623
2483,l'office,0.6614,0.7049
2484,prés,0.6614,0.5460
2485,ae,0.6614,0.5026
2486,plein,0.6613,0.7051
2487,xxxiii,0.6613,0.4824
2488,relle,0.6612,0.7148
2489,suivra,0.6612,0.6171
2490,nitre,0.6611,0.5635
2491,ferme,0.6610,0.5481
2492,quafi,0.6610,0.5188
2493,adion,0.6609,0.4439
2494,particuliere,0.6609,0.6136
2495,contents,0.6609,0.5263
2496,genie,0.6609,0.6621
2497,ris,0.6608,0.5901
2498,pane,0.6608,0.6489
2499,poin,0.6608,0.5759
2500,cat,0.6608,0.6210
2501,excede,0.6607,0.5055
2502,minute,0.6607,0.6625
2503,tromperie,0.6606,0.6151
2504,uno,0.6606,0.4699
2505,espagnoles,0.6605,0.4882
2506,l'emporta,0.6605,0.6717
2507,là,0.6605,0.5455
2508,jour,0.6605,0.5603
2509,baume,0.6605,0.6409
2510,croyable,0.6605,0.6464
2511,seau,0.6604,0.5175
2512,diocèse,0.6602,0.5953
2513,s'offre,0.6601,0.5438
2514,fp,0.6601,0.5351
2515,bade,0.6600,0.5716
2516,utilement,0.6600,0.7350
2517,nation,0.6600,0.5959
2518,ches,0.6600,0.5943
2519,nar,0.6600,0.5921
2520,tacite,0.6599,0.5106
2521,ouvertement,0.6599,0.4529
2522,por,0.6599,0.6629
2523,l'heureux,0.6599,0.6397
2524,ins,0.6599,0.5217
2525,deja,0.6599,0.5974
2526,deflein,0.6598,0.4873
2527,calcul,0.6598,0.3981
2528,salaire,0.6597,0.6881
2529,om,0.6597,0.5401
2530,lets,0.6597,0.5640
2531,pte,0.6596,0.6705
2532,parisis,0.6596,0.6014
2533,perdant,0.6596,0.5652
2534,bienfait,0.6595,0.4639
2535,tit,0.6595,0.6789
2536,consacré,0.6594,0.5871
2537,tournée,0.6594,0.5308
2538,cun,0.6593,0.5264
2539,qte,0.6592,0.6706
2540,hr,0.6592,0.4752
2541,pour,0.6591,0.5698
2542,ed,0.6588,0.6385
2543,promptement,0.6588,0.5917
2544,sire,0.6587,0.5305
2545,aile,0.6587,0.5331
2546,précedent,0.6587,0.5507
2547,pêcher,0.6586,0.6229
2548,l'empressement,0.6586,0.5883
2549,secourir,0.6586,0.6238
2550,ib,0.6586,0.6853
2551,tons,0.6586,0.5834
2552,ive,0.6586,0.6375
2553,grecques,0.6585,0.4867
2554,d'eglise,0.6585,0.5366
2555,fio,0.6585,0.5136
2556,corrigé,0.6585,0.4597
2557,éleva,0.6585,0.5908
2558,communes,0.6585,0.5864
2559,dus,0.6585,0.5461
2560,taxé,0.6585,0.5685
2561,antique,0.6585,0.4798
2562,liberté,0.6584,0.4062
2563,lenteur,0.6584,0.4849
2564,moien,0.6583,0.5504
2565,recompense,0.6583,0.6822
2566,l'abri,0.6583,0.4891
2567,d'honnêtes,0.6583,0.5893
2568,posture,0.6583,0.6536
2569,graves,0.6583,0.4442
2570,det,0.6582,0.5697
2571,momus,0.6582,0.6029
2572,cin,0.6581,0.5715
2573,tendre,0.6580,0.5902
2574,dore,0.6580,0.6919
2575,caux,0.6579,0.5941
2576,nec,0.6579,0.5529
2577,s'oppose,0.6578,0.4680
2578,augmentant,0.6578,0.4938
2579,journellement,0.6578,0.5164
2580,succetteur,0.6578,0.4655
2581,réguliers,0.6578,0.4731
2582,chantant,0.6578,0.6173
2583,entreprend,0.6578,0.6643
2584,subtil,0.6578,0.5694
2585,eat,0.6578,0.5368
2586,vacation,0.6577,0.6281
2587,payable,0.6577,0.5397
2588,lei,0.6577,0.5699
2589,sagement,0.6576,0.4824
2590,liez,0.6576,0.5034
2591,quine,0.6576,0.6232
2592,dor,0.6574,0.6080
2593,pur,0.6573,0.5633
2594,cis,0.6573,0.5597
2595,infinis,0.6572,0.6818
2596,qn,0.6572,0.6133
2597,dresse,0.6571,0.5753
2598,inte,0.6571,0.6277
2599,nés,0.6571,0.4813
2600,ren,0.6571,0.5403
2601,angélique,0.6570,0.4278
2602,dul,0.6570,0.5018
2603,répondant,0.6570,0.6266
2604,s'e,0.6570,0.6288
2605,héréditaire,0.6570,0.4696
2606,ministere,0.6570,0.4002
2607,l'oiseau,0.6569,0.6361
2608,iune,0.6569,0.6138
2609,abonde,0.6569,0.5877
2610,mr,0.6568,0.5444
2611,arti,0.6568,0.6225
2612,attentivement,0.6566,0.5842
2613,patient,0.6566,0.6541
2614,ilu,0.6566,0.4938
2615,qu'en,0.6566,0.6934
2616,suisses,0.6565,0.5146
2617,files,0.6565,0.6118
2618,contr'eux,0.6565,0.4870
2619,oy,0.6565,0.5013
2620,valoir,0.6565,0.5676
2621,commi,0.6563,0.5594
2622,compta,0.6563,0.5117
2623,ordinaires,0.6562,0.6751
2624,fameuse,0.6562,0.6024
2625,asseoir,0.6562,0.6255
2626,eroit,0.6562,0.5136
2627,ute,0.6560,0.5795
2628,distribuer,0.6560,0.6258
2629,glorifier,0.6559,0.4458
2630,essentiels,0.6559,0.4399
2631,quie,0.6558,0.5593
2632,marches,0.6557,0.6447
2633,four,0.6556,0.5596
2634,ora,0.6555,0.5274
2635,haute,0.6554,0.6257
2636,parie,0.6554,0.5618
2637,uniforme,0.6554,0.4960
2638,cote,0.6554,0.4750
2639,l'enfer,0.6554,0.5774
2640,gne,0.6553,0.6164
2641,alu,0.6552,0.5744
2642,défiance,0.6552,0.4689
2643,glife,0.6552,0.6520
2644,fe,0.6552,0.6126
2645,poete,0.6550,0.6102
2646,mane,0.6550,0.5469
2647,soupçon,0.6549,0.7172
2648,craindre,0.6549,0.6258
2649,tant,0.6549,0.6035
2650,nj,0.6549,0.4846
2651,voyer,0.6548,0.6011
2652,mêlant,0.6548,0.5236
2653,meurtrier,0.6548,0.5624
2654,jn,0.6548,0.5143
2655,ag,0.6547,0.5354
2656,l'affront,0.6547,0.6955
2657,ilne,0.6546,0.5945
2658,tarde,0.6546,0.5663
2659,public,0.6546,0.4291
2660,db,0.6545,0.6087
2661,faillie,0.6545,0.6750
2662,imi,0.6545,0.6049
2663,favorise,0.6545,0.4856
2664,ios,0.6544,0.5075
2665,graver,0.6544,0.6449
2666,indirectement,0.6544,0.5444
2667,d'air,0.6544,0.6404
2668,fance,0.6544,0.5440
2669,agent,0.6543,0.6337
2670,pii,0.6543,0.5196
2671,quei,0.6543,0.5662
2672,lies,0.6543,0.5446
2673,rence,0.6543,0.6994
2674,convenance,0.6543,0.5110
2675,esclaves,0.6542,0.5995
2676,ct,0.6542,0.5466
2677,palier,0.6542,0.5095
2678,cclui,0.6540,0.5865
2679,finies,0.6540,0.5198
2680,yourte,0.6540,0.6073
2681,ordures,0.6539,0.6011
2682,but,0.6539,0.4360
2683,cz,0.6539,0.4624
2684,appercevoir,0.6539,0.6086
2685,fn,0.6537,0.5257
2686,superflu,0.6537,0.4983
2687,sermens,0.6536,0.4198
2688,l'aveu,0.6536,0.5210
2689,oli,0.6535,0.6022
2690,galles,0.6535,0.5729
2691,d'office,0.6535,0.4975
2692,tournent,0.6534,0.5453
2693,rigoureux,0.6534,0.6577
2694,subsiste,0.6534,0.4803
2695,qai,0.6534,0.6331
2696,edi,0.6534,0.5812
2697,intime,0.6533,0.6693
2698,fure,0.6533,0.5884
2699,ais,0.6532,0.5320
2700,éclairci,0.6532,0.4566
2701,d'occasions,0.6532,0.4915
2702,raisonner,0.6532,0.7016
2703,gen,0.6532,0.6460
2704,lus,0.6530,0.5236
2705,corruption,0.6530,0.4666
2706,lre,0.6529,0.5344
2707,jar,0.6529,0.5519
2708,papa,0.6529,0.4846
2709,trompette,0.6529,0.6203
2710,accès,0.6529,0.4970
2711,ignorans,0.6528,0.6646
2712,gratuit,0.6528,0.6971
2713,fatis,0.6528,0.4356
2714,expiré,0.6527,0.6575
2715,gn,0.6527,0.4865
2716,societé,0.6527,0.4708
2717,préférer,0.6526,0.4244
2718,parois,0.6526,0.5243
2719,valent,0.6526,0.3620
2720,classe,0.6526,0.5733
2721,régent,0.6525,0.6780
2722,pp,0.6525,0.6381
2723,secrète,0.6524,0.6863
2724,insensibles,0.6524,0.4834
2725,ja,0.6524,0.5725
2726,l'objet,0.6524,0.4969
2727,file,0.6524,0.5944
2728,vinées,0.6523,0.5790
2729,constant,0.6523,0.5641
2730,ille,0.6523,0.4655
2731,honteusement,0.6522,0.5992
2732,fées,0.6522,0.6259
2733,tournay,0.6522,0.5104
2734,u'on,0.6522,0.6153
2735,qle,0.6521,0.5831
2736,i'a,0.6521,0.5525
2737,marins,0.6521,0.5620
2738,vinaire,0.6521,0.6019
2739,bons,0.6520,0.5569
2740,diversement,0.6520,0.6008
2741,thé,0.6520,0.5788
2742,l'égalité,0.6520,0.4665
2743,curiosité,0.6519,0.6882
2744,ks,0.6519,0.5789
2745,agens,0.6518,0.4665
2746,salles,0.6518,0.4022
2747,terrestres,0.6518,0.5154
2748,poui,0.6517,0.6264
2749,pâle,0.6517,0.6426
2750,l'inquiétude,0.6516,0.5066
2751,sacrifices,0.6515,0.4800
2752,proverbe,0.6515,0.7429
2753,partout,0.6515,0.4625
2754,ttre,0.6515,0.5461
2755,eû,0.6514,0.4492
2756,ft,0.6514,0.5866
2757,inceffamment,0.6512,0.6778
2758,xxx,0.6512,0.6841
2759,able,0.6512,0.5623
2760,tte,0.6512,0.5313
2761,vai,0.6512,0.4826
2762,violé,0.6511,0.6202
2763,rudes,0.6511,0.5971
2764,touchant,0.6511,0.5123
2765,nil,0.6511,0.4785
2766,d'étendue,0.6511,0.6081
2767,gr,0.6511,0.5744
2768,menez,0.6510,0.6546
2769,sis,0.6510,0.5227
2770,considérablement,0.6509,0.7026
2771,ecclésiastique,0.6509,0.6709
2772,gagne,0.6508,0.6668
2773,îe,0.6508,0.6753
2774,modèle,0.6507,0.4422
2775,obscure,0.6507,0.6066
2776,carnage,0.6507,0.6126
2777,vienne,0.6506,0.5131
2778,mod,0.6506,0.4783
2779,ene,0.6505,0.5526
2780,légitimes,0.6504,0.7329
2781,qu'environ,0.6504,0.6260
2782,d'i,0.6504,0.6093
2783,plis,0.6504,0.5588
2784,pag,0.6504,0.6906
2785,lux,0.6503,0.5399
2786,joint,0.6502,0.6606
2787,carte,0.6502,0.4649
2788,lte,0.6502,0.5412
2789,uii,0.6502,0.5676
2790,defaut,0.6501,0.5946
2791,détestable,0.6501,0.5927
2792,avan,0.6501,0.5938
2793,paternel,0.6500,0.5009
2794,fecourir,0.6500,0.5329
2795,redevables,0.6500,0.4968
2796,contes,0.6500,0.5564
2797,xxxix,0.6499,0.6936
2798,mus,0.6498,0.5116
2799,leg,0.6498,0.6501
2800,s'éloigner,0.6497,0.4431
2801,l'impatience,0.6496,0.6315
2802,deuil,0.6495,0.7356
2803,d'autre,0.6495,0.6441
2804,chere,0.6495,0.6812
2805,sale,0.6494,0.5283
2806,guéres,0.6494,0.5510
2807,continuant,0.6493,0.6773
2808,celui,0.6493,0.4880
2809,bout,0.6493,0.6351
2810,enfer,0.6492,0.5725
2811,tm,0.6491,0.4919
2812,ff,0.6491,0.5650
2813,l'employer,0.6490,0.5412
2814,afiez,0.6490,0.5872
2815,effet,0.6490,0.5956
2816,opposés,0.6489,0.4979
2817,numero,0.6489,0.5330
2818,l'immortalité,0.6489,0.6509
2819,maine,0.6488,0.5827
2820,lon,0.6487,0.6227
2821,arg,0.6487,0.6240
2822,camille,0.6486,0.6167
2823,bit,0.6486,0.6161
2824,l'espoir,0.6486,0.4553
2825,chers,0.6486,0.6097
2826,augure,0.6485,0.4746
2827,folle,0.6485,0.6132
2828,garant,0.6484,0.4760
2829,arbitraire,0.6483,0.4850
2830,l'adresse,0.6483,0.5433
2831,reconnue,0.6483,0.6016
2832,philo,0.6482,0.6327
2833,fendu,0.6482,0.6684
2834,fermes,0.6481,0.6581
2835,eii,0.6480,0.6035
2836,sti,0.6480,0.5466
2837,logis,0.6479,0.5108
2838,ancienne,0.6479,0.6461
2839,faculté,0.6479,0.7275
2840,marqué,0.6478,0.6249
2841,continuels,0.6477,0.6900
2842,sauf,0.6477,0.6659
2843,lés,0.6476,0.5860
2844,chauffée,0.6476,0.5804
2845,appréhender,0.6476,0.4836
2846,uli,0.6476,0.5311
2847,visible,0.6476,0.5460
2848,transports,0.6475,0.5359
2849,jouis,0.6475,0.4398
2850,semblables,0.6474,0.4295
2851,vivroit,0.6474,0.5563
2852,produisoit,0.6474,0.5374
2853,fid,0.6474,0.4907
2854,mutuel,0.6473,0.5146
2855,grotius,0.6473,0.7185
2856,équitable,0.6473,0.4618
2857,d'endroits,0.6472,0.6914
2858,en,0.6472,0.4848
2859,romain,0.6472,0.6648
2860,l'officier,0.6472,0.6318
2861,fible,0.6472,0.5839
2862,icur,0.6469,0.5271
2863,citoyen,0.6469,0.6276
2864,plans,0.6467,0.4408
2865,extraction,0.6467,0.5230
2866,bienheureux,0.6466,0.6829
2867,héroïque,0.6466,0.5363
2868,mine,0.6466,0.4774
2869,vraiment,0.6466,0.4199
2870,ino,0.6465,0.5515
2871,peril,0.6465,0.5914
2872,féconde,0.6464,0.5402
2873,sueur,0.6464,0.5609
2874,seil,0.6464,0.5510
2875,ouf,0.6464,0.6365
2876,dénombrement,0.6464,0.5075
2877,emprunte,0.6463,0.6418
2878,oa,0.6463,0.5708
2879,excès,0.6463,0.5980
2880,chez,0.6462,0.5998
2881,vf,0.6462,0.6500
2882,galeres,0.6461,0.6396
2883,adopté,0.6461,0.4024
2884,l'humeur,0.6461,0.6769
2885,at,0.6460,0.5962
2886,voyant,0.6460,0.6664
2887,invite,0.6459,0.4603
2888,fions,0.6459,0.5930
2889,révolte,0.6459,0.5450
2890,dic,0.6458,0.5546
2891,îles,0.6458,0.4779
2892,obligez,0.6458,0.5114
2893,d'espérance,0.6458,0.5177
2894,jes,0.6457,0.5899
2895,communion,0.6457,0.5913
2896,fra,0.6457,0.5643
2897,georges,0.6457,0.5012
2898,marne,0.6456,0.5305
2899,inviolable,0.6456,0.4865
2900,tai,0.6456,0.5364
2901,descente,0.6456,0.6816
2902,éclairer,0.6456,0.4277
2903,qlue,0.6454,0.6211
2904,gnes,0.6454,0.6239
2905,incomparablement,0.6454,0.6019
2906,d'armée,0.6453,0.6117
2907,convenus,0.6453,0.4748
2908,ion,0.6453,0.5555
2909,man,0.6453,0.6440
2910,milice,0.6452,0.5627
2911,représentation,0.6452,0.4605
2912,gue,0.6452,0.6585
2913,d'exciter,0.6451,0.4843
2914,répéter,0.6451,0.5689
2915,cel,0.6451,0.6128
2916,tribune,0.6450,0.4646
2917,noce,0.6450,0.6102
2918,toute,0.6450,0.6438
2919,mii,0.6450,0.5227
2920,veri,0.6449,0.5620
2921,disposé,0.6449,0.6920
2922,polie,0.6449,0.5265
2923,d'ame,0.6448,0.5716
2924,td,0.6448,0.4897
2925,vei,0.6447,0.5627
2926,uir,0.6447,0.5807
2927,clu,0.6446,0.5594
2928,lir,0.6445,0.5540
2929,tenta,0.6445,0.5359
2930,tota,0.6444,0.4740
2931,efforts,0.6444,0.6735
2932,l'illustre,0.6444,0.4411
2933,prévoir,0.6444,0.5509
2934,christianisme,0.6444,0.6837
2935,méprisé,0.6444,0.4764
2936,lp,0.6444,0.4569
2937,ra,0.6444,0.5377
2938,soulagement,0.6443,0.6446
2939,tio,0.6443,0.5102
2940,remplir,0.6443,0.6096
2941,cell,0.6442,0.6706
2942,dn,0.6442,0.5158
2943,ire,0.6441,0.5112
2944,for,0.6441,0.6299
2945,fourberie,0.6441,0.5488
2946,lm,0.6440,0.4804
2947,maire,0.6440,0.5873
2948,uv,0.6440,0.4970
2949,hazarder,0.6440,0.5308
2950,pt,0.6440,0.5120
2951,informations,0.6440,0.5780
2952,puisque,0.6439,0.6653
2953,qu,0.6439,0.5207
2954,monument,0.6439,0.6749
2955,boiteux,0.6439,0.6077
2956,voiture,0.6438,0.4569
2957,l'utilité,0.6438,0.5017
2958,donr,0.6438,0.5604
2959,forge,0.6437,0.5413
2960,qu'avant,0.6437,0.5087
2961,perfectionner,0.6437,0.5958
2962,amène,0.6436,0.4320
2963,saxe,0.6436,0.5248
2964,aveuglément,0.6436,0.5557
2965,compose,0.6435,0.5385
2966,ord,0.6435,0.5706
2967,nôtre,0.6435,0.4480
2968,supposons,0.6434,0.6080
2969,l'animal,0.6434,0.5907
2970,gar,0.6434,0.6101
2971,dupe,0.6434,0.6752
2972,carlos,0.6434,0.5335
2973,soi,0.6433,0.5213
2974,jusqu'i,0.6433,0.5314
2975,desespoir,0.6432,0.6620
2976,ravage,0.6431,0.5568
2977,pasté,0.6430,0.5373
2978,recolte,0.6430,0.6363
2979,ranger,0.6430,0.5957
2980,pend,0.6430,0.5218
2981,militaire,0.6429,0.6773
2982,l'entretien,0.6429,0.6752
2983,lès,0.6429,0.5775
2984,laboureurs,0.6428,0.4405
2985,polir,0.6428,0.5791
2986,subsister,0.6428,0.6203
2987,tail,0.6427,0.6534
2988,avcc,0.6426,0.5892
2989,nullité,0.6426,0.5454
2990,raisonne,0.6426,0.5866
2991,j'espere,0.6426,0.6675
2992,js,0.6425,0.5301
2993,pcur,0.6425,0.6261
2994,satisfaits,0.6425,0.5135
2995,aur,0.6425,0.5697
2996,cannes,0.6425,0.5487
2997,lin,0.6424,0.5874
2998,perfon,0.6424,0.5764
2999,rompu,0.6424,0.6196
3000,iai,0.6423,0.4888
3001,d'hercule,0.6423,0.6000
3002,l'appel,0.6422,0.5987
3003,or,0.6422,0.5753
3004,tris,0.6421,0.5203
3005,pratique,0.6421,0.5692
3006,pécher,0.6420,0.6012
3007,déterminé,0.6420,0.5787
3008,ip,0.6420,0.4959
3009,rur,0.6420,0.5837
3010,pareils,0.6419,0.5417
3011,et,0.6419,0.3893
3012,exercée,0.6418,0.7220
3013,potes,0.6418,0.3988
3014,vent,0.6418,0.6895
3015,l'humanité,0.6417,0.4830
3016,fou,0.6417,0.5920
3017,bouc,0.6417,0.4796
3018,mort,0.6416,0.5628
3019,politiques,0.6415,0.4365
3020,pis,0.6415,0.5584
3021,loué,0.6414,0.5581
3022,cirque,0.6414,0.4468
3023,ail,0.6413,0.5730
3024,ort,0.6413,0.5657
3025,parée,0.6413,0.5888
3026,objets,0.6412,0.4977
3027,scie,0.6412,0.5302
3028,queles,0.6412,0.5144
3029,effets,0.6411,0.6371
3030,affoiblir,0.6411,0.5015
3031,eurs,0.6411,0.5499
3032,an,0.6411,0.5329
3033,humaine,0.6411,0.5215
3034,exactement,0.6411,0.4898
3035,davantage,0.6411,0.5363
3036,redouter,0.6410,0.4752
3037,l'os,0.6409,0.6242
3038,perde,0.6408,0.5840
3039,d'oi,0.6408,0.4614
3040,duo,0.6408,0.5220
3041,moindres,0.6408,0.7398
3042,d'intelligence,0.6407,0.5344
3043,angloise,0.6406,0.7210
3044,ncr,0.6406,0.5598
3045,battre,0.6406,0.5692
3046,préférence,0.6406,0.4344
3047,joints,0.6405,0.4733
3048,fri,0.6405,0.6368
3049,pei,0.6404,0.5425
3050,naitre,0.6403,0.4819
3051,stes,0.6402,0.5656
3052,surle,0.6402,0.5696
3053,passons,0.6402,0.5902
3054,mime,0.6402,0.6366
3055,pourri,0.6401,0.5382
3056,d'instrumens,0.6400,0.6148
3057,servitude,0.6400,0.4321
3058,seule,0.6400,0.6726
3059,vraie,0.6400,0.5878
3060,fée,0.6400,0.6694
3061,lair,0.6400,0.6232
3062,iens,0.6399,0.5701
3063,abominable,0.6398,0.6154
3064,nf,0.6398,0.5020
3065,dangereux,0.6398,0.5931
3066,perdues,0.6398,0.4842
3067,entretien,0.6397,0.5682
3068,falle,0.6397,0.5479
3069,libres,0.6397,0.4700
3070,etr,0.6397,0.5864
3071,t'il,0.6397,0.5504
3072,sons,0.6396,0.5726
3073,foit,0.6396,0.5250
3074,refert,0.6396,0.4827
3075,l'expérience,0.6396,0.5017
3076,fi,0.6396,0.5673
3077,téméraire,0.6395,0.6039
3078,manifeste,0.6395,0.4676
3079,l'avocat,0.6395,0.5625
3080,bles,0.6395,0.5730
3081,ajoutée,0.6395,0.3964
3082,suspendu,0.6395,0.6460
3083,raux,0.6394,0.6908
3084,ps,0.6394,0.5631
3085,cachez,0.6394,0.3732
3086,amas,0.6392,0.6866
3087,iion,0.6392,0.5613
3088,so,0.6392,0.6044
3089,hem,0.6391,0.5353
3090,fane,0.6391,0.5807
3091,l'avarice,0.6391,0.5712
3092,lrs,0.6390,0.5309
3093,dispute,0.6390,0.5575
3094,oti,0.6390,0.5957
3095,vendant,0.6390,0.5069
3096,exemplaire,0.6389,0.4765
3097,pairie,0.6389,0.5745
3098,fard,0.6389,0.5535
3099,secrette,0.6388,0.6070
3100,s'explique,0.6388,0.5027
3101,extérieur,0.6387,0.5071
3102,ibidem,0.6386,0.6902
3103,baptiste,0.6384,0.6082
3104,représenta,0.6384,0.4974
3105,prote,0.6384,0.5639
3106,président,0.6384,0.6066
3107,cii,0.6384,0.5434
3108,delits,0.6383,0.6600
3109,retenu,0.6383,0.4301
3110,l'c,0.6383,0.5492
3111,couronnée,0.6381,0.6214
3112,alfez,0.6381,0.5085
3113,originairement,0.6381,0.4873
3114,tutelle,0.6380,0.5461
3115,timidité,0.6380,0.4810
3116,perse,0.6380,0.5011
3117,ouverture,0.6380,0.5765
3118,refaire,0.6380,0.5433
3119,dle,0.6380,0.5069
3120,cal,0.6379,0.6686
3121,diminuant,0.6379,0.5126
3122,paisible,0.6379,0.4929
3123,antre,0.6378,0.4621
3124,liege,0.6378,0.5665
3125,d'entre,0.6378,0.5872
3126,naturellement,0.6378,0.7020
3127,ioi,0.6378,0.5297
3128,mule,0.6377,0.6396
3129,lorf,0.6377,0.6243
3130,banni,0.6377,0.6216
3131,fantaisie,0.6376,0.6117
3132,heureusement,0.6375,0.4737
3133,nde,0.6375,0.5317
3134,mieux,0.6375,0.5692
3135,copier,0.6374,0.5253
3136,restant,0.6373,0.5814
3137,grossiere,0.6373,0.4383
3138,tantôt,0.6373,0.6510
3139,vifible,0.6372,0.5014
3140,l'après,0.6372,0.6422
3141,miracle,0.6372,0.6414
3142,droiture,0.6372,0.5220
3143,équivoques,0.6371,0.5099
3144,détruite,0.6371,0.4069
3145,religieuse,0.6371,0.4736
3146,consent,0.6371,0.4634
3147,barreau,0.6370,0.5102
3148,diver,0.6370,0.6095
3149,laissés,0.6370,0.4660
3150,i'e,0.6370,0.5377
3151,secretes,0.6369,0.4809
3152,reflux,0.6368,0.5818
3153,saluer,0.6368,0.6072
3154,dépen,0.6368,0.5550
3155,lare,0.6367,0.6524
3156,zooo,0.6366,0.5184
3157,changeant,0.6366,0.5381
3158,pari,0.6366,0.6034
3159,muette,0.6365,0.5831
3160,mandement,0.6365,0.4979
3161,échapper,0.6365,0.5701
3162,chaque,0.6364,0.6195
3163,ordonnent,0.6363,0.4595
3164,ern,0.6363,0.5952
3165,tré,0.6363,0.5756
3166,légèrement,0.6363,0.5930
3167,laifle,0.6363,0.5612
3168,abuse,0.6363,0.3846
3169,caf,0.6363,0.6685
3170,apprentifs,0.6363,0.5593
3171,précisément,0.6363,0.5408
3172,chaire,0.6361,0.6130
3173,prcs,0.6361,0.5183
3174,spectateur,0.6361,0.5291
3175,mor,0.6360,0.6199
3176,armé,0.6360,0.6174
3177,dialogue,0.6359,0.4442
3178,nées,0.6359,0.4807
3179,joignant,0.6359,0.5339
3180,d'autrui,0.6359,0.5028
3181,nez,0.6359,0.4624
3182,joyeux,0.6358,0.5844
3183,tend,0.6357,0.6140
3184,ette,0.6357,0.5693
3185,tos,0.6357,0.5136
3186,parade,0.6356,0.5461
3187,formes,0.6355,0.5784
3188,d'intérêt,0.6355,0.5198
3189,l'exil,0.6355,0.5197
3190,fréquens,0.6355,0.6199
3191,defaire,0.6355,0.5690
3192,l'année,0.6354,0.5562
3193,luimême,0.6354,0.5702
3194,estimé,0.6353,0.5417
3195,comparé,0.6353,0.4771
3196,ko,0.6353,0.5994
3197,vc,0.6351,0.5183
3198,dépositaire,0.6351,0.5157
3199,fir,0.6351,0.5895
3200,vendit,0.6351,0.6462
3201,plut,0.6351,0.5916
3202,l'apparence,0.6351,0.5302
3203,distinction,0.6351,0.6136
3204,pafe,0.6350,0.5773
3205,censeur,0.6350,0.5322
3206,merite,0.6350,0.4875
3207,ch,0.6349,0.6422
3208,lile,0.6349,0.6074
3209,vuide,0.6349,0.4715
3210,lune,0.6348,0.5881
3211,certainement,0.6348,0.4738
3212,ramasser,0.6348,0.5719
3213,l'art,0.6348,0.5064
3214,den,0.6348,0.5576
3215,dut,0.6348,0.3985
3216,grèce,0.6347,0.4223
3217,sensiblement,0.6347,0.5357
3218,ccr,0.6347,0.5165
3219,lainer,0.6347,0.5316
3220,reliefs,0.6347,0.6567
3221,lf,0.6346,0.5881
3222,drs,0.6346,0.5747
3223,set,0.6346,0.6256
3224,har,0.6345,0.6704
3225,trajan,0.6344,0.5407
3226,cla,0.6344,0.5974
3227,tracer,0.6343,0.6367
3228,die,0.6343,0.6178
3229,ourles,0.6343,0.5241
3230,rum,0.6342,0.4478
3231,vo,0.6341,0.5886
3232,diable,0.6341,0.7132
3233,affermir,0.6341,0.4565
3234,participer,0.6341,0.4520
3235,hie,0.6340,0.5254
3236,réglées,0.6340,0.4765
3237,cll,0.6340,0.5701
3238,iri,0.6339,0.4694
3239,d'apporter,0.6339,0.4708
3240,insérieure,0.6339,0.5233
3241,décide,0.6339,0.4680
3242,appar,0.6338,0.4940
3243,l'oraison,0.6338,0.6172
3244,fem,0.6338,0.6122
3245,fonr,0.6338,0.4947
3246,ess,0.6337,0.5150
3247,mas,0.6337,0.6085
3248,nte,0.6337,0.5144
3249,s'informer,0.6337,0.6699
3250,éternellement,0.6336,0.6559
3251,primes,0.6336,0.4881
3252,ccla,0.6336,0.5932
3253,maligne,0.6336,0.5572
3254,meuble,0.6335,0.5523
3255,publia,0.6334,0.5942
3256,ices,0.6334,0.5556
3257,cq,0.6334,0.5289
3258,mia,0.6334,0.5615
3259,d'admiration,0.6333,0.5866
3260,soutint,0.6333,0.5888
3261,barbarie,0.6333,0.4942
3262,d'l,0.6333,0.5312
3263,voye,0.6332,0.5044
3264,prescrites,0.6332,0.5819
3265,chapelain,0.6332,0.6427
3266,cesar,0.6332,0.5051
3267,regis,0.6331,0.4867
3268,uri,0.6331,0.6360
3269,dirc,0.6331,0.6413
3270,fire,0.6331,0.5571
3271,défendue,0.6331,0.6376
3272,han,0.6330,0.6666
3273,perdre,0.6329,0.5425
3274,pression,0.6329,0.5074
3275,lieurs,0.6329,0.5880
3276,l'accepter,0.6329,0.6512
3277,inhumaine,0.6328,0.4767
3278,suffisantes,0.6328,0.5651
3279,iiv,0.6328,0.4965
3280,l'horreur,0.6327,0.5904
3281,haut,0.6327,0.6559
3282,changer,0.6327,0.6364
3283,examinez,0.6327,0.6260
3284,l'épée,0.6326,0.6406
3285,leveur,0.6326,0.5409
3286,uti,0.6326,0.5087
3287,silence,0.6326,0.6499
3288,jeu,0.6325,0.4524
3289,maintien,0.6325,0.4034
3290,extreme,0.6325,0.5285
3291,d'oublier,0.6324,0.5805
3292,ub,0.6324,0.4631
3293,manquer,0.6323,0.5657
3294,l'autre,0.6323,0.6252
3295,lli,0.6323,0.4754
3296,continuellement,0.6323,0.5051
3297,l'existence,0.6322,0.4358
3298,nettes,0.6322,0.6145
3299,cllc,0.6322,0.5919
3300,rou,0.6321,0.5974
3301,supériorité,0.6321,0.4167
3302,arrêter,0.6321,0.6289
3303,chré,0.6321,0.5880
3304,fouler,0.6319,0.4819
3305,portée,0.6319,0.4049
3306,opposition,0.6318,0.6224
3307,tournez,0.6318,0.6010
3308,autres,0.6318,0.5438
3309,onde,0.6318,0.4752
3310,fion,0.6318,0.7377
3311,ri,0.6318,0.5709
3312,fable,0.6317,0.4736
3313,cheres,0.6317,0.6045
3314,tin,0.6317,0.5808
3315,fla,0.6315,0.6334
3316,absolu,0.6315,0.5093
3317,eis,0.6314,0.5137
3318,due,0.6314,0.5199
3319,ajoutant,0.6313,0.5520
3320,appui,0.6313,0.6533
3321,ncc,0.6313,0.4331
3322,xx,0.6313,0.6636
3323,l'offre,0.6313,0.4836
3324,incertains,0.6313,0.5444
3325,resente,0.6312,0.5203
3326,dti,0.6312,0.5230
3327,heu,0.6311,0.6279
3328,posséder,0.6311,0.4800
3329,cic,0.6311,0.5417
3330,septime,0.6310,0.4835
3331,l'ardeur,0.6310,0.5939
3332,l'etre,0.6310,0.5673
3333,journées,0.6310,0.5894
3334,modele,0.6310,0.5086
3335,tuiles,0.6309,0.5149
3336,lg,0.6309,0.5041
3337,conde,0.6309,0.5783
3338,roy,0.6309,0.4315
3339,ordonnées,0.6309,0.5367
3340,français,0.6309,0.4466
3341,confirmer,0.6308,0.6015
3342,fonder,0.6308,0.5270
3343,ajoute,0.6308,0.5723
3344,scio,0.6307,0.4901
3345,quo,0.6307,0.5308
3346,témoignages,0.6307,0.5690
3347,cnt,0.6306,0.4319
3348,équivoque,0.6306,0.4899
3349,audessus,0.6305,0.5654
3350,côté,0.6304,0.6281
3351,étrangere,0.6304,0.4890
3352,pati,0.6304,0.4508
3353,afez,0.6304,0.5524
3354,sertilité,0.6303,0.6038
3355,nio,0.6303,0.5104
3356,dcr,0.6303,0.5454
3357,paraît,0.6303,0.5426
3358,nue,0.6303,0.5636
3359,prifes,0.6303,0.5653
3360,uin,0.6302,0.5403
3361,iers,0.6302,0.4815
3362,scandale,0.6302,0.5787
3363,kl,0.6302,0.5527
3364,venire,0.6301,0.4773
3365,assurée,0.6301,0.4730
3366,oro,0.6301,0.4342
3367,consequences,0.6301,0.5666
3368,xo,0.6301,0.5198
3369,l'équipage,0.6301,0.6080
3370,bou,0.6301,0.6331
3371,jura,0.6300,0.4339
3372,changea,0.6300,0.6139
3373,d'heure,0.6299,0.6196
3374,cantons,0.6299,0.3923
3375,vy,0.6299,0.5445
3376,ax,0.6299,0.5227
3377,repris,0.6298,0.5737
3378,négocier,0.6298,0.4374
3379,recommandable,0.6298,0.6196
3380,core,0.6298,0.5107
3381,nettement,0.6298,0.4975
3382,sclon,0.6298,0.6764
3383,florins,0.6297,0.4226
3384,survient,0.6297,0.5024
3385,d'elle,0.6297,0.5892
3386,tal,0.6297,0.5843
3387,méme,0.6296,0.5896
3388,borner,0.6295,0.4141
3389,fere,0.6295,0.6330
3390,ita,0.6295,0.5204
3391,feurs,0.6295,0.6138
3392,parricide,0.6294,0.4873
3393,àa,0.6293,0.5863
3394,valable,0.6293,0.6357
3395,paître,0.6292,0.5740
3396,proche,0.6292,0.5528
3397,vol,0.6292,0.5814
3398,blâme,0.6290,0.4675
3399,chantre,0.6289,0.5691
3400,alternativement,0.6289,0.5297
3401,mutation,0.6288,0.5517
3402,l'au,0.6288,0.5188
3403,tour,0.6288,0.6314
3404,discernement,0.6288,0.6822
3405,sur,0.6287,0.5288
3406,semblable,0.6287,0.6522
3407,ben,0.6287,0.5890
3408,courans,0.6287,0.5384
3409,l'affaire,0.6287,0.5961
3410,ples,0.6286,0.4820
3411,joué,0.6285,0.6049
3412,ily,0.6285,0.4820
3413,réserve,0.6285,0.6311
3414,assurément,0.6285,0.4610
3415,act,0.6284,0.5852
3416,df,0.6284,0.5613
3417,campagnes,0.6283,0.4774
3418,fours,0.6283,0.5446
3419,us,0.6283,0.5385
3420,véritables,0.6282,0.4608
3421,saisis,0.6282,0.4396
3422,médiocrement,0.6282,0.6190
3423,jj,0.6282,0.6192
3424,faine,0.6282,0.4768
3425,commandez,0.6281,0.4988
3426,marché,0.6281,0.6359
3427,resulte,0.6280,0.5072
3428,époque,0.6279,0.6676
3429,engagée,0.6279,0.3977
3430,sauvages,0.6279,0.6061
3431,king,0.6278,0.6299
3432,fermentation,0.6277,0.5383
3433,uni,0.6277,0.5956
3434,latitude,0.6277,0.6225
3435,l'académie,0.6277,0.5019
3436,lce,0.6276,0.5311
3437,étranger,0.6276,0.6005
3438,abandon,0.6275,0.5081
3439,cti,0.6275,0.5259
3440,ave,0.6275,0.5436
3441,sçavoir,0.6275,0.4404
3442,iel,0.6275,0.5434
3443,l'arrivée,0.6275,0.6044
3444,limon,0.6275,0.4330
3445,sujer,0.6274,0.5091
3446,fout,0.6274,0.6784
3447,l'expression,0.6273,0.6146
3448,gardes,0.6273,0.5847
3449,d'athenes,0.6273,0.5520
3450,prc,0.6273,0.5707
3451,reprise,0.6272,0.5312
3452,flore,0.6272,0.5523
3453,magno,0.6272,0.3813
3454,jusque,0.6272,0.5530
3455,dud,0.6272,0.5459
3456,fiur,0.6271,0.5662
3457,tle,0.6270,0.5606
3458,conte,0.6270,0.5290
3459,rcn,0.6270,0.5719
3460,retirés,0.6269,0.4619
3461,inconnu,0.6269,0.6120
3462,ila,0.6268,0.5659
3463,terroir,0.6267,0.6128
3464,position,0.6267,0.4257
3465,defense,0.6267,0.5356
3466,disant,0.6267,0.6245
3467,mir,0.6266,0.5801
3468,luis,0.6266,0.3661
3469,dela,0.6266,0.6264
3470,danse,0.6266,0.5388
3471,tur,0.6265,0.5351
3472,enl,0.6265,0.6239
3473,cn,0.6265,0.5584
3474,s'instruire,0.6265,0.4396
3475,su,0.6265,0.4992
3476,proprio,0.6265,0.5481
3477,bc,0.6264,0.5826
3478,l'attendre,0.6264,0.6613
3479,opere,0.6263,0.4802
3480,discuter,0.6263,0.5632
3481,parier,0.6262,0.5621
3482,normand,0.6262,0.5567
3483,travail,0.6262,0.6870
3484,fortunes,0.6261,0.4104
3485,infinite,0.6261,0.6316
3486,mène,0.6261,0.4726
3487,defrance,0.6261,0.6196
3488,cur,0.6261,0.5616
3489,sacre,0.6260,0.5171
3490,supposé,0.6260,0.6049
3491,ue,0.6260,0.4860
3492,quanti,0.6259,0.4849
3493,envoyez,0.6259,0.6326
3494,moderne,0.6258,0.5561
3495,exige,0.6258,0.5867
3496,farce,0.6258,0.5373
3497,c'etoit,0.6258,0.5806
3498,oooo,0.6257,0.4793
3499,finit,0.6257,0.5443
3500,commise,0.6257,0.5956
3501,mécontentement,0.6256,0.4538
3502,note,0.6256,0.5189
3503,l'intelligence,0.6255,0.6463
3504,notoire,0.6255,0.4700
3505,saisie,0.6255,0.5592
3506,poussée,0.6255,0.5756
3507,perir,0.6255,0.5859
3508,d'artifice,0.6255,0.7498
3509,ouverts,0.6255,0.4962
3510,signifient,0.6254,0.5574
3511,sains,0.6254,0.5839
3512,docteur,0.6254,0.4677
3513,temporel,0.6253,0.5683
3514,passera,0.6253,0.5417
3515,abrégé,0.6253,0.5387
3516,enseignes,0.6253,0.5960
3517,cd,0.6253,0.5118
3518,continuelles,0.6253,0.4439
3519,rci,0.6252,0.4983
3520,d'épée,0.6251,0.5744
3521,qt,0.6251,0.4939
3522,qu'étant,0.6251,0.7017
3523,railleries,0.6251,0.3756
3524,casser,0.6251,0.7016
3525,laise,0.6250,0.4861
3526,amateurs,0.6250,0.5800
3527,outré,0.6250,0.5839
3528,close,0.6248,0.6121
3529,do,0.6248,0.5885
3530,ani,0.6248,0.6189
3531,denys,0.6248,0.6026
3532,fon,0.6247,0.4652
3533,confie,0.6247,0.4914
3534,provint,0.6247,0.5795
3535,ponts,0.6246,0.5017
3536,bu,0.6246,0.5390
3537,volage,0.6246,0.5853
3538,cartes,0.6246,0.5380
3539,anis,0.6245,0.5699
3540,quand,0.6245,0.6520
3541,conservant,0.6245,0.4997
3542,labours,0.6244,0.5917
3543,qo,0.6244,0.5127
3544,your,0.6244,0.3804
3545,iro,0.6243,0.4837
3546,avides,0.6243,0.4835
3547,louage,0.6242,0.5722
3548,estre,0.6242,0.5201
3549,bic,0.6241,0.5494
3550,ment,0.6241,0.6343
3551,labourage,0.6240,0.4750
3552,nes,0.6240,0.5911
3553,tenans,0.6240,0.6182
3554,multis,0.6240,0.3877
3555,zélé,0.6240,0.4308
3556,suivent,0.6240,0.5890
3557,habité,0.6239,0.6811
3558,cation,0.6239,0.5676
3559,l'usage,0.6239,0.5550
3560,parfaitement,0.6238,0.6577
3561,dominer,0.6238,0.5052
3562,ilr,0.6238,0.5080
3563,s'il,0.6238,0.5514
3564,contraignit,0.6237,0.4634
3565,éclatantes,0.6237,0.5908
3566,fleurir,0.6237,0.6274
3567,arbitre,0.6237,0.5370
3568,mini,0.6237,0.5226
3569,empêchement,0.6237,0.6131
3570,titre,0.6236,0.6129
3571,mcs,0.6236,0.6235
3572,ifles,0.6235,0.4543
3573,use,0.6235,0.4591
3574,privées,0.6235,0.5178
3575,entierement,0.6235,0.5608
3576,gouvernement,0.6235,0.3862
3577,d'irlande,0.6235,0.5547
3578,présentation,0.6234,0.6412
3579,sévérité,0.6234,0.4973
3580,oe,0.6233,0.5887
3581,contre,0.6233,0.6659
3582,mens,0.6232,0.6215
3583,loca,0.6232,0.4198
3584,contestation,0.6232,0.6130
3585,fieur,0.6231,0.6237
3586,absolue,0.6231,0.4619
3587,xxxi,0.6231,0.6971
3588,pensée,0.6231,0.5446
3589,cloche,0.6231,0.6656
3590,marqués,0.6231,0.4868
3591,communément,0.6230,0.5590
3592,bo,0.6230,0.4819
3593,distincte,0.6230,0.6056
3594,changé,0.6230,0.6234
3595,iei,0.6229,0.5556
3596,tol,0.6229,0.5539
3597,taut,0.6229,0.5203
3598,semble,0.6229,0.5982
3599,u'ils,0.6228,0.5778
3600,rapporte,0.6227,0.4498
3601,relations,0.6227,0.4109
3602,nomi,0.6227,0.4856
3603,l'entendre,0.6227,0.6087
3604,qii,0.6227,0.5497
3605,tam,0.6227,0.5016
3606,d'officiers,0.6227,0.5826
3607,d'esprit,0.6226,0.5572
3608,contribuer,0.6226,0.5904
3609,hai,0.6226,0.6727
3610,sûreté,0.6226,0.4277
3611,dureté,0.6225,0.4755
3612,vil,0.6225,0.5529
3613,dar,0.6225,0.6125
3614,piquer,0.6224,0.4597
3615,peuplé,0.6224,0.4715
3616,créa,0.6223,0.5321
3617,morts,0.6222,0.6705
3618,quis,0.6222,0.5866
3619,sulpice,0.6222,0.6676
3620,oye,0.6222,0.5782
3621,ambitieux,0.6221,0.4292
3622,prétextes,0.6221,0.5695
3623,luxe,0.6220,0.4503
3624,hit,0.6220,0.6005
3625,git,0.6220,0.6369
3626,renaître,0.6219,0.4731
3627,chirurgiens,0.6219,0.7048
3628,auparavant,0.6219,0.6070
3629,raport,0.6219,0.4895
3630,ho,0.6218,0.6743
3631,d'armes,0.6217,0.6941
3632,confesser,0.6216,0.5169
3633,ncs,0.6215,0.5183
3634,talens,0.6215,0.5827
3635,lio,0.6215,0.4527
3636,produits,0.6215,0.4573
3637,produisit,0.6214,0.5887
3638,oubli,0.6214,0.6024
3639,territoire,0.6214,0.5874
3640,age,0.6214,0.5054
3641,sorte,0.6214,0.5205
3642,excepté,0.6214,0.7000
3643,via,0.6213,0.4874
3644,ance,0.6213,0.5478
3645,mufique,0.6213,0.5810
3646,circulation,0.6213,0.4345
3647,fons,0.6212,0.6083
3648,rouleau,0.6212,0.5078
3649,examinons,0.6212,0.5466
3650,s'unir,0.6211,0.4778
3651,dele,0.6211,0.6558
3652,d'admirer,0.6211,0.5168
3653,l'absence,0.6210,0.5409
3654,citation,0.6209,0.4645
3655,quele,0.6209,0.5833
3656,venant,0.6208,0.5743
3657,pique,0.6208,0.4586
3658,with,0.6208,0.4807
3659,attentive,0.6208,0.5184
3660,d'assez,0.6208,0.6889
3661,das,0.6208,0.5910
3662,uu,0.6207,0.5475
3663,pil,0.6207,0.5620
3664,séparés,0.6206,0.4753
3665,nia,0.6206,0.6056
3666,cj,0.6205,0.4807
3667,iiii,0.6205,0.5352
3668,d'exemple,0.6204,0.5688
3669,oin,0.6204,0.5364
3670,marchande,0.6204,0.5505
3671,mos,0.6204,0.5060
3672,pére,0.6204,0.4868
3673,protester,0.6204,0.4969
3674,goutte,0.6204,0.4908
3675,methode,0.6203,0.5410
3676,dette,0.6203,0.5308
3677,livrées,0.6203,0.5051
3678,vainement,0.6202,0.5451
3679,unies,0.6201,0.5395
3680,rochelle,0.6200,0.5250
3681,ao,0.6200,0.4856
3682,roes,0.6200,0.5105
3683,maréchaux,0.6199,0.5937
3684,contradictions,0.6199,0.4147
3685,ries,0.6199,0.5397
3686,ant,0.6199,0.5732
3687,toscane,0.6198,0.5986
3688,gaules,0.6198,0.5743
3689,retrancher,0.6198,0.6181
3690,solitaire,0.6198,0.5440
3691,uo,0.6197,0.4760
3692,ifr,0.6197,0.6355
3693,formelle,0.6197,0.4091
3694,gues,0.6197,0.5719
3695,d'accorder,0.6197,0.6108
3696,tableau,0.6197,0.5180
3697,limites,0.6196,0.4324
3698,ns,0.6196,0.4810
3699,icn,0.6196,0.5176
3700,l'entendement,0.6195,0.5005
3701,canada,0.6195,0.5370
3702,allumer,0.6195,0.5029
3703,bus,0.6195,0.5130
3704,causc,0.6194,0.6288
3705,ressources,0.6194,0.3557
3706,d'exiger,0.6194,0.4340
3707,sortie,0.6193,0.5793
3708,exemptions,0.6193,0.4379
3709,exempts,0.6193,0.4112
3710,cale,0.6193,0.6155
3711,jou,0.6192,0.5812
3712,qu'el,0.6191,0.4831
3713,retenant,0.6190,0.6266
3714,l'habit,0.6190,0.5617
3715,noyer,0.6190,0.5463
3716,cenfure,0.6190,0.5283
3717,ressorts,0.6189,0.5303
3718,tf,0.6189,0.5100
3719,varie,0.6188,0.4648
3720,presente,0.6187,0.5461
3721,frein,0.6187,0.4055
3722,vcrs,0.6187,0.5923
3723,lur,0.6187,0.5611
3724,d'attirer,0.6187,0.5220
3725,ilest,0.6186,0.5730
3726,impression,0.6186,0.5043
3727,s'avancer,0.6186,0.4741
3728,pouvoirs,0.6186,0.6362
3729,coûta,0.6186,0.6343
3730,ld,0.6185,0.4666
3731,xii,0.6185,0.6756
3732,s'appellent,0.6185,0.6597
3733,irc,0.6185,0.4891
3734,atteint,0.6184,0.6148
3735,royale,0.6184,0.6215
3736,vizirs,0.6183,0.5781
3737,az,0.6183,0.5195
3738,commet,0.6183,0.5095
3739,oul,0.6182,0.5499
3740,subit,0.6182,0.5294
3741,inclination,0.6182,0.5710
3742,nombreuses,0.6181,0.4097
3743,produites,0.6181,0.6328
3744,acres,0.6180,0.5266
3745,anc,0.6180,0.5829
3746,réciproque,0.6180,0.4612
3747,précieux,0.6180,0.5747
3748,symbole,0.6179,0.4860
3749,ecrire,0.6179,0.6706
3750,compagne,0.6179,0.6662
3751,revers,0.6179,0.5413
3752,jointes,0.6178,0.6065
3753,parcouru,0.6178,0.5238
3754,scroit,0.6178,0.5909
3755,dm,0.6178,0.5319
3756,s'ef,0.6178,0.4566
3757,ition,0.6177,0.5910
3758,auili,0.6177,0.5455
3759,déchirer,0.6176,0.4983
3760,crt,0.6176,0.5331
3761,infideles,0.6176,0.6032
3762,suffi,0.6176,0.7230
3763,terme,0.6176,0.3978
3764,confidence,0.6175,0.5788
3765,cri,0.6175,0.4500
3766,xlv,0.6174,0.7058
3767,rappeler,0.6173,0.4956
3768,distinctement,0.6173,0.6496
3769,renommée,0.6172,0.6530
3770,préalable,0.6172,0.4210
3771,tourmente,0.6171,0.4865
3772,ejt,0.6171,0.4747
3773,prisonniers,0.6170,0.5959
3774,censeurs,0.6170,0.4819
3775,dons,0.6168,0.5689
3776,jérusalem,0.6168,0.4710
3777,lustre,0.6167,0.6252
3778,tontes,0.6167,0.5938
3779,mains,0.6167,0.5914
3780,epi,0.6167,0.5689
3781,subalternes,0.6167,0.6252
3782,lne,0.6167,0.5291
3783,bride,0.6166,0.6485
3784,piu,0.6166,0.5444
3785,court,0.6165,0.5248
3786,coute,0.6165,0.4522
3787,mimes,0.6165,0.5394
3788,éclairé,0.6164,0.5480
3789,préfence,0.6162,0.4804
3790,défenfe,0.6162,0.4367
3791,sci,0.6161,0.5815
3792,paroitra,0.6161,0.5456
3793,prime,0.6160,0.6277
3794,teindre,0.6160,0.5204
3795,fourmis,0.6160,0.5240
3796,moyennant,0.6160,0.6700
3797,soumise,0.6159,0.4458
3798,famine,0.6159,0.4458
3799,cesse,0.6159,0.4796
3800,sucres,0.6158,0.5363
3801,proportionnée,0.6158,0.5288
3802,parole,0.6158,0.6226
3803,écarter,0.6158,0.5982
3804,troublé,0.6158,0.6293
3805,pleure,0.6158,0.5662
3806,neuve,0.6158,0.6827
3807,concurrence,0.6157,0.4534
3808,ix,0.6157,0.6202
3809,comptoit,0.6156,0.5583
3810,present,0.6156,0.5372
3811,moindre,0.6156,0.6402
3812,l'en,0.6156,0.6487
3813,bian,0.6155,0.5237
3814,bannis,0.6155,0.4988
3815,repond,0.6155,0.5915
3816,l'effort,0.6155,0.4983
3817,satisfaire,0.6155,0.5791
3818,dernier,0.6154,0.5502
3819,importante,0.6154,0.6052
3820,regardez,0.6153,0.5073
3821,implacable,0.6153,0.5529
3822,prt,0.6153,0.6109
3823,démon,0.6153,0.6490
3824,cia,0.6153,0.4989
3825,taillis,0.6153,0.5687
3826,ptolomée,0.6153,0.6099
3827,secondé,0.6152,0.5132
3828,d'observer,0.6152,0.5822
3829,l'incertitude,0.6152,0.5268
3830,insupportable,0.6152,0.4362
3831,modes,0.6152,0.4871
3832,veni,0.6151,0.6216
3833,ler,0.6151,0.5580
3834,théâtre,0.6151,0.5633
3835,formoit,0.6150,0.6103
3836,dest,0.6150,0.6280
3837,regagner,0.6149,0.6330
3838,rre,0.6149,0.5114
3839,souveraine,0.6149,0.4678
3840,prive,0.6148,0.4186
3841,demeure,0.6148,0.6207
3842,aj,0.6147,0.4972
3843,correspondance,0.6147,0.4879
3844,aufll,0.6147,0.6679
3845,verse,0.6146,0.3873
3846,pou,0.6145,0.4799
3847,cns,0.6145,0.4956
3848,xlviii,0.6144,0.6695
3849,découverte,0.6144,0.6070
3850,occupent,0.6143,0.5069
3851,dy,0.6143,0.6054
3852,accompagne,0.6143,0.5324
3853,arr,0.6142,0.5333
3854,tragique,0.6141,0.5007
3855,timides,0.6141,0.4470
3856,quii,0.6141,0.5326
3857,iter,0.6141,0.4181
3858,origine,0.6141,0.6052
3859,prises,0.6141,0.6422
3860,prétendu,0.6140,0.5461
3861,prétendus,0.6140,0.4485
3862,ro,0.6140,0.5284
3863,nce,0.6140,0.5035
3864,pese,0.6140,0.4843
3865,qr,0.6139,0.5156
3866,icr,0.6139,0.4754
3867,luit,0.6139,0.5206
3868,julie,0.6138,0.5463
3869,l'anglois,0.6138,0.5113
3870,icu,0.6138,0.5447
3871,college,0.6138,0.6424
3872,tue,0.6138,0.4716
3873,fortifications,0.6137,0.4807
3874,cot,0.6137,0.5391
3875,espace,0.6137,0.6112
3876,ram,0.6137,0.4730
3877,aut,0.6136,0.5967
3878,ect,0.6135,0.5181
3879,achille,0.6135,0.5466
3880,iie,0.6135,0.5356
3881,obscur,0.6135,0.4804
3882,th,0.6135,0.5791
3883,acquerir,0.6134,0.5807
3884,eo,0.6134,0.5333
3885,indignation,0.6134,0.5558
3886,qu'ils,0.6133,0.6141
3887,lient,0.6133,0.4315
3888,conjecture,0.6132,0.5608
3889,lz,0.6132,0.4832
3890,multiplié,0.6132,0.6398
3891,iss,0.6131,0.5974
3892,digestion,0.6131,0.6310
3893,cham,0.6131,0.5383
3894,fréquent,0.6131,0.5637
3895,robert,0.6130,0.4946
3896,toits,0.6130,0.4458
3897,coupa,0.6129,0.6488
3898,int,0.6129,0.5163
3899,changement,0.6129,0.6243
3900,qli,0.6129,0.5175
3901,médecine,0.6128,0.5581
3902,griefs,0.6128,0.6060
3903,ray,0.6127,0.6235
3904,rôles,0.6127,0.5034
3905,vir,0.6127,0.6381
3906,lef,0.6126,0.5990
3907,distingue,0.6126,0.5750
3908,exploit,0.6125,0.3775
3909,forts,0.6125,0.6164
3910,succéder,0.6125,0.4289
3911,ard,0.6125,0.5198
3912,fumer,0.6125,0.5673
3913,étude,0.6124,0.5924
3914,l'heure,0.6124,0.6698
3915,gle,0.6124,0.6161
3916,feuille,0.6123,0.5756
3917,l'agitation,0.6123,0.4964
3918,tombées,0.6123,0.4755
3919,contribution,0.6123,0.4244
3920,lb,0.6123,0.6267
3921,lee,0.6123,0.6211
3922,domestique,0.6122,0.5302
3923,solliciter,0.6122,0.5873
3924,dro,0.6122,0.5583
3925,vertueux,0.6122,0.5664
3926,marine,0.6121,0.4815
3927,ml,0.6121,0.4896
3928,iar,0.6121,0.5156
3929,imparfaite,0.6121,0.5936
3930,fii,0.6120,0.5498
3931,loyers,0.6120,0.5667
3932,persuade,0.6119,0.6089
3933,poids,0.6119,0.7052
3934,avc,0.6118,0.5477
3935,gile,0.6118,0.6679
3936,convaincus,0.6118,0.4356
3937,laye,0.6118,0.5040
3938,contrat,0.6117,0.5002
3939,tics,0.6117,0.5610
3940,fom,0.6117,0.5191
3941,menti,0.6117,0.5000
3942,aine,0.6117,0.5105
3943,lâcheté,0.6116,0.4429
3944,vires,0.6115,0.4969
3945,bre,0.6115,0.4683
3946,enfuite,0.6115,0.5601
3947,lls,0.6115,0.5671
3948,mesuré,0.6114,0.5680
3949,volonté,0.6114,0.5317
3950,doubles,0.6114,0.5119
3951,folles,0.6114,0.5080
3952,comparaison,0.6114,0.6005
3953,nm,0.6114,0.4827
3954,romaines,0.6114,0.4828
3955,mau,0.6113,0.5748
3956,prisons,0.6113,0.6571
3957,frais,0.6113,0.5948
3958,era,0.6112,0.4670
3959,fint,0.6112,0.4574
3960,pete,0.6111,0.5299
3961,pierre,0.6111,0.6769
3962,confirma,0.6111,0.5553
3963,vis,0.6111,0.6089
3964,d'équité,0.6110,0.5501
3965,bai,0.6110,0.5531
3966,française,0.6108,0.4952
3967,propreté,0.6108,0.5775
3968,toison,0.6108,0.5033
3969,conclusion,0.6107,0.6017
3970,abandonna,0.6107,0.5445
3971,tranquilles,0.6107,0.4695
3972,jeûne,0.6106,0.6724
3973,furies,0.6106,0.6205
3974,dux,0.6106,0.5310
3975,membre,0.6106,0.5036
3976,super,0.6106,0.5550
3977,dt,0.6106,0.4820
3978,poudres,0.6106,0.4563
3979,cloître,0.6106,0.4764
3980,tonne,0.6105,0.5535
3981,general,0.6105,0.5056
3982,profondes,0.6105,0.3999
3983,rle,0.6105,0.5260
3984,normandie,0.6104,0.5227
3985,enceinte,0.6103,0.5891
3986,icl,0.6103,0.5204
3987,ei,0.6102,0.4720
3988,hautes,0.6101,0.6248
3989,es,0.6101,0.4369
3990,l'afie,0.6101,0.5170
3991,l'humilité,0.6101,0.5908
3992,pardevant,0.6100,0.6149
3993,proserpine,0.6100,0.4766
3994,traversé,0.6100,0.6451
3995,purifier,0.6100,0.5777
3996,destruction,0.6099,0.4309
3997,ombres,0.6099,0.5376
3998,pratiquée,0.6099,0.5414
3999,ens,0.6098,0.5375
4000,saie,0.6098,0.6824
4001,hol,0.6098,0.5532
4002,tt,0.6097,0.5523
4003,corinthe,0.6097,0.5162
4004,out,0.6096,0.5794
4005,qu'alors,0.6096,0.5330
4006,ome,0.6095,0.5944
4007,riens,0.6095,0.5654
4008,baleine,0.6095,0.6918
4009,ingrate,0.6094,0.5764
4010,brusque,0.6094,0.5041
4011,chacun,0.6094,0.6273
4012,rient,0.6094,0.6066
4013,condition,0.6093,0.6103
4014,pairs,0.6093,0.5628
4015,ridicule,0.6092,0.6432
4016,pret,0.6092,0.7718
4017,forger,0.6092,0.6085
4018,convint,0.6092,0.5904
4019,rotterdam,0.6091,0.5213
4020,habitudes,0.6091,0.3786
4021,etant,0.6090,0.5629
4022,attribut,0.6090,0.4954
4023,mangeant,0.6089,0.6294
4024,droit,0.6089,0.5678
4025,iun,0.6089,0.5502
4026,valois,0.6088,0.5106
4027,beau,0.6088,0.6007
4028,ois,0.6087,0.4963
4029,retrouve,0.6087,0.3644
4030,cuite,0.6087,0.4726
4031,marche,0.6087,0.5853
4032,membres,0.6086,0.6297
4033,système,0.6086,0.4260
4034,cetter,0.6085,0.5665
4035,colle,0.6085,0.5123
4036,cap,0.6085,0.5814
4037,opera,0.6084,0.5997
4038,publics,0.6084,0.5727
4039,relevée,0.6084,0.5072
4040,enregistrées,0.6084,0.4061
4041,arabes,0.6084,0.4785
4042,oil,0.6083,0.5614
4043,fidelité,0.6083,0.5309
4044,recommencer,0.6083,0.5692
4045,envoye,0.6082,0.6046
4046,dil,0.6082,0.5376
4047,crient,0.6082,0.4724
4048,cessez,0.6082,0.5457
4049,domine,0.6081,0.4867
4050,retenus,0.6081,0.4813
4051,uf,0.6081,0.5732
4052,hauteurs,0.6081,0.4210
4053,agir,0.6080,0.6069
4054,l'exercice,0.6080,0.5041
4055,sales,0.6079,0.5812
4056,étrangère,0.6079,0.4789
4057,politique,0.6079,0.4342
4058,berry,0.6079,0.6079
4059,délais,0.6079,0.5867
4060,palatin,0.6078,0.5252
4061,foibles,0.6078,0.5608
4062,l'apprendre,0.6078,0.6051
4063,ys,0.6077,0.5113
4064,débiter,0.6077,0.6669
4065,s'empare,0.6077,0.4883
4066,amen,0.6077,0.5349
4067,parfums,0.6077,0.5188
4068,mystere,0.6076,0.5118
4069,récompenses,0.6076,0.6454
4070,face,0.6076,0.4991
4071,passées,0.6075,0.5894
4072,venus,0.6075,0.4336
4073,éternels,0.6075,0.5316
4074,choisies,0.6075,0.4743
4075,cra,0.6075,0.6025
4076,chaîne,0.6074,0.5914
4077,éclairée,0.6074,0.4720
4078,monstre,0.6074,0.5285
4079,indemnité,0.6074,0.6505
4080,qti,0.6074,0.5190
4081,aires,0.6073,0.6330
4082,lanterne,0.6073,0.4815
4083,sente,0.6073,0.5311
4084,ultra,0.6073,0.3866
4085,sureté,0.6072,0.4533
4086,familier,0.6072,0.6111
4087,concourir,0.6072,0.4498
4088,l'orage,0.6071,0.5330
4089,concorde,0.6071,0.5345
4090,ennuyeux,0.6071,0.6310
4091,mahomet,0.6070,0.5536
4092,in,0.6070,0.5003
4093,iin,0.6070,0.5100
4094,cclle,0.6070,0.5951
4095,venans,0.6069,0.5761
4096,iti,0.6068,0.4867
4097,aimant,0.6067,0.5458
4098,s'expliquer,0.6067,0.5673
4099,dles,0.6067,0.5361
4100,d'étonnement,0.6066,0.6373
4101,l'acte,0.6066,0.5325
4102,u'il,0.6066,0.5196
4103,connoissancen,0.6065,0.4687
4104,flir,0.6065,0.5906
4105,ingénieux,0.6065,0.6013
4106,souffrir,0.6065,0.6509
4107,sea,0.6065,0.6346
4108,prévu,0.6065,0.5597
4109,l'exclusion,0.6064,0.5499
4110,ine,0.6064,0.5351
4111,dissertation,0.6064,0.6692
4112,ht,0.6063,0.5547
4113,d'envie,0.6063,0.5575
4114,ccttc,0.6062,0.6246
4115,briser,0.6061,0.6050
4116,ot,0.6061,0.4975
4117,abondamment,0.6061,0.6033
4118,tragedie,0.6061,0.5615
4119,rompit,0.6061,0.5910
4120,perfection,0.6061,0.4202
4121,d'albe,0.6060,0.5815
4122,employa,0.6060,0.5475
4123,l'honnêteté,0.6060,0.5741
4124,epitre,0.6059,0.4670
4125,bénéfice,0.6059,0.5282
4126,souffre,0.6059,0.5972
4127,comp,0.6058,0.5812
4128,prince,0.6057,0.6055
4129,l'administration,0.6057,0.4303
4130,double,0.6057,0.4600
4131,concert,0.6056,0.5640
4132,attention,0.6055,0.6375
4133,cni,0.6055,0.5336
4134,citez,0.6055,0.4551
4135,presque,0.6054,0.4987
4136,quelconque,0.6054,0.4451
4137,anonyme,0.6053,0.4982
4138,chargés,0.6053,0.4275
4139,rr,0.6053,0.5236
4140,opposé,0.6053,0.5586
4141,colin,0.6052,0.5309
4142,l'importance,0.6052,0.5211
4143,vacations,0.6052,0.5241
4144,commencement,0.6052,0.6084
4145,villiers,0.6051,0.5765
4146,posent,0.6051,0.6002
4147,l'etat,0.6051,0.4053
4148,ceu,0.6051,0.5712
4149,objet,0.6050,0.6691
4150,prolonger,0.6050,0.5695
4151,vertueuse,0.6049,0.5510
4152,détourne,0.6048,0.4771
4153,s'amuser,0.6048,0.5505
4154,incommodé,0.6048,0.5567
4155,plonger,0.6048,0.5986
4156,longueurs,0.6048,0.4740
4157,qu'ainsi,0.6047,0.5414
4158,batailles,0.6047,0.5404
4159,indubitable,0.6047,0.4935
4160,converti,0.6047,0.4914
4161,work,0.6046,0.2687
4162,j'estime,0.6046,0.6015
4163,reputation,0.6046,0.6101
4164,prudens,0.6045,0.5111
4165,perle,0.6045,0.5297
4166,offrant,0.6044,0.4289
4167,obtenue,0.6044,0.4067
4168,l'extrême,0.6044,0.5425
4169,if,0.6043,0.5699
4170,motif,0.6043,0.5284
4171,perfides,0.6043,0.4554
4172,defendre,0.6043,0.5093
4173,sentiers,0.6043,0.6972
4174,commençant,0.6043,0.5705
4175,par,0.6043,0.5070
4176,prévention,0.6042,0.4344
4177,reg,0.6041,0.5099
4178,eb,0.6041,0.5231
4179,vot,0.6040,0.5720
4180,assurances,0.6040,0.6061
4181,joignez,0.6040,0.6519
4182,caractere,0.6040,0.5030
4183,feaux,0.6040,0.5971
4184,relier,0.6039,0.5837
4185,prescrire,0.6039,0.5908
4186,contrôle,0.6039,0.4680
4187,aii,0.6038,0.5277
4188,admettre,0.6038,0.5147
4189,aflez,0.6038,0.5258
4190,dlu,0.6038,0.4828
4191,trace,0.6038,0.4589
4192,l'urine,0.6038,0.5310
4193,d'or,0.6037,0.5318
4194,aiu,0.6037,0.5632
4195,alexandrie,0.6036,0.4725
4196,d'affaires,0.6036,0.5336
4197,rl,0.6035,0.4798
4198,peinture,0.6035,0.5599
4199,ars,0.6035,0.5218
4200,confirme,0.6035,0.5629
4201,vulgaire,0.6035,0.4828
4202,conserva,0.6034,0.6243
4203,sérieux,0.6034,0.5650
4204,tées,0.6034,0.5300
4205,lorsqu,0.6034,0.5008
4206,charme,0.6034,0.6631
4207,d'élever,0.6033,0.5074
4208,supérieurs,0.6033,0.4492
4209,dénomination,0.6033,0.3965
4210,généralement,0.6032,0.4990
4211,fain,0.6032,0.5945
4212,capitales,0.6031,0.5043
4213,verser,0.6031,0.5542
4214,sauvez,0.6030,0.5638
4215,elc,0.6030,0.6309
4216,lande,0.6029,0.5456
4217,franchise,0.6029,0.5007
4218,ud,0.6029,0.4782
4219,asie,0.6029,0.4718
4220,imparfait,0.6029,0.5320
4221,texte,0.6028,0.6487
4222,rate,0.6028,0.6786
4223,mala,0.6028,0.5430
4224,pénitence,0.6028,0.6624
4225,aucunement,0.6028,0.5434
4226,mp,0.6028,0.4967
4227,suivans,0.6027,0.5260
4228,réelle,0.6027,0.4238
4229,poursuivis,0.6027,0.4678
4230,iy,0.6027,0.5101
4231,parmi,0.6027,0.5426
4232,murmure,0.6027,0.6551
4233,rio,0.6026,0.5322
4234,uis,0.6026,0.4556
4235,qu'enfin,0.6025,0.5618
4236,fâcheuse,0.6025,0.6452
4237,paste,0.6025,0.5401
4238,ar,0.6025,0.6501
4239,chargées,0.6025,0.4238
4240,erat,0.6025,0.5137
4241,tn,0.6025,0.5293
4242,enleva,0.6024,0.5829
4243,sr,0.6024,0.5196
4244,scr,0.6024,0.5440
4245,jl,0.6024,0.5396
4246,voitures,0.6024,0.5755
4247,filr,0.6024,0.5903
4248,s'attirer,0.6023,0.5041
4249,l'écriture,0.6023,0.5942
4250,czar,0.6023,0.5563
4251,dec,0.6023,0.5095
4252,créer,0.6023,0.4845
4253,quiconque,0.6023,0.5783
4254,xiv,0.6023,0.6528
4255,particulierement,0.6023,0.5771
4256,bol,0.6022,0.5144
4257,fermées,0.6022,0.4770
4258,cambrai,0.6022,0.5411
4259,trompettes,0.6022,0.5630
4260,cabinets,0.6021,0.5576
4261,sj,0.6021,0.5234
4262,trahison,0.6021,0.4472
4263,lci,0.6020,0.5139
4264,guy,0.6020,0.4781
4265,bouche,0.6020,0.5864
4266,martial,0.6020,0.5303
4267,vivere,0.6019,0.4297
4268,durable,0.6018,0.4414
4269,cum,0.6018,0.5517
4270,d'obtenir,0.6018,0.5880
4271,modérer,0.6017,0.5046
4272,lifant,0.6017,0.5256
4273,domo,0.6017,0.3744
4274,quoiqu'ils,0.6016,0.4610
4275,faction,0.6016,0.5338
4276,favorite,0.6016,0.5811
4277,mêmes,0.6016,0.4318
4278,marquée,0.6016,0.6250
4279,liir,0.6014,0.5904
4280,nouvelle,0.6014,0.4785
4281,cli,0.6013,0.5431
4282,nor,0.6013,0.6140
4283,principale,0.6013,0.6173
4284,devenu,0.6013,0.5995
4285,devenues,0.6012,0.4229
4286,pui,0.6011,0.5803
4287,éloignés,0.6011,0.4077
4288,vivans,0.6011,0.4942
4289,vicomte,0.6010,0.5052
4290,can,0.6010,0.5575
4291,impie,0.6010,0.4447
4292,annibal,0.6010,0.4840
4293,tei,0.6010,0.5238
4294,epître,0.6010,0.4599
4295,devine,0.6009,0.5054
4296,cui,0.6009,0.5206
4297,altesse,0.6009,0.6406
4298,samuel,0.6009,0.5466
4299,emporte,0.6009,0.4462
4300,inconnus,0.6009,0.4259
4301,germe,0.6009,0.4915
4302,dauphine,0.6008,0.5512
4303,nt,0.6008,0.4192
4304,erl,0.6007,0.5908
4305,quela,0.6007,0.6159
4306,rn,0.6007,0.4721
4307,remporter,0.6006,0.4824
4308,quarte,0.6006,0.6434
4309,nen,0.6006,0.5569
4310,notre,0.6005,0.4572
4311,l'équité,0.6004,0.4529
4312,recevez,0.6004,0.5137
4313,rames,0.6004,0.4778
4314,trahi,0.6004,0.5267
4315,d'horace,0.6004,0.5182
4316,intelligences,0.6003,0.4557
4317,thrace,0.6003,0.4466
4318,recueillir,0.6003,0.5072
4319,pafler,0.6002,0.4563
4320,concerne,0.6002,0.5068
4321,revient,0.6001,0.6606
4322,eas,0.6001,0.4896
4323,l'intendant,0.6001,0.5822
4324,baux,0.6000,0.5656
4325,gu,0.6000,0.5043
4326,lles,0.5999,0.4836
4327,m'arrêter,0.5999,0.4996
4328,mentir,0.5999,0.5064
4329,portât,0.5999,0.4357
4330,tions,0.5998,0.5055
4331,mines,0.5998,0.5202
4332,civils,0.5998,0.5199
4333,constante,0.5998,0.3931
4334,nobles,0.5998,0.5997
4335,rie,0.5998,0.6619
4336,d'expérience,0.5997,0.6395
4337,statut,0.5997,0.6204
4338,indifférent,0.5996,0.6038
4339,toucha,0.5996,0.5489
4340,sl,0.5996,0.5008
4341,rapportant,0.5995,0.4898
4342,rhodes,0.5995,0.5140
4343,babylone,0.5995,0.5533
4344,ius,0.5994,0.5245
4345,turent,0.5994,0.4925
4346,refsemblance,0.5994,0.5410
4347,bel,0.5994,0.4020
4348,vel,0.5994,0.5924
4349,pernicieux,0.5994,0.5163
4350,cavalier,0.5994,0.6504
4351,d'alexandrie,0.5993,0.4798
4352,audi,0.5993,0.7361
4353,chine,0.5993,0.4883
4354,d'egypte,0.5993,0.5031
4355,veaux,0.5992,0.5629
4356,restituer,0.5992,0.5600
4357,forains,0.5992,0.5048
4358,magie,0.5991,0.5415
4359,chauve,0.5991,0.6032
4360,rec,0.5991,0.5802
4361,crû,0.5990,0.4276
4362,l'espérance,0.5990,0.4602
4363,depens,0.5990,0.4954
4364,défunt,0.5990,0.5938
4365,teau,0.5990,0.5292
4366,sacrée,0.5989,0.5046
4367,l'execution,0.5989,0.5947
4368,rcr,0.5989,0.5191
4369,confié,0.5988,0.5462
4370,conversion,0.5987,0.5017
4371,exposée,0.5987,0.5180
4372,cos,0.5987,0.6049
4373,bes,0.5987,0.5563
4374,pompes,0.5987,0.5069
4375,tenue,0.5987,0.5700
4376,certe,0.5986,0.5147
4377,nd,0.5986,0.5049
4378,made,0.5986,0.5597
4379,idu,0.5986,0.5575
4380,blaise,0.5986,0.5066
4381,contenterai,0.5985,0.5787
4382,athenes,0.5985,0.5144
4383,exposez,0.5985,0.6072
4384,ruine,0.5985,0.4611
4385,talents,0.5984,0.5698
4386,disciple,0.5984,0.5687
4387,d'écouter,0.5984,0.5010
4388,tranquillement,0.5984,0.6290
4389,denier,0.5984,0.5415
4390,fro,0.5983,0.5981
4391,commercy,0.5983,0.5893
4392,exemplaires,0.5983,0.5406
4393,feux,0.5983,0.4320
4394,adoucir,0.5982,0.5332
4395,prisonnier,0.5982,0.5357
4396,servie,0.5981,0.5272
4397,fauxbourgs,0.5981,0.4729
4398,m'en,0.5981,0.5971
4399,soupçonné,0.5980,0.4668
4400,ration,0.5980,0.5906
4401,superieurs,0.5980,0.5197
4402,noient,0.5980,0.4728
4403,icelle,0.5980,0.4715
4404,vertu,0.5979,0.6097
4405,ure,0.5979,0.5739
4406,rt,0.5979,0.4480
4407,ailleurs,0.5979,0.5035
4408,exigent,0.5979,0.3263
4409,sorties,0.5979,0.5254
4410,contracter,0.5979,0.4804
4411,roule,0.5979,0.4433
4412,jourd'hui,0.5978,0.4128
4413,j'en,0.5977,0.5406
4414,égales,0.5977,0.5802
4415,etat,0.5977,0.5033
4416,clairement,0.5976,0.5365
4417,l'action,0.5976,0.6121
4418,portés,0.5976,0.4140
4419,cec,0.5975,0.4683
4420,mat,0.5975,0.5955
4421,énorme,0.5974,0.5667
4422,insulter,0.5974,0.5472
4423,cendre,0.5974,0.5981
4424,habiles,0.5974,0.5732
4425,melius,0.5973,0.4298
4426,complice,0.5972,0.4876
4427,provincial,0.5972,0.5355
4428,gentils,0.5972,0.7404
4429,retranché,0.5972,0.6383
4430,livra,0.5972,0.5263
4431,impunément,0.5971,0.5031
4432,risque,0.5971,0.6232
4433,clos,0.5970,0.5960
4434,fail,0.5970,0.6109
4435,merci,0.5970,0.4912
4436,corrompus,0.5970,0.4529
4437,baguette,0.5969,0.4956
4438,certitude,0.5969,0.4135
4439,cp,0.5968,0.5292
4440,mai,0.5968,0.4763
4441,fot,0.5968,0.5419
4442,grenade,0.5968,0.4873
4443,immense,0.5967,0.4054
4444,ordonnant,0.5966,0.4779
4445,lj,0.5966,0.5059
4446,juf,0.5966,0.5248
4447,renouvelle,0.5966,0.5065
4448,polr,0.5966,0.5598
4449,faux,0.5965,0.5872
4450,préféré,0.5965,0.4083
4451,dérobé,0.5964,0.5479
4452,vices,0.5964,0.4612
4453,recouvrer,0.5964,0.5310
4454,directement,0.5964,0.5089
4455,levées,0.5964,0.5974
4456,seules,0.5964,0.5652
4457,ji,0.5963,0.5160
4458,surmonter,0.5963,0.4730
4459,refle,0.5962,0.5129
4460,vallon,0.5962,0.4077
4461,sss,0.5962,0.5377
4462,pio,0.5962,0.5202
4463,rançon,0.5962,0.6474
4464,desir,0.5962,0.5504
4465,vieil,0.5962,0.5518
4466,los,0.5962,0.6118
4467,efe,0.5961,0.4322
4468,danses,0.5961,0.6960
4469,voyes,0.5961,0.4391
4470,chr,0.5961,0.5176
4471,iln,0.5960,0.4859
4472,manier,0.5960,0.5087
4473,mores,0.5959,0.5708
4474,adresse,0.5959,0.4391
4475,d'entrée,0.5958,0.6002
4476,iit,0.5958,0.5170
4477,fraîche,0.5958,0.4833
4478,grands,0.5957,0.5488
4479,cabale,0.5957,0.4559
4480,corrompre,0.5956,0.4727
4481,cit,0.5956,0.4883
4482,l'obliger,0.5955,0.5640
4483,réunir,0.5955,0.5718
4484,entretenus,0.5955,0.4519
4485,bienséance,0.5955,0.5004
4486,continuation,0.5955,0.6953
4487,qut,0.5954,0.6008
4488,remonter,0.5954,0.5807
4489,mages,0.5954,0.6439
4490,mile,0.5954,0.5845
4491,profita,0.5953,0.6053
4492,execution,0.5953,0.5788
4493,d'avantage,0.5953,0.5391
4494,zl,0.5952,0.5056
4495,inonde,0.5952,0.6535
4496,tués,0.5952,0.6770
4497,restes,0.5952,0.6330
4498,révolution,0.5951,0.3648
4499,retarder,0.5951,0.5576
4500,qu'y,0.5951,0.5127
4501,meme,0.5951,0.5758
4502,rit,0.5951,0.4837
4503,gueur,0.5950,0.6574
4504,obligeant,0.5950,0.5748
4505,uniquement,0.5950,0.5154
4506,avantageuses,0.5950,0.5505
4507,sortoit,0.5950,0.5434
4508,seul,0.5950,0.5732
4509,d'europe,0.5949,0.5255
4510,éclate,0.5949,0.4644
4511,courons,0.5949,0.5825
4512,réfléchir,0.5948,0.5031
4513,fincere,0.5947,0.4679
4514,scrupule,0.5947,0.5846
4515,rétablis,0.5947,0.4896
4516,ete,0.5947,0.4631
4517,cett,0.5947,0.5933
4518,spectateurs,0.5947,0.5948
4519,chantons,0.5947,0.6279
4520,abattre,0.5947,0.5702
4521,as,0.5947,0.4999
4522,ux,0.5946,0.5117
4523,sens,0.5946,0.5472
4524,foutenu,0.5945,0.4372
4525,iui,0.5945,0.5641
4526,t'elle,0.5945,0.5452
4527,clairs,0.5945,0.5268
4528,requise,0.5944,0.5102
4529,générale,0.5944,0.4031
4530,cai,0.5944,0.4854
4531,reduit,0.5944,0.5257
4532,remarquable,0.5944,0.6558
4533,ecoles,0.5943,0.4897
4534,commande,0.5943,0.6539
4535,termina,0.5942,0.4797
4536,baltique,0.5942,0.6544
4537,lous,0.5942,0.4866
4538,acquit,0.5942,0.5171
4539,équitables,0.5942,0.5003
4540,blan,0.5942,0.5627
4541,mariages,0.5942,0.6003
4542,entraîner,0.5942,0.4709
4543,colbert,0.5941,0.6233
4544,term,0.5941,0.4699
4545,solution,0.5941,0.6654
4546,jurer,0.5941,0.6296
4547,estimée,0.5941,0.5310
4548,eie,0.5940,0.5668
4549,fatigue,0.5940,0.6201
4550,éclatant,0.5940,0.4908
4551,posé,0.5940,0.4331
4552,acc,0.5940,0.5587
4553,voile,0.5939,0.5895
4554,gravité,0.5939,0.6745
4555,tic,0.5939,0.5404
4556,temporelles,0.5939,0.5434
4557,distinguée,0.5939,0.5307
4558,xxi,0.5938,0.6582
4559,positivement,0.5938,0.6667
4560,éteint,0.5937,0.5874
4561,valut,0.5937,0.4269
4562,rétabli,0.5937,0.5431
4563,caule,0.5936,0.6239
4564,rut,0.5936,0.5638
4565,tp,0.5936,0.4859
4566,danis,0.5936,0.5800
4567,levée,0.5936,0.5911
4568,teste,0.5935,0.3599
4569,l'étude,0.5935,0.6383
4570,s'éleva,0.5935,0.6168
4571,couvert,0.5935,0.5429
4572,nouvellement,0.5934,0.5061
4573,inl,0.5934,0.4747
4574,débit,0.5934,0.5924
4575,fiat,0.5934,0.4533
4576,dix,0.5933,0.5089
4577,nécessairement,0.5933,0.4524
4578,acte,0.5932,0.5530
4579,lie,0.5932,0.5582
4580,travaillez,0.5932,0.5265
4581,rom,0.5931,0.5849
4582,lons,0.5931,0.5873
4583,amer,0.5931,0.5888
4584,sit,0.5930,0.5677
4585,goûté,0.5930,0.5535
4586,mali,0.5929,0.4914
4587,cadets,0.5929,0.5567
4588,jan,0.5929,0.5609
4589,fo,0.5928,0.5902
4590,coins,0.5928,0.4674
4591,serrer,0.5928,0.5816
4592,abon,0.5928,0.5791
4593,miles,0.5928,0.5798
4594,serein,0.5928,0.4858
4595,celebre,0.5927,0.5000
4596,outrages,0.5927,0.4227
4597,ur,0.5926,0.5317
4598,gc,0.5926,0.5247
4599,quentin,0.5926,0.4806
4600,parcequ'il,0.5926,0.5560
4601,fameux,0.5925,0.4960
4602,chretiens,0.5925,0.5651
4603,l'impression,0.5925,0.6271
4604,tenant,0.5925,0.5583
4605,surtout,0.5925,0.4598
4606,publiques,0.5925,0.6099
4607,flambeau,0.5924,0.5562
4608,quee,0.5924,0.5262
4609,expier,0.5924,0.4832
4610,genéraux,0.5924,0.4878
4611,fel,0.5924,0.4750
4612,cause,0.5924,0.5573
4613,ecole,0.5923,0.5986
4614,obligations,0.5923,0.5415
4615,traitans,0.5922,0.5695
4616,ost,0.5922,0.6612
4617,arpent,0.5922,0.5505
4618,fiant,0.5921,0.5760
4619,iis,0.5921,0.4779
4620,del,0.5920,0.6502
4621,tz,0.5920,0.4651
4622,ite,0.5920,0.5298
4623,mortification,0.5920,0.6350
4624,taillée,0.5919,0.5969
4625,absolument,0.5919,0.4864
4626,ini,0.5919,0.5023
4627,lde,0.5919,0.5179
4628,compofé,0.5918,0.5400
4629,singe,0.5918,0.5132
4630,tranquille,0.5918,0.4482
4631,dais,0.5918,0.5172
4632,lasser,0.5917,0.4722
4633,imposer,0.5917,0.6040
4634,démêler,0.5917,0.5983
4635,dommage,0.5917,0.5017
4636,laville,0.5917,0.5337
4637,suffisante,0.5917,0.5624
4638,l'air,0.5917,0.6191
4639,violentes,0.5917,0.4193
4640,ferment,0.5916,0.4804
4641,dies,0.5916,0.5353
4642,craignant,0.5916,0.4924
4643,l'academie,0.5915,0.5322
4644,fide,0.5915,0.5367
4645,querelle,0.5915,0.5330
4646,direction,0.5915,0.4334
4647,tutelles,0.5915,0.5895
4648,nis,0.5914,0.5290
4649,heur,0.5914,0.6240
4650,d'autres,0.5914,0.5399
4651,d'ordinaire,0.5914,0.5239
4652,am,0.5914,0.5418
4653,bravoure,0.5913,0.4977
4654,cc,0.5913,0.5499
4655,ennemies,0.5913,0.4427
4656,bâtard,0.5913,0.6027
4657,contré,0.5912,0.6096
4658,impériale,0.5912,0.5748
4659,diminuent,0.5912,0.5334
4660,besoin,0.5912,0.5737
4661,lil,0.5911,0.5109
4662,secret,0.5911,0.6067
4663,discrétion,0.5911,0.5030
4664,funestes,0.5910,0.5313
4665,observant,0.5910,0.4712
4666,tranche,0.5910,0.5875
4667,légitimement,0.5909,0.4782
4668,réparation,0.5909,0.6154
4669,monceau,0.5909,0.5022
4670,signes,0.5908,0.4578
4671,pourvus,0.5908,0.4884
4672,lasse,0.5908,0.4619
4673,suspect,0.5908,0.4811
4674,alors,0.5908,0.6330
4675,dunkerque,0.5907,0.5194
4676,exercé,0.5907,0.5220
4677,severe,0.5907,0.5998
4678,s'occuper,0.5907,0.4609
4679,encourager,0.5906,0.4616
4680,tiens,0.5906,0.5658
4681,damas,0.5906,0.4963
4682,turenne,0.5906,0.5479
4683,îl,0.5906,0.6111
4684,gouvernemens,0.5906,0.5029
4685,meures,0.5906,0.5614
4686,lr,0.5905,0.4858
4687,cruellement,0.5905,0.4585
4688,ias,0.5905,0.5212
4689,um,0.5904,0.4348
4690,xxxviii,0.5904,0.6936
4691,lumières,0.5904,0.5472
4692,saisit,0.5904,0.5383
4693,rest,0.5903,0.6611
4694,end,0.5903,0.5199
4695,goute,0.5902,0.5634
4696,dite,0.5902,0.5213
4697,imposé,0.5902,0.4483
4698,ade,0.5901,0.4677
4699,cce,0.5901,0.6102
4700,base,0.5901,0.4019
4701,ico,0.5900,0.4376
4702,d'aimer,0.5900,0.6313
4703,l'entreprendre,0.5899,0.5577
4704,portions,0.5899,0.3795
4705,connus,0.5899,0.3770
4706,jurisprudence,0.5899,0.5570
4707,tb,0.5898,0.5533
4708,mensonge,0.5898,0.5884
4709,détacher,0.5898,0.5043
4710,qu'avoit,0.5897,0.5972
4711,hh,0.5896,0.6863
4712,valeurs,0.5896,0.5979
4713,dépendant,0.5895,0.5556
4714,dansée,0.5895,0.5985
4715,long,0.5895,0.6037
4716,également,0.5894,0.4093
4717,l'éducation,0.5893,0.5242
4718,pénible,0.5893,0.4922
4719,figurer,0.5892,0.4738
4720,guerre,0.5891,0.5792
4721,erreur,0.5890,0.5681
4722,languir,0.5890,0.5897
4723,barbier,0.5890,0.5502
4724,houmme,0.5890,0.4866
4725,augmentent,0.5890,0.5490
4726,production,0.5889,0.4184
4727,pure,0.5889,0.5911
4728,mandons,0.5888,0.5148
4729,durera,0.5888,0.5664
4730,favori,0.5887,0.6707
4731,révolutions,0.5887,0.3706
4732,tar,0.5887,0.6188
4733,loit,0.5887,0.6205
4734,réduit,0.5887,0.5658
4735,ode,0.5887,0.5424
4736,male,0.5887,0.6081
4737,descend,0.5887,0.6150
4738,liront,0.5887,0.5250
4739,secrettes,0.5886,0.6126
4740,apercevoir,0.5885,0.4767
4741,sec,0.5885,0.4750
4742,comble,0.5885,0.5021
4743,comedie,0.5885,0.5272
4744,faciliter,0.5885,0.6312
4745,qc,0.5884,0.4807
4746,continuelle,0.5884,0.6003
4747,trait,0.5884,0.6231
4748,préparation,0.5883,0.5403
4749,proposées,0.5883,0.5164
4750,bornes,0.5883,0.4613
4751,scaliger,0.5883,0.4974
4752,poussé,0.5883,0.5031
4753,nic,0.5882,0.5514
4754,teints,0.5882,0.5579
4755,teinte,0.5882,0.6349
4756,remporté,0.5882,0.5727
4757,ih,0.5881,0.5351
4758,martyr,0.5881,0.5768
4759,pressez,0.5881,0.5009
4760,débite,0.5881,0.5316
4761,s'assurer,0.5880,0.5786
4762,conter,0.5880,0.6895
4763,insensiblement,0.5880,0.4808
4764,venin,0.5880,0.5730
4765,commissions,0.5878,0.4892
4766,vouloir,0.5878,0.5637
4767,gloria,0.5878,0.4097
4768,daigne,0.5877,0.5736
4769,fluide,0.5877,0.6076
4770,sujct,0.5877,0.5846
4771,critiques,0.5876,0.4108
4772,lle,0.5876,0.5158
4773,poi,0.5875,0.5505
4774,d'années,0.5875,0.5965
4775,quanto,0.5875,0.4058
4776,amples,0.5875,0.5435
4777,tcs,0.5875,0.5455
4778,sable,0.5875,0.4751
4779,convenu,0.5875,0.6004
4780,oter,0.5875,0.5868
4781,lucile,0.5875,0.4736
4782,terra,0.5875,0.4517
4783,obscurs,0.5874,0.4207
4784,possède,0.5874,0.4155
4785,principaux,0.5874,0.6076
4786,qule,0.5873,0.5521
4787,l'élection,0.5873,0.5108
4788,déluge,0.5873,0.4291
4789,sonner,0.5873,0.5871
4790,augment,0.5873,0.5859
4791,s'appliquer,0.5873,0.5974
4792,parcourir,0.5872,0.4254
4793,demeurant,0.5872,0.5017
4794,consomme,0.5872,0.4217
4795,l'orgueil,0.5871,0.5037
4796,rs,0.5871,0.4493
4797,devienne,0.5871,0.5218
4798,scel,0.5871,0.5583
4799,quli,0.5870,0.5498
4800,sacrifie,0.5869,0.3530
4801,recommander,0.5868,0.6074
4802,tu,0.5868,0.4814
4803,sint,0.5868,0.4635
4804,boni,0.5866,0.4755
4805,d'ours,0.5866,0.5019
4806,l'être,0.5866,0.4777
4807,facilement,0.5866,0.6234
4808,i'on,0.5866,0.5191
4809,ravis,0.5865,0.4934
4810,profusion,0.5865,0.5046
4811,emporta,0.5865,0.5344
4812,proposoit,0.5865,0.5702
4813,pourvoir,0.5865,0.6104
4814,tenms,0.5865,0.4002
4815,fr,0.5864,0.5002
4816,dl,0.5863,0.5303
4817,battant,0.5863,0.5420
4818,constitution,0.5863,0.4315
4819,yo,0.5863,0.5712
4820,line,0.5863,0.6158
4821,fruit,0.5863,0.6402
4822,veilles,0.5863,0.5278
4823,étonnante,0.5862,0.4347
4824,flot,0.5861,0.5744
4825,ii,0.5861,0.5477
4826,aui,0.5860,0.5715
4827,incertaine,0.5860,0.5045
4828,marchandise,0.5859,0.6216
4829,dît,0.5859,0.4410
4830,christophe,0.5859,0.4943
4831,subtilité,0.5859,0.4955
4832,adrien,0.5859,0.4973
4833,décrire,0.5858,0.5367
4834,libéralité,0.5858,0.4601
4835,cabales,0.5858,0.4181
4836,jusqu'aux,0.5858,0.5567
4837,rapporta,0.5858,0.5102
4838,train,0.5857,0.5865
4839,l'arrêter,0.5857,0.5679
4840,ures,0.5857,0.5278
4841,l'univers,0.5856,0.5931
4842,trafic,0.5856,0.5725
4843,ilc,0.5856,0.4803
4844,motifs,0.5855,0.5615
4845,l'europe,0.5855,0.5581
4846,audacieux,0.5855,0.6030
4847,transportée,0.5855,0.5328
4848,presence,0.5854,0.4855
4849,estime,0.5854,0.5195
4850,portant,0.5854,0.4199
4851,pla,0.5854,0.5551
4852,bos,0.5853,0.5757
4853,ues,0.5853,0.5056
4854,calais,0.5853,0.5247
4855,chap,0.5853,0.5908
4856,dixme,0.5853,0.5190
4857,s'établir,0.5852,0.5029
4858,s'en,0.5852,0.4942
4859,reçût,0.5851,0.5819
4860,élus,0.5851,0.4209
4861,médiocres,0.5851,0.6365
4862,lx,0.5851,0.6212
4863,observée,0.5850,0.5064
4864,semaine,0.5850,0.5689
4865,systême,0.5850,0.4141
4866,l'audace,0.5850,0.4418
4867,aidé,0.5850,0.6173
4868,retirant,0.5850,0.4972
4869,l'hôtel,0.5849,0.5947
4870,médiocre,0.5849,0.6357
4871,discussion,0.5849,0.5781
4872,ert,0.5848,0.5542
4873,extravagant,0.5848,0.5232
4874,entendre,0.5848,0.5083
4875,d'aix,0.5848,0.6656
4876,vou,0.5847,0.5051
4877,excepter,0.5847,0.5885
4878,elus,0.5847,0.5500
4879,creuse,0.5847,0.4817
4880,li,0.5846,0.5756
4881,commettent,0.5846,0.5290
4882,i'c,0.5846,0.4383
4883,lot,0.5846,0.5402
4884,sam,0.5846,0.5799
4885,cassé,0.5846,0.5465
4886,épreuves,0.5846,0.4123
4887,terris,0.5845,0.5406
4888,lente,0.5845,0.5447
4889,germains,0.5845,0.4794
4890,partage,0.5845,0.6283
4891,succedent,0.5845,0.5331
4892,sortis,0.5845,0.4699
4893,tyr,0.5844,0.5225
4894,épargne,0.5844,0.4745
4895,conçut,0.5843,0.5877
4896,sejour,0.5842,0.5932
4897,lt,0.5842,0.4958
4898,périls,0.5842,0.5999
4899,choquer,0.5842,0.4785
4900,échange,0.5842,0.5845
4901,proue,0.5842,0.4891
4902,carriere,0.5841,0.4737
4903,rm,0.5841,0.4737
4904,lts,0.5841,0.5387
4905,nr,0.5841,0.4876
4906,raisin,0.5841,0.5091
4907,contrainte,0.5841,0.4681
4908,adam,0.5841,0.6861
4909,particuliers,0.5841,0.5251
4910,qu'ont,0.5841,0.5495
4911,perfe,0.5839,0.5863
4912,fd,0.5839,0.4854
4913,dcux,0.5839,0.5116
4914,i'r,0.5839,0.4648
4915,bs,0.5838,0.5002
4916,occupé,0.5838,0.6095
4917,importun,0.5838,0.5582
4918,étendre,0.5838,0.5386
4919,espagnol,0.5838,0.4830
4920,justes,0.5838,0.4534
4921,lumineux,0.5838,0.5772
4922,soutiennent,0.5838,0.5463
4923,prétention,0.5837,0.3657
4924,défendent,0.5837,0.6321
4925,lettrés,0.5837,0.4520
4926,occuper,0.5837,0.5599
4927,prudence,0.5836,0.4537
4928,conviendra,0.5836,0.5354
4929,lem,0.5836,0.5817
4930,tot,0.5836,0.4731
4931,incontestable,0.5835,0.4521
4932,sérieusement,0.5835,0.4943
4933,réel,0.5835,0.4450
4934,formellement,0.5835,0.4710
4935,og,0.5835,0.5621
4936,l'assemblée,0.5835,0.5202
4937,fidèle,0.5835,0.4171
4938,yen,0.5835,0.5736
4939,emprunter,0.5835,0.6075
4940,fade,0.5834,0.5165
4941,scc,0.5834,0.6015
4942,vins,0.5834,0.5863
4943,mare,0.5833,0.5370
4944,relation,0.5833,0.6017
4945,l'infante,0.5832,0.5947
4946,boulogne,0.5832,0.4683
4947,pauvreté,0.5832,0.4693
4948,ik,0.5831,0.6138
4949,ly,0.5831,0.6191
4950,causes,0.5831,0.5818
4951,dune,0.5831,0.5589
4952,corrige,0.5830,0.4889
4953,excita,0.5830,0.4759
4954,sage,0.5830,0.5738
4955,fuo,0.5829,0.3610
4956,quelconques,0.5829,0.4993
4957,nee,0.5829,0.5237
4958,séparée,0.5829,0.5432
4959,levure,0.5828,0.5341
4960,anciennes,0.5828,0.5723
4961,ets,0.5828,0.5663
4962,tl,0.5828,0.5022
4963,ample,0.5828,0.5569
4964,voici,0.5828,0.5388
4965,fer,0.5828,0.5803
4966,dignités,0.5827,0.5713
4967,rougir,0.5827,0.5828
4968,fauxbourg,0.5826,0.4418
4969,executer,0.5825,0.5726
4970,exercer,0.5824,0.5913
4971,bail,0.5824,0.4285
4972,voyageur,0.5824,0.4689
4973,l'honneur,0.5824,0.5313
4974,furieuse,0.5824,0.4888
4975,ili,0.5823,0.5364
4976,iso,0.5823,0.5556
4977,bertrand,0.5823,0.5495
4978,consolation,0.5823,0.5941
4979,influence,0.5822,0.3887
4980,priai,0.5822,0.5127
4981,convertit,0.5822,0.4935
4982,iic,0.5822,0.4700
4983,cod,0.5822,0.5360
4984,troye,0.5822,0.5673
4985,faisant,0.5822,0.5218
4986,efficace,0.5821,0.4563
4987,inconnues,0.5821,0.4179
4988,fortement,0.5821,0.4826
4989,fiut,0.5821,0.4644
4990,loin,0.5820,0.5822
4991,ferré,0.5820,0.5553
4992,aimables,0.5820,0.6065
4993,regarder,0.5819,0.5343
4994,sm,0.5818,0.5162
4995,arrivés,0.5817,0.4456
4996,dégoût,0.5817,0.4873
4997,yant,0.5817,0.6694
4998,étroit,0.5817,0.5601
4999,ida,0.5817,0.5779
5000,pls,0.5816,0.5659
5001,avance,0.5816,0.4441
5002,soustraire,0.5816,0.4200
5003,dépit,0.5816,0.4605
5004,diu,0.5816,0.5351
5005,ages,0.5816,0.5302
5006,tui,0.5816,0.5138
5007,fraude,0.5815,0.4262
5008,fil,0.5815,0.5070
5009,oir,0.5815,0.5142
5010,supposant,0.5815,0.4676
5011,muraille,0.5815,0.5430
5012,borné,0.5815,0.4401
5013,financier,0.5815,0.5928
5014,jusqu'en,0.5814,0.6042
5015,esclavage,0.5814,0.5006
5016,ide,0.5813,0.5323
5017,irrite,0.5813,0.5855
5018,oi,0.5813,0.4588
5019,unl,0.5813,0.5874
5020,millions,0.5813,0.5228
5021,retraite,0.5813,0.3790
5022,decider,0.5813,0.6200
5023,jonc,0.5812,0.4598
5024,paresseux,0.5812,0.5407
5025,dei,0.5812,0.5437
5026,sang,0.5812,0.4816
5027,sciences,0.5811,0.4540
5028,personnelle,0.5811,0.4954
5029,essentiellement,0.5811,0.4663
5030,tunc,0.5811,0.3828
5031,racine,0.5810,0.5558
5032,attira,0.5810,0.5406
5033,ig,0.5810,0.5153
5034,piés,0.5810,0.4494
5035,ccl,0.5809,0.5434
5036,suffisant,0.5809,0.6477
5037,j'ignore,0.5809,0.4826
5038,lance,0.5809,0.5951
5039,disposées,0.5809,0.4603
5040,égaler,0.5808,0.5737
5041,convoquer,0.5808,0.5461
5042,renvoi,0.5808,0.5096
5043,progrès,0.5808,0.4904
5044,délivrée,0.5807,0.4394
5045,tres,0.5807,0.7037
5046,vive,0.5807,0.5424
5047,désagréable,0.5807,0.5169
5048,ia,0.5807,0.4481
5049,perpétuelle,0.5806,0.4926
5050,prêtent,0.5806,0.4572
5051,habitants,0.5806,0.4674
5052,inc,0.5806,0.5029
5053,hier,0.5806,0.6035
5054,opposées,0.5805,0.5835
5055,vaine,0.5805,0.5973
5056,lâcher,0.5805,0.6586
5057,iour,0.5804,0.5927
5058,examinant,0.5804,0.5663
5059,beaumont,0.5804,0.4968
5060,lii,0.5804,0.5658
5061,ego,0.5804,0.4537
5062,théatre,0.5803,0.4040
5063,tr,0.5803,0.4727
5064,tellement,0.5802,0.5440
5065,priant,0.5802,0.5220
5066,d'ouvrages,0.5801,0.5287
5067,aie,0.5801,0.4584
5068,fine,0.5801,0.4542
5069,uc,0.5801,0.5047
5070,disposez,0.5801,0.6392
5071,admirables,0.5800,0.5491
5072,calomnie,0.5800,0.4140
5073,quittant,0.5800,0.6362
5074,aix,0.5800,0.5546
5075,fum,0.5800,0.3633
5076,bourreau,0.5800,0.5483
5077,comprens,0.5799,0.4311
5078,terminé,0.5799,0.4311
5079,nulles,0.5799,0.5729
5080,honore,0.5799,0.4030
5081,leçon,0.5799,0.5710
5082,baptême,0.5799,0.6177
5083,assurent,0.5798,0.5199
5084,d'avouer,0.5798,0.4526
5085,d'exprimer,0.5797,0.6006
5086,one,0.5796,0.4781
5087,polies,0.5796,0.5399
5088,loisir,0.5796,0.5958
5089,l'ouvrier,0.5795,0.5305
5090,lun,0.5795,0.4115
5091,cherchant,0.5795,0.5434
5092,l'héritier,0.5794,0.5547
5093,têtes,0.5794,0.5366
5094,guide,0.5793,0.4599
5095,al,0.5793,0.5790
5096,souffrit,0.5793,0.5785
5097,ooo,0.5792,0.4833
5098,haro,0.5792,0.2945
5099,l'océan,0.5792,0.4142
5100,empecher,0.5791,0.5252
5101,liste,0.5791,0.4917
5102,choc,0.5791,0.4159
5103,app,0.5791,0.5617
5104,tie,0.5790,0.4798
5105,content,0.5790,0.5911
5106,bourgogne,0.5789,0.4934
5107,angle,0.5789,0.4976
5108,sortifie,0.5789,0.5090
5109,occupés,0.5789,0.5021
5110,meilleur,0.5789,0.5641
5111,yr,0.5789,0.4774
5112,expofé,0.5789,0.5099
5113,dès,0.5788,0.4819
5114,jt,0.5788,0.4687
5115,complot,0.5787,0.4508
5116,vere,0.5787,0.5231
5117,tc,0.5787,0.5113
5118,march,0.5787,0.5949
5119,arte,0.5786,0.3893
5120,gl,0.5786,0.5130
5121,pointe,0.5786,0.5064
5122,valables,0.5786,0.5813
5123,eg,0.5785,0.5435
5124,l'avantage,0.5785,0.6696
5125,esclave,0.5784,0.5198
5126,réglé,0.5784,0.5206
5127,établies,0.5784,0.6512
5128,parvenu,0.5784,0.5902
5129,divertis,0.5784,0.6293
5130,infame,0.5784,0.5055
5131,culture,0.5784,0.4239
5132,icc,0.5783,0.5050
5133,trompeurs,0.5783,0.5129
5134,descendant,0.5783,0.5069
5135,bulle,0.5783,0.5869
5136,appliquée,0.5783,0.4859
5137,ari,0.5782,0.4934
5138,courant,0.5782,0.5052
5139,déterminée,0.5781,0.4372
5140,présage,0.5781,0.6033
5141,trs,0.5781,0.5036
5142,lisant,0.5781,0.5032
5143,intelligible,0.5781,0.4956
5144,singulier,0.5781,0.5331
5145,reconnus,0.5780,0.4400
5146,infidèle,0.5780,0.6265
5147,dépouilles,0.5780,0.5605
5148,mille,0.5780,0.5013
5149,refsource,0.5780,0.4284
5150,devoir,0.5780,0.5386
5151,ccc,0.5779,0.6011
5152,présomption,0.5779,0.4970
5153,ous,0.5779,0.5099
5154,genres,0.5778,0.3874
5155,salutaire,0.5778,0.5231
5156,clovis,0.5778,0.6222
5157,fatigué,0.5778,0.6077
5158,superflus,0.5778,0.5458
5159,longe,0.5778,0.5269
5160,tienne,0.5777,0.5696
5161,uine,0.5777,0.5623
5162,redevable,0.5777,0.5824
5163,repent,0.5777,0.5752
5164,députation,0.5776,0.4685
5165,cede,0.5776,0.4359
5166,importe,0.5776,0.5636
5167,bt,0.5775,0.5127
5168,gaieté,0.5774,0.4557
5169,déposition,0.5774,0.4350
5170,préjugé,0.5774,0.4449
5171,hist,0.5773,0.6818
5172,d'hommes,0.5773,0.4892
5173,dii,0.5773,0.5018
5174,carême,0.5773,0.5030
5175,bourbon,0.5773,0.4725
5176,froidement,0.5773,0.4770
5177,dépens,0.5772,0.5182
5178,croi,0.5772,0.4504
5179,connoissances,0.5772,0.5189
5180,exposés,0.5771,0.4139
5181,commerces,0.5771,0.4799
5182,nl,0.5770,0.4814
5183,inutilement,0.5770,0.5409
5184,constance,0.5770,0.4803
5185,trefles,0.5769,0.4854
5186,hs,0.5769,0.5670
5187,couvrant,0.5769,0.4695
5188,gal,0.5769,0.4911
5189,soutien,0.5769,0.4708
5190,injustes,0.5769,0.4102
5191,quelqu'autre,0.5769,0.5486
5192,poussant,0.5768,0.5082
5193,roc,0.5768,0.4406
5194,obtenues,0.5768,0.4434
5195,inventé,0.5768,0.5391
5196,irriter,0.5768,0.5399
5197,protecteur,0.5768,0.6281
5198,j'y,0.5767,0.4897
5199,courante,0.5767,0.5410
5200,incommode,0.5767,0.5600
5201,espagnole,0.5766,0.5214
5202,charitable,0.5766,0.5215
5203,promet,0.5766,0.4941
5204,regi,0.5765,0.4621
5205,incessamment,0.5765,0.4609
5206,lut,0.5765,0.5339
5207,participation,0.5765,0.5637
5208,will,0.5765,0.3932
5209,expresse,0.5765,0.6210
5210,l'aune,0.5765,0.4828
5211,lti,0.5764,0.5061
5212,vénérable,0.5764,0.5494
5213,consideré,0.5764,0.5543
5214,fale,0.5763,0.5492
5215,âgée,0.5763,0.5688
5216,eri,0.5762,0.6297
5217,citoyens,0.5762,0.5241
5218,attribué,0.5762,0.5928
5219,assura,0.5761,0.5290
5220,déguisement,0.5761,0.4558
5221,fignifier,0.5761,0.4750
5222,ilt,0.5761,0.4793
5223,bona,0.5761,0.4067
5224,ibid,0.5760,0.6292
5225,présente,0.5760,0.4170
5226,aides,0.5760,0.6373
5227,déclarée,0.5760,0.5428
5228,pareil,0.5760,0.5538
5229,occasion,0.5760,0.4935
5230,place,0.5760,0.5710
5231,quite,0.5759,0.6580
5232,d'alliance,0.5759,0.5937
5233,caligula,0.5759,0.5108
5234,gravé,0.5759,0.5805
5235,lic,0.5759,0.5027
5236,ving,0.5759,0.4955
5237,yc,0.5758,0.4864
5238,sincere,0.5758,0.5499
5239,xli,0.5757,0.6398
5240,tome,0.5757,0.5928
5241,mandemens,0.5757,0.5633
5242,sentier,0.5757,0.4710
5243,achevez,0.5757,0.6160
5244,iu,0.5757,0.4884
5245,originaire,0.5757,0.4600
5246,écrivant,0.5756,0.5284
5247,temporels,0.5755,0.6451
5248,piquant,0.5754,0.5781
5249,liu,0.5754,0.5877
5250,charlemagne,0.5754,0.5483
5251,avantageuse,0.5754,0.5922
5252,qi,0.5754,0.4502
5253,diligences,0.5754,0.4880
5254,iix,0.5753,0.4975
5255,bruxelles,0.5753,0.5614
5256,proposez,0.5753,0.5213
5257,l'engager,0.5753,0.5082
5258,publiquement,0.5753,0.4356
5259,ria,0.5753,0.4803
5260,étend,0.5753,0.5726
5261,bouillon,0.5752,0.4763
5262,bouches,0.5752,0.4402
5263,mises,0.5751,0.5396
5264,criminel,0.5751,0.5360
5265,grossir,0.5751,0.4925
5266,appuyer,0.5751,0.4828
5267,recevant,0.5750,0.5193
5268,thomas,0.5750,0.5046
5269,d'orange,0.5749,0.4874
5270,iil,0.5749,0.6110
5271,signé,0.5749,0.4482
5272,excellence,0.5749,0.6444
5273,sentes,0.5748,0.5637
5274,perdus,0.5748,0.4292
5275,égalité,0.5747,0.5015
5276,redoubler,0.5747,0.4635
5277,quan,0.5747,0.5963
5278,égards,0.5747,0.4169
5279,mail,0.5747,0.6202
5280,iq,0.5747,0.4893
5281,dixieme,0.5747,0.5957
5282,parvenir,0.5746,0.5615
5283,pavé,0.5746,0.4885
5284,présentée,0.5746,0.5682
5285,ya,0.5746,0.5281
5286,réduits,0.5746,0.4371
5287,noms,0.5746,0.5487
5288,conservez,0.5745,0.5821
5289,cyrus,0.5745,0.5395
5290,déchiré,0.5745,0.5643
5291,relief,0.5745,0.5459
5292,racheter,0.5744,0.5462
5293,c'c,0.5743,0.5809
5294,etoiles,0.5743,0.4949
5295,payez,0.5743,0.4072
5296,collation,0.5743,0.5365
5297,mil,0.5742,0.4937
5298,iant,0.5742,0.6323
5299,voyez,0.5742,0.6473
5300,promenant,0.5741,0.4372
5301,bruit,0.5741,0.5253
5302,contenu,0.5740,0.5543
5303,mathieu,0.5739,0.5037
5304,avo,0.5739,0.4795
5305,doute,0.5739,0.4561
5306,l'ombre,0.5739,0.6213
5307,perdez,0.5739,0.4210
5308,compagnies,0.5738,0.6016
5309,données,0.5738,0.5526
5310,d'horreur,0.5738,0.5488
5311,dz,0.5738,0.5740
5312,portées,0.5738,0.5604
5313,j'a,0.5737,0.5237
5314,s'ils,0.5737,0.5737
5315,liée,0.5737,0.4619
5316,jaloufie,0.5737,0.4605
5317,our,0.5737,0.5037
5318,dépouillé,0.5737,0.6349
5319,précipiter,0.5736,0.3986
5320,vieillard,0.5736,0.5236
5321,secrets,0.5736,0.4796
5322,existe,0.5735,0.3562
5323,gt,0.5735,0.4703
5324,pente,0.5734,0.6322
5325,soutenu,0.5734,0.5668
5326,gardé,0.5734,0.5774
5327,pratiqué,0.5734,0.5318
5328,tâchent,0.5734,0.4525
5329,malice,0.5734,0.4695
5330,vaisselle,0.5733,0.4867
5331,bagage,0.5733,0.4950
5332,ict,0.5733,0.4919
5333,trafiquer,0.5732,0.6187
5334,rions,0.5732,0.6835
5335,oj,0.5732,0.4650
5336,parer,0.5732,0.6353
5337,autrc,0.5732,0.5558
5338,fiit,0.5731,0.4893
5339,lorsqu'un,0.5731,0.5484
5340,abusé,0.5731,0.3562
5341,représente,0.5731,0.4901
5342,motte,0.5730,0.5929
5343,ellcs,0.5730,0.4983
5344,anime,0.5730,0.4206
5345,sacrement,0.5730,0.5231
5346,dce,0.5729,0.5152
5347,galante,0.5727,0.6222
5348,posées,0.5727,0.3964
5349,filer,0.5726,0.6082
5350,essuyer,0.5726,0.4827
5351,incompatible,0.5726,0.5591
5352,cei,0.5726,0.5608
5353,malgré,0.5724,0.4377
5354,consternation,0.5724,0.4194
5355,aperçu,0.5724,0.4464
5356,eloge,0.5723,0.4879
5357,satire,0.5723,0.4986
5358,err,0.5723,0.6229
5359,suivies,0.5723,0.4086
5360,hc,0.5723,0.4492
5361,d'acheter,0.5723,0.5460
5362,inscription,0.5722,0.5232
5363,fendre,0.5722,0.5573
5364,lettres,0.5722,0.5380
5365,ouvertures,0.5722,0.4587
5366,populace,0.5722,0.4301
5367,diamètre,0.5722,0.3985
5368,l'île,0.5721,0.4672
5369,connétable,0.5721,0.5705
5370,revoir,0.5721,0.6050
5371,conclue,0.5721,0.5439
5372,d'estime,0.5721,0.4764
5373,réduite,0.5721,0.5563
5374,insulte,0.5720,0.4600
5375,vrage,0.5720,0.6008
5376,noblesse,0.5719,0.5586
5377,pont,0.5719,0.6022
5378,durer,0.5719,0.5539
5379,eve,0.5719,0.6458
5380,erc,0.5719,0.3578
5381,profonde,0.5718,0.5556
5382,malade,0.5718,0.5848
5383,juré,0.5718,0.5419
5384,ss,0.5718,0.5430
5385,pc,0.5717,0.5011
5386,messieurs,0.5717,0.4406
5387,vl,0.5717,0.5467
5388,aveugles,0.5716,0.5750
5389,d'application,0.5716,0.6100
5390,enfin,0.5715,0.4738
5391,méditerranée,0.5715,0.5405
5392,conful,0.5715,0.4046
5393,sat,0.5713,0.4659
5394,l'amant,0.5712,0.4760
5395,hâte,0.5712,0.4710
5396,st,0.5712,0.3848
5397,sauva,0.5712,0.5763
5398,décision,0.5712,0.5074
5399,sembla,0.5712,0.5606
5400,trer,0.5711,0.4834
5401,ruse,0.5711,0.4618
5402,concours,0.5710,0.3945
5403,reduire,0.5710,0.5739
5404,reprend,0.5710,0.4791
5405,resolu,0.5710,0.4556
5406,écouter,0.5709,0.5134
5407,pins,0.5709,0.5101
5408,résoudre,0.5709,0.4374
5409,approchant,0.5708,0.5349
5410,efj,0.5707,0.4677
5411,pleine,0.5707,0.5654
5412,particulièrement,0.5707,0.5480
5413,guérison,0.5707,0.4684
5414,vision,0.5707,0.5153
5415,desirer,0.5707,0.4585
5416,harangue,0.5706,0.5626
5417,funt,0.5706,0.4641
5418,continue,0.5706,0.5793
5419,rendre,0.5705,0.5935
5420,consommé,0.5705,0.5353
5421,convenable,0.5705,0.5839
5422,triomphe,0.5704,0.5536
5423,rendoient,0.5704,0.5607
5424,chrétien,0.5704,0.4538
5425,allemand,0.5704,0.5657
5426,diverfité,0.5704,0.4185
5427,rai,0.5704,0.4837
5428,l'enfant,0.5704,0.6345
5429,oo,0.5704,0.4516
5430,misérables,0.5704,0.5821
5431,afin,0.5704,0.5663
5432,renvoie,0.5703,0.5065
5433,fondement,0.5703,0.5514
5434,monceaux,0.5702,0.4594
5435,venit,0.5702,0.3775
5436,culte,0.5701,0.5310
5437,prouve,0.5701,0.5202
5438,mécontent,0.5701,0.5140
5439,geneve,0.5700,0.6030
5440,unique,0.5700,0.4343
5441,ut,0.5700,0.5306
5442,anno,0.5700,0.5013
5443,ieu,0.5700,0.5476
5444,sos,0.5699,0.5838
5445,sources,0.5699,0.5638
5446,fidelles,0.5699,0.5827
5447,conduites,0.5699,0.4684
5448,coffres,0.5698,0.5642
5449,ln,0.5698,0.4877
5450,voler,0.5697,0.5214
5451,brillantes,0.5697,0.4365
5452,vingts,0.5697,0.4462
5453,juris,0.5696,0.4899
5454,jc,0.5696,0.4870
5455,mensonges,0.5696,0.4046
5456,dal,0.5696,0.5496
5457,relie,0.5696,0.4981
5458,supérieur,0.5696,0.4617
5459,balle,0.5695,0.4324
5460,privé,0.5695,0.4623
5461,adieu,0.5695,0.6101
5462,roit,0.5695,0.5352
5463,er,0.5695,0.4832
5464,voleur,0.5695,0.5666
5465,posse,0.5694,0.4257
5466,toto,0.5694,0.3657
5467,battus,0.5694,0.4201
5468,examine,0.5693,0.5316
5469,juif,0.5692,0.5653
5470,valablement,0.5691,0.5184
5471,d'imprimer,0.5691,0.6099
5472,hom,0.5691,0.5157
5473,jouissance,0.5691,0.5502
5474,malignes,0.5690,0.4968
5475,profitant,0.5690,0.5685
5476,assignations,0.5689,0.4608
5477,breuvage,0.5689,0.6641
5478,oubliez,0.5689,0.4421
5479,qa,0.5689,0.4951
5480,luc,0.5688,0.4581
5481,marin,0.5688,0.5793
5482,ers,0.5688,0.5193
5483,plan,0.5688,0.4281
5484,ule,0.5688,0.5697
5485,obligent,0.5688,0.5644
5486,éleve,0.5688,0.4079
5487,touts,0.5687,0.7436
5488,marques,0.5687,0.5865
5489,menoit,0.5687,0.5307
5490,avoué,0.5687,0.4844
5491,habiller,0.5686,0.6333
5492,chairs,0.5686,0.5309
5493,jam,0.5685,0.5070
5494,italien,0.5685,0.6407
5495,rendront,0.5685,0.5223
5496,preface,0.5684,0.4696
5497,refusent,0.5684,0.4997
5498,séduit,0.5684,0.4972
5499,jeunesse,0.5684,0.5012
5500,habite,0.5684,0.4263
5501,violer,0.5683,0.4138
5502,dr,0.5683,0.5390
5503,spirituelle,0.5682,0.5460
5504,chaffe,0.5682,0.5609
5505,bulles,0.5682,0.4711
5506,frappée,0.5682,0.5788
5507,instruite,0.5681,0.4494
5508,tiere,0.5681,0.5063
5509,vraisemblance,0.5681,0.6498
5510,turin,0.5681,0.5934
5511,tonnes,0.5681,0.5147
5512,simplement,0.5680,0.6166
5513,accepta,0.5680,0.5702
5514,gages,0.5679,0.4637
5515,né,0.5679,0.5067
5516,rui,0.5679,0.5991
5517,communs,0.5679,0.4473
5518,capital,0.5679,0.4272
5519,nette,0.5679,0.4611
5520,recu,0.5677,0.4007
5521,droites,0.5677,0.5321
5522,l'enfance,0.5677,0.5372
5523,ol,0.5677,0.5354
5524,roma,0.5677,0.4456
5525,purs,0.5676,0.5649
5526,intervenu,0.5676,0.4102
5527,d'enlever,0.5675,0.4717
5528,fausse,0.5675,0.4416
5529,l'election,0.5674,0.5224
5530,qul,0.5674,0.5672
5531,mortes,0.5674,0.5566
5532,annoncer,0.5674,0.5465
5533,tombera,0.5674,0.5307
5534,modération,0.5673,0.4715
5535,casse,0.5673,0.5131
5536,soif,0.5673,0.4904
5537,soutenue,0.5673,0.4533
5538,rendant,0.5673,0.5174
5539,exciter,0.5672,0.4134
5540,douces,0.5672,0.5393
5541,folides,0.5672,0.5141
5542,contraintes,0.5672,0.4786
5543,ul,0.5671,0.5244
5544,extrême,0.5670,0.5360
5545,versailles,0.5670,0.4793
5546,doucement,0.5670,0.5946
5547,canon,0.5670,0.4789
5548,poe,0.5669,0.5674
5549,of,0.5669,0.5279
5550,d'attendre,0.5669,0.4151
5551,encor,0.5668,0.5744
5552,l'entretenir,0.5668,0.5551
5553,parti,0.5667,0.4987
5554,elle,0.5667,0.5804
5555,possesseur,0.5666,0.6196
5556,abondant,0.5666,0.4408
5557,villa,0.5666,0.5630
5558,l'interêt,0.5666,0.5305
5559,patrimoine,0.5666,0.4662
5560,honneurs,0.5665,0.4780
5561,regni,0.5665,0.3896
5562,exceptions,0.5664,0.4064
5563,misère,0.5664,0.4185
5564,injustement,0.5664,0.5093
5565,flor,0.5664,0.5426
5566,agite,0.5664,0.4807
5567,liens,0.5663,0.4295
5568,nain,0.5663,0.5743
5569,parts,0.5662,0.6514
5570,soumis,0.5662,0.4161
5571,construit,0.5662,0.4413
5572,dissipé,0.5661,0.5653
5573,estimation,0.5661,0.4475
5574,chent,0.5661,0.6667
5575,boulanger,0.5661,0.5426
5576,romans,0.5660,0.5507
5577,chagrine,0.5660,0.5359
5578,diversité,0.5660,0.5459
5579,attacher,0.5659,0.3636
5580,s'ouvre,0.5659,0.4463
5581,musique,0.5659,0.5913
5582,oz,0.5659,0.5007
5583,zèle,0.5659,0.5177
5584,flit,0.5659,0.5507
5585,up,0.5658,0.5325
5586,amuser,0.5658,0.5596
5587,reprenant,0.5657,0.6021
5588,brûler,0.5657,0.5581
5589,expriment,0.5657,0.6087
5590,ril,0.5657,0.4928
5591,joue,0.5656,0.4163
5592,principauté,0.5656,0.4067
5593,l'agneau,0.5656,0.5775
5594,l'obscurité,0.5655,0.4609
5595,ports,0.5655,0.5680
5596,infamie,0.5655,0.4261
5597,te,0.5655,0.4352
5598,car,0.5655,0.4575
5599,dresser,0.5654,0.5333
5600,deviendroit,0.5654,0.4260
5601,bourgeois,0.5653,0.5694
5602,boi,0.5653,0.5139
5603,profane,0.5653,0.5104
5604,mépriser,0.5652,0.4541
5605,compassion,0.5652,0.6418
5606,jésuite,0.5651,0.6048
5607,regardé,0.5651,0.5532
5608,dcl,0.5651,0.5237
5609,victorieux,0.5650,0.4653
5610,pompeux,0.5650,0.5000
5611,neige,0.5650,0.5649
5612,d'ouvrir,0.5650,0.4881
5613,puissants,0.5650,0.5640
5614,affranchi,0.5648,0.4451
5615,masque,0.5648,0.4280
5616,attribuer,0.5648,0.4975
5617,danser,0.5647,0.5207
5618,corrompu,0.5647,0.4423
5619,provin,0.5647,0.4312
5620,interrompu,0.5647,0.6598
5621,fs,0.5646,0.5286
5622,nb,0.5646,0.5934
5623,fondre,0.5645,0.5581
5624,bande,0.5645,0.5165
5625,scrupules,0.5645,0.5323
5626,pisces,0.5645,0.4784
5627,ej,0.5645,0.4924
5628,ts,0.5645,0.4500
5629,ingrats,0.5644,0.5634
5630,interne,0.5643,0.6125
5631,tirées,0.5642,0.5534
5632,rapide,0.5642,0.3950
5633,clameur,0.5642,0.2991
5634,enfance,0.5641,0.5628
5635,l'union,0.5641,0.5345
5636,geste,0.5641,0.4341
5637,construction,0.5641,0.4270
5638,fauves,0.5640,0.6495
5639,accepte,0.5640,0.4827
5640,menus,0.5640,0.4912
5641,creux,0.5639,0.5042
5642,l'étendue,0.5639,0.5587
5643,genéral,0.5639,0.4786
5644,haï,0.5639,0.4878
5645,classes,0.5638,0.5534
5646,payant,0.5638,0.5879
5647,peindre,0.5638,0.5423
5648,portez,0.5638,0.5600
5649,vt,0.5638,0.5078
5650,sceaux,0.5637,0.6314
5651,d'esclaves,0.5636,0.5258
5652,posée,0.5636,0.5079
5653,taillé,0.5636,0.4704
5654,mariniers,0.5636,0.5249
5655,perfidie,0.5636,0.4239
5656,liquidation,0.5635,0.5238
5657,piliers,0.5635,0.4232
5658,flanc,0.5635,0.5574
5659,alter,0.5635,0.4340
5660,joseph,0.5635,0.5458
5661,forma,0.5635,0.3734
5662,charrue,0.5634,0.5727
5663,pluie,0.5634,0.5806
5664,vante,0.5634,0.4979
5665,informer,0.5634,0.5205
5666,poignard,0.5634,0.4919
5667,gouvernée,0.5634,0.5635
5668,tité,0.5633,0.5829
5669,évidence,0.5633,0.4500
5670,protéger,0.5633,0.4980
5671,exprime,0.5633,0.5362
5672,bayonne,0.5633,0.4778
5673,ec,0.5633,0.5592
5674,legal,0.5632,0.2720
5675,ancien,0.5632,0.6665
5676,transportées,0.5632,0.4929
5677,amoureux,0.5632,0.6312
5678,conçu,0.5632,0.5132
5679,gro,0.5631,0.5123
5680,absent,0.5631,0.5806
5681,scellé,0.5631,0.4439
5682,ill,0.5631,0.5059
5683,liées,0.5631,0.4447
5684,el,0.5631,0.4659
5685,done,0.5630,0.6178
5686,d'u,0.5630,0.4600
5687,apprenant,0.5630,0.4646
5688,s'enfuit,0.5630,0.4130
5689,cg,0.5630,0.5171
5690,camps,0.5629,0.4351
5691,lour,0.5629,0.7225
5692,conquête,0.5629,0.5674
5693,braver,0.5629,0.3919
5694,l'ambition,0.5628,0.4598
5695,divertissement,0.5628,0.5020
5696,infaillible,0.5628,0.5006
5697,réduction,0.5628,0.6223
5698,brisé,0.5628,0.4561
5699,chaux,0.5627,0.5843
5700,s'empara,0.5627,0.3963
5701,os,0.5627,0.5196
5702,poursuit,0.5627,0.5659
5703,parfait,0.5626,0.5447
5704,rp,0.5626,0.5225
5705,jouissent,0.5626,0.5758
5706,sévère,0.5626,0.4765
5707,exercices,0.5625,0.5779
5708,poésie,0.5625,0.4327
5709,it,0.5624,0.3958
5710,irs,0.5624,0.4748
5711,demande,0.5622,0.5197
5712,divin,0.5621,0.6420
5713,restera,0.5621,0.3566
5714,troupeau,0.5621,0.5470
5715,ruinée,0.5621,0.4429
5716,paser,0.5620,0.4482
5717,appaiser,0.5620,0.5413
5718,gain,0.5619,0.5579
5719,ténèbres,0.5619,0.5373
5720,rudement,0.5619,0.4781
5721,preuve,0.5619,0.5855
5722,traites,0.5618,0.6488
5723,fourniture,0.5618,0.4319
5724,délicatesse,0.5618,0.4033
5725,bienveillance,0.5617,0.5013
5726,restoit,0.5617,0.5746
5727,précipitation,0.5617,0.5739
5728,excufe,0.5616,0.5142
5729,médecin,0.5616,0.5347
5730,privilege,0.5616,0.4746
5731,honorable,0.5615,0.5185
5732,bordeaux,0.5615,0.4463
5733,oeuvres,0.5615,0.6125
5734,invisible,0.5614,0.5051
5735,renversé,0.5614,0.5068
5736,offense,0.5613,0.4242
5737,l'obligation,0.5613,0.4174
5738,travailla,0.5613,0.5855
5739,muses,0.5612,0.5031
5740,ménagé,0.5612,0.4650
5741,dragon,0.5612,0.4427
5742,l'exemple,0.5612,0.6077
5743,complaisance,0.5612,0.5882
5744,figne,0.5612,0.4629
5745,l'or,0.5611,0.5593
5746,allumée,0.5611,0.5445
5747,séculiers,0.5611,0.4506
5748,balancer,0.5610,0.4419
5749,qu'ai,0.5610,0.5142
5750,voisinage,0.5609,0.6023
5751,orgueilleux,0.5609,0.4993
5752,diminutions,0.5609,0.4340
5753,tenus,0.5608,0.4496
5754,paresse,0.5608,0.4996
5755,palmes,0.5608,0.4307
5756,oublier,0.5606,0.5721
5757,forcée,0.5606,0.4982
5758,stipulé,0.5606,0.5302
5759,tirée,0.5605,0.5385
5760,simples,0.5605,0.5657
5761,avoi,0.5605,0.5275
5762,julqu'à,0.5605,0.5549
5763,jugez,0.5605,0.5460
5764,fievre,0.5605,0.5168
5765,loges,0.5605,0.4366
5766,corpus,0.5604,0.3987
5767,prétendre,0.5604,0.5343
5768,faveur,0.5604,0.4355
5769,historique,0.5604,0.4592
5770,obéit,0.5604,0.4444
5771,port,0.5603,0.4700
5772,pair,0.5603,0.5374
5773,fort,0.5602,0.4713
5774,ioit,0.5601,0.5449
5775,député,0.5601,0.4615
5776,iou,0.5601,0.5527
5777,nantes,0.5600,0.4581
5778,recherché,0.5600,0.5329
5779,venues,0.5600,0.4127
5780,disette,0.5599,0.4697
5781,enseigner,0.5598,0.5437
5782,restent,0.5598,0.5506
5783,sexes,0.5598,0.5276
5784,examen,0.5598,0.5276
5785,arnaud,0.5598,0.4299
5786,puiflance,0.5597,0.4713
5787,fabrique,0.5597,0.5928
5788,lancer,0.5597,0.6053
5789,lege,0.5597,0.4425
5790,généreux,0.5597,0.5318
5791,crainte,0.5596,0.5514
5792,odeurs,0.5596,0.5800
5793,dispense,0.5596,0.4673
5794,châtier,0.5596,0.5181
5795,brevet,0.5596,0.6308
5796,exercice,0.5596,0.5483
5797,témérité,0.5595,0.4073
5798,respe,0.5595,0.5449
5799,osa,0.5595,0.4265
5800,vigne,0.5595,0.4623
5801,taillées,0.5595,0.4117
5802,veine,0.5595,0.5532
5803,comptant,0.5594,0.6694
5804,apperçu,0.5594,0.4103
5805,fonda,0.5594,0.4601
5806,cherchez,0.5593,0.4979
5807,louange,0.5593,0.4184
5808,brouiller,0.5593,0.4960
5809,som,0.5593,0.6046
5810,crever,0.5593,0.5817
5811,défaut,0.5593,0.5415
5812,bassins,0.5591,0.4074
5813,solde,0.5591,0.4611
5814,d'en,0.5591,0.5306
5815,vigueur,0.5591,0.5341
5816,leçons,0.5590,0.4847
5817,unquam,0.5589,0.3733
5818,aider,0.5589,0.5199
5819,orient,0.5589,0.5992
5820,cachée,0.5589,0.6486
5821,éoit,0.5589,0.4309
5822,manque,0.5589,0.4945
5823,publier,0.5588,0.5074
5824,mémoire,0.5588,0.3762
5825,défendus,0.5588,0.4768
5826,sot,0.5587,0.4866
5827,purifie,0.5587,0.5342
5828,mêlé,0.5587,0.5480
5829,frivole,0.5586,0.4748
5830,capitale,0.5586,0.3960
5831,pratiquer,0.5586,0.4531
5832,projet,0.5586,0.4025
5833,armis,0.5585,0.3623
5834,fatiguer,0.5585,0.4863
5835,rebuter,0.5585,0.4602
5836,employés,0.5584,0.3799
5837,passeroit,0.5584,0.5559
5838,viendra,0.5583,0.4012
5839,égaux,0.5583,0.4260
5840,rii,0.5583,0.4818
5841,ça,0.5583,0.4866
5842,canne,0.5582,0.4538
5843,purement,0.5582,0.4790
5844,distinguent,0.5582,0.5324
5845,habitation,0.5582,0.3821
5846,lever,0.5581,0.6075
5847,sensible,0.5581,0.5899
5848,cordons,0.5580,0.4474
5849,flatté,0.5580,0.4873
5850,refute,0.5580,0.4558
5851,expire,0.5580,0.4581
5852,bâtit,0.5579,0.4678
5853,procuration,0.5579,0.5505
5854,terre,0.5579,0.6076
5855,empêcha,0.5579,0.5187
5856,amasser,0.5579,0.6176
5857,mande,0.5578,0.5499
5858,rei,0.5578,0.4996
5859,témoigne,0.5578,0.5622
5860,assure,0.5578,0.5671
5861,anciennement,0.5578,0.4191
5862,ast,0.5578,0.5585
5863,ét,0.5577,0.4751
5864,braves,0.5577,0.4911
5865,moururent,0.5576,0.5732
5866,merlin,0.5576,0.4448
5867,d'entr'eux,0.5575,0.4268
5868,poudre,0.5575,0.5218
5869,oblig,0.5575,0.4614
5870,dure,0.5575,0.4951
5871,peints,0.5574,0.5120
5872,irt,0.5574,0.4757
5873,révérence,0.5574,0.5495
5874,subtile,0.5574,0.4748
5875,troublée,0.5574,0.5564
5876,havre,0.5574,0.4521
5877,ein,0.5573,0.5574
5878,accompagnée,0.5573,0.5208
5879,bornée,0.5573,0.5928
5880,délices,0.5573,0.5276
5881,d'ail,0.5572,0.4853
5882,nues,0.5572,0.4641
5883,l'heureuse,0.5572,0.5179
5884,quarts,0.5571,0.6140
5885,vénération,0.5571,0.4284
5886,allié,0.5571,0.5366
5887,urs,0.5571,0.5140
5888,coûter,0.5570,0.6102
5889,l'origine,0.5570,0.4237
5890,trouv,0.5570,0.5500
5891,remis,0.5570,0.5386
5892,vagues,0.5569,0.4997
5893,fixer,0.5569,0.5267
5894,tribut,0.5569,0.4297
5895,vains,0.5569,0.4309
5896,évidemment,0.5569,0.4743
5897,seigneur,0.5568,0.5970
5898,évidentes,0.5568,0.4687
5899,ligne,0.5568,0.5572
5900,continuoit,0.5567,0.5526
5901,ôtent,0.5567,0.5868
5902,ceci,0.5567,0.5435
5903,compté,0.5567,0.5321
5904,violens,0.5567,0.5595
5905,traiter,0.5567,0.6029
5906,commencer,0.5566,0.6205
5907,revêtus,0.5566,0.4364
5908,land,0.5566,0.4948
5909,réciproquement,0.5566,0.4951
5910,l'innocence,0.5566,0.4952
5911,see,0.5566,0.4619
5912,suivirent,0.5565,0.5564
5913,imaginables,0.5565,0.5596
5914,tiré,0.5565,0.4769
5915,infinies,0.5565,0.5543
5916,unanimement,0.5564,0.6876
5917,laurier,0.5564,0.4074
5918,châteaux,0.5564,0.5374
5919,litres,0.5564,0.4152
5920,lots,0.5564,0.5389
5921,marais,0.5563,0.4651
5922,remèdes,0.5563,0.4466
5923,sanglante,0.5563,0.4882
5924,coudre,0.5563,0.5826
5925,jaloux,0.5563,0.4238
5926,conformité,0.5563,0.5070
5927,s'attacha,0.5562,0.5962
5928,led,0.5562,0.5604
5929,relâcher,0.5562,0.4575
5930,comme,0.5562,0.4986
5931,cabaret,0.5562,0.5405
5932,mart,0.5561,0.5876
5933,larcin,0.5561,0.6635
5934,authentique,0.5561,0.5872
5935,lû,0.5561,0.3691
5936,icurs,0.5561,0.5258
5937,l'aurore,0.5561,0.5676
5938,jadis,0.5560,0.4904
5939,vingtième,0.5560,0.5351
5940,mesure,0.5560,0.4374
5941,information,0.5559,0.4454
5942,nle,0.5559,0.5261
5943,tut,0.5559,0.5434
5944,ric,0.5559,0.5673
5945,rappel,0.5558,0.6881
5946,interêt,0.5558,0.5118
5947,clôture,0.5558,0.5034
5948,coin,0.5557,0.4723
5949,impies,0.5557,0.5436
5950,surprises,0.5557,0.5118
5951,chaise,0.5557,0.4637
5952,valeur,0.5557,0.5739
5953,jalouse,0.5556,0.4760
5954,tibre,0.5556,0.4667
5955,courtisan,0.5556,0.5972
5956,successions,0.5556,0.5105
5957,relte,0.5556,0.4899
5958,contiendra,0.5556,0.4302
5959,singularité,0.5555,0.4405
5960,principalement,0.5555,0.4857
5961,légère,0.5555,0.5835
5962,couvertes,0.5554,0.5278
5963,erit,0.5554,0.3635
5964,livre,0.5554,0.4857
5965,trcs,0.5554,0.5514
5966,mordre,0.5554,0.5102
5967,chancellerie,0.5553,0.5179
5968,l'abandonner,0.5553,0.4684
5969,rome,0.5553,0.5262
5970,tais,0.5553,0.4426
5971,jolies,0.5553,0.5405
5972,sublime,0.5553,0.4170
5973,d'italie,0.5553,0.6288
5974,présumer,0.5553,0.6217
5975,pf,0.5553,0.5636
5976,bene,0.5552,0.3786
5977,excellente,0.5551,0.5460
5978,marée,0.5551,0.6372
5979,ent,0.5551,0.4371
5980,ros,0.5551,0.5811
5981,mention,0.5551,0.5254
5982,contrevenir,0.5551,0.4806
5983,délicates,0.5551,0.5023
5984,vieilles,0.5551,0.4673
5985,lum,0.5550,0.3937
5986,destination,0.5550,0.4404
5987,tendu,0.5549,0.7431
5988,solidairement,0.5549,0.6401
5989,ry,0.5548,0.4880
5990,toi,0.5547,0.4265
5991,méchante,0.5547,0.4899
5992,impériaux,0.5546,0.4868
5993,jo,0.5546,0.5231
5994,d'eux,0.5545,0.5860
5995,demeures,0.5545,0.4208
5996,durent,0.5545,0.5593
5997,renverser,0.5545,0.4222
5998,l'homme,0.5544,0.6075
5999,délibérations,0.5544,0.3682
6000,limité,0.5543,0.3897
6001,garantie,0.5543,0.4966
6002,prononcé,0.5542,0.4856
6003,zc,0.5541,0.4370
6004,unie,0.5541,0.4306
6005,apr,0.5540,0.3835
6006,trempé,0.5540,0.5267
6007,éternelles,0.5540,0.6187
6008,hé,0.5540,0.4501
6009,rts,0.5540,0.4824
6010,formalité,0.5539,0.5606
6011,déclarant,0.5539,0.4560
6012,turquie,0.5539,0.4709
6013,judicieux,0.5539,0.4742
6014,chanter,0.5538,0.5208
6015,renvoye,0.5538,0.4423
6016,acquise,0.5537,0.3871
6017,royau,0.5537,0.4777
6018,nouvelles,0.5537,0.4088
6019,métiers,0.5537,0.6514
6020,ecuyer,0.5537,0.4081
6021,ées,0.5536,0.5000
6022,tj,0.5535,0.4830
6023,iir,0.5535,0.5617
6024,itc,0.5535,0.4741
6025,clous,0.5534,0.3749
6026,appel,0.5534,0.4332
6027,examiner,0.5534,0.4728
6028,dose,0.5533,0.5603
6029,pir,0.5533,0.5488
6030,explique,0.5533,0.5337
6031,pesanteur,0.5532,0.4181
6032,bien,0.5532,0.4267
6033,santé,0.5532,0.5495
6034,fb,0.5531,0.5260
6035,éloignées,0.5531,0.5917
6036,confession,0.5531,0.6440
6037,tâchez,0.5531,0.5684
6038,rangers,0.5531,0.5684
6039,ki,0.5530,0.5987
6040,bile,0.5530,0.5715
6041,parent,0.5530,0.5389
6042,vs,0.5530,0.5519
6043,fonte,0.5529,0.6065
6044,mefure,0.5529,0.5196
6045,arts,0.5529,0.5235
6046,cours,0.5529,0.5113
6047,cau,0.5528,0.5385
6048,l'ame,0.5528,0.5874
6049,boule,0.5528,0.5126
6050,devenir,0.5527,0.4953
6051,coule,0.5527,0.4112
6052,restait,0.5526,0.5782
6053,compte,0.5526,0.5640
6054,vérification,0.5525,0.4050
6055,rd,0.5525,0.4621
6056,plongé,0.5525,0.5100
6057,véritablement,0.5525,0.4839
6058,traître,0.5524,0.4735
6059,commodes,0.5524,0.5365
6060,ainsi,0.5523,0.4937
6061,parties,0.5523,0.5602
6062,relevant,0.5522,0.5330
6063,produit,0.5522,0.3975
6064,prête,0.5522,0.5774
6065,d'achever,0.5521,0.5956
6066,tii,0.5521,0.4875
6067,comptoir,0.5520,0.5228
6068,ceur,0.5520,0.4999
6069,générosité,0.5520,0.4480
6070,d'embarras,0.5520,0.5097
6071,extraordinaire,0.5520,0.5542
6072,réformation,0.5520,0.4767
6073,soudain,0.5520,0.3759
6074,menues,0.5519,0.5302
6075,ane,0.5519,0.5892
6076,assemblées,0.5519,0.5443
6077,liv,0.5519,0.5273
6078,rareté,0.5519,0.5773
6079,emportent,0.5519,0.4983
6080,l'échange,0.5519,0.5334
6081,fixe,0.5518,0.4539
6082,auprès,0.5518,0.6207
6083,chevre,0.5517,0.5231
6084,indiens,0.5517,0.4295
6085,susceptible,0.5517,0.5815
6086,difficultés,0.5517,0.3787
6087,toures,0.5516,0.4779
6088,trouvées,0.5516,0.5095
6089,d'étre,0.5516,0.5779
6090,qu'clle,0.5516,0.5891
6091,cô,0.5514,0.5186
6092,reprises,0.5514,0.4997
6093,s'exprime,0.5514,0.5590
6094,plat,0.5513,0.6310
6095,recevoit,0.5513,0.4281
6096,pl,0.5513,0.6289
6097,rejetter,0.5513,0.4390
6098,resentes,0.5513,0.3846
6099,d'ou,0.5513,0.4867
6100,marier,0.5513,0.5541
6101,trahit,0.5513,0.4159
6102,aveugle,0.5513,0.4785
6103,retiennent,0.5512,0.5388
6104,chercher,0.5512,0.5986
6105,appartenant,0.5512,0.3993
6106,postes,0.5512,0.6025
6107,pains,0.5511,0.5498
6108,necessité,0.5511,0.5325
6109,inutiles,0.5511,0.4347
6110,postérité,0.5511,0.4406
6111,admiré,0.5510,0.5222
6112,css,0.5510,0.4700
6113,déclara,0.5510,0.5254
6114,gravées,0.5510,0.5913
6115,plus,0.5510,0.5257
6116,continuez,0.5510,0.5656
6117,l'idée,0.5510,0.5395
6118,l'hôpital,0.5509,0.5269
6119,accompagnées,0.5509,0.4521
6120,ctc,0.5508,0.4594
6121,tables,0.5508,0.5056
6122,depend,0.5507,0.5577
6123,suit,0.5507,0.4261
6124,poste,0.5507,0.5171
6125,posterité,0.5507,0.5512
6126,payera,0.5507,0.4343
6127,bi,0.5506,0.4981
6128,toujours,0.5506,0.4917
6129,karats,0.5506,0.6515
6130,maîtreffe,0.5506,0.4102
6131,vue,0.5506,0.4684
6132,roux,0.5505,0.6489
6133,ingratitude,0.5505,0.4037
6134,formule,0.5505,0.5468
6135,s'élever,0.5505,0.6224
6136,vatican,0.5505,0.5092
6137,cueillir,0.5505,0.5976
6138,métal,0.5505,0.4764
6139,étourdi,0.5505,0.5034
6140,mei,0.5505,0.5061
6141,go,0.5504,0.5324
6142,îi,0.5504,0.5460
6143,ravages,0.5504,0.3712
6144,tirer,0.5503,0.5028
6145,aes,0.5503,0.4525
6146,opiniâtreté,0.5503,0.4574
6147,lv,0.5503,0.5687
6148,remarquables,0.5503,0.6161
6149,enlevée,0.5502,0.4365
6150,soupire,0.5502,0.3721
6151,batteries,0.5501,0.5377
6152,art,0.5501,0.4969
6153,croître,0.5501,0.6214
6154,esse,0.5500,0.5173
6155,s'éleve,0.5500,0.4187
6156,percé,0.5500,0.4953
6157,rapports,0.5500,0.5817
6158,all,0.5499,0.4877
6159,représentée,0.5498,0.4176
6160,aille,0.5498,0.5861
6161,cedent,0.5498,0.5475
6162,tuis,0.5498,0.3981
6163,établis,0.5498,0.3637
6164,meurtre,0.5498,0.5377
6165,pillage,0.5498,0.3901
6166,cervelle,0.5497,0.4835
6167,sacremens,0.5497,0.5695
6168,ile,0.5496,0.4841
6169,londres,0.5496,0.5236
6170,presenter,0.5496,0.5136
6171,jacques,0.5496,0.4820
6172,reglement,0.5496,0.4872
6173,mal,0.5496,0.4978
6174,embrasse,0.5495,0.4541
6175,j'appris,0.5495,0.5394
6176,récompenser,0.5495,0.4549
6177,d'afrique,0.5495,0.5537
6178,legs,0.5495,0.5766
6179,guinée,0.5494,0.5084
6180,masse,0.5494,0.5534
6181,étroite,0.5494,0.5098
6182,l'ifle,0.5493,0.4702
6183,points,0.5493,0.4936
6184,mour,0.5493,0.5669
6185,embrasser,0.5493,0.4356
6186,sentant,0.5493,0.5806
6187,songea,0.5493,0.4380
6188,be,0.5492,0.5015
6189,xix,0.5492,0.6903
6190,reconnaître,0.5491,0.4395
6191,pitié,0.5490,0.6220
6192,général,0.5490,0.4481
6193,obscures,0.5490,0.4186
6194,figure,0.5490,0.5183
6195,apud,0.5489,0.5193
6196,xliv,0.5489,0.5516
6197,glorieuse,0.5489,0.5424
6198,généraux,0.5489,0.5315
6199,sz,0.5488,0.5659
6200,jésuites,0.5488,0.5890
6201,reglé,0.5488,0.4887
6202,pudeur,0.5487,0.4352
6203,rude,0.5487,0.5585
6204,soulager,0.5487,0.4246
6205,ricn,0.5486,0.5421
6206,major,0.5484,0.5392
6207,verres,0.5484,0.5250
6208,achevé,0.5484,0.5346
6209,l'aventure,0.5484,0.4890
6210,l'âme,0.5484,0.5369
6211,retournez,0.5484,0.5138
6212,i'i,0.5484,0.4559
6213,religieux,0.5484,0.5390
6214,pout,0.5483,0.6198
6215,haye,0.5483,0.4957
6216,pontife,0.5483,0.5132
6217,tremblante,0.5483,0.4238
6218,talent,0.5483,0.5060
6219,témoignage,0.5483,0.5220
6220,flatter,0.5483,0.3812
6221,iî,0.5482,0.5755
6222,d'ornemens,0.5482,0.5723
6223,défense,0.5482,0.4158
6224,nommé,0.5482,0.4725
6225,hardi,0.5481,0.5725
6226,barbares,0.5481,0.5901
6227,contens,0.5481,0.4940
6228,proximité,0.5481,0.5162
6229,ero,0.5481,0.4640
6230,mériter,0.5481,0.4057
6231,régner,0.5480,0.4294
6232,étouffer,0.5480,0.4662
6233,brûlé,0.5480,0.5053
6234,cherté,0.5480,0.5618
6235,offensé,0.5479,0.5887
6236,mihi,0.5479,0.4534
6237,enterré,0.5479,0.4673
6238,travaux,0.5479,0.5026
6239,ignore,0.5477,0.5522
6240,possede,0.5477,0.5801
6241,esc,0.5477,0.5676
6242,oraison,0.5477,0.5220
6243,etrangeres,0.5477,0.5184
6244,quia,0.5477,0.4431
6245,brie,0.5476,0.5155
6246,nombreux,0.5476,0.4004
6247,d'éclat,0.5476,0.4977
6248,augmenté,0.5476,0.5511
6249,vendoit,0.5475,0.3657
6250,échouer,0.5475,0.5520
6251,qu'autant,0.5475,0.4268
6252,opinion,0.5475,0.4268
6253,sombre,0.5474,0.5784
6254,commencez,0.5474,0.5841
6255,logemens,0.5474,0.4552
6256,serviroit,0.5474,0.3555
6257,ocr,0.5474,0.3022
6258,volumes,0.5473,0.5248
6259,pallas,0.5473,0.4352
6260,judée,0.5473,0.4655
6261,argument,0.5473,0.4706
6262,lille,0.5473,0.5282
6263,fausses,0.5473,0.4048
6264,communauté,0.5473,0.4127
6265,deviendront,0.5472,0.4038
6266,folide,0.5472,0.4579
6267,tirez,0.5472,0.5402
6268,injuste,0.5472,0.3812
6269,cete,0.5472,0.4905
6270,naturels,0.5472,0.6037
6271,paires,0.5472,0.4898
6272,revêtu,0.5471,0.5250
6273,recit,0.5471,0.6037
6274,tellier,0.5471,0.5396
6275,orateurs,0.5470,0.3904
6276,attentats,0.5470,0.4089
6277,finis,0.5470,0.4190
6278,talon,0.5469,0.4843
6279,contenant,0.5469,0.6198
6280,cr,0.5468,0.4869
6281,pater,0.5468,0.4760
6282,distribution,0.5468,0.5723
6283,commandé,0.5467,0.4992
6284,levant,0.5467,0.5616
6285,troubles,0.5467,0.5287
6286,prospérité,0.5467,0.5906
6287,l'imagination,0.5467,0.5516
6288,aife,0.5466,0.4729
6289,arrêté,0.5466,0.5377
6290,nunc,0.5466,0.4804
6291,semblera,0.5466,0.5978
6292,blâmer,0.5466,0.4635
6293,l'avis,0.5466,0.5280
6294,lois,0.5465,0.5151
6295,lieu,0.5465,0.5365
6296,syndic,0.5465,0.4458
6297,faim,0.5465,0.6428
6298,colombe,0.5465,0.5540
6299,tribunal,0.5464,0.5151
6300,achever,0.5464,0.6001
6301,oser,0.5464,0.4406
6302,ennemi,0.5464,0.5608
6303,pieux,0.5464,0.5326
6304,fièvre,0.5464,0.4971
6305,compagnon,0.5464,0.5341
6306,conception,0.5464,0.5598
6307,commencera,0.5464,0.5249
6308,crin,0.5464,0.4844
6309,réussir,0.5463,0.5803
6310,scs,0.5463,0.5150
6311,obtient,0.5463,0.5371
6312,eux,0.5463,0.4744
6313,tels,0.5463,0.3758
6314,metre,0.5462,0.6241
6315,voie,0.5462,0.4275
6316,reconnaissance,0.5461,0.4224
6317,lait,0.5461,0.4085
6318,tanti,0.5460,0.3478
6319,mans,0.5460,0.5337
6320,jalousie,0.5460,0.4744
6321,innocente,0.5459,0.5505
6322,difficulté,0.5459,0.6256
6323,doyen,0.5458,0.5727
6324,rohan,0.5458,0.4676
6325,accommodement,0.5458,0.5266
6326,telle,0.5457,0.5438
6327,ov,0.5457,0.4755
6328,pompe,0.5457,0.4076
6329,usages,0.5457,0.5491
6330,consume,0.5456,0.4691
6331,libertins,0.5455,0.4782
6332,verbe,0.5455,0.4002
6333,tim,0.5455,0.5478
6334,providence,0.5454,0.5102
6335,lentement,0.5454,0.5652
6336,laiss,0.5454,0.5337
6337,farouche,0.5454,0.4529
6338,l'archiduc,0.5453,0.4629
6339,réduites,0.5453,0.4341
6340,paquets,0.5453,0.4503
6341,excite,0.5453,0.4642
6342,lauriers,0.5452,0.5314
6343,tentations,0.5452,0.5118
6344,écritures,0.5451,0.5857
6345,anni,0.5451,0.4669
6346,ensorte,0.5451,0.4716
6347,arrête,0.5451,0.4583
6348,sûrs,0.5451,0.6522
6349,approfondir,0.5450,0.5789
6350,considerer,0.5450,0.5081
6351,yi,0.5450,0.5141
6352,sac,0.5449,0.5718
6353,monastere,0.5449,0.5531
6354,lay,0.5449,0.6228
6355,job,0.5449,0.5781
6356,facilité,0.5448,0.6330
6357,ignorant,0.5448,0.5183
6358,cher,0.5447,0.5193
6359,j'avoue,0.5447,0.5637
6360,coe,0.5446,0.5875
6361,recommande,0.5446,0.5004
6362,seigneurie,0.5446,0.5186
6363,foire,0.5445,0.5307
6364,loge,0.5445,0.5823
6365,employé,0.5444,0.5172
6366,misere,0.5443,0.4726
6367,accords,0.5443,0.4861
6368,cio,0.5443,0.4721
6369,l'arc,0.5443,0.5456
6370,banc,0.5443,0.5433
6371,quam,0.5443,0.4515
6372,police,0.5443,0.4662
6373,mê,0.5442,0.4832
6374,imprimeur,0.5442,0.4214
6375,communication,0.5442,0.6572
6376,hautement,0.5442,0.4063
6377,aigre,0.5442,0.4676
6378,linge,0.5442,0.4697
6379,pesant,0.5441,0.5409
6380,correspondans,0.5441,0.4166
6381,contributions,0.5441,0.4033
6382,parl,0.5441,0.4909
6383,forces,0.5440,0.5726
6384,six,0.5440,0.5274
6385,devise,0.5440,0.4750
6386,tremblant,0.5439,0.4434
6387,occupe,0.5439,0.4292
6388,revenu,0.5439,0.5087
6389,oublie,0.5439,0.3947
6390,étonnée,0.5438,0.4689
6391,eues,0.5438,0.5033
6392,d'honneur,0.5438,0.5512
6393,ui,0.5438,0.4723
6394,ons,0.5438,0.4425
6395,mouvemens,0.5437,0.4919
6396,marseille,0.5437,0.4669
6397,passe,0.5437,0.4848
6398,moscovie,0.5437,0.4727
6399,épargné,0.5436,0.4901
6400,d'aristote,0.5436,0.4564
6401,tas,0.5436,0.4380
6402,imprudence,0.5436,0.4165
6403,ouvrier,0.5436,0.5443
6404,degré,0.5435,0.4236
6405,surpasse,0.5435,0.4697
6406,minorité,0.5434,0.4025
6407,collet,0.5434,0.6102
6408,soumission,0.5434,0.4208
6409,devers,0.5434,0.5617
6410,terram,0.5434,0.4882
6411,promise,0.5434,0.5245
6412,d'ôter,0.5434,0.5187
6413,innocens,0.5433,0.4966
6414,iooo,0.5432,0.4753
6415,contraires,0.5432,0.4355
6416,destinés,0.5431,0.3967
6417,dauphin,0.5431,0.5759
6418,bête,0.5431,0.5201
6419,machine,0.5431,0.5986
6420,lac,0.5430,0.4521
6421,permettant,0.5430,0.4510
6422,ferr,0.5430,0.4668
6423,tempérament,0.5429,0.3742
6424,porteroit,0.5429,0.4619
6425,m'empêcher,0.5429,0.5556
6426,vivantes,0.5429,0.5236
6427,souffle,0.5428,0.4205
6428,aliénation,0.5428,0.5010
6429,genou,0.5428,0.4319
6430,département,0.5428,0.5266
6431,gi,0.5428,0.4926
6432,frapper,0.5428,0.5745
6433,mcr,0.5427,0.4868
6434,naturelle,0.5427,0.5000
6435,globe,0.5427,0.3918
6436,divertit,0.5427,0.5236
6437,attachent,0.5426,0.4357
6438,compris,0.5425,0.4462
6439,choeur,0.5425,0.4604
6440,irlande,0.5425,0.5626
6441,excité,0.5425,0.4060
6442,rupture,0.5424,0.5571
6443,muse,0.5424,0.4471
6444,précédent,0.5424,0.5392
6445,tel,0.5423,0.3896
6446,surnommé,0.5423,0.5239
6447,puisqu'ils,0.5422,0.5525
6448,isc,0.5422,0.5177
6449,d'exécuter,0.5422,0.4263
6450,méchanceté,0.5422,0.4752
6451,naufrage,0.5422,0.6136
6452,livrée,0.5421,0.4565
6453,dialogues,0.5421,0.5028
6454,nuage,0.5421,0.5293
6455,til,0.5420,0.5482
6456,paix,0.5420,0.5191
6457,passage,0.5420,0.5500
6458,c'e,0.5420,0.5559
6459,signature,0.5420,0.6030
6460,pleins,0.5420,0.4452
6461,poisson,0.5419,0.5338
6462,arrêtée,0.5419,0.4965
6463,opposa,0.5419,0.6136
6464,approchent,0.5419,0.5181
6465,devoirs,0.5419,0.5991
6466,dare,0.5419,0.4288
6467,immoler,0.5418,0.3891
6468,l'aimer,0.5417,0.4240
6469,l'explication,0.5417,0.4102
6470,fiers,0.5417,0.4137
6471,maintenu,0.5416,0.5777
6472,pices,0.5416,0.5894
6473,range,0.5416,0.5295
6474,différent,0.5416,0.5044
6475,madrid,0.5416,0.5542
6476,civiles,0.5416,0.5774
6477,comique,0.5416,0.5770
6478,prononciation,0.5415,0.5042
6479,changée,0.5415,0.5503
6480,dissimuler,0.5415,0.4099
6481,pr,0.5415,0.5394
6482,riez,0.5414,0.4634
6483,qs,0.5414,0.6346
6484,noirs,0.5414,0.4439
6485,certa,0.5414,0.3808
6486,aion,0.5414,0.4822
6487,convienne,0.5414,0.5491
6488,desordres,0.5413,0.4576
6489,torrent,0.5413,0.4301
6490,mnme,0.5413,0.6285
6491,dion,0.5412,0.4912
6492,l'ste,0.5412,0.4627
6493,foudres,0.5412,0.5795
6494,poison,0.5411,0.5627
6495,d'hyver,0.5411,0.4852
6496,rechercher,0.5411,0.6444
6497,broche,0.5411,0.4433
6498,matres,0.5410,0.4241
6499,née,0.5410,0.4680
6500,verdure,0.5410,0.3844
6501,meilleure,0.5409,0.5140
6502,rapport,0.5409,0.3552
6503,necessaire,0.5409,0.5216
6504,cl,0.5408,0.4831
6505,tourmenter,0.5408,0.4708
6506,levé,0.5407,0.5140
6507,traverser,0.5407,0.5291
6508,d'efpagne,0.5407,0.5019
6509,parc,0.5407,0.5313
6510,refuté,0.5406,0.4871
6511,chasser,0.5406,0.5746
6512,lar,0.5406,0.6523
6513,reconnoissance,0.5406,0.5482
6514,imite,0.5406,0.4546
6515,pit,0.5405,0.4916
6516,réglée,0.5405,0.4642
6517,quid,0.5404,0.4918
6518,l'an,0.5404,0.4781
6519,d'entretenir,0.5404,0.4294
6520,agréablement,0.5404,0.5013
6521,fermens,0.5404,0.4426
6522,quando,0.5403,0.4069
6523,distingués,0.5403,0.3912
6524,création,0.5403,0.4647
6525,l'éclat,0.5402,0.4825
6526,créance,0.5402,0.4432
6527,parlant,0.5402,0.4249
6528,d'employer,0.5402,0.3826
6529,jugée,0.5402,0.5945
6530,l'intention,0.5401,0.4082
6531,tache,0.5401,0.4553
6532,ret,0.5401,0.5445
6533,augmenta,0.5401,0.6240
6534,piqué,0.5400,0.4849
6535,choque,0.5400,0.4929
6536,oh,0.5400,0.4401
6537,pernicieuse,0.5400,0.4549
6538,haleine,0.5400,0.4457
6539,marchant,0.5399,0.5394
6540,arpens,0.5399,0.5306
6541,figuré,0.5399,0.4987
6542,régence,0.5399,0.4290
6543,punis,0.5399,0.4060
6544,zs,0.5398,0.5023
6545,connaît,0.5398,0.5054
6546,collier,0.5398,0.5268
6547,rv,0.5397,0.4718
6548,enseigné,0.5397,0.4686
6549,ancienneté,0.5397,0.5108
6550,apparente,0.5397,0.4877
6551,cable,0.5397,0.6236
6552,and,0.5397,0.4207
6553,sensibles,0.5396,0.5424
6554,étudier,0.5396,0.5334
6555,edifices,0.5396,0.4794
6556,falut,0.5395,0.3935
6557,accueil,0.5395,0.5076
6558,exil,0.5395,0.5412
6559,veur,0.5395,0.4800
6560,monnoie,0.5395,0.4399
6561,doutes,0.5394,0.4227
6562,habitans,0.5394,0.5739
6563,génération,0.5394,0.4670
6564,faible,0.5393,0.4539
6565,l'intérêt,0.5393,0.4291
6566,condamné,0.5393,0.4951
6567,interêts,0.5393,0.5298
6568,pile,0.5392,0.4988
6569,louvre,0.5392,0.5276
6570,zéle,0.5392,0.4098
6571,domus,0.5391,0.3561
6572,glace,0.5390,0.5819
6573,qu'ii,0.5390,0.5186
6574,d'écrire,0.5389,0.5350
6575,gaillard,0.5388,0.5712
6576,essentiel,0.5388,0.3930
6577,ordonn,0.5388,0.4497
6578,lecteurs,0.5388,0.4664
6579,juda,0.5387,0.5398
6580,maî,0.5387,0.5292
6581,dépendance,0.5387,0.3925
6582,raillerie,0.5386,0.4537
6583,annuelle,0.5386,0.4118
6584,l'instant,0.5386,0.5234
6585,négoce,0.5386,0.4363
6586,clou,0.5385,0.4607
6587,enfoncer,0.5385,0.4918
6588,consentement,0.5385,0.4914
6589,recours,0.5384,0.5676
6590,monnoyés,0.5383,0.5335
6591,zoo,0.5383,0.4736
6592,homines,0.5383,0.4427
6593,recevoir,0.5383,0.4959
6594,appartenir,0.5383,0.5012
6595,poursuite,0.5382,0.6715
6596,crc,0.5382,0.4746
6597,ruiner,0.5382,0.4278
6598,trompa,0.5382,0.5264
6599,fausseté,0.5381,0.4131
6600,esperer,0.5381,0.4983
6601,instruits,0.5381,0.3894
6602,centum,0.5381,0.3977
6603,vaillant,0.5381,0.4962
6604,objection,0.5381,0.5287
6605,excellens,0.5379,0.4874
6606,are,0.5379,0.5126
6607,terres,0.5379,0.4596
6608,let,0.5379,0.5209
6609,justiciers,0.5378,0.4454
6610,hâter,0.5378,0.5106
6611,volé,0.5378,0.4619
6612,annoncé,0.5378,0.4802
6613,celles,0.5378,0.5109
6614,ecu,0.5377,0.4334
6615,icelles,0.5377,0.4398
6616,vigilance,0.5376,0.4504
6617,entrée,0.5376,0.5126
6618,agitée,0.5376,0.4802
6619,peuplée,0.5376,0.4514
6620,sublimes,0.5375,0.3868
6621,fc,0.5375,0.5394
6622,marquées,0.5375,0.5259
6623,tv,0.5375,0.5014
6624,volent,0.5375,0.4687
6625,constantinople,0.5374,0.4767
6626,mettront,0.5374,0.3128
6627,verité,0.5374,0.4951
6628,signifié,0.5374,0.4028
6629,rations,0.5373,0.4774
6630,sommation,0.5373,0.6096
6631,ivres,0.5372,0.5346
6632,pressant,0.5372,0.4698
6633,sujets,0.5372,0.4566
6634,caracteres,0.5371,0.5191
6635,raccommoder,0.5371,0.5741
6636,d'entendre,0.5371,0.5971
6637,dûs,0.5371,0.4427
6638,beaucoup,0.5371,0.5350
6639,bourdeaux,0.5371,0.4601
6640,courageux,0.5370,0.4385
6641,rand,0.5370,0.4598
6642,avaler,0.5370,0.5108
6643,tousses,0.5370,0.5846
6644,renfermées,0.5370,0.3869
6645,pay,0.5369,0.5023
6646,accordées,0.5369,0.4516
6647,doux,0.5368,0.5420
6648,montfort,0.5368,0.5102
6649,demie,0.5368,0.4747
6650,chandelle,0.5367,0.5952
6651,subsistance,0.5367,0.4803
6652,résistance,0.5367,0.3984
6653,fidelle,0.5366,0.4785
6654,langage,0.5366,0.4733
6655,ménagement,0.5365,0.4426
6656,felix,0.5365,0.5085
6657,fondation,0.5364,0.4507
6658,parût,0.5363,0.4672
6659,marchent,0.5363,0.5704
6660,exemption,0.5362,0.3984
6661,prétendue,0.5362,0.4533
6662,profitable,0.5362,0.5229
6663,ir,0.5362,0.4276
6664,enquêtes,0.5361,0.5024
6665,poser,0.5361,0.5287
6666,médailles,0.5360,0.5080
6667,moilons,0.5360,0.4533
6668,experience,0.5360,0.5420
6669,jugées,0.5359,0.5537
6670,traces,0.5359,0.4273
6671,mortel,0.5358,0.5434
6672,joindre,0.5358,0.5158
6673,léger,0.5357,0.4723
6674,visages,0.5356,0.3621
6675,tradition,0.5356,0.6019
6676,fondu,0.5356,0.4513
6677,admis,0.5356,0.3562
6678,riches,0.5356,0.4761
6679,distinctions,0.5355,0.3845
6680,couvre,0.5355,0.4843
6681,lorsqu'il,0.5355,0.5075
6682,suivante,0.5355,0.4982
6683,quasi,0.5355,0.5599
6684,rouler,0.5354,0.5591
6685,réparer,0.5354,0.4549
6686,primo,0.5354,0.4150
6687,lâches,0.5353,0.3878
6688,levent,0.5353,0.4976
6689,hollandais,0.5353,0.5455
6690,suivants,0.5353,0.5003
6691,mexique,0.5352,0.4589
6692,quot,0.5352,0.3879
6693,tare,0.5351,0.5770
6694,redoutable,0.5351,0.5262
6695,vrais,0.5351,0.5613
6696,nécessité,0.5351,0.3693
6697,destiné,0.5350,0.5704
6698,impôts,0.5349,0.4502
6699,peser,0.5349,0.4503
6700,basses,0.5349,0.5212
6701,vincent,0.5349,0.4363
6702,ecrits,0.5348,0.3261
6703,estiment,0.5347,0.4295
6704,sic,0.5346,0.5476
6705,page,0.5346,0.5894
6706,présentes,0.5346,0.4818
6707,quel,0.5345,0.5100
6708,rejette,0.5345,0.4769
6709,ror,0.5345,0.5297
6710,pauvre,0.5345,0.5637
6711,fixé,0.5344,0.4616
6712,qu'avec,0.5344,0.5228
6713,d'autant,0.5344,0.5012
6714,commençons,0.5344,0.5692
6715,catalogue,0.5344,0.4341
6716,service,0.5343,0.4675
6717,logement,0.5343,0.6090
6718,rigueur,0.5343,0.4174
6719,protestations,0.5343,0.3876
6720,gardée,0.5342,0.5120
6721,tx,0.5342,0.5299
6722,cfi,0.5342,0.4988
6723,lc,0.5342,0.5305
6724,n'appartient,0.5342,0.5895
6725,meurt,0.5342,0.5549
6726,suppléer,0.5342,0.4777
6727,auguste,0.5342,0.5522
6728,environne,0.5341,0.4475
6729,piété,0.5340,0.5070
6730,voleurs,0.5340,0.4441
6731,fâcheux,0.5340,0.5500
6732,foye,0.5339,0.4594
6733,éternité,0.5339,0.5696
6734,d'exercer,0.5339,0.4255
6735,communiquée,0.5339,0.5484
6736,condamnés,0.5339,0.3668
6737,réjouir,0.5339,0.4207
6738,gouverné,0.5339,0.4177
6739,produira,0.5339,0.4690
6740,recherche,0.5339,0.4232
6741,maladies,0.5338,0.3970
6742,vivre,0.5338,0.4453
6743,discipline,0.5337,0.4588
6744,qu'i,0.5337,0.5271
6745,ministère,0.5337,0.3848
6746,léon,0.5337,0.4665
6747,consacrer,0.5337,0.4323
6748,entr'eux,0.5337,0.5499
6749,tentative,0.5336,0.5542
6750,l'original,0.5336,0.3993
6751,gâter,0.5336,0.6579
6752,l'effet,0.5336,0.4865
6753,imputer,0.5336,0.3752
6754,patriarche,0.5335,0.5347
6755,tendent,0.5335,0.5225
6756,lumieres,0.5335,0.3632
6757,its,0.5335,0.4842
6758,revienne,0.5335,0.5053
6759,sujettes,0.5334,0.4093
6760,catholique,0.5334,0.5426
6761,remonte,0.5333,0.4659
6762,conspiration,0.5333,0.4410
6763,s'écarter,0.5333,0.4450
6764,proscrit,0.5333,0.5276
6765,excuse,0.5333,0.4234
6766,cone,0.5332,0.6582
6767,partes,0.5332,0.5023
6768,bat,0.5332,0.5050
6769,rez,0.5332,0.4440
6770,habitent,0.5332,0.5845
6771,murmurer,0.5332,0.4897
6772,caractère,0.5331,0.3132
6773,eue,0.5331,0.3733
6774,perte,0.5331,0.5731
6775,l'hom,0.5330,0.5035
6776,regarde,0.5330,0.4506
6777,ici,0.5330,0.3690
6778,finesse,0.5329,0.4341
6779,fiege,0.5329,0.5570
6780,eum,0.5328,0.3936
6781,grosse,0.5328,0.5122
6782,éteinte,0.5328,0.4476
6783,jettoit,0.5328,0.3562
6784,incontinent,0.5327,0.4992
6785,ardente,0.5327,0.5117
6786,soit,0.5327,0.5187
6787,armes,0.5327,0.5482
6788,nuits,0.5327,0.5582
6789,engagemens,0.5327,0.5509
6790,prix,0.5326,0.5355
6791,suite,0.5326,0.5598
6792,neque,0.5325,0.5322
6793,relever,0.5325,0.6102
6794,découvert,0.5325,0.5427
6795,serpent,0.5325,0.5502
6796,confirmation,0.5325,0.4935
6797,dici,0.5325,0.3627
6798,tournois,0.5325,0.5988
6799,l'église,0.5324,0.4602
6800,lève,0.5324,0.4272
6801,traduits,0.5324,0.4278
6802,d'aucuns,0.5324,0.4783
6803,rassembler,0.5324,0.3853
6804,senti,0.5323,0.6089
6805,drapeaux,0.5323,0.5244
6806,ordonnée,0.5323,0.5335
6807,artisans,0.5323,0.4753
6808,produire,0.5323,0.5128
6809,chargé,0.5323,0.5479
6810,cest,0.5322,0.4870
6811,superstition,0.5322,0.4688
6812,imo,0.5321,0.4569
6813,tins,0.5321,0.5542
6814,conséquent,0.5321,0.4120
6815,publication,0.5321,0.4794
6816,taille,0.5321,0.6410
6817,sentit,0.5321,0.5255
6818,quas,0.5320,0.4044
6819,proie,0.5320,0.4382
6820,moulin,0.5320,0.4805
6821,l'examen,0.5320,0.4203
6822,balance,0.5319,0.4545
6823,chantoit,0.5319,0.5562
6824,fardeau,0.5319,0.4289
6825,notion,0.5318,0.3973
6826,continuel,0.5318,0.4367
6827,remarque,0.5317,0.4189
6828,évenemens,0.5317,0.5777
6829,charbon,0.5317,0.4795
6830,provient,0.5317,0.5766
6831,claude,0.5316,0.4459
6832,esprits,0.5316,0.5662
6833,multiplication,0.5316,0.4298
6834,éclatante,0.5316,0.5414
6835,trajet,0.5316,0.5552
6836,joueur,0.5316,0.5255
6837,remontrances,0.5315,0.5299
6838,s'étendre,0.5315,0.5307
6839,fontainebleau,0.5315,0.4140
6840,étendus,0.5315,0.6563
6841,balles,0.5315,0.5034
6842,imitation,0.5314,0.5603
6843,cuirs,0.5314,0.4256
6844,nuls,0.5314,0.5058
6845,ace,0.5313,0.4802
6846,five,0.5313,0.5599
6847,fâcheuses,0.5313,0.4370
6848,red,0.5313,0.5354
6849,l'erreur,0.5313,0.4628
6850,paniers,0.5313,0.4957
6851,environ,0.5313,0.4599
6852,gravée,0.5313,0.5374
6853,tia,0.5313,0.4446
6854,l'envi,0.5312,0.4579
6855,extrait,0.5312,0.5264
6856,bâtons,0.5311,0.4596
6857,incomparable,0.5311,0.5499
6858,grange,0.5311,0.4767
6859,pareilles,0.5311,0.4628
6860,champagne,0.5311,0.5400
6861,élever,0.5310,0.5300
6862,aussi,0.5309,0.4532
6863,envie,0.5309,0.5285
6864,montoit,0.5309,0.3838
6865,fournie,0.5309,0.5559
6866,arbitres,0.5309,0.5820
6867,chri,0.5309,0.4715
6868,vigoureux,0.5308,0.5455
6869,placet,0.5308,0.5321
6870,diables,0.5308,0.4534
6871,gentil,0.5308,0.5374
6872,secours,0.5307,0.3721
6873,croyons,0.5307,0.5252
6874,instrument,0.5307,0.4425
6875,imagine,0.5307,0.4085
6876,croix,0.5306,0.5460
6877,proposée,0.5306,0.6089
6878,l'obtenir,0.5306,0.4360
6879,immortel,0.5306,0.5560
6880,saturne,0.5306,0.4974
6881,continent,0.5305,0.5785
6882,etl,0.5305,0.4694
6883,ressource,0.5305,0.3930
6884,patron,0.5305,0.5789
6885,confusion,0.5305,0.4251
6886,lix,0.5304,0.5232
6887,sient,0.5304,0.4798
6888,propice,0.5303,0.4084
6889,greffes,0.5303,0.4213
6890,seinte,0.5302,0.4916
6891,nourri,0.5302,0.4774
6892,nommer,0.5302,0.4615
6893,évident,0.5301,0.4291
6894,rappelle,0.5301,0.3735
6895,plutôt,0.5300,0.4806
6896,avarice,0.5300,0.4368
6897,arme,0.5300,0.4336
6898,cadavre,0.5300,0.5284
6899,chante,0.5299,0.4835
6900,projets,0.5299,0.5671
6901,attendent,0.5299,0.5044
6902,portique,0.5298,0.4394
6903,validité,0.5298,0.4073
6904,revenue,0.5298,0.4912
6905,théologie,0.5298,0.4209
6906,rebelle,0.5298,0.5977
6907,retranchement,0.5297,0.4948
6908,endormi,0.5297,0.5696
6909,d'éviter,0.5296,0.4893
6910,gelée,0.5296,0.5274
6911,sincère,0.5296,0.4478
6912,hi,0.5296,0.5735
6913,prieres,0.5295,0.5888
6914,rachat,0.5295,0.6331
6915,dicu,0.5295,0.5666
6916,fables,0.5294,0.5415
6917,connoissance,0.5293,0.5268
6918,oit,0.5293,0.4322
6919,mufes,0.5293,0.4724
6920,souveraineté,0.5292,0.4835
6921,ad,0.5292,0.5229
6922,dissiper,0.5292,0.4495
6923,altera,0.5292,0.3789
6924,grêle,0.5291,0.3810
6925,traverse,0.5291,0.4251
6926,ouï,0.5291,0.4245
6927,exact,0.5291,0.4321
6928,susdits,0.5291,0.5598
6929,l'unité,0.5291,0.4961
6930,fonde,0.5290,0.5540
6931,enterrer,0.5290,0.5387
6932,auxquelles,0.5290,0.4872
6933,hec,0.5289,0.3760
6934,proches,0.5289,0.5403
6935,dixmes,0.5289,0.5618
6936,refous,0.5288,0.3907
6937,carthage,0.5288,0.6229
6938,malignité,0.5287,0.4706
6939,épreuve,0.5287,0.4901
6940,rétablir,0.5287,0.4115
6941,last,0.5287,0.4575
6942,élevés,0.5287,0.3682
6943,fortoit,0.5287,0.5098
6944,seconder,0.5286,0.4581
6945,remontrance,0.5286,0.5570
6946,mamellé,0.5286,0.4787
6947,sieges,0.5286,0.4384
6948,redevances,0.5286,0.4480
6949,toise,0.5285,0.4861
6950,éloigne,0.5285,0.4771
6951,étranges,0.5285,0.4651
6952,consciences,0.5284,0.4818
6953,tire,0.5284,0.4724
6954,l'exception,0.5283,0.4755
6955,tranchées,0.5283,0.4801
6956,employez,0.5282,0.6010
6957,d'avis,0.5282,0.5752
6958,ham,0.5282,0.5350
6959,rapidité,0.5282,0.4156
6960,principal,0.5281,0.4738
6961,conscience,0.5281,0.5783
6962,eternel,0.5281,0.5991
6963,âgé,0.5281,0.3849
6964,confier,0.5280,0.5652
6965,méprise,0.5280,0.4182
6966,créé,0.5280,0.5670
6967,iceux,0.5280,0.3855
6968,antres,0.5279,0.4745
6969,tournai,0.5279,0.5197
6970,ordonnoit,0.5279,0.4453
6971,blic,0.5279,0.4287
6972,fécond,0.5278,0.4959
6973,hache,0.5278,0.5165
6974,cabarets,0.5278,0.4339
6975,exposer,0.5277,0.5817
6976,confondre,0.5277,0.4755
6977,cachées,0.5277,0.4351
6978,méchans,0.5277,0.4867
6979,probité,0.5276,0.4159
6980,morales,0.5276,0.5112
6981,fanté,0.5276,0.4293
6982,unir,0.5276,0.5362
6983,confesseur,0.5275,0.5062
6984,devenus,0.5275,0.4134
6985,richesse,0.5275,0.5306
6986,politesse,0.5275,0.4356
6987,mes,0.5275,0.4131
6988,bénédiction,0.5275,0.5872
6989,parlai,0.5275,0.4456
6990,aspect,0.5275,0.5140
6991,amener,0.5274,0.4177
6992,présentent,0.5274,0.3354
6993,promettent,0.5273,0.4002
6994,eji,0.5273,0.5064
6995,chartres,0.5272,0.5073
6996,laboureur,0.5272,0.5739
6997,voisin,0.5272,0.5097
6998,blessé,0.5272,0.4749
6999,différer,0.5271,0.4112
7000,emporté,0.5271,0.4816
7001,gagner,0.5271,0.5055
7002,moyens,0.5270,0.5029
7003,morale,0.5269,0.4435
7004,frontieres,0.5269,0.4560
7005,personnages,0.5269,0.5453
7006,noces,0.5269,0.5456
7007,volant,0.5269,0.5296
7008,louvois,0.5268,0.5804
7009,repondre,0.5268,0.5582
7010,manne,0.5268,0.4876
7011,justice,0.5267,0.4359
7012,clémence,0.5267,0.4660
7013,l'egypte,0.5267,0.4732
7014,alia,0.5267,0.4742
7015,hardie,0.5267,0.4361
7016,toulouse,0.5267,0.5060
7017,écrit,0.5267,0.5071
7018,dressé,0.5266,0.5075
7019,l'éternité,0.5266,0.5989
7020,inquiet,0.5264,0.4884
7021,avantages,0.5264,0.4950
7022,combler,0.5263,0.4196
7023,remplis,0.5263,0.4188
7024,comparable,0.5263,0.4842
7025,dévoué,0.5262,0.4642
7026,parquet,0.5260,0.4956
7027,tyrannie,0.5260,0.4107
7028,démonstration,0.5260,0.4529
7029,courfe,0.5260,0.4915
7030,passez,0.5260,0.5360
7031,vanter,0.5260,0.4338
7032,orgueil,0.5260,0.4994
7033,total,0.5260,0.4228
7034,ordonner,0.5260,0.5481
7035,iw,0.5260,0.4645
7036,l'égard,0.5260,0.4288
7037,exclus,0.5259,0.4394
7038,pied,0.5259,0.5505
7039,diner,0.5259,0.3390
7040,profiter,0.5258,0.5272
7041,triste,0.5257,0.4664
7042,surpasser,0.5256,0.5063
7043,prêter,0.5256,0.5934
7044,roue,0.5255,0.4794
7045,charité,0.5255,0.4794
7046,terminer,0.5255,0.5229
7047,voisine,0.5255,0.4870
7048,effacer,0.5255,0.4193
7049,loient,0.5255,0.5474
7050,doutez,0.5254,0.4812
7051,répandus,0.5254,0.4155
7052,quelque,0.5254,0.4816
7053,fabriques,0.5253,0.4845
7054,fidélité,0.5253,0.4475
7055,s'abandonner,0.5253,0.4899
7056,liquide,0.5252,0.4684
7057,remedes,0.5251,0.4474
7058,expérience,0.5251,0.5018
7059,repousser,0.5251,0.4316
7060,illusion,0.5251,0.3755
7061,aboli,0.5249,0.4177
7062,louanges,0.5247,0.5089
7063,visiter,0.5247,0.5641
7064,séparation,0.5247,0.4235
7065,dir,0.5247,0.4550
7066,éclaircir,0.5247,0.5527
7067,mortier,0.5246,0.4241
7068,défauts,0.5246,0.3812
7069,d'animaux,0.5246,0.4479
7070,noire,0.5245,0.4667
7071,s'embarquer,0.5245,0.4627
7072,tuteur,0.5245,0.4638
7073,arrets,0.5245,0.4384
7074,déférence,0.5245,0.4726
7075,émotion,0.5244,0.4763
7076,susdit,0.5244,0.6258
7077,declaré,0.5244,0.4831
7078,xxxvii,0.5243,0.4674
7079,exhorte,0.5243,0.4334
7080,s'élevent,0.5243,0.5106
7081,innocentes,0.5243,0.4571
7082,d'exemples,0.5243,0.5071
7083,poule,0.5242,0.4282
7084,ites,0.5242,0.4999
7085,curent,0.5242,0.4518
7086,instruire,0.5242,0.5144
7087,conservation,0.5241,0.3515
7088,tarif,0.5241,0.4910
7089,procédure,0.5241,0.5679
7090,abattu,0.5241,0.6158
7091,capacité,0.5240,0.4211
7092,maintenant,0.5240,0.5943
7093,lingots,0.5240,0.4988
7094,camper,0.5240,0.5162
7095,l'hymen,0.5240,0.4113
7096,pleines,0.5240,0.4156
7097,planté,0.5240,0.4823
7098,confiance,0.5240,0.3844
7099,tours,0.5239,0.5133
7100,ic,0.5239,0.4748
7101,avancer,0.5239,0.5033
7102,tenues,0.5239,0.4433
7103,horreur,0.5238,0.3992
7104,matire,0.5238,0.5899
7105,loue,0.5238,0.3818
7106,immenses,0.5238,0.3751
7107,miseres,0.5237,0.4125
7108,changent,0.5237,0.5362
7109,infiniment,0.5237,0.5837
7110,retranche,0.5236,0.4596
7111,difgrace,0.5235,0.4084
7112,nuisible,0.5235,0.4486
7113,aufli,0.5234,0.4674
7114,disposée,0.5234,0.5057
7115,avoine,0.5234,0.5610
7116,diem,0.5234,0.3836
7117,laval,0.5234,0.4468
7118,sitôt,0.5232,0.5090
7119,cux,0.5232,0.5284
7120,cotes,0.5232,0.4557
7121,patres,0.5230,0.4808
7122,calme,0.5230,0.4986
7123,quae,0.5230,0.4975
7124,vente,0.5229,0.5125
7125,dci,0.5229,0.4579
7126,orat,0.5229,0.4943
7127,rb,0.5229,0.5117
7128,craignons,0.5228,0.4541
7129,justifié,0.5228,0.4455
7130,sorbonne,0.5228,0.5479
7131,bouquet,0.5228,0.4092
7132,pretend,0.5228,0.4748
7133,servis,0.5227,0.4415
7134,préparer,0.5226,0.5544
7135,déjà,0.5225,0.4340
7136,elections,0.5225,0.4156
7137,dorante,0.5224,0.4740
7138,continuée,0.5224,0.5337
7139,jurisdiction,0.5223,0.5211
7140,etats,0.5223,0.4849
7141,aunes,0.5223,0.4040
7142,rétablissement,0.5222,0.4096
7143,mentionnées,0.5222,0.4782
7144,diamant,0.5221,0.4569
7145,ols,0.5221,0.4253
7146,craint,0.5221,0.5526
7147,délicate,0.5220,0.5842
7148,l'éloge,0.5220,0.4980
7149,naît,0.5220,0.5320
7150,modestie,0.5220,0.4326
7151,prétendit,0.5220,0.4823
7152,lu,0.5219,0.4834
7153,raisonnement,0.5219,0.4785
7154,exemples,0.5219,0.4852
7155,rex,0.5219,0.4906
7156,routes,0.5218,0.3938
7157,absence,0.5218,0.4698
7158,puy,0.5218,0.4725
7159,ok,0.5218,0.5455
7160,sages,0.5217,0.5494
7161,punition,0.5217,0.5386
7162,précipice,0.5217,0.3970
7163,ls,0.5216,0.4224
7164,hominis,0.5216,0.3239
7165,querelles,0.5216,0.3904
7166,paysans,0.5215,0.4060
7167,nuds,0.5215,0.4437
7168,commodément,0.5215,0.5759
7169,brabant,0.5215,0.5177
7170,industrie,0.5215,0.3722
7171,décrier,0.5215,0.5510
7172,formidable,0.5214,0.6059
7173,certificats,0.5214,0.4559
7174,continuer,0.5214,0.5193
7175,vix,0.5214,0.3382
7176,xlii,0.5214,0.4958
7177,solide,0.5214,0.4349
7178,drois,0.5213,0.5742
7179,devins,0.5213,0.4446
7180,parterre,0.5212,0.5670
7181,cu,0.5212,0.5327
7182,devenue,0.5211,0.6244
7183,délibération,0.5211,0.5234
7184,fond,0.5211,0.4267
7185,heureux,0.5211,0.4650
7186,mélange,0.5210,0.3607
7187,conté,0.5209,0.4514
7188,permise,0.5209,0.4273
7189,communiqué,0.5209,0.5274
7190,éteindre,0.5209,0.4602
7191,accablé,0.5209,0.3963
7192,agité,0.5208,0.4508
7193,imprimé,0.5208,0.4905
7194,main,0.5208,0.5433
7195,circonstances,0.5208,0.4993
7196,accuser,0.5208,0.3964
7197,l'encens,0.5207,0.5032
7198,c'étoit,0.5207,0.5204
7199,métier,0.5207,0.4377
7200,trêve,0.5207,0.5493
7201,tibi,0.5206,0.4260
7202,suéde,0.5206,0.4324
7203,entr'elles,0.5206,0.3977
7204,comptent,0.5205,0.5458
7205,moeurs,0.5205,0.5334
7206,abondante,0.5204,0.4543
7207,ramener,0.5204,0.3774
7208,carosse,0.5204,0.4452
7209,donc,0.5204,0.3983
7210,zr,0.5204,0.4890
7211,directeur,0.5204,0.4421
7212,zo,0.5204,0.4576
7213,travers,0.5203,0.5623
7214,poire,0.5202,0.5537
7215,vain,0.5202,0.4703
7216,familiers,0.5202,0.4970
7217,retomber,0.5202,0.4938
7218,fournis,0.5202,0.4243
7219,quatrevingt,0.5201,0.4003
7220,entroit,0.5201,0.4556
7221,tout,0.5200,0.4055
7222,division,0.5200,0.3815
7223,incompatibles,0.5200,0.4958
7224,répondra,0.5199,0.5157
7225,pareille,0.5199,0.4838
7226,iez,0.5199,0.4542
7227,ez,0.5199,0.4768
7228,goût,0.5199,0.5850
7229,profonds,0.5198,0.5189
7230,rj,0.5198,0.4487
7231,fondemens,0.5197,0.4404
7232,aisée,0.5196,0.3969
7233,zi,0.5196,0.4747
7234,conforme,0.5196,0.3880
7235,d'épouser,0.5195,0.5123
7236,entreprit,0.5195,0.4870
7237,fay,0.5195,0.5303
7238,dues,0.5195,0.4605
7239,aux,0.5194,0.3712
7240,magistrat,0.5193,0.4918
7241,berceau,0.5193,0.5138
7242,superieur,0.5193,0.6242
7243,chasse,0.5192,0.5335
7244,composent,0.5192,0.6038
7245,honorer,0.5191,0.4239
7246,inconcevable,0.5191,0.5497
7247,jettez,0.5191,0.5213
7248,courtiers,0.5190,0.5111
7249,sûr,0.5189,0.3945
7250,cures,0.5189,0.5097
7251,attaquée,0.5188,0.3967
7252,annales,0.5188,0.5316
7253,morceau,0.5188,0.5289
7254,conservent,0.5187,0.5376
7255,yous,0.5187,0.4995
7256,tanta,0.5187,0.3839
7257,auditeurs,0.5186,0.5462
7258,chemin,0.5186,0.4904
7259,procure,0.5185,0.3542
7260,vitesse,0.5185,0.5029
7261,ennemis,0.5185,0.4657
7262,instruction,0.5184,0.4230
7263,environnent,0.5184,0.3642
7264,payeroit,0.5184,0.5530
7265,ordonnance,0.5184,0.3602
7266,charge,0.5183,0.4922
7267,rc,0.5183,0.4848
7268,martyre,0.5182,0.5577
7269,précis,0.5182,0.4663
7270,folio,0.5181,0.5214
7271,cf,0.5181,0.5010
7272,chair,0.5181,0.4334
7273,lisent,0.5180,0.4672
7274,ate,0.5179,0.4529
7275,pommes,0.5179,0.3724
7276,ibi,0.5179,0.5100
7277,endroit,0.5179,0.4970
7278,c'er,0.5178,0.4511
7279,réjouit,0.5178,0.4940
7280,prodige,0.5178,0.4032
7281,l'envoyer,0.5178,0.4640
7282,suffrages,0.5178,0.4254
7283,riant,0.5178,0.5427
7284,meut,0.5177,0.4398
7285,pi,0.5177,0.5563
7286,garder,0.5177,0.5552
7287,fautes,0.5177,0.3867
7288,ds,0.5176,0.4647
7289,génies,0.5176,0.3762
7290,tête,0.5176,0.4755
7291,parfaites,0.5175,0.4618
7292,victimes,0.5175,0.4043
7293,infinie,0.5175,0.5191
7294,ll,0.5174,0.5209
7295,causée,0.5174,0.4088
7296,contrevenu,0.5174,0.4151
7297,expression,0.5174,0.5689
7298,gabriel,0.5173,0.5378
7299,nemis,0.5173,0.4299
7300,immuable,0.5173,0.4442
7301,ingrat,0.5173,0.5645
7302,m'étant,0.5172,0.4471
7303,singulière,0.5172,0.4753
7304,pardonne,0.5172,0.5020
7305,mérité,0.5172,0.5240
7306,chirurgien,0.5171,0.4536
7307,autant,0.5171,0.5142
7308,furieux,0.5171,0.4750
7309,climat,0.5170,0.5466
7310,fournira,0.5170,0.5241
7311,n'entre,0.5169,0.5025
7312,regnes,0.5169,0.4662
7313,terreur,0.5169,0.3945
7314,mortelles,0.5169,0.5946
7315,entrées,0.5169,0.4792
7316,exploits,0.5169,0.5419
7317,appuyée,0.5169,0.4742
7318,bourgs,0.5168,0.5487
7319,mysteres,0.5168,0.5052
7320,prodiges,0.5167,0.4320
7321,employées,0.5167,0.5528
7322,declaration,0.5167,0.3972
7323,siecle,0.5167,0.5549
7324,frontière,0.5166,0.6543
7325,miroir,0.5166,0.5430
7326,dc,0.5166,0.4650
7327,manufactures,0.5166,0.4646
7328,chat,0.5166,0.4377
7329,bientôt,0.5165,0.3919
7330,néanmoins,0.5165,0.4843
7331,écouté,0.5165,0.5399
7332,l'établissement,0.5165,0.4006
7333,provenant,0.5165,0.4870
7334,unité,0.5163,0.4379
7335,plainte,0.5163,0.4100
7336,castille,0.5162,0.4755
7337,l'abbé,0.5162,0.4938
7338,toucher,0.5162,0.5906
7339,pourquoi,0.5162,0.4150
7340,style,0.5162,0.3934
7341,accabler,0.5161,0.4370
7342,nam,0.5161,0.4076
7343,commentaire,0.5161,0.5732
7344,natures,0.5161,0.5754
7345,seuls,0.5160,0.4089
7346,enne,0.5160,0.4492
7347,snt,0.5160,0.5349
7348,commodités,0.5159,0.4230
7349,naissant,0.5158,0.5566
7350,change,0.5158,0.5833
7351,navarre,0.5157,0.4670
7352,annuellement,0.5157,0.3781
7353,exécuté,0.5157,0.5119
7354,mutuelle,0.5156,0.5249
7355,honteuse,0.5156,0.4915
7356,égard,0.5156,0.4373
7357,noeud,0.5156,0.4234
7358,deviné,0.5156,0.5263
7359,suivre,0.5156,0.5620
7360,icelui,0.5153,0.4204
7361,estimer,0.5153,0.5349
7362,avances,0.5152,0.4862
7363,distingué,0.5150,0.5210
7364,unit,0.5150,0.4330
7365,moquer,0.5150,0.4200
7366,innocent,0.5149,0.4625
7367,avoue,0.5149,0.3512
7368,justices,0.5149,0.4602
7369,engagea,0.5149,0.4216
7370,remplies,0.5149,0.3801
7371,cura,0.5149,0.3703
7372,acquitter,0.5148,0.4934
7373,ton,0.5148,0.4163
7374,perdra,0.5147,0.4423
7375,labour,0.5146,0.5326
7376,dédommager,0.5146,0.4205
7377,ation,0.5145,0.4199
7378,repentir,0.5145,0.4014
7379,remue,0.5145,0.5636
7380,ordonnons,0.5144,0.3760
7381,favoriser,0.5144,0.4297
7382,illa,0.5144,0.4081
7383,ignorer,0.5144,0.4776
7384,l'histoire,0.5144,0.3855
7385,coeur,0.5144,0.4951
7386,ardeur,0.5144,0.4741
7387,frir,0.5143,0.5248
7388,artifice,0.5142,0.4378
7389,manuscrits,0.5142,0.5043
7390,étonner,0.5141,0.3865
7391,quil,0.5141,0.5053
7392,exigé,0.5140,0.4957
7393,comédies,0.5140,0.3946
7394,baron,0.5139,0.4178
7395,froides,0.5139,0.4034
7396,brutal,0.5139,0.5224
7397,succomber,0.5139,0.3901
7398,hardis,0.5138,0.5324
7399,travailler,0.5137,0.5041
7400,coupant,0.5137,0.4561
7401,guérit,0.5136,0.4863
7402,ean,0.5136,0.4575
7403,siennes,0.5136,0.4228
7404,fides,0.5136,0.4597
7405,portier,0.5135,0.4886
7406,récompense,0.5134,0.4525
7407,n'ignore,0.5134,0.4939
7408,nourris,0.5134,0.4165
7409,vaste,0.5134,0.5287
7410,accordez,0.5134,0.3767
7411,douté,0.5134,0.5512
7412,grandeurs,0.5133,0.4494
7413,exactitude,0.5133,0.4854
7414,cil,0.5133,0.4621
7415,répandre,0.5133,0.4298
7416,adjudication,0.5133,0.4724
7417,ignoré,0.5132,0.5060
7418,zt,0.5132,0.4695
7419,chanvre,0.5132,0.4807
7420,bailliages,0.5132,0.4153
7421,off,0.5132,0.5342
7422,assembler,0.5131,0.4686
7423,vingr,0.5131,0.4541
7424,butin,0.5131,0.5530
7425,fed,0.5131,0.4557
7426,recommandation,0.5130,0.4798
7427,galanterie,0.5130,0.4808
7428,arrêta,0.5130,0.5284
7429,l'approbation,0.5129,0.4833
7430,aveuglement,0.5128,0.5595
7431,divinité,0.5128,0.5818
7432,pot,0.5127,0.4390
7433,partages,0.5127,0.5826
7434,ev,0.5127,0.4965
7435,fréquentes,0.5127,0.6193
7436,fair,0.5127,0.3665
7437,épines,0.5127,0.4878
7438,suc,0.5127,0.4929
7439,accomplir,0.5127,0.4790
7440,plaisanteries,0.5127,0.4894
7441,petits,0.5127,0.5374
7442,ministre,0.5126,0.4607
7443,remplit,0.5126,0.4198
7444,considerable,0.5126,0.5156
7445,anglais,0.5125,0.6534
7446,préparée,0.5125,0.4682
7447,variation,0.5125,0.4773
7448,espoir,0.5125,0.4872
7449,refuter,0.5125,0.4632
7450,royaumes,0.5124,0.5368
7451,sentiment,0.5124,0.4942
7452,colonie,0.5123,0.4619
7453,tum,0.5123,0.4910
7454,porteur,0.5123,0.4216
7455,jouent,0.5123,0.5569
7456,s'approche,0.5123,0.4358
7457,rg,0.5123,0.4619
7458,découvertes,0.5123,0.3964
7459,dur,0.5122,0.4478
7460,opposer,0.5122,0.4781
7461,antoine,0.5122,0.5551
7462,violent,0.5121,0.4962
7463,approuver,0.5121,0.4685
7464,ti,0.5121,0.4809
7465,administration,0.5121,0.3366
7466,mariées,0.5120,0.5537
7467,milieu,0.5120,0.4706
7468,véritable,0.5120,0.5133
7469,spirituelles,0.5119,0.4891
7470,tigres,0.5119,0.3966
7471,legem,0.5119,0.3348
7472,assises,0.5119,0.5031
7473,barbe,0.5119,0.5097
7474,détours,0.5119,0.4445
7475,coûté,0.5118,0.5242
7476,coude,0.5118,0.3960
7477,prouvent,0.5118,0.3528
7478,c'eil,0.5118,0.3950
7479,comprise,0.5118,0.5007
7480,robes,0.5117,0.3642
7481,renfort,0.5117,0.6164
7482,tirant,0.5117,0.5536
7483,renu,0.5117,0.5235
7484,addition,0.5116,0.5632
7485,hil,0.5116,0.5263
7486,commander,0.5116,0.5910
7487,occupations,0.5116,0.5268
7488,faites,0.5116,0.4632
7489,voisins,0.5115,0.5407
7490,application,0.5115,0.3508
7491,dum,0.5115,0.4281
7492,trouvez,0.5114,0.4775
7493,inquiétudes,0.5114,0.3420
7494,mouvement,0.5114,0.3717
7495,compagnie,0.5113,0.5102
7496,placez,0.5113,0.5617
7497,qu'entre,0.5113,0.5692
7498,résolutions,0.5111,0.5083
7499,divertir,0.5111,0.4177
7500,moisson,0.5111,0.5091
7501,honteux,0.5111,0.5177
7502,lo,0.5110,0.4850
7503,fondées,0.5110,0.4607
7504,condamner,0.5110,0.4801
7505,supérieure,0.5110,0.4370
7506,troncs,0.5110,0.3874
7507,ressentir,0.5110,0.4169
7508,servius,0.5110,0.5797
7509,raison,0.5110,0.3847
7510,iz,0.5110,0.4818
7511,s'y,0.5110,0.4501
7512,présenter,0.5110,0.4509
7513,fier,0.5109,0.4668
7514,ccux,0.5109,0.4952
7515,ta,0.5109,0.4474
7516,chateau,0.5109,0.4001
7517,salé,0.5108,0.5071
7518,sainteté,0.5107,0.4475
7519,lits,0.5107,0.4096
7520,représenter,0.5107,0.5426
7521,poussiere,0.5107,0.4867
7522,l'amerique,0.5107,0.4620
7523,trompé,0.5107,0.4748
7524,matières,0.5107,0.4030
7525,respect,0.5106,0.4092
7526,conçoit,0.5106,0.4582
7527,daniel,0.5106,0.4486
7528,antiques,0.5106,0.5485
7529,couvent,0.5106,0.4829
7530,procura,0.5105,0.4598
7531,pénétrer,0.5105,0.5527
7532,gouverner,0.5104,0.5564
7533,fortuna,0.5104,0.3167
7534,criminelles,0.5104,0.5405
7535,agi,0.5103,0.3532
7536,rare,0.5103,0.5435
7537,rz,0.5103,0.4866
7538,causa,0.5103,0.5194
7539,amoureuse,0.5103,0.5003
7540,rivale,0.5102,0.4014
7541,ignorance,0.5102,0.4042
7542,animus,0.5102,0.3566
7543,choqué,0.5101,0.5219
7544,voute,0.5101,0.4719
7545,arriver,0.5101,0.4513
7546,prédicateurs,0.5101,0.4643
7547,plaisir,0.5101,0.5294
7548,certain,0.5100,0.4808
7549,consulter,0.5100,0.4009
7550,inspiré,0.5099,0.5876
7551,invincible,0.5099,0.4693
7552,qu'à,0.5099,0.5553
7553,attentifs,0.5099,0.4162
7554,simon,0.5098,0.4574
7555,prêcher,0.5098,0.5886
7556,metz,0.5098,0.4986
7557,travaille,0.5098,0.5010
7558,humeur,0.5098,0.4402
7559,rcs,0.5098,0.4393
7560,registre,0.5098,0.5002
7561,l'université,0.5097,0.4708
7562,basse,0.5097,0.5786
7563,vues,0.5096,0.4933
7564,t'en,0.5096,0.3908
7565,attachées,0.5096,0.5114
7566,enregistrer,0.5096,0.4035
7567,faite,0.5095,0.4749
7568,tribus,0.5095,0.4063
7569,entendement,0.5094,0.5910
7570,s'appelle,0.5094,0.4992
7571,nomine,0.5094,0.5422
7572,demandant,0.5093,0.5063
7573,amitié,0.5093,0.4585
7574,sièges,0.5093,0.5118
7575,saisi,0.5092,0.4144
7576,penser,0.5091,0.5352
7577,romaine,0.5091,0.5740
7578,s'empêcher,0.5091,0.3805
7579,remarques,0.5091,0.3474
7580,deum,0.5090,0.4559
7581,expirer,0.5090,0.4336
7582,pierrot,0.5090,0.4594
7583,enfermer,0.5090,0.4768
7584,eus,0.5089,0.4528
7585,offices,0.5089,0.5218
7586,volupté,0.5089,0.4430
7587,prononça,0.5089,0.4357
7588,médecins,0.5089,0.5353
7589,ouvertes,0.5088,0.4636
7590,répandent,0.5088,0.4233
7591,vole,0.5088,0.4452
7592,équité,0.5088,0.4518
7593,timide,0.5087,0.4444
7594,cuve,0.5087,0.5192
7595,annuel,0.5087,0.4201
7596,cercle,0.5086,0.4960
7597,vraisemblable,0.5086,0.4134
7598,sollicitations,0.5086,0.3786
7599,gagna,0.5086,0.4863
7600,septentrionale,0.5085,0.5084
7601,l'ennemi,0.5085,0.4622
7602,ecl,0.5085,0.6051
7603,ejf,0.5085,0.4405
7604,ng,0.5085,0.5303
7605,formées,0.5085,0.4906
7606,offenser,0.5084,0.4459
7607,protestation,0.5084,0.4878
7608,semblait,0.5084,0.4998
7609,créateur,0.5084,0.5383
7610,mérite,0.5084,0.3888
7611,sacrifice,0.5083,0.3497
7612,perfide,0.5083,0.4005
7613,habileté,0.5082,0.3712
7614,mefures,0.5082,0.3779
7615,refaits,0.5082,0.4456
7616,fourbe,0.5081,0.4468
7617,cultivée,0.5081,0.5564
7618,représentations,0.5081,0.3860
7619,triompher,0.5081,0.3994
7620,revivre,0.5080,0.4754
7621,gré,0.5080,0.4485
7622,pureté,0.5079,0.4291
7623,pratiquent,0.5079,0.4776
7624,creuser,0.5079,0.5262
7625,dehors,0.5079,0.5306
7626,cercles,0.5078,0.5326
7627,appliqué,0.5077,0.5104
7628,conformement,0.5077,0.4897
7629,retirez,0.5076,0.4930
7630,bâties,0.5076,0.4505
7631,what,0.5076,0.3310
7632,pass,0.5075,0.5622
7633,traduire,0.5075,0.4186
7634,clef,0.5074,0.5216
7635,albert,0.5074,0.5039
7636,magna,0.5074,0.3915
7637,gazon,0.5073,0.3928
7638,royaume,0.5073,0.5080
7639,moins,0.5073,0.3970
7640,suppose,0.5073,0.5066
7641,parchemin,0.5073,0.4682
7642,restitution,0.5072,0.4956
7643,tourment,0.5072,0.4507
7644,indignes,0.5072,0.4188
7645,composer,0.5072,0.5283
7646,extrémités,0.5072,0.5294
7647,doi,0.5072,0.5113
7648,former,0.5072,0.4986
7649,maudit,0.5071,0.4657
7650,suivit,0.5071,0.5119
7651,écu,0.5071,0.3213
7652,priere,0.5071,0.4356
7653,appartiendra,0.5070,0.3927
7654,sapin,0.5070,0.4580
7655,songes,0.5070,0.4244
7656,vif,0.5070,0.4705
7657,parlera,0.5070,0.3757
7658,bizarre,0.5070,0.5350
7659,frivoles,0.5069,0.4194
7660,enflammé,0.5069,0.4503
7661,gouvernent,0.5068,0.3955
7662,flatte,0.5068,0.3663
7663,prima,0.5068,0.4256
7664,univers,0.5067,0.4951
7665,malo,0.5066,0.4830
7666,ccs,0.5066,0.4911
7667,délai,0.5066,0.5004
7668,supporter,0.5066,0.4721
7669,morceaux,0.5066,0.5322
7670,peur,0.5065,0.4735
7671,surprenant,0.5065,0.5202
7672,sacrifié,0.5065,0.4939
7673,ordinairement,0.5064,0.4405
7674,ieurs,0.5064,0.4235
7675,blé,0.5064,0.5272
7676,deo,0.5063,0.4207
7677,emporter,0.5063,0.5639
7678,présent,0.5063,0.5002
7679,expressément,0.5060,0.4445
7680,perdirent,0.5059,0.4888
7681,s'accommoder,0.5059,0.4792
7682,força,0.5059,0.3321
7683,prophete,0.5059,0.5655
7684,raiyon,0.5059,0.5095
7685,couronné,0.5058,0.4348
7686,ore,0.5058,0.4815
7687,changemens,0.5058,0.5306
7688,surprend,0.5058,0.4799
7689,nova,0.5058,0.4253
7690,laide,0.5058,0.5381
7691,leon,0.5058,0.4724
7692,changes,0.5058,0.6018
7693,boutique,0.5058,0.5117
7694,bello,0.5057,0.4327
7695,s'imaginer,0.5057,0.4720
7696,susceptibles,0.5057,0.5632
7697,déroute,0.5057,0.5048
7698,reproche,0.5057,0.3608
7699,loco,0.5057,0.4330
7700,orange,0.5056,0.5328
7701,raisonnables,0.5056,0.4352
7702,royales,0.5055,0.4229
7703,sel,0.5055,0.5246
7704,reviendra,0.5055,0.5489
7705,renferment,0.5054,0.4523
7706,trompée,0.5054,0.3838
7707,abolir,0.5054,0.4496
7708,chinois,0.5054,0.5132
7709,parure,0.5054,0.5147
7710,devant,0.5053,0.4868
7711,seins,0.5053,0.5820
7712,serre,0.5053,0.4629
7713,monnoye,0.5053,0.6546
7714,cci,0.5053,0.4999
7715,d'engager,0.5053,0.4489
7716,ey,0.5053,0.5137
7717,gros,0.5053,0.3955
7718,peu,0.5053,0.5018
7719,juste,0.5053,0.4274
7720,n'au,0.5053,0.5275
7721,s'élève,0.5052,0.5325
7722,envers,0.5052,0.4480
7723,précédentes,0.5051,0.4824
7724,résulte,0.5051,0.3966
7725,renvoyé,0.5051,0.4449
7726,poules,0.5051,0.4682
7727,brille,0.5051,0.4171
7728,étrangeres,0.5051,0.4280
7729,impressions,0.5050,0.5039
7730,tandis,0.5050,0.5371
7731,brillant,0.5050,0.4372
7732,cessé,0.5049,0.4306
7733,d'cn,0.5049,0.4896
7734,triomphant,0.5049,0.4644
7735,irr,0.5049,0.4834
7736,écoit,0.5048,0.4363
7737,discours,0.5048,0.5578
7738,défit,0.5048,0.3745
7739,l'envie,0.5048,0.4521
7740,prévenu,0.5047,0.4081
7741,embrassé,0.5047,0.4633
7742,traita,0.5047,0.4821
7743,louer,0.5047,0.4423
7744,sanglant,0.5046,0.5255
7745,contenance,0.5046,0.4221
7746,chantent,0.5045,0.5373
7747,excuser,0.5045,0.4416
7748,matieres,0.5045,0.5513
7749,hall,0.5044,0.5199
7750,égal,0.5044,0.5018
7751,vus,0.5043,0.3624
7752,l'emporter,0.5043,0.4011
7753,travailloient,0.5042,0.4322
7754,républiques,0.5042,0.4743
7755,suédois,0.5042,0.5083
7756,l'autorité,0.5041,0.4673
7757,hac,0.5041,0.4077
7758,pipe,0.5040,0.6080
7759,toit,0.5040,0.5919
7760,promettant,0.5040,0.4635
7761,éloigné,0.5040,0.4548
7762,société,0.5040,0.4211
7763,lire,0.5040,0.4611
7764,illi,0.5040,0.3675
7765,meurs,0.5040,0.4056
7766,queje,0.5039,0.5090
7767,sots,0.5039,0.4756
7768,collége,0.5039,0.4210
7769,pêcheurs,0.5039,0.4711
7770,ke,0.5039,0.5385
7771,rendait,0.5039,0.4706
7772,profession,0.5038,0.4717
7773,vérités,0.5038,0.3262
7774,prieuré,0.5038,0.4149
7775,inconveniens,0.5038,0.5003
7776,barres,0.5038,0.4380
7777,ye,0.5037,0.4888
7778,plates,0.5037,0.4562
7779,accompagner,0.5036,0.5229
7780,decrets,0.5036,0.4411
7781,encore,0.5036,0.4494
7782,evangile,0.5036,0.4346
7783,deuxieme,0.5036,0.3964
7784,expose,0.5036,0.4112
7785,pousser,0.5036,0.5036
7786,êtres,0.5036,0.4485
7787,sunt,0.5035,0.4991
7788,d'oiseaux,0.5035,0.4731
7789,confia,0.5034,0.5188
7790,d'amour,0.5034,0.4795
7791,traitée,0.5033,0.3947
7792,lierre,0.5033,0.4271
7793,hercule,0.5032,0.5621
7794,accompagnent,0.5032,0.4981
7795,acheva,0.5032,0.4969
7796,decem,0.5032,0.4301
7797,odieuse,0.5031,0.4532
7798,l'estimation,0.5031,0.6463
7799,actes,0.5030,0.6519
7800,intelligence,0.5029,0.4348
7801,décrit,0.5028,0.4642
7802,patrons,0.5028,0.4906
7803,jonction,0.5028,0.4543
7804,florin,0.5027,0.4696
7805,vicomté,0.5027,0.4947
7806,horribles,0.5027,0.4723
7807,gland,0.5026,0.4426
7808,servante,0.5026,0.4355
7809,arrêt,0.5026,0.3706
7810,camp,0.5026,0.5138
7811,recouvrement,0.5026,0.4965
7812,sels,0.5026,0.4303
7813,retient,0.5025,0.4889
7814,obstacle,0.5025,0.5096
7815,procuré,0.5025,0.4321
7816,parlez,0.5024,0.4288
7817,pendre,0.5024,0.4713
7818,deus,0.5024,0.4593
7819,fâcher,0.5024,0.5414
7820,incommodité,0.5023,0.4577
7821,moit,0.5023,0.5076
7822,l'auteur,0.5022,0.5350
7823,andré,0.5022,0.4436
7824,obtint,0.5021,0.4224
7825,poignée,0.5021,0.4582
7826,fix,0.5020,0.4667
7827,persuada,0.5020,0.4875
7828,mêler,0.5019,0.5083
7829,ladite,0.5019,0.4419
7830,vrai,0.5019,0.5134
7831,valu,0.5019,0.5039
7832,calmer,0.5019,0.4221
7833,tempus,0.5019,0.3892
7834,modo,0.5019,0.4549
7835,majesté,0.5018,0.4619
7836,chemins,0.5017,0.4973
7837,commission,0.5017,0.4244
7838,composées,0.5017,0.3765
7839,félon,0.5017,0.3771
7840,dépendans,0.5017,0.4489
7841,boit,0.5017,0.4793
7842,planche,0.5017,0.5101
7843,ridicules,0.5016,0.3919
7844,délivre,0.5016,0.4558
7845,tommes,0.5016,0.4229
7846,s'adressant,0.5015,0.5624
7847,traités,0.5015,0.4210
7848,couru,0.5015,0.4924
7849,commissaire,0.5015,0.4832
7850,trinité,0.5015,0.5289
7851,donnai,0.5015,0.3848
7852,exemple,0.5014,0.4945
7853,célébrer,0.5014,0.4935
7854,probable,0.5014,0.3592
7855,sûre,0.5013,0.4572
7856,inclusivement,0.5013,0.5479
7857,m'entendre,0.5013,0.4470
7858,admire,0.5012,0.4979
7859,porté,0.5012,0.5317
7860,caire,0.5012,0.4778
7861,l'époux,0.5012,0.4438
7862,dépendent,0.5011,0.5719
7863,envieux,0.5011,0.4695
7864,fâche,0.5011,0.4071
7865,bouillons,0.5011,0.4503
7866,n'é,0.5011,0.4714
7867,coq,0.5011,0.5285
7868,gens,0.5011,0.5157
7869,minus,0.5011,0.3881
7870,riante,0.5010,0.4508
7871,poësie,0.5010,0.4594
7872,ner,0.5010,0.4755
7873,etiam,0.5010,0.4968
7874,occasions,0.5009,0.4681
7875,susdites,0.5009,0.4534
7876,chassé,0.5009,0.5277
7877,ventre,0.5009,0.5178
7878,siens,0.5009,0.4061
7879,guerrier,0.5009,0.5486
7880,termes,0.5009,0.4515
7881,contenta,0.5008,0.4077
7882,abîme,0.5008,0.4912
7883,droits,0.5007,0.4836
7884,événemens,0.5007,0.3914
7885,j'espère,0.5005,0.4458
7886,servir,0.5005,0.3990
7887,choisi,0.5005,0.5048
7888,blessure,0.5005,0.4892
7889,étant,0.5005,0.4331
7890,caprices,0.5004,0.3794
7891,restée,0.5004,0.4394
7892,deniers,0.5004,0.4848
7893,convertir,0.5004,0.5887
7894,jaques,0.5004,0.5464
7895,convenables,0.5004,0.5164
7896,flammes,0.5003,0.4790
7897,rendues,0.5003,0.4278
7898,musiciens,0.5003,0.4804
7899,nommés,0.5003,0.3637
7900,chute,0.5003,0.3821
7901,quem,0.5003,0.4273
7902,ratio,0.5002,0.3474
7903,captivité,0.5001,0.4128
7904,lames,0.5001,0.4575
7905,offrent,0.5001,0.3141
7906,abandonnée,0.5000,0.4101
7907,campagne,0.5000,0.5880
7908,dissipe,0.5000,0.4232
7909,différente,0.5000,0.5028
7910,cefar,0.5000,0.5579
7911,turres,0.4999,0.4286
7912,fortent,0.4999,0.4413
7913,george,0.4998,0.5536
7914,logé,0.4997,0.4723
7915,ni,0.4997,0.4653
7916,chaleurs,0.4997,0.4416
7917,chariot,0.4996,0.4397
7918,semblant,0.4995,0.5696
7919,démonstrations,0.4995,0.4310
7920,d'attention,0.4995,0.4543
7921,deviendra,0.4995,0.3933
7922,attribuée,0.4995,0.4223
7923,d'hôtel,0.4995,0.6010
7924,important,0.4994,0.4660
7925,tailler,0.4994,0.6017
7926,justification,0.4993,0.4151
7927,jacob,0.4993,0.5134
7928,serments,0.4993,0.4846
7929,l'empereur,0.4992,0.5212
7930,arrêtez,0.4992,0.4826
7931,domestiques,0.4992,0.4827
7932,plaire,0.4992,0.3592
7933,ira,0.4992,0.4184
7934,facit,0.4991,0.3137
7935,partagent,0.4991,0.3956
7936,clerc,0.4991,0.5275
7937,apportées,0.4991,0.4683
7938,licu,0.4991,0.4985
7939,décisions,0.4991,0.3530
7940,hoc,0.4990,0.4809
7941,fixée,0.4990,0.4087
7942,roman,0.4990,0.4155
7943,salaires,0.4989,0.5215
7944,écoute,0.4989,0.3883
7945,ires,0.4989,0.4539
7946,répugnance,0.4989,0.4164
7947,visions,0.4988,0.5394
7948,patrie,0.4988,0.3726
7949,femelles,0.4988,0.4700
7950,fabrication,0.4988,0.4091
7951,elf,0.4987,0.4667
7952,combattre,0.4987,0.4647
7953,reçoive,0.4987,0.4735
7954,guérir,0.4987,0.4563
7955,entrepris,0.4986,0.3615
7956,this,0.4986,0.5018
7957,constitutions,0.4986,0.4596
7958,d'etat,0.4985,0.5310
7959,dans,0.4984,0.4378
7960,coulent,0.4984,0.4397
7961,montrant,0.4984,0.5830
7962,maires,0.4984,0.4888
7963,homine,0.4984,0.4620
7964,these,0.4983,0.4105
7965,sergent,0.4983,0.3119
7966,étoi,0.4982,0.4681
7967,foixante,0.4982,0.4492
7968,brune,0.4982,0.3877
7969,meure,0.4982,0.4093
7970,oreilles,0.4982,0.4841
7971,exclure,0.4982,0.4422
7972,conjectures,0.4981,0.4655
7973,maxime,0.4981,0.4665
7974,égale,0.4981,0.5306
7975,pendu,0.4981,0.4452
7976,domini,0.4980,0.4755
7977,sois,0.4980,0.4907
7978,attendu,0.4979,0.5379
7979,parla,0.4979,0.4783
7980,éditions,0.4979,0.3892
7981,continuent,0.4979,0.3763
7982,existence,0.4978,0.4996
7983,souhaite,0.4977,0.4413
7984,formez,0.4977,0.6235
7985,passant,0.4977,0.5541
7986,hazard,0.4977,0.4299
7987,quatrieme,0.4977,0.4796
7988,nommées,0.4976,0.3943
7989,unc,0.4975,0.5528
7990,connu,0.4975,0.4369
7991,entrez,0.4975,0.5066
7992,ecclésiastiques,0.4975,0.4782
7993,croyant,0.4974,0.4579
7994,malheureux,0.4974,0.4314
7995,attache,0.4974,0.3729
7996,suffrage,0.4974,0.3805
7997,pensions,0.4974,0.4326
7998,réponfe,0.4974,0.4102
7999,portera,0.4974,0.4870
8000,où,0.4973,0.3553
8001,éclats,0.4973,0.4798
8002,intitulé,0.4973,0.5576
8003,héros,0.4973,0.4562
8004,géneral,0.4972,0.4397
8005,which,0.4972,0.3820
8006,raconte,0.4972,0.5110
8007,suffiroit,0.4972,0.4219
8008,fers,0.4972,0.4502
8009,ions,0.4971,0.4806
8010,foiblesse,0.4971,0.4181
8011,remettant,0.4971,0.4645
8012,rendis,0.4971,0.4753
8013,approcher,0.4971,0.5398
8014,d'orléans,0.4971,0.5454
8015,tirera,0.4970,0.3998
8016,molle,0.4970,0.4646
8017,d'ennemis,0.4968,0.4316
8018,nations,0.4968,0.5646
8019,imité,0.4967,0.4979
8020,s'emparer,0.4967,0.4071
8021,particules,0.4967,0.4478
8022,is,0.4967,0.4188
8023,partis,0.4967,0.4081
8024,retours,0.4966,0.4296
8025,vitres,0.4966,0.5372
8026,aucuns,0.4966,0.4698
8027,négligence,0.4965,0.5060
8028,coucher,0.4965,0.3612
8029,espere,0.4965,0.5008
8030,péché,0.4964,0.4404
8031,divisée,0.4964,0.3541
8032,accepter,0.4964,0.4955
8033,bella,0.4963,0.4468
8034,représentent,0.4963,0.4942
8035,dimanches,0.4963,0.5582
8036,contribué,0.4963,0.5464
8037,gai,0.4962,0.4872
8038,c'ct,0.4962,0.4856
8039,claires,0.4962,0.4702
8040,vin,0.4961,0.4883
8041,élevez,0.4960,0.5586
8042,ornement,0.4960,0.4977
8043,gout,0.4960,0.4477
8044,garnis,0.4959,0.4440
8045,apportez,0.4959,0.5117
8046,too,0.4958,0.4239
8047,ates,0.4958,0.4367
8048,préparé,0.4958,0.4853
8049,durée,0.4958,0.4016
8050,interprétation,0.4958,0.5472
8051,beaux,0.4957,0.5188
8052,lignifie,0.4957,0.3612
8053,sent,0.4957,0.4533
8054,épuisé,0.4956,0.4254
8055,brave,0.4956,0.4192
8056,dront,0.4955,0.4679
8057,ians,0.4954,0.4617
8058,dattes,0.4954,0.4804
8059,l'alliance,0.4954,0.4540
8060,d'orleans,0.4953,0.5277
8061,licet,0.4953,0.3347
8062,monnoyé,0.4953,0.5448
8063,inventée,0.4953,0.5157
8064,nullus,0.4953,0.3762
8065,d'avoir,0.4953,0.4518
8066,tenez,0.4953,0.4859
8067,cède,0.4952,0.4057
8068,cologne,0.4951,0.4335
8069,redouble,0.4951,0.4174
8070,fondions,0.4949,0.3877
8071,hiver,0.4949,0.5002
8072,instances,0.4949,0.4639
8073,d'un,0.4949,0.5299
8074,conquis,0.4948,0.4010
8075,grossier,0.4948,0.4564
8076,froideur,0.4948,0.4731
8077,déclare,0.4948,0.4683
8078,pressé,0.4948,0.4922
8079,regardons,0.4947,0.5104
8080,consentir,0.4947,0.5053
8081,banquier,0.4946,0.4358
8082,dedit,0.4946,0.3665
8083,plats,0.4946,0.5048
8084,version,0.4945,0.4427
8085,populi,0.4945,0.3530
8086,l'age,0.4944,0.4957
8087,connues,0.4944,0.5463
8088,acquérir,0.4943,0.3779
8089,pain,0.4942,0.4468
8090,doigt,0.4941,0.4702
8091,exerce,0.4941,0.4477
8092,accroire,0.4941,0.4678
8093,jeune,0.4940,0.4691
8094,d'augmenter,0.4940,0.4187
8095,tenir,0.4939,0.4747
8096,droir,0.4939,0.4486
8097,pent,0.4939,0.5019
8098,dedans,0.4939,0.5243
8099,choies,0.4939,0.3863
8100,monarchie,0.4939,0.4888
8101,videri,0.4939,0.3540
8102,écorce,0.4938,0.4227
8103,âges,0.4938,0.5010
8104,sign,0.4938,0.4751
8105,s'appelloit,0.4937,0.4402
8106,merveilleux,0.4937,0.4099
8107,agneau,0.4936,0.5535
8108,old,0.4936,0.3639
8109,sauvage,0.4936,0.4536
8110,bonté,0.4935,0.4179
8111,blesser,0.4935,0.5727
8112,c'cit,0.4935,0.5226
8113,splendeur,0.4934,0.5270
8114,tamen,0.4933,0.4060
8115,prélat,0.4933,0.4837
8116,atteindre,0.4932,0.3823
8117,défait,0.4932,0.5094
8118,pline,0.4932,0.5241
8119,sers,0.4932,0.4017
8120,presser,0.4931,0.3824
8121,gardez,0.4931,0.4931
8122,surprendre,0.4930,0.5121
8123,cerveau,0.4930,0.5133
8124,fieurs,0.4930,0.5023
8125,bonnets,0.4930,0.4036
8126,nem,0.4929,0.3911
8127,considérations,0.4929,0.3505
8128,toutes,0.4929,0.5103
8129,azile,0.4927,0.4190
8130,billets,0.4927,0.4816
8131,sagesse,0.4927,0.4500
8132,voix,0.4926,0.4208
8133,gabelles,0.4925,0.5302
8134,c'était,0.4925,0.4265
8135,paru,0.4925,0.5183
8136,disposition,0.4925,0.4610
8137,votre,0.4925,0.4151
8138,entreprises,0.4924,0.4870
8139,destinée,0.4924,0.4008
8140,commissaires,0.4924,0.4553
8141,million,0.4923,0.5470
8142,entendus,0.4923,0.4793
8143,d'auguste,0.4922,0.4654
8144,pipes,0.4922,0.5046
8145,avancé,0.4922,0.4980
8146,dico,0.4922,0.3151
8147,sucs,0.4922,0.4323
8148,course,0.4922,0.5076
8149,effrayé,0.4922,0.4647
8150,abus,0.4922,0.4162
8151,l'obligea,0.4922,0.4092
8152,harmonie,0.4922,0.3725
8153,francs,0.4921,0.5444
8154,partisans,0.4921,0.4689
8155,garda,0.4921,0.4865
8156,contestations,0.4921,0.5254
8157,parente,0.4921,0.4747
8158,xxxiv,0.4920,0.4331
8159,excessive,0.4919,0.5173
8160,bâtir,0.4919,0.4041
8161,user,0.4919,0.4857
8162,difficilement,0.4918,0.5038
8163,détails,0.4918,0.3523
8164,assurance,0.4918,0.4483
8165,commencemens,0.4918,0.4129
8166,dos,0.4917,0.3974
8167,cautions,0.4917,0.5264
8168,maux,0.4917,0.4419
8169,coton,0.4917,0.5023
8170,disgrace,0.4917,0.4075
8171,dictionnaire,0.4917,0.5035
8172,joug,0.4917,0.3887
8173,seville,0.4916,0.6107
8174,soufre,0.4916,0.4887
8175,partem,0.4916,0.3609
8176,was,0.4915,0.3623
8177,ouest,0.4915,0.5108
8178,comprises,0.4915,0.5190
8179,formé,0.4915,0.5375
8180,l'appelle,0.4915,0.5173
8181,fols,0.4915,0.4704
8182,l'achat,0.4913,0.5708
8183,stile,0.4913,0.5324
8184,obéi,0.4913,0.4191
8185,abandonnez,0.4913,0.6180
8186,d'arbre,0.4912,0.5011
8187,trop,0.4912,0.5141
8188,lex,0.4912,0.4327
8189,conduite,0.4911,0.3700
8190,suivoit,0.4910,0.5377
8191,précepteur,0.4910,0.3596
8192,débauché,0.4910,0.5180
8193,brise,0.4909,0.3914
8194,lié,0.4909,0.4582
8195,chaînes,0.4909,0.4001
8196,prouvée,0.4909,0.4804
8197,emportée,0.4908,0.4146
8198,acclamations,0.4908,0.5329
8199,pousse,0.4908,0.3647
8200,omnia,0.4908,0.4497
8201,guéri,0.4907,0.4923
8202,distance,0.4907,0.5349
8203,different,0.4907,0.4095
8204,favorables,0.4906,0.5501
8205,prépare,0.4906,0.4888
8206,engagement,0.4906,0.4775
8207,cruauté,0.4905,0.4093
8208,illo,0.4905,0.3448
8209,confondu,0.4905,0.5665
8210,peinte,0.4905,0.4466
8211,éviter,0.4904,0.4625
8212,arrache,0.4904,0.5813
8213,éprouve,0.4904,0.3526
8214,monstres,0.4904,0.4084
8215,d'allemagne,0.4904,0.4393
8216,décrets,0.4904,0.4401
8217,couches,0.4904,0.3864
8218,contradiction,0.4903,0.3895
8219,répondent,0.4902,0.4722
8220,comment,0.4902,0.4971
8221,patience,0.4902,0.4150
8222,parlement,0.4902,0.5481
8223,priez,0.4902,0.6635
8224,original,0.4902,0.5003
8225,corpore,0.4902,0.3718
8226,sed,0.4901,0.4560
8227,d'acier,0.4901,0.5679
8228,fermier,0.4900,0.4618
8229,dont,0.4899,0.5167
8230,certaines,0.4899,0.4508
8231,d'examiner,0.4899,0.5102
8232,séduire,0.4899,0.4764
8233,quatuor,0.4898,0.4814
8234,ôtant,0.4897,0.4564
8235,porcs,0.4897,0.4647
8236,mouche,0.4896,0.4278
8237,produite,0.4896,0.4434
8238,occupées,0.4895,0.4477
8239,divisent,0.4895,0.3789
8240,exposition,0.4895,0.4630
8241,fracas,0.4895,0.4571
8242,appelé,0.4895,0.4497
8243,désordre,0.4895,0.4616
8244,religions,0.4894,0.4563
8245,bruits,0.4894,0.3712
8246,demeurez,0.4894,0.4821
8247,mélancolie,0.4894,0.4220
8248,tourner,0.4894,0.5031
8249,élévation,0.4894,0.3643
8250,jusques,0.4893,0.4261
8251,épris,0.4893,0.5056
8252,fécondité,0.4893,0.3931
8253,sachant,0.4893,0.5329
8254,chaises,0.4892,0.4088
8255,sentimens,0.4891,0.4707
8256,étrangères,0.4891,0.5151
8257,raisonnemens,0.4891,0.4635
8258,conclut,0.4891,0.4049
8259,choeurs,0.4891,0.5582
8260,tendrement,0.4890,0.4366
8261,insensible,0.4890,0.4267
8262,sertiles,0.4890,0.3920
8263,perc,0.4890,0.4473
8264,compare,0.4889,0.3477
8265,payés,0.4889,0.3783
8266,teint,0.4889,0.4273
8267,complots,0.4889,0.4029
8268,ruinent,0.4889,0.4032
8269,courent,0.4888,0.4854
8270,contenue,0.4888,0.4472
8271,au,0.4887,0.4035
8272,christ,0.4887,0.4694
8273,pointu,0.4887,0.4354
8274,conseils,0.4887,0.5055
8275,sainte,0.4886,0.5959
8276,ressent,0.4886,0.4014
8277,éternel,0.4886,0.5263
8278,utilité,0.4885,0.5018
8279,mise,0.4885,0.4206
8280,refroidir,0.4885,0.4612
8281,soleil,0.4885,0.4516
8282,intentions,0.4885,0.4949
8283,loo,0.4884,0.4443
8284,condamna,0.4884,0.4113
8285,plura,0.4884,0.3556
8286,preuves,0.4884,0.4827
8287,ardent,0.4884,0.4854
8288,trompe,0.4884,0.4254
8289,suites,0.4884,0.3952
8290,tiendroit,0.4884,0.3497
8291,leurs,0.4884,0.2937
8292,commandement,0.4883,0.5104
8293,hardiesse,0.4883,0.3840
8294,reconnoissancent,0.4883,0.4719
8295,nour,0.4883,0.5617
8296,dangereuses,0.4883,0.4606
8297,jusqu'au,0.4883,0.5118
8298,brillante,0.4882,0.4599
8299,requises,0.4882,0.4964
8300,peintes,0.4881,0.5089
8301,habitude,0.4881,0.4175
8302,injures,0.4881,0.4016
8303,emplois,0.4880,0.4924
8304,profité,0.4879,0.5306
8305,abondance,0.4879,0.4768
8306,tâché,0.4879,0.4598
8307,clément,0.4878,0.4576
8308,subvenir,0.4878,0.4381
8309,horreurs,0.4878,0.3568
8310,signée,0.4878,0.4872
8311,dépendre,0.4878,0.3971
8312,parlons,0.4877,0.4518
8313,clarté,0.4877,0.5194
8314,sujette,0.4877,0.4041
8315,pures,0.4876,0.4387
8316,abuser,0.4875,0.3976
8317,rent,0.4875,0.5390
8318,défendre,0.4874,0.4799
8319,l'inventaire,0.4873,0.5170
8320,late,0.4873,0.4951
8321,amiral,0.4873,0.5172
8322,mutuellement,0.4872,0.4515
8323,élire,0.4872,0.5007
8324,maigre,0.4872,0.5280
8325,tiendront,0.4871,0.4273
8326,demeurera,0.4871,0.4641
8327,s'écrie,0.4870,0.3739
8328,renouveller,0.4870,0.4369
8329,cité,0.4869,0.4984
8330,tanto,0.4869,0.3830
8331,ejus,0.4869,0.4838
8332,dis,0.4869,0.3412
8333,l'arbre,0.4868,0.4758
8334,d'appel,0.4868,0.4471
8335,savans,0.4867,0.4207
8336,percer,0.4867,0.4448
8337,insultes,0.4867,0.3591
8338,imprime,0.4866,0.4309
8339,syrie,0.4866,0.4340
8340,quidem,0.4865,0.4042
8341,autoriser,0.4865,0.5574
8342,touche,0.4864,0.4132
8343,signifier,0.4864,0.4854
8344,tombant,0.4863,0.3784
8345,arcs,0.4863,0.4328
8346,forêts,0.4862,0.5082
8347,mors,0.4862,0.4537
8348,taches,0.4862,0.4285
8349,d'alexandre,0.4862,0.5177
8350,conserver,0.4861,0.5599
8351,gis,0.4861,0.5119
8352,pontifes,0.4861,0.4234
8353,répondoit,0.4860,0.5084
8354,arraché,0.4860,0.4757
8355,force,0.4859,0.4581
8356,gagnent,0.4859,0.3823
8357,obligation,0.4859,0.5234
8358,avant,0.4859,0.5235
8359,possedent,0.4858,0.4681
8360,prêté,0.4858,0.4873
8361,recevra,0.4858,0.4432
8362,attaques,0.4858,0.3370
8363,l'aîné,0.4858,0.5310
8364,vieillesse,0.4857,0.3831
8365,étonnant,0.4857,0.5301
8366,revenant,0.4857,0.5693
8367,douce,0.4857,0.5023
8368,l'addition,0.4856,0.5217
8369,bains,0.4856,0.4323
8370,tort,0.4856,0.4921
8371,fend,0.4856,0.5099
8372,galanteries,0.4856,0.4191
8373,divins,0.4855,0.6604
8374,gresse,0.4855,0.3985
8375,plume,0.4855,0.3802
8376,liqueurs,0.4855,0.4959
8377,laon,0.4854,0.4001
8378,apparences,0.4854,0.4593
8379,recourir,0.4854,0.3814
8380,puisqu'elle,0.4854,0.4057
8381,dépouiller,0.4854,0.3952
8382,quitte,0.4853,0.3872
8383,pleurant,0.4853,0.4183
8384,honnête,0.4853,0.4846
8385,eté,0.4852,0.3461
8386,machines,0.4852,0.3952
8387,quartiers,0.4852,0.3941
8388,suivantes,0.4852,0.5210
8389,tendresse,0.4852,0.4778
8390,discerner,0.4852,0.4902
8391,astres,0.4852,0.4419
8392,voyageurs,0.4851,0.3998
8393,livrez,0.4851,0.4379
8394,rennes,0.4851,0.6121
8395,employe,0.4851,0.4681
8396,manquez,0.4850,0.4859
8397,dui,0.4850,0.4530
8398,enfant,0.4850,0.3529
8399,usé,0.4849,0.4099
8400,alexandre,0.4849,0.4453
8401,fonctions,0.4849,0.4792
8402,nuées,0.4849,0.5301
8403,pardonnez,0.4848,0.4322
8404,zz,0.4848,0.5104
8405,niveau,0.4848,0.4897
8406,registres,0.4848,0.4768
8407,prêts,0.4848,0.4856
8408,that,0.4848,0.3928
8409,imaginé,0.4848,0.4654
8410,implorer,0.4848,0.4271
8411,the,0.4848,0.4757
8412,céleste,0.4848,0.4604
8413,acceptée,0.4847,0.4812
8414,immobile,0.4847,0.4375
8415,parfaits,0.4847,0.5475
8416,bijoux,0.4847,0.3452
8417,puits,0.4847,0.4728
8418,corriger,0.4847,0.4413
8419,succession,0.4846,0.5208
8420,jettée,0.4846,0.4188
8421,s'attendre,0.4846,0.4632
8422,l'abbaye,0.4846,0.3912
8423,tandem,0.4845,0.3103
8424,laissent,0.4844,0.4180
8425,paire,0.4844,0.4618
8426,gibier,0.4844,0.4538
8427,conduits,0.4842,0.4183
8428,prédit,0.4842,0.5349
8429,releva,0.4842,0.5118
8430,légat,0.4842,0.5077
8431,chaleur,0.4841,0.4954
8432,michel,0.4841,0.5026
8433,officio,0.4840,0.4203
8434,l'aimable,0.4840,0.4289
8435,introduire,0.4840,0.4975
8436,divisé,0.4839,0.5528
8437,circa,0.4839,0.3846
8438,lorsque,0.4839,0.5075
8439,redoutables,0.4838,0.5017
8440,soupçonner,0.4838,0.4494
8441,forfait,0.4838,0.4410
8442,abondantes,0.4838,0.4424
8443,arrose,0.4838,0.4460
8444,signification,0.4837,0.4198
8445,vanité,0.4836,0.4400
8446,marquise,0.4836,0.4019
8447,évite,0.4836,0.4238
8448,défenses,0.4835,0.6779
8449,bouton,0.4835,0.5395
8450,l'efpagne,0.4835,0.5109
8451,qu'après,0.4835,0.4211
8452,menu,0.4834,0.5179
8453,découvrent,0.4834,0.4463
8454,ics,0.4834,0.4340
8455,hôpital,0.4834,0.3849
8456,ames,0.4834,0.5192
8457,poursuivre,0.4833,0.5327
8458,pourpre,0.4833,0.4893
8459,nullo,0.4832,0.3264
8460,expliquée,0.4832,0.4184
8461,prononcée,0.4832,0.4333
8462,corne,0.4832,0.5566
8463,pénétré,0.4831,0.4066
8464,criminels,0.4831,0.5123
8465,cornes,0.4831,0.4098
8466,maitres,0.4830,0.3339
8467,exacte,0.4830,0.5013
8468,sçait,0.4830,0.3815
8469,blancs,0.4830,0.3909
8470,naquit,0.4830,0.4901
8471,autem,0.4829,0.4652
8472,sum,0.4829,0.4401
8473,prêtes,0.4829,0.4750
8474,blessures,0.4828,0.4155
8475,naples,0.4828,0.4681
8476,tranchée,0.4827,0.6276
8477,qu'aucun,0.4825,0.4958
8478,erant,0.4825,0.4291
8479,s'entretenir,0.4825,0.4740
8480,harnois,0.4824,0.4650
8481,sérieuse,0.4824,0.5366
8482,my,0.4824,0.5149
8483,avertir,0.4824,0.4804
8484,cuivre,0.4824,0.3638
8485,moilon,0.4824,0.4848
8486,alarmes,0.4823,0.3288
8487,distinguées,0.4823,0.4193
8488,lorsqu'ils,0.4823,0.4949
8489,well,0.4822,0.3765
8490,l'exécution,0.4821,0.5312
8491,commodité,0.4821,0.4005
8492,explication,0.4821,0.5077
8493,conclusions,0.4821,0.4964
8494,savoie,0.4821,0.4588
8495,remarqua,0.4820,0.5702
8496,rafraîchir,0.4819,0.5777
8497,infâme,0.4818,0.5426
8498,sut,0.4818,0.3759
8499,lou,0.4818,0.6014
8500,satyres,0.4817,0.4162
8501,signer,0.4817,0.4752
8502,touchent,0.4817,0.4518
8503,folie,0.4817,0.4337
8504,office,0.4816,0.5102
8505,félicité,0.4816,0.4416
8506,legibus,0.4816,0.3283
8507,déguiser,0.4816,0.5015
8508,punit,0.4815,0.3818
8509,trre,0.4815,0.4332
8510,mourir,0.4814,0.4392
8511,seigneuries,0.4814,0.5098
8512,by,0.4814,0.3770
8513,permission,0.4814,0.4909
8514,pose,0.4814,0.3947
8515,front,0.4814,0.4871
8516,importans,0.4813,0.3842
8517,cas,0.4813,0.3754
8518,choisir,0.4812,0.4864
8519,douzaine,0.4811,0.4820
8520,signées,0.4810,0.4574
8521,plate,0.4810,0.4679
8522,quare,0.4810,0.3651
8523,maréchal,0.4810,0.4122
8524,proportions,0.4810,0.4645
8525,gracieux,0.4809,0.4740
8526,levez,0.4809,0.3932
8527,rebelles,0.4809,0.4193
8528,négociations,0.4809,0.3398
8529,bourg,0.4808,0.4863
8530,tambour,0.4807,0.4474
8531,m'y,0.4807,0.3934
8532,ruines,0.4807,0.5241
8533,hait,0.4807,0.5361
8534,perdrix,0.4806,0.4664
8535,couverts,0.4806,0.3534
8536,confondent,0.4805,0.4488
8537,assemblage,0.4805,0.4039
8538,connut,0.4805,0.4453
8539,chapitres,0.4804,0.4624
8540,tristes,0.4804,0.4955
8541,supposition,0.4804,0.3918
8542,trahir,0.4804,0.3760
8543,bizarres,0.4804,0.4502
8544,renonciation,0.4803,0.5032
8545,recoit,0.4803,0.4535
8546,agréables,0.4803,0.5187
8547,telles,0.4803,0.5108
8548,quantum,0.4802,0.3501
8549,conventions,0.4802,0.4450
8550,attire,0.4802,0.4435
8551,rivaux,0.4802,0.4417
8552,traduction,0.4801,0.3997
8553,declare,0.4800,0.4831
8554,orages,0.4800,0.4287
8555,parthes,0.4800,0.4480
8556,contravention,0.4800,0.5327
8557,àdire,0.4799,0.4154
8558,singuliere,0.4799,0.3733
8559,frappe,0.4799,0.3538
8560,donnés,0.4799,0.4780
8561,autel,0.4799,0.4706
8562,rats,0.4799,0.4884
8563,chrétiennes,0.4798,0.4446
8564,joignit,0.4798,0.4353
8565,qu'au,0.4797,0.4934
8566,arrivera,0.4797,0.3957
8567,l'eternel,0.4797,0.5125
8568,dispositions,0.4797,0.3161
8569,tua,0.4797,0.3637
8570,arrivées,0.4796,0.4027
8571,quelqu'un,0.4796,0.4049
8572,hoirs,0.4796,0.4853
8573,donation,0.4796,0.3970
8574,terrein,0.4795,0.3253
8575,allarmes,0.4793,0.4571
8576,pars,0.4793,0.4701
8577,nouveauté,0.4793,0.4311
8578,approche,0.4791,0.4024
8579,indes,0.4791,0.5416
8580,créature,0.4791,0.3494
8581,s'et,0.4790,0.4448
8582,moi,0.4790,0.3719
8583,dignes,0.4790,0.4573
8584,contraindre,0.4790,0.4619
8585,termine,0.4790,0.4330
8586,confulat,0.4790,0.3667
8587,dévotion,0.4790,0.4471
8588,s'étonner,0.4790,0.4955
8589,unde,0.4789,0.3835
8590,partent,0.4789,0.4685
8591,comprit,0.4789,0.4794
8592,s'arrête,0.4788,0.4260
8593,paradis,0.4788,0.5619
8594,huissier,0.4788,0.2918
8595,maigres,0.4788,0.4549
8596,miennes,0.4787,0.3668
8597,débauches,0.4787,0.3778
8598,choisit,0.4786,0.4547
8599,élection,0.4786,0.3736
8600,gregoire,0.4786,0.4811
8601,glorieux,0.4786,0.4422
8602,deviner,0.4786,0.4508
8603,operation,0.4786,0.4554
8604,maitresse,0.4785,0.4049
8605,mystère,0.4785,0.3975
8606,part,0.4785,0.4459
8607,compliment,0.4785,0.4223
8608,justifier,0.4785,0.4675
8609,s'adresse,0.4784,0.4079
8610,mazarin,0.4784,0.5295
8611,proprieté,0.4784,0.4873
8612,quitter,0.4784,0.4566
8613,l'ambassadeur,0.4784,0.5241
8614,frappa,0.4783,0.4840
8615,bois,0.4783,0.4184
8616,introduite,0.4783,0.4066
8617,détache,0.4783,0.3838
8618,domaine,0.4783,0.5546
8619,degrés,0.4782,0.4566
8620,ou,0.4782,0.3853
8621,certificat,0.4782,0.4791
8622,profond,0.4781,0.4456
8623,ajoutent,0.4781,0.4695
8624,approché,0.4780,0.4402
8625,demeurée,0.4780,0.5201
8626,détermine,0.4780,0.3951
8627,causent,0.4778,0.5140
8628,retraites,0.4778,0.3544
8629,socrate,0.4778,0.5518
8630,idole,0.4777,0.3782
8631,dormir,0.4777,0.4849
8632,marteau,0.4776,0.4818
8633,décider,0.4776,0.3900
8634,gardoient,0.4776,0.5687
8635,mander,0.4776,0.4485
8636,ies,0.4776,0.3806
8637,mlle,0.4776,0.5352
8638,arriveroit,0.4776,0.4212
8639,charpentier,0.4775,0.4497
8640,sortifier,0.4774,0.4242
8641,erreurs,0.4774,0.4723
8642,intrigue,0.4774,0.4671
8643,neptune,0.4774,0.3773
8644,épiceries,0.4773,0.4891
8645,état,0.4773,0.5103
8646,memoires,0.4773,0.4981
8647,faits,0.4773,0.3507
8648,embarrassé,0.4772,0.5917
8649,alliances,0.4772,0.3744
8650,consulat,0.4772,0.4254
8651,audace,0.4772,0.4862
8652,foible,0.4771,0.4325
8653,hommes,0.4771,0.3629
8654,perd,0.4771,0.5011
8655,glaces,0.4771,0.4986
8656,fuite,0.4770,0.3830
8657,itre,0.4770,0.5152
8658,affaires,0.4770,0.3543
8659,étrange,0.4770,0.4890
8660,coeurs,0.4770,0.4959
8661,raisons,0.4769,0.4384
8662,boutiques,0.4768,0.4962
8663,douceur,0.4767,0.4331
8664,consul,0.4767,0.5186
8665,renvoyer,0.4767,0.4683
8666,navigation,0.4766,0.3786
8667,bontés,0.4766,0.4934
8668,malades,0.4766,0.4044
8669,omne,0.4766,0.3545
8670,wi,0.4765,0.4604
8671,mier,0.4765,0.4270
8672,l'arrêt,0.4765,0.3874
8673,rompt,0.4765,0.4194
8674,eh,0.4764,0.3936
8675,contrevenans,0.4764,0.4129
8676,crus,0.4764,0.5516
8677,l'audience,0.4764,0.4112
8678,source,0.4764,0.4528
8679,fraix,0.4764,0.3661
8680,parfaite,0.4764,0.4781
8681,dixi,0.4763,0.3531
8682,foiblesses,0.4763,0.3446
8683,ie,0.4763,0.4169
8684,admiration,0.4762,0.5659
8685,saura,0.4762,0.4077
8686,aversion,0.4762,0.4306
8687,prenons,0.4762,0.5216
8688,souffrances,0.4761,0.3783
8689,modifications,0.4761,0.3818
8690,construire,0.4760,0.3666
8691,cambray,0.4760,0.5003
8692,utile,0.4760,0.4713
8693,david,0.4758,0.5004
8694,pénétration,0.4757,0.4811
8695,hasard,0.4757,0.3859
8696,daignez,0.4756,0.4273
8697,montrer,0.4756,0.4110
8698,aures,0.4756,0.4595
8699,langueur,0.4756,0.4041
8700,proportion,0.4756,0.4391
8701,terrain,0.4755,0.3710
8702,cession,0.4755,0.4377
8703,oppose,0.4755,0.4520
8704,faces,0.4755,0.5016
8705,livré,0.4755,0.3690
8706,perches,0.4755,0.4739
8707,tentatives,0.4755,0.3356
8708,spirituel,0.4755,0.5362
8709,ôtez,0.4755,0.5405
8710,nifi,0.4754,0.3851
8711,descendent,0.4753,0.4734
8712,attaque,0.4753,0.4227
8713,expéditions,0.4753,0.3570
8714,propositions,0.4753,0.4328
8715,décharger,0.4752,0.4125
8716,pages,0.4752,0.5075
8717,cls,0.4752,0.4856
8718,from,0.4752,0.4651
8719,d'airain,0.4752,0.4022
8720,procession,0.4751,0.4371
8721,alliés,0.4750,0.4077
8722,pécheurs,0.4750,0.4994
8723,difficult,0.4749,0.3936
8724,courir,0.4747,0.4835
8725,fidei,0.4747,0.4514
8726,profit,0.4747,0.4366
8727,zele,0.4747,0.3933
8728,d'arriver,0.4747,0.5238
8729,sommes,0.4746,0.3575
8730,reliques,0.4746,0.4591
8731,luxembourg,0.4745,0.5264
8732,chefs,0.4745,0.4644
8733,usent,0.4745,0.5024
8734,recueil,0.4744,0.4828
8735,ruisseau,0.4744,0.3984
8736,réflexion,0.4743,0.4057
8737,couler,0.4742,0.5415
8738,assuré,0.4742,0.4715
8739,minutes,0.4742,0.4438
8740,états,0.4742,0.4096
8741,ouvert,0.4742,0.4203
8742,tinrent,0.4741,0.4877
8743,réglement,0.4741,0.3866
8744,quittances,0.4741,0.5180
8745,effroi,0.4741,0.4788
8746,l'argent,0.4741,0.4612
8747,paysan,0.4740,0.5063
8748,d'entrer,0.4740,0.4727
8749,maria,0.4739,0.5182
8750,offrandes,0.4739,0.4316
8751,d'une,0.4739,0.4781
8752,découvrit,0.4738,0.4481
8753,naître,0.4738,0.5097
8754,proprietaires,0.4738,0.5693
8755,pardonner,0.4738,0.5269
8756,images,0.4737,0.3732
8757,quorum,0.4737,0.3721
8758,minuit,0.4737,0.4023
8759,copy,0.4737,0.3261
8760,exposées,0.4737,0.4214
8761,enrichir,0.4737,0.4332
8762,coutumes,0.4736,0.5448
8763,opposée,0.4736,0.4510
8764,aimons,0.4736,0.3782
8765,doir,0.4736,0.3740
8766,l'aile,0.4736,0.5244
8767,commanda,0.4735,0.3810
8768,européens,0.4735,0.4103
8769,foudre,0.4735,0.4728
8770,poursuivi,0.4735,0.4732
8771,profanes,0.4735,0.5994
8772,favorable,0.4735,0.5429
8773,n'en,0.4735,0.4320
8774,importance,0.4734,0.3641
8775,consentit,0.4734,0.4056
8776,title,0.4733,0.2396
8777,justesse,0.4732,0.3823
8778,ange,0.4732,0.5590
8779,joui,0.4732,0.5060
8780,ouvrant,0.4731,0.5170
8781,édifice,0.4731,0.4339
8782,vilain,0.4731,0.4606
8783,remuer,0.4730,0.5054
8784,pinceau,0.4730,0.4611
8785,contiennent,0.4730,0.4777
8786,tenté,0.4730,0.4986
8787,nourrit,0.4729,0.3508
8788,moulins,0.4729,0.4971
8789,illustres,0.4729,0.3588
8790,mais,0.4729,0.4396
8791,intrigues,0.4728,0.3463
8792,puis,0.4728,0.4395
8793,s'entendre,0.4728,0.4765
8794,multipliant,0.4728,0.5872
8795,complices,0.4727,0.3953
8796,étroites,0.4727,0.5332
8797,souvenir,0.4727,0.3800
8798,bernard,0.4727,0.4878
8799,honoré,0.4726,0.4267
8800,make,0.4726,0.3960
8801,d'établir,0.4725,0.3547
8802,voisines,0.4725,0.3579
8803,millier,0.4725,0.4527
8804,instamment,0.4725,0.4853
8805,huissiers,0.4725,0.3491
8806,suivons,0.4724,0.5556
8807,pasteur,0.4724,0.5383
8808,most,0.4724,0.5135
8809,repas,0.4724,0.4359
8810,afrique,0.4724,0.4095
8811,guerriers,0.4723,0.3423
8812,eaux,0.4723,0.5232
8813,imiter,0.4723,0.5148
8814,dudir,0.4723,0.3712
8815,plût,0.4722,0.4512
8816,entendu,0.4722,0.4698
8817,lcs,0.4722,0.4316
8818,proposent,0.4722,0.4563
8819,passée,0.4721,0.4532
8820,repos,0.4721,0.5349
8821,occupée,0.4721,0.4387
8822,noël,0.4721,0.4758
8823,venons,0.4721,0.4367
8824,grammont,0.4721,0.5513
8825,rompre,0.4721,0.4134
8826,méritent,0.4720,0.3153
8827,goûte,0.4720,0.3841
8828,fiez,0.4720,0.4863
8829,genes,0.4719,0.4000
8830,augmente,0.4719,0.4096
8831,iroit,0.4719,0.4363
8832,mêle,0.4719,0.4811
8833,habent,0.4718,0.3482
8834,ell,0.4718,0.4133
8835,vivez,0.4717,0.4764
8836,aulfi,0.4717,0.4274
8837,ce,0.4717,0.3674
8838,promesses,0.4717,0.3415
8839,l'un,0.4717,0.4769
8840,caput,0.4717,0.4520
8841,amore,0.4716,0.3035
8842,attente,0.4716,0.3811
8843,gentilhomme,0.4716,0.4701
8844,eam,0.4715,0.3634
8845,provenans,0.4715,0.4508
8846,fiis,0.4715,0.3602
8847,percée,0.4715,0.4924
8848,réception,0.4714,0.4552
8849,reconnoît,0.4714,0.4530
8850,galle,0.4713,0.5298
8851,remplie,0.4713,0.4417
8852,s'elt,0.4713,0.4001
8853,temple,0.4713,0.4615
8854,merveilles,0.4712,0.5052
8855,facere,0.4712,0.3643
8856,japon,0.4711,0.4746
8857,meilleurs,0.4711,0.4306
8858,courez,0.4711,0.4337
8859,additions,0.4710,0.4515
8860,donn,0.4710,0.4007
8861,bellum,0.4709,0.3664
8862,destins,0.4709,0.4343
8863,rang,0.4709,0.4373
8864,tiroit,0.4708,0.3471
8865,premiére,0.4708,0.4268
8866,cultiver,0.4707,0.4960
8867,peintre,0.4707,0.4322
8868,supplier,0.4707,0.4045
8869,omnium,0.4707,0.4010
8870,évidente,0.4707,0.4853
8871,perdoit,0.4706,0.5187
8872,compétence,0.4706,0.5336
8873,expliquées,0.4706,0.4888
8874,filet,0.4706,0.5435
8875,venir,0.4706,0.4197
8876,honte,0.4705,0.3783
8877,fines,0.4705,0.3938
8878,c'els,0.4705,0.4564
8879,anima,0.4704,0.4709
8880,rencontre,0.4704,0.5241
8881,espéces,0.4704,0.3881
8882,natura,0.4704,0.3994
8883,ubi,0.4704,0.4746
8884,arrivent,0.4703,0.4380
8885,comté,0.4703,0.3895
8886,pourvu,0.4703,0.3484
8887,domicile,0.4703,0.3797
8888,tuoient,0.4703,0.5049
8889,coupables,0.4703,0.3703
8890,allumé,0.4702,0.4599
8891,portes,0.4701,0.4440
8892,infortunée,0.4701,0.3604
8893,soutiens,0.4701,0.4381
8894,choisis,0.4700,0.3872
8895,volume,0.4700,0.5657
8896,cùm,0.4700,0.4236
8897,manche,0.4699,0.4287
8898,priver,0.4699,0.4666
8899,demain,0.4699,0.4755
8900,sincérité,0.4699,0.4506
8901,cceur,0.4699,0.4479
8902,cria,0.4698,0.4553
8903,l'amiral,0.4698,0.5682
8904,entendez,0.4698,0.4915
8905,holland,0.4697,0.5581
8906,fierté,0.4697,0.4054
8907,factum,0.4696,0.4068
8908,appellées,0.4696,0.3993
8909,parentes,0.4695,0.7090
8910,accusé,0.4694,0.4797
8911,précieuses,0.4693,0.4780
8912,tailleur,0.4693,0.5719
8913,horace,0.4693,0.4470
8914,pauvres,0.4692,0.5110
8915,l'épaisseur,0.4692,0.4868
8916,l'article,0.4692,0.3788
8917,l'extrémité,0.4692,0.4059
8918,pourvû,0.4692,0.3802
8919,edition,0.4691,0.4706
8920,quoiqu'on,0.4691,0.4402
8921,loi,0.4691,0.3202
8922,quibus,0.4691,0.4368
8923,ruses,0.4691,0.3938
8924,huic,0.4691,0.3964
8925,gouvernail,0.4690,0.4790
8926,sucre,0.4690,0.4924
8927,arrive,0.4690,0.3809
8928,maximes,0.4689,0.4209
8929,notions,0.4689,0.3857
8930,ouvre,0.4689,0.4246
8931,d'elles,0.4689,0.4600
8932,maladie,0.4688,0.3586
8933,courbe,0.4688,0.4652
8934,quos,0.4687,0.4051
8935,sacs,0.4687,0.4471
8936,aces,0.4687,0.5020
8937,chancelier,0.4687,0.4890
8938,sommeil,0.4687,0.5270
8939,présentant,0.4687,0.4248
8940,reconnoître,0.4687,0.4648
8941,arma,0.4686,0.4428
8942,l'asie,0.4686,0.4463
8943,considerables,0.4686,0.4985
8944,fairc,0.4686,0.4986
8945,leur,0.4685,0.3355
8946,domino,0.4685,0.5360
8947,douter,0.4684,0.4437
8948,battu,0.4684,0.4600
8949,vertus,0.4684,0.4749
8950,couronne,0.4684,0.4536
8951,âmes,0.4683,0.3656
8952,destine,0.4683,0.4878
8953,eli,0.4683,0.3949
8954,entretenir,0.4683,0.4938
8955,animer,0.4683,0.4690
8956,divisions,0.4683,0.3834
8957,multiplient,0.4683,0.4108
8958,maltraité,0.4682,0.5557
8959,cacha,0.4682,0.5273
8960,patria,0.4681,0.3663
8961,formoient,0.4681,0.3343
8962,cabinet,0.4681,0.3902
8963,étoiles,0.4681,0.3972
8964,dangers,0.4681,0.5421
8965,europe,0.4681,0.4606
8966,délicat,0.4680,0.4862
8967,supplices,0.4680,0.4096
8968,noeuds,0.4680,0.5289
8969,marchoient,0.4680,0.4407
8970,petites,0.4680,0.5131
8971,parfum,0.4680,0.4453
8972,injustice,0.4680,0.3391
8973,vill,0.4680,0.4858
8974,c'a,0.4679,0.4208
8975,l'ancienne,0.4679,0.4698
8976,menaces,0.4678,0.3349
8977,fibi,0.4678,0.3722
8978,recherches,0.4678,0.4248
8979,métaux,0.4677,0.3614
8980,manquoit,0.4676,0.5062
8981,confond,0.4676,0.5408
8982,payables,0.4676,0.4088
8983,l'antiquité,0.4675,0.4931
8984,grandeur,0.4675,0.4560
8985,condamnée,0.4675,0.3797
8986,sçais,0.4674,0.3222
8987,placées,0.4674,0.3649
8988,soumettre,0.4674,0.3686
8989,décharge,0.4674,0.4456
8990,exprimées,0.4673,0.4756
8991,renfermée,0.4673,0.4278
8992,scait,0.4672,0.3922
8993,affliction,0.4672,0.4672
8994,approchez,0.4671,0.4009
8995,avertis,0.4671,0.3741
8996,lignes,0.4670,0.4589
8997,demi,0.4669,0.4156
8998,mauvais,0.4669,0.4906
8999,précédente,0.4669,0.4340
9000,tente,0.4669,0.4469
9001,maîtresses,0.4668,0.4624
9002,argent,0.4668,0.4479
9003,epoux,0.4668,0.4052
9004,transporte,0.4667,0.4978
9005,gestes,0.4667,0.4284
9006,bannir,0.4667,0.4212
9007,vastes,0.4667,0.4712
9008,disposer,0.4666,0.4524
9009,affligée,0.4666,0.5324
9010,visite,0.4666,0.4743
9011,belli,0.4665,0.4288
9012,climats,0.4665,0.4733
9013,trompez,0.4664,0.3078
9014,contenus,0.4664,0.4451
9015,rendus,0.4664,0.3236
9016,conversation,0.4664,0.4620
9017,richard,0.4663,0.4973
9018,congé,0.4663,0.4972
9019,his,0.4663,0.5463
9020,retournent,0.4662,0.4986
9021,entrailles,0.4662,0.5285
9022,reprocher,0.4661,0.3559
9023,lols,0.4661,0.4374
9024,l'augmentation,0.4661,0.4306
9025,vivons,0.4661,0.4162
9026,vita,0.4661,0.3933
9027,cabanes,0.4661,0.3523
9028,pressa,0.4661,0.4260
9029,poulie,0.4661,0.4848
9030,paroît,0.4661,0.4785
9031,plaisant,0.4661,0.4999
9032,déclarer,0.4661,0.3563
9033,poing,0.4660,0.5259
9034,angles,0.4660,0.4853
9035,partie,0.4660,0.4672
9036,satisfaite,0.4660,0.4580
9037,nous,0.4660,0.5936
9038,entraîne,0.4660,0.4448
9039,excitent,0.4659,0.4182
9040,aussitôt,0.4659,0.4804
9041,jouer,0.4658,0.5636
9042,l'autel,0.4658,0.4027
9043,promptitude,0.4657,0.4187
9044,vicaires,0.4657,0.5146
9045,créatures,0.4657,0.4889
9046,mineur,0.4656,0.4543
9047,he,0.4656,0.4528
9048,ses,0.4656,0.3441
9049,désir,0.4655,0.4085
9050,puissance,0.4655,0.3734
9051,proposer,0.4655,0.4423
9052,vapeurs,0.4655,0.3742
9053,bal,0.4654,0.4277
9054,miracles,0.4654,0.4382
9055,ôter,0.4654,0.4587
9056,compagnons,0.4654,0.4173
9057,bordure,0.4654,0.4155
9058,continué,0.4654,0.4951
9059,grains,0.4654,0.5228
9060,grenier,0.4653,0.4654
9061,orientale,0.4652,0.4494
9062,papiers,0.4652,0.4652
9063,durs,0.4652,0.4471
9064,fontaines,0.4651,0.5366
9065,satyre,0.4651,0.4746
9066,l'acheteur,0.4651,0.4135
9067,imposition,0.4651,0.5129
9068,éprouver,0.4651,0.5181
9069,roi,0.4650,0.3063
9070,calomnies,0.4650,0.3509
9071,d'accepter,0.4649,0.3864
9072,hardes,0.4649,0.4734
9073,maritimes,0.4648,0.4051
9074,épaisseur,0.4648,0.3813
9075,expédition,0.4648,0.4545
9076,ront,0.4648,0.4008
9077,passé,0.4648,0.4711
9078,iles,0.4647,0.3638
9079,mince,0.4647,0.4170
9080,réparations,0.4647,0.4657
9081,trouble,0.4647,0.3961
9082,qu'avez,0.4646,0.4160
9083,batterie,0.4646,0.4706
9084,cessent,0.4645,0.4381
9085,meaux,0.4645,0.4612
9086,has,0.4645,0.3664
9087,citer,0.4645,0.3940
9088,cujus,0.4645,0.3677
9089,nostra,0.4644,0.4026
9090,contenir,0.4644,0.5033
9091,ressentiment,0.4644,0.3584
9092,suivis,0.4643,0.4067
9093,imprimée,0.4643,0.5213
9094,montagne,0.4643,0.3512
9095,échappé,0.4643,0.3319
9096,aufii,0.4643,0.4122
9097,clair,0.4643,0.4606
9098,cntre,0.4643,0.4869
9099,approuvé,0.4641,0.4253
9100,roche,0.4641,0.4698
9101,principales,0.4640,0.5024
9102,hic,0.4640,0.4387
9103,chêne,0.4640,0.4199
9104,anciens,0.4639,0.4615
9105,emprunté,0.4638,0.5064
9106,concil,0.4638,0.3589
9107,d'apprendre,0.4637,0.4590
9108,l'amirauté,0.4637,0.5384
9109,d'argent,0.4637,0.4646
9110,conseillé,0.4635,0.3866
9111,naturel,0.4635,0.4322
9112,détruit,0.4634,0.3976
9113,fache,0.4634,0.4566
9114,emportement,0.4633,0.4020
9115,sua,0.4633,0.4659
9116,comptes,0.4633,0.4554
9117,châtelet,0.4633,0.4923
9118,causer,0.4633,0.4449
9119,scélérat,0.4632,0.3853
9120,their,0.4632,0.3265
9121,lera,0.4631,0.3866
9122,rétablie,0.4631,0.4866
9123,recettes,0.4631,0.4782
9124,coquille,0.4630,0.4674
9125,d'anvers,0.4629,0.4431
9126,bénéfices,0.4627,0.4214
9127,miséricorde,0.4627,0.5483
9128,fuerit,0.4627,0.3591
9129,fignification,0.4627,0.3812
9130,infinité,0.4626,0.4937
9131,portion,0.4626,0.4505
9132,interest,0.4626,0.3056
9133,roues,0.4625,0.4292
9134,lame,0.4625,0.4287
9135,comparer,0.4624,0.5197
9136,jolis,0.4624,0.4615
9137,l'italie,0.4623,0.3887
9138,savant,0.4623,0.4305
9139,debent,0.4622,0.3329
9140,promettre,0.4622,0.5150
9141,nud,0.4622,0.4766
9142,fortune,0.4622,0.3756
9143,lorraine,0.4622,0.4640
9144,couverture,0.4622,0.4426
9145,cuisse,0.4622,0.3698
9146,cela,0.4622,0.3666
9147,claire,0.4621,0.3598
9148,caves,0.4621,0.4344
9149,exiger,0.4621,0.3915
9150,murailles,0.4621,0.4738
9151,meum,0.4621,0.3362
9152,s'attacher,0.4620,0.4168
9153,mea,0.4620,0.3943
9154,faiblesse,0.4620,0.3804
9155,allée,0.4620,0.4685
9156,testament,0.4620,0.5349
9157,appas,0.4619,0.4450
9158,conférences,0.4619,0.4033
9159,formalités,0.4619,0.4925
9160,rares,0.4618,0.4350
9161,lazare,0.4618,0.4350
9162,propose,0.4618,0.4939
9163,eil,0.4618,0.4374
9164,conciles,0.4617,0.4499
9165,malheur,0.4617,0.4547
9166,animée,0.4617,0.4797
9167,controlleur,0.4616,0.4901
9168,instruit,0.4615,0.4483
9169,ressemblent,0.4615,0.4876
9170,couvrent,0.4615,0.5040
9171,infortuné,0.4615,0.4860
9172,aufi,0.4614,0.4198
9173,pierres,0.4614,0.4700
9174,aions,0.4614,0.4846
9175,amis,0.4613,0.3510
9176,conservée,0.4612,0.4054
9177,modeste,0.4611,0.5377
9178,imprimées,0.4611,0.5535
9179,vivoit,0.4610,0.4530
9180,clause,0.4609,0.4098
9181,n'arrive,0.4609,0.4330
9182,valence,0.4608,0.4925
9183,tiennent,0.4608,0.4266
9184,suivez,0.4608,0.4105
9185,reprendre,0.4607,0.4559
9186,permettre,0.4607,0.4339
9187,préteur,0.4606,0.4336
9188,gs,0.4606,0.5212
9189,tablettes,0.4606,0.3886
9190,l'occasion,0.4606,0.4627
9191,attributs,0.4604,0.4632
9192,considence,0.4604,0.4509
9193,madame,0.4604,0.4536
9194,serviteur,0.4604,0.4268
9195,provision,0.4604,0.4054
9196,l'endroit,0.4603,0.4222
9197,travailloit,0.4603,0.4679
9198,jouir,0.4603,0.3975
9199,couronnement,0.4602,0.4713
9200,savants,0.4602,0.5481
9201,élevées,0.4602,0.3396
9202,ces,0.4601,0.3266
9203,titres,0.4601,0.4562
9204,complimens,0.4601,0.3665
9205,avisé,0.4601,0.4391
9206,marcellus,0.4600,0.4219
9207,aliud,0.4599,0.3838
9208,respects,0.4599,0.4246
9209,veuve,0.4599,0.4039
9210,s'accordent,0.4598,0.4179
9211,vulcain,0.4598,0.4181
9212,élu,0.4598,0.3804
9213,année,0.4598,0.4551
9214,cerfs,0.4597,0.3524
9215,serpens,0.4597,0.4853
9216,misérable,0.4597,0.4514
9217,négociant,0.4597,0.3782
9218,besoins,0.4596,0.5344
9219,commandemens,0.4596,0.4895
9220,colonnes,0.4595,0.4554
9221,l'attaquer,0.4595,0.4710
9222,vainqueur,0.4595,0.4378
9223,touché,0.4595,0.4707
9224,gouverneurs,0.4595,0.4308
9225,demandons,0.4595,0.4375
9226,amené,0.4594,0.3485
9227,chambre,0.4594,0.4523
9228,demeuroit,0.4593,0.4907
9229,milles,0.4593,0.3686
9230,invention,0.4592,0.3539
9231,guillaume,0.4592,0.4261
9232,mien,0.4591,0.3758
9233,danois,0.4591,0.5031
9234,ciel,0.4590,0.4076
9235,dangereuse,0.4590,0.3878
9236,situées,0.4589,0.3562
9237,d'amsterdam,0.4589,0.4337
9238,ioo,0.4589,0.4616
9239,demander,0.4589,0.4020
9240,plaint,0.4588,0.3739
9241,nul,0.4588,0.4160
9242,reins,0.4588,0.5141
9243,entr'autres,0.4588,0.4312
9244,viii,0.4587,0.4691
9245,bêtes,0.4587,0.5037
9246,conséquence,0.4587,0.4459
9247,cruels,0.4587,0.4395
9248,pertes,0.4587,0.5110
9249,d'ailleurs,0.4587,0.4466
9250,inspire,0.4586,0.3649
9251,jardinier,0.4586,0.5006
9252,harangues,0.4586,0.4967
9253,haïr,0.4585,0.4003
9254,satisfaction,0.4585,0.5113
9255,regne,0.4584,0.4362
9256,tumulte,0.4584,0.3508
9257,jeunes,0.4583,0.4640
9258,garnir,0.4583,0.5001
9259,défaire,0.4582,0.4659
9260,rayon,0.4582,0.4279
9261,yeux,0.4582,0.4481
9262,sieur,0.4581,0.4491
9263,déesse,0.4581,0.4485
9264,puissans,0.4581,0.4980
9265,meilleures,0.4581,0.4435
9266,brûle,0.4581,0.3680
9267,potuit,0.4581,0.2999
9268,plaintes,0.4581,0.3386
9269,illos,0.4581,0.2977
9270,natif,0.4581,0.3861
9271,diminuée,0.4580,0.4411
9272,prévaloir,0.4580,0.4764
9273,introduit,0.4580,0.4737
9274,aliter,0.4579,0.3215
9275,illius,0.4579,0.3255
9276,entretiens,0.4579,0.4357
9277,france,0.4578,0.4538
9278,buis,0.4578,0.4607
9279,fruitiers,0.4577,0.4998
9280,meis,0.4576,0.3681
9281,d'espagne,0.4576,0.4289
9282,contentement,0.4576,0.4355
9283,marquoit,0.4575,0.4305
9284,cave,0.4575,0.5385
9285,gueule,0.4575,0.4157
9286,reçoit,0.4575,0.4920
9287,froids,0.4575,0.4190
9288,testamens,0.4574,0.5092
9289,sommet,0.4574,0.4923
9290,pilote,0.4574,0.4821
9291,catalogne,0.4574,0.4714
9292,petit,0.4574,0.4615
9293,deuxième,0.4574,0.3783
9294,transporté,0.4574,0.4378
9295,délivrer,0.4573,0.4720
9296,saisies,0.4573,0.4349
9297,volumus,0.4573,0.3748
9298,home,0.4573,0.6379
9299,incertitude,0.4573,0.3553
9300,valet,0.4572,0.4026
9301,remplissent,0.4572,0.3509
9302,procéder,0.4572,0.3585
9303,témoins,0.4571,0.4223
9304,taureaux,0.4570,0.4853
9305,intestins,0.4570,0.4142
9306,ajouté,0.4570,0.4821
9307,expédier,0.4569,0.4776
9308,foires,0.4569,0.4302
9309,spectacles,0.4569,0.4276
9310,portrait,0.4568,0.4334
9311,dominique,0.4568,0.5813
9312,passoient,0.4567,0.3506
9313,académie,0.4567,0.4397
9314,accuse,0.4567,0.3933
9315,videre,0.4567,0.4417
9316,chaudes,0.4566,0.4182
9317,séparées,0.4565,0.4007
9318,loup,0.4565,0.3828
9319,ef,0.4565,0.3802
9320,mêlez,0.4565,0.4095
9321,vermillon,0.4564,0.4919
9322,éprouvé,0.4564,0.4403
9323,répandit,0.4564,0.3865
9324,coupent,0.4563,0.4451
9325,nomination,0.4563,0.4693
9326,vécut,0.4563,0.4801
9327,approuvée,0.4563,0.4283
9328,agitation,0.4562,0.3296
9329,donnons,0.4562,0.5916
9330,bleds,0.4562,0.3999
9331,tanquam,0.4562,0.3065
9332,curieuses,0.4562,0.4773
9333,simplicité,0.4562,0.3906
9334,cs,0.4561,0.4142
9335,répons,0.4561,0.3549
9336,soutient,0.4561,0.4011
9337,domum,0.4561,0.3486
9338,arc,0.4561,0.3835
9339,prieur,0.4560,0.4488
9340,parjure,0.4560,0.3878
9341,admirer,0.4560,0.4419
9342,incroyable,0.4559,0.4501
9343,sud,0.4559,0.3872
9344,auxquels,0.4558,0.4066
9345,arlequin,0.4558,0.4383
9346,eau,0.4558,0.4524
9347,appartenans,0.4558,0.5529
9348,répand,0.4558,0.3440
9349,parbleu,0.4557,0.4074
9350,bray,0.4557,0.5544
9351,rapporter,0.4556,0.4514
9352,l'épouser,0.4556,0.5217
9353,senat,0.4556,0.4768
9354,her,0.4556,0.4736
9355,obstacles,0.4555,0.5062
9356,loger,0.4555,0.4493
9357,raisonnable,0.4554,0.3706
9358,célébre,0.4554,0.4022
9359,apologie,0.4554,0.3756
9360,tribunaux,0.4554,0.3952
9361,de,0.4554,0.3191
9362,quoique,0.4553,0.4585
9363,lendemain,0.4553,0.4404
9364,vert,0.4553,0.5659
9365,fabius,0.4553,0.3964
9366,bataille,0.4552,0.4932
9367,êre,0.4552,0.3521
9368,mâle,0.4552,0.5217
9369,employée,0.4552,0.3815
9370,agrémens,0.4552,0.4714
9371,plaisante,0.4552,0.4487
9372,coquin,0.4551,0.4482
9373,villages,0.4551,0.3821
9374,méchant,0.4551,0.4403
9375,poissons,0.4551,0.4112
9376,bonjour,0.4551,0.4964
9377,embarquer,0.4550,0.5324
9378,cendres,0.4550,0.4105
9379,vivres,0.4550,0.5081
9380,d'apollon,0.4550,0.4005
9381,orateur,0.4549,0.4004
9382,plaignoit,0.4549,0.3838
9383,ferveur,0.4549,0.5057
9384,reçus,0.4548,0.3617
9385,entendue,0.4548,0.5009
9386,fonds,0.4548,0.4649
9387,épée,0.4548,0.4392
9388,hérétiques,0.4547,0.4357
9389,envoie,0.4547,0.3724
9390,variété,0.4547,0.4426
9391,fatal,0.4547,0.4560
9392,douaire,0.4547,0.4774
9393,l'adjudication,0.4546,0.4462
9394,manus,0.4546,0.3471
9395,s'attache,0.4546,0.3707
9396,engager,0.4546,0.4423
9397,dictateur,0.4545,0.3971
9398,acquisition,0.4545,0.3806
9399,informée,0.4545,0.4699
9400,colleges,0.4544,0.4076
9401,communiquer,0.4544,0.4695
9402,cérémonies,0.4544,0.4784
9403,fatale,0.4543,0.4653
9404,du,0.4543,0.3055
9405,refus,0.4543,0.3668
9406,semer,0.4543,0.4496
9407,audience,0.4542,0.4465
9408,enlever,0.4542,0.4441
9409,imaginer,0.4542,0.4209
9410,présenté,0.4542,0.4126
9411,renverse,0.4542,0.3970
9412,liaisons,0.4541,0.4818
9413,thou,0.4541,0.5627
9414,espérance,0.4540,0.3990
9415,propter,0.4540,0.3997
9416,l'empire,0.4539,0.4720
9417,flandres,0.4539,0.3579
9418,écuyer,0.4539,0.4423
9419,onr,0.4538,0.3664
9420,hominem,0.4538,0.3402
9421,cloud,0.4537,0.4380
9422,sine,0.4537,0.4469
9423,tuent,0.4537,0.4250
9424,n'empêche,0.4537,0.4577
9425,allume,0.4536,0.4398
9426,appointemens,0.4536,0.4213
9427,country,0.4535,0.2350
9428,ordre,0.4535,0.3785
9429,souvient,0.4535,0.3584
9430,marcs,0.4534,0.4248
9431,conclus,0.4534,0.3600
9432,panier,0.4534,0.4229
9433,faille,0.4534,0.3834
9434,fournies,0.4534,0.4950
9435,augmenter,0.4534,0.3802
9436,heure,0.4534,0.4721
9437,dépouille,0.4533,0.4404
9438,archives,0.4533,0.4417
9439,laver,0.4533,0.4315
9440,forets,0.4533,0.4534
9441,caton,0.4533,0.4390
9442,conduit,0.4533,0.4854
9443,inutile,0.4532,0.4867
9444,apprend,0.4532,0.4645
9445,comprendre,0.4532,0.3900
9446,lampe,0.4532,0.4946
9447,captifs,0.4532,0.4922
9448,gallicane,0.4531,0.6006
9449,paroisses,0.4531,0.3456
9450,enseigne,0.4530,0.4332
9451,dites,0.4529,0.4431
9452,tombeaux,0.4529,0.4675
9453,directeurs,0.4529,0.4324
9454,supra,0.4528,0.4720
9455,cherche,0.4528,0.4836
9456,ventes,0.4528,0.5856
9457,études,0.4527,0.3468
9458,curieux,0.4527,0.4940
9459,apperçoit,0.4527,0.2845
9460,accordé,0.4526,0.4010
9461,préparatifs,0.4526,0.3872
9462,livres,0.4526,0.4207
9463,infini,0.4525,0.3984
9464,productions,0.4524,0.3502
9465,multa,0.4524,0.3615
9466,cabane,0.4524,0.4928
9467,vez,0.4524,0.3867
9468,vaincu,0.4524,0.3860
9469,question,0.4523,0.4280
9470,jouiront,0.4523,0.3772
9471,denis,0.4523,0.5242
9472,achevée,0.4523,0.4212
9473,effort,0.4523,0.5072
9474,abandonne,0.4522,0.4000
9475,ornemens,0.4522,0.4297
9476,pâques,0.4522,0.4050
9477,menton,0.4522,0.4953
9478,domain,0.4521,0.3262
9479,exprimée,0.4521,0.4677
9480,l'image,0.4521,0.4071
9481,remises,0.4521,0.3889
9482,spirituels,0.4520,0.5304
9483,caution,0.4520,0.4694
9484,homo,0.4520,0.3817
9485,moque,0.4520,0.3976
9486,superficie,0.4520,0.3348
9487,revendre,0.4519,0.4403
9488,differente,0.4519,0.4357
9489,enseignent,0.4519,0.5081
9490,l'amitié,0.4519,0.4548
9491,sienne,0.4519,0.4432
9492,disons,0.4519,0.5097
9493,concilier,0.4519,0.4341
9494,meurtres,0.4518,0.4892
9495,langue,0.4517,0.4772
9496,reviens,0.4517,0.4361
9497,mineurs,0.4516,0.4824
9498,aillent,0.4516,0.4608
9499,nid,0.4516,0.4211
9500,mortelle,0.4516,0.4642
9501,larmes,0.4516,0.4956
9502,clermont,0.4516,0.3865
9503,éloignée,0.4515,0.4840
9504,notes,0.4515,0.4302
9505,itaque,0.4515,0.3594
9506,tâcher,0.4515,0.4851
9507,attaché,0.4515,0.4725
9508,tâcha,0.4515,0.4861
9509,greniers,0.4514,0.4497
9510,fief,0.4514,0.3796
9511,vocation,0.4514,0.4890
9512,destinées,0.4514,0.4248
9513,vierges,0.4513,0.4469
9514,déclarations,0.4513,0.4266
9515,right,0.4513,0.3911
9516,monarque,0.4512,0.3929
9517,placé,0.4512,0.4359
9518,tireur,0.4512,0.4403
9519,sort,0.4512,0.3959
9520,lecteur,0.4512,0.3661
9521,exquis,0.4511,0.4313
9522,façons,0.4511,0.3676
9523,chacune,0.4511,0.4477
9524,condamne,0.4511,0.3842
9525,oracles,0.4510,0.4717
9526,repondit,0.4510,0.4423
9527,observera,0.4510,0.3723
9528,fortes,0.4510,0.3826
9529,solum,0.4510,0.3272
9530,vives,0.4510,0.4831
9531,j'entends,0.4509,0.3887
9532,l'odeur,0.4509,0.5222
9533,sein,0.4509,0.4408
9534,échappe,0.4508,0.4333
9535,renfermer,0.4508,0.4725
9536,d'obéir,0.4508,0.4109
9537,mourra,0.4508,0.4443
9538,about,0.4508,0.4083
9539,combattu,0.4507,0.3460
9540,bras,0.4507,0.4103
9541,ordonne,0.4507,0.4219
9542,vaincre,0.4507,0.4434
9543,permettra,0.4506,0.4831
9544,cordages,0.4506,0.4080
9545,coffre,0.4505,0.4372
9546,autorité,0.4504,0.3312
9547,amor,0.4504,0.3642
9548,igitur,0.4504,0.3683
9549,prononcer,0.4504,0.4300
9550,console,0.4504,0.4224
9551,than,0.4504,0.3814
9552,renfermé,0.4504,0.3718
9553,situation,0.4504,0.3490
9554,s'abandonne,0.4504,0.4234
9555,composée,0.4503,0.4597
9556,pasteurs,0.4503,0.4869
9557,l'écorce,0.4503,0.4594
9558,vainqueurs,0.4503,0.3960
9559,nature,0.4502,0.4691
9560,craintes,0.4502,0.3446
9561,résister,0.4502,0.3517
9562,ecrit,0.4502,0.4741
9563,renonce,0.4501,0.3803
9564,locis,0.4500,0.3914
9565,bouteilles,0.4500,0.3900
9566,exécution,0.4499,0.4676
9567,boëte,0.4499,0.4597
9568,cultive,0.4499,0.5237
9569,canaux,0.4499,0.4388
9570,regardée,0.4498,0.4076
9571,courts,0.4497,0.3811
9572,bestiaux,0.4497,0.4351
9573,crier,0.4497,0.4495
9574,eodem,0.4496,0.4184
9575,sassent,0.4496,0.3838
9576,bouclier,0.4496,0.4721
9577,magasin,0.4496,0.4189
9578,combat,0.4495,0.4692
9579,bottes,0.4495,0.4151
9580,aliquo,0.4494,0.3863
9581,menace,0.4494,0.3701
9582,haine,0.4494,0.4066
9583,puissante,0.4494,0.3895
9584,bienfaits,0.4494,0.3990
9585,charmé,0.4493,0.3752
9586,refusa,0.4493,0.3956
9587,mené,0.4492,0.4449
9588,composé,0.4492,0.4028
9589,monde,0.4492,0.3943
9590,mépris,0.4491,0.4366
9591,couronner,0.4491,0.4299
9592,pigeon,0.4490,0.4772
9593,charmer,0.4490,0.4434
9594,attaquent,0.4490,0.3917
9595,essentielle,0.4489,0.3744
9596,quoiqu'il,0.4489,0.4243
9597,fruits,0.4489,0.4843
9598,autour,0.4489,0.4981
9599,resté,0.4488,0.4065
9600,aliquid,0.4488,0.3612
9601,volontés,0.4488,0.4539
9602,demandent,0.4488,0.4352
9603,naissent,0.4488,0.4342
9604,fontaine,0.4487,0.4629
9605,punir,0.4487,0.3821
9606,clles,0.4487,0.4472
9607,récolte,0.4487,0.4032
9608,négligé,0.4486,0.4546
9609,quarrée,0.4486,0.3883
9610,observées,0.4486,0.4441
9611,sors,0.4486,0.3979
9612,même,0.4486,0.4163
9613,enchanté,0.4486,0.5342
9614,renoncer,0.4485,0.3614
9615,éloigner,0.4485,0.4050
9616,suivoient,0.4484,0.3820
9617,entretient,0.4484,0.4069
9618,d'eau,0.4483,0.4230
9619,indifférence,0.4483,0.4756
9620,strasbourg,0.4483,0.4620
9621,relevent,0.4483,0.4620
9622,ligue,0.4483,0.3837
9623,fatigues,0.4482,0.3982
9624,tenu,0.4482,0.4057
9625,fondent,0.4482,0.4383
9626,n'osent,0.4481,0.4480
9627,capitole,0.4478,0.4498
9628,tint,0.4478,0.3795
9629,vobis,0.4478,0.3818
9630,légitime,0.4478,0.3641
9631,découvrir,0.4477,0.4765
9632,mêlées,0.4477,0.4045
9633,troublent,0.4477,0.4282
9634,d'icelle,0.4476,0.3811
9635,to,0.4476,0.5410
9636,chiens,0.4476,0.3401
9637,martyrs,0.4476,0.4222
9638,diminuer,0.4476,0.4101
9639,citadelle,0.4475,0.3937
9640,religion,0.4475,0.4859
9641,précautions,0.4474,0.3401
9642,science,0.4474,0.4147
9643,pratiques,0.4473,0.3230
9644,palais,0.4472,0.4331
9645,works,0.4470,0.4861
9646,savons,0.4470,0.3897
9647,alléguer,0.4469,0.3700
9648,cachent,0.4469,0.4425
9649,cependant,0.4468,0.4328
9650,sicile,0.4468,0.4844
9651,sien,0.4468,0.4081
9652,robe,0.4468,0.4757
9653,roseaux,0.4468,0.3598
9654,cét,0.4468,0.2758
9655,articles,0.4468,0.4528
9656,fidele,0.4468,0.5020
9657,sentir,0.4467,0.4236
9658,impose,0.4467,0.3720
9659,ainé,0.4467,0.4098
9660,sexe,0.4467,0.3678
9661,porter,0.4466,0.4268
9662,audiences,0.4466,0.4115
9663,accompagné,0.4466,0.4563
9664,régne,0.4466,0.3017
9665,démons,0.4465,0.4810
9666,abraham,0.4465,0.5016
9667,plûpart,0.4465,0.3907
9668,anneau,0.4463,0.4147
9669,manoeuvre,0.4463,0.3925
9670,corde,0.4463,0.4462
9671,acteurs,0.4462,0.4428
9672,ennuis,0.4462,0.4769
9673,bonheur,0.4461,0.4590
9674,retourne,0.4461,0.4043
9675,présence,0.4461,0.4078
9676,remords,0.4461,0.3806
9677,héritage,0.4461,0.3363
9678,tuer,0.4460,0.4398
9679,rigueurs,0.4460,0.3427
9680,embarras,0.4460,0.4554
9681,leve,0.4460,0.4307
9682,la,0.4459,0.3106
9683,immédiatement,0.4459,0.4645
9684,d'auvergne,0.4459,0.5513
9685,vendeurs,0.4459,0.6110
9686,composoient,0.4459,0.4832
9687,combats,0.4458,0.3596
9688,matins,0.4458,0.4841
9689,tempête,0.4457,0.4308
9690,autre,0.4457,0.4641
9691,comes,0.4457,0.4550
9692,bronze,0.4457,0.4086
9693,emparé,0.4457,0.4187
9694,feize,0.4456,0.3762
9695,plaignit,0.4456,0.3497
9696,voir,0.4456,0.4372
9697,gouverneur,0.4456,0.3614
9698,l'échéance,0.4456,0.5159
9699,servant,0.4456,0.4240
9700,augustin,0.4455,0.4529
9701,occupation,0.4454,0.3639
9702,monts,0.4454,0.5101
9703,dauphiné,0.4454,0.4236
9704,l'amour,0.4453,0.3767
9705,troubler,0.4453,0.4053
9706,bain,0.4453,0.4066
9707,derniers,0.4452,0.4727
9708,paris,0.4451,0.4517
9709,évité,0.4451,0.4379
9710,verte,0.4451,0.5216
9711,rené,0.4451,0.4565
9712,grasse,0.4450,0.4598
9713,sortant,0.4450,0.4699
9714,l'évêque,0.4450,0.4183
9715,violente,0.4450,0.4565
9716,poix,0.4449,0.4952
9717,bologne,0.4449,0.4419
9718,bateau,0.4449,0.4056
9719,greffe,0.4448,0.4404
9720,fideles,0.4448,0.4893
9721,sculpture,0.4448,0.4045
9722,agrément,0.4447,0.4961
9723,prient,0.4446,0.5111
9724,rhin,0.4446,0.4085
9725,concile,0.4445,0.4568
9726,comédie,0.4445,0.4462
9727,plaisirs,0.4445,0.5392
9728,ronds,0.4445,0.4060
9729,portent,0.4444,0.4289
9730,eadem,0.4443,0.3803
9731,conjointement,0.4443,0.4875
9732,sentis,0.4443,0.3373
9733,rue,0.4442,0.4465
9734,bonnes,0.4442,0.4790
9735,bibliotheque,0.4442,0.3494
9736,concernent,0.4442,0.3573
9737,s'accorder,0.4442,0.4695
9738,reines,0.4442,0.4425
9739,commençait,0.4441,0.4334
9740,fermeté,0.4441,0.3793
9741,l'empêcher,0.4441,0.4811
9742,députés,0.4441,0.4058
9743,prononce,0.4440,0.4968
9744,celle,0.4439,0.4546
9745,pores,0.4439,0.4569
9746,règlement,0.4439,0.4146
9747,risques,0.4439,0.4306
9748,demandera,0.4439,0.3679
9749,flancs,0.4439,0.4153
9750,flamme,0.4438,0.3510
9751,remédier,0.4438,0.4912
9752,étendu,0.4438,0.4130
9753,pense,0.4438,0.4012
9754,contribue,0.4438,0.4637
9755,peres,0.4437,0.4375
9756,laissons,0.4437,0.4755
9757,exception,0.4437,0.4067
9758,soldat,0.4437,0.4812
9759,honnêtes,0.4437,0.4232
9760,couroit,0.4437,0.4406
9761,aimez,0.4436,0.4298
9762,ambassade,0.4436,0.5161
9763,prérogatives,0.4436,0.4248
9764,organes,0.4436,0.4425
9765,d'unc,0.4436,0.5618
9766,convaincre,0.4436,0.4089
9767,dessus,0.4434,0.4907
9768,s'apperçoit,0.4434,0.3182
9769,hongrie,0.4434,0.4644
9770,poëme,0.4433,0.4032
9771,savoir,0.4432,0.3348
9772,précaution,0.4432,0.4085
9773,régle,0.4432,0.3910
9774,recevoient,0.4432,0.3199
9775,étoffe,0.4432,0.4183
9776,s'étend,0.4431,0.3937
9777,appuyé,0.4431,0.4617
9778,sortifications,0.4431,0.3845
9779,reine,0.4430,0.4398
9780,attendoit,0.4429,0.4959
9781,flandre,0.4429,0.3801
9782,réputation,0.4429,0.4140
9783,bailli,0.4429,0.4329
9784,familiarité,0.4429,0.4408
9785,d'adresse,0.4428,0.3886
9786,éclaire,0.4428,0.4021
9787,chauds,0.4428,0.5128
9788,donations,0.4427,0.4553
9789,rarement,0.4427,0.4195
9790,écrivit,0.4426,0.4406
9791,offert,0.4425,0.4009
9792,attachez,0.4425,0.5599
9793,augmentée,0.4424,0.4654
9794,attirer,0.4424,0.3563
9795,séjour,0.4424,0.4420
9796,poitiers,0.4424,0.4490
9797,nomen,0.4423,0.3886
9798,aune,0.4423,0.4562
9799,imagination,0.4423,0.4761
9800,moine,0.4423,0.4983
9801,paraître,0.4422,0.3365
9802,conversations,0.4422,0.4570
9803,successeur,0.4422,0.4667
9804,envoyent,0.4422,0.3274
9805,éducation,0.4421,0.4331
9806,l'archevêque,0.4421,0.3961
9807,voies,0.4420,0.4025
9808,amandes,0.4420,0.3570
9809,jugé,0.4420,0.3691
9810,violences,0.4420,0.3500
9811,vérité,0.4420,0.4601
9812,laine,0.4420,0.3962
9813,surnom,0.4419,0.3572
9814,charger,0.4418,0.3944
9815,netteté,0.4418,0.3935
9816,entrant,0.4418,0.4977
9817,j'ose,0.4418,0.3955
9818,avertit,0.4418,0.3685
9819,si,0.4418,0.3890
9820,surface,0.4417,0.3213
9821,banque,0.4416,0.5005
9822,contente,0.4416,0.4428
9823,atque,0.4416,0.4971
9824,abeilles,0.4416,0.4694
9825,sentiments,0.4415,0.3409
9826,c'efr,0.4413,0.4242
9827,crochet,0.4413,0.4073
9828,furie,0.4413,0.4796
9829,plais,0.4412,0.4085
9830,ils,0.4412,0.3323
9831,commentateurs,0.4411,0.3565
9832,vaincus,0.4411,0.4265
9833,nos,0.4411,0.3610
9834,pilotes,0.4410,0.4462
9835,obliger,0.4410,0.3974
9836,plaisoit,0.4410,0.4026
9837,fripon,0.4409,0.3948
9838,io,0.4409,0.4093
9839,placée,0.4409,0.3841
9840,vendent,0.4409,0.4463
9841,violence,0.4408,0.3731
9842,charmant,0.4408,0.4425
9843,prédécesseurs,0.4408,0.3697
9844,surprenante,0.4408,0.3752
9845,danger,0.4407,0.4400
9846,heureuses,0.4407,0.4659
9847,inconvéniens,0.4407,0.4140
9848,bourse,0.4407,0.4634
9849,catherine,0.4406,0.4258
9850,esset,0.4405,0.4809
9851,c'està,0.4405,0.4703
9852,écrivoit,0.4405,0.3881
9853,étais,0.4404,0.2907
9854,hanc,0.4403,0.3606
9855,difficiles,0.4403,0.4705
9856,portait,0.4402,0.4197
9857,meres,0.4402,0.4692
9858,objections,0.4402,0.4449
9859,consens,0.4401,0.4036
9860,appartenoient,0.4401,0.3484
9861,tonnerre,0.4401,0.4885
9862,utiles,0.4400,0.4258
9863,suède,0.4400,0.4831
9864,disgrâce,0.4400,0.4258
9865,parce,0.4400,0.4487
9866,épais,0.4398,0.4299
9867,consommation,0.4398,0.4273
9868,demandée,0.4398,0.4207
9869,témoigné,0.4397,0.4600
9870,oppositions,0.4397,0.5173
9871,d'envoyer,0.4396,0.4271
9872,humilité,0.4396,0.5064
9873,haud,0.4396,0.3596
9874,quarre,0.4395,0.4382
9875,fournit,0.4395,0.4382
9876,l'y,0.4394,0.4060
9877,ouvriers,0.4393,0.4156
9878,tonneaux,0.4392,0.5126
9879,modique,0.4392,0.3361
9880,festin,0.4391,0.4175
9881,vers,0.4391,0.4915
9882,déplaire,0.4391,0.3983
9883,détruire,0.4391,0.3925
9884,dirois,0.4391,0.2995
9885,perche,0.4390,0.4666
9886,avec,0.4390,0.4341
9887,apporter,0.4390,0.3986
9888,illud,0.4390,0.3493
9889,quittent,0.4390,0.4675
9890,caisses,0.4389,0.3919
9891,contenoit,0.4388,0.4450
9892,froid,0.4387,0.4832
9893,établissement,0.4387,0.4612
9894,aisément,0.4385,0.4153
9895,m'aimez,0.4385,0.4126
9896,malheurs,0.4384,0.3421
9897,fecit,0.4384,0.3521
9898,jetté,0.4384,0.4256
9899,aliis,0.4383,0.4588
9900,inventions,0.4382,0.3470
9901,poura,0.4382,0.3928
9902,répandue,0.4382,0.4299
9903,gloire,0.4382,0.4429
9904,inventer,0.4381,0.4291
9905,deinde,0.4381,0.3633
9906,recommandé,0.4381,0.3928
9907,personnage,0.4380,0.4434
9908,expliquez,0.4380,0.4839
9909,montré,0.4379,0.3632
9910,voyages,0.4379,0.4773
9911,bonis,0.4378,0.3714
9912,exprimé,0.4378,0.4161
9913,contenter,0.4378,0.3617
9914,recommanda,0.4378,0.4637
9915,matière,0.4377,0.4128
9916,orage,0.4377,0.4202
9917,rose,0.4377,0.4648
9918,oracle,0.4376,0.4159
9919,empêcher,0.4376,0.4687
9920,supplice,0.4376,0.4555
9921,briller,0.4376,0.3983
9922,perce,0.4376,0.4197
9923,richelieu,0.4376,0.3730
9924,viri,0.4375,0.3601
9925,revenoit,0.4374,0.5006
9926,aimer,0.4373,0.4047
9927,commencée,0.4373,0.4605
9928,nôtres,0.4373,0.4060
9929,demeurer,0.4373,0.4436
9930,grandes,0.4371,0.4155
9931,dieux,0.4371,0.4019
9932,mêlée,0.4371,0.4716
9933,victime,0.4371,0.3589
9934,olives,0.4371,0.3498
9935,apprendre,0.4371,0.3828
9936,lieues,0.4370,0.5366
9937,peuples,0.4370,0.3813
9938,l'artillerie,0.4369,0.4662
9939,partagé,0.4368,0.3516
9940,puissant,0.4368,0.3756
9941,tremper,0.4368,0.4255
9942,obéir,0.4368,0.3330
9943,multitude,0.4367,0.4053
9944,locus,0.4367,0.3137
9945,ecrivains,0.4366,0.2614
9946,menacé,0.4366,0.4960
9947,enrichi,0.4366,0.4129
9948,tempore,0.4366,0.4108
9949,suivie,0.4366,0.4774
9950,tragédie,0.4366,0.3683
9951,germain,0.4365,0.4402
9952,attendant,0.4365,0.3981
9953,allées,0.4365,0.3349
9954,éloquence,0.4364,0.3483
9955,pomme,0.4363,0.5506
9956,condé,0.4363,0.4721
9957,sonnes,0.4363,0.3759
9958,siege,0.4363,0.4191
9959,nullum,0.4363,0.3216
9960,sécher,0.4363,0.3995
9961,contenues,0.4362,0.3896
9962,puissances,0.4362,0.4097
9963,more,0.4362,0.5398
9964,homme,0.4362,0.3951
9965,apporte,0.4362,0.4359
9966,alpes,0.4362,0.4036
9967,canons,0.4361,0.4882
9968,féjour,0.4361,0.3356
9969,astre,0.4361,0.4226
9970,superbes,0.4361,0.4012
9971,persuader,0.4361,0.4524
9972,passions,0.4361,0.4546
9973,sculpteurs,0.4361,0.4187
9974,l'entrée,0.4360,0.4935
9975,aver,0.4358,0.6129
9976,recevroit,0.4358,0.4643
9977,ami,0.4358,0.3258
9978,commandoit,0.4357,0.4234
9979,comptables,0.4356,0.5002
9980,quelques,0.4356,0.3920
9981,aborder,0.4356,0.4301
9982,acquiert,0.4356,0.4145
9983,promesse,0.4356,0.4602
9984,puisqu'il,0.4355,0.4329
9985,frédéric,0.4354,0.6048
9986,regitre,0.4354,0.3864
9987,colonne,0.4354,0.4743
9988,nettoyer,0.4354,0.4319
9989,ratione,0.4353,0.4059
9990,mauvaise,0.4353,0.4270
9991,inspirer,0.4353,0.3416
9992,laissant,0.4353,0.3878
9993,depense,0.4353,0.4684
9994,paul,0.4352,0.5020
9995,reçurent,0.4352,0.4372
9996,ecus,0.4352,0.4994
9997,siège,0.4352,0.4419
9998,nc,0.4351,0.4072
9999,couche,0.4351,0.3650
10000,rerum,0.4351,0.4029
10001,bible,0.4351,0.4887
10002,bâtiment,0.4351,0.4657
10003,c'ess,0.4350,0.4070
10004,renard,0.4350,0.4499
10005,pension,0.4350,0.4358
10006,dcs,0.4349,0.4353
10007,écoutez,0.4349,0.3548
10008,vierge,0.4349,0.4021
10009,procureur,0.4349,0.4001
10010,primum,0.4348,0.3363
10011,lettre,0.4348,0.4429
10012,montant,0.4348,0.3862
10013,cage,0.4347,0.5652
10014,marquent,0.4347,0.4903
10015,copie,0.4347,0.4854
10016,livrer,0.4346,0.3324
10017,monté,0.4346,0.4169
10018,sermons,0.4346,0.4363
10019,poit,0.4346,0.6184
10020,cordon,0.4345,0.4083
10021,reviennent,0.4345,0.4330
10022,dame,0.4344,0.4846
10023,couleur,0.4344,0.3795
10024,curé,0.4344,0.5302
10025,noailles,0.4344,0.4388
10026,nombres,0.4344,0.3381
10027,humains,0.4344,0.4316
10028,nisi,0.4343,0.3709
10029,remercie,0.4343,0.4462
10030,nostri,0.4342,0.4568
10031,couvroit,0.4342,0.3987
10032,omnis,0.4342,0.3282
10033,fondateur,0.4342,0.3685
10034,d'être,0.4342,0.5000
10035,cadet,0.4342,0.4829
10036,huiles,0.4341,0.4470
10037,grégoire,0.4341,0.3775
10038,avoic,0.4341,0.3854
10039,resta,0.4341,0.3372
10040,passer,0.4340,0.3700
10041,descriptions,0.4340,0.4180
10042,vôtres,0.4340,0.3362
10043,procès,0.4339,0.4333
10044,montrent,0.4339,0.2941
10045,attend,0.4339,0.4641
10046,détroit,0.4339,0.5043
10047,cathédrale,0.4339,0.4659
10048,cent,0.4339,0.3793
10049,intendant,0.4339,0.4578
10050,joli,0.4338,0.3804
10051,commencent,0.4338,0.3900
10052,ajouter,0.4338,0.5025
10053,verba,0.4338,0.3533
10054,tromper,0.4338,0.3626
10055,mariage,0.4338,0.4656
10056,matelot,0.4337,0.5282
10057,constantin,0.4337,0.4398
10058,croiroit,0.4336,0.4108
10059,l'aller,0.4336,0.4835
10060,vase,0.4335,0.4397
10061,diligence,0.4335,0.3973
10062,trés,0.4335,0.4800
10063,bourses,0.4335,0.5488
10064,riche,0.4335,0.4431
10065,possit,0.4334,0.3176
10066,honneur,0.4334,0.4101
10067,ravi,0.4333,0.3610
10068,sardaigne,0.4333,0.4554
10069,qu'est,0.4333,0.4143
10070,genere,0.4333,0.3895
10071,serviront,0.4333,0.3746
10072,voila,0.4333,0.4106
10073,tronc,0.4333,0.4408
10074,allez,0.4333,0.5407
10075,chargée,0.4332,0.3958
10076,je,0.4332,0.3777
10077,mît,0.4332,0.2941
10078,saints,0.4331,0.4581
10079,amena,0.4330,0.4160
10080,excellent,0.4330,0.4497
10081,messe,0.4330,0.4750
10082,attachement,0.4329,0.4224
10083,ecritures,0.4329,0.5249
10084,xxxvi,0.4329,0.4557
10085,tourne,0.4328,0.3726
10086,comblé,0.4328,0.4574
10087,partagée,0.4328,0.3279
10088,depuis,0.4328,0.4737
10089,egard,0.4328,0.3668
10090,jusqu'a,0.4327,0.3601
10091,habile,0.4327,0.4520
10092,l'esprit,0.4327,0.4202
10093,marius,0.4326,0.3336
10094,offroit,0.4326,0.4424
10095,monsieur,0.4325,0.4445
10096,excellentes,0.4325,0.3941
10097,rejoindre,0.4324,0.4036
10098,clercs,0.4324,0.4097
10099,action,0.4324,0.4559
10100,villars,0.4324,0.5015
10101,rade,0.4324,0.3545
10102,poète,0.4324,0.3904
10103,bétail,0.4324,0.4650
10104,auxdites,0.4324,0.3631
10105,cherchons,0.4324,0.4720
10106,regardoient,0.4323,0.3906
10107,autrefois,0.4323,0.3879
10108,fuyez,0.4322,0.3739
10109,tuo,0.4322,0.3437
10110,envoyés,0.4322,0.3548
10111,opinions,0.4321,0.3311
10112,marié,0.4321,0.4130
10113,détachement,0.4321,0.4141
10114,clodius,0.4320,0.4796
10115,aînée,0.4320,0.4636
10116,avanture,0.4320,0.3899
10117,eglises,0.4320,0.3602
10118,amante,0.4319,0.3318
10119,never,0.4319,0.2878
10120,fret,0.4318,0.4380
10121,célèbres,0.4318,0.3851
10122,abandonné,0.4316,0.4696
10123,disputer,0.4316,0.3921
10124,ambition,0.4316,0.3660
10125,come,0.4316,0.6559
10126,quod,0.4316,0.4539
10127,rire,0.4315,0.4578
10128,pistoles,0.4315,0.4127
10129,plaisanterie,0.4315,0.3716
10130,belles,0.4314,0.4518
10131,ellc,0.4314,0.4741
10132,ferdinand,0.4314,0.4519
10133,sergens,0.4314,0.3903
10134,examiné,0.4314,0.4597
10135,jure,0.4313,0.3813
10136,champs,0.4313,0.4363
10137,fauteuil,0.4312,0.3931
10138,vim,0.4312,0.3449
10139,sibi,0.4311,0.3717
10140,connue,0.4311,0.3677
10141,recueille,0.4311,0.3297
10142,s'opposer,0.4311,0.3590
10143,souhaitoit,0.4311,0.3917
10144,entrerent,0.4311,0.4116
10145,juger,0.4310,0.4122
10146,charges,0.4310,0.4475
10147,conséquences,0.4309,0.4351
10148,réussi,0.4309,0.4006
10149,meurent,0.4309,0.3781
10150,ravir,0.4308,0.3347
10151,hinc,0.4308,0.4303
10152,chambellan,0.4308,0.3946
10153,prophète,0.4307,0.4937
10154,conservé,0.4307,0.4792
10155,savoye,0.4306,0.3791
10156,jugemens,0.4306,0.3986
10157,achete,0.4306,0.4288
10158,chrétienne,0.4305,0.5045
10159,demeura,0.4305,0.4181
10160,extravagances,0.4305,0.3660
10161,nymphe,0.4305,0.4502
10162,seizième,0.4304,0.4693
10163,livrc,0.4303,0.5263
10164,détourner,0.4302,0.4023
10165,connoît,0.4302,0.4445
10166,duchesse,0.4302,0.3772
10167,bouilli,0.4302,0.4428
10168,observe,0.4301,0.4569
10169,drogues,0.4301,0.4152
10170,route,0.4301,0.4601
10171,bailliage,0.4301,0.3464
10172,plaindre,0.4301,0.3571
10173,rendent,0.4300,0.4360
10174,trompent,0.4298,0.3340
10175,roient,0.4298,0.4318
10176,renoncé,0.4298,0.4092
10177,consoler,0.4297,0.3469
10178,rues,0.4297,0.4955
10179,argumens,0.4297,0.4024
10180,omnes,0.4297,0.4458
10181,proces,0.4297,0.4669
10182,répondez,0.4296,0.3425
10183,datte,0.4296,0.3962
10184,manda,0.4296,0.3729
10185,filius,0.4296,0.4016
10186,éloignement,0.4296,0.5038
10187,vero,0.4296,0.3870
10188,formée,0.4296,0.4691
10189,croira,0.4295,0.4089
10190,rocher,0.4295,0.4797
10191,monta,0.4295,0.4789
10192,remet,0.4294,0.3398
10193,nihil,0.4294,0.3974
10194,propriété,0.4294,0.4702
10195,injure,0.4293,0.3328
10196,conformer,0.4293,0.3633
10197,d'amiens,0.4293,0.4893
10198,quartier,0.4292,0.5016
10199,much,0.4292,0.3012
10200,coupées,0.4292,0.4025
10201,chambres,0.4292,0.3756
10202,sépare,0.4292,0.4016
10203,applique,0.4291,0.3481
10204,se,0.4291,0.4093
10205,douceurs,0.4290,0.4019
10206,tyran,0.4289,0.4862
10207,philippe,0.4289,0.4958
10208,froide,0.4287,0.3934
10209,principe,0.4287,0.4299
10210,juge,0.4287,0.4170
10211,ayez,0.4285,0.3870
10212,produisent,0.4285,0.3890
10213,principes,0.4285,0.4345
10214,montée,0.4285,0.4694
10215,réussit,0.4284,0.3898
10216,conserve,0.4284,0.3412
10217,morbleu,0.4283,0.4224
10218,archers,0.4282,0.4063
10219,marquer,0.4282,0.4429
10220,laissé,0.4282,0.4335
10221,appliquer,0.4282,0.4497
10222,d'angleterre,0.4281,0.3983
10223,s'adresser,0.4281,0.4094
10224,préjudice,0.4281,0.4412
10225,sentons,0.4281,0.3779
10226,surprise,0.4281,0.4085
10227,adhuc,0.4281,0.2999
10228,remise,0.4280,0.3498
10229,vafe,0.4280,0.4187
10230,s'accorde,0.4279,0.5061
10231,taxe,0.4279,0.4140
10232,courses,0.4279,0.3705
10233,édition,0.4279,0.3685
10234,richement,0.4279,0.5149
10235,richesses,0.4278,0.3224
10236,entrent,0.4277,0.4622
10237,artifices,0.4277,0.3817
10238,porte,0.4277,0.4602
10239,philosophie,0.4277,0.3921
10240,gueres,0.4276,0.3334
10241,avouer,0.4276,0.4331
10242,préface,0.4276,0.3445
10243,contenté,0.4276,0.3479
10244,guerres,0.4275,0.3756
10245,noires,0.4275,0.3887
10246,greffier,0.4274,0.4055
10247,statuts,0.4274,0.4231
10248,promettoit,0.4274,0.4338
10249,paraissait,0.4274,0.4568
10250,enfermé,0.4273,0.3653
10251,établit,0.4273,0.4785
10252,retint,0.4273,0.4261
10253,accepté,0.4272,0.4096
10254,manuscrit,0.4272,0.4369
10255,miel,0.4272,0.4562
10256,traditions,0.4270,0.4327
10257,originaux,0.4270,0.4538
10258,semence,0.4269,0.4110
10259,héritier,0.4269,0.3738
10260,unum,0.4266,0.3434
10261,observer,0.4266,0.4542
10262,jeux,0.4266,0.4570
10263,attachée,0.4266,0.4119
10264,adorer,0.4265,0.4073
10265,chevaliers,0.4264,0.5305
10266,pêche,0.4264,0.4563
10267,elizabeth,0.4264,0.4292
10268,rentrer,0.4263,0.4278
10269,air,0.4262,0.3929
10270,centre,0.4261,0.3611
10271,cens,0.4261,0.3864
10272,doigts,0.4259,0.3725
10273,proposition,0.4259,0.4261
10274,secretaires,0.4258,0.4493
10275,garni,0.4258,0.4072
10276,trône,0.4256,0.4689
10277,debet,0.4256,0.3490
10278,filets,0.4255,0.4735
10279,écrites,0.4255,0.4356
10280,l'on,0.4254,0.3471
10281,peint,0.4254,0.3900
10282,rende,0.4253,0.3671
10283,placer,0.4253,0.4737
10284,nevers,0.4253,0.4436
10285,préjudicier,0.4253,0.3981
10286,egypte,0.4252,0.4622
10287,prodigieuse,0.4252,0.4228
10288,brusquement,0.4252,0.3887
10289,coûte,0.4252,0.4949
10290,coupée,0.4252,0.4433
10291,isabelle,0.4252,0.4973
10292,déterminer,0.4251,0.3419
10293,lieutenants,0.4251,0.3419
10294,aise,0.4251,0.3855
10295,mouches,0.4249,0.4406
10296,attaqué,0.4249,0.4290
10297,merveilleuse,0.4248,0.4307
10298,demeuré,0.4248,0.4202
10299,suo,0.4248,0.4009
10300,emploi,0.4248,0.3963
10301,maniéré,0.4248,0.3994
10302,satisfait,0.4248,0.4444
10303,ajouta,0.4247,0.4287
10304,tempora,0.4247,0.3536
10305,peit,0.4246,0.4110
10306,ordres,0.4246,0.4442
10307,gaule,0.4246,0.4545
10308,spectacle,0.4246,0.3853
10309,rebus,0.4245,0.3818
10310,scra,0.4245,0.4471
10311,dépenses,0.4245,0.4248
10312,animo,0.4245,0.3525
10313,périt,0.4245,0.4827
10314,regle,0.4244,0.3529
10315,abandonner,0.4244,0.3295
10316,écrire,0.4244,0.4155
10317,ronde,0.4243,0.3808
10318,datée,0.4243,0.4529
10319,mortem,0.4242,0.3006
10320,immortels,0.4242,0.4920
10321,grece,0.4242,0.4568
10322,acquis,0.4242,0.5091
10323,trouvant,0.4241,0.4355
10324,orientaux,0.4240,0.4761
10325,cho,0.4240,0.3433
10326,disputes,0.4240,0.3756
10327,pinte,0.4239,0.2815
10328,permet,0.4239,0.4121
10329,entreprendre,0.4238,0.3860
10330,inventaire,0.4238,0.4094
10331,entouré,0.4238,0.3102
10332,prévôt,0.4237,0.4309
10333,songez,0.4237,0.4388
10334,efr,0.4237,0.4162
10335,guere,0.4237,0.3806
10336,semper,0.4237,0.3467
10337,ressemblance,0.4237,0.4909
10338,mettons,0.4237,0.4931
10339,contredit,0.4237,0.4039
10340,observent,0.4237,0.4688
10341,naturelles,0.4237,0.4458
10342,acheta,0.4236,0.3715
10343,gardent,0.4236,0.5041
10344,race,0.4235,0.3825
10345,olim,0.4235,0.3812
10346,environné,0.4234,0.3950
10347,clefs,0.4234,0.5086
10348,ifes,0.4234,0.4399
10349,usque,0.4234,0.4667
10350,empressement,0.4234,0.4118
10351,femelle,0.4233,0.4055
10352,respire,0.4232,0.3576
10353,diametre,0.4232,0.3649
10354,peaux,0.4232,0.4416
10355,commentaires,0.4232,0.4156
10356,osez,0.4232,0.4191
10357,gardoit,0.4231,0.5185
10358,huitieme,0.4231,0.3561
10359,queue,0.4231,0.4363
10360,faur,0.4231,0.4132
10361,poursuites,0.4231,0.4200
10362,quantite,0.4231,0.4023
10363,expédient,0.4230,0.4271
10364,publié,0.4230,0.4623
10365,courtes,0.4230,0.3684
10366,illam,0.4229,0.3019
10367,videntur,0.4229,0.2899
10368,quinzième,0.4229,0.3569
10369,donnerent,0.4228,0.3474
10370,nourrir,0.4228,0.3754
10371,vêtus,0.4228,0.4695
10372,possible,0.4228,0.3777
10373,chanson,0.4227,0.5215
10374,anges,0.4227,0.4467
10375,exécutée,0.4226,0.4752
10376,couronnes,0.4225,0.5618
10377,sortir,0.4225,0.4437
10378,affront,0.4225,0.3388
10379,animé,0.4225,0.4410
10380,coupe,0.4225,0.3803
10381,génie,0.4224,0.4213
10382,retrouver,0.4224,0.3970
10383,desseins,0.4223,0.4803
10384,d'impatience,0.4223,0.4603
10385,brutus,0.4222,0.4222
10386,nemo,0.4222,0.3103
10387,semences,0.4222,0.4191
10388,étudié,0.4222,0.4066
10389,vendue,0.4221,0.4368
10390,angleterre,0.4221,0.3632
10391,parurent,0.4220,0.4102
10392,laisseroit,0.4220,0.4016
10393,petite,0.4220,0.4309
10394,craignit,0.4220,0.3406
10395,viandes,0.4219,0.4536
10396,défie,0.4219,0.3450
10397,années,0.4218,0.3811
10398,marchoit,0.4218,0.4623
10399,fonction,0.4218,0.4490
10400,parloient,0.4218,0.3792
10401,prosession,0.4217,0.3991
10402,bacchus,0.4217,0.4498
10403,safran,0.4217,0.4375
10404,curieuse,0.4215,0.4824
10405,pavillons,0.4215,0.4000
10406,voyons,0.4215,0.4176
10407,vaut,0.4215,0.3748
10408,innocence,0.4215,0.3362
10409,démarche,0.4215,0.4591
10410,céfar,0.4215,0.4127
10411,tuteurs,0.4214,0.4301
10412,les,0.4214,0.2548
10413,bruges,0.4214,0.4935
10414,s'arrêta,0.4213,0.4556
10415,caisse,0.4213,0.4884
10416,adroit,0.4213,0.4353
10417,environs,0.4213,0.3270
10418,reims,0.4212,0.3895
10419,manquent,0.4212,0.4138
10420,they,0.4212,0.3459
10421,serviteurs,0.4211,0.4387
10422,diviser,0.4211,0.3864
10423,l'afrique,0.4211,0.3963
10424,engagé,0.4210,0.4093
10425,attentat,0.4210,0.4029
10426,épousa,0.4210,0.4193
10427,lorsqu'on,0.4210,0.3418
10428,prétentions,0.4208,0.3365
10429,conseil,0.4208,0.3559
10430,regret,0.4208,0.4660
10431,roulent,0.4208,0.4167
10432,mers,0.4207,0.4218
10433,suivi,0.4207,0.4391
10434,prouver,0.4207,0.4539
10435,sacrées,0.4206,0.4465
10436,attends,0.4206,0.4326
10437,philosophe,0.4205,0.3518
10438,dignité,0.4205,0.5219
10439,laid,0.4204,0.4886
10440,deviennent,0.4204,0.3913
10441,fenêtre,0.4204,0.4103
10442,chiffre,0.4204,0.4714
10443,savon,0.4204,0.3978
10444,exprimer,0.4203,0.4046
10445,finie,0.4203,0.4753
10446,crie,0.4203,0.4348
10447,toient,0.4203,0.4753
10448,malheureuse,0.4203,0.4135
10449,irrité,0.4202,0.4330
10450,vidi,0.4202,0.3370
10451,trembler,0.4202,0.4069
10452,admirable,0.4202,0.3656
10453,générales,0.4201,0.4411
10454,il,0.4201,0.3252
10455,arracher,0.4200,0.4252
10456,portugal,0.4200,0.3911
10457,grosses,0.4200,0.5528
10458,personnelles,0.4200,0.4451
10459,risquer,0.4200,0.4298
10460,m'étonne,0.4200,0.4588
10461,supposent,0.4200,0.4966
10462,nobis,0.4199,0.4036
10463,défier,0.4199,0.3973
10464,l'armée,0.4199,0.4075
10465,veines,0.4199,0.4656
10466,mouillé,0.4199,0.4434
10467,intérêts,0.4198,0.3425
10468,martin,0.4197,0.4427
10469,loix,0.4196,0.4170
10470,montrez,0.4195,0.4208
10471,approbation,0.4195,0.4437
10472,porterent,0.4195,0.4080
10473,vivacité,0.4195,0.4346
10474,n'oublia,0.4193,0.4811
10475,pus,0.4193,0.3615
10476,c'est,0.4193,0.3697
10477,communique,0.4192,0.3785
10478,coûtent,0.4192,0.4976
10479,quàm,0.4192,0.4791
10480,naissance,0.4189,0.3626
10481,cardinaux,0.4189,0.4211
10482,causé,0.4189,0.4474
10483,statue,0.4189,0.4103
10484,cut,0.4188,0.4131
10485,desirs,0.4188,0.3955
10486,retenir,0.4187,0.4112
10487,auquel,0.4186,0.4117
10488,refuse,0.4186,0.3305
10489,accourut,0.4184,0.4721
10490,d'art,0.4184,0.3549
10491,écus,0.4184,0.3292
10492,solitude,0.4183,0.3673
10493,voyage,0.4183,0.3847
10494,sorti,0.4182,0.4548
10495,d'inde,0.4182,0.4522
10496,coupé,0.4182,0.3825
10497,once,0.4182,0.3126
10498,nuit,0.4181,0.4130
10499,préceptes,0.4181,0.3786
10500,ouvrage,0.4181,0.3586
10501,not,0.4181,0.4748
10502,forcer,0.4180,0.4086
10503,tiendra,0.4180,0.3839
10504,paroitre,0.4179,0.4333
10505,ardeurs,0.4179,0.3640
10506,obligea,0.4178,0.3958
10507,emploie,0.4177,0.3552
10508,supposer,0.4177,0.3736
10509,lys,0.4177,0.4914
10510,lans,0.4176,0.3979
10511,hunc,0.4176,0.3443
10512,lèvres,0.4176,0.4071
10513,déplorable,0.4175,0.4114
10514,instant,0.4174,0.3662
10515,foins,0.4174,0.3645
10516,meo,0.4173,0.3453
10517,bancs,0.4173,0.4118
10518,remercia,0.4173,0.4134
10519,souffrez,0.4172,0.4416
10520,augmentations,0.4172,0.4375
10521,protection,0.4172,0.3560
10522,représenté,0.4171,0.3552
10523,sénat,0.4171,0.3946
10524,rons,0.4171,0.4507
10525,poussent,0.4171,0.4118
10526,victoires,0.4171,0.3485
10527,mademoiselle,0.4170,0.3636
10528,forfaits,0.4170,0.3194
10529,troyes,0.4170,0.4661
10530,prison,0.4169,0.3973
10531,négliger,0.4169,0.3508
10532,enfoncé,0.4168,0.4444
10533,conditions,0.4167,0.4341
10534,reposer,0.4167,0.3623
10535,sacrifier,0.4167,0.3541
10536,sceptre,0.4166,0.4880
10537,incapable,0.4165,0.4293
10538,immortelle,0.4165,0.4110
10539,crût,0.4164,0.3793
10540,c'cst,0.4164,0.4410
10541,rendit,0.4162,0.4154
10542,lard,0.4162,0.4553
10543,rendu,0.4161,0.3932
10544,ensuite,0.4160,0.3817
10545,marcha,0.4160,0.4149
10546,narration,0.4160,0.3942
10547,questions,0.4159,0.4135
10548,battent,0.4159,0.4144
10549,conduisoit,0.4158,0.4167
10550,bandes,0.4157,0.4734
10551,bague,0.4157,0.4435
10552,jardins,0.4156,0.3660
10553,suffit,0.4156,0.4211
10554,taureau,0.4156,0.3587
10555,sixieme,0.4155,0.4164
10556,demeurent,0.4155,0.3162
10557,ravie,0.4155,0.4481
10558,folies,0.4155,0.3410
10559,longs,0.4154,0.4136
10560,surprit,0.4154,0.4788
10561,incapables,0.4152,0.4422
10562,soupçons,0.4150,0.3467
10563,régler,0.4150,0.4169
10564,chevalier,0.4150,0.4057
10565,entre,0.4149,0.4385
10566,excuses,0.4148,0.4203
10567,d'iceux,0.4148,0.3716
10568,tentes,0.4146,0.4152
10569,pots,0.4146,0.3986
10570,l'isle,0.4146,0.3873
10571,bibliothèque,0.4146,0.3489
10572,promenade,0.4145,0.4096
10573,prens,0.4145,0.2930
10574,queues,0.4144,0.4900
10575,détruisent,0.4144,0.3865
10576,caufé,0.4144,0.3526
10577,ouvrages,0.4144,0.3959
10578,voilà,0.4143,0.3760
10579,épaisses,0.4143,0.4611
10580,fame,0.4143,0.5032
10581,opérations,0.4143,0.2812
10582,chercha,0.4143,0.4068
10583,collège,0.4142,0.4351
10584,d'herbes,0.4142,0.3793
10585,appeller,0.4142,0.4192
10586,composa,0.4142,0.3748
10587,quintal,0.4142,0.4424
10588,revenus,0.4142,0.4186
10589,afie,0.4141,0.3893
10590,frontin,0.4141,0.4418
10591,videtur,0.4140,0.3666
10592,fleur,0.4140,0.5046
10593,éré,0.4139,0.3320
10594,histoires,0.4139,0.3128
10595,verbis,0.4138,0.3320
10596,maîtres,0.4137,0.3748
10597,jamais,0.4137,0.3978
10598,exécuter,0.4136,0.4733
10599,lorsqu'elle,0.4136,0.3208
10600,ménager,0.4136,0.3808
10601,bureau,0.4136,0.3934
10602,avare,0.4135,0.4671
10603,vengeance,0.4135,0.4297
10604,apportée,0.4135,0.4146
10605,défendit,0.4134,0.4429
10606,modernes,0.4134,0.3765
10607,sortes,0.4133,0.3698
10608,enjoint,0.4133,0.5269
10609,coquette,0.4132,0.4481
10610,particulieres,0.4132,0.3321
10611,l'escadre,0.4132,0.4616
10612,envoyées,0.4131,0.4520
10613,diminue,0.4130,0.3784
10614,envoyoit,0.4130,0.3599
10615,l'entour,0.4129,0.4910
10616,débiteurs,0.4129,0.3590
10617,deux,0.4129,0.4096
10618,serve,0.4127,0.4645
10619,latins,0.4127,0.4651
10620,scipion,0.4127,0.4186
10621,digne,0.4126,0.4526
10622,places,0.4125,0.4423
10623,n'aye,0.4125,0.4353
10624,retire,0.4124,0.4032
10625,nicolas,0.4124,0.4721
10626,doutant,0.4124,0.4238
10627,délicieux,0.4123,0.3716
10628,épées,0.4123,0.4509
10629,sentent,0.4123,0.3914
10630,gratia,0.4121,0.4707
10631,fournissent,0.4121,0.3113
10632,l'estomac,0.4120,0.4791
10633,pontificat,0.4120,0.4567
10634,vautre,0.4120,0.3426
10635,passages,0.4120,0.4801
10636,opus,0.4118,0.3649
10637,considere,0.4117,0.4251
10638,attribuent,0.4116,0.5015
10639,conta,0.4115,0.4938
10640,graine,0.4115,0.4462
10641,chaud,0.4115,0.3663
10642,mauvaises,0.4115,0.4525
10643,reçu,0.4115,0.4031
10644,dijon,0.4114,0.4335
10645,distinguer,0.4114,0.4401
10646,blois,0.4114,0.5270
10647,dessous,0.4114,0.3177
10648,extrémité,0.4113,0.3002
10649,conduisent,0.4113,0.4274
10650,vitam,0.4112,0.2816
10651,fourni,0.4111,0.4125
10652,poil,0.4110,0.4495
10653,dominus,0.4110,0.3977
10654,éclaircissement,0.4108,0.4948
10655,gras,0.4107,0.3650
10656,animi,0.4107,0.3031
10657,cocher,0.4107,0.4007
10658,suffisoit,0.4106,0.4069
10659,instructions,0.4106,0.3533
10660,ame,0.4105,0.3251
10661,substance,0.4104,0.3287
10662,céder,0.4103,0.3299
10663,fauvé,0.4103,0.3845
10664,figné,0.4103,0.4260
10665,foule,0.4103,0.3009
10666,transporter,0.4101,0.3958
10667,devint,0.4101,0.4223
10668,perdue,0.4101,0.3949
10669,debout,0.4101,0.4487
10670,mots,0.4101,0.4266
10671,définition,0.4100,0.5125
10672,préjudiciable,0.4099,0.4327
10673,charmes,0.4099,0.3784
10674,chevaux,0.4096,0.4137
10675,mener,0.4095,0.4243
10676,senlis,0.4093,0.4341
10677,vieille,0.4093,0.4897
10678,étoffes,0.4093,0.3244
10679,croie,0.4093,0.3177
10680,prodigieux,0.4092,0.3756
10681,mêlent,0.4091,0.3554
10682,séparer,0.4091,0.3568
10683,levres,0.4091,0.4517
10684,grande,0.4091,0.3631
10685,cuisine,0.4090,0.4235
10686,difference,0.4090,0.4131
10687,mets,0.4088,0.3586
10688,gorge,0.4088,0.3826
10689,longtemps,0.4087,0.3558
10690,rois,0.4087,0.4496
10691,l'herbe,0.4087,0.3804
10692,éternelle,0.4086,0.4295
10693,fini,0.4086,0.4150
10694,cantiques,0.4086,0.5084
10695,couvertures,0.4086,0.4096
10696,sols,0.4085,0.3942
10697,barcelone,0.4085,0.5230
10698,dures,0.4084,0.4561
10699,éclater,0.4084,0.4060
10700,allons,0.4084,0.3497
10701,espérances,0.4084,0.3072
10702,sauveur,0.4083,0.4864
10703,illes,0.4083,0.4446
10704,vas,0.4082,0.3785
10705,entreprise,0.4081,0.4318
10706,perdroit,0.4081,0.4285
10707,vêtu,0.4081,0.4020
10708,aumônes,0.4080,0.4094
10709,fureurs,0.4080,0.3122
10710,secs,0.4080,0.3902
10711,prophetes,0.4079,0.4540
10712,l'appartement,0.4079,0.4251
10713,éte,0.4079,0.3232
10714,déclarons,0.4079,0.3109
10715,gentilshommes,0.4079,0.4232
10716,grossiers,0.4078,0.4915
10717,cercueil,0.4078,0.4017
10718,éloges,0.4077,0.3830
10719,d'épaisseur,0.4077,0.4081
10720,artillerie,0.4077,0.4272
10721,actions,0.4076,0.3873
10722,châtiment,0.4075,0.4283
10723,détermina,0.4075,0.4083
10724,obtenir,0.4075,0.4154
10725,commerce,0.4074,0.4294
10726,oportet,0.4073,0.3145
10727,partez,0.4071,0.4443
10728,humaines,0.4071,0.4371
10729,convenoit,0.4071,0.3577
10730,idoles,0.4071,0.4458
10731,dot,0.4071,0.3270
10732,bâti,0.4071,0.4269
10733,viendront,0.4070,0.4177
10734,retirent,0.4069,0.4250
10735,boutons,0.4069,0.3568
10736,gand,0.4069,0.4987
10737,l'ancre,0.4069,0.4953
10738,rien,0.4068,0.3517
10739,paille,0.4068,0.4567
10740,connoissancez,0.4068,0.3900
10741,consenti,0.4067,0.3241
10742,intention,0.4067,0.4306
10743,faisons,0.4066,0.4061
10744,fléchir,0.4066,0.3829
10745,pcr,0.4066,0.4757
10746,sentence,0.4065,0.3653
10747,beauvais,0.4065,0.4044
10748,payoit,0.4065,0.4162
10749,xxix,0.4064,0.3850
10750,dépendances,0.4064,0.4621
10751,leges,0.4064,0.3765
10752,carthaginois,0.4062,0.3912
10753,caresses,0.4062,0.3362
10754,voiles,0.4062,0.3581
10755,permixtion,0.4061,0.3702
10756,retournant,0.4061,0.4231
10757,lentulus,0.4060,0.4418
10758,fumée,0.4060,0.4349
10759,cavaliers,0.4058,0.3138
10760,profitent,0.4058,0.3685
10761,suede,0.4058,0.4125
10762,copies,0.4057,0.4933
10763,visites,0.4057,0.3998
10764,l'apôtre,0.4056,0.4701
10765,officier,0.4056,0.4129
10766,condamnation,0.4056,0.4421
10767,reproches,0.4056,0.3195
10768,feras,0.4055,0.3542
10769,songer,0.4055,0.3913
10770,apporta,0.4054,0.4468
10771,pensent,0.4053,0.3491
10772,d'eaux,0.4053,0.4626
10773,c'efl,0.4053,0.3883
10774,guyenne,0.4052,0.4701
10775,conclu,0.4051,0.4241
10776,conquêtes,0.4051,0.4371
10777,sortent,0.4050,0.4132
10778,grâce,0.4049,0.3577
10779,hujus,0.4048,0.3460
10780,considérables,0.4048,0.3686
10781,opération,0.4048,0.3475
10782,bonne,0.4047,0.3819
10783,nulle,0.4047,0.3587
10784,savez,0.4047,0.3773
10785,eglise,0.4046,0.3456
10786,frayeurs,0.4046,0.3684
10787,agit,0.4045,0.3676
10788,croissent,0.4045,0.3955
10789,epouse,0.4045,0.4064
10790,verum,0.4044,0.3123
10791,puissantes,0.4044,0.3786
10792,étonnement,0.4044,0.3968
10793,l'étoit,0.4044,0.3357
10794,xxxii,0.4044,0.4128
10795,finir,0.4043,0.5067
10796,tremble,0.4042,0.3520
10797,s'étendent,0.4042,0.3549
10798,cruelles,0.4042,0.3826
10799,dicit,0.4041,0.3191
10800,fosse,0.4041,0.4146
10801,âge,0.4041,0.3428
10802,omni,0.4040,0.4057
10803,m'auroit,0.4039,0.3483
10804,broderie,0.4039,0.3557
10805,souviens,0.4039,0.3502
10806,cct,0.4039,0.3581
10807,vents,0.4038,0.4289
10808,soutenir,0.4037,0.3867
10809,montre,0.4037,0.3634
10810,procurer,0.4037,0.3957
10811,desquels,0.4036,0.3359
10812,outrage,0.4036,0.3111
10813,circonstance,0.4036,0.3495
10814,ouverte,0.4035,0.4463
10815,suprême,0.4035,0.4725
10816,porteront,0.4034,0.4386
10817,appeler,0.4034,0.4529
10818,fermé,0.4034,0.3046
10819,prie,0.4034,0.3803
10820,pais,0.4034,0.2509
10821,pouce,0.4033,0.3990
10822,ville,0.4033,0.3237
10823,paroles,0.4033,0.4333
10824,publiée,0.4033,0.5078
10825,canal,0.4031,0.5046
10826,rage,0.4031,0.4442
10827,requête,0.4030,0.4253
10828,assister,0.4030,0.4214
10829,l'eau,0.4029,0.3449
10830,courus,0.4029,0.3713
10831,demandes,0.4028,0.3863
10832,l'épaule,0.4028,0.3971
10833,villeux,0.4028,0.4179
10834,jusqu,0.4028,0.3211
10835,cst,0.4027,0.3918
10836,décret,0.4027,0.3851
10837,longue,0.4026,0.4513
10838,avantage,0.4026,0.4119
10839,chrif,0.4025,0.4594
10840,there,0.4025,0.3576
10841,certaine,0.4025,0.4387
10842,cousin,0.4025,0.4237
10843,fis,0.4024,0.2910
10844,l'ordonnance,0.4024,0.3647
10845,souhaitez,0.4023,0.3779
10846,camarade,0.4022,0.3970
10847,désire,0.4022,0.3677
10848,chagrin,0.4021,0.3701
10849,laquais,0.4020,0.3519
10850,vû,0.4020,0.3259
10851,paroissoient,0.4020,0.3759
10852,envoyée,0.4020,0.3596
10853,hôpitaux,0.4019,0.4483
10854,moines,0.4019,0.3631
10855,venois,0.4018,0.4371
10856,plupart,0.4018,0.3389
10857,faison,0.4018,0.4330
10858,employer,0.4017,0.4387
10859,tiroient,0.4017,0.3249
10860,prirent,0.4016,0.4422
10861,voulons,0.4016,0.3978
10862,travaillent,0.4016,0.4203
10863,rendrai,0.4015,0.3557
10864,pris,0.4015,0.3480
10865,hôtel,0.4015,0.4012
10866,jusqu'alors,0.4014,0.3903
10867,tourmens,0.4014,0.4174
10868,proposé,0.4013,0.4001
10869,courte,0.4013,0.4192
10870,domaines,0.4013,0.3708
10871,accorda,0.4013,0.3847
10872,mandé,0.4012,0.3808
10873,foy,0.4012,0.2558
10874,trouvé,0.4012,0.3530
10875,vos,0.4010,0.3283
10876,quittez,0.4010,0.4147
10877,poutres,0.4010,0.4252
10878,d'environ,0.4009,0.4240
10879,jean,0.4008,0.3543
10880,crime,0.4008,0.4287
10881,mangé,0.4007,0.3687
10882,fignifie,0.4007,0.3563
10883,quoniam,0.4007,0.3633
10884,abbaye,0.4007,0.4440
10885,nuire,0.4007,0.3398
10886,fieri,0.4006,0.3447
10887,contentez,0.4006,0.4401
10888,payoient,0.4006,0.3601
10889,quart,0.4005,0.3879
10890,l'humidité,0.4005,0.4269
10891,divertissemens,0.4004,0.4369
10892,habeat,0.4001,0.2945
10893,frappé,0.3999,0.4421
10894,blanchir,0.3999,0.4716
10895,s'attachent,0.3999,0.4065
10896,goûter,0.3998,0.3647
10897,envoyer,0.3998,0.4080
10898,l'embouchure,0.3998,0.4431
10899,chargent,0.3998,0.3505
10900,lorsqu'elles,0.3998,0.3789
10901,alio,0.3997,0.3559
10902,joye,0.3996,0.3530
10903,instrumens,0.3996,0.4502
10904,quamvis,0.3996,0.2894
10905,déchargé,0.3995,0.5080
10906,trésorier,0.3995,0.3646
10907,poils,0.3994,0.4037
10908,payemens,0.3994,0.4404
10909,expressions,0.3993,0.2550
10910,établir,0.3993,0.3323
10911,plaisent,0.3993,0.3158
10912,épargner,0.3993,0.3619
10913,magnifiquement,0.3992,0.5288
10914,docteurs,0.3991,0.3847
10915,fermiers,0.3991,0.4381
10916,familles,0.3990,0.4358
10917,differens,0.3989,0.3825
10918,écrivent,0.3989,0.4304
10919,rencontrer,0.3988,0.4128
10920,gaulois,0.3988,0.3980
10921,cb,0.3988,0.3506
10922,clt,0.3987,0.4047
10923,rentré,0.3987,0.4005
10924,suive,0.3986,0.4664
10925,magasins,0.3986,0.4359
10926,perdent,0.3985,0.3871
10927,sans,0.3985,0.3333
10928,appellez,0.3985,0.4529
10929,pensées,0.3985,0.4210
10930,genoux,0.3984,0.3827
10931,dérobe,0.3984,0.3494
10932,aimé,0.3983,0.4266
10933,montra,0.3983,0.3882
10934,l'evêque,0.3982,0.4084
10935,nullement,0.3982,0.4242
10936,pecunia,0.3981,0.3467
10937,perdit,0.3981,0.4496
10938,potest,0.3980,0.3686
10939,crois,0.3980,0.3498
10940,confiscation,0.3980,0.2621
10941,automne,0.3979,0.4233
10942,oblige,0.3979,0.3707
10943,crédit,0.3979,0.3353
10944,déplaisir,0.3979,0.4719
10945,alimens,0.3979,0.4166
10946,témoigner,0.3979,0.3857
10947,branches,0.3978,0.3454
10948,retira,0.3978,0.3870
10949,prouvé,0.3978,0.3716
10950,équipage,0.3978,0.3614
10951,chiffres,0.3978,0.4407
10952,rivieres,0.3977,0.3958
10953,enfermée,0.3977,0.3842
10954,l'edit,0.3977,0.3534
10955,avis,0.3976,0.3924
10956,divise,0.3976,0.3649
10957,prairie,0.3976,0.4205
10958,défaite,0.3975,0.3368
10959,repliqua,0.3974,0.3327
10960,coloris,0.3974,0.4397
10961,ipso,0.3974,0.3781
10962,premier,0.3974,0.3878
10963,moyen,0.3973,0.3713
10964,j'aye,0.3973,0.3791
10965,fervi,0.3973,0.3448
10966,sombres,0.3972,0.4045
10967,fauver,0.3972,0.3674
10968,chats,0.3971,0.4494
10969,certains,0.3971,0.4336
10970,bagatelle,0.3971,0.3675
10971,commode,0.3971,0.4567
10972,pompée,0.3970,0.3687
10973,montpellier,0.3970,0.4504
10974,tyrans,0.3970,0.3637
10975,suffira,0.3970,0.3276
10976,ferait,0.3970,0.3554
10977,avantageux,0.3968,0.4080
10978,considérer,0.3968,0.3605
10979,confitures,0.3968,0.3776
10980,pointes,0.3967,0.3766
10981,cuit,0.3967,0.4382
10982,vend,0.3966,0.3645
10983,courtisans,0.3966,0.3639
10984,lieutenant,0.3966,0.4271
10985,monter,0.3966,0.4023
10986,reconnu,0.3966,0.3831
10987,étrangers,0.3965,0.3943
10988,empêche,0.3965,0.3843
10989,nomment,0.3965,0.3206
10990,s'imagine,0.3965,0.3707
10991,remarqué,0.3964,0.4061
10992,jusqu'à,0.3964,0.3736
10993,vînt,0.3964,0.4304
10994,graisse,0.3963,0.3723
10995,réponse,0.3963,0.4235
10996,jugeons,0.3963,0.4283
10997,plaques,0.3963,0.4359
10998,ministres,0.3962,0.3660
10999,personnes,0.3962,0.3699
11000,bassin,0.3961,0.4033
11001,contrée,0.3961,0.3795
11002,l'ile,0.3961,0.3784
11003,planches,0.3961,0.3887
11004,paver,0.3960,0.4930
11005,accident,0.3960,0.3800
11006,illis,0.3959,0.3461
11007,apportent,0.3959,0.3440
11008,rendue,0.3959,0.3671
11009,douleur,0.3959,0.3645
11010,jeté,0.3958,0.3425
11011,bonnet,0.3958,0.4480
11012,qu'elles,0.3957,0.3653
11013,tristesse,0.3957,0.4005
11014,figures,0.3957,0.4033
11015,demandoient,0.3957,0.2884
11016,university,0.3956,0.1720
11017,dixit,0.3956,0.2876
11018,traduit,0.3956,0.3602
11019,piece,0.3956,0.3081
11020,aristote,0.3956,0.3848
11021,concernant,0.3954,0.3804
11022,denique,0.3953,0.2983
11023,latine,0.3952,0.3611
11024,demeureront,0.3952,0.4186
11025,prendroit,0.3952,0.3485
11026,trous,0.3951,0.4001
11027,mères,0.3951,0.3900
11028,famille,0.3950,0.4007
11029,qu'il,0.3950,0.3977
11030,cérémonie,0.3950,0.3743
11031,partir,0.3950,0.3295
11032,requêtes,0.3949,0.3979
11033,mena,0.3948,0.3720
11034,recette,0.3948,0.4483
11035,manqué,0.3948,0.4082
11036,portraits,0.3948,0.3664
11037,trésors,0.3948,0.3361
11038,poursuivit,0.3946,0.4637
11039,déclarent,0.3946,0.3795
11040,cté,0.3945,0.3643
11041,conseiller,0.3945,0.4413
11042,syndics,0.3944,0.3703
11043,passion,0.3943,0.3702
11044,garnies,0.3943,0.4976
11045,mesures,0.3943,0.3758
11046,elles,0.3943,0.3535
11047,chansons,0.3943,0.4420
11048,l'aura,0.3943,0.4084
11049,mienne,0.3942,0.3654
11050,mere,0.3942,0.3464
11051,défendu,0.3942,0.3882
11052,d'icelles,0.3941,0.3898
11053,triomphes,0.3941,0.4120
11054,croire,0.3941,0.4138
11055,laïques,0.3941,0.3732
11056,haec,0.3940,0.4088
11057,idée,0.3940,0.3308
11058,maintenir,0.3940,0.4171
11059,attiré,0.3939,0.3788
11060,couverte,0.3939,0.3697
11061,minces,0.3939,0.3897
11062,ôta,0.3939,0.3552
11063,rapportent,0.3939,0.4500
11064,couvrit,0.3939,0.3878
11065,pensé,0.3939,0.3212
11066,munitions,0.3938,0.4733
11067,continua,0.3938,0.4353
11068,quittance,0.3935,0.4115
11069,jouit,0.3935,0.3269
11070,vieillards,0.3934,0.4391
11071,enfers,0.3934,0.4573
11072,verre,0.3934,0.4863
11073,verrez,0.3933,0.3782
11074,montauban,0.3933,0.5179
11075,touchée,0.3933,0.3811
11076,hominum,0.3930,0.3456
11077,ai,0.3930,0.3192
11078,douzième,0.3930,0.4187
11079,favez,0.3930,0.3331
11080,offrit,0.3929,0.3319
11081,t'a,0.3929,0.2982
11082,genus,0.3929,0.3860
11083,taken,0.3928,0.2972
11084,vertes,0.3928,0.4535
11085,m'aime,0.3927,0.3334
11086,sais,0.3927,0.4199
11087,bleue,0.3926,0.3679
11088,poussa,0.3926,0.3875
11089,garnie,0.3926,0.3663
11090,pouces,0.3926,0.3062
11091,renvoya,0.3924,0.3673
11092,desire,0.3924,0.3774
11093,souliers,0.3923,0.4167
11094,pieces,0.3923,0.3095
11095,garantir,0.3923,0.4011
11096,bagatelles,0.3923,0.3663
11097,appellé,0.3923,0.3368
11098,puni,0.3922,0.4490
11099,septieme,0.3922,0.3942
11100,passerent,0.3922,0.3634
11101,meubles,0.3921,0.3622
11102,chauffer,0.3921,0.3430
11103,ipse,0.3921,0.3596
11104,onces,0.3920,0.3689
11105,ma,0.3920,0.3673
11106,caverne,0.3919,0.4494
11107,entrer,0.3919,0.3821
11108,animal,0.3919,0.3874
11109,reçois,0.3919,0.4125
11110,soupirs,0.3918,0.4159
11111,pouroit,0.3917,0.3064
11112,oient,0.3917,0.4070
11113,festins,0.3916,0.3759
11114,heureuse,0.3916,0.4053
11115,l'envoya,0.3915,0.4269
11116,sauver,0.3914,0.3665
11117,biens,0.3914,0.4527
11118,fidèles,0.3914,0.4210
11119,tuum,0.3914,0.3470
11120,lyon,0.3914,0.4320
11121,venise,0.3913,0.4121
11122,tuyaux,0.3912,0.4006
11123,frontières,0.3909,0.3776
11124,tarda,0.3909,0.3425
11125,humblement,0.3908,0.3300
11126,renferme,0.3908,0.3321
11127,semblé,0.3908,0.4239
11128,monumens,0.3908,0.3798
11129,infortune,0.3907,0.3445
11130,ausi,0.3906,0.3796
11131,eorum,0.3906,0.3981
11132,croît,0.3905,0.4189
11133,partirent,0.3905,0.3836
11134,explications,0.3905,0.4287
11135,patriarches,0.3905,0.4313
11136,voûte,0.3904,0.3294
11137,els,0.3904,0.3257
11138,large,0.3903,0.3699
11139,cieux,0.3903,0.4673
11140,qu'une,0.3903,0.3643
11141,viendroit,0.3903,0.4278
11142,murs,0.3902,0.3453
11143,romains,0.3901,0.3741
11144,batimens,0.3901,0.3151
11145,gagné,0.3899,0.3772
11146,verbaux,0.3899,0.3578
11147,alias,0.3898,0.3720
11148,fermée,0.3897,0.3238
11149,plaine,0.3897,0.4160
11150,difons,0.3896,0.4160
11151,brandebourg,0.3895,0.4743
11152,intendans,0.3895,0.3748
11153,affreuse,0.3895,0.3648
11154,rendroit,0.3894,0.3499
11155,enlevé,0.3894,0.3997
11156,condamnent,0.3894,0.4585
11157,permettent,0.3894,0.3212
11158,piéce,0.3894,0.3565
11159,faveurs,0.3893,0.4438
11160,maitre,0.3892,0.3456
11161,tomber,0.3892,0.3369
11162,d'abandonner,0.3891,0.3770
11163,cerf,0.3891,0.3859
11164,rangées,0.3891,0.5124
11165,dixième,0.3890,0.4491
11166,mur,0.3889,0.3746
11167,fraudes,0.3889,0.4163
11168,tirons,0.3889,0.3969
11169,virgile,0.3889,0.4181
11170,attendre,0.3888,0.4033
11171,tète,0.3888,0.4687
11172,tantum,0.3888,0.3280
11173,employent,0.3887,0.3940
11174,habillement,0.3887,0.4410
11175,côte,0.3887,0.3372
11176,qui,0.3887,0.2925
11177,humbles,0.3886,0.3823
11178,bord,0.3886,0.4283
11179,prenez,0.3886,0.3582
11180,venue,0.3885,0.3814
11181,empereur,0.3885,0.3433
11182,n'cn,0.3884,0.4021
11183,ducats,0.3884,0.4276
11184,jeter,0.3884,0.2904
11185,mettre,0.3883,0.3172
11186,succès,0.3883,0.4412
11187,inconvenient,0.3882,0.3269
11188,labourer,0.3882,0.4210
11189,garnisons,0.3882,0.4247
11190,empire,0.3881,0.4018
11191,intérêt,0.3881,0.3691
11192,contrées,0.3880,0.3729
11193,ose,0.3880,0.2887
11194,francois,0.3880,0.3708
11195,nourriture,0.3880,0.4422
11196,dicere,0.3880,0.2936
11197,delà,0.3880,0.3653
11198,observations,0.3880,0.3401
11199,démontré,0.3880,0.3435
11200,vécu,0.3880,0.4380
11201,clle,0.3879,0.4026
11202,premiers,0.3879,0.4201
11203,tombe,0.3878,0.3461
11204,retirer,0.3878,0.3993
11205,anneaux,0.3877,0.4449
11206,jaunes,0.3877,0.3707
11207,partic,0.3877,0.4750
11208,immeubles,0.3877,0.3459
11209,couchée,0.3876,0.4036
11210,rejettent,0.3876,0.4650
11211,prêtre,0.3876,0.4662
11212,flambeaux,0.3876,0.3362
11213,criant,0.3875,0.5051
11214,oui,0.3875,0.3298
11215,locum,0.3875,0.3269
11216,lisette,0.3875,0.3541
11217,troupeaux,0.3875,0.3444
11218,conjure,0.3875,0.3112
11219,piéces,0.3874,0.3176
11220,diverfes,0.3874,0.3900
11221,toiles,0.3874,0.4359
11222,reçues,0.3874,0.4814
11223,omnibus,0.3873,0.4422
11224,savois,0.3873,0.4007
11225,arrérages,0.3872,0.3805
11226,contrats,0.3872,0.3640
11227,grenoble,0.3871,0.4188
11228,ducs,0.3870,0.3566
11229,tambours,0.3870,0.3148
11230,contraventions,0.3869,0.3894
11231,concevoir,0.3868,0.3624
11232,divine,0.3868,0.4725
11233,m'arrête,0.3868,0.3545
11234,conçois,0.3868,0.3186
11235,va,0.3868,0.2533
11236,edit,0.3867,0.3777
11237,croyait,0.3867,0.4091
11238,âme,0.3866,0.3154
11239,intervalle,0.3866,0.3644
11240,craignez,0.3866,0.3980
11241,tenter,0.3865,0.3844
11242,j'allois,0.3864,0.3293
11243,herbe,0.3864,0.4096
11244,souhaité,0.3864,0.4612
11245,rendoit,0.3863,0.3947
11246,assez,0.3862,0.3542
11247,jambe,0.3861,0.3824
11248,mouiller,0.3861,0.4455
11249,fusse,0.3861,0.3845
11250,cris,0.3861,0.3903
11251,pensa,0.3861,0.3453
11252,quitté,0.3859,0.3507
11253,allions,0.3859,0.3069
11254,rencontra,0.3859,0.4128
11255,cache,0.3858,0.3605
11256,souvenez,0.3857,0.3416
11257,avancée,0.3857,0.4068
11258,traitoit,0.3856,0.3734
11259,confuls,0.3856,0.4525
11260,anvers,0.3854,0.4027
11261,laissera,0.3854,0.3548
11262,épouser,0.3850,0.4123
11263,unus,0.3850,0.3231
11264,trouver,0.3850,0.3709
11265,couleurs,0.3849,0.3440
11266,qualités,0.3849,0.3838
11267,violette,0.3849,0.4419
11268,duché,0.3849,0.4264
11269,couteau,0.3848,0.3998
11270,recevront,0.3848,0.3718
11271,pleurer,0.3848,0.4599
11272,plomb,0.3847,0.3524
11273,lui,0.3847,0.2720
11274,retour,0.3847,0.3743
11275,entend,0.3847,0.4304
11276,pluies,0.3846,0.3180
11277,joignent,0.3846,0.3981
11278,necessaires,0.3845,0.4207
11279,poflible,0.3845,0.3568
11280,vendre,0.3844,0.3293
11281,chère,0.3844,0.3274
11282,dogmes,0.3844,0.3715
11283,croye,0.3843,0.3632
11284,traits,0.3843,0.4761
11285,apollon,0.3843,0.3968
11286,m'imagine,0.3843,0.3064
11287,eos,0.3842,0.4065
11288,équipages,0.3842,0.3898
11289,d'amitié,0.3841,0.4538
11290,peines,0.3841,0.3504
11291,célèbre,0.3841,0.4030
11292,attribue,0.3841,0.4981
11293,maisons,0.3841,0.3721
11294,promener,0.3840,0.3775
11295,obscurité,0.3840,0.3604
11296,disois,0.3839,0.2959
11297,demandait,0.3839,0.3961
11298,direz,0.3837,0.3958
11299,dépend,0.3835,0.3880
11300,we,0.3834,0.3129
11301,pensons,0.3834,0.3685
11302,conviens,0.3833,0.3915
11303,boisson,0.3832,0.4140
11304,conduire,0.3832,0.4025
11305,conjoncture,0.3831,0.4371
11306,tige,0.3830,0.3595
11307,grace,0.3829,0.4003
11308,lit,0.3829,0.3818
11309,périr,0.3829,0.3137
11310,près,0.3829,0.4826
11311,flamand,0.3829,0.3270
11312,l'amérique,0.3826,0.4050
11313,voient,0.3825,0.4073
11314,que,0.3824,0.3296
11315,airs,0.3824,0.4181
11316,contrôleur,0.3824,0.3220
11317,languedoc,0.3823,0.3795
11318,extrêmement,0.3823,0.4295
11319,gomme,0.3823,0.3934
11320,appartient,0.3822,0.3448
11321,quelle,0.3822,0.3361
11322,tribun,0.3822,0.3642
11323,foi,0.3821,0.3638
11324,odieux,0.3821,0.4814
11325,belle,0.3821,0.3599
11326,turcs,0.3820,0.4170
11327,attaquer,0.3820,0.4078
11328,aîles,0.3820,0.4574
11329,nomma,0.3819,0.3397
11330,garçon,0.3819,0.3592
11331,aima,0.3819,0.3992
11332,lumière,0.3817,0.3743
11333,arrivant,0.3817,0.5083
11334,offrir,0.3816,0.3064
11335,espérer,0.3815,0.3041
11336,occidentale,0.3815,0.4002
11337,ecrivain,0.3814,0.2877
11338,monarques,0.3814,0.4313
11339,reglemens,0.3813,0.3724
11340,vient,0.3813,0.2955
11341,souffert,0.3813,0.3693
11342,attendez,0.3812,0.3798
11343,troisiéme,0.3812,0.3223
11344,prochains,0.3811,0.3011
11345,prière,0.3810,0.3753
11346,montent,0.3810,0.4139
11347,xxiv,0.3810,0.3523
11348,notaire,0.3809,0.4377
11349,comtesse,0.3809,0.4669
11350,délicats,0.3808,0.3821
11351,s'écria,0.3807,0.3867
11352,passait,0.3805,0.4532
11353,bâtards,0.3805,0.5743
11354,colline,0.3805,0.3908
11355,desiroit,0.3803,0.3709
11356,exercent,0.3803,0.3455
11357,accidens,0.3803,0.3929
11358,disait,0.3803,0.3867
11359,adorable,0.3803,0.3981
11360,diront,0.3803,0.4030
11361,sénateurs,0.3802,0.3842
11362,payée,0.3802,0.3691
11363,parlent,0.3802,0.4810
11364,grotte,0.3802,0.4081
11365,réduire,0.3801,0.4385
11366,ombre,0.3801,0.3580
11367,habere,0.3801,0.3115
11368,inquiétude,0.3801,0.4120
11369,commandant,0.3800,0.3344
11370,reçue,0.3800,0.3552
11371,déclaré,0.3800,0.4288
11372,élevé,0.3799,0.3834
11373,usage,0.3799,0.3693
11374,grand,0.3798,0.3917
11375,souvent,0.3797,0.3476
11376,couvrir,0.3797,0.3845
11377,fidem,0.3796,0.2998
11378,d'ardeur,0.3796,0.3312
11379,outils,0.3796,0.3872
11380,sa,0.3795,0.3500
11381,cloux,0.3795,0.4187
11382,prendre,0.3794,0.3648
11383,différents,0.3794,0.3491
11384,défend,0.3793,0.4284
11385,monnoies,0.3793,0.4502
11386,ambassadeurs,0.3792,0.4806
11387,tapis,0.3791,0.4543
11388,citron,0.3790,0.4277
11389,diroit,0.3790,0.3757
11390,croyance,0.3789,0.4376
11391,succéda,0.3789,0.2993
11392,multiplier,0.3789,0.4298
11393,victoire,0.3788,0.4173
11394,rival,0.3788,0.3753
11395,barbare,0.3787,0.4722
11396,appelloit,0.3787,0.2386
11397,laissée,0.3787,0.3722
11398,charmée,0.3786,0.3526
11399,eu,0.3786,0.2866
11400,le,0.3786,0.3030
11401,devient,0.3783,0.2839
11402,rond,0.3783,0.3828
11403,surintendant,0.3783,0.5130
11404,plancher,0.3783,0.3104
11405,conviennent,0.3782,0.4171
11406,l'ange,0.3782,0.5417
11407,achats,0.3781,0.4320
11408,muids,0.3781,0.4206
11409,verront,0.3780,0.5056
11410,egyptiens,0.3779,0.3545
11411,lisbonne,0.3778,0.4419
11412,crurent,0.3778,0.4099
11413,anne,0.3778,0.3370
11414,l'amende,0.3777,0.4163
11415,vendôme,0.3775,0.3329
11416,s'imaginent,0.3774,0.3090
11417,privilège,0.3774,0.3437
11418,douleurs,0.3772,0.4071
11419,officiers,0.3772,0.3816
11420,qu'ayant,0.3772,0.3746
11421,parme,0.3770,0.4020
11422,rendons,0.3770,0.3717
11423,alliance,0.3770,0.3636
11424,côtés,0.3770,0.4116
11425,those,0.3770,0.3009
11426,chemise,0.3768,0.4375
11427,fêtes,0.3768,0.3111
11428,second,0.3768,0.3386
11429,paye,0.3767,0.3919
11430,vénus,0.3766,0.3636
11431,pièces,0.3766,0.2921
11432,raconter,0.3766,0.4393
11433,baril,0.3765,0.4255
11434,cardinal,0.3764,0.4474
11435,amende,0.3764,0.4038
11436,apporté,0.3764,0.4154
11437,prévenir,0.3764,0.3663
11438,vois,0.3764,0.3464
11439,leva,0.3763,0.4069
11440,voyois,0.3763,0.3574
11441,arrêts,0.3762,0.3002
11442,convient,0.3762,0.3932
11443,suivant,0.3762,0.4044
11444,xiii,0.3762,0.4798
11445,quarré,0.3761,0.3656
11446,servira,0.3761,0.3939
11447,plaise,0.3761,0.3255
11448,terminée,0.3760,0.5327
11449,habillé,0.3760,0.4699
11450,forcé,0.3758,0.2759
11451,lesquels,0.3758,0.3606
11452,tenait,0.3758,0.4203
11453,méthode,0.3758,0.3593
11454,beautés,0.3758,0.4171
11455,résolution,0.3758,0.3300
11456,viande,0.3757,0.3748
11457,demandez,0.3755,0.4066
11458,connaissez,0.3755,0.3386
11459,commençoit,0.3755,0.3300
11460,établie,0.3755,0.3966
11461,frayeur,0.3754,0.3639
11462,façon,0.3754,0.3070
11463,abfence,0.3753,0.3107
11464,fans,0.3753,0.3585
11465,rouen,0.3752,0.3653
11466,gêneurs,0.3752,0.3838
11467,ayeul,0.3752,0.3740
11468,chapelle,0.3751,0.4101
11469,scilicet,0.3751,0.3194
11470,decembre,0.3751,0.2817
11471,bâtimens,0.3751,0.4069
11472,catilina,0.3750,0.4383
11473,etes,0.3750,0.3100
11474,créanciers,0.3749,0.3175
11475,reflexions,0.3749,0.4186
11476,fept,0.3748,0.3500
11477,lâche,0.3748,0.5090
11478,pièce,0.3747,0.2784
11479,n'e,0.3746,0.2957
11480,réglemens,0.3745,0.3050
11481,sache,0.3745,0.3971
11482,juges,0.3744,0.3741
11483,regardent,0.3744,0.3604
11484,superbe,0.3744,0.4648
11485,remets,0.3743,0.2953
11486,vanneau,0.3743,0.4912
11487,caractères,0.3743,0.3634
11488,ques,0.3743,0.3890
11489,colonies,0.3742,0.3868
11490,blanche,0.3742,0.3582
11491,siége,0.3742,0.2710
11492,nourrice,0.3740,0.4636
11493,croyez,0.3739,0.4426
11494,empêché,0.3739,0.3596
11495,j'eus,0.3738,0.3557
11496,reconnut,0.3737,0.3951
11497,beuf,0.3737,0.4434
11498,attraits,0.3736,0.3811
11499,verd,0.3736,0.4149
11500,drap,0.3736,0.3399
11501,divers,0.3736,0.3413
11502,xxviii,0.3736,0.3674
11503,l'avoue,0.3736,0.3011
11504,arrivoit,0.3735,0.3553
11505,chevilles,0.3735,0.3535
11506,alii,0.3735,0.4396
11507,laissa,0.3734,0.3274
11508,sixième,0.3734,0.4138
11509,mois,0.3734,0.3739
11510,voulant,0.3733,0.4451
11511,cheval,0.3733,0.4047
11512,dura,0.3733,0.3965
11513,veuves,0.3733,0.3495
11514,perdu,0.3733,0.3857
11515,text,0.3732,0.3753
11516,forment,0.3732,0.3365
11517,laissez,0.3732,0.3735
11518,marchas,0.3732,0.4182
11519,héritages,0.3731,0.4044
11520,entière,0.3731,0.3813
11521,trouvée,0.3729,0.3489
11522,quelquefois,0.3729,0.3363
11523,d'icelui,0.3728,0.3526
11524,lumiere,0.3728,0.3487
11525,iont,0.3728,0.3064
11526,humides,0.3727,0.3776
11527,pâte,0.3727,0.3747
11528,amie,0.3727,0.3684
11529,âne,0.3726,0.4017
11530,hôtes,0.3726,0.4592
11531,regem,0.3725,0.3825
11532,empêchent,0.3725,0.3776
11533,on,0.3724,0.3597
11534,étoile,0.3724,0.3762
11535,longues,0.3723,0.3969
11536,l'orient,0.3722,0.3380
11537,maures,0.3722,0.4533
11538,permettez,0.3721,0.3672
11539,sanglier,0.3720,0.4100
11540,jugea,0.3720,0.3326
11541,lesquelles,0.3720,0.3439
11542,picardie,0.3720,0.4529
11543,obligée,0.3719,0.3952
11544,plutarque,0.3718,0.3744
11545,chapitre,0.3718,0.3828
11546,coquilles,0.3718,0.3665
11547,l'allemagne,0.3718,0.3557
11548,chagrins,0.3718,0.3367
11549,retentir,0.3718,0.3507
11550,cicéron,0.3717,0.3904
11551,perfections,0.3716,0.3974
11552,chaude,0.3716,0.3534
11553,here,0.3716,0.4443
11554,milan,0.3715,0.4493
11555,bec,0.3715,0.4177
11556,taxes,0.3715,0.4089
11557,quinzaine,0.3714,0.3960
11558,mariée,0.3714,0.3519
11559,connoître,0.3713,0.3244
11560,informé,0.3712,0.4160
11561,dû,0.3712,0.2792
11562,tendres,0.3711,0.4230
11563,mary,0.3710,0.3261
11564,affis,0.3710,0.3634
11565,n'osa,0.3710,0.4393
11566,vapeur,0.3710,0.3865
11567,apprenons,0.3709,0.3692
11568,marcher,0.3709,0.3986
11569,raconté,0.3706,0.3449
11570,payer,0.3706,0.2754
11571,rameaux,0.3706,0.4670
11572,pois,0.3704,0.4123
11573,moutons,0.3704,0.2715
11574,valoient,0.3703,0.4478
11575,réponds,0.3703,0.3062
11576,crimes,0.3703,0.3447
11577,descendu,0.3703,0.4336
11578,marbre,0.3703,0.5002
11579,cheminée,0.3703,0.4386
11580,laisse,0.3702,0.3028
11581,noir,0.3702,0.3761
11582,baillifs,0.3702,0.1886
11583,appareil,0.3700,0.3719
11584,hymen,0.3699,0.3482
11585,débiteur,0.3699,0.3095
11586,destin,0.3698,0.3541
11587,parlemens,0.3698,0.4151
11588,banquiers,0.3697,0.4532
11589,capable,0.3696,0.3287
11590,derriere,0.3695,0.3770
11591,refuser,0.3695,0.4056
11592,marqua,0.3694,0.3806
11593,mouton,0.3694,0.3557
11594,prétendoit,0.3693,0.3431
11595,baye,0.3693,0.3638
11596,lequel,0.3692,0.3608
11597,arbres,0.3691,0.3476
11598,mettroit,0.3690,0.3607
11599,souffrent,0.3690,0.3480
11600,sembloit,0.3690,0.3168
11601,poitrine,0.3689,0.3574
11602,sentences,0.3689,0.4051
11603,demoiselle,0.3688,0.3639
11604,indigné,0.3688,0.4029
11605,fais,0.3687,0.3423
11606,raconta,0.3687,0.3589
11607,berger,0.3686,0.4208
11608,verras,0.3686,0.3892
11609,siècle,0.3686,0.3555
11610,l'infanterie,0.3686,0.3255
11611,vivoient,0.3685,0.3433
11612,croupe,0.3682,0.4657
11613,répond,0.3678,0.3119
11614,rente,0.3677,0.3802
11615,tomba,0.3677,0.4032
11616,pcre,0.3677,0.4051
11617,augmentation,0.3677,0.3775
11618,l'étoient,0.3675,0.2921
11619,paquet,0.3675,0.4100
11620,etoffes,0.3674,0.3182
11621,demeurai,0.3674,0.3234
11622,connaître,0.3674,0.3548
11623,passent,0.3672,0.4037
11624,devra,0.3672,0.3783
11625,rembourser,0.3672,0.3796
11626,convaincu,0.3671,0.3421
11627,faire,0.3671,0.3816
11628,inconvénient,0.3670,0.3656
11629,payées,0.3669,0.4112
11630,procedent,0.3669,0.3241
11631,païs,0.3669,0.2503
11632,assise,0.3666,0.3725
11633,ponte,0.3666,0.3442
11634,journée,0.3666,0.4195
11635,colere,0.3666,0.3369
11636,province,0.3666,0.3735
11637,démontrer,0.3665,0.3289
11638,seigneurs,0.3664,0.3364
11639,c'clt,0.3664,0.3576
11640,cherchoit,0.3663,0.3568
11641,article,0.3663,0.3787
11642,aucunes,0.3662,0.3389
11643,possibles,0.3659,0.3854
11644,légumes,0.3659,0.3427
11645,commence,0.3659,0.3894
11646,crains,0.3657,0.3845
11647,colonel,0.3657,0.3427
11648,seconde,0.3656,0.3421
11649,propriétaires,0.3656,0.3324
11650,ecriture,0.3656,0.3718
11651,billet,0.3655,0.3977
11652,règle,0.3655,0.3257
11653,ctoit,0.3654,0.4400
11654,jetter,0.3654,0.3393
11655,imaginez,0.3653,0.3891
11656,prétendent,0.3651,0.3216
11657,retiré,0.3650,0.3455
11658,ledit,0.3650,0.3233
11659,vassaux,0.3650,0.3415
11660,parlé,0.3650,0.3679
11661,tira,0.3649,0.4039
11662,audit,0.3649,0.3360
11663,paroître,0.3649,0.3103
11664,papes,0.3649,0.3225
11665,retirerent,0.3649,0.3717
11666,ambassadeur,0.3648,0.4213
11667,des,0.3647,0.2157
11668,garçons,0.3646,0.4604
11669,odeur,0.3646,0.3926
11670,vallées,0.3646,0.3247
11671,bouteille,0.3645,0.3833
11672,sait,0.3644,0.2711
11673,traitent,0.3644,0.3672
11674,affligé,0.3643,0.4528
11675,comprend,0.3642,0.4334
11676,confreres,0.3642,0.3332
11677,mangent,0.3642,0.3341
11678,agissent,0.3642,0.3837
11679,désespoir,0.3642,0.3420
11680,concerts,0.3641,0.3653
11681,provisions,0.3641,0.4234
11682,descendre,0.3641,0.3851
11683,remarquer,0.3641,0.3495
11684,blanc,0.3640,0.3734
11685,them,0.3640,0.3566
11686,aveu,0.3639,0.4368
11687,conclure,0.3639,0.4027
11688,ah,0.3639,0.2893
11689,xxxv,0.3639,0.4430
11690,revenir,0.3639,0.3451
11691,épouvantable,0.3638,0.3886
11692,d'anjou,0.3637,0.4602
11693,visage,0.3636,0.3796
11694,savent,0.3635,0.3161
11695,efl,0.3635,0.3829
11696,ifle,0.3635,0.3866
11697,feraient,0.3635,0.3957
11698,impatience,0.3634,0.3821
11699,fureur,0.3633,0.3864
11700,dispenser,0.3632,0.3877
11701,commencerent,0.3632,0.3330
11702,voyent,0.3632,0.3144
11703,j'aime,0.3631,0.3600
11704,tué,0.3631,0.2932
11705,vendus,0.3630,0.4082
11706,auras,0.3629,0.4342
11707,trouverez,0.3629,0.3802
11708,trois,0.3629,0.3204
11709,tirent,0.3628,0.3844
11710,trépas,0.3628,0.4542
11711,moment,0.3627,0.2771
11712,rondes,0.3626,0.3942
11713,italiens,0.3626,0.4319
11714,prendra,0.3625,0.3080
11715,oeuf,0.3625,0.3454
11716,j'irai,0.3625,0.3689
11717,cacher,0.3625,0.3505
11718,pintes,0.3624,0.3223
11719,xxvii,0.3623,0.3607
11720,allant,0.3623,0.4289
11721,neveux,0.3622,0.3159
11722,permit,0.3622,0.3191
11723,forêt,0.3620,0.4290
11724,oncles,0.3620,0.3314
11725,pretexte,0.3620,0.3362
11726,appella,0.3618,0.3643
11727,saintes,0.3617,0.4168
11728,une,0.3617,0.3077
11729,sortez,0.3617,0.3908
11730,profondeur,0.3617,0.3587
11731,prioit,0.3617,0.3644
11732,efi,0.3616,0.3088
11733,graces,0.3616,0.3341
11734,desquelles,0.3615,0.3636
11735,test,0.3615,0.4354
11736,scpt,0.3612,0.3808
11737,apprenez,0.3612,0.4011
11738,acheter,0.3612,0.3354
11739,envoyé,0.3611,0.3436
11740,guère,0.3611,0.3893
11741,sauvé,0.3610,0.3919
11742,habet,0.3610,0.3889
11743,fuient,0.3609,0.3807
11744,disoient,0.3608,0.3443
11745,répondre,0.3607,0.4239
11746,remercier,0.3606,0.4139
11747,lucius,0.3606,0.3252
11748,disoit,0.3605,0.3414
11749,loups,0.3605,0.3256
11750,iront,0.3605,0.3431
11751,eit,0.3605,0.3356
11752,laurent,0.3605,0.5403
11753,plaignent,0.3604,0.3564
11754,ôté,0.3603,0.2747
11755,regardant,0.3603,0.3170
11756,mortels,0.3603,0.4178
11757,apôtre,0.3603,0.3951
11758,divines,0.3603,0.4380
11759,poème,0.3602,0.3532
11760,cheveux,0.3602,0.3789
11761,présenta,0.3602,0.3827
11762,regards,0.3601,0.3222
11763,travaillé,0.3601,0.4050
11764,retirée,0.3600,0.3893
11765,derniere,0.3600,0.2715
11766,jardin,0.3600,0.3512
11767,comte,0.3600,0.3634
11768,manteau,0.3599,0.3064
11769,aulli,0.3599,0.3403
11770,illustre,0.3599,0.4344
11771,barque,0.3598,0.3496
11772,voulu,0.3598,0.3625
11773,bouts,0.3598,0.3564
11774,edits,0.3598,0.3773
11775,parlait,0.3597,0.4007
11776,porc,0.3596,0.3940
11777,etoit,0.3596,0.3428
11778,boire,0.3593,0.3752
11779,remit,0.3593,0.3452
11780,mourut,0.3592,0.3810
11781,amants,0.3592,0.3439
11782,parloit,0.3592,0.3378
11783,historien,0.3592,0.3097
11784,fromage,0.3591,0.3246
11785,cadette,0.3590,0.4166
11786,soixante,0.3589,0.3425
11787,somme,0.3586,0.3762
11788,observation,0.3586,0.4050
11789,achetée,0.3586,0.4057
11790,quitta,0.3586,0.3862
11791,contraints,0.3586,0.3758
11792,hyver,0.3585,0.3109
11793,choses,0.3585,0.3681
11794,pologne,0.3584,0.3893
11795,vivent,0.3583,0.3677
11796,contribuent,0.3582,0.3625
11797,chien,0.3582,0.3538
11798,l'evangile,0.3582,0.4192
11799,n'osait,0.3581,0.3222
11800,permis,0.3580,0.3234
11801,privilèges,0.3580,0.2776
11802,nommoit,0.3579,0.3192
11803,libraire,0.3579,0.3742
11804,brun,0.3579,0.3806
11805,mouchoir,0.3578,0.3650
11806,minerve,0.3578,0.3397
11807,dicitur,0.3578,0.3601
11808,pays,0.3577,0.2490
11809,funeste,0.3577,0.3355
11810,supplie,0.3577,0.3120
11811,description,0.3577,0.3986
11812,corsaires,0.3575,0.3821
11813,imprimer,0.3575,0.3960
11814,épaisse,0.3574,0.3626
11815,voudrez,0.3574,0.3677
11816,rouvraies,0.3573,0.3670
11817,henry,0.3572,0.3655
11818,french,0.3572,0.2042
11819,suiffé,0.3572,0.4106
11820,prendront,0.3571,0.3391
11821,m'appelle,0.3570,0.3801
11822,ergo,0.3570,0.3315
11823,venger,0.3570,0.3306
11824,régles,0.3570,0.2988
11825,liaison,0.3570,0.3909
11826,profits,0.3569,0.3814
11827,capitaine,0.3569,0.4198
11828,écrite,0.3568,0.3439
11829,vache,0.3567,0.4096
11830,doré,0.3567,0.4103
11831,charmante,0.3567,0.3788
11832,regrets,0.3566,0.3830
11833,françois,0.3566,0.3987
11834,beauté,0.3566,0.3680
11835,edouard,0.3565,0.4444
11836,sylla,0.3565,0.3150
11837,d'aller,0.3565,0.3669
11838,ôtoient,0.3565,0.3637
11839,découvre,0.3564,0.3675
11840,prions,0.3563,0.2837
11841,reçoivent,0.3563,0.2735
11842,poëtes,0.3563,0.3209
11843,plante,0.3563,0.3808
11844,point,0.3563,0.3050
11845,provinces,0.3563,0.4328
11846,appellent,0.3563,0.3807
11847,sasse,0.3562,0.3178
11848,j'allai,0.3562,0.3581
11849,donnée,0.3561,0.3184
11850,ignorent,0.3560,0.3529
11851,inclinations,0.3560,0.3283
11852,aller,0.3560,0.3424
11853,l'une,0.3560,0.3499
11854,courage,0.3559,0.3437
11855,son,0.3558,0.2850
11856,ecoliers,0.3558,0.3314
11857,quidquid,0.3558,0.3001
11858,me,0.3557,0.3192
11859,peintres,0.3557,0.2701
11860,draps,0.3557,0.3845
11861,dérober,0.3556,0.3555
11862,fils,0.3556,0.3659
11863,affaire,0.3556,0.3564
11864,humeurs,0.3555,0.4163
11865,also,0.3555,0.1884
11866,vases,0.3553,0.3523
11867,évêques,0.3551,0.3148
11868,ordonnances,0.3550,0.3427
11869,c'eit,0.3549,0.3045
11870,démarches,0.3549,0.3082
11871,mettez,0.3548,0.3427
11872,idées,0.3548,0.3127
11873,rapportée,0.3548,0.3530
11874,grain,0.3547,0.3859
11875,marcus,0.3547,0.3655
11876,platon,0.3547,0.3465
11877,cetre,0.3546,0.3227
11878,troupe,0.3545,0.3041
11879,poitou,0.3545,0.4348
11880,chaloupes,0.3545,0.3567
11881,ouvrit,0.3544,0.3524
11882,charles,0.3544,0.3812
11883,donnerai,0.3544,0.3116
11884,personne,0.3543,0.3233
11885,disent,0.3543,0.3034
11886,espèce,0.3543,0.2862
11887,descendans,0.3541,0.3251
11888,incident,0.3540,0.3185
11889,particulière,0.3539,0.3839
11890,répondu,0.3539,0.3092
11891,lieue,0.3538,0.3568
11892,conformément,0.3538,0.4098
11893,date,0.3537,0.3902
11894,bateaux,0.3536,0.3820
11895,other,0.3536,0.2719
11896,signifie,0.3535,0.3061
11897,rencontré,0.3535,0.3303
11898,quintus,0.3533,0.3919
11899,pensoit,0.3530,0.3880
11900,d'henri,0.3529,0.3770
11901,cordes,0.3528,0.4341
11902,auxdits,0.3527,0.4174
11903,irons,0.3526,0.3234
11904,vaches,0.3525,0.3042
11905,pape,0.3525,0.3837
11906,repartit,0.3525,0.3323
11907,parler,0.3524,0.3596
11908,chose,0.3524,0.3055
11909,echevins,0.3523,0.4185
11910,grecs,0.3523,0.3476
11911,violet,0.3522,0.2928
11912,propriétaire,0.3521,0.4094
11913,verts,0.3520,0.5190
11914,connais,0.3520,0.3534
11915,tens,0.3519,0.2819
11916,extraits,0.3519,0.5054
11917,procédures,0.3519,0.3872
11918,secretaire,0.3518,0.3271
11919,s'avança,0.3518,0.3595
11920,humide,0.3518,0.3458
11921,édifices,0.3517,0.2785
11922,empereurs,0.3517,0.3765
11923,aimait,0.3517,0.3620
11924,commencé,0.3516,0.3446
11925,soir,0.3515,0.4085
11926,mouvements,0.3515,0.3317
11927,nécessaires,0.3515,0.3533
11928,essentielles,0.3514,0.3820
11929,péril,0.3512,0.2893
11930,grecque,0.3512,0.3632
11931,voulez,0.3512,0.3237
11932,causoit,0.3512,0.3745
11933,l'été,0.3512,0.2809
11934,prélats,0.3511,0.2900
11935,maris,0.3511,0.3904
11936,établi,0.3509,0.3642
11937,église,0.3508,0.3412
11938,paroissent,0.3508,0.2928
11939,capitaines,0.3508,0.4432
11940,importantes,0.3507,0.4165
11941,eusse,0.3507,0.2966
11942,mange,0.3507,0.3569
11943,carrosse,0.3506,0.3291
11944,commencèrent,0.3504,0.3468
11945,armées,0.3503,0.3923
11946,aimable,0.3502,0.3373
11947,m'as,0.3502,0.3440
11948,rivages,0.3501,0.3297
11949,verroit,0.3501,0.2785
11950,coté,0.3501,0.2851
11951,fusil,0.3501,0.4075
11952,adore,0.3498,0.3021
11953,couché,0.3498,0.3557
11954,demanderent,0.3496,0.3382
11955,parlerons,0.3496,0.3213
11956,maniére,0.3496,0.2670
11957,galerie,0.3495,0.3876
11958,d'arbres,0.3495,0.3848
11959,tribuns,0.3495,0.3693
11960,aimée,0.3495,0.3268
11961,bleus,0.3495,0.4008
11962,fleuve,0.3494,0.3917
11963,craignent,0.3493,0.3377
11964,portugais,0.3493,0.3386
11965,écrits,0.3492,0.3364
11966,fenêtres,0.3490,0.4596
11967,serment,0.3489,0.3691
11968,doctrine,0.3487,0.4005
11969,laisser,0.3487,0.3466
11970,indigne,0.3487,0.3849
11971,maison,0.3486,0.3056
11972,larges,0.3486,0.3241
11973,paie,0.3484,0.4024
11974,hais,0.3484,0.2873
11975,conformes,0.3484,0.4467
11976,boeuf,0.3483,0.2988
11977,hôte,0.3483,0.3345
11978,grosseur,0.3482,0.3955
11979,qu'elle,0.3481,0.3148
11980,jugement,0.3480,0.4445
11981,cherchoient,0.3479,0.3234
11982,l'ait,0.3477,0.2639
11983,semaines,0.3477,0.3372
11984,consuls,0.3476,0.4309
11985,camarades,0.3475,0.3301
11986,vantent,0.3474,0.3959
11987,d'aucune,0.3474,0.3335
11988,sortirent,0.3474,0.3557
11989,ordonné,0.3473,0.4169
11990,florence,0.3472,0.4349
11991,l'huile,0.3471,0.3542
11992,ferma,0.3471,0.3549
11993,l'avons,0.3471,0.2904
11994,tourna,0.3470,0.3709
11995,duré,0.3469,0.3615
11996,n'être,0.3468,0.3744
11997,aiment,0.3467,0.3319
11998,contient,0.3466,0.3606
11999,obtenu,0.3466,0.3151
12000,l'aime,0.3465,0.3367
12001,rentes,0.3464,0.4239
12002,procede,0.3464,0.3198
12003,arriverent,0.3462,0.3678
12004,accordée,0.3462,0.3108
12005,t'ai,0.3462,0.3165
12006,marie,0.3461,0.3470
12007,gendre,0.3460,0.3207
12008,chargea,0.3459,0.3435
12009,tombent,0.3459,0.3602
12010,village,0.3459,0.3572
12011,réponses,0.3458,0.3438
12012,promets,0.3458,0.3620
12013,dira,0.3458,0.3012
12014,corail,0.3458,0.4259
12015,pirates,0.3457,0.4040
12016,vignes,0.3457,0.3545
12017,bureaux,0.3457,0.4182
12018,désirs,0.3457,0.3631
12019,jugeront,0.3455,0.3129
12020,l'eut,0.3455,0.3538
12021,terribles,0.3454,0.3749
12022,aurez,0.3454,0.3428
12023,confirmé,0.3452,0.3317
12024,cents,0.3451,0.3396
12025,xviii,0.3451,0.3044
12026,juifs,0.3449,0.3255
12027,accorder,0.3449,0.3650
12028,préparez,0.3449,0.3517
12029,prétexte,0.3448,0.3677
12030,devinrent,0.3448,0.3705
12031,amours,0.3447,0.3916
12032,cru,0.3447,0.3262
12033,dises,0.3446,0.4389
12034,assis,0.3446,0.3259
12035,iroient,0.3445,0.3400
12036,cette,0.3443,0.3407
12037,sortit,0.3443,0.3474
12038,tombé,0.3443,0.3748
12039,verds,0.3443,0.3765
12040,xxvi,0.3442,0.3278
12041,auteurs,0.3442,0.2651
12042,fête,0.3442,0.3197
12043,ongles,0.3440,0.3800
12044,mon,0.3440,0.2704
12045,faisait,0.3439,0.3358
12046,bourges,0.3438,0.3977
12047,couchant,0.3438,0.3288
12048,golfe,0.3438,0.4007
12049,prêt,0.3436,0.4383
12050,portons,0.3436,0.3846
12051,d'empressement,0.3436,0.3166
12052,escalier,0.3436,0.2952
12053,forteresse,0.3435,0.3405
12054,economic,0.3434,0.1800
12055,connois,0.3433,0.3225
12056,voit,0.3433,0.2872
12057,épousé,0.3432,0.3661
12058,ofé,0.3432,0.2702
12059,déroger,0.3432,0.3973
12060,icy,0.3431,0.2974
12061,donnant,0.3430,0.3173
12062,provence,0.3430,0.3935
12063,souverains,0.3430,0.3509
12064,magnifique,0.3429,0.3716
12065,xvii,0.3429,0.3193
12066,t'es,0.3429,0.3350
12067,désordres,0.3428,0.3423
12068,differentes,0.3427,0.3137
12069,rapportées,0.3427,0.3237
12070,quels,0.3426,0.3461
12071,favoris,0.3426,0.3918
12072,bleu,0.3425,0.2958
12073,passoit,0.3423,0.3498
12074,histoire,0.3423,0.3598
12075,l'eglise,0.3422,0.3071
12076,nuages,0.3421,0.3588
12077,remboursement,0.3420,0.3504
12078,fiefs,0.3418,0.3554
12079,bergers,0.3417,0.3954
12080,cruel,0.3416,0.3404
12081,appartenoit,0.3416,0.3463
12082,l'orge,0.3414,0.3121
12083,cherché,0.3414,0.3219
12084,piquent,0.3413,0.3792
12085,promis,0.3413,0.3142
12086,diminution,0.3411,0.3253
12087,bâton,0.3410,0.3566
12088,entendons,0.3409,0.4202
12089,vicaire,0.3409,0.4147
12090,derrière,0.3409,0.3562
12091,mulets,0.3408,0.4159
12092,vîte,0.3408,0.3065
12093,répondis,0.3408,0.3354
12094,rems,0.3408,0.2229
12095,escadre,0.3407,0.3622
12096,plusieurs,0.3407,0.3603
12097,brebis,0.3407,0.3661
12098,étc,0.3405,0.3494
12099,horrible,0.3403,0.2970
12100,effroyable,0.3401,0.3494
12101,livourne,0.3401,0.3689
12102,verra,0.3400,0.3425
12103,rubans,0.3399,0.3093
12104,ôte,0.3399,0.3068
12105,canards,0.3399,0.3205
12106,parlerai,0.3399,0.3298
12107,dirai,0.3398,0.3126
12108,where,0.3398,0.3393
12109,pigeons,0.3398,0.3487
12110,princesse,0.3398,0.3626
12111,alios,0.3397,0.3567
12112,étendue,0.3397,0.3137
12113,branche,0.3397,0.3004
12114,tempêtes,0.3395,0.3562
12115,chênes,0.3394,0.4351
12116,mettra,0.3394,0.3202
12117,ayant,0.3394,0.2485
12118,tuilée,0.3394,0.3118
12119,entends,0.3394,0.3039
12120,fournir,0.3393,0.4136
12121,premieres,0.3393,0.2852
12122,frere,0.3393,0.2391
12123,cuir,0.3392,0.3901
12124,lieutenans,0.3391,0.2819
12125,magnificence,0.3391,0.3288
12126,aifé,0.3390,0.3177
12127,xxii,0.3390,0.3531
12128,riviere,0.3390,0.3562
12129,convenir,0.3389,0.3123
12130,nécessaire,0.3388,0.3240
12131,soyons,0.3387,0.2995
12132,catholiques,0.3387,0.4258
12133,régiment,0.3386,0.3156
12134,éloge,0.3386,0.3044
12135,jugeoit,0.3386,0.2894
12136,hélas,0.3385,0.2817
12137,couper,0.3384,0.4258
12138,jeanne,0.3384,0.3864
12139,côtes,0.3384,0.3385
12140,protestans,0.3384,0.3910
12141,farine,0.3383,0.3107
12142,appartiennent,0.3382,0.3667
12143,pâturages,0.3381,0.3932
12144,toile,0.3380,0.3562
12145,perds,0.3380,0.2838
12146,jette,0.3379,0.3383
12147,capables,0.3378,0.3872
12148,ordonna,0.3376,0.3638
12149,reste,0.3374,0.3352
12150,dernieres,0.3374,0.2966
12151,flottes,0.3374,0.3785
12152,appellée,0.3373,0.2944
12153,tuyau,0.3371,0.3610
12154,nord,0.3369,0.3419
12155,dernières,0.3368,0.3016
12156,suffire,0.3367,0.3112
12157,contentent,0.3367,0.3438
12158,comtes,0.3366,0.3545
12159,fasse,0.3366,0.3595
12160,chaloupe,0.3364,0.3246
12161,qu'aucune,0.3364,0.3715
12162,autels,0.3364,0.3460
12163,foir,0.3363,0.3459
12164,plains,0.3362,0.2761
12165,huile,0.3360,0.3016
12166,appelloient,0.3360,0.3275
12167,agneaux,0.3359,0.3532
12168,plumes,0.3357,0.3881
12169,créancier,0.3356,0.2830
12170,siécle,0.3356,0.2553
12171,mettrai,0.3356,0.3274
12172,apprit,0.3356,0.4068
12173,esté,0.3354,0.2105
12174,selon,0.3354,0.3021
12175,ancres,0.3354,0.3803
12176,courut,0.3353,0.3441
12177,decret,0.3352,0.2295
12178,toises,0.3352,0.3467
12179,juan,0.3351,0.2843
12180,herbes,0.3350,0.3516
12181,qu'on,0.3350,0.3317
12182,terrible,0.3349,0.3249
12183,majeste,0.3349,0.2897
12184,prenait,0.3348,0.3622
12185,dife,0.3347,0.3231
12186,observé,0.3346,0.2795
12187,apprennent,0.3346,0.2736
12188,dettes,0.3345,0.3636
12189,huitaine,0.3345,0.3547
12190,servi,0.3343,0.3166
12191,legitime,0.3343,0.3008
12192,animaux,0.3342,0.3686
12193,pcut,0.3342,0.3825
12194,magnifiques,0.3341,0.3423
12195,sembloient,0.3340,0.3194
12196,heures,0.3340,0.3133
12197,craignoit,0.3338,0.3128
12198,salle,0.3336,0.4008
12199,donnez,0.3336,0.3285
12200,rivières,0.3336,0.2557
12201,marguerite,0.3336,0.2722
12202,election,0.3335,0.2729
12203,mettoient,0.3334,0.2773
12204,tonneau,0.3332,0.4110
12205,maîtresse,0.3332,0.3609
12206,fît,0.3331,0.2565
12207,valets,0.3330,0.3885
12208,mâles,0.3329,0.4021
12209,favent,0.3328,0.2759
12210,pensez,0.3327,0.3179
12211,aîné,0.3327,0.3125
12212,espèces,0.3326,0.2980
12213,dames,0.3326,0.3408
12214,cro,0.3326,0.3105
12215,fleurs,0.3324,0.3469
12216,magistrats,0.3324,0.3223
12217,clauses,0.3324,0.4366
12218,mette,0.3323,0.2782
12219,considérable,0.3323,0.3268
12220,avocat,0.3323,0.4396
12221,assemblée,0.3322,0.3363
12222,peux,0.3320,0.3020
12223,book,0.3320,0.2242
12224,septentrion,0.3316,0.2819
12225,favoit,0.3316,0.3311
12226,payeront,0.3316,0.3502
12227,tableaux,0.3314,0.3047
12228,semblent,0.3310,0.2775
12229,vît,0.3309,0.3037
12230,manquoient,0.3305,0.3202
12231,only,0.3305,0.2222
12232,évêque,0.3305,0.3464
12233,aurai,0.3303,0.3015
12234,demoiselles,0.3302,0.3887
12235,tournant,0.3301,0.3151
12236,secrétaire,0.3301,0.3708
12237,conseille,0.3300,0.2932
12238,laines,0.3299,0.3271
12239,accorde,0.3298,0.3055
12240,dudit,0.3298,0.2398
12241,vite,0.3297,0.3013
12242,voyait,0.3296,0.3641
12243,chapeau,0.3294,0.3084
12244,foyez,0.3294,0.3268
12245,parens,0.3293,0.2571
12246,d'huile,0.3291,0.3615
12247,cochon,0.3289,0.3542
12248,n'ose,0.3289,0.3100
12249,partit,0.3289,0.3339
12250,entré,0.3288,0.3278
12251,quatre,0.3287,0.3084
12252,arrivé,0.3285,0.3452
12253,cft,0.3284,0.3291
12254,couté,0.3283,0.3257
12255,entant,0.3282,0.2529
12256,m'ayant,0.3282,0.3380
12257,donnerez,0.3282,0.3101
12258,poires,0.3280,0.3109
12259,fâchée,0.3279,0.3050
12260,république,0.3279,0.4143
12261,anglois,0.3279,0.2856
12262,faciles,0.3278,0.3630
12263,maître,0.3276,0.3021
12264,n'eurent,0.3276,0.3135
12265,goldsmithsâ,0.3276,0.0922
12266,garnison,0.3275,0.4121
12267,diverses,0.3275,0.2639
12268,obligées,0.3273,0.3541
12269,ressemble,0.3272,0.3304
12270,règne,0.3269,0.3381
12271,volaille,0.3269,0.3671
12272,mettant,0.3269,0.3175
12273,tenons,0.3269,0.4321
12274,armée,0.3268,0.3081
12275,l'ecriture,0.3267,0.3787
12276,barons,0.3267,0.3401
12277,cruelle,0.3266,0.3594
12278,l'angleterre,0.3266,0.3481
12279,d'exactitude,0.3266,0.3662
12280,qu'un,0.3266,0.3003
12281,humble,0.3263,0.3482
12282,donneront,0.3263,0.3571
12283,langues,0.3263,0.3517
12284,pattes,0.3262,0.3278
12285,boivent,0.3260,0.4129
12286,abbé,0.3259,0.3993
12287,interrompit,0.3257,0.4014
12288,marchands,0.3257,0.3711
12289,soldats,0.3256,0.3176
12290,prenant,0.3255,0.3472
12291,amans,0.3255,0.3138
12292,aurons,0.3251,0.3646
12293,m'être,0.3250,0.3101
12294,plantes,0.3249,0.3386
12295,confirmée,0.3249,0.3123
12296,poche,0.3248,0.3903
12297,priviléges,0.3247,0.2109
12298,alloient,0.3247,0.2920
12299,jettant,0.3247,0.3573
12300,trouvois,0.3247,0.3246
12301,amant,0.3246,0.2991
12302,jupiter,0.3246,0.3445
12303,vaisseaux,0.3245,0.2867
12304,jetterent,0.3245,0.2956
12305,venez,0.3243,0.3204
12306,union,0.3243,0.3228
12307,tenoient,0.3243,0.3177
12308,manqueroit,0.3243,0.3124
12309,témoigna,0.3242,0.3577
12310,beurre,0.3242,0.3136
12311,grâces,0.3240,0.3354
12312,promenades,0.3239,0.4072
12313,etre,0.3239,0.3393
12314,rayons,0.3239,0.3937
12315,demandai,0.3238,0.2661
12316,ceinture,0.3238,0.3919
12317,connoissancent,0.3237,0.4138
12318,gauche,0.3237,0.3538
12319,portoient,0.3236,0.2837
12320,collines,0.3236,0.3054
12321,prenoient,0.3235,0.2788
12322,sertile,0.3234,0.3301
12323,francfort,0.3234,0.4713
12324,n'eus,0.3233,0.3142
12325,mari,0.3233,0.3425
12326,porta,0.3233,0.3317
12327,parents,0.3231,0.2545
12328,prêtres,0.3231,0.3498
12329,ayons,0.3230,0.3252
12330,posez,0.3230,0.2790
12331,gouvernante,0.3229,0.4301
12332,temples,0.3228,0.2916
12333,refusez,0.3227,0.2980
12334,l'hyver,0.3227,0.2973
12335,élevée,0.3226,0.3775
12336,voyoient,0.3225,0.2978
12337,déclaration,0.3222,0.2844
12338,sept,0.3221,0.2786
12339,prétendoient,0.3220,0.2892
12340,espéce,0.3219,0.3078
12341,coupable,0.3219,0.3612
12342,matelots,0.3219,0.3531
12343,marchand,0.3218,0.3468
12344,onze,0.3217,0.2901
12345,dents,0.3216,0.3692
12346,jambes,0.3215,0.3061
12347,tombeau,0.3213,0.3337
12348,poëte,0.3212,0.3046
12349,represente,0.3212,0.2904
12350,orné,0.3211,0.3209
12351,racines,0.3211,0.2959
12352,chariots,0.3210,0.3170
12353,étiez,0.3210,0.3016
12354,d'aucun,0.3209,0.3845
12355,tartre,0.3206,0.3736
12356,grec,0.3206,0.3590
12357,isles,0.3205,0.3277
12358,jours,0.3205,0.3237
12359,permettoit,0.3204,0.3042
12360,colère,0.3204,0.2808
12361,loy,0.3203,0.2713
12362,résolut,0.3202,0.2878
12363,fallu,0.3202,0.2726
12364,vallée,0.3202,0.3486
12365,cinquieme,0.3202,0.3069
12366,siecles,0.3200,0.2430
12367,s'étant,0.3199,0.2754
12368,n'entend,0.3198,0.2981
12369,rendra,0.3198,0.3103
12370,roses,0.3198,0.3362
12371,avocats,0.3195,0.4156
12372,laissoient,0.3194,0.3193
12373,lacs,0.3193,0.4492
12374,étois,0.3193,0.3086
12375,n'ignoroit,0.3192,0.3144
12376,persuadée,0.3191,0.4037
12377,veuille,0.3191,0.2955
12378,temns,0.3190,0.3130
12379,ceux,0.3190,0.3595
12380,ancêtres,0.3188,0.3413
12381,prétend,0.3188,0.3008
12382,oiseau,0.3187,0.2982
12383,aventures,0.3187,0.3447
12384,literature,0.3186,0.1261
12385,gris,0.3186,0.3306
12386,manqua,0.3185,0.3182
12387,n'aura,0.3184,0.2788
12388,scene,0.3182,0.3232
12389,prier,0.3180,0.3034
12390,droite,0.3180,0.4125
12391,cousine,0.3179,0.3179
12392,m'ait,0.3178,0.2995
12393,aprés,0.3178,0.3364
12394,espece,0.3175,0.2836
12395,please,0.3174,0.2795
12396,croit,0.3173,0.2779
12397,environnée,0.3173,0.3015
12398,enfants,0.3172,0.2731
12399,manquera,0.3171,0.3080
12400,verrons,0.3171,0.3126
12401,fauroient,0.3170,0.2642
12402,puise,0.3170,0.2919
12403,c'ell,0.3168,0.2714
12404,puisent,0.3167,0.2364
12405,donnent,0.3165,0.2256
12406,m'ont,0.3165,0.3345
12407,isle,0.3165,0.3228
12408,étes,0.3164,0.3579
12409,frères,0.3163,0.2930
12410,canelle,0.3162,0.2805
12411,remède,0.3162,0.3229
12412,cables,0.3162,0.3179
12413,diamans,0.3162,0.2738
12414,volunt,0.3161,0.2498
12415,vais,0.3161,0.2914
12416,troupes,0.3160,0.3186
12417,portoit,0.3160,0.3377
12418,vaudroit,0.3158,0.3073
12419,princesses,0.3158,0.3821
12420,verrai,0.3157,0.3280
12421,d'amende,0.3155,0.3498
12422,mémoires,0.3154,0.3921
12423,récit,0.3154,0.3473
12424,promit,0.3154,0.2729
12425,agréable,0.3152,0.3277
12426,prit,0.3152,0.3141
12427,l'espagne,0.3152,0.3496
12428,hollandois,0.3151,0.2933
12429,mettent,0.3151,0.3108
12430,trouvons,0.3151,0.3174
12431,saçon,0.3151,0.3728
12432,oiseaux,0.3150,0.3496
12433,etrangers,0.3150,0.3195
12434,valoit,0.3149,0.3087
12435,fondé,0.3147,0.3309
12436,avons,0.3146,0.2845
12437,vont,0.3144,0.2789
12438,croirois,0.3143,0.3136
12439,pieds,0.3141,0.2325
12440,payens,0.3140,0.3510
12441,viennent,0.3140,0.3071
12442,ciceron,0.3140,0.4042
12443,latin,0.3137,0.3774
12444,persuadé,0.3136,0.3470
12445,courroux,0.3136,0.3292
12446,agreable,0.3136,0.2645
12447,ovale,0.3134,0.3896
12448,denrées,0.3133,0.4061
12449,greffiers,0.3132,0.3445
12450,chants,0.3132,0.3450
12451,first,0.3131,0.3149
12452,vinaigre,0.3130,0.3314
12453,alla,0.3130,0.2590
12454,pere,0.3128,0.2572
12455,manieres,0.3128,0.2891
12456,books,0.3127,0.2434
12457,mars,0.3126,0.2809
12458,saison,0.3126,0.3286
12459,fibres,0.3123,0.3607
12460,retourné,0.3123,0.3358
12461,peau,0.3122,0.3312
12462,tante,0.3122,0.3231
12463,etienne,0.3122,0.4675
12464,jesus,0.3121,0.2941
12465,manières,0.3121,0.2731
12466,notaires,0.3120,0.3573
12467,reduite,0.3120,0.3384
12468,amies,0.3120,0.3522
12469,l'occident,0.3117,0.2974
12470,oublié,0.3117,0.3356
12471,feriez,0.3115,0.3207
12472,m'est,0.3115,0.2793
12473,fuis,0.3115,0.2689
12474,soins,0.3115,0.2654
12475,lesdits,0.3114,0.2369
12476,tranquillité,0.3114,0.3211
12477,remettre,0.3113,0.3671
12478,appris,0.3113,0.3236
12479,rentra,0.3112,0.3673
12480,reçut,0.3111,0.3316
12481,puifle,0.3110,0.2890
12482,philosophes,0.3110,0.3072
12483,n'ayez,0.3108,0.3303
12484,freres,0.3108,0.3176
12485,d'infanterie,0.3106,0.3414
12486,fevrier,0.3106,0.2618
12487,statues,0.3105,0.3199
12488,diane,0.3105,0.3497
12489,dragons,0.3103,0.4377
12490,trouvât,0.3103,0.3302
12491,l'automne,0.3102,0.3093
12492,croyois,0.3100,0.3240
12493,apôtres,0.3097,0.3308
12494,vint,0.3095,0.2793
12495,sénéchaux,0.3095,0.1849
12496,endroits,0.3094,0.2796
12497,étoir,0.3092,0.3008
12498,pria,0.3091,0.2549
12499,hambourg,0.3090,0.3490
12500,aprs,0.3087,0.3710
12501,bled,0.3087,0.3273
12502,vitriol,0.3087,0.3756
12503,amendes,0.3086,0.4273
12504,flots,0.3083,0.3093
12505,conseillers,0.3081,0.3280
12506,j'aurai,0.3080,0.3210
12507,suissent,0.3080,0.2668
12508,femme,0.3079,0.2818
12509,n'étant,0.3079,0.2657
12510,fallut,0.3078,0.2911
12511,voeux,0.3075,0.3484
12512,rester,0.3074,0.2873
12513,regles,0.3073,0.2799
12514,laissai,0.3071,0.3358
12515,devront,0.3071,0.3148
12516,historiens,0.3070,0.3060
12517,siécles,0.3070,0.2359
12518,rapporté,0.3069,0.3824
12519,fâché,0.3069,0.3439
12520,poivre,0.3069,0.3535
12521,héritiers,0.3069,0.3112
12522,voulût,0.3069,0.2795
12523,ouvrir,0.3067,0.2779
12524,j'aie,0.3067,0.2610
12525,averti,0.3066,0.3520
12526,quoiqu'elle,0.3066,0.2865
12527,m'a,0.3065,0.2603
12528,receveur,0.3064,0.3539
12529,blancheur,0.3062,0.3326
12530,nerfs,0.3061,0.3462
12531,cochons,0.3060,0.3083
12532,affreux,0.3060,0.3167
12533,l'avoine,0.3059,0.3342
12534,enfans,0.3058,0.2374
12535,règles,0.3058,0.2607
12536,sçauroit,0.3056,0.1848
12537,galant,0.3055,0.3542
12538,contraint,0.3053,0.2706
12539,planter,0.3053,0.3105
12540,prétendez,0.3052,0.2934
12541,dirons,0.3051,0.3032
12542,facon,0.3049,0.3293
12543,matin,0.3047,0.3078
12544,privileges,0.3047,0.2633
12545,printemps,0.3044,0.2681
12546,prières,0.3044,0.2932
12547,flotte,0.3043,0.2688
12548,laquelle,0.3043,0.3230
12549,donner,0.3041,0.2863
12550,navire,0.3040,0.2737
12551,plaines,0.3040,0.3325
12552,amsterdam,0.3039,0.4010
12553,faurois,0.3038,0.2230
12554,faisois,0.3038,0.2949
12555,cadix,0.3037,0.4919
12556,résolu,0.3037,0.3033
12557,n'etoit,0.3037,0.2796
12558,s'être,0.3035,0.2580
12559,aprcs,0.3034,0.3281
12560,servit,0.3034,0.2794
12561,jeta,0.3034,0.3047
12562,recevons,0.3034,0.3539
12563,eurent,0.3032,0.3250
12564,croyent,0.3031,0.2731
12565,raisins,0.3031,0.2984
12566,ferais,0.3027,0.2779
12567,longtems,0.3027,0.3783
12568,paiement,0.3024,0.3489
12569,oeufs,0.3022,0.4407
12570,marquis,0.3022,0.3364
12571,expliquer,0.3021,0.2954
12572,ruisseaux,0.3021,0.3265
12573,villes,0.3020,0.3576
12574,auteur,0.3018,0.2749
12575,terns,0.3017,0.2598
12576,achetées,0.3017,0.3925
12577,rivage,0.3015,0.3301
12578,noix,0.3014,0.3010
12579,devrois,0.3012,0.3238
12580,château,0.3011,0.2742
12581,parut,0.3011,0.2818
12582,devrait,0.3009,0.2944
12583,n'aime,0.3008,0.2691
12584,modern,0.3007,0.1791
12585,operations,0.3006,0.2594
12586,barques,0.3005,0.3153
12587,fîmes,0.3004,0.2283
12588,ferai,0.3003,0.2817
12589,printems,0.3003,0.2856
12590,diminué,0.3003,0.3462
12591,rends,0.3003,0.3425
12592,demanda,0.3002,0.2600
12593,princes,0.3001,0.3435
12594,successeurs,0.2999,0.2556
12595,hauteur,0.2999,0.3223
12596,rouge,0.2998,0.2734
12597,dépense,0.2998,0.3482
12598,dise,0.2998,0.3462
12599,jugent,0.2997,0.2634
12600,césar,0.2996,0.4730
12601,jugera,0.2996,0.3020
12602,différens,0.2996,0.2550
12603,jésus,0.2995,0.3818
12604,chapeaux,0.2993,0.3497
12605,l'aurois,0.2993,0.2177
12606,bone,0.2993,0.3792
12607,qfm,0.2992,0.1372
12608,trouverons,0.2991,0.2765
12609,compatriotes,0.2989,0.3190
12610,très,0.2988,0.2968
12611,mettrez,0.2987,0.3070
12612,vendeur,0.2985,0.3152
12613,foin,0.2984,0.3375
12614,vinrent,0.2984,0.3084
12615,soin,0.2984,0.2977
12616,choux,0.2984,0.3631
12617,affection,0.2983,0.3289
12618,rencontrent,0.2981,0.2866
12619,entendoit,0.2981,0.3010
12620,croirai,0.2980,0.2751
12621,rubis,0.2978,0.3679
12622,mirent,0.2976,0.3410
12623,tcms,0.2976,0.3134
12624,voudriez,0.2973,0.2591
12625,nommée,0.2971,0.2776
12626,cettc,0.2971,0.3239
12627,l'avez,0.2971,0.2543
12628,illum,0.2971,0.2108
12629,desdits,0.2970,0.2369
12630,hommages,0.2970,0.2911
12631,hollande,0.2969,0.3616
12632,théologiens,0.2969,0.3291
12633,etoient,0.2968,0.3328
12634,manqueront,0.2967,0.3247
12635,comprends,0.2966,0.2752
12636,entra,0.2965,0.3018
12637,crut,0.2964,0.3148
12638,trouvai,0.2964,0.2777
12639,proposa,0.2963,0.3062
12640,rives,0.2962,0.2811
12641,credit,0.2962,0.2358
12642,prendrez,0.2962,0.3071
12643,savait,0.2961,0.3468
12644,arbre,0.2961,0.2765
12645,foyons,0.2959,0.2990
12646,allerent,0.2959,0.2753
12647,appelle,0.2958,0.2087
12648,chanoine,0.2957,0.4572
12649,avoir,0.2957,0.3147
12650,poulets,0.2956,0.3760
12651,quelles,0.2956,0.3116
12652,viens,0.2956,0.2810
12653,particulières,0.2955,0.3405
12654,pû,0.2954,0.1972
12655,commença,0.2952,0.2878
12656,feuilles,0.2949,0.2987
12657,arriva,0.2948,0.3409
12658,cherchent,0.2948,0.2716
12659,surpris,0.2947,0.3060
12660,fleuves,0.2944,0.3532
12661,sentoit,0.2943,0.2866
12662,épouse,0.2943,0.3128
12663,manger,0.2942,0.3400
12664,entendit,0.2938,0.3353
12665,négocians,0.2937,0.3049
12666,pères,0.2936,0.3175
12667,saurai,0.2933,0.3039
12668,n'es,0.2931,0.2902
12669,evêque,0.2931,0.2929
12670,enim,0.2930,0.3622
12671,muid,0.2929,0.3485
12672,fassent,0.2929,0.3460
12673,impositions,0.2926,0.3443
12674,plairoit,0.2925,0.3118
12675,generale,0.2923,0.2561
12676,impossible,0.2922,0.2734
12677,pouvant,0.2921,0.2781
12678,neveu,0.2920,0.2572
12679,donnait,0.2919,0.3190
12680,voudrois,0.2919,0.2617
12681,m'étois,0.2917,0.2885
12682,femmes,0.2917,0.3551
12683,conduisit,0.2914,0.3087
12684,éroit,0.2913,0.2402
12685,dieu,0.2913,0.3278
12686,scire,0.2911,0.2032
12687,passa,0.2908,0.3059
12688,allemagne,0.2908,0.3198
12689,ailes,0.2907,0.2826
12690,revinrent,0.2906,0.3310
12691,chosc,0.2902,0.3747
12692,tient,0.2900,0.2451
12693,author,0.2899,0.1827
12694,entendent,0.2897,0.3549
12695,esprit,0.2895,0.3064
12696,ferions,0.2894,0.2711
12697,bouillir,0.2891,0.3013
12698,arrivée,0.2890,0.3197
12699,falloir,0.2889,0.2829
12700,vendues,0.2888,0.3368
12701,l'ont,0.2888,0.2898
12702,voudra,0.2887,0.2481
12703,dirent,0.2887,0.2784
12704,aye,0.2886,0.2363
12705,especes,0.2885,0.3039
12706,vîmes,0.2885,0.2720
12707,expliqué,0.2885,0.2711
12708,peintures,0.2882,0.3263
12709,l'ayant,0.2881,0.2895
12710,demandoit,0.2881,0.2722
12711,orientales,0.2878,0.3036
12712,regarda,0.2878,0.2916
12713,put,0.2877,0.1616
12714,cinquième,0.2876,0.2501
12715,xxiii,0.2876,0.2709
12716,n'aurez,0.2873,0.2573
12717,receveurs,0.2873,0.3272
12718,événement,0.2872,0.2923
12719,chrétiens,0.2870,0.3123
12720,furent,0.2870,0.2966
12721,joie,0.2867,0.2623
12722,liqueur,0.2867,0.3195
12723,imprimeurs,0.2867,0.2242
12724,barils,0.2864,0.3444
12725,plaira,0.2864,0.2907
12726,l'a,0.2863,0.2269
12727,rot,0.2861,0.3012
12728,medecin,0.2861,0.3120
12729,ferons,0.2860,0.3077
12730,prié,0.2859,0.3675
12731,disciples,0.2858,0.3476
12732,j'aimerois,0.2856,0.3072
12733,donnoient,0.2856,0.2091
12734,c'efi,0.2856,0.2693
12735,puissiez,0.2854,0.2928
12736,j'aurois,0.2854,0.2488
12737,habits,0.2854,0.3553
12738,nest,0.2853,0.2833
12739,rendirent,0.2850,0.2636
12740,l'auroit,0.2850,0.1947
12741,souhaits,0.2848,0.3748
12742,douta,0.2847,0.2904
12743,prennent,0.2834,0.3272
12744,rouges,0.2832,0.2742
12745,graines,0.2831,0.3006
12746,d'hollande,0.2831,0.3078
12747,valère,0.2830,0.2803
12748,départ,0.2829,0.3228
12749,octobre,0.2829,0.2146
12750,bâtie,0.2829,0.2766
12751,faudrait,0.2827,0.2538
12752,evêques,0.2825,0.2853
12753,donnât,0.2824,0.3340
12754,duquel,0.2824,0.2945
12755,c'cft,0.2824,0.3005
12756,consiscation,0.2823,0.2660
12757,longueur,0.2823,0.3039
12758,parle,0.2822,0.2828
12759,d'olive,0.2821,0.3697
12760,neuf,0.2818,0.2732
12761,différence,0.2818,0.3082
12762,rochers,0.2817,0.2974
12763,plait,0.2808,0.2593
12764,eûmes,0.2808,0.2581
12765,firent,0.2807,0.2558
12766,prends,0.2807,0.2609
12767,neuvième,0.2807,0.2610
12768,dernière,0.2803,0.2635
12769,nièce,0.2802,0.2979
12770,heros,0.2802,0.2620
12771,prendrai,0.2798,0.2978
12772,impostures,0.2797,0.2763
12773,momens,0.2795,0.2542
12774,payé,0.2794,0.2865
12775,venoit,0.2793,0.2771
12776,obligés,0.2793,0.2201
12777,midi,0.2793,0.2940
12778,tenoit,0.2790,0.2823
12779,prunes,0.2788,0.2919
12780,resolution,0.2785,0.2476
12781,dût,0.2781,0.1872
12782,perfonnes,0.2780,0.2366
12783,avés,0.2780,0.3237
12784,pleurs,0.2779,0.2334
12785,amour,0.2779,0.2595
12786,vous,0.2779,0.2802
12787,regardoit,0.2778,0.2506
12788,épaules,0.2776,0.2778
12789,croyais,0.2772,0.2601
12790,rendez,0.2770,0.2793
12791,vu,0.2767,0.2665
12792,donneroit,0.2767,0.2557
12793,allèrent,0.2766,0.3113
12794,répondirent,0.2765,0.2880
12795,aucun,0.2764,0.2728
12796,paroissoit,0.2763,0.3065
12797,aventure,0.2761,0.2306
12798,étions,0.2760,0.2858
12799,prend,0.2760,0.2608
12800,poètes,0.2758,0.2917
12801,dimanche,0.2754,0.2842
12802,junon,0.2754,0.2947
12803,marchandises,0.2753,0.2820
12804,elt,0.2751,0.2572
12805,s'étaient,0.2751,0.2692
12806,venu,0.2751,0.2924
12807,l'ai,0.2750,0.2363
12808,huitième,0.2749,0.2500
12809,ondes,0.2747,0.3017
12810,espagne,0.2747,0.3062
12811,donné,0.2745,0.2628
12812,voulions,0.2745,0.2699
12813,aimoit,0.2744,0.3086
12814,donna,0.2744,0.2300
12815,navires,0.2744,0.2664
12816,durant,0.2743,0.3057
12817,matiere,0.2741,0.3190
12818,apres,0.2741,0.2864
12819,voulaient,0.2740,0.2923
12820,devions,0.2740,0.2306
12821,vingt,0.2738,0.2467
12822,s'agit,0.2738,0.2426
12823,un,0.2737,0.2361
12824,published,0.2730,0.2087
12825,veut,0.2729,0.2444
12826,nomme,0.2729,0.2374
12827,nymphes,0.2728,0.3677
12828,ocm,0.2726,0.1469
12829,tiges,0.2725,0.2956
12830,pouviez,0.2725,0.2330
12831,savoit,0.2718,0.3059
12832,après,0.2715,0.2617
12833,aurais,0.2715,0.2179
12834,veritable,0.2714,0.2652
12835,descendit,0.2714,0.3572
12836,j'étois,0.2712,0.2791
12837,cavalerie,0.2711,0.3676
12838,époux,0.2711,0.2225
12839,situé,0.2710,0.3283
12840,refusé,0.2708,0.2787
12841,quatrième,0.2705,0.2228
12842,payement,0.2703,0.2816
12843,jettent,0.2701,0.2599
12844,occidentales,0.2701,0.3122
12845,j'aurais,0.2701,0.2188
12846,figues,0.2700,0.2883
12847,c'el,0.2700,0.2695
12848,arrivâmes,0.2699,0.2941
12849,vendu,0.2698,0.3092
12850,jolie,0.2696,0.2717
12851,erre,0.2696,0.2576
12852,facile,0.2695,0.2088
12853,éclat,0.2695,0.2747
12854,soyez,0.2692,0.2863
12855,mamelé,0.2689,0.1753
12856,saisions,0.2688,0.2934
12857,reception,0.2686,0.2625
12858,perles,0.2685,0.3019
12859,servirent,0.2683,0.2794
12860,premiere,0.2682,0.2066
12861,cinq,0.2682,0.2686
12862,appellons,0.2681,0.3334
12863,cinquante,0.2681,0.2488
12864,douze,0.2680,0.2315
12865,étonné,0.2677,0.2606
12866,m'avez,0.2675,0.2784
12867,auront,0.2675,0.2264
12868,fait,0.2673,0.2084
12869,tombée,0.2667,0.3149
12870,s'agissoit,0.2666,0.2481
12871,fille,0.2666,0.2018
12872,lont,0.2666,0.2297
12873,jefus,0.2665,0.3307
12874,sert,0.2665,0.2331
12875,data,0.2660,0.3101
12876,reprit,0.2658,0.2968
12877,voulais,0.2658,0.2479
12878,osé,0.2651,0.2312
12879,ferez,0.2650,0.2650
12880,structure,0.2650,0.2332
12881,envoya,0.2649,0.2967
12882,s'étoient,0.2647,0.2810
12883,venoient,0.2645,0.2791
12884,n'aiment,0.2643,0.2891
12885,réflexions,0.2643,0.3172
12886,seize,0.2643,0.2956
12887,d'avoine,0.2642,0.3302
12888,située,0.2639,0.2843
12889,prenne,0.2637,0.2449
12890,voulus,0.2637,0.2587
12891,êtes,0.2633,0.2386
12892,l'hiver,0.2630,0.2833
12893,trouveroit,0.2626,0.2233
12894,espagnols,0.2624,0.2975
12895,quefois,0.2623,0.2663
12896,republique,0.2623,0.2270
12897,n'cst,0.2623,0.2663
12898,avais,0.2619,0.2496
12899,premières,0.2618,0.3103
12900,vaisseau,0.2609,0.2323
12901,puissions,0.2608,0.2456
12902,desdites,0.2606,0.2632
12903,procureurs,0.2605,0.3502
12904,bataillons,0.2605,0.2536
12905,prenoit,0.2604,0.2525
12906,fondée,0.2603,0.3105
12907,payent,0.2603,0.3158
12908,habit,0.2602,0.2805
12909,j'étais,0.2602,0.2444
12910,plaît,0.2598,0.2464
12911,blanches,0.2593,0.2974
12912,acheté,0.2593,0.2837
12913,aurions,0.2591,0.2799
12914,d'octobre,0.2589,0.2246
12915,joueurs,0.2586,0.2829
12916,velours,0.2580,0.3163
12917,servoient,0.2579,0.2034
12918,soeurs,0.2577,0.2822
12919,mercredi,0.2575,0.2575
12920,seigle,0.2574,0.2684
12921,pourrez,0.2572,0.2540
12922,sont,0.2568,0.2289
12923,vouloient,0.2564,0.1862
12924,libraires,0.2561,0.1955
12925,dire,0.2560,0.2731
12926,n'ell,0.2559,0.2164
12927,s'est,0.2556,0.2929
12928,aucune,0.2556,0.2235
12929,synode,0.2553,0.2812
12930,moments,0.2545,0.2753
12931,voudront,0.2544,0.2372
12932,n'étois,0.2543,0.2334
12933,rivière,0.2542,0.2503
12934,treize,0.2535,0.2624
12935,l'avoir,0.2531,0.2439
12936,demandé,0.2529,0.2551
12937,allé,0.2526,0.2571
12938,fissent,0.2526,0.2693
12939,italie,0.2525,0.2816
12940,faisoit,0.2524,0.2336
12941,who,0.2521,0.2496
12942,choie,0.2520,0.2532
12943,lesdites,0.2514,0.2632
12944,froment,0.2511,0.2669
12945,fus,0.2509,0.2723
12946,trouva,0.2509,0.2333
12947,pierreries,0.2505,0.2973
12948,montagnes,0.2501,0.2874
12949,virent,0.2498,0.2854
12950,seraient,0.2497,0.2393
12951,compagnes,0.2495,0.3148
12952,n'el,0.2494,0.2191
12953,fermer,0.2493,0.2961
12954,fervent,0.2490,0.2120
12955,pas,0.2483,0.2146
12956,j'eusse,0.2480,0.2289
12957,trouveroient,0.2476,0.2274
12958,ceder,0.2475,0.2703
12959,trouvait,0.2472,0.2981
12960,aura,0.2470,0.2027
12961,mettoit,0.2464,0.2804
12962,deviez,0.2463,0.2337
12963,chore,0.2463,0.2735
12964,ornée,0.2460,0.2584
12965,retourner,0.2460,0.2548
12966,enter,0.2459,0.3833
12967,pein,0.2459,0.2486
12968,répliqua,0.2456,0.2736
12969,croient,0.2455,0.2397
12970,siècles,0.2450,0.2244
12971,quotient,0.2446,0.2486
12972,sauroient,0.2446,0.2460
12973,prît,0.2446,0.2849
12974,avril,0.2444,0.2149
12975,servent,0.2444,0.2766
12976,soient,0.2444,0.2089
12977,n'êtes,0.2442,0.2594
12978,feroit,0.2441,0.2117
12979,d'avril,0.2440,0.2193
12980,picce,0.2438,0.2829
12981,archevêque,0.2437,0.2415
12982,fimes,0.2435,0.2544
12983,trouverent,0.2435,0.2350
12984,aime,0.2431,0.2792
12985,avions,0.2428,0.2707
12986,trouveront,0.2422,0.2431
12987,m'eût,0.2421,0.2208
12988,n'as,0.2420,0.2315
12989,ferois,0.2413,0.2366
12990,n'aurions,0.2413,0.2016
12991,escadrons,0.2406,0.2439
12992,revint,0.2404,0.2352
12993,prétends,0.2403,0.2834
12994,pourvoient,0.2401,0.2441
12995,fût,0.2400,0.1949
12996,whether,0.2400,0.2374
12997,trouvèrent,0.2396,0.2825
12998,voulurent,0.2396,0.2133
12999,troisième,0.2395,0.2797
13000,d'orge,0.2393,0.2925
13001,dequoi,0.2392,0.2044
13002,m'étoit,0.2385,0.2619
13003,cuire,0.2383,0.2776
13004,appartement,0.2380,0.2318
13005,faisaient,0.2380,0.2564
13006,henri,0.2380,0.2746
13007,souper,0.2380,0.2084
13008,venait,0.2379,0.2854
13009,être,0.2378,0.1706
13010,https,0.2376,0.1379
13011,troisieme,0.2376,0.2490
13012,achat,0.2374,0.2103
13013,trouve,0.2367,0.2332
13014,samedi,0.2362,0.2478
13015,pouvions,0.2361,0.2054
13016,serai,0.2358,0.2220
13017,vit,0.2352,0.2272
13018,laissoit,0.2352,0.2362
13019,êrre,0.2348,0.2204
13020,différentes,0.2340,0.2519
13021,trouvoit,0.2335,0.2532
13022,n'auront,0.2335,0.2427
13023,mère,0.2328,0.2492
13024,huit,0.2328,0.2131
13025,pouvez,0.2327,0.1844
13026,largeur,0.2326,0.2359
13027,pouvais,0.2324,0.2162
13028,donnèrent,0.2323,0.2717
13029,première,0.2322,0.2196
13030,répondit,0.2314,0.2328
13031,trouvera,0.2313,0.2120
13032,boeufs,0.2312,0.2916
13033,avois,0.2312,0.2191
13034,voudrait,0.2310,0.2877
13035,devaient,0.2309,0.2249
13036,quinze,0.2306,0.2613
13037,doive,0.2305,0.2015
13038,serez,0.2304,0.2426
13039,marquez,0.2303,0.2443
13040,rend,0.2302,0.2153
13041,janvier,0.2295,0.1508
13042,d'août,0.2286,0.2205
13043,jeudi,0.2286,0.2115
13044,upon,0.2280,0.2629
13045,devez,0.2279,0.2436
13046,saurais,0.2273,0.2460
13047,then,0.2272,0.2102
13048,cctte,0.2268,0.2636
13049,l'eût,0.2268,0.2220
13050,guenois,0.2267,0.2705
13051,filles,0.2263,0.2524
13052,voyoit,0.2261,0.2153
13053,croyoient,0.2260,0.2305
13054,helas,0.2256,0.2643
13055,eut,0.2256,0.1850
13056,dîner,0.2253,0.2311
13057,aisé,0.2252,0.2403
13058,saurois,0.2249,0.2472
13059,vouliez,0.2248,0.2448
13060,pendant,0.2245,0.2509
13061,devriez,0.2241,0.2494
13062,pourrois,0.2241,0.2426
13063,dois,0.2235,0.2157
13064,soeur,0.2229,0.2051
13065,quatorze,0.2226,0.2284
13066,août,0.2226,0.1913
13067,croyoit,0.2224,0.2299
13068,trouvâmes,0.2218,0.2257
13069,est,0.2217,0.1769
13070,n'efl,0.2211,0.1990
13071,suis,0.2211,0.2235
13072,devons,0.2206,0.2451
13073,allait,0.2204,0.2320
13074,donne,0.2203,0.2020
13075,search,0.2199,0.1732
13076,avantures,0.2198,0.2318
13077,lundi,0.2196,0.2298
13078,jaune,0.2196,0.2603
13079,world,0.2195,0.1911
13080,seriez,0.2193,0.2237
13081,serons,0.2188,0.2539
13082,père,0.2186,0.2322
13083,trouvoient,0.2182,0.2118
13084,oncle,0.2182,0.2463
13085,n'avais,0.2175,0.2363
13086,doutoit,0.2161,0.2614
13087,j'ai,0.2158,0.1903
13088,difficile,0.2158,0.2057
13089,était,0.2156,0.2242
13090,sera,0.2154,0.2099
13091,donnoit,0.2154,0.1967
13092,faudra,0.2153,0.2083
13093,muscade,0.2152,0.2554
13094,serions,0.2147,0.2210
13095,bords,0.2146,0.2845
13096,n'ait,0.2146,0.2316
13097,n'étoit,0.2146,0.2040
13098,étoient,0.2144,0.2206
13099,fumes,0.2144,0.2282
13100,voudroient,0.2137,0.1984
13101,m'avoir,0.2135,0.2058
13102,per,0.2135,0.1776
13103,trente,0.2130,0.2028
13104,pu,0.2128,0.1894
13105,eût,0.2125,0.1700
13106,auriez,0.2116,0.2089
13107,voulois,0.2115,0.2062
13108,veux,0.2108,0.2210
13109,serais,0.2107,0.1963
13110,pourrons,0.2106,0.1918
13111,eussiez,0.2104,0.2272
13112,voudrais,0.2097,0.2210
13113,pourrais,0.2096,0.1784
13114,purent,0.2095,0.2281
13115,quarante,0.2092,0.1993
13116,trouvent,0.2091,0.1944
13117,feroient,0.2091,0.1700
13118,pourrai,0.2086,0.2216
13119,you,0.2083,0.2214
13120,nulla,0.2079,0.2635
13121,m'avoit,0.2076,0.1939
13122,décembre,0.2070,0.1667
13123,google,0.2058,0.2098
13124,n'ayant,0.2053,0.2292
13125,way,0.2052,0.2927
13126,c'et,0.2050,0.1977
13127,l'avois,0.2049,0.1942
13128,n'eut,0.2047,0.1899
13129,aurois,0.2045,0.2209
13130,êtrc,0.2042,0.2676
13131,jetta,0.2036,0.2157
13132,scène,0.2031,0.1378
13133,temps,0.2030,0.2347
13134,fussent,0.2030,0.2097
13135,aviez,0.2026,0.1993
13136,étaient,0.2024,0.1951
13137,vendredi,0.2021,0.2560
13138,voudroit,0.2020,0.1913
13139,any,0.2019,0.2165
13140,maniere,0.2018,0.1846
13141,image,0.2012,0.1664
13142,devois,0.2012,0.2011
13143,veulent,0.2006,0.1980
13144,pourront,0.2004,0.2192
13145,c'elt,0.2003,0.1819
13146,order,0.1997,0.2065
13147,servoit,0.1989,0.2184
13148,n'cft,0.1989,0.1966
13149,septembre,0.1988,0.1372
13150,avez,0.1982,0.1624
13151,ne,0.1981,0.1527
13152,donnera,0.1978,0.2265
13153,saurait,0.1976,0.2323
13154,pourraient,0.1968,0.2059
13155,courrier,0.1958,0.2532
13156,great,0.1957,0.2294
13157,pourriez,0.1944,0.1922
13158,teins,0.1942,0.2007
13159,faisoient,0.1938,0.1928
13160,étoit,0.1938,0.2012
13161,him,0.1938,0.2631
13162,before,0.1930,0.1988
13163,auroit,0.1928,0.1657
13164,mardi,0.1925,0.2366
13165,serait,0.1924,0.1995
13166,pourra,0.1921,0.1610
13167,retourna,0.1920,0.2066
13168,mit,0.1914,0.1703
13169,c'ef,0.1909,0.1950
13170,pouvois,0.1902,0.1693
13171,frère,0.1897,0.2050
13172,l'avaient,0.1892,0.2760
13173,obligé,0.1884,0.1997
13174,feront,0.1881,0.1436
13175,aurait,0.1863,0.1603
13176,fera,0.1861,0.1362
13177,fûmes,0.1839,0.2000
13178,sauroit,0.1829,0.1709
13179,auraient,0.1829,0.2161
13180,fauroit,0.1818,0.1508
13181,n'avoir,0.1814,0.2089
13182,fallait,0.1812,0.1845
13183,had,0.1805,0.3025
13184,find,0.1804,0.1977
13185,n'avions,0.1801,0.1769
13186,m'avait,0.1798,0.2112
13187,puisse,0.1791,0.1526
13188,library,0.1786,0.1575
13189,alloit,0.1782,0.2075
13190,manière,0.1782,0.1725
13191,n'est,0.1775,0.1646
13192,voulut,0.1769,0.2020
13193,doivent,0.1766,0.1527
13194,good,0.1765,0.2371
13195,février,0.1765,0.1541
13196,seroient,0.1763,0.1834
13197,n'eit,0.1752,0.1765
13198,serois,0.1745,0.1707
13199,s'étoit,0.1744,0.1416
13200,pouvaient,0.1743,0.1803
13201,fumier,0.1736,0.2084
13202,pouvons,0.1729,0.1750
13203,n'aurois,0.1726,0.1589
13204,n'étaient,0.1724,0.1696
13205,devroient,0.1712,0.1679
13206,n'ayent,0.1704,0.1628
13207,j'avois,0.1699,0.1877
13208,economics,0.1698,0.0578
13209,n'aient,0.1694,0.1546
13210,devait,0.1686,0.1584
13211,n'avois,0.1679,0.1325
13212,n'auroit,0.1673,0.1445
13213,j'avais,0.1672,0.1945
13214,juin,0.1668,0.1323
13215,l'avait,0.1660,0.1818
13216,ark,0.1655,0.1136
13217,ayent,0.1653,0.1490
13218,tems,0.1645,0.1683
13219,n'avez,0.1639,0.1554
13220,n'efi,0.1635,0.1633
13221,auroient,0.1632,0.1677
13222,pourrions,0.1627,0.1779
13223,don,0.1627,0.1378
13224,bnf,0.1626,0.1152
13225,n'ai,0.1612,0.1608
13226,devroit,0.1608,0.1680
13227,avoient,0.1607,0.1514
13228,eussent,0.1604,0.1572
13229,n'eussent,0.1597,0.1269
13230,ctre,0.1594,0.1744
13231,juillet,0.1592,0.1245
13232,pussent,0.1590,0.1732
13233,faudroit,0.1590,0.1645
13234,novembre,0.1579,0.1285
13235,seroit,0.1572,0.1918
13236,vouloit,0.1561,0.1540
13237,faut,0.1557,0.1580
13238,ont,0.1546,0.0976
13239,aient,0.1543,0.1434
13240,l'avoient,0.1539,0.1689
13241,n'ont,0.1537,0.1458
13242,l'avoit,0.1522,0.1738
13243,doit,0.1513,0.1303
13244,avoit,0.1513,0.1430
13245,n'étoient,0.1508,0.1366
13246,n'aurait,0.1503,0.1734
13247,day,0.1492,0.2614
13248,étre,0.1489,0.1462
13249,duc,0.1479,0.1451
13250,saint,0.1479,0.1120
13251,puissent,0.1477,0.1385
13252,n'avoit,0.1467,0.1146
13253,pût,0.1450,0.1035
13254,devoient,0.1446,0.1355
13255,n'avaient,0.1435,0.1523
13256,cet,0.1425,0.1064
13257,font,0.1423,0.1326
13258,voulait,0.1421,0.1801
13259,kress,0.1417,0.0549
13260,n'ef,0.1411,0.1134
13261,peut,0.1397,0.1127
13262,falloit,0.1391,0.1426
13263,n'auroient,0.1390,0.1380
13264,n'eût,0.1389,0.1328
13265,n'elt,0.1380,0.1188
13266,feu,0.1353,0.1116
13267,pourroit,0.1352,0.1172
13268,n'avons,0.1328,0.1389
13269,pourrait,0.1322,0.1537
13270,bon,0.1306,0.0950
13271,s'était,0.1301,0.1645
13272,devoit,0.1296,0.1162
13273,avait,0.1285,0.1273
13274,mot,0.1276,0.1016
13275,seront,0.1273,0.1585
13276,peuvent,0.1261,0.1017
13277,dit,0.1259,0.0854
13278,n'était,0.1246,0.1303
13279,bas,0.1243,0.1132
13280,pourroient,0.1232,0.1365
13281,lieux,0.1225,0.1189
13282,met,0.1209,0.1042
13283,pouvoient,0.1208,0.1174
13284,document,0.1189,0.0534
13285,n'et,0.1171,0.1377
13286,pouvoit,0.1170,0.0982
13287,fous,0.1167,0.0826
13288,pouvait,0.1152,0.1151
13289,ans,0.1121,0.0913
13290,fin,0.1115,0.1013
13291,sous,0.1105,0.0958
13292,été,0.1089,0.0823
13293,non,0.1086,0.0816
13294,mis,0.1075,0.0852
13295,n'avait,0.1064,0.1094
13296,n'avoient,0.1038,0.1071
13297,d'y,0.1037,0.1132
13298,vie,0.1022,0.0951
13299,avaient,0.1021,0.1266
13300,quantité,0.1002,0.1170
13301,fit,0.0995,0.0804
13302,nom,0.0987,0.1003
13303,uns,0.0978,0.0826
13304,mer,0.0969,0.1264
13305,unes,0.0936,0.0945
13306,monograph,0.0908,0.0511
13307,tôt,0.0899,0.0994
13308,ait,0.0868,0.0664
13309,fut,0.0808,0.0750
13310,primary,0.0743,0.0270
13311,n'y,0.0696,0.0699
13312,n'a,0.0561,0.0457
