word,period1,period2,occ1,occ2,degree,score_word2vec,score_camembert,score_dalembert
king,1700-1710,1770-1780,230,1429,4350,0.9992,0.9453,0.9925
gage,1760-1770,1780-1789,920,1701,5695,0.9991,0.0548,0.002
tâche,1710-1720,1789-1802,266,1275,5701,0.998,0.9375,0.9625
ann,1740-1750,1789-1802,1201,689,5677,0.9974,0.9716,0.9972
maine,1710-1720,1770-1780,1683,984,5677,0.9973,0.9983,0.9546
roger,1740-1750,1789-1802,111,1237,5633,0.9971,0.1888,0.7147
champ,1760-1770,1789-1802,5086,7211,5711,0.9969,0.391,0.7681
dehors,1750-1760,1789-1802,2079,3871,5709,0.9967,0.3793,0.3566
nouvelle,1740-1750,1770-1780,8209,17222,5719,0.9963,0.1627,0.3659
toutefois,1720-1730,1780-1789,959,2560,5701,0.9956,0.2588,0.2778
come,1740-1750,1780-1789,864,429,5670,0.9954,0.9105,0.989
sor,1700-1710,1720-1730,640,96,5678,0.9953,0.7791,0.9527
compagne,1720-1730,1740-1750,250,489,5686,0.9952,0.0223,0.0304
veu,1720-1730,1789-1802,1135,691,5685,0.9948,0.9884,0.9902
précédent,1730-1740,1789-1802,786,2261,5703,0.9947,0.3001,0.7487
sol,1730-1740,1780-1789,1304,1562,5688,0.9944,0.9886,0.9996
marc,1720-1730,1770-1780,7910,3558,5700,0.9942,0.9858,0.9993
tour,1700-1710,1720-1730,2916,4883,5718,0.994,0.0722,0.2152
plein,1730-1740,1740-1750,2774,2215,5716,0.9939,0.1015,0.36
thou,1780-1789,1789-1802,2315,749,5549,0.9936,0.9661,0.9984
versailles,1710-1720,1750-1760,866,867,5695,0.9929,0.5663,0.7903
fig,1700-1710,1770-1780,281,7646,5628,0.9928,0.9805,0.9982
dépôt,1710-1720,1789-1802,258,2374,5689,0.9928,0.3438,0.6574
san,1710-1720,1730-1740,137,4012,5685,0.9921,0.235,0.8321
iij,1730-1740,1789-1802,1045,1261,5680,0.9918,0.4044,0.9733
réserve,1720-1730,1750-1760,239,970,5693,0.9917,0.2069,0.5082
avance,1730-1740,1750-1760,685,856,5715,0.9917,0.0642,0.064
mme,1700-1710,1750-1760,3086,920,5683,0.9914,0.9934,0.9916
sus,1720-1730,1760-1770,281,642,5697,0.991,0.1989,0.5905
aujourd,1730-1740,1770-1780,152,939,5716,0.9907,0.8477,0.7383
poli,1780-1789,1789-1802,1363,1331,5697,0.9905,0.0009,0.0226
hors,1740-1750,1750-1760,4099,4617,5716,0.9903,0.0768,0.2254
date,1710-1720,1760-1770,592,2122,5712,0.99,0.1608,0.6958
done,1730-1740,1770-1780,687,759,5666,0.9895,0.8857,0.9395
nota,1700-1710,1750-1760,217,837,5678,0.9894,0.6502,0.9639
salut,1780-1789,1789-1802,1418,3954,5700,0.9889,0.9201,0.8292
ras,1700-1710,1789-1802,321,1963,5675,0.9883,0.3001,0.8493
conséquence,1770-1780,1780-1789,5192,5403,5712,0.9877,0.3557,0.2067
xvi,1710-1720,1789-1802,526,6368,5712,0.9871,0.9926,0.9801
général,1710-1720,1750-1760,3127,12301,5718,0.9868,0.7048,0.6402
aul,1710-1720,1730-1740,353,143,5657,0.9859,0.4377,0.9701
lent,1740-1750,1780-1789,863,1868,5707,0.985,0.1737,0.0027
dubois,1700-1710,1720-1730,59,794,5657,0.9849,0.9809,0.9676
sen,1710-1720,1789-1802,379,1506,5693,0.9847,0.3411,0.4813
présent,1740-1750,1789-1802,6404,12793,5716,0.9847,0.3611,0.455
bizarre,1720-1730,1740-1750,185,1191,5688,0.9843,0.9255,0.9577
présens,1750-1760,1789-1802,728,1187,5678,0.9842,0.2299,0.0217
secondes,1740-1750,1789-1802,412,769,5678,0.9836,0.1637,0.6275
lig,1710-1720,1730-1740,276,264,5575,0.9834,0.231,0.8625
ali,1700-1710,1780-1789,583,1176,5682,0.9833,0.7359,0.9299
perdant,1720-1730,1750-1760,123,283,5684,0.9832,0.2513,0.4587
veaux,1740-1750,1750-1760,460,348,5666,0.9828,0.8871,0.8951
phi,1710-1720,1789-1802,380,725,5683,0.9827,0.4231,0.9192
présente,1710-1720,1740-1750,811,2067,5713,0.9816,0.1588,0.0498
pen,1700-1710,1760-1770,893,1712,5699,0.9815,0.0315,0.6122
fins,1710-1720,1730-1740,1048,1277,5708,0.9813,0.6008,0.5315
ressort,1770-1780,1789-1802,2742,2009,5707,0.9812,0.0783,0.0391
rem,1700-1710,1789-1802,923,1582,5697,0.9811,0.6848,0.9792
prochain,1750-1760,1760-1770,1295,2076,5702,0.981,0.3551,0.7501
motte,1710-1720,1740-1750,808,241,5665,0.9808,0.7144,0.9594
commune,1780-1789,1789-1802,5825,11455,5717,0.9807,0.884,0.8086
moindres,1730-1740,1780-1789,686,1566,5707,0.9805,0.256,0.3865
privation,1770-1780,1780-1789,643,850,5678,0.9803,0.0507,0.0607
nouvel,1710-1720,1750-1760,600,1694,5709,0.9801,0.1459,0.2102
étant,1700-1710,1710-1720,6601,6439,5718,0.9798,0.1111,0.4404
cal,1710-1720,1770-1780,262,873,5685,0.9797,0.0369,0.9303
entiers,1740-1750,1780-1789,703,1224,5700,0.9793,0.5036,0.2633
lier,1730-1740,1789-1802,851,2141,5706,0.979,0.0018,0.0034
fond,1730-1740,1750-1760,5107,6096,5716,0.979,0.4049,0.2053
gilles,1710-1720,1780-1789,1073,249,5634,0.9787,0.3654,0.7478
royauté,1740-1750,1750-1760,210,840,5681,0.9786,0.9442,0.9239
énorme,1770-1780,1789-1802,1293,1772,5703,0.9784,0.0341,0.0713
fie,1710-1720,1740-1750,926,1546,5705,0.9777,0.2821,0.0923
convention,1760-1770,1789-1802,1081,10757,5703,0.9773,0.8881,0.968
lat,1720-1730,1760-1770,847,10946,5673,0.9772,0.5924,0.9785
fol,1730-1740,1760-1770,6496,6265,5705,0.9769,0.9924,0.9979
levée,1710-1720,1730-1740,580,1289,5691,0.9766,0.9079,0.902
hauts,1730-1740,1750-1760,552,522,5690,0.9763,0.3431,0.4877
etc,1710-1720,1720-1730,743,844,5704,0.9762,0.0663,0.7038
moyen,1720-1730,1740-1750,3664,7116,5718,0.976,0.6367,0.6121
détail,1730-1740,1770-1780,1968,4516,5715,0.9757,0.2398,0.2311
mercure,1730-1740,1760-1770,1159,1653,5701,0.9755,0.2378,0.5075
séparation,1710-1720,1780-1789,154,608,5676,0.9753,0.4334,0.3018
basse,1750-1760,1760-1770,1816,2093,5707,0.9751,0.7451,0.7709
meilleur,1700-1710,1789-1802,1259,4514,5713,0.9747,0.6604,0.4772
vagues,1770-1780,1789-1802,1139,1113,5695,0.9746,0.1848,0.0285
désormais,1780-1789,1789-1802,672,1432,5675,0.9745,0.0516,0.088
lors,1710-1720,1740-1750,5874,4585,5715,0.9745,0.2416,0.8659
vert,1730-1740,1740-1750,457,330,5681,0.9743,0.0068,0.291
fantaisie,1710-1720,1750-1760,290,392,5678,0.9741,0.2926,0.3022
rie,1700-1710,1730-1740,759,1617,5706,0.974,0.6181,0.9385
vide,1700-1710,1789-1802,514,888,5684,0.9736,0.9163,0.9877
voile,1720-1730,1780-1789,709,3783,5715,0.9731,0.5943,0.6813
recherche,1710-1720,1740-1750,467,760,5702,0.9726,0.0572,0.0651
sieurs,1780-1789,1789-1802,1935,1774,5682,0.9725,0.7951,0.4943
vieux,1720-1730,1789-1802,1598,5011,5714,0.9724,0.1579,0.3086
rens,1700-1710,1740-1750,120,380,5675,0.9722,0.0978,0.8234
franche,1740-1750,1789-1802,277,1331,5682,0.972,0.2136,0.2412
cir,1700-1710,1750-1760,330,847,5687,0.9715,0.4433,0.9409
ménage,1710-1720,1720-1730,394,215,5689,0.9706,0.1483,0.1523
sup,1700-1710,1789-1802,303,1409,5699,0.9702,0.8804,0.9751
falut,1700-1710,1789-1802,293,1170,5603,0.9702,0.8539,0.8479
tion,1720-1730,1740-1750,3067,6468,5715,0.9699,0.2676,0.4538
hui,1700-1710,1789-1802,189,1828,5716,0.9699,0.8647,0.8737
sacrée,1720-1730,1740-1750,218,280,5696,0.9692,0.0218,0.1539
passage,1740-1750,1770-1780,1925,5267,5714,0.9688,0.495,0.3255
publique,1730-1740,1740-1750,2241,1996,5710,0.9687,0.2601,0.1441
nant,1700-1710,1770-1780,329,1070,5685,0.9686,0.5115,0.7311
privé,1720-1730,1760-1770,513,1487,5705,0.9685,0.4087,0.4036
déja,1700-1710,1740-1750,2965,7524,5700,0.9678,0.4822,0.4922
sou,1710-1720,1740-1750,269,438,5696,0.9678,0.0326,0.2963
reux,1730-1740,1780-1789,397,1680,5677,0.9675,0.291,0.7307
réussit,1740-1750,1780-1789,199,741,5698,0.9674,0.2869,0.1983
transport,1700-1710,1789-1802,616,3635,5708,0.9671,0.3191,0.6667
semblable,1730-1740,1740-1750,1881,2175,5713,0.9668,0.1177,0.162
republique,1710-1720,1789-1802,451,578,5668,0.9666,0.8207,0.9353
principalement,1710-1720,1740-1750,1167,1378,5709,0.9665,0.1529,0.4863
ordinaire,1710-1720,1730-1740,2768,3983,5717,0.9654,0.0913,0.0489
scandale,1700-1710,1750-1760,171,334,5663,0.965,0.0767,0.0491
présence,1720-1730,1750-1760,1276,2137,5714,0.9645,0.3606,0.3883
deuil,1770-1780,1789-1802,930,1011,5687,0.9644,0.0387,0.0724
tres,1740-1750,1770-1780,3781,5367,5704,0.9642,0.1883,0.3367
voy,1700-1710,1740-1750,428,3524,5689,0.964,0.9951,1.0
mad,1730-1740,1740-1750,153,601,5660,0.9638,0.3922,0.929
liens,1730-1740,1789-1802,866,2533,5707,0.9636,0.4351,0.1932
représentation,1780-1789,1789-1802,2180,2253,5700,0.9634,0.7678,0.6837
prochaine,1740-1750,1770-1780,496,1302,5697,0.9631,0.066,0.0845
conf,1700-1710,1789-1802,154,1371,5671,0.963,0.175,0.8675
commun,1730-1740,1740-1750,4080,3815,5717,0.9629,0.2187,0.484
prêts,1750-1760,1789-1802,1156,1743,5698,0.9625,0.923,0.7503
rigoureux,1770-1780,1789-1802,959,945,5686,0.9625,0.0524,0.0123
universel,1750-1760,1760-1770,711,1020,5692,0.9623,0.009,0.0084
mémoire,1710-1720,1730-1740,1056,2321,5714,0.9622,0.4008,0.362
confusion,1770-1780,1780-1789,1631,1812,5705,0.9611,0.0794,0.0004
renommée,1710-1720,1750-1760,174,448,5696,0.961,0.0748,0.1909
bref,1700-1710,1780-1789,230,737,5668,0.9605,0.899,0.9859
exposé,1740-1750,1770-1780,636,2063,5709,0.9603,0.1207,0.2542
mâle,1720-1730,1780-1789,186,1309,5685,0.9602,0.6045,0.3467
nouvelles,1700-1710,1730-1740,2170,3995,5717,0.9593,0.5031,0.643
nullité,1710-1720,1789-1802,427,908,5674,0.9586,0.9783,0.9747
gent,1730-1740,1789-1802,654,1073,5687,0.9584,0.135,0.0286
more,1740-1750,1789-1802,581,1158,5707,0.9583,0.9937,0.9755
def,1700-1710,1730-1740,1393,647,5685,0.9582,0.9294,0.9945
pré,1700-1710,1780-1789,745,8233,5708,0.9581,0.1322,0.2657
mlle,1750-1760,1770-1780,1946,1791,5651,0.9575,0.5911,0.9393
sain,1750-1760,1780-1789,412,1524,5691,0.9572,0.0321,0.1884
faculté,1720-1730,1740-1750,667,1335,5708,0.9572,0.9537,0.8867
cadix,1710-1720,1730-1740,174,131,5644,0.9569,0.3231,0.7179
fran,1740-1750,1789-1802,1353,2706,5685,0.9567,0.8009,0.8588
vain,1730-1740,1770-1780,2281,4637,5712,0.9566,0.0981,0.3769
quelqu,1720-1730,1730-1740,202,143,5716,0.9565,0.3237,0.1941
reur,1700-1710,1730-1740,139,531,5672,0.9565,0.3469,0.7015
pren,1700-1710,1740-1750,309,674,5681,0.9562,0.5706,0.609
perdre,1710-1720,1750-1760,2216,4393,5715,0.9558,0.2652,0.1492
sortifier,1780-1789,1789-1802,1063,712,5684,0.9558,0.0838,0.6137
der,1710-1720,1730-1740,843,2026,5714,0.9556,0.1249,0.1375
éloignée,1750-1760,1780-1789,726,1565,5701,0.9555,0.1969,0.3419
nou,1720-1730,1780-1789,667,3386,5698,0.9549,0.38,0.5133
aus,1710-1720,1789-1802,346,587,5674,0.9546,0.6001,0.8801
égards,1710-1720,1750-1760,340,1279,5707,0.9544,0.4599,0.2963
nient,1720-1730,1789-1802,158,797,5673,0.9543,0.3388,0.7832
tran,1710-1720,1789-1802,216,974,5673,0.954,0.5225,0.3995
don,1700-1710,1770-1780,10241,6146,5717,0.954,0.9383,0.99
diligence,1710-1720,1780-1789,783,2142,5693,0.9539,0.6892,0.6772
vôtre,1710-1720,1740-1750,5773,4440,5703,0.9537,0.9214,0.9417
taire,1770-1780,1789-1802,2803,3114,5707,0.9533,0.0008,0.0005
tois,1710-1720,1740-1750,219,655,5664,0.9532,0.7796,0.9061
fier,1700-1710,1720-1730,672,730,5705,0.953,0.008,0.039
fauve,1720-1730,1760-1770,2103,525,5680,0.9527,0.9917,0.9966
pre,1730-1740,1770-1780,2171,4764,5714,0.9525,0.0051,0.3732
coutume,1700-1710,1710-1720,1172,1766,5709,0.9517,0.5108,0.3926
conséquent,1700-1710,1789-1802,464,4791,5711,0.9515,0.8869,0.8572
enfuit,1710-1720,1789-1802,176,134,5700,0.9512,0.5436,0.9116
propres,1700-1710,1710-1720,2521,2734,5717,0.9511,0.3943,0.6585
rence,1730-1740,1770-1780,308,827,5676,0.9509,0.4708,0.8374
retraite,1740-1750,1789-1802,1700,10075,5701,0.9505,0.9755,0.9566
maturité,1700-1710,1730-1740,189,152,5682,0.9502,0.9695,0.8401
couvent,1700-1710,1720-1730,218,976,5698,0.9497,0.9804,0.8392
séance,1700-1710,1710-1720,327,532,5671,0.9489,0.7268,0.936
favorable,1730-1740,1760-1770,1754,2990,5716,0.9488,0.6275,0.1832
maître,1700-1710,1730-1740,3414,8102,5715,0.9487,0.2359,0.3581
porté,1710-1720,1720-1730,1786,1822,5716,0.9486,0.2736,0.2992
excellence,1710-1720,1770-1780,319,728,5707,0.9484,0.4531,0.6101
beau,1700-1710,1750-1760,3316,9354,5715,0.9482,0.0716,0.1234
anglais,1710-1720,1730-1740,522,405,5681,0.9479,0.9658,0.8483
olivier,1700-1710,1789-1802,69,1642,5684,0.9478,0.8011,0.8853
morte,1700-1710,1740-1750,489,857,5701,0.9477,0.0719,0.1119
arme,1720-1730,1730-1740,344,221,5693,0.9472,0.5439,0.5713
ser,1710-1720,1789-1802,317,2745,5695,0.9471,0.2897,0.5546
ferme,1720-1730,1730-1740,1909,2425,5717,0.947,0.0409,0.0173
monsieur,1720-1730,1740-1750,4909,17674,5712,0.9468,0.2072,0.4255
mesure,1700-1710,1720-1730,856,1055,5716,0.9467,0.7628,0.6818
conti,1700-1710,1789-1802,376,1022,5691,0.9463,0.8397,0.9938
dés,1700-1710,1770-1780,2126,2155,5706,0.9462,0.9129,0.9827
incertain,1730-1740,1760-1770,398,632,5703,0.9461,0.1564,0.2937
chemins,1720-1730,1740-1750,2722,1687,5698,0.9456,0.5926,0.7371
quittant,1710-1720,1730-1740,143,309,5687,0.9452,0.639,0.1083
xiv,1730-1740,1750-1760,2978,3746,5717,0.9451,0.903,0.9198
portée,1740-1750,1750-1760,1962,2550,5713,0.9449,0.7027,0.7337
créé,1750-1760,1760-1770,687,1073,5690,0.9446,0.0173,0.0808
conclusion,1710-1720,1789-1802,379,922,5694,0.9445,0.3218,0.3074
raisonner,1740-1750,1750-1760,371,572,5689,0.9445,0.5875,0.0464
dem,1700-1710,1780-1789,753,1462,5690,0.9442,0.7326,0.9657
actes,1750-1760,1770-1780,1212,2450,5707,0.9439,0.6316,0.5653
composition,1710-1720,1740-1750,518,734,5709,0.9435,0.478,0.2873
trait,1730-1740,1740-1750,1285,1171,5711,0.9429,0.0674,0.0292
faute,1700-1710,1720-1730,1828,2539,5715,0.9428,0.1299,0.1845
effets,1710-1720,1760-1770,1645,9022,5719,0.9428,0.1362,0.4
objet,1710-1720,1740-1750,1227,2616,5717,0.9425,0.1221,0.0596
partager,1760-1770,1789-1802,1730,2459,5706,0.9424,0.0194,0.0144
pro,1730-1740,1789-1802,8334,15669,5716,0.9423,0.5831,0.9516
mêler,1760-1770,1780-1789,1141,1473,5697,0.9416,0.6336,0.1987
minutes,1710-1720,1720-1730,266,429,5696,0.9414,0.7133,0.8678
assemblé,1710-1720,1770-1780,109,426,5677,0.9414,0.1045,0.3778
dangereux,1750-1760,1770-1780,2003,4317,5706,0.9411,0.1273,0.0628
con,1720-1730,1789-1802,8635,28808,5717,0.9409,0.2227,0.5827
parfait,1710-1720,1750-1760,772,2002,5707,0.9407,0.0586,0.0777
naturels,1760-1770,1780-1789,1596,2324,5702,0.9406,0.332,0.3271
retenue,1740-1750,1789-1802,388,4443,5696,0.9401,0.976,0.9582
dant,1710-1720,1740-1750,582,1422,5701,0.94,0.2774,0.6859
levant,1750-1760,1760-1770,1531,2292,5701,0.9396,0.0291,0.0969
territoire,1710-1720,1789-1802,447,4519,5687,0.9394,0.7954,0.6131
douteux,1700-1710,1720-1730,90,172,5693,0.9391,0.4528,0.5162
plier,1770-1780,1789-1802,871,612,5676,0.939,0.1026,0.0735
conseillers,1710-1720,1730-1740,1551,982,5685,0.9387,0.5184,0.5023
cle,1710-1720,1789-1802,877,2159,5692,0.9382,0.5815,0.961
revient,1700-1710,1730-1740,773,1804,5713,0.938,0.9395,0.9
débris,1710-1720,1789-1802,128,1455,5696,0.9376,0.4894,0.6304
trésor,1730-1740,1780-1789,301,2609,5690,0.9369,0.7542,0.8159
ima,1710-1720,1780-1789,122,718,5672,0.9365,0.2,0.7158
propreté,1710-1720,1780-1789,169,833,5681,0.9363,0.4824,0.1994
tendu,1750-1760,1780-1789,331,821,5688,0.9362,0.024,0.0066
prête,1780-1789,1789-1802,2875,2065,5711,0.9361,0.3741,0.077
genre,1770-1780,1789-1802,13868,13263,5717,0.9358,0.3699,0.4379
fonde,1700-1710,1740-1750,217,616,5697,0.9357,0.015,0.0107
plainte,1730-1740,1740-1750,373,485,5696,0.9353,0.0797,0.0258
devenu,1750-1760,1760-1770,1730,2202,5712,0.9352,0.0529,0.1594
vuide,1710-1720,1789-1802,435,773,5700,0.9351,0.1624,0.3141
traces,1750-1760,1770-1780,729,1582,5707,0.9348,0.2868,0.3559
por,1720-1730,1780-1789,1664,2812,5698,0.9347,0.673,0.802
voiture,1710-1720,1789-1802,519,3077,5687,0.9336,0.9654,0.9578
ban,1700-1710,1710-1720,271,443,5675,0.9334,0.1928,0.424
hôtel,1750-1760,1780-1789,587,1246,5704,0.9333,0.139,0.6046
cer,1700-1710,1760-1770,674,2251,5706,0.9331,0.222,0.2236
abandon,1710-1720,1730-1740,165,110,5688,0.933,0.2661,0.2876
surplus,1750-1760,1780-1789,1214,3202,5693,0.9329,0.3519,0.5594
militaires,1770-1780,1789-1802,2396,4206,5688,0.9326,0.4282,0.1158
futur,1700-1710,1740-1750,87,209,5676,0.9326,0.1409,0.2773
troi,1760-1770,1789-1802,441,707,5672,0.9322,0.4067,0.7508
communication,1710-1720,1789-1802,364,2172,5709,0.9321,0.543,0.3476
traire,1710-1720,1789-1802,270,984,5682,0.9319,0.2895,0.7922
fatigue,1710-1720,1730-1740,205,361,5691,0.9312,0.5144,0.1354
publiques,1720-1730,1789-1802,1080,5873,5711,0.9309,0.9195,0.6699
parlant,1750-1760,1789-1802,1659,2734,5714,0.9301,0.2914,0.4986
marque,1700-1710,1789-1802,1585,2973,5714,0.9295,0.2062,0.4089
contenance,1760-1770,1770-1780,415,413,5686,0.9294,0.0296,0.1485
maîtres,1720-1730,1730-1740,2062,4760,5717,0.9293,0.084,0.2732
salomon,1740-1750,1789-1802,343,879,5670,0.929,0.4368,0.6942
idem,1700-1710,1720-1730,1474,935,5691,0.9289,0.6559,0.9194
tit,1720-1730,1730-1740,679,2370,5695,0.9285,0.329,0.9273
santé,1710-1720,1760-1770,1182,1634,5711,0.9283,0.3296,0.6386
indes,1730-1740,1740-1750,3409,4364,5699,0.9279,0.9096,0.826
vigoureux,1740-1750,1770-1780,211,1031,5692,0.9276,0.0656,0.0158
van,1700-1710,1750-1760,828,494,5705,0.9275,0.9627,0.957
assurément,1730-1740,1760-1770,627,1108,5691,0.9269,0.036,0.5454
conscience,1710-1720,1789-1802,816,3047,5704,0.9269,0.4333,0.6724
rencontre,1730-1740,1740-1750,1225,2071,5709,0.9265,0.1945,0.3536
ale,1710-1720,1730-1740,264,306,5680,0.9259,0.0999,0.8582
considération,1710-1720,1789-1802,647,12247,5702,0.9257,0.9994,0.9973
gou,1720-1730,1789-1802,506,2543,5683,0.9248,0.202,0.4762
chaire,1720-1730,1750-1760,235,398,5676,0.9246,0.5168,0.4603
naturellement,1700-1710,1789-1802,880,3209,5713,0.9245,0.2758,0.3216
teurs,1750-1760,1770-1780,965,1686,5687,0.9245,0.1379,0.7926
pag,1710-1720,1730-1740,2083,6359,5706,0.9244,0.4713,0.6786
lord,1720-1730,1789-1802,394,3864,5686,0.9241,0.9158,0.8787
combien,1700-1710,1720-1730,3404,3737,5719,0.9239,0.1394,0.4031
lis,1720-1730,1740-1750,1574,2564,5711,0.9238,0.1974,0.9029
rapports,1710-1720,1730-1740,487,611,5706,0.9236,0.247,0.2238
div,1730-1740,1750-1760,67,364,5645,0.9234,0.4181,0.8579
poir,1700-1710,1740-1750,627,411,5663,0.9233,0.8443,0.9495
cannes,1700-1710,1720-1730,262,692,5667,0.923,0.8969,0.9865
ecclésiastique,1730-1740,1750-1760,161,523,5649,0.9228,0.6514,0.5363
opéra,1720-1730,1780-1789,124,1693,5694,0.9224,0.5072,0.7376
rance,1710-1720,1789-1802,202,1022,5683,0.9223,0.4129,0.7887
voyez,1740-1750,1750-1760,5017,10116,5717,0.9222,0.0314,0.1926
borne,1710-1720,1750-1760,609,747,5706,0.9218,0.9893,0.9927
naturelle,1720-1730,1730-1740,1467,2188,5718,0.9211,0.1826,0.2081
étrangers,1710-1720,1780-1789,887,7613,5713,0.921,0.4295,0.4737
maurice,1730-1740,1789-1802,678,859,5653,0.9203,0.5344,0.7967
chaînes,1740-1750,1760-1770,549,808,5686,0.92,0.0881,0.0918
lest,1750-1760,1760-1770,182,793,5702,0.9198,0.9091,0.8657
mons,1730-1740,1780-1789,457,535,5677,0.9188,0.2829,0.5366
sac,1710-1720,1760-1770,245,767,5680,0.9188,0.5521,0.8244
commis,1780-1789,1789-1802,5860,6562,5711,0.9184,0.0331,0.0548
personnages,1720-1730,1730-1740,356,572,5709,0.9178,0.1328,0.4516
cha,1710-1720,1780-1789,1083,3474,5700,0.9173,0.0425,0.4922
per,1700-1710,1780-1789,7765,11446,5717,0.9171,0.9221,0.9924
conclut,1740-1750,1780-1789,624,928,5685,0.9167,0.089,0.1517
pont,1710-1720,1720-1730,1819,3317,5708,0.9164,0.5121,0.3276
foible,1700-1710,1789-1802,741,4010,5708,0.9159,0.4398,0.1692
traitement,1710-1720,1789-1802,186,2835,5691,0.9157,0.7344,0.8597
paris,1710-1720,1720-1730,22010,29522,5723,0.9155,0.8864,0.8637
monté,1730-1740,1760-1770,535,926,5697,0.9153,0.4141,0.4328
cul,1700-1710,1770-1780,273,1273,5686,0.9146,0.1447,0.8789
degré,1710-1720,1770-1780,733,6510,5712,0.9143,0.8949,0.838
décret,1710-1720,1740-1750,111,491,5688,0.9139,0.3884,0.1967
time,1700-1710,1780-1789,428,702,5658,0.9138,0.9931,0.9863
compris,1720-1730,1770-1780,1452,3067,5714,0.9136,0.1634,0.4201
train,1700-1710,1750-1760,314,666,5701,0.9133,0.2701,0.3291
appartient,1720-1730,1740-1750,1066,1629,5715,0.913,0.2653,0.6371
sacrifice,1720-1730,1789-1802,642,2920,5709,0.9128,0.7528,0.764
rentre,1700-1710,1710-1720,88,181,5690,0.9126,0.0466,0.3157
silence,1710-1720,1720-1730,1111,882,5712,0.9124,0.0344,0.1103
paf,1700-1710,1730-1740,414,702,5692,0.9123,0.3866,0.8999
lille,1700-1710,1780-1789,227,833,5672,0.9121,0.5742,0.8413
lice,1710-1720,1750-1760,282,315,5687,0.9118,0.1663,0.7405
changer,1710-1720,1740-1750,1258,2266,5717,0.9114,0.3339,0.1105
soupçon,1730-1740,1789-1802,635,992,5705,0.9112,0.1407,0.198
pau,1700-1710,1780-1789,214,1150,5691,0.9108,0.4601,0.3278
saisit,1760-1770,1780-1789,1119,1818,5704,0.9105,0.0205,0.0071
vient,1700-1710,1720-1730,8948,5420,5717,0.9103,0.8344,0.9514
tête,1710-1720,1730-1740,4161,7669,5716,0.9102,0.6728,0.6181
saint,1730-1740,1770-1780,6266,18767,5717,0.91,0.471,0.6028
notables,1700-1710,1789-1802,57,1553,5652,0.9097,0.8832,0.9678
établit,1720-1730,1730-1740,561,783,5710,0.9093,0.0902,0.1112
trahison,1740-1750,1750-1760,423,268,5681,0.9092,0.1803,0.1921
fruit,1730-1740,1740-1750,1894,3106,5715,0.9091,0.6416,0.7078
tabac,1780-1789,1789-1802,3030,3493,5672,0.909,0.0585,0.2791
prises,1770-1780,1780-1789,1583,4337,5701,0.9086,0.865,0.926
tra,1710-1720,1750-1760,964,2216,5700,0.9079,0.3761,0.9383
sang,1700-1710,1730-1740,3385,6137,5716,0.9078,0.0993,0.3234
veiller,1710-1720,1789-1802,530,1897,5697,0.9075,0.5676,0.7111
tut,1710-1720,1730-1740,200,567,5681,0.9074,0.3314,0.6073
murmure,1770-1780,1789-1802,686,687,5686,0.9073,0.0097,0.0078
récompense,1730-1740,1760-1770,808,1489,5707,0.9069,0.1648,0.0196
unis,1750-1760,1789-1802,720,5161,5705,0.9069,0.9675,0.9175
pout,1720-1730,1750-1760,324,446,5682,0.9065,0.4306,0.8223
enfer,1710-1720,1730-1740,78,124,5684,0.9057,0.0412,0.1403
pos,1740-1750,1789-1802,641,1339,5689,0.9054,0.3442,0.7387
chan,1710-1720,1789-1802,297,1178,5691,0.9047,0.2697,0.418
men,1710-1720,1770-1780,676,1535,5707,0.9042,0.2318,0.8993
compagnie,1710-1720,1730-1740,3008,6524,5713,0.9041,0.4498,0.7316
citoyen,1750-1760,1789-1802,1879,13003,5708,0.9037,0.5775,0.5349
distribuer,1700-1710,1710-1720,157,262,5675,0.9035,0.2256,0.4048
valeur,1700-1710,1730-1740,3452,5374,5716,0.9034,0.5828,0.6848
million,1720-1730,1730-1740,298,299,5696,0.9033,0.2951,0.5824
recevant,1700-1710,1720-1730,155,153,5686,0.9031,0.0354,0.175
écrit,1710-1720,1750-1760,2397,4889,5716,0.903,0.1137,0.1951
île,1700-1710,1760-1770,395,495,5697,0.903,0.9896,0.992
grandeurs,1760-1770,1780-1789,714,702,5679,0.9027,0.6795,0.3102
oie,1700-1710,1750-1760,320,255,5679,0.9025,0.9181,0.9783
assurer,1710-1720,1770-1780,636,3275,5712,0.9023,0.2127,0.1713
pur,1700-1710,1720-1730,6362,967,5712,0.9019,0.9956,0.9988
commander,1750-1760,1760-1770,784,887,5705,0.9016,0.0066,0.0135
corn,1700-1710,1780-1789,399,940,5696,0.9015,0.0483,0.592
seuls,1700-1710,1740-1750,504,1675,5713,0.9014,0.0518,0.3435
remplir,1740-1750,1760-1770,1528,3977,5715,0.9014,0.0951,0.1813
cesser,1750-1760,1789-1802,588,1879,5685,0.9012,0.4223,0.1569
lais,1730-1740,1789-1802,264,1118,5681,0.9011,0.0998,0.2517
ger,1710-1720,1789-1802,524,2025,5692,0.9009,0.0059,0.1716
principale,1730-1740,1760-1770,934,2004,5713,0.9009,0.4857,0.3755
prompte,1760-1770,1770-1780,961,1208,5693,0.9006,0.5168,0.0509
avenir,1700-1710,1789-1802,138,700,5708,0.9005,0.69,0.8513
usages,1710-1720,1740-1750,667,1972,5703,0.9003,0.5168,0.4283
vrai,1730-1740,1760-1770,7780,14140,5717,0.8998,0.2861,0.3556
louis,1730-1740,1750-1760,5815,9365,5716,0.8994,0.8254,0.1718
bouche,1720-1730,1750-1760,1667,2722,5715,0.8991,0.4372,0.2898
particulier,1740-1750,1789-1802,4803,8754,5717,0.8991,0.1136,0.1578
lion,1700-1710,1789-1802,1494,2535,5710,0.899,0.2446,0.6213
nouveau,1720-1730,1750-1760,3675,6990,5718,0.8989,0.0556,0.0895
dom,1710-1720,1780-1789,551,2003,5687,0.8987,0.322,0.7065
ardente,1720-1730,1780-1789,133,691,5681,0.8984,0.7907,0.6718
avertissement,1710-1720,1789-1802,136,576,5684,0.8979,0.0103,0.254
velles,1730-1740,1780-1789,324,963,5664,0.8971,0.7288,0.8879
démon,1720-1730,1780-1789,162,704,5685,0.897,0.2273,0.2127
ner,1700-1710,1780-1789,715,2565,5696,0.8968,0.3658,0.3999
héritier,1700-1710,1789-1802,211,683,5693,0.8964,0.5168,0.4506
métier,1710-1720,1770-1780,1079,2667,5700,0.8962,0.4854,0.3995
tif,1710-1720,1789-1802,77,602,5665,0.8954,0.9542,0.9799
assurance,1710-1720,1760-1770,133,379,5692,0.8952,0.0625,0.0233
tom,1720-1730,1730-1740,1371,3566,5705,0.8949,0.3078,0.8486
lar,1760-1770,1770-1780,5701,610,5674,0.8948,0.0172,0.0331
trai,1740-1750,1789-1802,651,696,5667,0.8944,0.3734,0.4299
esclaves,1740-1750,1789-1802,2493,5102,5703,0.8935,0.3097,0.1213
talent,1710-1720,1730-1740,420,873,5706,0.893,0.3102,0.1581
président,1700-1710,1710-1720,984,924,5687,0.8929,0.8461,0.8024
augmenté,1710-1720,1780-1789,378,1403,5699,0.8924,0.4536,0.4178
éternel,1710-1720,1740-1750,259,508,5702,0.8919,0.1471,0.1042
concert,1750-1760,1770-1780,885,1652,5708,0.8917,0.1179,0.0575
particuliere,1780-1789,1789-1802,2287,903,5678,0.8916,0.266,0.0315
len,1710-1720,1789-1802,114,712,5668,0.8914,0.212,0.8198
pillage,1700-1710,1780-1789,94,794,5673,0.8914,0.268,0.1181
suite,1730-1740,1740-1750,2051,1723,5718,0.8913,0.1851,0.2432
vre,1700-1710,1770-1780,376,1075,5691,0.8912,0.2692,0.8474
partant,1700-1710,1750-1760,263,487,5695,0.891,0.1615,0.4799
che,1770-1780,1789-1802,3817,4251,5709,0.8907,0.5434,0.947
immenses,1740-1750,1770-1780,295,1298,5670,0.8904,0.4582,0.4443
inconnue,1710-1720,1750-1760,136,536,5695,0.8903,0.0284,0.0877
facilité,1720-1730,1780-1789,870,3904,5707,0.8902,0.5491,0.2908
ancien,1750-1760,1789-1802,2039,6170,5716,0.8899,0.5068,0.7351
niais,1700-1710,1750-1760,315,537,5694,0.8893,0.0438,0.416
journées,1770-1780,1789-1802,827,1320,5683,0.8892,0.5288,0.4111
disant,1700-1710,1710-1720,1245,1169,5711,0.889,0.2523,0.6064
songe,1730-1740,1740-1750,949,757,5702,0.8888,0.0252,0.0037
sir,1730-1740,1750-1760,1288,4259,5710,0.8887,0.8114,0.8061
disposé,1770-1780,1780-1789,984,998,5701,0.8886,0.1623,0.063
sui,1700-1710,1780-1789,235,583,5678,0.8885,0.1658,0.8399
opposée,1710-1720,1789-1802,133,622,5698,0.8879,0.552,0.4235
marbre,1720-1730,1730-1740,883,1399,5705,0.8879,0.7871,0.7682
ambassadeurs,1740-1750,1780-1789,1203,513,5674,0.8874,0.9051,0.4342
avantages,1720-1730,1730-1740,1548,1941,5716,0.8871,0.2107,0.222
précieux,1770-1780,1789-1802,3680,4815,5714,0.8869,0.6047,0.092
monument,1740-1750,1780-1789,352,1779,5702,0.8868,0.1052,0.0783
domaine,1730-1740,1789-1802,930,2595,5696,0.8867,0.2371,0.444
traité,1700-1710,1710-1720,2223,3655,5718,0.8862,0.2867,0.4849
fiance,1710-1720,1789-1802,183,1084,5684,0.8858,0.7354,0.7661
capacité,1750-1760,1780-1789,860,1364,5694,0.8855,0.0859,0.1501
sion,1710-1720,1780-1789,528,2437,5705,0.8849,0.508,0.8175
hardiesse,1710-1720,1740-1750,304,566,5694,0.8848,0.9005,0.3011
telle,1710-1720,1740-1750,3333,5835,5718,0.8847,0.3472,0.4187
apparence,1740-1750,1750-1760,1393,1610,5714,0.8845,0.2329,0.4461
lue,1700-1710,1770-1780,364,1043,5700,0.8844,0.5174,0.8871
retenu,1730-1740,1789-1802,560,957,5699,0.8841,0.1335,0.1145
gen,1700-1710,1740-1750,330,424,5684,0.8836,0.546,0.9714
consiste,1740-1750,1770-1780,785,1608,5699,0.8835,0.6908,0.3348
légère,1710-1720,1720-1730,204,110,5698,0.8833,0.715,0.7528
julie,1710-1720,1750-1760,97,1522,5666,0.8831,0.6498,0.9223
confiant,1710-1720,1730-1740,176,281,5695,0.8829,0.3815,0.8408
tions,1760-1770,1789-1802,3993,6350,5703,0.8829,0.3141,0.8075
una,1710-1720,1789-1802,306,1515,5684,0.8823,0.7958,0.9666
comparer,1710-1720,1789-1802,275,1491,5712,0.8817,0.425,0.4095
livré,1770-1780,1789-1802,1294,1707,5699,0.8815,0.0606,0.1064
vaut,1720-1730,1780-1789,2271,4564,5713,0.8807,0.6497,0.8983
leçon,1770-1780,1789-1802,2033,1450,5702,0.8794,0.0757,0.0165
marine,1730-1740,1740-1750,588,1048,5696,0.8794,0.3105,0.1407
sources,1770-1780,1789-1802,2468,2325,5706,0.879,0.1483,0.0888
échapper,1760-1770,1789-1802,881,1839,5707,0.8789,0.241,0.2835
nobles,1710-1720,1730-1740,626,1231,5709,0.8788,0.269,0.1661
oeuvres,1720-1730,1750-1760,692,1291,5698,0.8787,0.5574,0.5393
gagne,1700-1710,1720-1730,346,419,5692,0.8786,0.1204,0.3662
ven,1720-1730,1770-1780,569,973,5683,0.8783,0.0165,0.2522
formes,1710-1720,1720-1730,572,687,5711,0.8783,0.028,0.3106
val,1740-1750,1750-1760,474,4430,5685,0.8782,0.9054,0.997
affranchis,1700-1710,1789-1802,453,637,5654,0.8776,0.9118,0.9653
rétabli,1750-1760,1770-1780,417,730,5695,0.8774,0.0274,0.0087
poursuite,1740-1750,1750-1760,302,337,5688,0.8772,0.1717,0.4317
qne,1730-1740,1789-1802,154,1188,5683,0.8769,0.7878,0.8885
paisible,1700-1710,1740-1750,128,325,5690,0.8769,0.0654,0.0174
critique,1750-1760,1789-1802,2062,2107,5712,0.8766,0.1832,0.0969
lib,1700-1710,1750-1760,2321,2094,5702,0.8765,0.3585,0.8938
troubler,1710-1720,1720-1730,791,366,5698,0.8764,0.8133,0.7115
italien,1750-1760,1789-1802,981,1067,5692,0.8761,0.2681,0.5532
saisons,1710-1720,1789-1802,1235,1042,5696,0.8759,0.9902,0.9918
hommage,1700-1710,1720-1730,288,347,5700,0.8755,0.4948,0.7841
made,1710-1720,1760-1770,201,497,5632,0.8751,0.5708,0.8652
navigation,1730-1740,1740-1750,696,1795,5692,0.8741,0.5722,0.3237
réception,1720-1730,1760-1770,160,854,5682,0.8737,0.5275,0.5873
pousser,1710-1720,1740-1750,477,746,5696,0.8735,0.4062,0.2156
plume,1730-1740,1789-1802,489,1909,5702,0.8734,0.2043,0.1448
monts,1750-1760,1760-1770,520,438,5680,0.8734,0.5031,0.4431
pan,1740-1750,1789-1802,588,906,5698,0.8731,0.2467,0.9054
mouvoir,1710-1720,1730-1740,158,233,5680,0.8729,0.5762,0.3506
salle,1760-1770,1770-1780,1014,1349,5697,0.8727,0.0642,0.0756
noblesse,1750-1760,1789-1802,3528,7377,5710,0.8726,0.6347,0.3903
nois,1710-1720,1730-1740,188,270,5667,0.8724,0.4266,0.9048
los,1730-1740,1760-1770,259,1323,5675,0.8723,0.9616,0.7702
gard,1710-1720,1740-1750,242,310,5672,0.8719,0.4576,0.7547
rel,1720-1730,1789-1802,221,1449,5672,0.8717,0.2354,0.6754
préparé,1720-1730,1760-1770,300,945,5697,0.8717,0.0985,0.188
marcher,1740-1750,1750-1760,1441,1226,5706,0.8713,0.3019,0.0763
laboureur,1750-1760,1780-1789,675,1538,5678,0.8713,0.8552,0.54
fac,1700-1710,1760-1770,444,1051,5668,0.8711,0.9808,0.9845
tite,1710-1720,1770-1780,322,1236,5687,0.871,0.158,0.9292
allié,1770-1780,1789-1802,605,989,5671,0.8709,0.341,0.6129
paradis,1730-1740,1750-1760,321,479,5681,0.8699,0.1987,0.2526
mou,1710-1720,1750-1760,368,844,5697,0.8696,0.0403,0.5701
humeur,1760-1770,1789-1802,1357,1415,5704,0.8695,0.1569,0.1837
remis,1730-1740,1789-1802,1352,3390,5704,0.8687,0.4201,0.5021
néant,1710-1720,1789-1802,404,963,5685,0.8683,0.8418,0.9767
normandie,1720-1730,1730-1740,1213,1532,5683,0.8681,0.9789,0.9344
coûté,1700-1710,1789-1802,219,1148,5688,0.8671,0.8132,0.7622
sacré,1780-1789,1789-1802,2564,2736,5702,0.8665,0.0709,0.0356
gne,1730-1740,1789-1802,1668,891,5688,0.8662,0.5443,0.8216
précaution,1730-1740,1789-1802,960,1684,5698,0.866,0.4953,0.1992
têtes,1750-1760,1780-1789,1417,2641,5704,0.866,0.2248,0.5114
fonction,1750-1760,1760-1770,327,671,5692,0.8657,0.22,0.0528
ref,1710-1720,1789-1802,154,829,5684,0.865,0.4723,0.834
ture,1710-1720,1789-1802,421,1707,5700,0.8648,0.358,0.9187
prétention,1760-1770,1780-1789,494,982,5685,0.8646,0.1192,0.0904
commencer,1720-1730,1750-1760,1080,1617,5714,0.8643,0.1503,0.3991
sein,1730-1740,1740-1750,1456,2026,5714,0.8642,0.3533,0.4118
partis,1720-1730,1740-1750,868,1353,5701,0.8641,0.0581,0.0336
exige,1700-1710,1789-1802,120,3002,5711,0.8639,0.3269,0.5466
solides,1770-1780,1789-1802,1181,969,5683,0.8632,0.1954,0.0439
principaux,1710-1720,1760-1770,1321,2747,5714,0.8631,0.3823,0.489
mode,1730-1740,1789-1802,642,4276,5712,0.863,0.9588,0.9698
profusion,1710-1720,1789-1802,323,767,5669,0.8625,0.9865,0.9831
jet,1710-1720,1740-1750,399,672,5699,0.8623,0.2745,0.744
pire,1700-1710,1730-1740,359,409,5696,0.8621,0.3034,0.7748
respect,1780-1789,1789-1802,2718,4157,5713,0.8618,0.3215,0.0729
tans,1700-1710,1789-1802,192,1053,5684,0.8618,0.2724,0.9013
camille,1700-1710,1730-1740,109,410,5664,0.8613,0.3876,0.7762
paroit,1700-1710,1720-1730,916,1223,5703,0.8612,0.7183,0.5237
remonter,1710-1720,1760-1770,208,901,5701,0.8608,0.4716,0.1679
nais,1720-1730,1770-1780,246,776,5674,0.8607,0.1772,0.2442
certes,1710-1720,1789-1802,326,1739,5684,0.86,0.4656,0.8109
cercle,1760-1770,1789-1802,2955,2611,5708,0.8598,0.3828,0.3138
certitude,1700-1710,1789-1802,262,2123,5696,0.8597,0.8037,0.8157
asseoir,1760-1770,1789-1802,193,391,5662,0.8595,0.7002,0.1039
rité,1700-1710,1789-1802,126,1190,5664,0.8592,0.8152,0.9136
viii,1740-1750,1750-1760,4053,3007,5716,0.8591,0.8101,0.9847
offre,1710-1720,1789-1802,389,3814,5707,0.859,0.3923,0.7645
médiocre,1720-1730,1730-1740,376,562,5706,0.8587,0.0301,0.0697
protecteur,1730-1740,1770-1780,402,681,5687,0.8586,0.0216,0.0192
ions,1720-1730,1770-1780,747,2134,5701,0.8585,0.3838,0.8712
ure,1710-1720,1730-1740,229,270,5698,0.8582,0.2352,0.9127
irlande,1720-1730,1730-1740,72,88,5633,0.8581,0.8127,0.8705
mar,1720-1730,1780-1789,2144,4427,5706,0.8579,0.0337,0.437
del,1700-1710,1710-1720,3059,596,5709,0.8576,0.9669,0.9931
sub,1700-1710,1780-1789,619,1840,5709,0.8574,0.8494,0.8819
prononcé,1700-1710,1710-1720,196,270,5698,0.8572,0.2314,0.7129
enl,1730-1740,1740-1750,129,264,5635,0.8568,0.0516,0.0365
matieres,1770-1780,1789-1802,4664,916,5698,0.8566,0.9792,0.6784
ant,1730-1740,1760-1770,1063,3602,5703,0.8565,0.5446,0.9781
file,1710-1720,1780-1789,361,1360,5688,0.8565,0.571,0.685
soutenu,1770-1780,1789-1802,1037,1229,5694,0.8563,0.0227,0.0251
civils,1740-1750,1780-1789,307,657,5680,0.8562,0.3152,0.4883
apprend,1760-1770,1770-1780,1958,3001,5710,0.8561,0.1342,0.1727
rompu,1760-1770,1780-1789,686,974,5689,0.8559,0.3252,0.1836
vicomte,1700-1710,1780-1789,243,2153,5668,0.8558,0.6208,0.9367
connu,1740-1750,1750-1760,2264,3458,5715,0.8557,0.0156,0.0235
sonnes,1720-1730,1780-1789,142,677,5658,0.8554,0.4321,0.8618
échange,1700-1710,1720-1730,155,287,5691,0.8551,0.4305,0.7321
examiné,1730-1740,1750-1760,378,512,5696,0.8546,0.0619,0.1622
sin,1760-1770,1770-1780,368,356,5682,0.8544,0.3973,0.9623
relation,1750-1760,1760-1770,848,852,5702,0.8542,0.014,0.0101
bis,1700-1710,1760-1770,346,659,5696,0.8539,0.7029,0.9475
marchandise,1730-1740,1770-1780,2684,958,5660,0.8533,0.9781,0.9778
barre,1720-1730,1789-1802,571,1657,5678,0.8531,0.9072,0.9614
mas,1730-1740,1760-1770,246,579,5671,0.8529,0.6144,0.662
changement,1730-1740,1780-1789,1813,3894,5712,0.8528,0.2827,0.1131
lin,1700-1710,1780-1789,706,4942,5701,0.852,0.4283,0.876
dre,1730-1740,1780-1789,2612,5319,5708,0.8517,0.3907,0.5374
apparences,1730-1740,1760-1770,539,824,5692,0.8516,0.6436,0.3081
lant,1720-1730,1750-1760,186,366,5674,0.8516,0.1005,0.0112
publics,1710-1720,1770-1780,1192,5076,5716,0.8515,0.5076,0.5085
manie,1720-1730,1780-1789,162,1098,5690,0.8513,0.9419,0.92
bar,1740-1750,1770-1780,999,1325,5690,0.8512,0.0021,0.4594
motifs,1720-1730,1789-1802,624,6182,5710,0.8507,0.3401,0.5174
cation,1710-1720,1780-1789,183,842,5673,0.8505,0.2764,0.8387
paroisse,1710-1720,1740-1750,763,761,5700,0.8504,0.2917,0.2439
obliger,1760-1770,1789-1802,930,709,5698,0.8502,0.2288,0.2357
dupe,1710-1720,1789-1802,225,851,5675,0.8499,0.8186,0.3458
general,1710-1720,1789-1802,4202,949,5712,0.8494,0.982,0.9913
doutes,1740-1750,1789-1802,404,1096,5698,0.849,0.4874,0.2794
contrat,1730-1740,1789-1802,1003,2718,5682,0.8487,0.5348,0.7552
chant,1700-1710,1750-1760,381,1513,5704,0.8485,0.461,0.5247
habitude,1750-1760,1770-1780,641,1145,5709,0.8483,0.3641,0.1197
teneur,1710-1720,1730-1740,1423,1042,5672,0.8482,0.9066,0.8248
graces,1780-1789,1789-1802,4328,2720,5697,0.8477,0.1184,0.0309
pente,1760-1770,1770-1780,1531,2200,5682,0.8474,0.0311,0.0073
collation,1750-1760,1789-1802,123,248,5615,0.8474,0.7479,0.8335
guère,1720-1730,1730-1740,247,516,5689,0.8473,0.7504,0.4767
carnage,1700-1710,1730-1740,104,597,5678,0.8471,0.6641,0.087
emprunter,1730-1740,1770-1780,112,442,5695,0.8464,0.0229,0.0212
procès,1710-1720,1720-1730,2564,1758,5702,0.8456,0.2469,0.3287
méme,1700-1710,1710-1720,185,222,5668,0.8455,0.8157,0.6499
métiers,1710-1720,1720-1730,503,289,5672,0.8453,0.3878,0.598
forcée,1700-1710,1710-1720,75,129,5688,0.8452,0.2453,0.1334
foins,1700-1710,1710-1720,873,1629,5699,0.8448,0.3547,0.9006
oreille,1770-1780,1780-1789,631,841,5709,0.8446,0.2382,0.0854
erc,1700-1710,1789-1802,280,2461,5522,0.8444,0.9,0.9904
arbitraire,1710-1720,1789-1802,712,1945,5692,0.8439,0.9918,0.9941
publiée,1710-1720,1780-1789,375,692,5670,0.8436,0.8642,0.8586
armé,1760-1770,1780-1789,756,1498,5693,0.8431,0.047,0.0219
chasse,1750-1760,1760-1770,519,1099,5698,0.8429,0.016,0.0194
texte,1740-1750,1760-1770,1200,1717,5706,0.8427,0.2994,0.5012
étroit,1700-1710,1789-1802,151,717,5694,0.8425,0.1675,0.4726
mie,1720-1730,1770-1780,304,1172,5695,0.842,0.1409,0.0283
commande,1720-1730,1730-1740,531,767,5698,0.8418,0.0251,0.3152
tumulte,1740-1750,1789-1802,376,791,5694,0.8415,0.9699,0.0726
pie,1730-1740,1760-1770,1213,1303,5702,0.8409,0.2761,0.7604
colbert,1740-1750,1770-1780,400,1350,5655,0.8405,0.4511,0.7069
papiers,1760-1770,1789-1802,1839,3713,5689,0.8398,0.0863,0.2928
tage,1770-1780,1780-1789,820,1101,5681,0.8396,0.0152,0.6928
antiquité,1760-1770,1780-1789,533,772,5711,0.8394,0.741,0.2062
promptement,1730-1740,1750-1760,1150,1358,5704,0.8393,0.8479,0.2117
chi,1730-1740,1740-1750,258,754,5672,0.8392,0.0335,0.8355
estimé,1740-1750,1789-1802,401,1316,5696,0.8389,0.758,0.9626
intérêts,1740-1750,1770-1780,3341,7982,5707,0.8386,0.4766,0.3392
infini,1750-1760,1789-1802,874,861,5710,0.8383,0.2909,0.1841
eat,1700-1710,1760-1770,212,618,5631,0.8379,0.8676,0.9843
far,1700-1710,1710-1720,660,539,5711,0.8378,0.15,0.616
couler,1710-1720,1789-1802,368,1450,5702,0.8373,0.6803,0.5534
lité,1730-1740,1780-1789,428,1319,5679,0.8372,0.4943,0.7809
rôle,1700-1710,1720-1730,162,281,5705,0.8368,0.2632,0.3639
neur,1780-1789,1789-1802,1586,892,5678,0.8361,0.0631,0.7796
motif,1750-1760,1770-1780,2045,3428,5708,0.836,0.1282,0.1761
mat,1710-1720,1780-1789,174,1308,5688,0.8358,0.0484,0.3485
tranquillement,1750-1760,1780-1789,444,996,5692,0.8357,0.0963,0.1343
intérieure,1700-1710,1770-1780,204,1568,5691,0.8353,0.7876,0.8463
pres,1710-1720,1730-1740,663,327,5681,0.8351,0.9242,0.9498
fur,1730-1740,1740-1750,6044,1983,5704,0.8348,0.6164,0.9139
demandant,1710-1720,1720-1730,190,160,5684,0.8347,0.2874,0.1903
démarche,1710-1720,1780-1789,213,1663,5692,0.8346,0.3719,0.2286
sceau,1710-1720,1789-1802,682,1725,5692,0.8344,0.8384,0.8979
exercer,1720-1730,1750-1760,551,862,5702,0.8343,0.3918,0.3292
générale,1720-1730,1730-1740,853,1742,5720,0.8343,0.1372,0.1965
perception,1700-1710,1789-1802,75,2769,5671,0.834,0.949,0.9459
charge,1720-1730,1770-1780,3969,7967,5717,0.834,0.2705,0.5117
fire,1710-1720,1720-1730,83,338,5412,0.8337,0.7948,0.9707
george,1760-1770,1789-1802,2033,1471,5687,0.8336,0.1544,0.4957
fatigues,1730-1740,1760-1770,423,423,5682,0.8331,0.8202,0.1853
ral,1730-1740,1789-1802,332,1271,5660,0.833,0.0191,0.7634
saus,1710-1720,1760-1770,532,711,5465,0.8326,0.2998,0.8428
desir,1750-1760,1789-1802,1448,2594,5697,0.8316,0.9307,0.3404
ran,1710-1720,1730-1740,134,269,5673,0.8315,0.1198,0.6893
attentif,1710-1720,1750-1760,266,491,5694,0.8315,0.6891,0.1935
tacite,1700-1710,1740-1750,198,1058,5693,0.8314,0.8695,0.9648
décharge,1720-1730,1740-1750,401,761,5687,0.8312,0.0669,0.4735
extrait,1710-1720,1780-1789,490,3554,5704,0.8309,0.4634,0.8488
régent,1710-1720,1730-1740,1991,384,5662,0.8305,0.999,0.9532
tait,1740-1750,1789-1802,478,1596,5689,0.8301,0.5381,0.5477
scrupule,1700-1710,1780-1789,239,832,5694,0.8301,0.3273,0.3801
occupé,1730-1740,1750-1760,1134,1285,5708,0.83,0.0954,0.1081
princip,1760-1770,1789-1802,741,1242,5474,0.8299,0.8482,0.9171
vic,1710-1720,1740-1750,214,452,5663,0.8294,0.1842,0.3426
admirer,1780-1789,1789-1802,908,700,5707,0.8293,0.0228,0.0068
misere,1700-1710,1710-1720,168,325,5683,0.8292,0.5807,0.1866
pareille,1720-1730,1770-1780,1198,4120,5713,0.8289,0.5313,0.633
saisir,1750-1760,1770-1780,1115,2669,5709,0.8288,0.0654,0.0487
verbaux,1780-1789,1789-1802,657,785,5580,0.8287,0.7961,0.8351
eur,1710-1720,1740-1750,947,1520,5694,0.8286,0.3928,0.8824
pied,1700-1710,1730-1740,2909,5047,5716,0.8279,0.5924,0.7791
exprimé,1700-1710,1789-1802,209,893,5696,0.8278,0.5748,0.6366
remarquer,1700-1710,1789-1802,1302,2659,5712,0.8275,0.4931,0.5872
imagine,1700-1710,1710-1720,95,73,5707,0.8273,0.3979,0.5233
parceque,1700-1710,1780-1789,179,874,5636,0.8266,0.7413,0.4427
différer,1720-1730,1780-1789,94,694,5674,0.8264,0.6434,0.1242
sei,1700-1710,1789-1802,552,1244,5680,0.8263,0.2856,0.9068
partage,1710-1720,1760-1770,941,2976,5710,0.826,0.0705,0.1903
conte,1700-1710,1780-1789,607,1843,5698,0.8259,0.176,0.386
attribué,1710-1720,1720-1730,542,295,5697,0.8258,0.3768,0.7044
vaux,1700-1710,1780-1789,186,1028,5679,0.8255,0.5768,0.7647
incertitude,1770-1780,1780-1789,468,533,5690,0.8253,0.3557,0.0046
répond,1700-1710,1710-1720,411,643,5709,0.8247,0.0407,0.0614
respirer,1750-1760,1760-1770,284,465,5686,0.8244,0.1461,0.0297
jurer,1710-1720,1730-1740,196,209,5673,0.8242,0.5721,0.1099
nion,1760-1770,1780-1789,346,696,5655,0.8239,0.2471,0.5729
robe,1710-1720,1789-1802,851,1511,5701,0.8238,0.3691,0.172
comte,1720-1730,1740-1750,6379,12327,5710,0.8238,0.9479,0.87
pourvoir,1710-1720,1780-1789,1425,3031,5694,0.8237,0.7833,0.3984
arrête,1750-1760,1770-1780,579,1584,5713,0.8236,0.0591,0.0137
corriger,1710-1720,1740-1750,476,688,5710,0.8233,0.0583,0.1211
condé,1700-1710,1780-1789,122,2347,5667,0.8231,0.5931,0.8186
universelle,1730-1740,1740-1750,523,627,5695,0.8231,0.0594,0.3632
dame,1710-1720,1720-1730,2400,2125,5706,0.823,0.4548,0.4107
humaine,1770-1780,1780-1789,3869,3734,5709,0.8225,0.3709,0.1147
renversé,1700-1710,1760-1770,116,543,5686,0.8222,0.0754,0.2453
ime,1730-1740,1760-1770,198,467,5681,0.8218,0.0989,0.7181
bou,1710-1720,1780-1789,354,1092,5679,0.8217,0.1354,0.5615
flamme,1770-1780,1780-1789,1821,2086,5700,0.8217,0.0579,0.0293
portion,1760-1770,1770-1780,4573,4863,5703,0.8215,0.2714,0.2629
dent,1730-1740,1780-1789,719,2362,5702,0.8213,0.187,0.1167
renonce,1740-1750,1780-1789,293,742,5691,0.8212,0.2087,0.0384
gue,1700-1710,1760-1770,318,768,5682,0.8207,0.162,0.7432
ver,1720-1730,1740-1750,1592,2445,5712,0.8202,0.0038,0.1633
services,1710-1720,1789-1802,724,16113,5709,0.8201,0.9942,0.9808
tentation,1700-1710,1760-1770,175,765,5675,0.819,0.9179,0.9018
ere,1720-1730,1780-1789,774,1904,5703,0.8188,0.6355,0.8383
continue,1770-1780,1789-1802,3148,2155,5712,0.8185,0.0593,0.0023
mission,1700-1710,1720-1730,119,226,5680,0.8184,0.3493,0.8453
tient,1720-1730,1760-1770,1997,6960,5714,0.8183,0.1109,0.3977
romain,1700-1710,1730-1740,795,4158,5709,0.8181,0.9081,0.8881
pal,1710-1720,1789-1802,326,912,5683,0.8176,0.0436,0.3972
ber,1710-1720,1780-1789,131,1845,5683,0.8175,0.7551,0.9774
extraits,1730-1740,1750-1760,703,399,5690,0.8174,0.4871,0.6357
plat,1720-1730,1789-1802,692,1159,5701,0.8173,0.0448,0.2926
venant,1740-1750,1760-1770,1064,6821,5708,0.8171,0.9577,0.9835
plaindre,1720-1730,1740-1750,747,1617,5711,0.817,0.5159,0.5018
viendra,1710-1720,1789-1802,380,1310,5699,0.8169,0.1571,0.3691
ten,1700-1710,1780-1789,468,1539,5706,0.8163,0.1872,0.8225
xii,1710-1720,1720-1730,961,1818,5715,0.816,0.7007,0.7924
armes,1720-1730,1740-1750,4380,6816,5714,0.8159,0.4925,0.2051
lumieres,1760-1770,1789-1802,1536,1087,5676,0.8158,0.2179,0.3031
création,1710-1720,1730-1740,851,600,5695,0.8157,0.3783,0.6363
étroite,1750-1760,1789-1802,443,753,5691,0.8156,0.2943,0.2841
rant,1710-1720,1789-1802,393,1227,5683,0.8155,0.345,0.7956
recours,1710-1720,1770-1780,1193,2977,5713,0.815,0.6187,0.5484
profonde,1750-1760,1770-1780,1000,2355,5712,0.8148,0.3374,0.5167
vii,1720-1730,1740-1750,2331,5249,5720,0.8147,0.5747,0.9297
restitution,1710-1720,1720-1730,415,217,5671,0.8146,0.2742,0.3748
production,1710-1720,1789-1802,411,1220,5693,0.8144,0.8957,0.9216
lumières,1780-1789,1789-1802,2537,4043,5702,0.8141,0.05,0.1382
cruellement,1700-1710,1740-1750,158,314,5680,0.814,0.1539,0.2704
etant,1720-1730,1760-1770,619,496,5691,0.8138,0.8977,0.8689
françois,1720-1730,1789-1802,6009,13114,5720,0.8137,0.9366,0.4822
simon,1700-1710,1730-1740,550,451,5672,0.8136,0.7014,0.945
ane,1730-1740,1760-1770,194,501,5682,0.8133,0.0698,0.621
vis,1710-1720,1740-1750,2524,4754,5715,0.8128,0.4496,0.6521
importe,1700-1710,1780-1789,129,1578,5710,0.8125,0.5566,0.669
sort,1740-1750,1789-1802,2116,8577,5716,0.8124,0.5902,0.4856
horreur,1710-1720,1740-1750,392,701,5712,0.8122,0.1581,0.1106
foie,1700-1710,1760-1770,402,4446,5691,0.8121,0.957,0.9968
honneur,1710-1720,1720-1730,1555,1667,5716,0.8121,0.3086,0.1588
voi,1710-1720,1770-1780,1115,966,5690,0.812,0.7995,0.918
pes,1710-1720,1770-1780,233,980,5680,0.8118,0.1922,0.6375
paru,1730-1740,1750-1760,1846,3092,5715,0.8118,0.1497,0.3214
relever,1730-1740,1750-1760,731,902,5705,0.8114,0.0949,0.0089
traiter,1710-1720,1720-1730,1019,1115,5713,0.8113,0.1469,0.246
tonneaux,1740-1750,1760-1770,787,4312,5672,0.8111,0.9601,0.9758
ligne,1710-1720,1789-1802,1159,7345,5711,0.8111,0.4166,0.6453
simples,1750-1760,1760-1770,1916,3134,5714,0.811,0.0317,0.0269
demeure,1710-1720,1789-1802,1517,2844,5706,0.8107,0.3808,0.397
desquels,1750-1760,1770-1780,1206,2056,5700,0.8105,0.0825,0.5306
victime,1710-1720,1730-1740,294,499,5697,0.8102,0.1306,0.0768
clergé,1710-1720,1730-1740,728,721,5684,0.8097,0.3992,0.2204
appuyer,1700-1710,1710-1720,91,109,5697,0.8096,0.5341,0.341
famille,1700-1710,1710-1720,1925,2463,5716,0.8094,0.5627,0.3511
parlement,1730-1740,1789-1802,2685,8039,5711,0.8092,0.7746,0.7494
vainement,1740-1750,1760-1770,361,589,5695,0.809,0.5946,0.1343
puisqu,1700-1710,1780-1789,82,539,5715,0.809,0.177,0.1754
antiques,1740-1750,1789-1802,151,1002,5686,0.8085,0.5125,0.4007
tellement,1750-1760,1760-1770,2163,2579,5714,0.8077,0.0588,0.309
min,1730-1740,1780-1789,329,1294,5681,0.8076,0.0117,0.4128
gauche,1710-1720,1750-1760,1056,1586,5707,0.8075,0.4664,0.4159
francs,1730-1740,1760-1770,2548,1827,5695,0.8074,0.9241,0.9897
constamment,1720-1730,1740-1750,134,453,5698,0.8072,0.2612,0.151
destiné,1740-1750,1760-1770,540,1454,5696,0.8062,0.4439,0.4344
profond,1720-1730,1780-1789,589,2862,5709,0.8061,0.3616,0.4779
lecture,1710-1720,1740-1750,492,573,5711,0.8056,0.3288,0.2894
auguste,1720-1730,1750-1760,1342,1897,5713,0.8052,0.8584,0.0882
château,1700-1710,1720-1730,860,1531,5696,0.8048,0.4542,0.3008
déclarer,1750-1760,1760-1770,1490,1352,5704,0.8044,0.0465,0.1201
audience,1720-1730,1789-1802,303,538,5690,0.8042,0.2494,0.2056
pluie,1730-1740,1780-1789,339,1984,5682,0.804,0.3939,0.1528
appui,1710-1720,1780-1789,171,1224,5706,0.8039,0.3147,0.3054
tristes,1750-1760,1789-1802,641,1163,5698,0.8037,0.5084,0.1861
conformer,1730-1740,1780-1789,542,1086,5695,0.8037,0.9741,0.6873
can,1700-1710,1730-1740,592,700,5701,0.8036,0.8153,0.9635
clefs,1730-1740,1770-1780,272,409,5676,0.8033,0.0666,0.2355
penchant,1710-1720,1789-1802,359,1322,5697,0.8033,0.4759,0.3461
montre,1740-1750,1750-1760,1327,2065,5715,0.8031,0.4804,0.109
porter,1700-1710,1710-1720,2789,3818,5715,0.8027,0.3385,0.2524
reprocher,1710-1720,1740-1750,281,679,5704,0.8026,0.5982,0.2424
polir,1700-1710,1740-1750,372,164,5679,0.8026,0.4575,0.91
coins,1780-1789,1789-1802,678,754,5687,0.8025,0.2335,0.0962
maintenant,1700-1710,1710-1720,1402,1500,5711,0.8023,0.1958,0.148
retourne,1700-1710,1760-1770,213,792,5695,0.8022,0.627,0.3415
abandonne,1700-1710,1720-1730,140,213,5701,0.8019,0.1883,0.1916
combattu,1710-1720,1740-1750,84,236,5681,0.8019,0.2845,0.2565
visible,1700-1710,1789-1802,154,730,5696,0.8012,0.5986,0.6236
hardi,1760-1770,1770-1780,633,1008,5698,0.8012,0.2264,0.0064
nus,1720-1730,1760-1770,337,549,5693,0.8011,0.0062,0.0998
turc,1710-1720,1789-1802,147,718,5675,0.8002,0.4961,0.3589
finance,1720-1730,1770-1780,919,1837,5691,0.7998,0.718,0.7522
maxime,1700-1710,1750-1760,834,1580,5710,0.7995,0.5296,0.7378
comm,1740-1750,1789-1802,263,914,5673,0.7994,0.1952,0.8269
may,1730-1740,1789-1802,2162,1225,5701,0.7993,0.9967,0.998
xxv,1700-1710,1780-1789,232,1004,5689,0.7989,0.5032,0.9593
pare,1700-1710,1780-1789,191,743,5682,0.7985,0.4981,0.7554
madrid,1730-1740,1760-1770,544,1468,5685,0.7983,0.5018,0.7597
oeil,1740-1750,1770-1780,516,1519,5708,0.798,0.2348,0.4657
acte,1710-1720,1789-1802,1486,5498,5712,0.7979,0.7783,0.7426
lement,1730-1740,1780-1789,559,2325,5686,0.7977,0.4762,0.8056
pardon,1700-1710,1780-1789,375,1931,5698,0.7977,0.22,0.3077
compose,1700-1710,1710-1720,162,145,5695,0.7974,0.0692,0.1603
modeste,1730-1740,1750-1760,383,433,5695,0.7963,0.0148,0.0055
arrivée,1730-1740,1740-1750,1566,2288,5711,0.7963,0.2243,0.2261
jacob,1740-1750,1750-1760,224,734,5664,0.7962,0.465,0.7965
sauveur,1730-1740,1770-1780,692,852,5675,0.7956,0.9071,0.9893
parc,1700-1710,1730-1740,294,431,5693,0.7952,0.0244,0.5301
agir,1740-1750,1770-1780,1287,2778,5709,0.7949,0.1074,0.0142
lan,1710-1720,1760-1770,450,978,5692,0.7948,0.2161,0.7003
dons,1780-1789,1789-1802,2511,2283,5705,0.7946,0.0025,0.0057
consolation,1710-1720,1760-1770,178,475,5672,0.7945,0.5543,0.085
rapidité,1750-1760,1770-1780,424,1161,5702,0.7934,0.4937,0.2314
avoi,1710-1720,1770-1780,127,442,5669,0.7932,0.2311,0.6953
espérances,1760-1770,1770-1780,1088,1655,5693,0.7931,0.2843,0.0669
vins,1720-1730,1730-1740,1059,2191,5695,0.793,0.4222,0.6672
périls,1740-1750,1789-1802,464,822,5679,0.7928,0.6433,0.1421
goutte,1720-1730,1789-1802,142,711,5687,0.7928,0.7549,0.7254
canal,1750-1760,1760-1770,1227,2784,5689,0.7921,0.3795,0.1096
rou,1710-1720,1750-1760,179,389,5668,0.7921,0.0067,0.3835
rite,1700-1710,1730-1740,335,385,5688,0.792,0.3476,0.899
tome,1710-1720,1730-1740,1888,3092,5723,0.7919,0.0298,0.7166
poison,1770-1780,1780-1789,1753,1662,5701,0.7916,0.0063,0.0176
comparaison,1740-1750,1750-1760,952,1787,5713,0.7913,0.0979,0.2359
for,1720-1730,1760-1770,4918,4946,5721,0.791,0.9496,0.9269
communs,1710-1720,1760-1770,601,2651,5713,0.7909,0.4063,0.7291
baptiste,1710-1720,1789-1802,429,983,5646,0.7904,0.8702,0.8833
adorer,1760-1770,1780-1789,349,480,5678,0.7903,0.0615,0.026
rechercher,1720-1730,1780-1789,279,1074,5706,0.79,0.1148,0.1829
ames,1700-1710,1720-1730,542,977,5702,0.7899,0.5262,0.445
fant,1710-1720,1780-1789,438,2067,5688,0.7898,0.5737,0.1226
états,1710-1720,1740-1750,1019,1228,5706,0.789,0.4459,0.6795
dor,1710-1720,1750-1760,266,220,5668,0.7886,0.1266,0.9621
abattre,1700-1710,1720-1730,67,113,5681,0.7879,0.719,0.4715
bruxelles,1710-1720,1730-1740,89,1487,5668,0.7877,0.5615,0.4908
fen,1720-1730,1770-1780,468,1049,5662,0.7874,0.6798,0.8241
étendre,1770-1780,1789-1802,1506,1117,5710,0.7873,0.1077,0.0523
connoissances,1710-1720,1789-1802,388,3695,5706,0.7871,0.9671,0.6391
tei,1730-1740,1789-1802,256,379,5629,0.7866,0.5351,0.9564
payera,1700-1710,1780-1789,1526,459,5658,0.7864,0.9883,0.9833
nombreuse,1710-1720,1720-1730,200,240,5691,0.7863,0.4157,0.3598
revers,1730-1740,1789-1802,2697,1724,5696,0.7859,0.9666,0.9888
vement,1730-1740,1789-1802,1690,7265,5687,0.7855,0.5552,0.9104
exécuté,1750-1760,1770-1780,1090,1497,5698,0.785,0.4611,0.4276
fuit,1700-1710,1760-1770,8277,4347,5714,0.7848,0.9756,0.9986
julien,1720-1730,1740-1750,351,430,5677,0.7847,0.5332,0.8735
ministere,1700-1710,1789-1802,155,1029,5667,0.7845,0.7477,0.8613
gain,1730-1740,1740-1750,549,614,5702,0.7843,0.2478,0.069
terrain,1700-1710,1710-1720,320,487,5688,0.7843,0.1611,0.0946
égale,1710-1720,1760-1770,527,3996,5712,0.784,0.7055,0.384
confirmer,1720-1730,1740-1750,348,588,5700,0.7833,0.2068,0.1608
vivoit,1700-1710,1710-1720,314,280,5694,0.7831,0.4055,0.2197
différente,1740-1750,1750-1760,881,1203,5706,0.783,0.2996,0.2465
ches,1710-1720,1770-1780,292,1188,5675,0.7828,0.1547,0.59
hôpital,1710-1720,1730-1740,137,60,5686,0.7825,0.4256,0.7656
régler,1740-1750,1760-1770,675,1606,5691,0.7822,0.2168,0.0237
exploits,1720-1730,1730-1740,668,886,5694,0.782,0.6198,0.6185
lions,1710-1720,1789-1802,259,1249,5692,0.7818,0.9078,0.8485
sommet,1760-1770,1770-1780,920,1672,5681,0.7817,0.5811,0.4545
teur,1720-1730,1789-1802,657,2057,5692,0.7816,0.3147,0.8645
loir,1710-1720,1760-1770,210,665,5680,0.7815,0.2883,0.7199
xxiii,1710-1720,1780-1789,224,1013,5691,0.7813,0.5148,0.9258
iii,1720-1730,1750-1760,10510,12764,5723,0.7812,0.6786,0.7834
page,1710-1720,1760-1770,1701,7647,5720,0.7812,0.4974,0.8266
ren,1710-1720,1789-1802,753,3317,5704,0.7809,0.0254,0.0653
bie,1710-1720,1780-1789,115,1579,5666,0.7807,0.931,0.9954
naissance,1710-1720,1740-1750,1325,2034,5715,0.7806,0.5249,0.1485
observation,1710-1720,1770-1780,314,2174,5712,0.7803,0.6131,0.5937
causer,1750-1760,1789-1802,893,1203,5698,0.7798,0.9764,0.7672
ancienne,1750-1760,1760-1770,1882,2238,5715,0.7795,0.142,0.0644
repentir,1730-1740,1750-1760,575,725,5700,0.7794,0.7818,0.0279
grosseur,1770-1780,1780-1789,1986,1433,5669,0.7794,0.8074,0.4827
choix,1730-1740,1740-1750,2450,2284,5715,0.7792,0.0852,0.0527
quiconque,1710-1720,1720-1730,412,434,5700,0.7788,0.0338,0.6789
cam,1740-1750,1770-1780,354,598,5671,0.7783,0.0012,0.2351
gardé,1710-1720,1770-1780,438,931,5706,0.7781,0.2335,0.3227
postes,1740-1750,1750-1760,301,321,5676,0.778,0.0381,0.3324
mcme,1720-1730,1750-1760,324,308,5655,0.7779,0.4525,0.9642
lor,1710-1720,1740-1750,181,438,5686,0.7778,0.4586,0.6864
com,1710-1720,1789-1802,3346,12685,5716,0.7776,0.043,0.5583
ain,1720-1730,1730-1740,421,460,5696,0.7775,0.0528,0.3002
cercles,1770-1780,1780-1789,1035,1091,5673,0.7773,0.0248,0.0443
gages,1740-1750,1789-1802,720,1777,5692,0.7772,0.4073,0.0827
velle,1720-1730,1780-1789,177,866,5672,0.7769,0.7685,0.9463
quer,1710-1720,1720-1730,260,353,5678,0.7765,0.1293,0.0206
xix,1710-1720,1730-1740,397,801,5699,0.7764,0.6174,0.8762
net,1740-1750,1750-1760,509,1868,5703,0.7762,0.3831,0.8687
nor,1730-1740,1789-1802,546,1065,5690,0.7756,0.6757,0.9491
plut,1730-1740,1780-1789,852,2100,5691,0.7755,0.4682,0.8193
permettre,1740-1750,1750-1760,1146,1409,5711,0.7755,0.3936,0.2275
ladite,1740-1750,1789-1802,6828,3416,5682,0.7754,0.9641,0.8257
abord,1710-1720,1789-1802,102,1107,5718,0.7752,0.7161,0.8054
mois,1700-1710,1710-1720,9915,11683,5717,0.7748,0.9341,0.9708
sensiblement,1700-1710,1780-1789,91,803,5680,0.7745,0.8099,0.8682
mariage,1710-1720,1730-1740,2498,4026,5711,0.7744,0.2357,0.2143
répugnance,1760-1770,1789-1802,676,854,5684,0.774,0.8958,0.1768
représente,1710-1720,1760-1770,372,3369,5711,0.7739,0.4648,0.5751
leu,1720-1730,1760-1770,388,455,5684,0.7738,0.3406,0.3369
capable,1710-1720,1770-1780,1560,5286,5712,0.7736,0.4519,0.5957
duchesse,1710-1720,1780-1789,2647,1644,5666,0.7733,0.9971,0.9543
confond,1700-1710,1720-1730,96,143,5679,0.7729,0.0262,0.1017
royale,1710-1720,1789-1802,1620,6498,5711,0.7727,0.8092,0.8744
rap,1700-1710,1780-1789,185,1725,5688,0.7727,0.0078,0.3702
nies,1710-1720,1750-1760,161,409,5679,0.7726,0.0843,0.7245
inclination,1710-1720,1760-1770,277,594,5694,0.7721,0.5873,0.1917
vraies,1700-1710,1770-1780,103,1590,5697,0.772,0.9794,0.9361
volume,1730-1740,1760-1770,1091,3802,5716,0.7719,0.1671,0.5966
mine,1700-1710,1770-1780,560,5893,5710,0.7718,0.9657,0.9685
four,1700-1710,1740-1750,945,1355,5714,0.7717,0.2824,0.6585
féconde,1780-1789,1789-1802,1810,1232,5699,0.7715,0.3872,0.0021
bons,1700-1710,1730-1740,1953,2695,5716,0.7714,0.4653,0.4513
menacé,1780-1789,1789-1802,555,740,5684,0.7712,0.0241,0.042
acquiert,1730-1740,1780-1789,181,888,5680,0.7711,0.1923,0.2551
humide,1740-1750,1770-1780,279,1530,5671,0.771,0.5161,0.2209
tan,1720-1730,1770-1780,373,1092,5690,0.7708,0.0616,0.4984
raisonnables,1730-1740,1750-1760,298,674,5690,0.7707,0.261,0.5201
mée,1710-1720,1789-1802,152,706,5662,0.7703,0.3983,0.8557
deur,1710-1720,1750-1760,201,607,5680,0.7702,0.0555,0.7839
restes,1700-1710,1720-1730,147,308,5695,0.77,0.819,0.2835
georges,1700-1710,1789-1802,125,859,5624,0.7697,0.5683,0.789
véritables,1720-1730,1789-1802,398,2022,5705,0.7692,0.4731,0.5365
cete,1710-1720,1750-1760,205,155,5627,0.7692,0.5809,0.2638
intelligence,1770-1780,1780-1789,1673,1715,5715,0.7691,0.0505,0.01
tantôt,1710-1720,1760-1770,1106,3891,5710,0.769,0.5092,0.4445
caution,1720-1730,1789-1802,268,1054,5689,0.7689,0.0392,0.0688
desirer,1710-1720,1730-1740,139,266,5684,0.7688,0.8182,0.3177
glace,1750-1760,1770-1780,459,1387,5691,0.7682,0.0464,0.08
roy,1700-1710,1789-1802,10117,925,5698,0.7677,0.9335,0.9205
payable,1730-1740,1789-1802,219,612,5485,0.7674,0.8538,0.8074
introduire,1720-1730,1740-1750,263,346,5701,0.7674,0.0378,0.0848
dixième,1730-1740,1760-1770,295,950,5693,0.7666,0.6241,0.548
ise,1710-1720,1740-1750,149,420,5639,0.7665,0.7194,0.934
absence,1760-1770,1789-1802,585,1047,5701,0.7663,0.4096,0.1282
dispose,1700-1710,1710-1720,178,180,5707,0.7661,0.0275,0.0535
hercule,1710-1720,1780-1789,822,2359,5695,0.766,0.5259,0.6409
heur,1720-1730,1780-1789,213,1166,5683,0.7653,0.6544,0.6065
risque,1710-1720,1720-1730,523,493,5700,0.7645,0.6044,0.5489
curieux,1720-1730,1770-1780,734,2906,5701,0.7644,0.0277,0.0406
cun,1710-1720,1740-1750,543,702,5680,0.764,0.5227,0.8714
tourner,1740-1750,1760-1770,1360,2335,5708,0.7638,0.5828,0.0681
chine,1740-1750,1760-1770,4169,2151,5693,0.7635,0.5106,0.7892
dres,1710-1720,1780-1789,203,1034,5673,0.7632,0.3332,0.8018
fontaine,1710-1720,1720-1730,572,633,5700,0.763,0.0733,0.0907
nel,1720-1730,1780-1789,396,614,5655,0.7629,0.2838,0.8232
portugal,1740-1750,1750-1760,1641,1629,5688,0.7615,0.9313,0.4641
ele,1700-1710,1740-1750,359,562,5678,0.7612,0.6052,0.8083
tend,1700-1710,1750-1760,291,1025,5709,0.7611,0.4249,0.7161
favorables,1710-1720,1780-1789,370,1508,5699,0.761,0.4823,0.3378
attente,1770-1780,1789-1802,605,653,5703,0.7605,0.0307,0.0245
avan,1700-1710,1720-1730,175,252,5681,0.7604,0.0758,0.7946
aug,1720-1730,1730-1740,436,468,5682,0.7597,0.1858,0.0576
sep,1700-1710,1789-1802,199,597,5665,0.7595,0.934,0.9813
haye,1720-1730,1760-1770,387,522,5672,0.7593,0.6129,0.7896
corne,1710-1720,1750-1760,608,479,5688,0.7591,0.2104,0.7442
maire,1740-1750,1789-1802,622,2356,5677,0.7584,0.8591,0.8413
denier,1720-1730,1770-1780,1138,1699,5682,0.7582,0.9693,0.8492
conversion,1740-1750,1789-1802,471,968,5683,0.7577,0.7603,0.9739
prose,1750-1760,1789-1802,1303,947,5698,0.7576,0.551,0.5491
tonneau,1740-1750,1780-1789,303,1163,5667,0.7576,0.7766,0.2293
maréchal,1710-1720,1750-1760,1904,2025,5686,0.7573,0.9736,0.8598
recevra,1710-1720,1720-1730,113,211,5678,0.7572,0.2166,0.6654
pui,1710-1720,1789-1802,268,873,5685,0.7568,0.3956,0.3159
adieu,1720-1730,1789-1802,802,3104,5686,0.7566,0.1082,0.6464
ron,1710-1720,1740-1750,311,709,5684,0.7565,0.1158,0.6731
col,1710-1720,1750-1760,789,1353,5703,0.7563,0.0184,0.7364
tranquille,1770-1780,1789-1802,2565,2806,5707,0.7555,0.0356,0.0094
antoine,1730-1740,1760-1770,1821,1933,5702,0.7555,0.4788,0.6887
taxe,1720-1730,1760-1770,655,2262,5677,0.7554,0.4757,0.625
note,1700-1710,1750-1760,211,2027,5717,0.7551,0.9704,0.9822
annales,1700-1710,1789-1802,69,1046,5678,0.7551,0.8664,0.8502
quis,1700-1710,1780-1789,403,1312,5692,0.7549,0.5403,0.9173
sublime,1710-1720,1730-1740,312,1160,5704,0.7546,0.1228,0.3051
visites,1720-1730,1750-1760,176,649,5661,0.7543,0.0745,0.4619
choisir,1730-1740,1750-1760,1060,1533,5710,0.7542,0.1741,0.1204
exemplaire,1710-1720,1789-1802,179,664,5678,0.754,0.9863,0.9909
méritent,1710-1720,1789-1802,150,1302,5703,0.7539,0.5311,0.4664
franc,1720-1730,1740-1750,1137,1029,5704,0.7538,0.4153,0.9321
examen,1760-1770,1789-1802,1941,2339,5713,0.7537,0.1742,0.3059
compagnies,1710-1720,1750-1760,552,902,5683,0.7533,0.2065,0.2882
xxiv,1710-1720,1730-1740,224,493,5698,0.7533,0.4672,0.9454
demande,1700-1710,1710-1720,2870,3722,5717,0.753,0.0849,0.101
patience,1740-1750,1750-1760,866,1316,5706,0.7526,0.347,0.1425
alle,1700-1710,1789-1802,164,521,5662,0.7525,0.062,0.5736
variété,1750-1760,1770-1780,839,1948,5705,0.7523,0.4972,0.1103
engage,1740-1750,1770-1780,355,782,5705,0.7519,0.2699,0.1
conversation,1700-1710,1760-1770,517,1467,5705,0.7517,0.0923,0.2455
position,1700-1710,1789-1802,194,5636,5704,0.7512,0.9374,0.9744
tombé,1710-1720,1730-1740,402,567,5699,0.7508,0.1631,0.132
dra,1730-1740,1789-1802,308,703,5669,0.7506,0.1451,0.3755
chancelier,1710-1720,1750-1760,1112,1035,5692,0.7505,0.9948,0.7958
monseigneur,1700-1710,1789-1802,2101,1780,5690,0.7502,0.9824,0.9228
ressorts,1740-1750,1789-1802,350,1376,5691,0.7498,0.6104,0.4123
relevé,1700-1710,1780-1789,201,943,5700,0.7496,0.4212,0.5612
cel,1710-1720,1740-1750,401,706,5684,0.7495,0.386,0.4168
eff,1700-1710,1760-1770,335,253,5658,0.7492,0.9423,0.9883
distingue,1720-1730,1760-1770,329,1632,5709,0.7491,0.3797,0.5879
funeste,1750-1760,1770-1780,1416,2991,5700,0.7489,0.2139,0.0427
édifice,1780-1789,1789-1802,966,895,5695,0.7488,0.0752,0.0221
méthode,1720-1730,1730-1740,963,1218,5709,0.7484,0.3988,0.6564
sauvages,1750-1760,1770-1780,1743,3713,5700,0.7484,0.2098,0.217
venir,1700-1710,1730-1740,3678,6269,5716,0.7481,0.346,0.3248
ves,1720-1730,1770-1780,277,920,5683,0.7477,0.1341,0.2277
pat,1700-1710,1770-1780,653,1153,5693,0.7474,0.2124,0.6875
tendrement,1740-1750,1760-1770,535,619,5688,0.7472,0.7412,0.2126
life,1700-1710,1780-1789,367,963,5680,0.747,0.9449,0.9689
apercevoir,1720-1730,1770-1780,82,212,5616,0.747,0.4414,0.2136
robert,1720-1730,1789-1802,1339,2245,5690,0.7466,0.9578,0.7389
eri,1780-1789,1789-1802,728,708,5679,0.7465,0.0573,0.6295
rempli,1700-1710,1750-1760,799,1918,5713,0.7464,0.1943,0.5523
berger,1760-1770,1770-1780,742,1072,5687,0.7461,0.0102,0.0052
contes,1700-1710,1740-1750,435,328,5689,0.7457,0.3491,0.7848
sit,1740-1750,1750-1760,265,847,5681,0.7456,0.631,0.645
imposer,1740-1750,1750-1760,465,758,5694,0.7453,0.1199,0.2857
ange,1730-1740,1750-1760,398,770,5695,0.7452,0.0509,0.1544
discours,1710-1720,1720-1730,3424,2580,5716,0.7451,0.056,0.3026
souveraine,1730-1740,1740-1750,635,706,5694,0.7449,0.6974,0.2698
débit,1720-1730,1789-1802,487,813,5677,0.7449,0.4205,0.4434
rir,1700-1710,1760-1770,322,788,5681,0.7447,0.3229,0.8538
tendre,1730-1740,1750-1760,2851,4181,5714,0.7445,0.1331,0.04
fiction,1700-1710,1789-1802,148,744,5692,0.7442,0.4065,0.796
qua,1750-1760,1770-1780,2069,3889,5706,0.7441,0.4594,0.1658
changes,1740-1750,1780-1789,322,728,5498,0.7438,0.6246,0.7729
sis,1720-1730,1780-1789,259,530,5670,0.7435,0.3225,0.6446
nons,1700-1710,1730-1740,297,382,5671,0.7434,0.0187,0.712
mobile,1740-1750,1750-1760,290,334,5669,0.7431,0.16,0.3321
caisse,1740-1750,1760-1770,195,1594,5678,0.743,0.4011,0.373
empire,1730-1740,1750-1760,1752,2217,5716,0.7424,0.5484,0.3828
troublé,1750-1760,1770-1780,351,760,5682,0.7423,0.1931,0.0281
poussé,1700-1710,1740-1750,298,472,5700,0.7422,0.6634,0.5034
meubles,1740-1750,1789-1802,1500,1839,5697,0.7421,0.1163,0.2905
sente,1700-1710,1720-1730,284,221,5697,0.7417,0.6615,0.8696
trahir,1750-1760,1780-1789,408,810,5685,0.7414,0.5725,0.0413
pay,1700-1710,1740-1750,650,203,5695,0.741,0.8941,0.9618
suiv,1700-1710,1710-1720,277,375,5684,0.741,0.51,0.981
deviendra,1700-1710,1720-1730,97,198,5698,0.7409,0.4385,0.3202
ennemi,1720-1730,1750-1760,1375,2421,5714,0.7408,0.7526,0.4648
causes,1760-1770,1789-1802,4584,6232,5714,0.7407,0.126,0.4166
orient,1720-1730,1789-1802,216,474,5696,0.7407,0.8364,0.756
amans,1700-1710,1789-1802,282,900,5687,0.7406,0.2552,0.4399
attache,1700-1710,1730-1740,218,364,5710,0.7404,0.1854,0.1857
obscur,1700-1710,1780-1789,277,1362,5698,0.7402,0.1386,0.4361
rations,1720-1730,1760-1770,408,1128,5669,0.7401,0.1251,0.8549
cou,1730-1740,1789-1802,1711,5085,5712,0.7399,0.0074,0.1348
pair,1720-1730,1760-1770,1019,1583,5702,0.7395,0.9115,0.9363
décision,1740-1750,1750-1760,696,953,5695,0.7389,0.4668,0.3991
cor,1710-1720,1750-1760,869,1149,5711,0.7382,0.0133,0.2401
dan,1750-1760,1780-1789,1419,3118,5704,0.7379,0.2169,0.162
ibid,1700-1710,1730-1740,1045,6091,5701,0.7377,0.7581,0.9609
nuire,1760-1770,1789-1802,1604,2004,5702,0.7373,0.7683,0.1363
apprendre,1700-1710,1710-1720,845,635,5709,0.7371,0.1174,0.1592
ides,1730-1740,1789-1802,295,708,5681,0.7371,0.5334,0.8919
vigueur,1730-1740,1789-1802,941,2208,5700,0.737,0.6289,0.2131
las,1730-1740,1760-1770,701,2084,5712,0.7365,0.9665,0.9369
rer,1730-1740,1789-1802,917,2060,5694,0.7361,0.3878,0.7373
enfant,1700-1710,1730-1740,2349,1801,5713,0.7358,0.5839,0.7579
examine,1700-1710,1760-1770,194,758,5709,0.7356,0.7489,0.3739
fameux,1730-1740,1789-1802,1459,2658,5707,0.7355,0.0924,0.2332
man,1700-1710,1740-1750,1356,1379,5713,0.7353,0.6197,0.9502
eii,1720-1730,1789-1802,441,1473,5686,0.7346,0.2016,0.8858
travaille,1720-1730,1750-1760,410,847,5700,0.7344,0.1088,0.1804
vision,1740-1750,1750-1760,368,328,5679,0.7343,0.0024,0.0014
henry,1730-1740,1780-1789,571,1910,5684,0.7342,0.5327,0.9086
ble,1720-1730,1789-1802,1442,3186,5705,0.7339,0.2729,0.5836
presser,1740-1750,1760-1770,407,461,5673,0.7336,0.7537,0.1907
danger,1710-1720,1789-1802,1119,6628,5714,0.7331,0.3693,0.2713
aveugles,1710-1720,1780-1789,89,625,5669,0.7329,0.2422,0.0662
lune,1720-1730,1760-1770,854,1997,5697,0.7325,0.8962,0.76
détermine,1730-1740,1760-1770,312,971,5696,0.732,0.4831,0.2094
ruiné,1720-1730,1789-1802,239,695,5686,0.7318,0.2001,0.1151
tune,1710-1720,1780-1789,135,931,5685,0.7317,0.4337,0.7983
ridicule,1710-1720,1789-1802,849,3368,5711,0.7312,0.1185,0.1549
morales,1710-1720,1760-1770,152,541,5691,0.7312,0.89,0.8163
sortir,1710-1720,1720-1730,2273,1917,5715,0.7309,0.1138,0.2321
messe,1730-1740,1789-1802,324,616,5652,0.7308,0.3438,0.4865
corneille,1700-1710,1770-1780,158,1929,5690,0.7305,0.1732,0.7355
vivans,1720-1730,1750-1760,306,392,5687,0.7301,0.468,0.2122
not,1710-1720,1770-1780,628,3514,5702,0.73,0.9848,0.9365
sil,1730-1740,1740-1750,144,188,5667,0.7298,0.1583,0.1855
douzaine,1730-1740,1789-1802,857,1159,5674,0.7297,0.9635,0.9911
tances,1700-1710,1780-1789,117,1156,5683,0.7296,0.7779,0.9418
culte,1700-1710,1789-1802,412,4056,5702,0.7295,0.4755,0.2574
certaine,1710-1720,1720-1730,1655,1727,5713,0.7292,0.2456,0.3632
danse,1700-1710,1780-1789,79,1220,5683,0.7289,0.8872,0.5258
data,1740-1750,1789-1802,2255,1465,5437,0.7288,0.9981,0.9964
établissement,1750-1760,1760-1770,1054,1619,5703,0.7286,0.0158,0.0119
pagne,1720-1730,1789-1802,342,751,5675,0.7284,0.3513,0.7928
vingt,1710-1720,1789-1802,7251,19967,5718,0.7282,0.881,0.913
vertueuse,1750-1760,1789-1802,355,780,5672,0.728,0.9568,0.19
hon,1710-1720,1770-1780,256,1026,5684,0.7276,0.4028,0.2577
pet,1700-1710,1789-1802,3226,746,5675,0.727,0.9128,0.9963
fonder,1700-1710,1770-1780,137,1054,5697,0.7263,0.7266,0.3846
xxxiii,1710-1720,1780-1789,167,711,5684,0.7252,0.0861,0.9064
ins,1730-1740,1789-1802,510,2988,5694,0.7251,0.0049,0.2727
fui,1700-1710,1760-1770,1226,2021,5702,0.7248,0.0888,0.7257
consentement,1730-1740,1789-1802,1088,1775,5697,0.7246,0.399,0.6192
fameuse,1710-1720,1789-1802,257,1035,5697,0.7245,0.4382,0.2138
avantageux,1730-1740,1740-1750,873,1008,5704,0.724,0.2431,0.1393
ais,1710-1720,1730-1740,599,479,5700,0.7238,0.0621,0.2046
morts,1700-1710,1780-1789,866,4521,5711,0.7238,0.3996,0.2997
mens,1710-1720,1720-1730,750,902,5702,0.7234,0.0155,0.1451
animal,1760-1770,1780-1789,2428,4045,5702,0.7232,0.3829,0.3518
annoncer,1720-1730,1750-1760,128,555,5706,0.7231,0.1044,0.0446
vivent,1760-1770,1770-1780,1461,2132,5697,0.723,0.3361,0.1217
haine,1730-1740,1740-1750,2390,2104,5708,0.7228,0.2619,0.043
lentement,1710-1720,1720-1730,152,159,5684,0.7224,0.1824,0.235
dépendent,1740-1750,1789-1802,577,947,5693,0.7224,0.5589,0.5635
raisonnable,1710-1720,1789-1802,809,1975,5708,0.7223,0.3127,0.3863
conduit,1700-1710,1750-1760,841,2540,5716,0.7222,0.0371,0.3342
battu,1710-1720,1780-1789,271,1060,5689,0.7221,0.1312,0.32
esprits,1750-1760,1780-1789,3204,5153,5715,0.722,0.1642,0.326
espagnol,1700-1710,1770-1780,231,980,5681,0.7218,0.2273,0.6017
produits,1710-1720,1789-1802,102,3668,5694,0.7217,0.9058,0.9552
formé,1740-1750,1750-1760,1821,2446,5714,0.7215,0.0728,0.2771
intérieur,1710-1720,1760-1770,187,1660,5711,0.7206,0.6236,0.8122
royal,1710-1720,1789-1802,1244,6579,5712,0.7204,0.7404,0.7303
mor,1710-1720,1789-1802,288,862,5682,0.7202,0.0071,0.111
languedoc,1740-1750,1789-1802,863,1260,5679,0.7202,0.6376,0.6494
loit,1740-1750,1770-1780,1058,1476,5684,0.7194,0.2679,0.6884
vant,1710-1720,1789-1802,637,1766,5695,0.7186,0.2506,0.3618
ges,1710-1720,1760-1770,771,1784,5694,0.7185,0.0358,0.3712
annonce,1700-1710,1789-1802,69,2905,5705,0.7184,0.2126,0.6149
brûle,1750-1760,1789-1802,415,719,5688,0.7178,0.0935,0.0441
passé,1740-1750,1789-1802,2986,7131,5717,0.7174,0.2058,0.196
irrité,1740-1750,1789-1802,390,693,5692,0.7167,0.0517,0.0724
core,1710-1720,1770-1780,469,1936,5694,0.7166,0.269,0.8171
guillaume,1700-1710,1720-1730,820,2092,5694,0.7164,0.7717,0.8372
rares,1730-1740,1750-1760,598,1128,5709,0.7163,0.2276,0.211
préparer,1710-1720,1750-1760,414,890,5706,0.7157,0.115,0.0626
itre,1700-1710,1760-1770,302,382,5662,0.7154,0.6641,0.9184
honorable,1710-1720,1740-1750,284,495,5700,0.7153,0.3383,0.0825
law,1710-1720,1780-1789,268,430,5102,0.7151,0.7705,0.8758
fort,1740-1750,1780-1789,42614,54046,5720,0.715,0.306,0.4016
able,1720-1730,1780-1789,260,736,5689,0.7149,0.5551,0.8753
pin,1700-1710,1789-1802,237,921,5684,0.7145,0.2326,0.6946
ration,1760-1770,1770-1780,3130,3040,5702,0.7143,0.0005,0.0148
jouissance,1710-1720,1720-1730,293,189,5689,0.7139,0.5775,0.5336
poudre,1740-1750,1760-1770,1295,2618,5696,0.7138,0.5544,0.4854
difficile,1720-1730,1760-1770,2105,5510,5716,0.7136,0.7432,0.458
courans,1700-1710,1730-1740,619,101,5630,0.7134,0.7745,0.9726
sérieux,1740-1750,1780-1789,294,665,5686,0.7133,0.0771,0.047
entrée,1710-1720,1770-1780,553,1598,5710,0.7128,0.1814,0.2385
écouter,1710-1720,1720-1730,258,231,5701,0.7127,0.0506,0.0996
res,1740-1750,1789-1802,6159,8384,5713,0.7124,0.0926,0.4262
fan,1730-1740,1760-1770,688,918,5699,0.7113,0.0002,0.0119
études,1710-1720,1750-1760,107,666,5684,0.7111,0.1154,0.2193
revenu,1700-1710,1730-1740,914,1244,5704,0.711,0.0958,0.0701
statue,1730-1740,1750-1760,605,1060,5701,0.7109,0.3833,0.5911
section,1730-1740,1750-1760,165,1152,5681,0.7108,0.7631,0.8837
ter,1710-1720,1740-1750,1617,3453,5708,0.7107,0.0119,0.3534
ate,1720-1730,1780-1789,300,595,5645,0.7106,0.4964,0.9224
serment,1710-1720,1770-1780,403,764,5681,0.7105,0.1234,0.2613
xxi,1710-1720,1780-1789,352,1436,5694,0.7104,0.4496,0.944
aide,1750-1760,1789-1802,374,1539,5711,0.71,0.6,0.4169
deu,1710-1720,1789-1802,226,591,5677,0.7099,0.3847,0.7978
socrate,1720-1730,1770-1780,1866,5613,5685,0.7098,0.7121,0.6834
joindre,1710-1720,1760-1770,662,2252,5712,0.7097,0.3054,0.2298
chasser,1740-1750,1780-1789,532,618,5673,0.7095,0.3615,0.4698
vrais,1720-1730,1770-1780,461,3520,5708,0.7094,0.7091,0.7914
aise,1760-1770,1780-1789,1189,2418,5701,0.7093,0.8867,0.5146
concerne,1770-1780,1780-1789,1575,1958,5707,0.7088,0.4559,0.5708
durer,1700-1710,1730-1740,160,320,5686,0.7084,0.5872,0.1752
are,1770-1780,1789-1802,2367,2884,5717,0.7079,0.7282,0.659
luxembourg,1710-1720,1730-1740,223,961,5656,0.7078,0.937,0.6211
pli,1730-1740,1789-1802,321,989,5688,0.7076,0.0023,0.013
bourbon,1700-1710,1789-1802,125,1375,5688,0.7075,0.5526,0.8111
composent,1710-1720,1789-1802,451,1973,5704,0.7074,0.8573,0.8184
cartes,1730-1740,1789-1802,409,1086,5689,0.7073,0.6644,0.3657
noeuds,1760-1770,1770-1780,1083,1446,5664,0.7072,0.044,0.1074
rome,1710-1720,1730-1740,4555,10053,5716,0.7071,0.6829,0.6809
témoignages,1710-1720,1789-1802,152,1001,5695,0.7062,0.1701,0.5041
denis,1720-1730,1760-1770,1404,1011,5692,0.7061,0.5111,0.9262
prés,1700-1710,1740-1750,1839,569,5690,0.7058,0.9161,0.9861
discrétion,1700-1710,1720-1730,122,233,5668,0.7056,0.083,0.346
uie,1730-1740,1740-1750,95,186,5598,0.7053,0.2085,0.8554
fem,1710-1720,1720-1730,406,1246,5684,0.7052,0.7645,0.9787
éclatante,1710-1720,1760-1770,143,315,5691,0.705,0.3304,0.3342
dialogue,1700-1710,1760-1770,218,809,5695,0.7045,0.4407,0.9271
procédé,1710-1720,1780-1789,195,2635,5700,0.7044,0.6737,0.8376
lai,1730-1740,1789-1802,715,2360,5697,0.7042,0.1905,0.301
suède,1720-1730,1730-1740,400,89,5508,0.704,0.8935,0.9285
jurisprudence,1710-1720,1720-1730,211,88,5650,0.7038,0.3512,0.5181
dauphin,1710-1720,1780-1789,635,1915,5686,0.7037,0.8196,0.7609
pardonne,1710-1720,1720-1730,242,229,5686,0.7032,0.1067,0.214
comment,1710-1720,1780-1789,5810,22067,5718,0.7029,0.3012,0.6507
contr,1730-1740,1789-1802,221,746,5693,0.7028,0.1354,0.8641
honteux,1770-1780,1789-1802,1752,1445,5697,0.7023,0.0188,0.0085
avidité,1700-1710,1770-1780,86,677,5695,0.7021,0.9401,0.5011
acheter,1710-1720,1730-1740,1332,623,5705,0.702,0.5039,0.5671
côtés,1700-1710,1730-1740,358,1434,5709,0.7019,0.8002,0.5427
puif,1700-1710,1789-1802,204,731,5650,0.7019,0.5883,0.8673
will,1750-1760,1789-1802,556,1467,4587,0.7016,0.7407,0.8214
distinction,1730-1740,1789-1802,574,2029,5699,0.7013,0.5442,0.4055
injuste,1740-1750,1750-1760,572,1271,5707,0.7009,0.2376,0.0306
heu,1710-1720,1789-1802,335,912,5692,0.7009,0.2023,0.7659
elie,1720-1730,1730-1740,164,134,5691,0.7006,0.0723,0.4678
saisie,1730-1740,1780-1789,523,827,5683,0.7002,0.3891,0.5962
parte,1720-1730,1789-1802,702,689,5698,0.6998,0.9463,0.9703
réellement,1700-1710,1780-1789,339,3215,5706,0.6998,0.6718,0.7576
prin,1720-1730,1789-1802,703,2213,5695,0.6995,0.511,0.423
admire,1710-1720,1770-1780,143,799,5707,0.6993,0.6867,0.0338
plumes,1780-1789,1789-1802,978,774,5687,0.6992,0.0445,0.0349
plai,1710-1720,1780-1789,208,1150,5683,0.6988,0.4669,0.49
descend,1730-1740,1740-1750,340,619,5700,0.6987,0.0682,0.0646
peres,1730-1740,1789-1802,2082,1167,5694,0.6983,0.8265,0.5566
convenables,1730-1740,1750-1760,470,734,5700,0.6981,0.5074,0.3312
âmes,1750-1760,1770-1780,294,684,5685,0.6979,0.2727,0.0993
avantageuse,1750-1760,1789-1802,783,1170,5706,0.697,0.3702,0.1676
spectateurs,1710-1720,1770-1780,227,978,5695,0.6969,0.4377,0.3492
excellente,1740-1750,1789-1802,404,952,5703,0.6967,0.5451,0.27
ode,1730-1740,1740-1750,1418,167,5689,0.6963,0.9899,0.9753
gras,1720-1730,1770-1780,402,1503,5687,0.696,0.0571,0.2186
agens,1700-1710,1789-1802,253,3444,5672,0.6958,0.6462,0.894
tenue,1750-1760,1760-1770,710,881,5697,0.6953,0.0624,0.0928
moderne,1720-1730,1740-1750,478,564,5711,0.6952,0.6467,0.7385
appartenir,1700-1710,1770-1780,132,645,5692,0.6949,0.9439,0.8449
had,1700-1710,1770-1780,482,2107,1979,0.6946,0.9963,0.9342
notes,1750-1760,1760-1770,2238,3070,5715,0.6944,0.4196,0.2581
chirurgien,1710-1720,1720-1730,176,445,5683,0.6942,0.6441,0.5073
rire,1710-1720,1780-1789,816,3666,5711,0.6941,0.0489,0.0811
capitale,1720-1730,1789-1802,1027,5803,5703,0.6937,0.8923,0.9214
den,1700-1710,1770-1780,1035,4176,5697,0.6928,0.9065,0.9824
manche,1740-1750,1780-1789,322,976,5667,0.6925,0.2147,0.2387
ement,1700-1710,1780-1789,263,1245,5675,0.6924,0.6126,0.9089
équité,1730-1740,1740-1750,211,237,5695,0.6923,0.7624,0.0804
considérables,1760-1770,1770-1780,2840,3271,5700,0.6922,0.2468,0.1306
publication,1750-1760,1780-1789,659,1199,5695,0.6921,0.364,0.2855
brun,1730-1740,1750-1760,280,888,5688,0.6919,0.9455,0.8967
donnez,1700-1710,1720-1730,953,965,5706,0.6917,0.1801,0.5342
épargner,1750-1760,1760-1770,524,675,5701,0.6916,0.4286,0.0473
civiles,1780-1789,1789-1802,2029,2139,5680,0.6911,0.3208,0.5902
instruite,1710-1720,1789-1802,98,647,5682,0.6903,0.522,0.2008
esclave,1710-1720,1730-1740,970,826,5701,0.6896,0.0461,0.0155
excellens,1740-1750,1789-1802,255,301,5687,0.6892,0.4782,0.2969
louvre,1740-1750,1789-1802,351,676,5689,0.689,0.6219,0.815
regardoit,1720-1730,1730-1740,445,1055,5694,0.6889,0.738,0.2474
matières,1710-1720,1789-1802,469,3568,5704,0.6886,0.8743,0.9047
connoître,1710-1720,1789-1802,1549,5515,5709,0.6885,0.9486,0.5975
avertir,1750-1760,1780-1789,748,1227,5705,0.6883,0.0478,0.2782
gravité,1700-1710,1740-1750,113,826,5695,0.6882,0.9955,0.9959
ajouter,1740-1750,1770-1780,1121,3135,5713,0.6881,0.4787,0.2108
fat,1710-1720,1730-1740,571,530,5701,0.6879,0.0278,0.1731
tier,1720-1730,1770-1780,279,480,5673,0.6872,0.1379,0.0856
hongrie,1710-1720,1740-1750,237,494,5653,0.6871,0.905,0.9052
cherche,1700-1710,1710-1720,670,818,5713,0.6868,0.0312,0.0637
germain,1750-1760,1770-1780,1223,1673,5687,0.6867,0.1539,0.4731
sel,1720-1730,1760-1770,674,1348,5697,0.6866,0.4879,0.9232
fleur,1720-1730,1760-1770,1314,3285,5711,0.6864,0.3945,0.6318
xxii,1710-1720,1720-1730,276,657,5691,0.6863,0.7729,0.9473
aune,1780-1789,1789-1802,546,713,5685,0.6861,0.2485,0.6016
folio,1720-1730,1789-1802,740,1167,5678,0.686,0.8446,0.928
pages,1720-1730,1740-1750,772,1301,5704,0.6859,0.7892,0.9694
jeanne,1730-1740,1750-1760,436,416,5659,0.6857,0.2362,0.2364
règle,1730-1740,1780-1789,518,2552,5702,0.6854,0.1579,0.2344
réduire,1700-1710,1710-1720,475,410,5706,0.6854,0.3361,0.5041
recommande,1760-1770,1789-1802,414,650,5687,0.6853,0.0121,0.0781
délivré,1720-1730,1789-1802,273,1041,5693,0.6852,0.4865,0.4091
vois,1700-1710,1740-1750,2201,4745,5714,0.6847,0.2746,0.4358
bureau,1710-1720,1760-1770,1450,3613,5690,0.6844,0.344,0.4192
ellc,1710-1720,1730-1740,124,143,5656,0.6838,0.2318,0.8177
monstres,1740-1750,1780-1789,262,636,5672,0.6834,0.0404,0.0201
direction,1700-1710,1770-1780,148,2796,5699,0.6832,0.8895,0.8972
raisonnement,1750-1760,1789-1802,1128,1260,5702,0.6829,0.055,0.1912
orange,1720-1730,1760-1770,123,96,5679,0.6826,0.8142,0.7611
ctoit,1710-1720,1720-1730,360,743,5677,0.6825,0.7061,0.8906
die,1720-1730,1740-1750,2212,3149,5716,0.6824,0.3475,0.3056
poursuivre,1730-1740,1760-1770,750,780,5699,0.6822,0.5975,0.7229
tien,1700-1710,1770-1780,354,1227,5697,0.6819,0.1034,0.2179
fixé,1700-1710,1730-1740,140,628,5701,0.6815,0.5726,0.4692
prenez,1700-1710,1710-1720,1191,1995,5704,0.6805,0.2375,0.4657
exa,1720-1730,1789-1802,182,721,5679,0.6801,0.2743,0.7714
verser,1720-1730,1789-1802,121,1354,5678,0.6798,0.784,0.6624
dites,1700-1710,1710-1720,1755,2039,5711,0.6797,0.0398,0.3687
gra,1710-1720,1780-1789,275,1114,5684,0.6795,0.0086,0.728
pénétrer,1710-1720,1740-1750,164,933,5702,0.6794,0.4691,0.2711
pièce,1770-1780,1789-1802,4455,6055,5708,0.679,0.3025,0.2145
péché,1710-1720,1750-1760,205,747,5675,0.6785,0.3167,0.0553
bain,1700-1710,1710-1720,224,264,5680,0.6782,0.1382,0.6025
cruels,1750-1760,1770-1780,703,1330,5701,0.678,0.77,0.1382
courageux,1700-1710,1720-1730,79,130,5681,0.6779,0.6119,0.389
prouver,1720-1730,1750-1760,971,2992,5712,0.6772,0.6821,0.249
courant,1700-1710,1730-1740,955,617,5708,0.6769,0.8618,0.9118
tin,1710-1720,1760-1770,348,686,5700,0.6767,0.1096,0.0847
douce,1710-1720,1760-1770,996,3310,5712,0.6759,0.4318,0.4977
croix,1720-1730,1740-1750,2350,1303,5697,0.6758,0.3066,0.2416
fable,1700-1710,1750-1760,811,2614,5711,0.6756,0.2101,0.5792
pierres,1720-1730,1760-1770,1581,4582,5704,0.6755,0.4367,0.4874
das,1710-1720,1740-1750,207,375,5671,0.6749,0.2521,0.8139
songer,1780-1789,1789-1802,1161,1172,5695,0.6748,0.6765,0.28
coups,1700-1710,1710-1720,1374,1826,5710,0.6745,0.4287,0.6033
ressemblance,1700-1710,1710-1720,123,118,5689,0.6734,0.4147,0.3314
notaires,1710-1720,1789-1802,463,902,5656,0.6734,0.8863,0.6533
tandis,1730-1740,1760-1770,2366,6237,5712,0.6731,0.3371,0.6048
version,1710-1720,1760-1770,73,226,5662,0.6727,0.7319,0.9408
civil,1710-1720,1789-1802,989,1963,5699,0.6727,0.9276,0.9525
meilleurs,1720-1730,1789-1802,1424,2603,5714,0.6723,0.6996,0.6764
principales,1700-1710,1750-1760,639,1900,5711,0.6721,0.5832,0.5752
obscure,1720-1730,1770-1780,216,940,5691,0.6719,0.0477,0.1233
ste,1720-1730,1789-1802,1414,1658,5685,0.6713,0.3304,0.7801
passe,1720-1730,1789-1802,1644,6596,5716,0.6712,0.0857,0.2019
passages,1720-1730,1740-1750,375,445,5694,0.6711,0.123,0.3211
daigne,1700-1710,1730-1740,66,282,5682,0.6709,0.8606,0.5187
diu,1730-1740,1740-1750,375,659,5669,0.6695,0.4264,0.8552
solidité,1700-1710,1780-1789,122,1089,5679,0.6693,0.9429,0.8116
encor,1710-1720,1780-1789,1933,3259,5690,0.669,0.4956,0.5854
perse,1700-1710,1710-1720,557,205,5674,0.6689,0.9483,0.9879
populaire,1700-1710,1789-1802,80,1707,5677,0.6678,0.8739,0.8561
images,1710-1720,1720-1730,645,1355,5705,0.6675,0.6535,0.7547
fau,1700-1710,1789-1802,322,859,5690,0.6674,0.5711,0.4884
comique,1710-1720,1770-1780,285,2399,5690,0.6674,0.645,0.6544
égal,1720-1730,1750-1760,630,1506,5708,0.6673,0.6293,0.2483
gar,1710-1720,1780-1789,258,953,5679,0.6672,0.0307,0.222
plaisant,1770-1780,1789-1802,1051,660,5687,0.667,0.0261,0.005
méchans,1740-1750,1750-1760,255,610,5677,0.6669,0.179,0.1466
informé,1750-1760,1780-1789,729,1255,5690,0.6664,0.1425,0.2005
ess,1720-1730,1789-1802,231,548,5651,0.6661,0.2907,0.203
honorer,1700-1710,1730-1740,109,264,5695,0.666,0.1003,0.1476
scr,1730-1740,1740-1750,134,218,5604,0.6658,0.0597,0.7976
soutiennent,1700-1710,1720-1730,123,242,5689,0.6656,0.6159,0.83
vil,1700-1710,1789-1802,554,2824,5711,0.6651,0.8036,0.6041
camp,1720-1730,1789-1802,2084,5683,5700,0.6646,0.4302,0.672
pures,1780-1789,1789-1802,789,922,5693,0.6645,0.311,0.0425
this,1750-1760,1789-1802,1570,2953,4927,0.6635,0.7025,0.9274
projets,1760-1770,1789-1802,1859,5887,5703,0.6632,0.0869,0.1188
vol,1720-1730,1770-1780,3778,3130,5720,0.663,0.3341,0.9022
acquitter,1700-1710,1720-1730,100,127,5690,0.6627,0.7952,0.537
liv,1700-1710,1730-1740,4615,7167,5711,0.6624,0.8994,0.9619
connoît,1700-1710,1789-1802,378,1586,5696,0.6622,0.8944,0.6327
sinon,1700-1710,1789-1802,571,1269,5696,0.6621,0.4291,0.7828
meilleure,1710-1720,1750-1760,979,2024,5709,0.662,0.3027,0.3593
marquis,1720-1730,1750-1760,3198,4433,5701,0.6618,0.9321,0.883
parole,1710-1720,1750-1760,2051,3348,5713,0.6611,0.0944,0.0587
innocence,1740-1750,1789-1802,493,995,5703,0.6611,0.7932,0.1948
eurs,1710-1720,1730-1740,449,480,5680,0.6609,0.3173,0.8138
exercent,1770-1780,1780-1789,569,596,5687,0.6607,0.08,0.0386
religieux,1700-1710,1789-1802,591,3418,5704,0.6605,0.7731,0.8006
talents,1710-1720,1730-1740,201,272,5675,0.6603,0.7491,0.7332
lies,1730-1740,1789-1802,194,780,5690,0.6599,0.3124,0.8148
aut,1710-1720,1770-1780,2033,6745,5702,0.6597,0.7302,0.836
jusques,1740-1750,1780-1789,3774,8759,5710,0.6591,0.7202,0.4931
régence,1710-1720,1730-1740,626,276,5602,0.659,0.9793,0.9819
andré,1700-1710,1780-1789,559,1474,5687,0.6589,0.0808,0.4881
choisi,1760-1770,1780-1789,1194,2187,5706,0.6587,0.0232,0.045
clef,1710-1720,1770-1780,274,987,5693,0.6582,0.2294,0.1457
exacte,1720-1730,1780-1789,285,1286,5704,0.6576,0.4922,0.6334
vraisemblable,1700-1710,1750-1760,91,723,5699,0.6569,0.858,0.7108
recouvrer,1700-1710,1730-1740,127,383,5683,0.6568,0.6541,0.1877
provence,1760-1770,1770-1780,1674,2607,5684,0.6567,0.509,0.5985
destination,1700-1710,1710-1720,240,192,5681,0.6566,0.8054,0.8913
chinois,1700-1710,1789-1802,102,1383,5682,0.6564,0.3352,0.6142
dut,1700-1710,1780-1789,229,1886,5699,0.6562,0.855,0.9347
question,1700-1710,1740-1750,1431,4439,5717,0.656,0.4042,0.2981
personnage,1730-1740,1789-1802,471,1134,5703,0.6559,0.1596,0.3517
soupçonner,1700-1710,1740-1750,162,470,5693,0.6556,0.7987,0.2385
garant,1700-1710,1789-1802,257,861,5674,0.6555,0.8365,0.9534
créatures,1750-1760,1770-1780,789,894,5679,0.6555,0.2651,0.08
consulter,1730-1740,1789-1802,273,1231,5698,0.6554,0.0318,0.0432
aille,1720-1730,1789-1802,214,552,5704,0.6552,0.3749,0.2303
quod,1720-1730,1740-1750,5359,5242,5699,0.655,0.9014,0.7899
iil,1730-1740,1789-1802,495,1760,5680,0.6549,0.3298,0.8792
ouvrir,1780-1789,1789-1802,2438,1959,5714,0.6546,0.071,0.0991
attend,1700-1710,1710-1720,298,278,5712,0.6544,0.0342,0.1444
disciples,1710-1720,1730-1740,399,686,5684,0.6544,0.1285,0.4835
dei,1700-1710,1730-1740,746,3455,5704,0.6543,0.9762,0.9875
parlent,1740-1750,1780-1789,826,1718,5708,0.6542,0.0819,0.0685
out,1740-1750,1789-1802,504,1932,5708,0.6541,0.0348,0.7021
crier,1710-1720,1730-1740,432,405,5697,0.6533,0.0476,0.0311
vaste,1750-1760,1770-1780,1121,2773,5710,0.6532,0.2067,0.1236
prévenu,1710-1720,1730-1740,220,490,5702,0.6531,0.0064,0.0274
probité,1750-1760,1760-1770,1171,1163,5692,0.653,0.7352,0.0322
dits,1740-1750,1789-1802,1163,2978,5684,0.653,0.9677,0.9795
claire,1710-1720,1789-1802,677,2050,5704,0.6527,0.9464,0.8278
upon,1700-1710,1750-1760,895,846,3454,0.6526,0.9944,0.9724
priver,1710-1720,1740-1750,237,480,5695,0.6524,0.3478,0.2471
plis,1730-1740,1789-1802,237,1856,5684,0.6517,0.275,0.5959
berceau,1710-1720,1760-1770,126,684,5689,0.6516,0.6259,0.3945
ave,1710-1720,1730-1740,236,390,5684,0.6514,0.3185,0.664
bordeaux,1700-1710,1720-1730,1072,606,5686,0.6513,0.633,0.8317
nes,1710-1720,1780-1789,884,2894,5700,0.6512,0.1453,0.5144
bois,1710-1720,1740-1750,6717,10738,5714,0.6511,0.2718,0.6206
til,1710-1720,1770-1780,254,1026,5665,0.6509,0.612,0.9737
joseph,1730-1740,1740-1750,559,867,5703,0.65,0.4414,0.5245
infinie,1750-1760,1789-1802,512,548,5689,0.6499,0.1526,0.1606
puits,1710-1720,1770-1780,327,2743,5677,0.6497,0.5555,0.4369
office,1710-1720,1750-1760,960,501,5710,0.649,0.4908,0.6057
entendu,1750-1760,1760-1770,2149,2930,5714,0.6488,0.0189,0.0494
sire,1700-1710,1710-1720,797,952,5691,0.6482,0.7148,0.9217
pais,1750-1760,1789-1802,2173,1016,5687,0.6477,0.6948,0.7255
accueil,1720-1730,1750-1760,99,172,5687,0.6474,0.1514,0.2935
françoise,1700-1710,1789-1802,220,2701,5703,0.6471,0.9766,0.7675
oii,1700-1710,1760-1770,397,615,5687,0.647,0.6595,0.979
soins,1760-1770,1780-1789,1556,2376,5693,0.6469,0.1101,0.1864
user,1710-1720,1730-1740,695,602,5701,0.6467,0.4976,0.5537
république,1710-1720,1789-1802,1392,17936,5712,0.6463,0.8927,0.9322
entendez,1710-1720,1780-1789,127,533,5673,0.6462,0.5565,0.4345
lec,1760-1770,1789-1802,547,1179,5669,0.6461,0.1411,0.7695
bles,1720-1730,1789-1802,592,1743,5690,0.646,0.3043,0.424
éclat,1750-1760,1780-1789,1114,2162,5714,0.6458,0.277,0.0589
mines,1710-1720,1770-1780,846,8390,5697,0.6452,0.9297,0.8778
craignez,1760-1770,1770-1780,765,1047,5686,0.645,0.5312,0.2083
rei,1740-1750,1789-1802,736,713,5685,0.6448,0.6308,0.8419
angle,1700-1710,1770-1780,88,1132,5666,0.6445,0.9834,0.9895
rends,1700-1710,1720-1730,211,219,5686,0.6444,0.4421,0.632
déterminer,1730-1740,1760-1770,724,2054,5710,0.6443,0.6579,0.4063
turcs,1710-1720,1740-1750,314,1195,5678,0.6442,0.7614,0.757
tem,1710-1720,1789-1802,325,718,5688,0.6441,0.5269,0.5711
frappé,1770-1780,1789-1802,1902,2188,5708,0.644,0.0105,0.0398
have,1770-1780,1789-1802,2097,2470,4627,0.6438,0.8616,0.7574
indifférence,1730-1740,1789-1802,304,779,5692,0.6436,0.7753,0.3508
accompagne,1700-1710,1720-1730,85,147,5702,0.6417,0.079,0.2106
duc,1710-1720,1770-1780,10927,11399,5712,0.6416,0.9938,0.8977
reçoit,1720-1730,1770-1780,917,3423,5712,0.6414,0.1573,0.2816
risques,1700-1710,1740-1750,97,339,5682,0.6412,0.6804,0.6124
present,1730-1740,1789-1802,2784,738,5712,0.641,0.9758,0.958
dispenser,1750-1760,1760-1770,978,1165,5700,0.641,0.7645,0.7416
tons,1750-1760,1789-1802,1212,2133,5707,0.6407,0.8896,0.9178
rare,1730-1740,1789-1802,1372,3681,5714,0.6405,0.2359,0.0896
glaces,1710-1720,1750-1760,532,339,5678,0.6404,0.9587,0.7663
généreux,1730-1740,1780-1789,867,3068,5698,0.6398,0.1493,0.0407
gardez,1700-1710,1710-1720,250,488,5690,0.6396,0.0373,0.1555
emporté,1710-1720,1770-1780,313,893,5702,0.6395,0.0488,0.0036
basses,1770-1780,1780-1789,857,768,5687,0.6384,0.0914,0.0402
rin,1700-1710,1710-1720,247,277,5644,0.6381,0.3134,0.9281
profonds,1770-1780,1780-1789,780,771,5682,0.6379,0.2116,0.0324
noit,1710-1720,1740-1750,192,568,5674,0.6379,0.6937,0.6684
noi,1730-1740,1789-1802,185,859,5665,0.6377,0.1961,0.7581
explication,1720-1730,1780-1789,446,1938,5705,0.6374,0.0283,0.2766
arts,1760-1770,1770-1780,6091,9628,5719,0.6372,0.3008,0.1533
marin,1710-1720,1770-1780,394,2027,5685,0.6371,0.2118,0.7058
trompée,1780-1789,1789-1802,582,619,5663,0.6368,0.4461,0.0224
particulièrement,1710-1720,1730-1740,306,309,5707,0.6367,0.5989,0.4121
tri,1710-1720,1789-1802,349,1511,5687,0.6358,0.0061,0.7531
religieuses,1700-1710,1789-1802,379,1586,5670,0.6357,0.9933,0.9596
ment,1710-1720,1780-1789,4633,23122,5716,0.6354,0.4878,0.6487
suprême,1720-1730,1730-1740,400,660,5705,0.6353,0.0365,0.0667
vir,1710-1720,1740-1750,365,693,5686,0.6352,0.018,0.2078
det,1700-1710,1770-1780,328,874,5684,0.6348,0.6444,0.9134
pose,1700-1710,1789-1802,485,955,5699,0.6347,0.8376,0.8467
village,1710-1720,1720-1730,1112,1331,5701,0.6344,0.5813,0.2172
innocente,1750-1760,1789-1802,381,668,5677,0.6343,0.7181,0.0695
nne,1730-1740,1789-1802,153,826,5673,0.6342,0.4922,0.8508
domine,1700-1710,1780-1789,140,857,5700,0.6341,0.882,0.9315
ance,1720-1730,1760-1770,318,384,5673,0.634,0.5084,0.8984
meme,1710-1720,1770-1780,1472,2830,5699,0.6338,0.4643,0.5776
héros,1730-1740,1740-1750,1612,1549,5713,0.6335,0.0866,0.1153
him,1700-1710,1740-1750,773,52,4595,0.6334,0.8794,0.8721
champagne,1730-1740,1760-1770,997,1017,5679,0.6333,0.6574,0.9771
talens,1720-1730,1789-1802,646,5865,5703,0.633,0.6061,0.871
pari,1710-1720,1740-1750,260,365,5684,0.6322,0.0135,0.2949
michel,1770-1780,1789-1802,1908,1463,5693,0.632,0.2158,0.5961
achever,1760-1770,1780-1789,775,1064,5699,0.6318,0.786,0.1364
entreprise,1740-1750,1750-1760,1981,1541,5704,0.6315,0.0934,0.0912
vaincre,1730-1740,1780-1789,1075,2213,5706,0.6315,0.3193,0.0633
ieu,1730-1740,1770-1780,167,293,5663,0.6314,0.1747,0.1334
ier,1730-1740,1789-1802,300,3556,5697,0.6307,0.3589,0.9032
citoyens,1720-1730,1730-1740,722,2767,5706,0.6304,0.5812,0.5436
tir,1700-1710,1730-1740,1038,707,5692,0.6303,0.5252,0.9662
presse,1700-1710,1789-1802,260,2248,5699,0.6299,0.7674,0.9424
pouce,1730-1740,1740-1750,271,1981,5675,0.6298,0.9959,0.9975
eti,1700-1710,1740-1750,494,260,5677,0.6296,0.7648,0.9651
ventes,1730-1740,1760-1770,1108,1805,5673,0.6294,0.6809,0.6857
rendoient,1750-1760,1760-1770,458,579,5688,0.6292,0.6958,0.1467
nommé,1720-1730,1750-1760,2041,3441,5715,0.629,0.0443,0.2245
pri,1710-1720,1789-1802,613,3033,5687,0.6289,0.0055,0.5907
éprouver,1710-1720,1720-1730,162,141,5703,0.6283,0.0301,0.1126
fermiers,1780-1789,1789-1802,2280,2440,5677,0.6283,0.3259,0.0761
certains,1710-1720,1789-1802,1449,4147,5713,0.6281,0.0877,0.3355
revoir,1720-1730,1740-1750,361,1088,5701,0.628,0.4169,0.2179
inter,1700-1710,1780-1789,815,1867,5704,0.628,0.1887,0.875
terme,1710-1720,1789-1802,2191,6158,5714,0.6274,0.96,0.9779
aui,1730-1740,1789-1802,240,1288,5681,0.6273,0.5592,0.9434
malheur,1760-1770,1789-1802,4834,7952,5715,0.627,0.196,0.0503
pensions,1760-1770,1789-1802,476,3410,5681,0.6269,0.1011,0.2828
disputer,1770-1780,1789-1802,1158,802,5699,0.6266,0.0213,0.0263
heureuses,1760-1770,1789-1802,526,889,5696,0.6266,0.4955,0.0521
émotion,1700-1710,1710-1720,105,90,5683,0.6263,0.2549,0.3911
éleve,1720-1730,1789-1802,132,377,5685,0.6256,0.7076,0.5665
comédiens,1720-1730,1789-1802,83,639,5675,0.6255,0.5478,0.7439
you,1740-1750,1789-1802,333,1504,5323,0.6252,0.7662,0.8707
grosse,1720-1730,1760-1770,688,2241,5699,0.625,0.3274,0.5381
satisfaire,1720-1730,1770-1780,718,2816,5714,0.6244,0.6034,0.3855
lon,1720-1730,1760-1770,1320,3146,5692,0.6241,0.3759,0.5036
défend,1720-1730,1750-1760,418,1112,5704,0.624,0.1118,0.1078
dif,1720-1730,1740-1750,728,1519,5689,0.6239,0.5625,0.0733
ante,1730-1740,1760-1770,1104,629,5696,0.6238,0.9586,0.9605
cabinet,1770-1780,1789-1802,2881,3504,5709,0.6237,0.0081,0.0665
ori,1730-1740,1789-1802,155,572,5686,0.6233,0.0839,0.8342
mérite,1770-1780,1789-1802,11227,8929,5715,0.6231,0.1086,0.0676
craint,1730-1740,1780-1789,1038,3418,5709,0.623,0.3568,0.2211
cordes,1740-1750,1760-1770,915,1534,5692,0.6226,0.4199,0.5043
tirées,1750-1760,1760-1770,808,1170,5699,0.6225,0.3532,0.3844
court,1700-1710,1740-1750,2448,3969,5715,0.6223,0.6678,0.953
vienne,1720-1730,1750-1760,1246,2455,5708,0.6221,0.2872,0.2202
privilège,1700-1710,1789-1802,220,1602,5697,0.6219,0.4732,0.5761
librement,1700-1710,1789-1802,362,1701,5699,0.6218,0.2435,0.2672
hambourg,1720-1730,1730-1740,929,166,5647,0.6214,0.9966,0.931
empêche,1710-1720,1789-1802,396,975,5708,0.6213,0.4142,0.4134
monte,1700-1710,1740-1750,2968,1210,5704,0.6211,0.9844,0.9991
pierre,1700-1710,1789-1802,3399,10253,5716,0.621,0.027,0.1194
supposition,1700-1710,1710-1720,124,133,5699,0.6209,0.1479,0.1291
ect,1710-1720,1789-1802,124,678,5588,0.6207,0.3591,0.9484
mnme,1710-1720,1740-1750,212,558,4146,0.6206,0.6023,0.9114
distingué,1720-1730,1730-1740,206,451,5699,0.6199,0.0746,0.0706
pouvez,1700-1710,1710-1720,983,896,5708,0.6195,0.3004,0.6259
profiter,1740-1750,1750-1760,1232,1599,5706,0.6194,0.305,0.2613
fir,1710-1720,1740-1750,256,1211,5621,0.619,0.2037,0.873
trou,1730-1740,1760-1770,2071,4917,5702,0.6189,0.5932,0.7812
domaines,1730-1740,1789-1802,1137,4582,5679,0.6186,0.5501,0.942
ein,1730-1740,1750-1760,209,256,5667,0.6185,0.1144,0.7871
député,1730-1740,1789-1802,518,5341,5676,0.6179,0.8473,0.7757
tle,1710-1720,1750-1760,128,323,5684,0.6178,0.1456,0.6451
félicité,1730-1740,1789-1802,563,2011,5699,0.6176,0.7944,0.2828
valent,1700-1710,1730-1740,15322,360,5700,0.6171,0.9978,0.9947
ombres,1750-1760,1780-1789,692,1143,5695,0.6167,0.6843,0.473
arlequin,1710-1720,1750-1760,1213,1406,5643,0.6163,0.1436,0.4532
oreilles,1730-1740,1770-1780,669,2150,5708,0.6161,0.37,0.2983
char,1710-1720,1789-1802,1120,2249,5710,0.6159,0.0542,0.121
enseigner,1700-1710,1710-1720,136,132,5686,0.6153,0.0109,0.0482
reine,1710-1720,1760-1770,2967,5266,5707,0.6152,0.8386,0.6023
continuation,1700-1710,1760-1770,258,938,5704,0.615,0.2176,0.6514
uni,1730-1740,1789-1802,1020,3162,5709,0.6149,0.0576,0.1592
triomphe,1720-1730,1789-1802,672,3125,5704,0.6148,0.2489,0.3344
compare,1710-1720,1730-1740,241,327,5706,0.6146,0.1192,0.0945
connoissance,1710-1720,1750-1760,3804,7242,5709,0.6145,0.9187,0.3838
dispute,1700-1710,1750-1760,266,729,5700,0.6143,0.0539,0.0486
écrite,1700-1710,1750-1760,468,845,5702,0.6142,0.3623,0.4313
punition,1730-1740,1780-1789,926,1828,5697,0.6139,0.2893,0.1583
extérieur,1700-1710,1760-1770,102,1412,5693,0.6139,0.8612,0.7266
poi,1730-1740,1789-1802,559,1172,5678,0.6137,0.0565,0.5062
vaches,1710-1720,1730-1740,395,254,5651,0.6136,0.9301,0.715
criminels,1770-1780,1789-1802,1039,1398,5685,0.6136,0.0942,0.0301
traverser,1700-1710,1710-1720,111,185,5675,0.6135,0.1419,0.0845
aire,1710-1720,1740-1750,297,517,5693,0.6131,0.0043,0.8605
fiit,1710-1720,1720-1730,178,311,5642,0.613,0.5208,0.7686
aix,1700-1710,1740-1750,213,290,5686,0.6129,0.4667,0.9557
univers,1710-1720,1730-1740,92,182,5707,0.6124,0.4746,0.5222
oublier,1710-1720,1770-1780,418,2294,5711,0.6121,0.067,0.1049
claude,1700-1710,1770-1780,274,2216,5694,0.6116,0.2999,0.7165
vents,1740-1750,1770-1780,2472,3544,5706,0.6114,0.6145,0.1729
humain,1710-1720,1750-1760,831,2948,5709,0.6111,0.6922,0.6325
serre,1740-1750,1789-1802,347,1087,5687,0.611,0.9284,0.984
accuser,1700-1710,1720-1730,76,111,5697,0.6108,0.8532,0.2037
dins,1700-1710,1789-1802,130,862,5661,0.6104,0.6095,0.9176
fer,1740-1750,1780-1789,5857,15179,5715,0.61,0.1703,0.4175
circonstance,1770-1780,1780-1789,2018,2676,5709,0.6097,0.0663,0.0381
points,1700-1710,1760-1770,477,3567,5713,0.6097,0.6522,0.8106
violent,1750-1760,1760-1770,930,1195,5707,0.6092,0.1112,0.0126
angleterre,1750-1760,1789-1802,3697,6534,5713,0.609,0.3569,0.3783
leçons,1700-1710,1710-1720,176,247,5709,0.6087,0.0693,0.0806
actuellement,1700-1710,1710-1720,264,531,5708,0.6085,0.2915,0.5183
eaux,1710-1720,1730-1740,2388,3923,5711,0.6083,0.5388,0.7624
suivent,1710-1720,1770-1780,487,1723,5706,0.608,0.2762,0.2536
rougir,1750-1760,1780-1789,667,1370,5693,0.6076,0.1098,0.0366
lès,1710-1720,1740-1750,298,402,5693,0.6073,0.4147,0.7746
abbé,1740-1750,1789-1802,636,1330,5713,0.6072,0.6512,0.3139
lés,1730-1740,1750-1760,398,958,5698,0.6065,0.2786,0.1144
nommée,1760-1770,1780-1789,1264,2006,5695,0.6063,0.0936,0.4045
deman,1700-1710,1740-1750,138,611,5667,0.6058,0.1588,0.746
aîné,1700-1710,1760-1770,431,314,5693,0.6055,0.9417,0.9641
secourir,1760-1770,1789-1802,495,951,5674,0.6053,0.6617,0.0352
tat,1750-1760,1789-1802,800,1206,5686,0.6052,0.3367,0.3088
iun,1730-1740,1770-1780,124,669,5609,0.6049,0.1643,0.7335
droits,1730-1740,1750-1760,17566,15312,5716,0.6048,0.7318,0.6889
dudit,1710-1720,1740-1750,7305,4933,5692,0.6047,0.9287,0.6619
artisans,1710-1720,1740-1750,386,215,5664,0.6045,0.5267,0.5596
contribuer,1760-1770,1789-1802,1329,1629,5704,0.6044,0.6373,0.129
arrache,1750-1760,1760-1770,280,507,5690,0.6044,0.3579,0.003
ôter,1710-1720,1740-1750,907,1013,5706,0.604,0.6534,0.3273
asie,1700-1710,1770-1780,89,855,5687,0.604,0.5081,0.8182
horace,1730-1740,1789-1802,5187,811,5704,0.6038,0.8858,0.8187
ett,1700-1710,1740-1750,329,271,5682,0.6037,0.679,0.9084
bleds,1760-1770,1789-1802,2693,863,5680,0.6037,0.6548,0.341
pass,1720-1730,1770-1780,466,729,5682,0.6035,0.2735,0.823
planter,1700-1710,1740-1750,648,359,5665,0.6033,0.9408,0.8033
joui,1700-1710,1720-1730,160,211,5690,0.6032,0.384,0.5141
terreur,1740-1750,1789-1802,752,3666,5708,0.603,0.3427,0.1073
aine,1730-1740,1789-1802,174,726,5687,0.6029,0.255,0.8326
pouvons,1700-1710,1710-1720,922,641,5706,0.6026,0.3464,0.6572
caresses,1700-1710,1720-1730,138,133,5672,0.6025,0.4833,0.4625
his,1740-1750,1789-1802,1153,3898,5706,0.6024,0.9985,0.9908
nir,1700-1710,1770-1780,412,1251,5689,0.6017,0.1418,0.7665
enr,1720-1730,1740-1750,247,290,5661,0.6016,0.0519,0.0062
rez,1710-1720,1789-1802,468,667,5682,0.6016,0.185,0.6585
aider,1710-1720,1789-1802,353,971,5709,0.6015,0.2648,0.1626
bétail,1710-1720,1730-1740,358,235,5644,0.6012,0.6645,0.2522
recueil,1720-1730,1770-1780,678,2073,5706,0.6008,0.5928,0.8205
pesant,1710-1720,1730-1740,442,4640,5676,0.6007,0.986,0.9995
bouteille,1770-1780,1780-1789,1045,849,5666,0.6005,0.3428,0.4774
poche,1780-1789,1789-1802,908,907,5669,0.6003,0.2312,0.412
exercices,1730-1740,1789-1802,560,786,5701,0.6002,0.0957,0.1089
alarmes,1780-1789,1789-1802,904,893,5661,0.6001,0.126,0.051
emporter,1740-1750,1750-1760,323,336,5706,0.6,0.1774,0.2552
parvenir,1700-1710,1740-1750,489,1502,5712,0.5999,0.4584,0.5726
principes,1730-1740,1760-1770,2642,9819,5718,0.5998,0.6166,0.3604
lus,1710-1720,1720-1730,419,425,5707,0.5998,0.2882,0.1176
touché,1730-1740,1760-1770,1064,1153,5702,0.5997,0.297,0.0623
adam,1720-1730,1789-1802,305,600,5685,0.5994,0.3985,0.7241
reprit,1720-1730,1770-1780,725,1951,5695,0.5993,0.0007,0.0128
let,1700-1710,1710-1720,1422,607,5706,0.5992,0.9044,0.9185
coin,1720-1730,1780-1789,902,2879,5702,0.5991,0.0168,0.1195
amoureux,1710-1720,1780-1789,843,2277,5700,0.5988,0.0163,0.0336
sieur,1720-1730,1740-1750,4603,6694,5700,0.5988,0.9619,0.9125
make,1770-1780,1789-1802,801,593,4230,0.5985,0.9533,0.9002
vile,1710-1720,1770-1780,253,878,5687,0.5984,0.7977,0.5521
compagnon,1720-1730,1780-1789,280,1103,5689,0.5981,0.102,0.1873
pleurer,1720-1730,1730-1740,264,480,5700,0.5978,0.245,0.0256
sache,1700-1710,1760-1770,115,514,5660,0.5977,0.7556,0.4363
couronne,1720-1730,1770-1780,2571,6749,5707,0.5971,0.4471,0.5928
sauver,1730-1740,1780-1789,651,1498,5700,0.597,0.2097,0.2312
dle,1720-1730,1789-1802,669,7037,5637,0.5969,0.2741,0.9429
regard,1700-1710,1789-1802,535,1958,5708,0.5968,0.9461,0.995
étonner,1720-1730,1780-1789,76,429,5699,0.5967,0.9873,0.8734
caton,1700-1710,1710-1720,459,487,5685,0.5967,0.0685,0.7145
écarter,1700-1710,1710-1720,66,126,5706,0.5962,0.4695,0.4315
seine,1700-1710,1789-1802,112,1651,5682,0.596,0.8799,0.8945
poser,1710-1720,1740-1750,284,542,5698,0.596,0.6605,0.4609
tirer,1700-1710,1710-1720,2612,3541,5715,0.5953,0.1723,0.2867
degrés,1710-1720,1740-1750,292,3915,5700,0.5952,0.9957,0.9936
chevalier,1700-1710,1710-1720,1939,2108,5709,0.5951,0.4302,0.4956
entr,1700-1710,1750-1760,214,457,5703,0.5949,0.1134,0.4973
ora,1730-1740,1789-1802,438,485,5670,0.5942,0.5896,0.8862
intendant,1750-1760,1760-1770,630,689,5692,0.5941,0.3117,0.4803
mademoiselle,1760-1770,1789-1802,3817,3923,5683,0.5938,0.1962,0.2871
florence,1730-1740,1770-1780,843,1199,5683,0.5938,0.5663,0.7858
trés,1730-1740,1750-1760,238,315,5674,0.5937,0.6877,0.7248
médecine,1710-1720,1760-1770,186,1424,5689,0.5935,0.1498,0.3429
publier,1740-1750,1789-1802,1084,1998,5701,0.5931,0.3175,0.4173
desseins,1710-1720,1760-1770,1076,1392,5693,0.5928,0.8008,0.7584
momens,1730-1740,1750-1760,863,1342,5699,0.5927,0.6755,0.2698
indignation,1750-1760,1780-1789,334,861,5698,0.5924,0.7242,0.259
religion,1720-1730,1740-1750,3909,8261,5714,0.5923,0.4488,0.5567
appercevoir,1700-1710,1750-1760,94,851,5705,0.5921,0.8522,0.6026
membre,1710-1720,1789-1802,370,4943,5705,0.592,0.9576,0.9507
richard,1710-1720,1760-1770,171,1161,5676,0.5917,0.3546,0.5978
gagner,1730-1740,1740-1750,1520,1907,5707,0.5915,0.2309,0.027
cen,1710-1720,1789-1802,278,1249,5687,0.5912,0.253,0.0539
consoler,1700-1710,1720-1730,378,259,5692,0.591,0.8342,0.2031
malheureusement,1700-1710,1780-1789,98,1632,5701,0.5904,0.643,0.5896
travailler,1710-1720,1730-1740,1168,1329,5711,0.5901,0.155,0.0411
couteau,1760-1770,1770-1780,905,1520,5683,0.5899,0.1881,0.1686
ordonnance,1700-1710,1789-1802,687,2769,5699,0.5893,0.5898,0.7867
habitent,1720-1730,1730-1740,327,288,5678,0.5889,0.3444,0.5672
naturelles,1750-1760,1770-1780,1580,1892,5710,0.5888,0.5616,0.3353
dise,1700-1710,1710-1720,193,374,5685,0.5887,0.4684,0.7005
effectivement,1730-1740,1770-1780,525,782,5690,0.5886,0.0186,0.1734
mettez,1750-1760,1780-1789,1609,1353,5689,0.5885,0.7166,0.7421
your,1770-1780,1789-1802,719,622,3670,0.5884,0.9591,0.8632
perdit,1730-1740,1740-1750,774,777,5693,0.5882,0.5073,0.1183
florins,1700-1710,1780-1789,2078,1648,5660,0.5881,0.9359,0.9203
arrêter,1700-1710,1710-1720,535,818,5714,0.588,0.1133,0.2759
intérêt,1710-1720,1730-1740,972,1186,5714,0.5876,0.471,0.2675
maitre,1700-1710,1720-1730,896,1115,5687,0.5873,0.2276,0.4872
donnés,1710-1720,1730-1740,348,619,5698,0.5871,0.5056,0.3328
cap,1700-1710,1789-1802,1727,5575,5711,0.5868,0.4857,0.7042
environ,1700-1710,1710-1720,1293,1912,5707,0.5864,0.1056,0.7247
tur,1760-1770,1780-1789,603,691,5676,0.5861,0.0456,0.0587
spectacles,1710-1720,1770-1780,178,1155,5685,0.5856,0.0498,0.1318
veines,1760-1770,1770-1780,2026,2222,5685,0.5855,0.7361,0.4578
lignes,1700-1710,1730-1740,536,1328,5707,0.5852,0.4693,0.516
mau,1720-1730,1770-1780,295,812,5680,0.585,0.2672,0.0943
coutumes,1740-1750,1780-1789,1168,1337,5685,0.5838,0.5201,0.3949
devenir,1700-1710,1710-1720,707,812,5713,0.5837,0.3211,0.0985
fixer,1710-1720,1750-1760,382,1661,5708,0.5836,0.227,0.1791
ignorant,1710-1720,1789-1802,157,830,5704,0.5835,0.0428,0.0132
aile,1700-1710,1780-1789,172,547,5690,0.5832,0.4466,0.7017
prier,1700-1710,1750-1760,638,949,5700,0.5829,0.2336,0.3173
regle,1710-1720,1730-1740,1715,908,5694,0.5829,0.3682,0.3495
rte,1710-1720,1730-1740,132,123,5664,0.5825,0.2219,0.7271
souveraineté,1730-1740,1789-1802,700,2606,5670,0.5823,0.9003,0.8469
sable,1720-1730,1789-1802,563,922,5650,0.5819,0.9712,0.9712
cote,1750-1760,1789-1802,395,1192,5679,0.5819,0.8201,0.8703
poëte,1750-1760,1789-1802,2375,672,5697,0.5815,0.9007,0.3266
illustres,1710-1720,1789-1802,352,750,5700,0.5814,0.5177,0.3725
carte,1700-1710,1740-1750,578,1553,5686,0.5813,0.9701,0.8718
grave,1720-1730,1789-1802,501,1707,5705,0.5812,0.7173,0.6021
etat,1700-1710,1760-1770,696,4491,5716,0.5811,0.7753,0.5822
fixes,1700-1710,1789-1802,84,1681,5682,0.5809,0.3579,0.5957
ménager,1720-1730,1750-1760,313,990,5695,0.5807,0.0538,0.035
ete,1700-1710,1720-1730,200,700,5675,0.5806,0.9969,0.9788
nent,1760-1770,1770-1780,1604,2004,5691,0.5802,0.0561,0.4207
papier,1710-1720,1789-1802,1075,9121,5711,0.5799,0.8107,0.8349
arabes,1700-1710,1720-1730,176,194,5678,0.5798,0.6149,0.7778
baron,1700-1710,1730-1740,533,1848,5691,0.5794,0.7041,0.8865
espoir,1780-1789,1789-1802,1910,2138,5705,0.5793,0.2093,0.0729
odieux,1730-1740,1750-1760,934,1258,5705,0.5791,0.0196,0.0459
assis,1770-1780,1780-1789,730,944,5685,0.5787,0.0222,0.0105
appartiennent,1700-1710,1740-1750,298,862,5707,0.5785,0.4838,0.7279
décider,1700-1710,1740-1750,211,859,5707,0.578,0.3012,0.2232
remarque,1700-1710,1740-1750,1305,2373,5711,0.5773,0.1828,0.3645
volontairement,1700-1710,1740-1750,194,576,5688,0.5773,0.1241,0.2182
prouve,1700-1710,1710-1720,491,557,5714,0.577,0.0856,0.1133
morale,1740-1750,1789-1802,1372,6473,5709,0.5766,0.7666,0.114
employées,1750-1760,1780-1789,507,1251,5693,0.576,0.4861,0.5667
exactitude,1780-1789,1789-1802,905,843,5701,0.5758,0.809,0.3264
toscane,1700-1710,1780-1789,114,497,5656,0.5757,0.8387,0.7773
mime,1730-1740,1740-1750,435,728,5678,0.5755,0.3393,0.8164
requête,1710-1720,1789-1802,3515,1067,5679,0.5754,0.9471,0.9059
harmonie,1730-1740,1789-1802,160,862,5703,0.5752,0.8066,0.5046
finesse,1710-1720,1720-1730,148,149,5697,0.5748,0.6475,0.1259
espagnole,1720-1730,1750-1760,167,334,5665,0.5748,0.1227,0.4262
cur,1730-1740,1789-1802,665,1067,5679,0.5746,0.5971,0.9637
nie,1730-1740,1789-1802,852,4090,5711,0.5745,0.0932,0.4564
remédier,1730-1740,1789-1802,292,1099,5688,0.5743,0.6501,0.6165
attendez,1770-1780,1780-1789,488,546,5681,0.5735,0.0044,0.0002
terribles,1700-1710,1770-1780,192,1178,5702,0.5734,0.8659,0.3614
hâter,1700-1710,1720-1730,92,97,5676,0.5733,0.8574,0.5272
objection,1710-1720,1789-1802,493,1098,5700,0.5726,0.9077,0.8997
moeurs,1730-1740,1770-1780,2322,10542,5706,0.572,0.6701,0.3872
cla,1710-1720,1770-1780,146,363,5664,0.5718,0.0019,0.1852
délicieux,1720-1730,1750-1760,127,470,5689,0.5717,0.144,0.2159
contrée,1700-1710,1789-1802,83,1481,5684,0.5714,0.9369,0.8333
ciel,1710-1720,1740-1750,3357,6784,5714,0.5712,0.317,0.6263
fra,1730-1740,1770-1780,322,536,5679,0.5709,0.1156,0.7586
certaines,1740-1750,1750-1760,2139,2571,5711,0.5707,0.1669,0.318
jeunesse,1710-1720,1730-1740,793,1458,5708,0.5702,0.1734,0.0852
branche,1720-1730,1740-1750,654,592,5695,0.5698,0.6148,0.5519
chat,1700-1710,1740-1750,202,420,5686,0.5697,0.0588,0.4927
abandonné,1720-1730,1789-1802,471,1846,5703,0.5695,0.0377,0.0649
ports,1710-1720,1760-1770,2283,4274,5702,0.5693,0.7751,0.7353
ceinture,1710-1720,1730-1740,214,194,5692,0.5693,0.0643,0.135
egypte,1710-1720,1740-1750,152,357,5693,0.5691,0.8906,0.473
apôtre,1710-1720,1720-1730,260,83,5643,0.5685,0.624,0.071
peuvent,1710-1720,1720-1730,4994,5039,5720,0.5681,0.6239,0.527
constitution,1710-1720,1789-1802,670,14341,5708,0.568,0.863,0.8773
conclu,1710-1720,1760-1770,321,642,5695,0.5679,0.3874,0.5165
fou,1720-1730,1760-1770,2169,4976,5714,0.5678,0.004,0.0116
attacher,1700-1710,1780-1789,203,861,5714,0.5674,0.908,0.4246
réglé,1700-1710,1750-1760,215,776,5695,0.5673,0.5657,0.22
capables,1710-1720,1730-1740,966,1548,5706,0.5672,0.3144,0.4964
abuse,1710-1720,1789-1802,88,428,5672,0.5671,0.7028,0.9874
ens,1700-1710,1770-1780,288,835,5688,0.5669,0.0437,0.3419
pleinement,1710-1720,1789-1802,503,607,5691,0.5667,0.6676,0.786
sortie,1730-1740,1740-1750,3789,919,5700,0.5667,0.7804,0.7981
blé,1740-1750,1780-1789,1194,1847,5678,0.5657,0.8856,0.8878
tenues,1760-1770,1789-1802,538,744,5678,0.5656,0.6667,0.489
navarre,1710-1720,1789-1802,798,813,5694,0.5654,0.6693,0.9441
obligations,1700-1710,1730-1740,392,516,5693,0.5652,0.1929,0.6332
veuves,1710-1720,1789-1802,344,618,5670,0.5651,0.9074,0.799
vice,1720-1730,1789-1802,1485,4513,5713,0.565,0.2686,0.379
sauvé,1750-1760,1789-1802,176,904,5665,0.5649,0.527,0.3351
dou,1720-1730,1780-1789,373,1722,5689,0.5648,0.3889,0.4326
pic,1730-1740,1789-1802,171,731,5664,0.5647,0.0105,0.5254
ati,1720-1730,1760-1770,205,293,5673,0.5646,0.0214,0.7263
her,1770-1780,1789-1802,2407,1600,5687,0.5645,0.6556,0.7152
aie,1720-1730,1760-1770,321,470,5704,0.5641,0.5376,0.7551
lde,1720-1730,1789-1802,192,2132,5278,0.5639,0.2782,0.9196
tige,1730-1740,1780-1789,253,2495,5671,0.5636,0.9557,0.68
convient,1700-1710,1730-1740,725,1649,5715,0.5636,0.3756,0.4338
orientales,1730-1740,1760-1770,672,1317,5678,0.5634,0.9495,0.7446
pieces,1700-1710,1720-1730,2777,2810,5708,0.5632,0.7245,0.9497
moulin,1700-1710,1760-1770,300,1549,5683,0.563,0.6272,0.7458
docteur,1700-1710,1789-1802,383,2739,5693,0.5629,0.7115,0.8975
insensible,1710-1720,1789-1802,167,945,5699,0.5626,0.1541,0.0934
ours,1700-1710,1789-1802,559,1063,5695,0.5624,0.8096,0.9756
accompagnée,1720-1730,1770-1780,254,797,5701,0.5622,0.4393,0.4897
ieur,1710-1720,1740-1750,486,452,5657,0.562,0.6291,0.9482
amsterdam,1720-1730,1730-1740,2008,381,5682,0.5618,0.9941,0.8545
doré,1720-1730,1760-1770,541,374,5671,0.5615,0.7699,0.8524
approchant,1710-1720,1730-1740,106,149,5685,0.5614,0.8441,0.2015
juge,1700-1710,1740-1750,2398,4634,5713,0.5612,0.6673,0.4351
comté,1720-1730,1789-1802,1968,2694,5677,0.5605,0.9215,0.7725
funestes,1760-1770,1770-1780,1051,1647,5692,0.5604,0.5733,0.0905
moine,1710-1720,1780-1789,187,931,5676,0.5589,0.0577,0.0418
sentiment,1700-1710,1730-1740,1502,3363,5714,0.5587,0.4671,0.4498
multitude,1700-1710,1710-1720,292,542,5707,0.5586,0.885,0.5418
lance,1750-1760,1789-1802,637,1290,5702,0.5585,0.0026,0.0276
jets,1700-1710,1789-1802,265,706,5679,0.5582,0.5244,0.7716
route,1710-1720,1760-1770,1382,5728,5715,0.5581,0.0681,0.037
traites,1740-1750,1760-1770,167,620,5664,0.558,0.6322,0.6562
gran,1710-1720,1780-1789,363,1349,5693,0.5576,0.2542,0.2627
cruelle,1770-1780,1780-1789,2666,3168,5704,0.5575,0.2451,0.029
bassesse,1700-1710,1770-1780,72,736,5661,0.5572,0.9911,0.2017
planche,1720-1730,1740-1750,867,777,5687,0.5571,0.4144,0.9039
vel,1720-1730,1780-1789,3322,1655,5690,0.5567,0.9987,0.9518
familles,1780-1789,1789-1802,3441,3837,5710,0.5566,0.116,0.156
lot,1740-1750,1789-1802,272,1101,5689,0.5565,0.0215,0.1757
item,1710-1720,1789-1802,1213,852,5670,0.5561,0.891,0.9952
sombre,1760-1770,1770-1780,578,900,5691,0.5558,0.0712,0.0326
ien,1720-1730,1740-1750,450,501,5689,0.5554,0.2283,0.9034
obtient,1710-1720,1770-1780,140,992,5692,0.5552,0.5298,0.2785
jura,1700-1710,1789-1802,115,643,5675,0.5551,0.3151,0.7394
voler,1700-1710,1760-1770,227,714,5690,0.5551,0.2298,0.1371
pardonnez,1720-1730,1789-1802,102,737,5672,0.5549,0.5801,0.3469
unies,1700-1710,1730-1740,509,1441,5689,0.5548,0.1868,0.4945
pompée,1700-1710,1730-1740,1890,1352,5671,0.5547,0.2362,0.3029
chap,1700-1710,1770-1780,1407,11554,5709,0.5543,0.404,0.9077
tot,1700-1710,1780-1789,575,1343,5680,0.5535,0.1688,0.6994
attribue,1700-1710,1760-1770,159,1080,5710,0.5533,0.4868,0.3533
millions,1700-1710,1710-1720,728,856,5706,0.5533,0.5834,0.8655
urs,1730-1740,1740-1750,259,531,5680,0.5532,0.3895,0.8732
petite,1760-1770,1780-1789,11852,15191,5715,0.553,0.123,0.2931
citation,1700-1710,1770-1780,50,324,5631,0.5529,0.3507,0.9294
souffrir,1700-1710,1730-1740,1068,2137,5711,0.5527,0.2417,0.2609
projet,1710-1720,1720-1730,1207,1121,5713,0.5525,0.3688,0.1889
digne,1720-1730,1750-1760,1876,4164,5716,0.552,0.5702,0.1777
them,1720-1730,1789-1802,835,1339,3215,0.5517,0.9739,0.9189
lumiere,1730-1740,1789-1802,874,651,5679,0.5514,0.0622,0.212
rat,1710-1720,1750-1760,204,359,5684,0.5509,0.0017,0.0288
mémoires,1700-1710,1720-1730,283,763,5705,0.5505,0.3563,0.2382
lia,1700-1710,1750-1760,367,356,5693,0.5505,0.2919,0.8228
verbal,1700-1710,1789-1802,728,2095,5668,0.5498,0.9405,0.8739
imagination,1710-1720,1750-1760,335,1331,5712,0.5492,0.1621,0.1359
evêques,1700-1710,1720-1730,853,824,5654,0.5485,0.9922,0.8981
traits,1740-1750,1750-1760,2241,3860,5715,0.5484,0.1622,0.0982
oppose,1720-1730,1730-1740,211,292,5702,0.5479,0.4273,0.1009
graves,1700-1710,1789-1802,200,1263,5699,0.5478,0.8922,0.9233
longueur,1730-1740,1740-1750,1217,3740,5709,0.5476,0.9779,0.7168
surprendre,1700-1710,1760-1770,288,656,5694,0.5473,0.0219,0.056
pit,1710-1720,1720-1730,114,220,5644,0.547,0.0033,0.2488
licence,1720-1730,1789-1802,297,1332,5697,0.547,0.1998,0.6708
jeux,1700-1710,1750-1760,956,1635,5709,0.5467,0.4714,0.3703
meurtre,1720-1730,1750-1760,254,503,5688,0.5467,0.2182,0.2458
écorce,1710-1720,1780-1789,142,710,5675,0.5464,0.8417,0.4573
colonies,1730-1740,1760-1770,667,3770,5703,0.5463,0.5359,0.463
attentat,1710-1720,1789-1802,115,732,5673,0.5455,0.3205,0.2503
devenue,1710-1720,1720-1730,263,270,5706,0.5453,0.0978,0.1704
nez,1720-1730,1760-1770,859,1209,5702,0.545,0.734,0.8155
gentilhomme,1710-1720,1730-1740,635,730,5687,0.5449,0.722,0.2163
imitation,1720-1730,1780-1789,118,660,5702,0.5442,0.2648,0.5238
mérité,1780-1789,1789-1802,1778,1737,5702,0.5438,0.1692,0.0525
écus,1710-1720,1760-1770,969,2491,5690,0.5437,0.7987,0.8668
osa,1700-1710,1740-1750,75,102,5663,0.5426,0.7418,0.4922
was,1770-1780,1789-1802,3541,2149,4984,0.5425,0.8911,0.8518
faut,1700-1710,1710-1720,19145,19584,5721,0.5423,0.5667,0.6323
lois,1720-1730,1789-1802,743,14264,5700,0.542,0.9952,0.966
conçu,1710-1720,1720-1730,128,137,5699,0.5419,0.0704,0.14
créance,1710-1720,1789-1802,139,932,5673,0.5414,0.8427,0.7047
connoissancent,1770-1780,1789-1802,1954,1356,5693,0.5411,0.8697,0.7067
imiter,1720-1730,1730-1740,395,487,5711,0.5409,0.4307,0.1423
reconnoître,1710-1720,1789-1802,466,1748,5701,0.5408,0.9272,0.0754
rues,1710-1720,1760-1770,1429,1376,5701,0.5407,0.7622,0.5683
from,1700-1710,1760-1770,1066,1795,5274,0.5404,0.8271,0.9584
tarif,1700-1710,1730-1740,351,7488,5654,0.5403,0.9988,0.9989
tre,1700-1710,1730-1740,4012,5653,5710,0.5402,0.0734,0.5377
droite,1720-1730,1750-1760,1896,2171,5711,0.54,0.6674,0.2092
justement,1710-1720,1789-1802,547,1188,5703,0.5393,0.4924,0.5569
contentement,1700-1710,1780-1789,233,1185,5684,0.5393,0.8173,0.3933
sentit,1730-1740,1770-1780,542,1020,5685,0.5388,0.1281,0.1286
rétablir,1730-1740,1740-1750,1078,1016,5703,0.5387,0.0787,0.0591
avare,1710-1720,1770-1780,207,705,5681,0.5375,0.385,0.0308
liberté,1710-1720,1789-1802,3639,32746,5717,0.5374,0.9514,0.9098
fournit,1710-1720,1720-1730,686,960,5709,0.5369,0.0829,0.3721
tis,1700-1710,1780-1789,695,818,5697,0.5365,0.6077,0.9723
orateur,1750-1760,1789-1802,378,1001,5699,0.5362,0.6146,0.1281
romans,1720-1730,1730-1740,208,691,5683,0.5361,0.9795,0.9683
aufi,1700-1710,1770-1780,289,1191,4997,0.5361,0.5308,0.9265
peaux,1770-1780,1780-1789,1303,1700,5677,0.5359,0.1719,0.1108
grèce,1700-1710,1730-1740,97,1026,5698,0.5358,0.8204,0.8716
jes,1710-1720,1720-1730,243,336,5695,0.5353,0.0732,0.7339
longs,1740-1750,1760-1770,901,1709,5710,0.535,0.2939,0.2762
provisions,1710-1720,1730-1740,1038,445,5694,0.5349,0.4992,0.2307
iur,1730-1740,1789-1802,407,1027,5683,0.5347,0.5114,0.9511
pense,1710-1720,1720-1730,1015,1175,5715,0.5343,0.1398,0.2633
noire,1730-1740,1789-1802,728,2417,5706,0.5341,0.2608,0.4392
entré,1750-1760,1760-1770,730,1900,5700,0.5338,0.859,0.846
monarque,1710-1720,1740-1750,425,1349,5701,0.5337,0.8224,0.1464
anne,1730-1740,1760-1770,507,1329,5694,0.5335,0.3664,0.1814
suppose,1700-1710,1730-1740,592,694,5715,0.5329,0.1537,0.262
verre,1710-1720,1770-1780,800,6100,5696,0.5329,0.6738,0.7122
fermes,1700-1710,1780-1789,284,5032,5694,0.5326,0.9094,0.9148
éloigner,1720-1730,1770-1780,170,788,5704,0.5319,0.9355,0.1978
double,1700-1710,1750-1760,1145,2518,5717,0.5319,0.2301,0.606
ient,1700-1710,1720-1730,346,228,5676,0.5315,0.5958,0.9456
cre,1700-1710,1760-1770,384,657,5685,0.5314,0.0998,0.7937
retient,1700-1710,1720-1730,218,220,5700,0.531,0.0995,0.1999
ingrat,1770-1780,1780-1789,959,853,5692,0.5306,0.0112,0.0012
jacques,1780-1789,1789-1802,4246,3457,5706,0.5304,0.3813,0.3332
francfort,1720-1730,1730-1740,652,129,5617,0.5301,0.6032,0.7761
vices,1760-1770,1789-1802,2219,4472,5710,0.5301,0.3934,0.0454
any,1710-1720,1770-1780,229,1490,5030,0.5294,0.8575,0.9806
léger,1730-1740,1789-1802,355,2294,5705,0.5292,0.1537,0.108
filets,1760-1770,1770-1780,3022,1614,5681,0.5282,0.7931,0.1896
cli,1700-1710,1750-1760,558,379,5664,0.527,0.3388,0.7814
moyenne,1720-1730,1780-1789,148,1359,5689,0.5269,0.7764,0.8027
quoiqu,1700-1710,1789-1802,85,770,5716,0.5268,0.6211,0.1277
continuellement,1700-1710,1770-1780,342,2672,5697,0.5262,0.4037,0.2481
sagement,1720-1730,1789-1802,222,1011,5693,0.5261,0.9509,0.5973
marchands,1710-1720,1789-1802,8957,3297,5699,0.5259,0.9193,0.6964
etranger,1760-1770,1770-1780,561,708,5680,0.5253,0.4817,0.722
maitres,1700-1710,1789-1802,1276,814,5671,0.5249,0.889,0.9728
pensée,1700-1710,1750-1760,896,1819,5708,0.5247,0.5124,0.5555
coi,1770-1780,1789-1802,817,1575,5685,0.5244,0.132,0.8113
tic,1700-1710,1750-1760,2122,317,5691,0.5241,0.8486,0.9977
choeur,1720-1730,1780-1789,739,3889,5663,0.5241,0.569,0.2033
charges,1760-1770,1789-1802,3844,5242,5710,0.524,0.1592,0.3246
ois,1700-1710,1740-1750,609,951,5693,0.5238,0.4676,0.5185
garantie,1720-1730,1760-1770,116,486,5655,0.5238,0.3258,0.3042
jeu,1700-1710,1730-1740,2068,1381,5711,0.5236,0.8558,0.7314
cité,1740-1750,1789-1802,2432,3696,5711,0.523,0.7433,0.9237
morceau,1710-1720,1789-1802,582,1816,5708,0.5227,0.8667,0.9007
perdue,1700-1710,1720-1730,189,232,5696,0.5225,0.0628,0.2115
transporter,1710-1720,1770-1780,643,1845,5696,0.5224,0.5655,0.3568
qut,1730-1740,1770-1780,132,287,5665,0.5222,0.3106,0.773
rivaux,1760-1770,1789-1802,592,982,5688,0.522,0.0401,0.011
entend,1700-1710,1710-1720,544,810,5714,0.5217,0.2342,0.1149
cin,1720-1730,1780-1789,528,1637,5672,0.5215,0.2095,0.4027
modes,1710-1720,1789-1802,83,852,5683,0.5213,0.2586,0.5089
approuve,1710-1720,1789-1802,106,559,5701,0.521,0.8971,0.2063
balance,1700-1710,1730-1740,428,533,5712,0.5207,0.5439,0.6674
ouvre,1710-1720,1730-1740,387,453,5710,0.5204,0.0266,0.1258
tiers,1700-1710,1789-1802,3064,9937,5699,0.5198,0.9343,0.9849
nia,1720-1730,1770-1780,198,548,5678,0.5195,0.0226,0.699
sûrement,1710-1720,1730-1740,252,246,5688,0.5185,0.1358,0.5194
laurent,1700-1710,1750-1760,192,883,5672,0.5179,0.1386,0.429
raconte,1710-1720,1740-1750,320,838,5701,0.5174,0.2284,0.7083
arrangement,1700-1710,1789-1802,84,921,5708,0.5172,0.6481,0.8031
ioi,1730-1740,1789-1802,209,1171,5669,0.5171,0.331,0.8783
what,1700-1710,1789-1802,422,977,1662,0.517,0.5805,0.9425
londres,1720-1730,1789-1802,3450,6883,5706,0.5169,0.9807,0.9144
attendent,1700-1710,1780-1789,86,561,5683,0.5167,0.1728,0.1843
dii,1740-1750,1760-1770,485,753,5691,0.5164,0.2594,0.7008
figne,1720-1730,1789-1802,381,671,5667,0.5159,0.5606,0.9472
grains,1730-1740,1740-1750,1587,3630,5703,0.5152,0.6153,0.719
allons,1720-1730,1750-1760,918,1969,5706,0.515,0.1196,0.5624
dure,1700-1710,1710-1720,693,775,5710,0.5146,0.4247,0.3808
colonne,1730-1740,1740-1750,631,289,5695,0.5146,0.9765,0.9457
venus,1710-1720,1789-1802,1860,2010,5710,0.514,0.9903,0.974
avo,1700-1710,1770-1780,110,394,5669,0.5139,0.3023,0.7985
vec,1720-1730,1789-1802,409,711,5678,0.5136,0.6536,0.8693
concurrence,1700-1710,1770-1780,188,2185,5676,0.5134,0.9684,0.9794
one,1700-1710,1710-1720,2195,447,5687,0.5129,0.8165,0.9671
couches,1700-1710,1760-1770,264,1544,5666,0.5129,0.9371,0.8291
rade,1700-1710,1789-1802,171,785,5671,0.5126,0.9338,0.788
religieuse,1720-1730,1789-1802,120,1075,5673,0.5125,0.9505,0.8499
liaison,1770-1780,1789-1802,1628,1132,5703,0.5116,0.4825,0.174
pique,1700-1710,1789-1802,229,590,5693,0.5114,0.4113,0.4498
queue,1780-1789,1789-1802,2167,1431,5695,0.5114,0.4116,0.297
jaune,1710-1720,1720-1730,698,745,5681,0.5111,0.2628,0.5774
verbe,1740-1750,1789-1802,183,2443,5662,0.5104,0.9498,0.8404
ferdinand,1700-1710,1789-1802,533,824,5636,0.5102,0.6312,0.8191
aimer,1700-1710,1720-1730,694,569,5706,0.5101,0.1339,0.1064
nec,1710-1720,1789-1802,1898,1568,5695,0.51,0.9862,0.7876
ide,1710-1720,1750-1760,424,631,5692,0.51,0.0359,0.8766
touchant,1710-1720,1789-1802,1252,1573,5706,0.5099,0.633,0.9207
tragique,1710-1720,1750-1760,200,529,5700,0.5097,0.1368,0.1827
taille,1720-1730,1789-1802,1932,3696,5714,0.5094,0.534,0.733
vaincu,1700-1710,1750-1760,282,907,5701,0.5092,0.2343,0.1667
egyptiens,1710-1720,1730-1740,235,774,5683,0.5086,0.925,0.7789
etienne,1780-1789,1789-1802,958,918,5683,0.5084,0.0177,0.1231
ina,1710-1720,1780-1789,113,577,5645,0.5083,0.0307,0.6861
bacchus,1710-1720,1740-1750,646,442,5688,0.5082,0.5743,0.5231
dies,1730-1740,1780-1789,675,789,5682,0.5079,0.8435,0.9413
tte,1730-1740,1750-1760,289,452,5678,0.5078,0.5961,0.8565
mefure,1710-1720,1789-1802,203,1079,5588,0.5075,0.8705,0.9415
dedans,1780-1789,1789-1802,6903,2322,5709,0.5074,0.7673,0.9762
calcul,1700-1710,1780-1789,208,2990,5699,0.5073,0.6152,0.8933
rappeller,1700-1710,1780-1789,154,1920,5697,0.507,0.8377,0.7787
tours,1710-1720,1720-1730,777,1840,5705,0.5064,0.3912,0.4593
aur,1730-1740,1780-1789,191,671,5664,0.5062,0.3061,0.2586
autour,1740-1750,1780-1789,2949,6265,5715,0.5059,0.3229,0.4278
coûte,1710-1720,1720-1730,312,309,5697,0.5055,0.3723,0.5295
privée,1700-1710,1780-1789,172,1332,5697,0.5051,0.4161,0.6985
chapitres,1710-1720,1740-1750,386,402,5685,0.5044,0.3875,0.7391
serpent,1700-1710,1760-1770,212,510,5678,0.5043,0.2509,0.402
demandes,1750-1760,1789-1802,817,2211,5692,0.5039,0.2733,0.153
travaux,1730-1740,1770-1780,1517,8431,5712,0.5037,0.4571,0.2467
cll,1700-1710,1760-1770,197,188,5623,0.5036,0.3604,0.9025
détroit,1710-1720,1740-1750,171,1313,5675,0.5034,0.967,0.7302
fondation,1720-1730,1730-1740,1306,454,5697,0.5032,0.5834,0.5468
rue,1720-1730,1760-1770,2378,9618,5707,0.503,0.9522,0.9427
sons,1700-1710,1760-1770,376,2422,5708,0.5025,0.885,0.8358
modernes,1780-1789,1789-1802,3318,2227,5711,0.5023,0.2297,0.5311
méchant,1710-1720,1760-1770,299,977,5698,0.5017,0.3594,0.1414
martin,1750-1760,1770-1780,1013,1941,5693,0.5014,0.1181,0.635
victimes,1710-1720,1789-1802,227,2780,5690,0.5011,0.7432,0.7412
abîme,1700-1710,1740-1750,55,106,5664,0.501,0.8596,0.2263
attribuer,1720-1730,1789-1802,251,1043,5702,0.5009,0.5963,0.5263
the,1710-1720,1770-1780,3708,25445,5716,0.5008,0.9869,0.9598
qie,1730-1740,1789-1802,158,1081,5303,0.5006,0.5217,0.9121
merce,1700-1710,1789-1802,122,959,5655,0.5005,0.2649,0.9251
peste,1710-1720,1740-1750,444,548,5691,0.5002,0.4357,0.5825
tro,1730-1740,1760-1770,188,433,5669,0.5,0.0095,0.8394
all,1770-1780,1789-1802,2042,2716,5699,0.4998,0.6216,0.64
barbarie,1700-1710,1770-1780,150,1911,5701,0.4992,0.897,0.6254
nit,1720-1730,1770-1780,185,432,5645,0.499,0.1729,0.0025
plains,1740-1750,1770-1780,275,576,5680,0.4988,0.6918,0.0864
éclairer,1700-1710,1780-1789,82,1102,5697,0.4984,0.5734,0.6183
onde,1700-1710,1770-1780,82,289,5676,0.4983,0.8286,0.7627
obéissance,1730-1740,1789-1802,242,623,5675,0.4974,0.9815,0.9655
taxes,1740-1750,1789-1802,317,2223,5609,0.4973,0.9251,0.7915
roche,1710-1720,1770-1780,236,1223,5685,0.497,0.6921,0.677
coupables,1700-1710,1780-1789,222,2238,5695,0.4965,0.7534,0.624
pompe,1700-1710,1780-1789,362,1688,5710,0.4963,0.0649,0.182
signe,1700-1710,1789-1802,324,3155,5699,0.4956,0.3121,0.709
interdit,1700-1710,1710-1720,171,243,5691,0.4953,0.3192,0.1453
vaines,1720-1730,1760-1770,394,1188,5698,0.4952,0.5451,0.1135
cie,1710-1720,1720-1730,227,335,5680,0.4949,0.0443,0.8648
ort,1770-1780,1789-1802,411,753,5680,0.4946,0.0323,0.8769
détourner,1730-1740,1789-1802,601,1120,5699,0.4945,0.3317,0.1679
enlevé,1770-1780,1789-1802,1370,1141,5704,0.4943,0.0211,0.0114
pieux,1720-1730,1789-1802,482,693,5697,0.4939,0.7192,0.7718
prêtres,1710-1720,1720-1730,444,976,5698,0.4937,0.2568,0.1781
lei,1700-1710,1720-1730,560,464,5688,0.4935,0.2991,0.9004
remplie,1700-1710,1780-1789,346,1849,5706,0.4934,0.3639,0.5297
qii,1730-1740,1789-1802,185,1110,5664,0.4931,0.4553,0.9401
goûter,1720-1730,1750-1760,247,615,5698,0.4929,0.0492,0.1809
attiré,1770-1780,1789-1802,825,625,5699,0.4921,0.1421,0.1398
bicn,1710-1720,1740-1750,437,568,5633,0.4919,0.5403,0.963
esse,1770-1780,1780-1789,2995,1437,5678,0.4917,0.68,0.6748
proposition,1710-1720,1740-1750,1093,1733,5706,0.4914,0.2163,0.1668
due,1700-1710,1750-1760,534,1054,5716,0.491,0.6915,0.8611
cum,1710-1720,1770-1780,2296,7588,5701,0.4909,0.7637,0.8147
plu,1700-1710,1789-1802,912,4041,5707,0.4907,0.0079,0.2583
bienfait,1700-1710,1710-1720,88,144,5685,0.4902,0.8341,0.2549
emplois,1710-1720,1789-1802,521,2145,5693,0.4901,0.2576,0.4198
fil,1700-1710,1740-1750,1688,2242,5713,0.4899,0.8103,0.9541
clémence,1710-1720,1730-1740,117,481,5683,0.4897,0.9742,0.9554
ace,1710-1720,1720-1730,256,268,5681,0.4896,0.1349,0.775
antres,1730-1740,1740-1750,212,377,5687,0.4895,0.3253,0.7481
enseigne,1710-1720,1730-1740,379,554,5696,0.4894,0.7262,0.7853
pla,1710-1720,1750-1760,216,530,5679,0.4889,0.0087,0.7006
tenant,1720-1730,1750-1760,873,1415,5710,0.4886,0.1223,0.1306
cclui,1700-1710,1710-1720,167,303,5510,0.4874,0.7351,0.886
marseille,1740-1750,1789-1802,518,2068,5681,0.4868,0.1646,0.9162
consommation,1730-1740,1750-1760,300,1479,5664,0.4868,0.6394,0.6418
bandes,1750-1760,1780-1789,464,987,5675,0.4864,0.799,0.8397
rivage,1710-1720,1740-1750,596,3195,5692,0.4863,0.9482,0.7398
expliqué,1740-1750,1789-1802,617,719,5703,0.4861,0.1348,0.2293
dissimuler,1700-1710,1720-1730,110,105,5690,0.486,0.0504,0.2271
with,1700-1710,1770-1780,1214,3151,4565,0.4854,0.9492,0.9538
remarqué,1730-1740,1760-1770,1300,1821,5712,0.4848,0.3239,0.588
honnêtes,1770-1780,1780-1789,2280,2161,5699,0.4847,0.4066,0.1044
syrie,1700-1710,1780-1789,212,1210,5664,0.4847,0.8451,0.8525
coupé,1710-1720,1780-1789,233,967,5694,0.4845,0.1934,0.1875
fais,1730-1740,1789-1802,2573,8339,5715,0.4843,0.6161,0.6467
cau,1710-1720,1789-1802,400,628,5678,0.4838,0.3478,0.6912
age,1700-1710,1770-1780,548,1093,5704,0.4836,0.0395,0.3814
acteurs,1730-1740,1789-1802,387,878,5695,0.4836,0.0743,0.1384
vint,1700-1710,1710-1720,1864,1877,5712,0.4829,0.1487,0.4457
tombeaux,1720-1730,1740-1750,190,366,5677,0.4827,0.8325,0.4532
abondante,1740-1750,1760-1770,463,1222,5698,0.4826,0.8162,0.207
gouverneurs,1720-1730,1789-1802,868,941,5676,0.4825,0.8543,0.7593
vraiment,1710-1720,1789-1802,355,3973,5705,0.4822,0.8247,0.9691
promets,1710-1720,1770-1780,227,560,5672,0.4813,0.8491,0.4642
accusé,1760-1770,1770-1780,368,711,5681,0.4812,0.0313,0.0091
remises,1710-1720,1740-1750,240,232,5673,0.481,0.5463,0.6759
telles,1710-1720,1740-1750,1159,2496,5715,0.4809,0.2801,0.5384
calme,1710-1720,1770-1780,421,2238,5709,0.4807,0.5717,0.4077
finit,1700-1710,1730-1740,551,919,5707,0.4804,0.3378,0.1427
eni,1720-1730,1789-1802,673,2382,5670,0.4803,0.2887,0.7469
constantinople,1700-1710,1740-1750,485,283,5655,0.4801,0.17,0.8636
arrêts,1700-1710,1710-1720,392,2289,5688,0.4795,0.4217,0.5811
tourné,1710-1720,1770-1780,293,905,5693,0.4794,0.1291,0.0943
ordonner,1710-1720,1789-1802,727,1155,5700,0.4794,0.9009,0.8268
fidèles,1710-1720,1760-1770,207,469,5678,0.4792,0.4948,0.125
ita,1710-1720,1780-1789,1019,1075,5690,0.4789,0.6447,0.8627
pai,1720-1730,1789-1802,459,1478,5694,0.4787,0.3852,0.1647
lait,1760-1770,1789-1802,2226,2747,5713,0.478,0.3292,0.5053
sardaigne,1700-1710,1789-1802,50,778,5653,0.4779,0.9529,0.8369
uit,1700-1710,1770-1780,757,477,5668,0.4776,0.8306,0.9856
clle,1710-1720,1740-1750,181,614,5671,0.4774,0.462,0.9278
piété,1720-1730,1780-1789,357,1977,5694,0.4772,0.8806,0.5169
autrui,1710-1720,1730-1740,120,148,5699,0.4771,0.487,0.6916
honteuse,1760-1770,1780-1789,380,803,5690,0.4769,0.6053,0.0041
victoire,1720-1730,1730-1740,1316,2574,5710,0.4768,0.5203,0.3447
conservé,1730-1740,1760-1770,802,1462,5711,0.4764,0.24,0.1553
rous,1700-1710,1789-1802,206,858,5667,0.4762,0.0876,0.9137
lie,1730-1740,1789-1802,1175,4715,5714,0.4762,0.001,0.0681
égalité,1780-1789,1789-1802,843,1594,5698,0.4759,0.5508,0.4354
écoutez,1700-1710,1720-1730,119,180,5683,0.4757,0.006,0.0592
délices,1720-1730,1750-1760,224,723,5689,0.4754,0.4837,0.0822
vou,1730-1740,1760-1770,1083,1657,5697,0.4753,0.0434,0.3847
malheureux,1720-1730,1730-1740,1421,2830,5713,0.475,0.0968,0.0375
premiers,1710-1720,1730-1740,3182,4791,5717,0.4749,0.3067,0.215
laisser,1720-1730,1730-1740,1827,3300,5715,0.4746,0.2187,0.2595
principal,1710-1720,1789-1802,1754,4071,5717,0.4745,0.5858,0.6475
obtenu,1710-1720,1789-1802,671,2700,5706,0.4742,0.4354,0.6955
ine,1710-1720,1740-1750,524,849,5691,0.4741,0.1618,0.749
ist,1720-1730,1770-1780,240,284,5650,0.474,0.3168,0.9088
armées,1720-1730,1730-1740,1661,2234,5705,0.4739,0.7559,0.6578
matière,1710-1720,1720-1730,717,604,5713,0.4731,0.3421,0.2513
plaines,1720-1730,1780-1789,325,1407,5688,0.473,0.7073,0.368
données,1720-1730,1789-1802,1068,2241,5707,0.4728,0.9569,0.9319
ventre,1710-1720,1760-1770,824,2525,5691,0.4725,0.9488,0.7638
appuyé,1700-1710,1789-1802,106,658,5688,0.4723,0.3139,0.2866
ris,1730-1740,1789-1802,976,2144,5704,0.4722,0.0676,0.4013
sonne,1710-1720,1780-1789,268,1366,5683,0.472,0.5082,0.6483
flammes,1770-1780,1780-1789,812,1074,5681,0.472,0.0201,0.1058
david,1740-1750,1760-1770,663,1232,5704,0.4718,0.0909,0.7538
lâche,1710-1720,1780-1789,283,1553,5698,0.4716,0.0702,0.0267
mari,1700-1710,1710-1720,1831,1777,5708,0.4712,0.5057,0.5788
fermeté,1710-1720,1740-1750,389,895,5699,0.471,0.6671,0.2086
orgueil,1750-1760,1789-1802,885,1852,5708,0.4706,0.8176,0.0414
fêtes,1740-1750,1750-1760,928,1222,5702,0.4699,0.0603,0.0178
dus,1700-1710,1730-1740,231,399,5702,0.4691,0.1352,0.3059
fine,1700-1710,1780-1789,1278,2233,5710,0.4688,0.8613,0.9386
neige,1760-1770,1770-1780,534,1161,5681,0.4686,0.2279,0.1366
expédition,1740-1750,1789-1802,727,1439,5694,0.4685,0.2286,0.1306
justifier,1740-1750,1770-1780,891,1991,5706,0.4683,0.0763,0.0374
plaît,1710-1720,1740-1750,1197,1187,5704,0.4674,0.533,0.4634
rendent,1740-1750,1750-1760,2023,1972,5714,0.4674,0.5823,0.2392
oni,1700-1710,1750-1760,239,266,5646,0.4672,0.3825,0.8447
conseiller,1720-1730,1730-1740,1262,1421,5702,0.4668,0.1522,0.3888
comédie,1710-1720,1750-1760,771,2980,5698,0.4665,0.4484,0.8015
recette,1730-1740,1780-1789,544,2587,5681,0.4664,0.3962,0.7631
laissa,1710-1720,1730-1740,989,1545,5691,0.4662,0.2481,0.1736
ooo,1700-1710,1730-1740,2197,709,5682,0.466,0.9718,0.9957
généralement,1710-1720,1770-1780,271,3044,5712,0.4658,0.6106,0.4436
tranquillité,1700-1710,1789-1802,252,3264,5702,0.4657,0.9466,0.6953
printems,1770-1780,1789-1802,2176,927,5671,0.4656,0.7999,0.3686
explique,1710-1720,1720-1730,412,246,5710,0.4654,0.0883,0.1446
oin,1700-1710,1770-1780,202,465,5637,0.4653,0.4526,0.9536
eis,1730-1740,1760-1770,907,562,5663,0.465,0.9874,0.9961
demander,1720-1730,1740-1750,1966,4269,5715,0.4646,0.2572,0.3493
horribles,1700-1710,1789-1802,105,890,5685,0.4638,0.7051,0.5754
diviser,1730-1740,1770-1780,128,804,5673,0.4636,0.3008,0.1549
prodigieuse,1700-1710,1760-1770,166,905,5697,0.4623,0.6371,0.4851
rouen,1720-1730,1789-1802,1085,1815,5687,0.4622,0.9217,0.7889
alexandrie,1700-1710,1760-1770,66,258,5672,0.4618,0.3703,0.8036
neuvième,1720-1730,1770-1780,138,358,5683,0.4617,0.8748,0.8892
dic,1720-1730,1770-1780,491,807,5670,0.4615,0.2014,0.0422
communauté,1710-1720,1789-1802,2535,1468,5695,0.461,0.7567,0.9095
ril,1750-1760,1789-1802,136,576,5624,0.4609,0.2138,0.8442
lyon,1730-1740,1789-1802,1178,3331,5694,0.4607,0.0902,0.5687
étonne,1720-1730,1770-1780,74,443,5703,0.4605,0.9662,0.817
cérémonies,1700-1710,1710-1720,245,321,5695,0.4604,0.4035,0.0744
reçues,1710-1720,1780-1789,164,1096,5696,0.4603,0.4806,0.5064
cabale,1710-1720,1789-1802,253,652,5670,0.46,0.9612,0.2933
oublie,1700-1710,1770-1780,73,665,5704,0.46,0.248,0.1759
ruse,1700-1710,1720-1730,78,296,5681,0.4593,0.6351,0.1491
feux,1700-1710,1740-1750,2215,1068,5703,0.4586,0.8749,0.973
tenter,1710-1720,1750-1760,246,808,5701,0.4585,0.0361,0.0048
arrêt,1720-1730,1780-1789,719,7893,5701,0.4584,0.5997,0.7423
délivrer,1710-1720,1720-1730,442,547,5702,0.4581,0.3359,0.0571
entièrement,1710-1720,1780-1789,691,4498,5711,0.458,0.1626,0.3867
fleuve,1740-1750,1789-1802,2059,1867,5696,0.4576,0.8168,0.4039
estime,1740-1750,1760-1770,798,1329,5712,0.4569,0.3017,0.0315
has,1720-1730,1789-1802,498,1176,5637,0.4558,0.6718,0.8856
iie,1740-1750,1789-1802,341,1727,5686,0.4556,0.1787,0.8429
civile,1740-1750,1789-1802,1025,4701,5700,0.4554,0.5205,0.6615
apparemment,1700-1710,1789-1802,598,692,5698,0.4553,0.1236,0.5679
quie,1740-1750,1760-1770,189,315,5252,0.4551,0.1329,0.5397
ioo,1730-1740,1750-1760,334,1192,5672,0.4551,0.598,0.9817
charbon,1700-1710,1760-1770,226,5262,5675,0.455,0.8801,0.749
appellent,1720-1730,1730-1740,731,558,5707,0.4548,0.5925,0.4703
jean,1700-1710,1789-1802,3545,9751,5713,0.4548,0.0352,0.7497
ila,1740-1750,1789-1802,375,1106,5671,0.4547,0.0383,0.5923
qul,1710-1720,1780-1789,149,868,5613,0.4544,0.2828,0.854
célèbre,1710-1720,1730-1740,352,678,5705,0.4544,0.2462,0.1587
délivrance,1700-1710,1760-1770,168,690,5680,0.4542,0.5671,0.5407
approbation,1730-1740,1789-1802,476,499,5718,0.4541,0.7105,0.4401
our,1700-1710,1770-1780,1725,2566,5714,0.4537,0.4381,0.579
alliés,1700-1710,1710-1720,106,180,5679,0.4537,0.7887,0.4086
contra,1740-1750,1789-1802,1145,802,5687,0.4535,0.5753,0.9109
volontaire,1700-1710,1789-1802,260,1303,5691,0.4533,0.3103,0.3579
parle,1720-1730,1740-1750,4043,5755,5716,0.4532,0.0493,0.2014
nantes,1750-1760,1780-1789,668,1435,5675,0.453,0.0124,0.6926
servitude,1700-1710,1789-1802,235,1981,5691,0.4529,0.6823,0.5482
éviter,1700-1710,1750-1760,925,2198,5713,0.4528,0.171,0.1756
tribut,1700-1710,1789-1802,135,1701,5699,0.4526,0.8615,0.4481
ministère,1700-1710,1770-1780,140,1311,5655,0.4525,0.7283,0.7995
chapitre,1730-1740,1780-1789,5361,13316,5715,0.4523,0.2308,0.7953
lii,1730-1740,1789-1802,577,2886,5681,0.4523,0.5568,0.9155
supporter,1710-1720,1789-1802,250,2642,5706,0.4522,0.3859,0.1338
lien,1700-1710,1710-1720,417,415,5706,0.4518,0.0057,0.0379
contraindre,1710-1720,1720-1730,461,283,5690,0.4517,0.0822,0.3525
envoyer,1700-1710,1789-1802,570,2052,5699,0.4509,0.1846,0.518
frontieres,1770-1780,1780-1789,818,866,5475,0.4506,0.7853,0.7081
venoit,1730-1740,1740-1750,3257,3440,5704,0.4505,0.8564,0.3527
offrant,1700-1710,1789-1802,74,713,5692,0.4499,0.3723,0.6969
and,1700-1710,1770-1780,7563,12921,5720,0.4498,0.9194,0.9335
ret,1710-1720,1789-1802,148,760,5663,0.4495,0.0015,0.2012
oil,1700-1710,1760-1770,339,520,5663,0.4494,0.4975,0.9669
nouvellement,1700-1710,1740-1750,285,495,5694,0.4492,0.1836,0.5644
antre,1710-1720,1789-1802,130,532,5692,0.4491,0.6395,0.0532
manufactures,1730-1740,1740-1750,996,508,5684,0.4488,0.828,0.783
oubliez,1710-1720,1720-1730,60,81,5665,0.4488,0.45,0.3006
sic,1710-1720,1789-1802,504,721,5687,0.4486,0.7251,0.9182
oir,1730-1740,1789-1802,313,1558,5679,0.4484,0.3736,0.8828
aimé,1700-1710,1720-1730,634,593,5709,0.4481,0.0601,0.0859
vendus,1750-1760,1780-1789,396,882,5677,0.4477,0.0498,0.2494
ferment,1700-1710,1710-1720,756,953,5693,0.4474,0.003,0.1129
orage,1740-1750,1760-1770,290,248,5693,0.4474,0.278,0.1138
ion,1700-1710,1789-1802,3784,10774,5707,0.4473,0.3404,0.923
côte,1700-1710,1710-1720,721,534,5701,0.4471,0.524,0.3744
maris,1700-1710,1720-1730,367,522,5688,0.4467,0.3279,0.585
jardin,1700-1710,1740-1750,1045,1120,5706,0.4466,0.4024,0.5733
intention,1710-1720,1770-1780,507,1467,5711,0.4464,0.3625,0.3881
latin,1760-1770,1770-1780,2744,4130,5707,0.4457,0.3771,0.2561
vicieux,1700-1710,1720-1730,122,149,5690,0.4456,0.0343,0.1562
vante,1700-1710,1780-1789,164,975,5699,0.4456,0.4666,0.5494
places,1720-1730,1780-1789,2624,6052,5713,0.4455,0.1051,0.4456
ail,1700-1710,1740-1750,993,482,5711,0.4454,0.3431,0.9066
pologne,1770-1780,1780-1789,3518,1992,5685,0.4452,0.628,0.2994
chiens,1700-1710,1720-1730,856,433,5697,0.4452,0.4038,0.6551
tie,1700-1710,1710-1720,1739,442,5707,0.4449,0.7103,0.9854
bords,1730-1740,1740-1750,1257,2209,5702,0.4449,0.974,0.7094
tue,1700-1710,1730-1740,561,482,5703,0.4447,0.7089,0.971
prélat,1700-1710,1750-1760,200,789,5667,0.4445,0.8548,0.241
nourrir,1710-1720,1789-1802,761,2009,5702,0.4443,0.4933,0.508
inde,1700-1710,1780-1789,626,518,5688,0.4441,0.991,0.9998
pressant,1720-1730,1760-1770,103,443,5673,0.444,0.3706,0.3881
prétendus,1700-1710,1710-1720,123,232,5691,0.4434,0.5684,0.5731
entière,1710-1720,1770-1780,572,2615,5707,0.4433,0.7116,0.6186
lle,1700-1710,1760-1770,530,862,5681,0.4432,0.3402,0.8609
catherine,1760-1770,1780-1789,1011,1985,5665,0.4431,0.2871,0.1455
virgile,1730-1740,1770-1780,1967,1900,5704,0.4429,0.2631,0.4427
camarades,1770-1780,1789-1802,852,1002,5682,0.4427,0.1298,0.1245
magnifique,1720-1730,1780-1789,617,1569,5703,0.4424,0.0535,0.3068
inventaire,1730-1740,1789-1802,315,480,5641,0.4423,0.5303,0.8141
dec,1720-1730,1750-1760,716,604,5689,0.4421,0.5118,0.6688
cornes,1720-1730,1789-1802,298,676,5687,0.442,0.6929,0.3358
hymen,1770-1780,1789-1802,541,567,5671,0.4418,0.0362,0.0151
charmes,1730-1740,1780-1789,1315,3221,5705,0.4415,0.4212,0.2435
ausi,1710-1720,1789-1802,786,923,5664,0.4414,0.9164,0.9493
avances,1730-1740,1760-1770,303,3288,5682,0.4411,0.7344,0.8378
malades,1710-1720,1750-1760,581,950,5698,0.441,0.1238,0.1706
fureur,1740-1750,1780-1789,2119,4919,5714,0.4409,0.1327,0.1489
défaire,1730-1740,1789-1802,601,764,5695,0.4408,0.4802,0.3339
mil,1710-1720,1789-1802,3193,2178,5698,0.4407,0.9991,0.9867
bâton,1710-1720,1760-1770,480,879,5698,0.4398,0.4296,0.4689
baleine,1700-1710,1789-1802,105,816,5644,0.4396,0.8464,0.7777
voitures,1700-1710,1780-1789,60,1561,5677,0.4395,0.4419,0.6713
défendu,1720-1730,1730-1740,474,1065,5704,0.4394,0.052,0.2599
partic,1710-1720,1730-1740,192,115,5199,0.4393,0.0309,0.8515
parles,1720-1730,1789-1802,281,841,5695,0.4389,0.0393,0.0317
accorda,1710-1720,1750-1760,208,605,5680,0.4388,0.3237,0.296
dais,1740-1750,1770-1780,347,698,5676,0.4386,0.4989,0.6437
prc,1730-1740,1789-1802,205,799,5656,0.4383,0.4944,0.9045
joints,1730-1740,1760-1770,456,1271,5697,0.4382,0.9293,0.9141
bernard,1720-1730,1780-1789,802,838,5683,0.4382,0.7126,0.6517
sauvage,1720-1730,1770-1780,472,2781,5704,0.4381,0.6134,0.2954
era,1710-1720,1740-1750,172,288,5673,0.4379,0.3166,0.698
end,1710-1720,1770-1780,67,316,5660,0.4377,0.4678,0.8671
fel,1710-1720,1789-1802,1459,1655,5674,0.4375,0.9001,0.9803
aunes,1730-1740,1789-1802,563,1150,5659,0.4372,0.7831,0.9324
soigneusement,1730-1740,1740-1750,140,509,5668,0.4371,0.2324,0.5112
arr,1720-1730,1740-1750,250,546,5672,0.4371,0.0232,0.5727
matelots,1720-1730,1730-1740,424,443,5685,0.4364,0.8713,0.3236
proportions,1730-1740,1789-1802,210,1074,5696,0.4361,0.609,0.6274
savant,1720-1730,1730-1740,364,819,5703,0.436,0.048,0.0717
elf,1710-1720,1740-1750,80,368,5513,0.4359,0.3909,0.8847
doubles,1710-1720,1760-1770,319,1301,5681,0.4357,0.2598,0.127
neuve,1730-1740,1760-1770,266,1197,5694,0.4357,0.5543,0.7206
joie,1760-1770,1780-1789,3869,6610,5707,0.4355,0.2457,0.0249
which,1760-1770,1789-1802,563,3468,3862,0.4351,0.5978,0.9164
mépriser,1700-1710,1770-1780,104,798,5692,0.435,0.7205,0.3826
than,1740-1750,1789-1802,84,708,3009,0.4347,0.9706,0.9465
lut,1700-1710,1780-1789,662,1295,5700,0.4347,0.7256,0.9602
crurent,1740-1750,1780-1789,421,711,5669,0.4344,0.8432,0.5288
divise,1730-1740,1760-1770,134,1621,5674,0.434,0.9022,0.5932
convaincre,1720-1730,1750-1760,360,1154,5703,0.4336,0.5803,0.3148
ler,1710-1720,1740-1750,638,1464,5697,0.4333,0.286,0.6845
banque,1750-1760,1770-1780,1635,2245,5666,0.433,0.1491,0.2608
dettes,1710-1720,1750-1760,772,1864,5691,0.4329,0.7212,0.3942
poignard,1710-1720,1730-1740,128,255,5690,0.4326,0.3108,0.3001
qualité,1700-1710,1789-1802,2424,20745,5717,0.4326,0.9871,0.9915
employée,1710-1720,1770-1780,564,1247,5704,0.4314,0.9707,0.9763
antique,1700-1710,1740-1750,61,152,5693,0.4313,0.2077,0.535
ani,1720-1730,1760-1770,366,708,5686,0.4312,0.0432,0.7805
département,1710-1720,1789-1802,193,10184,5685,0.4312,0.9812,0.9221
concile,1700-1710,1720-1730,856,1741,5662,0.4311,0.7524,0.6508
cris,1730-1740,1770-1780,1536,3002,5707,0.4305,0.3975,0.1816
portent,1720-1730,1730-1740,1763,1379,5716,0.4304,0.221,0.3035
partout,1700-1710,1760-1770,535,2186,5702,0.4301,0.2855,0.5434
systême,1710-1720,1730-1740,435,317,5682,0.4301,0.9836,0.7287
tas,1700-1710,1710-1720,244,267,5689,0.4299,0.0817,0.3374
honoré,1710-1720,1789-1802,521,1274,5697,0.4298,0.5097,0.9267
première,1710-1720,1740-1750,1842,2693,5717,0.4296,0.309,0.6092
suc,1710-1720,1789-1802,435,1580,5684,0.4294,0.8541,0.465
edit,1710-1720,1730-1740,3360,2091,5696,0.4293,0.6056,0.9102
rivale,1720-1730,1789-1802,138,656,5677,0.4291,0.9427,0.9248
actions,1730-1740,1740-1750,2301,1461,5716,0.429,0.2635,0.2652
signes,1710-1720,1770-1780,112,704,5689,0.4286,0.2126,0.2718
bail,1700-1710,1730-1740,625,1097,5680,0.4282,0.4637,0.7816
immeubles,1730-1740,1789-1802,228,1155,5552,0.428,0.7096,0.7076
occupations,1750-1760,1770-1780,561,1047,5694,0.428,0.3203,0.0841
uin,1730-1740,1789-1802,145,1229,5645,0.4276,0.3928,0.9372
enlever,1700-1710,1710-1720,281,551,5699,0.4274,0.102,0.0687
autem,1730-1740,1770-1780,2560,2776,5669,0.4273,0.9345,0.8271
institution,1700-1710,1789-1802,52,1405,5675,0.4265,0.8978,0.8887
iui,1700-1710,1730-1740,246,199,5674,0.4263,0.6398,0.907
superbe,1710-1720,1760-1770,401,794,5703,0.4261,0.1698,0.1163
averti,1750-1760,1780-1789,509,844,5688,0.4259,0.0737,0.2028
physique,1730-1740,1789-1802,615,2803,5701,0.4253,0.9598,0.8218
circonstances,1710-1720,1740-1750,1044,2245,5717,0.4248,0.3276,0.3221
sûreté,1700-1710,1789-1802,290,3330,5696,0.4248,0.8861,0.7901
gouvernement,1700-1710,1789-1802,1390,28535,5710,0.4245,0.8566,0.9253
prouvé,1780-1789,1789-1802,2796,3067,5709,0.4238,0.4541,0.2166
alexandre,1730-1740,1789-1802,2026,1566,5707,0.4235,0.827,0.7882
corrompre,1710-1720,1789-1802,203,1013,5689,0.4234,0.8155,0.4897
héritiers,1710-1720,1750-1760,351,904,5684,0.4234,0.1782,0.2327
regarda,1710-1720,1730-1740,179,295,5668,0.4231,0.2398,0.2919
syndic,1710-1720,1789-1802,336,862,5678,0.4228,0.8343,0.8927
disoit,1710-1720,1730-1740,1248,2896,5705,0.4226,0.6607,0.0955
ert,1770-1780,1789-1802,763,912,5694,0.4225,0.3602,0.9249
délicat,1750-1760,1770-1780,802,1249,5699,0.4224,0.0435,0.0457
payant,1700-1710,1710-1720,314,562,5681,0.4219,0.6889,0.5816
agite,1710-1720,1770-1780,110,374,5678,0.4218,0.8267,0.6741
charité,1700-1710,1780-1789,946,3000,5701,0.4215,0.8352,0.9374
évident,1710-1720,1760-1770,367,1981,5698,0.4213,0.4828,0.6729
prisonniers,1730-1740,1740-1750,964,1679,5700,0.4211,0.2931,0.0468
arbitre,1700-1710,1740-1750,220,184,5686,0.4209,0.9651,0.9852
ornemens,1730-1740,1770-1780,575,852,5693,0.4205,0.789,0.0069
traite,1700-1710,1789-1802,909,3888,5714,0.4204,0.4064,0.6169
arriva,1720-1730,1730-1740,1393,2152,5705,0.4203,0.2981,0.5333
pardonner,1740-1750,1760-1770,521,724,5691,0.4195,0.1582,0.0253
crie,1710-1720,1730-1740,227,236,5694,0.4193,0.335,0.0347
charmant,1760-1770,1770-1780,808,1214,5688,0.419,0.0166,0.0333
rappelle,1700-1710,1760-1770,101,1314,5707,0.4184,0.9376,0.804
comtesse,1710-1720,1770-1780,382,2791,5670,0.4182,0.87,0.5795
savez,1720-1730,1789-1802,412,2468,5681,0.4181,0.6576,0.4634
isi,1740-1750,1789-1802,220,620,5654,0.4181,0.2038,0.8709
paroisses,1700-1710,1780-1789,313,1691,5646,0.418,0.9879,0.9696
dite,1740-1750,1760-1770,1113,1475,5707,0.4179,0.9607,0.9776
sureté,1700-1710,1789-1802,372,1992,5691,0.4174,0.9806,0.751
venez,1720-1730,1730-1740,559,1277,5694,0.4174,0.0942,0.061
instruire,1730-1740,1789-1802,691,1162,5706,0.4167,0.8221,0.124
brutus,1710-1720,1730-1740,343,1300,5668,0.4167,0.5918,0.7218
équivoque,1710-1720,1789-1802,110,677,5699,0.4164,0.3814,0.2739
provinces,1730-1740,1740-1750,6445,5052,5710,0.4162,0.604,0.6007
assurée,1700-1710,1789-1802,127,987,5676,0.4161,0.7196,0.4612
défendre,1730-1740,1740-1750,2813,2409,5710,0.416,0.2646,0.0952
porteurs,1710-1720,1789-1802,743,1188,5668,0.4155,0.7546,0.7101
richesse,1700-1710,1760-1770,101,2413,5702,0.4154,0.8987,0.7988
siège,1720-1730,1730-1740,340,524,5679,0.4153,0.0939,0.1186
deviennent,1730-1740,1760-1770,662,2428,5706,0.4152,0.2836,0.1437
luc,1700-1710,1770-1780,470,856,5681,0.4151,0.3748,0.9305
princesse,1700-1710,1750-1760,2411,1764,5707,0.4146,0.6838,0.6496
amendes,1710-1720,1730-1740,452,1257,5657,0.4145,0.7845,0.6885
ers,1730-1740,1789-1802,392,1235,5689,0.4141,0.2412,0.8991
cis,1710-1720,1789-1802,215,740,5629,0.4137,0.07,0.1798
productions,1710-1720,1789-1802,346,3398,5711,0.4136,0.795,0.833
illusion,1700-1710,1789-1802,58,996,5702,0.4134,0.245,0.526
réglemens,1710-1720,1730-1740,1273,570,5685,0.4133,0.8824,0.5859
franchise,1700-1710,1780-1789,84,1360,5686,0.4132,0.393,0.2234
vendre,1700-1710,1730-1740,1688,1843,5704,0.4129,0.1776,0.7371
reprend,1710-1720,1720-1730,242,172,5689,0.4118,0.0047,0.0345
tendres,1770-1780,1780-1789,1978,1986,5703,0.4114,0.4848,0.1471
paroissent,1760-1770,1789-1802,2225,1919,5702,0.4114,0.4633,0.0898
raisons,1700-1710,1720-1730,1754,2272,5715,0.4112,0.1379,0.5256
pars,1710-1720,1789-1802,287,871,5687,0.4111,0.6807,0.847
ile,1720-1730,1760-1770,770,1288,5706,0.4111,0.2981,0.8876
odeur,1750-1760,1770-1780,774,2522,5695,0.4104,0.4109,0.3501
conjuration,1710-1720,1730-1740,116,324,5665,0.4097,0.5705,0.434
fii,1740-1750,1750-1760,523,362,5662,0.4097,0.505,0.7938
oient,1720-1730,1730-1740,405,444,5686,0.4089,0.7865,0.7408
histoire,1720-1730,1730-1740,1830,4735,5723,0.4086,0.1356,0.4511
incessamment,1720-1730,1780-1789,179,594,5667,0.4085,0.9445,0.4082
signé,1720-1730,1789-1802,1293,3518,5694,0.4078,0.3707,0.9932
feu,1720-1730,1789-1802,8595,14778,5718,0.4076,0.5653,0.9027
pousse,1710-1720,1730-1740,360,411,5700,0.4073,0.2184,0.2624
henri,1740-1750,1789-1802,1668,4726,5699,0.4071,0.1802,0.1916
termes,1700-1710,1730-1740,2261,3115,5715,0.4067,0.5325,0.33
ple,1710-1720,1789-1802,312,1444,5679,0.4065,0.3059,0.5253
voie,1700-1710,1789-1802,413,3823,5712,0.4065,0.7324,0.8543
use,1700-1710,1720-1730,631,508,5708,0.4062,0.9327,0.7999
face,1700-1710,1770-1780,845,3727,5716,0.4062,0.678,0.8253
posé,1710-1720,1789-1802,348,901,5700,0.4056,0.5948,0.7074
exempt,1700-1710,1789-1802,149,949,5697,0.4051,0.1435,0.2104
froide,1780-1789,1789-1802,1720,1042,5703,0.4051,0.1661,0.1113
extrêmement,1720-1730,1730-1740,619,1626,5709,0.4048,0.2092,0.2677
marquise,1730-1740,1760-1770,843,1201,5649,0.4046,0.7823,0.4415
ministre,1720-1730,1789-1802,1102,13921,5711,0.4044,0.5225,0.7261
ent,1730-1740,1760-1770,1174,2435,5707,0.4042,0.0918,0.1636
midi,1740-1750,1780-1789,2312,4783,5695,0.404,0.8094,0.8063
mont,1730-1740,1789-1802,1612,2611,5705,0.404,0.5959,0.8664
aufli,1720-1730,1789-1802,1551,3180,5676,0.4035,0.852,0.9815
fols,1700-1710,1789-1802,193,728,5665,0.403,0.8056,0.9644
routes,1740-1750,1780-1789,3005,4333,5707,0.4029,0.9118,0.9573
attraits,1770-1780,1789-1802,673,519,5685,0.4028,0.4059,0.2049
chargés,1700-1710,1789-1802,130,3647,5701,0.4019,0.9222,0.8702
troupeau,1720-1730,1760-1770,210,783,5689,0.401,0.5649,0.2259
relations,1740-1750,1789-1802,1179,2242,5695,0.4009,0.9544,0.9011
élevée,1710-1720,1740-1750,274,590,5701,0.4007,0.1921,0.1515
rayon,1700-1710,1780-1789,79,1354,5662,0.4005,0.8673,0.8942
opinions,1710-1720,1770-1780,433,3663,5710,0.4004,0.5007,0.5462
terminer,1710-1720,1730-1740,332,777,5699,0.4002,0.2394,0.1683
français,1700-1710,1789-1802,223,12499,5701,0.4002,0.7697,0.6647
tente,1720-1730,1750-1760,292,501,5691,0.3997,0.2775,0.4797
uii,1730-1740,1789-1802,118,954,5672,0.3991,0.3697,0.8929
quarré,1740-1750,1789-1802,917,651,5677,0.3985,0.8216,0.5969
pir,1720-1730,1760-1770,419,396,5664,0.3976,0.1576,0.0032
its,1720-1730,1750-1760,1280,1289,5709,0.3975,0.7903,0.924
merveille,1720-1730,1789-1802,288,729,5694,0.3971,0.6547,0.6948
rarement,1700-1710,1750-1760,448,1426,5711,0.3967,0.2725,0.0936
trc,1700-1710,1740-1750,305,402,5643,0.3965,0.5087,0.9326
chaîne,1710-1720,1760-1770,175,1583,5696,0.3963,0.6966,0.5642
cite,1700-1710,1760-1770,795,996,5708,0.396,0.8765,0.9699
rempart,1700-1710,1710-1720,60,219,5669,0.3956,0.6004,0.6163
nil,1700-1710,1789-1802,387,2118,5688,0.3955,0.8316,0.8908
demeurant,1700-1710,1789-1802,188,971,5683,0.3952,0.8665,0.8541
juifs,1710-1720,1720-1730,972,875,5685,0.3949,0.223,0.593
utiles,1760-1770,1780-1789,3694,5720,5711,0.3949,0.4387,0.1773
amuser,1700-1710,1789-1802,72,347,5692,0.3947,0.8709,0.4682
ires,1730-1740,1750-1760,168,286,5680,0.3945,0.0918,0.7686
francois,1710-1720,1730-1740,766,727,5680,0.3943,0.7454,0.7448
noires,1730-1740,1780-1789,267,1097,5690,0.394,0.2902,0.5318
duché,1710-1720,1730-1740,321,1169,5673,0.3938,0.841,0.7618
atteinte,1710-1720,1789-1802,196,1316,5694,0.3935,0.9331,0.8324
fatal,1750-1760,1770-1780,752,1292,5708,0.3935,0.0258,0.0567
précis,1700-1710,1760-1770,146,1076,5701,0.3934,0.3418,0.7231
libres,1710-1720,1789-1802,436,5695,5706,0.3928,0.4748,0.545
poésie,1700-1710,1789-1802,82,1460,5689,0.3928,0.9226,0.6115
nue,1700-1710,1780-1789,238,1642,5705,0.3926,0.1637,0.6745
chagrin,1700-1710,1710-1720,890,693,5709,0.3924,0.3327,0.0656
laines,1760-1770,1770-1780,2007,1669,5668,0.3922,0.866,0.7729
supérieur,1700-1710,1770-1780,187,2893,5707,0.3919,0.5026,0.7033
prodigue,1700-1710,1720-1730,96,72,5688,0.3904,0.1211,0.4493
réelles,1710-1720,1760-1770,198,913,5687,0.3903,0.5328,0.5777
ation,1720-1730,1770-1780,228,801,5668,0.39,0.2318,0.6809
bel,1700-1710,1720-1730,1622,1288,5712,0.3894,0.9097,0.937
cri,1720-1730,1770-1780,709,2629,5706,0.3885,0.399,0.7359
chacune,1710-1720,1780-1789,2109,6272,5710,0.3879,0.7861,0.8364
créer,1720-1730,1780-1789,140,1093,5692,0.3878,0.2651,0.447
total,1730-1740,1789-1802,388,5364,5706,0.3875,0.2217,0.818
seigneur,1720-1730,1740-1750,7322,18420,5707,0.3874,0.5591,0.892
insensiblement,1700-1710,1780-1789,217,1469,5689,0.3872,0.8244,0.5153
regardant,1700-1710,1770-1780,368,1175,5699,0.3871,0.2145,0.4744
éclater,1740-1750,1760-1770,506,532,5689,0.3868,0.1276,0.2437
banquier,1710-1720,1730-1740,305,123,5663,0.3865,0.2571,0.1411
coumme,1720-1730,1789-1802,484,1874,5090,0.3861,0.2582,0.9402
voiles,1700-1710,1750-1760,794,537,5689,0.3855,0.7918,0.7435
payables,1710-1720,1720-1730,384,226,5557,0.3854,0.8087,0.8207
ari,1730-1740,1760-1770,167,338,5670,0.3854,0.0083,0.8143
bat,1700-1710,1740-1750,394,538,5696,0.3853,0.0887,0.7677
plantes,1700-1710,1740-1750,1151,1169,5703,0.3852,0.797,0.5462
but,1700-1710,1789-1802,1633,10408,5718,0.3846,0.9289,0.987
cettc,1700-1710,1710-1720,266,209,5518,0.3845,0.4885,0.9256
mesurer,1710-1720,1740-1750,207,367,5669,0.3835,0.6656,0.6178
arbre,1710-1720,1740-1750,845,2159,5703,0.3832,0.431,0.4447
église,1700-1710,1720-1730,65,877,5679,0.3828,0.9868,0.9438
concours,1700-1710,1789-1802,184,2060,5701,0.3827,0.4492,0.5575
trembler,1700-1710,1710-1720,195,212,5685,0.3825,0.2961,0.1891
ice,1720-1730,1789-1802,403,1683,5692,0.382,0.2543,0.9143
adresse,1700-1710,1789-1802,278,2836,5711,0.3816,0.3789,0.5352
fai,1710-1720,1780-1789,1915,4137,5702,0.3813,0.5858,0.8287
poitrine,1760-1770,1770-1780,1154,1292,5698,0.3812,0.332,0.5562
vigilance,1700-1710,1789-1802,179,914,5692,0.3812,0.6174,0.3063
tourne,1700-1710,1720-1730,410,638,5706,0.3811,0.0101,0.0617
nis,1720-1730,1780-1789,332,758,5667,0.3808,0.3336,0.8154
formée,1710-1720,1740-1750,312,803,5700,0.3807,0.3124,0.317
bnf,1720-1730,1789-1802,222,1583,5120,0.3804,0.943,0.9838
gentilshommes,1710-1720,1789-1802,329,765,5673,0.38,0.8174,0.497
tables,1710-1720,1789-1802,664,2065,5705,0.3799,0.6245,0.6044
nce,1700-1710,1720-1730,286,284,5672,0.3798,0.1443,0.7197
art,1710-1720,1750-1760,3335,8304,5719,0.3797,0.2936,0.2666
canaux,1710-1720,1789-1802,355,1829,5687,0.3795,0.3576,0.2008
directement,1710-1720,1789-1802,515,1802,5703,0.3793,0.2626,0.4614
ite,1730-1740,1789-1802,330,1609,5689,0.3791,0.2254,0.9235
jus,1700-1710,1789-1802,650,1922,5694,0.379,0.8287,0.9705
jolie,1710-1720,1730-1740,317,394,5693,0.3788,0.3012,0.1724
forcer,1710-1720,1789-1802,299,2383,5701,0.3785,0.4717,0.4385
dérober,1720-1730,1789-1802,178,749,5695,0.3784,0.7426,0.2376
dureté,1710-1720,1770-1780,239,1722,5696,0.3783,0.8965,0.4751
fortes,1700-1710,1710-1720,4115,4121,5716,0.378,0.2188,0.8602
remèdes,1710-1720,1740-1750,180,464,5673,0.3778,0.8586,0.6697
aisément,1710-1720,1730-1740,1019,1585,5709,0.3777,0.1893,0.1419
punir,1710-1720,1720-1730,629,663,5701,0.377,0.4467,0.1316
reçoivent,1710-1720,1720-1730,295,367,5696,0.3769,0.0608,0.2951
ministres,1710-1720,1720-1730,1385,940,5698,0.3767,0.8307,0.6105
dela,1720-1730,1780-1789,1510,2474,5700,0.3759,0.0469,0.5875
base,1700-1710,1789-1802,132,4876,5709,0.3755,0.9639,0.9287
musique,1720-1730,1770-1780,512,4227,5711,0.3755,0.4341,0.4184
nation,1730-1740,1789-1802,4211,35587,5718,0.3752,0.8729,0.9345
rival,1770-1780,1789-1802,1745,1179,5693,0.3751,0.0085,0.0028
rhin,1710-1720,1789-1802,202,2676,5680,0.3748,0.8413,0.8088
traître,1730-1740,1789-1802,361,814,5682,0.3746,0.0612,0.0829
décide,1700-1710,1720-1730,92,156,5694,0.3745,0.0903,0.4066
céleste,1720-1730,1740-1750,156,259,5676,0.3745,0.0905,0.1937
tent,1710-1720,1789-1802,418,1236,5692,0.3743,0.1139,0.3822
ducats,1700-1710,1740-1750,564,868,5633,0.3739,0.9389,0.9283
ille,1730-1740,1740-1750,1556,1507,5702,0.3736,0.6151,0.8645
descente,1710-1720,1789-1802,254,580,5684,0.3732,0.1905,0.5422
rit,1720-1730,1730-1740,436,580,5705,0.3731,0.0065,0.225
public,1700-1710,1789-1802,2256,24523,5717,0.3726,0.9585,0.921
baux,1700-1710,1789-1802,226,1233,5562,0.3724,0.9353,0.9477
ire,1700-1710,1730-1740,1334,916,5703,0.3722,0.2618,0.3988
lun,1700-1710,1730-1740,160,157,5633,0.372,0.5629,0.7688
ini,1730-1740,1789-1802,285,1470,5679,0.3717,0.3872,0.9023
hollande,1720-1730,1740-1750,1665,2520,5693,0.3715,0.6783,0.9312
joint,1700-1710,1789-1802,696,2924,5713,0.3707,0.6043,0.711
vignes,1700-1710,1740-1750,537,549,5681,0.3704,0.868,0.8725
messieurs,1720-1730,1730-1740,1111,1868,5698,0.3702,0.5889,0.7001
hoc,1730-1740,1770-1780,3596,4122,5692,0.3699,0.8823,0.8221
afrique,1700-1710,1740-1750,236,463,5688,0.3698,0.8762,0.6482
pus,1700-1710,1740-1750,322,1430,5688,0.3695,0.7082,0.8115
iin,1750-1760,1789-1802,212,1247,5674,0.3693,0.2738,0.9072
fortunes,1710-1720,1770-1780,226,1138,5685,0.3692,0.7672,0.7798
doigt,1760-1770,1789-1802,1193,653,5692,0.3692,0.6298,0.4984
poëme,1710-1720,1789-1802,1184,585,5691,0.3689,0.9976,0.8863
fournis,1700-1710,1710-1720,140,267,5698,0.3686,0.0825,0.3453
marquée,1700-1710,1780-1789,237,1113,5701,0.3685,0.5612,0.6985
ainli,1700-1710,1789-1802,606,930,5680,0.3682,0.156,0.8461
corruption,1700-1710,1789-1802,295,2417,5703,0.3677,0.7032,0.3385
remarquables,1700-1710,1710-1720,97,198,5693,0.3676,0.9791,0.9673
frere,1710-1720,1720-1730,1220,2473,5697,0.3675,0.7543,0.6224
instruction,1740-1750,1770-1780,221,650,5701,0.3671,0.5075,0.5158
marcs,1700-1710,1780-1789,399,952,5603,0.3667,0.8178,0.9811
cherchant,1720-1730,1760-1770,147,470,5699,0.3666,0.3062,0.1825
effroi,1770-1780,1780-1789,621,717,5693,0.3664,0.5518,0.0329
vulgaire,1710-1720,1750-1760,238,771,5690,0.3664,0.1619,0.2504
temple,1730-1740,1750-1760,3239,2561,5712,0.3662,0.1918,0.3125
police,1700-1710,1710-1720,654,6718,5699,0.366,0.9678,0.4696
dépendance,1710-1720,1720-1730,422,302,5689,0.365,0.6689,0.5391
embrasse,1710-1720,1740-1750,114,236,5693,0.365,0.1061,0.3154
augustin,1780-1789,1789-1802,422,594,5668,0.3648,0.1302,0.3499
expose,1700-1710,1720-1730,149,194,5712,0.3646,0.2268,0.2184
gai,1700-1710,1710-1720,165,139,5688,0.364,0.7256,0.4251
colère,1710-1720,1780-1789,662,2416,5698,0.3632,0.2678,0.0928
nouveauté,1710-1720,1720-1730,292,366,5697,0.3629,0.0727,0.1805
envoie,1700-1710,1780-1789,280,1784,5688,0.3629,0.4317,0.714
alimens,1740-1750,1760-1770,617,851,5669,0.3628,0.6855,0.3413
pêche,1730-1740,1760-1770,533,4835,5688,0.3625,0.927,0.6939
cii,1720-1730,1789-1802,644,2393,5667,0.3625,0.3238,0.955
marié,1700-1710,1770-1780,235,653,5682,0.3621,0.3089,0.2915
provision,1720-1730,1789-1802,682,601,5694,0.3618,0.2575,0.6261
int,1700-1710,1710-1720,824,297,5681,0.3613,0.6623,0.9842
écu,1700-1710,1789-1802,485,713,5673,0.3612,0.8078,0.8549
posséder,1720-1730,1740-1750,98,308,5694,0.3611,0.033,0.2097
rayons,1720-1730,1760-1770,363,2185,5700,0.3611,0.4626,0.5096
écrivoit,1710-1720,1789-1802,124,704,5677,0.3607,0.6771,0.6533
pere,1710-1720,1720-1730,4719,6261,5709,0.3602,0.6656,0.3963
modèle,1700-1710,1789-1802,88,2421,5697,0.36,0.2934,0.3148
découvre,1740-1750,1760-1770,989,1263,5705,0.36,0.3135,0.4303
méprise,1700-1710,1730-1740,124,455,5697,0.3596,0.5378,0.0776
courte,1700-1710,1750-1760,374,899,5701,0.3594,0.2779,0.1546
appel,1700-1710,1789-1802,359,1124,5700,0.3592,0.5046,0.8264
intime,1720-1730,1789-1802,173,1220,5694,0.3591,0.5346,0.5587
blesse,1710-1720,1730-1740,178,299,5685,0.359,0.0428,0.0724
tenoient,1740-1750,1780-1789,552,1486,5688,0.3583,0.7022,0.1263
considéré,1710-1720,1750-1760,136,568,5693,0.3581,0.5383,0.4561
misère,1700-1710,1789-1802,104,2912,5676,0.358,0.8932,0.6455
ceur,1710-1720,1770-1780,181,753,5644,0.3573,0.4344,0.8417
procurer,1710-1720,1740-1750,851,2158,5710,0.3572,0.4895,0.5466
portés,1710-1720,1720-1730,201,177,5694,0.3565,0.4638,0.4244
communément,1710-1720,1770-1780,261,3132,5699,0.3561,0.524,0.7028
aimable,1770-1780,1789-1802,2946,3390,5703,0.3555,0.0766,0.0792
hauteur,1730-1740,1789-1802,1931,4540,5707,0.3555,0.7566,0.582
rose,1700-1710,1770-1780,275,2448,5695,0.3548,0.1048,0.3561
établie,1720-1730,1760-1770,704,2398,5705,0.3548,0.1671,0.4596
eté,1710-1720,1770-1780,521,1548,5688,0.3544,0.9782,0.939
accès,1700-1710,1770-1780,89,1008,5697,0.3539,0.2846,0.696
combattre,1710-1720,1730-1740,601,1712,5707,0.3535,0.7632,0.3091
dir,1710-1720,1770-1780,337,1000,5689,0.3533,0.0972,0.0231
piece,1720-1730,1730-1740,1338,2347,5712,0.3532,0.5007,0.7704
laissez,1700-1710,1710-1720,621,765,5689,0.3528,0.0928,0.3307
roman,1720-1730,1730-1740,327,787,5701,0.3527,0.9314,0.9354
rendu,1710-1720,1740-1750,2315,3802,5717,0.3524,0.5875,0.4845
redouter,1700-1710,1789-1802,65,1181,5681,0.3517,0.7042,0.6329
onces,1740-1750,1760-1770,1456,6465,5667,0.3516,0.9566,0.9392
pinte,1700-1710,1789-1802,297,680,5556,0.3515,0.8675,0.9899
mortels,1740-1750,1770-1780,729,1887,5700,0.3513,0.3184,0.1567
lac,1720-1730,1760-1770,921,1756,5692,0.3509,0.1218,0.4758
globe,1700-1710,1770-1780,109,2874,5691,0.3507,0.9402,0.8968
rre,1700-1710,1720-1730,274,370,5665,0.3505,0.3832,0.8362
ily,1740-1750,1760-1770,307,520,5677,0.3505,0.2613,0.8383
sacs,1720-1730,1750-1760,289,251,5636,0.3502,0.9982,0.9881
laissé,1730-1740,1740-1750,1845,1460,5712,0.3498,0.1304,0.2529
remet,1720-1730,1740-1750,624,437,5690,0.3494,0.5079,0.7567
draps,1720-1730,1760-1770,892,2205,5666,0.3493,0.6482,0.6071
journal,1720-1730,1780-1789,561,3336,5703,0.349,0.5323,0.7195
manifeste,1700-1710,1789-1802,199,1330,5703,0.3489,0.5186,0.6007
ordonnons,1710-1720,1780-1789,920,581,5420,0.3488,0.9943,0.8616
rétablissement,1700-1710,1789-1802,149,1324,5671,0.3484,0.9264,0.6704
croire,1710-1720,1750-1760,2758,6780,5716,0.3483,0.6287,0.3694
fleuves,1780-1789,1789-1802,1319,680,5686,0.3482,0.7626,0.0434
horrible,1700-1710,1750-1760,259,742,5708,0.3481,0.1913,0.2101
taureau,1700-1710,1789-1802,88,620,5686,0.348,0.4799,0.5996
dil,1730-1740,1770-1780,191,524,5661,0.3478,0.2459,0.0752
académie,1710-1720,1760-1770,75,714,5703,0.3477,0.6326,0.6965
feuille,1710-1720,1730-1740,424,478,5698,0.3476,0.961,0.8195
cheval,1710-1720,1770-1780,2606,6559,5708,0.3475,0.4258,0.4545
herbe,1720-1730,1789-1802,474,382,5689,0.347,0.8975,0.8166
ilt,1760-1770,1789-1802,245,926,5575,0.3469,0.1149,0.8943
fuir,1700-1710,1720-1730,789,785,5710,0.3466,0.2801,0.7131
css,1730-1740,1789-1802,112,518,5235,0.3464,0.332,0.9447
voyons,1750-1760,1789-1802,2367,3369,5714,0.3459,0.2246,0.167
rejette,1700-1710,1730-1740,153,271,5698,0.3457,0.0256,0.0543
disoient,1740-1750,1789-1802,540,887,5691,0.3456,0.7617,0.1782
étrangeres,1720-1730,1789-1802,267,922,5661,0.3453,0.8296,0.5084
iln,1720-1730,1789-1802,82,394,5675,0.3452,0.4246,0.543
finances,1700-1710,1789-1802,566,12582,5696,0.3447,0.8879,0.9073
excepte,1700-1710,1710-1720,103,216,5696,0.3445,0.7571,0.5678
retirer,1720-1730,1750-1760,1648,2642,5709,0.3445,0.3855,0.4621
demandez,1750-1760,1770-1780,535,914,5689,0.3444,0.1664,0.1982
termine,1710-1720,1720-1730,183,218,5698,0.3441,0.5331,0.6651
quii,1730-1740,1789-1802,158,989,5639,0.344,0.3784,0.8568
semences,1710-1720,1780-1789,186,1677,5664,0.3438,0.7595,0.6781
aprs,1730-1740,1760-1770,141,185,2892,0.3428,0.1901,0.7424
flandre,1700-1710,1789-1802,874,1578,5670,0.3428,0.5719,0.9015
politiques,1730-1740,1789-1802,379,5531,5693,0.3421,0.8595,0.8042
quelles,1700-1710,1710-1720,1073,1310,5712,0.3419,0.1565,0.3586
médecin,1720-1730,1750-1760,581,1302,5703,0.3418,0.8487,0.7997
quarts,1760-1770,1789-1802,3477,2236,5690,0.3417,0.915,0.9431
sot,1710-1720,1740-1750,355,439,5688,0.341,0.6055,0.2818
faux,1710-1720,1770-1780,1762,6453,5714,0.3408,0.2183,0.0797
revêtu,1720-1730,1730-1740,239,411,5685,0.3406,0.2414,0.379
négociation,1700-1710,1740-1750,220,965,5691,0.3403,0.6812,0.7467
infailliblement,1710-1720,1789-1802,192,695,5684,0.34,0.8471,0.2714
immense,1700-1710,1770-1780,83,1970,5699,0.3399,0.4738,0.7275
verra,1700-1710,1730-1740,953,1132,5711,0.3396,0.4243,0.5783
zoo,1700-1710,1780-1789,695,987,5611,0.3389,0.6771,0.9948
plomb,1700-1710,1730-1740,410,2385,5690,0.3388,0.8551,0.8815
hâte,1700-1710,1720-1730,98,204,5681,0.3385,0.7582,0.7906
iit,1710-1720,1789-1802,260,1814,5676,0.3382,0.2436,0.9411
particulière,1720-1730,1730-1740,374,582,5713,0.338,0.213,0.256
mefures,1710-1720,1760-1770,95,479,5524,0.3379,0.7902,0.8917
aii,1730-1740,1760-1770,181,400,5677,0.3377,0.0206,0.8497
excuse,1710-1720,1740-1750,145,169,5694,0.3375,0.0072,0.0494
enceinte,1700-1710,1770-1780,92,816,5683,0.3369,0.4123,0.7225
cetre,1730-1740,1750-1760,231,486,5674,0.3368,0.2391,0.7236
uis,1770-1780,1789-1802,448,781,5667,0.3359,0.1028,0.916
cnt,1700-1710,1730-1740,416,156,5663,0.3357,0.4171,0.9488
chère,1700-1710,1750-1760,285,3654,5683,0.3357,0.9469,0.8842
ark,1720-1730,1789-1802,222,1592,5241,0.3356,0.9705,0.9719
serviteur,1710-1720,1789-1802,628,1222,5689,0.3353,0.6497,0.8203
trouvai,1710-1720,1750-1760,445,806,5660,0.335,0.7959,0.5989
merci,1700-1710,1789-1802,108,729,5675,0.335,0.4089,0.8011
teins,1720-1730,1730-1740,699,943,5683,0.3348,0.5614,0.8323
parlons,1710-1720,1740-1750,282,427,5698,0.3346,0.271,0.5882
aulli,1730-1740,1750-1760,515,797,5679,0.3345,0.0147,0.8686
éloigne,1700-1710,1710-1720,89,91,5692,0.3344,0.6954,0.2842
capital,1700-1710,1750-1760,444,2207,5703,0.3343,0.4488,0.7524
ili,1720-1730,1789-1802,516,2140,5671,0.3342,0.1612,0.8501
irs,1730-1740,1770-1780,156,548,5645,0.3341,0.0502,0.8051
agent,1710-1720,1789-1802,91,1157,5679,0.334,0.407,0.4337
style,1700-1710,1780-1789,204,4189,5710,0.3337,0.5483,0.6396
ailleurs,1710-1720,1789-1802,2945,4520,5717,0.3336,0.7068,0.86
dce,1730-1740,1789-1802,228,1641,5290,0.3335,0.3676,0.8506
véritablement,1710-1720,1780-1789,403,2090,5710,0.3333,0.1174,0.1416
acquit,1740-1750,1760-1770,185,416,5686,0.3329,0.7443,0.6898
infamie,1700-1710,1760-1770,55,129,5682,0.3324,0.9412,0.6407
impunément,1700-1710,1720-1730,87,155,5689,0.3323,0.9285,0.5688
great,1700-1710,1770-1780,563,643,2053,0.3322,0.9435,0.9632
airs,1720-1730,1780-1789,360,2963,5706,0.3322,0.6215,0.8107
jetter,1710-1720,1780-1789,994,2760,5698,0.3319,0.7708,0.5692
cuir,1710-1720,1760-1770,316,2029,5684,0.3318,0.6051,0.6049
préférer,1710-1720,1780-1789,107,1266,5703,0.3315,0.5067,0.511
bre,1700-1710,1780-1789,629,3159,5698,0.3313,0.0761,0.5772
retenir,1700-1710,1740-1750,582,1165,5710,0.3312,0.0316,0.0562
fervi,1740-1750,1789-1802,893,985,5562,0.3312,0.4537,0.6644
lic,1750-1760,1789-1802,210,1156,5621,0.3311,0.2314,0.5277
puni,1710-1720,1750-1760,314,669,5693,0.331,0.1152,0.0996
paye,1730-1740,1750-1760,704,1619,5690,0.3308,0.4163,0.3486
quo,1710-1720,1789-1802,1034,1243,5700,0.3305,0.9177,0.8935
pouvait,1710-1720,1740-1750,2149,453,5677,0.3302,0.8853,0.7617
innocens,1720-1730,1770-1780,207,397,5680,0.3301,0.464,0.371
traverse,1710-1720,1760-1770,204,1378,5681,0.33,0.9432,0.8746
douleurs,1730-1740,1760-1770,488,1331,5706,0.3299,0.5037,0.1681
rendue,1700-1710,1710-1720,325,553,5707,0.3298,0.3461,0.5125
tronc,1760-1770,1780-1789,1294,936,5679,0.3297,0.5799,0.4947
canon,1710-1720,1770-1780,718,2087,5687,0.3294,0.3966,0.5496
bourgeois,1710-1720,1780-1789,2602,2337,5696,0.3291,0.7967,0.6443
fers,1720-1730,1789-1802,646,2979,5701,0.3289,0.7416,0.8152
emporte,1700-1710,1710-1720,206,249,5709,0.3288,0.0327,0.0863
boeuf,1780-1789,1789-1802,1362,728,5666,0.3286,0.0514,0.225
historien,1710-1720,1789-1802,127,449,5695,0.3284,0.3654,0.3645
faveurs,1730-1740,1780-1789,556,1711,5696,0.3283,0.6697,0.3018
garni,1730-1740,1760-1770,296,984,5676,0.3283,0.7278,0.7172
proprement,1710-1720,1760-1770,992,2314,5709,0.3282,0.8106,0.868
sent,1710-1720,1789-1802,1342,4876,5715,0.3277,0.0417,0.3654
meurs,1710-1720,1730-1740,307,444,5690,0.3273,0.6359,0.228
manteau,1760-1770,1770-1780,649,829,5696,0.3267,0.2968,0.0448
humains,1700-1710,1730-1740,115,418,5695,0.3264,0.3969,0.4136
cours,1720-1730,1740-1750,4191,6566,5718,0.3261,0.289,0.5943
iic,1740-1750,1789-1802,311,886,5595,0.3257,0.1484,0.9301
hazard,1700-1710,1789-1802,642,758,5698,0.3256,0.6989,0.7433
lorsqu,1710-1720,1789-1802,303,1537,5718,0.3255,0.3401,0.5302
captivité,1700-1710,1780-1789,82,588,5681,0.3253,0.3682,0.5217
obligée,1720-1730,1730-1740,312,687,5695,0.3252,0.5996,0.5993
exprime,1700-1710,1720-1730,264,155,5709,0.3251,0.4468,0.656
lil,1780-1789,1789-1802,596,1060,5635,0.325,0.122,0.8422
dignes,1710-1720,1740-1750,560,1014,5710,0.3248,0.3323,0.3664
jure,1720-1730,1789-1802,924,1527,5699,0.3247,0.9319,0.9891
there,1750-1760,1789-1802,535,965,5014,0.324,0.6233,0.908
apôtres,1730-1740,1780-1789,486,747,5663,0.3238,0.6366,0.3803
inviolable,1710-1720,1789-1802,130,753,5687,0.3232,0.9067,0.2394
exact,1700-1710,1789-1802,177,898,5692,0.3231,0.6483,0.7019
discipline,1710-1720,1789-1802,769,1626,5690,0.3228,0.5889,0.5374
pavillon,1700-1710,1789-1802,488,1192,5668,0.3227,0.3325,0.539
totale,1700-1710,1760-1770,99,1784,5705,0.3227,0.8885,0.6985
flotte,1710-1720,1740-1750,467,3207,5704,0.3225,0.6741,0.4459
débiteurs,1780-1789,1789-1802,925,1013,5667,0.3224,0.7448,0.7118
chrétiens,1730-1740,1740-1750,1203,1585,5692,0.3223,0.232,0.2851
extraordinaires,1700-1710,1789-1802,467,2714,5703,0.322,0.5053,0.5847
peuples,1720-1730,1740-1750,4863,5501,5716,0.3218,0.5091,0.3145
éloges,1710-1720,1789-1802,187,1339,5706,0.3216,0.8258,0.1475
militaire,1720-1730,1789-1802,685,6209,5696,0.3214,0.8303,0.5781
aventures,1770-1780,1789-1802,561,645,5677,0.3213,0.0164,0.0109
hasard,1710-1720,1770-1780,399,1826,5695,0.3212,0.6332,0.7401
approuver,1700-1710,1720-1730,141,164,5692,0.321,0.8023,0.4589
rai,1710-1720,1789-1802,626,2330,5703,0.3209,0.2836,0.076
suit,1700-1710,1710-1720,391,259,5709,0.3208,0.1958,0.7743
mouvements,1710-1720,1720-1730,268,150,5648,0.3204,0.4654,0.3837
clarté,1700-1710,1750-1760,224,632,5704,0.3199,0.8721,0.8581
profondes,1710-1720,1789-1802,167,1063,5703,0.3194,0.6455,0.4662
éteint,1710-1720,1789-1802,197,671,5694,0.3193,0.6159,0.5368
scs,1710-1720,1750-1760,417,1273,5688,0.3189,0.3685,0.9219
unc,1710-1720,1740-1750,502,500,5673,0.3188,0.7929,0.9246
lir,1730-1740,1789-1802,323,1766,5676,0.3185,0.209,0.878
bonheur,1710-1720,1770-1780,1549,14887,5715,0.3184,0.7945,0.7191
née,1700-1710,1750-1760,313,1253,5700,0.3183,0.0041,0.1227
etl,1730-1740,1740-1750,176,350,5666,0.3178,0.2943,0.0215
their,1770-1780,1789-1802,1332,2402,3141,0.3178,0.9535,0.9289
construire,1700-1710,1720-1730,106,264,5679,0.3173,0.7761,0.5028
fixe,1700-1710,1789-1802,271,3629,5710,0.3171,0.4462,0.3533
négociant,1720-1730,1789-1802,186,2020,5670,0.3171,0.8367,0.8483
prévention,1700-1710,1789-1802,154,678,5690,0.3169,0.0455,0.5066
portions,1700-1710,1760-1770,186,1170,5686,0.3164,0.938,0.8838
toile,1750-1760,1770-1780,959,2287,5702,0.3159,0.5133,0.1969
chaux,1710-1720,1789-1802,385,1260,5660,0.3158,0.4616,0.74
gouverne,1720-1730,1789-1802,354,2160,5693,0.3156,0.6258,0.5361
mette,1720-1730,1730-1740,289,386,5696,0.3155,0.3553,0.4112
sceaux,1700-1710,1789-1802,141,940,5680,0.3154,0.8627,0.8974
dui,1720-1730,1789-1802,397,1955,5661,0.3154,0.3503,0.8726
trace,1700-1710,1770-1780,175,1325,5701,0.3153,0.5502,0.2661
cui,1710-1720,1760-1770,725,936,5694,0.3149,0.4364,0.7232
point,1700-1710,1720-1730,29175,35697,5721,0.3147,0.5151,0.6245
connue,1700-1710,1720-1730,291,426,5715,0.3146,0.0598,0.0708
lans,1710-1720,1789-1802,407,1223,5691,0.3146,0.1867,0.9146
valoit,1700-1710,1740-1750,449,524,5684,0.3143,0.8483,0.7492
bande,1700-1710,1760-1770,236,829,5680,0.3142,0.7575,0.6633
bretagne,1700-1710,1740-1750,575,1846,5692,0.3139,0.8699,0.7561
éteindre,1700-1710,1789-1802,108,686,5698,0.3132,0.748,0.5409
défiance,1700-1710,1789-1802,87,1293,5684,0.3131,0.9567,0.3856
rendroit,1710-1720,1720-1730,156,213,5691,0.3128,0.1522,0.3595
alpes,1720-1730,1789-1802,443,1121,5675,0.3127,0.4319,0.8764
dangereuse,1740-1750,1789-1802,684,1871,5700,0.3122,0.3298,0.2547
entendus,1710-1720,1789-1802,177,651,5687,0.312,0.5824,0.717
deux,1710-1720,1720-1730,32272,38221,5721,0.3118,0.1941,0.5007
inc,1710-1720,1720-1730,105,217,5637,0.3111,0.0056,0.3796
absolue,1700-1710,1789-1802,59,2462,5697,0.3111,0.5216,0.6814
secrétaire,1710-1720,1789-1802,486,3178,5688,0.3107,0.9189,0.8125
who,1720-1730,1760-1770,999,212,2396,0.3106,0.6081,0.9769
tendresse,1700-1710,1710-1720,640,753,5702,0.3102,0.3093,0.125
ill,1700-1710,1780-1789,1212,937,5701,0.31,0.4991,0.9422
préférence,1700-1710,1789-1802,155,2429,5702,0.3098,0.7427,0.3591
crédit,1710-1720,1789-1802,844,8066,5708,0.3097,0.6247,0.6238
réel,1700-1710,1789-1802,305,2319,5704,0.3094,0.6448,0.8301
gouverneur,1710-1720,1789-1802,1380,3875,5703,0.3093,0.1717,0.1026
conviennent,1740-1750,1750-1760,699,858,5703,0.3088,0.4777,0.2912
aucuns,1740-1750,1789-1802,1883,1433,5688,0.3086,0.588,0.6788
jambes,1740-1750,1750-1760,1057,938,5698,0.3086,0.7619,0.5377
famine,1700-1710,1770-1780,77,726,5678,0.3081,0.8742,0.4269
joue,1700-1710,1760-1770,349,1085,5702,0.3076,0.8393,0.7673
doi,1710-1720,1740-1750,315,431,5682,0.3073,0.5747,0.2618
attachement,1730-1740,1750-1760,434,702,5703,0.3064,0.4404,0.1224
parens,1700-1710,1789-1802,934,4050,5705,0.3063,0.91,0.8536
servant,1720-1730,1770-1780,306,1327,5702,0.3062,0.7906,0.6071
rii,1710-1720,1789-1802,115,652,5635,0.3059,0.1334,0.912
cuivre,1700-1710,1730-1740,546,2647,5694,0.3058,0.9649,0.8936
viande,1750-1760,1760-1770,578,917,5685,0.3057,0.1901,0.3111
veulent,1710-1720,1730-1740,1628,1586,5714,0.3055,0.5565,0.2158
pouces,1700-1710,1740-1750,1982,3625,5681,0.3054,0.9892,0.9956
châtiment,1700-1710,1720-1730,127,201,5686,0.3051,0.5308,0.1001
expérience,1710-1720,1760-1770,234,3154,5715,0.304,0.5121,0.6272
iti,1720-1730,1789-1802,247,1070,5668,0.3039,0.1892,0.9328
nés,1700-1710,1780-1789,164,2046,5700,0.3037,0.6442,0.4541
requis,1710-1720,1789-1802,886,1017,5680,0.3037,0.8777,0.8661
copies,1710-1720,1789-1802,463,671,5703,0.3033,0.7264,0.8237
cit,1720-1730,1730-1740,843,627,5692,0.3033,0.5862,0.6338
défaite,1700-1710,1730-1740,155,1250,5692,0.3032,0.7455,0.3785
avcc,1730-1740,1760-1770,449,700,5637,0.3029,0.3807,0.7743
sunt,1730-1740,1740-1750,1866,631,5675,0.3027,0.9086,0.812
fardeau,1700-1710,1789-1802,139,1291,5688,0.3026,0.79,0.7072
tirent,1730-1740,1780-1789,540,1852,5701,0.3022,0.3015,0.0953
mêle,1730-1740,1750-1760,519,683,5696,0.3021,0.5042,0.0957
travaillent,1710-1720,1789-1802,242,707,5690,0.3018,0.4428,0.3097
tii,1760-1770,1789-1802,343,1149,5661,0.3015,0.1365,0.9313
remède,1710-1720,1720-1730,313,229,5690,0.3014,0.0865,0.2022
verse,1700-1710,1789-1802,120,616,5680,0.3012,0.607,0.8694
vives,1700-1710,1789-1802,301,1267,5699,0.3006,0.9225,0.7462
inconvénient,1730-1740,1789-1802,277,1592,5698,0.3005,0.8236,0.2617
donnée,1720-1730,1760-1770,1274,2763,5712,0.3005,0.4538,0.6407
bâti,1700-1710,1780-1789,218,929,5688,0.3001,0.2332,0.2606
archevêque,1700-1710,1789-1802,513,482,5678,0.2999,0.93,0.7974
placée,1740-1750,1760-1770,505,1255,5700,0.2998,0.4738,0.6096
original,1710-1720,1789-1802,414,805,5714,0.2996,0.5036,0.5719
masse,1700-1710,1789-1802,163,4857,5695,0.2993,0.9146,0.8209
soif,1700-1710,1789-1802,128,857,5670,0.2991,0.7797,0.7106
cruel,1730-1740,1750-1760,1376,1694,5708,0.2991,0.169,0.0075
fiur,1710-1720,1740-1750,290,501,5035,0.299,0.3743,0.8303
lieue,1710-1720,1740-1750,317,1902,5679,0.2984,0.983,0.8814
régiment,1710-1720,1730-1740,322,357,5679,0.2984,0.8313,0.4043
graines,1700-1710,1710-1720,269,180,5620,0.298,0.7802,0.7668
demandent,1780-1789,1789-1802,1615,1890,5711,0.2978,0.0635,0.1012
veut,1710-1720,1720-1730,7215,5741,5716,0.2974,0.4702,0.4575
montagnes,1700-1710,1740-1750,581,5194,5707,0.2973,0.8966,0.365
blâme,1700-1710,1770-1780,140,819,5690,0.297,0.7259,0.0461
opération,1710-1720,1720-1730,83,459,5700,0.2965,0.8183,0.7455
foin,1710-1720,1720-1730,4498,3461,5710,0.2963,0.7971,0.7606
rouge,1730-1740,1789-1802,1430,4588,5711,0.2963,0.3484,0.6268
venu,1710-1720,1720-1730,1520,1768,5712,0.296,0.2245,0.1612
touche,1720-1730,1750-1760,641,1410,5709,0.296,0.204,0.2268
contredit,1700-1710,1780-1789,196,1421,5707,0.2959,0.9626,0.8782
attachées,1710-1720,1789-1802,301,789,5686,0.2953,0.8189,0.748
iir,1730-1740,1760-1770,243,559,5661,0.295,0.1489,0.8723
impositions,1710-1720,1789-1802,169,2710,5659,0.2949,0.953,0.8846
forma,1700-1710,1789-1802,318,1133,5694,0.2946,0.8967,0.884
jusqu,1700-1710,1710-1720,411,502,5719,0.294,0.4231,0.4527
mier,1700-1710,1760-1770,194,856,5684,0.2938,0.3706,0.8145
paille,1720-1730,1770-1780,322,3205,5680,0.2935,0.6569,0.8132
eil,1700-1710,1750-1760,571,962,5696,0.2932,0.4391,0.8614
société,1700-1710,1710-1720,365,1111,5715,0.2928,0.4842,0.6368
iis,1700-1710,1760-1770,907,806,5698,0.2926,0.6977,0.949
cicéron,1700-1710,1760-1770,1939,747,5682,0.2924,0.9746,0.8104
addition,1710-1720,1770-1780,134,553,5696,0.2923,0.5033,0.7794
dragon,1700-1710,1789-1802,87,579,5673,0.2921,0.1219,0.236
tua,1700-1710,1740-1750,847,1250,5684,0.2919,0.4932,0.7874
division,1700-1710,1789-1802,734,4957,5699,0.2914,0.6428,0.5473
grâces,1710-1720,1730-1740,566,654,5705,0.2914,0.8499,0.5655
perfidie,1700-1710,1789-1802,152,1104,5688,0.2913,0.9645,0.5414
trcs,1730-1740,1789-1802,293,946,5671,0.291,0.6273,0.8312
nées,1720-1730,1789-1802,234,875,5685,0.2906,0.4876,0.5429
postérité,1700-1710,1789-1802,161,2086,5705,0.29,0.6227,0.6797
ouvertement,1700-1710,1750-1760,226,825,5691,0.2899,0.7314,0.5877
nii,1700-1710,1789-1802,200,989,5617,0.2898,0.2297,0.9306
sérieusement,1710-1720,1780-1789,123,599,5674,0.2896,0.2424,0.2488
majesté,1710-1720,1740-1750,3392,7016,5716,0.2894,0.9484,0.8785
honore,1700-1710,1789-1802,98,478,5699,0.2893,0.7109,0.563
immédiatement,1710-1720,1780-1789,268,1787,5703,0.2891,0.2332,0.1732
receveur,1710-1720,1789-1802,644,1383,5667,0.2885,0.7409,0.5946
iles,1700-1710,1740-1750,273,2839,5680,0.2882,0.9894,0.8621
moulins,1700-1710,1760-1770,188,1378,5673,0.2882,0.6614,0.617
combler,1720-1730,1789-1802,135,603,5680,0.2879,0.4814,0.3129
monarchie,1710-1720,1789-1802,572,5285,5687,0.2879,0.792,0.7012
romaines,1700-1710,1789-1802,104,627,5682,0.2874,0.8385,0.6242
bâtiment,1710-1720,1740-1750,393,1177,5695,0.2872,0.502,0.7414
reconnus,1710-1720,1740-1750,159,346,5683,0.287,0.0671,0.2522
bourg,1710-1720,1730-1740,759,649,5692,0.2868,0.6981,0.7451
fabrique,1700-1710,1760-1770,196,2594,5679,0.2867,0.6965,0.4253
volupté,1720-1730,1730-1740,461,338,5689,0.2865,0.6196,0.265
vallée,1710-1720,1770-1780,269,657,5675,0.2862,0.5182,0.5571
échappé,1700-1710,1789-1802,87,1249,5693,0.2861,0.729,0.7136
impies,1720-1730,1740-1750,175,129,5688,0.286,0.4349,0.1163
purement,1710-1720,1770-1780,392,1412,5704,0.2858,0.2108,0.3186
repose,1720-1730,1740-1750,177,178,5699,0.2857,0.1022,0.2239
gaulois,1700-1710,1740-1750,100,420,5680,0.2853,0.6736,0.7063
multiplier,1720-1730,1770-1780,689,2489,5694,0.2851,0.9914,0.9358
arc,1730-1740,1780-1789,574,1135,5708,0.285,0.0291,0.0815
inutilement,1710-1720,1789-1802,405,956,5694,0.285,0.6994,0.1985
unie,1720-1730,1789-1802,553,1265,5696,0.2848,0.676,0.7869
possibles,1720-1730,1760-1770,168,938,5686,0.284,0.5907,0.7666
culture,1700-1710,1760-1770,491,7546,5694,0.284,0.8279,0.7908
reçut,1740-1750,1750-1760,1554,1370,5697,0.2839,0.6035,0.2088
poème,1700-1710,1780-1789,52,457,5677,0.2835,0.6753,0.8577
sénat,1700-1710,1789-1802,465,3338,5689,0.2827,0.7588,0.7549
montagne,1700-1710,1740-1750,700,3137,5711,0.2826,0.7855,0.5107
imprimée,1730-1740,1789-1802,655,820,5694,0.2821,0.3594,0.7485
réelle,1700-1710,1789-1802,453,2946,5704,0.2812,0.7849,0.8903
rapide,1700-1710,1789-1802,90,2293,5702,0.2812,0.8653,0.5674
pesanteur,1700-1710,1789-1802,81,639,5648,0.281,0.9887,0.9562
aristote,1770-1780,1780-1789,1592,3137,5693,0.2808,0.8111,0.2965
assemblées,1700-1710,1789-1802,321,4234,5697,0.2805,0.9512,0.7851
pères,1720-1730,1740-1750,225,343,5690,0.2804,0.7597,0.3719
evêque,1700-1710,1720-1730,857,1056,5686,0.2803,0.9885,0.8404
charles,1720-1730,1750-1760,6149,8794,5710,0.2799,0.9555,0.5137
corrompu,1700-1710,1789-1802,218,799,5686,0.2798,0.574,0.4356
corde,1710-1720,1760-1770,681,2877,5695,0.2797,0.6443,0.6791
prétendue,1710-1720,1789-1802,261,1312,5699,0.2792,0.7472,0.2737
passés,1700-1710,1789-1802,78,1236,5682,0.2791,0.6609,0.809
souvenir,1720-1730,1789-1802,786,3409,5711,0.2784,0.811,0.8776
sols,1700-1710,1789-1802,6150,6178,5667,0.2782,0.8583,0.9797
impie,1700-1710,1789-1802,136,687,5693,0.278,0.8943,0.4867
libre,1710-1720,1789-1802,1573,10923,5713,0.2777,0.3993,0.0966
dois,1700-1710,1710-1720,1451,1308,5715,0.2776,0.3432,0.6339
impatience,1720-1730,1789-1802,175,916,5702,0.2776,0.5432,0.6158
constance,1740-1750,1789-1802,597,1655,5686,0.2774,0.2989,0.8924
preuve,1700-1710,1789-1802,1593,6299,5715,0.2773,0.7983,0.8356
peindre,1700-1710,1789-1802,421,1893,5707,0.2769,0.774,0.8794
croyez,1710-1720,1770-1780,570,3412,5696,0.2769,0.1023,0.1612
extrémité,1710-1720,1789-1802,155,1073,5697,0.2768,0.9897,0.9529
jusque,1700-1710,1780-1789,377,908,5687,0.2766,0.4134,0.5953
bal,1710-1720,1780-1789,254,1344,5685,0.2763,0.1551,0.4191
gaules,1700-1710,1789-1802,213,677,5674,0.276,0.7,0.8202
vif,1710-1720,1780-1789,727,3161,5710,0.2757,0.709,0.7629
verrons,1780-1789,1789-1802,1356,1321,5693,0.2756,0.4203,0.3374
allemagne,1710-1720,1730-1740,255,618,5692,0.2755,0.8476,0.5914
viennent,1710-1720,1750-1760,1656,2707,5715,0.2751,0.1854,0.1613
qualités,1760-1770,1789-1802,5044,4293,5714,0.2745,0.5638,0.3951
jadis,1700-1710,1750-1760,83,450,5691,0.2744,0.01,0.1957
voyageurs,1700-1710,1750-1760,101,452,5696,0.2742,0.3777,0.2134
bâtimens,1710-1720,1740-1750,747,1484,5689,0.2741,0.8767,0.8045
rcs,1730-1740,1789-1802,162,946,5637,0.2731,0.0804,0.8081
dévotion,1730-1740,1750-1760,255,459,5684,0.2731,0.042,0.0149
italie,1720-1730,1730-1740,1375,2124,5711,0.2728,0.8079,0.7309
défense,1710-1720,1789-1802,630,3844,5700,0.2727,0.7809,0.5119
achat,1700-1710,1730-1740,206,70,5659,0.2724,0.5342,0.8719
publiquement,1700-1710,1750-1760,302,590,5695,0.2721,0.0271,0.1274
attachés,1720-1730,1770-1780,147,2228,5699,0.2719,0.4898,0.519
précisément,1700-1710,1789-1802,204,2080,5707,0.2717,0.4425,0.5141
ponts,1700-1710,1780-1789,200,2012,5683,0.2716,0.6538,0.6469
torrent,1700-1710,1740-1750,126,614,5700,0.2713,0.3652,0.489
experts,1700-1710,1789-1802,101,536,5653,0.2706,0.7135,0.87
désordre,1700-1710,1789-1802,203,2323,5694,0.2705,0.427,0.3878
commissaires,1700-1710,1750-1760,533,1584,5674,0.2701,0.5713,0.7362
charlemagne,1700-1710,1750-1760,124,873,5640,0.2699,0.4793,0.6587
exactement,1700-1710,1760-1770,380,2188,5710,0.2699,0.5613,0.357
terns,1700-1710,1710-1720,314,310,5635,0.2697,0.0584,0.595
tragédie,1710-1720,1750-1760,221,2406,5702,0.2695,0.6677,0.6414
quittances,1710-1720,1789-1802,485,856,4235,0.2692,0.965,0.8604
événement,1700-1710,1760-1770,80,1195,5697,0.269,0.3446,0.4934
étouffer,1700-1710,1710-1720,51,58,5683,0.2685,0.6078,0.2615
unit,1720-1730,1780-1789,142,505,5681,0.2681,0.8361,0.651
tristesse,1740-1750,1780-1789,360,900,5693,0.2678,0.4518,0.0678
faires,1710-1720,1770-1780,249,670,5679,0.2675,0.1263,0.8173
invincible,1710-1720,1770-1780,199,758,5686,0.2671,0.0269,0.082
langues,1700-1710,1760-1770,272,1139,5704,0.2669,0.6063,0.222
élévation,1700-1710,1780-1789,61,892,5696,0.2668,0.7298,0.5068
citadelle,1710-1720,1730-1740,392,985,5672,0.2666,0.638,0.6032
fidelle,1700-1710,1750-1760,211,417,5685,0.2664,0.7935,0.4705
fraude,1720-1730,1789-1802,397,1263,5682,0.2663,0.59,0.2956
théâtre,1710-1720,1789-1802,403,4819,5710,0.266,0.3809,0.285
fair,1700-1710,1730-1740,767,598,5709,0.2657,0.2143,0.4203
calomnie,1720-1730,1780-1789,129,1282,5685,0.2655,0.5517,0.1298
proie,1700-1710,1789-1802,143,1992,5697,0.2653,0.7949,0.6051
éclairé,1700-1710,1770-1780,150,2282,5706,0.2651,0.4012,0.4105
poids,1700-1710,1730-1740,2385,2886,5717,0.2645,0.6732,0.7821
efficace,1700-1710,1789-1802,145,806,5678,0.2643,0.9799,0.8095
certainement,1710-1720,1740-1750,682,871,5709,0.2642,0.1475,0.2111
colonnes,1700-1710,1720-1730,223,660,5688,0.2641,0.7794,0.7286
résoudre,1720-1730,1780-1789,203,862,5693,0.2638,0.8201,0.6656
accabler,1700-1710,1720-1730,63,73,5682,0.2637,0.8724,0.3554
guide,1700-1710,1730-1740,284,594,5708,0.2636,0.1476,0.2024
suffrages,1700-1710,1760-1770,117,482,5691,0.2636,0.2616,0.4116
nicolas,1700-1710,1740-1750,418,941,5694,0.2635,0.4808,0.7506
résistance,1700-1710,1760-1770,142,1050,5686,0.2634,0.759,0.7092
tou,1710-1720,1770-1780,1047,4734,5703,0.2633,0.041,0.5845
édition,1700-1710,1710-1720,131,238,5714,0.2631,0.0236,0.31
échappe,1700-1710,1710-1720,52,66,5694,0.2628,0.0664,0.3927
chute,1700-1710,1789-1802,239,1797,5702,0.2624,0.8222,0.4717
progrès,1700-1710,1789-1802,188,5351,5714,0.2621,0.9102,0.6604
continuel,1700-1710,1760-1770,144,830,5698,0.2618,0.6224,0.2536
isles,1720-1730,1750-1760,674,1250,5680,0.2614,0.7941,0.6941
greffier,1710-1720,1789-1802,570,1138,5675,0.2614,0.9633,0.6311
plan,1700-1710,1789-1802,449,10983,5714,0.2611,0.7826,0.9244
dès,1710-1720,1789-1802,4158,17778,5717,0.2604,0.373,0.3885
historiens,1700-1710,1789-1802,163,756,5691,0.2604,0.5583,0.4429
rencontré,1710-1720,1740-1750,153,426,5694,0.2603,0.1522,0.299
supplices,1780-1789,1789-1802,713,691,5667,0.26,0.6264,0.0318
forme,1710-1720,1789-1802,4602,16334,5718,0.2597,0.8119,0.8289
change,1710-1720,1730-1740,4728,2210,5716,0.2597,0.9752,0.9586
bibliothèque,1700-1710,1789-1802,136,899,5698,0.2594,0.5389,0.6279
ons,1720-1730,1789-1802,586,1764,5686,0.2589,0.0358,0.8566
prisons,1700-1710,1789-1802,115,2152,5670,0.2587,0.8514,0.6967
audace,1770-1780,1780-1789,918,1040,5700,0.2584,0.6822,0.0208
blanches,1710-1720,1789-1802,446,1134,5684,0.2583,0.6683,0.5866
applique,1700-1710,1710-1720,114,146,5701,0.2572,0.2817,0.333
choc,1710-1720,1720-1730,85,416,5680,0.2569,0.3264,0.5804
platon,1710-1720,1789-1802,487,1268,5691,0.2564,0.7262,0.233
trouvez,1710-1720,1760-1770,709,698,5693,0.2554,0.8275,0.9461
insupportable,1700-1710,1789-1802,119,614,5684,0.2553,0.488,0.5322
signer,1710-1720,1789-1802,504,903,5657,0.2552,0.6115,0.3394
tribunaux,1700-1710,1789-1802,68,4423,5686,0.2551,0.7023,0.7471
latitude,1720-1730,1789-1802,246,1587,5649,0.255,0.9828,0.7736
fuite,1700-1710,1789-1802,2556,8921,5713,0.2549,0.2356,0.6855
alla,1730-1740,1770-1780,1909,2350,5701,0.2546,0.227,0.5589
milliers,1710-1720,1789-1802,209,1649,5683,0.2544,0.6882,0.7517
secrets,1710-1720,1789-1802,552,2245,5710,0.2543,0.224,0.3541
anglois,1720-1730,1789-1802,2281,5714,5713,0.2523,0.8048,0.6804
renverser,1700-1710,1789-1802,164,1493,5688,0.2522,0.8536,0.6622
quil,1700-1710,1720-1730,353,425,5683,0.2521,0.4835,0.2746
repousser,1700-1710,1710-1720,58,104,5683,0.2519,0.4238,0.3065
siége,1700-1710,1730-1740,121,1284,5671,0.2516,0.2054,0.4194
faciles,1710-1720,1789-1802,136,1212,5690,0.2516,0.6213,0.267
portugais,1730-1740,1750-1760,447,985,5677,0.2515,0.0127,0.2456
avocat,1710-1720,1770-1780,857,1940,5693,0.2514,0.1965,0.0859
ouvrier,1700-1710,1789-1802,142,501,5696,0.251,0.5909,0.5395
onr,1710-1720,1789-1802,132,534,5660,0.2509,0.1859,0.727
dci,1700-1710,1740-1750,220,236,5477,0.2506,0.2646,0.8246
théologie,1700-1710,1750-1760,196,923,5679,0.2503,0.2737,0.3383
fondions,1700-1710,1710-1720,72,1022,5674,0.2498,0.6281,0.849
exposer,1710-1720,1789-1802,528,1340,5711,0.2497,0.648,0.7102
remarques,1700-1710,1730-1740,1081,1572,5709,0.2495,0.5346,0.9468
oit,1710-1720,1750-1760,1076,2573,5704,0.2493,0.5781,0.8243
différens,1700-1710,1710-1720,427,442,5702,0.2491,0.8029,0.117
générosité,1710-1720,1770-1780,109,976,5684,0.2491,0.5468,0.2225
jupiter,1710-1720,1740-1750,2705,1129,5705,0.249,0.3524,0.6355
perdus,1700-1710,1770-1780,180,923,5695,0.2488,0.2976,0.183
malice,1740-1750,1789-1802,409,630,5691,0.2488,0.798,0.1574
vieilles,1730-1740,1789-1802,375,811,5694,0.2486,0.477,0.4178
cst,1710-1720,1740-1750,306,2588,5670,0.2483,0.7661,0.9746
bureaux,1730-1740,1789-1802,1056,2977,5675,0.248,0.6353,0.7766
amante,1700-1710,1750-1760,59,435,5667,0.2478,0.6014,0.3938
suivis,1700-1710,1750-1760,194,503,5698,0.2474,0.0886,0.2003
ell,1700-1710,1710-1720,960,2615,5699,0.2473,0.8716,0.8029
convaincu,1710-1720,1730-1740,315,532,5707,0.247,0.2355,0.143
populace,1700-1710,1789-1802,114,1194,5674,0.247,0.9776,0.6827
embrasser,1700-1710,1740-1750,144,292,5703,0.2468,0.6019,0.1336
évêque,1700-1710,1789-1802,121,992,5636,0.2466,0.876,0.81
unité,1720-1730,1770-1780,88,356,5696,0.2464,0.3582,0.1071
prières,1710-1720,1730-1740,288,380,5681,0.2463,0.6698,0.4294
excepté,1700-1710,1740-1750,548,1095,5711,0.2463,0.002,0.331
icur,1730-1740,1789-1802,216,1313,5537,0.246,0.1448,0.9379
entier,1700-1710,1750-1760,837,2739,5716,0.246,0.4674,0.4788
prodiges,1710-1720,1789-1802,225,642,5681,0.2459,0.7888,0.6252
campagnes,1720-1730,1789-1802,385,3941,5703,0.2457,0.778,0.7698
juf,1710-1720,1780-1789,136,1597,5667,0.2454,0.4434,0.8901
vin,1730-1740,1760-1770,4216,9240,5714,0.2452,0.3163,0.5213
nourri,1700-1710,1720-1730,157,217,5692,0.2448,0.0077,0.0466
montant,1730-1740,1789-1802,561,3739,5689,0.2446,0.984,0.9603
oiseau,1770-1780,1780-1789,1135,1598,5684,0.2442,0.0957,0.0329
naturel,1720-1730,1760-1770,1851,7254,5717,0.2441,0.791,0.6652
cctte,1700-1710,1740-1750,483,483,5627,0.243,0.8093,0.9561
trouvée,1700-1710,1730-1740,263,451,5704,0.2429,0.3811,0.2044
richelieu,1760-1770,1789-1802,612,1417,5666,0.2428,0.6051,0.572
troupeaux,1700-1710,1770-1780,165,2353,5690,0.2427,0.3229,0.547
limites,1700-1710,1789-1802,148,2398,5700,0.2426,0.5391,0.6083
départ,1720-1730,1760-1770,519,1918,5707,0.2422,0.5071,0.6953
mirent,1740-1750,1750-1760,1170,736,5689,0.2421,0.8159,0.3693
mère,1730-1740,1750-1760,2032,3676,5705,0.2418,0.5682,0.3502
unique,1700-1710,1789-1802,668,3800,5712,0.2417,0.2713,0.5987
ecclésiastiques,1710-1720,1789-1802,261,2104,5650,0.2414,0.8507,0.6215
regrets,1770-1780,1780-1789,1417,2055,5693,0.2413,0.2448,0.0125
éprouve,1720-1730,1789-1802,73,1500,5706,0.2411,0.8291,0.8298
briser,1700-1710,1770-1780,121,926,5691,0.241,0.514,0.2047
fidélité,1700-1710,1789-1802,303,2634,5703,0.2408,0.5866,0.2191
rejetter,1700-1710,1789-1802,174,671,5687,0.2407,0.6935,0.3143
envoya,1710-1720,1730-1740,634,1896,5693,0.2406,0.4355,0.5745
tache,1700-1710,1750-1760,153,553,5690,0.2404,0.1205,0.1971
effacer,1700-1710,1789-1802,84,510,5686,0.2393,0.3945,0.3163
registres,1700-1710,1760-1770,345,1283,5676,0.2393,0.7123,0.4226
distribution,1710-1720,1760-1770,414,1502,5701,0.2391,0.4439,0.5274
grain,1710-1720,1760-1770,1102,5311,5695,0.239,0.5093,0.4189
ennemie,1730-1740,1789-1802,725,813,5687,0.2383,0.878,0.6798
commettre,1720-1730,1789-1802,456,1525,5704,0.2382,0.7098,0.654
cil,1730-1740,1750-1760,1040,1015,5699,0.238,0.1786,0.1928
épaisseur,1730-1740,1760-1770,85,986,5667,0.2379,0.9592,0.67
répondis,1730-1740,1770-1780,787,403,5591,0.2378,0.8781,0.7268
destinée,1710-1720,1760-1770,484,1597,5702,0.2377,0.9084,0.7837
mystère,1720-1730,1789-1802,126,1061,5661,0.2375,0.1666,0.6473
royales,1710-1720,1780-1789,325,971,5673,0.2371,0.6624,0.5438
révolte,1700-1710,1770-1780,86,1657,5690,0.237,0.1863,0.0635
exécution,1710-1720,1789-1802,415,3481,5712,0.2368,0.743,0.6992
deniers,1700-1710,1730-1740,3820,5857,5687,0.2362,0.9847,0.9922
cux,1730-1740,1760-1770,148,227,5639,0.2361,0.2554,0.8424
favoriser,1700-1710,1730-1740,223,590,5696,0.2359,0.2655,0.3645
caprice,1700-1710,1789-1802,204,846,5695,0.2358,0.3438,0.3303
négociations,1700-1710,1789-1802,182,1266,5678,0.2356,0.8059,0.8077
anciennement,1710-1720,1789-1802,261,615,5685,0.2353,0.783,0.5212
icr,1720-1730,1789-1802,181,843,5628,0.2352,0.1511,0.7775
vue,1710-1720,1789-1802,1642,12444,5716,0.2351,0.5315,0.6957
mai,1700-1710,1740-1750,1287,3688,5718,0.235,0.1974,0.8883
criminelles,1710-1720,1789-1802,150,845,5680,0.235,0.7714,0.4609
politique,1700-1710,1789-1802,621,15650,5711,0.2347,0.9447,0.7768
delà,1720-1730,1789-1802,1576,5964,5714,0.2346,0.4695,0.8751
ruine,1700-1710,1789-1802,428,3612,5705,0.2343,0.7207,0.3365
indigne,1750-1760,1789-1802,1110,1513,5705,0.2338,0.8146,0.2366
infaillible,1720-1730,1789-1802,225,709,5685,0.2337,0.1534,0.4292
administration,1700-1710,1780-1789,109,3051,5697,0.2336,0.8171,0.8072
sec,1700-1710,1720-1730,500,675,5707,0.2332,0.2378,0.3472
difficultés,1700-1710,1789-1802,182,2993,5706,0.2331,0.5849,0.4486
disette,1700-1710,1760-1770,72,1272,5665,0.2326,0.8954,0.4913
tribus,1710-1720,1789-1802,198,875,5661,0.2325,0.8842,0.9111
suffisamment,1700-1710,1770-1780,221,1451,5693,0.2324,0.6127,0.4838
braver,1710-1720,1789-1802,68,925,5677,0.2322,0.7667,0.0683
alliances,1710-1720,1740-1750,170,418,5666,0.232,0.8622,0.4313
députés,1710-1720,1789-1802,229,6967,5683,0.2316,0.7992,0.6894
constante,1700-1710,1750-1760,112,315,5671,0.2315,0.6701,0.6494
cut,1720-1730,1760-1770,458,255,5640,0.2315,0.506,0.8212
réponses,1710-1720,1789-1802,557,813,5683,0.2314,0.7367,0.8211
propriété,1700-1710,1789-1802,194,8014,5703,0.2312,0.7531,0.778
fausse,1700-1710,1760-1770,353,1100,5700,0.2309,0.6341,0.3485
perles,1740-1750,1770-1780,707,771,5674,0.2308,0.2438,0.1323
cté,1700-1710,1730-1740,186,253,5653,0.2307,0.7376,0.9043
remplit,1720-1730,1789-1802,331,1397,5710,0.2306,0.1095,0.2853
rouges,1770-1780,1789-1802,1411,865,5679,0.2305,0.3836,0.1795
feroit,1700-1710,1720-1730,4905,8240,5714,0.2303,0.8903,0.4993
tremblant,1700-1710,1720-1730,90,79,5673,0.23,0.6184,0.3075
chargées,1700-1710,1789-1802,161,917,5690,0.2299,0.8725,0.8458
fuis,1720-1730,1760-1770,3506,12271,5710,0.2298,0.7499,0.7086
juste,1710-1720,1750-1760,2489,4999,5718,0.2298,0.1855,0.1878
avertit,1700-1710,1780-1789,133,624,5688,0.2295,0.6022,0.133
publié,1710-1720,1789-1802,608,1640,5693,0.2294,0.9106,0.9157
hautement,1700-1710,1770-1780,192,931,5686,0.2293,0.1111,0.098
fignifie,1740-1750,1760-1770,461,625,5573,0.229,0.5594,0.8002
irc,1730-1740,1789-1802,99,887,5430,0.2287,0.1546,0.8988
luxe,1700-1710,1770-1780,406,6587,5709,0.228,0.6648,0.3773
contradiction,1700-1710,1780-1789,147,877,5700,0.228,0.5847,0.6642
ties,1710-1720,1789-1802,168,838,5677,0.2279,0.2401,0.9166
cheveux,1750-1760,1760-1770,846,1681,5707,0.2276,0.2889,0.2346
fortement,1700-1710,1789-1802,494,2016,5710,0.2274,0.3112,0.4674
excite,1710-1720,1789-1802,179,735,5706,0.2273,0.7531,0.2729
europe,1710-1720,1740-1750,681,1527,5718,0.2273,0.7942,0.8004
ples,1700-1710,1780-1789,134,731,5655,0.227,0.4987,0.7104
chrétien,1720-1730,1730-1740,410,878,5681,0.2269,0.1432,0.1508
attaque,1700-1710,1710-1720,170,179,5705,0.2266,0.0183,0.0624
vus,1700-1710,1720-1730,162,230,5691,0.2265,0.0685,0.2531
nomination,1720-1730,1789-1802,505,1741,5667,0.226,0.7716,0.7782
perfection,1700-1710,1780-1789,550,2522,5710,0.2255,0.8069,0.5326
other,1750-1760,1789-1802,501,749,782,0.2255,0.9227,0.9486
fidèle,1720-1730,1789-1802,226,2512,5694,0.2254,0.2156,0.3682
absolu,1700-1710,1789-1802,235,2164,5699,0.2253,0.2776,0.3758
ordinaires,1700-1710,1789-1802,880,4054,5715,0.2248,0.4622,0.7572
machines,1720-1730,1789-1802,959,1039,5694,0.2243,0.2862,0.503
champs,1720-1730,1760-1770,1032,2576,5707,0.2241,0.8359,0.8433
fines,1710-1720,1780-1789,425,899,5690,0.2238,0.9803,0.9445
ilc,1760-1770,1789-1802,181,668,5369,0.2237,0.0847,0.8559
banc,1740-1750,1789-1802,628,868,5682,0.2236,0.426,0.5971
prit,1700-1710,1720-1730,2804,3247,5711,0.2233,0.0818,0.0966
ambitieux,1700-1710,1789-1802,104,1399,5682,0.2231,0.2418,0.4171
quant,1710-1720,1770-1780,1985,8502,5714,0.223,0.4552,0.7051
baiser,1700-1710,1780-1789,115,1337,5673,0.2227,0.5363,0.8748
heureusement,1720-1730,1789-1802,483,2027,5707,0.2227,0.1689,0.5158
folie,1700-1710,1770-1780,499,2509,5702,0.2222,0.4985,0.158
nièce,1770-1780,1780-1789,510,613,5655,0.2221,0.1049,0.0747
exempts,1700-1710,1789-1802,166,805,5685,0.2219,0.4579,0.527
amas,1710-1720,1789-1802,259,609,5694,0.2217,0.9517,0.8654
querelles,1700-1710,1770-1780,102,1244,5688,0.2217,0.8492,0.227
magistrat,1710-1720,1740-1750,733,537,5693,0.2216,0.4646,0.3714
vénus,1700-1710,1780-1789,83,3089,5688,0.2215,0.2781,0.6905
lur,1720-1730,1789-1802,1166,1896,5686,0.2209,0.449,0.9159
appartenant,1700-1710,1789-1802,90,1006,5678,0.2208,0.7654,0.8799
faible,1720-1730,1760-1770,150,904,5659,0.2206,0.4612,0.5813
sacrés,1700-1710,1789-1802,73,1744,5688,0.2205,0.8611,0.564
inquiet,1700-1710,1770-1780,104,606,5677,0.2201,0.0474,0.1295
disposition,1700-1710,1789-1802,1022,4614,5715,0.2195,0.8033,0.807
herbes,1750-1760,1770-1780,587,2164,5681,0.2194,0.5404,0.1893
figné,1710-1720,1789-1802,496,1120,5656,0.219,0.6072,0.9091
attachée,1720-1730,1789-1802,366,1171,5701,0.2186,0.4811,0.7318
pot,1720-1730,1789-1802,669,1111,5690,0.2181,0.2003,0.5912
consacré,1710-1720,1789-1802,176,1205,5694,0.2181,0.5226,0.5744
genres,1700-1710,1789-1802,69,2642,5702,0.218,0.8097,0.8465
remise,1700-1710,1730-1740,401,467,5689,0.2177,0.8164,0.7184
communique,1710-1720,1720-1730,149,206,5688,0.2174,0.0647,0.2166
bec,1700-1710,1750-1760,274,981,5675,0.2172,0.926,0.8855
instrumens,1720-1730,1789-1802,222,1281,5691,0.2171,0.6985,0.4936
gros,1700-1710,1740-1750,5852,5387,5714,0.2168,0.6546,0.9201
flatte,1700-1710,1789-1802,184,1101,5697,0.2166,0.3284,0.5116
mensonge,1710-1720,1789-1802,312,1008,5692,0.2163,0.3628,0.2099
trouvoit,1720-1730,1740-1750,1078,2458,5710,0.2161,0.7996,0.4488
moitié,1710-1720,1789-1802,2507,7561,5715,0.216,0.4751,0.6466
folle,1700-1710,1760-1770,232,700,5694,0.2157,0.12,0.0185
flambeau,1720-1730,1770-1780,165,956,5693,0.2155,0.4204,0.5333
coupe,1720-1730,1760-1770,807,3705,5706,0.2152,0.4152,0.5573
rende,1720-1730,1730-1740,230,384,5696,0.2149,0.586,0.2702
destinées,1710-1720,1760-1770,272,1052,5690,0.2148,0.9788,0.9016
existence,1710-1720,1789-1802,75,3441,5705,0.2146,0.7063,0.9376
differens,1740-1750,1750-1760,761,702,5686,0.2143,0.8454,0.0621
pou,1710-1720,1789-1802,1016,4726,5702,0.2143,0.0689,0.4144
mer,1710-1720,1720-1730,7105,5951,5717,0.214,0.668,0.704
portant,1710-1720,1789-1802,1691,4484,5714,0.2138,0.6754,0.8131
cct,1730-1740,1760-1770,140,331,5593,0.2135,0.2627,0.8897
injustes,1700-1710,1780-1789,98,712,5686,0.2133,0.7924,0.5768
égaux,1710-1720,1789-1802,261,1862,5696,0.2131,0.6195,0.4372
ligue,1700-1710,1780-1789,178,2352,5679,0.2127,0.1247,0.2917
madame,1700-1710,1760-1770,4035,16425,5702,0.2126,0.4132,0.6743
application,1710-1720,1789-1802,274,1057,5713,0.2121,0.6751,0.7803
masque,1700-1710,1789-1802,114,857,5679,0.212,0.2906,0.6923
vanité,1720-1730,1789-1802,628,2662,5711,0.2119,0.9308,0.3906
vieillesse,1700-1710,1740-1750,169,348,5695,0.2116,0.1908,0.1894
sed,1700-1710,1750-1760,2322,1492,5693,0.2115,0.9268,0.9868
recourir,1700-1710,1789-1802,137,1368,5693,0.2114,0.9356,0.7211
fréquentes,1700-1710,1780-1789,137,1291,5696,0.2114,0.6323,0.421
uniquement,1700-1710,1789-1802,502,3010,5712,0.2112,0.3038,0.4256
pourrez,1700-1710,1710-1720,328,312,5687,0.2111,0.5149,0.7392
poil,1700-1710,1760-1770,477,1801,5690,0.2107,0.7544,0.7949
ira,1700-1710,1770-1780,539,1180,5701,0.2106,0.1557,0.3858
poissons,1750-1760,1760-1770,462,3754,5683,0.2105,0.8652,0.3629
caractère,1710-1720,1789-1802,864,7929,5712,0.2103,0.6853,0.7284
appelloit,1710-1720,1730-1740,219,614,5688,0.2099,0.8763,0.5811
environne,1700-1710,1789-1802,60,408,5693,0.2098,0.5736,0.4747
éloignés,1700-1710,1770-1780,95,1820,5699,0.2097,0.5051,0.4795
traités,1700-1710,1740-1750,152,1419,5707,0.2095,0.2822,0.3614
étend,1710-1720,1789-1802,91,487,5707,0.2093,0.7399,0.2864
lits,1700-1710,1760-1770,260,1053,5682,0.2091,0.5766,0.8093
autrement,1710-1720,1789-1802,3044,3528,5714,0.2089,0.2517,0.6553
quinze,1710-1720,1720-1730,1838,1953,5709,0.2088,0.5511,0.8219
faveur,1720-1730,1789-1802,3822,12247,5716,0.2084,0.7358,0.7992
rompre,1700-1710,1789-1802,552,1790,5703,0.2083,0.3536,0.2465
cède,1720-1730,1789-1802,104,803,5680,0.2079,0.1752,0.3068
ledit,1700-1710,1740-1750,3443,7921,5694,0.2078,0.8984,0.7284
exerce,1700-1710,1710-1720,134,149,5699,0.2077,0.0501,0.1142
navire,1700-1710,1720-1730,817,823,5689,0.2071,0.7175,0.5895
donnera,1710-1720,1730-1740,594,575,5703,0.207,0.1965,0.2896
fermer,1750-1760,1760-1770,713,1282,5705,0.2067,0.3347,0.3004
edition,1720-1730,1789-1802,454,551,5683,0.2067,0.8293,0.8812
nécessité,1700-1710,1789-1802,475,7299,5702,0.2065,0.9247,0.6112
réparer,1710-1720,1789-1802,311,2302,5702,0.2064,0.2009,0.1314
surtout,1700-1710,1750-1760,529,3211,5713,0.2062,0.148,0.3997
efr,1700-1710,1710-1720,188,195,5658,0.2059,0.5417,0.8755
soumission,1710-1720,1789-1802,207,1502,5685,0.2057,0.4397,0.2264
commissions,1700-1710,1710-1720,132,200,5664,0.2056,0.0614,0.3821
tyrannie,1700-1710,1789-1802,180,4064,5690,0.2055,0.8641,0.7921
verrez,1700-1710,1730-1740,531,666,5703,0.2055,0.593,0.436
assure,1700-1710,1770-1780,330,2779,5709,0.2054,0.5354,0.7979
opposé,1700-1710,1760-1770,237,1130,5705,0.2053,0.7533,0.7327
lix,1730-1740,1780-1789,432,1126,5680,0.2052,0.6074,0.9308
expressément,1700-1710,1710-1720,175,259,5673,0.205,0.4039,0.5868
bas,1710-1720,1789-1802,4615,13193,5718,0.2048,0.0947,0.5151
simple,1710-1720,1770-1780,1872,9252,5718,0.2042,0.1862,0.1764
élection,1760-1770,1789-1802,257,545,5670,0.2038,0.3889,0.4281
comtes,1730-1740,1770-1780,427,1377,5658,0.2037,0.6339,0.5631
plaint,1710-1720,1720-1730,361,338,5699,0.2033,0.3539,0.3054
fables,1700-1710,1780-1789,327,2558,5702,0.2032,0.5304,0.2554
montent,1700-1710,1760-1770,394,683,5684,0.2031,0.9936,0.9742
caractere,1700-1710,1789-1802,297,1158,5681,0.203,0.9683,0.4989
duquel,1720-1730,1730-1740,1572,1671,5710,0.2029,0.0346,0.6089
cinquième,1720-1730,1780-1789,531,1676,5710,0.2027,0.3313,0.5192
conventions,1700-1710,1750-1760,128,714,5683,0.2025,0.4338,0.5724
essentiel,1700-1710,1789-1802,113,1908,5696,0.2023,0.8988,0.8573
fausses,1720-1730,1789-1802,351,1307,5699,0.2023,0.5842,0.4152
jointe,1710-1720,1789-1802,249,880,5698,0.202,0.5863,0.7732
milles,1710-1720,1720-1730,392,397,5684,0.2019,0.6091,0.9399
miracle,1710-1720,1730-1740,314,459,5692,0.2017,0.0544,0.0044
néanmoins,1700-1710,1750-1760,2002,4097,5710,0.2014,0.2402,0.3782
philosophie,1720-1730,1789-1802,698,3879,5711,0.2013,0.8208,0.7277
condamne,1710-1720,1789-1802,613,995,5701,0.2008,0.5891,0.7134
soumettre,1720-1730,1789-1802,192,2026,5693,0.2005,0.7813,0.7906
descendans,1710-1720,1770-1780,250,837,5672,0.2005,0.7228,0.4749
violentes,1700-1710,1789-1802,106,722,5690,0.2001,0.9477,0.4006
rebelles,1700-1710,1780-1789,150,1022,5682,0.1995,0.1114,0.212
pis,1700-1710,1789-1802,550,2046,5700,0.199,0.0749,0.5582
produit,1700-1710,1789-1802,2486,16315,5716,0.1988,0.7495,0.7878
roses,1700-1710,1780-1789,168,936,5680,0.1984,0.1706,0.5105
attaché,1710-1720,1789-1802,891,3026,5710,0.1983,0.2459,0.3959
sorte,1700-1710,1789-1802,1435,7008,5711,0.1982,0.9063,0.9687
insulte,1710-1720,1789-1802,101,514,5676,0.1981,0.2394,0.1192
sciences,1710-1720,1789-1802,592,4157,5712,0.1977,0.7984,0.4639
représenté,1710-1720,1789-1802,307,1075,5705,0.1968,0.761,0.6533
moutons,1700-1710,1789-1802,256,1680,5684,0.1966,0.5906,0.6612
exécutée,1710-1720,1780-1789,320,637,5680,0.1964,0.9727,0.891
louer,1700-1710,1780-1789,302,1794,5701,0.1963,0.0176,0.1124
entretient,1720-1730,1730-1740,216,187,5694,0.1962,0.1543,0.2602
justes,1700-1710,1789-1802,457,2438,5705,0.1956,0.7649,0.3577
agi,1700-1710,1780-1789,227,812,5692,0.1955,0.7185,0.6921
saisi,1700-1710,1789-1802,287,1377,5708,0.1952,0.4889,0.8296
occupée,1700-1710,1720-1730,120,185,5699,0.195,0.5533,0.7328
liqueurs,1710-1720,1740-1750,499,516,5681,0.1947,0.8305,0.8961
ccs,1730-1740,1789-1802,407,1933,5667,0.1945,0.6643,0.9123
occupe,1710-1720,1789-1802,194,1658,5710,0.1944,0.4591,0.627
rangs,1720-1730,1789-1802,571,1763,5701,0.1941,0.7075,0.8332
saisis,1710-1720,1789-1802,293,856,5690,0.1939,0.6333,0.6709
eue,1700-1710,1730-1740,320,686,5697,0.1938,0.7687,0.7771
dot,1700-1710,1789-1802,889,918,5687,0.1938,0.9262,0.9568
différents,1700-1710,1740-1750,235,399,5688,0.1935,0.3613,0.4022
secret,1720-1730,1789-1802,1494,6466,5714,0.1935,0.0793,0.122
génie,1700-1710,1789-1802,497,7960,5714,0.1933,0.7101,0.4612
animer,1710-1720,1789-1802,99,433,5690,0.1931,0.4111,0.1781
criminelle,1720-1730,1770-1780,241,1255,5685,0.1929,0.1723,0.3983
pudeur,1700-1710,1770-1780,162,1357,5698,0.1928,0.5429,0.043
brille,1700-1710,1760-1770,100,398,5691,0.1926,0.8599,0.6542
profits,1710-1720,1720-1730,440,418,5681,0.1922,0.4183,0.1804
pauvreté,1700-1710,1789-1802,305,1281,5694,0.1921,0.7778,0.0959
répandre,1700-1710,1789-1802,335,2425,5699,0.1919,0.4388,0.45
savent,1700-1710,1740-1750,146,340,5677,0.1917,0.2813,0.3741
frais,1710-1720,1760-1770,3088,8515,5704,0.1916,0.6083,0.8123
indiens,1730-1740,1789-1802,233,1508,5678,0.1913,0.3509,0.3646
bête,1700-1710,1789-1802,220,809,5687,0.1912,0.3171,0.2435
scene,1710-1720,1789-1802,1334,2313,5700,0.191,0.1008,0.6199
affection,1720-1730,1770-1780,200,532,5700,0.1909,0.5362,0.1373
vérités,1700-1710,1789-1802,110,3140,5701,0.1908,0.7767,0.7465
réduit,1700-1710,1760-1770,493,3810,5714,0.1907,0.3867,0.4555
soupir,1720-1730,1780-1789,86,844,5670,0.1907,0.6017,0.6505
dos,1760-1770,1789-1802,2841,1731,5709,0.1906,0.9098,0.8415
réponfe,1700-1710,1789-1802,116,1191,5533,0.1905,0.857,0.9009
pureté,1720-1730,1770-1780,266,1350,5698,0.1904,0.8505,0.4422
égales,1720-1730,1770-1780,466,1785,5695,0.1901,0.8541,0.7558
lit,1710-1720,1740-1750,2664,4463,5718,0.1897,0.0473,0.1542
intrigue,1700-1710,1789-1802,79,890,5687,0.1896,0.5382,0.7519
timide,1700-1710,1770-1780,144,1001,5697,0.1895,0.6296,0.3397
chants,1760-1770,1789-1802,498,784,5684,0.1894,0.0752,0.0478
iri,1700-1710,1750-1760,336,171,5646,0.1892,0.4772,0.862
arrivés,1710-1720,1789-1802,174,1692,5688,0.189,0.4001,0.6533
évidence,1700-1710,1789-1802,83,658,5692,0.1889,0.6112,0.6649
roule,1720-1730,1789-1802,241,671,5692,0.1888,0.4113,0.4858
soi,1720-1730,1789-1802,455,3904,5703,0.1885,0.3335,0.7437
règles,1700-1710,1710-1720,222,325,5701,0.188,0.4639,0.5576
vente,1710-1720,1730-1740,2947,1881,5701,0.1877,0.5597,0.7826
chers,1710-1720,1789-1802,403,2003,5694,0.1874,0.8656,0.691
eus,1710-1720,1770-1780,257,838,5708,0.1872,0.5646,0.4418
sentence,1710-1720,1789-1802,1902,1130,5698,0.187,0.9085,0.9055
modération,1700-1710,1789-1802,204,1786,5709,0.1867,0.4613,0.4385
imprudence,1710-1720,1720-1730,95,163,5687,0.1866,0.9196,0.1519
impose,1700-1710,1789-1802,79,917,5701,0.1865,0.3753,0.3127
séparer,1710-1720,1770-1780,200,1502,5682,0.186,0.5454,0.5071
contrainte,1710-1720,1730-1740,452,609,5699,0.1856,0.1881,0.0788
nécessairement,1710-1720,1730-1740,278,684,5704,0.1855,0.2076,0.1797
anime,1710-1720,1770-1780,156,721,5697,0.1851,0.4698,0.1747
rivière,1710-1720,1750-1760,592,1064,5689,0.1848,0.5686,0.3298
ridicules,1700-1710,1789-1802,196,1127,5708,0.1847,0.5454,0.3981
politesse,1700-1710,1789-1802,185,839,5689,0.1846,0.4514,0.1571
entraîne,1700-1710,1789-1802,75,901,5695,0.1843,0.6533,0.857
livrer,1700-1710,1780-1789,320,3888,5709,0.1842,0.8914,0.8431
jalousie,1700-1710,1770-1780,329,1531,5696,0.184,0.5715,0.0834
dcux,1710-1720,1740-1750,491,449,5388,0.1839,0.4797,0.95
contenant,1710-1720,1789-1802,988,1942,5698,0.1836,0.539,0.8262
tirant,1710-1720,1750-1760,339,750,5694,0.1832,0.8888,0.7081
efl,1720-1730,1730-1740,933,1343,5693,0.1831,0.4128,0.8607
solide,1700-1710,1770-1780,325,2158,5693,0.1829,0.4935,0.4333
ardent,1710-1720,1770-1780,258,1223,5702,0.1827,0.1012,0.0916
cher,1730-1740,1770-1780,5508,11894,5717,0.1822,0.3188,0.4852
troubles,1710-1720,1789-1802,594,2960,5700,0.1819,0.7132,0.6204
auriez,1710-1720,1789-1802,224,1140,5688,0.1818,0.8713,0.6932
facile,1700-1710,1720-1730,974,1378,5715,0.1814,0.626,0.4975
vraie,1700-1710,1789-1802,193,3132,5708,0.1811,0.5431,0.5279
fausseté,1720-1730,1789-1802,203,627,5679,0.181,0.9745,0.5406
arrêté,1730-1740,1789-1802,1098,5361,5710,0.1809,0.6461,0.6757
ramener,1700-1710,1720-1730,171,249,5703,0.1808,0.2503,0.3479
tourmens,1700-1710,1740-1750,128,313,5679,0.1807,0.7928,0.2199
lâcheté,1700-1710,1770-1780,86,705,5678,0.1804,0.9594,0.2163
marguerite,1700-1710,1780-1789,86,1368,5656,0.1803,0.5479,0.8136
étendu,1700-1710,1740-1750,330,1064,5707,0.18,0.3496,0.6862
forts,1710-1720,1740-1750,787,1812,5713,0.1798,0.4245,0.6747
prirent,1700-1710,1730-1740,491,1481,5695,0.1796,0.418,0.2506
périr,1710-1720,1730-1740,386,1260,5703,0.1792,0.7086,0.1398
serez,1730-1740,1789-1802,548,1435,5669,0.1791,0.6132,0.5249
outrage,1700-1710,1770-1780,108,564,5685,0.179,0.5895,0.2848
confiance,1700-1710,1789-1802,1083,12877,5714,0.1789,0.6769,0.1645
croît,1720-1730,1780-1789,225,2208,5686,0.1788,0.873,0.7866
suites,1720-1730,1789-1802,168,1528,5679,0.1787,0.7112,0.6423
vifs,1710-1720,1789-1802,308,760,5696,0.1787,0.8054,0.7643
règne,1700-1710,1789-1802,297,5824,5701,0.1783,0.5302,0.6839
domicile,1720-1730,1789-1802,216,1639,5674,0.1783,0.5755,0.4454
voleurs,1700-1710,1789-1802,330,1071,5690,0.178,0.6154,0.6421
désirs,1710-1720,1770-1780,294,831,5682,0.1777,0.6356,0.4004
infiniment,1700-1710,1750-1760,387,1477,5711,0.1776,0.1512,0.6773
mériter,1700-1710,1780-1789,195,2254,5707,0.1774,0.725,0.428
enfin,1700-1710,1780-1789,5917,36801,5718,0.1773,0.1609,0.048
chien,1700-1710,1760-1770,369,1401,5698,0.1772,0.2121,0.3675
regards,1750-1760,1789-1802,1685,4431,5708,0.1771,0.325,0.4644
diamans,1710-1720,1789-1802,73,764,5665,0.1767,0.2075,0.5557
étranger,1710-1720,1780-1789,495,4686,5716,0.1764,0.7777,0.8307
vierge,1710-1720,1740-1750,1044,454,5695,0.1763,0.5994,0.7857
aveugle,1740-1750,1789-1802,854,1849,5709,0.1762,0.1169,0.0302
débiteur,1720-1730,1770-1780,226,1304,5671,0.1759,0.8963,0.8084
titre,1710-1720,1720-1730,4327,4150,5718,0.1758,0.482,0.7944
chevaux,1710-1720,1789-1802,2822,5352,5707,0.1757,0.6881,0.6277
patrie,1700-1710,1789-1802,733,13606,5711,0.1755,0.975,0.867
certificat,1700-1710,1789-1802,143,1017,5670,0.1755,0.6097,0.8476
sincère,1720-1730,1789-1802,110,895,5661,0.175,0.5709,0.7453
agitée,1710-1720,1789-1802,136,614,5692,0.1748,0.7564,0.4258
objets,1710-1720,1789-1802,752,12329,5717,0.1747,0.5559,0.8931
quartiers,1710-1720,1730-1740,942,1230,5690,0.1746,0.557,0.6877
prescrit,1700-1710,1789-1802,256,1751,5696,0.1742,0.4721,0.2967
vues,1700-1710,1780-1789,290,6953,5712,0.1741,0.5262,0.3463
désordres,1700-1710,1789-1802,109,1351,5668,0.1741,0.8042,0.3305
prétendent,1710-1720,1730-1740,524,740,5701,0.174,0.1796,0.2691
exécuter,1700-1710,1789-1802,229,2636,5711,0.1737,0.4094,0.4386
volontés,1700-1710,1789-1802,72,1977,5689,0.1735,0.8573,0.8986
naît,1710-1720,1770-1780,145,1280,5696,0.1734,0.3063,0.476
bruits,1700-1710,1770-1780,136,694,5679,0.1734,0.2488,0.3863
levées,1710-1720,1789-1802,352,683,5671,0.1733,0.6871,0.5614
créancier,1700-1710,1720-1730,1271,100,5672,0.1731,0.9613,0.8915
gré,1710-1720,1760-1770,1057,2720,5714,0.1731,0.6976,0.6144
prêtre,1720-1730,1789-1802,710,3092,5698,0.1727,0.3216,0.3892
comble,1700-1710,1789-1802,358,2226,5706,0.1727,0.5887,0.6549
espagnols,1730-1740,1760-1770,2451,1568,5694,0.1725,0.7462,0.3243
cependant,1710-1720,1740-1750,5651,15406,5717,0.1724,0.1527,0.2229
conçoit,1710-1720,1780-1789,99,1109,5686,0.1723,0.5283,0.5918
parfaitement,1700-1710,1760-1770,887,3368,5713,0.1721,0.307,0.2894
science,1710-1720,1789-1802,1065,3720,5712,0.1719,0.7197,0.8102
dangers,1710-1720,1789-1802,299,4143,5708,0.1715,0.4796,0.479
volontiers,1720-1730,1789-1802,711,1564,5708,0.1712,0.2492,0.2649
cendre,1720-1730,1789-1802,314,692,5696,0.171,0.8772,0.741
triompher,1720-1730,1789-1802,127,861,5690,0.1708,0.7768,0.3465
chagrins,1700-1710,1789-1802,242,1176,5686,0.1704,0.7743,0.3285
voyoient,1700-1710,1760-1770,123,372,5678,0.1701,0.8368,0.408
sienne,1710-1720,1740-1750,552,1097,5702,0.1699,0.4595,0.5103
subsister,1700-1710,1789-1802,184,1278,5692,0.1696,0.8437,0.5551
relâche,1710-1720,1789-1802,136,589,5687,0.1695,0.7821,0.6309
soutient,1710-1720,1770-1780,205,2014,5703,0.1691,0.0458,0.0363
vieillard,1700-1710,1710-1720,601,819,5702,0.169,0.1249,0.3043
approche,1700-1710,1770-1780,272,1732,5710,0.1689,0.1532,0.1124
abbaye,1720-1730,1740-1750,711,151,5675,0.1687,0.9842,0.8097
courtisans,1710-1720,1789-1802,162,895,5669,0.1684,0.973,0.5605
anciennes,1700-1710,1789-1802,385,3717,5711,0.1679,0.7078,0.2871
souverain,1710-1720,1740-1750,1158,2292,5710,0.1676,0.4098,0.2209
négligence,1700-1710,1789-1802,261,1129,5702,0.1674,0.6402,0.3961
navires,1720-1730,1760-1770,724,5370,5682,0.1673,0.9259,0.7341
confiscation,1780-1789,1789-1802,393,659,5664,0.1672,0.8301,0.4813
réduite,1710-1720,1789-1802,190,1366,5694,0.1671,0.4329,0.4557
douces,1710-1720,1789-1802,295,1504,5699,0.1671,0.7691,0.7348
intrigues,1700-1710,1770-1780,123,1153,5684,0.1669,0.6373,0.1361
ouvertes,1720-1730,1770-1780,188,692,5689,0.1666,0.0995,0.1697
abandonnée,1700-1710,1770-1780,106,795,5689,0.1665,0.2046,0.323
espece,1710-1720,1789-1802,2141,2496,5707,0.1664,0.9333,0.7937
placées,1700-1710,1780-1789,131,1245,5697,0.1663,0.826,0.8517
diable,1700-1710,1710-1720,950,1083,5693,0.166,0.0814,0.2809
source,1700-1710,1760-1770,733,4488,5719,0.1659,0.6059,0.4023
rapport,1710-1720,1789-1802,3620,16601,5718,0.1658,0.7974,0.915
hollandois,1730-1740,1760-1770,1295,2896,5679,0.1656,0.929,0.4449
fis,1700-1710,1710-1720,1419,1475,5704,0.1655,0.5209,0.6556
déjà,1710-1720,1780-1789,1584,15600,5715,0.1653,0.5463,0.7154
abuser,1700-1710,1789-1802,114,806,5695,0.1653,0.2615,0.338
vouloit,1710-1720,1730-1740,1435,3880,5709,0.1647,0.9562,0.2481
régner,1700-1710,1789-1802,151,1431,5690,0.1647,0.3952,0.5197
étude,1700-1710,1789-1802,193,912,5712,0.1643,0.8402,0.4966
poursuit,1700-1710,1780-1789,145,936,5695,0.1643,0.0905,0.3412
détruit,1710-1720,1789-1802,349,3039,5711,0.1641,0.2267,0.1948
pertes,1700-1710,1730-1740,530,685,5697,0.1639,0.9245,0.9356
siens,1700-1710,1780-1789,305,2016,5697,0.1638,0.5498,0.5057
inconnus,1700-1710,1720-1730,126,195,5691,0.1637,0.0264,0.0738
centre,1720-1730,1789-1802,1170,3590,5709,0.1635,0.406,0.5091
cendres,1700-1710,1760-1770,253,1630,5695,0.1633,0.549,0.4891
composées,1710-1720,1789-1802,157,1138,5689,0.1632,0.9373,0.8662
défaut,1700-1710,1789-1802,939,4816,5715,0.1632,0.706,0.8316
chambres,1750-1760,1770-1780,929,1954,5691,0.1631,0.5164,0.8043
sûre,1700-1710,1760-1770,114,850,5693,0.1629,0.7701,0.481
trahi,1700-1710,1789-1802,96,716,5672,0.1627,0.3422,0.5864
découvertes,1720-1730,1740-1750,307,991,5701,0.1626,0.2427,0.193
planches,1710-1720,1760-1770,316,3487,5685,0.1622,0.3497,0.6457
race,1730-1740,1750-1760,884,1435,5704,0.1618,0.1806,0.23
ressource,1700-1710,1789-1802,170,2644,5691,0.1613,0.5277,0.5635
situation,1700-1710,1789-1802,896,8065,5714,0.1612,0.6021,0.6498
batailles,1700-1710,1789-1802,107,576,5683,0.1611,0.7038,0.4015
six,1710-1720,1730-1740,1481,2543,5713,0.1607,0.7592,0.9571
ouï,1700-1710,1780-1789,308,708,5683,0.1606,0.9493,0.9616
réponse,1720-1730,1789-1802,1356,5015,5708,0.1604,0.3849,0.5016
siennes,1700-1710,1789-1802,133,676,5684,0.1603,0.7471,0.5585
toujours,1710-1720,1789-1802,11130,56110,5720,0.1602,0.2505,0.342
pleins,1700-1710,1789-1802,362,1315,5707,0.1599,0.4483,0.6074
fondemens,1700-1710,1780-1789,149,1131,5689,0.1598,0.904,0.3316
reconnaissance,1700-1710,1789-1802,136,1836,5619,0.1595,0.5213,0.4109
promesses,1700-1710,1789-1802,265,1379,5696,0.1594,0.2249,0.3903
guerrier,1700-1710,1750-1760,92,513,5690,0.1593,0.4628,0.4566
sien,1700-1710,1770-1780,457,1933,5711,0.159,0.5645,0.6448
couche,1700-1710,1720-1730,425,417,5695,0.159,0.6294,0.6706
fiers,1700-1710,1789-1802,126,653,5686,0.1588,0.3645,0.4498
définition,1710-1720,1720-1730,152,118,5681,0.1586,0.113,0.4305
ruiner,1700-1710,1770-1780,211,1046,5684,0.1584,0.7378,0.1229
véritable,1710-1720,1750-1760,1066,3534,5714,0.1581,0.2196,0.3913
seules,1700-1710,1789-1802,224,2453,5704,0.1579,0.1601,0.3291
promit,1710-1720,1730-1740,323,718,5687,0.1579,0.5936,0.379
climat,1710-1720,1760-1770,233,1500,5691,0.1578,0.4591,0.4057
perte,1710-1720,1740-1750,2116,3386,5716,0.1577,0.3901,0.4482
considérations,1700-1710,1789-1802,87,2026,5703,0.1572,0.3516,0.5267
imprimé,1710-1720,1789-1802,329,1947,5698,0.1571,0.3743,0.4477
soulager,1700-1710,1789-1802,164,1160,5690,0.157,0.7211,0.4379
ous,1710-1720,1789-1802,675,2967,5697,0.1569,0.1383,0.8922
mars,1720-1730,1730-1740,3628,4595,5715,0.1568,0.3408,0.9388
membres,1700-1710,1789-1802,607,11940,5714,0.1566,0.9519,0.9559
condamner,1700-1710,1789-1802,399,1077,5704,0.1562,0.5098,0.4683
vase,1710-1720,1760-1770,128,1337,5670,0.1561,0.4361,0.5126
french,1720-1730,1789-1802,507,2658,1481,0.156,0.9913,0.9333
voulut,1700-1710,1720-1730,1799,1806,5711,0.156,0.2291,0.4249
surface,1710-1720,1789-1802,202,3143,5705,0.1558,0.8045,0.658
indignes,1720-1730,1789-1802,236,651,5692,0.1556,0.8429,0.0758
ouverts,1700-1710,1789-1802,204,1003,5692,0.1555,0.2171,0.4879
obligation,1700-1710,1730-1740,697,543,5705,0.1554,0.57,0.767
graine,1720-1730,1789-1802,420,1143,5656,0.1549,0.6256,0.6345
durée,1700-1710,1780-1789,429,3184,5712,0.1548,0.7736,0.6998
absolument,1700-1710,1780-1789,1015,7197,5714,0.1548,0.3687,0.6153
dis,1700-1710,1760-1770,4679,12587,5717,0.1546,0.1798,0.5891
sortis,1710-1720,1760-1770,491,1030,5705,0.1544,0.3097,0.6341
employés,1720-1730,1789-1802,247,4191,5700,0.1541,0.707,0.6935
trouvera,1700-1710,1710-1720,868,1085,5715,0.1536,0.3494,0.2682
especes,1730-1740,1740-1750,1620,1569,5692,0.1535,0.9694,0.7894
astres,1710-1720,1789-1802,138,667,5673,0.1534,0.9753,0.7942
dur,1700-1710,1789-1802,354,1876,5704,0.1532,0.0829,0.2215
appellée,1740-1750,1789-1802,589,637,5688,0.1531,0.7221,0.4948
conservation,1730-1740,1789-1802,921,2889,5705,0.153,0.3444,0.7542
soumis,1720-1730,1789-1802,404,3035,5695,0.1526,0.6658,0.7163
vaincus,1700-1710,1770-1780,134,1073,5678,0.1526,0.7155,0.4139
joug,1710-1720,1770-1780,336,2913,5696,0.1524,0.9235,0.3705
bornes,1710-1720,1760-1770,872,2944,5713,0.1523,0.0895,0.2485
violer,1720-1730,1789-1802,153,830,5686,0.1522,0.8708,0.219
importance,1710-1720,1789-1802,270,2320,5713,0.152,0.7152,0.6932
fièvre,1720-1730,1780-1789,118,1057,5675,0.1518,0.5601,0.6576
dessous,1700-1710,1789-1802,911,4582,5713,0.1517,0.9365,0.8477
balancer,1700-1710,1789-1802,98,977,5691,0.1514,0.055,0.5703
pleure,1700-1710,1789-1802,93,659,5685,0.1509,0.1705,0.1628
lâches,1700-1710,1780-1789,124,742,5680,0.1507,0.6797,0.3597
soudain,1700-1710,1789-1802,74,1048,5670,0.1505,0.3455,0.6306
prosession,1700-1710,1789-1802,446,1878,5703,0.1504,0.7789,0.6766
réduits,1700-1710,1770-1780,180,1532,5691,0.1496,0.7829,0.6037
créature,1710-1720,1789-1802,255,1029,5669,0.1495,0.5056,0.6684
libraire,1710-1720,1760-1770,182,1082,5696,0.1494,0.1427,0.1868
répliqua,1710-1720,1730-1740,155,210,5664,0.1493,0.8236,0.4586
ensemble,1720-1730,1789-1802,3597,6783,5717,0.1489,0.7216,0.6297
siècle,1700-1710,1789-1802,168,6009,5685,0.1488,0.6972,0.8348
nourris,1700-1710,1710-1720,86,178,5676,0.1486,0.3574,0.2353
créateur,1700-1710,1770-1780,409,1310,5683,0.1485,0.7712,0.8774
vérité,1710-1720,1720-1730,2003,2756,5715,0.1481,0.1818,0.169
nuage,1720-1730,1770-1780,118,1189,5696,0.1481,0.4399,0.4868
servoient,1700-1710,1730-1740,227,634,5683,0.1478,0.9299,0.4525
machine,1710-1720,1760-1770,397,2436,5700,0.1474,0.2618,0.3013
industrie,1720-1730,1770-1780,295,2550,5703,0.1473,0.833,0.5
sud,1720-1730,1770-1780,812,2758,5678,0.147,0.6925,0.7962
sages,1710-1720,1789-1802,894,3712,5709,0.147,0.39,0.402
haïr,1700-1710,1780-1789,148,585,5675,0.1468,0.7348,0.2476
poètes,1710-1720,1720-1730,147,109,5695,0.1467,0.2365,0.368
dépenses,1700-1710,1789-1802,285,9971,5692,0.1465,0.8124,0.8591
puissans,1700-1710,1789-1802,155,1255,5685,0.1464,0.4705,0.55
obscurité,1700-1710,1730-1740,75,146,5700,0.1457,0.6828,0.2282
semblables,1700-1710,1789-1802,940,3996,5713,0.1456,0.5264,0.82
attends,1720-1730,1740-1750,69,108,5670,0.1452,0.6,0.0961
eli,1710-1720,1789-1802,796,1962,5690,0.1451,0.6588,0.9168
dissiper,1700-1710,1780-1789,172,814,5686,0.1448,0.9579,0.3161
signifie,1710-1720,1789-1802,831,1230,5703,0.1447,0.3465,0.532
vains,1720-1730,1770-1780,249,1369,5692,0.1446,0.5579,0.2723
querelle,1710-1720,1740-1750,345,751,5696,0.1445,0.2226,0.0229
héritage,1740-1750,1789-1802,953,662,5685,0.1445,0.8802,0.9466
voisinage,1710-1720,1720-1730,291,471,5694,0.1444,0.5893,0.2752
opposées,1700-1710,1789-1802,102,782,5690,0.1439,0.8792,0.6677
ignore,1710-1720,1770-1780,277,1596,5713,0.1438,0.4473,0.4465
solitude,1720-1730,1770-1780,134,637,5675,0.1431,0.3819,0.1658
ignorans,1710-1720,1789-1802,126,684,5684,0.143,0.7825,0.506
puisse,1700-1710,1720-1730,2510,3216,5717,0.1428,0.7909,0.7565
cruauté,1700-1710,1789-1802,292,1504,5694,0.1425,0.7573,0.4319
animé,1700-1710,1780-1789,136,1064,5698,0.1423,0.3804,0.1585
barbares,1730-1740,1789-1802,1763,2327,5700,0.1422,0.8907,0.7177
étonné,1700-1710,1710-1720,280,287,5705,0.1419,0.1246,0.4954
coté,1700-1710,1710-1720,176,243,5688,0.1418,0.3977,0.6491
écoute,1700-1710,1730-1740,169,266,5690,0.1417,0.0815,0.0889
fondé,1740-1750,1780-1789,1115,2695,5711,0.1417,0.277,0.1354
saintes,1740-1750,1780-1789,257,608,5682,0.1413,0.4508,0.074
utilement,1720-1730,1789-1802,220,793,5684,0.1411,0.9109,0.2003
occupation,1710-1720,1740-1750,153,367,5697,0.141,0.114,0.1051
erreur,1710-1720,1789-1802,606,3690,5715,0.1409,0.3836,0.0779
assemblée,1710-1720,1789-1802,537,5889,5711,0.1408,0.9725,0.9128
merveilleux,1710-1720,1750-1760,509,737,5701,0.1405,0.0809,0.1117
dépens,1710-1720,1789-1802,2733,2307,5705,0.1403,0.9912,0.9872
quitte,1700-1710,1750-1760,481,1151,5706,0.1401,0.1092,0.0751
également,1710-1720,1789-1802,1783,10870,5714,0.14,0.1912,0.2599
voies,1720-1730,1770-1780,288,1739,5692,0.14,0.5097,0.3947
mélange,1710-1720,1770-1780,281,2592,5706,0.1399,0.4881,0.2769
remplis,1700-1710,1780-1789,324,1747,5709,0.1396,0.2326,0.5123
pénétré,1700-1710,1780-1789,159,1470,5700,0.1395,0.7494,0.3015
apperçoit,1700-1710,1789-1802,80,647,5695,0.1394,0.966,0.8874
ignorance,1710-1720,1789-1802,336,1518,5712,0.1393,0.9553,0.8536
complaisance,1720-1730,1789-1802,281,1174,5700,0.1393,0.4458,0.5765
pratiques,1700-1710,1760-1770,141,1076,5689,0.1389,0.6405,0.3513
couronnes,1740-1750,1780-1789,398,874,5689,0.1388,0.7641,0.6359
erreurs,1700-1710,1789-1802,366,3818,5707,0.1387,0.5584,0.4646
guerriers,1700-1710,1770-1780,76,1947,5686,0.1384,0.6779,0.4843
encore,1710-1720,1740-1750,22980,34451,5719,0.1383,0.1765,0.5196
villages,1700-1710,1789-1802,239,1795,5682,0.1379,0.5173,0.6302
foiblesse,1700-1710,1789-1802,337,2559,5699,0.1375,0.8945,0.2778
humaines,1700-1710,1770-1780,186,1497,5697,0.1375,0.6249,0.5423
rocher,1700-1710,1770-1780,307,1487,5697,0.1374,0.498,0.548
succession,1700-1710,1789-1802,1221,1927,5698,0.137,0.8503,0.9692
marchand,1700-1710,1789-1802,1515,2335,5701,0.1369,0.5179,0.4518
armés,1710-1720,1770-1780,138,1273,5686,0.1368,0.4676,0.1505
auront,1700-1710,1710-1720,1622,3969,5715,0.1367,0.5393,0.6338
vaine,1710-1720,1789-1802,278,1087,5699,0.1364,0.9152,0.3634
couleur,1710-1720,1789-1802,1777,5928,5710,0.1364,0.8785,0.844
éloignées,1700-1710,1780-1789,150,1060,5690,0.1357,0.6923,0.4522
instruits,1700-1710,1789-1802,134,1668,5700,0.1353,0.7908,0.6601
négliger,1710-1720,1720-1730,110,231,5694,0.1351,0.233,0.1097
avarice,1710-1720,1789-1802,178,451,5689,0.135,0.9028,0.1772
propriétaire,1700-1710,1740-1750,211,1495,5676,0.1346,0.5862,0.5486
contenter,1700-1710,1750-1760,501,888,5702,0.1343,0.8272,0.6821
mépris,1700-1710,1789-1802,596,4085,5710,0.134,0.456,0.3259
divisé,1730-1740,1750-1760,193,521,5680,0.134,0.7757,0.6313
donnoit,1710-1720,1720-1730,817,1112,5706,0.1337,0.7506,0.2069
avertis,1710-1720,1789-1802,261,476,5687,0.1336,0.4346,0.1325
vainqueurs,1700-1710,1789-1802,70,856,5677,0.1333,0.6479,0.2707
espérance,1710-1720,1770-1780,436,1630,5708,0.1331,0.5052,0.2296
mur,1720-1730,1789-1802,637,1506,5699,0.133,0.4121,0.5251
mêlée,1700-1710,1789-1802,147,744,5696,0.1329,0.4439,0.5651
aussitôt,1700-1710,1770-1780,457,1526,5694,0.1328,0.3754,0.5044
punit,1710-1720,1740-1750,153,210,5679,0.1326,0.533,0.1206
voisines,1700-1710,1789-1802,197,1217,5697,0.1326,0.4233,0.4794
connues,1700-1710,1740-1750,106,624,5709,0.1325,0.5376,0.8049
unir,1710-1720,1760-1770,165,544,5702,0.1324,0.5524,0.3335
légitimes,1710-1720,1789-1802,238,1094,5674,0.1319,0.2853,0.3767
ies,1710-1720,1740-1750,3382,2960,5704,0.1314,0.3277,0.8179
fuites,1700-1710,1789-1802,270,1203,5695,0.1313,0.2722,0.9031
refuse,1700-1710,1789-1802,207,1247,5701,0.1312,0.1486,0.1409
élu,1710-1720,1789-1802,144,882,5679,0.1309,0.262,0.4719
délai,1700-1710,1789-1802,222,3177,5691,0.1308,0.9534,0.8257
plait,1700-1710,1720-1730,233,375,5668,0.1308,0.8065,0.5505
déclare,1700-1710,1710-1720,344,490,5706,0.1306,0.0688,0.1309
inscription,1730-1740,1789-1802,708,752,5689,0.1303,0.9286,0.8346
tombant,1700-1710,1730-1740,93,239,5689,0.1302,0.3968,0.4047
noble,1700-1710,1789-1802,907,6316,5714,0.1301,0.2482,0.2472
recherches,1710-1720,1770-1780,266,3676,5708,0.1298,0.4547,0.3915
bestiaux,1700-1710,1760-1770,172,2289,5660,0.1298,0.8973,0.6434
armer,1710-1720,1750-1760,94,186,5684,0.1297,0.6419,0.1033
rigueur,1710-1720,1780-1789,554,2987,5704,0.1296,0.2594,0.1403
remplies,1700-1710,1789-1802,156,951,5691,0.1294,0.6076,0.765
conquis,1700-1710,1789-1802,114,847,5668,0.1294,0.4403,0.4438
dcs,1730-1740,1750-1760,1010,1660,5684,0.1291,0.2106,0.7202
pourtant,1700-1710,1770-1780,1780,6153,5714,0.129,0.3195,0.6133
calmer,1700-1710,1789-1802,144,1029,5690,0.1289,0.3677,0.6286
figure,1710-1720,1760-1770,2158,12311,5715,0.1287,0.8194,0.7823
convaincus,1710-1720,1789-1802,158,1058,5680,0.1285,0.7915,0.6137
perfide,1720-1730,1789-1802,289,1699,5690,0.1284,0.9052,0.2978
traduit,1710-1720,1789-1802,435,1275,5704,0.1283,0.3504,0.6999
entends,1700-1710,1750-1760,59,185,5704,0.1283,0.5175,0.1462
convenable,1710-1720,1760-1770,606,2918,5709,0.1282,0.4845,0.5295
refus,1710-1720,1780-1789,746,2309,5697,0.1276,0.2791,0.1651
pointe,1700-1710,1789-1802,600,2664,5706,0.1276,0.745,0.6793
nommés,1710-1720,1789-1802,261,2033,5693,0.1274,0.6867,0.7759
éclaire,1720-1730,1780-1789,95,567,5686,0.1273,0.1035,0.1026
instructions,1720-1730,1760-1770,202,423,5682,0.1272,0.1908,0.0612
dépouilles,1700-1710,1730-1740,76,435,5678,0.1271,0.6446,0.3252
dispositions,1700-1710,1789-1802,455,5531,5709,0.1269,0.8689,0.8646
prenne,1720-1730,1750-1760,375,729,5705,0.1266,0.4115,0.4529
attire,1700-1710,1780-1789,201,943,5701,0.1264,0.3621,0.2759
horreurs,1700-1710,1789-1802,88,1779,5693,0.1263,0.8634,0.6635
délicatesse,1710-1720,1770-1780,307,1096,5698,0.1262,0.4518,0.2065
nôtres,1700-1710,1740-1750,230,838,5694,0.1262,0.6669,0.4783
ambition,1710-1720,1789-1802,297,1998,5710,0.1261,0.5622,0.1368
invention,1700-1710,1789-1802,197,838,5707,0.126,0.3696,0.3936
simplicité,1700-1710,1780-1789,287,2059,5705,0.1259,0.5804,0.1238
fautes,1700-1710,1789-1802,538,2976,5709,0.1259,0.7838,0.3895
clt,1740-1750,1750-1760,751,329,5659,0.1256,0.723,0.8835
devons,1710-1720,1740-1750,859,1253,5711,0.1255,0.5284,0.442
beautés,1700-1710,1770-1780,104,1878,5698,0.1255,0.5044,0.2725
bateaux,1710-1720,1780-1789,774,1488,5660,0.1252,0.7457,0.794
guérir,1710-1720,1780-1789,218,2127,5703,0.1251,0.3523,0.2079
registre,1730-1740,1789-1802,419,1114,5682,0.125,0.7411,0.553
ombre,1710-1720,1760-1770,309,713,5710,0.1244,0.1184,0.1339
désir,1700-1710,1770-1780,266,1230,5689,0.1242,0.7381,0.4922
abus,1710-1720,1789-1802,1050,5979,5705,0.1241,0.4506,0.5831
immoler,1710-1720,1789-1802,73,374,5678,0.1239,0.7738,0.1035
jaloux,1710-1720,1789-1802,604,2417,5705,0.1237,0.0457,0.2289
huitième,1720-1730,1789-1802,243,1365,5697,0.1233,0.7572,0.8273
forfaits,1710-1720,1789-1802,98,1735,5661,0.1232,0.5573,0.6715
meurt,1700-1710,1730-1740,208,655,5695,0.1231,0.3658,0.5493
ingratitude,1700-1710,1780-1789,71,311,5682,0.123,0.9328,0.58
pièces,1710-1720,1789-1802,1029,8889,5712,0.1224,0.221,0.6346
vastes,1700-1710,1789-1802,95,1275,5693,0.1217,0.6714,0.3904
roi,1710-1720,1780-1789,18676,72205,5721,0.1217,0.9431,0.8817
obstacles,1700-1710,1789-1802,133,2268,5702,0.1216,0.3824,0.3232
excès,1700-1710,1789-1802,288,3567,5713,0.1214,0.6217,0.3255
légitime,1700-1710,1750-1760,251,1535,5701,0.1213,0.1345,0.1266
charme,1720-1730,1789-1802,229,1851,5703,0.1213,0.5038,0.6599
différent,1710-1720,1789-1802,228,1587,5707,0.1212,0.1307,0.3696
atteindre,1700-1710,1789-1802,88,1541,5699,0.121,0.4918,0.6615
injures,1700-1710,1760-1770,233,899,5702,0.1207,0.6815,0.5358
concernant,1700-1710,1789-1802,413,2365,5701,0.1206,0.687,0.8344
dangereuses,1700-1710,1760-1770,134,556,5690,0.1206,0.5603,0.3282
épreuve,1700-1710,1770-1780,84,780,5700,0.1205,0.3176,0.3362
protection,1700-1710,1789-1802,402,2483,5713,0.1199,0.3903,0.3689
riant,1700-1710,1710-1720,213,341,5690,0.1197,0.5635,0.3118
ensuite,1730-1740,1750-1760,7296,8883,5716,0.1194,0.0526,0.0868
déclaration,1720-1730,1789-1802,1511,5071,5699,0.1192,0.5281,0.6425
alors,1700-1710,1770-1780,5208,32451,5717,0.1192,0.0434,0.2168
prudence,1700-1710,1770-1780,776,3185,5709,0.1188,0.4688,0.1923
faiblesse,1710-1720,1789-1802,468,1664,5595,0.1187,0.7423,0.5037
comprend,1710-1720,1720-1730,395,557,5707,0.1184,0.2208,0.5512
ouverture,1710-1720,1789-1802,379,787,5706,0.1182,0.3728,0.4724
rendus,1710-1720,1789-1802,1016,3730,5707,0.1179,0.7858,0.7133
imprimer,1720-1730,1789-1802,426,1300,5704,0.1176,0.6488,0.8285
spectacle,1710-1720,1789-1802,404,2941,5704,0.1175,0.1041,0.2154
changemens,1710-1720,1780-1789,292,2004,5693,0.1174,0.8936,0.3833
ccux,1730-1740,1780-1789,210,720,5388,0.1173,0.5817,0.9377
nombres,1730-1740,1760-1770,231,1204,5677,0.1172,0.8526,0.707
bonté,1700-1710,1740-1750,1425,2749,5715,0.1171,0.5223,0.4582
vapeurs,1710-1720,1780-1789,159,1882,5685,0.1171,0.5902,0.5749
tyrans,1700-1710,1770-1780,128,2169,5691,0.1169,0.8837,0.5462
blessé,1700-1710,1710-1720,164,199,5675,0.1168,0.2806,0.3187
foule,1700-1710,1789-1802,462,6256,5714,0.1167,0.901,0.9381
chere,1710-1720,1789-1802,561,1274,5692,0.1165,0.9298,0.8803
lettres,1710-1720,1789-1802,8382,15581,5720,0.116,0.8644,0.8067
témoins,1710-1720,1789-1802,786,3146,5703,0.1159,0.0414,0.1793
mien,1700-1710,1789-1802,437,1730,5695,0.1158,0.5513,0.6546
vanter,1710-1720,1789-1802,248,641,5692,0.1157,0.661,0.1747
siècles,1700-1710,1710-1720,93,207,5692,0.1155,0.8136,0.7323
céder,1700-1710,1740-1750,192,730,5699,0.1154,0.2218,0.2878
flatter,1700-1710,1789-1802,224,1657,5710,0.1151,0.8359,0.4763
ravir,1700-1710,1720-1730,113,101,5683,0.115,0.2051,0.3422
utilité,1710-1720,1789-1802,589,2110,5712,0.115,0.5986,0.6
forte,1710-1720,1789-1802,6045,11589,5717,0.1148,0.5139,0.9036
bataillons,1710-1720,1720-1730,160,368,5643,0.1146,0.9589,0.5446
craintes,1710-1720,1789-1802,121,1803,5683,0.1144,0.4605,0.272
propriétaires,1730-1740,1760-1770,213,4516,5675,0.1143,0.5929,0.5002
desdites,1710-1720,1720-1730,2945,1514,5664,0.1142,0.9415,0.7793
âgé,1720-1730,1789-1802,306,2035,5697,0.114,0.9178,0.8757
ôte,1700-1710,1740-1750,294,296,5694,0.1139,0.7386,0.6827
pleines,1700-1710,1780-1789,258,997,5700,0.1138,0.4093,0.524
augmentation,1710-1720,1730-1740,458,613,5685,0.1137,0.4582,0.6629
mienne,1700-1710,1710-1720,371,398,5693,0.1135,0.5417,0.5845
loi,1710-1720,1789-1802,2643,38885,5719,0.1134,0.8269,0.7085
exception,1700-1710,1770-1780,399,1342,5714,0.113,0.7638,0.842
pension,1710-1720,1789-1802,384,3153,5685,0.1129,0.6379,0.7819
substance,1710-1720,1789-1802,208,1494,5689,0.1125,0.4006,0.2179
aimables,1700-1710,1730-1740,95,296,5686,0.1121,0.5789,0.4484
suivie,1700-1710,1789-1802,296,1916,5712,0.1121,0.1699,0.4303
reproche,1700-1710,1789-1802,363,3051,5713,0.112,0.4353,0.0921
défauts,1700-1710,1789-1802,460,1961,5707,0.1119,0.7726,0.3794
oiseaux,1710-1720,1750-1760,1389,1019,5695,0.1118,0.4409,0.3986
honte,1700-1710,1789-1802,791,3225,5711,0.1117,0.4826,0.2883
habileté,1710-1720,1789-1802,121,317,5689,0.1116,0.9172,0.2407
diverses,1700-1710,1710-1720,848,1076,5710,0.1114,0.1564,0.4673
romains,1730-1740,1789-1802,11039,5142,5715,0.1112,0.9476,0.855
étrange,1710-1720,1789-1802,538,1747,5705,0.1111,0.1801,0.2375
vénération,1700-1710,1789-1802,109,652,5689,0.1109,0.9354,0.3203
aura,1700-1710,1720-1730,3641,3942,5716,0.1107,0.3786,0.3798
branches,1700-1710,1720-1730,1781,1065,5704,0.1106,0.9609,0.8625
injustice,1700-1710,1789-1802,214,1491,5701,0.1105,0.8701,0.4052
eit,1700-1710,1710-1720,1024,967,5703,0.1104,0.7088,0.8691
fît,1700-1710,1750-1760,286,821,5696,0.1103,0.9528,0.8888
plaine,1710-1720,1789-1802,347,2762,5690,0.1102,0.3883,0.5601
fervent,1730-1740,1789-1802,1083,1495,5694,0.1101,0.0145,0.2595
sexe,1710-1720,1789-1802,400,2448,5710,0.11,0.2034,0.4102
coule,1710-1720,1780-1789,257,1411,5694,0.1098,0.3626,0.2492
autel,1700-1710,1789-1802,109,654,5700,0.1097,0.8104,0.7031
espèces,1700-1710,1770-1780,847,3039,5696,0.1097,0.9167,0.8897
sacrifier,1710-1720,1780-1789,290,1495,5701,0.1096,0.1519,0.058
fierté,1700-1710,1770-1780,194,1114,5691,0.1093,0.693,0.106
succès,1700-1710,1780-1789,742,12291,5715,0.1091,0.5412,0.6162
trésors,1700-1710,1789-1802,98,1108,5682,0.109,0.4278,0.2846
exciter,1700-1710,1789-1802,250,1631,5708,0.1088,0.8253,0.5059
impressions,1700-1710,1770-1780,144,912,5694,0.1086,0.5008,0.4232
frappe,1700-1710,1789-1802,161,1592,5704,0.1086,0.0606,0.103
pourrions,1710-1720,1720-1730,125,183,5680,0.1083,0.3299,0.6117
établis,1700-1710,1789-1802,316,2708,5703,0.1083,0.2694,0.4274
voyoit,1700-1710,1720-1730,709,688,5701,0.1082,0.7793,0.3671
perd,1700-1710,1780-1789,636,2989,5711,0.1081,0.2442,0.4417
diminution,1740-1750,1770-1780,788,1816,5700,0.1079,0.7368,0.3072
guerres,1710-1720,1789-1802,972,3409,5699,0.1079,0.6237,0.376
respire,1710-1720,1770-1780,147,918,5693,0.1076,0.073,0.0703
remarquable,1700-1710,1789-1802,231,1945,5712,0.1076,0.6438,0.4696
fonds,1710-1720,1789-1802,1953,14416,5713,0.1073,0.7312,0.6188
traduction,1710-1720,1789-1802,718,1010,5705,0.1071,0.6899,0.6663
tâcher,1710-1720,1770-1780,331,936,5690,0.1069,0.8137,0.3063
essentielle,1700-1710,1789-1802,122,1122,5695,0.1069,0.5137,0.6588
inspire,1700-1710,1789-1802,177,1117,5706,0.1065,0.6956,0.6871
els,1700-1710,1740-1750,458,1592,5645,0.1064,0.6875,0.9351
renoncer,1700-1710,1789-1802,351,2230,5706,0.1063,0.63,0.5263
conduits,1710-1720,1770-1780,319,1126,5693,0.1058,0.523,0.4381
efi,1700-1710,1720-1730,1089,1120,5699,0.1055,0.4567,0.8851
donnoient,1700-1710,1720-1730,244,437,5695,0.1052,0.7225,0.4413
complices,1700-1710,1770-1780,127,727,5676,0.1051,0.3466,0.4707
époux,1740-1750,1770-1780,1239,3700,5701,0.105,0.2072,0.0818
scène,1720-1730,1789-1802,1675,6590,5699,0.1048,0.501,0.9041
quot,1700-1710,1789-1802,152,66,5705,0.1043,0.7902,0.9765
conquête,1700-1710,1750-1760,232,1326,5690,0.104,0.3727,0.2512
choisis,1700-1710,1789-1802,235,1635,5700,0.1039,0.6852,0.6194
prépare,1710-1720,1750-1760,235,646,5707,0.1038,0.0292,0.0462
étoffes,1730-1740,1770-1780,476,2016,5678,0.1037,0.9391,0.5904
entreprises,1710-1720,1780-1789,567,2192,5696,0.1036,0.2964,0.3718
offres,1710-1720,1789-1802,476,836,5696,0.1035,0.449,0.5966
ordonnances,1710-1720,1789-1802,3364,1680,5689,0.1032,0.8953,0.7679
souffre,1700-1710,1730-1740,355,739,5703,0.103,0.5129,0.3193
sensibles,1710-1720,1770-1780,238,2160,5710,0.1028,0.3718,0.6158
description,1710-1720,1760-1770,1213,3432,5713,0.1027,0.6795,0.8894
réflexion,1700-1710,1770-1780,410,2891,5711,0.1026,0.4967,0.6645
eussent,1710-1720,1740-1750,766,1280,5711,0.1022,0.8774,0.738
nourrit,1700-1710,1789-1802,185,901,5693,0.1021,0.3416,0.2449
tremble,1710-1720,1780-1789,204,936,5679,0.102,0.0599,0.0569
détruire,1700-1710,1789-1802,580,5100,5712,0.1019,0.3538,0.4479
intitulé,1730-1740,1789-1802,365,1190,5703,0.1019,0.1942,0.6761
foibles,1720-1730,1789-1802,564,2009,5700,0.1017,0.5547,0.1398
présentes,1710-1720,1789-1802,438,1176,5690,0.1013,0.9093,0.7156
propositions,1700-1710,1740-1750,545,1161,5691,0.1012,0.5005,0.7785
action,1710-1720,1789-1802,1023,3488,5716,0.1012,0.3418,0.6752
répandu,1720-1730,1789-1802,305,1301,5703,0.1011,0.3696,0.3815
difficulté,1740-1750,1789-1802,2845,3004,5712,0.1009,0.5841,0.8285
dépense,1730-1740,1789-1802,986,6149,5699,0.1006,0.6973,0.4785
grace,1710-1720,1789-1802,3802,4727,5712,0.1005,0.9664,0.9886
vole,1700-1710,1770-1780,140,1157,5693,0.1003,0.2801,0.4463
attaqué,1710-1720,1789-1802,231,1230,5695,0.1002,0.2351,0.2801
ose,1700-1710,1770-1780,274,1617,5713,0.1001,0.5464,0.5404
conserve,1710-1720,1789-1802,487,2168,5709,0.1,0.1461,0.2922
preuves,1710-1720,1720-1730,1142,1465,5711,0.0997,0.3611,0.4054
placé,1700-1710,1710-1720,212,720,5714,0.0996,0.4435,0.3888
violences,1720-1730,1789-1802,219,772,5677,0.0994,0.6901,0.4011
accidens,1700-1710,1770-1780,211,1243,5684,0.0991,0.5414,0.2805
lcs,1730-1740,1760-1770,1212,2861,5683,0.0991,0.316,0.7842
regles,1700-1710,1789-1802,690,719,5679,0.0989,0.6495,0.6768
cavaliers,1700-1710,1730-1740,184,1154,5679,0.0988,0.8915,0.7239
image,1720-1730,1780-1789,506,1835,5710,0.0984,0.5879,0.9317
sceptre,1710-1720,1789-1802,198,905,5692,0.0979,0.9206,0.4404
agitation,1700-1710,1789-1802,126,548,5697,0.0977,0.9034,0.5658
agité,1720-1730,1789-1802,147,733,5698,0.0976,0.3224,0.1596
obéir,1700-1710,1780-1789,241,1423,5698,0.0975,0.9487,0.1882
chante,1700-1710,1789-1802,258,750,5695,0.0974,0.0171,0.055
étre,1700-1710,1770-1780,530,2174,5692,0.0973,0.921,0.6167
ctre,1710-1720,1720-1730,325,548,5674,0.097,0.6175,0.9513
expression,1700-1710,1760-1770,270,1444,5711,0.0968,0.3002,0.2942
voyages,1740-1750,1789-1802,2329,2050,5713,0.0966,0.2694,0.2323
devenus,1720-1730,1789-1802,315,1992,5699,0.0965,0.3765,0.4466
regne,1710-1720,1789-1802,1789,2238,5695,0.0963,0.9344,0.9436
climats,1710-1720,1770-1780,263,1943,5684,0.0963,0.6774,0.5208
vas,1700-1710,1750-1760,346,481,5699,0.0961,0.1654,0.6259
plaintes,1700-1710,1789-1802,533,2566,5705,0.0957,0.4927,0.4221
voulait,1730-1740,1740-1750,357,213,5656,0.0956,0.5354,0.0711
denrées,1710-1720,1730-1740,1358,1579,5676,0.0956,0.8198,0.6437
conforme,1700-1710,1789-1802,443,2381,5710,0.0955,0.781,0.5299
blanche,1720-1730,1789-1802,950,2271,5703,0.0953,0.4988,0.3897
inutiles,1710-1720,1750-1760,712,1759,5711,0.0952,0.1553,0.1094
prétentions,1700-1710,1789-1802,266,1954,5690,0.095,0.8089,0.6853
cruelles,1700-1710,1789-1802,153,854,5694,0.0947,0.8388,0.4351
linge,1710-1720,1730-1740,444,341,5677,0.0946,0.7199,0.8022
augmente,1700-1710,1760-1770,262,2167,5709,0.0945,0.6687,0.1377
tradition,1700-1710,1789-1802,418,609,5695,0.0945,0.6348,0.6597
manières,1720-1730,1760-1770,276,753,5700,0.0944,0.9042,0.8305
philosophe,1710-1720,1760-1770,506,2665,5709,0.0942,0.1397,0.0599
oser,1720-1730,1789-1802,168,801,5696,0.094,0.2324,0.5719
ics,1730-1740,1780-1789,975,4649,5681,0.0939,0.3692,0.8949
redoutables,1700-1710,1770-1780,89,807,5684,0.0937,0.6849,0.4271
reçus,1720-1730,1789-1802,534,2127,5707,0.0936,0.2235,0.5852
opinion,1710-1720,1789-1802,1227,6243,5716,0.0935,0.7766,0.8595
faisoient,1700-1710,1720-1730,1066,2164,5702,0.0933,0.7329,0.2508
peint,1700-1710,1789-1802,463,1934,5709,0.0932,0.2815,0.6519
renferme,1710-1720,1789-1802,401,2138,5713,0.0931,0.3099,0.3191
frère,1710-1720,1750-1760,1910,3633,5699,0.0931,0.7257,0.6763
lié,1700-1710,1789-1802,257,1400,5697,0.093,0.1817,0.3225
lecteur,1730-1740,1789-1802,861,1807,5704,0.0927,0.7965,0.6658
commode,1710-1720,1789-1802,429,1212,5700,0.092,0.239,0.1823
copie,1720-1730,1789-1802,801,2448,5709,0.0919,0.4911,0.4424
malgré,1700-1710,1789-1802,1502,11079,5716,0.0918,0.2642,0.4347
peuple,1700-1710,1789-1802,3719,47033,5715,0.0917,0.8556,0.8904
modestie,1700-1710,1750-1760,270,806,5696,0.0917,0.3365,0.0788
connus,1700-1710,1740-1750,279,864,5710,0.0916,0.0726,0.1942
puissante,1720-1730,1760-1770,262,605,5691,0.0915,0.4951,0.6266
doigts,1710-1720,1789-1802,536,797,5692,0.0913,0.8545,0.9522
blesser,1720-1730,1760-1770,124,389,5687,0.0912,0.5277,0.405
éloquence,1700-1710,1789-1802,119,1222,5709,0.0911,0.9621,0.3424
organes,1710-1720,1789-1802,103,1055,5682,0.091,0.5274,0.4267
peau,1710-1720,1760-1770,1046,3473,5700,0.0908,0.3365,0.4324
munitions,1710-1720,1770-1780,172,819,5655,0.0905,0.4093,0.3954
soutenir,1710-1720,1750-1760,1495,3694,5715,0.0904,0.1652,0.0452
chanter,1710-1720,1770-1780,423,1248,5693,0.0899,0.0479,0.1165
lecteurs,1700-1710,1789-1802,94,1339,5699,0.0896,0.6691,0.683
zele,1710-1720,1789-1802,572,1298,5688,0.0894,0.5496,0.3522
cache,1710-1720,1720-1730,336,267,5700,0.0893,0.0265,0.0361
hom,1710-1720,1789-1802,477,1297,5696,0.0892,0.3534,0.5553
répand,1700-1710,1770-1780,209,1738,5706,0.0889,0.4198,0.4673
pays,1710-1720,1730-1740,4627,9486,5717,0.0887,0.4899,0.5656
privilèges,1700-1710,1789-1802,244,1667,5680,0.0886,0.5577,0.7921
diminuer,1720-1730,1789-1802,551,2574,5704,0.0885,0.6391,0.3616
richesses,1700-1710,1789-1802,547,4881,5708,0.0883,0.7231,0.5457
tromper,1700-1710,1789-1802,647,2515,5711,0.0882,0.2897,0.2761
jouit,1700-1710,1789-1802,169,2131,5703,0.088,0.5796,0.5034
braves,1720-1730,1789-1802,470,1556,5688,0.0879,0.8761,0.7142
france,1720-1730,1789-1802,13169,61634,5721,0.0879,0.9075,0.9479
revenus,1710-1720,1789-1802,1035,7255,5697,0.0878,0.6942,0.6138
menaces,1700-1710,1789-1802,217,1471,5689,0.0875,0.2347,0.13
corps,1720-1730,1789-1802,12582,35953,5721,0.0873,0.7419,0.8872
juges,1710-1720,1780-1789,2742,7409,5709,0.0871,0.6038,0.6756
admis,1700-1710,1760-1770,190,1209,5701,0.0865,0.2245,0.1789
sûr,1700-1710,1789-1802,449,3705,5707,0.0864,0.6657,0.4991
empereur,1710-1720,1750-1760,486,1718,5707,0.0863,0.8924,0.8161
opposer,1700-1710,1789-1802,242,1780,5702,0.0861,0.6945,0.7615
dignité,1740-1750,1789-1802,1673,3768,5711,0.0861,0.4909,0.1743
accompagné,1710-1720,1770-1780,468,1199,5706,0.086,0.465,0.4219
ouvriers,1700-1710,1750-1760,915,1792,5696,0.0859,0.3344,0.2266
daignez,1700-1710,1789-1802,73,746,5678,0.0857,0.7201,0.7273
seigneurs,1720-1730,1760-1770,2584,3756,5702,0.0856,0.7621,0.7825
ambassadeur,1730-1740,1789-1802,403,637,5682,0.0855,0.7114,0.1389
payement,1720-1730,1789-1802,1278,2219,5678,0.0853,0.942,0.6147
fortune,1710-1720,1789-1802,2200,11022,5714,0.0852,0.696,0.7319
sagesse,1730-1740,1789-1802,1764,5115,5709,0.0849,0.6944,0.2798
remords,1700-1710,1780-1789,124,1790,5689,0.0847,0.8771,0.3184
contraires,1710-1720,1789-1802,1014,2113,5703,0.0847,0.9864,0.9093
agit,1710-1720,1789-1802,383,1326,5714,0.0845,0.9203,0.793
justice,1710-1720,1789-1802,3799,15846,5716,0.0844,0.6108,0.5927
conformément,1730-1740,1789-1802,1186,2043,5708,0.0843,0.5576,0.7622
espèce,1710-1720,1720-1730,1006,990,5711,0.0842,0.2676,0.6247
domination,1700-1710,1770-1780,268,1859,5689,0.0841,0.5305,0.5863
conduite,1710-1720,1770-1780,2994,10977,5716,0.084,0.1812,0.3636
vaisseau,1710-1720,1720-1730,1857,1415,5708,0.0839,0.5306,0.3588
attirer,1700-1710,1730-1740,255,538,5710,0.0836,0.4436,0.1695
poursuites,1710-1720,1780-1789,231,600,5673,0.0836,0.6909,0.7407
observations,1720-1730,1740-1750,830,2828,5719,0.0831,0.1948,0.317
once,1720-1730,1760-1770,361,2189,5681,0.0827,0.9363,0.8426
instances,1720-1730,1789-1802,144,759,5671,0.0825,0.4941,0.4525
préjudice,1710-1720,1789-1802,1704,1392,5693,0.0824,0.8428,0.7295
peines,1710-1720,1770-1780,2099,4530,5711,0.0823,0.9399,0.8965
attaquer,1710-1720,1789-1802,273,1819,5708,0.0822,0.0869,0.0578
couverts,1700-1710,1770-1780,257,1471,5702,0.0821,0.5854,0.6234
matiere,1710-1720,1760-1770,1964,6820,5692,0.0819,0.7877,0.8118
trouble,1710-1720,1789-1802,859,3006,5713,0.0819,0.338,0.1016
punis,1700-1710,1770-1780,147,897,5695,0.0818,0.5779,0.5164
engager,1700-1710,1730-1740,337,865,5707,0.0817,0.6185,0.5004
province,1710-1720,1730-1740,1896,5865,5713,0.0816,0.4741,0.6055
puissance,1700-1710,1780-1789,1233,8289,5712,0.0814,0.4496,0.4801
mesures,1710-1720,1789-1802,1154,6584,5695,0.0813,0.5787,0.6231
bientôt,1710-1720,1730-1740,1639,4002,5716,0.081,0.1766,0.0564
objections,1710-1720,1789-1802,210,870,5699,0.0809,0.8177,0.3565
maintenir,1710-1720,1789-1802,804,3882,5691,0.0808,0.6427,0.4964
moyens,1710-1720,1760-1770,2126,10689,5717,0.0808,0.5268,0.5441
négocians,1710-1720,1789-1802,811,2398,5661,0.0807,0.7896,0.7062
conseil,1710-1720,1789-1802,8532,15331,5717,0.0805,0.7748,0.9105
soupçons,1700-1710,1789-1802,214,1136,5693,0.0803,0.7443,0.3399
pauvres,1720-1730,1750-1760,2519,3165,5714,0.0802,0.7659,0.6042
grâce,1720-1730,1760-1770,1219,1862,5705,0.0801,0.8621,0.8444
peine,1710-1720,1789-1802,11440,20779,5717,0.08,0.9916,0.9851
impression,1700-1710,1780-1789,275,1105,5713,0.0797,0.2589,0.7565
victoires,1710-1720,1730-1740,177,556,5677,0.0796,0.7244,0.3371
fonctions,1710-1720,1789-1802,664,4146,5697,0.0795,0.5398,0.5628
réussir,1700-1710,1780-1789,255,1251,5701,0.0794,0.3014,0.3735
joli,1700-1710,1780-1789,152,1218,5684,0.079,0.0886,0.3328
réflexions,1700-1710,1789-1802,425,4311,5714,0.0787,0.4837,0.6202
profit,1710-1720,1789-1802,2953,5101,5710,0.0786,0.7417,0.8367
ordonné,1710-1720,1789-1802,3553,2825,5705,0.0785,0.8815,0.8805
valets,1720-1730,1789-1802,369,875,5687,0.0783,0.765,0.551
prévenir,1700-1710,1789-1802,426,4610,5709,0.0782,0.2642,0.4961
superbes,1720-1730,1789-1802,154,835,5684,0.0781,0.3931,0.3524
prisonnier,1710-1720,1750-1760,326,792,5691,0.078,0.1496,0.0605
délicate,1720-1730,1780-1789,243,1152,5695,0.0776,0.2474,0.0784
voici,1700-1710,1770-1780,2564,10544,5716,0.0775,0.0534,0.1067
diminué,1720-1730,1760-1770,226,1158,5676,0.0773,0.415,0.3609
jardins,1700-1710,1720-1730,807,514,5696,0.0773,0.3647,0.5358
menace,1720-1730,1789-1802,261,1650,5701,0.0771,0.0777,0.0382
jugemens,1720-1730,1760-1770,631,1296,5691,0.0769,0.7913,0.3919
bienfaits,1700-1710,1770-1780,296,3030,5700,0.0769,0.3721,0.2362
combat,1710-1720,1730-1740,1310,4294,5714,0.0767,0.5192,0.2462
doucement,1710-1720,1789-1802,670,1080,5699,0.0766,0.1898,0.3099
violente,1720-1730,1789-1802,296,1219,5706,0.0764,0.4906,0.4353
paix,1710-1720,1789-1802,3559,20244,5715,0.0762,0.594,0.4096
envers,1720-1730,1789-1802,1230,6569,5705,0.0762,0.3599,0.6387
arracher,1700-1710,1720-1730,238,199,5710,0.076,0.1791,0.4689
fureurs,1720-1730,1789-1802,187,1320,5696,0.0757,0.7292,0.7512
dogmes,1710-1720,1760-1770,126,790,5660,0.0755,0.6969,0.3974
sommeil,1720-1730,1780-1789,312,2772,5705,0.0755,0.353,0.1327
travail,1720-1730,1789-1802,2029,13148,5718,0.0754,0.2124,0.2803
vivacité,1700-1710,1760-1770,224,1373,5706,0.0752,0.3634,0.3259
dessus,1710-1720,1789-1802,7322,14248,5719,0.0751,0.8164,0.9038
paraître,1700-1710,1750-1760,224,441,5685,0.0748,0.2803,0.3575
tombeau,1720-1730,1789-1802,660,2255,5704,0.0748,0.6917,0.6282
morceaux,1700-1710,1780-1789,366,2472,5702,0.0746,0.8337,0.9329
biens,1710-1720,1789-1802,3745,19359,5710,0.0745,0.8608,0.8259
autrefois,1720-1730,1730-1740,2586,2594,5710,0.0745,0.2499,0.2903
plaire,1700-1710,1750-1760,883,2649,5712,0.0744,0.6011,0.3083
fondées,1700-1710,1789-1802,129,995,5692,0.0743,0.8416,0.6617
démarches,1720-1730,1789-1802,200,1330,5695,0.074,0.4547,0.4602
nul,1710-1720,1770-1780,1553,3417,5707,0.0739,0.32,0.4411
faits,1700-1710,1789-1802,2681,13606,5718,0.0738,0.6255,0.831
longues,1700-1710,1780-1789,567,3451,5706,0.0738,0.9032,0.5991
condamné,1710-1720,1789-1802,907,2024,5706,0.0734,0.7414,0.6558
volumes,1730-1740,1760-1770,768,891,5703,0.0734,0.3642,0.6352
cesse,1700-1710,1789-1802,635,7927,5713,0.0733,0.6632,0.6416
couper,1700-1710,1740-1750,745,1352,5697,0.0731,0.5676,0.5439
nord,1740-1750,1750-1760,9356,3238,5702,0.073,0.9171,0.9191
raisonnemens,1700-1710,1770-1780,129,855,5682,0.0727,0.8887,0.381
passions,1700-1710,1789-1802,650,5363,5709,0.0724,0.7508,0.608
pouvions,1730-1740,1740-1750,183,283,5638,0.0724,0.532,0.4769
ordinairement,1700-1710,1789-1802,1838,3722,5713,0.0723,0.8323,0.3321
soleil,1730-1740,1740-1750,3751,4251,5715,0.0722,0.583,0.6775
huile,1730-1740,1760-1770,545,1180,5695,0.072,0.3764,0.4602
maladies,1700-1710,1730-1740,1000,872,5699,0.0717,0.6362,0.6256
douceur,1710-1720,1730-1740,882,1981,5709,0.0715,0.5017,0.0566
témoignage,1720-1730,1740-1750,602,1737,5708,0.0713,0.2544,0.1526
passion,1700-1710,1789-1802,1085,3427,5711,0.0713,0.3853,0.2419
racines,1740-1750,1750-1760,865,2369,5688,0.0712,0.8063,0.4902
créanciers,1710-1720,1789-1802,965,4301,5680,0.0711,0.8805,0.6535
cérémonie,1710-1720,1740-1750,387,1227,5695,0.071,0.2324,0.257
mouvement,1720-1730,1789-1802,2177,7421,5714,0.0706,0.6961,0.3541
place,1730-1740,1760-1770,9696,14301,5720,0.0706,0.3575,0.5055
couleurs,1720-1730,1789-1802,1258,2494,5713,0.0705,0.75,0.6119
adore,1720-1730,1730-1740,145,293,5679,0.0704,0.3221,0.2334
particuliers,1710-1720,1789-1802,2923,7762,5714,0.0701,0.4078,0.6373
diminue,1710-1720,1770-1780,214,1592,5696,0.07,0.6704,0.1764
questions,1700-1710,1789-1802,333,2883,5705,0.0699,0.5126,0.637
mange,1710-1720,1730-1740,725,274,5680,0.0695,0.3505,0.5448
outre,1710-1720,1789-1802,3701,6291,5714,0.0694,0.1267,0.7931
différentes,1710-1720,1760-1770,805,12807,5718,0.0692,0.7156,0.4564
compte,1710-1720,1770-1780,4263,10822,5717,0.0692,0.3851,0.4031
saison,1730-1740,1789-1802,307,1517,5680,0.0691,0.7756,0.3573
eau,1730-1740,1740-1750,1864,1845,5715,0.0688,0.4046,0.6062
tôt,1740-1750,1789-1802,6520,5012,5712,0.0688,0.6492,0.6925
royaume,1730-1740,1789-1802,7292,16416,5712,0.0685,0.7263,0.8099
magistrats,1700-1710,1789-1802,377,3444,5696,0.0684,0.6254,0.6113
cft,1720-1730,1750-1760,3439,1294,5694,0.0683,0.8479,0.905
doctrine,1720-1730,1760-1770,587,1256,5698,0.0681,0.6344,0.5786
trous,1710-1720,1760-1770,337,2090,5659,0.0679,0.8581,0.5687
crimes,1710-1720,1789-1802,799,7338,5707,0.0678,0.6806,0.4313
pouvoient,1710-1720,1720-1730,1183,1873,5706,0.0677,0.9378,0.5283
cultiver,1700-1710,1770-1780,233,2148,5694,0.0676,0.5666,0.4577
rendez,1710-1720,1740-1750,511,828,5698,0.0674,0.0602,0.1836
combats,1700-1710,1750-1760,300,1346,5703,0.0673,0.1251,0.1279
lauriers,1720-1730,1780-1789,120,763,5676,0.0671,0.8058,0.3111
troupe,1710-1720,1789-1802,690,3159,5700,0.0668,0.5085,0.4666
couché,1720-1730,1789-1802,273,581,5688,0.0667,0.3805,0.5699
dépend,1710-1720,1789-1802,793,2456,5711,0.0666,0.4,0.5535
témoigner,1710-1720,1789-1802,274,851,5696,0.0665,0.5106,0.3625
mêlé,1700-1710,1740-1750,253,483,5703,0.0664,0.6841,0.6636
ressemble,1700-1710,1740-1750,157,983,5697,0.0663,0.5641,0.7474
billet,1730-1740,1760-1770,887,1681,5689,0.0662,0.1441,0.0989
mauvais,1720-1730,1789-1802,3006,7327,5715,0.0661,0.5248,0.1939
secours,1740-1750,1789-1802,6018,11900,5716,0.066,0.6888,0.4938
écrites,1700-1710,1710-1720,197,193,5692,0.0659,0.6663,0.5806
facilement,1730-1740,1760-1770,1027,2796,5711,0.0658,0.4442,0.1887
résister,1720-1730,1789-1802,368,1585,5698,0.0657,0.8278,0.6419
partagé,1720-1730,1789-1802,286,909,5692,0.0656,0.3839,0.4534
chemin,1710-1720,1720-1730,2764,3303,5714,0.0653,0.2921,0.1243
vite,1720-1730,1789-1802,582,1784,5698,0.0653,0.5427,0.4322
autels,1710-1720,1789-1802,412,1722,5693,0.065,0.888,0.4861
conformes,1720-1730,1780-1789,250,804,5695,0.065,0.6505,0.7504
sensible,1710-1720,1789-1802,963,5620,5714,0.0649,0.4652,0.7449
lettre,1710-1720,1780-1789,5520,27057,5719,0.0646,0.8628,0.8527
vainqueur,1710-1720,1789-1802,401,1678,5701,0.0645,0.0801,0.1636
reproches,1700-1710,1789-1802,337,2051,5706,0.0644,0.7502,0.1265
éternité,1720-1730,1770-1780,71,272,5649,0.0643,0.8297,0.3943
légumes,1710-1720,1780-1789,319,982,5670,0.0643,0.6314,0.4765
successeurs,1710-1720,1789-1802,510,908,5677,0.0642,0.9336,0.8728
jugement,1720-1730,1789-1802,1660,6999,5714,0.0637,0.5631,0.5288
humble,1720-1730,1789-1802,290,938,5697,0.0636,0.5457,0.587
riches,1710-1720,1789-1802,914,5155,5709,0.0636,0.4317,0.1821
brave,1720-1730,1789-1802,528,2122,5703,0.0633,0.4248,0.2741
sentimens,1720-1730,1789-1802,1317,5762,5704,0.0632,0.8394,0.5354
établies,1720-1730,1789-1802,389,1811,5695,0.0631,0.3662,0.4924
sentiments,1710-1720,1789-1802,568,1491,5675,0.063,0.7071,0.6903
conquêtes,1700-1710,1789-1802,187,1490,5689,0.0629,0.7475,0.4628
excellent,1710-1720,1740-1750,715,955,5712,0.0628,0.338,0.1958
malade,1720-1730,1789-1802,1040,2722,5713,0.0625,0.6319,0.6012
craindre,1700-1710,1789-1802,1370,6132,5713,0.0625,0.4173,0.6094
feuilles,1730-1740,1780-1789,950,8926,5705,0.0624,0.98,0.6836
oui,1720-1730,1730-1740,2284,4217,5713,0.0623,0.007,0.1789
eglise,1710-1720,1740-1750,960,1557,5703,0.0621,0.6618,0.2444
officier,1710-1720,1789-1802,622,3685,5700,0.062,0.4706,0.145
principe,1730-1740,1789-1802,2343,9444,5714,0.0619,0.3268,0.3433
inspirer,1700-1710,1789-1802,176,1754,5707,0.0618,0.4474,0.7382
épais,1720-1730,1789-1802,290,887,5702,0.0618,0.5163,0.6398
cause,1720-1730,1789-1802,7248,17445,5718,0.0616,0.7522,0.8091
composé,1720-1730,1750-1760,1232,2561,5715,0.0615,0.7478,0.8296
caché,1710-1720,1760-1770,452,1092,5707,0.0614,0.0076,0.0016
différence,1710-1720,1770-1780,664,7066,5711,0.0614,0.8016,0.3042
éternelle,1720-1730,1789-1802,452,1547,5707,0.0613,0.4054,0.7535
plante,1710-1720,1730-1740,912,500,5694,0.0612,0.7331,0.6363
injure,1700-1710,1780-1789,162,935,5704,0.0611,0.5351,0.2095
suivant,1730-1740,1789-1802,10237,14881,5718,0.0609,0.7452,0.8796
justesse,1720-1730,1789-1802,149,785,5697,0.0608,0.8631,0.3876
sujet,1710-1720,1740-1750,5004,7895,5717,0.0607,0.3424,0.2953
maximes,1710-1720,1789-1802,590,2132,5703,0.0607,0.6855,0.3742
officiers,1710-1720,1789-1802,5522,9841,5707,0.0606,0.689,0.7887
prétendre,1710-1720,1789-1802,601,1751,5702,0.0605,0.7247,0.6681
connais,1720-1730,1789-1802,197,1480,5642,0.0602,0.3598,0.2944
intentions,1700-1710,1789-1802,269,2829,5705,0.06,0.8249,0.8282
entreprendre,1710-1720,1789-1802,488,1078,5702,0.0599,0.1592,0.1355
vertu,1710-1720,1750-1760,3615,9827,5719,0.0598,0.524,0.3436
clairement,1720-1730,1770-1780,615,1832,5708,0.0597,0.3777,0.408
air,1710-1720,1750-1760,2070,6943,5717,0.0597,0.2701,0.3657
article,1710-1720,1720-1730,3874,3092,5715,0.0594,0.525,0.5694
attention,1710-1720,1760-1770,1011,5672,5717,0.0593,0.3983,0.2899
figures,1720-1730,1760-1770,1485,4566,5711,0.0593,0.5481,0.6364
couvertes,1700-1710,1770-1780,160,1409,5690,0.0592,0.8571,0.7024
commerce,1720-1730,1760-1770,6723,39805,5721,0.0591,0.8075,0.725
moins,1700-1710,1710-1720,11802,15621,5718,0.059,0.1637,0.294
nécessaires,1710-1720,1789-1802,878,7268,5716,0.0589,0.6933,0.7015
longue,1710-1720,1730-1740,1787,2614,5714,0.0588,0.1928,0.3241
volonté,1720-1730,1789-1802,1504,8681,5709,0.0586,0.6963,0.8131
repas,1710-1720,1760-1770,1164,1306,5708,0.0584,0.0721,0.0831
prince,1720-1730,1760-1770,11314,15357,5717,0.0583,0.322,0.555
arbres,1740-1750,1760-1770,3225,8136,5709,0.0583,0.7342,0.5681
divinité,1700-1710,1760-1770,490,2274,5705,0.0582,0.6087,0.3239
royaumes,1730-1740,1789-1802,686,1009,5682,0.058,0.7804,0.4475
contient,1720-1730,1730-1740,1122,1397,5711,0.0579,0.1262,0.5891
plutôt,1710-1720,1789-1802,1901,10940,5715,0.0578,0.1736,0.5132
trouverez,1700-1710,1750-1760,410,778,5696,0.0576,0.3977,0.5327
auroient,1700-1710,1710-1720,984,2163,5709,0.0571,0.8528,0.6805
argent,1720-1730,1740-1750,2821,2699,5715,0.057,0.6085,0.4406
commencement,1710-1720,1789-1802,1698,4283,5715,0.0569,0.6928,0.8531
temples,1710-1720,1740-1750,416,1155,5691,0.0569,0.1322,0.5048
commandoit,1710-1720,1730-1740,158,884,5673,0.0568,0.8363,0.6464
siecles,1700-1710,1750-1760,245,519,5669,0.0567,0.9473,0.5637
auteurs,1710-1720,1789-1802,1808,5068,5717,0.0565,0.6597,0.7745
écrits,1710-1720,1789-1802,474,3580,5707,0.0565,0.4742,0.6208
tempête,1710-1720,1789-1802,269,861,5702,0.0564,0.2669,0.561
rois,1710-1720,1730-1740,3307,6674,5712,0.0563,0.4759,0.6512
villes,1710-1720,1730-1740,3971,7131,5715,0.0562,0.6465,0.6555
auprès,1710-1720,1730-1740,2232,4625,5713,0.0561,0.1653,0.4712
tombe,1700-1710,1789-1802,627,3360,5714,0.056,0.4919,0.7307
côtes,1720-1730,1760-1770,581,3147,5694,0.0559,0.8629,0.5304
fix,1720-1730,1789-1802,5688,8416,5712,0.0558,0.2,0.96
noms,1720-1730,1789-1802,2129,6946,5717,0.0558,0.3342,0.5087
prends,1710-1720,1780-1789,405,2020,5693,0.0557,0.3791,0.3547
terres,1730-1740,1760-1770,4593,16005,5708,0.0556,0.9036,0.8252
apres,1720-1730,1780-1789,2411,2737,5696,0.0555,0.7144,0.3388
regardent,1700-1710,1789-1802,496,1036,5709,0.0554,0.7435,0.8822
condition,1710-1720,1789-1802,2256,5004,5712,0.0553,0.4884,0.6896
chaleur,1710-1720,1770-1780,758,7294,5710,0.0552,0.5802,0.3806
articles,1710-1720,1789-1802,1692,7016,5711,0.0551,0.2685,0.58
esprit,1720-1730,1750-1760,3737,7811,5720,0.0548,0.307,0.5349
voix,1720-1730,1730-1740,1917,3824,5714,0.0548,0.1933,0.1818
charmante,1710-1720,1789-1802,369,1768,5690,0.0547,0.4719,0.2796
sertile,1710-1720,1770-1780,231,1395,5683,0.0544,0.3362,0.743
portrait,1730-1740,1789-1802,1090,2443,5704,0.0542,0.1518,0.0749
honneurs,1710-1720,1789-1802,667,2593,5705,0.0541,0.6833,0.1288
parfaite,1720-1730,1760-1770,1028,2660,5711,0.054,0.4998,0.2689
autorité,1710-1720,1780-1789,1919,4767,5715,0.054,0.5819,0.5562
rend,1710-1720,1720-1730,2186,4888,5722,0.0538,0.9849,0.9858
fenêtres,1700-1710,1770-1780,215,799,5673,0.0537,0.3398,0.3113
proportion,1720-1730,1789-1802,1971,6695,5715,0.0537,0.9377,0.8963
payent,1720-1730,1780-1789,600,2152,5673,0.0536,0.81,0.5781
force,1710-1720,1789-1802,4998,25102,5718,0.0535,0.5242,0.558
parties,1710-1720,1789-1802,5569,16444,5719,0.0534,0.8972,0.9433
payée,1720-1730,1770-1780,164,647,5675,0.0533,0.7277,0.5414
accablé,1720-1730,1750-1760,240,458,5697,0.0533,0.7737,0.1862
amende,1710-1720,1770-1780,620,844,5697,0.0532,0.9743,0.8899
origine,1710-1720,1760-1770,1013,2443,5716,0.0529,0.403,0.2398
possession,1700-1710,1720-1730,592,535,5709,0.0526,0.6631,0.5925
agréables,1720-1730,1770-1780,372,2193,5709,0.0524,0.2974,0.0701
contribue,1710-1720,1789-1802,188,650,5691,0.0523,0.6139,0.5671
payées,1700-1710,1750-1760,199,394,5668,0.0523,0.8188,0.7188
larges,1760-1770,1789-1802,1274,1010,5686,0.0522,0.6812,0.3935
couvre,1720-1730,1789-1802,468,1586,5703,0.0519,0.1516,0.2748
somme,1710-1720,1740-1750,3871,3567,5712,0.0519,0.5622,0.638
expliquer,1720-1730,1789-1802,489,1361,5712,0.0519,0.1422,0.2584
approcher,1700-1710,1789-1802,251,846,5703,0.0519,0.0881,0.0934
langage,1740-1750,1750-1760,1789,1982,5713,0.0516,0.1555,0.0445
regarde,1700-1710,1789-1802,1753,4009,5715,0.0514,0.6834,0.8385
mise,1700-1710,1720-1730,747,720,5712,0.0513,0.6911,0.4433
moment,1720-1730,1789-1802,2393,28710,5717,0.0512,0.823,0.852
douceurs,1710-1720,1780-1789,208,966,5689,0.0511,0.8195,0.4598
maladie,1720-1730,1760-1770,1582,3221,5713,0.051,0.5677,0.4708
dieux,1710-1720,1770-1780,5476,10535,5710,0.0509,0.3433,0.5998
jouir,1710-1720,1789-1802,1114,5638,5714,0.0509,0.5271,0.688
bontés,1720-1730,1780-1789,129,989,5670,0.0508,0.7914,0.6151
reste,1710-1720,1730-1740,4342,6790,5717,0.0507,0.2047,0.0736
maisons,1710-1720,1789-1802,3783,8021,5706,0.0506,0.4563,0.7691
beauté,1720-1730,1789-1802,1723,4331,5714,0.0505,0.6791,0.5498
garçon,1710-1720,1789-1802,682,1377,5693,0.0505,0.1751,0.3771
habiles,1710-1720,1789-1802,481,1024,5703,0.0503,0.813,0.5916
fenêtre,1720-1730,1780-1789,163,1031,5667,0.0502,0.3161,0.2844
soupirs,1720-1730,1789-1802,158,681,5679,0.0502,0.5993,0.185
réputation,1710-1720,1770-1780,861,3784,5709,0.0501,0.2347,0.3045
donnent,1700-1710,1750-1760,3925,3366,5716,0.0499,0.951,0.976
pourquoi,1700-1710,1780-1789,3463,17167,5717,0.0498,0.7068,0.9082
mouvemens,1720-1730,1789-1802,1235,3013,5702,0.0498,0.9624,0.3831
jette,1720-1730,1789-1802,999,2611,5709,0.0496,0.4406,0.5793
causé,1720-1730,1789-1802,168,958,5683,0.0495,0.5607,0.6007
liqueur,1710-1720,1760-1770,435,2830,5684,0.0495,0.441,0.6087
langue,1710-1720,1740-1750,1955,3829,5717,0.0493,0.3561,0.4712
septembre,1700-1710,1720-1730,1064,1819,5714,0.0492,0.7925,0.9337
portes,1730-1740,1760-1770,1966,2833,5708,0.0491,0.4902,0.4843
marier,1710-1720,1740-1750,473,770,5695,0.0491,0.5477,0.2906
tard,1710-1720,1789-1802,827,3606,5710,0.049,0.5503,0.7568
expressions,1720-1730,1789-1802,270,1990,5707,0.0489,0.2279,0.1558
devoit,1710-1720,1720-1730,2095,2734,5706,0.0488,0.8372,0.3755
forment,1700-1710,1770-1780,388,5246,5713,0.0488,0.5339,0.6233
crime,1730-1740,1740-1750,3172,3264,5710,0.0487,0.0738,0.0199
cas,1710-1720,1789-1802,7557,23287,5719,0.0486,0.5587,0.8134
couvert,1730-1740,1770-1780,2025,3743,5713,0.0484,0.3512,0.5101
importante,1710-1720,1789-1802,481,2902,5701,0.0484,0.4386,0.3605
aussi,1720-1730,1770-1780,20801,68971,5720,0.0483,0.1517,0.4915
longtemps,1710-1720,1789-1802,1750,1869,5692,0.0482,0.556,0.7149
suivi,1710-1720,1789-1802,980,4443,5716,0.0481,0.2863,0.2922
riche,1730-1740,1789-1802,2202,5565,5712,0.0481,0.308,0.1329
près,1710-1720,1750-1760,3880,10929,5718,0.048,0.238,0.4669
année,1720-1730,1789-1802,3062,11010,5718,0.0479,0.73,0.8365
tenus,1710-1720,1789-1802,3299,3168,5693,0.0478,0.8371,0.881
rang,1710-1720,1789-1802,2004,6323,5716,0.0477,0.4915,0.4927
auteur,1720-1730,1789-1802,2532,6205,5717,0.0476,0.5067,0.4233
soeur,1710-1720,1760-1770,1139,3147,5686,0.0474,0.7636,0.6035
haut,1720-1730,1789-1802,4128,10877,5716,0.0473,0.4952,0.534
main,1710-1720,1780-1789,7051,28219,5718,0.0471,0.1837,0.5802
voilà,1710-1720,1760-1770,4130,10844,5716,0.047,0.1068,0.0393
fus,1710-1720,1750-1760,1433,2665,5708,0.047,0.479,0.4783
cent,1720-1730,1750-1760,6956,17581,5718,0.0467,0.6689,0.841
séjour,1710-1720,1780-1789,464,2190,5694,0.0467,0.0475,0.1346
tenez,1720-1730,1789-1802,305,1003,5681,0.0466,0.3831,0.018
philosophes,1720-1730,1789-1802,673,2538,5705,0.0465,0.8738,0.5388
porte,1710-1720,1730-1740,7302,7595,5718,0.0464,0.0323,0.0731
premier,1710-1720,1789-1802,11281,38749,5721,0.0463,0.1797,0.6702
établir,1700-1710,1789-1802,542,4998,5715,0.0463,0.3189,0.5982
aventure,1720-1730,1780-1789,189,1417,5690,0.0462,0.0679,0.0537
puissant,1730-1740,1789-1802,1308,3086,5707,0.0461,0.2777,0.2318
difficiles,1720-1730,1780-1789,520,1507,5700,0.046,0.6485,0.3686
tenir,1710-1720,1789-1802,4448,8980,5716,0.0459,0.3674,0.7577
loix,1710-1720,1730-1740,3773,5419,5711,0.0457,0.6278,0.3171
couvrent,1710-1720,1780-1789,176,900,5685,0.0456,0.4939,0.4274
équipage,1710-1720,1780-1789,150,812,5692,0.0455,0.4149,0.6594
largeur,1710-1720,1750-1760,827,1752,5692,0.0454,0.7323,0.5471
conditions,1720-1730,1789-1802,1047,4107,5715,0.0453,0.2899,0.5329
enfance,1720-1730,1789-1802,196,1308,5710,0.0452,0.4897,0.5647
astre,1700-1710,1770-1780,55,499,5676,0.045,0.8685,0.6596
espace,1720-1730,1760-1770,543,2122,5712,0.0449,0.4674,0.6227
vend,1710-1720,1730-1740,672,393,5686,0.0448,0.2875,0.551
louanges,1720-1730,1789-1802,505,835,5700,0.0446,0.7724,0.0978
fin,1710-1720,1789-1802,5878,17131,5720,0.0445,0.2399,0.5601
fruits,1740-1750,1789-1802,3563,5043,5709,0.0444,0.4285,0.2558
service,1740-1750,1789-1802,4546,11531,5715,0.0443,0.5845,0.7536
premiere,1720-1730,1789-1802,5037,5824,5708,0.0442,0.8151,0.6816
promener,1700-1710,1789-1802,196,771,5682,0.0442,0.417,0.4143
permission,1720-1730,1789-1802,768,2264,5700,0.044,0.6414,0.8026
trône,1700-1710,1780-1789,755,6068,5705,0.0438,0.569,0.4148
jettent,1710-1720,1750-1760,296,434,5693,0.0436,0.5791,0.3454
payé,1720-1730,1789-1802,985,3641,5697,0.0434,0.4725,0.6686
extrême,1710-1720,1789-1802,935,2854,5712,0.0433,0.5023,0.4473
empressement,1720-1730,1789-1802,166,801,5695,0.0432,0.9018,0.5425
vendent,1720-1730,1730-1740,405,229,5677,0.0431,0.5848,0.6147
violence,1710-1720,1789-1802,1050,3646,5711,0.043,0.4671,0.2042
seconde,1710-1720,1740-1750,2849,4713,5716,0.0429,0.4802,0.4996
faite,1710-1720,1740-1750,5157,6356,5719,0.0428,0.369,0.5692
âme,1710-1720,1789-1802,370,2001,5674,0.0428,0.6586,0.6882
ame,1710-1720,1770-1780,1391,8999,5714,0.0427,0.763,0.3356
juin,1720-1730,1789-1802,1978,7415,5698,0.0426,0.7486,0.9587
princes,1710-1720,1730-1740,2803,5456,5707,0.0425,0.8219,0.4899
voeux,1720-1730,1789-1802,580,3395,5688,0.0423,0.6363,0.5224
alliance,1710-1720,1760-1770,514,678,5690,0.0422,0.5935,0.2752
mourir,1730-1740,1789-1802,2698,4573,5713,0.0421,0.4119,0.4635
courroux,1720-1730,1780-1789,304,1383,5683,0.0421,0.7209,0.4662
bras,1720-1730,1789-1802,2063,10174,5717,0.0419,0.7383,0.889
honnête,1710-1720,1760-1770,954,2464,5705,0.0418,0.5644,0.1199
fête,1710-1720,1730-1740,763,1115,5700,0.0417,0.2523,0.0911
janvier,1700-1710,1789-1802,1141,6426,5700,0.0417,0.9323,0.9589
distance,1710-1720,1750-1760,698,1784,5711,0.0416,0.4705,0.5052
petits,1710-1720,1750-1760,2850,5549,5716,0.0415,0.0629,0.2823
milieu,1720-1730,1789-1802,3708,14089,5716,0.0413,0.8379,0.9449
belles,1710-1720,1770-1780,1719,6772,5716,0.0412,0.4978,0.344
tels,1700-1710,1760-1770,1180,5613,5717,0.0411,0.3612,0.6053
obligés,1700-1710,1740-1750,238,2093,5699,0.041,0.8003,0.8168
mises,1710-1720,1789-1802,422,1416,5698,0.0409,0.587,0.4859
prix,1730-1740,1760-1770,5591,27968,5718,0.0408,0.9136,0.7636
ordres,1710-1720,1789-1802,2222,13808,5717,0.0407,0.4905,0.6802
petites,1710-1720,1770-1780,1917,9210,5713,0.0407,0.2027,0.3728
union,1710-1720,1780-1789,550,1978,5714,0.0406,0.6286,0.3346
habile,1710-1720,1789-1802,721,1593,5712,0.0405,0.5009,0.391
grandes,1710-1720,1750-1760,3422,6977,5718,0.0404,0.3744,0.315
juillet,1730-1740,1789-1802,3108,7425,5702,0.0403,0.7254,0.9523
crois,1700-1710,1710-1720,1971,1974,5716,0.0403,0.3261,0.7174
second,1710-1720,1730-1740,2879,3979,5719,0.0402,0.2279,0.3952
naître,1710-1720,1789-1802,830,3938,5711,0.0401,0.4939,0.289
dirai,1720-1730,1789-1802,814,2659,5699,0.04,0.6934,0.7734
dix,1710-1720,1720-1730,6481,6618,5718,0.04,0.4291,0.7739
ordre,1720-1730,1789-1802,6384,16717,5720,0.0399,0.625,0.5171
vertus,1730-1740,1789-1802,2161,8095,5715,0.0398,0.6554,0.3917
laissent,1710-1720,1780-1789,562,1908,5705,0.0397,0.659,0.7641
petit,1710-1720,1720-1730,6217,6333,5718,0.0396,0.0496,0.3123
valoir,1700-1710,1770-1780,645,2761,5701,0.0396,0.1597,0.5123
large,1700-1710,1789-1802,1355,3445,5712,0.0394,0.8294,0.8275
abondance,1720-1730,1750-1760,624,1121,5712,0.0393,0.9459,0.3228
amis,1720-1730,1789-1802,2809,11614,5713,0.0393,0.4074,0.5841
accorder,1720-1730,1789-1802,678,2558,5713,0.0392,0.299,0.3723
lieues,1700-1710,1770-1780,522,11205,5694,0.0391,0.9696,0.9481
état,1710-1720,1789-1802,3851,22564,5718,0.0388,0.9103,0.7608
importantes,1720-1730,1789-1802,415,1801,5709,0.0387,0.5718,0.4502
put,1700-1710,1770-1780,2749,4205,5713,0.0386,0.9802,0.9255
marchandises,1720-1730,1750-1760,2416,5766,5687,0.0386,0.6313,0.6039
maison,1720-1730,1740-1750,7726,9674,5714,0.0385,0.2171,0.5402
conserver,1710-1720,1740-1750,1606,2444,5715,0.0383,0.2479,0.4242
larmes,1720-1730,1780-1789,882,7636,5711,0.0382,0.5061,0.498
chacun,1720-1730,1750-1760,7388,8928,5718,0.038,0.2795,0.474
devient,1700-1710,1780-1789,624,6640,5714,0.0379,0.0636,0.5414
livres,1710-1720,1789-1802,11475,32541,5718,0.0378,0.9332,0.9242
terre,1720-1730,1760-1770,11754,37442,5719,0.0376,0.793,0.646
exemple,1710-1720,1730-1740,2816,4460,5719,0.0375,0.1086,0.1387
animaux,1710-1720,1760-1770,1231,6824,5704,0.0374,0.7035,0.2538
ardeur,1710-1720,1770-1780,493,1777,5708,0.0373,0.5255,0.1021
idées,1700-1710,1789-1802,1070,9989,5716,0.0372,0.6074,0.7846
ville,1710-1720,1730-1740,21808,24045,5718,0.0371,0.8517,0.8639
environs,1700-1710,1789-1802,392,3175,5697,0.0369,0.5617,0.7143
raison,1710-1720,1789-1802,8090,29998,5720,0.0368,0.5475,0.6962
suivre,1710-1720,1789-1802,1901,7103,5716,0.0368,0.2983,0.1428
orné,1730-1740,1789-1802,402,603,5694,0.0367,0.1762,0.3047
exemples,1710-1720,1750-1760,901,2313,5716,0.0366,0.0212,0.1053
huit,1710-1720,1760-1770,4295,10811,5714,0.0365,0.6155,0.8189
acquis,1710-1720,1770-1780,736,3228,5707,0.0364,0.4148,0.5505
lieu,1710-1720,1789-1802,13847,37886,5719,0.0362,0.6926,0.7544
non,1730-1740,1789-1802,35104,52820,5722,0.0361,0.2367,0.7159
cacher,1720-1730,1760-1770,668,2035,5708,0.0361,0.2252,0.0655
coeurs,1710-1720,1770-1780,789,3392,5689,0.0359,0.5761,0.4139
ici,1710-1720,1760-1770,7747,20937,5718,0.0358,0.1426,0.339
lieux,1720-1730,1789-1802,4415,8506,5717,0.0357,0.2691,0.6571
selon,1730-1740,1789-1802,6958,8068,5719,0.0357,0.3016,0.6179
chercher,1720-1730,1740-1750,2127,4204,5714,0.0355,0.0894,0.1551
parts,1710-1720,1789-1802,422,2258,5714,0.0354,0.7755,0.6732
coupable,1720-1730,1789-1802,587,5560,5707,0.0354,0.4775,0.1672
ancêtres,1700-1710,1789-1802,150,1278,5694,0.0353,0.7124,0.6099
beaux,1710-1720,1730-1740,1786,2385,5713,0.0352,0.1075,0.3456
élevé,1710-1720,1789-1802,740,3622,5711,0.0351,0.2989,0.2428
sens,1710-1720,1720-1730,3970,4253,5718,0.035,0.0983,0.3164
augmenter,1720-1730,1750-1760,694,1697,5711,0.0347,0.3885,0.1688
hélas,1710-1720,1740-1750,571,1677,5684,0.0346,0.5191,0.8522
obtenir,1710-1720,1789-1802,812,5173,5713,0.0345,0.1726,0.2426
jugé,1710-1720,1789-1802,982,2425,5708,0.0344,0.6932,0.8239
ennemis,1710-1720,1730-1740,2878,8344,5711,0.0343,0.7688,0.6626
nourriture,1720-1730,1730-1740,1062,865,5705,0.0342,0.4608,0.264
venger,1720-1730,1789-1802,483,2373,5703,0.0341,0.4114,0.164
idée,1720-1730,1789-1802,1449,8485,5716,0.034,0.5258,0.5756
magnificence,1720-1730,1789-1802,516,814,5700,0.0339,0.8587,0.3821
fondement,1710-1720,1789-1802,883,1393,5710,0.0338,0.4197,0.3136
davantage,1710-1720,1740-1750,2340,3020,5717,0.0337,0.4647,0.3223
ainsi,1720-1730,1789-1802,14079,54125,5720,0.0336,0.1738,0.2142
goût,1710-1720,1730-1740,2400,4070,5716,0.0336,0.39,0.4072
personnes,1710-1720,1789-1802,6016,14741,5718,0.0335,0.5637,0.7862
seul,1710-1720,1789-1802,6186,31685,5717,0.0334,0.1226,0.2369
met,1710-1720,1740-1750,4017,3893,5716,0.0333,0.7459,0.6736
propre,1710-1720,1789-1802,4404,15094,5720,0.0333,0.3246,0.577
pourroit,1710-1720,1720-1730,2893,3514,5714,0.0331,0.9381,0.5704
derniers,1710-1720,1760-1770,1273,4145,5716,0.033,0.4901,0.5445
même,1700-1710,1780-1789,32528,173803,5724,0.0329,0.3295,0.5939
part,1720-1730,1789-1802,10175,27691,5724,0.0329,0.2801,0.611
pieds,1710-1720,1750-1760,3913,6533,5718,0.0328,0.6321,0.8068
nuits,1720-1730,1760-1770,308,660,5693,0.0327,0.4051,0.5758
perdu,1710-1720,1760-1770,1874,4450,5715,0.0326,0.3058,0.4376
jour,1720-1730,1789-1802,13693,44605,5718,0.0325,0.7082,0.797
cru,1710-1720,1730-1740,1250,2681,5716,0.0324,0.4864,0.4408
desdits,1710-1720,1789-1802,7631,1539,5662,0.0323,0.9527,0.8634
mille,1710-1720,1789-1802,6627,30828,5718,0.0322,0.6879,0.8771
établi,1720-1730,1780-1789,1464,4910,5711,0.0321,0.163,0.2958
tel,1700-1710,1789-1802,3631,16054,5717,0.0319,0.461,0.4651
grands,1710-1720,1730-1740,6644,11122,5718,0.0319,0.1769,0.3111
exprimer,1710-1720,1789-1802,553,1562,5709,0.0318,0.3555,0.1572
guerre,1720-1730,1789-1802,10219,29499,5716,0.0317,0.634,0.7343
précautions,1720-1730,1789-1802,696,2524,5696,0.0316,0.3179,0.3337
vaisseaux,1710-1720,1740-1750,2180,6283,5707,0.0315,0.7158,0.6126
fondée,1720-1730,1760-1770,1023,1845,5713,0.0315,0.9603,0.9452
habitans,1710-1720,1750-1760,2609,4810,5706,0.0314,0.8248,0.3207
lesdites,1720-1730,1789-1802,770,728,5625,0.0313,0.9361,0.7099
couverte,1740-1750,1750-1760,1187,753,5701,0.0312,0.7881,0.6937
celle,1720-1730,1740-1750,14289,22587,5720,0.0312,0.2857,0.37
quatre,1700-1710,1750-1760,8277,15391,5718,0.0311,0.2667,0.7485
très,1740-1750,1789-1802,18889,51078,5720,0.031,0.6859,0.7689
mot,1730-1740,1760-1770,8051,12939,5716,0.0309,0.5112,0.2328
père,1710-1720,1730-1740,4135,4423,5708,0.0308,0.6364,0.5818
sais,1710-1720,1760-1770,1156,2599,5695,0.0307,0.5772,0.735
besoin,1710-1720,1789-1802,4596,17560,5716,0.0306,0.8917,0.5893
tort,1700-1710,1789-1802,1159,4168,5713,0.0305,0.5529,0.299
rochers,1740-1750,1760-1770,1621,1127,5696,0.0304,0.6654,0.2259
vit,1720-1730,1740-1750,2320,5410,5712,0.0303,0.0678,0.4224
plupart,1700-1710,1730-1740,1134,2557,5714,0.0302,0.7647,0.6395
maniere,1710-1720,1789-1802,5505,5265,5706,0.0301,0.9407,0.7969
sortes,1720-1730,1740-1750,742,816,5696,0.0301,0.7004,0.9063
nature,1730-1740,1750-1760,8320,18327,5721,0.03,0.4868,0.2734
novembre,1700-1710,1789-1802,789,4452,5702,0.0299,0.8875,0.9349
doux,1720-1730,1750-1760,1326,3376,5713,0.0298,0.1765,0.2126
jeunes,1710-1720,1789-1802,1389,5827,5714,0.0298,0.4506,0.629
contraire,1720-1730,1760-1770,4079,12891,5716,0.0296,0.7372,0.4739
marques,1710-1720,1789-1802,976,1652,5709,0.0294,0.3462,0.5763
droit,1700-1710,1750-1760,6409,24966,5720,0.0292,0.6417,0.7126
ami,1700-1710,1789-1802,1756,12599,5716,0.0291,0.2433,0.5027
mauvaise,1710-1720,1730-1740,1580,1791,5713,0.029,0.5665,0.2889
gloire,1720-1730,1740-1750,4004,4908,5715,0.029,0.2363,0.4443
ouvrages,1700-1710,1720-1730,1983,2959,5718,0.0289,0.2605,0.4306
bâtie,1710-1720,1780-1789,222,873,5679,0.0288,0.6338,0.331
quelquefois,1710-1720,1740-1750,3444,6755,5715,0.0287,0.1123,0.2421
habit,1700-1710,1780-1789,525,1865,5702,0.0287,0.261,0.2901
souvent,1710-1720,1740-1750,6414,9985,5717,0.0286,0.117,0.3209
avis,1740-1750,1770-1780,3909,6465,5715,0.0285,0.0672,0.5288
plaisirs,1720-1730,1789-1802,1184,4200,5712,0.0284,0.4492,0.204
malheurs,1700-1710,1789-1802,839,5637,5707,0.0283,0.8509,0.4468
choses,1710-1720,1789-1802,9288,16189,5719,0.0281,0.7438,0.6989
bâtir,1710-1720,1750-1760,729,879,5700,0.028,0.5297,0.2814
manière,1710-1720,1780-1789,2520,16372,5716,0.0278,0.9538,0.7298
quantité,1710-1720,1740-1750,3041,7258,5716,0.0277,0.875,0.7855
douleur,1720-1730,1730-1740,1562,2989,5713,0.0276,0.6986,0.4153
âge,1700-1710,1760-1770,945,3662,5718,0.0276,0.6639,0.5519
employer,1710-1720,1760-1770,749,3305,5714,0.0275,0.2373,0.4025
bon,1720-1730,1789-1802,10888,24306,5719,0.0274,0.7308,0.4989
mêmes,1720-1730,1730-1740,6487,11497,5718,0.0273,0.2646,0.6197
dames,1720-1730,1770-1780,909,2857,5694,0.0272,0.4166,0.3027
dieu,1710-1720,1770-1780,16528,29417,5722,0.0271,0.1761,0.6515
lesdits,1720-1730,1789-1802,2613,1774,5658,0.027,0.968,0.7873
pensées,1730-1740,1740-1750,1506,1060,5706,0.0269,0.3046,0.2319
loin,1740-1750,1770-1780,8465,16466,5716,0.0268,0.4402,0.392
craignent,1710-1720,1750-1760,146,373,5678,0.0267,0.3987,0.095
paroles,1720-1730,1770-1780,2265,4752,5710,0.0266,0.1561,0.209
illustre,1710-1720,1750-1760,630,1086,5709,0.0266,0.1557,0.0603
située,1720-1730,1750-1760,521,299,5669,0.0265,0.5127,0.7215
belle,1710-1720,1720-1730,4480,3994,5717,0.0264,0.1464,0.2188
habits,1710-1720,1760-1770,993,1492,5711,0.0263,0.2831,0.1524
fous,1720-1730,1789-1802,12990,33365,5716,0.0262,0.0193,0.7755
permis,1710-1720,1789-1802,3282,6695,5716,0.0262,0.7421,0.8013
cinq,1720-1730,1750-1760,6970,12296,5716,0.0261,0.7111,0.8806
coup,1710-1720,1789-1802,3608,14352,5717,0.026,0.5245,0.452
sujets,1700-1710,1789-1802,2430,10571,5717,0.0259,0.5541,0.6987
nomme,1730-1740,1740-1750,1773,3839,5711,0.0258,0.2074,0.5747
flots,1740-1750,1789-1802,868,1332,5693,0.0257,0.9798,0.7456
affreux,1720-1730,1789-1802,460,3714,5706,0.0256,0.2203,0.1192
tomber,1710-1720,1760-1770,1419,3802,5714,0.0255,0.2719,0.1741
tant,1720-1730,1789-1802,16546,41010,5719,0.0255,0.6331,0.6439
payer,1710-1720,1770-1780,4307,9403,5710,0.0254,0.5695,0.4223
affaires,1710-1720,1789-1802,3498,10188,5708,0.0252,0.4912,0.4701
composée,1700-1710,1760-1770,420,2031,5701,0.0251,0.9186,0.6243
forces,1740-1750,1760-1770,4242,5101,5716,0.0249,0.4624,0.2665
agréable,1710-1720,1740-1750,1145,2597,5712,0.0248,0.5036,0.0694
foi,1710-1720,1720-1730,5640,5430,5716,0.0248,0.1084,0.1391
presque,1720-1730,1789-1802,5231,18195,5717,0.0247,0.3596,0.7417
certain,1700-1710,1789-1802,2535,8507,5716,0.0246,0.8381,0.4157
enfans,1710-1720,1789-1802,3346,14486,5713,0.0245,0.85,0.7476
plaisir,1710-1720,1789-1802,4301,10216,5716,0.0245,0.6941,0.5898
arriver,1710-1720,1789-1802,1414,4154,5711,0.0242,0.6243,0.8038
occasion,1710-1720,1789-1802,2085,4727,5717,0.0241,0.2448,0.6539
fournir,1710-1720,1789-1802,1488,5115,5712,0.024,0.3663,0.4041
trouvons,1700-1710,1789-1802,186,895,5690,0.0238,0.4785,0.5619
empêcher,1710-1720,1770-1780,1581,4047,5714,0.0238,0.5751,0.4932
nations,1720-1730,1770-1780,2231,13179,5716,0.0237,0.8497,0.6869
dût,1710-1720,1780-1789,189,1020,5698,0.0235,0.9011,0.494
bout,1720-1730,1789-1802,3158,6756,5711,0.0234,0.9033,0.8308
entendre,1720-1730,1789-1802,2411,6651,5715,0.0234,0.4451,0.4787
doivent,1700-1710,1720-1730,4260,4556,5718,0.0233,0.5362,0.7022
appartement,1720-1730,1760-1770,252,898,5696,0.0232,0.1606,0.4064
regardé,1710-1720,1770-1780,416,2382,5710,0.0231,0.7695,0.8821
servi,1700-1710,1720-1730,717,906,5711,0.023,0.3086,0.3474
vivre,1710-1720,1730-1740,1464,2690,5710,0.0229,0.1494,0.2643
parti,1710-1720,1789-1802,2972,15764,5716,0.0228,0.2849,0.32
étendue,1710-1720,1760-1770,626,3701,5714,0.0227,0.4923,0.4904
épouser,1710-1720,1789-1802,244,522,5679,0.0227,0.7208,0.2335
genoux,1720-1730,1770-1780,681,2223,5702,0.0226,0.747,0.8584
endroits,1730-1740,1789-1802,2710,2838,5715,0.0224,0.5904,0.5265
soldats,1720-1730,1789-1802,2469,7937,5707,0.0224,0.6524,0.6085
dura,1710-1720,1750-1760,439,645,5687,0.0223,0.8463,0.5228
jeune,1710-1720,1720-1730,3336,3002,5718,0.0222,0.2913,0.5808
usage,1720-1730,1789-1802,2607,8059,5718,0.0219,0.4068,0.283
épée,1720-1730,1789-1802,252,876,5706,0.0218,0.5732,0.584
envoyé,1720-1730,1760-1770,955,2067,5708,0.0217,0.0971,0.1992
commencé,1710-1720,1789-1802,842,2372,5707,0.0217,0.2208,0.4061
bruit,1720-1730,1789-1802,1643,5089,5714,0.0216,0.2953,0.3767
maux,1740-1750,1789-1802,2552,7251,5708,0.0215,0.3378,0.3447
dîner,1700-1710,1760-1770,228,742,5682,0.0214,0.2805,0.5281
amitié,1720-1730,1789-1802,865,2585,5712,0.0213,0.2909,0.4546
courage,1720-1730,1789-1802,2293,9762,5714,0.0212,0.7375,0.3853
heures,1710-1720,1789-1802,3259,12951,5709,0.0211,0.804,0.865
afin,1710-1720,1789-1802,6593,12478,5716,0.021,0.388,0.8509
surpris,1720-1730,1789-1802,1332,2752,5711,0.021,0.2827,0.5379
occasions,1710-1720,1789-1802,922,1804,5712,0.0207,0.2995,0.5011
heureux,1710-1720,1750-1760,2404,7182,5716,0.0206,0.0707,0.0265
fils,1700-1710,1760-1770,8133,17091,5719,0.0206,0.5794,0.6843
venons,1710-1720,1760-1770,557,3021,5704,0.0205,0.9821,0.9646
souper,1720-1730,1740-1750,409,774,5684,0.0204,0.077,0.2882
parmi,1720-1730,1740-1750,4115,5836,5716,0.0203,0.1839,0.2054
femmes,1710-1720,1720-1730,2996,3947,5716,0.02,0.367,0.3716
persuadé,1710-1720,1740-1750,843,1604,5708,0.0198,0.5207,0.4691
vie,1740-1750,1750-1760,16468,19913,5719,0.0197,0.4463,0.4511
seulement,1730-1740,1780-1789,11482,24980,5719,0.0196,0.2168,0.828
amant,1720-1730,1740-1750,571,1925,5702,0.0195,0.1161,0.1263
ferons,1730-1740,1760-1770,514,1124,5694,0.0195,0.5905,0.5382
étonnement,1710-1720,1780-1789,165,980,5703,0.0194,0.3883,0.1507
parlez,1700-1710,1730-1740,465,814,5689,0.0192,0.1358,0.6944
tué,1710-1720,1789-1802,897,2057,5699,0.0192,0.3289,0.5768
nuit,1700-1710,1730-1740,3135,5583,5715,0.019,0.994,0.9929
seule,1710-1720,1740-1750,3257,7224,5717,0.0188,0.1897,0.1434
visage,1710-1720,1780-1789,1228,4453,5710,0.0188,0.5952,0.5418
affaire,1720-1730,1789-1802,1838,4365,5712,0.0186,0.3566,0.3968
regarder,1700-1710,1770-1780,919,5001,5715,0.0185,0.8412,0.9153
entrer,1710-1720,1730-1740,2285,3739,5715,0.0184,0.1604,0.2533
juger,1710-1720,1730-1740,1868,3075,5716,0.0183,0.362,0.5502
modern,1760-1770,1789-1802,2079,4570,1157,0.0181,0.9182,0.9406
monde,1710-1720,1770-1780,7599,25394,5718,0.0181,0.6182,0.5203
soin,1720-1730,1789-1802,810,6268,5707,0.018,0.6119,0.6411
celui,1710-1720,1720-1730,13903,17277,5719,0.0179,0.223,0.3497
aime,1710-1720,1730-1740,1121,2268,5712,0.0178,0.1257,0.1846
avantage,1720-1730,1789-1802,1452,5452,5715,0.0178,0.3928,0.391
douter,1720-1730,1789-1802,924,3104,5708,0.0175,0.7497,0.7464
côté,1720-1730,1770-1780,5858,20247,5718,0.0174,0.4778,0.5984
mort,1730-1740,1789-1802,15645,27838,5720,0.0172,0.5028,0.6389
arrive,1720-1730,1780-1789,2010,6459,5716,0.0171,0.655,0.7753
fille,1720-1730,1789-1802,4399,13401,5714,0.0171,0.7176,0.7994
mains,1710-1720,1789-1802,4978,15758,5716,0.0169,0.4822,0.7513
mention,1720-1730,1789-1802,1319,2745,5713,0.0168,0.714,0.648
partie,1720-1730,1760-1770,10469,37247,5718,0.0165,0.4245,0.6907
femme,1700-1710,1780-1789,6606,25756,5716,0.0164,0.6107,0.7899
mal,1730-1740,1740-1750,9008,11080,5718,0.0164,0.096,0.0534
épaules,1730-1740,1770-1780,333,916,5693,0.0163,0.5869,0.2296
temps,1720-1730,1760-1770,9489,33980,5719,0.0162,0.566,0.6603
prétexte,1710-1720,1770-1780,1577,4380,5709,0.0161,0.62,0.7207
elt,1710-1720,1730-1740,3980,3207,5702,0.016,0.6603,0.8926
armée,1710-1720,1730-1740,913,5562,5714,0.016,0.716,0.6827
quoique,1700-1710,1760-1770,2679,12538,5717,0.0159,0.2768,0.4507
osé,1710-1720,1789-1802,304,1677,5688,0.0158,0.5908,0.7887
vécu,1700-1710,1730-1740,304,625,5701,0.0157,0.3145,0.423
attendre,1700-1710,1789-1802,973,4122,5714,0.0156,0.1707,0.4779
troupes,1710-1720,1789-1802,2007,11523,5700,0.0155,0.8149,0.5994
passer,1720-1730,1789-1802,3044,10660,5718,0.0153,0.3344,0.3975
disent,1700-1710,1789-1802,1426,3034,5710,0.0153,0.3456,0.6307
doute,1710-1720,1789-1802,3096,22887,5716,0.0151,0.7064,0.8314
vont,1720-1730,1789-1802,1707,5007,5713,0.015,0.6545,0.7844
répondit,1720-1730,1750-1760,1387,2900,5705,0.015,0.0721,0.2858
accident,1710-1720,1789-1802,400,1033,5711,0.0149,0.1053,0.3035
gens,1710-1720,1789-1802,9532,19794,5717,0.0148,0.5384,0.4804
lequel,1700-1710,1789-1802,4085,14355,5718,0.0147,0.6137,0.8227
plusieurs,1720-1730,1789-1802,11874,32635,5719,0.0146,0.1976,0.6001
beaucoup,1700-1710,1789-1802,9506,35731,5716,0.0146,0.377,0.6217
voit,1710-1720,1740-1750,6185,11091,5716,0.0145,0.2215,0.4831
lesquelles,1720-1730,1760-1770,2615,6357,5714,0.0143,0.7049,0.7784
quels,1710-1720,1740-1750,1728,2788,5716,0.0142,0.1355,0.3707
nombre,1710-1720,1789-1802,8277,33484,5719,0.014,0.6707,0.5786
efforts,1720-1730,1789-1802,861,6201,5716,0.0139,0.7365,0.7056
mieux,1710-1720,1760-1770,7577,18972,5717,0.0139,0.3368,0.3782
quel,1710-1720,1740-1750,7676,12661,5719,0.0138,0.0368,0.5345
appelle,1710-1720,1789-1802,2264,6232,5716,0.0137,0.3845,0.5277
demandé,1710-1720,1789-1802,567,3068,5711,0.0136,0.3868,0.3196
égard,1710-1720,1789-1802,2656,7854,5717,0.0135,0.9212,0.9079
amour,1720-1730,1789-1802,1757,8795,5716,0.0134,0.497,0.2979
assez,1710-1720,1750-1760,7059,16594,5716,0.0133,0.5148,0.3726
yeux,1720-1730,1730-1740,4534,9179,5716,0.0132,0.3932,0.4623
autres,1730-1740,1789-1802,38973,59116,5721,0.013,0.3052,0.5069
parler,1710-1720,1720-1730,5819,4995,5717,0.0129,0.2852,0.3543
hommes,1710-1720,1789-1802,7908,45497,5720,0.0129,0.7346,0.7252
bonne,1710-1720,1720-1730,7838,6569,5718,0.0128,0.5523,0.521
étions,1700-1710,1770-1780,399,1304,5696,0.0126,0.4631,0.6478
années,1720-1730,1760-1770,2502,8685,5716,0.0125,0.7424,0.6567
infinité,1710-1720,1789-1802,749,1226,5705,0.0125,0.9316,0.7595
fâché,1700-1710,1760-1770,407,696,5698,0.0123,0.4082,0.5816
rendit,1700-1710,1710-1720,976,1035,5704,0.012,0.1877,0.3652
heure,1710-1720,1770-1780,1698,5329,5714,0.0119,0.7311,0.5235
laquelle,1700-1710,1760-1770,5511,19531,5717,0.0118,0.7273,0.7593
grande,1720-1730,1770-1780,13287,43465,5720,0.0118,0.7859,0.6891
mots,1720-1730,1750-1760,2481,5417,5715,0.0116,0.431,0.4979
mettent,1720-1730,1789-1802,1257,1960,5708,0.0115,0.7054,0.6345
nom,1710-1720,1789-1802,9900,33700,5717,0.0114,0.5071,0.7657
coeur,1720-1730,1789-1802,5353,23752,5712,0.0113,0.6302,0.6971
aller,1710-1720,1760-1770,3565,5857,5716,0.0111,0.2241,0.4393
trouvé,1710-1720,1720-1730,2624,2963,5717,0.0111,0.0575,0.2231
appris,1710-1720,1740-1750,716,2452,5713,0.011,0.1367,0.2938
tems,1710-1720,1789-1802,9638,25928,5714,0.0107,0.9367,0.6128
long,1720-1730,1789-1802,7402,25054,5721,0.0107,0.5255,0.8849
plaira,1710-1720,1789-1802,760,743,5695,0.0105,0.9021,0.7764
jours,1710-1720,1789-1802,9584,29337,5718,0.0104,0.6726,0.7613
voulez,1710-1720,1730-1740,1848,2339,5705,0.0104,0.5146,0.4308
endroit,1700-1710,1789-1802,2272,2977,5715,0.0101,0.5157,0.7293
trouver,1700-1710,1789-1802,3647,13403,5718,0.01,0.197,0.5292
eux,1710-1720,1789-1802,10835,31896,5719,0.01,0.4312,0.6569
bien,1700-1710,1789-1802,38476,122014,5721,0.0097,0.4477,0.4792
parut,1700-1710,1750-1760,1005,2604,5710,0.0095,0.6564,0.3024
fois,1720-1730,1730-1740,10442,13685,5717,0.0093,0.3242,0.5443
autre,1720-1730,1789-1802,15104,40948,5722,0.0092,0.5156,0.4127
ans,1700-1710,1750-1760,11938,17609,5718,0.0091,0.9311,0.9934
arrivé,1720-1730,1789-1802,1554,4513,5713,0.0089,0.5982,0.614
ouvrage,1700-1710,1789-1802,2179,11098,5718,0.0087,0.3622,0.5548
quelques,1710-1720,1770-1780,11544,51544,5719,0.0086,0.1628,0.3131
trouva,1720-1730,1740-1750,2619,5874,5708,0.0086,0.2882,0.5487
pendant,1710-1720,1780-1789,8392,33670,5718,0.0085,0.1295,0.6917
peu,1710-1720,1789-1802,18488,61300,5719,0.0083,0.3056,0.4747
parlé,1730-1740,1740-1750,4276,3147,5714,0.0082,0.6862,0.5541
fûmes,1740-1750,1770-1780,479,334,5581,0.0081,0.9127,0.6174
depuis,1720-1730,1760-1770,12573,27282,5719,0.008,0.4138,0.69
prend,1710-1720,1730-1740,3511,3727,5715,0.0079,0.1687,0.3538
veux,1710-1720,1720-1730,4274,2707,5714,0.0079,0.342,0.7031
ceux,1720-1730,1780-1789,27961,87329,5721,0.0078,0.1902,0.3049
donné,1710-1720,1750-1760,6972,11233,5719,0.0077,0.4191,0.5722
voir,1720-1730,1789-1802,12435,34024,5718,0.0076,0.5354,0.7049
servir,1720-1730,1789-1802,4057,11941,5719,0.0076,0.662,0.6665
sert,1730-1740,1760-1770,2890,10302,5716,0.0075,0.7894,0.51
fasse,1710-1720,1760-1770,985,1644,5709,0.0074,0.4969,0.2841
mis,1710-1720,1720-1730,5935,5819,5717,0.0073,0.2254,0.2241
homme,1710-1720,1720-1730,10695,9249,5720,0.0071,0.3537,0.4265
demanda,1700-1710,1760-1770,1079,2154,5701,0.007,0.7485,0.5968
uns,1710-1720,1789-1802,4788,12165,5718,0.0068,0.6968,0.7528
aiment,1700-1710,1730-1740,396,454,5700,0.0067,0.1618,0.302
grand,1710-1720,1789-1802,20740,56794,5721,0.0066,0.4163,0.4609
celles,1700-1710,1780-1789,5304,29596,5718,0.0065,0.3301,0.6379
quelle,1710-1720,1789-1802,5351,17835,5717,0.0062,0.2768,0.7223
quelque,1720-1730,1789-1802,18078,36256,5718,0.0061,0.284,0.5076
trop,1710-1720,1750-1760,10733,25474,5717,0.0059,0.3369,0.3351
obligé,1710-1720,1740-1750,2757,4815,5714,0.0058,0.6521,0.7259
rendre,1710-1720,1740-1750,7385,14388,5717,0.0055,0.29,0.4376
feront,1700-1710,1710-1720,5494,13631,5713,0.0054,0.573,0.5605
aucun,1710-1720,1789-1802,7127,23245,5718,0.0052,0.4219,0.4411
fera,1700-1710,1789-1802,9241,32944,5718,0.005,0.4588,0.6432
trouvent,1710-1720,1740-1750,1799,3410,5717,0.0049,0.542,0.3529
eut,1720-1730,1789-1802,6375,16449,5716,0.0048,0.5347,0.5052
mit,1710-1720,1740-1750,1903,3864,5709,0.0048,0.5368,0.3563
pris,1710-1720,1720-1730,5862,6123,5717,0.0047,0.0355,0.1976
trouve,1700-1710,1780-1789,5372,30135,5719,0.0046,0.4029,0.4906
prennent,1710-1720,1730-1740,1152,1053,5711,0.0044,0.267,0.2343
donne,1700-1710,1740-1750,6568,11318,5718,0.0043,0.2928,0.3218
mettre,1710-1720,1740-1750,8324,10832,5718,0.0042,0.6235,0.4618
chose,1720-1730,1770-1780,9072,23347,5717,0.0039,0.4954,0.4753
donna,1710-1720,1720-1730,2749,3975,5711,0.0038,0.2904,0.4212
dit,1710-1720,1789-1802,28625,74863,5721,0.0037,0.0915,0.3899
unes,1710-1720,1789-1802,1225,4380,5716,0.0037,0.7937,0.7496
aucune,1710-1720,1789-1802,5966,20196,5718,0.0036,0.5727,0.5176
auroit,1710-1720,1740-1750,5541,9633,5715,0.0035,0.8648,0.661
soit,1710-1720,1789-1802,20704,59178,5721,0.0032,0.548,0.7175
dire,1710-1720,1730-1740,18842,25534,5720,0.003,0.376,0.2343
fût,1710-1720,1720-1730,3683,3128,5713,0.0027,0.7651,0.6403
voulu,1710-1720,1720-1730,2660,2749,5716,0.0026,0.4053,0.5206
prendre,1710-1720,1720-1730,9278,8184,5718,0.0026,0.1333,0.3967
ait,1720-1730,1730-1740,6634,9039,5718,0.0025,0.568,0.6524
étoit,1700-1710,1710-1720,16171,14568,5718,0.0023,0.8846,0.1974
faisoit,1700-1710,1710-1720,2664,2968,5707,0.0023,0.7297,0.1957
eût,1710-1720,1720-1730,3388,4141,5717,0.0022,0.6724,0.785
soient,1710-1720,1720-1730,6251,5462,5716,0.0021,0.6046,0.5708
étoient,1710-1720,1720-1730,6919,9344,5716,0.002,0.8506,0.2367
firent,1710-1720,1740-1750,2212,5803,5707,0.0019,0.4141,0.1996
fit,1710-1720,1720-1730,12916,17863,5717,0.0016,0.2258,0.1926
donner,1700-1710,1740-1750,9591,17356,5718,0.0015,0.4452,0.457
pût,1710-1720,1720-1730,1428,1479,5711,0.001,0.8873,0.752
doit,1700-1710,1789-1802,13858,55322,5720,0.0009,0.3991,0.7216
avoit,1710-1720,1740-1750,19188,54844,5721,0.0008,0.7989,0.4009
avoient,1700-1710,1710-1720,5620,7113,5716,0.0007,0.8775,0.3166
pouvoit,1700-1710,1710-1720,3249,3008,5710,0.0005,0.6682,0.5219
font,1720-1730,1789-1802,58192,97065,5719,0.0004,0.7519,0.8035
peut,1700-1710,1710-1720,21358,23384,5722,0.0001,0.1684,0.4715
