word,drift_global,drift_moyen
linon,0.9802,0.6117
teste,0.9557,0.5505
tâche,0.9545,0.7203
l'avenir,0.9414,0.8818
miere,0.9412,0.8030
reflexion,0.9389,0.6525
merlin,0.9310,0.6526
traitre,0.9267,0.5964
teur,0.9241,0.8077
strabon,0.9215,0.3470
jurez,0.9186,0.4237
celer,0.9111,0.6945
pensant,0.9090,0.7815
sinon,0.9053,0.7395
curion,0.9049,0.6157
notice,0.9043,0.4957
l'experience,0.9035,0.7516
sor,0.9023,0.7003
apelle,0.9020,0.5209
jule,0.9004,0.5654
toutefois,0.8988,0.7848
falu,0.8960,0.6834
mesme,0.8921,0.6048
tendante,0.8904,0.6751
l'ef,0.8887,0.8262
traitez,0.8870,0.3343
d'aussi,0.8838,0.8181
l'est,0.8832,0.7637
fonc,0.8808,0.7448
filon,0.8799,0.5947
rem,0.8786,0.5865
roger,0.8781,0.5593
pleinement,0.8777,0.5981
reposée,0.8762,0.5864
moy,0.8681,0.4475
partagez,0.8646,0.3273
vide,0.8613,0.4826
titube,0.8612,0.5431
confulter,0.8592,0.7129
d'autorité,0.8589,0.7480
vides,0.8581,0.3586
victor,0.8567,0.4617
favorablement,0.8557,0.8042
alliez,0.8548,0.3884
secher,0.8542,0.7456
fiscal,0.8538,0.5964
lors,0.8502,0.8513
fement,0.8496,0.6552
sieurs,0.8492,0.7856
exempt,0.8491,0.7619
amé,0.8483,0.2814
sup,0.8474,0.5607
ras,0.8450,0.5422
passi,0.8449,0.5101
derechef,0.8428,0.7100
peller,0.8421,0.4984
ciens,0.8394,0.7342
l'inégalité,0.8369,0.7417
primer,0.8365,0.5274
obli,0.8351,0.7428
merveille,0.8342,0.6896
chés,0.8327,0.4868
dominant,0.8315,0.5283
c'en,0.8315,0.7177
rens,0.8305,0.7687
quité,0.8301,0.6971
pluton,0.8278,0.4892
restez,0.8273,0.3691
remontrer,0.8264,0.4310
qualite,0.8261,0.4239
correction,0.8257,0.6128
ôc,0.8255,0.7322
amene,0.8251,0.4498
quoy,0.8205,0.5261
gent,0.8201,0.7728
d'oeuvre,0.8199,0.4477
remarquez,0.8198,0.7020
vivante,0.8196,0.7682
adroitement,0.8181,0.7784
raire,0.8172,0.6512
lens,0.8159,0.5694
rentre,0.8148,0.7447
marchez,0.8144,0.3850
desormais,0.8142,0.6820
neurs,0.8140,0.7659
jusqu'où,0.8139,0.7765
l'enceinte,0.8130,0.6615
nant,0.8129,0.7704
franche,0.8127,0.7036
quelqu'une,0.8121,0.7941
unanime,0.8121,0.7293
veau,0.8118,0.7173
gage,0.8112,0.7825
ny,0.8102,0.4745
recom,0.8096,0.5468
caron,0.8092,0.6695
commune,0.8086,0.7229
volontiers,0.8077,0.8166
reparer,0.8077,0.7058
hui,0.8070,0.6929
convention,0.8070,0.4477
naire,0.8069,0.6673
veu,0.8069,0.5024
claudius,0.8064,0.4344
accessible,0.8062,0.7487
apris,0.8055,0.5441
commun,0.8032,0.7411
pren,0.8025,0.7371
pouvoir,0.8017,0.6674
future,0.8003,0.7745
legrand,0.8001,0.6309
prefet,0.7991,0.5025
acheve,0.7985,0.7172
l'ordinaire,0.7983,0.7719
plane,0.7979,0.4058
rement,0.7977,0.5990
lent,0.7969,0.8115
qu'a,0.7965,0.6851
fran,0.7963,0.7462
éloignez,0.7960,0.2863
chartre,0.7958,0.3947
d'espace,0.7948,0.6714
manie,0.7944,0.8401
d'égard,0.7941,0.7515
zircon,0.7940,0.6444
phe,0.7924,0.6417
cons,0.7923,0.6626
dubois,0.7923,0.5426
princi,0.7916,0.5878
l'oracle,0.7912,0.7350
tonner,0.7908,0.5829
regar,0.7906,0.6610
présentement,0.7885,0.7322
simple,0.7884,0.7593
l'agrément,0.7876,0.7730
nouvel,0.7874,0.7465
tranquile,0.7857,0.4019
cir,0.7856,0.5445
observez,0.7854,0.4279
marque,0.7848,0.7479
lifte,0.7834,0.6603
n'importe,0.7829,0.7755
gé,0.7828,0.5956
vieux,0.7827,0.7644
paroîtra,0.7826,0.6827
arrivez,0.7820,0.3908
d'abord,0.7817,0.7444
regler,0.7817,0.6844
aus,0.7817,0.5652
mats,0.7800,0.6301
forte,0.7790,0.6893
tard,0.7789,0.7283
pretent,0.7787,0.6629
l'obéissance,0.7780,0.3881
d'ignorance,0.7779,0.3502
l'indignation,0.7778,0.7200
eflt,0.7777,0.6531
l'orateur,0.7774,0.6032
franchement,0.7766,0.7391
reformer,0.7759,0.7796
ruement,0.7759,0.6171
sûrement,0.7756,0.7991
aiant,0.7755,0.4991
autrement,0.7755,0.8082
pous,0.7752,0.8160
timon,0.7752,0.6000
l'étranger,0.7748,0.7389
d'homme,0.7744,0.7988
hauts,0.7744,0.7432
pairement,0.7742,0.6403
sedan,0.7742,0.5282
raisonnablement,0.7736,0.7628
s'ouvrir,0.7734,0.6231
d'au,0.7732,0.7491
desordre,0.7729,0.6554
aujourd,0.7729,0.6902
tatien,0.7728,0.6476
nostre,0.7724,0.6545
marcel,0.7723,0.5174
cune,0.7717,0.6863
plaider,0.7709,0.7221
d'avertir,0.7708,0.6850
moindres,0.7706,0.7330
d'inquiétude,0.7705,0.6157
luy,0.7701,0.3938
cequi,0.7694,0.7395
repré,0.7693,0.5632
mira,0.7689,0.5627
foy,0.7687,0.4449
d'emprunter,0.7683,0.6739
déli,0.7683,0.6418
entieres,0.7679,0.7437
compter,0.7678,0.6305
rangs,0.7674,0.5887
l'opinion,0.7672,0.5866
ordinaire,0.7672,0.7358
quille,0.7664,0.5054
remplacer,0.7664,0.6874
prémier,0.7660,0.5722
expres,0.7659,0.5714
barre,0.7659,0.6042
réservé,0.7656,0.6027
meur,0.7655,0.5233
pourtant,0.7653,0.6420
d'où,0.7651,0.7748
peuple,0.7650,0.6569
fabriquer,0.7645,0.6815
ardemment,0.7644,0.7759
turion,0.7642,0.5237
infi,0.7639,0.5732
fondit,0.7639,0.4925
suppliant,0.7636,0.6343
olivier,0.7633,0.5550
éloi,0.7631,0.5401
regnent,0.7631,0.6793
paier,0.7630,0.5283
l'ouverture,0.7630,0.6178
l'espece,0.7626,0.4379
bac,0.7626,0.5400
conr,0.7626,0.5172
consiste,0.7625,0.6489
subitement,0.7603,0.6750
tement,0.7603,0.5136
trille,0.7602,0.5106
sement,0.7596,0.5008
consideration,0.7594,0.6282
perpétuité,0.7590,0.4392
vilaine,0.7589,0.6756
effe,0.7587,0.3923
tremblement,0.7587,0.7003
transport,0.7586,0.7297
l'impossibilité,0.7586,0.7257
détail,0.7585,0.7526
foret,0.7576,0.4968
mourant,0.7576,0.7020
cene,0.7575,0.4799
gardien,0.7574,0.6860
reux,0.7571,0.7492
trilles,0.7564,0.5385
neanmoins,0.7562,0.5917
bale,0.7561,0.5495
contrit,0.7557,0.5897
séparément,0.7556,0.7594
sé,0.7554,0.6581
prochaine,0.7553,0.6419
taux,0.7549,0.4157
papier,0.7547,0.6438
totalement,0.7543,0.4171
veille,0.7543,0.7210
posseder,0.7541,0.6934
fié,0.7539,0.6653
niere,0.7538,0.7334
pilier,0.7530,0.5077
plein,0.7528,0.6958
nommez,0.7527,0.3832
conf,0.7526,0.5743
pille,0.7519,0.5336
remede,0.7518,0.6300
hors,0.7518,0.7805
tion,0.7517,0.7121
tance,0.7517,0.4860
couver,0.7513,0.5283
oeuvre,0.7510,0.6558
reporter,0.7507,0.4751
yvoire,0.7504,0.5766
l'ex,0.7504,0.5590
fuf,0.7502,0.5936
pof,0.7498,0.4978
consommer,0.7492,0.6498
sal,0.7492,0.5545
ciers,0.7492,0.6525
auf,0.7491,0.5616
dignement,0.7490,0.7813
sas,0.7487,0.6341
confolation,0.7485,0.6576
d'ajouter,0.7483,0.6516
aufl,0.7482,0.6083
s'approcher,0.7482,0.6385
pies,0.7480,0.3902
l'ap,0.7477,0.6106
surplus,0.7477,0.6800
muni,0.7468,0.6957
paré,0.7465,0.7250
champ,0.7462,0.7446
reserve,0.7461,0.4751
volontaires,0.7461,0.4596
propos,0.7459,0.7683
loy,0.7456,0.4987
contrefaits,0.7454,0.5464
rufien,0.7451,0.5617
rais,0.7451,0.5467
ravoir,0.7450,0.6508
secretement,0.7448,0.6116
gueux,0.7447,0.7195
appeliez,0.7447,0.3793
enfuit,0.7444,0.5847
l'officier,0.7444,0.6181
préalablement,0.7443,0.6561
respirer,0.7442,0.6517
leger,0.7442,0.6685
négociation,0.7442,0.6555
dort,0.7437,0.6896
critique,0.7437,0.5890
habitant,0.7436,0.6371
dicta,0.7436,0.3461
d'assez,0.7435,0.6710
bailly,0.7435,0.4627
visité,0.7434,0.5194
tiques,0.7434,0.5127
l'âge,0.7434,0.7814
pié,0.7433,0.3988
regner,0.7431,0.6817
nent,0.7428,0.7349
omme,0.7427,0.5843
just,0.7427,0.4933
nime,0.7426,0.6334
chantant,0.7425,0.6324
secrettement,0.7425,0.5306
mobile,0.7423,0.6625
attraper,0.7422,0.6490
actuelle,0.7420,0.4313
augures,0.7417,0.6257
d'af,0.7415,0.6593
possession,0.7411,0.7072
l'office,0.7411,0.7029
sim,0.7410,0.5510
secondement,0.7405,0.6824
tation,0.7402,0.5223
convint,0.7402,0.5779
sole,0.7401,0.5067
excepte,0.7397,0.6389
caprice,0.7397,0.6344
supprimer,0.7395,0.3516
pitoyable,0.7394,0.7087
ainii,0.7392,0.6297
l'occupation,0.7391,0.5071
faculté,0.7391,0.7056
delivrer,0.7390,0.5665
intérieurement,0.7386,0.5412
d'accord,0.7384,0.6136
gran,0.7382,0.6978
veiller,0.7382,0.7154
repose,0.7380,0.6045
couple,0.7376,0.5189
commercial,0.7376,0.4467
chargez,0.7375,0.4046
proprement,0.7365,0.7312
énormes,0.7364,0.3489
oreille,0.7364,0.6011
navale,0.7359,0.6311
palier,0.7353,0.5102
descartes,0.7353,0.6512
cour,0.7352,0.6801
chef,0.7352,0.7242
tein,0.7351,0.5237
pardon,0.7350,0.6433
conti,0.7350,0.7258
nombre,0.7348,0.7457
railler,0.7348,0.7374
griffe,0.7348,0.6122
l'em,0.7348,0.5645
reur,0.7346,0.6203
auli,0.7346,0.4546
trans,0.7345,0.5234
surquoi,0.7345,0.7034
calife,0.7342,0.7679
mercure,0.7342,0.7059
passés,0.7341,0.6692
préfet,0.7339,0.5177
entendant,0.7338,0.6914
entiére,0.7334,0.5909
d'entreprendre,0.7333,0.6748
retardement,0.7330,0.6724
armés,0.7324,0.7036
trefle,0.7322,0.5448
exposé,0.7312,0.6837
majorité,0.7308,0.3773
fidellement,0.7306,0.5443
rançon,0.7304,0.6520
instance,0.7299,0.7027
dement,0.7298,0.4981
varier,0.7296,0.6638
ensemble,0.7295,0.6506
teneur,0.7295,0.6749
morte,0.7292,0.6559
vifs,0.7291,0.6620
cét,0.7290,0.3862
enée,0.7288,0.6367
payen,0.7285,0.6852
l'appui,0.7281,0.4315
l'invention,0.7279,0.7101
occupez,0.7278,0.3604
indifférente,0.7277,0.6957
commu,0.7273,0.5351
lier,0.7272,0.7293
d'effet,0.7270,0.7351
icy,0.7269,0.5760
d'endroits,0.7269,0.7014
poli,0.7269,0.6881
cointe,0.7268,0.6490
ruelle,0.7267,0.5345
tariere,0.7266,0.5391
désormais,0.7266,0.6860
ay,0.7265,0.4105
d'empêcher,0.7261,0.7036
affranchis,0.7260,0.4039
l'embarras,0.7258,0.7757
fice,0.7257,0.5671
devin,0.7257,0.5924
ajoutez,0.7257,0.7208
régulier,0.7257,0.3933
aisez,0.7255,0.5206
signal,0.7254,0.6920
noit,0.7253,0.7125
d'air,0.7252,0.6441
royaux,0.7252,0.6131
pouf,0.7251,0.5961
qu'ily,0.7251,0.8073
forme,0.7249,0.6682
l'acceptation,0.7249,0.6034
genre,0.7248,0.6883
exercée,0.7248,0.7044
souhaiter,0.7247,0.7015
mmne,0.7246,0.6085
civil,0.7245,0.6738
élement,0.7244,0.5318
propres,0.7240,0.6323
usances,0.7238,0.6606
touchez,0.7237,0.4229
chanoines,0.7233,0.7062
l'ordre,0.7233,0.5811
l'impuissance,0.7232,0.7253
troi,0.7232,0.5605
permettons,0.7231,0.6085
voy,0.7227,0.5454
teurs,0.7227,0.7183
formel,0.7226,0.4187
commises,0.7224,0.5687
salaire,0.7223,0.6563
pole,0.7222,0.6288
dépôt,0.7221,0.7254
viaire,0.7221,0.5597
légitimes,0.7213,0.7151
gué,0.7212,0.5950
paya,0.7210,0.6695
préter,0.7209,0.5006
cous,0.7208,0.5609
suivra,0.7208,0.6357
l'as,0.7208,0.4656
présents,0.7206,0.6891
lyre,0.7205,0.6258
paroisse,0.7204,0.7384
disant,0.7204,0.6135
mariés,0.7204,0.7069
s'exprimer,0.7204,0.6100
bis,0.7202,0.5135
vé,0.7196,0.4882
consequent,0.7193,0.6625
fie,0.7192,0.6269
composition,0.7192,0.6476
dè,0.7191,0.6637
d'ordre,0.7190,0.6540
tacher,0.7188,0.7908
prescrit,0.7185,0.6672
mainte,0.7185,0.6683
premierement,0.7180,0.5620
raisonner,0.7176,0.6958
tez,0.7175,0.4076
gâté,0.7175,0.6689
caufe,0.7172,0.5237
insensé,0.7170,0.6387
tran,0.7170,0.5855
parenté,0.7170,0.8001
porteurs,0.7170,0.6420
chirurgiens,0.7169,0.6961
seu,0.7167,0.4860
sus,0.7162,0.5334
dio,0.7161,0.4641
confus,0.7161,0.6902
retrait,0.7160,0.6156
és,0.7158,0.3909
pourvue,0.7155,0.4005
interest,0.7153,0.4802
auifi,0.7151,0.5885
entrera,0.7150,0.7511
faute,0.7150,0.7602
fleuri,0.7150,0.4719
l'egard,0.7149,0.6413
généralité,0.7144,0.6939
d'esprits,0.7144,0.4002
rep,0.7140,0.5982
oire,0.7139,0.4435
trésor,0.7138,0.6680
elle,0.7135,0.6047
etranger,0.7134,0.6476
coutume,0.7134,0.7074
reaux,0.7131,0.5131
sujet,0.7129,0.6746
gez,0.7127,0.5038
def,0.7125,0.5500
clergé,0.7125,0.6786
deçà,0.7122,0.6799
royauté,0.7121,0.6208
succés,0.7117,0.7579
notables,0.7117,0.3622
dem,0.7116,0.4688
publie,0.7116,0.6919
suffi,0.7115,0.7101
fatigue,0.7114,0.6293
l'intérieur,0.7113,0.3416
chanté,0.7112,0.6561
finance,0.7111,0.6771
allier,0.7110,0.4784
sub,0.7110,0.4966
iij,0.7109,0.5615
adoré,0.7108,0.6529
peupler,0.7105,0.6297
anti,0.7105,0.5395
ménage,0.7105,0.7409
qu'aux,0.7104,0.7456
milord,0.7104,0.5215
hector,0.7096,0.5131
témoin,0.7095,0.7975
bayes,0.7090,0.4520
triment,0.7090,0.5693
satis,0.7089,0.3722
allure,0.7089,0.5017
experts,0.7088,0.6947
bout,0.7088,0.6521
cheres,0.7087,0.6139
nui,0.7086,0.5347
oubli,0.7086,0.6289
lage,0.7086,0.5745
services,0.7085,0.5197
traîner,0.7085,0.6521
criminelle,0.7083,0.6054
sterling,0.7082,0.6311
indemnité,0.7082,0.6156
continuation,0.7081,0.7032
hor,0.7078,0.5231
ancien,0.7076,0.6488
nat,0.7075,0.4832
pé,0.7074,0.5725
taire,0.7073,0.7138
dau,0.7070,0.5143
d'honneurs,0.7069,0.6854
neutralité,0.7066,0.6738
suiffe,0.7064,0.4658
varron,0.7063,0.5789
patentes,0.7062,0.5813
jointe,0.7061,0.6859
glife,0.7057,0.6566
particulier,0.7056,0.7134
combattant,0.7056,0.7298
l'épée,0.7056,0.6305
quoi,0.7056,0.5465
repre,0.7055,0.6260
revenons,0.7052,0.6771
hormis,0.7051,0.6993
seur,0.7051,0.5546
réels,0.7048,0.6011
malin,0.7046,0.6570
privation,0.7046,0.6334
préferer,0.7044,0.5478
fieur,0.7043,0.6286
l'espace,0.7042,0.7694
marches,0.7039,0.6471
souverainement,0.7037,0.7292
para,0.7036,0.5848
contrefaire,0.7035,0.6702
chaste,0.7033,0.4830
songe,0.7033,0.7259
apparence,0.7032,0.6992
louis,0.7031,0.6591
chaffer,0.7030,0.5300
baiser,0.7029,0.6651
accomplis,0.7028,0.6944
nement,0.7027,0.5566
docile,0.7025,0.6841
souffre,0.7025,0.6278
pluralité,0.7025,0.6749
tique,0.7023,0.5627
lavoir,0.7023,0.7320
parisis,0.7022,0.5938
l'affront,0.7020,0.7020
familier,0.7018,0.6368
carreaux,0.7017,0.5225
tranquilité,0.7016,0.6752
réglés,0.7015,0.4099
regnoit,0.7015,0.6384
trancher,0.7014,0.6738
librairie,0.7010,0.6863
foli,0.7009,0.5435
l'ob,0.7008,0.6178
l'é,0.7008,0.5721
una,0.7007,0.4639
d'hercule,0.7006,0.6110
d'attaquer,0.7005,0.5983
rôle,0.7004,0.5897
voeu,0.7003,0.2972
informe,0.7002,0.4977
lions,0.7002,0.4495
quils,0.6999,0.6505
s'ap,0.6999,0.5884
d'âge,0.6997,0.8004
rempart,0.6993,0.5417
temoins,0.6993,0.6526
accoutumé,0.6992,0.6249
secrète,0.6992,0.6793
d'especes,0.6992,0.6907
purger,0.6992,0.6152
ordonnez,0.6991,0.4521
laitier,0.6991,0.5679
sant,0.6990,0.6344
flamand,0.6990,0.5023
finalement,0.6990,0.7441
jusqu'ici,0.6989,0.6531
garde,0.6989,0.6685
consequence,0.6987,0.7002
outrée,0.6987,0.6452
voyant,0.6987,0.6786
miens,0.6982,0.6672
noble,0.6982,0.6060
mode,0.6981,0.3835
sf,0.6980,0.4138
timons,0.6980,0.5479
traite,0.6979,0.6690
sain,0.6977,0.7726
marc,0.6975,0.6863
avenir,0.6974,0.3244
encourage,0.6974,0.3882
intimes,0.6974,0.7062
lig,0.6974,0.6276
gilles,0.6971,0.4753
l'emporta,0.6967,0.6765
potion,0.6966,0.5248
contraire,0.6966,0.7168
paternelle,0.6964,0.6446
réponde,0.6964,0.6680
paisiblement,0.6964,0.5294
fermes,0.6963,0.6387
l'unique,0.6963,0.5812
leut,0.6962,0.6818
séance,0.6961,0.6883
trempe,0.6960,0.6455
mérites,0.6960,0.6457
milliers,0.6959,0.6447
mouvoir,0.6959,0.6056
gence,0.6959,0.5027
posture,0.6958,0.6705
violé,0.6957,0.5944
lecture,0.6951,0.6071
compa,0.6950,0.5867
demandeurs,0.6948,0.3766
coups,0.6948,0.6034
douteux,0.6947,0.7215
recompense,0.6946,0.7048
souver,0.6946,0.5225
rein,0.6945,0.5114
dessein,0.6945,0.6808
gratuit,0.6944,0.6918
profite,0.6941,0.7067
tourné,0.6940,0.6905
hommage,0.6940,0.6079
arrangement,0.6938,0.5531
corporelle,0.6937,0.6077
souveraines,0.6936,0.7440
maturité,0.6936,0.7004
militaires,0.6936,0.6921
aujour,0.6935,0.6834
connaissance,0.6933,0.6318
boileau,0.6933,0.4345
frappant,0.6933,0.6892
dez,0.6933,0.4909
gêne,0.6930,0.3814
parfaire,0.6929,0.6675
fim,0.6924,0.4394
puisqu'on,0.6923,0.6881
poursuivant,0.6922,0.5852
sen,0.6921,0.6072
d'ordonner,0.6919,0.6255
op,0.6918,0.5823
amplement,0.6917,0.6269
rôt,0.6917,0.4387
dote,0.6916,0.6087
mittere,0.6916,0.4652
pen,0.6913,0.5345
mu,0.6913,0.5868
complet,0.6911,0.6961
vaquer,0.6910,0.6579
compose,0.6909,0.5267
repasser,0.6909,0.6002
puissamment,0.6908,0.5182
journées,0.6907,0.5811
entant,0.6906,0.4476
propre,0.6905,0.6330
s'informer,0.6905,0.6991
blement,0.6903,0.5892
afez,0.6902,0.5372
saisons,0.6897,0.5725
teinture,0.6897,0.5932
patris,0.6895,0.4132
érant,0.6893,0.6453
avancez,0.6892,0.4432
pons,0.6891,0.5474
leure,0.6891,0.5776
distinction,0.6891,0.6233
l'abondance,0.6890,0.6509
fol,0.6890,0.4478
distinctement,0.6889,0.6637
multiplie,0.6889,0.6139
fauter,0.6888,0.5764
flon,0.6888,0.6222
s'engage,0.6888,0.6821
corps,0.6886,0.6310
miracle,0.6883,0.6147
d'importance,0.6883,0.6886
murmure,0.6882,0.6475
ela,0.6881,0.5354
folle,0.6880,0.6436
d'orient,0.6879,0.6461
d'obliger,0.6877,0.6667
estre,0.6876,0.5325
opposez,0.6874,0.3452
tierce,0.6872,0.4660
laire,0.6872,0.6206
quint,0.6871,0.7817
gement,0.6871,0.5360
penible,0.6868,0.6228
ombrage,0.6867,0.7128
vellent,0.6867,0.4841
d'autre,0.6866,0.6389
pavillon,0.6863,0.6931
sacri,0.6863,0.5313
d'oeil,0.6862,0.6840
montez,0.6861,0.4921
rempli,0.6860,0.4945
réelles,0.6859,0.6479
chauffée,0.6858,0.5699
inscriptions,0.6858,0.5568
ressort,0.6857,0.6987
rope,0.6857,0.4477
d'hiver,0.6857,0.6428
cul,0.6856,0.5716
cire,0.6856,0.5330
scrupuleux,0.6856,0.6828
table,0.6854,0.7083
dece,0.6852,0.5790
qu'ailleurs,0.6850,0.6438
mant,0.6847,0.5438
london,0.6846,0.4668
culier,0.6846,0.6780
fonts,0.6845,0.6229
d'in,0.6845,0.5496
laise,0.6845,0.4763
pref,0.6844,0.6058
nombreuse,0.6843,0.7264
ties,0.6839,0.6479
l'emploi,0.6837,0.3850
d'autriche,0.6837,0.6372
attentif,0.6835,0.6232
vivant,0.6835,0.7357
forum,0.6835,0.3756
inconnue,0.6833,0.7371
s'enfuir,0.6831,0.4565
chez,0.6831,0.6083
prochains,0.6831,0.4687
aisement,0.6830,0.5536
alte,0.6829,0.5058
dant,0.6829,0.5828
fréquens,0.6829,0.6534
d'agrément,0.6829,0.4933
assemblé,0.6828,0.6482
chaire,0.6827,0.6208
mouvant,0.6826,0.4644
accommoder,0.6826,0.6372
suffisamment,0.6825,0.7439
l'esclave,0.6824,0.4582
virginie,0.6824,0.5244
l'ancien,0.6824,0.6792
san,0.6824,0.6502
baille,0.6821,0.5541
trait,0.6821,0.6435
fuc,0.6820,0.5316
d'accorder,0.6820,0.6423
finement,0.6820,0.5622
arrêter,0.6818,0.6596
solides,0.6818,0.6190
prescription,0.6817,0.7062
dona,0.6817,0.5610
rencontres,0.6817,0.6309
convoi,0.6817,0.7417
vendit,0.6814,0.6591
d'antoine,0.6811,0.6075
ruiné,0.6811,0.6332
lion,0.6810,0.4625
test,0.6810,0.6924
var,0.6810,0.5411
lorique,0.6808,0.5939
teflon,0.6806,0.5411
capi,0.6806,0.6052
l'arche,0.6805,0.6874
orner,0.6804,0.6037
détourné,0.6803,0.6324
consi,0.6803,0.5254
appercevoir,0.6801,0.6149
deces,0.6799,0.5940
l'af,0.6799,0.5363
nmme,0.6798,0.5399
prise,0.6798,0.6937
ordi,0.6797,0.6192
cloches,0.6797,0.3905
applicable,0.6796,0.2913
l'os,0.6796,0.6278
plaie,0.6795,0.3652
contin,0.6794,0.4934
inévitable,0.6791,0.6784
peine,0.6788,0.6507
tous,0.6788,0.6825
proche,0.6788,0.5354
spécialement,0.6787,0.5059
habité,0.6787,0.6761
fuites,0.6784,0.6496
cornue,0.6784,0.6475
gene,0.6783,0.5909
prose,0.6779,0.6031
emprunt,0.6777,0.6740
discernement,0.6776,0.6812
interruption,0.6775,0.5710
contredits,0.6773,0.3785
dépendoit,0.6772,0.7171
sol,0.6771,0.4832
reputation,0.6770,0.6047
d'entre,0.6768,0.5959
vitaux,0.6767,0.5125
én,0.6767,0.6381
secrette,0.6766,0.6326
diable,0.6765,0.6612
empêchement,0.6763,0.6290
verges,0.6761,0.4058
conjuration,0.6761,0.6824
populo,0.6761,0.3475
m'oblige,0.6757,0.6893
paroit,0.6757,0.5859
rance,0.6757,0.5584
inf,0.6756,0.5408
l'héritier,0.6755,0.5484
new,0.6754,0.4279
solidairement,0.6752,0.6367
nouveaux,0.6750,0.6834
rité,0.6750,0.5067
marins,0.6750,0.5443
unis,0.6748,0.2731
parcouru,0.6748,0.5210
extraordinairement,0.6748,0.5056
qu'u,0.6747,0.4370
conçut,0.6747,0.6066
entretenu,0.6746,0.6654
d'honnêtes,0.6746,0.5958
entreprend,0.6746,0.6739
divi,0.6745,0.4914
motif,0.6745,0.5307
monument,0.6743,0.6876
positivement,0.6742,0.6388
l'ornement,0.6742,0.6899
nemours,0.6741,0.5617
l'in,0.6740,0.5879
pour,0.6738,0.5852
intérieure,0.6737,0.3974
pau,0.6734,0.6104
mul,0.6734,0.4830
baisser,0.6734,0.6239
l'accepter,0.6733,0.6537
l'iniquité,0.6733,0.5381
notable,0.6730,0.4236
charte,0.6728,0.4371
ré,0.6728,0.5746
l'humeur,0.6727,0.6535
pondre,0.6727,0.5551
combien,0.6726,0.6615
d'avance,0.6725,0.4045
feaux,0.6725,0.5835
domination,0.6725,0.6188
tailles,0.6724,0.5675
augmentoit,0.6724,0.5659
entiere,0.6724,0.6622
tres,0.6723,0.7027
dérobé,0.6723,0.5454
veaux,0.6722,0.5759
poux,0.6722,0.5956
prompte,0.6720,0.6240
doc,0.6719,0.4957
impatient,0.6718,0.6315
ruption,0.6718,0.5020
cout,0.6717,0.6752
cer,0.6716,0.5490
cultivé,0.6715,0.5963
revolution,0.6714,0.5515
piller,0.6713,0.6711
soupir,0.6712,0.6398
rence,0.6711,0.7039
l'intrigue,0.6708,0.4655
bler,0.6705,0.5015
utique,0.6705,0.5382
rétablit,0.6704,0.6119
l'avertir,0.6704,0.6356
s'avance,0.6704,0.5927
entiers,0.6703,0.7351
tume,0.6703,0.5300
qu'eux,0.6703,0.6476
dommages,0.6702,0.6910
nôtre,0.6702,0.4581
nonobstant,0.6702,0.5002
c'étoient,0.6700,0.6058
cite,0.6700,0.5383
haut,0.6699,0.6556
titre,0.6698,0.6144
vôtre,0.6698,0.7011
cendre,0.6697,0.5818
citoyen,0.6697,0.6305
rain,0.6696,0.6089
l'oiseau,0.6696,0.6510
mylord,0.6695,0.5419
d'ac,0.6695,0.5912
volage,0.6693,0.5824
sacrifices,0.6691,0.4858
posent,0.6690,0.5901
prochain,0.6689,0.7362
honorables,0.6689,0.6194
l'appel,0.6688,0.5975
confit,0.6688,0.5010
réserve,0.6688,0.6299
noblement,0.6688,0.5284
encre,0.6687,0.5629
journal,0.6686,0.6822
s'assembler,0.6686,0.6713
aufll,0.6684,0.6635
choix,0.6682,0.6685
requis,0.6679,0.5898
maternel,0.6679,0.3932
consacré,0.6678,0.6052
mem,0.6678,0.5301
rive,0.6676,0.3712
rele,0.6675,0.5869
chretien,0.6674,0.5605
prétextes,0.6673,0.5556
l'heureux,0.6672,0.6241
quant,0.6671,0.7348
rudes,0.6671,0.5862
nouveau,0.6670,0.6680
sem,0.6670,0.5922
assés,0.6669,0.6378
majeure,0.6668,0.4793
l'étonnement,0.6668,0.6828
séparé,0.6668,0.7553
peplus,0.6667,0.5580
omis,0.6666,0.5418
tournez,0.6666,0.6000
fignes,0.6665,0.6563
determine,0.6663,0.5643
étroitement,0.6659,0.6308
s'exposer,0.6655,0.5865
sacré,0.6655,0.6279
oeil,0.6655,0.6165
dispose,0.6654,0.5941
emprunte,0.6652,0.6442
guéres,0.6652,0.5486
ambroise,0.6651,0.5645
choi,0.6650,0.4953
regagner,0.6647,0.6312
tigre,0.6646,0.5376
tans,0.6645,0.5338
grammaire,0.6644,0.5518
penchant,0.6643,0.6322
prompt,0.6642,0.6985
quadruple,0.6641,0.4430
d'avec,0.6641,0.6925
lorf,0.6640,0.6352
grotius,0.6640,0.7131
fontenelle,0.6638,0.4075
noce,0.6637,0.6100
unifie,0.6635,0.6275
satan,0.6633,0.5490
restent,0.6633,0.5507
confite,0.6633,0.4898
sai,0.6631,0.3639
condom,0.6631,0.5142
platte,0.6631,0.5502
l'autre,0.6629,0.6286
j'appris,0.6628,0.5581
civilité,0.6628,0.4592
misérables,0.6627,0.5662
moindre,0.6627,0.6512
ceil,0.6626,0.4113
delits,0.6626,0.6536
l'attendre,0.6626,0.6305
mont,0.6625,0.6493
d'agir,0.6624,0.6976
vent,0.6623,0.6654
conférence,0.6621,0.6489
fè,0.6619,0.5796
ignorans,0.6619,0.6544
gouver,0.6618,0.5451
tordre,0.6616,0.6077
xxxiii,0.6613,0.4812
deli,0.6613,0.5943
battre,0.6612,0.5506
d'épée,0.6611,0.5716
divorce,0.6611,0.4235
cabaret,0.6610,0.5422
nage,0.6609,0.6457
répéter,0.6609,0.5770
toire,0.6609,0.5145
d'humeur,0.6608,0.3703
nullité,0.6608,0.5385
incertain,0.6608,0.7496
ments,0.6607,0.4924
consistance,0.6607,0.5864
miner,0.6607,0.5165
angloise,0.6607,0.7270
précédé,0.6606,0.5593
perit,0.6606,0.5742
comptoit,0.6605,0.5492
redevable,0.6605,0.5938
feur,0.6602,0.5019
vic,0.6601,0.4903
d'exercice,0.6599,0.4977
prudent,0.6599,0.5139
l'opposition,0.6599,0.3844
s'entend,0.6598,0.6187
dispo,0.6598,0.5356
périls,0.6598,0.6180
l'exposer,0.6597,0.3827
judiciaire,0.6597,0.4817
neutre,0.6597,0.5523
vuider,0.6596,0.5471
assurer,0.6593,0.6126
virement,0.6591,0.5387
objet,0.6590,0.6486
sau,0.6589,0.6092
fameuse,0.6589,0.6288
ivre,0.6588,0.5184
fonr,0.6587,0.5028
diverti,0.6586,0.5923
néglige,0.6586,0.6290
domestique,0.6585,0.5485
d'apparence,0.6585,0.7344
raux,0.6585,0.6826
prop,0.6585,0.5001
pale,0.6584,0.5956
estoit,0.6584,0.4044
dv,0.6584,0.4258
recommence,0.6583,0.4297
courre,0.6580,0.5803
éta,0.6580,0.4929
dance,0.6579,0.5069
importe,0.6578,0.5668
coup,0.6578,0.6204
l'avantage,0.6575,0.6670
connaît,0.6575,0.5153
saus,0.6573,0.6840
entier,0.6572,0.7356
tournent,0.6572,0.5470
assigner,0.6568,0.5624
ordinaires,0.6566,0.6582
ordonnées,0.6565,0.5277
contraignit,0.6564,0.4648
falle,0.6564,0.5444
contenu,0.6562,0.5656
religieuses,0.6561,0.3177
james,0.6561,0.5123
foie,0.6560,0.4111
accord,0.6559,0.5924
travail,0.6558,0.6592
procedent,0.6557,0.5111
désirer,0.6555,0.6676
stance,0.6554,0.5931
memoire,0.6553,0.4145
caché,0.6551,0.6433
recon,0.6551,0.4664
poete,0.6550,0.6099
soupçon,0.6549,0.7219
pareils,0.6549,0.5324
compo,0.6549,0.4652
d'action,0.6548,0.5101
work,0.6548,0.2677
demeu,0.6548,0.4642
capitation,0.6547,0.3749
gers,0.6546,0.5648
pepin,0.6546,0.4610
lée,0.6545,0.5013
notamment,0.6545,0.2798
nota,0.6545,0.5204
abonde,0.6544,0.5987
remplir,0.6544,0.6102
recueilli,0.6543,0.6158
pollion,0.6543,0.6458
l'entretien,0.6543,0.6913
débit,0.6543,0.5933
bénéfice,0.6542,0.5355
site,0.6541,0.6096
br,0.6541,0.4769
tant,0.6541,0.6150
dupe,0.6540,0.6677
ramasser,0.6540,0.5591
censé,0.6540,0.7042
sauvez,0.6540,0.5863
ntre,0.6540,0.5026
qualité,0.6539,0.6615
obligez,0.6538,0.5039
copier,0.6537,0.4986
nation,0.6537,0.5940
perfectionner,0.6537,0.5957
menez,0.6537,0.6437
fouiller,0.6536,0.6020
galles,0.6535,0.5726
comptez,0.6534,0.6416
intime,0.6533,0.6669
devoir,0.6533,0.5329
l'ecole,0.6533,0.4588
genie,0.6533,0.6559
difficulté,0.6532,0.6024
romain,0.6531,0.6581
sortira,0.6530,0.7068
desespoir,0.6530,0.6594
déja,0.6530,0.6164
mef,0.6529,0.5679
trompette,0.6529,0.6416
fue,0.6529,0.5402
moitié,0.6528,0.6587
suspendu,0.6527,0.6044
parfaitement,0.6527,0.6676
éleva,0.6524,0.6156
pie,0.6524,0.4815
commise,0.6523,0.6181
boue,0.6522,0.3921
semble,0.6521,0.6115
troc,0.6520,0.5166
continu,0.6520,0.5644
curiosité,0.6519,0.6964
répandu,0.6519,0.6817
mez,0.6519,0.4843
exprès,0.6518,0.7609
fontes,0.6517,0.4790
rier,0.6515,0.4689
bailler,0.6515,0.4250
querir,0.6514,0.5642
exposant,0.6511,0.2789
forcez,0.6510,0.3103
cois,0.6510,0.4980
erc,0.6510,0.4584
requiert,0.6510,0.7590
s'il,0.6510,0.5540
considérablement,0.6509,0.6794
extremement,0.6509,0.7000
lord,0.6509,0.4832
éclatantes,0.6508,0.6086
anciennes,0.6508,0.5745
ecole,0.6507,0.6006
distribué,0.6507,0.6215
tournée,0.6506,0.5425
apostolique,0.6506,0.6514
amples,0.6506,0.5618
traitement,0.6504,0.2943
l'entendre,0.6504,0.6242
j'espere,0.6503,0.6838
tendoit,0.6503,0.6711
cesar,0.6503,0.4833
necessairement,0.6501,0.4536
solution,0.6500,0.6611
retranché,0.6499,0.6147
intérieurs,0.6498,0.4600
méritoit,0.6498,0.6228
assembla,0.6498,0.5872
bb,0.6498,0.5473
habiles,0.6497,0.5924
totale,0.6497,0.6555
omettre,0.6496,0.6207
éternellement,0.6496,0.6810
expiré,0.6496,0.6581
l'impatience,0.6496,0.6402
offi,0.6495,0.4762
chere,0.6495,0.6517
l'étude,0.6494,0.5939
rebellion,0.6494,0.4511
differe,0.6493,0.6464
d'admiration,0.6493,0.6003
riers,0.6491,0.5197
afiez,0.6490,0.5843
effet,0.6490,0.5818
couronnée,0.6489,0.6220
deuil,0.6488,0.7320
s'arrêter,0.6488,0.6204
juan,0.6486,0.5138
régent,0.6485,0.6617
marche,0.6484,0.6229
neu,0.6484,0.5279
vies,0.6482,0.6950
l'animal,0.6480,0.6071
lè,0.6480,0.6077
informations,0.6479,0.5817
ecclésiastique,0.6479,0.6736
futur,0.6479,0.5171
chantons,0.6479,0.6185
aimant,0.6479,0.5348
voire,0.6479,0.6534
fendu,0.6479,0.6384
tale,0.6479,0.4946
prévoir,0.6477,0.5417
fy,0.6477,0.6036
d'amis,0.6477,0.6686
visible,0.6476,0.5543
jérusalem,0.6476,0.4048
transports,0.6475,0.5320
rame,0.6475,0.5538
esti,0.6474,0.5473
commandée,0.6474,0.6042
tif,0.6474,0.5257
prevenir,0.6472,0.6028
tabac,0.6471,0.6135
ty,0.6471,0.4815
époque,0.6470,0.6739
leux,0.6470,0.7158
féconde,0.6470,0.5325
siéme,0.6469,0.5207
d'habits,0.6467,0.6950
bienheureux,0.6466,0.6766
entretien,0.6464,0.5624
magis,0.6464,0.3915
craindre,0.6463,0.6417
mary,0.6463,0.4859
constamment,0.6463,0.4480
tiers,0.6463,0.5317
côté,0.6463,0.6296
décidé,0.6462,0.5796
inconnu,0.6461,0.6070
l'ouvrage,0.6461,0.7306
fions,0.6459,0.6416
traité,0.6459,0.6613
retenue,0.6459,0.3616
augmenta,0.6458,0.6250
sto,0.6458,0.5189
mm,0.6458,0.4610
incomparablement,0.6454,0.6044
calice,0.6453,0.5229
pâle,0.6453,0.6440
terroir,0.6453,0.5853
réellement,0.6452,0.3516
supposons,0.6450,0.6024
audacieux,0.6449,0.6230
disposé,0.6449,0.6723
princip,0.6449,0.5881
succetteur,0.6449,0.4483
volunt,0.6447,0.3462
joignez,0.6447,0.6593
communion,0.6446,0.6029
pet,0.6446,0.4971
minute,0.6445,0.6629
digestion,0.6443,0.6271
vingtième,0.6442,0.5432
sin,0.6441,0.5648
atta,0.6440,0.4847
puisque,0.6439,0.6653
détour,0.6438,0.6357
assurez,0.6438,0.4218
l'oblige,0.6437,0.6024
succede,0.6437,0.3879
elie,0.6437,0.4962
goute,0.6436,0.5595
l'apprendre,0.6435,0.6202
l'événement,0.6435,0.4243
vague,0.6433,0.3662
joué,0.6432,0.5870
ordures,0.6432,0.6239
gagne,0.6431,0.6677
débite,0.6431,0.5225
cier,0.6428,0.5811
faic,0.6428,0.5244
perde,0.6428,0.5519
refait,0.6428,0.5298
beau,0.6427,0.6159
qu'encore,0.6427,0.5578
mrs,0.6426,0.4296
proverbe,0.6426,0.7596
rapporte,0.6423,0.4560
lune,0.6423,0.5882
subsister,0.6422,0.6195
em,0.6421,0.5595
serrer,0.6419,0.5675
qu'étant,0.6419,0.6817
continuels,0.6417,0.7070
ponte,0.6417,0.5401
fori,0.6417,0.5681
ravage,0.6414,0.5524
agent,0.6413,0.6128
pens,0.6413,0.4411
sclon,0.6413,0.6569
charme,0.6412,0.6468
effets,0.6411,0.6389
s'éleva,0.6411,0.6201
rot,0.6411,0.4879
lif,0.6410,0.7051
marquant,0.6410,0.4701
refuite,0.6407,0.6370
rêve,0.6406,0.3417
taine,0.6405,0.5622
semblable,0.6405,0.6603
détaché,0.6403,0.5805
vons,0.6403,0.5745
cloche,0.6403,0.6520
puiffance,0.6403,0.3263
brûler,0.6402,0.5685
nier,0.6400,0.6891
lifez,0.6400,0.5418
fermentation,0.6400,0.5595
fins,0.6399,0.6580
palme,0.6399,0.4550
spe,0.6399,0.5380
subtil,0.6399,0.5504
abominable,0.6398,0.6159
engage,0.6398,0.6339
traitans,0.6397,0.5950
préference,0.6397,0.4883
classe,0.6397,0.5706
extraordinaires,0.6397,0.6765
sep,0.6396,0.4420
cabinets,0.6396,0.5427
téméraire,0.6395,0.6165
infidèle,0.6395,0.6420
opposé,0.6395,0.5523
confi,0.6395,0.5568
expresse,0.6394,0.6126
ranger,0.6394,0.5848
choisie,0.6393,0.6128
noblesse,0.6393,0.5508
rets,0.6393,0.5604
miais,0.6392,0.6004
d'ici,0.6391,0.6470
ob,0.6390,0.4611
l'h,0.6390,0.4993
mérité,0.6389,0.5259
offre,0.6387,0.6538
ancienne,0.6386,0.6519
election,0.6386,0.4373
vivement,0.6386,0.6567
pece,0.6385,0.4313
morts,0.6385,0.6678
baptiste,0.6384,0.6003
reconnoissances,0.6384,0.5716
pans,0.6383,0.4898
regretter,0.6381,0.6612
l'après,0.6381,0.6452
graver,0.6379,0.6193
naturellement,0.6378,0.6895
banni,0.6377,0.6324
lavé,0.6376,0.6293
pratique,0.6373,0.5688
asseoir,0.6373,0.6318
distincte,0.6372,0.6181
have,0.6372,0.4512
abon,0.6371,0.5723
lance,0.6370,0.6179
allumer,0.6370,0.5055
convenance,0.6370,0.5333
supposé,0.6368,0.6101
logis,0.6367,0.5242
plutot,0.6367,0.5268
çois,0.6367,0.4859
exige,0.6367,0.6034
l'ou,0.6366,0.6056
jurer,0.6366,0.6168
sermon,0.6365,0.6550
defi,0.6365,0.5875
rompu,0.6365,0.6160
sauve,0.6365,0.4400
échapper,0.6365,0.5900
languir,0.6364,0.6008
von,0.6364,0.5596
convie,0.6364,0.6558
notre,0.6364,0.4456
plufieurs,0.6363,0.5735
populaire,0.6363,0.4421
extraordinaire,0.6363,0.5484
procede,0.6362,0.5394
danse,0.6362,0.5435
rable,0.6361,0.5262
abondamment,0.6360,0.5946
d'avignon,0.6358,0.4439
galeres,0.6358,0.6266
l'aide,0.6358,0.3685
condamnez,0.6358,0.3000
mieux,0.6357,0.5789
fauf,0.6357,0.5784
l'avocat,0.6356,0.5443
sensibles,0.6355,0.5320
soulagement,0.6354,0.6509
l'aumône,0.6354,0.6990
auili,0.6353,0.5338
interrompre,0.6352,0.5937
patte,0.6352,0.4960
boucher,0.6350,0.4139
dru,0.6348,0.6224
confié,0.6348,0.5644
pin,0.6348,0.4789
partager,0.6346,0.7245
idem,0.6346,0.5321
d'hui,0.6345,0.6853
personnellement,0.6344,0.4967
mariniers,0.6343,0.5253
refont,0.6342,0.5114
volon,0.6340,0.5414
apprens,0.6340,0.5385
finon,0.6338,0.4629
lence,0.6337,0.5194
rififi,0.6337,0.5494
récompenses,0.6337,0.6497
accordant,0.6337,0.2813
truffe,0.6336,0.4438
cepen,0.6336,0.6263
solliciter,0.6335,0.5778
quela,0.6334,0.6263
ordonnée,0.6332,0.5471
mire,0.6332,0.5818
paraît,0.6332,0.5695
dela,0.6332,0.6358
finances,0.6331,0.5814
clement,0.6331,0.5518
faillie,0.6329,0.6653
atteint,0.6329,0.6075
médiocre,0.6327,0.6439
dimi,0.6327,0.4952
l'horreur,0.6327,0.6006
opposition,0.6326,0.5958
trême,0.6325,0.5376
t'on,0.6325,0.6183
purgatoire,0.6323,0.6159
d'après,0.6323,0.3171
reve,0.6322,0.6037
charpentiers,0.6320,0.5482
inceffamment,0.6319,0.6053
sceau,0.6317,0.5617
indi,0.6317,0.5721
mod,0.6316,0.3935
venin,0.6315,0.5808
contenterai,0.6314,0.5909
ennemie,0.6314,0.6260
qu'environ,0.6314,0.6295
financier,0.6314,0.6134
l'oeil,0.6313,0.6011
jules,0.6312,0.5396
enseignes,0.6312,0.6300
communi,0.6312,0.5439
septime,0.6310,0.4829
fatigué,0.6309,0.6182
vien,0.6309,0.5120
confirmer,0.6308,0.5956
fonder,0.6308,0.5270
ajoute,0.6308,0.5672
masse,0.6307,0.5340
dç,0.6306,0.5911
secrettes,0.6306,0.6094
délivrance,0.6306,0.6774
maurice,0.6304,0.4753
dj,0.6303,0.4389
appellant,0.6302,0.4557
l'enfer,0.6302,0.5762
payable,0.6302,0.5278
stes,0.6302,0.5241
avants,0.6302,0.5020
marchande,0.6301,0.4358
contes,0.6301,0.5597
prévu,0.6301,0.5563
meu,0.6301,0.5551
baume,0.6300,0.6185
poids,0.6300,0.7208
parvint,0.6300,0.2906
françoises,0.6300,0.3792
l'attaque,0.6300,0.6411
rans,0.6300,0.5622
amas,0.6299,0.6592
débris,0.6298,0.5759
troubles,0.6296,0.5169
id,0.6296,0.5310
juif,0.6296,0.5826
présens,0.6295,0.6693
ouverture,0.6295,0.5982
tendu,0.6295,0.7511
habi,0.6294,0.5068
soufle,0.6294,0.5561
moral,0.6294,0.3660
nô,0.6293,0.3979
tâchez,0.6293,0.5974
nelle,0.6292,0.5579
ali,0.6292,0.5386
lâcher,0.6290,0.6500
recommandable,0.6290,0.6344
liberte,0.6290,0.4724
plui,0.6289,0.5755
tenans,0.6289,0.6445
quarts,0.6288,0.6175
jugeant,0.6287,0.3995
l'affaire,0.6287,0.5928
entrevoir,0.6286,0.6731
fors,0.6285,0.5088
ban,0.6284,0.6024
refie,0.6284,0.4844
tances,0.6283,0.4415
este,0.6282,0.5516
étroit,0.6282,0.5803
l'intendant,0.6282,0.5873
parts,0.6281,0.6465
qu'en,0.6281,0.6882
celt,0.6279,0.6548
d'application,0.6279,0.6054
proses,0.6279,0.5522
envoyez,0.6278,0.6299
secondes,0.6277,0.4185
saine,0.6277,0.4795
rames,0.6276,0.4651
bref,0.6276,0.6271
flambeau,0.6276,0.5732
queflion,0.6275,0.4106
sujer,0.6274,0.5091
fies,0.6273,0.6089
meurtrier,0.6273,0.5496
avertissement,0.6272,0.5621
étend,0.6270,0.6015
implacable,0.6269,0.5650
défendue,0.6269,0.6258
exi,0.6269,0.4761
velle,0.6269,0.5207
altesse,0.6267,0.6585
commettre,0.6267,0.6300
arbitraire,0.6266,0.3407
demandeur,0.6266,0.6167
frapper,0.6265,0.5656
l'u,0.6265,0.5129
distinguée,0.6264,0.5645
vj,0.6264,0.5930
délais,0.6263,0.5697
particul,0.6263,0.4346
d'embarras,0.6262,0.5323
mule,0.6261,0.6536
importune,0.6260,0.6435
faim,0.6259,0.6636
s'exprime,0.6259,0.5540
dés,0.6259,0.4654
guet,0.6259,0.7254
signa,0.6259,0.4994
appui,0.6258,0.6364
focieté,0.6258,0.5159
proserpine,0.6257,0.4795
cesser,0.6256,0.6007
l'intelligence,0.6255,0.6447
d'artifice,0.6255,0.7556
muet,0.6254,0.4704
signifient,0.6254,0.5539
temporel,0.6253,0.5619
qu'afin,0.6253,0.5077
opéra,0.6253,0.4278
liers,0.6250,0.5509
bride,0.6250,0.6459
outré,0.6250,0.5821
d'enfans,0.6250,0.6391
moururent,0.6249,0.5695
pon,0.6249,0.5589
tracer,0.6248,0.6083
doucement,0.6248,0.5840
infideles,0.6246,0.6224
ters,0.6246,0.4151
territoire,0.6245,0.5745
durera,0.6245,0.5600
baleine,0.6244,0.6885
conclusion,0.6244,0.5921
suivent,0.6242,0.5752
lequelles,0.6242,0.5700
aris,0.6241,0.4676
nal,0.6241,0.5862
favori,0.6240,0.6548
vantes,0.6239,0.4268
amer,0.6239,0.5963
taxé,0.6239,0.5557
l'usage,0.6239,0.5368
enfuirez,0.6238,0.5463
fleurir,0.6237,0.6398
eft,0.6235,0.4669
interdite,0.6235,0.6524
soli,0.6234,0.5395
d'ex,0.6234,0.5896
représentant,0.6233,0.4260
ieux,0.6232,0.5342
tiares,0.6232,0.4688
pensée,0.6231,0.5644
lité,0.6231,0.5196
vendôme,0.6230,0.4615
vouloir,0.6230,0.5479
croître,0.6229,0.6157
étendus,0.6229,0.6814
ache,0.6228,0.5245
majeur,0.6227,0.4890
fez,0.6227,0.5130
troublé,0.6226,0.6474
cé,0.6226,0.5608
prises,0.6225,0.6261
code,0.6225,0.3315
sejour,0.6224,0.5886
péri,0.6224,0.5845
forces,0.6222,0.5684
vilité,0.6222,0.4908
pru,0.6222,0.5673
examinez,0.6220,0.6347
finit,0.6219,0.5053
seule,0.6219,0.6965
réalité,0.6218,0.3357
lez,0.6217,0.4213
détestable,0.6217,0.6070
refusent,0.6214,0.4935
ordon,0.6214,0.6444
sorte,0.6214,0.4953
contrat,0.6214,0.5078
excepté,0.6214,0.7126
d'avancer,0.6213,0.4337
dogme,0.6213,0.6613
saluer,0.6212,0.6128
signature,0.6212,0.5959
survient,0.6212,0.5175
manquer,0.6212,0.5820
l'en,0.6211,0.6462
rotterdam,0.6209,0.5298
pae,0.6209,0.4935
tarde,0.6207,0.5708
voyager,0.6206,0.6141
chent,0.6203,0.6620
descente,0.6203,0.6845
dence,0.6202,0.4976
lustre,0.6202,0.5960
cueillir,0.6202,0.6016
vid,0.6202,0.5828
incon,0.6202,0.5107
alle,0.6201,0.5220
s'avisa,0.6201,0.5817
malheureusement,0.6200,0.3761
d'abus,0.6198,0.3002
c'etoit,0.6198,0.5970
truite,0.6197,0.5929
objets,0.6197,0.4882
valable,0.6196,0.6392
militaire,0.6196,0.7117
feuille,0.6195,0.5836
chapelain,0.6195,0.6216
xvi,0.6195,0.3663
diffi,0.6195,0.5605
précieuse,0.6195,0.5764
fendre,0.6195,0.5637
d'ouvrage,0.6194,0.4497
inon,0.6194,0.6275
lumineux,0.6194,0.5609
sortie,0.6193,0.5908
paume,0.6193,0.4552
muette,0.6193,0.4630
l'europe,0.6192,0.5479
mec,0.6191,0.5713
odeurs,0.6191,0.5951
nonce,0.6190,0.4414
quent,0.6189,0.4809
bri,0.6189,0.5077
mesurer,0.6189,0.6751
revêtu,0.6188,0.5406
gallus,0.6188,0.4948
l'accomplissement,0.6188,0.4646
coûta,0.6186,0.6327
s'appellent,0.6185,0.6609
cherté,0.6184,0.5698
gres,0.6184,0.5194
dien,0.6184,0.5961
juré,0.6184,0.5376
nulles,0.6184,0.5736
pote,0.6183,0.5356
salomon,0.6183,0.6125
revient,0.6182,0.6681
posez,0.6182,0.4376
cro,0.6182,0.4826
voler,0.6182,0.5466
produites,0.6181,0.6161
devenu,0.6180,0.6259
fecourir,0.6180,0.5253
marché,0.6180,0.6451
s'observe,0.6179,0.3734
alors,0.6179,0.6237
compagne,0.6179,0.6889
cré,0.6178,0.5163
impression,0.6178,0.5095
recolte,0.6176,0.6360
d'officiers,0.6175,0.5675
fâcheuse,0.6175,0.6176
j'en,0.6175,0.5230
dins,0.6174,0.4441
d'albe,0.6174,0.5875
toute,0.6173,0.6337
paroi,0.6172,0.5306
pourvoir,0.6172,0.6260
assura,0.6172,0.5245
honorable,0.6172,0.5302
lad,0.6172,0.4308
sulpice,0.6172,0.7200
disposez,0.6171,0.6497
croyable,0.6171,0.6208
gale,0.6171,0.5535
your,0.6170,0.3868
qu'ensuite,0.6170,0.5195
pareillement,0.6169,0.6912
senti,0.6169,0.6083
aides,0.6169,0.6267
l'immortalité,0.6169,0.6402
l'oreille,0.6168,0.6308
ima,0.6168,0.5902
confidence,0.6168,0.5921
triture,0.6166,0.5394
pius,0.6165,0.4571
sçavoir,0.6165,0.4489
d'elle,0.6165,0.6025
reçût,0.6165,0.5823
concert,0.6164,0.5703
gou,0.6164,0.5276
dons,0.6163,0.5637
universel,0.6163,0.7160
fidéle,0.6163,0.4618
exemplaires,0.6163,0.5425
liy,0.6162,0.5694
resente,0.6162,0.4688
qué,0.6162,0.5328
cachet,0.6160,0.5341
moyennant,0.6160,0.6742
king,0.6159,0.5796
formant,0.6159,0.3199
armé,0.6159,0.6424
trompettes,0.6158,0.5464
parole,0.6158,0.6256
écarter,0.6158,0.5924
quit,0.6158,0.4753
peri,0.6158,0.5382
utre,0.6157,0.5154
autres,0.6157,0.5648
discussion,0.6157,0.5820
tenue,0.6156,0.5827
supplians,0.6156,0.3980
défendent,0.6155,0.6192
repondre,0.6155,0.5477
bayle,0.6154,0.4297
milice,0.6154,0.5688
taillis,0.6153,0.5533
rel,0.6153,0.5366
découverte,0.6152,0.5927
seau,0.6151,0.5159
reconnue,0.6150,0.5885
trie,0.6150,0.5760
légers,0.6148,0.5864
acte,0.6147,0.5479
stable,0.6146,0.3575
fû,0.6146,0.5354
forn,0.6145,0.5866
concession,0.6143,0.5578
bor,0.6143,0.5118
reculer,0.6142,0.6161
qu'avoit,0.6142,0.6053
ven,0.6141,0.4803
pré,0.6141,0.5040
creuser,0.6141,0.5245
eff,0.6140,0.4783
vn,0.6138,0.5550
accepta,0.6138,0.5591
amasser,0.6137,0.6192
der,0.6137,0.5888
tice,0.6137,0.4383
impériale,0.6137,0.5880
za,0.6137,0.4122
espace,0.6137,0.6013
reliefs,0.6136,0.6494
s'assurer,0.6136,0.5901
plie,0.6136,0.4577
seindre,0.6136,0.5248
poir,0.6135,0.4552
niers,0.6135,0.4996
mufique,0.6135,0.5928
tenant,0.6134,0.5685
haute,0.6134,0.6463
indignation,0.6134,0.5602
legitime,0.6133,0.4785
extrême,0.6133,0.5471
plat,0.6133,0.6199
occuper,0.6132,0.5630
piquant,0.6132,0.5392
hautes,0.6131,0.6139
scroit,0.6131,0.5721
transportée,0.6130,0.5546
tombera,0.6130,0.5180
fantaisie,0.6129,0.6365
facilité,0.6128,0.6373
médecine,0.6128,0.5534
griefs,0.6128,0.5913
souhait,0.6127,0.5660
cond,0.6126,0.4079
republique,0.6126,0.3942
distingue,0.6126,0.5781
forts,0.6125,0.6233
frais,0.6125,0.5903
duroit,0.6125,0.4014
male,0.6123,0.5450
dat,0.6122,0.5289
pére,0.6121,0.4909
remar,0.6121,0.4703
imparfaite,0.6121,0.5826
droit,0.6120,0.5516
multiplié,0.6120,0.6340
loué,0.6120,0.5368
promise,0.6119,0.5449
persuade,0.6119,0.5986
contribuer,0.6119,0.5856
farce,0.6118,0.4463
soutint,0.6118,0.6048
reduits,0.6117,0.4496
ingrate,0.6116,0.5746
cele,0.6116,0.5600
alfez,0.6116,0.4999
lisez,0.6116,0.4949
chaque,0.6115,0.6190
déformais,0.6115,0.4638
culte,0.6115,0.5441
s'élever,0.6115,0.6187
d'exprimer,0.6114,0.5912
suffisante,0.6114,0.5966
cles,0.6113,0.5228
allusion,0.6113,0.5993
prisons,0.6113,0.6692
coutre,0.6111,0.6084
triple,0.6111,0.4775
valeurs,0.6111,0.6182
inventé,0.6109,0.5291
religieux,0.6108,0.5498
ferve,0.6107,0.3978
secrete,0.6107,0.4661
d'avis,0.6106,0.5739
labour,0.6106,0.5471
general,0.6105,0.5079
sucres,0.6105,0.5172
mage,0.6104,0.5456
parfait,0.6104,0.5695
déchiré,0.6103,0.5625
déposer,0.6102,0.4195
fruit,0.6102,0.6641
ombres,0.6099,0.5224
prolonger,0.6099,0.5628
s'explique,0.6098,0.4965
vident,0.6098,0.4812
rés,0.6098,0.5353
protecteur,0.6098,0.6273
changement,0.6098,0.6281
dée,0.6095,0.5016
sure,0.6095,0.4438
gaules,0.6095,0.5881
partage,0.6094,0.6189
structure,0.6094,0.3737
chacun,0.6094,0.6273
jurisprudence,0.6093,0.5464
gains,0.6093,0.3498
opiniâtre,0.6093,0.6490
communes,0.6092,0.5859
voye,0.6091,0.3925
ser,0.6090,0.5362
college,0.6089,0.6525
icelle,0.6089,0.4724
bris,0.6089,0.6024
cane,0.6088,0.5855
particuliere,0.6088,0.6076
excellence,0.6087,0.6357
approfondir,0.6087,0.5841
neuve,0.6087,0.6782
régie,0.6086,0.3701
adopté,0.6084,0.3042
sentiers,0.6083,0.7066
ral,0.6083,0.5113
rompit,0.6082,0.6067
envoye,0.6082,0.6181
cavalier,0.6082,0.6302
l'esclavage,0.6081,0.3890
examinons,0.6081,0.5543
ron,0.6081,0.5223
agir,0.6080,0.6079
continuelle,0.6080,0.5788
visiter,0.6080,0.5653
perir,0.6080,0.5943
infinis,0.6080,0.6463
infinite,0.6079,0.5683
l'etre,0.6078,0.5536
neur,0.6078,0.5197
eul,0.6078,0.6328
rigoureux,0.6078,0.6757
débiter,0.6077,0.6649
souverain,0.6076,0.6478
detail,0.6076,0.4783
dispute,0.6076,0.5716
passées,0.6075,0.6212
justifie,0.6075,0.3178
louable,0.6074,0.6243
men,0.6074,0.5300
chaîne,0.6074,0.6146
sauvages,0.6074,0.6133
rochelle,0.6074,0.5287
trahi,0.6073,0.5309
clairement,0.6073,0.5373
formalité,0.6072,0.5692
fout,0.6072,0.6725
gâter,0.6072,0.6199
refe,0.6070,0.5188
plaute,0.6070,0.5120
d'achever,0.6069,0.5783
touc,0.6069,0.5945
recommander,0.6069,0.5929
tirée,0.6069,0.5350
may,0.6069,0.3539
fore,0.6069,0.5042
defaut,0.6068,0.4960
lauriers,0.6068,0.5296
dixieme,0.6068,0.6010
ustion,0.6068,0.4232
chantre,0.6067,0.4719
conviendra,0.6067,0.5272
vacations,0.6067,0.5314
souve,0.6066,0.5793
facilement,0.6065,0.6282
nettes,0.6065,0.6213
orient,0.6064,0.5891
felle,0.6062,0.5732
moien,0.6061,0.3791
examine,0.6060,0.5175
lue,0.6060,0.4390
apprentifs,0.6060,0.5428
trompeur,0.6060,0.6320
pers,0.6060,0.6883
comptant,0.6058,0.6804
venter,0.6057,0.5176
relle,0.6057,0.5825
profondément,0.6057,0.4247
bar,0.6056,0.5197
marqué,0.6056,0.6337
jouer,0.6056,0.5753
cement,0.6055,0.4354
liez,0.6055,0.4098
d'o,0.6055,0.5272
harangue,0.6054,0.5713
polis,0.6054,0.5664
severe,0.6054,0.5689
dépeint,0.6054,0.5822
prétendre,0.6053,0.5359
mou,0.6053,0.4954
colin,0.6052,0.5396
l'élection,0.6051,0.5068
estimé,0.6050,0.5259
christianisme,0.6050,0.6807
souf,0.6049,0.5531
défendoit,0.6047,0.5842
run,0.6047,0.5455
mé,0.6047,0.5128
batailles,0.6047,0.5227
d'esprit,0.6046,0.5780
portera,0.6045,0.4997
quite,0.6044,0.6708
quiconque,0.6044,0.5699
t'elle,0.6043,0.5309
accompli,0.6043,0.6120
angélique,0.6043,0.3448
honteusement,0.6043,0.5041
dette,0.6043,0.5553
ains,0.6043,0.5267
foit,0.6042,0.4876
larcin,0.6041,0.6544
retenant,0.6041,0.6334
menoit,0.6041,0.5390
len,0.6040,0.5105
risque,0.6039,0.6154
commentaire,0.6038,0.5860
vantage,0.6038,0.5599
l'ami,0.6038,0.4417
diocèse,0.6038,0.6061
l'urine,0.6038,0.5221
suiv,0.6038,0.4800
comparaison,0.6037,0.6142
regardez,0.6037,0.5189
distribuer,0.6037,0.5966
composer,0.6037,0.5138
pout,0.6036,0.6441
pan,0.6036,0.5546
brevet,0.6036,0.6336
s'éleve,0.6036,0.4016
atten,0.6035,0.4219
qu'autrement,0.6035,0.4240
avidité,0.6035,0.6108
assurances,0.6034,0.5852
scu,0.6034,0.5418
butin,0.6034,0.5508
graves,0.6034,0.3143
conter,0.6034,0.6920
verser,0.6031,0.5541
genéraux,0.6030,0.5062
texte,0.6028,0.6509
ades,0.6028,0.4118
valoir,0.6027,0.5885
parmi,0.6027,0.5572
serpent,0.6027,0.5632
mains,0.6026,0.5838
fondement,0.6026,0.5570
chasse,0.6026,0.5411
ref,0.6026,0.5006
carnage,0.6025,0.6021
simplement,0.6025,0.6111
considération,0.6025,0.2434
j'avoue,0.6025,0.5830
fluide,0.6024,0.5972
formoit,0.6024,0.5829
l'écriture,0.6023,0.5930
chercher,0.6023,0.6141
commençons,0.6023,0.5991
long,0.6022,0.6155
bons,0.6022,0.5517
legs,0.6021,0.5720
l'air,0.6021,0.5989
aun,0.6021,0.5575
semaine,0.6020,0.5718
bouche,0.6020,0.6186
successivement,0.6019,0.3754
qu'avec,0.6019,0.5397
jusqu'i,0.6018,0.5513
toucha,0.6018,0.5415
sauva,0.6017,0.5467
sar,0.6017,0.5691
abattre,0.6016,0.5531
commander,0.6016,0.6029
obvier,0.6016,0.5590
foibles,0.6016,0.5563
marquée,0.6016,0.6036
aidé,0.6014,0.6222
vertu,0.6013,0.6141
camille,0.6013,0.5899
fion,0.6013,0.7419
augmentent,0.6012,0.5513
opposans,0.6012,0.4135
talens,0.6012,0.5785
devoirs,0.6012,0.5970
précieux,0.6011,0.5700
convoquer,0.6010,0.5356
avantageuses,0.6010,0.5445
marge,0.6009,0.2925
mangeant,0.6009,0.6259
confirme,0.6008,0.5636
couvert,0.6008,0.5376
necessaire,0.6007,0.5305
caille,0.6007,0.5525
jour,0.6006,0.5573
témoignages,0.6006,0.5713
diamètre,0.6005,0.3952
conful,0.6005,0.3970
prête,0.6005,0.5587
d'étonnement,0.6005,0.6828
d'observer,0.6004,0.5739
remarquable,0.6004,0.6661
tage,0.6004,0.5811
annonce,0.6004,0.2670
recommande,0.6004,0.5236
adam,0.6003,0.6787
confondre,0.6003,0.4569
occa,0.6003,0.4456
courans,0.6003,0.4315
voitures,0.6002,0.5533
concerne,0.6002,0.5246
pairs,0.6002,0.5484
recueillir,0.6001,0.4973
fois,0.6000,0.6409
décou,0.6000,0.5405
l'hon,0.5999,0.6172
charrue,0.5999,0.6132
retrancher,0.5999,0.5994
opposa,0.5999,0.6164
engagemens,0.5998,0.5473
d'armes,0.5998,0.6807
troit,0.5998,0.5314
joseph,0.5997,0.5457
d'expérience,0.5997,0.6488
égalité,0.5996,0.4870
rebut,0.5996,0.5293
life,0.5996,0.4421
nice,0.5996,0.5162
usa,0.5996,0.4662
plier,0.5995,0.7080
spectateurs,0.5995,0.5916
s'engager,0.5995,0.5996
plain,0.5995,0.4741
l'exemple,0.5995,0.6268
pernicieux,0.5994,0.5224
lieu,0.5993,0.5473
pals,0.5993,0.5488
ligne,0.5993,0.5376
chan,0.5992,0.5468
poursuite,0.5988,0.6882
exposée,0.5987,0.5071
commandeur,0.5987,0.5153
d'exemples,0.5986,0.5041
qu'aujourd'hui,0.5986,0.4950
retarder,0.5985,0.5703
barbier,0.5984,0.4888
disciple,0.5984,0.5731
d'heure,0.5983,0.6260
l'hôtel,0.5983,0.5832
représenter,0.5982,0.5521
peuplé,0.5982,0.5013
cation,0.5982,0.4982
louvre,0.5981,0.5141
quel,0.5981,0.5217
bourgogne,0.5981,0.5054
cç,0.5981,0.5868
efforts,0.5981,0.6917
stipulé,0.5980,0.5326
loin,0.5978,0.5837
mentionnées,0.5978,0.4663
changer,0.5977,0.6491
blesser,0.5976,0.5679
circuit,0.5976,0.3425
novi,0.5976,0.3778
quine,0.5976,0.5296
dépens,0.5975,0.4948
m'en,0.5975,0.5955
l'heure,0.5975,0.6582
miserable,0.5974,0.4947
refuge,0.5973,0.4459
mille,0.5970,0.5107
accom,0.5970,0.5646
imaginables,0.5969,0.5547
empêcha,0.5969,0.5166
certes,0.5969,0.5375
meilleur,0.5968,0.5715
vio,0.5968,0.4907
occupé,0.5967,0.6225
universelle,0.5967,0.6446
présentée,0.5966,0.5829
jeûne,0.5966,0.6660
sale,0.5966,0.4505
roidir,0.5966,0.3986
provi,0.5965,0.5305
deflein,0.5965,0.4091
dissertation,0.5965,0.6642
talents,0.5964,0.5562
d'intérêt,0.5964,0.3423
réunir,0.5963,0.5399
pure,0.5962,0.5931
particu,0.5962,0.5794
chai,0.5961,0.4844
atre,0.5961,0.4668
constant,0.5961,0.5711
danses,0.5961,0.6757
perpétuel,0.5961,0.4192
malte,0.5960,0.6341
extraction,0.5960,0.4278
pardevant,0.5960,0.6066
allés,0.5960,0.4287
saci,0.5959,0.5123
éternité,0.5958,0.5778
salles,0.5958,0.3030
jans,0.5958,0.6155
major,0.5957,0.5466
normandie,0.5957,0.5138
concorde,0.5957,0.5514
poussée,0.5956,0.5692
sacrés,0.5956,0.5259
haro,0.5955,0.2977
rant,0.5955,0.4660
participation,0.5954,0.5610
corrigé,0.5954,0.3780
dra,0.5953,0.4760
voici,0.5953,0.5430
glo,0.5953,0.5388
abandonna,0.5952,0.5595
seint,0.5952,0.4042
bru,0.5952,0.5536
tués,0.5952,0.6747
gratis,0.5952,0.4588
modern,0.5951,0.3967
repris,0.5951,0.5730
lest,0.5951,0.6644
habiller,0.5950,0.6410
partant,0.5950,0.4453
sertilité,0.5950,0.5809
sir,0.5950,0.4446
convenable,0.5949,0.5842
exercices,0.5949,0.5967
gie,0.5949,0.5760
temporels,0.5948,0.6343
l'océan,0.5947,0.4267
présage,0.5947,0.5801
communication,0.5947,0.6578
pouvoirs,0.5947,0.6379
vire,0.5947,0.5798
d'obtenir,0.5947,0.6130
suisse,0.5945,0.4794
vale,0.5945,0.5119
manquant,0.5945,0.5854
ele,0.5944,0.4656
nmais,0.5944,0.5982
oeuvres,0.5944,0.6022
subalternes,0.5944,0.6271
ecoles,0.5943,0.4923
continuant,0.5943,0.6996
ecf,0.5943,0.5269
baltique,0.5942,0.6530
d'ouvrages,0.5942,0.5162
semblablement,0.5942,0.5476
person,0.5941,0.5390
origine,0.5941,0.5958
dam,0.5941,0.5161
l'employer,0.5941,0.5523
communiquée,0.5940,0.5527
méchans,0.5940,0.5339
correspondance,0.5938,0.4708
employa,0.5938,0.5324
coupa,0.5938,0.6395
éteint,0.5937,0.6038
changé,0.5937,0.6074
vraies,0.5937,0.3491
aug,0.5937,0.4326
scel,0.5937,0.5737
qfm,0.5936,0.2982
ray,0.5933,0.5361
pratiquée,0.5933,0.5401
lam,0.5933,0.5008
mie,0.5933,0.4755
renversé,0.5932,0.5137
royale,0.5931,0.6038
loisir,0.5931,0.5869
comique,0.5931,0.5501
s'appliquer,0.5931,0.5854
parvenu,0.5931,0.5794
d'expliquer,0.5930,0.5867
terre,0.5930,0.6254
tain,0.5930,0.5251
d'éclat,0.5929,0.4777
lant,0.5929,0.5010
heur,0.5929,0.6431
incommodé,0.5929,0.5718
l'expression,0.5929,0.6355
rine,0.5928,0.4357
fiction,0.5926,0.4249
statut,0.5926,0.6318
paro,0.5926,0.4875
furieuse,0.5926,0.4714
funestes,0.5925,0.5211
lentement,0.5924,0.5666
cause,0.5924,0.5606
usages,0.5923,0.5421
blessé,0.5921,0.4535
remonter,0.5921,0.5846
chaux,0.5921,0.5798
attention,0.5920,0.6435
échouer,0.5920,0.5274
fac,0.5919,0.4395
fé,0.5918,0.5483
romans,0.5917,0.5477
l'et,0.5917,0.5839
bretagne,0.5917,0.6331
rée,0.5917,0.5226
nou,0.5916,0.5742
siu,0.5916,0.5426
pore,0.5916,0.5359
affecté,0.5916,0.3906
éternels,0.5914,0.5298
d'ordinaire,0.5914,0.5476
coûter,0.5913,0.6651
journellement,0.5913,0.3911
turin,0.5913,0.6201
mariages,0.5912,0.6443
fas,0.5912,0.4698
liant,0.5911,0.5010
lement,0.5911,0.3720
utilement,0.5910,0.7300
mécontent,0.5910,0.5025
sensiblement,0.5910,0.4078
leu,0.5910,0.5297
cam,0.5909,0.4977
lan,0.5908,0.5650
recommencer,0.5906,0.5673
délivré,0.5906,0.5732
crain,0.5905,0.4244
clameur,0.5904,0.2877
joint,0.5904,0.6548
imais,0.5903,0.5738
l'ombre,0.5903,0.6162
relevé,0.5903,0.4042
pente,0.5903,0.6167
racheter,0.5903,0.5411
indifférent,0.5902,0.6073
liege,0.5902,0.4779
oins,0.5900,0.5183
eû,0.5900,0.3494
d'aimer,0.5900,0.6363
principale,0.5900,0.6397
soit,0.5899,0.5112
l'égalité,0.5899,0.3193
divertis,0.5897,0.5615
voisinage,0.5897,0.6161
fumer,0.5897,0.5748
secourir,0.5897,0.6324
vée,0.5897,0.4811
solidité,0.5896,0.2955
don,0.5896,0.4657
depens,0.5896,0.4869
confie,0.5896,0.4972
hardi,0.5895,0.5758
desa,0.5895,0.5522
pallas,0.5895,0.4522
commis,0.5894,0.6257
mme,0.5894,0.4776
déterminé,0.5894,0.5997
motifs,0.5894,0.5920
promptement,0.5893,0.5429
sensible,0.5893,0.5643
guerre,0.5891,0.5792
providence,0.5891,0.5082
carême,0.5891,0.5267
foudres,0.5891,0.5836
erreur,0.5890,0.5772
cambrai,0.5890,0.5512
set,0.5890,0.5653
corrompue,0.5889,0.3669
devenue,0.5889,0.6066
dore,0.5888,0.5938
dommage,0.5888,0.5118
descend,0.5887,0.6117
jul,0.5886,0.4412
gravées,0.5886,0.6162
solidement,0.5885,0.3945
nette,0.5885,0.4709
jettez,0.5884,0.5257
fane,0.5884,0.4990
tere,0.5883,0.5461
ration,0.5883,0.6271
close,0.5883,0.5322
reau,0.5882,0.5236
d'entrée,0.5882,0.5934
place,0.5882,0.5619
manque,0.5881,0.5028
confond,0.5881,0.5296
parée,0.5881,0.6134
naturels,0.5881,0.5949
cure,0.5881,0.5163
hos,0.5879,0.3630
révolte,0.5879,0.5500
inu,0.5879,0.5730
dresse,0.5879,0.4554
d'armée,0.5878,0.6265
ché,0.5878,0.4871
ours,0.5877,0.4007
reprenant,0.5876,0.6027
jugée,0.5876,0.5897
passage,0.5876,0.5497
chretiens,0.5876,0.5666
impies,0.5876,0.5353
doux,0.5875,0.5290
métiers,0.5875,0.6439
l'étendue,0.5874,0.5436
renommée,0.5873,0.6485
garant,0.5872,0.3492
d'etre,0.5872,0.4178
chré,0.5872,0.4132
comi,0.5871,0.5726
pire,0.5871,0.4717
clans,0.5869,0.5449
coudre,0.5869,0.5908
esperer,0.5868,0.5184
ensorte,0.5868,0.4992
nais,0.5867,0.5385
qu'ai,0.5867,0.4979
marques,0.5867,0.5896
satisfaire,0.5866,0.5774
naît,0.5866,0.5280
l'être,0.5866,0.4686
préparation,0.5865,0.5339
dest,0.5864,0.5533
souffrit,0.5864,0.5725
raisin,0.5863,0.5139
leau,0.5863,0.4528
acre,0.5863,0.4075
importante,0.5862,0.5855
l'oeuvre,0.5862,0.4991
hy,0.5861,0.6029
confondu,0.5861,0.5541
l'emporte,0.5861,0.5826
e'e,0.5860,0.5346
remontrance,0.5860,0.5528
membres,0.5860,0.6237
vraisemblance,0.5859,0.6410
tomme,0.5859,0.6563
marchandise,0.5859,0.6366
divins,0.5858,0.6515
muraille,0.5858,0.5460
execution,0.5858,0.5772
ingénieux,0.5857,0.6056
regard,0.5857,0.2903
gagner,0.5857,0.5089
allemand,0.5856,0.5683
esclaves,0.5856,0.5991
d'aix,0.5855,0.6661
avantageusement,0.5855,0.3563
auprès,0.5855,0.5964
det,0.5855,0.4542
l'action,0.5855,0.6154
silence,0.5854,0.6461
exploit,0.5854,0.3128
estime,0.5854,0.5288
l'univers,0.5854,0.5624
dépouilles,0.5854,0.5521
tibre,0.5854,0.4581
l'or,0.5853,0.5450
mandons,0.5853,0.4949
patient,0.5853,0.5824
d'histoire,0.5853,0.4140
conserva,0.5853,0.6263
dignités,0.5852,0.5464
gentils,0.5852,0.7478
médiocres,0.5851,0.6423
observée,0.5850,0.5257
tude,0.5850,0.5107
trompa,0.5850,0.5361
fauves,0.5850,0.6838
emp,0.5849,0.5385
pafle,0.5849,0.5214
croissant,0.5848,0.3899
écri,0.5848,0.4398
fermez,0.5847,0.4178
aini,0.5846,0.5380
sonner,0.5846,0.5797
indépendamment,0.5846,0.3560
fare,0.5845,0.6666
crée,0.5845,0.4515
infaillibles,0.5845,0.4579
ceque,0.5845,0.5574
actuellement,0.5844,0.3949
tuiles,0.5844,0.4400
hier,0.5844,0.5842
loit,0.5843,0.6045
piques,0.5843,0.3466
décrire,0.5843,0.5603
mises,0.5843,0.5535
qu'alors,0.5843,0.5346
nel,0.5843,0.4840
publier,0.5842,0.4958
decret,0.5842,0.3564
échange,0.5842,0.5646
l'éviter,0.5842,0.6336
tienne,0.5841,0.5546
desordres,0.5840,0.4537
gner,0.5840,0.5618
nar,0.5840,0.4971
sérieux,0.5839,0.5694
scandale,0.5839,0.5550
soutiennent,0.5838,0.5412
président,0.5838,0.5995
fondez,0.5837,0.3545
avee,0.5836,0.6121
traverser,0.5835,0.5344
l'assemblée,0.5835,0.5188
produisit,0.5834,0.6062
symbole,0.5834,0.3839
représente,0.5833,0.4746
relation,0.5833,0.5922
restes,0.5833,0.6277
saisir,0.5832,0.5747
rime,0.5831,0.4440
mante,0.5831,0.5547
parc,0.5831,0.5204
occupent,0.5830,0.5010
defrance,0.5829,0.6032
bour,0.5829,0.4702
doubler,0.5829,0.4355
fonte,0.5828,0.5959
convenu,0.5828,0.5769
interrompu,0.5827,0.6601
cor,0.5827,0.4962
enleva,0.5827,0.5628
vrais,0.5827,0.5632
gouvernée,0.5826,0.5515
tend,0.5825,0.5897
formes,0.5825,0.5705
villers,0.5825,0.3598
qu'ils,0.5824,0.6117
ep,0.5823,0.4533
priai,0.5822,0.5127
obscure,0.5822,0.5930
potier,0.5822,0.5429
commandement,0.5821,0.5080
désagréable,0.5821,0.4902
gravité,0.5821,0.6633
loient,0.5821,0.5266
commençant,0.5821,0.5676
multi,0.5821,0.4347
euf,0.5820,0.6081
aimables,0.5820,0.5987
theatre,0.5819,0.4955
regarder,0.5819,0.5484
proposée,0.5819,0.6052
publia,0.5818,0.5785
rables,0.5818,0.4826
disse,0.5817,0.5206
secret,0.5816,0.5986
populaires,0.5816,0.4047
suffisantes,0.5816,0.5579
uand,0.5815,0.5123
conjecture,0.5815,0.5401
vive,0.5814,0.5407
paternel,0.5814,0.3693
parricide,0.5813,0.4817
dissipé,0.5812,0.5904
poésie,0.5811,0.4314
pratiqué,0.5811,0.5239
exercé,0.5811,0.5370
nié,0.5810,0.4909
châteaux,0.5810,0.5557
jointes,0.5810,0.5847
clovis,0.5810,0.6182
avoué,0.5810,0.4779
piés,0.5810,0.4583
l'avant,0.5809,0.4342
l'arrêter,0.5809,0.5707
prifes,0.5808,0.5832
habitans,0.5808,0.5651
pierre,0.5808,0.6515
rappeller,0.5808,0.2918
coffres,0.5808,0.5704
ennuyeux,0.5807,0.6207
attribut,0.5806,0.4056
nov,0.5806,0.5017
l'union,0.5806,0.5475
cuve,0.5806,0.5352
raille,0.5806,0.6076
ifles,0.5805,0.4485
sombre,0.5805,0.5640
l'egypte,0.5805,0.4587
réglé,0.5805,0.5182
l'observation,0.5805,0.3689
four,0.5805,0.4561
roux,0.5805,0.6451
écouter,0.5804,0.5512
excès,0.5804,0.5841
l'efpagne,0.5804,0.5173
generale,0.5803,0.4761
separe,0.5802,0.5021
author,0.5802,0.4140
quittant,0.5800,0.6426
ministere,0.5800,0.3146
remporté,0.5799,0.5979
théâtre,0.5799,0.5723
propreté,0.5799,0.5854
baptême,0.5799,0.6252
rouleau,0.5798,0.5099
scrupule,0.5797,0.6139
armer,0.5797,0.5959
guise,0.5796,0.4441
dea,0.5794,0.5007
leçons,0.5794,0.5030
rareté,0.5793,0.5590
présumer,0.5793,0.5992
elr,0.5792,0.5380
youtre,0.5791,0.5707
ture,0.5791,0.5199
ordonnons,0.5790,0.3722
voleur,0.5790,0.5748
forge,0.5790,0.4520
leçon,0.5790,0.5792
s'ef,0.5790,0.4524
privilege,0.5789,0.4865
étendre,0.5788,0.5617
assurent,0.5787,0.5144
endormi,0.5787,0.5515
oubliez,0.5786,0.4566
ecoliers,0.5786,0.4648
marier,0.5786,0.5813
lin,0.5785,0.5020
nient,0.5784,0.4859
plit,0.5784,0.5631
dà,0.5784,0.5465
plus,0.5783,0.5366
levées,0.5783,0.6165
goutte,0.5783,0.5209
nations,0.5783,0.5945
pénitence,0.5783,0.6780
tendre,0.5783,0.6024
tellement,0.5782,0.5390
d'athenes,0.5781,0.4191
vau,0.5781,0.5533
consolation,0.5781,0.5886
real,0.5781,0.5304
vrir,0.5780,0.4975
lice,0.5780,0.5038
vertueuse,0.5779,0.5575
députation,0.5779,0.4655
ann,0.5777,0.4946
l'obliger,0.5776,0.5595
retablir,0.5776,0.5801
suffisant,0.5776,0.6526
l'es,0.5776,0.4825
estimée,0.5775,0.4909
parie,0.5775,0.4824
flanc,0.5775,0.5496
julte,0.5775,0.4733
inter,0.5774,0.4263
van,0.5774,0.5651
diacre,0.5774,0.4434
l'équipage,0.5774,0.6137
ga,0.5773,0.5241
esclavage,0.5773,0.4991
économie,0.5773,0.3144
d'é,0.5773,0.5474
contestation,0.5773,0.6165
changea,0.5773,0.6067
preuve,0.5772,0.5613
bres,0.5772,0.4604
subir,0.5772,0.2889
comm,0.5771,0.5384
sou,0.5771,0.5411
malis,0.5770,0.3211
diamant,0.5770,0.4610
rent,0.5770,0.5485
institution,0.5770,0.2937
d'avantage,0.5770,0.5554
qu'ici,0.5770,0.4203
méditerranée,0.5769,0.5379
mol,0.5769,0.5765
portât,0.5768,0.4548
nager,0.5768,0.7129
cannes,0.5768,0.4904
puissants,0.5767,0.5476
incommode,0.5767,0.5624
perdre,0.5766,0.5514
établies,0.5765,0.6375
démon,0.5765,0.6445
aflez,0.5765,0.5113
enseigner,0.5764,0.5194
faillir,0.5764,0.6080
purs,0.5764,0.5311
credit,0.5763,0.3914
démêler,0.5763,0.5951
loire,0.5763,0.4152
revoir,0.5763,0.5915
l'éloge,0.5762,0.5019
étran,0.5762,0.5737
conmme,0.5761,0.4511
publiques,0.5761,0.6082
pitié,0.5761,0.6083
unanimement,0.5760,0.7206
presse,0.5760,0.3018
l'instruction,0.5760,0.4715
communément,0.5760,0.5500
l'ame,0.5759,0.5754
amuser,0.5759,0.5526
rour,0.5759,0.5553
volonté,0.5759,0.5499
dom,0.5758,0.6013
l'election,0.5756,0.4533
fixé,0.5755,0.4649
publi,0.5755,0.5035
sance,0.5755,0.4624
polie,0.5754,0.5519
avantageuse,0.5754,0.5940
matrice,0.5754,0.5060
dune,0.5754,0.5659
querelle,0.5753,0.5450
caractere,0.5753,0.5153
seules,0.5753,0.5677
marchent,0.5752,0.5545
interêts,0.5751,0.5402
plures,0.5751,0.3310
revolte,0.5749,0.4899
entiérement,0.5749,0.4186
mêmc,0.5749,0.5872
représenta,0.5748,0.5275
esté,0.5748,0.3045
quand,0.5748,0.6177
bian,0.5747,0.5382
condition,0.5747,0.6045
ab,0.5747,0.5035
tota,0.5746,0.3655
proposez,0.5744,0.5193
éclatant,0.5744,0.5004
ifs,0.5743,0.5072
bayonne,0.5743,0.4698
machine,0.5742,0.5712
live,0.5742,0.5683
gardés,0.5741,0.3591
tan,0.5741,0.5024
dits,0.5740,0.3927
pare,0.5740,0.4219
civiles,0.5740,0.5941
enflé,0.5739,0.5181
carlos,0.5739,0.5385
raisonne,0.5739,0.5822
tontes,0.5739,0.5741
gratuitement,0.5739,0.4162
compagnies,0.5738,0.5906
d'horreur,0.5738,0.5526
propo,0.5738,0.4475
sui,0.5737,0.5472
tune,0.5737,0.4399
s'ils,0.5737,0.5710
tribune,0.5737,0.3532
dépouillé,0.5737,0.6301
devienne,0.5737,0.5047
admiré,0.5736,0.5218
interdit,0.5735,0.3323
roide,0.5735,0.4216
profonde,0.5735,0.5748
ardente,0.5734,0.5090
j'entre,0.5734,0.4132
time,0.5733,0.5236
rap,0.5733,0.4288
l'imagination,0.5733,0.5540
d'ornemens,0.5733,0.5696
rude,0.5732,0.5543
monte,0.5732,0.3017
tures,0.5732,0.4424
jésuites,0.5732,0.5820
vieillard,0.5732,0.5287
acquerir,0.5732,0.5647
exercer,0.5731,0.5998
réduite,0.5731,0.5281
malignes,0.5730,0.5093
passons,0.5729,0.5963
guy,0.5729,0.4272
prenons,0.5728,0.5398
possibilité,0.5727,0.3573
suivants,0.5727,0.4977
filer,0.5726,0.6101
prêter,0.5726,0.5839
gravé,0.5726,0.5694
lente,0.5726,0.5028
grands,0.5725,0.5475
étonnante,0.5725,0.4200
ferré,0.5725,0.5624
arti,0.5724,0.4837
rétabli,0.5724,0.5184
chaise,0.5723,0.4716
rendoient,0.5723,0.5684
represente,0.5723,0.4538
restant,0.5722,0.4694
inscription,0.5722,0.5307
ciment,0.5722,0.3876
écritures,0.5722,0.5907
julien,0.5722,0.4388
intérieur,0.5722,0.4163
connétable,0.5721,0.5880
conclue,0.5721,0.5486
abord,0.5721,0.4116
cant,0.5721,0.6025
recu,0.5720,0.4021
souris,0.5720,0.4768
nuls,0.5720,0.5041
monnoie,0.5720,0.4505
choqué,0.5719,0.5213
considerer,0.5719,0.5069
etc,0.5718,0.4977
sources,0.5717,0.5558
commande,0.5717,0.6536
gouverner,0.5716,0.5969
rions,0.5716,0.6852
cadets,0.5714,0.5811
tiroir,0.5713,0.5305
heu,0.5713,0.4713
confirma,0.5712,0.5681
antique,0.5712,0.3598
continuez,0.5712,0.5858
martyr,0.5712,0.5658
vrai,0.5711,0.4919
tranquillement,0.5711,0.6578
levée,0.5710,0.5898
corneille,0.5710,0.4329
comite,0.5710,0.6443
crever,0.5710,0.5733
jet,0.5710,0.4889
briser,0.5710,0.6258
bouc,0.5709,0.5179
vernis,0.5709,0.3808
ample,0.5709,0.5525
l'injure,0.5709,0.3918
vacation,0.5708,0.5362
seigneurie,0.5708,0.5098
esprits,0.5708,0.5490
karats,0.5707,0.6452
dig,0.5707,0.4838
connoissances,0.5707,0.5145
volumes,0.5707,0.5486
sage,0.5706,0.5972
d'étendue,0.5706,0.5950
l'ac,0.5706,0.5812
égale,0.5705,0.5463
rion,0.5705,0.5816
levant,0.5704,0.5590
jar,0.5704,0.4692
daigne,0.5704,0.5551
renvoie,0.5703,0.5027
d'impression,0.5703,0.2794
défunt,0.5703,0.5944
ordonner,0.5703,0.5407
aucunement,0.5701,0.5742
relations,0.5700,0.2844
mnes,0.5700,0.4796
vre,0.5700,0.5348
abrégé,0.5700,0.5377
foui,0.5700,0.5827
l'humanité,0.5699,0.3185
compofé,0.5699,0.5469
fidelles,0.5699,0.6012
auparavant,0.5699,0.6069
trafic,0.5699,0.5738
l'original,0.5698,0.3949
fauve,0.5697,0.4501
dauphin,0.5697,0.5755
opposées,0.5696,0.5664
tableau,0.5696,0.5140
pitre,0.5696,0.4468
teinte,0.5695,0.6160
seul,0.5695,0.5893
enterrer,0.5695,0.5478
subsistance,0.5695,0.5076
ides,0.5694,0.4729
monseigneur,0.5694,0.3498
commencement,0.5694,0.6075
trai,0.5693,0.4359
emportent,0.5692,0.5007
mystere,0.5692,0.3951
yourte,0.5692,0.5264
sei,0.5691,0.5759
loyers,0.5691,0.5743
poussé,0.5691,0.5239
marseille,0.5690,0.4703
santé,0.5690,0.5594
coit,0.5690,0.5409
franc,0.5690,0.5268
law,0.5689,0.4363
purifier,0.5689,0.5657
qu'à,0.5688,0.5576
ava,0.5688,0.4885
extérieure,0.5688,0.3888
sexes,0.5687,0.5372
cere,0.5687,0.5290
doyen,0.5686,0.5831
chairs,0.5686,0.5314
cotte,0.5685,0.5119
italien,0.5685,0.6548
nobles,0.5685,0.5963
primes,0.5685,0.4224
sorbonne,0.5684,0.5236
résolutions,0.5684,0.5221
change,0.5684,0.6004
assure,0.5682,0.5719
nme,0.5682,0.4682
frappée,0.5682,0.5753
iais,0.5682,0.5554
cara,0.5681,0.4762
imp,0.5681,0.5878
exacte,0.5681,0.5034
fondre,0.5680,0.5638
innocente,0.5679,0.5525
pagne,0.5678,0.5109
vaisselle,0.5678,0.4913
touts,0.5678,0.6532
gain,0.5678,0.5677
breuvage,0.5678,0.6421
censure,0.5678,0.3933
besoin,0.5677,0.5857
l'enfance,0.5677,0.5372
compagnie,0.5677,0.4762
personnel,0.5676,0.3333
perle,0.5676,0.4772
aque,0.5675,0.4975
considerable,0.5675,0.5207
parte,0.5675,0.5034
imposer,0.5674,0.5715
proposoit,0.5674,0.5570
fible,0.5674,0.4406
recouvrement,0.5674,0.4894
casse,0.5674,0.4342
maintenu,0.5673,0.5819
gardes,0.5673,0.5913
quelconques,0.5673,0.5081
bourreau,0.5672,0.5444
composent,0.5672,0.5898
ès,0.5672,0.3771
gâte,0.5671,0.3504
ignorant,0.5669,0.5251
restituer,0.5669,0.6009
baux,0.5668,0.5757
lumières,0.5667,0.5667
fet,0.5667,0.5303
prince,0.5667,0.5929
civils,0.5667,0.5121
l'o,0.5667,0.5573
créé,0.5666,0.5405
reduit,0.5666,0.4436
avan,0.5665,0.4592
fia,0.5665,0.4600
île,0.5664,0.3516
phi,0.5663,0.5645
vaste,0.5663,0.5391
ténèbres,0.5663,0.5485
purifie,0.5663,0.5633
valables,0.5662,0.6015
profita,0.5661,0.5840
fig,0.5661,0.4426
choeurs,0.5661,0.5451
lettres,0.5660,0.5841
gle,0.5660,0.4856
babylone,0.5658,0.4351
ib,0.5658,0.5049
batteries,0.5657,0.5323
expriment,0.5657,0.6083
vail,0.5657,0.5418
ferver,0.5656,0.3726
l'enfant,0.5656,0.6280
ess,0.5656,0.4201
oublier,0.5656,0.5524
contre,0.5655,0.6688
l'entreprise,0.5655,0.3554
demande,0.5653,0.5204
sp,0.5653,0.4677
l'ste,0.5652,0.4849
scn,0.5652,0.5244
extra,0.5652,0.4597
quer,0.5652,0.4912
tra,0.5652,0.6055
compassion,0.5652,0.6362
regardé,0.5651,0.5754
item,0.5650,0.4740
pafe,0.5650,0.4844
iceux,0.5650,0.3853
neige,0.5650,0.5736
honnêtement,0.5650,0.4689
main,0.5649,0.5410
dij,0.5649,0.6031
compta,0.5649,0.4333
dere,0.5649,0.4938
verge,0.5649,0.4154
pes,0.5649,0.4553
commue,0.5648,0.4216
d'ef,0.5648,0.4332
bran,0.5648,0.4978
filant,0.5648,0.4742
ponr,0.5648,0.6184
pont,0.5648,0.5884
volontaire,0.5647,0.3847
fouler,0.5647,0.3989
existence,0.5646,0.4976
l'éloignement,0.5646,0.4447
exercice,0.5645,0.5421
perfon,0.5644,0.4633
nus,0.5644,0.4457
ingrats,0.5644,0.5703
ecuyer,0.5642,0.4127
racine,0.5642,0.5663
semblera,0.5642,0.5766
française,0.5641,0.3407
mages,0.5640,0.6477
approuve,0.5640,0.3965
lou,0.5640,0.5193
fignifier,0.5639,0.4707
loge,0.5639,0.6082
condi,0.5637,0.4810
fonctions,0.5637,0.4789
drapeaux,0.5637,0.5085
rougir,0.5637,0.5593
matres,0.5636,0.4394
voi,0.5636,0.4096
repete,0.5635,0.4153
d'appeller,0.5635,0.4437
pleine,0.5632,0.5636
oye,0.5632,0.4840
conçu,0.5632,0.5150
luimême,0.5632,0.4639
gra,0.5632,0.4140
judice,0.5631,0.4278
dénomination,0.5631,0.3158
étude,0.5630,0.5762
temporelles,0.5630,0.5302
naufrage,0.5629,0.6068
alternativement,0.5629,0.4196
with,0.5629,0.4893
travers,0.5629,0.5768
rme,0.5628,0.5543
formez,0.5628,0.6292
pleure,0.5628,0.5621
postes,0.5627,0.5650
amoureuse,0.5626,0.5057
vaux,0.5626,0.4937
peutêtre,0.5626,0.5683
stile,0.5625,0.5402
diminuent,0.5625,0.5411
exposez,0.5625,0.6012
lorsqu'il,0.5625,0.5036
ménie,0.5625,0.5624
pra,0.5624,0.5352
jacques,0.5624,0.4690
pic,0.5624,0.4611
pied,0.5624,0.5453
tendus,0.5624,0.4516
revenue,0.5624,0.4850
tutelles,0.5624,0.5308
ressorts,0.5624,0.5375
mande,0.5623,0.5400
thé,0.5623,0.4822
crue,0.5623,0.4434
sce,0.5622,0.4901
monstre,0.5622,0.5388
cercle,0.5622,0.5003
fraîche,0.5622,0.4877
estiment,0.5622,0.4338
ange,0.5621,0.5916
file,0.5621,0.5250
tales,0.5621,0.3948
obligent,0.5621,0.5576
devenant,0.5621,0.4186
singulier,0.5620,0.5386
injurieux,0.5620,0.3759
tournois,0.5619,0.5907
britannique,0.5619,0.4225
d'oi,0.5618,0.4354
gen,0.5618,0.5297
poudre,0.5618,0.5217
quai,0.5617,0.4107
l'estimation,0.5617,0.6392
mouvans,0.5617,0.4171
jusqu'en,0.5617,0.6191
médecin,0.5616,0.5286
citez,0.5616,0.3981
dresser,0.5615,0.5397
d'aujourd'hui,0.5615,0.4131
attribué,0.5615,0.5864
mutuelle,0.5615,0.5459
caufa,0.5615,0.2620
sta,0.5614,0.5627
latitude,0.5614,0.6198
d'ap,0.5613,0.5016
indignement,0.5612,0.4025
parier,0.5612,0.4683
offres,0.5611,0.5768
dequoi,0.5611,0.3672
conquête,0.5611,0.5669
rendront,0.5610,0.5222
possede,0.5610,0.5981
vrage,0.5610,0.5980
prescrites,0.5610,0.5710
lay,0.5609,0.6012
peinture,0.5608,0.5552
lea,0.5608,0.4652
turenne,0.5607,0.5386
afin,0.5607,0.5911
vans,0.5606,0.4462
forcée,0.5606,0.4982
fols,0.5605,0.4770
l'arrivée,0.5605,0.5814
anonyme,0.5605,0.4218
traites,0.5605,0.6585
françoise,0.5604,0.3650
ridicule,0.5604,0.6504
comment,0.5604,0.4991
confier,0.5601,0.5653
sûrs,0.5601,0.6538
ioit,0.5601,0.5296
occasion,0.5601,0.5023
demeure,0.5600,0.5891
admirables,0.5600,0.5445
souveraineté,0.5600,0.4914
jouissent,0.5600,0.5573
net,0.5599,0.4329
réguliers,0.5599,0.3903
distribution,0.5599,0.5762
forger,0.5599,0.4888
tentation,0.5598,0.4040
particuliers,0.5598,0.4989
prévenus,0.5598,0.3344
généreux,0.5598,0.5337
inclination,0.5597,0.5668
infinies,0.5597,0.5489
livrées,0.5596,0.4039
chers,0.5596,0.5873
assemblées,0.5596,0.5565
puif,0.5595,0.3944
susceptible,0.5594,0.5850
d'envie,0.5594,0.5412
achevez,0.5593,0.5971
fort,0.5592,0.4824
liquidation,0.5591,0.5412
eq,0.5590,0.5130
aveuglement,0.5590,0.5780
précédent,0.5590,0.5775
commencer,0.5589,0.6208
communiqué,0.5589,0.5325
gelée,0.5588,0.5367
perdues,0.5588,0.3327
riant,0.5587,0.5734
amoureux,0.5587,0.6098
legal,0.5587,0.2781
goûté,0.5587,0.5509
poudres,0.5587,0.3888
libertinage,0.5586,0.3442
prisonniers,0.5585,0.6120
l'impression,0.5585,0.6394
rite,0.5584,0.4948
successions,0.5584,0.5090
habitent,0.5584,0.5849
faciliter,0.5583,0.6271
moisson,0.5583,0.5109
distinguent,0.5582,0.5237
avoi,0.5582,0.5269
baguette,0.5582,0.5305
ante,0.5581,0.4382
iris,0.5581,0.4807
enterré,0.5580,0.4874
ronces,0.5580,0.4266
bâtit,0.5579,0.4520
procuration,0.5579,0.5338
triomphe,0.5578,0.5554
position,0.5577,0.2855
ouf,0.5576,0.5694
réduit,0.5576,0.5609
réponfe,0.5576,0.3968
pointe,0.5576,0.4960
étranger,0.5575,0.6147
royal,0.5575,0.4134
parer,0.5575,0.6373
desir,0.5575,0.5586
londres,0.5574,0.4969
diversité,0.5573,0.5627
train,0.5573,0.6104
continence,0.5573,0.5769
recours,0.5573,0.5478
boutique,0.5572,0.4704
fameux,0.5572,0.5030
sommation,0.5571,0.6026
courtisan,0.5571,0.6062
bil,0.5571,0.5310
lair,0.5571,0.5317
collier,0.5571,0.5121
gui,0.5570,0.5019
morales,0.5570,0.5221
restée,0.5570,0.4375
sauf,0.5570,0.5847
lais,0.5570,0.5289
sens,0.5569,0.5406
dns,0.5568,0.4535
seigneur,0.5568,0.5750
complaisance,0.5568,0.5780
commit,0.5568,0.4571
aider,0.5568,0.5346
ôtent,0.5567,0.5902
antoine,0.5567,0.5581
faussement,0.5567,0.4938
ceci,0.5567,0.5329
feurs,0.5566,0.6375
joueur,0.5566,0.5203
loir,0.5566,0.5337
naissante,0.5566,0.3776
arpent,0.5566,0.5447
conte,0.5566,0.4441
éoit,0.5564,0.4270
champagne,0.5564,0.5142
peints,0.5564,0.5158
tribu,0.5564,0.3992
dej,0.5563,0.5548
excede,0.5563,0.4186
furies,0.5562,0.5996
suivans,0.5562,0.5242
denys,0.5562,0.5223
dars,0.5562,0.5796
lec,0.5562,0.4755
points,0.5562,0.5059
expressement,0.5561,0.4418
etant,0.5561,0.5992
thomas,0.5561,0.5027
songea,0.5561,0.4454
paître,0.5561,0.5767
oraison,0.5559,0.5261
tien,0.5559,0.4441
l'homme,0.5559,0.5904
honteux,0.5559,0.5206
flot,0.5558,0.5781
élever,0.5558,0.5156
charlemagne,0.5558,0.5532
proye,0.5557,0.3299
valeur,0.5557,0.5707
vinaire,0.5556,0.4604
soupçonné,0.5556,0.4563
droites,0.5556,0.5084
bourbon,0.5556,0.3774
arg,0.5555,0.5477
revenu,0.5555,0.5054
ports,0.5554,0.5659
xliv,0.5554,0.5652
principaux,0.5553,0.6285
employez,0.5552,0.5907
excellente,0.5551,0.5457
peuplée,0.5551,0.4534
contrevenir,0.5551,0.4846
qae,0.5549,0.5080
otre,0.5549,0.4371
cessez,0.5548,0.5555
bouches,0.5548,0.3576
dissolution,0.5548,0.3910
saisie,0.5548,0.5452
décision,0.5548,0.4912
lins,0.5547,0.4574
prescrire,0.5547,0.5684
artisans,0.5547,0.4910
borne,0.5547,0.3028
écarté,0.5546,0.2967
d'eux,0.5545,0.5860
tus,0.5545,0.4425
estimation,0.5545,0.4491
comr,0.5545,0.3984
fan,0.5545,0.5025
procédé,0.5544,0.3067
cachée,0.5544,0.6269
adoucir,0.5544,0.5414
refaire,0.5544,0.4692
étroite,0.5544,0.5015
relier,0.5544,0.4842
commettent,0.5543,0.5375
tiendront,0.5543,0.4342
commen,0.5542,0.5156
enfermer,0.5542,0.4858
dépen,0.5542,0.4114
entrée,0.5541,0.5071
classes,0.5541,0.5647
labours,0.5541,0.6250
obtenues,0.5541,0.4240
paser,0.5541,0.4473
enfance,0.5541,0.5718
bruxelles,0.5541,0.5572
l'habitude,0.5541,0.3241
perte,0.5540,0.5842
dol,0.5540,0.4898
divin,0.5539,0.6378
sentant,0.5539,0.5916
malade,0.5539,0.6001
voiture,0.5539,0.3552
l'élévation,0.5539,0.4661
chanter,0.5538,0.5248
voile,0.5538,0.5725
vainement,0.5538,0.4236
ff,0.5538,0.4463
paru,0.5538,0.5076
opi,0.5537,0.4932
tée,0.5537,0.4625
aces,0.5537,0.4782
inde,0.5536,0.3917
vui,0.5536,0.5874
jura,0.5536,0.3404
tré,0.5536,0.4827
tite,0.5535,0.6057
tor,0.5535,0.5178
soutiens,0.5535,0.4322
souffrir,0.5534,0.6273
peril,0.5534,0.4990
commi,0.5534,0.5043
pro,0.5533,0.4886
lorsqu'un,0.5533,0.5468
indiens,0.5533,0.4396
onde,0.5532,0.3508
construit,0.5532,0.4444
prouve,0.5531,0.5529
mention,0.5531,0.5378
musique,0.5531,0.5854
éloignées,0.5531,0.5822
refuté,0.5531,0.4978
têtes,0.5531,0.5456
livre,0.5530,0.4843
patrimoine,0.5530,0.4321
natu,0.5529,0.4633
attribuer,0.5529,0.5143
marais,0.5529,0.4636
arts,0.5529,0.5217
tier,0.5529,0.4976
publics,0.5528,0.5613
confiant,0.5528,0.3628
continuoit,0.5527,0.5423
coure,0.5527,0.5784
role,0.5527,0.5386
favorise,0.5527,0.3725
tera,0.5526,0.4603
l'engager,0.5526,0.5129
onne,0.5526,0.5114
kk,0.5526,0.5386
promet,0.5526,0.4845
ente,0.5525,0.5431
dé,0.5525,0.5438
coins,0.5525,0.4666
sy,0.5525,0.6133
d'usage,0.5525,0.3067
traître,0.5524,0.4735
travaillez,0.5524,0.4654
parterre,0.5524,0.5658
arrêté,0.5524,0.5289
attachent,0.5524,0.4429
reduire,0.5524,0.5734
récompense,0.5523,0.4649
guer,0.5523,0.3864
parties,0.5523,0.5486
tés,0.5522,0.4596
trcs,0.5520,0.5461
d'arbre,0.5520,0.4877
frai,0.5520,0.6136
etats,0.5520,0.4981
épines,0.5519,0.5126
bra,0.5519,0.5153
berté,0.5519,0.5591
dont,0.5519,0.5014
commodes,0.5518,0.5445
exil,0.5518,0.5440
rapporta,0.5518,0.5014
gre,0.5517,0.5413
finira,0.5517,0.3870
trafiquer,0.5517,0.6092
barbe,0.5517,0.5209
fourmis,0.5517,0.5433
magni,0.5516,0.3824
commandez,0.5516,0.4391
levé,0.5516,0.5221
parti,0.5516,0.4919
d'étre,0.5516,0.5789
qu'clle,0.5516,0.5923
ejl,0.5516,0.4616
trajet,0.5515,0.5571
leo,0.5514,0.4868
ale,0.5514,0.5063
piqué,0.5514,0.4851
entr,0.5514,0.3656
contrai,0.5514,0.3880
casser,0.5512,0.6957
mo,0.5512,0.4511
complice,0.5512,0.4850
term,0.5512,0.4441
vraie,0.5512,0.6012
auri,0.5511,0.3682
simples,0.5511,0.5914
légat,0.5511,0.5076
pluie,0.5511,0.5872
val,0.5511,0.5011
caule,0.5510,0.5058
l'idée,0.5510,0.5464
destiné,0.5510,0.5541
s'entendre,0.5508,0.4809
explique,0.5508,0.5200
inquit,0.5508,0.3380
caf,0.5507,0.6097
justiciers,0.5507,0.4440
d'honneur,0.5507,0.5462
possesseur,0.5506,0.6203
monastere,0.5506,0.5630
aifément,0.5505,0.4191
mêlé,0.5504,0.5349
diffe,0.5504,0.5575
artifice,0.5503,0.4332
jésuite,0.5503,0.6116
ofi,0.5503,0.5308
made,0.5502,0.5418
executer,0.5502,0.5548
miroir,0.5502,0.5586
recherché,0.5501,0.5282
pol,0.5501,0.5031
tris,0.5500,0.4393
examen,0.5499,0.5217
pre,0.5499,0.4821
roir,0.5498,0.4794
meurtre,0.5498,0.5369
chi,0.5497,0.5377
tions,0.5497,0.5153
horn,0.5497,0.5567
bailliages,0.5497,0.4256
sie,0.5496,0.4898
iune,0.5495,0.4479
poursuit,0.5495,0.5476
favorables,0.5494,0.5315
exemple,0.5494,0.4697
naitre,0.5494,0.2982
poste,0.5494,0.5493
voyer,0.5494,0.4835
dires,0.5493,0.4204
fonde,0.5493,0.5470
trop,0.5493,0.5038
égard,0.5492,0.4354
societé,0.5492,0.3583
aure,0.5491,0.5343
commandé,0.5491,0.5016
lave,0.5490,0.2983
im,0.5490,0.4769
susdits,0.5489,0.5408
livrez,0.5489,0.4420
aveugles,0.5489,0.5712
restait,0.5489,0.5651
autrui,0.5489,0.4231
agens,0.5489,0.3636
l'habit,0.5489,0.5644
changez,0.5488,0.4641
particuliérement,0.5487,0.5115
tait,0.5487,0.3654
lanterne,0.5486,0.4792
d'années,0.5486,0.5524
priant,0.5486,0.5285
splendeur,0.5486,0.5274
conjectures,0.5486,0.4481
convertir,0.5485,0.5816
dépendent,0.5485,0.5676
accepter,0.5484,0.5212
venans,0.5484,0.5176
terrestre,0.5483,0.4362
croix,0.5483,0.5442
connoissance,0.5483,0.5211
troupeau,0.5483,0.5470
beaucoup,0.5482,0.5345
meures,0.5482,0.4620
l'attente,0.5482,0.4071
voya,0.5481,0.4850
presente,0.5480,0.4105
perception,0.5480,0.3002
fa,0.5479,0.3369
travaux,0.5479,0.5054
cte,0.5478,0.5095
hau,0.5478,0.4535
attira,0.5477,0.5370
dut,0.5477,0.3031
docteur,0.5477,0.3815
étourdi,0.5477,0.5148
égales,0.5477,0.5639
laifle,0.5477,0.4796
defaire,0.5476,0.4488
trempé,0.5476,0.5403
dangereux,0.5475,0.6021
allié,0.5475,0.5490
durent,0.5475,0.5820
diver,0.5475,0.4746
auxquelles,0.5475,0.4881
suivirent,0.5474,0.5584
tete,0.5474,0.3963
moire,0.5474,0.4496
quin,0.5474,0.4469
orgueil,0.5474,0.4896
l'épreuve,0.5473,0.3912
authentique,0.5473,0.5890
scaliger,0.5473,0.4385
d'hôtel,0.5473,0.6073
l'affection,0.5473,0.3363
acheva,0.5472,0.4966
tile,0.5472,0.5517
abandon,0.5471,0.4586
cal,0.5471,0.5715
valere,0.5471,0.4809
tirés,0.5471,0.3883
attendent,0.5471,0.5079
plonger,0.5470,0.5790
âgée,0.5470,0.5720
louvois,0.5470,0.5616
fuit,0.5470,0.2856
ouvrier,0.5469,0.5505
instruire,0.5469,0.5289
reprise,0.5468,0.4548
d'horace,0.5468,0.4962
able,0.5468,0.4706
tutelle,0.5467,0.4593
supérieure,0.5467,0.4402
prospérité,0.5467,0.5876
peindre,0.5466,0.5439
mandemens,0.5465,0.5653
colombe,0.5465,0.5552
fièvre,0.5464,0.5034
conclusions,0.5464,0.4906
commencera,0.5464,0.5071
brisé,0.5464,0.4557
réussir,0.5463,0.5605
rete,0.5463,0.6540
dice,0.5463,0.5052
sortoit,0.5462,0.5451
tribunal,0.5462,0.5252
censeur,0.5461,0.4746
velles,0.5461,0.5449
amener,0.5461,0.4246
tiens,0.5461,0.5627
vraiment,0.5461,0.2909
couru,0.5461,0.4953
aussi,0.5461,0.4435
offensé,0.5460,0.5840
hardiment,0.5460,0.4268
d'instrumens,0.5459,0.4654
onc,0.5459,0.5360
l'année,0.5459,0.5425
prime,0.5458,0.5698
rohan,0.5458,0.4722
précedent,0.5458,0.4464
métal,0.5457,0.4809
convenables,0.5457,0.5414
dun,0.5456,0.4653
gouvernemens,0.5456,0.4995
recouvrer,0.5455,0.5443
citation,0.5455,0.4158
éternelles,0.5455,0.6178
tenms,0.5454,0.3997
cur,0.5454,0.4607
rouler,0.5454,0.5551
absence,0.5454,0.4764
cautions,0.5453,0.5371
moderne,0.5453,0.5670
mensonge,0.5453,0.5907
methode,0.5453,0.5219
précipitation,0.5452,0.5681
violens,0.5452,0.5562
sages,0.5452,0.5708
boule,0.5452,0.5218
assignations,0.5451,0.4943
valois,0.5451,0.4420
emprunter,0.5451,0.5808
percé,0.5451,0.4833
jouent,0.5451,0.5703
tirer,0.5450,0.5094
od,0.5449,0.4496
d'intelligence,0.5449,0.3104
s'occuper,0.5449,0.3234
poussant,0.5449,0.5251
maréchaux,0.5449,0.5898
compté,0.5449,0.5462
reprises,0.5448,0.4921
baron,0.5448,0.4412
lait,0.5447,0.4250
patriarche,0.5447,0.5190
passera,0.5447,0.5188
manifestement,0.5446,0.4462
arbitres,0.5446,0.5632
joyeux,0.5445,0.4689
justement,0.5445,0.4187
oc,0.5445,0.5542
quar,0.5445,0.4637
travailla,0.5445,0.5894
continue,0.5445,0.5614
montans,0.5444,0.3977
refuter,0.5444,0.4546
s'expliquer,0.5444,0.5764
prin,0.5444,0.3840
fiel,0.5444,0.4073
poussions,0.5443,0.3942
borner,0.5443,0.2593
bâtard,0.5442,0.5958
courageux,0.5442,0.4331
pa,0.5442,0.5612
procession,0.5441,0.4440
tousses,0.5441,0.5554
toscane,0.5441,0.5931
mente,0.5441,0.4272
carte,0.5441,0.3320
d'orange,0.5441,0.4910
fiance,0.5439,0.3582
telle,0.5439,0.5246
natures,0.5439,0.5328
genéral,0.5439,0.4642
conm,0.5438,0.3486
lettrés,0.5438,0.4067
l'adresse,0.5438,0.3382
pécher,0.5438,0.5012
d'ou,0.5437,0.4399
galante,0.5437,0.6239
bruit,0.5436,0.5046
fécond,0.5436,0.4912
signe,0.5434,0.3327
mad,0.5433,0.5255
cete,0.5433,0.4842
médiocrement,0.5432,0.4869
ignore,0.5432,0.5594
content,0.5432,0.5677
syndic,0.5431,0.4543
sceaux,0.5431,0.6503
fiire,0.5431,0.4103
sam,0.5430,0.5148
poignard,0.5430,0.4941
trajan,0.5429,0.4465
tendant,0.5429,0.4303
connues,0.5429,0.5511
reglement,0.5428,0.4819
nuisible,0.5427,0.4738
d'entendre,0.5427,0.5846
proportionnée,0.5427,0.5311
seconds,0.5427,0.4303
prédicateurs,0.5426,0.4642
prologue,0.5426,0.4252
millions,0.5426,0.5324
fal,0.5425,0.5864
vins,0.5425,0.5692
robert,0.5425,0.4267
moin,0.5424,0.4842
reconnoissance,0.5423,0.5348
général,0.5423,0.4669
puisqu'ils,0.5422,0.5478
lira,0.5422,0.3753
athenes,0.5422,0.4249
crainte,0.5422,0.5535
corde,0.5421,0.4413
énorme,0.5421,0.5492
clairs,0.5421,0.5303
nuage,0.5421,0.5289
marquées,0.5420,0.5232
indispensable,0.5420,0.2820
religieuse,0.5420,0.3593
chancellerie,0.5419,0.5230
présentation,0.5419,0.6368
rechercher,0.5418,0.6274
l'eternel,0.5418,0.5180
toit,0.5418,0.5920
collet,0.5418,0.6039
cetter,0.5417,0.5492
hercule,0.5417,0.5653
sue,0.5416,0.6068
damas,0.5416,0.4278
différent,0.5416,0.4976
dent,0.5415,0.4718
l'ar,0.5415,0.5368
matieres,0.5415,0.5858
cale,0.5415,0.4794
icelles,0.5415,0.4315
salaires,0.5414,0.5375
tailleur,0.5414,0.5878
l'infini,0.5414,0.3383
veulement,0.5413,0.4853
moyenne,0.5413,0.3648
incompatible,0.5413,0.5557
poison,0.5411,0.5505
castille,0.5411,0.4835
d'hyver,0.5411,0.4935
accordées,0.5410,0.4450
données,0.5410,0.5772
feux,0.5410,0.2982
courons,0.5409,0.5853
dili,0.5409,0.6072
infiniment,0.5408,0.5636
igne,0.5408,0.4637
prêcher,0.5407,0.5809
entendre,0.5407,0.5022
bordeaux,0.5407,0.4176
reception,0.5406,0.4008
d'alliance,0.5405,0.5881
noyer,0.5405,0.4695
plaisanteries,0.5405,0.4935
traitant,0.5405,0.3741
scellé,0.5405,0.4372
incomparable,0.5405,0.5612
jolies,0.5404,0.5236
accompagnée,0.5404,0.5111
fons,0.5404,0.5080
d'italie,0.5404,0.6088
exe,0.5404,0.5405
sujets,0.5403,0.4518
traversé,0.5403,0.6220
domi,0.5403,0.4307
pari,0.5401,0.5083
troublée,0.5401,0.5460
paix,0.5400,0.5049
far,0.5400,0.5019
cable,0.5399,0.6065
perdez,0.5398,0.4145
ori,0.5398,0.4852
sacremens,0.5398,0.5855
georges,0.5397,0.4259
cordons,0.5396,0.4513
suppose,0.5396,0.5025
mort,0.5395,0.5758
avi,0.5395,0.5099
att,0.5395,0.4862
parlement,0.5395,0.5466
craignant,0.5395,0.4977
saturne,0.5394,0.5129
maine,0.5394,0.4500
épreuve,0.5394,0.4777
apparent,0.5393,0.4697
arbitre,0.5393,0.3882
meuble,0.5392,0.4162
sire,0.5392,0.4128
modéré,0.5392,0.3785
l'oi,0.5391,0.5497
paf,0.5391,0.4963
surprenant,0.5391,0.5198
bli,0.5389,0.5630
cachez,0.5389,0.2991
vaine,0.5389,0.6005
exa,0.5388,0.4492
lé,0.5388,0.5113
retenu,0.5388,0.3233
auguste,0.5387,0.5576
arabes,0.5387,0.4504
affranchi,0.5385,0.3747
m'empêcher,0.5385,0.5675
fà,0.5385,0.5374
reduite,0.5385,0.5519
autant,0.5385,0.5180
royaumes,0.5385,0.5405
zemble,0.5384,0.4935
éc,0.5384,0.5306
chantent,0.5384,0.5349
zèle,0.5383,0.5129
arrêta,0.5383,0.5387
ibit,0.5383,0.5389
parvenir,0.5383,0.5941
vitesse,0.5382,0.4856
ilne,0.5382,0.4689
facilite,0.5380,0.3960
commodément,0.5380,0.5627
détacher,0.5380,0.5251
publique,0.5379,0.3541
nan,0.5379,0.6066
dition,0.5379,0.3844
ices,0.5379,0.4480
toutes,0.5378,0.5081
parfums,0.5378,0.5276
ence,0.5378,0.4821
cerveau,0.5377,0.5211
l'entreprendre,0.5377,0.4990
ventes,0.5377,0.5642
comparer,0.5377,0.5064
goût,0.5376,0.5762
immortel,0.5376,0.5403
pal,0.5376,0.5792
sangla,0.5375,0.4917
formelle,0.5375,0.3085
français,0.5374,0.2959
appréhender,0.5374,0.3656
hâter,0.5374,0.5181
villiers,0.5374,0.5152
réunis,0.5374,0.2739
philo,0.5373,0.5356
faisant,0.5373,0.5395
quise,0.5373,0.4357
tommes,0.5372,0.4136
parceque,0.5372,0.4956
achevé,0.5372,0.5569
garantie,0.5372,0.4989
talent,0.5371,0.5133
qu'entre,0.5371,0.5571
ors,0.5371,0.4777
nour,0.5371,0.5770
tournay,0.5370,0.4274
qu'outre,0.5370,0.3844
revienne,0.5370,0.5071
distin,0.5369,0.4819
enfer,0.5369,0.4584
om,0.5369,0.3934
imiter,0.5369,0.4981
répondant,0.5369,0.4950
exemples,0.5368,0.4833
annales,0.5368,0.5372
sacrement,0.5368,0.5334
vendeurs,0.5368,0.6094
soutenu,0.5368,0.5514
abondante,0.5368,0.4449
payez,0.5367,0.3158
d'ouvrir,0.5366,0.4811
avance,0.5366,0.3381
mineure,0.5366,0.4612
hon,0.5366,0.5237
permission,0.5365,0.4968
reviendra,0.5365,0.5085
penses,0.5365,0.3574
eues,0.5364,0.4830
lever,0.5364,0.6012
confirmation,0.5364,0.4773
aspect,0.5363,0.5149
j'espère,0.5363,0.4382
noire,0.5361,0.4627
cercles,0.5361,0.5372
nantes,0.5361,0.4533
l'interêt,0.5361,0.4174
expression,0.5360,0.5620
garder,0.5360,0.5769
épargné,0.5360,0.4993
chrétien,0.5360,0.4491
présentes,0.5359,0.4886
jugées,0.5359,0.5548
c'é,0.5359,0.4881
pane,0.5358,0.5918
colle,0.5358,0.4286
quil,0.5357,0.5024
fortoit,0.5357,0.4846
nuits,0.5357,0.5737
formées,0.5357,0.5034
tenta,0.5357,0.4113
payant,0.5356,0.5829
causes,0.5356,0.5620
tradition,0.5356,0.5942
dialogues,0.5356,0.5100
arrêtez,0.5356,0.4667
refsemblance,0.5356,0.5218
s'é,0.5355,0.4351
s'attacha,0.5355,0.5954
gabelles,0.5355,0.5229
obtenue,0.5355,0.3289
rer,0.5355,0.4320
sion,0.5354,0.5010
fatis,0.5354,0.3254
étudier,0.5354,0.5400
m'étant,0.5353,0.4354
rne,0.5352,0.4240
fixes,0.5352,0.3529
mortelles,0.5352,0.5672
lux,0.5352,0.4539
monnoyés,0.5351,0.5177
dernier,0.5350,0.5424
intitulé,0.5349,0.5511
ajoutée,0.5347,0.2290
couvertes,0.5347,0.5610
extrait,0.5347,0.5157
étrangement,0.5347,0.4988
vera,0.5346,0.4626
confesser,0.5346,0.4278
touchant,0.5345,0.3080
bande,0.5344,0.5140
amitié,0.5344,0.4807
façons,0.5344,0.3712
lieurs,0.5344,0.4623
flatterie,0.5344,0.3715
t'il,0.5343,0.3722
rendant,0.5343,0.5158
ignorer,0.5342,0.4756
meurt,0.5342,0.5459
adion,0.5342,0.3624
jouissance,0.5341,0.5382
cadavre,0.5341,0.5312
prieres,0.5341,0.5806
dor,0.5341,0.5409
julqu'à,0.5340,0.5617
amen,0.5340,0.4714
poser,0.5340,0.5217
opinion,0.5340,0.4083
argument,0.5339,0.4863
yant,0.5339,0.5884
descendent,0.5339,0.4595
continent,0.5339,0.5809
will,0.5339,0.3907
produisoit,0.5338,0.4044
livra,0.5338,0.5215
défaut,0.5338,0.5386
n'au,0.5338,0.5360
ocm,0.5337,0.2946
mise,0.5337,0.4255
appartiendra,0.5337,0.3855
entr'eux,0.5337,0.5499
occupations,0.5336,0.5238
pressez,0.5336,0.4249
sermens,0.5336,0.2925
égaler,0.5335,0.5535
oà,0.5334,0.5192
levent,0.5334,0.4872
éclairci,0.5334,0.3169
barbarie,0.5334,0.3049
apo,0.5333,0.5822
louage,0.5333,0.5003
devenir,0.5333,0.4941
commc,0.5333,0.5700
contagion,0.5333,0.4185
chante,0.5333,0.4722
rendre,0.5332,0.6083
suivante,0.5331,0.5001
regarde,0.5330,0.4506
vues,0.5330,0.4699
auii,0.5330,0.5657
diligences,0.5329,0.4882
faite,0.5329,0.4970
fiege,0.5329,0.5782
raccommoder,0.5329,0.5866
ala,0.5329,0.5647
assembler,0.5329,0.4772
nain,0.5329,0.5455
abattu,0.5328,0.6205
sul,0.5327,0.5639
sd,0.5327,0.4095
pique,0.5327,0.3309
toulouse,0.5327,0.5161
resolu,0.5327,0.4635
eta,0.5326,0.5226
suite,0.5326,0.5560
lorsque,0.5325,0.5077
relever,0.5325,0.6064
roit,0.5325,0.5089
environ,0.5325,0.4408
forains,0.5325,0.3923
defense,0.5325,0.4732
tranquille,0.5324,0.4326
sueur,0.5324,0.4611
l'église,0.5324,0.4641
choisi,0.5323,0.5137
bertrand,0.5323,0.4906
pénétrer,0.5323,0.5312
procédure,0.5323,0.5635
profiter,0.5323,0.5182
db,0.5322,0.4951
cest,0.5322,0.4837
ement,0.5322,0.4244
gneur,0.5321,0.5611
droi,0.5321,0.4662
taille,0.5321,0.6367
conformité,0.5321,0.5050
reli,0.5321,0.5559
d'orléans,0.5320,0.5454
obtient,0.5320,0.5331
séculiers,0.5320,0.4418
vienne,0.5320,0.4005
vils,0.5319,0.2659
jufle,0.5319,0.4378
excellens,0.5319,0.4968
couvent,0.5319,0.4941
sis,0.5319,0.4400
seigneuries,0.5319,0.5366
profitable,0.5318,0.5074
na,0.5317,0.4678
commencez,0.5317,0.5688
foye,0.5317,0.4648
po,0.5316,0.4827
seville,0.5316,0.5900
barres,0.5316,0.4276
voyez,0.5316,0.6765
parois,0.5315,0.3655
insulter,0.5315,0.4055
dains,0.5315,0.4669
saisit,0.5315,0.5474
prononciation,0.5315,0.5154
certain,0.5315,0.4753
balles,0.5315,0.5348
apportez,0.5315,0.5169
craint,0.5314,0.5511
aà,0.5313,0.4929
paniers,0.5313,0.4932
catholique,0.5313,0.5416
gravée,0.5313,0.5326
jeunesse,0.5313,0.4881
celebre,0.5313,0.4299
éclairer,0.5312,0.2681
braves,0.5312,0.4891
lire,0.5312,0.4654
jusqu'aux,0.5312,0.5628
gnes,0.5311,0.4908
bâtons,0.5311,0.4625
perdirent,0.5311,0.4883
quelqu'autre,0.5310,0.5411
eat,0.5310,0.4459
taillé,0.5310,0.4929
l'apparence,0.5309,0.3625
morceau,0.5308,0.5157
grosse,0.5308,0.5352
s'enrichir,0.5307,0.3294
convertis,0.5307,0.3808
chargé,0.5306,0.5452
versailles,0.5306,0.4931
parquet,0.5306,0.4366
extérieur,0.5305,0.3804
c'er,0.5305,0.4572
enl,0.5305,0.4630
opere,0.5304,0.4024
danser,0.5304,0.5184
objection,0.5304,0.5120
glace,0.5304,0.5800
nettement,0.5303,0.3772
cartes,0.5303,0.3970
fint,0.5302,0.3754
pêcher,0.5302,0.5253
d'office,0.5301,0.3838
campa,0.5301,0.4532
exemplaire,0.5301,0.3647
aife,0.5301,0.4838
pommes,0.5301,0.3733
dia,0.5300,0.5521
caracteres,0.5299,0.5175
contenant,0.5298,0.6161
etoiles,0.5297,0.4002
paradis,0.5297,0.5677
légère,0.5297,0.5789
gion,0.5296,0.5426
demandant,0.5296,0.5230
mini,0.5296,0.4082
avantages,0.5296,0.5032
laif,0.5296,0.4163
généraux,0.5296,0.5184
infailliblement,0.5296,0.3719
atteinte,0.5295,0.2312
criminelles,0.5295,0.5230
superieurs,0.5294,0.4870
rétablie,0.5294,0.4838
pasté,0.5294,0.4587
fables,0.5294,0.5298
uniforme,0.5294,0.3033
toures,0.5293,0.4878
camper,0.5293,0.5419
perfonne,0.5291,0.3546
convienne,0.5291,0.5459
pe,0.5291,0.5535
restoit,0.5291,0.5760
voyages,0.5289,0.4997
abuse,0.5289,0.2901
nef,0.5289,0.5110
fourniture,0.5289,0.3634
s'imaginer,0.5289,0.4826
vertueux,0.5289,0.6035
remue,0.5288,0.5784
trom,0.5288,0.4542
l'avis,0.5287,0.5260
laborieux,0.5286,0.2799
augmenté,0.5286,0.5538
consistent,0.5284,0.5808
tailler,0.5284,0.5634
l'empressement,0.5284,0.4281
d'cn,0.5284,0.4992
niais,0.5284,0.4873
nommer,0.5284,0.4687
contribué,0.5282,0.5456
interprétation,0.5282,0.5364
parent,0.5282,0.5318
audace,0.5282,0.4823
ptolomée,0.5281,0.5293
furieux,0.5281,0.4699
dépit,0.5281,0.4549
scul,0.5280,0.4781
susceptibles,0.5280,0.5860
maigres,0.5279,0.4477
ouvra,0.5279,0.4712
commissions,0.5279,0.4854
ôtez,0.5279,0.5597
chantoit,0.5279,0.5477
hache,0.5278,0.5196
commissaires,0.5278,0.4580
confesseur,0.5277,0.5002
toucher,0.5277,0.5943
bête,0.5277,0.4931
conservent,0.5277,0.5445
susdites,0.5277,0.4500
d'état,0.5276,0.3986
mortel,0.5276,0.5514
unir,0.5276,0.5456
quo,0.5275,0.4371
bénédiction,0.5275,0.5579
superflu,0.5275,0.3624
soigneusement,0.5274,0.4109
vols,0.5274,0.4521
l'appelle,0.5274,0.5327
engagement,0.5273,0.5025
primitive,0.5273,0.3363
petits,0.5273,0.5514
ly,0.5272,0.5478
mariées,0.5272,0.5354
héros,0.5271,0.4497
pareil,0.5271,0.5657
tirez,0.5271,0.5633
j'appelle,0.5271,0.4583
ten,0.5270,0.4213
charge,0.5269,0.5018
inconcevable,0.5268,0.5588
noms,0.5268,0.5532
dcl,0.5268,0.4085
lutte,0.5268,0.4451
invite,0.5268,0.3679
extrémités,0.5267,0.5292
demeurée,0.5267,0.5281
envie,0.5267,0.5478
aucuns,0.5267,0.4862
enceinte,0.5267,0.6012
l'honneur,0.5267,0.5402
ingrat,0.5267,0.5472
tis,0.5266,0.3823
cde,0.5265,0.4376
cultivée,0.5265,0.5573
amène,0.5265,0.3536
office,0.5264,0.5085
édifice,0.5264,0.4263
dialogue,0.5264,0.3561
objections,0.5264,0.4393
pend,0.5264,0.4163
medecin,0.5263,0.4770
célébrer,0.5262,0.4962
différemment,0.5262,0.3946
aunes,0.5261,0.4071
end,0.5261,0.4563
l'execution,0.5261,0.6015
s'appelle,0.5260,0.4878
emi,0.5260,0.5019
tête,0.5260,0.4856
div,0.5260,0.5128
pline,0.5259,0.5118
fl,0.5259,0.4472
joindre,0.5258,0.5234
mesuré,0.5258,0.4527
nomi,0.5258,0.4296
retournez,0.5258,0.5109
réveiller,0.5258,0.3662
d'ai,0.5258,0.5311
vieil,0.5258,0.4983
front,0.5257,0.4900
flatté,0.5257,0.4870
qu'autrefois,0.5256,0.4781
leg,0.5256,0.5388
bulle,0.5256,0.6038
aille,0.5255,0.5808
gardé,0.5255,0.5706
permettant,0.5254,0.4352
canaille,0.5254,0.4372
jacob,0.5254,0.5163
germains,0.5254,0.3766
embrassé,0.5254,0.4557
seine,0.5253,0.3353
lainer,0.5252,0.4468
violent,0.5251,0.4924
expérience,0.5251,0.5050
minime,0.5251,0.4700
duel,0.5251,0.4710
évenemens,0.5251,0.5728
pretend,0.5250,0.4727
gue,0.5250,0.5286
d'examiner,0.5250,0.5071
publication,0.5249,0.4570
l'infante,0.5249,0.6066
irlande,0.5249,0.5728
maritime,0.5249,0.4086
premièrement,0.5249,0.5391
suffiroit,0.5248,0.4054
sns,0.5248,0.5250
luis,0.5248,0.3092
pein,0.5248,0.4954
employées,0.5248,0.5423
ladite,0.5248,0.4426
ronne,0.5248,0.4589
christ,0.5247,0.4606
adieu,0.5247,0.5855
mons,0.5247,0.5490
éclaircir,0.5247,0.5520
fixer,0.5246,0.5279
ouvertures,0.5246,0.4485
bone,0.5246,0.6190
perdoit,0.5245,0.5231
s'amuser,0.5245,0.4204
oint,0.5245,0.4527
honneurs,0.5244,0.4895
informée,0.5244,0.4649
vigoureux,0.5244,0.5448
poing,0.5243,0.5027
clerc,0.5243,0.5169
cy,0.5243,0.3446
dion,0.5243,0.5001
îles,0.5243,0.3731
poursuivre,0.5242,0.5293
d'irlande,0.5241,0.4450
niveau,0.5240,0.4870
transportées,0.5240,0.4961
orateurs,0.5240,0.4023
appliqué,0.5239,0.5053
traiter,0.5239,0.5691
adi,0.5239,0.4976
compas,0.5239,0.4202
vicomte,0.5238,0.4221
lere,0.5238,0.5419
cid,0.5238,0.5917
exempte,0.5237,0.4044
rappel,0.5237,0.6887
aide,0.5237,0.4178
d'espérance,0.5236,0.3499
d'utrecht,0.5235,0.3965
accoutumée,0.5235,0.3328
céleste,0.5235,0.4630
aue,0.5234,0.5695
passeroit,0.5234,0.5425
longe,0.5232,0.4459
dg,0.5232,0.5204
porté,0.5232,0.5479
tranchée,0.5232,0.6385
dupuis,0.5231,0.5824
meilleure,0.5230,0.5339
d'acheter,0.5230,0.5594
dee,0.5229,0.5761
chassé,0.5229,0.5145
mêle,0.5229,0.4796
déclarée,0.5229,0.5285
j'admire,0.5228,0.4012
sort,0.5227,0.4129
rarefié,0.5227,0.2865
carosse,0.5227,0.4291
dure,0.5226,0.4979
originairement,0.5226,0.3816
imprimé,0.5225,0.4649
plans,0.5225,0.3179
employe,0.5225,0.4915
veri,0.5225,0.4940
surnommé,0.5224,0.5093
plai,0.5224,0.4517
théatre,0.5224,0.4041
amateurs,0.5223,0.5825
d'arrêter,0.5222,0.3311
menton,0.5221,0.4835
noirs,0.5220,0.4400
d'épouser,0.5220,0.5190
raisonnement,0.5219,0.4774
bornée,0.5219,0.5857
vivroit,0.5219,0.4589
contr,0.5218,0.4671
domaine,0.5218,0.5472
chevre,0.5218,0.5270
conseils,0.5217,0.5013
censeurs,0.5217,0.4285
vil,0.5217,0.3669
infatigable,0.5217,0.3534
enquêtes,0.5216,0.5040
ca,0.5216,0.4903
gard,0.5215,0.4549
qu'o,0.5215,0.4780
ouvertement,0.5215,0.3115
nommé,0.5214,0.4774
éclairé,0.5214,0.5323
aperçu,0.5214,0.4530
fournie,0.5214,0.5452
richesse,0.5212,0.5193
foixante,0.5212,0.4626
titans,0.5212,0.4898
fortent,0.5212,0.4444
tiré,0.5212,0.4789
univers,0.5212,0.5220
pareilles,0.5212,0.4638
ordinal,0.5212,0.4569
confitures,0.5211,0.3766
dud,0.5211,0.4774
can,0.5211,0.5454
chasser,0.5211,0.5735
riens,0.5210,0.4837
réparation,0.5210,0.6339
s'a,0.5210,0.4914
aine,0.5210,0.4006
ge,0.5209,0.5026
d'en,0.5209,0.5405
circulation,0.5209,0.2926
cle,0.5208,0.5420
papa,0.5208,0.3858
grèce,0.5208,0.2905
d'al,0.5208,0.5198
dront,0.5207,0.4872
lat,0.5207,0.5914
magistrat,0.5207,0.5060
ecu,0.5207,0.3577
veritable,0.5207,0.4656
terrestres,0.5206,0.4146
capitales,0.5206,0.4277
mani,0.5206,0.5499
exactitude,0.5205,0.4765
modeste,0.5205,0.5525
espoir,0.5204,0.4744
cin,0.5204,0.4404
quelque,0.5204,0.4936
pier,0.5204,0.4389
judicieux,0.5203,0.4775
mouvemens,0.5203,0.4998
laboureurs,0.5203,0.3213
écrit,0.5203,0.5030
poire,0.5202,0.5614
edition,0.5202,0.4879
retomber,0.5202,0.4891
sales,0.5202,0.5138
aliénation,0.5201,0.4946
savoie,0.5201,0.4475
patron,0.5201,0.5928
rompus,0.5200,0.3554
lai,0.5198,0.4195
tigres,0.5198,0.4023
pelle,0.5198,0.4521
délai,0.5197,0.4910
pos,0.5197,0.4411
sentinelle,0.5197,0.3838
ordinairement,0.5197,0.4279
ales,0.5196,0.5140
formation,0.5196,0.2918
laville,0.5195,0.4903
lingots,0.5195,0.5001
ordonnance,0.5195,0.3602
réduction,0.5195,0.6250
adjudication,0.5195,0.4621
barbares,0.5194,0.5960
tont,0.5194,0.4963
cenfure,0.5193,0.4165
oter,0.5193,0.5041
recevoir,0.5193,0.5065
considerables,0.5192,0.5122
médailles,0.5192,0.5034
aufli,0.5191,0.4637
section,0.5191,0.4289
obligations,0.5191,0.5636
brillantes,0.5191,0.4490
interne,0.5190,0.5202
mir,0.5190,0.4977
ches,0.5190,0.4432
cote,0.5190,0.3867
converti,0.5189,0.3769
fui,0.5189,0.4652
antiquité,0.5189,0.3084
protestation,0.5189,0.4786
comp,0.5189,0.4030
ébranlé,0.5189,0.3461
pins,0.5188,0.4236
bourdeaux,0.5188,0.4705
fen,0.5188,0.4992
hiver,0.5188,0.4900
renaître,0.5188,0.3096
étonnée,0.5188,0.4680
créa,0.5188,0.4107
deu,0.5187,0.4795
tri,0.5187,0.4997
sea,0.5187,0.5885
pri,0.5187,0.4682
denier,0.5186,0.5238
pontifes,0.5186,0.4337
conception,0.5186,0.4898
portez,0.5186,0.5689
cont,0.5185,0.4758
attachées,0.5185,0.5210
deja,0.5185,0.4638
l'illustre,0.5185,0.3569
imitation,0.5184,0.5521
sommeil,0.5183,0.5226
ecrits,0.5183,0.3344
taillée,0.5183,0.5842
porteur,0.5182,0.4197
figure,0.5182,0.5531
frit,0.5181,0.5906
piquer,0.5181,0.3465
laide,0.5180,0.5250
l'ouvrier,0.5180,0.4054
pourri,0.5179,0.4611
fortes,0.5179,0.3876
conséquent,0.5179,0.4144
provint,0.5178,0.5134
divisé,0.5177,0.5456
marchant,0.5177,0.5369
allumée,0.5176,0.5539
état,0.5176,0.5150
lets,0.5176,0.4696
demie,0.5175,0.4821
pel,0.5175,0.4910
indirectement,0.5174,0.3523
préparer,0.5173,0.5735
indes,0.5173,0.5361
dicu,0.5173,0.5674
ventre,0.5172,0.5228
singulière,0.5172,0.4818
tirées,0.5172,0.5409
durer,0.5172,0.5408
climat,0.5170,0.5452
l'ardeur,0.5170,0.5849
ecrire,0.5169,0.6181
âges,0.5169,0.5105
arrière,0.5169,0.4371
ige,0.5169,0.4457
foa,0.5168,0.4403
l'acheteur,0.5168,0.4253
glorieux,0.5168,0.4682
ost,0.5168,0.6302
mortes,0.5168,0.4248
calme,0.5168,0.4882
pl,0.5168,0.4782
touchés,0.5168,0.3122
continuer,0.5168,0.5216
prophete,0.5167,0.5644
siecle,0.5167,0.5714
diffus,0.5167,0.3519
civilement,0.5165,0.5136
démonstration,0.5165,0.4396
ett,0.5165,0.4321
multis,0.5164,0.2892
mf,0.5164,0.5142
aveuglément,0.5164,0.4083
tentative,0.5164,0.5470
originaire,0.5164,0.3572
mutation,0.5164,0.4390
garnir,0.5164,0.5082
fance,0.5164,0.4093
prétendu,0.5163,0.5557
are,0.5163,0.4883
d'aucuns,0.5163,0.4869
remarquables,0.5162,0.6229
flr,0.5162,0.4506
montfort,0.5162,0.5364
enfoncer,0.5162,0.4963
annoncer,0.5162,0.5640
chaine,0.5162,0.4019
d'autres,0.5161,0.5341
léger,0.5161,0.4991
conscience,0.5161,0.5737
sentit,0.5161,0.5381
hai,0.5160,0.5623
port,0.5160,0.4798
dorante,0.5160,0.4621
contredire,0.5158,0.3436
pompeux,0.5158,0.5279
proposées,0.5158,0.5101
provincial,0.5157,0.4889
longueurs,0.5157,0.3797
croyant,0.5157,0.4570
d'équité,0.5157,0.3514
d'or,0.5157,0.5481
honteuse,0.5156,0.5002
fec,0.5156,0.4453
of,0.5156,0.4497
verres,0.5156,0.5286
suivre,0.5156,0.5636
quanti,0.5155,0.4185
l'acte,0.5155,0.4232
eroit,0.5153,0.4253
couvre,0.5153,0.4942
estimer,0.5153,0.5349
rieux,0.5152,0.5563
carthage,0.5152,0.6360
républiques,0.5152,0.4819
secretes,0.5151,0.3620
gile,0.5151,0.6015
tourment,0.5151,0.4441
epître,0.5151,0.3962
bn,0.5150,0.5150
colbert,0.5150,0.6408
ainli,0.5150,0.3589
appar,0.5149,0.3505
l'orage,0.5148,0.5379
dixmes,0.5148,0.5513
ouvrant,0.5146,0.5169
ibidem,0.5146,0.5601
conserver,0.5145,0.5511
dy,0.5145,0.5416
sm,0.5145,0.3964
présenter,0.5145,0.4476
abus,0.5145,0.4138
valent,0.5145,0.2605
liront,0.5144,0.5241
lois,0.5144,0.5009
rebelle,0.5143,0.5917
changent,0.5143,0.5326
acquérir,0.5143,0.3849
huissier,0.5143,0.2900
testament,0.5142,0.5150
exploits,0.5142,0.5152
moeurs,0.5142,0.5431
arrêtée,0.5141,0.4980
elus,0.5141,0.5170
connu,0.5141,0.4340
héréditaire,0.5141,0.3325
l'excellence,0.5141,0.3433
témoigne,0.5140,0.5446
suéde,0.5140,0.4431
do,0.5140,0.4935
réduites,0.5140,0.2835
guillaume,0.5140,0.4304
pardonner,0.5139,0.5349
d'imprimer,0.5139,0.6016
partent,0.5139,0.4704
verbal,0.5139,0.3920
çe,0.5139,0.5296
which,0.5139,0.3644
decider,0.5138,0.5680
salut,0.5138,0.3162
ordonnent,0.5138,0.3581
critiques,0.5138,0.4029
esclave,0.5138,0.5204
luxembourg,0.5138,0.5122
mne,0.5138,0.4672
l'éternité,0.5137,0.6114
las,0.5136,0.4841
maitres,0.5136,0.3295
aix,0.5136,0.4684
congé,0.5136,0.4885
vendant,0.5135,0.3593
exécuté,0.5135,0.5234
vizirs,0.5135,0.5387
heros,0.5135,0.4289
écouté,0.5135,0.5349
ique,0.5135,0.4388
lames,0.5134,0.4616
contenir,0.5134,0.4840
judée,0.5134,0.4735
ena,0.5134,0.5394
recevra,0.5133,0.4249
louanges,0.5133,0.5150
ià,0.5133,0.5013
prix,0.5132,0.5380
nion,0.5132,0.5258
remarques,0.5132,0.3575
fatale,0.5131,0.4509
sanglante,0.5131,0.4919
gens,0.5130,0.5195
avide,0.5130,0.3368
modes,0.5130,0.3739
accompagnent,0.5129,0.4835
ainsi,0.5129,0.5276
co,0.5127,0.3414
conservez,0.5126,0.5617
join,0.5126,0.4690
exceptions,0.5125,0.3194
anglais,0.5125,0.6647
hr,0.5125,0.3623
posée,0.5125,0.5217
juflice,0.5125,0.3599
confession,0.5125,0.6483
dît,0.5124,0.3780
pauvre,0.5124,0.5494
mas,0.5124,0.5442
borné,0.5124,0.2988
capa,0.5124,0.5061
quelqu,0.5124,0.3806
beaux,0.5123,0.5207
coton,0.5123,0.4905
decrets,0.5123,0.3940
communiquer,0.5122,0.4926
arraché,0.5122,0.4697
blessure,0.5122,0.4726
obligeant,0.5122,0.4434
susdit,0.5121,0.5999
vingts,0.5121,0.4291
découverts,0.5121,0.3471
rome,0.5120,0.5410
dénombrement,0.5120,0.4006
véritable,0.5120,0.5309
directe,0.5120,0.4101
retiennent,0.5120,0.5362
repos,0.5120,0.5326
contravention,0.5120,0.5426
chartres,0.5119,0.5106
dp,0.5119,0.5122
inspiré,0.5119,0.5653
fiere,0.5119,0.4154
barreau,0.5119,0.4351
approuvé,0.5118,0.4325
hu,0.5118,0.4182
brouiller,0.5118,0.4840
éclatante,0.5118,0.5275
hardis,0.5118,0.5250
avancé,0.5118,0.4901
enten,0.5117,0.4627
renfort,0.5117,0.6244
persuada,0.5117,0.4835
ise,0.5117,0.4470
avancer,0.5116,0.5159
faites,0.5116,0.4518
préalable,0.5116,0.2491
c'ei,0.5116,0.4371
l'industrie,0.5115,0.3098
czar,0.5115,0.4801
changée,0.5115,0.5573
calcul,0.5114,0.2740
changemens,0.5114,0.5240
l'éclat,0.5114,0.4745
reçoive,0.5113,0.4775
dif,0.5113,0.4119
couler,0.5113,0.5160
vince,0.5113,0.3804
provient,0.5112,0.5735
craignons,0.5112,0.4722
revenant,0.5111,0.5453
s'élevent,0.5111,0.5005
avoine,0.5111,0.5515
suivoit,0.5111,0.5445
ennemis,0.5111,0.4745
levure,0.5111,0.4374
l'instant,0.5110,0.5152
servius,0.5110,0.5560
service,0.5109,0.4782
royaume,0.5109,0.4977
dimanches,0.5109,0.5717
ora,0.5109,0.4129
l'âme,0.5108,0.5034
fart,0.5108,0.6676
décide,0.5107,0.3183
admirablement,0.5107,0.4105
département,0.5107,0.5155
fourberie,0.5106,0.4052
passez,0.5106,0.5225
plongé,0.5105,0.5215
conventions,0.5105,0.4349
lies,0.5104,0.4871
eternel,0.5104,0.5927
terminer,0.5104,0.5438
aur,0.5104,0.4582
das,0.5103,0.4814
labourage,0.5103,0.3524
qu'ont,0.5103,0.5341
antiques,0.5103,0.5540
coeur,0.5103,0.4994
pourvû,0.5102,0.3781
tuteur,0.5101,0.4567
marée,0.5100,0.6353
plaisir,0.5100,0.5284
orte,0.5100,0.5633
cone,0.5100,0.6442
minutes,0.5100,0.4530
éle,0.5099,0.4937
min,0.5099,0.5574
admettre,0.5098,0.5028
pea,0.5098,0.5114
metz,0.5098,0.5053
ger,0.5098,0.5106
fant,0.5097,0.4402
ges,0.5096,0.4802
devant,0.5095,0.4859
addition,0.5095,0.5740
excessive,0.5095,0.5121
teindre,0.5094,0.3761
entendement,0.5094,0.5778
liste,0.5094,0.3976
suédois,0.5094,0.4832
fieurs,0.5093,0.4989
produire,0.5092,0.5242
chinois,0.5092,0.5057
causa,0.5092,0.5219
pay,0.5091,0.3940
éga,0.5091,0.4893
conspiration,0.5091,0.4334
venir,0.5091,0.4328
romaine,0.5091,0.5640
chandelle,0.5091,0.5726
vigueur,0.5090,0.5540
isa,0.5090,0.4845
bouton,0.5090,0.5426
pli,0.5090,0.4986
fours,0.5090,0.4445
vinées,0.5089,0.3569
imparfait,0.5089,0.4458
releva,0.5089,0.4989
malheur,0.5089,0.4448
tié,0.5089,0.4166
planté,0.5088,0.4831
postérité,0.5088,0.4630
répandent,0.5088,0.4066
navi,0.5088,0.4553
vole,0.5088,0.4560
emprunté,0.5087,0.5194
ordonnant,0.5087,0.3674
émotion,0.5086,0.4819
manuscrits,0.5086,0.4854
remontrances,0.5086,0.5280
guéri,0.5086,0.4828
septentrionale,0.5085,0.5200
aisée,0.5085,0.3994
l'odeur,0.5085,0.5410
lis,0.5085,0.4626
l'amerique,0.5085,0.4697
sachant,0.5084,0.5269
exigent,0.5084,0.2354
emporter,0.5083,0.5480
signifié,0.5083,0.3337
céfar,0.5082,0.4305
ex,0.5082,0.4872
l'exclusion,0.5082,0.3895
salé,0.5082,0.5023
liber,0.5081,0.4702
these,0.5081,0.4139
jouant,0.5081,0.3598
original,0.5080,0.5078
expressément,0.5080,0.4579
ejt,0.5080,0.3790
bagage,0.5080,0.4987
prisonnier,0.5079,0.5282
d'an,0.5079,0.4757
pratiquent,0.5079,0.4773
alexandrie,0.5079,0.3929
prononce,0.5079,0.4984
eme,0.5077,0.4849
portes,0.5076,0.4535
absent,0.5076,0.5687
vaines,0.5076,0.3844
tenus,0.5075,0.4335
prodigue,0.5075,0.3584
profonds,0.5075,0.5197
zélé,0.5074,0.3180
punition,0.5074,0.5346
faction,0.5074,0.4486
passe,0.5074,0.4919
recevez,0.5074,0.5063
turent,0.5074,0.3640
remarque,0.5073,0.4314
mus,0.5073,0.4450
ines,0.5072,0.4884
mazarin,0.5072,0.5327
délibération,0.5072,0.5425
matelot,0.5072,0.5200
perse,0.5072,0.3396
d'élever,0.5072,0.3526
l'éloquence,0.5072,0.2956
distance,0.5071,0.5333
ft,0.5071,0.4422
gabriel,0.5070,0.5243
dani,0.5069,0.4852
témoignage,0.5069,0.5110
l'oraison,0.5069,0.5385
éclats,0.5069,0.4935
potes,0.5069,0.2926
consideré,0.5069,0.4172
fidele,0.5067,0.4869
brûlé,0.5067,0.4945
poignée,0.5067,0.4526
regis,0.5067,0.4034
semblant,0.5067,0.5676
malo,0.5066,0.4942
éloignée,0.5066,0.5071
martial,0.5066,0.4601
boiteux,0.5065,0.5086
prétendit,0.5065,0.4850
lancer,0.5064,0.5851
bouclier,0.5064,0.4650
provenant,0.5064,0.4804
ieurs,0.5064,0.4054
cha,0.5063,0.4755
perd,0.5063,0.4908
rient,0.5063,0.5373
méchante,0.5063,0.4917
merite,0.5062,0.3443
encor,0.5062,0.6218
vile,0.5062,0.3671
librement,0.5061,0.3567
proches,0.5061,0.5425
pairie,0.5061,0.4736
fées,0.5060,0.4928
rout,0.5060,0.4172
tat,0.5060,0.4504
mandement,0.5060,0.3253
égal,0.5059,0.5183
ient,0.5059,0.3790
cassé,0.5059,0.4597
causée,0.5058,0.4343
tot,0.5058,0.4014
poules,0.5057,0.4694
deniers,0.5057,0.4816
aurre,0.5056,0.4384
por,0.5055,0.4778
n'appartient,0.5055,0.5683
l'agriculture,0.5055,0.3346
abondantes,0.5055,0.4422
physique,0.5054,0.3183
prédit,0.5054,0.5387
resulte,0.5054,0.3952
synode,0.5054,0.4316
ardens,0.5054,0.3880
imaginaire,0.5054,0.4431
incompatibles,0.5054,0.4833
monnoye,0.5053,0.6596
reines,0.5053,0.4236
mat,0.5052,0.5146
pret,0.5052,0.7319
abondant,0.5052,0.4372
favorable,0.5052,0.5585
usent,0.5052,0.4837
résulte,0.5051,0.3899
numero,0.5051,0.4328
brutal,0.5051,0.5090
poussiere,0.5051,0.4955
gregoire,0.5051,0.4730
signification,0.5050,0.4143
lous,0.5050,0.4369
entrez,0.5049,0.5044
mor,0.5049,0.5171
l'ennemi,0.5049,0.4699
écoit,0.5048,0.4313
discours,0.5048,0.5486
leveur,0.5048,0.4135
metre,0.5048,0.5772
paroitra,0.5047,0.4287
france,0.5047,0.4313
l'académie,0.5047,0.3523
pete,0.5047,0.4622
vertus,0.5047,0.4865
expédier,0.5046,0.4912
parfaits,0.5045,0.5321
n'entre,0.5045,0.5057
espagnol,0.5044,0.3695
rachat,0.5044,0.6398
d'attention,0.5044,0.4553
double,0.5044,0.3316
fâcheux,0.5043,0.5402
renferment,0.5043,0.4359
banquier,0.5042,0.4521
introduire,0.5042,0.5116
s'oppose,0.5041,0.2964
pipe,0.5040,0.6230
lk,0.5040,0.4571
liaisons,0.5040,0.4620
répon,0.5039,0.3773
collége,0.5039,0.4210
rapports,0.5039,0.5919
multipliant,0.5038,0.5836
donr,0.5038,0.4318
représentation,0.5038,0.3436
billets,0.5037,0.4783
satire,0.5037,0.4123
comprise,0.5036,0.5372
différente,0.5036,0.5240
suisses,0.5036,0.4116
sagesse,0.5036,0.4674
courtiers,0.5036,0.5113
raport,0.5036,0.3787
l'oisiveté,0.5035,0.3817
vifible,0.5035,0.3974
accompagner,0.5035,0.5128
manquoit,0.5034,0.5122
décharger,0.5034,0.4278
aions,0.5034,0.4734
enferme,0.5034,0.3797
noeuds,0.5034,0.5417
mane,0.5034,0.4864
plis,0.5034,0.3973
d'amour,0.5034,0.4821
affligée,0.5033,0.5695
jui,0.5033,0.5135
jets,0.5033,0.3946
acclamations,0.5032,0.5131
exprime,0.5032,0.5254
mettront,0.5032,0.2514
ardeur,0.5031,0.4737
ées,0.5031,0.3912
réelle,0.5031,0.2923
etrangeres,0.5031,0.4289
quoque,0.5030,0.3710
payeroit,0.5030,0.5633
mence,0.5030,0.3866
signes,0.5030,0.3266
lem,0.5030,0.5240
surprendre,0.5029,0.5303
auditeurs,0.5028,0.5503
entendu,0.5028,0.4717
montrant,0.5028,0.5856
fla,0.5028,0.5564
interêt,0.5028,0.4916
ignoré,0.5028,0.5176
lau,0.5028,0.5500
gardez,0.5028,0.4996
réunion,0.5027,0.2875
l'agitation,0.5027,0.3113
registre,0.5027,0.4800
repond,0.5027,0.5564
montagne,0.5026,0.3693
rivaux,0.5026,0.4376
filr,0.5026,0.4149
partisans,0.5026,0.4626
cell,0.5026,0.5752
s'élève,0.5024,0.5159
rare,0.5024,0.5413
fâcher,0.5024,0.5614
fournies,0.5023,0.4775
l'imitation,0.5023,0.4127
procuré,0.5023,0.4154
vogue,0.5023,0.4085
fonds,0.5023,0.4694
superieure,0.5023,0.4174
dehors,0.5022,0.5299
apperçu,0.5022,0.3898
emporta,0.5022,0.5401
brabant,0.5022,0.5230
traduction,0.5021,0.4037
sainte,0.5021,0.6116
rus,0.5021,0.4751
cathédrale,0.5020,0.4520
l'aurore,0.5020,0.5817
dudir,0.5020,0.3733
bontés,0.5019,0.4806
foudre,0.5019,0.4717
informer,0.5019,0.5344
morceaux,0.5019,0.5336
coquin,0.5019,0.4438
cantons,0.5019,0.2661
regnes,0.5018,0.4702
dose,0.5018,0.5528
tâchent,0.5018,0.4661
fot,0.5018,0.4352
garnies,0.5018,0.4956
see,0.5018,0.4403
rez,0.5017,0.3572
fra,0.5017,0.4600
refroidir,0.5017,0.4726
cuite,0.5017,0.3134
cel,0.5017,0.4140
discuter,0.5017,0.4034
sia,0.5017,0.4394
félon,0.5017,0.3732
boit,0.5017,0.4793
compliment,0.5017,0.4026
logemens,0.5016,0.3604
tirant,0.5016,0.5647
gracieux,0.5016,0.4972
prononça,0.5016,0.4307
toui,0.5016,0.5263
make,0.5015,0.3956
condamner,0.5015,0.4909
patiemment,0.5015,0.4531
orne,0.5015,0.3999
cham,0.5014,0.4573
trre,0.5014,0.4282
commercy,0.5014,0.4969
dd,0.5014,0.5156
créateur,0.5014,0.5307
comptent,0.5014,0.5272
s'éloigner,0.5013,0.3289
sacrifié,0.5012,0.4799
l'évidence,0.5012,0.3965
pression,0.5012,0.3926
infinie,0.5012,0.4929
certificats,0.5011,0.4685
d'entrer,0.5011,0.4865
portées,0.5011,0.5621
diriger,0.5010,0.3011
effroi,0.5010,0.4776
entretenir,0.5010,0.5023
combattre,0.5009,0.4700
revivre,0.5009,0.4909
samuel,0.5009,0.5084
renvoyer,0.5009,0.4622
guerrier,0.5009,0.5347
moyens,0.5008,0.5138
produits,0.5008,0.3285
abîme,0.5008,0.5031
appartenir,0.5008,0.5200
méprisé,0.5007,0.3691
terme,0.5007,0.2765
néant,0.5007,0.3013
venire,0.5007,0.4053
af,0.5006,0.5353
éprouver,0.5006,0.4965
sanglant,0.5006,0.5367
mission,0.5006,0.3736
révolutions,0.5006,0.2367
d'écrire,0.5005,0.5198
employé,0.5005,0.5091
figuré,0.5004,0.4297
ves,0.5004,0.5427
ét,0.5003,0.3879
limon,0.5003,0.3089
chaleurs,0.5002,0.4504
profité,0.5002,0.5224
post,0.5002,0.3658
courent,0.5002,0.4913
aion,0.5001,0.4974
qni,0.5001,0.4796
hazarder,0.5001,0.4110
xv,0.5000,0.3903
ecs,0.5000,0.4484
réflexion,0.5000,0.4100
cefar,0.5000,0.5566
cus,0.5000,0.4631
volume,0.4999,0.5529
indépendant,0.4999,0.3666
basse,0.4999,0.5879
engagée,0.4999,0.3155
plut,0.4998,0.4958
avances,0.4998,0.4749
séparée,0.4998,0.5637
q'il,0.4998,0.4392
george,0.4998,0.5562
pierrot,0.4998,0.4655
claires,0.4997,0.4863
maintenant,0.4997,0.6126
oy,0.4996,0.4284
py,0.4996,0.5297
relevée,0.4996,0.3925
accusé,0.4996,0.4685
etat,0.4996,0.4985
constantinople,0.4995,0.3996
révolution,0.4994,0.2673
négoce,0.4993,0.4298
valut,0.4993,0.3353
raisonnemens,0.4993,0.4574
parles,0.4992,0.3406
l'empereur,0.4992,0.5246
recettes,0.4992,0.4865
fée,0.4992,0.5301
mre,0.4992,0.5765
trompeurs,0.4991,0.3618
martyre,0.4991,0.5645
profanes,0.4991,0.5981
caux,0.4991,0.4691
grecques,0.4990,0.3580
faires,0.4990,0.4534
quatrieme,0.4989,0.4871
croyons,0.4989,0.5064
domo,0.4988,0.2804
due,0.4988,0.3693
risques,0.4987,0.4083
renonciation,0.4987,0.4888
acres,0.4987,0.4518
perfe,0.4987,0.4439
personnages,0.4987,0.5499
mile,0.4986,0.5402
pains,0.4986,0.5539
qai,0.4985,0.4898
suspendre,0.4984,0.3646
magno,0.4984,0.2581
deur,0.4984,0.4965
d'instruire,0.4984,0.3848
recoit,0.4984,0.4396
s'appelloit,0.4983,0.4339
fale,0.4983,0.4754
tacite,0.4983,0.3992
délices,0.4983,0.5203
ph,0.4983,0.4601
no,0.4983,0.4087
gardoit,0.4983,0.4992
étoi,0.4982,0.4584
information,0.4982,0.3610
scl,0.4981,0.4559
aile,0.4981,0.4422
exigé,0.4981,0.4994
audessus,0.4979,0.4048
maltraité,0.4979,0.5310
permises,0.4979,0.3494
vcrs,0.4979,0.4825
senat,0.4978,0.4627
hérétiques,0.4978,0.4278
travailler,0.4978,0.5055
jaques,0.4977,0.5598
heure,0.4977,0.4754
suivons,0.4977,0.5584
jon,0.4976,0.4783
juil,0.4976,0.4539
trinité,0.4976,0.5186
flammes,0.4976,0.4756
lons,0.4975,0.4522
peur,0.4975,0.4697
cruels,0.4975,0.4452
remis,0.4974,0.5276
discerner,0.4974,0.4971
tiendroit,0.4974,0.3514
nuées,0.4974,0.5436
tantôt,0.4973,0.4898
immense,0.4972,0.2601
chirurgien,0.4972,0.4408
révérence,0.4971,0.5389
droits,0.4971,0.4840
entreprit,0.4971,0.4978
compagnon,0.4971,0.5593
délicates,0.4970,0.4884
contra,0.4970,0.4256
partages,0.4970,0.5878
iou,0.4970,0.4393
d'eglise,0.4970,0.3797
million,0.4969,0.5137
use,0.4969,0.3126
achever,0.4968,0.5782
justifié,0.4968,0.4405
d'i,0.4968,0.4787
notoire,0.4968,0.3442
accommodement,0.4967,0.5440
l'age,0.4967,0.4916
l'offre,0.4967,0.3648
s'établir,0.4966,0.5063
chargés,0.4966,0.2578
ier,0.4965,0.3922
campagnes,0.4965,0.4732
formule,0.4964,0.5640
berry,0.4964,0.4855
l'au,0.4964,0.3362
coa,0.4963,0.4822
peste,0.4962,0.2947
vilain,0.4962,0.4477
s'et,0.4962,0.4462
gueur,0.4961,0.4572
c'étoit,0.4961,0.5196
courir,0.4961,0.4839
jeune,0.4961,0.4744
mées,0.4960,0.4404
vigne,0.4959,0.4627
frontière,0.4959,0.6477
s'i,0.4959,0.4921
oii,0.4959,0.4027
couvrent,0.4959,0.5084
d'ar,0.4958,0.4668
contents,0.4958,0.3760
vision,0.4958,0.4231
d'elles,0.4957,0.4739
sentiment,0.4957,0.4950
dar,0.4957,0.5171
examiner,0.4956,0.4654
demi,0.4956,0.4098
parût,0.4956,0.4620
couvrant,0.4956,0.4784
filet,0.4955,0.5313
rde,0.4955,0.4410
espéces,0.4955,0.3889
inhumaine,0.4955,0.3470
lecteurs,0.4954,0.4728
epi,0.4954,0.4875
parade,0.4954,0.3975
ries,0.4952,0.4626
impunément,0.4952,0.3497
annoncé,0.4951,0.4876
ticle,0.4951,0.4516
promptitude,0.4951,0.4127
miers,0.4951,0.4679
dele,0.4951,0.5728
toison,0.4951,0.3899
grains,0.4950,0.5128
tranquilles,0.4950,0.2890
lazare,0.4950,0.4512
loges,0.4950,0.3635
renvoi,0.4950,0.4474
exposer,0.4950,0.6022
séparés,0.4949,0.3357
palmes,0.4949,0.3620
instances,0.4949,0.4583
d'un,0.4949,0.5299
donnés,0.4949,0.4761
affe,0.4949,0.4544
géneral,0.4949,0.4417
aa,0.4949,0.4099
ajouté,0.4948,0.4762
circonstances,0.4948,0.5204
fauxbourg,0.4948,0.3326
jardinier,0.4948,0.5097
hait,0.4948,0.5307
vaillance,0.4947,0.4193
canne,0.4947,0.3725
miles,0.4946,0.5191
proscrit,0.4946,0.4298
sacre,0.4946,0.3758
andré,0.4945,0.4272
malins,0.4945,0.4581
accueil,0.4944,0.5066
experience,0.4944,0.4245
légitimement,0.4944,0.3401
débauché,0.4944,0.5133
spectateur,0.4944,0.3980
laiss,0.4944,0.4525
licence,0.4944,0.3227
armes,0.4944,0.5576
musiciens,0.4944,0.4711
cherchez,0.4943,0.5088
déposition,0.4943,0.3412
recevoit,0.4943,0.4250
remuant,0.4943,0.3468
ere,0.4942,0.4555
pendre,0.4942,0.4557
banc,0.4942,0.5445
cb,0.4942,0.3972
comptables,0.4941,0.5169
proposer,0.4941,0.4514
florins,0.4940,0.3497
quarte,0.4940,0.5540
volontairement,0.4940,0.3802
avaler,0.4940,0.5325
tandis,0.4940,0.5419
obstacle,0.4939,0.4936
ourles,0.4939,0.4035
dominer,0.4939,0.3134
consequences,0.4938,0.4668
proprietaires,0.4938,0.5563
pareille,0.4938,0.4997
partie,0.4937,0.4667
remettant,0.4937,0.4708
villars,0.4936,0.5056
agneau,0.4936,0.5528
fua,0.4936,0.3221
traita,0.4935,0.4742
line,0.4935,0.5691
d'efpagne,0.4934,0.4871
lisent,0.4934,0.4745
jus,0.4933,0.3285
rennes,0.4933,0.5991
mali,0.4933,0.4120
aver,0.4932,0.5830
poisson,0.4932,0.5424
res,0.4932,0.4187
entroit,0.4931,0.4700
sable,0.4931,0.3712
ede,0.4931,0.5016
copy,0.4931,0.3762
obscur,0.4930,0.3335
hollandais,0.4930,0.5528
riez,0.4930,0.4702
qu'autant,0.4930,0.4303
garda,0.4930,0.4740
vai,0.4930,0.3581
qu'y,0.4930,0.3686
audience,0.4929,0.4604
pardessus,0.4929,0.4765
suivit,0.4929,0.5234
agrément,0.4928,0.4746
consentement,0.4928,0.4864
qu'i,0.4928,0.5317
fabriques,0.4927,0.4791
pompes,0.4927,0.4176
erl,0.4927,0.5047
motte,0.4927,0.4925
tort,0.4927,0.5076
parcourir,0.4926,0.2927
bataille,0.4926,0.4942
aire,0.4926,0.4586
travaille,0.4925,0.5150
comté,0.4925,0.3989
nis,0.4925,0.4004
pêcheurs,0.4925,0.4835
geneve,0.4925,0.6038
vuides,0.4924,0.3295
avant,0.4924,0.5139
bou,0.4923,0.4949
ote,0.4923,0.5032
tranche,0.4923,0.4962
laissés,0.4923,0.3742
c'était,0.4922,0.4284
d'auguste,0.4922,0.4566
remarqua,0.4922,0.5390
promettre,0.4922,0.4930
acceptée,0.4922,0.4830
auxquels,0.4922,0.4070
vier,0.4921,0.5028
qu'au,0.4921,0.5109
redire,0.4920,0.3640
placez,0.4920,0.5483
contribution,0.4920,0.3208
maux,0.4920,0.4772
étrange,0.4919,0.4893
recit,0.4919,0.6016
l'argent,0.4919,0.4592
rappeler,0.4919,0.3730
embarquer,0.4919,0.5448
most,0.4919,0.5042
épris,0.4919,0.5103
difficilement,0.4918,0.5003
destine,0.4918,0.4897
l'aller,0.4918,0.4883
refaits,0.4918,0.4495
besoins,0.4918,0.5323
parure,0.4918,0.5240
voisins,0.4918,0.5291
excepter,0.4918,0.5865
ats,0.4918,0.4054
tde,0.4917,0.4049
occasions,0.4917,0.4819
trêve,0.4917,0.5527
rate,0.4916,0.5866
contributions,0.4916,0.3953
désordre,0.4915,0.4440
hem,0.4915,0.4761
maire,0.4914,0.4846
éviter,0.4914,0.4798
out,0.4914,0.4900
gentil,0.4914,0.5418
clos,0.4914,0.4762
d'oublier,0.4914,0.4889
comptoir,0.4913,0.4337
abandonnez,0.4913,0.6206
bienfait,0.4913,0.3250
tail,0.4912,0.5492
qus,0.4912,0.5037
more,0.4912,0.5245
voyes,0.4912,0.2945
présent,0.4911,0.4935
ive,0.4911,0.5324
insensibles,0.4911,0.3498
comprens,0.4911,0.2925
compte,0.4911,0.5654
comprises,0.4910,0.5198
d'orleans,0.4910,0.5198
proprio,0.4910,0.4639
supérieurs,0.4910,0.3210
inconveniens,0.4909,0.5045
tourmente,0.4909,0.3352
prou,0.4908,0.4483
jourd'hui,0.4907,0.2597
bade,0.4907,0.4711
course,0.4907,0.5256
grave,0.4907,0.3620
presenter,0.4907,0.4366
ien,0.4907,0.4082
momus,0.4907,0.5007
lû,0.4907,0.2694
plin,0.4906,0.4436
cave,0.4906,0.5445
solde,0.4906,0.3466
s'instruire,0.4905,0.3133
arrache,0.4904,0.5508
mauvais,0.4904,0.5045
acquitter,0.4904,0.5020
chaleur,0.4904,0.4974
pardonnez,0.4903,0.4201
clef,0.4903,0.5354
saxe,0.4903,0.4174
affoiblir,0.4902,0.3564
moilon,0.4902,0.4483
frivole,0.4902,0.3265
ordonnoit,0.4902,0.4470
madrid,0.4901,0.5558
d'acier,0.4901,0.5646
contestations,0.4900,0.5229
l'absence,0.4900,0.3457
agreable,0.4900,0.4193
flûte,0.4900,0.4146
soulage,0.4900,0.4316
suppléer,0.4899,0.4819
vente,0.4899,0.5133
négocier,0.4899,0.3086
préjugé,0.4898,0.2812
spirituelle,0.4898,0.4798
arpens,0.4898,0.5338
pardonne,0.4898,0.4967
pensions,0.4897,0.4490
bes,0.4897,0.4716
favorite,0.4896,0.4774
humain,0.4896,0.3959
certe,0.4896,0.3467
calais,0.4896,0.4431
chant,0.4895,0.3725
certificat,0.4895,0.4823
entrent,0.4894,0.4786
tées,0.4894,0.3476
prudens,0.4894,0.4076
jusqu'au,0.4894,0.5358
mée,0.4894,0.4554
d'alexandrie,0.4893,0.3989
marne,0.4893,0.3980
humeur,0.4893,0.4651
scie,0.4893,0.4604
libertins,0.4892,0.3732
marin,0.4892,0.4862
production,0.4892,0.3061
l'ancienne,0.4892,0.4669
tenez,0.4892,0.4813
plaisant,0.4891,0.5033
normand,0.4891,0.5080
politiques,0.4890,0.2865
ice,0.4890,0.3670
mcr,0.4890,0.4060
profane,0.4890,0.4475
j'estime,0.4889,0.4847
cirque,0.4889,0.3253
conc,0.4889,0.4700
rôles,0.4889,0.3762
retrouve,0.4888,0.2456
dangers,0.4888,0.5415
quoiqu,0.4888,0.3446
fracas,0.4888,0.4349
tâché,0.4888,0.4510
langue,0.4888,0.4607
criminel,0.4888,0.5352
singe,0.4887,0.4102
fx,0.4887,0.4532
lenteur,0.4887,0.2898
jettoit,0.4886,0.3618
souhaite,0.4886,0.4303
profitant,0.4886,0.4187
deviné,0.4886,0.5160
parente,0.4886,0.4625
utilité,0.4885,0.5159
lignifie,0.4885,0.3664
contrôle,0.4885,0.3771
done,0.4884,0.5691
liées,0.4884,0.4504
daus,0.4884,0.5568
icelui,0.4883,0.4053
dangereuses,0.4883,0.4553
mysteres,0.4883,0.5101
l'abandonner,0.4882,0.3971
courante,0.4882,0.4460
accompagne,0.4882,0.3888
transporte,0.4882,0.4995
protester,0.4882,0.3873
eloge,0.4881,0.3924
rations,0.4881,0.3895
cceur,0.4880,0.4357
faste,0.4880,0.3437
glaces,0.4879,0.4085
abondance,0.4879,0.4639
grange,0.4879,0.3970
chri,0.4879,0.4462
logé,0.4878,0.5011
anciens,0.4878,0.4629
rupture,0.4878,0.5620
ouvert,0.4878,0.4263
dictateur,0.4878,0.3962
clarté,0.4877,0.5288
talon,0.4877,0.4084
bijoux,0.4877,0.3382
al,0.4877,0.4356
ber,0.4876,0.5125
chr,0.4876,0.4326
sieges,0.4876,0.3858
volé,0.4875,0.4653
ag,0.4875,0.4078
cotes,0.4874,0.4494
impressions,0.4874,0.5250
défendre,0.4874,0.4957
former,0.4874,0.5099
obligation,0.4874,0.5407
quon,0.4874,0.4489
termes,0.4874,0.4477
l'inventaire,0.4873,0.5170
l'italie,0.4873,0.3882
blan,0.4873,0.4323
tonnerre,0.4872,0.4634
files,0.4872,0.5474
perc,0.4871,0.4242
vivons,0.4871,0.4256
recueil,0.4871,0.4943
déclarations,0.4870,0.4123
turc,0.4869,0.4644
frt,0.4869,0.4945
xxxiv,0.4869,0.4646
ain,0.4869,0.4320
d'apporter,0.4869,0.3781
ze,0.4869,0.4245
note,0.4869,0.4000
gland,0.4868,0.4058
jetté,0.4868,0.4298
cyrus,0.4868,0.4362
n'en,0.4868,0.4447
formé,0.4868,0.5416
autour,0.4868,0.4790
pose,0.4867,0.2944
fontainebleau,0.4867,0.4229
ij,0.4867,0.3948
sil,0.4867,0.4810
apportées,0.4866,0.4595
existe,0.4866,0.2549
appuyé,0.4866,0.4549
contradictions,0.4866,0.3198
confia,0.4866,0.5375
parthes,0.4866,0.4642
chacune,0.4865,0.4648
laurier,0.4865,0.3388
amené,0.4865,0.3594
triste,0.4865,0.4615
l'asie,0.4864,0.4807
fondées,0.4864,0.4832
gne,0.4864,0.4750
celi,0.4864,0.5509
sacrée,0.4863,0.3338
maires,0.4863,0.4775
eis,0.4863,0.4275
laboureur,0.4863,0.5772
boulanger,0.4863,0.4460
forêts,0.4862,0.5220
ees,0.4862,0.5423
clôture,0.4862,0.4235
précede,0.4862,0.4341
d'alexandre,0.4862,0.5093
l'envoyer,0.4861,0.4479
devine,0.4861,0.4000
cardinaux,0.4861,0.4274
élire,0.4861,0.5085
créer,0.4860,0.3381
ba,0.4860,0.4854
tenté,0.4860,0.4852
mar,0.4860,0.4982
directeur,0.4858,0.4302
chauve,0.4857,0.4739
clair,0.4857,0.4668
obéissance,0.4857,0.2489
l'obligea,0.4857,0.4156
risquer,0.4857,0.4173
sergent,0.4856,0.3217
saie,0.4856,0.6140
écorce,0.4855,0.4361
fervant,0.4855,0.3969
iere,0.4854,0.4451
ministre,0.4854,0.4672
pressé,0.4854,0.5024
fu,0.4854,0.4806
gibier,0.4853,0.4534
serments,0.4852,0.4804
ect,0.4852,0.3978
formidable,0.4852,0.5891
sagement,0.4851,0.3601
imagine,0.4851,0.3526
xlii,0.4851,0.4893
corinthe,0.4850,0.4181
prote,0.4850,0.4181
lare,0.4849,0.5926
crit,0.4848,0.4079
cession,0.4848,0.4573
équivoques,0.4848,0.3569
bonnes,0.4848,0.4839
nn,0.4847,0.4405
l'attention,0.4847,0.2551
dattes,0.4847,0.4618
brune,0.4846,0.4058
contredit,0.4846,0.4135
ruines,0.4846,0.5305
gages,0.4846,0.4594
espere,0.4846,0.4851
l'article,0.4846,0.3963
prétendus,0.4846,0.3231
dépositaire,0.4845,0.3793
har,0.4845,0.6000
admirer,0.4845,0.4694
aul,0.4844,0.5443
danois,0.4843,0.4983
oin,0.4842,0.4181
deman,0.4842,0.4058
cat,0.4842,0.5609
retirez,0.4842,0.5161
actes,0.4842,0.6675
parcequ'il,0.4842,0.4389
religions,0.4841,0.4577
perfonnes,0.4841,0.3402
parfaite,0.4841,0.4662
perdrix,0.4840,0.4769
monceaux,0.4840,0.3473
lampe,0.4840,0.5261
réglement,0.4840,0.3837
tuer,0.4840,0.4364
fair,0.4840,0.3701
colonnes,0.4839,0.4852
pousser,0.4839,0.4761
osa,0.4839,0.3435
joueurs,0.4838,0.4084
soupçonner,0.4838,0.4526
pourquoi,0.4838,0.4278
fre,0.4837,0.4541
nir,0.4837,0.4063
noces,0.4837,0.5466
bassesse,0.4837,0.2538
rous,0.4837,0.4025
négligence,0.4836,0.5039
valère,0.4836,0.3859
étonne,0.4836,0.3315
décrets,0.4835,0.4575
mahomet,0.4835,0.4862
redoutable,0.4835,0.5096
question,0.4835,0.4217
employer,0.4834,0.4476
ime,0.4834,0.4557
vainqueur,0.4834,0.4397
charitable,0.4834,0.4134
criminels,0.4834,0.5272
ornement,0.4833,0.4681
ferdinand,0.4833,0.4641
fréquentes,0.4833,0.6070
s'offre,0.4833,0.3905
prêts,0.4832,0.5042
xlviii,0.4832,0.4596
telles,0.4832,0.4993
beaumont,0.4832,0.4179
tonnes,0.4832,0.3980
succedent,0.4831,0.3845
act,0.4830,0.5082
imite,0.4830,0.3583
polies,0.4830,0.4392
renvoyé,0.4830,0.4377
peti,0.4829,0.4838
l'amiral,0.4829,0.5613
fire,0.4829,0.4981
user,0.4828,0.4702
fabrique,0.4828,0.6057
tem,0.4828,0.4361
connut,0.4828,0.4319
his,0.4827,0.5016
tendent,0.4826,0.5140
opposer,0.4826,0.4846
folles,0.4826,0.3996
déluge,0.4825,0.3116
propose,0.4825,0.4853
peinte,0.4825,0.4582
qu'aucun,0.4825,0.4974
cures,0.4825,0.4500
défenses,0.4825,0.6794
taches,0.4825,0.4221
rou,0.4825,0.4300
ployer,0.4825,0.5261
cuivre,0.4824,0.3685
scire,0.4824,0.2788
aye,0.4824,0.3950
blesse,0.4824,0.4069
étrangere,0.4824,0.2951
cria,0.4824,0.4856
papiers,0.4824,0.4643
écrire,0.4824,0.3966
railleries,0.4823,0.2714
attendu,0.4823,0.5127
accès,0.4823,0.3098
accoutumés,0.4823,0.2965
lorsqu'ils,0.4823,0.4949
cen,0.4823,0.4726
rencontre,0.4822,0.5188
pension,0.4822,0.4499
noël,0.4822,0.4813
quan,0.4821,0.4882
l'exécution,0.4821,0.5382
maximes,0.4821,0.4238
langage,0.4820,0.5020
prêtes,0.4820,0.4696
ran,0.4820,0.4718
s'adressant,0.4820,0.5488
emporté,0.4820,0.4889
explication,0.4819,0.5107
d'amitié,0.4819,0.4498
d'argent,0.4818,0.4885
glorieuse,0.4818,0.5423
dtu,0.4818,0.4077
citoyens,0.4818,0.5366
jugez,0.4818,0.5573
infâme,0.4818,0.5480
proportions,0.4817,0.4675
volent,0.4817,0.4705
extravagant,0.4817,0.4015
s'accorder,0.4817,0.4623
serein,0.4816,0.3620
félicité,0.4816,0.4464
linge,0.4816,0.5007
rendait,0.4816,0.4788
lille,0.4815,0.4526
privées,0.4815,0.4057
autoriser,0.4815,0.5376
ben,0.4815,0.4913
be,0.4814,0.4264
nai,0.4814,0.4349
àa,0.4814,0.4724
précaution,0.4813,0.4105
bin,0.4813,0.4871
précédentes,0.4813,0.4748
causé,0.4812,0.4514
coupent,0.4812,0.4247
sois,0.4812,0.4885
ennemi,0.4812,0.5732
modérer,0.4812,0.3497
doigt,0.4811,0.4720
l'antiquité,0.4811,0.5040
l'empire,0.4811,0.4571
signi,0.4811,0.4602
ter,0.4810,0.4164
demeurera,0.4810,0.5011
d'autant,0.4809,0.5002
dressé,0.4809,0.5151
fiant,0.4809,0.4229
manquez,0.4809,0.4731
cre,0.4809,0.4471
sonne,0.4809,0.4338
eo,0.4809,0.4437
relâcher,0.4809,0.3444
servante,0.4809,0.4337
houmme,0.4809,0.3667
lee,0.4808,0.5257
deuxieme,0.4807,0.4057
destins,0.4807,0.4169
arrets,0.4807,0.4451
fj,0.4806,0.3611
successeur,0.4806,0.4301
thrace,0.4806,0.2994
nies,0.4805,0.4539
mi,0.4805,0.4341
germain,0.4805,0.4540
suivantes,0.4804,0.5265
d'exposer,0.4804,0.3402
évident,0.4804,0.4119
infinité,0.4803,0.4855
dies,0.4803,0.4397
expliquée,0.4803,0.4289
d'une,0.4803,0.4757
europe,0.4802,0.4397
vives,0.4802,0.5008
carriere,0.4802,0.3360
tâcher,0.4801,0.4631
requises,0.4801,0.4987
pressa,0.4801,0.4143
lus,0.4801,0.3865
mala,0.4801,0.4069
voisine,0.4801,0.4960
effectivement,0.4801,0.4592
bourg,0.4800,0.5034
décider,0.4800,0.3880
pur,0.4799,0.3690
l'hôpital,0.4799,0.3995
soustraire,0.4798,0.2521
bernard,0.4798,0.4978
ho,0.4798,0.5940
commentaires,0.4797,0.4214
protéger,0.4797,0.3332
bleds,0.4797,0.3868
comn,0.4797,0.3376
l'artillerie,0.4797,0.4869
agréables,0.4796,0.5040
lite,0.4796,0.5450
travaillant,0.4796,0.4133
coûtent,0.4795,0.4926
imaginé,0.4795,0.4740
trouvées,0.4795,0.5048
duit,0.4795,0.3778
déroute,0.4795,0.4884
epitre,0.4795,0.3665
étant,0.4794,0.4219
paroît,0.4794,0.4567
guinée,0.4794,0.4048
systême,0.4793,0.2833
effrayé,0.4793,0.4831
erreurs,0.4793,0.4494
posé,0.4793,0.2980
published,0.4793,0.3351
revers,0.4793,0.3937
jf,0.4792,0.3948
riches,0.4792,0.4625
num,0.4791,0.3709
arriver,0.4791,0.4782
valu,0.4791,0.5189
dignes,0.4790,0.4506
méchant,0.4790,0.4462
ete,0.4790,0.4093
cabinet,0.4790,0.3958
caligula,0.4789,0.4385
acteurs,0.4789,0.4374
ios,0.4789,0.3958
arrêt,0.4789,0.3712
mail,0.4789,0.5523
xlix,0.4788,0.5227
jonc,0.4788,0.3757
ecclésiastiques,0.4788,0.4702
expédition,0.4788,0.4488
ieur,0.4787,0.4474
hauteurs,0.4787,0.3020
mel,0.4787,0.5952
liqueurs,0.4787,0.4827
fau,0.4787,0.3822
défiance,0.4787,0.2932
fidelité,0.4786,0.3831
s'embarquer,0.4786,0.4566
ern,0.4786,0.5067
plaisante,0.4786,0.4481
préparé,0.4785,0.4813
justifier,0.4785,0.4754
ciel,0.4784,0.4227
naples,0.4784,0.4670
formellement,0.4784,0.3670
mariage,0.4784,0.4626
prov,0.4784,0.5697
plût,0.4783,0.4490
préteur,0.4783,0.4354
succession,0.4782,0.5282
lignes,0.4782,0.4579
droiture,0.4782,0.3115
declaration,0.4782,0.3882
charges,0.4782,0.4573
pese,0.4781,0.3574
oreilles,0.4781,0.4979
travailloient,0.4781,0.4426
ncs,0.4781,0.4033
d'exemple,0.4781,0.3558
cordages,0.4779,0.4149
approché,0.4778,0.4516
havre,0.4778,0.3529
los,0.4778,0.5518
taut,0.4777,0.4682
l'heureuse,0.4777,0.3657
pisces,0.4777,0.4095
mince,0.4776,0.4290
gardoient,0.4776,0.5715
d'hollande,0.4776,0.4551
n'osent,0.4776,0.4443
abandonné,0.4774,0.4765
douces,0.4774,0.5540
apparemment,0.4774,0.3928
ens,0.4774,0.4148
sçait,0.4774,0.3681
brillante,0.4774,0.4635
tirera,0.4774,0.4084
multiplication,0.4773,0.3245
inventée,0.4771,0.4950
ité,0.4771,0.4594
reflux,0.4770,0.4469
sente,0.4770,0.4076
douaire,0.4770,0.4904
courant,0.4769,0.3498
séjour,0.4769,0.4577
d'tre,0.4769,0.4398
prononcé,0.4768,0.5020
pigeon,0.4767,0.4940
redevances,0.4767,0.4494
d'egypte,0.4767,0.3516
ste,0.4767,0.4458
contr'eux,0.4766,0.3546
harangues,0.4766,0.4841
prononcée,0.4766,0.4296
sc,0.4766,0.5044
jusques,0.4765,0.3999
nil,0.4765,0.3194
enfant,0.4765,0.3488
berceau,0.4765,0.5099
pilotes,0.4765,0.4552
redouter,0.4764,0.3102
diner,0.4764,0.3456
refle,0.4764,0.3922
enc,0.4764,0.4670
châtier,0.4764,0.3797
n'ignore,0.4764,0.5190
connoissancen,0.4764,0.3618
demeurer,0.4764,0.4372
ponts,0.4764,0.3124
mufes,0.4764,0.4635
éternel,0.4763,0.5499
fain,0.4763,0.4452
trouvez,0.4763,0.5004
l'e,0.4763,0.4579
redoutables,0.4763,0.5010
couleur,0.4762,0.3723
enter,0.4762,0.6492
coupée,0.4762,0.4344
l'espoir,0.4761,0.2596
puissances,0.4761,0.4161
préféré,0.4761,0.2913
rat,0.4761,0.4807
angles,0.4760,0.4881
tité,0.4760,0.4910
s'accordent,0.4760,0.4045
forfait,0.4760,0.4389
s'avancer,0.4760,0.3728
dépendant,0.4759,0.4096
tristes,0.4759,0.5046
rendues,0.4759,0.4164
nouvellement,0.4758,0.3403
présentant,0.4758,0.4225
manier,0.4758,0.3486
prouvée,0.4757,0.4823
col,0.4757,0.4150
pénétration,0.4757,0.4569
c'eil,0.4757,0.3964
pres,0.4756,0.4414
molle,0.4756,0.4653
jouis,0.4756,0.2972
eve,0.4756,0.5892
ea,0.4756,0.4255
vafe,0.4756,0.4428
boulogne,0.4756,0.3673
médecins,0.4756,0.5345
was,0.4756,0.3754
délicieux,0.4756,0.3706
touché,0.4756,0.4669
s'étonner,0.4755,0.4852
manufactures,0.4755,0.4594
astres,0.4755,0.4444
peintre,0.4755,0.4218
epoux,0.4754,0.3851
dres,0.4754,0.4482
approchent,0.4754,0.5278
cue,0.4754,0.4539
qua,0.4754,0.3816
greffes,0.4754,0.3488
mêler,0.4754,0.4853
gouverneurs,0.4754,0.4583
l'arbre,0.4753,0.4586
mcs,0.4753,0.4427
maigre,0.4753,0.5102
aune,0.4753,0.4639
nor,0.4753,0.5790
périt,0.4752,0.4911
soumise,0.4752,0.2671
dictionnaire,0.4751,0.5101
oue,0.4751,0.5085
conciles,0.4750,0.4500
demeurez,0.4750,0.4923
justices,0.4749,0.4606
quitter,0.4749,0.4537
roles,0.4749,0.4945
roy,0.4749,0.3076
charmé,0.4749,0.3735
tuoient,0.4749,0.5080
acquis,0.4748,0.5141
délicate,0.4748,0.5616
appelé,0.4748,0.4493
cec,0.4748,0.4011
one,0.4748,0.4588
fir,0.4747,0.4435
surprenante,0.4747,0.3760
annibal,0.4747,0.4078
miséricorde,0.4746,0.5578
dz,0.4746,0.4552
hâte,0.4745,0.3129
connoît,0.4745,0.4373
cli,0.4745,0.3734
déclara,0.4745,0.4990
citer,0.4744,0.4107
répondent,0.4744,0.4755
fondent,0.4744,0.4338
galle,0.4743,0.5262
d'afrique,0.4743,0.4113
sos,0.4743,0.4897
aînée,0.4743,0.4768
aufii,0.4743,0.4208
jurisdiction,0.4743,0.5308
tom,0.4742,0.4681
tourner,0.4742,0.5175
cultiver,0.4742,0.5129
embarrassé,0.4742,0.5781
hoirs,0.4742,0.5019
defendre,0.4741,0.4090
crû,0.4741,0.2826
doutez,0.4741,0.4785
violente,0.4741,0.4682
meaux,0.4741,0.4436
quc,0.4740,0.5020
qu'e,0.4740,0.4722
mordre,0.4740,0.4217
poësie,0.4739,0.4647
flir,0.4739,0.4279
tâcha,0.4739,0.4651
supplices,0.4739,0.4019
laïques,0.4739,0.3693
rares,0.4738,0.4252
title,0.4738,0.2175
d'anvers,0.4738,0.4525
fripon,0.4738,0.3787
prévaloir,0.4738,0.4782
c'els,0.4737,0.4579
nombreuses,0.4735,0.2740
chair,0.4735,0.4303
contenoit,0.4735,0.4533
c'efr,0.4734,0.4102
tragedie,0.4734,0.4561
iens,0.4734,0.4818
fro,0.4734,0.4849
moine,0.4734,0.4908
pompe,0.4734,0.4167
enlevée,0.4733,0.4571
aufi,0.4733,0.4280
précieuses,0.4732,0.4599
écrivit,0.4732,0.4290
mourir,0.4732,0.4459
lour,0.4732,0.6553
c'cit,0.4732,0.5039
u'on,0.4731,0.4604
coulent,0.4731,0.4473
fay,0.4731,0.5070
assemblage,0.4730,0.4199
dragon,0.4730,0.3263
hol,0.4730,0.4853
cv,0.4730,0.4358
ultra,0.4730,0.2982
vuide,0.4730,0.3007
comprit,0.4729,0.4838
entierement,0.4728,0.3834
conté,0.4728,0.4631
servie,0.4728,0.3994
nu,0.4728,0.4656
terminé,0.4728,0.2977
divinité,0.4728,0.5850
choisies,0.4728,0.3533
consentir,0.4727,0.5223
brillant,0.4727,0.4375
meil,0.4726,0.3955
délivrer,0.4726,0.4796
marquez,0.4726,0.3991
renfermé,0.4726,0.3681
méme,0.4726,0.3952
brusque,0.4725,0.3513
isabelle,0.4725,0.5100
député,0.4725,0.3726
qu'avez,0.4724,0.4281
vaincu,0.4723,0.3945
éclairée,0.4723,0.3224
traduire,0.4723,0.4107
devers,0.4723,0.4465
projets,0.4723,0.5580
tyr,0.4723,0.4119
tendresse,0.4722,0.4527
c'ct,0.4722,0.4875
valablement,0.4722,0.4085
proposent,0.4722,0.4571
sermons,0.4722,0.4205
perches,0.4721,0.4779
sentimens,0.4721,0.4625
d'espagne,0.4720,0.4359
fat,0.4719,0.4387
yen,0.4719,0.4832
flux,0.4718,0.4115
morale,0.4718,0.4434
lendemain,0.4718,0.4470
l'artifice,0.4718,0.3805
l'inclination,0.4718,0.4101
ouest,0.4717,0.5295
l'un,0.4717,0.4659
char,0.4716,0.3934
pafler,0.4716,0.3798
épreuves,0.4716,0.2892
vallon,0.4716,0.3018
rhodes,0.4716,0.4113
maintien,0.4716,0.2570
vivans,0.4715,0.3695
mene,0.4715,0.3659
fade,0.4715,0.4061
teints,0.4715,0.4264
aut,0.4715,0.4903
grossiere,0.4715,0.3307
naquit,0.4715,0.4994
bourgeois,0.4714,0.5791
cedent,0.4714,0.4395
arr,0.4714,0.4092
laissé,0.4714,0.4259
indifférence,0.4713,0.4583
logement,0.4713,0.6281
plaisoit,0.4712,0.3985
lorraine,0.4712,0.4752
laval,0.4712,0.3743
chagrine,0.4712,0.4306
creux,0.4712,0.5031
penser,0.4712,0.5386
caton,0.4711,0.4574
d'etat,0.4711,0.5373
ious,0.4711,0.4369
sss,0.4711,0.4183
épaisseur,0.4710,0.3854
étrangères,0.4710,0.5339
that,0.4710,0.4002
condamné,0.4710,0.4638
for,0.4709,0.4282
fel,0.4709,0.3482
montée,0.4709,0.4671
gr,0.4709,0.4798
catalogne,0.4709,0.4515
rendis,0.4709,0.4743
coûté,0.4709,0.5051
fur,0.4708,0.4398
messe,0.4708,0.4773
crient,0.4708,0.3551
blancs,0.4707,0.3913
supporter,0.4707,0.4602
robe,0.4707,0.4720
ette,0.4707,0.4100
appartenans,0.4707,0.5536
tire,0.4706,0.4787
puis,0.4706,0.4582
sentes,0.4706,0.4137
parfaites,0.4706,0.4614
représentent,0.4706,0.4853
portion,0.4706,0.4616
sons,0.4705,0.3955
bienfaits,0.4705,0.3952
d'avoir,0.4704,0.4521
fure,0.4704,0.4085
batterie,0.4704,0.4597
approcher,0.4704,0.5134
ila,0.4703,0.4194
st,0.4703,0.4114
ttre,0.4703,0.4515
essentiels,0.4703,0.3037
recherches,0.4703,0.4345
dauphine,0.4703,0.4717
l'effort,0.4702,0.3620
richard,0.4702,0.5212
signée,0.4702,0.4751
adrien,0.4702,0.4184
découvrir,0.4702,0.4714
répandue,0.4701,0.4233
sortant,0.4701,0.4775
achete,0.4701,0.4222
quittes,0.4701,0.3183
maitresse,0.4701,0.4085
ssi,0.4700,0.4186
instrument,0.4700,0.4504
j'ose,0.4700,0.4036
gal,0.4699,0.4264
priver,0.4699,0.4449
gloire,0.4699,0.4351
emplois,0.4698,0.4889
renfermer,0.4698,0.4805
choisit,0.4698,0.4526
prépare,0.4697,0.4878
tiroit,0.4697,0.3530
causer,0.4697,0.4371
admire,0.4697,0.5135
pcr,0.4696,0.4136
d'enlever,0.4696,0.3568
promettant,0.4696,0.4712
donation,0.4695,0.3949
ure,0.4695,0.4637
imprimées,0.4695,0.5200
préférer,0.4695,0.3051
ver,0.4695,0.4710
parentes,0.4695,0.6861
petit,0.4695,0.4616
clodius,0.4694,0.4753
dessus,0.4694,0.4953
fiez,0.4694,0.4811
denis,0.4693,0.5241
about,0.4693,0.4350
monceau,0.4693,0.4038
teint,0.4693,0.4398
boutiques,0.4693,0.4975
subit,0.4692,0.3868
pauvres,0.4692,0.4993
d'oiseaux,0.4692,0.4698
qte,0.4692,0.5766
l'alliance,0.4692,0.4423
lor,0.4692,0.4949
disposer,0.4691,0.4544
l'abbé,0.4691,0.3992
poui,0.4691,0.4788
grasse,0.4691,0.4622
l'autel,0.4691,0.4157
marchoient,0.4691,0.4500
troyes,0.4691,0.4597
chat,0.4690,0.4373
per,0.4690,0.4520
tyran,0.4690,0.4798
trahit,0.4689,0.3201
aires,0.4688,0.5426
enseigné,0.4688,0.4745
heureuses,0.4688,0.4476
décrit,0.4688,0.4668
sca,0.4688,0.5069
détourne,0.4688,0.3381
fraix,0.4688,0.3744
s'entretenir,0.4687,0.4727
frontin,0.4687,0.4347
coucher,0.4687,0.3646
commission,0.4686,0.4130
canada,0.4686,0.3940
tun,0.4686,0.4815
bol,0.4686,0.4386
antre,0.4686,0.3399
conduit,0.4686,0.4936
meres,0.4685,0.4529
juris,0.4685,0.4026
éleve,0.4685,0.3215
ille,0.4684,0.3964
temple,0.4684,0.4462
releve,0.4684,0.4253
introduit,0.4684,0.4544
asi,0.4683,0.4871
compétence,0.4683,0.5226
états,0.4683,0.3980
fournira,0.4683,0.5077
déesse,0.4683,0.4563
ates,0.4683,0.4529
imité,0.4682,0.4902
découvert,0.4682,0.5353
attachement,0.4681,0.4153
retournent,0.4681,0.4841
étoiles,0.4681,0.3972
proue,0.4681,0.3793
petites,0.4680,0.4957
oppositions,0.4680,0.5043
qu'après,0.4680,0.4191
contraintes,0.4680,0.4808
philippe,0.4679,0.5131
entendez,0.4679,0.5103
folides,0.4679,0.3653
corn,0.4679,0.3633
faine,0.4678,0.3433
variété,0.4678,0.4512
sucre,0.4678,0.4986
possède,0.4677,0.3203
demeuroit,0.4677,0.4831
mcme,0.4677,0.4658
l'encens,0.4676,0.5062
exquis,0.4676,0.4498
té,0.4676,0.4201
marqués,0.4676,0.3374
création,0.4675,0.3126
persuader,0.4675,0.4611
gar,0.4675,0.4682
rom,0.4675,0.4581
j'ignore,0.4674,0.3038
s'unir,0.4674,0.2776
l'agneau,0.4674,0.4594
châtelet,0.4674,0.4923
michel,0.4673,0.4969
viendra,0.4673,0.3180
distingué,0.4673,0.4986
cambray,0.4673,0.4799
den,0.4672,0.4612
ant,0.4672,0.4290
signifier,0.4672,0.4452
veine,0.4671,0.4346
entrailles,0.4671,0.5319
bâtir,0.4670,0.4081
manu,0.4670,0.3623
erat,0.4670,0.4076
système,0.4669,0.3014
oie,0.4669,0.4639
garnis,0.4669,0.4622
ina,0.4669,0.4170
necessité,0.4668,0.4297
disposition,0.4668,0.4700
riche,0.4668,0.4289
percée,0.4668,0.4966
claude,0.4667,0.3660
habitation,0.4667,0.3002
uni,0.4666,0.4336
s'attendre,0.4666,0.4590
privée,0.4666,0.3403
coffre,0.4666,0.4386
nim,0.4666,0.4238
bouillon,0.4666,0.3789
lum,0.4666,0.3168
celles,0.4666,0.4885
fable,0.4665,0.3664
chambre,0.4664,0.4555
réputation,0.4664,0.4192
trompé,0.4663,0.4667
copie,0.4663,0.4707
operations,0.4663,0.3567
jes,0.4663,0.4175
taureaux,0.4663,0.4895
s'enfuit,0.4663,0.2796
campagne,0.4662,0.5685
quittent,0.4662,0.4486
nés,0.4661,0.3167
offense,0.4661,0.3110
accompagné,0.4661,0.4338
composoient,0.4661,0.4759
superieur,0.4661,0.5562
meilleurs,0.4661,0.4489
l'aile,0.4660,0.5252
croira,0.4660,0.4010
oblig,0.4660,0.3977
gues,0.4660,0.4736
tribunaux,0.4660,0.4040
embarras,0.4659,0.4753
clément,0.4659,0.4637
mineurs,0.4659,0.4905
ames,0.4659,0.5239
ace,0.4659,0.3893
nv,0.4657,0.4514
àdire,0.4657,0.4213
proposition,0.4656,0.4247
menues,0.4656,0.5151
refute,0.4655,0.3567
ambassade,0.4655,0.5296
corrompu,0.4655,0.2910
vivoit,0.4655,0.4446
habitants,0.4654,0.3383
concurrence,0.4654,0.2813
suit,0.4653,0.3038
l'inquiétude,0.4653,0.3182
lut,0.4653,0.4060
sérieuse,0.4653,0.5172
aussitôt,0.4653,0.4780
orientale,0.4652,0.4370
demandent,0.4652,0.4311
admiration,0.4652,0.5634
laissons,0.4652,0.4735
succéder,0.4652,0.3099
satisfaction,0.4651,0.5136
excita,0.4651,0.3132
api,0.4651,0.4330
imposition,0.4651,0.5196
portique,0.4650,0.3553
répondra,0.4650,0.4887
xxxvii,0.4649,0.4588
l'entrée,0.4649,0.5069
s'empare,0.4649,0.3457
étais,0.4648,0.2881
anis,0.4648,0.5150
depend,0.4648,0.4616
ade,0.4648,0.3974
mené,0.4647,0.4541
milieu,0.4647,0.4735
autre,0.4647,0.4652
sz,0.4647,0.4361
causc,0.4647,0.5339
priere,0.4646,0.4542
dignité,0.4646,0.5170
direction,0.4646,0.2906
marine,0.4646,0.3243
arrivera,0.4644,0.4001
orages,0.4644,0.4453
scait,0.4644,0.3835
man,0.4644,0.4518
bouillons,0.4644,0.3632
attaqué,0.4644,0.4388
jolis,0.4644,0.4910
matins,0.4644,0.4686
eur,0.4644,0.4804
rappelle,0.4644,0.2409
douzaine,0.4644,0.4826
ore,0.4643,0.4123
durs,0.4643,0.4446
sortir,0.4643,0.4563
certaines,0.4643,0.4460
nomination,0.4642,0.4548
all,0.4642,0.4495
habite,0.4642,0.2961
am,0.4642,0.4519
cm,0.4641,0.3993
jan,0.4641,0.4716
parlez,0.4641,0.4254
memoires,0.4641,0.5096
d'adresse,0.4640,0.3789
ya,0.4640,0.4320
homines,0.4640,0.3525
l'évêque,0.4640,0.4109
l'humilité,0.4639,0.4416
passoient,0.4639,0.3504
suprême,0.4638,0.4754
verbe,0.4638,0.3330
retient,0.4637,0.4821
tonne,0.4637,0.4585
cessé,0.4637,0.4166
pn,0.4635,0.4731
grossir,0.4635,0.3825
d'engager,0.4635,0.3384
accomplir,0.4635,0.3777
accroire,0.4634,0.4601
générale,0.4634,0.2912
particules,0.4634,0.4336
appointemens,0.4634,0.4150
conséquence,0.4634,0.4296
contracter,0.4633,0.3709
bronze,0.4633,0.4013
l'épaisseur,0.4632,0.5073
démons,0.4632,0.4737
vêtus,0.4632,0.4717
teau,0.4632,0.4271
équitable,0.4631,0.3061
maxime,0.4631,0.4394
questions,0.4631,0.4016
bulles,0.4631,0.3817
douté,0.4631,0.5457
ouis,0.4630,0.2772
cultive,0.4629,0.5222
mépriser,0.4629,0.3118
xil,0.4629,0.4921
intelligences,0.4629,0.3615
servir,0.4629,0.4143
introduite,0.4628,0.4088
principe,0.4628,0.4382
ravi,0.4628,0.3636
curé,0.4627,0.5212
d'ôter,0.4627,0.3542
tombeaux,0.4627,0.4665
paul,0.4627,0.4974
posséder,0.4626,0.3420
ajoutent,0.4626,0.4646
apprendre,0.4626,0.4011
domestiques,0.4626,0.4773
quarrée,0.4626,0.3979
impôts,0.4626,0.4494
coeurs,0.4626,0.5005
utile,0.4626,0.4608
signer,0.4625,0.4788
inutilement,0.4625,0.3578
expofé,0.4625,0.3866
accepte,0.4624,0.3956
puissans,0.4624,0.5130
frappa,0.4624,0.4804
clercs,0.4624,0.4135
puisqu,0.4623,0.4637
crus,0.4623,0.5436
procura,0.4622,0.4531
préjudiciable,0.4622,0.4344
qu'ainsi,0.4622,0.3726
faces,0.4621,0.4837
restera,0.4621,0.2642
murailles,0.4621,0.4660
collation,0.4621,0.4588
mmes,0.4621,0.4673
demeurant,0.4620,0.3648
manda,0.4620,0.3698
versé,0.4620,0.3384
qn,0.4620,0.4965
quafi,0.4620,0.4130
rin,0.4620,0.4493
fixe,0.4619,0.3033
ord,0.4618,0.5010
l'armée,0.4618,0.4102
l'attaquer,0.4618,0.4607
accident,0.4618,0.3887
réel,0.4618,0.2890
job,0.4617,0.4900
d'imiter,0.4617,0.3731
monnoyé,0.4617,0.5328
rapporter,0.4617,0.4476
lile,0.4616,0.5274
l'incertitude,0.4616,0.3460
mime,0.4616,0.4393
dieux,0.4615,0.4203
pierres,0.4614,0.4653
l'empêcher,0.4613,0.4861
amena,0.4613,0.4086
geste,0.4612,0.3024
chemin,0.4612,0.4815
mine,0.4612,0.3415
douce,0.4612,0.4824
enco,0.4612,0.3644
so,0.4611,0.4722
aimons,0.4611,0.4135
tois,0.4610,0.4314
serviront,0.4610,0.3701
l'utilité,0.4609,0.2850
menacé,0.4609,0.4901
muses,0.4609,0.5176
ài,0.4608,0.3967
d'exciter,0.4608,0.2928
valence,0.4608,0.5304
consent,0.4608,0.3779
pei,0.4608,0.4241
épiceries,0.4608,0.4997
mécontentement,0.4607,0.3180
exprimée,0.4607,0.4595
d'a,0.4607,0.4062
frein,0.4607,0.2254
enseignent,0.4607,0.4799
bandes,0.4607,0.4685
plats,0.4606,0.5025
litres,0.4606,0.3889
cett,0.4605,0.4602
personnelle,0.4605,0.3742
ages,0.4605,0.4575
tranchées,0.4605,0.3922
trouvant,0.4605,0.4334
quittances,0.4604,0.5427
renfermée,0.4604,0.4144
serviteur,0.4604,0.4140
choc,0.4604,0.3112
efe,0.4603,0.3832
évidemment,0.4603,0.4738
cod,0.4603,0.4331
fes,0.4602,0.2762
what,0.4601,0.3399
ues,0.4601,0.3902
avisé,0.4601,0.4325
répondoit,0.4600,0.5086
derniers,0.4600,0.4598
étonnant,0.4599,0.5064
toise,0.4599,0.5012
gg,0.4598,0.5111
hall,0.4598,0.4675
trouvés,0.4598,0.2658
oa,0.4598,0.4141
annuellement,0.4598,0.2891
chancelier,0.4597,0.4697
tenir,0.4597,0.4603
cile,0.4597,0.4222
d'ours,0.4597,0.3675
poule,0.4597,0.3612
th,0.4595,0.4973
resentes,0.4595,0.2775
suivie,0.4595,0.4570
l'amitié,0.4594,0.4508
lon,0.4594,0.4282
savants,0.4594,0.5541
reçoit,0.4594,0.4866
couronne,0.4594,0.4556
enr,0.4593,0.4625
tromperie,0.4593,0.5100
comptes,0.4593,0.4614
arrivent,0.4593,0.4466
lb,0.4592,0.5189
qne,0.4592,0.4585
paste,0.4592,0.4349
habitudes,0.4591,0.2599
infortuné,0.4591,0.4747
honore,0.4591,0.2914
coutumes,0.4590,0.5092
oracle,0.4590,0.4096
prêté,0.4590,0.4756
country,0.4590,0.2369
traits,0.4589,0.4719
importun,0.4589,0.4318
surintendant,0.4589,0.5123
dunkerque,0.4589,0.4324
continuellement,0.4589,0.3200
essuyer,0.4589,0.3449
vice,0.4588,0.3250
unt,0.4588,0.4928
éclate,0.4587,0.3314
dte,0.4587,0.4480
enregistrer,0.4587,0.4010
pertes,0.4587,0.5212
supposition,0.4586,0.3975
conçoit,0.4586,0.4547
dai,0.4586,0.4116
iter,0.4586,0.3499
nne,0.4585,0.4352
déclaré,0.4585,0.4194
joui,0.4585,0.5038
bâtiment,0.4585,0.4680
brave,0.4585,0.4227
divine,0.4585,0.4580
david,0.4584,0.5089
fiut,0.4584,0.4122
réception,0.4583,0.4716
considéré,0.4583,0.2713
imposé,0.4583,0.3575
aulfi,0.4582,0.4096
rafraîchir,0.4582,0.5475
nitre,0.4582,0.4210
imagination,0.4582,0.4888
cérémonies,0.4581,0.4684
present,0.4580,0.3765
verse,0.4580,0.2674
jeunes,0.4579,0.4723
raconte,0.4579,0.5054
figurer,0.4578,0.3276
l'auteur,0.4578,0.5089
chambellan,0.4578,0.3797
itre,0.4578,0.5182
traitoit,0.4578,0.3893
comparant,0.4578,0.2936
déchargé,0.4577,0.4961
portait,0.4577,0.4195
glorifier,0.4577,0.2683
veilles,0.4576,0.3638
contentement,0.4576,0.4285
gardant,0.4576,0.4013
l'abus,0.4576,0.3237
eji,0.4575,0.3972
dominique,0.4575,0.5659
olives,0.4575,0.3490
nec,0.4574,0.4438
expliquées,0.4574,0.5110
d'auvergne,0.4574,0.5298
fun,0.4574,0.4301
christophe,0.4573,0.4002
ecrit,0.4573,0.4731
nombreux,0.4572,0.2690
daignez,0.4572,0.4343
mos,0.4572,0.4479
laon,0.4572,0.3949
héroïque,0.4572,0.3660
couronnes,0.4571,0.5745
obéit,0.4571,0.3318
renu,0.4571,0.4704
camps,0.4571,0.3287
laye,0.4571,0.3685
difficult,0.4570,0.3774
eri,0.4570,0.5011
vieille,0.4569,0.4866
pag,0.4569,0.4740
from,0.4569,0.4233
cloud,0.4569,0.4423
evangile,0.4569,0.4332
inconvéniens,0.4568,0.3974
détruite,0.4568,0.2511
achevée,0.4568,0.4184
palatin,0.4568,0.4185
mineur,0.4568,0.4592
partout,0.4568,0.3007
tine,0.4567,0.6051
sucs,0.4567,0.4562
declaré,0.4567,0.4228
l'injustice,0.4567,0.2864
libres,0.4567,0.3075
cuisse,0.4567,0.3801
humaine,0.4566,0.3059
upon,0.4566,0.3918
construire,0.4566,0.3680
domine,0.4566,0.3488
fuir,0.4565,0.3430
pâques,0.4565,0.4100
marius,0.4565,0.3384
excellent,0.4565,0.4442
hh,0.4565,0.5116
horace,0.4564,0.4536
héritier,0.4564,0.3812
surprit,0.4564,0.4854
nes,0.4564,0.4215
divertissement,0.4564,0.3808
eii,0.4564,0.4346
fard,0.4564,0.3781
passée,0.4564,0.4388
verdure,0.4564,0.2594
décrier,0.4563,0.4266
iur,0.4563,0.3776
ôtant,0.4563,0.4695
vir,0.4563,0.4559
approuvée,0.4563,0.4315
tue,0.4562,0.3480
ara,0.4562,0.4418
del,0.4562,0.5080
this,0.4562,0.4873
rire,0.4561,0.4601
éducation,0.4561,0.4318
générales,0.4561,0.4395
combat,0.4561,0.4794
sentent,0.4561,0.3773
ed,0.4561,0.5288
sicile,0.4560,0.4889
d'hommes,0.4560,0.2882
forets,0.4560,0.4523
figne,0.4559,0.3359
retranche,0.4559,0.3534
requise,0.4559,0.3762
dormir,0.4559,0.4791
rei,0.4558,0.4005
inonde,0.4558,0.4594
précisément,0.4558,0.3097
incessamment,0.4557,0.3681
nourriture,0.4557,0.4166
endroit,0.4557,0.5269
négligé,0.4557,0.4603
cau,0.4557,0.3117
génération,0.4557,0.3625
pain,0.4557,0.4510
l'épouser,0.4556,0.5195
l'innocence,0.4556,0.3017
rats,0.4556,0.4702
sains,0.4556,0.4471
pratiquer,0.4555,0.3146
turquie,0.4555,0.3577
surprises,0.4555,0.4128
chevaliers,0.4555,0.5245
ins,0.4555,0.3946
possible,0.4555,0.3955
maréchal,0.4554,0.4196
quoique,0.4553,0.4505
d'allemagne,0.4553,0.4529
cede,0.4553,0.3318
refert,0.4553,0.4029
longue,0.4553,0.4478
gentilhomme,0.4553,0.4700
archers,0.4552,0.4026
participer,0.4552,0.3339
mâle,0.4552,0.5077
agrémens,0.4552,0.4853
réformation,0.4551,0.3919
lib,0.4551,0.4308
caution,0.4551,0.4712
maîtresses,0.4550,0.4392
mouches,0.4550,0.4407
appel,0.4550,0.2862
diverfité,0.4550,0.3152
commerces,0.4549,0.3403
bateau,0.4549,0.4189
incroyable,0.4549,0.4536
pinceau,0.4549,0.4644
joi,0.4549,0.4953
l'arrêt,0.4549,0.3764
mortelle,0.4548,0.4553
av,0.4548,0.4599
pasteur,0.4548,0.5389
scio,0.4547,0.4465
l'aune,0.4547,0.3950
fatal,0.4547,0.4533
détachement,0.4546,0.4172
subtilité,0.4545,0.3448
étrangeres,0.4545,0.2940
concil,0.4545,0.3717
tons,0.4544,0.4191
l'aîné,0.4544,0.5405
viii,0.4543,0.4699
attendoit,0.4543,0.4819
tellier,0.4543,0.4756
alpes,0.4543,0.3897
fail,0.4543,0.5576
sein,0.4543,0.4562
poussa,0.4542,0.3821
quoiqu'on,0.4542,0.4412
commanda,0.4542,0.4029
finies,0.4542,0.3818
dauphiné,0.4541,0.4218
str,0.4541,0.5436
priez,0.4541,0.6617
coni,0.4541,0.3962
uir,0.4541,0.4425
vant,0.4541,0.4129
vivre,0.4541,0.4547
reliques,0.4541,0.4673
diversement,0.4541,0.4482
jou,0.4540,0.5025
rejoindre,0.4540,0.4071
tremper,0.4540,0.4510
impie,0.4539,0.3063
grotte,0.4539,0.4059
assuré,0.4539,0.4723
jé,0.4539,0.4057
prélat,0.4539,0.4793
traire,0.4538,0.3363
année,0.4538,0.4531
rar,0.4537,0.4930
prodigieux,0.4537,0.4025
allume,0.4536,0.4520
masque,0.4536,0.3098
go,0.4536,0.4332
permettra,0.4536,0.4867
caisse,0.4536,0.4821
vérification,0.4536,0.3048
iroit,0.4535,0.4151
remplie,0.4535,0.4307
solitaire,0.4534,0.3969
uti,0.4534,0.4154
avouer,0.4533,0.4421
articles,0.4533,0.4465
prs,0.4533,0.4313
debout,0.4533,0.4354
d'e,0.4533,0.4373
passant,0.4533,0.5627
orange,0.4533,0.4671
évité,0.4532,0.4455
home,0.4532,0.5749
battent,0.4532,0.4046
absolue,0.4532,0.2896
d'esclaves,0.4532,0.3908
offrent,0.4532,0.2266
plaisirs,0.4532,0.5488
savoir,0.4532,0.3506
fourbe,0.4532,0.4360
fere,0.4531,0.5727
gallicane,0.4531,0.5864
nia,0.4531,0.4188
civile,0.4531,0.3055
emparé,0.4530,0.4105
légèrement,0.4530,0.4256
secs,0.4529,0.3855
rut,0.4529,0.4472
elections,0.4528,0.3685
chaffe,0.4528,0.4424
epouse,0.4528,0.3926
ita,0.4528,0.4326
ais,0.4528,0.3960
cherche,0.4528,0.4957
mier,0.4527,0.4210
tio,0.4527,0.3674
tables,0.4527,0.3710
nous,0.4527,0.5630
huissiers,0.4527,0.3499
restitution,0.4527,0.5035
permettre,0.4527,0.4416
fortunes,0.4527,0.3099
vatican,0.4527,0.4345
quatrevingt,0.4526,0.3829
composée,0.4526,0.4735
fruitiers,0.4526,0.5043
imi,0.4526,0.4775
subsiste,0.4526,0.2850
jd,0.4526,0.3702
s'elt,0.4525,0.3975
l'entendement,0.4525,0.3798
délibérations,0.4525,0.2770
semblait,0.4524,0.5001
oublie,0.4524,0.3263
vivres,0.4524,0.4855
supposent,0.4524,0.4963
attentat,0.4524,0.3966
claire,0.4524,0.3769
daniel,0.4524,0.4116
délicat,0.4523,0.4881
l'esprit,0.4523,0.4286
vicaires,0.4523,0.4933
extreme,0.4522,0.4020
l'n,0.4522,0.5209
honnête,0.4522,0.5085
germe,0.4521,0.3372
refusa,0.4521,0.4140
attentivement,0.4521,0.3962
qu'cn,0.4521,0.4619
d'ambition,0.4520,0.3523
communauté,0.4520,0.2869
strasbourg,0.4520,0.4580
vastes,0.4520,0.4612
continuée,0.4520,0.5075
établit,0.4520,0.4639
directeurs,0.4519,0.4293
vaillant,0.4519,0.4089
meurtres,0.4518,0.4924
led,0.4518,0.5129
mortification,0.4518,0.5144
semblables,0.4518,0.2383
fiir,0.4518,0.4225
constitution,0.4517,0.2951
l'honnêteté,0.4517,0.3994
proportion,0.4517,0.4530
volontés,0.4517,0.4627
posse,0.4516,0.3205
gueule,0.4516,0.4007
envoie,0.4516,0.3736
via,0.4516,0.3943
vincent,0.4516,0.3556
éloignement,0.4515,0.4906
qu'l,0.4514,0.5010
tragique,0.4513,0.3623
défait,0.4513,0.5120
scélérat,0.4513,0.3892
than,0.4512,0.3791
cabale,0.4512,0.3425
repondit,0.4512,0.4452
quis,0.4511,0.4184
précédente,0.4511,0.4320
examiné,0.4511,0.4547
détroit,0.4511,0.4824
pourpre,0.4511,0.4757
canaux,0.4510,0.4341
noi,0.4509,0.4037
trs,0.4509,0.3559
jeu,0.4509,0.3177
larmes,0.4509,0.4853
comédie,0.4509,0.4483
supérieur,0.4509,0.3176
aillent,0.4509,0.4756
ceder,0.4509,0.4246
changes,0.4508,0.6101
simon,0.4508,0.3906
vaille,0.4508,0.3767
livres,0.4506,0.4134
l'aventure,0.4506,0.4274
permixtion,0.4506,0.3619
chapitres,0.4506,0.4458
fruits,0.4505,0.4915
chiens,0.4505,0.3381
ily,0.4505,0.3606
sculpture,0.4505,0.4107
obtint,0.4505,0.4460
fauteuil,0.4504,0.3828
nihil,0.4504,0.3921
recommanda,0.4504,0.4571
allumé,0.4504,0.4425
arriveroit,0.4503,0.4113
l'importance,0.4502,0.3357
ordonne,0.4502,0.4301
manuscrit,0.4502,0.4617
prieur,0.4502,0.4373
sentir,0.4502,0.4100
commissaire,0.4501,0.4851
singularité,0.4501,0.3213
arlequin,0.4501,0.4426
suive,0.4501,0.4591
percer,0.4501,0.4350
and,0.4500,0.3552
ee,0.4500,0.4024
lir,0.4500,0.3805
drs,0.4499,0.4494
poissons,0.4499,0.4278
emporte,0.4499,0.3315
dus,0.4499,0.3812
îe,0.4499,0.5568
appas,0.4498,0.4535
engagea,0.4498,0.4227
regardée,0.4498,0.4087
pontife,0.4498,0.5250
frontieres,0.4498,0.4765
appliquer,0.4498,0.4480
tenu,0.4497,0.4160
regret,0.4497,0.4429
imprimée,0.4496,0.5235
d'attirer,0.4496,0.3574
luit,0.4496,0.3886
age,0.4495,0.3852
pures,0.4495,0.4415
audi,0.4494,0.6616
jettée,0.4494,0.4185
l'espérance,0.4494,0.2537
plate,0.4494,0.4569
généralement,0.4494,0.3045
blaise,0.4494,0.4285
poit,0.4493,0.5799
pontificat,0.4493,0.4566
ene,0.4493,0.4764
finie,0.4493,0.4562
l's,0.4492,0.4452
semer,0.4492,0.4620
dixme,0.4492,0.3974
composé,0.4492,0.3950
ccla,0.4492,0.4174
consciences,0.4492,0.3739
cie,0.4491,0.4635
recommandé,0.4490,0.4013
paire,0.4490,0.4619
prive,0.4490,0.2847
verte,0.4489,0.5249
commandoit,0.4489,0.4279
heureux,0.4489,0.4863
belles,0.4489,0.4525
consul,0.4489,0.5157
base,0.4488,0.2443
défaire,0.4488,0.4868
contenta,0.4488,0.4229
abraham,0.4487,0.5053
apprenez,0.4487,0.4048
clles,0.4487,0.4472
terres,0.4486,0.4421
pati,0.4486,0.3789
spirituelles,0.4485,0.3965
pass,0.4485,0.4818
cai,0.4485,0.3792
clu,0.4485,0.4241
gc,0.4484,0.3702
utiles,0.4483,0.4391
antres,0.4483,0.4039
registres,0.4483,0.4829
savon,0.4482,0.4009
iso,0.4482,0.4461
exprimées,0.4482,0.4739
cachent,0.4482,0.4491
consentit,0.4482,0.4194
testamens,0.4482,0.5200
paraissait,0.4481,0.4487
soif,0.4481,0.3117
grégoire,0.4480,0.3849
ets,0.4480,0.4292
xo,0.4480,0.4053
foutenu,0.4480,0.3170
voisin,0.4479,0.5164
amis,0.4479,0.3465
coute,0.4479,0.3615
capitole,0.4478,0.4552
land,0.4478,0.4445
vel,0.4478,0.4805
yeux,0.4478,0.4547
cabane,0.4478,0.5048
confulat,0.4477,0.3625
cos,0.4477,0.5108
pla,0.4477,0.3927
magie,0.4477,0.4122
monarchie,0.4477,0.4800
gardée,0.4476,0.3606
pices,0.4476,0.5425
membre,0.4476,0.3529
tribut,0.4476,0.2969
religion,0.4475,0.4954
poutres,0.4475,0.4095
revenoit,0.4474,0.4900
malheureux,0.4474,0.4157
qu'enfin,0.4473,0.3504
guide,0.4473,0.2780
quod,0.4473,0.4496
grenade,0.4473,0.4714
permet,0.4472,0.4085
ajoutant,0.4472,0.4145
honnêtes,0.4472,0.4094
savans,0.4471,0.4218
défend,0.4471,0.4296
tinrent,0.4471,0.4797
or,0.4471,0.3601
cent,0.4471,0.3825
works,0.4470,0.4954
brutus,0.4470,0.4244
élevez,0.4470,0.5634
depuis,0.4470,0.4805
gouverneur,0.4469,0.3721
datte,0.4469,0.3818
épargne,0.4469,0.3743
coûte,0.4469,0.4960
déchirer,0.4469,0.3641
auxdites,0.4469,0.3569
reposer,0.4469,0.3753
d'angleterre,0.4469,0.4212
autr,0.4468,0.5259
dedans,0.4468,0.5182
éteindre,0.4468,0.2739
respects,0.4468,0.4342
souhaitoit,0.4467,0.3928
transporter,0.4467,0.3783
l'objet,0.4467,0.2785
observant,0.4467,0.2832
servitude,0.4467,0.3040
pace,0.4466,0.4687
orage,0.4466,0.4357
odieux,0.4466,0.4872
celle,0.4466,0.4413
mathieu,0.4466,0.4509
poura,0.4465,0.3956
mores,0.4465,0.5236
bile,0.4465,0.4303
duire,0.4465,0.3201
pg,0.4464,0.5264
entrepris,0.4464,0.3631
naturelles,0.4463,0.4687
oracles,0.4463,0.4743
visions,0.4463,0.4424
rur,0.4463,0.4994
well,0.4463,0.3897
at,0.4462,0.4686
resté,0.4462,0.3851
continué,0.4461,0.5066
sûreté,0.4461,0.2506
arriere,0.4461,0.3914
regle,0.4461,0.3549
navarre,0.4461,0.3248
ris,0.4460,0.4424
embrasse,0.4460,0.3061
xe,0.4459,0.5590
basses,0.4459,0.5254
vicieux,0.4459,0.3592
touchent,0.4459,0.4637
académie,0.4459,0.4583
preuves,0.4458,0.4855
inutile,0.4458,0.4681
fréquent,0.4458,0.3479
sçais,0.4458,0.3212
renouveller,0.4458,0.3175
moilons,0.4458,0.3742
chevalier,0.4457,0.4023
ks,0.4457,0.4237
posterité,0.4457,0.4448
plaques,0.4457,0.4523
l'île,0.4456,0.3445
indubitable,0.4456,0.3670
excufe,0.4456,0.4121
l'apôtre,0.4455,0.4776
laissant,0.4455,0.4004
décret,0.4455,0.3927
portier,0.4455,0.4226
augustin,0.4455,0.4320
tar,0.4455,0.5309
concourir,0.4455,0.2783
cerfs,0.4454,0.3633
bannis,0.4454,0.3789
déplaisir,0.4454,0.4868
coupables,0.4453,0.3820
deviner,0.4453,0.4578
exception,0.4453,0.4090
l'amour,0.4453,0.3767
événemens,0.4452,0.3972
diminutions,0.4451,0.3416
ajouter,0.4451,0.5104
consulat,0.4451,0.4303
appuyée,0.4450,0.4766
quia,0.4450,0.3526
portent,0.4449,0.4226
idoles,0.4449,0.4358
horribles,0.4448,0.4729
quartier,0.4448,0.4986
reviennent,0.4448,0.4523
corne,0.4448,0.4408
lots,0.4448,0.4729
lient,0.4447,0.2907
once,0.4447,0.3096
irrité,0.4447,0.4366
grossiers,0.4447,0.4892
apprend,0.4447,0.4621
unl,0.4447,0.4640
dre,0.4446,0.4514
distinguer,0.4446,0.4299
venant,0.4446,0.4333
peser,0.4446,0.3330
vendent,0.4445,0.4405
loger,0.4445,0.4325
ieu,0.4445,0.4410
retourne,0.4445,0.4088
ressources,0.4445,0.2189
affermir,0.4445,0.3068
froid,0.4444,0.4902
genes,0.4444,0.3868
socrate,0.4444,0.5363
mimes,0.4443,0.4228
particulierement,0.4443,0.4255
quei,0.4443,0.4617
dansée,0.4443,0.4652
pls,0.4443,0.4431
convaincre,0.4443,0.4097
venons,0.4443,0.4438
controlleur,0.4443,0.4794
portions,0.4442,0.2564
marchoit,0.4442,0.4530
albert,0.4441,0.4467
modèle,0.4441,0.2759
buis,0.4441,0.3978
observées,0.4440,0.4269
relief,0.4440,0.3976
fil,0.4440,0.3663
monarque,0.4440,0.4000
écrites,0.4440,0.4319
déclare,0.4440,0.4680
exiger,0.4440,0.3868
devins,0.4440,0.3478
poursuivi,0.4439,0.4861
kl,0.4438,0.4470
julie,0.4438,0.4625
domain,0.4437,0.3252
qle,0.4437,0.4493
merveilles,0.4437,0.5155
destination,0.4437,0.2966
précis,0.4437,0.3108
longs,0.4437,0.4271
voiles,0.4437,0.3489
doigts,0.4437,0.3691
c'està,0.4437,0.4572
sommes,0.4436,0.3641
instrumens,0.4436,0.4413
principales,0.4436,0.5065
d'unc,0.4436,0.5459
contente,0.4435,0.4448
intelligible,0.4435,0.3084
d'amsterdam,0.4435,0.4422
bague,0.4434,0.4341
fignification,0.4434,0.3763
d'attendre,0.4433,0.2915
biens,0.4433,0.4477
chrif,0.4433,0.4617
vec,0.4433,0.3969
ures,0.4433,0.4362
levres,0.4433,0.4519
rose,0.4432,0.4415
éprouvé,0.4432,0.4302
important,0.4432,0.4736
tireur,0.4432,0.4367
perfides,0.4432,0.3116
mens,0.4432,0.4137
étoffe,0.4432,0.4280
journée,0.4431,0.4214
n'arrive,0.4431,0.4454
régle,0.4431,0.3942
dite,0.4430,0.4158
portrait,0.4430,0.4338
d'envoyer,0.4430,0.4377
paires,0.4430,0.3873
doutant,0.4430,0.4356
porcs,0.4429,0.4696
pores,0.4429,0.4538
tte,0.4429,0.3923
elc,0.4429,0.5481
allarmes,0.4429,0.4517
hs,0.4428,0.4583
lae,0.4428,0.4661
saisis,0.4428,0.2709
modele,0.4428,0.3654
croire,0.4428,0.4108
rues,0.4427,0.4808
rendrai,0.4427,0.3619
pendu,0.4427,0.4368
malheureuse,0.4427,0.4136
tragédie,0.4426,0.3706
mener,0.4426,0.4333
influence,0.4426,0.2573
satisfait,0.4426,0.4817
richement,0.4426,0.5178
abeilles,0.4426,0.4512
eci,0.4426,0.4579
uie,0.4426,0.4633
cou,0.4425,0.4177
augmentée,0.4424,0.4680
avides,0.4424,0.3016
certainement,0.4424,0.3119
croupe,0.4423,0.4789
resolution,0.4423,0.3497
die,0.4422,0.5221
intervenu,0.4422,0.2691
expliquez,0.4422,0.4756
bétail,0.4421,0.4698
poin,0.4421,0.4348
délivre,0.4421,0.3607
ibid,0.4421,0.4332
réciproque,0.4420,0.2562
porter,0.4420,0.4422
d'apollon,0.4420,0.3817
signées,0.4420,0.4767
dro,0.4419,0.4710
douter,0.4419,0.4207
cla,0.4419,0.4757
operation,0.4419,0.3916
frir,0.4419,0.3903
s'étendre,0.4419,0.5525
netteté,0.4418,0.3902
intrigue,0.4418,0.4635
dn,0.4418,0.3721
bonjour,0.4418,0.4973
effort,0.4418,0.5258
esc,0.4418,0.4828
équivoque,0.4417,0.3264
refsource,0.4417,0.2504
orateur,0.4417,0.3996
iour,0.4417,0.5316
resta,0.4417,0.3483
levez,0.4417,0.3057
canons,0.4417,0.4937
banque,0.4416,0.4857
froidement,0.4416,0.3636
ros,0.4416,0.4738
n'empêche,0.4416,0.4561
serviroit,0.4416,0.2725
subvenir,0.4416,0.4480
pourvu,0.4415,0.3556
iers,0.4415,0.3785
tas,0.4415,0.3366
attachée,0.4415,0.4192
trahison,0.4414,0.2847
flore,0.4414,0.4440
ist,0.4413,0.4158
neptune,0.4413,0.3922
veuve,0.4413,0.4294
lot,0.4412,0.4709
balance,0.4412,0.3237
découvrent,0.4412,0.4320
prévôt,0.4412,0.4315
multitude,0.4411,0.3969
ferme,0.4411,0.3588
sardaigne,0.4411,0.4645
joignant,0.4411,0.3346
demander,0.4411,0.4004
l'afie,0.4411,0.3534
illusion,0.4411,0.2328
ouvre,0.4410,0.4246
prophète,0.4410,0.4893
l'envi,0.4410,0.3220
scipion,0.4409,0.4333
jur,0.4409,0.4538
voyageur,0.4408,0.3389
choisir,0.4408,0.5020
prédécesseurs,0.4408,0.3755
rir,0.4407,0.4431
ménagé,0.4407,0.3724
liir,0.4407,0.4527
reprendre,0.4407,0.4538
iles,0.4407,0.3681
empecher,0.4406,0.4182
cabales,0.4406,0.3034
allez,0.4405,0.5446
voyons,0.4405,0.4063
établissement,0.4405,0.4745
curieux,0.4404,0.4851
l'écorce,0.4404,0.4726
marcs,0.4404,0.4289
mans,0.4404,0.4308
paresseux,0.4403,0.3815
inte,0.4403,0.5516
has,0.4403,0.3321
véritablement,0.4403,0.3400
eg,0.4403,0.4322
ers,0.4403,0.4087
repousser,0.4402,0.3067
martyrs,0.4402,0.4232
défenfe,0.4402,0.3006
injustement,0.4401,0.3879
carthaginois,0.4401,0.4177
offices,0.4400,0.5510
fontaines,0.4400,0.5496
ax,0.4400,0.3863
ance,0.4400,0.4229
contrée,0.4399,0.3550
propositions,0.4399,0.4282
argent,0.4399,0.4316
profit,0.4399,0.4074
l'achat,0.4399,0.5649
globe,0.4398,0.2462
fn,0.4398,0.3861
ol,0.4397,0.3957
nullement,0.4396,0.4164
épaisses,0.4396,0.4558
parlent,0.4395,0.4705
digne,0.4395,0.4569
hardes,0.4394,0.4932
offert,0.4393,0.3953
prévoyance,0.4393,0.3518
ouvriers,0.4393,0.3979
gueres,0.4393,0.3182
ren,0.4392,0.3859
fio,0.4392,0.4121
edit,0.4392,0.3850
lef,0.4392,0.4284
nee,0.4391,0.4474
bonheur,0.4391,0.4530
quelconque,0.4390,0.2750
lyon,0.4390,0.4482
uno,0.4390,0.3874
votre,0.4390,0.4247
infini,0.4390,0.4075
étudié,0.4390,0.4056
faur,0.4390,0.3974
réparations,0.4390,0.4935
donations,0.4389,0.4355
rapide,0.4389,0.2499
mei,0.4389,0.4425
braver,0.4388,0.2725
couverture,0.4388,0.4423
xlvi,0.4388,0.4855
entrant,0.4388,0.5265
contraindre,0.4388,0.4662
reglé,0.4387,0.3895
revendre,0.4387,0.4481
bêtes,0.4387,0.4981
léon,0.4387,0.3879
her,0.4386,0.4593
duite,0.4386,0.3028
superstition,0.4386,0.3015
rapportant,0.4386,0.2950
accordez,0.4385,0.2741
singuliere,0.4385,0.3547
plaisanterie,0.4385,0.3636
l'entretenir,0.4385,0.4448
visite,0.4385,0.4674
quidam,0.4385,0.3228
sortifications,0.4384,0.4003
peres,0.4384,0.4363
liquide,0.4384,0.3476
noires,0.4383,0.3820
come,0.4383,0.5914
egypte,0.4383,0.4630
misérable,0.4383,0.4516
march,0.4383,0.5203
reçurent,0.4383,0.4371
manqué,0.4383,0.4098
consommé,0.4383,0.4284
précepteur,0.4383,0.3059
https,0.4383,0.3311
salutaire,0.4382,0.3615
reins,0.4382,0.5050
l'échéance,0.4382,0.5287
pai,0.4382,0.4381
appliquée,0.4382,0.3765
monts,0.4382,0.5287
défendant,0.4382,0.3387
fom,0.4381,0.2701
rf,0.4380,0.3580
sembla,0.4380,0.3959
mander,0.4380,0.4319
dites,0.4379,0.4460
qlue,0.4379,0.4634
raillerie,0.4379,0.3507
reconnoître,0.4379,0.4771
passions,0.4378,0.4619
discrétion,0.4378,0.3427
l'éducation,0.4378,0.3529
placée,0.4378,0.4047
exécutée,0.4378,0.4958
vulcain,0.4378,0.4151
mt,0.4377,0.3929
profusion,0.4377,0.3573
occupés,0.4377,0.2995
varie,0.4377,0.3073
fermier,0.4377,0.4834
dou,0.4376,0.3830
montrer,0.4376,0.4051
poëme,0.4376,0.3802
rum,0.4376,0.3305
voie,0.4376,0.2979
richelieu,0.4376,0.3730
exemption,0.4375,0.2801
caufé,0.4375,0.3640
monsieur,0.4374,0.4418
couvrit,0.4374,0.3894
fournit,0.4374,0.4331
payables,0.4374,0.4240
épousa,0.4374,0.4156
huiles,0.4373,0.4545
off,0.4373,0.4606
attaché,0.4373,0.4631
vulgaire,0.4373,0.3140
sculpteurs,0.4372,0.4058
dépenses,0.4372,0.4258
écuyer,0.4372,0.4354
colonie,0.4372,0.4777
aboli,0.4372,0.2960
retint,0.4371,0.4258
l'aveu,0.4371,0.3100
sortifie,0.4371,0.3405
flor,0.4370,0.4378
alexandre,0.4370,0.4488
promener,0.4370,0.3973
ati,0.4369,0.4069
ordre,0.4369,0.3636
patriarches,0.4369,0.4416
profondes,0.4369,0.2708
ié,0.4369,0.4524
adresse,0.4368,0.2491
l'estomac,0.4368,0.4871
sac,0.4368,0.4970
attend,0.4368,0.4649
francs,0.4367,0.5628
ble,0.4367,0.4510
asie,0.4366,0.3236
reçues,0.4366,0.4926
bruges,0.4366,0.5003
miel,0.4365,0.4570
devise,0.4365,0.3901
dures,0.4365,0.4513
peint,0.4365,0.3871
trace,0.4365,0.3227
écrivoit,0.4365,0.3884
possedent,0.4365,0.4646
offrandes,0.4365,0.4246
rest,0.4365,0.5801
présenté,0.4364,0.4244
raisons,0.4364,0.4270
ians,0.4364,0.4613
équitables,0.4364,0.3532
parl,0.4364,0.4033
disgrace,0.4364,0.2856
pomme,0.4363,0.5438
souhaité,0.4363,0.4567
madame,0.4363,0.4821
ôter,0.4363,0.4710
siege,0.4363,0.4246
blessures,0.4363,0.2798
mau,0.4363,0.3566
pui,0.4362,0.4570
curent,0.4362,0.3426
obligea,0.4362,0.3970
premier,0.4362,0.4010
fleur,0.4362,0.5007
sujct,0.4360,0.4663
l'adjudication,0.4360,0.4696
arrive,0.4360,0.3873
aimer,0.4360,0.4097
demeures,0.4359,0.2940
commencée,0.4359,0.4518
renard,0.4359,0.4532
ct,0.4358,0.3627
exécution,0.4358,0.4702
conduisent,0.4358,0.4300
ainé,0.4358,0.4142
crier,0.4357,0.4615
gazon,0.4357,0.2687
observe,0.4357,0.4697
nez,0.4357,0.2867
ml,0.4356,0.3378
usi,0.4356,0.5578
croyez,0.4355,0.4363
trône,0.4355,0.4762
porte,0.4355,0.4501
puisqu'il,0.4355,0.4373
contrevenans,0.4355,0.4286
bnf,0.4355,0.3350
frédéric,0.4355,0.5958
d'occasions,0.4355,0.3071
l'existence,0.4355,0.2597
croi,0.4354,0.2938
iion,0.4354,0.4458
manne,0.4354,0.4209
essentiellement,0.4353,0.3494
bles,0.4353,0.3889
mauvaise,0.4353,0.4310
forfaits,0.4353,0.3192
intervalle,0.4353,0.3440
qo,0.4353,0.4016
courez,0.4353,0.4454
enfuite,0.4352,0.4536
causent,0.4352,0.4927
ram,0.4352,0.4085
produite,0.4352,0.4541
c'ess,0.4351,0.4009
lande,0.4351,0.4753
lers,0.4351,0.4301
l'ambassadeur,0.4351,0.5189
cornes,0.4351,0.4090
reprend,0.4351,0.3805
ronds,0.4350,0.4010
exemptions,0.4350,0.2958
rcn,0.4350,0.4226
engager,0.4350,0.4317
combler,0.4350,0.2971
encourager,0.4350,0.3238
d'eaux,0.4349,0.4641
eas,0.4349,0.4090
palais,0.4349,0.4205
greffier,0.4348,0.4024
thou,0.4348,0.5283
roue,0.4348,0.3620
az,0.4348,0.3971
l'academie,0.4348,0.3759
monta,0.4348,0.4692
d'appel,0.4348,0.3146
action,0.4348,0.4526
senlis,0.4348,0.4168
grosses,0.4348,0.5484
commençait,0.4347,0.4405
gagna,0.4347,0.4840
marquent,0.4347,0.4839
craignit,0.4347,0.3308
balle,0.4347,0.3572
exprimé,0.4346,0.4205
oooo,0.4346,0.3415
ordres,0.4344,0.4323
célébre,0.4344,0.4096
pcur,0.4344,0.5132
lard,0.4344,0.4703
humains,0.4344,0.4255
tiendra,0.4344,0.3847
anges,0.4344,0.4554
j'aye,0.4343,0.3776
continuelles,0.4343,0.2726
cardinal,0.4343,0.4449
ambitieux,0.4343,0.2665
grece,0.4342,0.4666
bie,0.4342,0.4994
sint,0.4342,0.3715
qie,0.4342,0.3923
conversion,0.4342,0.3964
unique,0.4342,0.2683
traduits,0.4342,0.2876
bouquet,0.4342,0.3271
prouver,0.4342,0.4611
robes,0.4342,0.3623
témoigner,0.4341,0.3894
consens,0.4341,0.4123
deuxième,0.4341,0.3800
poix,0.4341,0.4759
chauds,0.4341,0.5154
gomme,0.4341,0.4091
conduisoit,0.4341,0.4147
git,0.4340,0.5029
récolte,0.4340,0.3965
terminée,0.4340,0.5059
intentions,0.4340,0.5091
mefure,0.4339,0.3347
formée,0.4339,0.4453
destruction,0.4339,0.2817
ressemblent,0.4338,0.4735
tronc,0.4338,0.4472
ation,0.4337,0.3370
fend,0.4336,0.3933
ert,0.4336,0.4307
fid,0.4336,0.4064
romaines,0.4336,0.3316
charger,0.4336,0.3834
condé,0.4335,0.4623
prophetes,0.4335,0.4428
vase,0.4335,0.4259
flandres,0.4335,0.3570
considere,0.4335,0.4293
chefs,0.4335,0.4630
savons,0.4335,0.3917
d'écouter,0.4334,0.3831
amandes,0.4334,0.3446
titres,0.4334,0.4584
nicolas,0.4334,0.4582
lh,0.4334,0.4374
couroit,0.4334,0.4568
clous,0.4334,0.2811
pat,0.4334,0.5369
lorsqu'on,0.4333,0.3458
opera,0.4333,0.4772
rce,0.4333,0.3668
vécut,0.4332,0.4857
elizabeth,0.4332,0.4314
représentée,0.4332,0.2850
prés,0.4331,0.3722
dul,0.4331,0.3720
jonction,0.4331,0.3546
finir,0.4330,0.4846
puy,0.4330,0.4065
route,0.4330,0.4595
plaisance,0.4330,0.3823
mouve,0.4330,0.3570
figné,0.4329,0.4093
força,0.4329,0.2494
rendit,0.4329,0.4206
complot,0.4329,0.3170
ecritures,0.4329,0.5682
déclarons,0.4329,0.3201
l'explication,0.4329,0.2718
zl,0.4328,0.3485
ort,0.4328,0.4364
tol,0.4327,0.4498
affliction,0.4327,0.4701
ome,0.4327,0.4859
jadis,0.4327,0.3447
demeura,0.4327,0.4045
savant,0.4327,0.4304
malades,0.4327,0.3897
deviendroit,0.4327,0.2893
arri,0.4326,0.3969
ajouta,0.4326,0.4281
contrevenu,0.4326,0.3142
requête,0.4326,0.4272
perdant,0.4326,0.3375
traditions,0.4326,0.4329
montrez,0.4325,0.4270
joue,0.4324,0.2939
remuer,0.4324,0.5146
exem,0.4324,0.3859
appartenant,0.4324,0.2615
martin,0.4323,0.4423
inviolable,0.4323,0.2901
tam,0.4323,0.4078
sentons,0.4323,0.3744
parlons,0.4322,0.4553
édition,0.4322,0.3552
créatures,0.4322,0.4920
sat,0.4322,0.3650
maîtres,0.4322,0.3670
eaux,0.4321,0.5038
consacrer,0.4321,0.3300
rie,0.4321,0.5180
avanture,0.4320,0.3883
cavaliers,0.4320,0.3172
retraite,0.4319,0.2252
l'audience,0.4319,0.3284
roient,0.4319,0.4260
d'apprendre,0.4318,0.4851
premiére,0.4318,0.4383
transporté,0.4318,0.4271
ler,0.4318,0.4001
l'origine,0.4318,0.2596
mere,0.4317,0.3559
leon,0.4317,0.4031
constitutions,0.4317,0.4731
cot,0.4317,0.4661
accourut,0.4317,0.4852
matire,0.4316,0.5135
instruit,0.4316,0.4544
folio,0.4315,0.4352
statuts,0.4315,0.4052
suffrage,0.4315,0.2674
peuples,0.4314,0.3837
aise,0.4314,0.3752
offroit,0.4314,0.4558
tarif,0.4314,0.3852
qu'avant,0.4314,0.3060
ellc,0.4314,0.4805
suc,0.4314,0.3743
notions,0.4313,0.2417
ane,0.4313,0.5197
fraudes,0.4313,0.4139
morbleu,0.4313,0.4256
allée,0.4312,0.4555
perdu,0.4312,0.4080
commandemens,0.4312,0.4758
haye,0.4312,0.4018
infame,0.4312,0.3411
cantiques,0.4311,0.4821
observent,0.4311,0.4629
vieilles,0.4311,0.3197
autel,0.4311,0.4738
renvoye,0.4311,0.3689
députés,0.4311,0.3810
munitions,0.4310,0.4483
ouverte,0.4309,0.4505
passages,0.4309,0.4449
vécu,0.4308,0.4196
différer,0.4308,0.2884
supplier,0.4308,0.3964
cité,0.4308,0.3861
conseillé,0.4308,0.3918
prétention,0.4308,0.2432
inclusivement,0.4308,0.3749
cervelle,0.4308,0.3580
maniéré,0.4307,0.3902
our,0.4307,0.3639
eurs,0.4307,0.4163
mentir,0.4307,0.4066
attachez,0.4306,0.5720
directement,0.4306,0.3238
clermont,0.4305,0.3848
nois,0.4305,0.4701
préférence,0.4305,0.2140
dépouiller,0.4305,0.2735
tre,0.4304,0.3199
seizième,0.4304,0.4693
jeux,0.4303,0.4610
intestins,0.4303,0.4209
suivez,0.4303,0.4057
nomine,0.4303,0.4276
cis,0.4301,0.4342
tb,0.4301,0.4492
pit,0.4301,0.4152
fortifications,0.4301,0.3657
statue,0.4301,0.3960
s'étendent,0.4300,0.3441
joignit,0.4300,0.4224
naissant,0.4300,0.4042
sceptre,0.4300,0.4818
boëte,0.4300,0.4755
exactement,0.4299,0.2850
liée,0.4299,0.2783
ode,0.4299,0.4652
loup,0.4299,0.3852
européens,0.4299,0.4156
correspondans,0.4298,0.3130
enchanté,0.4298,0.5501
rui,0.4298,0.4951
pinte,0.4298,0.2822
excuses,0.4297,0.4280
coi,0.4297,0.3747
seconder,0.4297,0.2909
comédiens,0.4297,0.3295
proces,0.4297,0.4671
placer,0.4297,0.4741
ruisseau,0.4296,0.3940
peaux,0.4296,0.4502
laver,0.4296,0.4231
années,0.4296,0.3932
préface,0.4295,0.3562
ua,0.4295,0.3769
obstacles,0.4294,0.5108
comparé,0.4294,0.3472
propriété,0.4294,0.4792
cherchant,0.4294,0.3486
n'oublia,0.4293,0.4794
froide,0.4293,0.3932
demandes,0.4293,0.3932
appeller,0.4293,0.4199
cd,0.4293,0.3948
m'arrêter,0.4292,0.2905
festin,0.4292,0.4069
sièges,0.4292,0.4692
aes,0.4292,0.3844
crût,0.4290,0.3715
corrige,0.4290,0.3487
genou,0.4290,0.2908
adroit,0.4290,0.4313
edifices,0.4290,0.3390
paysan,0.4290,0.4828
l'administration,0.4290,0.2861
sec,0.4289,0.3218
d'épaisseur,0.4289,0.4237
aristote,0.4289,0.3800
drc,0.4289,0.4540
approchez,0.4287,0.4072
espagnoles,0.4286,0.3526
l'ignorance,0.4286,0.2788
l'application,0.4285,0.2929
bu,0.4285,0.3810
gardent,0.4285,0.4847
nourrice,0.4284,0.4648
bénéfices,0.4284,0.4133
assurée,0.4284,0.2954
dr,0.4284,0.4179
cri,0.4283,0.3120
poursuites,0.4283,0.4098
demain,0.4283,0.4686
augmentations,0.4283,0.4420
semblé,0.4283,0.4291
procurer,0.4282,0.3881
donnai,0.4282,0.3744
roc,0.4282,0.3262
cns,0.4280,0.3700
prérogatives,0.4280,0.4042
d'eau,0.4280,0.4222
illustre,0.4279,0.4311
s'accorde,0.4279,0.5173
manifeste,0.4279,0.2956
grandeur,0.4279,0.4480
attacher,0.4279,0.2667
bai,0.4279,0.4330
retirent,0.4278,0.4239
livrée,0.4278,0.3246
l'ordonnance,0.4278,0.3525
gaieté,0.4278,0.2634
pilote,0.4278,0.4840
battant,0.4277,0.4257
trés,0.4277,0.4710
portraits,0.4277,0.3663
prodiges,0.4277,0.4444
reconnoît,0.4277,0.4637
augment,0.4276,0.3914
orgueilleux,0.4276,0.3181
prirent,0.4276,0.4256
tonneaux,0.4276,0.4987
concours,0.4276,0.2715
ror,0.4276,0.4468
libéralité,0.4276,0.3174
excellentes,0.4276,0.3757
efficace,0.4275,0.2537
imaginer,0.4275,0.4337
roes,0.4275,0.4019
recherche,0.4274,0.3042
tos,0.4274,0.4132
jusqu'a,0.4274,0.3577
attribue,0.4274,0.4935
célèbres,0.4274,0.3904
pir,0.4273,0.3943
their,0.4273,0.3261
attachés,0.4273,0.2441
jardins,0.4272,0.3691
pénible,0.4272,0.2686
avertir,0.4272,0.4849
edi,0.4272,0.5009
appeler,0.4272,0.4464
lel,0.4271,0.5286
mémoire,0.4271,0.2646
timides,0.4271,0.3046
helas,0.4271,0.3942
d'être,0.4271,0.5024
vy,0.4271,0.4205
nettoyer,0.4270,0.4196
timidité,0.4270,0.2491
environné,0.4269,0.4099
limites,0.4269,0.2746
l'an,0.4269,0.3330
apporte,0.4268,0.4261
amiral,0.4268,0.5020
posées,0.4267,0.2680
climats,0.4267,0.4973
ravis,0.4267,0.3702
marcellus,0.4267,0.4258
l'échange,0.4266,0.4155
suffisoit,0.4266,0.4016
contenté,0.4266,0.3532
l'obscurité,0.4266,0.3198
intention,0.4266,0.4243
innocentes,0.4265,0.3392
juge,0.4265,0.4173
n'aye,0.4265,0.4163
épais,0.4265,0.4349
véritables,0.4265,0.2960
travaillent,0.4265,0.4208
d'amiens,0.4265,0.5067
rejette,0.4265,0.3511
sérieusement,0.4265,0.3409
ivres,0.4264,0.4366
jugemens,0.4264,0.4016
droir,0.4264,0.4160
conservé,0.4263,0.4791
pistoles,0.4263,0.3978
d'arriver,0.4263,0.5186
tempête,0.4263,0.4154
l'archevêque,0.4263,0.3947
trer,0.4262,0.3080
marquoit,0.4262,0.4223
rois,0.4262,0.4395
instamment,0.4262,0.4811
l'obligation,0.4262,0.2883
étroites,0.4261,0.5403
parla,0.4261,0.4918
err,0.4261,0.5113
l'envoya,0.4261,0.4310
accorda,0.4261,0.3770
ouvrages,0.4260,0.4016
génie,0.4260,0.4048
duo,0.4260,0.4016
comedie,0.4259,0.3967
scr,0.4259,0.4109
vo,0.4259,0.3765
prière,0.4259,0.3818
connue,0.4258,0.3684
difference,0.4258,0.4040
famille,0.4258,0.4116
pourvus,0.4258,0.3252
saints,0.4258,0.4515
ha,0.4258,0.5728
gaillard,0.4257,0.5170
injustes,0.4257,0.2575
l'aura,0.4256,0.4139
u'ils,0.4256,0.4313
anneau,0.4255,0.4043
vitres,0.4255,0.4430
maritimes,0.4255,0.3159
angleterre,0.4255,0.3513
planche,0.4255,0.3659
lal,0.4254,0.4018
capital,0.4254,0.3297
astre,0.4254,0.4331
rarement,0.4254,0.4185
regardons,0.4253,0.5106
laquais,0.4253,0.3398
nuisibles,0.4253,0.2890
grande,0.4253,0.3552
emportement,0.4253,0.4258
idu,0.4253,0.4033
menti,0.4252,0.4171
exprimer,0.4252,0.4130
l'établissement,0.4252,0.2508
tuteurs,0.4251,0.4291
enlever,0.4251,0.4475
modernes,0.4251,0.3847
dts,0.4251,0.4403
croie,0.4250,0.3235
actions,0.4250,0.3795
attributs,0.4249,0.4599
vînt,0.4249,0.4276
imprime,0.4249,0.3712
bible,0.4249,0.5070
personnelles,0.4248,0.4182
ion,0.4248,0.2967
bonnet,0.4248,0.4516
volant,0.4248,0.4456
flandre,0.4248,0.3824
han,0.4247,0.5939
emploi,0.4247,0.3918
late,0.4247,0.4691
dei,0.4247,0.4569
vendue,0.4247,0.4336
differente,0.4246,0.4383
perdit,0.4246,0.4375
l'edit,0.4246,0.3460
last,0.4246,0.3948
opiniâtreté,0.4246,0.2962
songez,0.4246,0.4405
rade,0.4245,0.3364
insensiblement,0.4245,0.3012
recommandation,0.4245,0.3491
bologne,0.4244,0.4420
ard,0.4244,0.4147
fai,0.4244,0.2840
êtres,0.4243,0.4630
ruinée,0.4242,0.3022
courtes,0.4242,0.3722
sommet,0.4242,0.5074
abusé,0.4242,0.2519
dcc,0.4241,0.2624
coq,0.4241,0.4676
ave,0.4241,0.4375
habile,0.4240,0.4507
cens,0.4240,0.4067
principes,0.4239,0.4262
d'u,0.4238,0.2926
familiers,0.4238,0.3500
fache,0.4238,0.4730
vénérable,0.4237,0.4512
expédient,0.4237,0.4350
m'auroit,0.4237,0.3425
manquent,0.4237,0.4093
vires,0.4237,0.3891
lorsqu'elle,0.4237,0.3393
ht,0.4237,0.4142
corrompus,0.4237,0.3022
superbes,0.4237,0.4116
accordé,0.4237,0.3923
saisies,0.4236,0.4206
reconnaître,0.4236,0.3381
remédier,0.4236,0.5019
répons,0.4236,0.2800
charmes,0.4236,0.3861
jamais,0.4235,0.4091
avoic,0.4235,0.3850
contiennent,0.4235,0.4918
but,0.4234,0.2538
monté,0.4234,0.4139
défendit,0.4234,0.4475
deviennent,0.4234,0.4008
lne,0.4233,0.3837
satisfaits,0.4233,0.3291
furie,0.4233,0.4800
songes,0.4233,0.3241
femelle,0.4233,0.4195
satisfaite,0.4233,0.4703
insérieure,0.4232,0.3716
rangées,0.4232,0.5288
outils,0.4232,0.3861
idole,0.4232,0.2954
camp,0.4231,0.5017
css,0.4231,0.3367
immortels,0.4231,0.4717
pense,0.4231,0.4021
chrétienne,0.4231,0.5285
naître,0.4230,0.5142
nature,0.4230,0.4638
paisible,0.4229,0.2977
rudement,0.4228,0.3250
contenus,0.4228,0.4530
lrs,0.4228,0.4036
contradiction,0.4227,0.2490
demeuré,0.4227,0.4295
s'e,0.4227,0.4962
ino,0.4226,0.4607
fabrication,0.4226,0.3306
fideles,0.4226,0.4882
équipage,0.4226,0.3600
porteroit,0.4226,0.3696
liii,0.4225,0.4332
raiyon,0.4225,0.4080
regne,0.4224,0.4336
plu,0.4224,0.3896
ao,0.4224,0.3367
dan,0.4224,0.4764
m'étonne,0.4223,0.4572
régne,0.4223,0.3064
bouteilles,0.4223,0.3783
charmant,0.4223,0.4372
juger,0.4223,0.4276
avantageux,0.4223,0.4100
qu'une,0.4222,0.3645
ark,0.4222,0.3032
rocher,0.4222,0.4926
minuit,0.4222,0.3821
fabius,0.4222,0.3843
absolu,0.4222,0.2885
ceu,0.4222,0.4543
captifs,0.4221,0.4027
retire,0.4221,0.4102
fic,0.4221,0.4335
l'allemagne,0.4221,0.3599
vres,0.4221,0.4999
quart,0.4220,0.3762
rejetter,0.4220,0.3048
corpus,0.4220,0.2960
hl,0.4220,0.3760
tle,0.4220,0.4384
tent,0.4219,0.3119
nre,0.4219,0.4534
l'intérêt,0.4219,0.2623
surle,0.4219,0.3981
avare,0.4219,0.4694
holland,0.4218,0.4445
never,0.4218,0.2969
maudit,0.4218,0.3374
ide,0.4218,0.4034
parloient,0.4218,0.3844
din,0.4217,0.4848
renoncé,0.4217,0.4166
tcr,0.4217,0.3810
accidens,0.4216,0.4003
sentier,0.4216,0.3142
rec,0.4216,0.4800
mines,0.4216,0.3811
uri,0.4216,0.5243
piliers,0.4215,0.3323
relie,0.4215,0.3637
haleine,0.4215,0.3128
fonction,0.4215,0.4574
l'attachement,0.4215,0.3087
fo,0.4214,0.4871
relte,0.4214,0.3555
défendus,0.4214,0.3383
reviens,0.4214,0.4269
maures,0.4213,0.4863
dles,0.4213,0.4047
desseins,0.4213,0.4744
bassins,0.4213,0.3115
anciennement,0.4213,0.2775
verité,0.4212,0.3603
montoit,0.4212,0.2773
joli,0.4212,0.3807
produit,0.4212,0.2323
remercie,0.4212,0.4589
alimens,0.4212,0.4222
bailli,0.4212,0.3681
rte,0.4211,0.4037
contré,0.4211,0.4957
orientaux,0.4210,0.4892
uin,0.4210,0.3739
laine,0.4209,0.3903
polr,0.4209,0.4745
prendroit,0.4208,0.3475
ham,0.4208,0.4568
organes,0.4208,0.4213
croissent,0.4208,0.4089
hie,0.4207,0.4773
soudain,0.4207,0.2715
angle,0.4207,0.3070
dais,0.4207,0.3733
et,0.4206,0.2351
d'autrui,0.4206,0.2772
exempts,0.4206,0.2468
l'amant,0.4205,0.3292
irriter,0.4205,0.3753
tourmenter,0.4204,0.3482
trompez,0.4204,0.2192
passé,0.4204,0.4916
fixée,0.4204,0.3035
commencent,0.4204,0.3893
préceptes,0.4204,0.3961
ennemies,0.4203,0.3429
taillées,0.4203,0.2793
ule,0.4202,0.4513
ferr,0.4202,0.4061
ap,0.4201,0.4153
éloigné,0.4201,0.4479
ducats,0.4200,0.4267
bos,0.4200,0.4991
ate,0.4200,0.3779
aisément,0.4200,0.4143
iue,0.4200,0.4058
sacrées,0.4199,0.4456
grandes,0.4199,0.4232
supposer,0.4198,0.3598
victorieux,0.4198,0.3484
c'efl,0.4198,0.3883
mlle,0.4198,0.4620
voir,0.4198,0.4265
cloître,0.4198,0.3936
dic,0.4198,0.4270
placé,0.4198,0.4400
florin,0.4197,0.3788
promenade,0.4197,0.4148
verront,0.4197,0.5123
repas,0.4197,0.4451
sentence,0.4197,0.3547
disposées,0.4197,0.2864
retrouver,0.4197,0.4025
l'humidité,0.4196,0.4399
drois,0.4196,0.4616
quittez,0.4196,0.4040
règlement,0.4196,0.4099
l'examen,0.4196,0.3017
pavé,0.4196,0.3638
sanglier,0.4195,0.4092
descriptions,0.4195,0.4068
chats,0.4194,0.4389
conduites,0.4194,0.3162
malignité,0.4193,0.2954
ve,0.4193,0.4729
désordres,0.4193,0.3451
latins,0.4193,0.4652
piété,0.4192,0.3254
quelques,0.4192,0.3808
construction,0.4192,0.3176
miracles,0.4192,0.4306
turres,0.4192,0.3812
expire,0.4192,0.3674
pia,0.4191,0.4240
graine,0.4191,0.4479
nte,0.4191,0.3761
vi,0.4191,0.3350
soleil,0.4191,0.4689
if,0.4191,0.4204
offrant,0.4191,0.2854
approchant,0.4190,0.3717
gis,0.4190,0.4323
prouvé,0.4190,0.3621
outre,0.4190,0.2371
éditions,0.4190,0.2882
qu'ayant,0.4190,0.3690
ecrivains,0.4189,0.2599
étranges,0.4189,0.3376
séduit,0.4189,0.3259
gaulois,0.4189,0.3977
intelligence,0.4188,0.4492
meubles,0.4188,0.3515
défier,0.4188,0.3996
d'l,0.4188,0.4202
merveilleuse,0.4188,0.4185
l'anglois,0.4188,0.3864
s'cn,0.4187,0.4124
tiennent,0.4187,0.4251
lieues,0.4187,0.5104
lumieres,0.4187,0.2163
rentrer,0.4186,0.4285
quintal,0.4186,0.4460
avec,0.4186,0.4189
fame,0.4186,0.4914
afie,0.4186,0.3894
ail,0.4186,0.3804
lierre,0.4185,0.3735
vient,0.4185,0.3064
ruse,0.4185,0.3051
témoigné,0.4184,0.4492
cuit,0.4184,0.4564
barcelone,0.4184,0.5309
pages,0.4183,0.4105
forma,0.4183,0.2273
vot,0.4183,0.4683
mai,0.4183,0.2605
cage,0.4182,0.5490
charpentier,0.4182,0.3774
remercia,0.4182,0.4064
politique,0.4182,0.2537
quee,0.4181,0.4479
sache,0.4181,0.4173
pensent,0.4181,0.3446
fenêtre,0.4181,0.4144
gout,0.4181,0.3238
iis,0.4180,0.3370
anneaux,0.4180,0.4256
aui,0.4180,0.4022
tentations,0.4180,0.3773
fans,0.4180,0.3575
paroitre,0.4179,0.4103
préfence,0.4179,0.2945
chaud,0.4178,0.3719
suède,0.4178,0.5049
tim,0.4178,0.4316
comblé,0.4178,0.4546
honneur,0.4178,0.4069
iiv,0.4177,0.3487
marquer,0.4177,0.4126
laissée,0.4176,0.3788
ine,0.4176,0.3595
lans,0.4176,0.3906
dissimuler,0.4175,0.2491
outrage,0.4175,0.3256
prieuré,0.4175,0.3549
trouv,0.4175,0.4307
viandes,0.4174,0.4554
champs,0.4173,0.4465
ka,0.4172,0.4715
spectacles,0.4171,0.4066
remonte,0.4171,0.3300
douzième,0.4171,0.4215
supplice,0.4171,0.4651
habillement,0.4171,0.4216
pagine,0.4171,0.3097
folide,0.4171,0.2875
découvrit,0.4171,0.4576
sn,0.4170,0.3921
clémence,0.4170,0.2923
l'archiduc,0.4170,0.4180
torrent,0.4170,0.2518
porteront,0.4169,0.4313
fri,0.4169,0.5154
reims,0.4169,0.3795
croiroit,0.4169,0.4189
naissent,0.4168,0.4385
historique,0.4168,0.3605
demeureront,0.4168,0.4186
concile,0.4168,0.4526
gaule,0.4168,0.4656
promettoit,0.4167,0.4470
xxxviii,0.4166,0.4110
efj,0.4166,0.3711
patrons,0.4166,0.4365
dogmes,0.4166,0.3765
superbe,0.4165,0.4561
creuse,0.4165,0.3885
pp,0.4165,0.4814
mauvaises,0.4164,0.4576
seins,0.4164,0.4583
camarade,0.4164,0.4061
coumme,0.4164,0.3584
prc,0.4164,0.4110
cordes,0.4163,0.4423
formalités,0.4163,0.4908
homme,0.4163,0.4066
demandée,0.4163,0.4211
sévère,0.4163,0.3276
brille,0.4163,0.2707
amie,0.4162,0.3599
vere,0.4162,0.4395
apporta,0.4162,0.4580
xxxvi,0.4162,0.4437
depense,0.4160,0.4475
appuyer,0.4160,0.3055
proprieté,0.4160,0.4060
notion,0.4160,0.2946
paris,0.4159,0.4561
sonnes,0.4159,0.3656
bâtards,0.4159,0.5560
liu,0.4159,0.4789
couches,0.4158,0.2916
récompenser,0.4158,0.3083
xxxii,0.4158,0.4169
infaillible,0.4158,0.3216
sassent,0.4157,0.3798
parchemin,0.4157,0.3478
valet,0.4157,0.4011
chine,0.4157,0.3560
jusqu,0.4157,0.3345
perpétuelle,0.4157,0.3316
caverne,0.4157,0.4435
tournai,0.4157,0.4277
prononcer,0.4157,0.4219
dépendans,0.4156,0.3312
voulons,0.4156,0.3930
rendue,0.4156,0.3706
i's,0.4156,0.3697
they,0.4155,0.3581
ac,0.4155,0.4898
quie,0.4154,0.4000
condamnent,0.4154,0.4552
preface,0.4154,0.3596
foire,0.4154,0.4154
decembre,0.4154,0.2757
battu,0.4154,0.4578
luc,0.4153,0.3808
s'attirer,0.4153,0.3407
ocr,0.4153,0.3009
bassin,0.4153,0.4007
reconnoissancent,0.4152,0.4690
dil,0.4152,0.3939
exposition,0.4152,0.3885
bourse,0.4151,0.4696
principal,0.4151,0.3093
assurément,0.4151,0.3034
nuit,0.4151,0.4238
destinés,0.4151,0.2483
dii,0.4151,0.3508
l'intention,0.4150,0.2641
joignent,0.4150,0.3827
retenus,0.4150,0.3241
incapables,0.4150,0.4424
d'icelle,0.4150,0.3769
régler,0.4150,0.4161
nie,0.4149,0.4029
compagnons,0.4149,0.4095
deviendront,0.4149,0.2784
order,0.4149,0.3515
tal,0.4149,0.4882
su,0.4148,0.3436
copies,0.4148,0.4913
consommation,0.4147,0.4108
mène,0.4147,0.3306
proposé,0.4147,0.3865
couvroit,0.4147,0.4012
ministres,0.4147,0.3876
troye,0.4147,0.4078
fd,0.4147,0.3720
environne,0.4146,0.2846
diu,0.4146,0.3998
surmonter,0.4146,0.2995
rons,0.4146,0.4327
alter,0.4145,0.3536
quarre,0.4145,0.4357
turcs,0.4145,0.4141
emploie,0.4144,0.3481
augmentation,0.4144,0.3853
magnifiquement,0.4144,0.5408
oni,0.4141,0.3881
zooo,0.4141,0.4058
conversation,0.4141,0.4577
ius,0.4141,0.4094
taxe,0.4141,0.4238
vicomté,0.4141,0.3930
engagé,0.4140,0.4184
conseil,0.4140,0.3641
merci,0.4139,0.3205
enjoint,0.4139,0.5402
devint,0.4139,0.4268
d'europe,0.4139,0.3705
vf,0.4138,0.5339
procureur,0.4138,0.3849
dec,0.4138,0.4066
xl,0.4138,0.3720
neveux,0.4137,0.3121
veines,0.4137,0.4355
fief,0.4137,0.3878
rio,0.4137,0.4489
l'ancre,0.4137,0.4890
exécuter,0.4136,0.4706
cherchons,0.4136,0.4735
patres,0.4136,0.4054
épées,0.4135,0.4604
bibliotheque,0.4135,0.3603
réfléchir,0.4135,0.2780
roulent,0.4135,0.4225
intendant,0.4135,0.4673
respe,0.4135,0.3499
faire,0.4135,0.3764
menu,0.4135,0.3993
og,0.4132,0.4699
entreprise,0.4132,0.4197
ville,0.4131,0.3226
violer,0.4131,0.2551
éclater,0.4131,0.4094
obliger,0.4130,0.4035
tur,0.4129,0.4178
doubles,0.4129,0.4082
fiit,0.4129,0.4119
suffit,0.4129,0.4211
tit,0.4129,0.5094
conviens,0.4129,0.3789
catherine,0.4129,0.4242
pte,0.4128,0.4756
obscures,0.4128,0.2932
voila,0.4127,0.4060
l'addition,0.4127,0.4404
créance,0.4127,0.3385
écrivent,0.4127,0.4303
nées,0.4126,0.3467
apportée,0.4126,0.4196
aimez,0.4126,0.4434
féjour,0.4126,0.3373
quii,0.4126,0.3537
s'abandonner,0.4126,0.3716
coquette,0.4126,0.4369
places,0.4125,0.4620
pt,0.4125,0.3668
suffrages,0.4125,0.2501
secondé,0.4125,0.3597
méthode,0.4124,0.3645
élevés,0.4124,0.2526
meurent,0.4124,0.4000
maligne,0.4124,0.4292
envoyoit,0.4123,0.3532
disoient,0.4123,0.3417
tuent,0.4123,0.4340
importantes,0.4123,0.4125
tins,0.4123,0.4664
querelles,0.4122,0.2371
exhorte,0.4122,0.3466
admirable,0.4122,0.3690
mortier,0.4122,0.2991
briller,0.4122,0.4172
sortent,0.4122,0.4035
évidence,0.4121,0.2625
mensonges,0.4121,0.3118
dux,0.4121,0.4498
partirent,0.4119,0.3989
serviteurs,0.4119,0.4476
nymphe,0.4118,0.4503
colleges,0.4118,0.3462
serve,0.4118,0.4793
séduire,0.4118,0.2933
cx,0.4118,0.3749
personnage,0.4117,0.4526
difficultés,0.4117,0.2321
fincere,0.4117,0.2851
m'aimez,0.4117,0.4047
flancs,0.4116,0.3920
ressentir,0.4116,0.2579
lentulus,0.4116,0.4100
regardoient,0.4115,0.4003
satyre,0.4115,0.3866
hi,0.4115,0.4789
conservant,0.4115,0.2900
cra,0.4114,0.4964
écoutez,0.4114,0.3792
possibles,0.4114,0.3907
mademoiselle,0.4114,0.3481
sauvage,0.4114,0.3185
pi,0.4113,0.3755
meme,0.4113,0.3814
publié,0.4113,0.4635
ani,0.4112,0.4261
rangers,0.4112,0.4829
laissent,0.4112,0.4235
bc,0.4111,0.4670
reçois,0.4111,0.3888
montré,0.4111,0.3567
lun,0.4110,0.3611
prodigieuse,0.4110,0.4246
sots,0.4110,0.3543
dispense,0.4110,0.3322
réussi,0.4110,0.3900
range,0.4110,0.3805
acquit,0.4110,0.4016
d'orgueil,0.4110,0.3807
constance,0.4110,0.3446
hardie,0.4109,0.2943
d'art,0.4108,0.3421
vei,0.4108,0.4817
poussent,0.4108,0.4035
magasins,0.4108,0.4430
employent,0.4107,0.3872
divines,0.4107,0.4422
ennuis,0.4107,0.4719
châtiment,0.4107,0.4310
dti,0.4107,0.3742
gouvernement,0.4106,0.2161
séparation,0.4106,0.3389
huitieme,0.4106,0.3656
blâme,0.4106,0.3038
l'escadre,0.4106,0.4600
tellus,0.4106,0.3290
chargée,0.4105,0.3799
commandant,0.4104,0.3342
quittance,0.4104,0.4062
fr,0.4104,0.4071
d'accepter,0.4104,0.2783
fraude,0.4103,0.2679
outrages,0.4102,0.2858
d'affaire,0.4102,0.3357
polir,0.4102,0.4411
ministère,0.4102,0.3159
vr,0.4102,0.3380
violette,0.4101,0.4635
l'époux,0.4101,0.3537
débiteurs,0.4101,0.3567
piu,0.4100,0.4364
faisons,0.4100,0.4078
by,0.4100,0.3820
festins,0.4100,0.3786
donnes,0.4099,0.4030
attraits,0.4099,0.3997
iant,0.4099,0.5097
destin,0.4098,0.3752
parbleu,0.4098,0.3989
bord,0.4098,0.4073
donnerent,0.4097,0.3513
monter,0.4097,0.3879
desire,0.4097,0.3711
l'abri,0.4096,0.2109
maintenir,0.4096,0.4030
tourne,0.4096,0.3789
voyageurs,0.4096,0.2929
clou,0.4096,0.3972
vivantes,0.4095,0.4138
indigné,0.4095,0.3987
paroisses,0.4095,0.2518
passer,0.4095,0.3687
succès,0.4094,0.4498
prcs,0.4094,0.3596
originaux,0.4093,0.4571
vengeance,0.4093,0.4359
donnons,0.4093,0.5929
excité,0.4093,0.2451
nourri,0.4093,0.3231
s'ouvre,0.4092,0.3204
garnie,0.4091,0.3690
demandons,0.4091,0.4392
rond,0.4091,0.3787
vert,0.4091,0.5435
philosophe,0.4090,0.3358
vement,0.4090,0.3765
bibliothèque,0.4089,0.3515
concerts,0.4089,0.3623
uu,0.4089,0.4392
réglées,0.4089,0.3153
rex,0.4089,0.4044
quentin,0.4089,0.3663
mères,0.4089,0.3866
os,0.4088,0.3717
déguiser,0.4088,0.3447
placet,0.4088,0.4482
promettent,0.4088,0.3026
gn,0.4087,0.3580
née,0.4087,0.3199
tare,0.4087,0.5350
froids,0.4086,0.4227
oli,0.4086,0.4852
pcu,0.4086,0.3393
loix,0.4086,0.3926
bizarre,0.4086,0.4001
sécher,0.4085,0.3953
pesanteur,0.4084,0.2780
moulin,0.4084,0.3594
faveurs,0.4083,0.4333
bestiaux,0.4083,0.4356
touchée,0.4083,0.3820
infamie,0.4083,0.3012
aiu,0.4083,0.4223
souhaitez,0.4082,0.3719
danis,0.4082,0.4028
moyen,0.4082,0.3877
fiers,0.4082,0.2724
toient,0.4082,0.4641
nues,0.4081,0.3259
usage,0.4081,0.3674
zs,0.4081,0.3693
chargées,0.4081,0.2629
amants,0.4081,0.3325
conversations,0.4081,0.4710
pouroit,0.4080,0.3038
maî,0.4080,0.3206
quarré,0.4080,0.3669
parlé,0.4079,0.3741
pile,0.4079,0.4284
poe,0.4078,0.4517
brandebourg,0.4078,0.4560
rendoit,0.4078,0.3768
contraints,0.4078,0.3838
éloges,0.4077,0.3960
pensé,0.4077,0.3184
difficiles,0.4077,0.4636
empêcher,0.4077,0.4767
trous,0.4077,0.3946
artillerie,0.4076,0.4228
honorer,0.4076,0.2828
farouche,0.4075,0.2947
chiffres,0.4075,0.4490
dlu,0.4075,0.3373
consternation,0.4074,0.2750
avancée,0.4074,0.4337
liv,0.4074,0.3473
sénateurs,0.4074,0.3843
plaignent,0.4073,0.3576
berger,0.4073,0.4267
charmante,0.4073,0.3869
d'ame,0.4072,0.3080
marié,0.4072,0.3993
gand,0.4072,0.4827
soulager,0.4072,0.2493
vierges,0.4072,0.4539
sévérité,0.4071,0.2808
dcr,0.4071,0.4260
travailloit,0.4071,0.4592
démarche,0.4071,0.4672
verrez,0.4071,0.3778
cuirs,0.4071,0.3362
desquels,0.4070,0.3374
nce,0.4070,0.3520
dame,0.4070,0.4634
cerf,0.4070,0.3803
déterminée,0.4069,0.3115
dureté,0.4069,0.2762
courte,0.4069,0.4176
apparente,0.4069,0.3484
semences,0.4068,0.4168
guere,0.4068,0.3699
ferait,0.4068,0.3496
renouvelle,0.4068,0.3333
préparée,0.4068,0.3177
lz,0.4067,0.3592
vif,0.4067,0.2873
vendre,0.4066,0.3362
parjure,0.4066,0.4045
cheval,0.4066,0.3981
gouverne,0.4066,0.2770
incontinent,0.4065,0.3707
d'herbes,0.4065,0.3854
xxix,0.4064,0.3872
fourni,0.4064,0.4034
appareil,0.4063,0.3716
chagrin,0.4063,0.3661
rci,0.4063,0.3492
soo,0.4061,0.3456
romains,0.4061,0.3866
considérables,0.4060,0.3754
déclarant,0.4060,0.3028
fumée,0.4060,0.4295
l'appartement,0.4059,0.4276
prosession,0.4058,0.4054
notaire,0.4058,0.4307
éclaircissement,0.4058,0.4716
inquiétudes,0.4058,0.1975
sublimes,0.4058,0.2579
l'exception,0.4058,0.2757
fines,0.4057,0.2826
ae,0.4057,0.3892
d'entr'eux,0.4057,0.2908
conta,0.4057,0.4837
d'avouer,0.4057,0.3048
perfections,0.4057,0.4129
condamnation,0.4056,0.4386
puni,0.4056,0.4298
bel,0.4056,0.2605
parurent,0.4056,0.3988
hongrie,0.4055,0.4717
scrupules,0.4055,0.4027
courts,0.4055,0.3816
uine,0.4055,0.4019
qu'il,0.4054,0.3998
mr,0.4054,0.3949
envoyées,0.4054,0.4558
urs,0.4054,0.3852
affis,0.4054,0.3645
savez,0.4052,0.3902
coupé,0.4052,0.3741
vendus,0.4052,0.4212
commode,0.4052,0.4550
ronde,0.4052,0.3919
tint,0.4052,0.3795
enfoncé,0.4052,0.4462
iln,0.4052,0.3455
retira,0.4052,0.3671
conquêtes,0.4051,0.4360
achille,0.4051,0.4177
perdra,0.4051,0.3194
chaloupes,0.4051,0.3554
routes,0.4051,0.3171
desirer,0.4050,0.2830
che,0.4050,0.4570
promesse,0.4049,0.4551
danger,0.4049,0.4472
datée,0.4049,0.4421
grâce,0.4049,0.3460
libre,0.4048,0.2982
lieutenant,0.4048,0.4061
pio,0.4048,0.4416
dixième,0.4048,0.4444
voyage,0.4047,0.3806
ambassadeur,0.4046,0.4326
soupire,0.4046,0.2426
jean,0.4046,0.3468
l'équité,0.4046,0.2891
réponse,0.4046,0.4227
poète,0.4046,0.3727
plates,0.4045,0.3804
pis,0.4045,0.3196
chaude,0.4045,0.3558
régence,0.4045,0.3419
up,0.4045,0.4709
rassembler,0.4044,0.2672
choque,0.4043,0.3819
sient,0.4043,0.3872
quoiqu'il,0.4042,0.4270
cruelles,0.4042,0.3891
impériaux,0.4042,0.3991
meurs,0.4042,0.2907
plan,0.4041,0.2692
douleur,0.4040,0.3619
ois,0.4040,0.3682
heureuse,0.4040,0.3983
vou,0.4040,0.3992
l'admiration,0.4040,0.3129
vache,0.4040,0.4241
sut,0.4039,0.3226
couvrir,0.4039,0.3946
près,0.4039,0.5001
conditions,0.4039,0.4285
riante,0.4039,0.3304
division,0.4037,0.2798
bona,0.4037,0.3234
contiendra,0.4036,0.3171
d'icelui,0.4035,0.3545
l'exil,0.4035,0.3840
fausses,0.4035,0.2517
portugal,0.4035,0.4038
sénat,0.4034,0.3973
nue,0.4034,0.3662
canal,0.4034,0.5056
l'expérience,0.4034,0.2744
prie,0.4034,0.3740
empêchent,0.4034,0.3795
ch,0.4032,0.4855
distinctions,0.4032,0.2555
iel,0.4032,0.4366
pluies,0.4032,0.3239
s'empara,0.4032,0.2748
orat,0.4032,0.3667
dm,0.4032,0.4080
fausse,0.4031,0.2797
préjudice,0.4031,0.4385
sr,0.4031,0.4284
pillage,0.4031,0.2399
curieuse,0.4031,0.4867
consume,0.4031,0.2915
semence,0.4031,0.4092
rage,0.4031,0.4442
diront,0.4030,0.4075
xxx,0.4030,0.3635
iss,0.4029,0.4946
super,0.4029,0.4491
reg,0.4029,0.4061
hoc,0.4029,0.3727
coin,0.4029,0.3101
contrées,0.4028,0.3694
apollon,0.4028,0.3920
ferment,0.4028,0.2892
ornemens,0.4028,0.4299
feu,0.4027,0.2679
porterent,0.4027,0.4191
matières,0.4027,0.2863
xxxix,0.4027,0.4426
text,0.4027,0.3833
famine,0.4026,0.2587
uil,0.4026,0.3950
garni,0.4026,0.4040
we,0.4026,0.3549
luxe,0.4025,0.2396
florence,0.4025,0.4463
qul,0.4025,0.4361
d'exiger,0.4025,0.2968
c'c,0.4025,0.3871
surnom,0.4025,0.2754
bordure,0.4025,0.3435
right,0.4025,0.3745
rendent,0.4024,0.4389
egard,0.4024,0.3696
grossier,0.4024,0.3024
df,0.4024,0.4130
impatience,0.4024,0.3787
l'extrême,0.4023,0.3101
délicats,0.4023,0.3832
fide,0.4023,0.4463
virgile,0.4022,0.4187
bail,0.4022,0.3274
natif,0.4022,0.2945
charité,0.4021,0.2784
airs,0.4021,0.4208
fidèle,0.4020,0.2620
vis,0.4020,0.4354
etl,0.4020,0.3470
insupportable,0.4020,0.2664
sergens,0.4019,0.3912
exclure,0.4019,0.3173
augure,0.4019,0.3050
blanchir,0.4019,0.4681
ront,0.4019,0.4069
vol,0.4019,0.4205
fonda,0.4019,0.3486
venois,0.4018,0.4333
demandez,0.4018,0.3960
appellé,0.4018,0.3192
victimes,0.4018,0.2514
lien,0.4018,0.3313
gresse,0.4017,0.2729
disons,0.4017,0.5027
entrerent,0.4017,0.4067
ilest,0.4017,0.3982
craignez,0.4016,0.3862
abolir,0.4016,0.3154
souffrez,0.4015,0.4561
lera,0.4015,0.3758
quinzième,0.4015,0.3461
bonne,0.4015,0.3766
faille,0.4015,0.3893
traverse,0.4014,0.3029
clefs,0.4014,0.4969
reçu,0.4014,0.3924
broderie,0.4014,0.3593
sols,0.4013,0.4055
menus,0.4013,0.3977
piéce,0.4013,0.3633
diviser,0.4013,0.3997
incertaine,0.4012,0.3139
jusqu'à,0.4012,0.3839
fermens,0.4012,0.2917
ooo,0.4012,0.3178
poursuivit,0.4012,0.4710
certitude,0.4012,0.2243
ambassadeurs,0.4012,0.4804
deviendra,0.4011,0.2553
décisions,0.4011,0.2437
occidentale,0.4011,0.3975
réglée,0.4011,0.3001
pcre,0.4011,0.4163
cocher,0.4011,0.4007
cologne,0.4011,0.3681
ecl,0.4010,0.5049
remarquer,0.4010,0.3559
changeant,0.4010,0.3280
exact,0.4010,0.2680
tome,0.4009,0.3796
ongles,0.4009,0.3654
ra,0.4009,0.3713
eté,0.4009,0.2757
mp,0.4008,0.3628
attiré,0.4008,0.3954
qule,0.4008,0.3984
crime,0.4008,0.4315
jj,0.4007,0.4818
fignifie,0.4007,0.3577
demeurent,0.4007,0.3228
ites,0.4006,0.3896
viendront,0.4006,0.3969
soutien,0.4005,0.3013
ux,0.4005,0.3368
divertissemens,0.4004,0.4299
contenues,0.4004,0.3801
ys,0.4003,0.3821
ligion,0.4003,0.3066
instruction,0.4003,0.3406
commet,0.4002,0.3368
tuis,0.4002,0.2981
sixieme,0.4001,0.3900
invisible,0.4000,0.3604
redevables,0.4000,0.3021
xxv,0.4000,0.3682
maisons,0.4000,0.3766
prêtre,0.3999,0.4592
consenti,0.3999,0.3281
sincere,0.3999,0.3540
cô,0.3999,0.3755
frappé,0.3999,0.4439
guérison,0.3999,0.3110
hc,0.3999,0.3584
conseiller,0.3998,0.4378
gorge,0.3998,0.3727
ute,0.3998,0.4694
durable,0.3998,0.2597
rand,0.3998,0.4171
serpens,0.3996,0.4755
mots,0.3996,0.4109
domaines,0.3996,0.3523
savois,0.3996,0.3915
laissera,0.3996,0.3522
produisent,0.3995,0.3852
retranchement,0.3995,0.3949
commodités,0.3995,0.2542
unies,0.3995,0.3944
vanneau,0.3995,0.4932
continuent,0.3994,0.2753
him,0.3994,0.3892
intérêts,0.3993,0.3433
reine,0.3993,0.4496
derriere,0.3993,0.3883
meure,0.3993,0.3115
tourmens,0.3993,0.4015
face,0.3992,0.3262
publiquement,0.3992,0.3072
contribue,0.3992,0.4438
reconnu,0.3992,0.3696
élus,0.3991,0.2963
requêtes,0.3991,0.4096
conde,0.3991,0.3403
lettre,0.3991,0.4465
qur,0.3990,0.5138
feize,0.3989,0.3713
meilleures,0.3989,0.4461
qu'el,0.3989,0.2792
crimes,0.3989,0.3571
attendre,0.3989,0.4000
informé,0.3988,0.4115
espagnole,0.3988,0.4047
termina,0.3988,0.2663
commentateurs,0.3988,0.3575
court,0.3988,0.3800
guyenne,0.3987,0.4800
sci,0.3987,0.4419
branches,0.3987,0.3252
iui,0.3987,0.3970
fine,0.3987,0.3369
incertains,0.3987,0.3977
sureté,0.3987,0.2618
mourut,0.3986,0.3769
terrein,0.3986,0.2273
ravie,0.3986,0.4456
conduire,0.3986,0.4036
choquer,0.3986,0.3338
souvenir,0.3985,0.2114
moscovie,0.3985,0.3636
version,0.3985,0.3452
l'isle,0.3985,0.4052
queles,0.3985,0.3376
ple,0.3984,0.3294
iy,0.3984,0.3913
pent,0.3984,0.4184
pris,0.3984,0.3516
profession,0.3984,0.3633
tui,0.3984,0.3889
direz,0.3983,0.3990
anno,0.3983,0.3802
blic,0.3983,0.2772
odeur,0.3983,0.3919
arme,0.3983,0.3403
poitrine,0.3983,0.3571
oblige,0.3983,0.3689
i'a,0.3983,0.4084
contentez,0.3982,0.4391
chevaux,0.3982,0.4327
jugé,0.3981,0.3668
vierge,0.3981,0.4077
latine,0.3981,0.3571
commerce,0.3981,0.4361
attentive,0.3981,0.3402
enfermée,0.3981,0.3665
lde,0.3981,0.3814
sauveur,0.3980,0.4842
hôpitaux,0.3980,0.4310
rétablissement,0.3980,0.2826
communs,0.3979,0.3090
circonstance,0.3979,0.3452
vérité,0.3978,0.4518
soldat,0.3978,0.4811
surprise,0.3977,0.4071
comprend,0.3977,0.4233
formoient,0.3977,0.2236
caire,0.3977,0.3901
ju,0.3977,0.4023
sacrifie,0.3976,0.2500
cia,0.3976,0.3748
loca,0.3976,0.3111
lre,0.3976,0.4003
retentir,0.3976,0.3505
nde,0.3976,0.4292
app,0.3976,0.4493
eni,0.3976,0.3542
descendu,0.3975,0.4091
retenir,0.3975,0.4115
bâti,0.3974,0.4304
timide,0.3974,0.2585
pieces,0.3974,0.3258
coloris,0.3974,0.4212
forment,0.3974,0.3353
nifi,0.3974,0.2984
tribus,0.3974,0.3027
lès,0.3973,0.3974
bannir,0.3973,0.2811
bicn,0.3973,0.3566
pleurer,0.3972,0.4630
prens,0.3972,0.2976
s'adresse,0.3971,0.3135
jo,0.3971,0.4009
assez,0.3971,0.3519
culture,0.3970,0.2570
c'est,0.3970,0.3814
eb,0.3969,0.4189
mouton,0.3969,0.3534
maitre,0.3969,0.3540
nomma,0.3969,0.3566
venit,0.3969,0.2890
annuelle,0.3968,0.2929
miseres,0.3968,0.3053
disposée,0.3967,0.3648
sortes,0.3967,0.3583
d'environ,0.3967,0.4311
arnaud,0.3967,0.3688
corrompre,0.3967,0.2998
xxiv,0.3967,0.3523
parce,0.3966,0.4304
procès,0.3966,0.4309
lorsqu'elles,0.3966,0.3868
chêne,0.3966,0.4155
ior,0.3964,0.4098
assises,0.3964,0.4171
capitale,0.3964,0.2352
rien,0.3964,0.3514
l'embouchure,0.3964,0.4269
attribuent,0.3963,0.4831
much,0.3963,0.3123
barbare,0.3963,0.4524
greffe,0.3963,0.3610
nit,0.3963,0.4550
suspect,0.3963,0.3323
instruite,0.3963,0.2920
declare,0.3962,0.4384
sorties,0.3962,0.3798
l'eau,0.3962,0.3515
cui,0.3962,0.4235
liaison,0.3962,0.3932
lts,0.3961,0.4190
conséquences,0.3961,0.4467
mers,0.3961,0.4150
accepté,0.3961,0.4055
sieur,0.3960,0.3485
dir,0.3960,0.3652
comprendre,0.3960,0.3651
n'osa,0.3959,0.4402
vautre,0.3959,0.3494
présenta,0.3959,0.3792
auquel,0.3959,0.4164
grace,0.3959,0.4125
bacchus,0.3959,0.4665
avo,0.3958,0.3824
ramener,0.3958,0.2528
soupirs,0.3958,0.4183
da,0.3957,0.4276
ifr,0.3957,0.4993
colline,0.3957,0.3983
qu'elles,0.3957,0.3675
déplorable,0.3957,0.4102
eglises,0.3956,0.3450
ition,0.3956,0.4961
nen,0.3956,0.4732
personne,0.3956,0.3381
ez,0.3955,0.3729
ret,0.3955,0.4487
boni,0.3953,0.3956
cz,0.3952,0.3249
cntre,0.3952,0.4047
limité,0.3952,0.2854
voleurs,0.3952,0.2966
l'audace,0.3952,0.2866
étrangère,0.3951,0.2825
cacha,0.3951,0.5284
démontrer,0.3950,0.3420
entendons,0.3949,0.4259
regardent,0.3949,0.3707
dle,0.3949,0.3160
arrivant,0.3949,0.5091
mia,0.3948,0.4257
deux,0.3948,0.3907
vigilance,0.3948,0.2167
crois,0.3947,0.3491
panier,0.3947,0.4309
aborder,0.3946,0.4473
considérer,0.3946,0.3526
fidèles,0.3946,0.4174
laisseroit,0.3945,0.4035
définition,0.3945,0.4857
couronnement,0.3944,0.3667
ctl,0.3944,0.4386
fidelle,0.3944,0.3397
paille,0.3944,0.4565
délivrée,0.3943,0.3190
terram,0.3943,0.3894
réduire,0.3943,0.4453
incontestable,0.3943,0.2820
insulte,0.3942,0.2966
lucile,0.3942,0.3929
familles,0.3942,0.4281
moit,0.3942,0.3875
auxdits,0.3942,0.4306
bl,0.3942,0.3615
prévention,0.3942,0.2633
épouser,0.3941,0.4015
triomphes,0.3941,0.4124
ria,0.3941,0.3827
chariot,0.3941,0.3258
battus,0.3940,0.2883
rende,0.3940,0.3685
rival,0.3940,0.3767
montent,0.3939,0.4082
couverte,0.3939,0.3578
bâtimens,0.3939,0.4112
mesure,0.3938,0.2509
descendant,0.3938,0.3611
saura,0.3938,0.3219
concevoir,0.3938,0.3541
pécheurs,0.3937,0.4300
villa,0.3936,0.4703
iri,0.3936,0.3338
uli,0.3936,0.4226
disait,0.3935,0.3608
quoiqu'ils,0.3935,0.2536
sot,0.3935,0.3601
cruellement,0.3935,0.2928
croît,0.3935,0.4337
représenté,0.3934,0.2786
gentilshommes,0.3934,0.3965
aie,0.3933,0.3820
misère,0.3933,0.2242
montauban,0.3933,0.5204
surtout,0.3933,0.2885
vagues,0.3933,0.2991
quele,0.3932,0.4467
venue,0.3931,0.3781
quinzaine,0.3931,0.3847
retirés,0.3931,0.2763
fi,0.3931,0.3484
sic,0.3931,0.4331
vivere,0.3930,0.3427
détermina,0.3930,0.3969
fermiers,0.3930,0.4250
broche,0.3929,0.3476
pf,0.3929,0.4232
d'admirer,0.3929,0.3378
crie,0.3928,0.4366
aj,0.3928,0.3539
éloignés,0.3928,0.2210
taken,0.3928,0.2975
roman,0.3928,0.3366
guère,0.3928,0.3823
instant,0.3928,0.3646
chercha,0.3927,0.4161
scpt,0.3927,0.3718
mêlée,0.3927,0.4889
viendroit,0.3926,0.4261
l'ifle,0.3926,0.3489
voilà,0.3926,0.3575
rompt,0.3926,0.2839
poitou,0.3925,0.4230
cll,0.3925,0.3953
d'exécuter,0.3925,0.2811
lieutenants,0.3925,0.3483
pouir,0.3924,0.3817
recevront,0.3924,0.3525
commençoit,0.3924,0.3237
prétendue,0.3924,0.3133
piece,0.3924,0.3097
joints,0.3923,0.2961
écu,0.3923,0.2214
petite,0.3923,0.4168
hôtel,0.3922,0.4012
only,0.3922,0.2475
ravages,0.3922,0.2144
toits,0.3922,0.3363
nons,0.3922,0.3329
payemens,0.3921,0.4304
mangé,0.3921,0.3692
réciproquement,0.3921,0.3174
chapelle,0.3920,0.4063
pieux,0.3920,0.4223
fievre,0.3920,0.3839
empêche,0.3919,0.3844
here,0.3919,0.4429
anr,0.3918,0.4173
ques,0.3918,0.3842
garçon,0.3918,0.3643
entouré,0.3917,0.3098
picce,0.3917,0.3772
observer,0.3916,0.4370
revenus,0.3916,0.4169
oe,0.3916,0.4699
demoiselle,0.3916,0.3653
entre,0.3915,0.4328
s'arrêta,0.3915,0.4375
disent,0.3915,0.3039
dépend,0.3915,0.3793
renvoya,0.3914,0.3585
tirons,0.3914,0.3852
mc,0.3914,0.3313
reglemens,0.3914,0.3836
diametre,0.3914,0.3741
poflible,0.3914,0.3644
d'impatience,0.3914,0.4691
faison,0.3914,0.4542
rapport,0.3913,0.1760
era,0.3913,0.3940
agréablement,0.3913,0.3520
extrêmement,0.3913,0.4144
essentiel,0.3912,0.2432
ey,0.3911,0.4290
re,0.3911,0.3365
plume,0.3911,0.2537
flit,0.3911,0.4326
l'excès,0.3911,0.2712
lf,0.3910,0.4249
j'a,0.3910,0.3325
conformément,0.3910,0.4109
ncr,0.3909,0.4638
mouche,0.3909,0.3631
roule,0.3909,0.2320
réglemens,0.3908,0.3045
ancienneté,0.3908,0.3401
mare,0.3908,0.4365
ud,0.3908,0.3492
échappe,0.3906,0.2834
paye,0.3906,0.3879
épousé,0.3906,0.3654
secretaires,0.3906,0.4620
étrangers,0.3905,0.3993
l'i,0.3905,0.4667
tut,0.3905,0.4143
oti,0.3905,0.4800
lei,0.3904,0.3915
vaut,0.3904,0.3809
grosseur,0.3904,0.4151
avc,0.3904,0.3827
lles,0.3904,0.3758
imprimeur,0.3904,0.2807
répondez,0.3904,0.3433
fondation,0.3903,0.3087
violentes,0.3902,0.2510
éteinte,0.3902,0.3275
lèvres,0.3902,0.4028
he,0.3901,0.4133
trésorier,0.3901,0.3574
expier,0.3900,0.2966
my,0.3900,0.4865
attaquer,0.3900,0.4052
procure,0.3900,0.2134
humblement,0.3900,0.3251
ayez,0.3899,0.3934
tics,0.3899,0.4301
représentations,0.3899,0.2560
erit,0.3898,0.2625
frontières,0.3898,0.3673
débauche,0.3898,0.2741
empressement,0.3898,0.4077
duché,0.3898,0.4292
docteurs,0.3897,0.3838
monarques,0.3897,0.4205
old,0.3896,0.3354
prenez,0.3895,0.3682
pensées,0.3895,0.4017
poils,0.3894,0.3997
ée,0.3894,0.4841
l'amirauté,0.3894,0.4461
publiée,0.3894,0.5156
ar,0.3894,0.4828
trefles,0.3894,0.3935
embrasser,0.3893,0.3130
plante,0.3893,0.3879
irrite,0.3892,0.4197
iont,0.3892,0.3026
humaines,0.3892,0.4440
servira,0.3892,0.3958
comte,0.3892,0.3568
l'afrique,0.3891,0.4079
chrétiennes,0.3891,0.3454
osez,0.3890,0.4096
brie,0.3890,0.4080
revêtus,0.3889,0.2554
fureur,0.3889,0.3753
finis,0.3889,0.3055
l'abbaye,0.3889,0.2934
bray,0.3889,0.4838
étonnement,0.3889,0.4066
remplit,0.3888,0.2607
rebelles,0.3888,0.3100
cum,0.3888,0.4168
garçons,0.3888,0.4586
l'arc,0.3887,0.3768
boivent,0.3887,0.4062
fournis,0.3887,0.2756
drogues,0.3887,0.4173
humbles,0.3886,0.3879
parlera,0.3886,0.2737
lâche,0.3886,0.5072
impostures,0.3886,0.3610
trois,0.3886,0.3034
l'obtenir,0.3886,0.3305
bit,0.3885,0.4822
mettroit,0.3885,0.3683
picardie,0.3885,0.4490
remporter,0.3885,0.3170
connais,0.3885,0.3538
bras,0.3885,0.3965
ruses,0.3884,0.2591
minorité,0.3884,0.3015
catalogue,0.3884,0.3466
abbaye,0.3884,0.4395
aures,0.3884,0.3925
juda,0.3883,0.4347
retraites,0.3883,0.2539
its,0.3883,0.3856
plainte,0.3882,0.2838
laid,0.3882,0.3895
data,0.3881,0.3836
tet,0.3881,0.4762
vermillon,0.3881,0.3604
mariée,0.3881,0.3495
génies,0.3881,0.2550
intérêt,0.3881,0.3760
c'cst,0.3881,0.4371
conviennent,0.3880,0.4225
monstres,0.3880,0.2788
fii,0.3880,0.4072
sorti,0.3880,0.4512
eglise,0.3880,0.3288
clle,0.3879,0.4006
inconnues,0.3879,0.2658
spirituels,0.3879,0.5328
ad,0.3879,0.4261
ouvrage,0.3879,0.3569
l'exercice,0.3879,0.3147
ouverts,0.3879,0.2780
roma,0.3879,0.3520
lia,0.3878,0.3958
xxviii,0.3878,0.3683
filets,0.3878,0.4492
peintes,0.3878,0.4151
inquiétude,0.3878,0.4002
unit,0.3877,0.2945
d'obéir,0.3877,0.2804
poil,0.3877,0.4402
inconvenient,0.3877,0.3150
anvers,0.3877,0.4035
minces,0.3877,0.3904
retiré,0.3877,0.3518
philosophie,0.3876,0.3724
monnoies,0.3876,0.4566
grêle,0.3876,0.2663
effacer,0.3876,0.2895
criant,0.3875,0.4955
sitôt,0.3875,0.3362
provision,0.3875,0.3068
trouverez,0.3875,0.3692
piéces,0.3874,0.3163
tristesse,0.3874,0.3987
souliers,0.3874,0.4093
trc,0.3873,0.3490
bus,0.3873,0.3836
pasteurs,0.3873,0.4801
paquet,0.3873,0.3960
renverser,0.3872,0.2695
pais,0.3871,0.2477
hautement,0.3871,0.2747
haï,0.3871,0.3696
hit,0.3870,0.5197
progrès,0.3870,0.2581
fâcheuses,0.3869,0.2988
cérémonie,0.3869,0.3701
épée,0.3869,0.4494
entièrement,0.3868,0.3318
retour,0.3868,0.3704
connoissancez,0.3867,0.3893
falut,0.3867,0.2750
nd,0.3867,0.3880
ecrivain,0.3867,0.2961
prêtent,0.3866,0.3325
aigre,0.3866,0.3320
pernicieuse,0.3866,0.2949
accabler,0.3865,0.3333
d'icelles,0.3865,0.3876
mandé,0.3865,0.3702
lasse,0.3865,0.2469
prendra,0.3864,0.2972
genoux,0.3864,0.4008
entreprises,0.3864,0.4852
choses,0.3864,0.3724
recevroit,0.3863,0.3859
méprise,0.3863,0.3167
iront,0.3862,0.3352
lege,0.3862,0.3321
vante,0.3862,0.3385
entière,0.3861,0.3735
loups,0.3861,0.3419
vivez,0.3860,0.4542
dijon,0.3860,0.4407
ecus,0.3859,0.4846
précipice,0.3859,0.2770
paysans,0.3859,0.2837
pape,0.3859,0.3925
curieuses,0.3859,0.4972
subtile,0.3859,0.3228
verd,0.3859,0.4077
fais,0.3858,0.3501
faible,0.3858,0.3058
présomption,0.3858,0.3758
venise,0.3858,0.4242
demoiselles,0.3858,0.3916
xxvii,0.3858,0.3572
aimé,0.3857,0.4305
doir,0.3857,0.3234
public,0.3857,0.1973
icn,0.3857,0.3644
clause,0.3856,0.3976
remarqué,0.3856,0.4084
gro,0.3856,0.4664
machines,0.3855,0.2592
çà,0.3855,0.3061
retours,0.3855,0.3264
ico,0.3855,0.3154
audiences,0.3853,0.3145
allant,0.3853,0.4461
too,0.3853,0.3872
arrivoit,0.3853,0.3583
femelles,0.3852,0.3807
offrit,0.3852,0.3377
blois,0.3852,0.5272
rencontrer,0.3852,0.4021
avantage,0.3852,0.4093
bienséance,0.3851,0.3283
solide,0.3851,0.2579
bo,0.3851,0.3966
souffle,0.3851,0.2759
gouvernail,0.3851,0.3683
tcs,0.3850,0.3912
convient,0.3850,0.3862
itr,0.3850,0.3316
complots,0.3850,0.2382
vill,0.3850,0.4335
sj,0.3849,0.3973
vertes,0.3849,0.4597
you,0.3848,0.3658
elf,0.3848,0.3357
sublime,0.3848,0.2902
bouilli,0.3848,0.4587
plomb,0.3847,0.3535
entretenus,0.3847,0.2973
conçois,0.3847,0.3055
principauté,0.3847,0.2983
payoient,0.3846,0.3648
fleuve,0.3846,0.3881
bureaux,0.3846,0.4238
jeter,0.3846,0.2903
enflammé,0.3845,0.3045
bizarres,0.3845,0.3190
trompée,0.3844,0.2336
célèbre,0.3844,0.3977
bourses,0.3843,0.4852
labourer,0.3843,0.4150
envoyer,0.3843,0.4023
payera,0.3843,0.3606
ailleurs,0.3842,0.2988
ecriture,0.3842,0.3560
décharge,0.3842,0.3170
fers,0.3842,0.2780
présence,0.3841,0.3939
mni,0.3841,0.4082
affligé,0.3841,0.4148
qualités,0.3841,0.3741
paquets,0.3840,0.3672
cce,0.3840,0.4752
ko,0.3840,0.4804
verre,0.3839,0.4763
veni,0.3839,0.5564
taureau,0.3839,0.3609
plutarque,0.3839,0.3721
gras,0.3839,0.3568
bleue,0.3838,0.3677
souffrent,0.3838,0.3567
oient,0.3837,0.3919
beautés,0.3837,0.4062
gagné,0.3836,0.3788
lj,0.3836,0.3326
ps,0.3835,0.4255
abfence,0.3835,0.3076
qt,0.3834,0.3548
arbres,0.3834,0.3521
tais,0.3834,0.2893
five,0.3833,0.4548
imprimer,0.3833,0.4072
montra,0.3833,0.3833
nécessairement,0.3833,0.2402
vapeur,0.3833,0.3762
vérités,0.3833,0.2117
aumônes,0.3833,0.4041
permettent,0.3833,0.3125
jr,0.3832,0.3043
pater,0.3832,0.3993
prévenu,0.3832,0.2987
françois,0.3832,0.3956
répondre,0.3832,0.4217
croyance,0.3832,0.4393
mangent,0.3830,0.3440
écrits,0.3830,0.3492
triomphant,0.3830,0.3762
conclure,0.3830,0.3998
d'entretenir,0.3830,0.2698
mnme,0.3830,0.3971
traduit,0.3830,0.3752
poi,0.3830,0.4095
funeste,0.3829,0.3323
forcer,0.3829,0.4094
serre,0.3829,0.3644
oro,0.3829,0.3713
apr,0.3829,0.2968
garantir,0.3828,0.4032
trouver,0.3828,0.3715
bic,0.3827,0.4539
automne,0.3827,0.4233
fauvé,0.3827,0.3799
coquille,0.3827,0.4082
contrôleur,0.3827,0.3258
gros,0.3826,0.2815
french,0.3826,0.2064
rentré,0.3826,0.3957
né,0.3826,0.3552
négociations,0.3825,0.2530
annuel,0.3825,0.2828
cap,0.3825,0.3949
devinrent,0.3825,0.3584
j'irai,0.3825,0.3619
marcus,0.3825,0.3591
côtes,0.3825,0.3403
rayon,0.3824,0.3138
arracher,0.3824,0.4149
tira,0.3824,0.4196
let,0.3824,0.3739
trembler,0.3824,0.4094
retirer,0.3823,0.3941
entend,0.3823,0.4416
lorsqu,0.3823,0.2784
cfi,0.3823,0.3702
conclut,0.3822,0.2889
accords,0.3822,0.3590
commencemens,0.3822,0.2879
colonies,0.3821,0.3886
expose,0.3821,0.2966
queues,0.3820,0.4850
valoient,0.3819,0.4286
uit,0.3819,0.3698
écus,0.3819,0.3303
iez,0.3819,0.3802
couchée,0.3819,0.4115
baillifs,0.3819,0.1947
aveugle,0.3819,0.2786
moutons,0.3818,0.2720
cei,0.3818,0.4275
jaunes,0.3818,0.3667
ry,0.3818,0.3703
serment,0.3818,0.3718
défendu,0.3818,0.3843
liberté,0.3817,0.2273
pièces,0.3817,0.2936
sacrifice,0.3817,0.2034
pointes,0.3817,0.3711
arcs,0.3817,0.3175
relevent,0.3816,0.3494
l'aime,0.3816,0.3478
aima,0.3816,0.3844
mettons,0.3816,0.5032
rendons,0.3816,0.3587
alu,0.3815,0.4287
bre,0.3814,0.2928
apprenons,0.3814,0.3599
partez,0.3814,0.4468
couteau,0.3814,0.4129
avis,0.3814,0.3811
innocens,0.3813,0.3585
prioit,0.3813,0.3778
sit,0.3812,0.4639
rebuter,0.3812,0.3110
university,0.3812,0.1769
entraîner,0.3812,0.2826
conjoncture,0.3812,0.4603
confreres,0.3811,0.3269
alliance,0.3811,0.3651
s'accommoder,0.3811,0.3353
dises,0.3810,0.4286
forcé,0.3810,0.2826
couronné,0.3810,0.2902
xc,0.3810,0.4587
allions,0.3810,0.3020
qu'auparavant,0.3810,0.3552
dot,0.3810,0.2652
nouvelles,0.3809,0.2314
dri,0.3809,0.3941
faux,0.3809,0.3588
connoître,0.3809,0.3231
yo,0.3808,0.5011
gai,0.3808,0.3380
oul,0.3808,0.4646
remit,0.3807,0.3358
permise,0.3807,0.2975
ql,0.3807,0.3187
s'approche,0.3806,0.3284
ccttc,0.3806,0.4143
l'c,0.3806,0.3758
triompher,0.3806,0.2504
tir,0.3806,0.4437
pâte,0.3805,0.3888
apprenant,0.3805,0.3159
l'amérique,0.3805,0.4187
passent,0.3804,0.4027
tf,0.3803,0.3374
jam,0.3803,0.3853
arrête,0.3803,0.2898
edouard,0.3802,0.4350
parlemens,0.3802,0.4192
cicéron,0.3802,0.3718
côtés,0.3802,0.4191
conformement,0.3801,0.3814
syrie,0.3801,0.3318
l'été,0.3801,0.2684
traitent,0.3800,0.3722
théologie,0.3800,0.2894
differens,0.3800,0.3823
ausi,0.3800,0.3795
desiroit,0.3800,0.3691
qti,0.3800,0.3849
corail,0.3799,0.4408
japon,0.3799,0.3311
marqua,0.3799,0.3852
église,0.3799,0.3379
précipiter,0.3799,0.2625
l'ange,0.3799,0.5260
d'aristote,0.3799,0.3274
occupe,0.3798,0.2710
puiflance,0.3798,0.3554
cousin,0.3797,0.4088
total,0.3797,0.3038
vents,0.3797,0.4160
muids,0.3796,0.4111
fp,0.3796,0.4028
entendus,0.3796,0.2764
animer,0.3795,0.2980
there,0.3795,0.3850
beuf,0.3795,0.4389
beauvais,0.3794,0.4244
rapportent,0.3794,0.4452
melius,0.3794,0.3360
cieux,0.3793,0.4434
sels,0.3793,0.2809
mart,0.3793,0.5251
mutuel,0.3792,0.3485
élévation,0.3792,0.2458
ccc,0.3792,0.4586
entrer,0.3791,0.3792
travaillé,0.3791,0.3876
ioi,0.3791,0.3833
échappé,0.3791,0.2251
premiers,0.3791,0.4187
retirée,0.3791,0.3847
vassaux,0.3790,0.3307
variation,0.3790,0.3693
régner,0.3789,0.2154
rapportée,0.3789,0.3345
page,0.3789,0.4128
paroissent,0.3788,0.2726
victoire,0.3788,0.4227
volupté,0.3788,0.2791
chauffer,0.3787,0.3423
us,0.3787,0.3731
cessent,0.3787,0.4365
xxxv,0.3787,0.4411
who,0.3787,0.3375
blé,0.3787,0.4231
parlait,0.3787,0.3991
perdent,0.3787,0.3834
populace,0.3786,0.2983
billet,0.3786,0.4047
permit,0.3786,0.3261
ner,0.3786,0.3587
blanc,0.3785,0.3814
historien,0.3785,0.3062
edits,0.3785,0.3677
calomnie,0.3785,0.2798
perdus,0.3784,0.2647
vue,0.3784,0.2739
ressemblance,0.3782,0.4870
vt,0.3782,0.3880
constante,0.3781,0.2466
iet,0.3781,0.4302
ok,0.3781,0.4472
attends,0.3781,0.4348
éloigne,0.3781,0.3219
donneront,0.3780,0.3698
jugeons,0.3780,0.4590
troisiéme,0.3780,0.3222
jeanne,0.3780,0.3765
verbaux,0.3780,0.3698
consomme,0.3780,0.2674
partir,0.3779,0.3404
privilège,0.3779,0.3369
particulieres,0.3779,0.3321
souvenez,0.3778,0.3556
pil,0.3778,0.4188
dispenser,0.3778,0.4039
regards,0.3778,0.3268
confiscation,0.3778,0.2603
appaiser,0.3777,0.3088
extrémité,0.3777,0.2050
créanciers,0.3777,0.3088
where,0.3777,0.3269
provinces,0.3776,0.4490
ec,0.3776,0.3955
mii,0.3774,0.3762
s'imaginent,0.3774,0.3142
js,0.3774,0.3628
explications,0.3774,0.4413
hôpital,0.3774,0.2728
elles,0.3773,0.3528
nevers,0.3773,0.4444
opposés,0.3773,0.2788
core,0.3773,0.2816
lisbonne,0.3773,0.4412
cclle,0.3772,0.3865
cadet,0.3772,0.4575
perche,0.3772,0.3570
l'infanterie,0.3771,0.3218
pipes,0.3771,0.3867
etr,0.3771,0.4745
partes,0.3770,0.4317
fondions,0.3770,0.2564
apporter,0.3769,0.4080
lx,0.3769,0.4161
eti,0.3769,0.4495
employés,0.3769,0.2383
forteresse,0.3769,0.3375
moulins,0.3768,0.3588
chemise,0.3768,0.4335
essentielles,0.3768,0.3886
satyres,0.3768,0.3373
sûre,0.3768,0.2422
guérit,0.3767,0.3357
compris,0.3767,0.2518
difgrace,0.3767,0.2906
ruiner,0.3767,0.2654
tribun,0.3767,0.3670
eie,0.3766,0.4509
privé,0.3766,0.2909
tumulte,0.3766,0.2466
mun,0.3766,0.3452
pensa,0.3766,0.3358
difons,0.3766,0.4341
tiere,0.3765,0.3160
aîles,0.3765,0.4504
quid,0.3765,0.3926
tomba,0.3765,0.4049
grenier,0.3765,0.3684
um,0.3764,0.3463
paroître,0.3763,0.3215
rembourser,0.3762,0.3857
incapable,0.3762,0.4284
capitaines,0.3762,0.4403
suivant,0.3762,0.4085
application,0.3762,0.1922
boi,0.3761,0.4321
those,0.3761,0.3012
bailliage,0.3760,0.2742
étoffes,0.3760,0.3194
habillé,0.3760,0.4433
composées,0.3759,0.2347
vivacité,0.3759,0.4462
d'employer,0.3759,0.2369
permettez,0.3758,0.3859
diminuant,0.3758,0.2622
province,0.3758,0.3875
red,0.3758,0.4640
tz,0.3757,0.3447
fardeau,0.3756,0.2852
armées,0.3756,0.3826
lieue,0.3756,0.3578
certaine,0.3756,0.4300
jugement,0.3756,0.4394
grandeurs,0.3755,0.3280
suivies,0.3755,0.2630
noeud,0.3755,0.2973
ejf,0.3755,0.3257
établie,0.3755,0.4030
brun,0.3754,0.3734
qu'ii,0.3754,0.3515
divertit,0.3754,0.3976
vivent,0.3753,0.3561
cllc,0.3753,0.4221
poche,0.3752,0.4073
chansons,0.3752,0.4385
arrérages,0.3752,0.3878
mouillé,0.3751,0.3787
quitté,0.3751,0.3721
ms,0.3750,0.5057
proximité,0.3750,0.3684
j'avance,0.3749,0.3172
lés,0.3749,0.4048
eil,0.3749,0.2788
empêché,0.3749,0.3446
herbe,0.3749,0.4089
amours,0.3749,0.4042
xiv,0.3749,0.4457
spirituel,0.3749,0.4274
crochet,0.3749,0.4023
zr,0.3749,0.3426
rendu,0.3748,0.3924
latin,0.3748,0.3714
défit,0.3748,0.2807
officier,0.3747,0.4069
empereur,0.3747,0.3472
nid,0.3747,0.3360
ns,0.3747,0.2928
fs,0.3747,0.3680
roses,0.3747,0.3308
seil,0.3747,0.3236
lu,0.3747,0.3268
tanti,0.3746,0.2456
tic,0.3746,0.3476
coe,0.3746,0.5104
prendre,0.3745,0.3646
mihi,0.3745,0.3310
sais,0.3745,0.4272
redoubler,0.3744,0.2579
unité,0.3744,0.3556
résoudre,0.3744,0.2294
garnisons,0.3744,0.4277
l'ile,0.3744,0.3932
affront,0.3744,0.3403
divise,0.3743,0.3642
rente,0.3743,0.3819
s'attachent,0.3743,0.3953
drap,0.3743,0.3333
tarda,0.3742,0.3430
négociant,0.3742,0.2881
pensons,0.3741,0.3756
refuser,0.3741,0.4074
vallées,0.3740,0.3183
francois,0.3740,0.3589
obligée,0.3740,0.3876
monumens,0.3740,0.3699
fournissent,0.3740,0.2368
esse,0.3740,0.4141
l'université,0.3739,0.3724
suivi,0.3738,0.4378
quli,0.3738,0.3824
vases,0.3738,0.3486
isi,0.3738,0.3912
syndics,0.3738,0.3697
ceur,0.3737,0.3469
cheminée,0.3737,0.4430
hist,0.3737,0.5092
remplissent,0.3736,0.2444
nomment,0.3736,0.3177
ast,0.3736,0.4957
merce,0.3736,0.2604
acc,0.3735,0.4874
fondu,0.3735,0.3215
grecs,0.3735,0.3397
s'imagine,0.3735,0.3773
rondes,0.3735,0.3876
nm,0.3734,0.3418
i'e,0.3734,0.3704
lisette,0.3734,0.3588
lm,0.3734,0.3275
l'état,0.3734,0.2313
parler,0.3734,0.3589
l'erreur,0.3733,0.2762
entraîne,0.3733,0.2770
hec,0.3733,0.3096
franchise,0.3733,0.2783
tambours,0.3732,0.3146
commencerent,0.3732,0.3386
étouffer,0.3732,0.3243
verras,0.3732,0.3569
ki,0.3731,0.4876
rre,0.3731,0.3763
vraisemblable,0.3731,0.2334
chanvre,0.3731,0.3739
conformes,0.3731,0.4256
dégoût,0.3730,0.2946
roche,0.3730,0.3766
descendre,0.3730,0.3725
dura,0.3730,0.3974
inconvénient,0.3729,0.3748
xli,0.3729,0.3885
quelquefois,0.3729,0.3371
fervi,0.3729,0.3390
d'iceux,0.3729,0.3522
officiers,0.3729,0.3751
desquelles,0.3728,0.3460
suffira,0.3728,0.3320
cit,0.3728,0.3201
bâton,0.3728,0.3678
bat,0.3728,0.3211
pièce,0.3727,0.2810
gi,0.3727,0.3623
genres,0.3727,0.2024
not,0.3727,0.4797
fontaine,0.3727,0.4718
ill,0.3727,0.3650
cni,0.3727,0.3768
gloria,0.3726,0.3090
prétendoient,0.3726,0.2967
iix,0.3726,0.3709
paroles,0.3726,0.4256
fum,0.3726,0.2860
empire,0.3725,0.4105
fb,0.3725,0.4456
vcr,0.3725,0.4125
agi,0.3725,0.2387
tuilée,0.3724,0.3126
harnois,0.3724,0.3525
septentrion,0.3724,0.2829
importans,0.3724,0.2552
cherché,0.3723,0.3132
rompre,0.3723,0.2551
royales,0.3723,0.3103
diverfes,0.3722,0.3856
milles,0.3722,0.2613
prt,0.3722,0.5009
queue,0.3721,0.4225
ng,0.3721,0.4220
vieillards,0.3720,0.4399
brebis,0.3720,0.3699
environnent,0.3719,0.2532
connaître,0.3719,0.3398
fusil,0.3719,0.3974
clauses,0.3719,0.4269
unie,0.3719,0.2728
marcha,0.3718,0.3908
memes,0.3717,0.3273
veuves,0.3717,0.3583
m'entendre,0.3717,0.3486
grammont,0.3717,0.4658
capitaine,0.3717,0.4177
iil,0.3716,0.3983
flottes,0.3716,0.3675
taxes,0.3716,0.4035
l'etat,0.3716,0.2381
âgé,0.3716,0.2429
portant,0.3715,0.2897
provin,0.3714,0.2724
tours,0.3714,0.3831
ent,0.3714,0.2973
mil,0.3713,0.3231
cachées,0.3713,0.2979
terreur,0.3713,0.2531
imaginez,0.3713,0.3881
humides,0.3712,0.3831
joye,0.3712,0.3515
observations,0.3712,0.3422
sasse,0.3712,0.3295
achats,0.3711,0.4394
qut,0.3711,0.4673
d'aucune,0.3711,0.3262
gu,0.3710,0.3732
forêt,0.3710,0.4261
ias,0.3709,0.3962
narration,0.3709,0.2879
vivoient,0.3709,0.3498
prenait,0.3709,0.3592
art,0.3709,0.3046
supériorité,0.3708,0.2225
vend,0.3708,0.3735
chaînes,0.3707,0.2812
tempérament,0.3707,0.2338
aimée,0.3707,0.3324
obtenir,0.3706,0.4300
remettre,0.3706,0.3717
td,0.3705,0.3655
souffert,0.3705,0.3574
presence,0.3705,0.3322
golfe,0.3705,0.3954
heureusement,0.3705,0.3106
pirates,0.3705,0.3989
allons,0.3705,0.3529
som,0.3704,0.4000
passait,0.3704,0.4474
iz,0.3704,0.3502
mena,0.3704,0.3679
attendez,0.3703,0.3770
visage,0.3703,0.3760
toiles,0.3703,0.4204
remet,0.3703,0.2511
nic,0.3702,0.4191
bains,0.3702,0.3106
démontré,0.3702,0.3552
augmentant,0.3702,0.2620
pays,0.3702,0.2525
règle,0.3702,0.3310
traces,0.3702,0.2495
attaques,0.3701,0.2370
l'avarice,0.3701,0.2985
intendans,0.3700,0.3720
graisse,0.3700,0.3678
ur,0.3700,0.3146
épuisé,0.3699,0.2768
recette,0.3698,0.4421
lv,0.3698,0.3756
tin,0.3697,0.4351
deus,0.3697,0.3517
enregistrées,0.3697,0.2154
favoriser,0.3696,0.2686
d'aller,0.3696,0.3669
agitée,0.3695,0.2579
barque,0.3695,0.3434
terris,0.3695,0.4208
reçue,0.3695,0.3690
enlevé,0.3695,0.4010
quasi,0.3695,0.4777
attache,0.3695,0.2365
d'ail,0.3695,0.2640
seigneurs,0.3694,0.3437
qr,0.3694,0.4130
marie,0.3694,0.3316
noailles,0.3694,0.4443
jn,0.3693,0.3893
avoue,0.3693,0.2155
mulets,0.3693,0.4397
aiment,0.3693,0.3342
infortune,0.3692,0.3388
cabarets,0.3692,0.3296
murs,0.3691,0.3532
évêques,0.3691,0.3156
iiii,0.3691,0.3639
enfermé,0.3690,0.3689
malice,0.3690,0.2701
portée,0.3688,0.2432
sciences,0.3688,0.2783
cherchoit,0.3688,0.3612
invincible,0.3688,0.3110
provenans,0.3688,0.3481
fournir,0.3687,0.3920
disoit,0.3687,0.3516
icl,0.3687,0.3617
marteau,0.3687,0.3594
espérer,0.3687,0.3082
boire,0.3686,0.3573
frivoles,0.3686,0.2699
retirerent,0.3686,0.3717
conclu,0.3686,0.4330
siècle,0.3686,0.3606
pensez,0.3686,0.3148
pouce,0.3685,0.3993
façon,0.3685,0.3004
l'unité,0.3685,0.3776
secrets,0.3685,0.2814
éternelle,0.3684,0.4266
l'hymen,0.3684,0.2494
uii,0.3684,0.4016
extraits,0.3683,0.4953
ordonn,0.3682,0.3652
oil,0.3682,0.4040
oz,0.3682,0.3806
particulière,0.3681,0.3742
also,0.3681,0.1911
suede,0.3681,0.4386
aveu,0.3681,0.4312
ein,0.3681,0.4478
revenir,0.3681,0.3510
figures,0.3680,0.3961
affreuse,0.3680,0.3606
allées,0.3680,0.2573
prouvent,0.3680,0.2153
pleins,0.3680,0.2361
dal,0.3679,0.4322
lur,0.3679,0.2841
méchanceté,0.3679,0.3069
foir,0.3678,0.3555
mors,0.3678,0.3660
expirer,0.3678,0.3011
ye,0.3677,0.3915
an,0.3677,0.3786
had,0.3677,0.4660
c'clt,0.3677,0.3657
doctrine,0.3676,0.3979
l'evangile,0.3676,0.4298
entrées,0.3676,0.3577
crurent,0.3676,0.4172
certains,0.3676,0.4359
roues,0.3675,0.2970
résolution,0.3675,0.3339
tapis,0.3675,0.4635
souvent,0.3675,0.3467
cordon,0.3674,0.3983
gagnent,0.3674,0.2743
païs,0.3674,0.2628
caisses,0.3674,0.3185
lâcheté,0.3674,0.2530
dare,0.3673,0.3580
remercier,0.3673,0.4150
xiii,0.3673,0.5019
obscurs,0.3673,0.2910
inventaire,0.3672,0.3142
mouiller,0.3672,0.4444
constantin,0.3672,0.4409
quantite,0.3671,0.3663
élection,0.3671,0.3024
apporté,0.3669,0.4191
parvenus,0.3669,0.2082
fuient,0.3669,0.3871
cercueil,0.3669,0.3899
ferma,0.3668,0.3414
comtesse,0.3668,0.4534
con,0.3668,0.3513
approuver,0.3668,0.3291
crains,0.3667,0.3776
iun,0.3667,0.3902
modifications,0.3667,0.2818
peit,0.3667,0.3619
xlv,0.3667,0.4434
messieurs,0.3667,0.2978
point,0.3666,0.2959
établi,0.3666,0.3651
aimable,0.3666,0.3329
feras,0.3665,0.3395
reconnus,0.3664,0.2690
pou,0.3664,0.2458
fou,0.3664,0.3723
élevé,0.3664,0.3982
saisi,0.3663,0.2644
duré,0.3663,0.3644
pot,0.3662,0.3048
lucius,0.3662,0.3235
cf,0.3662,0.3672
etoit,0.3662,0.3437
toile,0.3662,0.3745
l'ait,0.3662,0.2779
fept,0.3661,0.3452
sait,0.3660,0.2672
agite,0.3660,0.3345
pair,0.3659,0.4445
favez,0.3659,0.3515
obéi,0.3658,0.3432
amende,0.3658,0.3935
parme,0.3658,0.4029
balancer,0.3658,0.2578
acheter,0.3658,0.3299
vocation,0.3658,0.3881
uo,0.3658,0.3729
voulant,0.3657,0.4609
vantent,0.3657,0.3900
juges,0.3657,0.3602
envoyés,0.3656,0.2448
bateaux,0.3656,0.3818
cris,0.3656,0.3901
sauvé,0.3655,0.3820
laurent,0.3655,0.5285
di,0.3655,0.3156
avocat,0.3654,0.4299
ld,0.3654,0.3255
parfum,0.3654,0.3496
hazard,0.3654,0.2491
ars,0.3654,0.4402
porc,0.3653,0.3870
tomber,0.3653,0.3382
oj,0.3653,0.3460
pompée,0.3653,0.3555
ccl,0.3653,0.3723
couchant,0.3652,0.3349
ire,0.3652,0.3485
l'une,0.3651,0.3571
anime,0.3651,0.2532
avocats,0.3651,0.4297
mêlant,0.3651,0.2451
fiat,0.3651,0.3878
cette,0.3651,0.3588
ving,0.3650,0.3571
u'il,0.3650,0.3404
world,0.3650,0.2917
tambour,0.3650,0.3467
maîtresse,0.3650,0.3656
différents,0.3650,0.3462
fon,0.3650,0.2360
bonnets,0.3649,0.3046
détache,0.3647,0.2550
voisines,0.3647,0.2539
croyait,0.3646,0.3944
rm,0.3646,0.3394
d'affaires,0.3646,0.2912
paie,0.3646,0.3991
l'evêque,0.3646,0.4007
lg,0.3645,0.3785
rentes,0.3645,0.4378
d'anjou,0.3645,0.4619
mêlez,0.3645,0.2931
devra,0.3644,0.3768
plaine,0.3644,0.4254
trouvé,0.3644,0.3638
quintus,0.3643,0.3946
ruinent,0.3643,0.2897
exclus,0.3643,0.2985
fer,0.3643,0.3537
necessaires,0.3643,0.4190
rle,0.3642,0.4184
bouteille,0.3641,0.3876
chariots,0.3641,0.3214
disette,0.3641,0.2925
iar,0.3641,0.3910
tirent,0.3641,0.3743
propice,0.3640,0.2721
mexique,0.3640,0.3276
parlai,0.3640,0.2782
chaises,0.3640,0.3377
couché,0.3640,0.3675
charbon,0.3639,0.3268
ions,0.3639,0.3336
seinte,0.3638,0.3541
provence,0.3638,0.3957
écrivant,0.3637,0.3688
régiment,0.3637,0.3042
attaquent,0.3637,0.2764
montpellier,0.3637,0.4586
vii,0.3635,0.3212
animée,0.3635,0.3176
feraient,0.3635,0.3775
raconté,0.3635,0.3419
vl,0.3635,0.3548
quam,0.3634,0.3459
vêtu,0.3634,0.4029
videri,0.3633,0.2678
uniquement,0.3633,0.2815
saintes,0.3632,0.4184
mour,0.3632,0.3375
mois,0.3631,0.3813
cp,0.3631,0.4033
l'eglise,0.3630,0.3019
redouble,0.3630,0.2571
contraventions,0.3630,0.4032
aulli,0.3630,0.3390
côte,0.3630,0.3419
l'extrémité,0.3630,0.2809
maris,0.3630,0.3779
d'éviter,0.3629,0.2996
caractère,0.3629,0.1949
blanche,0.3629,0.3604
cun,0.3628,0.3432
different,0.3628,0.2790
bal,0.3628,0.3112
chevilles,0.3627,0.3667
noir,0.3627,0.3943
baril,0.3626,0.4168
évite,0.3625,0.3298
tou,0.3625,0.2983
moines,0.3625,0.3660
légitime,0.3624,0.2493
j'aime,0.3624,0.3519
l'aimer,0.3624,0.2724
éprouve,0.3624,0.2353
merveilleux,0.3624,0.2801
manche,0.3623,0.3309
pudeur,0.3623,0.2440
s'écrie,0.3622,0.2869
prendront,0.3622,0.3263
reflexions,0.3622,0.4284
septieme,0.3621,0.3933
minerve,0.3621,0.3405
anc,0.3621,0.4770
excuse,0.3620,0.3294
brise,0.3619,0.2784
princesse,0.3618,0.3747
armis,0.3618,0.2556
is,0.3618,0.2851
lame,0.3617,0.3499
succomber,0.3617,0.2677
promesses,0.3617,0.2325
croye,0.3617,0.3712
paroissoient,0.3617,0.3712
languedoc,0.3617,0.3702
quartiers,0.3617,0.2562
fermé,0.3616,0.3026
trépas,0.3616,0.4487
pressant,0.3616,0.3077
tibi,0.3615,0.3108
superflus,0.3615,0.3714
fermée,0.3615,0.3313
rouen,0.3614,0.3635
iro,0.3614,0.3713
ida,0.3614,0.4934
second,0.3614,0.3327
tenues,0.3614,0.3068
innocent,0.3614,0.3022
somme,0.3613,0.3762
images,0.3613,0.2975
j'eus,0.3612,0.3497
rece,0.3612,0.2929
vignes,0.3611,0.3341
chambres,0.3611,0.2576
dépouille,0.3611,0.3191
belle,0.3611,0.3596
tn,0.3611,0.3591
ayeul,0.3610,0.3656
l'orgueil,0.3610,0.2649
considérable,0.3609,0.3127
style,0.3609,0.2589
évidentes,0.3608,0.3126
venues,0.3607,0.2542
surprend,0.3607,0.3263
colere,0.3607,0.3212
hôte,0.3607,0.3322
pesant,0.3607,0.4129
contrats,0.3607,0.3640
justes,0.3606,0.2846
loue,0.3606,0.2700
fils,0.3606,0.3687
lr,0.3606,0.2932
ducs,0.3606,0.3668
justification,0.3606,0.2858
impose,0.3605,0.2564
pointu,0.3605,0.3186
jetter,0.3604,0.3387
ccr,0.3604,0.3774
nii,0.3604,0.3403
appartenoit,0.3603,0.3625
magnifiques,0.3603,0.3399
mettent,0.3603,0.3195
liens,0.3603,0.2570
délicatesse,0.3602,0.2178
anne,0.3602,0.3358
tro,0.3602,0.3987
tète,0.3602,0.4641
regni,0.3601,0.2644
personnes,0.3601,0.3723
fâché,0.3600,0.3322
convertit,0.3600,0.2893
livourne,0.3600,0.3722
fête,0.3599,0.3216
dents,0.3599,0.3848
ean,0.3599,0.3853
tempêtes,0.3599,0.3708
beauté,0.3599,0.3575
autrc,0.3598,0.3969
convaincus,0.3597,0.2377
courfe,0.3597,0.3396
voient,0.3597,0.4194
débiteur,0.3596,0.3017
complices,0.3596,0.2205
surpasser,0.3596,0.3705
bain,0.3595,0.3351
regardant,0.3595,0.3096
peintres,0.3595,0.2764
rivieres,0.3595,0.4137
venus,0.3594,0.2557
tunc,0.3594,0.2605
int,0.3594,0.3647
ss,0.3594,0.3914
voute,0.3592,0.3846
courbe,0.3592,0.3242
payer,0.3592,0.2717
persuadée,0.3591,0.4053
d'inde,0.3591,0.4007
nulle,0.3589,0.3822
humeurs,0.3589,0.4159
reconnut,0.3589,0.4129
périr,0.3589,0.3074
i'on,0.3589,0.3124
j'allai,0.3589,0.3552
prétendent,0.3589,0.3379
propriétaires,0.3587,0.3387
manoeuvre,0.3585,0.2876
témérité,0.3585,0.2595
zi,0.3585,0.3441
ordonnances,0.3585,0.3431
entrés,0.3585,0.2534
harmonie,0.3584,0.2278
dragons,0.3583,0.4447
chien,0.3582,0.3633
nommoit,0.3581,0.3212
great,0.3581,0.3433
tableaux,0.3581,0.3104
crin,0.3581,0.3525
sincère,0.3581,0.2521
ro,0.3581,0.3324
causoit,0.3580,0.3668
prier,0.3580,0.3048
fasse,0.3580,0.3718
craignoit,0.3580,0.3207
partic,0.3579,0.3539
libraire,0.3579,0.3715
distinguées,0.3579,0.2600
corruption,0.3578,0.2768
équipages,0.3578,0.3899
differentes,0.3578,0.3124
cii,0.3578,0.3253
achat,0.3578,0.3225
rétablir,0.3577,0.2487
créature,0.3577,0.2484
the,0.3577,0.4099
l'estime,0.3577,0.2370
entretient,0.3576,0.2775
fromage,0.3576,0.3137
magnificence,0.3575,0.3235
l'l,0.3575,0.3438
longues,0.3575,0.3940
probable,0.3574,0.2007
economic,0.3574,0.1793
douleurs,0.3573,0.4202
presser,0.3573,0.2595
lie,0.3573,0.3749
mesures,0.3573,0.3686
poursuivis,0.3572,0.3036
vois,0.3572,0.3689
fini,0.3572,0.4228
matelots,0.3572,0.3616
lesquels,0.3572,0.3574
siége,0.3571,0.2700
fanté,0.3571,0.2690
sylla,0.3571,0.3245
permis,0.3571,0.3215
accuser,0.3570,0.2450
nj,0.3570,0.3610
echevins,0.3570,0.4234
grenoble,0.3570,0.4235
incident,0.3570,0.3280
aban,0.3570,0.2533
nourrir,0.3570,0.3690
fauxbourgs,0.3569,0.3192
onces,0.3569,0.3602
tente,0.3568,0.3175
offenser,0.3568,0.2934
proie,0.3567,0.2376
any,0.3567,0.3090
amies,0.3566,0.3533
troupeaux,0.3566,0.3559
regrets,0.3566,0.3884
qu'aucune,0.3566,0.3791
confuls,0.3565,0.4398
coude,0.3565,0.2994
cherchoient,0.3565,0.2952
choies,0.3564,0.2572
louange,0.3564,0.2900
dispositions,0.3564,0.2049
anglois,0.3563,0.2875
large,0.3563,0.3735
pavillons,0.3563,0.3285
voyois,0.3563,0.3549
aîné,0.3563,0.3163
jalouse,0.3563,0.3095
odieuse,0.3562,0.2865
cède,0.3562,0.2392
qe,0.3561,0.3549
remise,0.3560,0.2636
tache,0.3560,0.2946
fondé,0.3560,0.3344
rétablis,0.3560,0.3240
enfers,0.3560,0.4857
appella,0.3560,0.3328
pensoit,0.3559,0.3875
siennes,0.3559,0.2718
élevées,0.3559,0.2196
perfidie,0.3559,0.2548
maria,0.3558,0.4325
etoffes,0.3558,0.3096
administration,0.3558,0.2327
verds,0.3558,0.3833
bergers,0.3558,0.4013
ancres,0.3557,0.3759
bruits,0.3557,0.2545
lls,0.3557,0.4652
lci,0.3557,0.3557
verts,0.3556,0.5183
fusse,0.3556,0.3877
tombent,0.3556,0.3555
iv,0.3554,0.3503
doré,0.3554,0.4116
l'aimable,0.3554,0.3311
fe,0.3554,0.3370
graces,0.3554,0.3367
auras,0.3554,0.4381
hauteur,0.3554,0.3212
ôtoient,0.3552,0.3558
dli,0.3552,0.3822
tribuns,0.3552,0.3528
tige,0.3551,0.3614
portés,0.3551,0.2691
naturelle,0.3551,0.3312
gêneurs,0.3551,0.3840
com,0.3550,0.2651
assemblée,0.3550,0.3533
lâches,0.3550,0.2553
sentences,0.3550,0.4088
espèce,0.3549,0.2796
profondeur,0.3549,0.3486
guerriers,0.3549,0.2338
idées,0.3548,0.3127
lo,0.3548,0.3503
ian,0.3548,0.3726
suivis,0.3548,0.2447
quitta,0.3547,0.3701
l'épaule,0.3547,0.4043
provisions,0.3546,0.4257
chaloupe,0.3545,0.3207
roseaux,0.3545,0.2860
sixième,0.3545,0.4264
juf,0.3545,0.2906
violet,0.3544,0.2888
pologne,0.3544,0.3797
modique,0.3544,0.2232
nr,0.3544,0.3112
présentent,0.3543,0.1734
ples,0.3543,0.3010
assis,0.3543,0.3299
verrons,0.3543,0.3178
préjudicier,0.3543,0.3883
souveraine,0.3543,0.2983
visages,0.3543,0.2354
raconta,0.3542,0.3508
papes,0.3542,0.3260
uf,0.3542,0.4554
qc,0.3542,0.3352
promenades,0.3542,0.4305
zoo,0.3541,0.3432
dissiper,0.3541,0.2685
avertit,0.3541,0.2807
marbre,0.3541,0.4968
nourris,0.3541,0.2577
aujourd'hui,0.3541,0.2599
lte,0.3540,0.4085
j'entends,0.3540,0.2673
villeux,0.3539,0.4146
traités,0.3539,0.2469
produira,0.3539,0.3454
volaille,0.3538,0.3744
appellent,0.3538,0.3593
trouvât,0.3538,0.3478
tempus,0.3537,0.2887
bienveillance,0.3537,0.2943
trahir,0.3537,0.2427
inquiet,0.3536,0.3095
créancier,0.3536,0.2853
diroit,0.3536,0.3817
sans,0.3536,0.3371
enseigne,0.3536,0.3297
valets,0.3535,0.3753
prêtres,0.3535,0.3608
iooo,0.3534,0.3303
rt,0.3534,0.3018
pureté,0.3533,0.2150
tie,0.3533,0.3516
achetée,0.3533,0.3959
plaise,0.3533,0.3318
diem,0.3533,0.2791
convenoit,0.3532,0.3531
l'entour,0.3532,0.3686
lys,0.3531,0.3992
projet,0.3531,0.2387
parloit,0.3531,0.3332
pc,0.3530,0.3509
comtes,0.3530,0.3542
sel,0.3528,0.3969
pâturages,0.3528,0.3827
nécessaire,0.3528,0.3298
réjouit,0.3527,0.2990
convenir,0.3527,0.3039
branche,0.3527,0.2453
immoler,0.3527,0.2758
eue,0.3526,0.2433
aprs,0.3526,0.3561
primo,0.3526,0.3072
lesquelles,0.3525,0.3323
ego,0.3525,0.3631
poulie,0.3525,0.4015
rejettent,0.3525,0.4648
hôtes,0.3525,0.4663
tenait,0.3524,0.4107
foiblesses,0.3524,0.2405
ira,0.3524,0.2822
uv,0.3524,0.3660
article,0.3523,0.3783
vs,0.3523,0.4344
dettes,0.3523,0.3612
entr'elles,0.3522,0.2430
prient,0.3522,0.4001
facon,0.3522,0.3276
chaudes,0.3521,0.3173
historiens,0.3520,0.3062
pouces,0.3520,0.2989
auteurs,0.3519,0.2668
police,0.3519,0.3230
way,0.3519,0.4366
grand,0.3519,0.3795
sortifier,0.3519,0.2817
crt,0.3518,0.3985
fleurs,0.3518,0.3275
donnée,0.3518,0.3185
bs,0.3517,0.3794
renverse,0.3517,0.2739
grecque,0.3517,0.3489
irons,0.3516,0.3384
poires,0.3516,0.3064
li,0.3516,0.3442
imprudence,0.3516,0.2452
suiffé,0.3516,0.4103
lifant,0.3515,0.2973
réduits,0.3515,0.2313
fidélité,0.3515,0.2261
perfection,0.3515,0.2273
snt,0.3515,0.4637
acquise,0.3515,0.2508
n'é,0.3515,0.3297
ip,0.3514,0.3405
prévenir,0.3514,0.3418
fem,0.3514,0.3240
illi,0.3513,0.2868
incommodité,0.3513,0.3396
portoit,0.3513,0.3420
d'arbres,0.3513,0.3795
ru,0.3512,0.3976
épouvantable,0.3512,0.3718
barons,0.3511,0.3315
bottes,0.3511,0.3395
histoire,0.3510,0.3553
recourir,0.3510,0.2416
fauroient,0.3510,0.2660
privilèges,0.3509,0.2667
ev,0.3509,0.3790
fausseté,0.3508,0.2499
d'exercer,0.3508,0.2764
catilina,0.3508,0.4313
soir,0.3508,0.4014
l'étoit,0.3508,0.3335
faciles,0.3507,0.3494
gouverné,0.3507,0.2476
convaincu,0.3507,0.3375
mériter,0.3507,0.2231
cadette,0.3506,0.4018
veur,0.3506,0.2571
expéditions,0.3505,0.2573
descendans,0.3505,0.3187
attaque,0.3505,0.2929
mouchoir,0.3505,0.3594
milan,0.3505,0.4558
quelle,0.3504,0.3354
emportée,0.3504,0.3194
qu,0.3503,0.2733
ignorent,0.3502,0.3563
rts,0.3502,0.3846
apologie,0.3502,0.2617
nécessité,0.3501,0.2096
quotient,0.3501,0.3647
date,0.3500,0.3863
j'allois,0.3499,0.3176
village,0.3499,0.3449
voyent,0.3499,0.3209
raconter,0.3499,0.4568
siège,0.3498,0.3192
viande,0.3498,0.3485
immeubles,0.3498,0.3540
aifé,0.3498,0.3133
condamne,0.3497,0.2640
fêtes,0.3497,0.3238
régles,0.3497,0.3070
pigeons,0.3496,0.3402
maniére,0.3496,0.2681
cetre,0.3496,0.3293
pars,0.3495,0.3838
isles,0.3495,0.3373
ressent,0.3495,0.2562
voudrez,0.3494,0.3839
envoyée,0.3494,0.3590
métaux,0.3494,0.2395
yr,0.3494,0.3581
courut,0.3494,0.3499
tourna,0.3494,0.3797
ligue,0.3493,0.2846
jardin,0.3493,0.3700
divisions,0.3492,0.2938
fiur,0.3492,0.3082
as,0.3492,0.3022
tyrannie,0.3492,0.2570
d'ardeur,0.3492,0.3275
apperçoit,0.3491,0.2000
galanteries,0.3491,0.3306
particulièrement,0.3491,0.3546
carrosse,0.3490,0.3134
cl,0.3490,0.2874
mouvements,0.3490,0.3253
fenêtres,0.3490,0.4596
employée,0.3489,0.2414
troncs,0.3489,0.3192
adorable,0.3488,0.2916
union,0.3488,0.3281
contribuent,0.3488,0.3504
iii,0.3487,0.3381
greniers,0.3487,0.3472
savoye,0.3487,0.3858
indigne,0.3487,0.3851
fides,0.3487,0.3516
plumes,0.3486,0.3824
soyons,0.3486,0.3073
marguerite,0.3484,0.2863
agneaux,0.3484,0.3705
certa,0.3484,0.2872
caprices,0.3484,0.1984
favoris,0.3483,0.3736
peux,0.3483,0.2995
péril,0.3482,0.2927
couvertures,0.3482,0.3424
ej,0.3481,0.3738
oeufs,0.3481,0.4302
mettre,0.3481,0.3123
amsterdam,0.3481,0.4024
tt,0.3481,0.4067
ig,0.3481,0.3592
lce,0.3480,0.4026
jugeront,0.3480,0.3157
bourgs,0.3480,0.3917
notaires,0.3480,0.3584
mélancolie,0.3479,0.2739
iroient,0.3479,0.3665
métier,0.3479,0.2621
prairie,0.3478,0.4249
mn,0.3478,0.3240
nerfs,0.3478,0.3491
vinrent,0.3478,0.3095
iq,0.3478,0.3343
souverains,0.3477,0.3561
tens,0.3477,0.2861
folies,0.3477,0.2735
hyver,0.3477,0.2947
opérations,0.3477,0.1861
draps,0.3476,0.3748
fallu,0.3476,0.2797
gestes,0.3476,0.2616
signifie,0.3474,0.3066
tai,0.3473,0.4282
noient,0.3473,0.3043
dl,0.3473,0.3358
duchesse,0.3472,0.3142
loi,0.3472,0.2045
then,0.3472,0.2890
recevoient,0.3472,0.2206
cruelle,0.3470,0.3635
abandonnée,0.3470,0.2602
rue,0.3469,0.3274
cnt,0.3469,0.2914
cents,0.3469,0.3343
them,0.3468,0.3521
collège,0.3468,0.3649
oir,0.3468,0.3398
cheveux,0.3467,0.3824
commodité,0.3467,0.2500
xxxi,0.3466,0.3846
protestations,0.3466,0.2307
ue,0.3466,0.3026
connaissez,0.3465,0.3491
froides,0.3465,0.2822
arrose,0.3464,0.2925
efr,0.3464,0.2837
miennes,0.3464,0.2477
couleurs,0.3464,0.3437
qli,0.3462,0.3693
icr,0.3462,0.3132
payée,0.3461,0.3746
platon,0.3460,0.3466
validité,0.3460,0.2878
détermine,0.3460,0.2475
apportent,0.3459,0.3234
dt,0.3459,0.3285
puifle,0.3459,0.2965
conférences,0.3459,0.2911
péché,0.3459,0.3063
soumis,0.3458,0.2189
reçut,0.3458,0.3283
humide,0.3457,0.3580
considence,0.3457,0.3385
dès,0.3457,0.2907
scc,0.3457,0.4896
désirs,0.3457,0.3788
horreurs,0.3456,0.1808
ut,0.3456,0.4056
déférence,0.3455,0.3242
felix,0.3455,0.4365
comédies,0.3454,0.2621
écrite,0.3454,0.3312
jaloufie,0.3454,0.2546
lle,0.3454,0.3490
rendroit,0.3453,0.3425
payées,0.3453,0.4086
rubans,0.3453,0.3183
animal,0.3452,0.4100
confirmé,0.3452,0.3231
divisée,0.3452,0.2042
derniere,0.3451,0.2744
manteau,0.3450,0.3165
épaisse,0.3450,0.3781
voyait,0.3450,0.3579
prétexte,0.3448,0.3607
poème,0.3448,0.3424
règne,0.3448,0.3353
caractères,0.3448,0.3515
laissai,0.3447,0.3330
magasin,0.3447,0.3490
d'ennemis,0.3447,0.2334
envoyé,0.3446,0.3578
diverses,0.3446,0.2590
poëtes,0.3446,0.3141
alarmes,0.3446,0.2070
confusion,0.3445,0.2425
saint,0.3445,0.3251
rd,0.3445,0.3269
hymen,0.3445,0.3459
vains,0.3444,0.2597
durée,0.3444,0.2434
sollicitations,0.3444,0.2655
colonne,0.3444,0.3686
convenus,0.3443,0.2573
marquise,0.3443,0.2955
citron,0.3443,0.4310
chose,0.3443,0.3087
ile,0.3443,0.3785
gendre,0.3442,0.3241
aucunes,0.3442,0.3408
yous,0.3442,0.3175
profits,0.3441,0.3842
ds,0.3441,0.3065
laissez,0.3441,0.3762
maître,0.3441,0.3077
toises,0.3441,0.3491
repliqua,0.3441,0.3288
immuable,0.3440,0.3015
nord,0.3440,0.3584
canards,0.3439,0.3312
dce,0.3439,0.3377
ub,0.3439,0.3586
exposés,0.3439,0.2317
continuel,0.3438,0.2590
hil,0.3438,0.4211
leva,0.3438,0.3817
bourges,0.3438,0.3993
aurai,0.3438,0.2918
rené,0.3438,0.4000
racines,0.3437,0.2833
rivage,0.3437,0.3368
caves,0.3436,0.3371
l'autorité,0.3436,0.2436
trouvons,0.3436,0.3316
fatiguer,0.3435,0.3175
grain,0.3435,0.3978
appellez,0.3435,0.4571
licu,0.3432,0.3687
captivité,0.3432,0.2842
voulez,0.3431,0.3318
dévoué,0.3431,0.2959
rivages,0.3431,0.3295
concernant,0.3431,0.2388
demandait,0.3431,0.4004
immédiatement,0.3430,0.2770
xvii,0.3429,0.3151
envieux,0.3429,0.3364
portugais,0.3429,0.3335
croit,0.3429,0.2786
t'es,0.3429,0.3443
chagrins,0.3428,0.3361
mourra,0.3428,0.3574
langues,0.3427,0.3629
magistrats,0.3427,0.3294
colonel,0.3427,0.3368
jugea,0.3427,0.3491
prêt,0.3426,0.4299
ifle,0.3426,0.3986
ordonné,0.3426,0.4038
nf,0.3426,0.3480
couronner,0.3426,0.3074
édifices,0.3426,0.2781
amans,0.3426,0.3092
mamellé,0.3425,0.2273
renfermées,0.3425,0.2315
permettoit,0.3425,0.3023
cabanes,0.3425,0.2611
notes,0.3424,0.2776
ril,0.3424,0.3655
s'écria,0.3423,0.3853
plura,0.3423,0.2525
louer,0.3423,0.2764
rendra,0.3422,0.3002
quels,0.3422,0.3521
ei,0.3422,0.3080
xviii,0.3422,0.3062
inconnus,0.3422,0.2644
sortez,0.3422,0.3922
fevrier,0.3421,0.2563
protestans,0.3421,0.3900
déroger,0.3421,0.3964
repent,0.3421,0.3948
portons,0.3420,0.3860
trouvée,0.3419,0.3606
fondemens,0.3419,0.2585
francfort,0.3419,0.4602
contenue,0.3419,0.3277
mettoient,0.3419,0.2824
rn,0.3418,0.3249
vendoit,0.3418,0.2420
n'ignoroit,0.3418,0.3010
mette,0.3418,0.2689
bravoure,0.3417,0.2749
vc,0.3417,0.3412
industrie,0.3416,0.2091
frappe,0.3415,0.2227
cg,0.3415,0.3951
etiam,0.3415,0.3707
amant,0.3415,0.2970
iut,0.3415,0.4027
er,0.3415,0.2873
ciceron,0.3415,0.4218
dos,0.3414,0.2644
agitation,0.3414,0.1942
contenance,0.3414,0.2780
achetées,0.3414,0.3881
marcher,0.3413,0.4024
safran,0.3413,0.3700
jettant,0.3413,0.3434
piquent,0.3413,0.3867
rl,0.3413,0.2887
scene,0.3412,0.3278
fiefs,0.3412,0.3467
retournant,0.3412,0.4279
mettra,0.3412,0.3134
destinées,0.3412,0.2676
connois,0.3411,0.3307
to,0.3411,0.4486
partit,0.3411,0.3458
tournant,0.3411,0.3080
tentatives,0.3410,0.2067
cuir,0.3410,0.3789
donnant,0.3410,0.3236
continua,0.3409,0.4403
aimait,0.3409,0.3667
condamnés,0.3409,0.2134
désespoir,0.3409,0.3544
langueur,0.3408,0.2370
rivières,0.3406,0.2567
tuyaux,0.3406,0.3150
corriger,0.3406,0.2605
rcr,0.3406,0.3692
quare,0.3405,0.2787
nommés,0.3405,0.2403
d'henri,0.3405,0.3707
repartit,0.3405,0.3308
soixante,0.3404,0.3466
pêche,0.3404,0.3447
reconnaissance,0.3404,0.2358
alliances,0.3404,0.2400
iei,0.3404,0.4088
nem,0.3403,0.3005
azile,0.3403,0.2897
propriétaire,0.3403,0.4047
bleus,0.3402,0.4038
dues,0.3402,0.2953
dui,0.3402,0.3021
procéder,0.3401,0.2406
derrière,0.3400,0.3662
sortis,0.3400,0.2301
nt,0.3400,0.2489
verra,0.3400,0.3457
sti,0.3399,0.4471
gouvernante,0.3398,0.4310
prélats,0.3398,0.2966
zéle,0.3398,0.2418
tombé,0.3398,0.3755
accordée,0.3398,0.3190
séparées,0.3398,0.2795
jaloux,0.3398,0.2357
touche,0.3397,0.2783
savent,0.3397,0.3167
maison,0.3396,0.3056
frayeur,0.3395,0.3865
c'e,0.3395,0.3226
marchas,0.3395,0.4330
déguisement,0.3395,0.3092
tx,0.3394,0.3988
étois,0.3394,0.3013
finesse,0.3393,0.2371
ridicules,0.3392,0.2535
usé,0.3391,0.2436
tel,0.3391,0.2047
s'arrête,0.3390,0.3079
paver,0.3390,0.4230
principalement,0.3390,0.2758
plusieurs,0.3390,0.3514
foule,0.3389,0.1781
soutenue,0.3389,0.3090
mortels,0.3389,0.4250
rencontra,0.3389,0.4053
uc,0.3389,0.3519
fond,0.3388,0.2404
belli,0.3388,0.3130
s'attache,0.3387,0.2366
ctoit,0.3387,0.4449
rapportées,0.3385,0.3332
camarades,0.3384,0.3311
terribles,0.3384,0.3728
jambe,0.3384,0.3753
icur,0.3384,0.3107
ricn,0.3384,0.3311
épargner,0.3383,0.2218
étonner,0.3382,0.2421
vaches,0.3382,0.3117
sembloit,0.3382,0.3217
selon,0.3382,0.2941
mefures,0.3381,0.2430
fortement,0.3381,0.2779
toto,0.3381,0.2494
demandera,0.3381,0.2834
siécle,0.3380,0.2594
examinant,0.3380,0.2998
other,0.3380,0.2774
poitiers,0.3380,0.3420
déclaration,0.3379,0.2812
ncc,0.3379,0.3154
surpasse,0.3378,0.2891
lix,0.3378,0.3288
lieutenans,0.3377,0.2817
vices,0.3377,0.2308
eus,0.3377,0.2914
rems,0.3377,0.2278
murmurer,0.3376,0.3010
lp,0.3375,0.3140
denrées,0.3375,0.4187
oh,0.3374,0.2613
découvre,0.3374,0.3576
héritages,0.3374,0.3973
arrivé,0.3374,0.3457
onze,0.3374,0.2823
livré,0.3374,0.2188
lumière,0.3373,0.3723
l'orient,0.3373,0.3480
rcs,0.3373,0.3046
fuo,0.3373,0.2550
opinions,0.3373,0.1908
prit,0.3371,0.3233
laines,0.3370,0.3318
saison,0.3370,0.3187
inl,0.3370,0.3654
déplaire,0.3370,0.2501
passerent,0.3370,0.3546
regitre,0.3370,0.2774
voulu,0.3369,0.3562
trouvois,0.3368,0.3301
sainteté,0.3368,0.2758
dernières,0.3368,0.3120
cinquieme,0.3367,0.3145
italiens,0.3367,0.4365
arriverent,0.3366,0.3736
tartre,0.3366,0.3805
éloge,0.3365,0.3107
sent,0.3365,0.2869
soumission,0.3365,0.2464
nemis,0.3364,0.2740
sincérité,0.3364,0.2570
hasard,0.3364,0.2287
autels,0.3364,0.3354
tendres,0.3363,0.4436
rapporté,0.3363,0.3581
tua,0.3362,0.2496
uis,0.3362,0.3413
devenues,0.3362,0.2216
signé,0.3362,0.2561
jt,0.3362,0.3139
lié,0.3362,0.2346
ouvrit,0.3362,0.3660
gauche,0.3361,0.3567
mange,0.3361,0.3489
excuser,0.3360,0.2962
aventures,0.3359,0.3401
canon,0.3359,0.3143
icurs,0.3359,0.3556
ilc,0.3359,0.2720
extravagances,0.3359,0.2921
marchand,0.3358,0.3464
jette,0.3358,0.3271
destinée,0.3358,0.2422
légumes,0.3358,0.3444
laissoient,0.3357,0.3258
cruel,0.3357,0.3220
superficie,0.3357,0.2363
huitaine,0.3357,0.3611
vénus,0.3356,0.3597
terrain,0.3356,0.2572
obtenu,0.3356,0.3174
héritage,0.3355,0.2582
nouvelle,0.3355,0.2787
dédommager,0.3354,0.2540
chemins,0.3354,0.3020
lequel,0.3354,0.3653
calmer,0.3354,0.2105
équité,0.3353,0.2756
l'espagne,0.3353,0.3611
n'être,0.3353,0.3765
pintes,0.3353,0.3208
essentielle,0.3352,0.2429
neque,0.3352,0.4209
bleu,0.3352,0.2958
contentent,0.3350,0.3511
lac,0.3350,0.3083
chère,0.3350,0.3363
agréable,0.3349,0.3273
meut,0.3349,0.2409
ts,0.3348,0.2981
chapitre,0.3348,0.3673
conservée,0.3348,0.2805
visites,0.3348,0.2772
galant,0.3348,0.3501
remèdes,0.3347,0.2767
intrigues,0.3347,0.2180
etrangers,0.3347,0.3233
console,0.3347,0.2656
témoigna,0.3346,0.3753
henry,0.3346,0.3713
lumiere,0.3346,0.3341
implorer,0.3345,0.2505
ja,0.3345,0.2772
tombées,0.3345,0.2749
nio,0.3345,0.4139
maîtreffe,0.3344,0.2428
ik,0.3344,0.4804
vainqueurs,0.3344,0.2425
donn,0.3344,0.3388
rameaux,0.3344,0.4638
ifes,0.3344,0.3201
l'envie,0.3344,0.2449
également,0.3343,0.2224
sortit,0.3343,0.3500
gt,0.3343,0.3073
apercevoir,0.3342,0.3158
humble,0.3342,0.3415
bi,0.3342,0.3667
observation,0.3342,0.4076
eli,0.3342,0.2472
prodige,0.3341,0.2681
procédures,0.3341,0.4001
refous,0.3341,0.2673
d'aucun,0.3340,0.3782
trou,0.3340,0.3646
anima,0.3340,0.3705
donnez,0.3340,0.3273
pii,0.3339,0.3820
blancheur,0.3339,0.3326
icu,0.3339,0.4010
espece,0.3338,0.2841
désire,0.3338,0.2934
pr,0.3338,0.3959
relâche,0.3338,0.2497
s'abandonne,0.3337,0.2885
juifs,0.3337,0.3349
homine,0.3337,0.3791
consuls,0.3336,0.4367
compare,0.3336,0.1932
jupiter,0.3335,0.3477
catholiques,0.3335,0.4212
xxvi,0.3335,0.3282
argumens,0.3334,0.2646
cti,0.3334,0.3697
supplie,0.3334,0.3079
nb,0.3333,0.5059
communique,0.3332,0.2259
pratiques,0.3332,0.2310
quatre,0.3331,0.3049
jusque,0.3331,0.2815
ot,0.3331,0.3482
cu,0.3331,0.3933
qii,0.3331,0.3784
tl,0.3331,0.3081
charmer,0.3330,0.2832
batimens,0.3330,0.3267
ell,0.3330,0.2414
rz,0.3330,0.3604
millier,0.3330,0.3993
mettez,0.3329,0.3566
m'ont,0.3329,0.3558
défauts,0.3329,0.2082
vîte,0.3327,0.3074
pousse,0.3326,0.2330
espèces,0.3326,0.2954
riviere,0.3326,0.3744
soufre,0.3326,0.3801
cochon,0.3325,0.3710
illes,0.3325,0.3343
banquiers,0.3324,0.4381
rit,0.3324,0.3388
lols,0.3324,0.3189
montant,0.3323,0.2682
oiseaux,0.3323,0.3432
ji,0.3323,0.3299
instruits,0.3322,0.1803
accompagnées,0.3321,0.2703
rapidité,0.3321,0.1998
rester,0.3321,0.3008
lex,0.3321,0.3331
lève,0.3321,0.2611
répondis,0.3320,0.3275
cj,0.3320,0.3254
mémoires,0.3320,0.3966
oncles,0.3320,0.3449
rentra,0.3320,0.3597
chap,0.3320,0.3280
infortunée,0.3319,0.2313
courses,0.3319,0.2556
apud,0.3319,0.4082
pois,0.3319,0.4201
d'empressement,0.3319,0.3169
écoute,0.3319,0.2691
s'avança,0.3318,0.3581
xx,0.3317,0.3404
nle,0.3315,0.3898
diane,0.3315,0.3553
rivale,0.3315,0.2300
additions,0.3315,0.3359
capables,0.3314,0.3851
charles,0.3314,0.3699
d'exactitude,0.3313,0.3805
fret,0.3313,0.3480
pria,0.3313,0.2518
jambes,0.3313,0.3010
folie,0.3313,0.2674
i'r,0.3313,0.3086
évêque,0.3311,0.3555
bois,0.3311,0.2720
t'ai,0.3311,0.3160
promis,0.3311,0.3132
immenses,0.3311,0.2428
remises,0.3310,0.3068
salle,0.3309,0.4033
suissent,0.3308,0.2637
repentir,0.3308,0.2039
lii,0.3306,0.3608
gs,0.3306,0.3949
part,0.3305,0.2591
contrainte,0.3305,0.2810
appelloit,0.3304,0.2393
pcut,0.3304,0.3829
s'écarter,0.3304,0.2845
foin,0.3304,0.3277
égaux,0.3303,0.2298
vont,0.3303,0.2767
baye,0.3303,0.3607
comble,0.3302,0.2598
secrétaire,0.3301,0.3651
incertitude,0.3301,0.2469
ov,0.3300,0.3429
profitent,0.3300,0.2806
corsaires,0.3300,0.3818
tranquillité,0.3297,0.3210
faisait,0.3296,0.3373
enfants,0.3296,0.2762
politesse,0.3296,0.2150
semaines,0.3295,0.3324
jouiront,0.3295,0.2318
collines,0.3295,0.2819
c'eit,0.3294,0.3030
sl,0.3293,0.3242
n'es,0.3292,0.2950
siens,0.3292,0.2794
vez,0.3292,0.2619
sapin,0.3292,0.3475
deo,0.3292,0.3336
frere,0.3291,0.2429
chiffre,0.3290,0.3991
ires,0.3290,0.3578
sum,0.3289,0.3785
soi,0.3289,0.2558
princes,0.3289,0.3342
amendes,0.3288,0.3942
tombe,0.3287,0.3565
placées,0.3287,0.1929
boutons,0.3287,0.2845
tremblante,0.3287,0.2474
vieillesse,0.3287,0.2443
verba,0.3285,0.2726
dci,0.3285,0.3193
charmée,0.3285,0.3510
soutient,0.3284,0.2503
jugeoit,0.3283,0.2883
immobile,0.3283,0.2545
ilu,0.3283,0.3325
cio,0.3283,0.3717
appris,0.3283,0.3205
mettant,0.3282,0.3115
bureau,0.3282,0.2891
couté,0.3279,0.3304
république,0.3279,0.4226
chapeaux,0.3279,0.3517
rg,0.3278,0.3431
attaquée,0.3278,0.2459
oublié,0.3277,0.3424
prétend,0.3277,0.2953
fautes,0.3277,0.2106
ayant,0.3277,0.2469
evêque,0.3277,0.2885
chateau,0.3276,0.2979
détours,0.3276,0.2590
degrés,0.3276,0.2900
boisson,0.3275,0.4145
ols,0.3274,0.3094
cr,0.3274,0.2966
l'angleterre,0.3274,0.3513
oit,0.3273,0.2669
résistance,0.3272,0.2223
élu,0.3272,0.2443
sept,0.3272,0.2848
rai,0.3272,0.2939
injuste,0.3271,0.2147
herbes,0.3271,0.3292
jésus,0.3271,0.3962
cables,0.3271,0.3356
zz,0.3271,0.3865
éré,0.3271,0.2699
sortirent,0.3270,0.3610
ruine,0.3270,0.2436
devrois,0.3270,0.3074
vicaire,0.3269,0.4029
iî,0.3268,0.4007
l'huile,0.3268,0.3488
partagent,0.3268,0.2318
apprit,0.3267,0.4020
choeur,0.3266,0.3269
prières,0.3266,0.2937
j'aurai,0.3266,0.3115
fiis,0.3265,0.2897
divers,0.3265,0.3360
paraître,0.3265,0.2156
audit,0.3264,0.3449
ayons,0.3264,0.3365
couper,0.3264,0.4160
n'ayez,0.3264,0.3272
iit,0.3264,0.3124
secretaire,0.3264,0.3307
l'ambition,0.3263,0.2412
l'ecriture,0.3263,0.3708
veuille,0.3263,0.3023
répandus,0.3262,0.2475
âne,0.3262,0.3179
servi,0.3262,0.3369
servant,0.3261,0.3356
pere,0.3261,0.2490
arte,0.3261,0.2918
fier,0.3261,0.2998
l'eut,0.3261,0.3479
ln,0.3260,0.3137
freres,0.3260,0.3223
vite,0.3260,0.2951
dépendre,0.3260,0.2402
first,0.3260,0.3174
irt,0.3259,0.3051
prié,0.3258,0.3695
accorder,0.3258,0.3541
laissa,0.3258,0.3359
entré,0.3257,0.3366
tum,0.3257,0.3685
donnait,0.3257,0.3158
dur,0.3257,0.2642
bouts,0.3256,0.3636
attire,0.3256,0.2695
orné,0.3256,0.3234
oi,0.3256,0.2568
ari,0.3256,0.3743
n'étant,0.3256,0.2657
scène,0.3256,0.1866
rb,0.3256,0.3966
manus,0.3255,0.2575
jl,0.3255,0.3715
remplis,0.3255,0.2185
domicile,0.3254,0.2665
arrêts,0.3253,0.2906
réparer,0.3253,0.2674
d'amende,0.3252,0.3480
pleines,0.3251,0.2556
présente,0.3251,0.2271
raisonnables,0.3251,0.2877
payoit,0.3250,0.4084
fed,0.3250,0.3449
marchands,0.3250,0.3833
mettrai,0.3250,0.3306
doutes,0.3249,0.2381
femmes,0.3249,0.3497
favoit,0.3249,0.3421
recevant,0.3248,0.3205
priviléges,0.3247,0.2113
laisser,0.3247,0.3564
rencontré,0.3244,0.3365
villes,0.3244,0.3320
mystère,0.3244,0.2629
s'étant,0.3243,0.2728
temns,0.3243,0.3169
tenoient,0.3243,0.3235
rouvraies,0.3243,0.2956
dum,0.3243,0.3122
donnerez,0.3243,0.3151
tr,0.3241,0.2883
race,0.3241,0.2559
blâmer,0.3240,0.2863
sçauroit,0.3239,0.1732
tour,0.3239,0.3590
approche,0.3239,0.2564
fuite,0.3238,0.2157
please,0.3237,0.2721
barques,0.3237,0.3140
qa,0.3237,0.3675
doi,0.3237,0.3201
ict,0.3237,0.3193
escadre,0.3236,0.3620
ons,0.3235,0.3071
d'airain,0.3234,0.2958
observé,0.3234,0.2865
suites,0.3233,0.2359
suffire,0.3233,0.3247
sign,0.3233,0.3722
jetterent,0.3233,0.2901
tiroient,0.3232,0.2343
étiez,0.3232,0.2996
qu'un,0.3232,0.3045
ric,0.3231,0.4295
egyptiens,0.3231,0.3613
s'apperçoit,0.3231,0.2254
tentes,0.3231,0.3071
quanto,0.3230,0.3062
âmes,0.3230,0.2580
honoré,0.3229,0.2916
rouge,0.3229,0.2795
coupable,0.3229,0.3676
détails,0.3229,0.1959
insensible,0.3229,0.2578
confirmée,0.3228,0.2998
commence,0.3228,0.3672
poivre,0.3228,0.3578
quando,0.3228,0.3158
zt,0.3227,0.3493
assurance,0.3226,0.2985
cours,0.3226,0.2843
chênes,0.3226,0.4154
sacs,0.3225,0.3392
terrible,0.3224,0.3236
supposant,0.3224,0.2212
m'as,0.3223,0.3421
fâche,0.3223,0.2536
passoit,0.3222,0.3674
ardent,0.3222,0.2803
apôtre,0.3222,0.3964
noix,0.3222,0.3122
nécessaires,0.3222,0.3871
prennent,0.3221,0.3402
défense,0.3221,0.2643
importance,0.3221,0.2079
inventions,0.3221,0.2441
ih,0.3221,0.3684
chute,0.3221,0.2494
ledit,0.3221,0.3290
découvertes,0.3220,0.2519
l'image,0.3219,0.2974
acquisition,0.3219,0.2943
conseillers,0.3219,0.3322
faits,0.3218,0.2047
admis,0.3218,0.2081
porta,0.3218,0.3290
cc,0.3218,0.2721
disputes,0.3217,0.2350
sang,0.3217,0.2882
droite,0.3215,0.4139
puissantes,0.3214,0.2770
attentats,0.3214,0.2457
sers,0.3214,0.3006
étoile,0.3214,0.2828
feriez,0.3214,0.3145
habileté,0.3214,0.2060
diminution,0.3213,0.3117
commencé,0.3213,0.3364
literature,0.3213,0.1366
eum,0.3212,0.2909
ordonna,0.3212,0.3665
réjouir,0.3212,0.2556
bancs,0.3211,0.3072
lesdits,0.3211,0.2363
l'approbation,0.3211,0.3303
très,0.3210,0.2898
commencèrent,0.3209,0.3444
société,0.3209,0.2613
chanoine,0.3209,0.4623
portoient,0.3209,0.2947
tei,0.3208,0.4253
entendit,0.3208,0.3370
laquelle,0.3208,0.3384
cclui,0.3207,0.3315
mari,0.3207,0.3254
boeuf,0.3207,0.2918
injures,0.3207,0.2505
l'avons,0.3207,0.2907
magnifique,0.3206,0.3679
l'orge,0.3205,0.3045
voies,0.3204,0.2444
cls,0.3204,0.3776
jours,0.3203,0.3196
neveu,0.3203,0.2578
fibres,0.3203,0.3661
bella,0.3203,0.3349
bagatelles,0.3202,0.2643
persuadé,0.3201,0.3352
avcc,0.3201,0.3115
nommées,0.3199,0.2777
laisse,0.3199,0.2938
étendu,0.3199,0.2446
animé,0.3199,0.2460
rendus,0.3199,0.2380
etienne,0.3198,0.4566
considérations,0.3198,0.2121
bene,0.3198,0.3133
sénéchaux,0.3197,0.1880
discipline,0.3197,0.2755
néanmoins,0.3197,0.2893
insultes,0.3196,0.2244
zc,0.3196,0.2968
enrichi,0.3196,0.3056
sors,0.3196,0.3086
soldats,0.3195,0.3176
conquis,0.3195,0.2264
foires,0.3194,0.3318
quas,0.3194,0.2732
paresse,0.3194,0.2671
particulières,0.3193,0.3266
expliquer,0.3193,0.2878
assise,0.3193,0.3649
cq,0.3192,0.3994
préparez,0.3192,0.3036
répandre,0.3192,0.2327
larges,0.3191,0.3269
galerie,0.3190,0.4072
apôtres,0.3190,0.3238
ment,0.3190,0.3271
distingués,0.3190,0.2229
ceux,0.3190,0.3595
ménager,0.3189,0.2442
matin,0.3188,0.3051
crc,0.3188,0.3585
ini,0.3187,0.3791
prendrai,0.3187,0.2940
m'ayant,0.3187,0.3264
dife,0.3187,0.3208
ceinture,0.3186,0.4005
animaux,0.3186,0.3729
ero,0.3186,0.4032
unquam,0.3186,0.2747
éloigner,0.3185,0.2492
rayons,0.3185,0.3878
ouï,0.3184,0.2417
tcms,0.3184,0.3054
zo,0.3184,0.3094
etes,0.3184,0.3035
amante,0.3183,0.1983
punis,0.3183,0.1845
ix,0.3182,0.3101
ili,0.3182,0.3557
dernieres,0.3181,0.3076
domus,0.3180,0.2485
vus,0.3180,0.2287
rs,0.3179,0.2829
cousine,0.3179,0.3277
effroyable,0.3177,0.3452
appelle,0.3177,0.2123
donnerai,0.3177,0.3152
gouvernent,0.3176,0.2316
servit,0.3176,0.2693
interrompit,0.3176,0.4056
s'adresser,0.3175,0.3304
farine,0.3174,0.3167
dudit,0.3174,0.2504
excitent,0.3174,0.2599
craignent,0.3173,0.3325
vaincus,0.3172,0.2476
événement,0.3172,0.2964
remboursement,0.3172,0.3631
cil,0.3171,0.2566
absolument,0.3171,0.2538
partem,0.3171,0.2622
tablettes,0.3170,0.2804
sed,0.3170,0.3396
afrique,0.3170,0.2573
majeste,0.3170,0.2986
envers,0.3169,0.2355
payeront,0.3169,0.3498
n'etoit,0.3169,0.2808
vallée,0.3169,0.3395
parlerons,0.3169,0.3302
saurai,0.3168,0.2972
iin,0.3168,0.3476
courtisans,0.3168,0.2491
dieu,0.3167,0.3291
imputer,0.3167,0.2261
fondateur,0.3167,0.2671
composa,0.3166,0.2418
grec,0.3166,0.3592
pieds,0.3165,0.2350
hollande,0.3165,0.3596
esprit,0.3165,0.3098
appartiennent,0.3165,0.3617
l'effet,0.3165,0.2535
quae,0.3165,0.3753
bornes,0.3165,0.2367
voyoient,0.3164,0.3068
ingratitude,0.3164,0.2470
ke,0.3164,0.4264
vingr,0.3163,0.3269
abandonne,0.3163,0.2876
remède,0.3162,0.3330
iti,0.3162,0.2979
partis,0.3162,0.2277
princesses,0.3162,0.3819
legibus,0.3162,0.2218
philosophes,0.3161,0.3187
paiement,0.3161,0.3615
accorde,0.3160,0.3123
comparable,0.3160,0.2873
attentifs,0.3159,0.2329
excite,0.3159,0.2336
fairc,0.3158,0.3467
ça,0.3156,0.2967
nôtres,0.3156,0.2524
occupation,0.3156,0.2180
exerce,0.3156,0.2770
l'automne,0.3156,0.3105
tombant,0.3156,0.2395
livrer,0.3155,0.1958
tombée,0.3155,0.3153
foyez,0.3155,0.3294
vinaigre,0.3154,0.3382
fléchir,0.3154,0.2600
césar,0.3153,0.4781
dépendance,0.3153,0.2501
condamnée,0.3153,0.2455
ul,0.3152,0.3472
cic,0.3152,0.4099
soumettre,0.3151,0.1996
plûpart,0.3151,0.2352
tm,0.3151,0.3519
connoissancent,0.3150,0.3930
profond,0.3150,0.2937
espéce,0.3150,0.3045
ous,0.3149,0.2644
bt,0.3149,0.3774
l'aurois,0.3149,0.2150
nova,0.3149,0.3125
aprés,0.3149,0.3342
l'histoire,0.3148,0.2542
acquiert,0.3148,0.2887
rives,0.3148,0.2749
goldsmithsâ,0.3148,0.0938
enrichir,0.3147,0.3027
onr,0.3147,0.2853
obéir,0.3147,0.1996
n'cn,0.3146,0.2862
femme,0.3146,0.2791
colère,0.3146,0.2950
aurez,0.3145,0.3428
conserve,0.3145,0.2020
avoir,0.3144,0.3072
gris,0.3144,0.3351
n'osait,0.3143,0.3575
l'égard,0.3143,0.2217
n'ose,0.3142,0.3149
concilier,0.3142,0.2151
ancêtres,0.3141,0.3455
dames,0.3141,0.3275
d'olive,0.3140,0.3679
rv,0.3140,0.3147
vû,0.3140,0.2130
répondu,0.3140,0.3222
mâles,0.3140,0.3940
aller,0.3139,0.3310
craintes,0.3138,0.2056
pères,0.3138,0.3024
l'y,0.3138,0.2513
calomnies,0.3138,0.2392
muse,0.3137,0.2602
n'entend,0.3137,0.2919
frères,0.3137,0.2828
premieres,0.3136,0.2838
regi,0.3136,0.3598
affaire,0.3135,0.3631
inc,0.3134,0.3379
perfide,0.3134,0.2264
pleurant,0.3134,0.2524
vaisseaux,0.3133,0.2763
statues,0.3133,0.3207
plaira,0.3133,0.2980
yi,0.3133,0.3447
averti,0.3133,0.3442
appellées,0.3132,0.2589
tp,0.3132,0.3391
ombre,0.3132,0.2480
compatriotes,0.3131,0.3217
donnent,0.3131,0.2207
aii,0.3131,0.3426
devrait,0.3131,0.2952
oppose,0.3129,0.2466
purement,0.3129,0.3219
chargea,0.3129,0.3347
fumier,0.3128,0.3039
ailes,0.3127,0.2875
officio,0.3127,0.3141
tandem,0.3125,0.2194
nuages,0.3125,0.3605
générosité,0.3124,0.2249
oiseau,0.3124,0.3043
envoyent,0.3124,0.2460
n'aura,0.3124,0.2731
allerent,0.3123,0.2797
manqua,0.3123,0.3121
abuser,0.3121,0.2437
printemps,0.3120,0.2737
it,0.3120,0.2358
flambeaux,0.3119,0.2324
sembloient,0.3119,0.3080
parlerai,0.3119,0.3305
attribuée,0.3117,0.2858
l'occident,0.3117,0.2948
favent,0.3117,0.2970
soins,0.3116,0.2752
oser,0.3116,0.2456
d'augmenter,0.3115,0.2386
déterminer,0.3114,0.1974
verrai,0.3113,0.3409
grâces,0.3113,0.3306
oo,0.3112,0.2633
beurre,0.3111,0.3034
puits,0.3111,0.3243
allemagne,0.3111,0.3300
gré,0.3111,0.2266
répugnance,0.3111,0.2307
multiplier,0.3111,0.4173
recueille,0.3110,0.2114
arc,0.3110,0.2828
cendres,0.3110,0.2810
xxi,0.3109,0.3242
agité,0.3109,0.2221
hommages,0.3108,0.2948
contraires,0.3108,0.2039
atteindre,0.3107,0.2072
illo,0.3105,0.2419
impositions,0.3105,0.3368
domini,0.3105,0.3745
til,0.3104,0.4256
duc,0.3104,0.3200
dû,0.3103,0.1778
irs,0.3103,0.3220
alliés,0.3103,0.2433
élevée,0.3102,0.3678
modération,0.3101,0.2337
secours,0.3101,0.1892
venez,0.3101,0.3290
apparences,0.3100,0.2396
desdits,0.3100,0.2403
jusqu'alors,0.3099,0.2712
m'ait,0.3099,0.3066
hardiesse,0.3099,0.2441
quelles,0.3098,0.3178
troublent,0.3097,0.2767
isc,0.3097,0.4132
tendrement,0.3097,0.2525
ctc,0.3096,0.3440
ite,0.3096,0.3772
cinquième,0.3096,0.2561
iai,0.3095,0.3597
day,0.3095,0.3940
nommée,0.3094,0.2900
habits,0.3094,0.3532
nouveauté,0.3093,0.2975
before,0.3093,0.3143
étes,0.3092,0.3361
foible,0.3091,0.2553
mien,0.3090,0.2104
respect,0.3090,0.1914
vim,0.3090,0.2582
ri,0.3089,0.3868
nud,0.3089,0.3320
entr'autres,0.3088,0.2773
manger,0.3088,0.3316
récit,0.3088,0.3542
pauvreté,0.3087,0.2505
ressource,0.3087,0.1831
dimanche,0.3086,0.2755
fallut,0.3086,0.2917
traitée,0.3086,0.2268
dici,0.3085,0.2823
éclaire,0.3083,0.2500
heures,0.3082,0.3247
ovale,0.3081,0.3855
remplies,0.3081,0.2274
horrible,0.3080,0.2961
l'occasion,0.3079,0.2830
l'augmentation,0.3079,0.2661
privileges,0.3079,0.2498
l'amende,0.3079,0.3963
d'huile,0.3078,0.3715
d'animaux,0.3076,0.2725
retourné,0.3076,0.3389
bled,0.3075,0.3308
ellcs,0.3075,0.3271
perdue,0.3074,0.2464
i'c,0.3074,0.2763
rp,0.3072,0.3538
juste,0.3072,0.2641
d'établir,0.3072,0.2044
tonneau,0.3071,0.4210
souffrances,0.3071,0.2557
vaudroit,0.3071,0.3103
pénétré,0.3070,0.2376
n'aime,0.3070,0.2674
te,0.3069,0.1838
fuis,0.3069,0.2723
prendrez,0.3069,0.3248
attirer,0.3068,0.2123
pretexte,0.3068,0.3381
viennent,0.3068,0.3161
armée,0.3067,0.3104
éclat,0.3066,0.2716
quoiqu'elle,0.3065,0.2815
jeté,0.3064,0.2623
book,0.3064,0.2218
réussit,0.3063,0.2504
aversion,0.3063,0.2238
abbé,0.3062,0.4009
fassent,0.3062,0.3386
déjà,0.3061,0.2469
coquilles,0.3061,0.2930
terra,0.3061,0.3356
nomen,0.3060,0.2851
inutiles,0.3059,0.2358
raisonnable,0.3059,0.2550
environnée,0.3058,0.3076
centre,0.3057,0.2463
termine,0.3056,0.2268
procureurs,0.3055,0.3413
nièce,0.3055,0.2875
j'aie,0.3055,0.2727
manqueroit,0.3054,0.3092
archives,0.3054,0.3052
successeurs,0.3053,0.2559
histoires,0.3052,0.2246
cut,0.3052,0.3115
tombeau,0.3052,0.3335
saçon,0.3051,0.3586
lic,0.3051,0.3148
impossible,0.3050,0.2724
longtems,0.3050,0.3747
galanterie,0.3049,0.3011
payens,0.3049,0.3622
démonstrations,0.3047,0.3003
d'estime,0.3046,0.2332
aime,0.3046,0.2781
gl,0.3046,0.4037
parents,0.3046,0.2500
ouvertes,0.3046,0.2693
s'attacher,0.3046,0.2941
ferai,0.3045,0.2803
recevons,0.3045,0.3498
avons,0.3044,0.2863
obligées,0.3044,0.3531
fortuna,0.3044,0.2160
yc,0.3044,0.3639
voeux,0.3043,0.3445
xxii,0.3042,0.3626
promets,0.3042,0.3520
c'a,0.3042,0.3077
tremble,0.3041,0.2313
demandoient,0.3041,0.2206
quitte,0.3041,0.2442
prenoient,0.3040,0.2809
isle,0.3039,0.3279
seconde,0.3039,0.3376
navire,0.3038,0.2719
arma,0.3038,0.3354
deflus,0.3038,0.3076
assister,0.3037,0.3116
parens,0.3037,0.2579
combattu,0.3037,0.2223
ôta,0.3037,0.2592
froideur,0.3036,0.2773
expliqué,0.3036,0.2722
lc,0.3036,0.2724
mars,0.3035,0.2681
cloux,0.3034,0.3493
qs,0.3034,0.5494
comprends,0.3034,0.2698
n'eurent,0.3034,0.3147
bas,0.3034,0.2766
regardoit,0.3034,0.2493
chants,0.3033,0.3414
atque,0.3033,0.3837
flamme,0.3033,0.2036
troupes,0.3032,0.2995
raisins,0.3032,0.3080
payé,0.3032,0.2967
surpris,0.3031,0.2884
crédit,0.3031,0.2276
nombres,0.3030,0.2481
passa,0.3030,0.3009
hominis,0.3028,0.2295
fc,0.3028,0.4105
lits,0.3028,0.2855
icc,0.3028,0.3346
xix,0.3027,0.3421
misere,0.3027,0.2426
c'ell,0.3026,0.2724
productions,0.3026,0.2197
remedes,0.3026,0.2721
dépense,0.3026,0.3362
n'eus,0.3023,0.3210
prétendoit,0.3023,0.3431
lacs,0.3022,0.4601
vix,0.3022,0.2099
nul,0.3021,0.2123
flotte,0.3021,0.2766
dise,0.3020,0.3519
chapeau,0.3019,0.3184
voûte,0.3019,0.2347
scra,0.3019,0.3341
rti,0.3019,0.3197
pattes,0.3019,0.3377
aimoit,0.3018,0.3103
l'art,0.3018,0.2671
entendue,0.3017,0.2580
diamans,0.3016,0.2805
coupe,0.3016,0.2863
vendeur,0.3016,0.3109
m'est,0.3016,0.2813
plantes,0.3016,0.3471
decem,0.3016,0.3165
xi,0.3015,0.3433
huile,0.3015,0.3056
voudra,0.3014,0.2527
enfin,0.3013,0.2639
conduits,0.3013,0.2528
habitude,0.3013,0.2351
diminuée,0.3013,0.2921
sépare,0.3012,0.2863
iiu,0.3011,0.3628
avantures,0.3011,0.3015
dévotion,0.3010,0.3031
cci,0.3010,0.3343
receveur,0.3010,0.3448
éte,0.3009,0.2754
acheté,0.3009,0.2866
el,0.3008,0.3037
exciter,0.3008,0.2024
anni,0.3008,0.3656
desus,0.3007,0.2757
siecles,0.3006,0.2319
évidente,0.3006,0.3055
nam,0.3006,0.2924
héritiers,0.3005,0.3091
nymphes,0.3005,0.3509
proposa,0.3005,0.3108
étoir,0.3005,0.3017
illa,0.3004,0.2918
fécondité,0.3003,0.2461
lisant,0.3003,0.3134
printems,0.3003,0.2742
diminué,0.3003,0.3446
rends,0.3003,0.3474
lecteur,0.3002,0.2059
ardeurs,0.3002,0.2515
s'emparer,0.3001,0.2256
ravir,0.3000,0.2275
entendoit,0.3000,0.2976
courroux,0.3000,0.3326
loco,0.3000,0.3215
valoit,0.2999,0.2998
perce,0.2998,0.3063
especes,0.2997,0.3031
puisent,0.2997,0.2425
esset,0.2997,0.3702
menaces,0.2997,0.2124
peintures,0.2996,0.3204
choux,0.2992,0.3727
patience,0.2992,0.2261
faurois,0.2992,0.2131
capable,0.2992,0.3258
appellée,0.2992,0.2819
regles,0.2992,0.2857
lti,0.2991,0.3350
approbation,0.2991,0.2502
résolut,0.2990,0.2836
mirent,0.2989,0.3466
coté,0.2989,0.2379
nl,0.2988,0.3016
disciples,0.2987,0.3542
furent,0.2987,0.3003
pouvant,0.2987,0.2795
s'être,0.2986,0.2542
différence,0.2985,0.3130
dico,0.2984,0.2401
coupées,0.2984,0.2843
parle,0.2983,0.2799
respire,0.2983,0.2128
croyois,0.2983,0.3261
bonis,0.2982,0.2605
vais,0.2982,0.2766
plaintes,0.2981,0.1883
attente,0.2981,0.2165
ccs,0.2981,0.2831
tremblant,0.2981,0.2468
fosse,0.2980,0.3451
patria,0.2980,0.2587
ménagement,0.2979,0.2217
jeta,0.2979,0.3077
savoit,0.2978,0.3067
haïr,0.2977,0.2469
funt,0.2977,0.3576
vîmes,0.2976,0.2670
ignorance,0.2976,0.2048
substance,0.2975,0.2302
frayeurs,0.2975,0.2567
figues,0.2975,0.2966
greffiers,0.2975,0.3369
marquis,0.2975,0.3455
montagnes,0.2974,0.2933
amore,0.2974,0.2147
entra,0.2973,0.3101
tanta,0.2972,0.2518
mutuellement,0.2971,0.2296
cettc,0.2971,0.3172
imo,0.2970,0.3818
croyent,0.2969,0.2877
fermées,0.2969,0.2590
es,0.2968,0.1888
mît,0.2968,0.2295
manquera,0.2968,0.3090
lio,0.2967,0.3255
illius,0.2967,0.2342
chosc,0.2967,0.3632
règles,0.2967,0.2530
bello,0.2965,0.3388
sunt,0.2965,0.3781
ilt,0.2965,0.3170
tôt,0.2965,0.2309
enne,0.2964,0.2690
cherchent,0.2963,0.2627
nunc,0.2963,0.3652
solitude,0.2962,0.2326
vénération,0.2962,0.2208
îl,0.2962,0.4330
cn,0.2961,0.2542
l'ont,0.2960,0.2927
demandoit,0.2960,0.2739
l'avoine,0.2959,0.3339
evêques,0.2959,0.2767
seuls,0.2958,0.2088
lar,0.2957,0.4748
dissipe,0.2955,0.2377
mépris,0.2954,0.2111
illum,0.2954,0.2234
aurons,0.2953,0.3637
établis,0.2953,0.2055
lont,0.2952,0.2325
licet,0.2952,0.2337
auteur,0.2951,0.2647
cadix,0.2951,0.4822
deum,0.2950,0.3044
raison,0.2950,0.1895
hambourg,0.2950,0.3419
tenons,0.2949,0.4331
nourrit,0.2948,0.2032
diables,0.2947,0.3107
multiplient,0.2947,0.2106
vanité,0.2947,0.2254
ll,0.2947,0.3284
offrir,0.2945,0.2031
fleuves,0.2944,0.3537
disputer,0.2944,0.2445
violences,0.2943,0.2261
crut,0.2942,0.3004
après,0.2942,0.2629
malgré,0.2942,0.1902
succéda,0.2940,0.2220
plais,0.2939,0.2781
trésors,0.2939,0.1942
car,0.2939,0.1980
prenant,0.2938,0.3475
trouverons,0.2937,0.2727
disgrâce,0.2937,0.2858
répond,0.2936,0.2206
eurent,0.2936,0.3179
loo,0.2936,0.3070
venoient,0.2935,0.2863
jesus,0.2935,0.3012
prunes,0.2933,0.2912
goûte,0.2933,0.2482
neuvième,0.2932,0.2581
oeuf,0.2931,0.2578
contraint,0.2931,0.2730
dirc,0.2931,0.2745
théologiens,0.2930,0.3359
sud,0.2930,0.2380
renferme,0.2930,0.2023
occupée,0.2930,0.2505
remets,0.2930,0.2235
l'hyver,0.2929,0.2891
indignes,0.2929,0.2709
erant,0.2929,0.3351
empereurs,0.2929,0.3859
éroit,0.2928,0.2391
in,0.2928,0.3373
paroissoit,0.2928,0.3034
revinrent,0.2927,0.3274
enfans,0.2926,0.2437
s'opposer,0.2926,0.2041
navigation,0.2925,0.2402
neuf,0.2925,0.2805
jugera,0.2925,0.2959
voit,0.2924,0.3006
observera,0.2924,0.2834
cct,0.2923,0.2717
renonce,0.2923,0.2502
dc,0.2923,0.2076
graines,0.2923,0.3076
vaisseau,0.2922,0.2339
siécles,0.2922,0.2428
regarda,0.2920,0.2825
puise,0.2919,0.3028
lli,0.2918,0.2883
meis,0.2918,0.2684
plaines,0.2917,0.3238
rii,0.2917,0.3095
huitième,0.2917,0.2525
genere,0.2915,0.2898
occupées,0.2914,0.2727
fâchée,0.2914,0.2991
opposée,0.2911,0.2357
troubler,0.2911,0.2569
conforme,0.2910,0.1691
mettoit,0.2910,0.2908
choisis,0.2910,0.2163
voulût,0.2910,0.2885
ici,0.2909,0.2172
bagatelle,0.2908,0.2613
cochons,0.2907,0.3155
accuse,0.2907,0.2765
m'étois,0.2906,0.2813
vingt,0.2905,0.2549
mélange,0.2905,0.2014
l'étoient,0.2905,0.1891
d'infanterie,0.2904,0.3379
applique,0.2904,0.2582
octobre,0.2903,0.2114
ose,0.2903,0.1852
semblent,0.2903,0.2765
fîmes,0.2903,0.2379
garnison,0.2903,0.4198
rr,0.2902,0.3360
ls,0.2901,0.2444
humilité,0.2901,0.3319
rigueurs,0.2900,0.2179
six,0.2900,0.2648
cura,0.2900,0.2642
centum,0.2900,0.2739
invention,0.2900,0.2363
sert,0.2899,0.2291
complimens,0.2899,0.2378
animus,0.2899,0.2549
sûr,0.2899,0.2088
injustice,0.2898,0.1812
refus,0.2897,0.2157
inventer,0.2897,0.2822
surface,0.2897,0.2041
ferions,0.2896,0.2716
quem,0.2896,0.3225
tient,0.2895,0.2594
arrivés,0.2894,0.2325
n'aurez,0.2894,0.2567
iir,0.2893,0.3533
îi,0.2893,0.3719
résolu,0.2893,0.3106
fibi,0.2892,0.2794
m'appelle,0.2892,0.2816
acheta,0.2891,0.2982
témoins,0.2890,0.2662
comes,0.2890,0.3893
sine,0.2890,0.3464
s'agissoit,0.2889,0.2485
aprcs,0.2889,0.3282
vendues,0.2888,0.3285
prions,0.2886,0.2317
tante,0.2885,0.3299
etoient,0.2885,0.3184
plairoit,0.2885,0.3164
sacrifier,0.2885,0.2119
s'est,0.2885,0.2905
faisois,0.2884,0.2941
parut,0.2884,0.2858
jefus,0.2883,0.3164
débauches,0.2882,0.2320
flots,0.2882,0.3231
alla,0.2881,0.2526
patrie,0.2881,0.1694
barils,0.2881,0.3373
déclarer,0.2880,0.2251
feuilles,0.2880,0.3070
orientales,0.2878,0.3085
sertiles,0.2878,0.2078
faudrait,0.2876,0.2724
xxiii,0.2876,0.2769
divertir,0.2875,0.2395
avarice,0.2875,0.2280
arriva,0.2874,0.3487
savait,0.2874,0.3459
couverts,0.2872,0.1846
alloient,0.2872,0.2887
velours,0.2872,0.3162
arrivée,0.2872,0.2994
poëte,0.2871,0.3033
sienne,0.2871,0.2707
tenoit,0.2871,0.2752
altera,0.2870,0.2539
croyais,0.2870,0.2632
meo,0.2868,0.2592
minus,0.2866,0.2814
terns,0.2866,0.2502
vôtres,0.2865,0.2198
devions,0.2865,0.2274
sien,0.2863,0.2291
tuyau,0.2861,0.2547
bouillir,0.2859,0.3041
j'aurois,0.2857,0.2491
ruisseaux,0.2857,0.3253
books,0.2856,0.2357
itc,0.2856,0.2911
naturel,0.2856,0.2480
etre,0.2855,0.3433
lil,0.2855,0.3106
vitriol,0.2854,0.3777
dixi,0.2854,0.2663
refusé,0.2853,0.2689
confondent,0.2853,0.2492
différens,0.2852,0.2565
sujettes,0.2852,0.2175
good,0.2850,0.3696
qi,0.2849,0.2695
donnoient,0.2848,0.2179
alia,0.2848,0.3618
fermer,0.2848,0.3058
jure,0.2848,0.2592
nest,0.2847,0.2900
prima,0.2847,0.2848
douta,0.2847,0.2816
j'aimerois,0.2846,0.3163
rj,0.2846,0.2853
expressions,0.2845,0.1745
ia,0.2845,0.2171
dûs,0.2844,0.2379
promit,0.2843,0.2703
falloir,0.2841,0.2859
exposées,0.2841,0.2601
mettrez,0.2841,0.3002
fuyez,0.2840,0.2449
jolie,0.2839,0.2718
coule,0.2839,0.2247
iw,0.2837,0.3019
donc,0.2837,0.1869
villages,0.2835,0.2541
obligés,0.2834,0.2182
dernière,0.2832,0.2624
cuisine,0.2831,0.3437
apres,0.2831,0.2819
dis,0.2830,0.1802
détruit,0.2830,0.2383
croirois,0.2829,0.3109
bataillons,0.2828,0.2575
jugent,0.2828,0.2702
éloquence,0.2826,0.1811
nuds,0.2825,0.2702
hic,0.2824,0.3355
espagne,0.2824,0.3110
ôté,0.2824,0.1883
n'aiment,0.2823,0.2877
accablé,0.2821,0.2105
victime,0.2821,0.2293
ferez,0.2820,0.2679
victoires,0.2820,0.2010
servirent,0.2819,0.2879
hé,0.2818,0.2656
instructions,0.2818,0.2247
consiscation,0.2818,0.2574
suivoient,0.2817,0.2661
cruauté,0.2817,0.2067
modo,0.2817,0.3523
eûmes,0.2816,0.2611
peau,0.2815,0.3251
brusquement,0.2814,0.2711
renoncer,0.2813,0.1858
condamna,0.2812,0.3093
plaît,0.2812,0.2445
erre,0.2811,0.2685
veut,0.2811,0.2371
demanda,0.2810,0.2565
xii,0.2810,0.3423
égards,0.2810,0.1741
vous,0.2810,0.2900
irr,0.2809,0.3489
sertile,0.2809,0.3284
pleurs,0.2808,0.2269
appellons,0.2807,0.3336
find,0.2807,0.3006
joug,0.2807,0.2155
cas,0.2805,0.1638
immortelle,0.2804,0.2636
scs,0.2804,0.2353
rebus,0.2803,0.2874
factum,0.2802,0.3294
cté,0.2802,0.2916
épouse,0.2801,0.3235
toujours,0.2800,0.2111
tii,0.2800,0.3057
alléguer,0.2799,0.2478
l'avez,0.2799,0.2494
fatigues,0.2799,0.2013
soupçons,0.2798,0.1604
menace,0.2797,0.2346
fondée,0.2796,0.3050
ferais,0.2794,0.2790
manieres,0.2792,0.2860
affreux,0.2791,0.3138
couche,0.2791,0.2579
junon,0.2790,0.2974
négliger,0.2790,0.2593
degré,0.2790,0.2126
vapeurs,0.2789,0.2297
canelle,0.2789,0.2755
quot,0.2789,0.2778
cinquante,0.2788,0.2592
c'efi,0.2788,0.2670
guerres,0.2787,0.2566
vint,0.2786,0.2806
tj,0.2786,0.3167
aliquid,0.2785,0.2818
situé,0.2783,0.3218
l'herbe,0.2783,0.2508
duquel,0.2781,0.2904
m'être,0.2781,0.3056
muid,0.2781,0.3557
reproche,0.2780,0.1677
joie,0.2779,0.2577
igitur,0.2778,0.2611
aliud,0.2778,0.2792
blanches,0.2777,0.2894
partagé,0.2777,0.2055
foyons,0.2776,0.3198
momens,0.2773,0.2566
desirs,0.2772,0.2033
détruisent,0.2772,0.2435
préparatifs,0.2772,0.2033
poulets,0.2772,0.3896
mercredi,0.2772,0.2548
rencontrent,0.2772,0.2901
oui,0.2771,0.2080
déclarent,0.2771,0.2666
hollandois,0.2771,0.2913
perles,0.2771,0.2937
étions,0.2769,0.2736
bon,0.2769,0.2078
donnât,0.2768,0.3395
d'abandonner,0.2766,0.2427
conjointement,0.2766,0.2294
chanson,0.2765,0.4312
clt,0.2765,0.2302
courus,0.2765,0.2573
tamen,0.2764,0.2803
entendent,0.2763,0.3557
soin,0.2762,0.3113
l'auroit,0.2759,0.1906
legem,0.2759,0.2330
receveurs,0.2759,0.3257
habit,0.2759,0.2740
espérance,0.2758,0.2215
cho,0.2756,0.1813
l'ayant,0.2756,0.2962
liqueur,0.2756,0.3197
conjure,0.2754,0.2059
voulions,0.2754,0.2736
corpore,0.2753,0.2585
ferveur,0.2752,0.3569
réponses,0.2751,0.2289
verroit,0.2750,0.1955
plait,0.2750,0.2637
prît,0.2748,0.2861
espérances,0.2748,0.1909
dcux,0.2747,0.2852
capacité,0.2746,0.2378
dcs,0.2746,0.2299
nomme,0.2746,0.2433
voudriez,0.2746,0.2667
livrc,0.2744,0.4508
reçus,0.2744,0.2077
quibus,0.2744,0.3056
queje,0.2742,0.2460
matiere,0.2741,0.3165
davantage,0.2741,0.2340
dix,0.2741,0.2723
abandonner,0.2741,0.2017
détourner,0.2740,0.2170
perdroit,0.2740,0.2803
conduisit,0.2740,0.3023
prétendez,0.2739,0.2919
punit,0.2739,0.2313
exercent,0.2739,0.2275
m'imagine,0.2738,0.1893
ôte,0.2738,0.2133
tempora,0.2737,0.2283
venu,0.2737,0.2854
rouges,0.2737,0.2746
refuse,0.2735,0.2200
premières,0.2734,0.3094
els,0.2734,0.2035
pots,0.2734,0.2757
reprit,0.2733,0.3069
douze,0.2730,0.2284
iie,0.2729,0.3426
l'emporter,0.2728,0.2032
ouvrir,0.2728,0.2736
voudrois,0.2728,0.2635
cesse,0.2726,0.1623
protection,0.2726,0.1779
château,0.2726,0.2668
autem,0.2726,0.3434
rhin,0.2725,0.2591
sentoit,0.2725,0.2914
épaules,0.2725,0.2732
wi,0.2725,0.3446
manières,0.2723,0.2713
source,0.2723,0.2271
envoya,0.2720,0.2992
j'aurais,0.2719,0.2114
citadelle,0.2719,0.2776
domino,0.2718,0.4316
devront,0.2718,0.3152
durant,0.2716,0.3172
planter,0.2715,0.2975
videre,0.2715,0.3408
dangereuse,0.2715,0.2100
caput,0.2715,0.3446
concernent,0.2712,0.2186
m'avez,0.2712,0.2688
étonné,0.2711,0.2517
prenoit,0.2711,0.2524
commença,0.2710,0.2897
fauver,0.2710,0.2182
innocence,0.2710,0.1954
conservation,0.2710,0.1924
chrétiens,0.2708,0.3188
obscurité,0.2708,0.2541
bellum,0.2708,0.2609
guérir,0.2706,0.2464
honte,0.2706,0.1875
moment,0.2706,0.1517
montre,0.2705,0.2343
rubis,0.2704,0.3764
mouvement,0.2703,0.1929
rochers,0.2703,0.3011
souhaits,0.2702,0.3693
relevant,0.2702,0.3440
irc,0.2702,0.2908
affection,0.2702,0.3283
ui,0.2701,0.2647
occidentales,0.2701,0.3035
omnia,0.2700,0.3399
prenne,0.2700,0.2448
établir,0.2699,0.1748
montrent,0.2699,0.1951
prend,0.2698,0.2637
poètes,0.2698,0.3001
matière,0.2698,0.2305
bec,0.2697,0.2998
êre,0.2697,0.2231
peines,0.2696,0.2097
ressentiment,0.2695,0.1950
caresses,0.2695,0.1875
enim,0.2695,0.3572
ii,0.2695,0.2351
soyez,0.2694,0.2764
cependant,0.2692,0.1950
vaincre,0.2691,0.2355
flatte,0.2690,0.1762
rc,0.2689,0.2724
céder,0.2689,0.2054
études,0.2688,0.1979
omne,0.2687,0.2494
midi,0.2687,0.2865
s'étaient,0.2686,0.2686
payent,0.2686,0.3055
aurions,0.2686,0.2735
justice,0.2683,0.2070
manquoient,0.2682,0.2367
volumus,0.2680,0.2840
imprimeurs,0.2680,0.2228
spectacle,0.2680,0.2050
s'étoient,0.2678,0.2769
donné,0.2678,0.2679
illustres,0.2677,0.2186
familiarité,0.2676,0.2463
opération,0.2676,0.2299
fortune,0.2676,0.1655
aucun,0.2675,0.2713
tc,0.2675,0.3046
d'avril,0.2674,0.2185
entretiens,0.2673,0.2830
bâtie,0.2671,0.2755
payement,0.2671,0.2886
c'el,0.2670,0.2705
d'avoine,0.2670,0.3344
dirons,0.2669,0.2911
archevêque,0.2667,0.2476
voulus,0.2666,0.2587
d'ailleurs,0.2666,0.2327
libraires,0.2665,0.1890
l'ai,0.2664,0.2287
connus,0.2664,0.1935
n'el,0.2663,0.2252
puisqu'elle,0.2663,0.2344
ensuite,0.2663,0.2278
ami,0.2663,0.1664
zele,0.2662,0.2034
faiblesse,0.2661,0.2150
cher,0.2661,0.2555
bâties,0.2660,0.2585
unde,0.2658,0.2792
diminuer,0.2658,0.2013
richesses,0.2657,0.1955
apprennent,0.2656,0.1986
prétentions,0.2656,0.1769
voudrait,0.2656,0.2989
virent,0.2656,0.2931
vers,0.2656,0.2863
trouveroient,0.2655,0.2144
méritent,0.2654,0.1631
cùm,0.2654,0.2885
conclus,0.2654,0.2126
avertis,0.2653,0.2292
hac,0.2653,0.2802
sous,0.2653,0.2139
cs,0.2652,0.2193
l'endroit,0.2651,0.2002
oportet,0.2649,0.2327
ibi,0.2648,0.4023
dedit,0.2647,0.2603
sexe,0.2647,0.2305
vas,0.2646,0.2479
vît,0.2645,0.2384
dominus,0.2645,0.3061
désir,0.2645,0.2119
sua,0.2645,0.3631
divisent,0.2644,0.2001
efl,0.2644,0.2310
fierté,0.2644,0.1939
réflexions,0.2643,0.3127
jalousie,0.2643,0.2334
debet,0.2642,0.2586
ef,0.2641,0.2000
longtemps,0.2641,0.1994
fille,0.2641,0.2112
marchandises,0.2639,0.2901
venait,0.2639,0.3031
m'étoit,0.2636,0.2673
dépendances,0.2635,0.3089
roi,0.2635,0.1453
dérober,0.2634,0.1951
arbre,0.2634,0.2747
encore,0.2633,0.1903
tiges,0.2631,0.2883
voulais,0.2629,0.2612
j'étois,0.2628,0.2888
artifices,0.2628,0.2417
sentis,0.2627,0.1809
ondes,0.2627,0.3031
descendit,0.2624,0.3569
quefois,0.2623,0.2663
contens,0.2623,0.2672
sentiments,0.2623,0.1713
fureurs,0.2622,0.1706
cst,0.2619,0.2458
cuire,0.2617,0.2856
ejus,0.2616,0.3730
sombres,0.2616,0.2704
défie,0.2615,0.2067
temples,0.2614,0.2917
navires,0.2612,0.2719
confiance,0.2612,0.1756
horreur,0.2610,0.2116
situation,0.2609,0.1861
partagée,0.2609,0.1871
escalier,0.2609,0.2153
probité,0.2608,0.1883
viens,0.2608,0.2778
manqueront,0.2607,0.3261
siècles,0.2605,0.2267
avés,0.2605,0.3232
soeurs,0.2604,0.2827
ratio,0.2604,0.2376
puissions,0.2604,0.2485
force,0.2601,0.2137
fous,0.2600,0.2171
voudront,0.2599,0.2368
meum,0.2599,0.2364
trouvait,0.2598,0.2879
auront,0.2598,0.2317
ferons,0.2598,0.3084
cinq,0.2597,0.2642
arrivâmes,0.2596,0.2955
remords,0.2595,0.1905
prudence,0.2594,0.2076
combats,0.2593,0.2138
négocians,0.2593,0.2959
voulaient,0.2592,0.2941
dire,0.2590,0.2799
trouveront,0.2590,0.2441
puissiez,0.2589,0.2898
consulter,0.2589,0.2495
trouble,0.2588,0.1915
s'agit,0.2588,0.2370
coupant,0.2587,0.2770
natura,0.2587,0.2914
vero,0.2586,0.2723
donner,0.2586,0.2780
lasser,0.2584,0.2541
lit,0.2581,0.2349
quelqu'un,0.2580,0.2030
quidem,0.2577,0.2793
image,0.2575,0.2013
mea,0.2575,0.2741
saurais,0.2575,0.2490
c'cft,0.2574,0.3073
tels,0.2573,0.1926
amour,0.2573,0.2499
douceurs,0.2572,0.1901
dérobe,0.2570,0.2274
agissent,0.2569,0.2156
flatter,0.2569,0.1693
tanto,0.2569,0.2781
m'y,0.2568,0.1987
plancher,0.2565,0.2188
populi,0.2565,0.2358
iu,0.2565,0.2995
ilr,0.2563,0.3464
filius,0.2562,0.3120
servent,0.2561,0.2762
départ,0.2559,0.3236
vendu,0.2558,0.3039
facile,0.2558,0.2087
située,0.2557,0.2780
ci,0.2557,0.1824
courrier,0.2557,0.3387
justesse,0.2556,0.1787
souvient,0.2556,0.1801
payés,0.2556,0.2330
ferois,0.2554,0.2335
desdites,0.2553,0.2670
arrivées,0.2553,0.2354
troisième,0.2552,0.2701
dirois,0.2552,0.1834
contenter,0.2552,0.1961
inspire,0.2550,0.1903
sujette,0.2550,0.2129
m'arrête,0.2549,0.2359
trouve,0.2547,0.2336
j'eusse,0.2546,0.2289
d'octobre,0.2546,0.2182
firent,0.2546,0.2522
maladies,0.2544,0.2349
pouviez,0.2544,0.2354
allèrent,0.2544,0.3120
ipso,0.2544,0.2633
rigueur,0.2541,0.2107
l'hiver,0.2541,0.2860
ame,0.2540,0.1767
longueur,0.2540,0.2985
ambition,0.2538,0.1813
italie,0.2535,0.2817
cux,0.2534,0.3022
aurais,0.2532,0.2203
fidei,0.2532,0.3837
illud,0.2531,0.2442
animo,0.2529,0.2526
êtes,0.2529,0.2515
différentes,0.2529,0.2494
aisé,0.2528,0.2411
saisions,0.2527,0.2971
ie,0.2527,0.2263
chore,0.2526,0.2775
fissent,0.2526,0.2715
retirant,0.2525,0.2270
foiblesse,0.2525,0.2067
faisoit,0.2524,0.2403
n'cst,0.2523,0.2593
appartenoient,0.2523,0.2115
vin,0.2522,0.2818
cavalerie,0.2520,0.3569
tyrans,0.2520,0.2363
non,0.2517,0.2381
fis,0.2516,0.1698
premiere,0.2515,0.2029
jaune,0.2514,0.2523
là,0.2513,0.1585
prends,0.2511,0.2722
ofé,0.2511,0.1527
compagnes,0.2508,0.3366
étc,0.2506,0.2876
tia,0.2504,0.3305
magna,0.2503,0.2816
t'a,0.2502,0.1791
unc,0.2502,0.3034
j'étais,0.2502,0.2400
hom,0.2501,0.1849
fuerit,0.2501,0.2312
devenus,0.2501,0.1890
mur,0.2501,0.2535
vouloient,0.2498,0.1852
t'en,0.2497,0.2183
whether,0.2496,0.2283
de,0.2496,0.1274
n'êtes,0.2496,0.2552
choie,0.2493,0.2506
demeurai,0.2492,0.2194
d'orge,0.2491,0.2997
planches,0.2488,0.2480
époux,0.2487,0.2271
ornée,0.2486,0.2575
injure,0.2486,0.2189
pus,0.2483,0.2507
jeudi,0.2482,0.2034
ies,0.2481,0.1940
leve,0.2481,0.2514
quàm,0.2480,0.3452
trouveroit,0.2478,0.2234
mer,0.2478,0.2524
simplicité,0.2477,0.1999
ic,0.2476,0.2034
m'aime,0.2475,0.2247
potuit,0.2473,0.1924
fît,0.2472,0.1652
nullo,0.2472,0.2134
efi,0.2471,0.1679
rendirent,0.2470,0.2679
sont,0.2469,0.2306
quatrième,0.2468,0.2263
ir,0.2467,0.2246
ioo,0.2467,0.3018
tuo,0.2466,0.2388
diligence,0.2466,0.2215
io,0.2466,0.2500
tempore,0.2465,0.2888
tu,0.2465,0.2050
autrefois,0.2464,0.2124
revint,0.2463,0.2309
croyoient,0.2463,0.2249
augmente,0.2463,0.1887
agit,0.2463,0.2006
devriez,0.2462,0.2544
donneroit,0.2462,0.2502
croient,0.2462,0.2390
fin,0.2462,0.2141
mamelé,0.2461,0.1749
détruire,0.2461,0.2049
ti,0.2459,0.2836
espagnols,0.2459,0.2966
seulement,0.2459,0.2348
plutôt,0.2458,0.2112
hélas,0.2458,0.1737
sauver,0.2458,0.1945
pourvoient,0.2457,0.2427
répliqua,0.2457,0.2815
prison,0.2457,0.2190
âge,0.2457,0.1835
affaires,0.2457,0.1712
vain,0.2456,0.1947
plaint,0.2456,0.1567
donne,0.2455,0.2092
vidi,0.2454,0.2337
locus,0.2452,0.2050
seigle,0.2452,0.2724
tv,0.2451,0.3416
quarante,0.2451,0.1999
toi,0.2450,0.1697
situées,0.2446,0.2038
avais,0.2445,0.2355
froment,0.2444,0.2684
chargent,0.2441,0.2188
usque,0.2441,0.3376
lesdites,0.2440,0.2486
fait,0.2439,0.2132
circa,0.2437,0.2929
n'auront,0.2437,0.2407
goûter,0.2437,0.1984
entreprendre,0.2436,0.2188
aliter,0.2435,0.2144
nemo,0.2435,0.2302
n'as,0.2430,0.2299
reprocher,0.2428,0.1568
purent,0.2428,0.2421
retourner,0.2426,0.2459
eadem,0.2426,0.2652
devez,0.2425,0.2407
défaite,0.2425,0.2013
avril,0.2424,0.2085
autorité,0.2424,0.1683
soient,0.2423,0.2034
demandé,0.2423,0.2531
sauroient,0.2423,0.2389
tromper,0.2423,0.1905
disois,0.2422,0.2057
dîner,0.2422,0.2226
tenter,0.2421,0.2368
n'aurions,0.2420,0.2049
première,0.2420,0.2223
quinze,0.2417,0.2642
jettent,0.2414,0.2608
n'ell,0.2414,0.2167
ubi,0.2414,0.3604
guenois,0.2413,0.2610
bonté,0.2411,0.2031
mêlées,0.2409,0.2293
iic,0.2409,0.2486
modestie,0.2408,0.1957
n'ait,0.2408,0.2327
mortem,0.2407,0.2089
séparer,0.2407,0.2285
fix,0.2407,0.1953
trouvera,0.2407,0.2138
mienne,0.2405,0.2076
fecit,0.2403,0.2495
l'avoir,0.2403,0.2431
treize,0.2402,0.2606
jouit,0.2401,0.1695
venoit,0.2399,0.2749
l'eût,0.2397,0.2251
trouvèrent,0.2396,0.2755
adore,0.2396,0.1896
possit,0.2395,0.2183
facere,0.2395,0.2766
quatuor,0.2393,0.3644
allé,0.2392,0.2597
air,0.2392,0.2052
dois,0.2390,0.2191
serai,0.2388,0.2319
conseille,0.2386,0.2025
presque,0.2384,0.2026
aucune,0.2381,0.2237
quatorze,0.2380,0.2189
seize,0.2377,0.2874
êrre,0.2375,0.2261
donnèrent,0.2374,0.2811
donna,0.2372,0.2404
nuire,0.2372,0.1720
description,0.2371,0.2385
servis,0.2371,0.2597
eau,0.2369,0.2310
i'i,0.2369,0.2723
bientôt,0.2367,0.1825
contient,0.2365,0.1987
être,0.2365,0.1731
fimes,0.2365,0.2540
puissance,0.2363,0.1649
voyoit,0.2363,0.2179
plains,0.2362,0.1930
haud,0.2361,0.2485
environs,0.2361,0.1552
demanderent,0.2361,0.2510
doutoit,0.2360,0.2547
tué,0.2359,0.1657
plaire,0.2357,0.1721
voulurent,0.2357,0.2152
saurois,0.2357,0.2588
n'étois,0.2356,0.2269
lt,0.2355,0.2818
promenant,0.2355,0.1988
troisieme,0.2355,0.2539
consoler,0.2352,0.1953
brûle,0.2352,0.2281
homo,0.2350,0.2944
supra,0.2349,0.3515
j'y,0.2349,0.2026
facit,0.2346,0.2232
veulent,0.2345,0.2025
serez,0.2344,0.2467
pourrai,0.2344,0.2221
debent,0.2342,0.2106
songer,0.2341,0.2027
maladie,0.2340,0.2034
août,0.2340,0.1879
inspirer,0.2340,0.1678
eos,0.2340,0.2896
reçoivent,0.2339,0.1792
perds,0.2339,0.1753
trouva,0.2337,0.2339
jouir,0.2335,0.1773
reproches,0.2335,0.1620
locis,0.2335,0.2764
mal,0.2333,0.2071
conformer,0.2333,0.1510
science,0.2331,0.2298
répondit,0.2331,0.2376
précautions,0.2331,0.1751
dessous,0.2330,0.1550
pierreries,0.2328,0.2862
vanter,0.2328,0.2199
dicit,0.2327,0.2306
put,0.2326,0.1137
haine,0.2326,0.1833
boeufs,0.2326,0.2806
nc,0.2321,0.2159
royau,0.2321,0.1646
adorer,0.2320,0.2551
parlant,0.2320,0.2206
troupe,0.2319,0.1823
pourrons,0.2319,0.1935
faisaient,0.2317,0.2617
puissante,0.2317,0.2114
fervent,0.2317,0.2145
reste,0.2313,0.1503
seraient,0.2313,0.2445
demandai,0.2313,0.1641
vouliez,0.2312,0.2571
muscade,0.2312,0.2572
prétends,0.2311,0.2848
idée,0.2311,0.1716
n'avais,0.2310,0.2315
adhuc,0.2310,0.1986
propter,0.2308,0.2837
quos,0.2306,0.2779
était,0.2306,0.2200
aura,0.2305,0.2058
nobis,0.2301,0.2844
ressemble,0.2300,0.2106
primum,0.2298,0.2077
rivière,0.2297,0.2446
hais,0.2296,0.1882
nullum,0.2294,0.2216
bords,0.2294,0.2887
samedi,0.2289,0.2420
leges,0.2289,0.2737
opus,0.2288,0.2659
trouvâmes,0.2287,0.2249
veux,0.2284,0.2271
avions,0.2281,0.2791
qu'est,0.2279,0.2090
hinc,0.2275,0.3143
répand,0.2274,0.1532
difficile,0.2274,0.2066
google,0.2274,0.2222
punir,0.2274,0.1745
moments,0.2273,0.2699
m'avoir,0.2271,0.2065
devons,0.2271,0.2391
aliquo,0.2270,0.2746
feroit,0.2270,0.2080
pourrais,0.2269,0.1768
cache,0.2268,0.2043
servoient,0.2268,0.2087
n'e,0.2268,0.1970
s'étend,0.2265,0.2119
filles,0.2265,0.2584
cru,0.2265,0.1651
sera,0.2264,0.2112
solum,0.2264,0.2055
itaque,0.2262,0.2624
lcs,0.2261,0.2100
serons,0.2259,0.2467
pouvais,0.2259,0.2182
huic,0.2257,0.2798
étoient,0.2256,0.2151
foins,0.2255,0.1769
pecunia,0.2255,0.2456
ta,0.2255,0.1712
videtur,0.2253,0.2607
voulois,0.2251,0.2045
eodem,0.2249,0.2921
largeur,0.2248,0.2400
voix,0.2247,0.2257
cela,0.2247,0.1531
l'avoue,0.2246,0.1741
m'eût,0.2245,0.2275
eusse,0.2244,0.1898
aventure,0.2243,0.1619
nullus,0.2243,0.2679
henri,0.2239,0.2733
hominem,0.2239,0.2485
pouvez,0.2238,0.1875
mets,0.2238,0.2437
domum,0.2238,0.2513
pendant,0.2234,0.2521
omnes,0.2233,0.3114
violence,0.2232,0.1991
s'empêcher,0.2231,0.1654
êtrc,0.2230,0.2753
pourrois,0.2230,0.2440
trouvoient,0.2230,0.2168
pouvions,0.2228,0.2099
fermeté,0.2228,0.1856
mot,0.2228,0.1742
lieux,0.2222,0.1798
alias,0.2221,0.2789
l'hom,0.2220,0.1851
voudrais,0.2218,0.2325
allait,0.2217,0.2285
serais,0.2217,0.1921
verum,0.2216,0.2279
osé,0.2216,0.1293
vobis,0.2212,0.2669
ans,0.2209,0.1537
suis,0.2208,0.2203
escadrons,0.2205,0.2457
démarches,0.2204,0.1517
quantum,0.2203,0.2429
tanquam,0.2200,0.2039
trouverent,0.2198,0.2392
faveur,0.2195,0.1795
regem,0.2194,0.3073
omnium,0.2193,0.2792
pourront,0.2193,0.2214
seriez,0.2193,0.2282
animi,0.2192,0.2029
croyoit,0.2190,0.2264
pourrez,0.2188,0.2491
réponds,0.2188,0.1786
ratione,0.2187,0.2821
âme,0.2186,0.1611
plaignoit,0.2184,0.1759
soeur,0.2180,0.2081
illos,0.2179,0.1922
tes,0.2179,0.1905
naissance,0.2178,0.1838
plaisent,0.2173,0.1706
attendant,0.2172,0.1787
avois,0.2172,0.2079
rendez,0.2172,0.1836
jc,0.2170,0.2101
trente,0.2170,0.2049
conduite,0.2169,0.1603
plaignit,0.2168,0.1515
auriez,0.2168,0.2148
cctte,0.2167,0.2520
ton,0.2167,0.1440
laissoit,0.2165,0.2396
soutenir,0.2161,0.1935
diminue,0.2157,0.1882
d'août,0.2155,0.2258
amor,0.2154,0.2701
l'avois,0.2153,0.1952
c'et,0.2152,0.1976
devaient,0.2152,0.2291
eit,0.2151,0.1792
s'en,0.2151,0.2020
nostri,0.2150,0.3339
mê,0.2147,0.1771
décembre,0.2146,0.1619
souper,0.2145,0.2111
plaindre,0.2144,0.1365
foi,0.2140,0.1846
gratia,0.2139,0.3734
trompe,0.2137,0.2189
douceur,0.2137,0.1832
trouvoit,0.2136,0.2551
rang,0.2135,0.1914
va,0.2134,0.1485
appartement,0.2134,0.2331
mérite,0.2134,0.1689
deviez,0.2133,0.2343
puissant,0.2132,0.1864
appelloient,0.2131,0.2101
rerum,0.2130,0.2918
eussiez,0.2130,0.2255
fieri,0.2128,0.2411
quorum,0.2128,0.2182
cujus,0.2128,0.2416
aviez,0.2123,0.1902
résister,0.2122,0.1767
en,0.2121,0.1362
janvier,0.2119,0.1515
hanc,0.2118,0.2505
multa,0.2117,0.2614
répandit,0.2117,0.1899
n'ayant,0.2115,0.2285
faisoient,0.2111,0.1945
viri,0.2110,0.2504
par,0.2110,0.1603
mère,0.2109,0.2508
ics,0.2105,0.2009
ou,0.2105,0.1319
donnera,0.2103,0.2297
entends,0.2099,0.2091
père,0.2098,0.2332
inclinations,0.2097,0.1922
olim,0.2097,0.2796
voudroient,0.2094,0.2001
étaient,0.2093,0.1950
vita,0.2092,0.3009
du,0.2092,0.0814
deinde,0.2089,0.2383
semper,0.2089,0.2340
s'y,0.2087,0.1860
servoit,0.2082,0.2066
n'efl,0.2082,0.2044
doive,0.2081,0.2071
nulla,0.2079,0.2705
voulut,0.2077,0.1962
alii,0.2077,0.3542
eam,0.2076,0.2539
aliis,0.2075,0.3273
serait,0.2073,0.1929
trouvent,0.2073,0.1913
lundi,0.2072,0.2254
augmenter,0.2072,0.1785
dirai,0.2069,0.1780
n'aurois,0.2066,0.1653
bien,0.2065,0.1304
maniere,0.2065,0.1820
fussent,0.2063,0.1997
plupart,0.2062,0.1481
hommes,0.2059,0.1491
d'y,0.2057,0.1794
oncle,0.2055,0.2375
genus,0.2054,0.2653
n'avoir,0.2051,0.2102
dira,0.2050,0.1924
donnoit,0.2049,0.2026
moins,0.2048,0.1273
passion,0.2044,0.1570
sibi,0.2043,0.2616
cacher,0.2041,0.1720
moquer,0.2040,0.1828
met,0.2038,0.1574
alio,0.2037,0.2510
voudroit,0.2035,0.1886
ai,0.2033,0.1661
hunc,0.2032,0.2451
vie,0.2032,0.1567
devois,0.2030,0.2023
puisse,0.2029,0.1583
potest,0.2028,0.2516
souviens,0.2027,0.1772
cft,0.2022,0.1804
faudra,0.2021,0.2082
quantité,0.2014,0.1806
m'avoit,0.2013,0.1942
aurois,0.2013,0.2288
refusez,0.2013,0.2213
ergo,0.2010,0.2292
devient,0.2010,0.1418
search,0.2009,0.1712
omni,0.2008,0.2730
comme,0.2005,0.1626
huit,0.2004,0.2229
eh,0.2004,0.1677
verbis,0.2001,0.2462
unum,0.1995,0.2325
nisi,0.1993,0.2531
pû,0.1993,0.1284
ni,0.1989,0.1582
temps,0.1989,0.2287
trompent,0.1987,0.1602
nom,0.1985,0.1438
illam,0.1985,0.2025
vendredi,0.1983,0.2597
appartient,0.1982,0.1795
saurait,0.1982,0.2280
videntur,0.1980,0.1781
dût,0.1979,0.1444
pouvons,0.1976,0.1719
illis,0.1976,0.2450
serions,0.1973,0.2218
suo,0.1970,0.2975
feroient,0.1967,0.1713
tuum,0.1966,0.2359
frère,0.1962,0.2037
fûmes,0.1960,0.1985
haec,0.1956,0.3010
quidquid,0.1953,0.2023
venger,0.1951,0.1502
dirent,0.1951,0.1652
tantum,0.1949,0.2325
mêmes,0.1947,0.1796
habent,0.1941,0.2362
retourna,0.1939,0.2061
doute,0.1939,0.1266
septembre,0.1938,0.1419
étendue,0.1932,0.1713
omnibus,0.1931,0.3150
denique,0.1930,0.1842
pourraient,0.1925,0.2059
c'ef,0.1921,0.1949
j'ai,0.1917,0.1940
jetta,0.1916,0.2201
étoit,0.1914,0.2035
pourriez,0.1912,0.1958
ah,0.1911,0.1652
aux,0.1910,0.1082
fumes,0.1910,0.2258
ccux,0.1909,0.2369
n'eit,0.1907,0.1706
courage,0.1905,0.1604
teins,0.1901,0.1993
mis,0.1901,0.1418
malheurs,0.1899,0.1402
pourra,0.1893,0.1566
fauroit,0.1892,0.1528
l'a,0.1892,0.1535
moi,0.1890,0.1244
dicere,0.1880,0.2157
moque,0.1878,0.1773
des,0.1878,0.0687
pouvaient,0.1877,0.1810
scilicet,0.1876,0.2117
sauroit,0.1876,0.1717
library,0.1869,0.1534
fallait,0.1869,0.1775
m'a,0.1867,0.1495
majesté,0.1865,0.1876
avez,0.1860,0.1631
mêlent,0.1852,0.1493
n'eut,0.1850,0.1916
fera,0.1846,0.1375
unes,0.1845,0.1550
n'étoit,0.1843,0.2050
unus,0.1841,0.2231
obligé,0.1840,0.2082
n'est,0.1838,0.1588
n'cft,0.1838,0.1997
dixit,0.1837,0.1930
nostra,0.1834,0.2981
feront,0.1831,0.1433
uns,0.1827,0.1519
croirai,0.1826,0.1670
devait,0.1823,0.1651
si,0.1819,0.1207
l'avaient,0.1818,0.2795
tout,0.1817,0.1219
m'avait,0.1815,0.2129
eux,0.1812,0.1635
auroit,0.1812,0.1653
mardi,0.1811,0.2315
habere,0.1810,0.2174
n'avions,0.1805,0.1758
devroient,0.1796,0.1678
mes,0.1785,0.1082
faudroit,0.1782,0.1720
j'avois,0.1780,0.1835
nos,0.1780,0.1291
c'elt,0.1777,0.1810
endroits,0.1776,0.1539
vitam,0.1772,0.1925
mais,0.1766,0.1247
celui,0.1766,0.1418
hujus,0.1761,0.2208
fus,0.1756,0.1765
ipse,0.1755,0.2593
n'étaient,0.1746,0.1681
locum,0.1745,0.2393
n'ai,0.1744,0.1622
monde,0.1743,0.1373
quoniam,0.1743,0.2430
manière,0.1734,0.1706
auraient,0.1734,0.2142
seroit,0.1730,0.1872
alloit,0.1729,0.2017
economics,0.1727,0.0573
ce,0.1727,0.0899
dicitur,0.1722,0.2454
n'auroit,0.1721,0.1412
juillet,0.1717,0.1247
delà,0.1715,0.1909
dans,0.1711,0.1235
pourrions,0.1695,0.1785
l'avoit,0.1693,0.1824
février,0.1693,0.1482
omnis,0.1680,0.2273
au,0.1677,0.1002
eu,0.1677,0.1347
alios,0.1676,0.2477
avoient,0.1675,0.1526
pussent,0.1675,0.1756
s'étoit,0.1674,0.1485
doivent,0.1670,0.1510
le,0.1667,0.0739
serois,0.1667,0.1723
n'ont,0.1665,0.1486
aurait,0.1662,0.1575
auroient,0.1661,0.1631
falloit,0.1659,0.1465
vu,0.1656,0.1249
n'aient,0.1656,0.1610
n'ayent,0.1655,0.1566
faut,0.1647,0.1558
la,0.1636,0.0607
pouvois,0.1635,0.1726
n'efi,0.1631,0.1588
devroit,0.1629,0.1672
fidem,0.1628,0.2077
rend,0.1627,0.1465
ces,0.1617,0.1016
lui,0.1614,0.0818
eussent,0.1613,0.1558
où,0.1612,0.1126
l'avoient,0.1609,0.1747
répondirent,0.1608,0.1753
seroient,0.1599,0.1809
juin,0.1597,0.1331
aient,0.1596,0.1447
tems,0.1592,0.1603
peu,0.1588,0.1466
habeat,0.1586,0.1998
cet,0.1579,0.1332
n'avez,0.1572,0.1563
n'avois,0.1571,0.1347
avoit,0.1568,0.1417
n'étoient,0.1552,0.1379
dit,0.1546,0.0857
l'avait,0.1543,0.1865
hominum,0.1534,0.2313
ayent,0.1534,0.1507
sur,0.1533,0.1152
leur,0.1525,0.0802
novembre,0.1522,0.1309
habet,0.1515,0.2962
ctre,0.1514,0.1726
devoient,0.1511,0.1317
doit,0.1505,0.1274
leurs,0.1504,0.0722
n'eussent,0.1504,0.1239
vit,0.1498,0.1401
n'avaient,0.1498,0.1496
j'avais,0.1497,0.1982
les,0.1489,0.0609
ses,0.1489,0.0718
elt,0.1489,0.1115
eorum,0.1486,0.2642
mon,0.1479,0.0963
font,0.1474,0.1303
n'auroient,0.1468,0.1403
étre,0.1468,0.1417
puissent,0.1465,0.1380
kress,0.1451,0.0534
voulait,0.1443,0.1842
quamvis,0.1437,0.1644
pu,0.1421,0.1129
trouvai,0.1415,0.1350
me,0.1415,0.1024
seront,0.1412,0.1611
n'ef,0.1401,0.1165
eut,0.1399,0.1022
pourroient,0.1396,0.1383
fût,0.1388,0.1043
n'avons,0.1385,0.1467
n'eût,0.1380,0.1348
s'était,0.1376,0.1682
vouloit,0.1374,0.1512
qu'on,0.1371,0.0841
pourrait,0.1366,0.1468
n'aurait,0.1365,0.1773
ma,0.1350,0.1197
mit,0.1349,0.1247
même,0.1348,0.1095
devoit,0.1343,0.1164
n'avoit,0.1339,0.1148
vos,0.1334,0.1013
peut,0.1327,0.1076
l'on,0.1323,0.1041
se,0.1309,0.0961
pouvoient,0.1306,0.1190
pourroit,0.1304,0.1123
avait,0.1291,0.1296
eût,0.1286,0.0956
n'y,0.1256,0.0889
document,0.1244,0.0533
n'elt,0.1240,0.1193
n'et,0.1240,0.1310
pouvoit,0.1238,0.0966
il,0.1238,0.0670
un,0.1230,0.0794
qu'elle,0.1209,0.0774
son,0.1209,0.0639
sa,0.1198,0.0707
peuvent,0.1198,0.1025
ait,0.1176,0.0835
fit,0.1166,0.0808
une,0.1164,0.0639
qui,0.1161,0.0713
on,0.1158,0.0844
pouvait,0.1129,0.1178
que,0.1120,0.0702
n'avait,0.1090,0.1073
fut,0.1078,0.0817
n'était,0.1075,0.1284
avaient,0.1051,0.1307
n'avoient,0.1047,0.1063
pût,0.1039,0.0789
été,0.1011,0.0698
je,0.0959,0.0719
ils,0.0955,0.0650
monograph,0.0902,0.0505
ont,0.0885,0.0470
pas,0.0856,0.0414
n'a,0.0848,0.0591
primary,0.0722,0.0269
est,0.0665,0.0455
ne,0.0605,0.0377
