word,period1,period2,cosine_distance,cosine_similarity,occ1,occ2,degree,cosine_distance_camembert,cosine_similarity_camembert,cosine_distance_dalembert,cosine_similarity_dalembert
king,1700-1710,1770-1780,1.021762,-0.021762,230,1429,4350,0.046198,0.953802,0.114049,0.885951
gage,1760-1770,1780-1789,1.010255,-0.010255,920,1701,5695,0.008658,0.991342,0.010913,0.989087
tâche,1710-1720,1789-1802,0.988592,0.011408,266,1275,5701,0.04402,0.95598,0.066066,0.933934
ann,1740-1750,1789-1802,0.982756,0.017244,1201,689,5677,0.05702,0.94298,0.15715,0.84285
maine,1710-1720,1770-1780,0.982653,0.017347,1683,984,5677,0.145127,0.854873,0.061872,0.938128
roger,1740-1750,1789-1802,0.98036,0.01964,111,1237,5633,0.011611,0.988389,0.030094,0.969906
champ,1760-1770,1789-1802,0.977218,0.022782,5086,7211,5711,0.015317,0.984683,0.032976,0.967024
dehors,1750-1760,1789-1802,0.976494,0.023506,2079,3871,5709,0.01509,0.98491,0.020645,0.979355
nouvelle,1740-1750,1770-1780,0.973559,0.026441,8209,17222,5719,0.011116,0.988884,0.020798,0.979202
toutefois,1720-1730,1780-1789,0.967848,0.032152,959,2560,5701,0.01288,0.98712,0.019233,0.980767
come,1740-1750,1780-1789,0.965537,0.034463,864,429,5670,0.038783,0.961217,0.103887,0.896113
sor,1700-1710,1720-1730,0.964801,0.035199,640,96,5678,0.027501,0.972499,0.06108,0.93892
compagne,1720-1730,1740-1750,0.964521,0.035479,250,489,5686,0.007354,0.992646,0.013608,0.986392
veu,1720-1730,1789-1802,0.962735,0.037265,1135,691,5685,0.077657,0.922343,0.106519,0.893481
précédent,1730-1740,1789-1802,0.961633,0.038367,786,2261,5703,0.013594,0.986406,0.031851,0.968149
sol,1730-1740,1780-1789,0.959874,0.040126,1304,1562,5688,0.077916,0.922084,0.221114,0.778886
marc,1720-1730,1770-1780,0.95702,0.04298,7910,3558,5700,0.073186,0.926814,0.196792,0.803208
tour,1700-1710,1720-1730,0.955951,0.044049,2916,4883,5718,0.009193,0.990807,0.018237,0.981763
plein,1730-1740,1740-1750,0.955712,0.044288,2774,2215,5716,0.009878,0.990122,0.020708,0.979292
thou,1780-1789,1789-1802,0.952909,0.047091,2315,749,5549,0.054254,0.945746,0.175192,0.824808
versailles,1710-1720,1750-1760,0.949282,0.050718,866,867,5695,0.019384,0.980616,0.034505,0.965495
fig,1700-1710,1770-1780,0.947563,0.052437,281,7646,5628,0.064702,0.935298,0.172983,0.827017
dépôt,1710-1720,1789-1802,0.946502,0.053498,258,2374,5689,0.014376,0.985624,0.027803,0.972197
san,1710-1720,1730-1740,0.94121,0.05879,137,4012,5685,0.012461,0.987539,0.038015,0.961985
iij,1730-1740,1789-1802,0.940236,0.059764,1045,1261,5680,0.015581,0.984419,0.074097,0.925903
réserve,1720-1730,1750-1760,0.940224,0.059776,239,970,5693,0.011946,0.988054,0.023618,0.976382
avance,1730-1740,1750-1760,0.940076,0.059924,685,856,5715,0.008953,0.991047,0.015032,0.984968
mme,1700-1710,1750-1760,0.938731,0.061269,3086,920,5683,0.093726,0.906274,0.110751,0.889249
sus,1720-1730,1760-1770,0.937292,0.062708,281,642,5697,0.011811,0.988189,0.025538,0.974462
aujourd,1730-1740,1770-1780,0.93493,0.06507,152,939,5716,0.032158,0.967842,0.031319,0.968681
poli,1780-1789,1789-1802,0.934663,0.065337,1363,1331,5697,0.004578,0.995422,0.013097,0.986903
hors,1740-1750,1750-1760,0.932729,0.067271,4099,4617,5716,0.00932,0.99068,0.018388,0.981612
date,1710-1720,1760-1770,0.931719,0.068281,592,2122,5712,0.011069,0.988931,0.029234,0.970766
done,1730-1740,1770-1780,0.92956,0.07044,687,759,5666,0.03544,0.96456,0.055826,0.944174
nota,1700-1710,1750-1760,0.929305,0.070695,217,837,5678,0.021938,0.978062,0.066792,0.933208
salut,1780-1789,1789-1802,0.926026,0.073974,1418,3954,5700,0.040309,0.959691,0.037687,0.962313
ras,1700-1710,1789-1802,0.923666,0.076334,321,1963,5675,0.013594,0.986406,0.039664,0.960336
conséquence,1770-1780,1780-1789,0.92273,0.07727,5192,5403,5712,0.014628,0.985372,0.018047,0.981953
xvi,1710-1720,1789-1802,0.921405,0.078595,526,6368,5712,0.09028,0.90972,0.082644,0.917356
général,1710-1720,1750-1760,0.920679,0.079321,3127,12301,5718,0.024064,0.975936,0.027236,0.972764
aul,1710-1720,1730-1740,0.916434,0.083566,353,143,5657,0.016336,0.983664,0.070881,0.929119
lent,1740-1750,1780-1789,0.912615,0.087385,863,1868,5707,0.011322,0.988678,0.010982,0.989018
dubois,1700-1710,1720-1730,0.912286,0.087714,59,794,5657,0.065262,0.934738,0.069823,0.930177
sen,1710-1720,1789-1802,0.911056,0.088944,379,1506,5693,0.014333,0.985667,0.023092,0.976908
présent,1740-1750,1789-1802,0.910961,0.089039,6404,12793,5716,0.014707,0.985293,0.022524,0.977476
bizarre,1720-1730,1740-1750,0.909627,0.090373,185,1191,5688,0.041577,0.958423,0.063515,0.936485
présens,1750-1760,1789-1802,0.909225,0.090775,728,1187,5678,0.012383,0.987617,0.013047,0.986953
secondes,1740-1750,1789-1802,0.907337,0.092663,412,769,5678,0.011127,0.988873,0.026727,0.973273
lig,1710-1720,1730-1740,0.906709,0.093291,276,264,5575,0.0124,0.9876,0.041251,0.958749
ali,1700-1710,1780-1789,0.906623,0.093377,583,1176,5682,0.025326,0.974674,0.053459,0.946541
perdant,1720-1730,1750-1760,0.906531,0.093469,123,283,5684,0.012719,0.987281,0.022622,0.977378
veaux,1740-1750,1750-1760,0.905998,0.094002,460,348,5666,0.035573,0.964427,0.046055,0.953945
phi,1710-1720,1789-1802,0.90574,0.09426,380,725,5683,0.016026,0.983974,0.050638,0.949362
présente,1710-1720,1740-1750,0.902058,0.097942,811,2067,5713,0.011035,0.988965,0.014463,0.985537
pen,1700-1710,1760-1770,0.901851,0.098149,893,1712,5699,0.007817,0.992183,0.026229,0.973771
fins,1710-1720,1730-1740,0.901215,0.098785,1048,1277,5708,0.020364,0.979636,0.024084,0.975916
ressort,1770-1780,1789-1802,0.901203,0.098797,2742,2009,5707,0.009361,0.990639,0.013992,0.986008
rem,1700-1710,1789-1802,0.90103,0.09897,923,1582,5697,0.023257,0.976743,0.08138,0.91862
prochain,1750-1760,1760-1770,0.900931,0.099069,1295,2076,5702,0.014612,0.985388,0.031918,0.968082
motte,1710-1720,1740-1750,0.900558,0.099442,808,241,5665,0.024396,0.975604,0.064402,0.935598
commune,1780-1789,1789-1802,0.900524,0.099476,5825,11455,5717,0.035308,0.964692,0.035942,0.964058
moindres,1730-1740,1780-1789,0.900169,0.099831,686,1566,5707,0.012813,0.987187,0.02118,0.97882
privation,1770-1780,1780-1789,0.899607,0.100393,643,850,5678,0.00853,0.99147,0.01492,0.98508
nouvel,1710-1720,1750-1760,0.89881,0.10119,600,1694,5709,0.01078,0.98922,0.018126,0.981874
étant,1700-1710,1710-1720,0.8979,0.1021,6601,6439,5718,0.010081,0.989919,0.022246,0.977754
cal,1710-1720,1770-1780,0.897616,0.102384,262,873,5685,0.008025,0.991975,0.053559,0.946441
entiers,1740-1750,1780-1789,0.896286,0.103714,703,1224,5700,0.017818,0.982182,0.018976,0.981024
lier,1730-1740,1789-1802,0.895714,0.104286,851,2141,5706,0.00482,0.99518,0.011275,0.988725
fond,1730-1740,1750-1760,0.895615,0.104385,5107,6096,5716,0.015598,0.984402,0.018029,0.981971
gilles,1710-1720,1780-1789,0.895125,0.104875,1073,249,5634,0.014823,0.985177,0.03182,0.96818
royauté,1740-1750,1750-1760,0.894858,0.105142,210,840,5681,0.045919,0.954081,0.051909,0.948091
énorme,1770-1780,1789-1802,0.894601,0.105399,1293,1772,5703,0.007903,0.992097,0.01523,0.98477
fie,1710-1720,1740-1750,0.892432,0.107568,926,1546,5705,0.01329,0.98671,0.015801,0.984199
convention,1760-1770,1789-1802,0.891382,0.108618,1081,10757,5703,0.035716,0.964284,0.069899,0.930101
lat,1720-1730,1760-1770,0.89136,0.10864,847,10946,5673,0.020117,0.979883,0.080556,0.919444
fol,1730-1740,1760-1770,0.89047,0.10953,6496,6265,5705,0.089247,0.910753,0.1697,0.8303
levée,1710-1720,1730-1740,0.890155,0.109845,580,1289,5691,0.038288,0.961712,0.047069,0.952931
hauts,1730-1740,1750-1760,0.889443,0.110557,552,522,5690,0.01437,0.98563,0.023194,0.976806
etc,1710-1720,1720-1730,0.889349,0.110651,743,844,5704,0.009023,0.990977,0.029604,0.970396
moyen,1720-1730,1740-1750,0.888859,0.111141,3664,7116,5718,0.021526,0.978474,0.026227,0.973773
détail,1730-1740,1770-1780,0.888688,0.111312,1968,4516,5715,0.012533,0.987467,0.018467,0.981533
mercure,1730-1740,1760-1770,0.887845,0.112155,1159,1653,5701,0.012503,0.987497,0.023603,0.976397
séparation,1710-1720,1780-1789,0.8874,0.1126,154,608,5676,0.016232,0.983768,0.019673,0.980327
basse,1750-1760,1760-1770,0.887086,0.112914,1816,2093,5707,0.025718,0.974282,0.033135,0.966865
meilleur,1700-1710,1789-1802,0.886516,0.113484,1259,4514,5713,0.022327,0.977673,0.022991,0.977009
vagues,1770-1780,1789-1802,0.886317,0.113683,1139,1113,5695,0.011528,0.988472,0.013476,0.986524
désormais,1780-1789,1789-1802,0.886254,0.113746,672,1432,5675,0.008561,0.991439,0.015685,0.984315
lors,1710-1720,1740-1750,0.886115,0.113885,5874,4585,5715,0.012561,0.987439,0.041808,0.958192
vert,1730-1740,1740-1750,0.885574,0.114426,457,330,5681,0.005893,0.994107,0.019466,0.980534
fantaisie,1710-1720,1750-1760,0.884802,0.115198,290,392,5678,0.013471,0.986529,0.019682,0.980318
rie,1700-1710,1730-1740,0.884617,0.115383,759,1617,5706,0.020914,0.979086,0.055527,0.944473
vide,1700-1710,1789-1802,0.88414,0.11586,514,888,5684,0.039651,0.960349,0.098311,0.901689
voile,1720-1730,1780-1789,0.882683,0.117317,709,3783,5715,0.020186,0.979814,0.028696,0.971304
recherche,1710-1720,1740-1750,0.881814,0.118186,467,760,5702,0.00873,0.99127,0.015058,0.984942
sieurs,1780-1789,1789-1802,0.881542,0.118458,1935,1774,5682,0.028465,0.971535,0.02331,0.97669
vieux,1720-1730,1789-1802,0.881198,0.118802,1598,5011,5714,0.011002,0.988998,0.0198,0.9802
rens,1700-1710,1740-1750,0.880493,0.119507,120,380,5675,0.0098,0.9902,0.037161,0.962839
franche,1740-1750,1789-1802,0.879998,0.120002,277,1331,5682,0.012068,0.987932,0.018613,0.981387
cir,1700-1710,1750-1760,0.879643,0.120357,330,847,5687,0.016455,0.983545,0.056704,0.943296
ménage,1710-1720,1720-1730,0.877101,0.122899,394,215,5689,0.010824,0.989176,0.017063,0.982937
sup,1700-1710,1789-1802,0.876666,0.123334,303,1409,5699,0.03487,0.96513,0.076203,0.923797
falut,1700-1710,1789-1802,0.876444,0.123556,293,1170,5603,0.032585,0.967415,0.039544,0.960456
tion,1720-1730,1740-1750,0.875759,0.124241,3067,6468,5715,0.013027,0.986973,0.022496,0.977504
hui,1700-1710,1789-1802,0.875469,0.124531,189,1828,5716,0.033462,0.966538,0.042723,0.957277
sacrée,1720-1730,1740-1750,0.873885,0.126115,218,280,5696,0.007342,0.992658,0.017091,0.982909
passage,1740-1750,1770-1780,0.872775,0.127225,1925,5267,5714,0.017633,0.982367,0.02009,0.97991
publique,1730-1740,1740-1750,0.872714,0.127286,2241,1996,5710,0.012907,0.987093,0.016858,0.983142
nant,1700-1710,1770-1780,0.872694,0.127306,329,1070,5685,0.017986,0.982014,0.030816,0.969184
privé,1720-1730,1760-1770,0.87261,0.12739,513,1487,5705,0.015685,0.984315,0.021526,0.978474
déja,1700-1710,1740-1750,0.871916,0.128084,2965,7524,5700,0.017373,0.982627,0.023275,0.976725
sou,1710-1720,1740-1750,0.871853,0.128147,269,438,5696,0.007845,0.992155,0.019559,0.980441
reux,1730-1740,1780-1789,0.871173,0.128827,397,1680,5677,0.013443,0.986557,0.030784,0.969216
réussit,1740-1750,1780-1789,0.870793,0.129207,199,741,5698,0.013382,0.986618,0.017918,0.982082
transport,1700-1710,1789-1802,0.870374,0.129626,616,3635,5708,0.013938,0.986062,0.028173,0.971827
semblable,1730-1740,1740-1750,0.869749,0.130251,1881,2175,5713,0.010252,0.989748,0.017218,0.982782
republique,1710-1720,1789-1802,0.869655,0.130345,451,578,5668,0.029978,0.970022,0.054837,0.945163
principalement,1710-1720,1740-1750,0.869653,0.130347,1167,1378,5709,0.010928,0.989072,0.023174,0.976826
ordinaire,1710-1720,1730-1740,0.867796,0.132204,2768,3983,5717,0.009659,0.990341,0.014408,0.985592
scandale,1700-1710,1750-1760,0.867371,0.132629,171,334,5663,0.009316,0.990684,0.01443,0.98557
présence,1720-1730,1750-1760,0.866458,0.133542,1276,2137,5714,0.0147,0.9853,0.021209,0.978791
deuil,1770-1780,1789-1802,0.86637,0.13363,930,1011,5687,0.008101,0.991899,0.015262,0.984738
tres,1740-1750,1770-1780,0.865922,0.134078,3781,5367,5704,0.011597,0.988403,0.020249,0.979751
voy,1700-1710,1740-1750,0.865778,0.134222,428,3524,5689,0.105756,0.894244,0.280572,0.719428
mad,1730-1740,1740-1750,0.865387,0.134613,153,601,5660,0.015346,0.984654,0.053211,0.946789
liens,1730-1740,1789-1802,0.865127,0.134873,866,2533,5707,0.016273,0.983727,0.017787,0.982213
représentation,1780-1789,1789-1802,0.864547,0.135453,2180,2253,5700,0.026908,0.973092,0.028789,0.971211
prochaine,1740-1750,1770-1780,0.864048,0.135952,496,1302,5697,0.009016,0.990984,0.015579,0.984421
conf,1700-1710,1789-1802,0.86373,0.13627,154,1371,5671,0.011354,0.988646,0.041975,0.958025
commun,1730-1740,1740-1750,0.863479,0.136521,4080,3815,5717,0.012144,0.987856,0.023119,0.976881
prêts,1750-1760,1789-1802,0.862908,0.137092,1156,1743,5698,0.040735,0.959265,0.031929,0.968071
rigoureux,1770-1780,1789-1802,0.862883,0.137117,959,945,5686,0.008587,0.991413,0.012359,0.987641
universel,1750-1760,1760-1770,0.862789,0.137211,711,1020,5692,0.006285,0.993715,0.012,0.988
mémoire,1710-1720,1730-1740,0.862705,0.137295,1056,2321,5714,0.015515,0.984485,0.020735,0.979265
confusion,1770-1780,1780-1789,0.861066,0.138934,1631,1812,5705,0.009409,0.990591,0.009268,0.990732
renommée,1710-1720,1750-1760,0.861014,0.138986,174,448,5696,0.009264,0.990736,0.017725,0.982275
bref,1700-1710,1780-1789,0.859925,0.140075,230,737,5668,0.037046,0.962954,0.094403,0.905597
exposé,1740-1750,1770-1780,0.859567,0.140433,636,2063,5709,0.010301,0.989699,0.018833,0.981167
mâle,1720-1730,1780-1789,0.859515,0.140485,186,1309,5685,0.02048,0.97952,0.020433,0.979567
nouvelles,1700-1710,1730-1740,0.858446,0.141554,2170,3995,5717,0.017813,0.982187,0.027369,0.972631
nullité,1710-1720,1789-1802,0.856039,0.143961,427,908,5674,0.062381,0.937619,0.075313,0.924687
gent,1730-1740,1789-1802,0.85565,0.14435,654,1073,5687,0.010559,0.989441,0.013487,0.986513
more,1740-1750,1789-1802,0.855638,0.144362,581,1158,5707,0.095642,0.904358,0.076286,0.923714
def,1700-1710,1730-1740,0.855156,0.144844,1393,647,5685,0.042329,0.957671,0.134432,0.865568
pré,1700-1710,1780-1789,0.855026,0.144974,745,8233,5708,0.010514,0.989486,0.019029,0.980971
mlle,1750-1760,1770-1780,0.853983,0.146017,1946,1791,5651,0.020076,0.979924,0.055797,0.944203
sain,1750-1760,1780-1789,0.853412,0.146588,412,1524,5691,0.007835,0.992165,0.017678,0.982322
faculté,1720-1730,1740-1750,0.853377,0.146623,667,1335,5708,0.04889,0.95111,0.04448,0.95552
cadix,1710-1720,1730-1740,0.852814,0.147186,174,131,5644,0.014035,0.985965,0.030285,0.969715
fran,1740-1750,1789-1802,0.852436,0.147564,1353,2706,5685,0.028721,0.971279,0.04077,0.95923
vain,1730-1740,1770-1780,0.852286,0.147714,2281,4637,5712,0.009805,0.990195,0.020995,0.979005
quelqu,1720-1730,1730-1740,0.852233,0.147767,202,143,5716,0.01405,0.98595,0.017833,0.982167
reur,1700-1710,1730-1740,0.851795,0.148205,139,531,5672,0.014447,0.985553,0.029481,0.970519
pren,1700-1710,1740-1750,0.851128,0.148872,309,674,5681,0.019515,0.980485,0.026061,0.973939
perdre,1710-1720,1750-1760,0.850651,0.149349,2216,4393,5715,0.012989,0.987011,0.016984,0.983016
sortifier,1780-1789,1789-1802,0.850455,0.149545,1063,712,5684,0.00951,0.99049,0.026266,0.973734
der,1710-1720,1730-1740,0.849884,0.150116,843,2026,5714,0.010376,0.989624,0.01675,0.98325
éloignée,1750-1760,1780-1789,0.849847,0.150153,726,1565,5701,0.01178,0.98822,0.020352,0.979648
nou,1720-1730,1780-1789,0.848877,0.151123,667,3386,5698,0.0151,0.9849,0.023721,0.976279
aus,1710-1720,1789-1802,0.848487,0.151513,346,587,5674,0.020353,0.979647,0.043562,0.956438
égards,1710-1720,1750-1760,0.847935,0.152065,340,1279,5707,0.016826,0.983174,0.019559,0.980441
nient,1720-1730,1789-1802,0.84766,0.15234,158,797,5673,0.014289,0.985711,0.033943,0.966057
tran,1710-1720,1789-1802,0.846832,0.153168,216,974,5673,0.018221,0.981779,0.021433,0.978567
don,1700-1710,1770-1780,0.846789,0.153211,10241,6146,5717,0.044274,0.955726,0.106092,0.893908
diligence,1710-1720,1780-1789,0.846626,0.153374,783,2142,5693,0.023403,0.976597,0.028594,0.971406
vôtre,1710-1720,1740-1750,0.846403,0.153597,5773,4440,5703,0.040367,0.959633,0.056825,0.943175
taire,1770-1780,1789-1802,0.845912,0.154088,2803,3114,5707,0.004348,0.995652,0.009927,0.990073
tois,1710-1720,1740-1750,0.845684,0.154316,219,655,5664,0.027523,0.972477,0.04801,0.95199
fier,1700-1710,1720-1730,0.845661,0.154339,672,730,5705,0.00616,0.99384,0.013989,0.986011
fauve,1720-1730,1760-1770,0.845382,0.154618,2103,525,5680,0.085364,0.914636,0.154049,0.845951
pre,1730-1740,1770-1780,0.845059,0.154941,2171,4764,5714,0.005612,0.994388,0.020927,0.979073
coutume,1700-1710,1710-1720,0.843351,0.156649,1172,1766,5709,0.017972,0.982028,0.02129,0.97871
conséquent,1700-1710,1789-1802,0.843167,0.156833,464,4791,5711,0.035538,0.964462,0.040506,0.959494
enfuit,1710-1720,1789-1802,0.84286,0.15714,176,134,5700,0.018737,0.981263,0.048873,0.951127
propres,1700-1710,1710-1720,0.84283,0.15717,2521,2734,5717,0.015372,0.984628,0.027825,0.972175
rence,1730-1740,1770-1780,0.842768,0.157232,308,827,5676,0.017058,0.982942,0.038571,0.961429
retraite,1740-1750,1789-1802,0.841751,0.158249,1700,10075,5701,0.060176,0.939824,0.062813,0.937187
maturité,1700-1710,1730-1740,0.841593,0.158407,189,152,5682,0.05559,0.94441,0.038865,0.961135
couvent,1700-1710,1720-1730,0.841001,0.158999,218,976,5698,0.064511,0.935489,0.03874,0.96126
séance,1700-1710,1710-1720,0.840327,0.159673,327,532,5671,0.024982,0.975018,0.055095,0.944905
favorable,1730-1740,1760-1770,0.840224,0.159776,1754,2990,5716,0.021189,0.978811,0.017572,0.982428
maître,1700-1710,1730-1740,0.839969,0.160031,3414,8102,5715,0.012479,0.987521,0.020673,0.979327
porté,1710-1720,1720-1730,0.839878,0.160122,1786,1822,5716,0.013145,0.986855,0.019622,0.980378
excellence,1710-1720,1770-1780,0.839505,0.160495,319,728,5707,0.016647,0.983353,0.026165,0.973835
beau,1700-1710,1750-1760,0.839381,0.160619,3316,9354,5715,0.009174,0.990826,0.016411,0.983589
anglais,1710-1720,1730-1740,0.839119,0.160881,522,405,5681,0.05403,0.94597,0.03958,0.96042
olivier,1700-1710,1789-1802,0.838873,0.161127,69,1642,5684,0.028731,0.971269,0.044235,0.955765
morte,1700-1710,1740-1750,0.838845,0.161155,489,857,5701,0.009188,0.990812,0.01622,0.98378
arme,1720-1730,1730-1740,0.838303,0.161697,344,221,5693,0.018745,0.981255,0.025041,0.974959
ser,1710-1720,1789-1802,0.838129,0.161871,317,2745,5695,0.013418,0.986582,0.024608,0.975392
ferme,1720-1730,1730-1740,0.837958,0.162042,1909,2425,5717,0.008203,0.991797,0.012797,0.987203
monsieur,1720-1730,1740-1750,0.837831,0.162169,4909,17674,5712,0.011948,0.988052,0.021996,0.978004
mesure,1700-1710,1720-1730,0.837688,0.162312,856,1055,5716,0.026593,0.973407,0.028722,0.971278
conti,1700-1710,1789-1802,0.837132,0.162868,376,1022,5691,0.031518,0.968482,0.126024,0.873976
dés,1700-1710,1770-1780,0.836746,0.163254,2126,2155,5706,0.039121,0.960879,0.085693,0.914307
incertain,1730-1740,1760-1770,0.836745,0.163255,398,632,5703,0.010977,0.989023,0.019509,0.980491
chemins,1720-1730,1740-1750,0.835833,0.164167,2722,1687,5698,0.020136,0.979864,0.03116,0.96884
quittant,1710-1720,1730-1740,0.835287,0.164713,143,309,5687,0.021588,0.978412,0.016146,0.983854
xiv,1730-1740,1750-1760,0.835059,0.164941,2978,3746,5717,0.037517,0.962483,0.050765,0.949235
portée,1740-1750,1750-1760,0.834735,0.165265,1962,2550,5713,0.023953,0.976047,0.030975,0.969025
créé,1750-1760,1760-1770,0.834425,0.165575,687,1073,5690,0.007053,0.992947,0.015484,0.984516
conclusion,1710-1720,1789-1802,0.83431,0.16569,379,922,5694,0.014012,0.985988,0.019778,0.980222
raisonner,1740-1750,1750-1760,0.834177,0.165823,371,572,5689,0.019996,0.980004,0.014279,0.985721
dem,1700-1710,1780-1789,0.833904,0.166096,753,1462,5690,0.025202,0.974798,0.068397,0.931603
actes,1750-1760,1770-1780,0.833696,0.166304,1212,2450,5707,0.021334,0.978666,0.02489,0.97511
composition,1710-1720,1740-1750,0.833401,0.166599,518,734,5709,0.017266,0.982734,0.019407,0.980593
trait,1730-1740,1740-1750,0.832895,0.167105,1285,1171,5711,0.009058,0.990942,0.013537,0.986463
faute,1700-1710,1720-1730,0.832806,0.167194,1828,2539,5715,0.010465,0.989535,0.017595,0.982405
effets,1710-1720,1760-1770,0.832778,0.167222,1645,9022,5719,0.010581,0.989419,0.021444,0.978556
objet,1710-1720,1740-1750,0.832544,0.167456,1227,2616,5717,0.010329,0.989671,0.014894,0.985106
partager,1760-1770,1789-1802,0.832298,0.167702,1730,2459,5706,0.007181,0.992819,0.012511,0.987489
pro,1730-1740,1789-1802,0.832206,0.167794,8334,15669,5716,0.019909,0.980091,0.06067,0.93933
mêler,1760-1770,1780-1789,0.831383,0.168617,1141,1473,5697,0.021388,0.978612,0.017924,0.982076
minutes,1710-1720,1720-1730,0.830966,0.169034,266,429,5696,0.024371,0.975629,0.041999,0.958001
assemblé,1710-1720,1770-1780,0.830937,0.169063,109,426,5677,0.009943,0.990057,0.02101,0.97899
dangereux,1750-1760,1770-1780,0.830725,0.169275,2003,4317,5706,0.010432,0.989568,0.014997,0.985003
con,1720-1730,1789-1802,0.83032,0.16968,8635,28808,5717,0.012216,0.987784,0.025336,0.974664
parfait,1710-1720,1750-1760,0.830173,0.169827,772,2002,5707,0.008772,0.991228,0.015393,0.984607
naturels,1760-1770,1780-1789,0.830024,0.169976,1596,2324,5702,0.014193,0.985807,0.020118,0.979882
retenue,1740-1750,1789-1802,0.829899,0.170101,388,4443,5696,0.060766,0.939234,0.064143,0.935857
dant,1710-1720,1740-1750,0.829791,0.170209,582,1422,5701,0.013219,0.986781,0.028834,0.971166
levant,1750-1760,1760-1770,0.829699,0.170301,1531,2292,5701,0.007738,0.992262,0.015877,0.984123
territoire,1710-1720,1789-1802,0.82952,0.17048,447,4519,5687,0.028481,0.971519,0.026249,0.973751
douteux,1700-1710,1720-1730,0.829274,0.170726,90,172,5693,0.016641,0.983359,0.023774,0.976226
plier,1770-1780,1789-1802,0.82923,0.17077,871,612,5676,0.009899,0.990101,0.015275,0.984725
conseillers,1710-1720,1730-1740,0.828973,0.171027,1551,982,5685,0.018125,0.981875,0.023469,0.976531
cle,1710-1720,1789-1802,0.828383,0.171617,877,2159,5692,0.019859,0.980141,0.065162,0.934838
revient,1700-1710,1730-1740,0.828282,0.171718,773,1804,5713,0.044544,0.955456,0.046852,0.953148
débris,1710-1720,1789-1802,0.828092,0.171908,128,1455,5696,0.017527,0.982473,0.026844,0.973156
trésor,1730-1740,1780-1789,0.827411,0.172589,301,2609,5690,0.026164,0.973836,0.036528,0.963472
ima,1710-1720,1780-1789,0.827111,0.172889,122,718,5672,0.011824,0.988176,0.030177,0.969823
propreté,1710-1720,1780-1789,0.827026,0.172974,169,833,5681,0.017379,0.982621,0.017938,0.982062
tendu,1750-1760,1780-1789,0.826893,0.173107,331,821,5688,0.007441,0.992559,0.011695,0.988305
prête,1780-1789,1789-1802,0.826835,0.173165,2875,2065,5711,0.014993,0.985007,0.01537,0.98463
genre,1770-1780,1789-1802,0.82648,0.17352,13868,13263,5717,0.014899,0.985101,0.022217,0.977783
fonde,1700-1710,1740-1750,0.826392,0.173608,217,616,5697,0.006794,0.993206,0.012215,0.987785
plainte,1730-1740,1740-1750,0.826251,0.173749,373,485,5696,0.009411,0.990589,0.013277,0.986723
devenu,1750-1760,1760-1770,0.826147,0.173853,1730,2202,5712,0.008601,0.991399,0.01716,0.98284
vuide,1710-1720,1789-1802,0.826132,0.173868,435,773,5700,0.011109,0.988891,0.019901,0.980099
traces,1750-1760,1770-1780,0.825958,0.174042,729,1582,5707,0.013377,0.986623,0.02063,0.97937
por,1720-1730,1780-1789,0.825866,0.174134,1664,2812,5698,0.022796,0.977204,0.035372,0.964628
voiture,1710-1720,1789-1802,0.824872,0.175128,519,3077,5687,0.053884,0.946116,0.063517,0.936483
ban,1700-1710,1710-1720,0.824748,0.175252,271,443,5675,0.011691,0.988309,0.021963,0.978037
hôtel,1750-1760,1780-1789,0.824719,0.175281,587,1246,5704,0.010636,0.989364,0.025942,0.974058
cer,1700-1710,1760-1770,0.824578,0.175422,674,2251,5706,0.012187,0.987813,0.018352,0.981648
abandon,1710-1720,1730-1740,0.82433,0.17567,165,110,5688,0.013004,0.986996,0.019414,0.980586
surplus,1750-1760,1780-1789,0.824051,0.175949,1214,3202,5693,0.014557,0.985443,0.024772,0.975228
militaires,1770-1780,1789-1802,0.823878,0.176122,2396,4206,5688,0.016145,0.983855,0.01628,0.98372
futur,1700-1710,1740-1750,0.823783,0.176217,87,209,5676,0.010682,0.989318,0.019227,0.980773
troi,1760-1770,1789-1802,0.82332,0.17668,441,707,5672,0.015633,0.984367,0.031961,0.968039
communication,1710-1720,1789-1802,0.823266,0.176734,364,2172,5709,0.018729,0.981271,0.020448,0.979552
traire,1710-1720,1789-1802,0.822669,0.177331,270,984,5682,0.013414,0.986586,0.034599,0.965401
fatigue,1710-1720,1730-1740,0.82225,0.17775,205,361,5691,0.018046,0.981954,0.016704,0.983296
publiques,1720-1730,1789-1802,0.822084,0.177916,1080,5873,5711,0.040166,0.959834,0.028279,0.971721
parlant,1750-1760,1789-1802,0.821069,0.178931,1659,2734,5714,0.013457,0.986543,0.023411,0.976589
marque,1700-1710,1789-1802,0.820622,0.179378,1585,2973,5714,0.011936,0.988064,0.02165,0.97835
contenance,1760-1770,1770-1780,0.820533,0.179467,415,413,5686,0.007756,0.992244,0.016965,0.983035
maîtres,1720-1730,1730-1740,0.82048,0.17952,2062,4760,5717,0.009514,0.990486,0.019183,0.980817
salomon,1740-1750,1789-1802,0.820008,0.179992,343,879,5670,0.016314,0.983686,0.02918,0.97082
idem,1700-1710,1720-1730,0.819905,0.180095,1474,935,5691,0.022169,0.977831,0.05064,0.94936
tit,1720-1730,1730-1740,0.819565,0.180435,679,2370,5695,0.01414,0.98586,0.052694,0.947306
santé,1710-1720,1760-1770,0.819461,0.180539,1182,1634,5711,0.014152,0.985848,0.027188,0.972812
indes,1730-1740,1740-1750,0.818989,0.181011,3409,4364,5699,0.038595,0.961405,0.03738,0.96262
vigoureux,1740-1750,1770-1780,0.81886,0.18114,211,1031,5692,0.009006,0.990994,0.012657,0.987343
van,1700-1710,1750-1760,0.818672,0.181328,828,494,5705,0.05262,0.94738,0.062968,0.937032
assurément,1730-1740,1760-1770,0.817779,0.182221,627,1108,5691,0.00798,0.99202,0.024377,0.975623
conscience,1710-1720,1789-1802,0.817227,0.182773,816,3047,5704,0.016229,0.983771,0.028379,0.971621
rencontre,1730-1740,1740-1750,0.816632,0.183368,1225,2071,5709,0.01171,0.98829,0.02057,0.97943
ale,1710-1720,1730-1740,0.816128,0.183872,264,306,5680,0.00985,0.99015,0.040701,0.959299
considération,1710-1720,1789-1802,0.816085,0.183915,647,12247,5702,0.171638,0.828362,0.159296,0.840704
gou,1720-1730,1789-1802,0.815356,0.184644,506,2543,5683,0.011865,0.988135,0.022962,0.977038
chaire,1720-1730,1750-1760,0.815093,0.184907,235,398,5676,0.01809,0.98191,0.022662,0.977338
naturellement,1700-1710,1789-1802,0.815072,0.184928,880,3209,5713,0.013188,0.986812,0.020026,0.979974
teurs,1750-1760,1770-1780,0.815055,0.184945,965,1686,5687,0.010618,0.989382,0.034637,0.965363
pag,1710-1720,1730-1740,0.815037,0.184963,2083,6359,5706,0.017075,0.982925,0.028644,0.971356
lord,1720-1730,1789-1802,0.814654,0.185346,394,3864,5686,0.03956,0.96044,0.043351,0.956649
combien,1700-1710,1720-1730,0.814549,0.185451,3404,3737,5719,0.01064,0.98936,0.021511,0.978489
lis,1720-1730,1740-1750,0.814543,0.185457,1574,2564,5711,0.01179,0.98821,0.047251,0.952749
rapports,1710-1720,1730-1740,0.814318,0.185682,487,611,5706,0.012653,0.987347,0.018353,0.981647
div,1730-1740,1750-1760,0.814223,0.185777,67,364,5645,0.015888,0.984112,0.040591,0.959409
poir,1700-1710,1740-1750,0.814119,0.185881,627,411,5663,0.031867,0.968133,0.059834,0.940166
cannes,1700-1710,1720-1730,0.81349,0.18651,262,692,5667,0.03674,0.96326,0.09643,0.90357
ecclésiastique,1730-1740,1750-1760,0.813371,0.186629,161,523,5649,0.021984,0.978016,0.024181,0.975819
opéra,1720-1730,1780-1789,0.812765,0.187235,124,1693,5694,0.017884,0.982116,0.03128,0.96872
rance,1710-1720,1789-1802,0.81261,0.18739,202,1022,5683,0.015777,0.984223,0.034417,0.965583
voyez,1740-1750,1750-1760,0.812602,0.187398,5017,10116,5717,0.007815,0.992185,0.017761,0.982239
borne,1710-1720,1750-1760,0.812181,0.187819,609,747,5706,0.080197,0.919803,0.114094,0.885906
naturelle,1720-1730,1730-1740,0.811342,0.188658,1467,2188,5718,0.011486,0.988514,0.018079,0.981921
étrangers,1710-1720,1780-1789,0.811183,0.188817,887,7613,5713,0.016162,0.983838,0.022919,0.977081
maurice,1730-1740,1789-1802,0.810755,0.189245,678,859,5653,0.018516,0.981484,0.034895,0.965105
chaînes,1740-1750,1760-1770,0.810569,0.189431,549,808,5686,0.009602,0.990398,0.015785,0.984215
lest,1750-1760,1760-1770,0.810379,0.189621,182,793,5702,0.038502,0.961498,0.041806,0.958194
mons,1730-1740,1780-1789,0.809407,0.190593,457,535,5677,0.013302,0.986698,0.024185,0.975815
sac,1710-1720,1760-1770,0.809344,0.190656,245,767,5680,0.018999,0.981001,0.037248,0.962752
commis,1780-1789,1789-1802,0.809039,0.190961,5860,6562,5711,0.007861,0.992139,0.014725,0.985275
personnages,1720-1730,1730-1740,0.808411,0.191589,356,572,5709,0.010519,0.989481,0.022469,0.977531
cha,1710-1720,1780-1789,0.808147,0.191853,1083,3474,5700,0.008266,0.991734,0.023275,0.976725
per,1700-1710,1780-1789,0.808085,0.191915,7765,11446,5717,0.040553,0.959447,0.11389,0.88611
conclut,1740-1750,1780-1789,0.807772,0.192228,624,928,5685,0.009621,0.990379,0.017051,0.982949
pont,1710-1720,1720-1730,0.807647,0.192353,1819,3317,5708,0.017994,0.982006,0.020126,0.979874
foible,1700-1710,1789-1802,0.807061,0.192939,741,4010,5708,0.01638,0.98362,0.017337,0.982663
traitement,1710-1720,1789-1802,0.806953,0.193047,186,2835,5691,0.025249,0.974751,0.040937,0.959063
paris,1710-1720,1720-1730,0.806621,0.193379,22010,29522,5723,0.035492,0.964508,0.04157,0.95843
monté,1730-1740,1760-1770,0.806436,0.193564,535,926,5697,0.015797,0.984203,0.022114,0.977886
cul,1700-1710,1770-1780,0.805775,0.194225,273,1273,5686,0.010759,0.989241,0.043395,0.956605
degré,1710-1720,1770-1780,0.80565,0.19435,733,6510,5712,0.036557,0.963443,0.038611,0.961389
décret,1710-1720,1740-1750,0.805246,0.194754,111,491,5688,0.015274,0.984726,0.017883,0.982117
time,1700-1710,1780-1789,0.805022,0.194978,428,702,5658,0.092247,0.907753,0.095764,0.904236
compris,1720-1730,1770-1780,0.804741,0.195259,1452,3067,5714,0.011126,0.988874,0.021879,0.978121
train,1700-1710,1750-1760,0.804412,0.195588,314,666,5701,0.013075,0.986925,0.02015,0.97985
appartient,1720-1730,1740-1750,0.804278,0.195722,1066,1629,5715,0.012991,0.987009,0.027126,0.972874
sacrifice,1720-1730,1789-1802,0.80387,0.19613,642,2920,5709,0.026098,0.973902,0.032702,0.967298
rentre,1700-1710,1710-1720,0.803859,0.196141,88,181,5690,0.008398,0.991602,0.019926,0.980074
silence,1710-1720,1720-1730,0.803751,0.196249,1111,882,5712,0.007911,0.992089,0.016187,0.983813
paf,1700-1710,1730-1740,0.803748,0.196252,414,702,5692,0.015231,0.984769,0.046827,0.953173
lille,1700-1710,1780-1789,0.803648,0.196352,227,833,5672,0.019639,0.980361,0.038893,0.961107
lice,1710-1720,1750-1760,0.803313,0.196687,282,315,5687,0.011185,0.988815,0.031426,0.968574
changer,1710-1720,1740-1750,0.803172,0.196828,1258,2266,5717,0.014229,0.985771,0.016193,0.983807
soupçon,1730-1740,1789-1802,0.803094,0.196906,635,992,5705,0.010679,0.989321,0.01791,0.98209
pau,1700-1710,1780-1789,0.802731,0.197269,214,1150,5691,0.016833,0.983167,0.020133,0.979867
saisit,1760-1770,1780-1789,0.80252,0.19748,1119,1818,5704,0.00729,0.99271,0.011884,0.988116
vient,1700-1710,1720-1730,0.80239,0.19761,8948,5420,5717,0.031163,0.968837,0.060568,0.939432
tête,1710-1720,1730-1740,0.802312,0.197688,4161,7669,5716,0.022789,0.977211,0.026399,0.973601
saint,1730-1740,1770-1780,0.802186,0.197814,6266,18767,5717,0.017063,0.982937,0.02589,0.97411
notables,1700-1710,1789-1802,0.801967,0.198033,57,1553,5652,0.035227,0.964773,0.069838,0.930162
établit,1720-1730,1730-1740,0.801577,0.198423,561,783,5710,0.009645,0.990355,0.016201,0.983799
trahison,1740-1750,1750-1760,0.801443,0.198557,423,268,5681,0.011448,0.988552,0.017751,0.982249
fruit,1730-1740,1740-1750,0.801343,0.198657,1894,3106,5715,0.021668,0.978332,0.029784,0.970216
tabac,1780-1789,1789-1802,0.801326,0.198674,3030,3493,5672,0.008768,0.991232,0.019262,0.980738
prises,1770-1780,1780-1789,0.801107,0.198893,1583,4337,5701,0.033472,0.966528,0.052294,0.947706
tra,1710-1720,1750-1760,0.800721,0.199279,964,2216,5700,0.015032,0.984968,0.055489,0.944511
sang,1700-1710,1730-1740,0.80067,0.19933,3385,6137,5716,0.009843,0.990157,0.020053,0.979947
veiller,1710-1720,1789-1802,0.800359,0.199641,530,1897,5697,0.019409,0.980591,0.029955,0.970045
tut,1710-1720,1730-1740,0.800306,0.199694,200,567,5681,0.014187,0.985813,0.026024,0.973976
murmure,1770-1780,1789-1802,0.800181,0.199819,686,687,5686,0.006333,0.993667,0.011946,0.988054
récompense,1730-1740,1760-1770,0.799915,0.200085,808,1489,5707,0.011144,0.988856,0.012909,0.987091
unis,1750-1760,1789-1802,0.799839,0.200161,720,5161,5705,0.054787,0.945213,0.050203,0.949797
pout,1720-1730,1750-1760,0.799608,0.200392,324,446,5682,0.016187,0.983813,0.037,0.963
enfer,1710-1720,1730-1740,0.79924,0.20076,78,124,5684,0.008211,0.991789,0.016797,0.983203
pos,1740-1750,1789-1802,0.799131,0.200869,641,1339,5689,0.014395,0.985605,0.031341,0.968659
chan,1710-1720,1789-1802,0.79843,0.20157,297,1178,5691,0.013073,0.986927,0.021832,0.978168
men,1710-1720,1770-1780,0.798073,0.201927,676,1535,5707,0.012408,0.987592,0.046768,0.953232
compagnie,1710-1720,1730-1740,0.798059,0.201941,3008,6524,5713,0.016594,0.983406,0.030824,0.969176
citoyen,1750-1760,1789-1802,0.797628,0.202372,1879,13003,5708,0.019736,0.980264,0.024142,0.975858
distribuer,1700-1710,1710-1720,0.797608,0.202392,157,262,5675,0.012295,0.987705,0.021547,0.978453
valeur,1700-1710,1730-1740,0.797566,0.202434,3452,5374,5716,0.019901,0.980099,0.02882,0.97118
million,1720-1730,1730-1740,0.797497,0.202503,298,299,5696,0.013524,0.986476,0.025326,0.974674
recevant,1700-1710,1720-1730,0.797317,0.202683,155,153,5686,0.007939,0.992061,0.017431,0.982569
écrit,1710-1720,1750-1760,0.797238,0.202762,2397,4889,5716,0.010155,0.989845,0.017843,0.982157
île,1700-1710,1760-1770,0.797212,0.202788,395,495,5697,0.080472,0.919528,0.11321,0.88679
grandeurs,1760-1770,1780-1789,0.79705,0.20295,714,702,5679,0.023069,0.976931,0.019838,0.980162
oie,1700-1710,1750-1760,0.796926,0.203074,320,255,5679,0.039981,0.960019,0.080446,0.919554
assurer,1710-1720,1770-1780,0.796638,0.203362,636,3275,5712,0.012045,0.987955,0.017377,0.982623
pur,1700-1710,1720-1730,0.796418,0.203582,6362,967,5712,0.111691,0.888309,0.185371,0.814629
commander,1750-1760,1760-1770,0.796171,0.203829,784,887,5705,0.005866,0.994134,0.012438,0.987562
corn,1700-1710,1780-1789,0.796088,0.203912,399,940,5696,0.008431,0.991569,0.025559,0.974441
seuls,1700-1710,1740-1750,0.796065,0.203935,504,1675,5713,0.008568,0.991432,0.020384,0.979616
remplir,1740-1750,1760-1770,0.796065,0.203935,1528,3977,5715,0.009732,0.990268,0.017532,0.982468
cesser,1750-1760,1789-1802,0.795732,0.204268,588,1879,5685,0.016008,0.983992,0.017118,0.982882
lais,1730-1740,1789-1802,0.795669,0.204331,264,1118,5681,0.009848,0.990152,0.018798,0.981202
ger,1710-1720,1789-1802,0.795439,0.204561,524,2025,5692,0.005723,0.994277,0.01738,0.98262
principale,1730-1740,1760-1770,0.795424,0.204576,934,2004,5713,0.017425,0.982575,0.020952,0.979048
prompte,1760-1770,1770-1780,0.795177,0.204823,961,1208,5693,0.01809,0.98191,0.014531,0.985469
avenir,1700-1710,1789-1802,0.795104,0.204896,138,700,5708,0.023426,0.976574,0.039889,0.960111
usages,1710-1720,1740-1750,0.79478,0.20522,667,1972,5703,0.01809,0.98191,0.02205,0.97795
vrai,1730-1740,1760-1770,0.794428,0.205572,7780,14140,5717,0.013362,0.986638,0.020626,0.979374
louis,1730-1740,1750-1760,0.793747,0.206253,5815,9365,5716,0.030318,0.969682,0.017386,0.982614
bouche,1720-1730,1750-1760,0.793599,0.206401,1667,2722,5715,0.016333,0.983667,0.01944,0.98056
particulier,1740-1750,1789-1802,0.79348,0.20652,4803,8754,5717,0.010154,0.989846,0.017132,0.982868
lion,1700-1710,1789-1802,0.793389,0.206611,1494,2535,5710,0.012611,0.987389,0.026506,0.973494
nouveau,1720-1730,1750-1760,0.793362,0.206638,3675,6990,5718,0.008687,0.991313,0.015718,0.984282
dom,1710-1720,1780-1789,0.793287,0.206713,551,2003,5687,0.014015,0.985985,0.029727,0.970273
ardente,1720-1730,1780-1789,0.792879,0.207121,133,691,5681,0.028205,0.971795,0.028353,0.971647
avertissement,1710-1720,1789-1802,0.792546,0.207454,136,576,5684,0.006419,0.993581,0.018832,0.981168
velles,1730-1740,1780-1789,0.792016,0.207984,324,963,5664,0.025071,0.974929,0.044815,0.955185
démon,1720-1730,1780-1789,0.79193,0.20807,162,704,5685,0.012334,0.987666,0.01817,0.98183
ner,1700-1710,1780-1789,0.791762,0.208238,715,2565,5696,0.014831,0.985169,0.021442,0.978558
héritier,1700-1710,1789-1802,0.791411,0.208589,211,683,5693,0.01809,0.98191,0.02245,0.97755
métier,1710-1720,1770-1780,0.791305,0.208695,1079,2667,5700,0.017422,0.982578,0.021433,0.978567
tif,1710-1720,1789-1802,0.790927,0.209073,77,602,5665,0.049154,0.950846,0.082093,0.917907
assurance,1710-1720,1760-1770,0.790872,0.209128,133,379,5692,0.008901,0.991099,0.013146,0.986854
tom,1720-1730,1730-1740,0.790419,0.209581,1371,3566,5705,0.013743,0.986257,0.039593,0.960407
lar,1760-1770,1770-1780,0.790374,0.209626,5701,610,5674,0.007049,0.992951,0.013746,0.986254
trai,1740-1750,1789-1802,0.790164,0.209836,651,696,5667,0.014983,0.985017,0.022073,0.977927
esclaves,1740-1750,1789-1802,0.789788,0.210212,2493,5102,5703,0.013771,0.986229,0.016368,0.983632
talent,1710-1720,1730-1740,0.789575,0.210425,420,873,5706,0.013779,0.986221,0.017139,0.982861
président,1700-1710,1710-1720,0.789343,0.210657,984,924,5687,0.032002,0.967998,0.035382,0.964618
augmenté,1710-1720,1780-1789,0.788997,0.211003,378,1403,5699,0.016666,0.983334,0.021824,0.978176
éternel,1710-1720,1740-1750,0.788749,0.211251,259,508,5702,0.010802,0.989198,0.01605,0.98395
concert,1750-1760,1770-1780,0.788474,0.211526,885,1652,5708,0.010259,0.989741,0.014827,0.985173
particuliere,1780-1789,1789-1802,0.788345,0.211655,2287,903,5678,0.013,0.987,0.013691,0.986309
len,1710-1720,1789-1802,0.788282,0.211718,114,712,5668,0.012036,0.987964,0.036744,0.963256
pillage,1700-1710,1780-1789,0.788266,0.211734,94,794,5673,0.013042,0.986958,0.016313,0.983687
suite,1730-1740,1740-1750,0.788265,0.211735,2051,1723,5718,0.01153,0.98847,0.01865,0.98135
vre,1700-1710,1770-1780,0.788154,0.211846,376,1075,5691,0.013062,0.986938,0.039505,0.960495
partant,1700-1710,1750-1760,0.787963,0.212037,263,487,5695,0.011076,0.988924,0.023061,0.976939
che,1770-1780,1789-1802,0.787761,0.212239,3817,4251,5709,0.018735,0.981265,0.058841,0.941159
immenses,1740-1750,1770-1780,0.787691,0.212309,295,1298,5670,0.016759,0.983241,0.02233,0.97767
inconnue,1710-1720,1750-1760,0.787568,0.212432,136,536,5695,0.00771,0.99229,0.015679,0.984321
facilité,1720-1730,1780-1789,0.787477,0.212523,870,3904,5707,0.0189,0.9811,0.01946,0.98054
ancien,1750-1760,1789-1802,0.787252,0.212748,2039,6170,5716,0.017869,0.982131,0.031056,0.968944
niais,1700-1710,1750-1760,0.786639,0.213361,315,537,5694,0.00832,0.99168,0.021795,0.978205
journées,1770-1780,1789-1802,0.786592,0.213408,827,1320,5683,0.01834,0.98166,0.021692,0.978308
disant,1700-1710,1710-1720,0.786404,0.213596,1245,1169,5711,0.012731,0.987269,0.025997,0.974003
songe,1730-1740,1740-1750,0.786078,0.213922,949,757,5702,0.007516,0.992484,0.011301,0.988699
sir,1730-1740,1750-1760,0.786008,0.213992,1288,4259,5710,0.029395,0.970605,0.035786,0.964214
disposé,1770-1780,1780-1789,0.785873,0.214127,984,998,5701,0.011105,0.988895,0.015003,0.984997
sui,1700-1710,1780-1789,0.785843,0.214157,235,583,5678,0.011168,0.988832,0.038849,0.961151
opposée,1710-1720,1789-1802,0.785588,0.214412,133,622,5698,0.018995,0.981005,0.021946,0.978054
marbre,1720-1730,1730-1740,0.785569,0.214431,883,1399,5705,0.02804,0.97196,0.032986,0.967014
ambassadeurs,1740-1750,1780-1789,0.7854,0.2146,1203,513,5674,0.037919,0.962081,0.022138,0.977862
avantages,1720-1730,1730-1740,0.785239,0.214761,1548,1941,5716,0.012003,0.987997,0.018332,0.981668
précieux,1770-1780,1789-1802,0.785089,0.214911,3680,4815,5714,0.020491,0.979509,0.015799,0.984201
monument,1740-1750,1780-1789,0.784974,0.215026,352,1779,5702,0.009957,0.990043,0.015421,0.984579
domaine,1730-1740,1789-1802,0.784897,0.215103,930,2595,5696,0.012495,0.987505,0.022322,0.977678
traité,1700-1710,1710-1720,0.784726,0.215274,2223,3655,5718,0.013376,0.986624,0.023154,0.976846
fiance,1710-1720,1789-1802,0.784283,0.215717,183,1084,5684,0.025304,0.974696,0.032866,0.967134
capacité,1750-1760,1780-1789,0.784202,0.215798,860,1364,5694,0.009564,0.990436,0.016998,0.983002
sion,1710-1720,1780-1789,0.783701,0.216299,528,2437,5705,0.01791,0.98209,0.036632,0.963368
hardiesse,1710-1720,1740-1750,0.783646,0.216354,304,566,5694,0.037206,0.962794,0.019653,0.980347
telle,1710-1720,1740-1750,0.783627,0.216373,3333,5835,5718,0.014452,0.985548,0.021847,0.978153
apparence,1740-1750,1750-1760,0.783482,0.216518,1393,1610,5714,0.01242,0.98758,0.022372,0.977628
lue,1700-1710,1770-1780,0.78348,0.21652,364,1043,5700,0.018101,0.981899,0.044516,0.955484
retenu,1730-1740,1789-1802,0.78337,0.21663,560,957,5699,0.010531,0.989469,0.016266,0.983734
gen,1700-1710,1740-1750,0.782974,0.217026,330,424,5684,0.018812,0.981188,0.07162,0.92838
consiste,1740-1750,1770-1780,0.782944,0.217056,785,1608,5699,0.023459,0.976541,0.02023,0.97977
légère,1710-1720,1720-1730,0.782692,0.217308,204,110,5698,0.024417,0.975583,0.032059,0.967941
julie,1710-1720,1750-1760,0.7825,0.2175,97,1522,5666,0.021903,0.978097,0.051421,0.948579
confiant,1710-1720,1730-1740,0.782444,0.217556,176,281,5695,0.015138,0.984862,0.038884,0.961116
tions,1760-1770,1789-1802,0.782419,0.217581,3993,6350,5703,0.013841,0.986159,0.035868,0.964132
una,1710-1720,1789-1802,0.782012,0.217988,306,1515,5684,0.028505,0.971495,0.069315,0.930685
comparer,1710-1720,1789-1802,0.781804,0.218196,275,1491,5712,0.016089,0.983911,0.021658,0.978342
livré,1770-1780,1789-1802,0.781674,0.218326,1294,1707,5699,0.008831,0.991169,0.016091,0.983909
vaut,1720-1730,1780-1789,0.780928,0.219072,2271,4564,5713,0.021902,0.978098,0.046571,0.953429
leçon,1770-1780,1789-1802,0.780285,0.219715,2033,1450,5702,0.009296,0.990704,0.012724,0.987276
marine,1730-1740,1740-1750,0.780239,0.219761,588,1048,5696,0.013787,0.986213,0.016802,0.983198
sources,1770-1780,1789-1802,0.780183,0.219817,2468,2325,5706,0.010824,0.989176,0.015704,0.984296
échapper,1760-1770,1789-1802,0.780164,0.219836,881,1839,5707,0.012552,0.987448,0.019337,0.980663
nobles,1710-1720,1730-1740,0.780084,0.219916,626,1231,5709,0.013059,0.986941,0.017295,0.982705
oeuvres,1720-1730,1750-1760,0.779981,0.220019,692,1291,5698,0.019138,0.980862,0.024245,0.975755
gagne,1700-1710,1720-1730,0.779959,0.220041,346,419,5692,0.010292,0.989708,0.020805,0.979195
ven,1720-1730,1770-1780,0.779735,0.220265,569,973,5683,0.007,0.993,0.018802,0.981198
formes,1710-1720,1720-1730,0.779607,0.220393,572,687,5711,0.007672,0.992328,0.019842,0.980158
val,1740-1750,1750-1760,0.7795,0.2205,474,4430,5685,0.037943,0.962057,0.156469,0.843531
affranchis,1700-1710,1789-1802,0.778973,0.221027,453,637,5654,0.038946,0.961054,0.068281,0.931719
rétabli,1750-1760,1770-1780,0.778838,0.221162,417,730,5695,0.007638,0.992362,0.01202,0.98798
poursuite,1740-1750,1750-1760,0.778615,0.221385,302,337,5688,0.011292,0.988708,0.022091,0.977909
qne,1730-1740,1789-1802,0.778401,0.221599,154,1188,5683,0.02807,0.97193,0.044864,0.955136
paisible,1700-1710,1740-1750,0.778375,0.221625,128,325,5690,0.008999,0.991001,0.012802,0.987198
critique,1750-1760,1789-1802,0.778266,0.221734,2062,2107,5712,0.011491,0.988509,0.015877,0.984123
lib,1700-1710,1750-1760,0.778171,0.221829,2321,2094,5702,0.014664,0.985336,0.04577,0.95423
troubler,1710-1720,1720-1730,0.778053,0.221947,791,366,5698,0.029559,0.970441,0.029984,0.970016
italien,1750-1760,1789-1802,0.777907,0.222093,981,1067,5692,0.013043,0.986957,0.024569,0.975431
saisons,1710-1720,1789-1802,0.777721,0.222279,1235,1042,5696,0.082044,0.917956,0.11166,0.88834
hommage,1700-1710,1720-1730,0.777462,0.222538,288,347,5700,0.017629,0.982371,0.033967,0.966033
made,1710-1720,1760-1770,0.777104,0.222896,201,497,5632,0.01952,0.98048,0.04176,0.95824
navigation,1730-1740,1740-1750,0.776205,0.223795,696,1795,5692,0.019581,0.980419,0.020058,0.979942
réception,1720-1730,1760-1770,0.775691,0.224309,160,854,5682,0.018323,0.981677,0.025466,0.974534
pousser,1710-1720,1740-1750,0.77549,0.22451,477,746,5696,0.015618,0.984382,0.018239,0.981761
plume,1730-1740,1789-1802,0.775477,0.224523,489,1909,5702,0.011906,0.988094,0.01687,0.98313
monts,1750-1760,1760-1770,0.775434,0.224566,520,438,5680,0.017813,0.982187,0.022301,0.977699
pan,1740-1750,1789-1802,0.775195,0.224805,588,906,5698,0.012649,0.987351,0.047886,0.952114
mouvoir,1710-1720,1730-1740,0.775168,0.224832,158,233,5680,0.019698,0.980302,0.02049,0.97951
salle,1760-1770,1770-1780,0.775108,0.224892,1014,1349,5697,0.008953,0.991047,0.015333,0.984667
noblesse,1750-1760,1789-1802,0.775103,0.224897,3528,7377,5710,0.021455,0.978545,0.021257,0.978743
nois,1710-1720,1730-1740,0.775023,0.224977,188,270,5667,0.016117,0.983883,0.047658,0.952342
los,1730-1740,1760-1770,0.774931,0.225069,259,1323,5675,0.05206,0.94794,0.033106,0.966894
gard,1710-1720,1740-1750,0.774704,0.225296,242,310,5672,0.016752,0.983248,0.032152,0.967848
rel,1720-1730,1789-1802,0.774593,0.225407,221,1449,5672,0.012468,0.987532,0.028497,0.971503
préparé,1720-1730,1760-1770,0.774463,0.225537,300,945,5697,0.009814,0.990186,0.017663,0.982337
marcher,1740-1750,1750-1760,0.774283,0.225717,1441,1226,5706,0.013618,0.986382,0.015349,0.984651
laboureur,1750-1760,1780-1789,0.774168,0.225832,675,1538,5678,0.032706,0.967294,0.024266,0.975734
fac,1700-1710,1760-1770,0.774047,0.225953,444,1051,5668,0.064994,0.935006,0.089216,0.910784
tite,1710-1720,1770-1780,0.773969,0.226031,322,1236,5687,0.011008,0.988992,0.053268,0.946732
allié,1770-1780,1789-1802,0.773856,0.226144,605,989,5671,0.014332,0.985668,0.026248,0.973752
paradis,1730-1740,1750-1760,0.773134,0.226866,321,479,5681,0.011806,0.988194,0.018817,0.981183
mou,1710-1720,1750-1760,0.772965,0.227035,368,844,5697,0.008184,0.991816,0.02502,0.97498
humeur,1760-1770,1789-1802,0.772945,0.227055,1357,1415,5704,0.010984,0.989016,0.017576,0.982424
remis,1730-1740,1789-1802,0.772423,0.227577,1352,3390,5704,0.015948,0.984052,0.023468,0.976532
néant,1710-1720,1789-1802,0.772317,0.227683,404,963,5685,0.031691,0.968309,0.077856,0.922144
normandie,1720-1730,1730-1740,0.772274,0.227726,1213,1532,5683,0.063723,0.936277,0.054621,0.945379
coûté,1700-1710,1789-1802,0.771459,0.228541,219,1148,5688,0.029557,0.970443,0.032557,0.967443
sacré,1780-1789,1789-1802,0.770783,0.229217,2564,2736,5702,0.009154,0.990846,0.013866,0.986134
gne,1730-1740,1789-1802,0.770573,0.229427,1668,891,5688,0.018748,0.981252,0.036959,0.963041
précaution,1730-1740,1789-1802,0.77055,0.22945,960,1684,5698,0.017639,0.982361,0.01793,0.98207
têtes,1750-1760,1780-1789,0.770511,0.229489,1417,2641,5704,0.012271,0.987729,0.023696,0.976304
fonction,1750-1760,1760-1770,0.770285,0.229715,327,671,5692,0.012161,0.987839,0.014629,0.985371
ref,1710-1720,1789-1802,0.769681,0.230319,154,829,5684,0.017106,0.982894,0.038227,0.961773
ture,1710-1720,1789-1802,0.769648,0.230352,421,1707,5700,0.014661,0.985339,0.050539,0.949461
prétention,1760-1770,1780-1789,0.769636,0.230364,494,982,5685,0.010271,0.989729,0.015733,0.984267
commencer,1720-1730,1750-1760,0.76926,0.23074,1080,1617,5714,0.010862,0.989138,0.021431,0.978569
sein,1730-1740,1740-1750,0.769196,0.230804,1456,2026,5714,0.014581,0.985419,0.021701,0.978299
partis,1720-1730,1740-1750,0.769155,0.230845,868,1353,5701,0.008762,0.991238,0.013762,0.986238
exige,1700-1710,1789-1802,0.768962,0.231038,120,3002,5711,0.014101,0.985899,0.024387,0.975613
solides,1770-1780,1789-1802,0.768367,0.231633,1181,969,5683,0.011758,0.988242,0.014191,0.985809
principaux,1710-1720,1760-1770,0.768335,0.231665,1321,2747,5714,0.015148,0.984852,0.023233,0.976767
mode,1730-1740,1789-1802,0.768307,0.231693,642,4276,5712,0.050772,0.949228,0.07068,0.92932
profusion,1710-1720,1789-1802,0.768014,0.231986,323,767,5669,0.074771,0.925229,0.085782,0.914218
jet,1710-1720,1740-1750,0.767987,0.232013,399,672,5699,0.013155,0.986845,0.03165,0.96835
pire,1700-1710,1730-1740,0.767961,0.232039,359,409,5696,0.013648,0.986352,0.033468,0.966532
respect,1780-1789,1789-1802,0.767807,0.232193,2718,4157,5713,0.014005,0.985995,0.015266,0.984734
tans,1700-1710,1789-1802,0.767791,0.232209,192,1053,5684,0.013124,0.986876,0.047015,0.952985
camille,1700-1710,1730-1740,0.767627,0.232373,109,410,5664,0.01526,0.98474,0.033506,0.966494
paroit,1700-1710,1720-1730,0.767558,0.232442,916,1223,5703,0.024585,0.975415,0.023962,0.976038
remonter,1710-1720,1760-1770,0.767296,0.232704,208,901,5701,0.01708,0.98292,0.017314,0.982686
nais,1720-1730,1770-1780,0.767159,0.232841,246,776,5674,0.011393,0.988607,0.018673,0.981327
certes,1710-1720,1789-1802,0.766826,0.233174,326,1739,5684,0.016962,0.983038,0.036125,0.963875
cercle,1760-1770,1789-1802,0.766737,0.233263,2955,2611,5708,0.015164,0.984836,0.019897,0.980103
certitude,1700-1710,1789-1802,0.766709,0.233291,262,2123,5696,0.028944,0.971056,0.036487,0.963513
asseoir,1760-1770,1789-1802,0.766561,0.233439,193,391,5662,0.023866,0.976134,0.016046,0.983954
rité,1700-1710,1789-1802,0.766465,0.233535,126,1190,5664,0.029652,0.970348,0.049355,0.950645
viii,1740-1750,1750-1760,0.766441,0.233559,4053,3007,5716,0.029303,0.970697,0.090205,0.909795
offre,1710-1720,1789-1802,0.766319,0.233681,389,3814,5707,0.015347,0.984653,0.032729,0.967271
médiocre,1720-1730,1730-1740,0.76598,0.23402,376,562,5706,0.007771,0.992229,0.015192,0.984808
protecteur,1730-1740,1770-1780,0.765873,0.234127,402,681,5687,0.00734,0.99266,0.0129,0.9871
ions,1720-1730,1770-1780,0.765844,0.234156,747,2134,5701,0.015185,0.984815,0.042348,0.957652
ure,1710-1720,1730-1740,0.765648,0.234352,229,270,5698,0.012464,0.987536,0.049146,0.950854
irlande,1720-1730,1730-1740,0.765642,0.234358,72,88,5633,0.029481,0.970519,0.042244,0.957756
mar,1720-1730,1780-1789,0.765512,0.234488,2144,4427,5706,0.00788,0.99212,0.022196,0.977804
del,1700-1710,1710-1720,0.765165,0.234835,3059,596,5709,0.054481,0.945519,0.118719,0.881281
sub,1700-1710,1780-1789,0.765116,0.234884,619,1840,5709,0.032255,0.967745,0.043803,0.956197
prononcé,1700-1710,1710-1720,0.764849,0.235151,196,270,5698,0.012406,0.987594,0.030011,0.969989
enl,1730-1740,1740-1750,0.764598,0.235402,129,264,5635,0.008561,0.991439,0.013911,0.986089
matieres,1770-1780,1789-1802,0.764447,0.235553,4664,916,5698,0.063898,0.936102,0.028634,0.971366
ant,1730-1740,1760-1770,0.764445,0.235555,1063,3602,5703,0.018752,0.981248,0.080347,0.919653
file,1710-1720,1780-1789,0.764387,0.235613,361,1360,5688,0.019529,0.980471,0.028823,0.971177
soutenu,1770-1780,1789-1802,0.764356,0.235644,1037,1229,5694,0.007364,0.992636,0.013261,0.986739
civils,1740-1750,1780-1789,0.764253,0.235747,307,657,5680,0.013861,0.986139,0.02322,0.97678
apprend,1760-1770,1770-1780,0.764144,0.235856,1958,3001,5710,0.010541,0.989459,0.017392,0.982608
rompu,1760-1770,1780-1789,0.764037,0.235963,686,974,5689,0.01407,0.98593,0.017574,0.982426
vicomte,1700-1710,1780-1789,0.764028,0.235972,243,2153,5668,0.020976,0.979024,0.055274,0.944726
connu,1740-1750,1750-1760,0.764002,0.235998,2264,3458,5715,0.006941,0.993059,0.01316,0.98684
sonnes,1720-1730,1780-1789,0.763839,0.236161,142,677,5658,0.016208,0.983792,0.041223,0.958777
échange,1700-1710,1720-1730,0.763725,0.236275,155,287,5691,0.016186,0.983814,0.030868,0.969132
examiné,1730-1740,1750-1760,0.76357,0.23643,378,512,5696,0.008892,0.991108,0.017219,0.982781
sin,1760-1770,1770-1780,0.763453,0.236547,368,356,5682,0.015449,0.984551,0.065988,0.934012
relation,1750-1760,1760-1770,0.763406,0.236594,848,852,5702,0.006749,0.993251,0.012159,0.987841
bis,1700-1710,1760-1770,0.763294,0.236706,346,659,5696,0.023971,0.976029,0.059119,0.940881
marchandise,1730-1740,1770-1780,0.762955,0.237045,2684,958,5660,0.062119,0.937881,0.079662,0.920338
barre,1720-1730,1789-1802,0.762947,0.237053,571,1657,5678,0.038176,0.961824,0.06538,0.93462
mas,1730-1740,1760-1770,0.762775,0.237225,246,579,5671,0.020804,0.979196,0.02798,0.97202
changement,1730-1740,1780-1789,0.762759,0.237241,1813,3894,5712,0.0133,0.9867,0.016236,0.983764
lin,1700-1710,1780-1789,0.762095,0.237905,706,4942,5701,0.016147,0.983853,0.043088,0.956912
dre,1730-1740,1780-1789,0.761749,0.238251,2612,5319,5708,0.015307,0.984693,0.024198,0.975802
apparences,1730-1740,1760-1770,0.761689,0.238311,539,824,5692,0.021748,0.978252,0.019791,0.980209
lant,1720-1730,1750-1760,0.761601,0.238399,186,366,5674,0.009865,0.990135,0.012252,0.987748
publics,1710-1720,1770-1780,0.761582,0.238418,1192,5076,5716,0.017892,0.982108,0.023637,0.976363
manie,1720-1730,1780-1789,0.761278,0.238722,162,1098,5690,0.045254,0.954746,0.050826,0.949174
bar,1740-1750,1770-1780,0.761234,0.238766,999,1325,5690,0.004888,0.995112,0.022631,0.977369
motifs,1720-1730,1789-1802,0.760832,0.239168,624,6182,5710,0.014309,0.985691,0.023805,0.976195
cation,1710-1720,1780-1789,0.760772,0.239228,183,842,5673,0.013205,0.986795,0.038655,0.961345
paroisse,1710-1720,1740-1750,0.760711,0.239289,763,761,5700,0.013461,0.986539,0.018664,0.981336
obliger,1760-1770,1789-1802,0.7606,0.2394,930,709,5698,0.012363,0.987637,0.018539,0.981461
dupe,1710-1720,1789-1802,0.76033,0.23967,225,851,5675,0.029857,0.970143,0.020413,0.979587
general,1710-1720,1789-1802,0.760109,0.239891,4202,949,5712,0.067137,0.932863,0.109247,0.890753
doutes,1740-1750,1789-1802,0.759882,0.240118,404,1096,5698,0.017478,0.982522,0.019267,0.980733
contrat,1730-1740,1789-1802,0.759788,0.240212,1003,2718,5682,0.018524,0.981476,0.032164,0.967836
chant,1700-1710,1750-1760,0.759691,0.240309,381,1513,5704,0.016845,0.983155,0.023975,0.976025
habitude,1750-1760,1770-1780,0.759451,0.240549,641,1145,5709,0.014797,0.985203,0.016346,0.983654
teneur,1710-1720,1730-1740,0.759353,0.240647,1423,1042,5672,0.03807,0.96193,0.037253,0.962747
graces,1780-1789,1789-1802,0.758965,0.241035,4328,2720,5697,0.010261,0.989739,0.013636,0.986364
pente,1760-1770,1770-1780,0.758616,0.241384,1531,2200,5682,0.007795,0.992205,0.011894,0.988106
collation,1750-1760,1789-1802,0.758585,0.241415,123,248,5615,0.025848,0.974152,0.038199,0.961801
guère,1720-1730,1730-1740,0.758553,0.241447,247,516,5689,0.025973,0.974027,0.022987,0.977013
carnage,1700-1710,1730-1740,0.758465,0.241535,104,597,5678,0.022484,0.977516,0.015673,0.984327
emprunter,1730-1740,1770-1780,0.758247,0.241753,112,442,5695,0.007384,0.992616,0.013008,0.986992
procès,1710-1720,1720-1730,0.757667,0.242333,2564,1758,5702,0.012651,0.987349,0.020149,0.979851
méme,1700-1710,1710-1720,0.757666,0.242334,185,222,5668,0.029684,0.970316,0.027603,0.972397
métiers,1710-1720,1720-1730,0.757541,0.242459,503,289,5672,0.015261,0.984739,0.025743,0.974257
forcée,1700-1710,1710-1720,0.75746,0.24254,75,129,5688,0.012627,0.987373,0.016661,0.983339
foins,1700-1710,1710-1720,0.757372,0.242628,873,1629,5699,0.014607,0.985393,0.046915,0.953085
oreille,1770-1780,1780-1789,0.757279,0.242721,631,841,5709,0.012511,0.987489,0.015634,0.984366
erc,1700-1710,1789-1802,0.757074,0.242926,280,2461,5522,0.03717,0.96283,0.106633,0.893367
arbitraire,1710-1720,1789-1802,0.756854,0.243146,712,1945,5692,0.085708,0.914292,0.13165,0.86835
publiée,1710-1720,1780-1789,0.756777,0.243223,375,692,5670,0.033415,0.966585,0.040767,0.959233
armé,1760-1770,1780-1789,0.756428,0.243572,756,1498,5693,0.008403,0.991597,0.013055,0.986945
chasse,1750-1760,1760-1770,0.756298,0.243702,519,1099,5698,0.006969,0.993031,0.012901,0.987099
texte,1740-1750,1760-1770,0.756227,0.243773,1200,1717,5706,0.013582,0.986418,0.023452,0.976548
étroit,1700-1710,1789-1802,0.756175,0.243825,151,717,5694,0.011203,0.988797,0.022902,0.977098
mie,1720-1730,1770-1780,0.755709,0.244291,304,1172,5695,0.010682,0.989318,0.01345,0.98655
commande,1720-1730,1730-1740,0.755575,0.244425,531,767,5698,0.007497,0.992503,0.019922,0.980078
tumulte,1740-1750,1789-1802,0.755339,0.244661,376,791,5694,0.05601,0.94399,0.015265,0.984735
pie,1730-1740,1760-1770,0.754832,0.245168,1213,1303,5702,0.013201,0.986799,0.032459,0.967541
colbert,1740-1750,1770-1780,0.754634,0.245366,400,1350,5655,0.016604,0.983396,0.029737,0.970263
papiers,1760-1770,1789-1802,0.754321,0.245679,1839,3713,5689,0.009572,0.990428,0.01949,0.98051
tage,1770-1780,1780-1789,0.75427,0.24573,820,1101,5681,0.006854,0.993146,0.029107,0.970893
antiquité,1760-1770,1780-1789,0.75414,0.24586,533,772,5711,0.025545,0.974455,0.018039,0.981961
promptement,1730-1740,1750-1760,0.754115,0.245885,1150,1358,5704,0.032162,0.967838,0.018157,0.981843
chi,1730-1740,1740-1750,0.754094,0.245906,258,754,5672,0.007864,0.992136,0.038348,0.961652
estimé,1740-1750,1789-1802,0.754022,0.245978,401,1316,5696,0.026357,0.973643,0.066165,0.933835
intérêts,1740-1750,1770-1780,0.753935,0.246065,3341,7982,5707,0.017225,0.982775,0.020291,0.979709
infini,1750-1760,1789-1802,0.753752,0.246248,874,861,5710,0.013435,0.986565,0.017586,0.982414
eat,1700-1710,1760-1770,0.753358,0.246642,212,618,5631,0.033725,0.966275,0.088333,0.911667
far,1700-1710,1710-1720,0.753231,0.246769,660,539,5711,0.010857,0.989143,0.026326,0.973674
couler,1710-1720,1789-1802,0.752895,0.247105,368,1450,5702,0.023097,0.976903,0.024571,0.975429
lité,1730-1740,1780-1789,0.752867,0.247133,428,1319,5679,0.017624,0.982376,0.033791,0.966209
rôle,1700-1710,1720-1730,0.752722,0.247278,162,281,5705,0.012959,0.987041,0.020771,0.979229
neur,1780-1789,1789-1802,0.752102,0.247898,1586,892,5678,0.008916,0.991084,0.033703,0.966297
motif,1750-1760,1770-1780,0.752037,0.247963,2045,3428,5708,0.010443,0.989557,0.017448,0.982552
mat,1710-1720,1780-1789,0.751951,0.248049,174,1308,5688,0.008434,0.991566,0.020459,0.979541
tranquillement,1750-1760,1780-1789,0.751733,0.248267,444,996,5692,0.009757,0.990243,0.016682,0.983318
intérieure,1700-1710,1770-1780,0.751474,0.248526,204,1568,5691,0.028064,0.971936,0.039291,0.960709
pres,1710-1720,1730-1740,0.751322,0.248678,663,327,5681,0.041133,0.958867,0.059852,0.940148
fur,1730-1740,1740-1750,0.751017,0.248983,6044,1983,5704,0.020848,0.979152,0.04941,0.95059
demandant,1710-1720,1720-1730,0.751001,0.248999,190,160,5684,0.013385,0.986615,0.017711,0.982289
démarche,1710-1720,1780-1789,0.750964,0.249036,213,1663,5692,0.014958,0.985042,0.018423,0.981577
sceau,1710-1720,1789-1802,0.750877,0.249123,682,1725,5692,0.031443,0.968557,0.046534,0.953466
exercer,1720-1730,1750-1760,0.750865,0.249135,551,862,5702,0.015334,0.984666,0.020154,0.979846
générale,1720-1730,1730-1740,0.750862,0.249138,853,1742,5720,0.010602,0.989398,0.017882,0.982118
perception,1700-1710,1789-1802,0.750784,0.249216,75,2769,5671,0.04747,0.95253,0.058389,0.941611
charge,1720-1730,1770-1780,0.750722,0.249278,3969,7967,5717,0.013083,0.986917,0.023709,0.976291
fire,1710-1720,1720-1730,0.750593,0.249407,83,338,5412,0.02844,0.97156,0.071163,0.928837
george,1760-1770,1789-1802,0.750581,0.249419,2033,1471,5687,0.010943,0.989057,0.023349,0.976651
fatigues,1730-1740,1760-1770,0.750328,0.249672,423,423,5682,0.029958,0.970042,0.017619,0.982381
ral,1730-1740,1789-1802,0.750291,0.249709,332,1271,5660,0.007155,0.992845,0.032671,0.967329
saus,1710-1720,1760-1770,0.750086,0.249914,532,711,5465,0.013587,0.986413,0.038973,0.961027
desir,1750-1760,1789-1802,0.749532,0.250468,1448,2594,5697,0.042649,0.957351,0.02034,0.97966
ran,1710-1720,1730-1740,0.749527,0.250473,134,269,5673,0.010276,0.989724,0.028931,0.971069
attentif,1710-1720,1750-1760,0.749481,0.250519,266,491,5694,0.023401,0.976599,0.017802,0.982198
tacite,1700-1710,1740-1750,0.749476,0.250524,198,1058,5693,0.033879,0.966121,0.067826,0.932174
décharge,1720-1730,1740-1750,0.749396,0.250604,401,761,5687,0.009042,0.990958,0.022915,0.977085
extrait,1710-1720,1780-1789,0.749123,0.250877,490,3554,5704,0.016896,0.983104,0.039601,0.960399
régent,1710-1720,1730-1740,0.749014,0.250986,1991,384,5662,0.160289,0.839711,0.061491,0.938509
tait,1740-1750,1789-1802,0.748452,0.251548,478,1596,5689,0.018581,0.981419,0.024417,0.975583
scrupule,1700-1710,1780-1789,0.748375,0.251625,239,832,5694,0.01411,0.98589,0.02105,0.97895
occupé,1730-1740,1750-1760,0.748316,0.251684,1134,1285,5708,0.009737,0.990263,0.016143,0.983857
princip,1760-1770,1789-1802,0.748292,0.251708,741,1242,5474,0.032181,0.967819,0.050144,0.949856
vic,1710-1720,1740-1750,0.748143,0.251857,214,452,5663,0.011515,0.988485,0.020362,0.979638
admirer,1780-1789,1789-1802,0.747836,0.252164,908,700,5707,0.007371,0.992629,0.011736,0.988264
misere,1700-1710,1710-1720,0.747825,0.252175,168,325,5683,0.019834,0.980166,0.017645,0.982355
pareille,1720-1730,1770-1780,0.747554,0.252446,1198,4120,5713,0.01843,0.98157,0.026954,0.973046
saisir,1750-1760,1770-1780,0.747527,0.252473,1115,2669,5709,0.008999,0.991001,0.014395,0.985605
verbaux,1780-1789,1789-1802,0.747456,0.252544,657,785,5580,0.028529,0.971471,0.038273,0.961727
eur,1710-1720,1740-1750,0.747391,0.252609,947,1520,5694,0.01535,0.98465,0.043896,0.956104
pied,1700-1710,1730-1740,0.74706,0.25294,2909,5047,5716,0.020117,0.979883,0.03366,0.96634
exprimé,1700-1710,1789-1802,0.747049,0.252951,209,893,5696,0.019661,0.980339,0.027112,0.972888
remarquer,1700-1710,1789-1802,0.746845,0.253155,1302,2659,5712,0.017603,0.982397,0.025461,0.974539
imagine,1700-1710,1710-1720,0.746759,0.253241,95,73,5707,0.015462,0.984538,0.023945,0.976055
parceque,1700-1710,1780-1789,0.746324,0.253676,179,874,5636,0.025553,0.974447,0.022295,0.977705
différer,1720-1730,1780-1789,0.746246,0.253754,94,694,5674,0.021741,0.978259,0.016421,0.983579
sei,1700-1710,1789-1802,0.746239,0.253761,552,1244,5680,0.013357,0.986643,0.048134,0.951866
partage,1710-1720,1760-1770,0.746157,0.253843,941,2976,5710,0.009141,0.990859,0.017711,0.982289
conte,1700-1710,1780-1789,0.746123,0.253877,607,1843,5698,0.011372,0.988628,0.021172,0.978828
attribué,1710-1720,1720-1730,0.746083,0.253917,542,295,5697,0.015042,0.984958,0.029621,0.970379
vaux,1700-1710,1780-1789,0.745923,0.254077,186,1028,5679,0.019722,0.980278,0.032737,0.967263
incertitude,1770-1780,1780-1789,0.745895,0.254105,468,533,5690,0.014628,0.985372,0.011516,0.988484
répond,1700-1710,1710-1720,0.745609,0.254391,411,643,5709,0.008199,0.991801,0.014934,0.985066
respirer,1750-1760,1760-1770,0.745543,0.254457,284,465,5686,0.010781,0.989219,0.013547,0.986453
jurer,1710-1720,1730-1740,0.745488,0.254512,196,209,5673,0.01958,0.98042,0.016183,0.983817
nion,1760-1770,1780-1789,0.745315,0.254685,346,696,5655,0.012657,0.987343,0.02508,0.97492
robe,1710-1720,1789-1802,0.745295,0.254705,851,1511,5701,0.014893,0.985107,0.017389,0.982611
comte,1720-1730,1740-1750,0.745277,0.254723,6379,12327,5710,0.046996,0.953004,0.042171,0.957829
pourvoir,1710-1720,1780-1789,0.74523,0.25477,1425,3031,5694,0.027731,0.972269,0.021422,0.978578
arrête,1750-1760,1770-1780,0.745155,0.254845,579,1584,5713,0.008779,0.991221,0.012454,0.987546
corriger,1710-1720,1740-1750,0.745062,0.254938,476,688,5710,0.008765,0.991235,0.016365,0.983635
condé,1700-1710,1780-1789,0.744962,0.255038,122,2347,5667,0.020159,0.979841,0.036682,0.963318
universelle,1730-1740,1740-1750,0.744946,0.255054,523,627,5695,0.008791,0.991209,0.020748,0.979252
dame,1710-1720,1720-1730,0.744787,0.255213,2400,2125,5706,0.016711,0.983289,0.021675,0.978325
humaine,1770-1780,1780-1789,0.744543,0.255457,3869,3734,5709,0.014931,0.985069,0.01627,0.98373
renversé,1700-1710,1760-1770,0.744063,0.255937,116,543,5686,0.00929,0.99071,0.018688,0.981312
ime,1730-1740,1760-1770,0.744017,0.255983,198,467,5681,0.009828,0.990172,0.03029,0.96971
bou,1710-1720,1780-1789,0.743992,0.256008,354,1092,5679,0.010569,0.989431,0.024794,0.975206
flamme,1770-1780,1780-1789,0.743927,0.256073,1821,2086,5700,0.008757,0.991243,0.013539,0.986461
portion,1760-1770,1770-1780,0.743793,0.256207,4573,4863,5703,0.013101,0.986899,0.018968,0.981032
dent,1730-1740,1780-1789,0.743619,0.256381,719,2362,5702,0.011567,0.988433,0.016289,0.983711
renonce,1740-1750,1780-1789,0.743575,0.256425,293,742,5691,0.011972,0.988028,0.013984,0.986016
gue,1700-1710,1760-1770,0.74337,0.25663,318,768,5682,0.011091,0.988909,0.031591,0.968409
ver,1720-1730,1740-1750,0.74328,0.25672,1592,2445,5712,0.005395,0.994605,0.017245,0.982755
services,1710-1720,1789-1802,0.743266,0.256734,724,16113,5709,0.098149,0.901851,0.08323,0.91677
tentation,1700-1710,1760-1770,0.742899,0.257101,175,765,5675,0.03988,0.96012,0.047063,0.952937
ere,1720-1730,1780-1789,0.742872,0.257128,774,1904,5703,0.021475,0.978525,0.038612,0.961388
continue,1770-1780,1789-1802,0.742666,0.257334,3148,2155,5712,0.00879,0.99121,0.010971,0.989029
mission,1700-1710,1720-1730,0.742566,0.257434,119,226,5680,0.014492,0.985508,0.039206,0.960794
tient,1720-1730,1760-1770,0.742557,0.257443,1997,6960,5714,0.010077,0.989923,0.021415,0.978585
romain,1700-1710,1730-1740,0.742373,0.257627,795,4158,5709,0.038345,0.961655,0.044845,0.955155
pal,1710-1720,1789-1802,0.742272,0.257728,326,912,5683,0.008298,0.991702,0.021401,0.978599
ber,1710-1720,1780-1789,0.742229,0.257771,131,1845,5683,0.0262,0.9738,0.078735,0.921265
extraits,1730-1740,1750-1760,0.742165,0.257835,703,399,5690,0.017475,0.982525,0.027071,0.972929
plat,1720-1730,1789-1802,0.742125,0.257875,692,1159,5701,0.008344,0.991656,0.019486,0.980514
venant,1740-1750,1760-1770,0.742066,0.257934,1064,6821,5708,0.050513,0.949487,0.086319,0.913681
plaindre,1720-1730,1740-1750,0.742029,0.257971,747,1617,5711,0.018077,0.981923,0.023462,0.976538
viendra,1710-1720,1789-1802,0.741996,0.258004,380,1310,5699,0.01099,0.98901,0.020855,0.979145
ten,1700-1710,1780-1789,0.741695,0.258305,468,1539,5706,0.011573,0.988427,0.037043,0.962957
xii,1710-1720,1720-1730,0.741508,0.258492,961,1818,5715,0.023873,0.976127,0.034604,0.965396
armes,1720-1730,1740-1750,0.741455,0.258545,4380,6816,5714,0.017595,0.982405,0.018026,0.981974
lumieres,1760-1770,1789-1802,0.741434,0.258566,1536,1087,5676,0.012128,0.987872,0.0197,0.9803
création,1710-1720,1730-1740,0.741366,0.258634,851,600,5695,0.015071,0.984929,0.027103,0.972897
étroite,1750-1760,1789-1802,0.741301,0.258699,443,753,5691,0.013512,0.986488,0.019344,0.980656
rant,1710-1720,1789-1802,0.74121,0.25879,393,1227,5683,0.014408,0.985592,0.034839,0.965161
recours,1710-1720,1770-1780,0.741001,0.258999,1193,2977,5713,0.02093,0.97907,0.02443,0.97557
profonde,1750-1760,1770-1780,0.74095,0.25905,1000,2355,5712,0.014275,0.985725,0.023786,0.976214
vii,1720-1730,1740-1750,0.740949,0.259051,2331,5249,5720,0.01966,0.98034,0.053451,0.946549
restitution,1710-1720,1720-1730,0.740935,0.259065,415,217,5671,0.013151,0.986849,0.020949,0.979051
production,1710-1720,1789-1802,0.740819,0.259181,411,1220,5693,0.03665,0.96335,0.05115,0.94885
lumières,1780-1789,1789-1802,0.740729,0.259271,2537,4043,5702,0.008497,0.991503,0.01676,0.98324
cruellement,1700-1710,1740-1750,0.740702,0.259298,158,314,5680,0.010938,0.989062,0.019112,0.980888
etant,1720-1730,1760-1770,0.740535,0.259465,619,496,5691,0.036879,0.963121,0.042062,0.957938
françois,1720-1730,1789-1802,0.74044,0.25956,6009,13114,5720,0.043881,0.956119,0.023098,0.976902
simon,1700-1710,1730-1740,0.740369,0.259631,550,451,5672,0.0239,0.9761,0.058198,0.941802
ane,1730-1740,1760-1770,0.740321,0.259679,194,501,5682,0.009119,0.990881,0.026497,0.973503
vis,1710-1720,1740-1750,0.739945,0.260055,2524,4754,5715,0.016589,0.983411,0.02767,0.97233
importe,1700-1710,1780-1789,0.739846,0.260154,129,1578,5710,0.019115,0.980885,0.028252,0.971748
sort,1740-1750,1789-1802,0.739808,0.260192,2116,8577,5716,0.020043,0.979957,0.023162,0.976838
horreur,1710-1720,1740-1750,0.739691,0.260309,392,701,5712,0.011017,0.988983,0.016194,0.983806
foie,1700-1710,1760-1770,0.739683,0.260317,402,4446,5691,0.050112,0.949888,0.155024,0.844976
honneur,1710-1720,1720-1730,0.739675,0.260325,1555,1667,5716,0.013752,0.986248,0.017154,0.982846
voi,1710-1720,1770-1780,0.739674,0.260326,1115,966,5690,0.028668,0.971332,0.050255,0.949745
pes,1710-1720,1770-1780,0.739581,0.260419,233,980,5680,0.011677,0.988323,0.027146,0.972854
paru,1730-1740,1750-1760,0.739505,0.260495,1846,3092,5715,0.010846,0.989154,0.020025,0.979975
relever,1730-1740,1750-1760,0.739404,0.260596,731,902,5705,0.00973,0.99027,0.012029,0.987971
traiter,1710-1720,1720-1730,0.739379,0.260621,1019,1115,5713,0.010801,0.989199,0.018712,0.981288
tonneaux,1740-1750,1760-1770,0.739234,0.260766,787,4312,5672,0.051405,0.948595,0.076696,0.923304
ligne,1710-1720,1789-1802,0.739219,0.260781,1159,7345,5711,0.015866,0.984134,0.027438,0.972562
simples,1750-1760,1760-1770,0.739208,0.260792,1916,3134,5714,0.007825,0.992175,0.013375,0.986625
demeure,1710-1720,1789-1802,0.739129,0.260871,1517,2844,5706,0.015117,0.984883,0.021391,0.978609
desquels,1750-1760,1770-1780,0.739007,0.260993,1206,2056,5700,0.009472,0.990528,0.024068,0.975932
victime,1710-1720,1730-1740,0.738832,0.261168,294,499,5697,0.010483,0.989517,0.015362,0.984638
clergé,1710-1720,1730-1740,0.738646,0.261354,728,721,5684,0.015492,0.984508,0.018317,0.981683
appuyer,1700-1710,1710-1720,0.738519,0.261481,91,109,5697,0.018511,0.981489,0.020341,0.979659
famille,1700-1710,1710-1720,0.738478,0.261522,1925,2463,5716,0.01927,0.98073,0.020511,0.979489
parlement,1730-1740,1789-1802,0.738356,0.261644,2685,8039,5711,0.027252,0.972748,0.031907,0.968093
vainement,1740-1750,1760-1770,0.738208,0.261792,361,589,5695,0.020188,0.979812,0.016682,0.983318
puisqu,1700-1710,1780-1789,0.738207,0.261793,82,539,5715,0.01139,0.98861,0.017438,0.982562
antiques,1740-1750,1789-1802,0.737974,0.262026,151,1002,5686,0.018005,0.981995,0.021453,0.978547
tellement,1750-1760,1760-1770,0.737622,0.262378,2163,2579,5714,0.008776,0.991224,0.01981,0.98019
min,1730-1740,1780-1789,0.737614,0.262386,329,1294,5681,0.00649,0.99351,0.021723,0.978277
gauche,1710-1720,1750-1760,0.737476,0.262524,1056,1586,5707,0.016989,0.983011,0.02179,0.97821
francs,1730-1740,1760-1770,0.737473,0.262527,2548,1827,5695,0.041097,0.958903,0.105685,0.894315
constamment,1720-1730,1740-1750,0.737435,0.262565,134,453,5698,0.012919,0.987081,0.01701,0.98299
destiné,1740-1750,1760-1770,0.736964,0.263036,540,1454,5696,0.016462,0.983538,0.022139,0.977861
profond,1720-1730,1780-1789,0.736918,0.263082,589,2862,5709,0.014725,0.985275,0.022997,0.977003
lecture,1710-1720,1740-1750,0.73673,0.26327,492,573,5711,0.014138,0.985862,0.019435,0.980565
auguste,1720-1730,1750-1760,0.736403,0.263597,1342,1897,5713,0.032926,0.967074,0.015702,0.984298
château,1700-1710,1720-1730,0.736035,0.263965,860,1531,5696,0.016691,0.983309,0.01965,0.98035
déclarer,1750-1760,1760-1770,0.735826,0.264174,1490,1352,5704,0.008392,0.991608,0.01636,0.98364
audience,1720-1730,1789-1802,0.735651,0.264349,303,538,5690,0.012693,0.987307,0.018034,0.981966
pluie,1730-1740,1780-1789,0.735614,0.264386,339,1984,5682,0.015365,0.984635,0.017082,0.982918
appui,1710-1720,1780-1789,0.735611,0.264389,171,1224,5706,0.013851,0.986149,0.019741,0.980259
tristes,1750-1760,1789-1802,0.735546,0.264454,641,1163,5698,0.017917,0.982083,0.017634,0.982366
conformer,1730-1740,1780-1789,0.735489,0.264511,542,1086,5695,0.05908,0.94092,0.028866,0.971134
can,1700-1710,1730-1740,0.735486,0.264514,592,700,5701,0.029656,0.970344,0.066647,0.933353
clefs,1730-1740,1770-1780,0.735314,0.264686,272,409,5676,0.009039,0.990961,0.018537,0.981463
penchant,1710-1720,1789-1802,0.735189,0.264811,359,1322,5697,0.01721,0.98279,0.020422,0.979578
montre,1740-1750,1750-1760,0.735134,0.264866,1327,2065,5715,0.017324,0.982676,0.016162,0.983838
porter,1700-1710,1710-1720,0.73494,0.26506,2789,3818,5715,0.014288,0.985712,0.018809,0.981191
reprocher,1710-1720,1740-1750,0.734933,0.265067,281,679,5704,0.020308,0.979692,0.018637,0.981363
polir,1700-1710,1740-1750,0.734929,0.265071,372,164,5679,0.016751,0.983249,0.048516,0.951484
coins,1780-1789,1789-1802,0.734842,0.265158,678,754,5687,0.012428,0.987572,0.015867,0.984133
maintenant,1700-1710,1710-1720,0.734751,0.265249,1402,1500,5711,0.01176,0.98824,0.016952,0.983048
retourne,1700-1710,1760-1770,0.734687,0.265313,213,792,5695,0.021178,0.978822,0.020348,0.979652
abandonne,1700-1710,1720-1730,0.734334,0.265666,140,213,5701,0.011597,0.988403,0.017743,0.982257
combattu,1710-1720,1740-1750,0.734316,0.265684,84,236,5681,0.013322,0.986678,0.018873,0.981127
visible,1700-1710,1789-1802,0.734027,0.265973,154,730,5696,0.020314,0.979686,0.02659,0.97341
hardi,1760-1770,1770-1780,0.734011,0.265989,633,1008,5698,0.012319,0.987681,0.011686,0.988314
nus,1720-1730,1760-1770,0.733993,0.266007,337,549,5693,0.005767,0.994233,0.015943,0.984057
turc,1710-1720,1789-1802,0.733558,0.266442,147,718,5675,0.017658,0.982342,0.020693,0.979307
finance,1720-1730,1770-1780,0.733491,0.266509,919,1837,5691,0.024576,0.975424,0.032023,0.967977
maxime,1700-1710,1750-1760,0.733365,0.266635,834,1580,5710,0.018356,0.981644,0.031285,0.968715
comm,1740-1750,1789-1802,0.733346,0.266654,263,914,5673,0.011741,0.988259,0.037467,0.962533
may,1730-1740,1789-1802,0.733324,0.266676,2162,1225,5701,0.124317,0.875683,0.17144,0.82856
xxv,1700-1710,1780-1789,0.733007,0.266993,232,1004,5689,0.017814,0.982186,0.06436,0.93564
pare,1700-1710,1780-1789,0.732764,0.267236,191,743,5682,0.01769,0.98231,0.032167,0.967833
madrid,1730-1740,1760-1770,0.732663,0.267337,544,1468,5685,0.017789,0.982211,0.032399,0.967601
oeil,1740-1750,1770-1780,0.732466,0.267534,516,1519,5708,0.012455,0.987545,0.022777,0.977223
acte,1710-1720,1789-1802,0.732437,0.267563,1486,5498,5712,0.027466,0.972534,0.031549,0.968451
lement,1730-1740,1780-1789,0.732358,0.267642,559,2325,5686,0.017215,0.982785,0.035693,0.964307
pardon,1700-1710,1780-1789,0.73232,0.26768,375,1931,5698,0.012161,0.987839,0.019786,0.980214
compose,1700-1710,1710-1720,0.732212,0.267788,162,145,5695,0.009108,0.990892,0.017184,0.982816
modeste,1730-1740,1750-1760,0.731599,0.268401,383,433,5695,0.006787,0.993213,0.01165,0.98835
arrivée,1730-1740,1740-1750,0.731513,0.268487,1566,2288,5711,0.012251,0.987749,0.01839,0.98161
jacob,1740-1750,1750-1760,0.731502,0.268498,224,734,5664,0.016937,0.983063,0.034892,0.965108
sauveur,1730-1740,1770-1780,0.731169,0.268831,692,852,5675,0.038161,0.961839,0.104173,0.895827
parc,1700-1710,1730-1740,0.731075,0.268925,294,431,5693,0.007469,0.992531,0.024059,0.975941
agir,1740-1750,1770-1780,0.730945,0.269055,1287,2778,5709,0.00999,0.99001,0.012507,0.987493
lan,1710-1720,1760-1770,0.730903,0.269097,450,978,5692,0.012107,0.987893,0.029419,0.970581
dons,1780-1789,1789-1802,0.730889,0.269111,2511,2283,5705,0.005013,0.994987,0.011659,0.988341
consolation,1710-1720,1760-1770,0.730854,0.269146,178,475,5672,0.019041,0.980959,0.01562,0.98438
rapidité,1750-1760,1770-1780,0.730311,0.269689,424,1161,5702,0.017615,0.982385,0.018477,0.981523
avoi,1710-1720,1770-1780,0.730208,0.269792,127,442,5669,0.012403,0.987597,0.029215,0.970785
espérances,1760-1770,1770-1780,0.73009,0.26991,1088,1655,5693,0.01332,0.98668,0.015094,0.984906
vins,1720-1730,1730-1740,0.730077,0.269923,1059,2191,5695,0.015999,0.984001,0.028211,0.971789
périls,1740-1750,1789-1802,0.72999,0.27001,464,822,5679,0.021735,0.978265,0.016837,0.983163
goutte,1720-1730,1789-1802,0.729945,0.270055,142,711,5687,0.026199,0.973801,0.030594,0.969406
canal,1750-1760,1760-1770,0.729672,0.270328,1227,2784,5689,0.015093,0.984907,0.01618,0.98382
rou,1710-1720,1750-1760,0.729618,0.270382,179,389,5668,0.00588,0.99412,0.021124,0.978876
rite,1700-1710,1730-1740,0.729612,0.270388,335,385,5688,0.014464,0.985536,0.046744,0.953256
tome,1710-1720,1730-1740,0.729594,0.270406,1888,3092,5723,0.007761,0.992239,0.030218,0.969782
poison,1770-1780,1780-1789,0.729493,0.270507,1753,1662,5701,0.005816,0.994184,0.012824,0.987176
comparaison,1740-1750,1750-1760,0.72937,0.27063,952,1787,5713,0.009803,0.990197,0.01854,0.98146
for,1720-1730,1760-1770,0.729114,0.270886,4918,4946,5721,0.047599,0.952401,0.052548,0.947452
communs,1710-1720,1760-1770,0.72906,0.27094,601,2651,5713,0.015619,0.984381,0.030756,0.969244
baptiste,1710-1720,1789-1802,0.728886,0.271114,429,983,5646,0.033956,0.966044,0.044055,0.955945
adorer,1760-1770,1780-1789,0.728882,0.271118,349,480,5678,0.008857,0.991143,0.013296,0.986704
rechercher,1720-1730,1780-1789,0.728747,0.271253,279,1074,5706,0.010173,0.989827,0.017568,0.982432
ames,1700-1710,1720-1730,0.728563,0.271437,542,977,5702,0.018288,0.981712,0.022341,0.977659
fant,1710-1720,1780-1789,0.728562,0.271438,438,2067,5688,0.019635,0.980365,0.016397,0.983603
états,1710-1720,1740-1750,0.72824,0.27176,1019,1228,5706,0.016507,0.983493,0.028665,0.971335
dor,1710-1720,1750-1760,0.727989,0.272011,266,220,5668,0.010419,0.989581,0.065942,0.934058
abattre,1700-1710,1720-1730,0.72749,0.27251,67,113,5681,0.024602,0.975398,0.022887,0.977113
bruxelles,1710-1720,1730-1740,0.727445,0.272555,89,1487,5668,0.019245,0.980755,0.023258,0.976742
fen,1720-1730,1770-1780,0.72725,0.27275,468,1049,5662,0.023076,0.976924,0.037237,0.962763
étendre,1770-1780,1789-1802,0.727213,0.272787,1506,1117,5710,0.009994,0.990006,0.014605,0.985395
connoissances,1710-1720,1789-1802,0.72715,0.27285,388,3695,5706,0.054555,0.945445,0.027204,0.972796
tei,1730-1740,1789-1802,0.726978,0.273022,256,379,5629,0.018527,0.981473,0.06273,0.93727
payera,1700-1710,1780-1789,0.726907,0.273093,1526,459,5658,0.077608,0.922392,0.085843,0.914157
nombreuse,1710-1720,1720-1730,0.726896,0.273104,200,240,5691,0.015849,0.984151,0.020707,0.979293
revers,1730-1740,1789-1802,0.726761,0.273239,2697,1724,5696,0.054421,0.945579,0.103873,0.896127
vement,1730-1740,1789-1802,0.726626,0.273374,1690,7265,5687,0.019071,0.980929,0.04866,0.95134
exécuté,1750-1760,1770-1780,0.726347,0.273653,1090,1497,5698,0.016846,0.983154,0.022016,0.977984
fuit,1700-1710,1760-1770,0.726316,0.273684,8277,4347,5714,0.060271,0.939729,0.176449,0.823551
julien,1720-1730,1740-1750,0.726198,0.273802,351,430,5677,0.018483,0.981517,0.042714,0.957286
ministere,1700-1710,1789-1802,0.726042,0.273958,155,1029,5667,0.02584,0.97416,0.041056,0.958944
gain,1730-1740,1740-1750,0.725943,0.274057,549,614,5702,0.012666,0.987334,0.015171,0.984829
terrain,1700-1710,1710-1720,0.725895,0.274105,320,487,5688,0.011073,0.988927,0.015835,0.984165
égale,1710-1720,1760-1770,0.72557,0.27443,527,3996,5712,0.024118,0.975882,0.021134,0.978866
confirmer,1720-1730,1740-1750,0.725162,0.274838,348,588,5700,0.011944,0.988056,0.017204,0.982796
vivoit,1700-1710,1710-1720,0.724988,0.275012,314,280,5694,0.015607,0.984393,0.018306,0.981694
différente,1740-1750,1750-1760,0.724939,0.275061,881,1203,5706,0.013584,0.986416,0.018721,0.981279
ches,1710-1720,1770-1780,0.724738,0.275262,292,1188,5675,0.010946,0.989054,0.025518,0.974482
hôpital,1710-1720,1730-1740,0.724578,0.275422,137,60,5686,0.016099,0.983901,0.032801,0.967199
régler,1740-1750,1760-1770,0.724492,0.275508,675,1606,5691,0.012114,0.987886,0.013161,0.986839
exploits,1720-1730,1730-1740,0.724464,0.275536,668,886,5694,0.020958,0.979042,0.026409,0.973591
lions,1710-1720,1789-1802,0.724355,0.275645,259,1249,5692,0.038267,0.961733,0.039586,0.960414
sommet,1760-1770,1770-1780,0.724324,0.275676,920,1672,5681,0.019849,0.980151,0.022502,0.977498
teur,1720-1730,1789-1802,0.724309,0.275691,657,2057,5692,0.013851,0.986149,0.041635,0.958365
loir,1710-1720,1760-1770,0.724275,0.275725,210,665,5680,0.013394,0.986606,0.030367,0.969633
xxiii,1710-1720,1780-1789,0.724238,0.275762,224,1013,5691,0.018061,0.981939,0.052264,0.947736
iii,1720-1730,1750-1760,0.724217,0.275783,10510,12764,5723,0.023029,0.976971,0.033951,0.966049
page,1710-1720,1760-1770,0.724205,0.275795,1701,7647,5720,0.017678,0.982322,0.037457,0.962543
ren,1710-1720,1789-1802,0.724082,0.275918,753,3317,5704,0.007534,0.992466,0.01506,0.98494
bie,1710-1720,1780-1789,0.723991,0.276009,115,1579,5666,0.042731,0.957269,0.140356,0.859644
naissance,1710-1720,1740-1750,0.723985,0.276015,1325,2034,5715,0.018266,0.981734,0.016965,0.983035
observation,1710-1720,1770-1780,0.723803,0.276197,314,2174,5712,0.02077,0.97923,0.025608,0.974392
causer,1750-1760,1789-1802,0.723446,0.276554,893,1203,5698,0.061017,0.938983,0.03292,0.96708
ancienne,1750-1760,1760-1770,0.723181,0.276819,1882,2238,5715,0.010705,0.989295,0.015044,0.984956
repentir,1730-1740,1750-1760,0.72317,0.27683,575,725,5700,0.027615,0.972385,0.013443,0.986557
grosseur,1770-1780,1780-1789,0.723146,0.276854,1986,1433,5669,0.029173,0.970827,0.023099,0.976901
choix,1730-1740,1740-1750,0.723123,0.276877,2450,2284,5715,0.009538,0.990462,0.014609,0.985391
quiconque,1710-1720,1720-1730,0.722831,0.277169,412,434,5700,0.007883,0.992117,0.02866,0.97134
cam,1740-1750,1770-1780,0.722686,0.277314,354,598,5671,0.004656,0.995344,0.018532,0.981468
gardé,1710-1720,1770-1780,0.722502,0.277498,438,931,5706,0.012428,0.987572,0.020043,0.979957
postes,1740-1750,1750-1760,0.722492,0.277508,301,321,5676,0.008085,0.991915,0.020207,0.979793
mcme,1720-1730,1750-1760,0.722287,0.277713,324,308,5655,0.01663,0.98337,0.067271,0.932729
lor,1710-1720,1740-1750,0.722277,0.277723,181,438,5686,0.016784,0.983216,0.028844,0.971156
com,1710-1720,1789-1802,0.722185,0.277815,3346,12685,5716,0.008276,0.991724,0.024739,0.975261
ain,1720-1730,1730-1740,0.72216,0.27784,421,460,5696,0.0086,0.9914,0.019637,0.980363
cercles,1770-1780,1780-1789,0.72215,0.27785,1035,1091,5673,0.007474,0.992526,0.014204,0.985796
gages,1740-1750,1789-1802,0.722123,0.277877,720,1777,5692,0.015652,0.984348,0.015526,0.984474
velle,1720-1730,1780-1789,0.721959,0.278041,177,866,5672,0.026942,0.973058,0.058522,0.941478
quer,1710-1720,1720-1730,0.721738,0.278262,260,353,5678,0.010457,0.989543,0.012975,0.987025
xix,1710-1720,1730-1740,0.721706,0.278294,397,801,5699,0.02087,0.97913,0.043097,0.956903
net,1740-1750,1750-1760,0.721504,0.278496,509,1868,5703,0.015169,0.984831,0.042059,0.957941
nor,1730-1740,1789-1802,0.72136,0.27864,546,1065,5690,0.022872,0.977128,0.059787,0.940213
plut,1730-1740,1780-1789,0.72133,0.27867,852,2100,5691,0.017012,0.982988,0.036719,0.963281
permettre,1740-1750,1750-1760,0.721315,0.278685,1146,1409,5711,0.015363,0.984637,0.018411,0.981589
ladite,1740-1750,1789-1802,0.721243,0.278757,6828,3416,5682,0.053269,0.946731,0.037354,0.962646
abord,1710-1720,1789-1802,0.721182,0.278818,102,1107,5718,0.024486,0.975514,0.035681,0.964319
mois,1700-1710,1710-1720,0.721093,0.278907,9915,11683,5717,0.043235,0.956765,0.071459,0.928541
sensiblement,1700-1710,1780-1789,0.720973,0.279027,91,803,5680,0.029294,0.970706,0.042015,0.957985
mariage,1710-1720,1730-1740,0.720967,0.279033,2498,4026,5711,0.012478,0.987522,0.018211,0.981789
répugnance,1760-1770,1789-1802,0.720753,0.279247,676,854,5684,0.036661,0.963339,0.017464,0.982536
représente,1710-1720,1760-1770,0.720634,0.279366,372,3369,5711,0.016932,0.983068,0.025135,0.974865
leu,1720-1730,1760-1770,0.720614,0.279386,388,455,5684,0.014325,0.985675,0.020252,0.979748
capable,1710-1720,1770-1780,0.720566,0.279434,1560,5286,5712,0.016621,0.983379,0.025695,0.974305
duchesse,1710-1720,1780-1789,0.720471,0.279529,2647,1644,5666,0.130218,0.869782,0.061818,0.938182
confond,1700-1710,1720-1730,0.720266,0.279734,96,143,5679,0.007579,0.992421,0.016002,0.983998
royale,1710-1720,1789-1802,0.720239,0.279761,1620,6498,5711,0.029237,0.970763,0.042846,0.957154
rap,1700-1710,1780-1789,0.720237,0.279763,185,1725,5688,0.006067,0.993933,0.020882,0.979118
nies,1710-1720,1750-1760,0.720236,0.279764,161,409,5679,0.00952,0.99048,0.030575,0.969425
inclination,1710-1720,1760-1770,0.719902,0.280098,277,594,5694,0.019991,0.980009,0.017744,0.982256
vraies,1700-1710,1770-1780,0.719863,0.280137,103,1590,5697,0.064014,0.935986,0.055164,0.944836
volume,1730-1740,1760-1770,0.719668,0.280332,1091,3802,5716,0.011198,0.988802,0.025714,0.974286
mine,1700-1710,1770-1780,0.719498,0.280502,560,5893,5710,0.053985,0.946015,0.070114,0.929886
four,1700-1710,1740-1750,0.719487,0.280513,945,1355,5714,0.013295,0.986705,0.027825,0.972175
féconde,1780-1789,1789-1802,0.719433,0.280567,1810,1232,5699,0.015247,0.984753,0.010939,0.989061
bons,1700-1710,1730-1740,0.719429,0.280571,1953,2695,5716,0.016954,0.983046,0.022455,0.977545
menacé,1780-1789,1789-1802,0.719241,0.280759,555,740,5684,0.007444,0.992556,0.014114,0.985886
acquiert,1730-1740,1780-1789,0.719117,0.280883,181,888,5680,0.011682,0.988318,0.018846,0.981154
humide,1740-1750,1770-1780,0.718966,0.281034,279,1530,5671,0.018082,0.981918,0.01832,0.98168
tan,1720-1730,1770-1780,0.718917,0.281083,373,1092,5690,0.008863,0.991137,0.023406,0.976594
raisonnables,1730-1740,1750-1760,0.718911,0.281089,298,674,5690,0.012917,0.987083,0.023862,0.976138
mée,1710-1720,1789-1802,0.718692,0.281308,152,706,5662,0.015472,0.984528,0.040383,0.959617
deur,1710-1720,1750-1760,0.718672,0.281328,201,607,5680,0.008682,0.991318,0.033966,0.966034
restes,1700-1710,1720-1730,0.718582,0.281418,147,308,5695,0.029886,0.970114,0.019337,0.980663
georges,1700-1710,1789-1802,0.718533,0.281467,125,859,5624,0.019429,0.980571,0.034431,0.965569
véritables,1720-1730,1789-1802,0.718303,0.281697,398,2022,5705,0.01713,0.98287,0.024182,0.975818
cete,1710-1720,1750-1760,0.718286,0.281714,205,155,5627,0.019844,0.980156,0.018991,0.981009
intelligence,1770-1780,1780-1789,0.718269,0.281731,1673,1715,5715,0.008522,0.991478,0.012153,0.987847
tantôt,1710-1720,1760-1770,0.718267,0.281733,1106,3891,5710,0.017938,0.982062,0.022331,0.977669
caution,1720-1730,1789-1802,0.718125,0.281875,268,1054,5689,0.008132,0.991868,0.015165,0.984835
desirer,1710-1720,1730-1740,0.718056,0.281944,139,266,5684,0.02982,0.97018,0.019957,0.980043
glace,1750-1760,1770-1780,0.717834,0.282166,459,1387,5691,0.008384,0.991616,0.015473,0.984527
roy,1700-1710,1789-1802,0.717579,0.282421,10117,925,5698,0.043146,0.956854,0.050939,0.949061
payable,1730-1740,1789-1802,0.717329,0.282671,219,612,5485,0.032582,0.967418,0.035855,0.964145
introduire,1720-1730,1740-1750,0.717181,0.282819,263,346,5701,0.008068,0.991932,0.015598,0.984402
dixième,1730-1740,1760-1770,0.716851,0.283149,295,950,5693,0.021079,0.978921,0.024422,0.975578
ise,1710-1720,1740-1750,0.716843,0.283157,149,420,5639,0.024606,0.975394,0.054465,0.945535
absence,1760-1770,1789-1802,0.716733,0.283267,585,1047,5701,0.015707,0.984293,0.016542,0.983458
dispose,1700-1710,1710-1720,0.716701,0.283299,178,180,5707,0.007646,0.992354,0.014659,0.985341
hercule,1710-1720,1780-1789,0.716674,0.283326,822,2359,5695,0.018284,0.981716,0.027262,0.972738
heur,1720-1730,1780-1789,0.716399,0.283601,213,1166,5683,0.022088,0.977912,0.025998,0.974002
risque,1710-1720,1720-1730,0.715866,0.284134,523,493,5700,0.020478,0.979522,0.024439,0.975561
curieux,1720-1730,1770-1780,0.715845,0.284155,734,2906,5701,0.007658,0.992342,0.014052,0.985948
cun,1710-1720,1740-1750,0.715759,0.284241,543,702,5680,0.018223,0.981777,0.042372,0.957628
tourner,1740-1750,1760-1770,0.715587,0.284413,1360,2335,5708,0.019901,0.980099,0.015153,0.984847
chine,1740-1750,1760-1770,0.715378,0.284622,4169,2151,5693,0.01797,0.98203,0.034445,0.965555
dres,1710-1720,1780-1789,0.715284,0.284716,203,1034,5673,0.014216,0.985784,0.03534,0.96466
fontaine,1710-1720,1720-1730,0.715183,0.284817,572,633,5700,0.009223,0.990777,0.01575,0.98425
nel,1720-1730,1780-1789,0.715142,0.284858,396,614,5655,0.013316,0.986684,0.037146,0.962854
portugal,1740-1750,1750-1760,0.714592,0.285408,1641,1629,5688,0.042757,0.957243,0.022735,0.977265
ele,1700-1710,1740-1750,0.71449,0.28551,359,562,5678,0.020501,0.979499,0.035919,0.964081
tend,1700-1710,1750-1760,0.714459,0.285541,291,1025,5709,0.016088,0.983912,0.030186,0.969814
favorables,1710-1720,1780-1789,0.714437,0.285563,370,1508,5699,0.017377,0.982623,0.020263,0.979737
attente,1770-1780,1789-1802,0.713928,0.286072,605,653,5703,0.007789,0.992211,0.013229,0.986771
avan,1700-1710,1720-1730,0.713732,0.286268,175,252,5681,0.009297,0.990703,0.034797,0.965203
aug,1720-1730,1730-1740,0.713521,0.286479,436,468,5682,0.011543,0.988457,0.014847,0.985153
sep,1700-1710,1789-1802,0.713361,0.286639,199,597,5665,0.043233,0.956767,0.083729,0.916271
haye,1720-1730,1760-1770,0.713262,0.286738,387,522,5672,0.020761,0.979239,0.03446,0.96554
corne,1710-1720,1750-1760,0.713203,0.286797,608,479,5688,0.012001,0.987999,0.031654,0.968346
maire,1740-1750,1789-1802,0.71286,0.28714,622,2356,5677,0.032964,0.967036,0.038893,0.961107
denier,1720-1730,1770-1780,0.712829,0.287171,1138,1699,5682,0.055545,0.944455,0.039636,0.960364
conversion,1740-1750,1789-1802,0.712702,0.287298,471,968,5683,0.026438,0.973562,0.07461,0.92539
prose,1750-1760,1789-1802,0.712663,0.287337,1303,947,5698,0.018965,0.981035,0.02444,0.97556
tonneau,1740-1750,1780-1789,0.712631,0.287369,303,1163,5667,0.02736,0.97264,0.018431,0.981569
maréchal,1710-1720,1750-1760,0.712574,0.287426,1904,2025,5686,0.058865,0.941135,0.040944,0.959056
recevra,1710-1720,1720-1730,0.712332,0.287668,113,211,5678,0.012113,0.987887,0.028138,0.971862
pui,1710-1720,1789-1802,0.712139,0.287861,268,873,5685,0.015398,0.984602,0.019928,0.980072
adieu,1720-1730,1789-1802,0.712082,0.287918,802,3104,5686,0.010007,0.989993,0.027504,0.972496
ron,1710-1720,1740-1750,0.71205,0.28795,311,709,5684,0.0102,0.9898,0.028405,0.971595
col,1710-1720,1750-1760,0.711957,0.288043,789,1353,5703,0.007121,0.992879,0.031112,0.968888
tranquille,1770-1780,1789-1802,0.711791,0.288209,2565,2806,5707,0.007963,0.992037,0.012067,0.987933
antoine,1730-1740,1760-1770,0.711749,0.288251,1821,1933,5702,0.017286,0.982714,0.028909,0.971091
taxe,1720-1730,1760-1770,0.711669,0.288331,655,2262,5677,0.017206,0.982794,0.026626,0.973374
note,1700-1710,1750-1760,0.711561,0.288439,211,2027,5717,0.05631,0.94369,0.085182,0.914818
annales,1700-1710,1789-1802,0.711531,0.288469,69,1046,5678,0.033621,0.966379,0.03978,0.96022
quis,1700-1710,1780-1789,0.711422,0.288578,403,1312,5692,0.018642,0.981358,0.050174,0.949826
sublime,1710-1720,1730-1740,0.711276,0.288724,312,1160,5704,0.010342,0.989658,0.019738,0.980262
visites,1720-1730,1750-1760,0.711235,0.288765,176,649,5661,0.009248,0.990752,0.022699,0.977301
choisir,1730-1740,1750-1760,0.711226,0.288774,1060,1533,5710,0.011328,0.988672,0.016361,0.983639
exemplaire,1710-1720,1789-1802,0.711223,0.288777,179,664,5678,0.074164,0.925836,0.108365,0.891635
méritent,1710-1720,1789-1802,0.711156,0.288844,150,1302,5703,0.018425,0.981575,0.022798,0.977202
franc,1720-1730,1740-1750,0.711149,0.288851,1137,1029,5704,0.015822,0.984178,0.053756,0.946244
examen,1760-1770,1789-1802,0.711146,0.288854,1941,2339,5713,0.011331,0.988669,0.019746,0.980254
compagnies,1710-1720,1750-1760,0.710942,0.289058,552,902,5683,0.011941,0.988059,0.019424,0.980576
xxiv,1710-1720,1730-1740,0.71082,0.28918,224,493,5698,0.016998,0.983002,0.058249,0.941751
demande,1700-1710,1710-1720,0.710582,0.289418,2870,3722,5717,0.009533,0.990467,0.01599,0.98401
patience,1740-1750,1750-1760,0.710423,0.289577,866,1316,5706,0.014451,0.985549,0.016846,0.983154
alle,1700-1710,1789-1802,0.71041,0.28959,164,521,5662,0.008896,0.991104,0.025104,0.974896
variété,1750-1760,1770-1780,0.710273,0.289727,839,1948,5705,0.017675,0.982325,0.016187,0.983813
engage,1740-1750,1770-1780,0.710188,0.289812,355,782,5705,0.013074,0.986926,0.015952,0.984048
conversation,1700-1710,1760-1770,0.710036,0.289964,517,1467,5705,0.00968,0.99032,0.01869,0.98131
position,1700-1710,1789-1802,0.709843,0.290157,194,5636,5704,0.043977,0.956023,0.075016,0.924984
tombé,1710-1720,1730-1740,0.709675,0.290325,402,567,5699,0.011123,0.988877,0.016608,0.983392
dra,1730-1740,1789-1802,0.709572,0.290428,308,703,5669,0.01077,0.98923,0.020952,0.979048
chancelier,1710-1720,1750-1760,0.709542,0.290458,1112,1035,5692,0.103484,0.896516,0.034854,0.965146
monseigneur,1700-1710,1789-1802,0.70919,0.29081,2101,1780,5690,0.067638,0.932362,0.051618,0.948382
ressorts,1740-1750,1789-1802,0.709083,0.290917,350,1376,5691,0.020681,0.979319,0.021711,0.978289
relevé,1700-1710,1780-1789,0.708933,0.291067,201,943,5700,0.01598,0.98402,0.024789,0.975211
cel,1710-1720,1740-1750,0.708846,0.291154,401,706,5684,0.015226,0.984774,0.021807,0.978193
eff,1700-1710,1760-1770,0.708806,0.291194,335,253,5658,0.045378,0.954622,0.102964,0.897036
distingue,1720-1730,1760-1770,0.708768,0.291232,329,1632,5709,0.015096,0.984904,0.025475,0.974525
funeste,1750-1760,1770-1780,0.708545,0.291455,1416,2991,5700,0.01207,0.98793,0.014152,0.985848
édifice,1780-1789,1789-1802,0.708457,0.291543,966,895,5695,0.009273,0.990727,0.013058,0.986942
méthode,1720-1730,1730-1740,0.708356,0.291644,963,1218,5709,0.015486,0.984514,0.027756,0.972244
sauvages,1750-1760,1770-1780,0.708337,0.291663,1743,3713,5700,0.011987,0.988013,0.018254,0.981746
venir,1700-1710,1730-1740,0.708155,0.291845,3678,6269,5716,0.014433,0.985567,0.020078,0.979922
ves,1720-1730,1770-1780,0.708088,0.291912,277,920,5683,0.01054,0.98946,0.018413,0.981587
pat,1700-1710,1770-1780,0.707961,0.292039,653,1153,5693,0.012041,0.987959,0.028873,0.971127
tendrement,1740-1750,1760-1770,0.707883,0.292117,535,619,5688,0.025551,0.974449,0.018167,0.981833
life,1700-1710,1780-1789,0.707843,0.292157,367,963,5680,0.046163,0.953837,0.070175,0.929825
apercevoir,1720-1730,1770-1780,0.707813,0.292187,82,212,5616,0.016398,0.983602,0.018178,0.981822
robert,1720-1730,1789-1802,0.707622,0.292378,1339,2245,5690,0.050519,0.949481,0.031343,0.968657
eri,1780-1789,1789-1802,0.707613,0.292387,728,708,5679,0.008731,0.991269,0.026795,0.973205
rempli,1700-1710,1750-1760,0.707611,0.292389,799,1918,5713,0.011709,0.988291,0.024498,0.975502
berger,1760-1770,1770-1780,0.707493,0.292507,742,1072,5687,0.006406,0.993594,0.011627,0.988373
contes,1700-1710,1740-1750,0.707274,0.292726,435,328,5689,0.014491,0.985509,0.034135,0.965865
sit,1740-1750,1750-1760,0.707234,0.292766,265,847,5681,0.021292,0.978708,0.027419,0.972581
imposer,1740-1750,1750-1760,0.707099,0.292901,465,758,5694,0.010288,0.989712,0.01938,0.98062
ange,1730-1740,1750-1760,0.707028,0.292972,398,770,5695,0.008537,0.991463,0.017096,0.982904
discours,1710-1720,1720-1730,0.706971,0.293029,3424,2580,5716,0.008693,0.991307,0.019688,0.980312
souveraine,1730-1740,1740-1750,0.706914,0.293086,635,706,5694,0.023741,0.976259,0.019102,0.980898
débit,1720-1730,1789-1802,0.706879,0.293121,487,813,5677,0.015957,0.984043,0.022306,0.977694
rir,1700-1710,1760-1770,0.706803,0.293197,322,788,5681,0.014034,0.985966,0.040143,0.959857
tendre,1730-1740,1750-1760,0.706733,0.293267,2851,4181,5714,0.010526,0.989474,0.014031,0.985969
fiction,1700-1710,1789-1802,0.706656,0.293344,148,744,5692,0.015625,0.984375,0.034862,0.965138
qua,1750-1760,1770-1780,0.706596,0.293404,2069,3889,5706,0.016816,0.983184,0.017289,0.982711
changes,1740-1750,1780-1789,0.706467,0.293533,322,728,5498,0.021086,0.978914,0.03331,0.96669
sis,1720-1730,1780-1789,0.70633,0.29367,259,530,5670,0.014028,0.985972,0.027414,0.972586
nons,1700-1710,1730-1740,0.70624,0.29376,297,382,5671,0.00713,0.99287,0.029995,0.970005
mobile,1740-1750,1750-1760,0.706143,0.293857,290,334,5669,0.011052,0.988948,0.020204,0.979796
caisse,1740-1750,1760-1770,0.706036,0.293964,195,1594,5678,0.015522,0.984478,0.020925,0.979075
empire,1730-1740,1750-1760,0.705763,0.294237,1752,2217,5716,0.018892,0.981108,0.021106,0.978894
troublé,1750-1760,1770-1780,0.705753,0.294247,351,760,5682,0.011696,0.988304,0.013449,0.986551
poussé,1700-1710,1740-1750,0.7057,0.2943,298,472,5700,0.022445,0.977555,0.023495,0.976505
meubles,1740-1750,1789-1802,0.70568,0.29432,1500,1839,5697,0.010206,0.989794,0.019454,0.980546
sente,1700-1710,1720-1730,0.705434,0.294566,284,221,5697,0.02237,0.97763,0.042164,0.957836
trahir,1750-1760,1780-1789,0.705299,0.294701,408,810,5685,0.019588,0.980412,0.014096,0.985904
pay,1700-1710,1740-1750,0.705211,0.294789,650,203,5695,0.036492,0.963508,0.065634,0.934366
suiv,1700-1710,1710-1720,0.705125,0.294875,277,375,5684,0.017962,0.982038,0.083366,0.916634
deviendra,1700-1710,1720-1730,0.705035,0.294965,97,198,5698,0.016354,0.983646,0.02001,0.97999
ennemi,1720-1730,1750-1760,0.704976,0.295024,1375,2421,5714,0.026091,0.973909,0.022764,0.977236
causes,1760-1770,1789-1802,0.704975,0.295025,4584,6232,5714,0.010397,0.989603,0.021806,0.978194
orient,1720-1730,1789-1802,0.704903,0.295097,216,474,5696,0.031273,0.968727,0.032199,0.967801
amans,1700-1710,1789-1802,0.704884,0.295116,282,900,5687,0.012797,0.987203,0.022237,0.977763
attache,1700-1710,1730-1740,0.704832,0.295168,218,364,5710,0.011532,0.988468,0.017631,0.982369
obscur,1700-1710,1780-1789,0.704734,0.295266,277,1362,5698,0.010631,0.989369,0.022179,0.977821
rations,1720-1730,1760-1770,0.704712,0.295288,408,1128,5669,0.010379,0.989621,0.040259,0.959741
cou,1730-1740,1789-1802,0.704615,0.295385,1711,5085,5712,0.006005,0.993995,0.016698,0.983302
pair,1720-1730,1760-1770,0.704405,0.295595,1019,1583,5702,0.038942,0.961058,0.055178,0.944822
décision,1740-1750,1750-1760,0.704124,0.295876,696,953,5695,0.016995,0.983005,0.021431,0.978569
cor,1710-1720,1750-1760,0.703662,0.296338,869,1149,5711,0.006663,0.993337,0.018592,0.981408
dan,1750-1760,1780-1789,0.70341,0.29659,1419,3118,5704,0.012115,0.987885,0.017218,0.982782
ibid,1700-1710,1730-1740,0.703407,0.296593,1045,6091,5701,0.02636,0.97364,0.065132,0.934868
nuire,1760-1770,1789-1802,0.70335,0.29665,1604,2004,5702,0.02693,0.97307,0.016728,0.983272
apprendre,1700-1710,1710-1720,0.703277,0.296723,845,635,5709,0.010237,0.989763,0.017155,0.982845
ides,1730-1740,1789-1802,0.703267,0.296733,295,708,5681,0.01849,0.98151,0.045464,0.954536
vigueur,1730-1740,1789-1802,0.70322,0.29678,941,2208,5700,0.021247,0.978753,0.018172,0.981828
las,1730-1740,1760-1770,0.70302,0.29698,701,2084,5712,0.054405,0.945595,0.055278,0.944722
rer,1730-1740,1789-1802,0.702868,0.297132,917,2060,5694,0.015261,0.984739,0.031184,0.968816
enfant,1700-1710,1730-1740,0.70276,0.29724,2349,1801,5713,0.019918,0.980082,0.032303,0.967697
examine,1700-1710,1760-1770,0.702678,0.297322,194,758,5709,0.025908,0.974092,0.020933,0.979067
fameux,1730-1740,1789-1802,0.702621,0.297379,1459,2658,5707,0.009683,0.990317,0.018516,0.981484
man,1700-1710,1740-1750,0.702434,0.297566,1356,1379,5713,0.020952,0.979048,0.059993,0.940007
eii,1720-1730,1789-1802,0.702094,0.297906,441,1473,5686,0.011855,0.988145,0.044316,0.955684
travaille,1720-1730,1750-1760,0.701935,0.298065,410,847,5700,0.010024,0.989976,0.017517,0.982483
vision,1740-1750,1750-1760,0.701903,0.298097,368,328,5679,0.005009,0.994991,0.010737,0.989263
henry,1730-1740,1780-1789,0.701842,0.298158,571,1910,5684,0.018468,0.981532,0.048341,0.951659
ble,1720-1730,1789-1802,0.701624,0.298376,1442,3186,5705,0.01313,0.98687,0.025384,0.974616
presser,1740-1750,1760-1770,0.701495,0.298505,407,461,5673,0.026128,0.973872,0.017716,0.982284
danger,1710-1720,1789-1802,0.701322,0.298678,1119,6628,5714,0.014896,0.985104,0.019137,0.980863
aveugles,1710-1720,1780-1789,0.701282,0.298718,89,625,5669,0.012566,0.987434,0.015071,0.984929
lune,1720-1730,1760-1770,0.701078,0.298922,854,1997,5697,0.036678,0.963322,0.032427,0.967573
détermine,1730-1740,1760-1770,0.700801,0.299199,312,971,5696,0.017384,0.982616,0.018111,0.981889
ruiné,1720-1730,1789-1802,0.700629,0.299371,239,695,5686,0.011825,0.988175,0.016276,0.983724
tune,1710-1720,1780-1789,0.700607,0.299393,135,931,5685,0.016242,0.983758,0.035041,0.964959
ridicule,1710-1720,1789-1802,0.70045,0.29955,849,3368,5711,0.010263,0.989737,0.017099,0.982901
morales,1710-1720,1760-1770,0.700426,0.299574,152,541,5691,0.035984,0.964016,0.036569,0.963431
sortir,1710-1720,1720-1730,0.700249,0.299751,2273,1917,5715,0.010156,0.989844,0.018502,0.981498
messe,1730-1740,1789-1802,0.700131,0.299869,324,616,5652,0.014376,0.985624,0.023181,0.976819
corneille,1700-1710,1770-1780,0.699849,0.300151,158,1929,5690,0.011308,0.988692,0.031088,0.968912
vivans,1720-1730,1750-1760,0.699783,0.300217,306,392,5687,0.017006,0.982994,0.018166,0.981834
not,1710-1720,1770-1780,0.69976,0.30024,628,3514,5702,0.071571,0.928429,0.055236,0.944764
sil,1730-1740,1740-1750,0.699645,0.300355,144,188,5667,0.011025,0.988975,0.01763,0.98237
douzaine,1730-1740,1789-1802,0.699611,0.300389,857,1159,5674,0.053159,0.946841,0.108938,0.891062
tances,1700-1710,1780-1789,0.699589,0.300411,117,1156,5683,0.027444,0.972556,0.05688,0.94312
culte,1700-1710,1789-1802,0.699575,0.300425,412,4056,5702,0.017203,0.982797,0.018893,0.981107
certaine,1710-1720,1720-1730,0.699485,0.300515,1655,1727,5713,0.012635,0.987365,0.020748,0.979252
danse,1700-1710,1780-1789,0.699274,0.300726,79,1220,5683,0.035582,0.964418,0.024008,0.975992
data,1740-1750,1789-1802,0.699266,0.300734,2255,1465,5437,0.137148,0.862852,0.153425,0.846575
établissement,1750-1760,1760-1770,0.699077,0.300923,1054,1619,5703,0.00696,0.99304,0.012323,0.987677
pagne,1720-1730,1789-1802,0.699063,0.300937,342,751,5675,0.014539,0.985461,0.034647,0.965353
vingt,1710-1720,1789-1802,0.699012,0.300988,7251,19967,5718,0.03492,0.96508,0.049203,0.950797
vertueuse,1750-1760,1789-1802,0.698865,0.301135,355,780,5672,0.050084,0.949916,0.017709,0.982291
hon,1710-1720,1770-1780,0.698679,0.301321,256,1026,5684,0.015552,0.984448,0.018902,0.981098
pet,1700-1710,1789-1802,0.6985,0.3015,3226,746,5675,0.039115,0.960885,0.150726,0.849274
fonder,1700-1710,1770-1780,0.698271,0.301729,137,1054,5697,0.024969,0.975031,0.021141,0.978859
xxxiii,1710-1720,1780-1789,0.697671,0.302329,167,711,5684,0.009567,0.990433,0.048049,0.951951
ins,1730-1740,1789-1802,0.697559,0.302441,510,2988,5694,0.005591,0.994409,0.01917,0.98083
fui,1700-1710,1760-1770,0.697496,0.302504,1226,2021,5702,0.00962,0.99038,0.030601,0.969399
consentement,1730-1740,1789-1802,0.697443,0.302557,1088,1775,5697,0.015487,0.984513,0.02643,0.97357
fameuse,1710-1720,1789-1802,0.697422,0.302578,257,1035,5697,0.016346,0.983654,0.018184,0.981816
avantageux,1730-1740,1740-1750,0.697275,0.302725,873,1008,5704,0.012579,0.987421,0.016782,0.983218
ais,1710-1720,1730-1740,0.697267,0.302733,599,479,5700,0.008897,0.991103,0.018017,0.981983
morts,1700-1710,1780-1789,0.697213,0.302787,866,4521,5711,0.015495,0.984505,0.019632,0.980368
mens,1710-1720,1720-1730,0.697034,0.302966,750,902,5702,0.006914,0.993086,0.016896,0.983104
animal,1760-1770,1780-1789,0.697011,0.302989,2428,4045,5702,0.015168,0.984832,0.020519,0.979481
annoncer,1720-1730,1750-1760,0.697003,0.302997,128,555,5706,0.009937,0.990063,0.014217,0.985783
vivent,1760-1770,1770-1780,0.696953,0.303047,1461,2132,5697,0.014252,0.985748,0.016373,0.983627
haine,1730-1740,1740-1750,0.696909,0.303091,2390,2104,5708,0.012935,0.987065,0.014161,0.985839
lentement,1710-1720,1720-1730,0.696719,0.303281,152,159,5684,0.011481,0.988519,0.01853,0.98147
dépendent,1740-1750,1789-1802,0.696717,0.303283,577,947,5693,0.019181,0.980819,0.024849,0.975151
raisonnable,1710-1720,1789-1802,0.696622,0.303378,809,1975,5708,0.013817,0.986183,0.021177,0.978823
conduit,1700-1710,1750-1760,0.696604,0.303396,841,2540,5716,0.008032,0.991968,0.020224,0.979776
battu,1710-1720,1780-1789,0.696495,0.303505,271,1060,5689,0.010498,0.989502,0.020003,0.979997
esprits,1750-1760,1780-1789,0.696432,0.303568,3204,5153,5715,0.011132,0.988868,0.020094,0.979906
espagnol,1700-1710,1770-1780,0.696358,0.303642,231,980,5681,0.012334,0.987666,0.025852,0.974148
produits,1710-1720,1789-1802,0.696261,0.303739,102,3668,5694,0.038026,0.961974,0.06229,0.93771
formé,1740-1750,1750-1760,0.696182,0.303818,1821,2446,5714,0.009214,0.990786,0.019222,0.980778
intérieur,1710-1720,1760-1770,0.695734,0.304266,187,1660,5711,0.021064,0.978936,0.036211,0.963789
royal,1710-1720,1789-1802,0.695665,0.304335,1244,6579,5712,0.025518,0.974482,0.030774,0.969226
mor,1710-1720,1789-1802,0.695553,0.304447,288,862,5682,0.005982,0.994018,0.016196,0.983804
languedoc,1740-1750,1789-1802,0.695445,0.304555,863,1260,5679,0.021545,0.978455,0.027592,0.972408
loit,1740-1750,1770-1780,0.695023,0.304977,1058,1476,5684,0.013041,0.986959,0.028906,0.971094
vant,1710-1720,1789-1802,0.694861,0.305139,637,1766,5695,0.012713,0.987287,0.020733,0.979267
ges,1710-1720,1760-1770,0.694815,0.305185,771,1784,5694,0.007967,0.992033,0.020901,0.979099
annonce,1700-1710,1789-1802,0.69478,0.30522,69,2905,5705,0.012042,0.987958,0.026303,0.973697
brûle,1750-1760,1789-1802,0.694599,0.305401,415,719,5688,0.009703,0.990297,0.014195,0.985805
passé,1740-1750,1789-1802,0.694493,0.305507,2986,7131,5717,0.011927,0.988073,0.017858,0.982142
irrité,1740-1750,1789-1802,0.694201,0.305799,390,693,5692,0.008567,0.991433,0.015262,0.984738
core,1710-1720,1770-1780,0.693852,0.306148,469,1936,5694,0.013059,0.986941,0.03662,0.96338
guillaume,1700-1710,1720-1730,0.693785,0.306215,820,2092,5694,0.027102,0.972898,0.038562,0.961438
rares,1730-1740,1750-1760,0.69376,0.30624,598,1128,5709,0.012336,0.987664,0.018145,0.981855
préparer,1710-1720,1750-1760,0.693507,0.306493,414,890,5706,0.010178,0.989822,0.014985,0.985015
itre,1700-1710,1760-1770,0.693392,0.306608,302,382,5662,0.022484,0.977516,0.050409,0.949591
honorable,1710-1720,1740-1750,0.693345,0.306655,284,495,5700,0.014283,0.985717,0.015515,0.984485
law,1710-1720,1780-1789,0.693192,0.306808,268,430,5102,0.027028,0.972972,0.04301,0.95699
fort,1740-1750,1780-1789,0.69315,0.30685,42614,54046,5720,0.013704,0.986296,0.021467,0.978533
able,1720-1730,1780-1789,0.693027,0.306973,260,736,5689,0.019067,0.980933,0.042981,0.957019
pin,1700-1710,1789-1802,0.692842,0.307158,237,921,5684,0.012415,0.987585,0.029194,0.970806
ration,1760-1770,1770-1780,0.692787,0.307213,3130,3040,5702,0.004073,0.995927,0.012554,0.987446
jouissance,1710-1720,1720-1730,0.692568,0.307432,293,189,5689,0.019736,0.980264,0.024121,0.975879
poudre,1740-1750,1760-1770,0.692463,0.307537,1295,2618,5696,0.019043,0.980957,0.023158,0.976842
difficile,1720-1730,1760-1770,0.692397,0.307603,2105,5510,5716,0.025645,0.974355,0.022609,0.977391
courans,1700-1710,1730-1740,0.692364,0.307636,619,101,5630,0.027251,0.972749,0.073465,0.926535
sérieux,1740-1750,1780-1789,0.692325,0.307675,294,665,5686,0.009324,0.990676,0.014301,0.985699
entrée,1710-1720,1770-1780,0.692114,0.307886,553,1598,5710,0.011463,0.988537,0.018571,0.981429
écouter,1710-1720,1720-1730,0.692074,0.307926,258,231,5701,0.008525,0.991475,0.015939,0.984061
res,1740-1750,1789-1802,0.691833,0.308167,6159,8384,5713,0.009685,0.990315,0.022002,0.977998
fan,1730-1740,1760-1770,0.691332,0.308668,688,918,5699,0.003594,0.996406,0.012323,0.987677
études,1710-1720,1750-1760,0.691271,0.308729,107,666,5684,0.010192,0.989808,0.018305,0.981695
revenu,1700-1710,1730-1740,0.691191,0.308809,914,1244,5704,0.009743,0.990257,0.015196,0.984804
statue,1730-1740,1750-1760,0.691132,0.308868,605,1060,5701,0.015179,0.984821,0.025548,0.974452
section,1730-1740,1750-1760,0.691113,0.308887,165,1152,5681,0.026628,0.973372,0.044081,0.955919
ter,1710-1720,1740-1750,0.691112,0.308888,1617,3453,5708,0.006502,0.993498,0.02056,0.97944
ate,1720-1730,1780-1789,0.691084,0.308916,300,595,5645,0.017659,0.982341,0.05149,0.94851
serment,1710-1720,1770-1780,0.691055,0.308945,403,764,5681,0.010346,0.989654,0.018948,0.981052
xxi,1710-1720,1780-1789,0.69105,0.30895,352,1436,5694,0.016589,0.983411,0.057936,0.942064
aide,1750-1760,1789-1802,0.690876,0.309124,374,1539,5711,0.020352,0.979648,0.021808,0.978192
deu,1710-1720,1789-1802,0.690868,0.309132,226,591,5677,0.015203,0.984797,0.035005,0.964995
socrate,1720-1730,1770-1780,0.690812,0.309188,1866,5613,5685,0.024339,0.975661,0.028776,0.971224
joindre,1710-1720,1760-1770,0.690807,0.309193,662,2252,5712,0.013691,0.986309,0.018448,0.981552
chasser,1740-1750,1780-1789,0.690772,0.309228,532,618,5673,0.014723,0.985277,0.022855,0.977145
vrais,1720-1730,1770-1780,0.690747,0.309253,461,3520,5708,0.024234,0.975766,0.034564,0.965436
aise,1760-1770,1780-1789,0.690718,0.309282,1189,2418,5701,0.035516,0.964484,0.023739,0.976261
concerne,1770-1780,1780-1789,0.690495,0.309505,1575,1958,5707,0.016723,0.983277,0.025036,0.974964
durer,1700-1710,1730-1740,0.690425,0.309575,160,320,5686,0.019987,0.980013,0.017434,0.982566
are,1770-1780,1789-1802,0.690124,0.309876,2367,2884,5717,0.025045,0.974955,0.027844,0.972156
luxembourg,1710-1720,1730-1740,0.6901,0.3099,223,961,5656,0.043925,0.956075,0.026499,0.973501
pli,1730-1740,1789-1802,0.690048,0.309952,321,989,5688,0.004971,0.995029,0.012379,0.987621
bourbon,1700-1710,1789-1802,0.69002,0.30998,125,1375,5688,0.019006,0.980994,0.036133,0.963867
composent,1710-1720,1789-1802,0.689941,0.310059,451,1973,5704,0.032856,0.967144,0.036672,0.963328
cartes,1730-1740,1789-1802,0.689938,0.310062,409,1086,5689,0.022503,0.977497,0.020797,0.979203
noeuds,1760-1770,1770-1780,0.689909,0.310091,1083,1446,5664,0.008325,0.991675,0.016135,0.983865
rome,1710-1720,1730-1740,0.689777,0.310223,4555,10053,5716,0.0232,0.9768,0.028687,0.971313
témoignages,1710-1720,1789-1802,0.689251,0.310749,152,1001,5695,0.011249,0.988751,0.023502,0.976498
denis,1720-1730,1760-1770,0.689222,0.310778,1404,1011,5692,0.017975,0.982025,0.052329,0.947671
prés,1700-1710,1740-1750,0.689189,0.310811,1839,569,5690,0.039625,0.960375,0.095455,0.904545
discrétion,1700-1710,1720-1730,0.689107,0.310893,122,233,5668,0.009484,0.990516,0.020414,0.979586
uie,1730-1740,1740-1750,0.689005,0.310995,95,186,5598,0.01197,0.98803,0.040352,0.959648
fem,1710-1720,1720-1730,0.688988,0.311012,406,1246,5684,0.026714,0.973286,0.080617,0.919383
éclatante,1710-1720,1760-1770,0.688864,0.311136,143,315,5691,0.014169,0.985831,0.020224,0.979776
dialogue,1700-1710,1760-1770,0.688465,0.311535,218,809,5695,0.016391,0.983609,0.052635,0.947365
procédé,1710-1720,1780-1789,0.688461,0.311539,195,2635,5700,0.022807,0.977193,0.038581,0.961419
lai,1730-1740,1789-1802,0.68843,0.31157,715,2360,5697,0.011642,0.988358,0.019651,0.980349
suède,1720-1730,1730-1740,0.688358,0.311642,400,89,5508,0.036408,0.963592,0.053096,0.946904
jurisprudence,1710-1720,1720-1730,0.688124,0.311876,211,88,5650,0.014537,0.985463,0.023823,0.976177
dauphin,1710-1720,1780-1789,0.688112,0.311888,635,1915,5686,0.029946,0.970054,0.032494,0.967506
pardonne,1710-1720,1720-1730,0.68778,0.31222,242,229,5686,0.009982,0.990018,0.01819,0.98181
comment,1710-1720,1780-1789,0.687679,0.312321,5810,22067,5718,0.013608,0.986392,0.027618,0.972382
contr,1730-1740,1789-1802,0.687592,0.312408,221,746,5693,0.010569,0.989431,0.041633,0.958367
honteux,1770-1780,1789-1802,0.687393,0.312607,1752,1445,5697,0.007137,0.992863,0.012006,0.987994
avidité,1700-1710,1770-1780,0.687301,0.312699,86,677,5695,0.044681,0.955319,0.023445,0.976555
acheter,1710-1720,1730-1740,0.687221,0.312779,1332,623,5705,0.017827,0.982173,0.02493,0.97507
côtés,1700-1710,1730-1740,0.687088,0.312912,358,1434,5709,0.028694,0.971306,0.024326,0.975674
puif,1700-1710,1789-1802,0.687088,0.312912,204,731,5650,0.020012,0.979988,0.041962,0.958038
will,1750-1760,1789-1802,0.686964,0.313036,556,1467,4587,0.025525,0.974475,0.036923,0.963077
distinction,1730-1740,1789-1802,0.686866,0.313134,574,2029,5699,0.018747,0.981253,0.021558,0.978442
injuste,1740-1750,1750-1760,0.686681,0.313319,572,1271,5707,0.012501,0.987499,0.013621,0.986379
heu,1710-1720,1789-1802,0.686667,0.313333,335,912,5692,0.011874,0.988126,0.032854,0.967146
elie,1720-1730,1730-1740,0.686603,0.313397,164,134,5691,0.009197,0.990803,0.022817,0.977183
saisie,1730-1740,1780-1789,0.686404,0.313596,523,827,5683,0.015288,0.984712,0.025713,0.974287
parte,1720-1730,1789-1802,0.686324,0.313676,702,689,5698,0.046486,0.953514,0.071024,0.928976
réellement,1700-1710,1780-1789,0.686181,0.313819,339,3215,5706,0.022751,0.977249,0.032271,0.967729
prin,1720-1730,1789-1802,0.686119,0.313881,703,2213,5695,0.017974,0.982026,0.021939,0.978061
admire,1710-1720,1770-1780,0.686099,0.313901,143,799,5707,0.023317,0.976683,0.013765,0.986235
plumes,1780-1789,1789-1802,0.686095,0.313905,978,774,5687,0.008333,0.991667,0.01381,0.98619
plai,1710-1720,1780-1789,0.685984,0.314016,208,1150,5683,0.016996,0.983004,0.023251,0.976749
descend,1730-1740,1740-1750,0.685931,0.314069,340,619,5700,0.00908,0.99092,0.01505,0.98495
peres,1730-1740,1789-1802,0.685777,0.314223,2082,1167,5694,0.030389,0.969611,0.024692,0.975308
convenables,1730-1740,1750-1760,0.685768,0.314232,470,734,5700,0.017887,0.982113,0.020185,0.979815
âmes,1750-1760,1770-1780,0.685723,0.314277,294,684,5685,0.013126,0.986874,0.015937,0.984063
avantageuse,1750-1760,1789-1802,0.685565,0.314435,783,1170,5706,0.014903,0.985097,0.017313,0.982687
spectateurs,1710-1720,1770-1780,0.685449,0.314551,227,978,5695,0.016336,0.983664,0.02047,0.97953
excellente,1740-1750,1789-1802,0.685416,0.314584,404,952,5703,0.018765,0.981235,0.019105,0.980895
ode,1730-1740,1740-1750,0.685362,0.314638,1418,167,5689,0.080725,0.919275,0.076262,0.923738
gras,1720-1730,1770-1780,0.685278,0.314722,402,1503,5687,0.008729,0.991271,0.018282,0.981718
agens,1700-1710,1789-1802,0.685234,0.314766,253,3444,5672,0.021816,0.978184,0.045773,0.954227
tenue,1750-1760,1760-1770,0.684852,0.315148,710,881,5697,0.0089,0.9911,0.015803,0.984197
moderne,1720-1730,1740-1750,0.68482,0.31518,478,564,5711,0.021832,0.978168,0.031324,0.968676
appartenir,1700-1710,1770-1780,0.684627,0.315373,132,645,5692,0.045846,0.954154,0.039192,0.960808
had,1700-1710,1770-1780,0.684414,0.315586,482,2107,1979,0.120953,0.879047,0.054478,0.945522
notes,1750-1760,1760-1770,0.684291,0.315709,2238,3070,5715,0.015913,0.984087,0.018912,0.981088
chirurgien,1710-1720,1720-1730,0.684214,0.315786,176,445,5683,0.021763,0.978237,0.023601,0.976399
rire,1710-1720,1780-1789,0.684212,0.315788,816,3666,5711,0.008444,0.991556,0.015495,0.984505
capitale,1720-1730,1789-1802,0.683969,0.316031,1027,5803,5703,0.036253,0.963747,0.051149,0.948851
den,1700-1710,1770-1780,0.683631,0.316369,1035,4176,5697,0.038057,0.961943,0.085231,0.914769
manche,1740-1750,1780-1789,0.683583,0.316417,322,976,5667,0.012083,0.987917,0.018573,0.981427
ement,1700-1710,1780-1789,0.683572,0.316428,263,1245,5675,0.020754,0.979246,0.048372,0.951628
équité,1730-1740,1740-1750,0.683453,0.316547,211,237,5695,0.026582,0.973418,0.015478,0.984522
considérables,1760-1770,1770-1780,0.683414,0.316586,2840,3271,5700,0.01265,0.98735,0.016589,0.983411
publication,1750-1760,1780-1789,0.683331,0.316669,659,1199,5695,0.014795,0.985205,0.019375,0.980625
brun,1730-1740,1750-1760,0.683119,0.316881,280,888,5688,0.046203,0.953797,0.046252,0.953748
donnez,1700-1710,1720-1730,0.68304,0.31696,953,965,5706,0.011446,0.988554,0.024136,0.975864
épargner,1750-1760,1760-1770,0.682984,0.317016,524,675,5701,0.016153,0.983847,0.014331,0.985669
civiles,1780-1789,1789-1802,0.6827,0.3173,2029,2139,5680,0.013985,0.986015,0.025522,0.974478
instruite,1710-1720,1789-1802,0.682404,0.317596,98,647,5682,0.018215,0.981785,0.01796,0.98204
esclave,1710-1720,1730-1740,0.682195,0.317805,970,826,5701,0.008368,0.991632,0.012587,0.987413
excellens,1740-1750,1789-1802,0.682053,0.317947,255,301,5687,0.017274,0.982726,0.019578,0.980422
louvre,1740-1750,1789-1802,0.681995,0.318005,351,676,5689,0.021031,0.978969,0.036384,0.963616
regardoit,1720-1730,1730-1740,0.681918,0.318082,445,1055,5694,0.025411,0.974589,0.018737,0.981263
matières,1710-1720,1789-1802,0.681852,0.318148,469,3568,5704,0.034378,0.965622,0.047635,0.952365
connoître,1710-1720,1789-1802,0.681846,0.318154,1549,5515,5709,0.047343,0.952657,0.025737,0.974263
avertir,1750-1760,1780-1789,0.681819,0.318181,748,1227,5705,0.008421,0.991579,0.019238,0.980762
gravité,1700-1710,1740-1750,0.681794,0.318206,113,826,5695,0.111155,0.888845,0.149496,0.850504
ajouter,1740-1750,1770-1780,0.681765,0.318235,1121,3135,5713,0.017284,0.982716,0.018133,0.981867
fat,1710-1720,1730-1740,0.681667,0.318333,571,530,5701,0.007662,0.992338,0.017399,0.982601
tier,1720-1730,1770-1780,0.681413,0.318587,279,480,5673,0.010618,0.989382,0.015638,0.984362
hongrie,1710-1720,1740-1750,0.681336,0.318664,237,494,5653,0.037892,0.962108,0.047754,0.952246
cherche,1700-1710,1710-1720,0.681222,0.318778,670,818,5713,0.007798,0.992202,0.015021,0.984979
germain,1750-1760,1770-1780,0.681123,0.318877,1223,1673,5687,0.010938,0.989062,0.022909,0.977091
sel,1720-1730,1760-1770,0.681099,0.318901,674,1348,5697,0.017497,0.982503,0.05175,0.94825
fleur,1720-1730,1760-1770,0.681085,0.318915,1314,3285,5711,0.015375,0.984625,0.026894,0.973106
xxii,1710-1720,1720-1730,0.681077,0.318923,276,657,5691,0.02718,0.97282,0.05896,0.94104
aune,1780-1789,1789-1802,0.680978,0.319022,546,713,5685,0.012676,0.987324,0.025847,0.974153
folio,1720-1730,1789-1802,0.680951,0.319049,740,1167,5678,0.03188,0.96812,0.052789,0.947211
pages,1720-1730,1740-1750,0.680912,0.319088,772,1301,5704,0.028127,0.971873,0.070427,0.929573
jeanne,1730-1740,1750-1760,0.680735,0.319265,436,416,5659,0.012484,0.987516,0.018548,0.981452
règle,1730-1740,1780-1789,0.680507,0.319493,518,2552,5702,0.011002,0.988998,0.018525,0.981475
réduire,1700-1710,1710-1720,0.680497,0.319503,475,410,5706,0.014252,0.985748,0.023502,0.976498
recommande,1760-1770,1789-1802,0.680443,0.319557,414,650,5687,0.006517,0.993483,0.01542,0.98458
délivré,1720-1730,1789-1802,0.680416,0.319584,273,1041,5693,0.01745,0.98255,0.021654,0.978346
vois,1700-1710,1740-1750,0.680268,0.319732,2201,4745,5714,0.013157,0.986843,0.022176,0.977824
bureau,1710-1720,1760-1770,0.680129,0.319871,1450,3613,5690,0.014381,0.985619,0.02186,0.97814
ellc,1710-1720,1730-1740,0.679981,0.320019,124,143,5656,0.012408,0.987592,0.036642,0.963358
monstres,1740-1750,1780-1789,0.679758,0.320242,262,636,5672,0.008196,0.991804,0.012949,0.987051
direction,1700-1710,1770-1780,0.679665,0.320335,148,2796,5699,0.035908,0.964092,0.046421,0.953579
raisonnement,1750-1760,1789-1802,0.67962,0.32038,1128,1260,5702,0.00866,0.99134,0.017737,0.982263
orange,1720-1730,1760-1770,0.679239,0.320761,123,96,5679,0.029602,0.970398,0.032496,0.967504
ctoit,1710-1720,1720-1730,0.679185,0.320815,360,743,5677,0.024142,0.975858,0.045219,0.954781
die,1720-1730,1740-1750,0.679182,0.320818,2212,3149,5716,0.014462,0.985538,0.019744,0.980256
poursuivre,1730-1740,1760-1770,0.679065,0.320935,750,780,5699,0.02028,0.97972,0.030507,0.969493
tien,1700-1710,1770-1780,0.678945,0.321055,354,1227,5697,0.009915,0.990085,0.01827,0.98173
fixé,1700-1710,1730-1740,0.678807,0.321193,140,628,5701,0.019589,0.980411,0.022849,0.977151
prenez,1700-1710,1710-1720,0.678428,0.321572,1191,1995,5704,0.0125,0.9875,0.022777,0.977223
exa,1720-1730,1789-1802,0.678343,0.321657,182,721,5679,0.013153,0.986847,0.0332,0.9668
verser,1720-1730,1789-1802,0.678222,0.321778,121,1354,5678,0.027777,0.972223,0.028004,0.971996
dites,1700-1710,1710-1720,0.678136,0.321864,1755,2039,5711,0.008153,0.991847,0.02085,0.97915
gra,1710-1720,1780-1789,0.678072,0.321928,275,1114,5684,0.0062,0.9938,0.030725,0.969275
pénétrer,1710-1720,1740-1750,0.678001,0.321999,164,933,5702,0.017028,0.982972,0.019133,0.980867
pièce,1770-1780,1789-1802,0.677894,0.322106,4455,6055,5708,0.013633,0.986367,0.018221,0.981779
péché,1710-1720,1750-1760,0.6777,0.3223,205,747,5675,0.013886,0.986114,0.014735,0.985265
bain,1700-1710,1710-1720,0.677542,0.322458,224,264,5680,0.010622,0.989378,0.025879,0.974121
cruels,1750-1760,1770-1780,0.677492,0.322508,703,1330,5701,0.027,0.973,0.01676,0.98324
courageux,1700-1710,1720-1730,0.677487,0.322513,79,130,5681,0.020735,0.979265,0.021231,0.978769
prouver,1720-1730,1750-1760,0.677366,0.322634,971,2992,5712,0.023151,0.976849,0.018764,0.981236
courant,1700-1710,1730-1740,0.677136,0.322864,955,617,5708,0.033175,0.966825,0.048909,0.951091
tin,1710-1720,1760-1770,0.677111,0.322889,348,686,5700,0.010041,0.989959,0.015588,0.984412
douce,1710-1720,1760-1770,0.676778,0.323222,996,3310,5712,0.016202,0.983798,0.023391,0.976609
croix,1720-1730,1740-1750,0.676764,0.323236,2350,1303,5697,0.013721,0.986279,0.018615,0.981385
fable,1700-1710,1750-1760,0.676709,0.323291,811,2614,5711,0.011997,0.988003,0.02525,0.97475
pierres,1720-1730,1760-1770,0.676695,0.323305,1581,4582,5704,0.016308,0.983692,0.023188,0.976812
das,1710-1720,1740-1750,0.676334,0.323666,207,375,5671,0.01273,0.98727,0.036307,0.963693
songer,1780-1789,1789-1802,0.676161,0.323839,1161,1172,5695,0.022913,0.977087,0.01929,0.98071
coups,1700-1710,1710-1720,0.676036,0.323964,1374,1826,5710,0.016154,0.983846,0.025901,0.974099
ressemblance,1700-1710,1710-1720,0.675647,0.324353,123,118,5689,0.015805,0.984195,0.020194,0.979806
notaires,1710-1720,1789-1802,0.675582,0.324418,463,902,5656,0.03549,0.96451,0.02768,0.97232
tandis,1730-1740,1760-1770,0.675525,0.324475,2366,6237,5712,0.014272,0.985728,0.025947,0.974053
version,1710-1720,1760-1770,0.675392,0.324608,73,226,5662,0.025182,0.974818,0.056578,0.943422
civil,1710-1720,1789-1802,0.675318,0.324682,989,1963,5699,0.0419,0.9581,0.060993,0.939007
meilleurs,1720-1730,1789-1802,0.675136,0.324864,1424,2603,5714,0.023858,0.976142,0.028545,0.971455
principales,1700-1710,1750-1760,0.67504,0.32496,639,1900,5711,0.019911,0.980089,0.025141,0.974859
obscure,1720-1730,1770-1780,0.674857,0.325143,216,940,5691,0.00842,0.99158,0.01641,0.98359
ste,1720-1730,1789-1802,0.674546,0.325454,1414,1658,5685,0.014169,0.985831,0.033717,0.966283
passe,1720-1730,1789-1802,0.674509,0.325491,1644,6596,5716,0.009556,0.990444,0.017977,0.982023
passages,1720-1730,1740-1750,0.674494,0.325506,375,445,5694,0.010343,0.989657,0.020016,0.979984
daigne,1700-1710,1730-1740,0.674412,0.325588,66,282,5682,0.033057,0.966943,0.023838,0.976162
diu,1730-1740,1740-1750,0.673828,0.326172,375,659,5669,0.016114,0.983886,0.040295,0.959705
solidité,1700-1710,1780-1789,0.67369,0.32631,122,1089,5679,0.045721,0.954279,0.036169,0.963831
encor,1710-1720,1780-1789,0.673489,0.326511,1933,3259,5690,0.017645,0.982355,0.025433,0.974567
perse,1700-1710,1710-1720,0.673418,0.326582,557,205,5674,0.047276,0.952724,0.100545,0.899455
populaire,1700-1710,1789-1802,0.672804,0.327196,80,1707,5677,0.034371,0.965629,0.040393,0.959607
images,1710-1720,1720-1730,0.672675,0.327325,645,1355,5705,0.022063,0.977937,0.032152,0.967848
fau,1700-1710,1789-1802,0.672621,0.327379,322,859,5690,0.019533,0.980467,0.023227,0.976773
comique,1710-1720,1770-1780,0.672596,0.327404,285,2399,5690,0.021791,0.978209,0.027706,0.972294
égal,1720-1730,1750-1760,0.672573,0.327427,630,1506,5708,0.021251,0.978749,0.018752,0.981248
gar,1710-1720,1780-1789,0.67248,0.32752,258,953,5679,0.007789,0.992211,0.018332,0.981668
plaisant,1770-1780,1789-1802,0.67218,0.32782,1051,660,5687,0.007577,0.992423,0.011603,0.988397
méchans,1740-1750,1750-1760,0.672178,0.327822,255,610,5677,0.011419,0.988581,0.016928,0.983072
informé,1750-1760,1780-1789,0.672023,0.327977,729,1255,5690,0.010714,0.989286,0.017959,0.982041
ess,1720-1730,1789-1802,0.671879,0.328121,231,548,5651,0.013434,0.986566,0.017995,0.982005
honorer,1700-1710,1730-1740,0.671868,0.328132,109,264,5695,0.009861,0.990139,0.016951,0.983049
scr,1730-1740,1740-1750,0.671804,0.328196,134,218,5604,0.008803,0.991197,0.034999,0.965001
soutiennent,1700-1710,1720-1730,0.671766,0.328234,123,242,5689,0.020841,0.979159,0.037792,0.962208
vil,1700-1710,1789-1802,0.671641,0.328359,554,2824,5711,0.028933,0.971067,0.025925,0.974075
camp,1720-1730,1789-1802,0.671416,0.328584,2084,5683,5700,0.016183,0.983817,0.028365,0.971635
pures,1780-1789,1789-1802,0.671385,0.328615,789,922,5693,0.013794,0.986206,0.01415,0.98585
this,1750-1760,1789-1802,0.670802,0.329198,1570,2953,4927,0.023942,0.976058,0.052724,0.947276
projets,1760-1770,1789-1802,0.670642,0.329358,1859,5887,5703,0.009581,0.990419,0.016322,0.983678
vol,1720-1730,1770-1780,0.670589,0.329411,3778,3130,5720,0.014231,0.985769,0.047088,0.952912
acquitter,1700-1710,1720-1730,0.67049,0.32951,100,127,5690,0.028472,0.971528,0.024195,0.975805
liv,1700-1710,1730-1740,0.670371,0.329629,4615,7167,5711,0.037115,0.962885,0.065764,0.934236
connoît,1700-1710,1789-1802,0.67015,0.32985,378,1586,5696,0.03652,0.96348,0.026923,0.973077
sinon,1700-1710,1789-1802,0.670129,0.329871,571,1269,5696,0.016156,0.983844,0.03392,0.96608
meilleure,1710-1720,1750-1760,0.67008,0.32992,979,2024,5709,0.013638,0.986362,0.020697,0.979303
marquis,1720-1730,1750-1760,0.67003,0.32997,3198,4433,5701,0.042898,0.957102,0.04398,0.95602
parole,1710-1720,1750-1760,0.669797,0.330203,2051,3348,5713,0.00972,0.99028,0.014859,0.985141
innocence,1740-1750,1789-1802,0.669693,0.330307,493,995,5703,0.028359,0.971641,0.017841,0.982159
eurs,1710-1720,1730-1740,0.669661,0.330339,449,480,5680,0.013902,0.986098,0.036302,0.963698
exercent,1770-1780,1780-1789,0.669509,0.330491,569,596,5687,0.009415,0.990585,0.013985,0.986015
religieux,1700-1710,1789-1802,0.669473,0.330527,591,3418,5704,0.027193,0.972807,0.035275,0.964725
talents,1710-1720,1730-1740,0.669431,0.330569,201,272,5675,0.025914,0.974086,0.030926,0.969074
lies,1730-1740,1789-1802,0.669237,0.330763,194,780,5690,0.013815,0.986185,0.036382,0.963618
aut,1710-1720,1770-1780,0.669105,0.330895,2033,6745,5702,0.02512,0.97488,0.038404,0.961596
jusques,1740-1750,1780-1789,0.66893,0.33107,3774,8759,5710,0.02464,0.97536,0.023285,0.976715
régence,1710-1720,1730-1740,0.668927,0.331073,626,276,5602,0.063994,0.936006,0.08413,0.91587
andré,1700-1710,1780-1789,0.668891,0.331109,559,1474,5687,0.009437,0.990563,0.023207,0.976793
choisi,1760-1770,1780-1789,0.668882,0.331118,1194,2187,5706,0.007396,0.992604,0.014229,0.985771
clef,1710-1720,1770-1780,0.668839,0.331161,274,987,5693,0.012375,0.987625,0.01691,0.98309
exacte,1720-1730,1780-1789,0.668545,0.331455,285,1286,5704,0.017587,0.982413,0.026977,0.973023
vraisemblable,1700-1710,1750-1760,0.66832,0.33168,91,723,5699,0.032896,0.967104,0.029937,0.970063
recouvrer,1700-1710,1730-1740,0.668219,0.331781,127,383,5683,0.022078,0.977922,0.017659,0.982341
provence,1760-1770,1770-1780,0.668208,0.331792,1674,2607,5684,0.017933,0.982067,0.025757,0.974243
destination,1700-1710,1710-1720,0.668181,0.331819,240,192,5681,0.029049,0.970951,0.045362,0.954638
chinois,1700-1710,1789-1802,0.667961,0.332039,102,1383,5682,0.014239,0.985761,0.026279,0.973721
dut,1700-1710,1780-1789,0.667931,0.332069,229,1886,5699,0.032694,0.967306,0.05469,0.94531
question,1700-1710,1740-1750,0.667848,0.332152,1431,4439,5717,0.015579,0.984421,0.019593,0.980407
personnage,1730-1740,1789-1802,0.667786,0.332214,471,1134,5703,0.011044,0.988956,0.020517,0.979483
soupçonner,1700-1710,1740-1750,0.667677,0.332323,162,470,5693,0.028641,0.971359,0.018571,0.981429
garant,1700-1710,1789-1802,0.667654,0.332346,257,861,5674,0.031278,0.968722,0.061512,0.938488
créatures,1750-1760,1770-1780,0.667614,0.332386,789,894,5679,0.012985,0.987015,0.015473,0.984527
consulter,1730-1740,1789-1802,0.667592,0.332408,273,1231,5698,0.00783,0.99217,0.014165,0.985835
aille,1720-1730,1789-1802,0.667423,0.332577,214,552,5704,0.015007,0.984993,0.018459,0.981541
quod,1720-1730,1740-1750,0.667284,0.332716,5359,5242,5699,0.037313,0.962687,0.034481,0.965519
iil,1730-1740,1789-1802,0.667236,0.332764,495,1760,5680,0.014154,0.985846,0.043402,0.956598
ouvrir,1780-1789,1789-1802,0.667104,0.332896,2438,1959,5714,0.009157,0.990843,0.015932,0.984068
attend,1700-1710,1710-1720,0.666926,0.333074,298,278,5712,0.007907,0.992093,0.016865,0.983135
disciples,1710-1720,1730-1740,0.666883,0.333117,399,686,5684,0.010445,0.989555,0.023114,0.976886
dei,1700-1710,1730-1740,0.66686,0.33314,746,3455,5704,0.060881,0.939119,0.097621,0.902379
parlent,1740-1750,1780-1789,0.666826,0.333174,826,1718,5708,0.009464,0.990536,0.015159,0.984841
out,1740-1750,1789-1802,0.66682,0.33318,504,1932,5708,0.007923,0.992077,0.02951,0.97049
crier,1710-1720,1730-1740,0.666385,0.333615,432,405,5697,0.008416,0.991584,0.013646,0.986354
vaste,1750-1760,1770-1780,0.666226,0.333774,1121,2773,5710,0.011942,0.988058,0.016414,0.983586
prévenu,1710-1720,1730-1740,0.6662,0.3338,220,490,5702,0.005832,0.994168,0.013413,0.986587
probité,1750-1760,1760-1770,0.666194,0.333806,1171,1163,5692,0.0253,0.9747,0.013718,0.986282
dits,1740-1750,1789-1802,0.666155,0.333845,1163,2978,5684,0.0549,0.9451,0.081918,0.918082
claire,1710-1720,1789-1802,0.666068,0.333932,677,2050,5704,0.046489,0.953511,0.037609,0.962391
upon,1700-1710,1750-1760,0.666012,0.333988,895,846,3454,0.098589,0.901411,0.073096,0.926904
priver,1710-1720,1740-1750,0.665942,0.334058,237,480,5695,0.014465,0.985535,0.018729,0.981271
plis,1730-1740,1789-1802,0.665715,0.334285,237,1856,5684,0.013166,0.986834,0.025699,0.974301
berceau,1710-1720,1760-1770,0.665645,0.334355,126,684,5689,0.021141,0.978859,0.021332,0.978668
ave,1710-1720,1730-1740,0.665585,0.334415,236,390,5684,0.013918,0.986082,0.028068,0.971932
bordeaux,1700-1710,1720-1730,0.665529,0.334471,1072,606,5686,0.021362,0.978638,0.037956,0.962044
nes,1710-1720,1780-1789,0.665468,0.334532,884,2894,5700,0.010771,0.989229,0.023737,0.976263
bois,1710-1720,1740-1750,0.665431,0.334569,6717,10738,5714,0.013112,0.986888,0.026486,0.973514
til,1710-1720,1770-1780,0.66539,0.33461,254,1026,5665,0.020736,0.979264,0.074524,0.925476
joseph,1730-1740,1740-1750,0.664957,0.335043,559,867,5703,0.016398,0.983602,0.023973,0.976027
infinie,1750-1760,1789-1802,0.664886,0.335114,512,548,5689,0.010912,0.989088,0.017203,0.982797
puits,1710-1720,1770-1780,0.664716,0.335284,327,2743,5677,0.019081,0.980919,0.022194,0.977806
office,1710-1720,1750-1760,0.664532,0.335468,960,501,5710,0.017571,0.982429,0.025972,0.974028
entendu,1750-1760,1760-1770,0.66449,0.33551,2149,2930,5714,0.007148,0.992852,0.01445,0.98555
sire,1700-1710,1710-1720,0.664244,0.335756,797,952,5691,0.024414,0.975586,0.051185,0.948815
pais,1750-1760,1789-1802,0.66402,0.33598,2173,1016,5687,0.023633,0.976367,0.0306,0.9694
accueil,1720-1730,1750-1760,0.663934,0.336066,99,172,5687,0.01088,0.98912,0.019504,0.980496
françoise,1700-1710,1789-1802,0.663748,0.336252,220,2701,5703,0.061162,0.938838,0.032935,0.967065
oii,1700-1710,1760-1770,0.663688,0.336312,397,615,5687,0.022291,0.977709,0.08099,0.91901
soins,1760-1770,1780-1789,0.663662,0.336338,1556,2376,5693,0.010055,0.989945,0.01764,0.98236
user,1710-1720,1730-1740,0.663609,0.336391,695,602,5701,0.017682,0.982318,0.024582,0.975418
république,1710-1720,1789-1802,0.663261,0.336739,1392,17936,5712,0.036318,0.963682,0.053854,0.946146
entendez,1710-1720,1780-1789,0.663215,0.336785,127,533,5673,0.019112,0.980888,0.022148,0.977852
lec,1760-1770,1789-1802,0.663172,0.336828,547,1179,5669,0.010683,0.989317,0.033038,0.966962
bles,1720-1730,1789-1802,0.663167,0.336833,592,1743,5690,0.013672,0.986328,0.021963,0.978037
éclat,1750-1760,1780-1789,0.663105,0.336895,1114,2162,5714,0.013211,0.986789,0.014874,0.985126
mines,1710-1720,1770-1780,0.662778,0.337222,846,8390,5697,0.042439,0.957561,0.043213,0.956787
craignez,1760-1770,1770-1780,0.662611,0.337389,765,1047,5686,0.018429,0.981571,0.018087,0.981913
rei,1740-1750,1789-1802,0.662516,0.337484,736,713,5685,0.021286,0.978714,0.038935,0.961065
angle,1700-1710,1770-1780,0.66243,0.33757,88,1132,5666,0.069417,0.930583,0.104624,0.895376
rends,1700-1710,1720-1730,0.662309,0.337691,211,219,5686,0.016419,0.983581,0.026905,0.973095
déterminer,1730-1740,1760-1770,0.662259,0.337741,724,2054,5710,0.022248,0.977752,0.021581,0.978419
turcs,1710-1720,1740-1750,0.662253,0.337747,314,1195,5678,0.026497,0.973503,0.032262,0.967738
tem,1710-1720,1789-1802,0.662181,0.337819,325,718,5688,0.018302,0.981698,0.02504,0.97496
frappé,1770-1780,1789-1802,0.662173,0.337827,1902,2188,5708,0.006431,0.993569,0.014025,0.985975
have,1770-1780,1789-1802,0.662096,0.337904,2097,2470,4627,0.033152,0.966848,0.032265,0.967735
indifférence,1730-1740,1789-1802,0.661995,0.338005,304,779,5692,0.027307,0.972693,0.020492,0.979508
accompagne,1700-1710,1720-1730,0.66118,0.33882,85,147,5702,0.00939,0.99061,0.018132,0.981868
duc,1710-1720,1770-1780,0.661147,0.338853,10927,11399,5712,0.096789,0.903211,0.046498,0.953502
reçoit,1720-1730,1770-1780,0.661105,0.338895,917,3423,5712,0.010994,0.989006,0.019309,0.980691
risques,1700-1710,1740-1750,0.661062,0.338938,97,339,5682,0.023109,0.976891,0.026237,0.973763
present,1730-1740,1789-1802,0.660822,0.339178,2784,738,5712,0.060316,0.939684,0.063733,0.936267
dispenser,1750-1760,1760-1770,0.660807,0.339193,978,1165,5700,0.026714,0.973286,0.031474,0.968526
tons,1750-1760,1789-1802,0.660788,0.339212,1212,2133,5707,0.035928,0.964072,0.050253,0.949747
rare,1730-1740,1789-1802,0.66071,0.33929,1372,3681,5714,0.012479,0.987521,0.015719,0.984281
glaces,1710-1720,1750-1760,0.66068,0.33932,532,339,5678,0.05077,0.94923,0.032867,0.967133
généreux,1730-1740,1780-1789,0.660622,0.339378,867,3068,5698,0.01084,0.98916,0.014062,0.985938
gardez,1700-1710,1710-1720,0.660547,0.339453,250,488,5690,0.008056,0.991944,0.017105,0.982895
emporté,1710-1720,1770-1780,0.660499,0.339501,313,893,5702,0.008443,0.991557,0.011297,0.988703
basses,1770-1780,1780-1789,0.660234,0.339766,857,768,5687,0.009664,0.990336,0.014035,0.985965
rin,1700-1710,1710-1720,0.660159,0.339841,247,277,5644,0.013825,0.986175,0.052825,0.947175
profonds,1770-1780,1780-1789,0.660119,0.339881,780,771,5682,0.012023,0.987977,0.013726,0.986274
noit,1710-1720,1740-1750,0.660091,0.339909,192,568,5674,0.023569,0.976431,0.028232,0.971768
noi,1730-1740,1789-1802,0.659965,0.340035,185,859,5665,0.011764,0.988236,0.032308,0.967692
explication,1720-1730,1780-1789,0.659793,0.340207,446,1938,5705,0.007699,0.992301,0.019219,0.980781
arts,1760-1770,1770-1780,0.659613,0.340387,6091,9628,5719,0.013605,0.986395,0.017088,0.982912
marin,1710-1720,1770-1780,0.659538,0.340462,394,2027,5685,0.01203,0.98797,0.029688,0.970312
trompée,1780-1789,1789-1802,0.659483,0.340517,582,619,5663,0.016508,0.983492,0.013067,0.986933
particulièrement,1710-1720,1730-1740,0.65946,0.34054,306,309,5707,0.020319,0.979681,0.021705,0.978295
tri,1710-1720,1789-1802,0.659226,0.340774,349,1511,5687,0.005747,0.994253,0.032079,0.967921
religieuses,1700-1710,1789-1802,0.659179,0.340821,379,1586,5670,0.093641,0.906359,0.064461,0.935539
ment,1710-1720,1780-1789,0.658998,0.341002,4633,23122,5716,0.017488,0.982512,0.027546,0.972454
suprême,1720-1730,1730-1740,0.658926,0.341074,400,660,5705,0.007991,0.992009,0.015088,0.984912
vir,1710-1720,1740-1750,0.65885,0.34115,365,693,5686,0.007104,0.992896,0.018069,0.981931
det,1700-1710,1770-1780,0.658729,0.341271,328,874,5684,0.021778,0.978222,0.049327,0.950673
pose,1700-1710,1789-1802,0.658632,0.341368,485,955,5699,0.031401,0.968599,0.03938,0.96062
village,1710-1720,1720-1730,0.658542,0.341458,1112,1331,5701,0.019858,0.980142,0.018259,0.981741
innocente,1750-1760,1789-1802,0.658495,0.341505,381,668,5677,0.024578,0.975422,0.015191,0.984809
nne,1730-1740,1789-1802,0.658477,0.341523,153,826,5673,0.017587,0.982413,0.039833,0.960167
domine,1700-1710,1780-1789,0.658404,0.341596,140,857,5700,0.03502,0.96498,0.053671,0.946329
ance,1720-1730,1760-1770,0.658397,0.341603,318,384,5673,0.017917,0.982083,0.04662,0.95338
meme,1710-1720,1770-1780,0.658291,0.341709,1472,2830,5699,0.016918,0.983082,0.025208,0.974792
héros,1730-1740,1740-1750,0.658175,0.341825,1612,1549,5713,0.00958,0.99042,0.016278,0.983722
him,1700-1710,1740-1750,0.658174,0.341826,773,52,4595,0.034806,0.965194,0.042485,0.957515
champagne,1730-1740,1760-1770,0.658158,0.341842,997,1017,5679,0.022227,0.977773,0.078016,0.921984
talens,1720-1730,1789-1802,0.658074,0.341926,646,5865,5703,0.020523,0.979477,0.042324,0.957676
pari,1710-1720,1740-1750,0.657721,0.342279,260,365,5684,0.006694,0.993306,0.01954,0.98046
michel,1770-1780,1789-1802,0.657714,0.342286,1908,1463,5693,0.012103,0.987897,0.025709,0.974291
achever,1760-1770,1780-1789,0.657633,0.342367,775,1064,5699,0.027943,0.972057,0.016731,0.983269
entreprise,1740-1750,1750-1760,0.657395,0.342605,1981,1541,5704,0.009701,0.990299,0.015764,0.984236
vaincre,1730-1740,1780-1789,0.657388,0.342612,1075,2213,5706,0.013949,0.986051,0.015005,0.984995
ieu,1730-1740,1770-1780,0.657384,0.342616,167,293,5663,0.011348,0.988652,0.016661,0.983339
ier,1730-1740,1789-1802,0.657144,0.342856,300,3556,5697,0.014672,0.985328,0.047298,0.952702
citoyens,1720-1730,1730-1740,0.656987,0.343013,722,2767,5706,0.019855,0.980145,0.024338,0.975662
tir,1700-1710,1730-1740,0.65698,0.34302,1038,707,5692,0.018268,0.981732,0.068997,0.931003
presse,1700-1710,1789-1802,0.656893,0.343107,260,2248,5699,0.0269,0.9731,0.057109,0.942891
pouce,1730-1740,1740-1750,0.65684,0.34316,271,1981,5675,0.11716,0.88284,0.161456,0.838544
eti,1700-1710,1740-1750,0.656699,0.343301,494,260,5677,0.02673,0.97327,0.068141,0.931859
ventes,1730-1740,1760-1770,0.656586,0.343414,1108,1805,5673,0.023119,0.976881,0.028833,0.971167
rendoient,1750-1760,1760-1770,0.656492,0.343508,458,579,5688,0.02367,0.97633,0.01693,0.98307
nommé,1720-1730,1750-1760,0.656401,0.343599,2041,3441,5715,0.00833,0.99167,0.018371,0.981629
pri,1710-1720,1789-1802,0.656388,0.343612,613,3033,5687,0.00568,0.99432,0.025539,0.974461
éprouver,1710-1720,1720-1730,0.656258,0.343742,162,141,5703,0.007771,0.992229,0.016227,0.983773
fermiers,1780-1789,1789-1802,0.656244,0.343756,2280,2440,5677,0.014095,0.985905,0.015344,0.984656
certains,1710-1720,1789-1802,0.65619,0.34381,1449,4147,5713,0.009596,0.990404,0.020238,0.979762
revoir,1720-1730,1740-1750,0.656138,0.343862,361,1088,5701,0.015868,0.984132,0.01827,0.98173
inter,1700-1710,1780-1789,0.656094,0.343906,815,1867,5704,0.011606,0.988394,0.042963,0.957037
terme,1710-1720,1789-1802,0.655864,0.344136,2191,6158,5714,0.051365,0.948635,0.079729,0.920271
aui,1730-1740,1789-1802,0.655851,0.344149,240,1288,5681,0.019188,0.980812,0.057548,0.942452
malheur,1760-1770,1789-1802,0.6558,0.3442,4834,7952,5715,0.011761,0.988239,0.014514,0.985486
pensions,1760-1770,1789-1802,0.655754,0.344246,476,3410,5681,0.009874,0.990126,0.019328,0.980672
disputer,1770-1780,1789-1802,0.655629,0.344371,1158,802,5699,0.007322,0.992678,0.013346,0.986654
heureuses,1760-1770,1789-1802,0.655617,0.344383,526,889,5696,0.017644,0.982356,0.014602,0.985398
émotion,1700-1710,1710-1720,0.655514,0.344486,105,90,5683,0.012791,0.987209,0.021271,0.978729
éleve,1720-1730,1789-1802,0.655335,0.344665,132,377,5685,0.024195,0.975805,0.024925,0.975075
comédiens,1720-1730,1789-1802,0.655211,0.344789,83,639,5675,0.018872,0.981128,0.031646,0.968354
you,1740-1750,1789-1802,0.655133,0.344867,333,1504,5323,0.026814,0.973186,0.042283,0.957717
grosse,1720-1730,1760-1770,0.65508,0.34492,688,2241,5699,0.014113,0.985887,0.02421,0.97579
satisfaire,1720-1730,1770-1780,0.65477,0.34523,718,2816,5714,0.020437,0.979563,0.021161,0.978839
lon,1720-1730,1760-1770,0.654599,0.345401,1320,3146,5692,0.015026,0.984974,0.023499,0.976501
défend,1720-1730,1750-1760,0.654542,0.345458,418,1112,5704,0.010097,0.989903,0.016137,0.983863
dif,1720-1730,1740-1750,0.654484,0.345516,728,1519,5689,0.019265,0.980735,0.015272,0.984728
ante,1730-1740,1760-1770,0.654478,0.345522,1104,629,5696,0.050766,0.949234,0.064923,0.935077
cabinet,1770-1780,1789-1802,0.654458,0.345542,2881,3504,5709,0.006165,0.993835,0.015083,0.984917
ori,1730-1740,1789-1802,0.654271,0.345729,155,572,5686,0.009512,0.990488,0.038232,0.961768
mérite,1770-1780,1789-1802,0.65414,0.34586,11227,8929,5715,0.010017,0.989983,0.01514,0.98486
craint,1730-1740,1780-1789,0.654073,0.345927,1038,3418,5709,0.01465,0.98535,0.018325,0.981675
cordes,1740-1750,1760-1770,0.653688,0.346312,915,1534,5692,0.015935,0.984065,0.023507,0.976493
tirées,1750-1760,1760-1770,0.653673,0.346327,808,1170,5699,0.01458,0.98542,0.021139,0.978861
court,1700-1710,1740-1750,0.653624,0.346376,2448,3969,5715,0.022646,0.977354,0.061432,0.938568
vienne,1720-1730,1750-1760,0.65361,0.34639,1246,2455,5708,0.013384,0.986616,0.018316,0.981684
privilège,1700-1710,1789-1802,0.653507,0.346493,220,1602,5697,0.017131,0.982869,0.025177,0.974823
librement,1700-1710,1789-1802,0.6535,0.3465,362,1701,5699,0.012592,0.987408,0.019071,0.980929
hambourg,1720-1730,1730-1740,0.653401,0.346599,929,166,5647,0.123585,0.876415,0.053588,0.946412
empêche,1710-1720,1789-1802,0.653365,0.346635,396,975,5708,0.015798,0.984202,0.021726,0.978274
monte,1700-1710,1740-1750,0.653293,0.346707,2968,1210,5704,0.070751,0.929249,0.196426,0.803574
pierre,1700-1710,1789-1802,0.653115,0.346885,3399,10253,5716,0.007622,0.992378,0.01633,0.98367
supposition,1700-1710,1710-1720,0.653069,0.346931,124,133,5699,0.010818,0.989182,0.016559,0.983441
ect,1710-1720,1789-1802,0.652999,0.347001,124,678,5588,0.014678,0.985322,0.059496,0.940504
mnme,1710-1720,1740-1750,0.652854,0.347146,212,558,4146,0.020399,0.979601,0.048865,0.951135
distingué,1720-1730,1730-1740,0.65262,0.34738,206,451,5699,0.009253,0.990747,0.015203,0.984797
pouvez,1700-1710,1710-1720,0.652503,0.347497,983,896,5708,0.013599,0.986401,0.026644,0.973356
profiter,1740-1750,1750-1760,0.652489,0.347511,1232,1599,5706,0.013687,0.986313,0.018948,0.981052
fir,1710-1720,1740-1750,0.652346,0.347654,256,1211,5621,0.011892,0.988108,0.042659,0.957341
trou,1730-1740,1760-1770,0.652345,0.347655,2071,4917,5702,0.020163,0.979837,0.0338,0.9662
domaines,1730-1740,1789-1802,0.652165,0.347835,1137,4582,5679,0.018933,0.981067,0.056964,0.943036
ein,1730-1740,1750-1760,0.652118,0.347882,209,256,5667,0.010162,0.989838,0.034271,0.965729
député,1730-1740,1789-1802,0.651926,0.348074,518,5341,5676,0.032112,0.967888,0.033497,0.966503
tle,1710-1720,1750-1760,0.651878,0.348122,128,323,5684,0.010775,0.989225,0.027421,0.972579
félicité,1730-1740,1789-1802,0.651734,0.348266,563,2011,5699,0.028422,0.971578,0.019328,0.980672
valent,1700-1710,1730-1740,0.651556,0.348444,15322,360,5700,0.13474,0.86526,0.134785,0.865215
ombres,1750-1760,1780-1789,0.651437,0.348563,692,1143,5695,0.023249,0.976751,0.022903,0.977097
arlequin,1710-1720,1750-1760,0.651198,0.348802,1213,1406,5643,0.010732,0.989268,0.022488,0.977512
oreilles,1730-1740,1770-1780,0.651186,0.348814,669,2150,5708,0.014901,0.985099,0.019601,0.980399
char,1710-1720,1789-1802,0.65103,0.34897,1120,2249,5710,0.008644,0.991356,0.016364,0.983636
enseigner,1700-1710,1710-1720,0.650745,0.349255,136,132,5686,0.006449,0.993551,0.014371,0.985629
reine,1710-1720,1760-1770,0.650712,0.349288,2967,5266,5707,0.031451,0.968549,0.025875,0.974125
continuation,1700-1710,1760-1770,0.650597,0.349403,258,938,5704,0.012125,0.987875,0.027635,0.972365
uni,1730-1740,1789-1802,0.650595,0.349405,1020,3162,5709,0.008747,0.991253,0.017155,0.982845
triomphe,1720-1730,1789-1802,0.650581,0.349419,672,3125,5704,0.012689,0.987311,0.020226,0.979774
compare,1710-1720,1730-1740,0.650503,0.349497,241,327,5706,0.010271,0.989729,0.015833,0.984167
connoissance,1710-1720,1750-1760,0.650474,0.349526,3804,7242,5709,0.04003,0.95997,0.021133,0.978867
dispute,1700-1710,1750-1760,0.650331,0.349669,266,729,5700,0.008633,0.991367,0.014386,0.985614
écrite,1700-1710,1750-1760,0.650329,0.349671,468,845,5702,0.014754,0.985246,0.022088,0.977912
punition,1730-1740,1780-1789,0.650167,0.349833,926,1828,5697,0.013412,0.986588,0.017143,0.982857
extérieur,1700-1710,1760-1770,0.650139,0.349861,102,1412,5693,0.033101,0.966899,0.030658,0.969342
poi,1730-1740,1789-1802,0.650096,0.349904,559,1172,5678,0.008715,0.991285,0.023575,0.976425
vaches,1710-1720,1730-1740,0.650063,0.349937,395,254,5651,0.04248,0.95752,0.030123,0.969877
criminels,1770-1780,1789-1802,0.649956,0.350044,1039,1398,5685,0.009719,0.990281,0.013582,0.986418
traverser,1700-1710,1710-1720,0.649934,0.350066,111,185,5675,0.0107,0.9893,0.015579,0.984421
aire,1710-1720,1740-1750,0.649819,0.350181,297,517,5693,0.005473,0.994527,0.041005,0.958995
fiit,1710-1720,1720-1730,0.649769,0.350231,178,311,5642,0.018176,0.981824,0.032991,0.967009
aix,1700-1710,1740-1750,0.64974,0.35026,213,290,5686,0.016994,0.983006,0.062554,0.937446
univers,1710-1720,1730-1740,0.649523,0.350477,92,182,5707,0.017173,0.982827,0.023919,0.976081
oublier,1710-1720,1770-1780,0.649485,0.350515,418,2294,5711,0.00905,0.99095,0.016068,0.983932
claude,1700-1710,1770-1780,0.649198,0.350802,274,2216,5694,0.013591,0.986409,0.030212,0.969788
vents,1740-1750,1770-1780,0.649161,0.350839,2472,3544,5706,0.020811,0.979189,0.017394,0.982606
humain,1710-1720,1750-1760,0.649021,0.350979,831,2948,5709,0.02352,0.97648,0.026919,0.973081
serre,1740-1750,1789-1802,0.649,0.351,347,1087,5687,0.042029,0.957971,0.087995,0.912005
accuser,1700-1710,1720-1730,0.648968,0.351032,76,111,5697,0.032559,0.967441,0.018004,0.981996
dins,1700-1710,1789-1802,0.648817,0.351183,130,862,5661,0.02064,0.97936,0.050233,0.949767
fer,1740-1750,1780-1789,0.648709,0.351291,5857,15179,5715,0.01125,0.98875,0.021821,0.978179
circonstance,1770-1780,1780-1789,0.648627,0.351373,2018,2676,5709,0.009023,0.990977,0.013971,0.986029
points,1700-1710,1760-1770,0.64862,0.35138,477,3567,5713,0.022015,0.977985,0.036102,0.963898
violent,1750-1760,1760-1770,0.648377,0.351623,930,1195,5707,0.010084,0.989916,0.012369,0.987631
angleterre,1750-1760,1789-1802,0.648346,0.351654,3697,6534,5713,0.014652,0.985348,0.021017,0.978983
leçons,1700-1710,1710-1720,0.648328,0.351672,176,247,5709,0.009109,0.990891,0.01548,0.98452
actuellement,1700-1710,1710-1720,0.648237,0.351763,264,531,5708,0.013458,0.986542,0.023828,0.976172
eaux,1710-1720,1730-1740,0.64821,0.35179,2388,3923,5711,0.018605,0.981395,0.032575,0.967425
suivent,1710-1720,1770-1780,0.648115,0.351885,487,1723,5706,0.013202,0.986798,0.018828,0.981172
rougir,1750-1760,1780-1789,0.647985,0.352015,667,1370,5693,0.010047,0.989953,0.013912,0.986088
lès,1710-1720,1740-1750,0.64793,0.35207,298,402,5693,0.015805,0.984195,0.03344,0.96656
abbé,1740-1750,1789-1802,0.647898,0.352102,636,1330,5713,0.02198,0.97802,0.019898,0.980102
lés,1730-1740,1750-1760,0.647599,0.352401,398,958,5698,0.013246,0.986754,0.016264,0.983736
nommée,1760-1770,1780-1789,0.647575,0.352425,1264,2006,5695,0.00971,0.99029,0.021544,0.978456
deman,1700-1710,1740-1750,0.647377,0.352623,138,611,5667,0.011035,0.988965,0.031756,0.968244
aîné,1700-1710,1760-1770,0.647286,0.352714,431,314,5693,0.045207,0.954793,0.067012,0.932988
secourir,1760-1770,1789-1802,0.64716,0.35284,495,951,5674,0.022376,0.977624,0.01384,0.98616
tat,1750-1760,1789-1802,0.647128,0.352872,800,1206,5686,0.01426,0.98574,0.019805,0.980195
iun,1730-1740,1770-1780,0.647049,0.352951,124,669,5609,0.011134,0.988866,0.030964,0.969036
droits,1730-1740,1750-1760,0.647039,0.352961,17566,15312,5716,0.025179,0.974821,0.028913,0.971087
dudit,1710-1720,1740-1750,0.646909,0.353091,7305,4933,5692,0.042084,0.957916,0.027976,0.972024
artisans,1710-1720,1740-1750,0.64689,0.35311,386,215,5664,0.018298,0.981702,0.024774,0.975226
contribuer,1760-1770,1789-1802,0.646866,0.353134,1329,1629,5704,0.021534,0.978466,0.016557,0.983443
arrache,1750-1760,1760-1770,0.64678,0.35322,280,507,5690,0.014659,0.985341,0.011116,0.988884
ôter,1710-1720,1740-1750,0.646644,0.353356,907,1013,5706,0.022062,0.977938,0.020119,0.979881
asie,1700-1710,1770-1780,0.646593,0.353407,89,855,5687,0.017915,0.982085,0.036655,0.963345
horace,1730-1740,1789-1802,0.646528,0.353472,5187,811,5704,0.03545,0.96455,0.036691,0.963309
ett,1700-1710,1740-1750,0.646492,0.353508,329,271,5682,0.023058,0.976942,0.048289,0.951711
bleds,1760-1770,1789-1802,0.64648,0.35352,2693,863,5680,0.022117,0.977883,0.020341,0.979659
pass,1720-1730,1770-1780,0.646389,0.353611,466,729,5682,0.01314,0.98686,0.037124,0.962876
planter,1700-1710,1740-1750,0.646381,0.353619,648,359,5665,0.045002,0.954998,0.035497,0.964503
joui,1700-1710,1720-1730,0.646318,0.353682,160,211,5690,0.015189,0.984811,0.023729,0.976271
terreur,1740-1750,1789-1802,0.646292,0.353708,752,3666,5708,0.014367,0.985633,0.016132,0.983868
aine,1730-1740,1789-1802,0.646245,0.353755,174,726,5687,0.012792,0.987208,0.038039,0.961961
pouvons,1700-1710,1710-1720,0.646124,0.353876,922,641,5706,0.014442,0.985558,0.027797,0.972203
caresses,1700-1710,1720-1730,0.646087,0.353913,138,133,5672,0.017385,0.982615,0.022706,0.977294
his,1740-1750,1789-1802,0.646082,0.353918,1153,3898,5706,0.156125,0.843875,0.107655,0.892345
nir,1700-1710,1770-1780,0.645791,0.354209,412,1251,5689,0.010698,0.989302,0.032876,0.967124
enr,1720-1730,1740-1750,0.645779,0.354221,247,290,5661,0.008572,0.991428,0.011685,0.988315
rez,1710-1720,1789-1802,0.645686,0.354314,468,667,5682,0.011529,0.988471,0.027825,0.972175
aider,1710-1720,1789-1802,0.645556,0.354444,353,971,5709,0.012979,0.987021,0.017229,0.982771
bétail,1710-1720,1730-1740,0.645279,0.354721,358,235,5644,0.022507,0.977493,0.018802,0.981198
recueil,1720-1730,1770-1780,0.64507,0.35493,678,2073,5706,0.020145,0.979855,0.036821,0.963179
pesant,1710-1720,1730-1740,0.644934,0.355066,442,4640,5676,0.07336,0.92664,0.200674,0.799326
bouteille,1770-1780,1780-1789,0.644881,0.355119,1045,849,5666,0.014369,0.985631,0.022993,0.977007
poche,1780-1789,1789-1802,0.644782,0.355218,908,907,5669,0.012404,0.987596,0.021703,0.978297
exercices,1730-1740,1789-1802,0.644668,0.355332,560,786,5701,0.00974,0.99026,0.016156,0.983844
alarmes,1780-1789,1789-1802,0.644664,0.355336,904,893,5661,0.010397,0.989603,0.014534,0.985466
emporter,1740-1750,1750-1760,0.644617,0.355383,323,336,5706,0.011395,0.988605,0.018848,0.981152
parvenir,1700-1710,1740-1750,0.644604,0.355396,489,1502,5712,0.016775,0.983225,0.025071,0.974929
principes,1730-1740,1760-1770,0.644577,0.355423,2642,9819,5718,0.02085,0.97915,0.020711,0.979289
lus,1710-1720,1720-1730,0.644533,0.355467,419,425,5707,0.013391,0.986609,0.016297,0.983703
touché,1730-1740,1760-1770,0.64452,0.35548,1064,1153,5702,0.013554,0.986446,0.014971,0.985029
adam,1720-1730,1789-1802,0.644397,0.355603,305,600,5685,0.01548,0.98452,0.030548,0.969452
reprit,1720-1730,1770-1780,0.644312,0.355688,725,1951,5695,0.004136,0.995864,0.012375,0.987625
let,1700-1710,1710-1720,0.644297,0.355703,1422,607,5706,0.037764,0.962236,0.050451,0.949549
coin,1720-1730,1780-1789,0.644292,0.355708,902,2879,5702,0.007016,0.992984,0.016331,0.983669
amoureux,1710-1720,1780-1789,0.644226,0.355774,843,2277,5700,0.006982,0.993018,0.013762,0.986238
sieur,1720-1730,1740-1750,0.644222,0.355778,4603,6694,5700,0.052137,0.947863,0.049138,0.950862
make,1770-1780,1789-1802,0.644178,0.355822,801,593,4230,0.04883,0.95117,0.046887,0.953113
vile,1710-1720,1770-1780,0.644095,0.355905,253,878,5687,0.028595,0.971405,0.024497,0.975503
compagnon,1720-1730,1780-1789,0.643878,0.356122,280,1103,5689,0.00988,0.99012,0.017653,0.982347
pleurer,1720-1730,1730-1740,0.64383,0.35617,264,480,5700,0.012614,0.987386,0.013275,0.986725
sache,1700-1710,1760-1770,0.643797,0.356203,115,514,5660,0.026212,0.973788,0.022181,0.977819
couronne,1720-1730,1770-1780,0.643475,0.356525,2571,6749,5707,0.016539,0.983461,0.025594,0.974406
sauver,1730-1740,1780-1789,0.643434,0.356566,651,1498,5700,0.011986,0.988014,0.018476,0.981524
dle,1720-1730,1789-1802,0.643427,0.356573,669,7037,5637,0.01315,0.98685,0.057211,0.942789
regard,1700-1710,1789-1802,0.643383,0.356617,535,1958,5708,0.046408,0.953592,0.137512,0.862488
étonner,1720-1730,1780-1789,0.643321,0.356679,76,429,5699,0.076557,0.923443,0.042682,0.957318
caton,1700-1710,1710-1720,0.643292,0.356708,459,487,5685,0.009085,0.990915,0.030092,0.969908
écarter,1700-1710,1710-1720,0.643116,0.356884,66,126,5706,0.017032,0.982968,0.022089,0.977911
seine,1700-1710,1789-1802,0.643112,0.356888,112,1651,5682,0.034848,0.965152,0.045983,0.954017
poser,1710-1720,1740-1750,0.643109,0.356891,284,542,5698,0.022328,0.977672,0.022667,0.977333
tirer,1700-1710,1710-1720,0.642863,0.357137,2612,3541,5715,0.011303,0.988697,0.019397,0.980603
degrés,1710-1720,1740-1750,0.642842,0.357158,292,3915,5700,0.113789,0.886211,0.122821,0.877179
chevalier,1700-1710,1710-1720,0.64282,0.35718,1939,2108,5709,0.016183,0.983817,0.023348,0.976652
entr,1700-1710,1750-1760,0.642572,0.357428,214,457,5703,0.010151,0.989849,0.023366,0.976634
ora,1730-1740,1789-1802,0.642408,0.357592,438,485,5670,0.020039,0.979961,0.044417,0.955583
intendant,1750-1760,1760-1770,0.642397,0.357603,630,689,5692,0.013806,0.986194,0.023065,0.976935
mademoiselle,1760-1770,1789-1802,0.64225,0.35775,3817,3923,5683,0.011766,0.988234,0.019401,0.980599
florence,1730-1740,1770-1780,0.642234,0.357766,843,1199,5683,0.019384,0.980616,0.034173,0.965827
trés,1730-1740,1750-1760,0.642229,0.357771,238,315,5674,0.023358,0.976642,0.030582,0.969418
médecine,1710-1720,1760-1770,0.642177,0.357823,186,1424,5689,0.010849,0.989151,0.020374,0.979626
publier,1740-1750,1789-1802,0.641969,0.358031,1084,1998,5701,0.013905,0.986095,0.02182,0.97818
desseins,1710-1720,1760-1770,0.641818,0.358182,1076,1392,5693,0.028719,0.971281,0.03232,0.96768
momens,1730-1740,1750-1760,0.641719,0.358281,863,1342,5699,0.022871,0.977129,0.019102,0.980898
indignation,1750-1760,1780-1789,0.641636,0.358364,334,861,5698,0.024808,0.975192,0.01893,0.98107
religion,1720-1730,1740-1750,0.64163,0.35837,3909,8261,5714,0.016578,0.983422,0.024696,0.975304
appercevoir,1700-1710,1750-1760,0.641599,0.358401,94,851,5705,0.032453,0.967547,0.025888,0.974112
membre,1710-1720,1789-1802,0.641586,0.358414,370,4943,5705,0.050492,0.949508,0.060397,0.939603
richard,1710-1720,1760-1770,0.641533,0.358467,171,1161,5676,0.014605,0.985395,0.02574,0.97426
gagner,1730-1740,1740-1750,0.641489,0.358511,1520,1907,5707,0.012399,0.987601,0.013393,0.986607
cen,1710-1720,1789-1802,0.641392,0.358608,278,1249,5687,0.012758,0.987242,0.014669,0.985331
consoler,1700-1710,1720-1730,0.641298,0.358702,378,259,5692,0.031135,0.968865,0.017997,0.982003
malheureusement,1700-1710,1780-1789,0.641113,0.358887,98,1632,5701,0.021718,0.978282,0.02551,0.97449
travailler,1710-1720,1730-1740,0.640955,0.359045,1168,1329,5711,0.010949,0.989051,0.014084,0.985916
couteau,1760-1770,1770-1780,0.640919,0.359081,905,1520,5683,0.011594,0.988406,0.017327,0.982673
ordonnance,1700-1710,1789-1802,0.640565,0.359435,687,2769,5699,0.020041,0.979959,0.03424,0.96576
habitent,1720-1730,1730-1740,0.64044,0.35956,327,288,5678,0.014396,0.985604,0.024931,0.975069
naturelles,1750-1760,1770-1780,0.640426,0.359574,1580,1892,5710,0.019246,0.980754,0.020236,0.979764
dise,1700-1710,1710-1720,0.640288,0.359712,193,374,5685,0.017013,0.982987,0.029426,0.970574
effectivement,1730-1740,1770-1780,0.640281,0.359719,525,782,5690,0.007129,0.992871,0.017413,0.982587
mettez,1750-1760,1780-1789,0.640193,0.359807,1609,1353,5689,0.024502,0.975498,0.031529,0.968471
your,1770-1780,1789-1802,0.640156,0.359844,719,622,3670,0.050894,0.949106,0.041465,0.958535
perdit,1730-1740,1740-1750,0.640141,0.359859,774,777,5693,0.017885,0.982115,0.016314,0.983686
florins,1700-1710,1780-1789,0.640112,0.359888,2078,1648,5660,0.043619,0.956381,0.050862,0.949138
arrêter,1700-1710,1710-1720,0.640102,0.359898,535,818,5714,0.01015,0.98985,0.019215,0.980785
intérêt,1710-1720,1730-1740,0.639818,0.360182,972,1186,5714,0.017063,0.982937,0.019072,0.980928
maitre,1700-1710,1720-1730,0.639735,0.360265,896,1115,5687,0.012336,0.987664,0.023185,0.976815
donnés,1710-1720,1730-1740,0.63968,0.36032,348,619,5698,0.017849,0.982151,0.020209,0.979791
cap,1700-1710,1789-1802,0.63948,0.36052,1727,5575,5711,0.017425,0.982575,0.029617,0.970383
environ,1700-1710,1710-1720,0.63937,0.36063,1293,1912,5707,0.009966,0.990034,0.030581,0.969419
tur,1760-1770,1780-1789,0.639336,0.360664,603,691,5676,0.008362,0.991638,0.014859,0.985141
spectacles,1710-1720,1770-1780,0.639028,0.360972,178,1155,5685,0.008493,0.991507,0.016607,0.983393
veines,1760-1770,1770-1780,0.639002,0.360998,2026,2222,5685,0.025327,0.974673,0.022604,0.977396
lignes,1700-1710,1730-1740,0.638849,0.361151,536,1328,5707,0.017031,0.982969,0.023762,0.976238
mau,1720-1730,1770-1780,0.638802,0.361198,295,812,5680,0.013023,0.986977,0.015826,0.984174
coutumes,1740-1750,1780-1789,0.638416,0.361584,1168,1337,5685,0.018164,0.981836,0.021338,0.978662
devenir,1700-1710,1710-1720,0.638393,0.361607,707,812,5713,0.013991,0.986009,0.015912,0.984088
fixer,1710-1720,1750-1760,0.638343,0.361657,382,1661,5708,0.012331,0.987669,0.017507,0.982493
ignorant,1710-1720,1789-1802,0.638329,0.361671,157,830,5704,0.00827,0.99173,0.01239,0.98761
aile,1700-1710,1780-1789,0.638253,0.361747,172,547,5690,0.016519,0.983481,0.029501,0.970499
prier,1700-1710,1750-1760,0.638109,0.361891,638,949,5700,0.012429,0.987571,0.019953,0.980047
regle,1710-1720,1730-1740,0.638092,0.361908,1715,908,5694,0.014882,0.985118,0.020475,0.979525
rte,1710-1720,1730-1740,0.638015,0.361985,132,123,5664,0.012186,0.987814,0.030672,0.969328
souveraineté,1730-1740,1789-1802,0.638006,0.361994,700,2606,5670,0.037204,0.962796,0.039437,0.960563
sable,1720-1730,1789-1802,0.637788,0.362212,563,922,5650,0.056889,0.943111,0.071595,0.928405
cote,1750-1760,1789-1802,0.63778,0.36222,395,1192,5679,0.029957,0.970043,0.042191,0.957809
poëte,1750-1760,1789-1802,0.637647,0.362353,2375,672,5697,0.03722,0.96278,0.020101,0.979899
illustres,1710-1720,1789-1802,0.637578,0.362422,352,750,5700,0.018106,0.981894,0.020918,0.979082
carte,1700-1710,1740-1750,0.637537,0.362463,578,1553,5686,0.056153,0.943847,0.042401,0.957599
grave,1720-1730,1789-1802,0.637512,0.362488,501,1707,5705,0.02455,0.97545,0.025868,0.974132
etat,1700-1710,1760-1770,0.637465,0.362535,696,4491,5716,0.027307,0.972693,0.025324,0.974676
fixes,1700-1710,1789-1802,0.637255,0.362745,84,1681,5682,0.014659,0.985341,0.025695,0.974305
ménager,1720-1730,1750-1760,0.637195,0.362805,313,990,5695,0.008632,0.991368,0.013832,0.986168
ete,1700-1710,1720-1730,0.637168,0.362832,200,700,5675,0.12568,0.87432,0.080969,0.919031
nent,1760-1770,1770-1780,0.637061,0.362939,1604,2004,5691,0.008698,0.991302,0.021884,0.978116
papier,1710-1720,1789-1802,0.636836,0.363164,1075,9121,5711,0.029331,0.970669,0.038247,0.961753
arabes,1700-1710,1720-1730,0.636746,0.363254,176,194,5678,0.020824,0.979176,0.033613,0.966387
baron,1700-1710,1730-1740,0.636672,0.363328,533,1848,5691,0.024021,0.975979,0.044465,0.955535
espoir,1780-1789,1789-1802,0.636649,0.363351,1910,2138,5705,0.01198,0.98802,0.015266,0.984734
odieux,1730-1740,1750-1760,0.636603,0.363397,934,1258,5705,0.007199,0.992801,0.014258,0.985742
assis,1770-1780,1780-1789,0.636408,0.363592,730,944,5685,0.007351,0.992649,0.01221,0.98779
appartiennent,1700-1710,1740-1750,0.636351,0.363649,298,862,5707,0.017391,0.982609,0.030715,0.969285
décider,1700-1710,1740-1750,0.636026,0.363974,211,859,5707,0.013608,0.986392,0.018343,0.981657
remarque,1700-1710,1740-1750,0.635786,0.364214,1305,2373,5711,0.011488,0.988512,0.020772,0.979228
volontairement,1700-1710,1740-1750,0.635754,0.364246,194,576,5688,0.010362,0.989638,0.018279,0.981721
prouve,1700-1710,1710-1720,0.635629,0.364371,491,557,5714,0.009555,0.990445,0.016242,0.983758
morale,1740-1750,1789-1802,0.635488,0.364512,1372,6473,5709,0.026852,0.973148,0.016252,0.983748
employées,1750-1760,1780-1789,0.635327,0.364673,507,1251,5693,0.017438,0.982562,0.024929,0.975071
exactitude,1780-1789,1789-1802,0.635196,0.364804,905,843,5701,0.029235,0.970765,0.0201,0.9799
toscane,1700-1710,1780-1789,0.635192,0.364808,114,497,5656,0.031452,0.968548,0.033586,0.966414
mime,1730-1740,1740-1750,0.635055,0.364945,435,728,5678,0.014297,0.985703,0.036571,0.963429
requête,1710-1720,1789-1802,0.63505,0.36495,3515,1067,5679,0.04689,0.95311,0.047998,0.952002
harmonie,1730-1740,1789-1802,0.634943,0.365057,160,862,5703,0.029105,0.970895,0.023512,0.976488
finesse,1710-1720,1720-1730,0.63482,0.36518,148,149,5697,0.021853,0.978147,0.016485,0.983515
espagnole,1720-1730,1750-1760,0.634766,0.365234,167,334,5665,0.01034,0.98966,0.022002,0.977998
cur,1730-1740,1789-1802,0.634664,0.365336,665,1067,5679,0.02026,0.97974,0.066759,0.933241
nie,1730-1740,1789-1802,0.634627,0.365373,852,4090,5711,0.009695,0.990305,0.022549,0.977451
remédier,1730-1740,1789-1802,0.634534,0.365466,292,1099,5688,0.021929,0.978071,0.026338,0.973662
attendez,1770-1780,1780-1789,0.634291,0.365709,488,546,5681,0.005503,0.994497,0.009249,0.990751
terribles,1700-1710,1770-1780,0.634277,0.365723,192,1178,5702,0.033566,0.966434,0.020725,0.979275
hâter,1700-1710,1720-1730,0.634236,0.365764,92,97,5676,0.032859,0.967141,0.024023,0.975977
objection,1710-1720,1789-1802,0.634015,0.365985,493,1098,5700,0.038263,0.961737,0.046813,0.953187
moeurs,1730-1740,1770-1780,0.633819,0.366181,2322,10542,5706,0.022716,0.977284,0.02119,0.97881
cla,1710-1720,1770-1780,0.633657,0.366343,146,363,5664,0.004855,0.995145,0.017618,0.982382
délicieux,1720-1730,1750-1760,0.633652,0.366348,127,470,5689,0.010737,0.989263,0.018247,0.981753
contrée,1700-1710,1789-1802,0.633399,0.366601,83,1481,5684,0.043917,0.956083,0.038175,0.961825
ciel,1710-1720,1740-1750,0.633375,0.366625,3357,6784,5714,0.013895,0.986105,0.026651,0.973349
fra,1730-1740,1770-1780,0.633308,0.366692,322,536,5679,0.010195,0.989805,0.032333,0.967667
certaines,1740-1750,1750-1760,0.63327,0.36673,2139,2571,5711,0.011194,0.988806,0.01996,0.98004
jeunesse,1710-1720,1730-1740,0.633086,0.366914,793,1458,5708,0.011317,0.988683,0.015621,0.984379
branche,1720-1730,1740-1750,0.632892,0.367108,654,592,5695,0.020821,0.979179,0.024495,0.975505
chat,1700-1710,1740-1750,0.632874,0.367126,202,420,5686,0.008776,0.991224,0.023282,0.976718
abandonné,1720-1730,1789-1802,0.632812,0.367188,471,1846,5703,0.008065,0.991935,0.015055,0.984945
ports,1710-1720,1760-1770,0.632737,0.367263,2283,4274,5702,0.027303,0.972697,0.031078,0.968922
ceinture,1710-1720,1730-1740,0.632737,0.367263,214,194,5692,0.008958,0.991042,0.016703,0.983297
egypte,1710-1720,1740-1750,0.632666,0.367334,152,357,5693,0.036065,0.963935,0.022903,0.977097
apôtre,1710-1720,1720-1730,0.632441,0.367559,260,83,5643,0.021077,0.978923,0.01522,0.98478
peuvent,1710-1720,1720-1730,0.632302,0.367698,4994,5039,5720,0.021076,0.978924,0.024022,0.975978
constitution,1710-1720,1789-1802,0.632294,0.367706,670,14341,5708,0.033288,0.966712,0.043186,0.956814
conclu,1710-1720,1760-1770,0.632291,0.367709,321,642,5695,0.015252,0.984748,0.023777,0.976223
fou,1720-1730,1760-1770,0.632257,0.367743,2169,4976,5714,0.005441,0.994559,0.012318,0.987682
attacher,1700-1710,1780-1789,0.632091,0.367909,203,861,5714,0.038337,0.961663,0.021972,0.978028
réglé,1700-1710,1750-1760,0.632086,0.367914,215,776,5695,0.019362,0.980638,0.018314,0.981686
capables,1710-1720,1730-1740,0.632073,0.367927,966,1548,5706,0.013848,0.986152,0.023354,0.976646
abuse,1710-1720,1789-1802,0.63204,0.36796,88,428,5672,0.023964,0.976036,0.097614,0.902386
ens,1700-1710,1770-1780,0.632009,0.367991,288,835,5688,0.008317,0.991683,0.020352,0.979648
pleinement,1710-1720,1789-1802,0.631974,0.368026,503,607,5691,0.022638,0.977362,0.034187,0.965813
sortie,1730-1740,1740-1750,0.631935,0.368065,3789,919,5700,0.027546,0.972454,0.035015,0.964985
blé,1740-1750,1780-1789,0.631505,0.368495,1194,1847,5678,0.035429,0.964571,0.044802,0.955198
tenues,1760-1770,1789-1802,0.631426,0.368574,538,744,5678,0.022613,0.977387,0.023233,0.976767
navarre,1710-1720,1789-1802,0.63138,0.36862,798,813,5694,0.022684,0.977316,0.057972,0.942028
obligations,1700-1710,1730-1740,0.631304,0.368696,392,516,5693,0.011692,0.988308,0.026972,0.973028
veuves,1710-1720,1789-1802,0.631237,0.368763,344,618,5670,0.038197,0.961803,0.035169,0.964831
vice,1720-1730,1789-1802,0.631202,0.368798,1485,4513,5713,0.013055,0.986945,0.021026,0.978974
sauvé,1750-1760,1789-1802,0.631172,0.368828,176,904,5665,0.018303,0.981697,0.020232,0.979768
dou,1720-1730,1780-1789,0.631152,0.368848,373,1722,5689,0.015286,0.984714,0.022112,0.977888
pic,1730-1740,1789-1802,0.63111,0.36889,171,731,5664,0.006431,0.993569,0.023996,0.976004
ati,1720-1730,1760-1770,0.631014,0.368986,205,293,5673,0.007329,0.992671,0.030654,0.969346
her,1770-1780,1789-1802,0.631001,0.368999,2407,1600,5687,0.022166,0.977834,0.030131,0.969869
aie,1720-1730,1760-1770,0.630878,0.369122,321,470,5704,0.018568,0.981432,0.032157,0.967843
lde,1720-1730,1789-1802,0.630801,0.369199,192,2132,5278,0.013239,0.986761,0.050761,0.949239
tige,1730-1740,1780-1789,0.630749,0.369251,253,2495,5671,0.049739,0.950261,0.02867,0.97133
convient,1700-1710,1730-1740,0.630623,0.369377,725,1649,5715,0.015022,0.984978,0.022134,0.977866
orientales,1730-1740,1760-1770,0.630563,0.369437,672,1317,5678,0.047594,0.952406,0.031668,0.968332
pieces,1700-1710,1720-1730,0.630388,0.369612,2777,2810,5708,0.02484,0.97516,0.059837,0.940163
moulin,1700-1710,1760-1770,0.630355,0.369645,300,1549,5683,0.021182,0.978818,0.031749,0.968251
docteur,1700-1710,1789-1802,0.630339,0.369661,383,2739,5693,0.024311,0.975689,0.046473,0.953527
insensible,1710-1720,1789-1802,0.630277,0.369723,167,945,5699,0.010939,0.989061,0.01581,0.98419
ours,1700-1710,1789-1802,0.630236,0.369764,559,1063,5695,0.02927,0.97073,0.076423,0.923577
accompagnée,1720-1730,1770-1780,0.630121,0.369879,254,797,5701,0.016375,0.983625,0.023248,0.976752
ieur,1710-1720,1740-1750,0.630027,0.369973,486,452,5657,0.02125,0.97875,0.059491,0.940509
amsterdam,1720-1730,1730-1740,0.629981,0.370019,2008,381,5682,0.098015,0.901985,0.040227,0.959773
doré,1720-1730,1760-1770,0.62992,0.37008,541,374,5671,0.026999,0.973001,0.040031,0.959969
approchant,1710-1720,1730-1740,0.629911,0.370089,106,149,5685,0.031863,0.968137,0.017967,0.982033
juge,1700-1710,1740-1750,0.629802,0.370198,2398,4634,5713,0.022625,0.977375,0.022152,0.977848
comté,1720-1730,1789-1802,0.629594,0.370406,1968,2694,5677,0.040402,0.959598,0.033303,0.966697
funestes,1760-1770,1770-1780,0.629566,0.370434,1051,1647,5692,0.019621,0.980379,0.015743,0.984257
moine,1710-1720,1780-1789,0.628898,0.371102,187,931,5676,0.00875,0.99125,0.014107,0.985893
sentiment,1700-1710,1730-1740,0.628825,0.371175,1502,3363,5714,0.016997,0.983003,0.022438,0.977562
multitude,1700-1710,1710-1720,0.628783,0.371217,292,542,5707,0.035367,0.964633,0.02429,0.97571
lance,1750-1760,1789-1802,0.628749,0.371251,637,1290,5702,0.005028,0.994972,0.013415,0.986585
jets,1700-1710,1789-1802,0.628652,0.371348,265,706,5679,0.018259,0.981741,0.033208,0.966792
route,1710-1720,1760-1770,0.628525,0.371475,1382,5728,5715,0.009078,0.990922,0.013923,0.986077
traites,1740-1750,1760-1770,0.628523,0.371477,167,620,5664,0.021351,0.978649,0.027754,0.972246
gran,1710-1720,1780-1789,0.628404,0.371596,363,1349,5693,0.012771,0.987229,0.018966,0.981034
cruelle,1770-1780,1780-1789,0.628316,0.371684,2666,3168,5704,0.012622,0.987378,0.013535,0.986465
bassesse,1700-1710,1770-1780,0.62828,0.37172,72,736,5661,0.083439,0.916561,0.017974,0.982026
planche,1720-1730,1740-1750,0.628186,0.371814,867,777,5687,0.015801,0.984199,0.047497,0.952503
vel,1720-1730,1780-1789,0.628105,0.371895,3322,1655,5690,0.157315,0.842685,0.060675,0.939325
familles,1780-1789,1789-1802,0.628064,0.371936,3441,3837,5710,0.010201,0.989799,0.017109,0.982891
lot,1740-1750,1789-1802,0.628022,0.371978,272,1101,5689,0.007333,0.992667,0.017445,0.982555
item,1710-1720,1789-1802,0.627922,0.372078,1213,852,5670,0.036108,0.963892,0.138068,0.861932
sombre,1760-1770,1770-1780,0.627798,0.372202,578,900,5691,0.009161,0.990839,0.013738,0.986262
ien,1720-1730,1740-1750,0.627669,0.372331,450,501,5689,0.012349,0.987651,0.047429,0.952571
obtient,1710-1720,1770-1780,0.627648,0.372352,140,992,5692,0.018364,0.981636,0.019244,0.980756
jura,1700-1710,1789-1802,0.627634,0.372366,115,643,5675,0.013859,0.986141,0.03138,0.96862
voler,1700-1710,1760-1770,0.627632,0.372368,227,714,5690,0.012382,0.987618,0.016748,0.983252
pardonnez,1720-1730,1789-1802,0.627616,0.372384,102,737,5672,0.019816,0.980184,0.020434,0.979566
unies,1700-1710,1730-1740,0.627565,0.372435,509,1441,5689,0.01156,0.98844,0.023312,0.976688
pompée,1700-1710,1730-1740,0.627553,0.372447,1890,1352,5671,0.012484,0.987516,0.019698,0.980302
chap,1700-1710,1770-1780,0.627404,0.372596,1407,11554,5709,0.015574,0.984426,0.048222,0.951778
tot,1700-1710,1780-1789,0.627075,0.372925,575,1343,5680,0.011223,0.988777,0.029376,0.970624
attribue,1700-1710,1760-1770,0.62705,0.37295,159,1080,5710,0.017461,0.982539,0.020559,0.979441
millions,1700-1710,1710-1720,0.62705,0.37295,728,856,5706,0.019912,0.980088,0.041786,0.958214
urs,1730-1740,1740-1750,0.627038,0.372962,259,531,5680,0.015293,0.984707,0.042673,0.957327
petite,1760-1770,1780-1789,0.626964,0.373036,11852,15191,5715,0.010343,0.989657,0.019495,0.980505
citation,1700-1710,1770-1780,0.626938,0.373062,50,324,5631,0.014524,0.985476,0.053278,0.946722
souffrir,1700-1710,1730-1740,0.626874,0.373126,1068,2137,5711,0.012562,0.987438,0.018946,0.981054
projet,1710-1720,1720-1730,0.62671,0.37329,1207,1121,5713,0.014888,0.985112,0.017683,0.982317
digne,1720-1730,1750-1760,0.626497,0.373503,1876,4164,5716,0.019499,0.980501,0.017483,0.982517
them,1720-1730,1789-1802,0.62635,0.37365,835,1339,3215,0.058948,0.941052,0.050561,0.949439
lumiere,1730-1740,1789-1802,0.626157,0.373843,874,651,5679,0.008899,0.991101,0.018164,0.981836
rat,1710-1720,1750-1760,0.625899,0.374101,204,359,5684,0.004794,0.995206,0.013514,0.986486
mémoires,1700-1710,1720-1730,0.625814,0.374186,283,763,5705,0.014645,0.985355,0.01857,0.98143
lia,1700-1710,1750-1760,0.62581,0.37419,367,356,5693,0.013464,0.986536,0.037079,0.962921
verbal,1700-1710,1789-1802,0.625318,0.374682,728,2095,5668,0.044944,0.955056,0.042731,0.957269
imagination,1710-1720,1750-1760,0.625141,0.374859,335,1331,5712,0.011093,0.988907,0.01671,0.98329
evêques,1700-1710,1720-1730,0.624913,0.375087,853,824,5654,0.088064,0.911936,0.04655,0.95345
traits,1740-1750,1750-1760,0.624825,0.375175,2241,3860,5715,0.011095,0.988905,0.015897,0.984103
oppose,1720-1730,1730-1740,0.624615,0.375385,211,292,5702,0.016134,0.983866,0.015984,0.984016
graves,1700-1710,1789-1802,0.624609,0.375391,200,1263,5699,0.036251,0.963749,0.051873,0.948127
longueur,1730-1740,1740-1750,0.624535,0.375465,1217,3740,5709,0.061934,0.938066,0.03022,0.96978
surprendre,1700-1710,1760-1770,0.624459,0.375541,288,656,5694,0.007344,0.992656,0.014762,0.985238
pit,1710-1720,1720-1730,0.624373,0.375627,114,220,5644,0.005326,0.994674,0.01876,0.98124
licence,1720-1730,1789-1802,0.624354,0.375646,297,1332,5697,0.011823,0.988177,0.028321,0.971679
jeux,1700-1710,1750-1760,0.624234,0.375766,956,1635,5709,0.017077,0.982923,0.020883,0.979117
meurtre,1720-1730,1750-1760,0.62423,0.37577,254,503,5688,0.012138,0.987862,0.018709,0.981291
écorce,1710-1720,1780-1789,0.624123,0.375877,142,710,5675,0.03169,0.96831,0.022581,0.977419
colonies,1730-1740,1760-1770,0.624118,0.375882,667,3770,5703,0.018544,0.981456,0.022719,0.977281
attentat,1710-1720,1789-1802,0.623904,0.376096,115,732,5673,0.013977,0.986023,0.018776,0.981224
devenue,1710-1720,1720-1730,0.623867,0.376133,263,270,5706,0.0098,0.9902,0.017352,0.982648
nez,1720-1730,1760-1770,0.623787,0.376213,859,1209,5702,0.02523,0.97477,0.036469,0.963531
gentilhomme,1710-1720,1730-1740,0.623617,0.376383,635,730,5687,0.024718,0.975282,0.018248,0.981752
imitation,1720-1730,1780-1789,0.623249,0.376751,118,660,5702,0.012979,0.987021,0.023964,0.976036
mérité,1780-1789,1789-1802,0.623165,0.376835,1778,1737,5702,0.011231,0.988769,0.014607,0.985393
écus,1710-1720,1760-1770,0.623098,0.376902,969,2491,5690,0.028641,0.971359,0.041903,0.958097
osa,1700-1710,1740-1750,0.622801,0.377199,75,102,5663,0.025571,0.974429,0.023275,0.976725
was,1770-1780,1789-1802,0.622796,0.377204,3541,2149,4984,0.036141,0.963859,0.039977,0.960023
faut,1700-1710,1710-1720,0.622682,0.377318,19145,19584,5721,0.019394,0.980606,0.026915,0.973085
lois,1720-1730,1789-1802,0.622471,0.377529,743,14264,5700,0.110425,0.889575,0.068895,0.931105
conçu,1710-1720,1720-1730,0.622315,0.377685,128,137,5699,0.009139,0.990861,0.01679,0.98321
créance,1710-1720,1789-1802,0.622252,0.377748,139,932,5673,0.031754,0.968246,0.029645,0.970355
connoissancent,1770-1780,1789-1802,0.62205,0.37795,1954,1356,5693,0.033906,0.966094,0.029734,0.970266
imiter,1720-1730,1730-1740,0.621962,0.378038,395,487,5711,0.016189,0.983811,0.016843,0.983157
reconnoître,1710-1720,1789-1802,0.621877,0.378123,466,1748,5701,0.041812,0.958188,0.01533,0.98467
rues,1710-1720,1760-1770,0.621671,0.378329,1429,1376,5701,0.026566,0.973434,0.024965,0.975035
from,1700-1710,1760-1770,0.621614,0.378386,1066,1795,5274,0.030464,0.969536,0.064221,0.935779
tarif,1700-1710,1730-1740,0.621594,0.378406,351,7488,5654,0.159102,0.840898,0.186921,0.813079
tre,1700-1710,1730-1740,0.621578,0.378422,4012,5653,5710,0.009224,0.990776,0.024199,0.975801
droite,1720-1730,1750-1760,0.621484,0.378516,1896,2171,5711,0.022627,0.977373,0.018108,0.981892
justement,1710-1720,1789-1802,0.621358,0.378642,547,1188,5703,0.017594,0.982406,0.024698,0.975302
contentement,1700-1710,1780-1789,0.621246,0.378754,233,1185,5684,0.029755,0.970245,0.021309,0.978691
sentit,1730-1740,1770-1780,0.621117,0.378883,542,1020,5685,0.010439,0.989561,0.016545,0.983455
rétablir,1730-1740,1740-1750,0.621106,0.378894,1078,1016,5703,0.009377,0.990623,0.014875,0.985125
avare,1710-1720,1770-1780,0.62056,0.37944,207,705,5681,0.015206,0.984794,0.01363,0.98637
liberté,1710-1720,1789-1802,0.620526,0.379474,3639,32746,5717,0.04812,0.95188,0.04847,0.95153
fournit,1710-1720,1720-1730,0.620357,0.379643,686,960,5709,0.009482,0.990518,0.020915,0.979085
tis,1700-1710,1780-1789,0.620237,0.379763,695,818,5697,0.020584,0.979416,0.072731,0.927269
orateur,1750-1760,1789-1802,0.620034,0.379966,378,1001,5699,0.020814,0.979186,0.016537,0.983463
romans,1720-1730,1730-1740,0.619945,0.380055,208,691,5683,0.064082,0.935918,0.069981,0.930019
aufi,1700-1710,1770-1780,0.619893,0.380107,289,1191,4997,0.018405,0.981595,0.052401,0.947599
peaux,1770-1780,1780-1789,0.619775,0.380225,1303,1700,5677,0.011297,0.988703,0.016195,0.983805
grèce,1700-1710,1730-1740,0.619744,0.380256,97,1026,5698,0.029961,0.970039,0.042388,0.957612
jes,1710-1720,1720-1730,0.619513,0.380487,243,336,5695,0.009219,0.990781,0.030986,0.969014
longs,1740-1750,1760-1770,0.619321,0.380679,901,1709,5710,0.013495,0.986505,0.019217,0.980783
provisions,1710-1720,1730-1740,0.619239,0.380761,1038,445,5694,0.017729,0.982271,0.018461,0.981539
iur,1730-1740,1789-1802,0.619078,0.380922,407,1027,5683,0.017978,0.982022,0.060443,0.939557
pense,1710-1720,1720-1730,0.618937,0.381063,1015,1175,5715,0.010649,0.989351,0.018976,0.981024
noire,1730-1740,1789-1802,0.618872,0.381128,728,2417,5706,0.012916,0.987084,0.022231,0.977769
entré,1750-1760,1760-1770,0.618788,0.381212,730,1900,5700,0.032959,0.967041,0.039282,0.960718
monarque,1710-1720,1740-1750,0.618764,0.381236,425,1349,5701,0.030064,0.969936,0.016918,0.983082
anne,1730-1740,1760-1770,0.618603,0.381397,507,1329,5694,0.014848,0.985152,0.017534,0.982466
suppose,1700-1710,1730-1740,0.618422,0.381578,592,694,5715,0.010937,0.989063,0.018957,0.981043
verre,1710-1720,1770-1780,0.618419,0.381581,800,6100,5696,0.022808,0.977192,0.030001,0.969999
fermes,1700-1710,1780-1789,0.618348,0.381652,284,5032,5694,0.03856,0.96144,0.049578,0.950422
éloigner,1720-1730,1770-1780,0.617927,0.382073,170,788,5704,0.043581,0.956419,0.017909,0.982091
double,1700-1710,1750-1760,0.617909,0.382091,1145,2518,5717,0.012385,0.987615,0.025979,0.974021
ient,1700-1710,1720-1730,0.61776,0.38224,346,228,5676,0.02022,0.97978,0.0583,0.9417
cre,1700-1710,1760-1770,0.617712,0.382288,384,657,5685,0.009848,0.990152,0.034724,0.965276
retient,1700-1710,1720-1730,0.617509,0.382491,218,220,5700,0.009847,0.990153,0.017944,0.982056
ingrat,1770-1780,1780-1789,0.61742,0.38258,959,853,5692,0.006463,0.993537,0.010709,0.989291
jacques,1780-1789,1789-1802,0.617316,0.382684,4246,3457,5706,0.015135,0.984865,0.020213,0.979787
francfort,1720-1730,1730-1740,0.617123,0.382877,652,129,5617,0.020421,0.979579,0.033505,0.966495
vices,1760-1770,1789-1802,0.617113,0.382887,2219,4472,5710,0.015362,0.984638,0.014236,0.985764
any,1710-1720,1770-1780,0.616793,0.383207,229,1490,5030,0.032867,0.967133,0.082919,0.917081
léger,1730-1740,1789-1802,0.616711,0.383289,355,2294,5705,0.010937,0.989063,0.016139,0.983861
filets,1760-1770,1770-1780,0.616201,0.383799,3022,1614,5681,0.028357,0.971643,0.017705,0.982295
cli,1700-1710,1750-1760,0.615904,0.384096,558,379,5664,0.014289,0.985711,0.033814,0.966186
moyenne,1720-1730,1780-1789,0.615798,0.384202,148,1359,5689,0.027355,0.972645,0.035449,0.964551
quoiqu,1700-1710,1789-1802,0.615771,0.384229,85,770,5716,0.020984,0.979016,0.016529,0.983471
continuellement,1700-1710,1770-1780,0.615563,0.384437,342,2672,5697,0.015568,0.984432,0.018745,0.981255
sagement,1720-1730,1789-1802,0.615421,0.384579,222,1011,5693,0.047955,0.952045,0.025731,0.974269
marchands,1710-1720,1789-1802,0.615269,0.384731,8957,3297,5699,0.040108,0.959892,0.029243,0.970757
etranger,1760-1770,1770-1780,0.61514,0.38486,561,708,5680,0.017362,0.982638,0.030464,0.969536
maitres,1700-1710,1789-1802,0.615071,0.384929,1276,814,5671,0.03581,0.96419,0.073551,0.926449
pensée,1700-1710,1750-1760,0.61497,0.38503,896,1819,5708,0.017999,0.982001,0.024652,0.975348
coi,1770-1780,1789-1802,0.614846,0.385154,817,1575,5685,0.010512,0.989488,0.036143,0.963857
tic,1700-1710,1750-1760,0.614793,0.385207,2122,317,5691,0.032203,0.967797,0.168029,0.831971
choeur,1720-1730,1780-1789,0.614772,0.385228,739,3889,5663,0.019468,0.980532,0.017998,0.982002
charges,1760-1770,1789-1802,0.614717,0.385283,3844,5242,5710,0.01104,0.98896,0.020076,0.979924
ois,1700-1710,1740-1750,0.614682,0.385318,609,951,5693,0.017002,0.982998,0.023833,0.976167
garantie,1720-1730,1760-1770,0.614648,0.385352,116,486,5655,0.014093,0.985907,0.019724,0.980276
jeu,1700-1710,1730-1740,0.614562,0.385438,2068,1381,5711,0.032727,0.967273,0.030823,0.969177
cité,1740-1750,1789-1802,0.614323,0.385677,2432,3696,5711,0.025646,0.974354,0.051892,0.948108
morceau,1710-1720,1789-1802,0.614205,0.385795,582,1816,5708,0.033669,0.966331,0.046931,0.953069
perdue,1700-1710,1720-1730,0.614041,0.385959,189,232,5696,0.008906,0.991094,0.018155,0.981845
transporter,1710-1720,1770-1780,0.613986,0.386014,643,1845,5696,0.019358,0.980642,0.020651,0.979349
qut,1730-1740,1770-1780,0.613973,0.386027,132,287,5665,0.013788,0.986212,0.033312,0.966688
rivaux,1760-1770,1789-1802,0.613888,0.386112,592,982,5688,0.008166,0.991834,0.012232,0.987768
entend,1700-1710,1710-1720,0.613749,0.386251,544,810,5714,0.012444,0.987556,0.016275,0.983725
cin,1720-1730,1780-1789,0.6137,0.3863,528,1637,5672,0.011981,0.988019,0.021505,0.978495
modes,1710-1720,1789-1802,0.613535,0.386465,83,852,5683,0.012877,0.987123,0.023642,0.976358
approuve,1710-1720,1789-1802,0.613412,0.386588,106,559,5701,0.036767,0.963233,0.01804,0.98196
balance,1700-1710,1730-1740,0.613135,0.386865,428,533,5712,0.018745,0.981255,0.028212,0.971788
ouvre,1710-1720,1730-1740,0.613025,0.386975,387,453,5710,0.007609,0.992391,0.016478,0.983522
tiers,1700-1710,1789-1802,0.612717,0.387283,3064,9937,5699,0.043257,0.956743,0.090792,0.909208
nia,1720-1730,1770-1780,0.612635,0.387365,198,548,5678,0.007362,0.992638,0.029336,0.970664
sûrement,1710-1720,1730-1740,0.612125,0.387875,252,246,5688,0.010577,0.989423,0.02385,0.97615
laurent,1700-1710,1750-1760,0.611844,0.388156,192,883,5672,0.010631,0.989369,0.022062,0.977938
raconte,1710-1720,1740-1750,0.611702,0.388298,320,838,5701,0.012351,0.987649,0.029792,0.970208
arrangement,1700-1710,1789-1802,0.611636,0.388364,84,921,5708,0.021859,0.978141,0.035489,0.964511
ioi,1730-1740,1789-1802,0.611607,0.388393,209,1171,5669,0.014174,0.985826,0.043313,0.956687
what,1700-1710,1789-1802,0.611574,0.388426,422,977,1662,0.019829,0.980171,0.057114,0.942886
londres,1720-1730,1789-1802,0.611564,0.388436,3450,6883,5706,0.064955,0.935045,0.04956,0.95044
attendent,1700-1710,1780-1789,0.611536,0.388464,86,561,5683,0.011305,0.988695,0.01759,0.98241
dii,1740-1750,1760-1770,0.611366,0.388634,485,753,5691,0.012888,0.987112,0.029446,0.970554
figne,1720-1730,1789-1802,0.611198,0.388802,381,671,5667,0.019209,0.980791,0.058877,0.941123
grains,1730-1740,1740-1750,0.610793,0.389207,1587,3630,5703,0.020833,0.979167,0.030323,0.969677
allons,1720-1730,1750-1760,0.610763,0.389237,918,1969,5706,0.010275,0.989725,0.024822,0.975178
dure,1700-1710,1710-1720,0.610676,0.389324,693,775,5710,0.016081,0.983919,0.021071,0.978929
colonne,1730-1740,1740-1750,0.610643,0.389357,631,289,5695,0.061144,0.938856,0.058381,0.941619
venus,1710-1720,1789-1802,0.610337,0.389663,1860,2010,5710,0.082056,0.917944,0.074935,0.925065
avo,1700-1710,1770-1780,0.610333,0.389667,110,394,5669,0.013625,0.986375,0.035073,0.964927
vec,1720-1730,1789-1802,0.610214,0.389786,409,711,5678,0.022065,0.977935,0.042115,0.957885
concurrence,1700-1710,1770-1780,0.610102,0.389898,188,2185,5676,0.055121,0.944879,0.081904,0.918096
one,1700-1710,1710-1720,0.609844,0.390156,2195,447,5687,0.029724,0.970276,0.069537,0.930463
couches,1700-1710,1760-1770,0.609811,0.390189,264,1544,5666,0.043936,0.956064,0.03767,0.96233
rade,1700-1710,1789-1802,0.609775,0.390225,171,785,5671,0.043178,0.956822,0.034398,0.965602
religieuse,1720-1730,1789-1802,0.609774,0.390226,120,1075,5673,0.047856,0.952144,0.039751,0.960249
liaison,1770-1780,1789-1802,0.609263,0.390737,1628,1132,5703,0.01738,0.98262,0.017423,0.982577
pique,1700-1710,1789-1802,0.609217,0.390783,229,590,5693,0.015736,0.984264,0.022438,0.977562
queue,1780-1789,1789-1802,0.609203,0.390797,2167,1431,5695,0.015746,0.984254,0.019585,0.980415
jaune,1710-1720,1720-1730,0.608953,0.391047,698,745,5681,0.012951,0.987049,0.025207,0.974793
verbe,1740-1750,1789-1802,0.60849,0.39151,183,2443,5662,0.047656,0.952344,0.038873,0.961127
ferdinand,1700-1710,1789-1802,0.608381,0.391619,533,824,5636,0.02132,0.97868,0.036716,0.963284
aimer,1700-1710,1720-1730,0.608376,0.391624,694,569,5706,0.010537,0.989463,0.016091,0.983909
nec,1710-1720,1789-1802,0.608254,0.391746,1898,1568,5695,0.0735,0.9265,0.034392,0.965608
ide,1710-1720,1750-1760,0.608252,0.391748,424,631,5692,0.007978,0.992022,0.043165,0.956835
touchant,1710-1720,1789-1802,0.60824,0.39176,1252,1573,5706,0.021362,0.978638,0.050956,0.949044
tragique,1710-1720,1750-1760,0.608217,0.391783,200,529,5700,0.010591,0.989409,0.017563,0.982437
taille,1720-1730,1789-1802,0.608058,0.391942,1932,3696,5714,0.018507,0.981493,0.030923,0.969077
vaincu,1700-1710,1750-1760,0.607968,0.392032,282,907,5701,0.012452,0.987548,0.0173,0.9827
egyptiens,1710-1720,1730-1740,0.60778,0.39222,235,774,5683,0.041356,0.958644,0.033639,0.966361
etienne,1780-1789,1789-1802,0.607664,0.392336,958,918,5683,0.00707,0.99293,0.016405,0.983595
ina,1710-1720,1780-1789,0.607468,0.392532,113,577,5645,0.007789,0.992211,0.028838,0.971162
bacchus,1710-1720,1740-1750,0.607423,0.392577,646,442,5688,0.019644,0.980356,0.023937,0.976063
dies,1730-1740,1780-1789,0.607389,0.392611,675,789,5682,0.031811,0.968189,0.056818,0.943182
tte,1730-1740,1750-1760,0.607373,0.392627,289,452,5678,0.02024,0.97976,0.040423,0.959577
mefure,1710-1720,1789-1802,0.607239,0.392761,203,1079,5588,0.033979,0.966021,0.056822,0.943178
dedans,1780-1789,1789-1802,0.607214,0.392786,6903,2322,5709,0.026895,0.973105,0.077078,0.922922
calcul,1700-1710,1780-1789,0.607173,0.392827,208,2990,5699,0.020832,0.979168,0.045675,0.954325
rappeller,1700-1710,1780-1789,0.607124,0.392876,154,1920,5697,0.031408,0.968592,0.033636,0.966364
tours,1710-1720,1720-1730,0.606714,0.393286,777,1840,5705,0.015319,0.984681,0.022628,0.977372
aur,1730-1740,1780-1789,0.606647,0.393353,191,671,5664,0.013706,0.986294,0.018929,0.981071
autour,1740-1750,1780-1789,0.60659,0.39341,2949,6265,5715,0.014034,0.985966,0.022019,0.977981
coûte,1710-1720,1720-1730,0.606516,0.393484,312,309,5697,0.014963,0.985037,0.024045,0.975955
privée,1700-1710,1780-1789,0.606343,0.393657,172,1332,5697,0.015854,0.984146,0.029289,0.970711
chapitres,1710-1720,1740-1750,0.605847,0.394153,386,402,5685,0.015253,0.984747,0.031348,0.968652
serpent,1700-1710,1760-1770,0.605737,0.394263,212,510,5678,0.012715,0.987285,0.021482,0.978518
demandes,1750-1760,1789-1802,0.605425,0.394575,817,2211,5692,0.013138,0.986862,0.017087,0.982913
travaux,1730-1740,1770-1780,0.605157,0.394843,1517,8431,5712,0.016746,0.983254,0.018722,0.981278
cll,1700-1710,1760-1770,0.605134,0.394866,197,188,5623,0.014699,0.985301,0.047219,0.952781
détroit,1710-1720,1740-1750,0.605119,0.394881,171,1313,5675,0.054543,0.945457,0.03077,0.96923
fondation,1720-1730,1730-1740,0.604924,0.395076,1306,454,5697,0.019912,0.980088,0.024394,0.975606
rue,1720-1730,1760-1770,0.604841,0.395159,2378,9618,5707,0.048336,0.951664,0.057207,0.942793
sons,1700-1710,1760-1770,0.604683,0.395317,376,2422,5708,0.035367,0.964633,0.038403,0.961597
modernes,1780-1789,1789-1802,0.604669,0.395331,3318,2227,5711,0.01238,0.98762,0.024075,0.975925
méchant,1710-1720,1760-1770,0.604217,0.395783,299,977,5698,0.014682,0.985318,0.016816,0.983184
martin,1750-1760,1770-1780,0.604089,0.395911,1013,1941,5693,0.01026,0.98974,0.027032,0.972968
victimes,1710-1720,1789-1802,0.603921,0.396079,227,2780,5690,0.025645,0.974355,0.03146,0.96854
abîme,1700-1710,1740-1750,0.603883,0.396117,55,106,5664,0.032988,0.967012,0.018393,0.981607
attribuer,1720-1730,1789-1802,0.603876,0.396124,251,1043,5702,0.020244,0.979756,0.024011,0.975989
the,1710-1720,1770-1780,0.603774,0.396226,3708,25445,5716,0.075372,0.924628,0.064499,0.935501
qie,1730-1740,1789-1802,0.603744,0.396256,158,1081,5303,0.018212,0.981788,0.049067,0.950933
merce,1700-1710,1789-1802,0.603683,0.396317,122,959,5655,0.012983,0.987017,0.052025,0.947975
peste,1710-1720,1740-1750,0.603567,0.396433,444,548,5691,0.016286,0.983714,0.025333,0.974667
tro,1730-1740,1760-1770,0.603517,0.396483,188,433,5669,0.006329,0.993671,0.038754,0.961246
all,1770-1780,1789-1802,0.603365,0.396635,2042,2716,5699,0.021008,0.978992,0.027225,0.972775
barbarie,1700-1710,1770-1780,0.603117,0.396883,150,1911,5701,0.036765,0.963235,0.026635,0.973365
nit,1720-1730,1770-1780,0.603007,0.396993,185,432,5645,0.011306,0.988694,0.010972,0.989028
plains,1740-1750,1770-1780,0.602986,0.397014,275,576,5680,0.02348,0.97652,0.015656,0.984344
éclairer,1700-1710,1780-1789,0.602742,0.397258,82,1102,5697,0.019622,0.980378,0.026402,0.973598
onde,1700-1710,1770-1780,0.602718,0.397282,82,289,5676,0.030633,0.969367,0.032619,0.967381
obéissance,1730-1740,1789-1802,0.602396,0.397604,242,623,5675,0.066577,0.933423,0.068352,0.931648
taxes,1740-1750,1789-1802,0.60237,0.39763,317,2223,5609,0.041357,0.958643,0.034575,0.965425
roche,1710-1720,1770-1780,0.60217,0.39783,236,1223,5685,0.023509,0.976491,0.028575,0.971425
coupables,1700-1710,1780-1789,0.602003,0.397997,222,2238,5695,0.02612,0.97388,0.026593,0.973407
pompe,1700-1710,1780-1789,0.601921,0.398079,362,1688,5710,0.008983,0.991017,0.017551,0.982449
signe,1700-1710,1789-1802,0.601725,0.398275,324,3155,5699,0.013811,0.986189,0.029843,0.970157
interdit,1700-1710,1710-1720,0.601632,0.398368,171,243,5691,0.013947,0.986053,0.016901,0.983099
vaines,1720-1730,1760-1770,0.601577,0.398423,394,1188,5698,0.018765,0.981235,0.016243,0.983757
cie,1710-1720,1720-1730,0.601494,0.398506,227,335,5680,0.00833,0.99167,0.041659,0.958341
ort,1770-1780,1789-1802,0.601383,0.398617,411,753,5680,0.007838,0.992162,0.043171,0.956829
détourner,1730-1740,1789-1802,0.601358,0.398642,601,1120,5699,0.014192,0.985808,0.017314,0.982686
enlevé,1770-1780,1789-1802,0.601341,0.398659,1370,1141,5704,0.007313,0.992687,0.012285,0.987715
pieux,1720-1730,1789-1802,0.601254,0.398746,482,693,5697,0.024604,0.975396,0.033234,0.966766
prêtres,1710-1720,1720-1730,0.601232,0.398768,444,976,5698,0.012837,0.987163,0.017491,0.982509
lei,1700-1710,1720-1730,0.60117,0.39883,560,464,5688,0.013578,0.986422,0.046901,0.953099
remplie,1700-1710,1780-1789,0.601159,0.398841,346,1849,5706,0.014792,0.985208,0.024049,0.975951
qii,1730-1740,1789-1802,0.600947,0.399053,185,1110,5664,0.016716,0.983284,0.056259,0.943741
goûter,1720-1730,1750-1760,0.60088,0.39912,247,615,5698,0.008467,0.991533,0.017526,0.982474
attiré,1770-1780,1789-1802,0.600521,0.399479,825,625,5699,0.010706,0.989294,0.016788,0.983212
bicn,1710-1720,1740-1750,0.600388,0.399612,437,568,5633,0.018642,0.981358,0.066344,0.933656
esse,1770-1780,1780-1789,0.600322,0.399678,2995,1437,5678,0.023079,0.976921,0.028454,0.971546
proposition,1710-1720,1740-1750,0.600244,0.399756,1093,1733,5706,0.01211,0.98789,0.017302,0.982698
due,1700-1710,1750-1760,0.600076,0.399924,534,1054,5716,0.023473,0.976527,0.041038,0.958962
cum,1710-1720,1770-1780,0.600062,0.399938,2296,7588,5701,0.026671,0.973329,0.036361,0.963639
plu,1700-1710,1789-1802,0.600008,0.399992,912,4041,5707,0.006109,0.993891,0.018913,0.981087
bienfait,1700-1710,1710-1720,0.599741,0.400259,88,144,5685,0.031128,0.968872,0.018843,0.981157
emplois,1710-1720,1789-1802,0.59973,0.40027,521,2145,5693,0.012858,0.987142,0.021874,0.978126
fil,1700-1710,1740-1750,0.599649,0.400351,1688,2242,5713,0.029313,0.970687,0.061787,0.938213
clémence,1710-1720,1730-1740,0.59964,0.40036,117,481,5683,0.059083,0.940917,0.062333,0.937667
ace,1710-1720,1720-1730,0.599552,0.400448,256,268,5681,0.010558,0.989442,0.033469,0.966531
antres,1730-1740,1740-1750,0.599495,0.400505,212,377,5687,0.014071,0.985929,0.031841,0.968159
enseigne,1710-1720,1730-1740,0.59945,0.40055,379,554,5696,0.024948,0.975052,0.034158,0.965842
pla,1710-1720,1750-1760,0.599348,0.400652,216,530,5679,0.006205,0.993795,0.029441,0.970559
tenant,1720-1730,1750-1760,0.599296,0.400704,873,1415,5710,0.010333,0.989667,0.016589,0.983411
cclui,1700-1710,1710-1720,0.598946,0.401054,167,303,5510,0.025295,0.974705,0.044348,0.955652
marseille,1740-1750,1789-1802,0.598723,0.401277,518,2068,5681,0.01114,0.98886,0.049872,0.950128
consommation,1730-1740,1750-1760,0.598701,0.401299,300,1479,5664,0.021591,0.978409,0.027312,0.972688
bandes,1750-1760,1780-1789,0.598646,0.401354,464,987,5675,0.028651,0.971349,0.038848,0.961152
rivage,1710-1720,1740-1750,0.59863,0.40137,596,3195,5692,0.047096,0.952904,0.031396,0.968604
expliqué,1740-1750,1789-1802,0.59853,0.40147,617,719,5703,0.01055,0.98945,0.018431,0.981569
dissimuler,1700-1710,1720-1730,0.598478,0.401522,110,105,5690,0.008521,0.991479,0.018407,0.981593
with,1700-1710,1770-1780,0.598147,0.401853,1214,3151,4565,0.047486,0.952514,0.061656,0.938344
remarqué,1730-1740,1760-1770,0.597871,0.402129,1300,1821,5712,0.014052,0.985948,0.025492,0.974508
honnêtes,1770-1780,1780-1789,0.597869,0.402131,2280,2161,5699,0.015631,0.984369,0.016059,0.983941
syrie,1700-1710,1780-1789,0.597825,0.402175,212,1210,5664,0.031908,0.968092,0.040037,0.959963
coupé,1710-1720,1780-1789,0.597806,0.402194,233,967,5694,0.011701,0.988299,0.017656,0.982344
fais,1730-1740,1789-1802,0.597779,0.402221,2573,8339,5715,0.020844,0.979156,0.02751,0.97249
cau,1710-1720,1789-1802,0.597642,0.402358,400,628,5678,0.014465,0.985535,0.029025,0.970975
age,1700-1710,1770-1780,0.597606,0.402394,548,1093,5704,0.008144,0.991856,0.021076,0.978924
acteurs,1730-1740,1789-1802,0.597597,0.402403,387,878,5695,0.009243,0.990757,0.016761,0.983239
vint,1700-1710,1710-1720,0.597199,0.402801,1864,1877,5712,0.010829,0.989171,0.02237,0.97763
tombeaux,1720-1730,1740-1750,0.597072,0.402928,190,366,5677,0.030967,0.969033,0.022488,0.977512
abondante,1740-1750,1760-1770,0.596907,0.403093,463,1222,5698,0.029717,0.970283,0.018053,0.981947
gouverneurs,1720-1730,1789-1802,0.596888,0.403112,868,941,5676,0.032623,0.967377,0.032349,0.967651
vraiment,1710-1720,1789-1802,0.596848,0.403152,355,3973,5705,0.030271,0.969729,0.070295,0.929705
promets,1710-1720,1770-1780,0.596396,0.403604,227,560,5672,0.032212,0.967788,0.02274,0.97726
accusé,1760-1770,1770-1780,0.596299,0.403701,368,711,5681,0.007799,0.992201,0.012034,0.987966
remises,1710-1720,1740-1750,0.596188,0.403812,240,232,5673,0.01882,0.98118,0.02854,0.97146
telles,1710-1720,1740-1750,0.596139,0.403861,1159,2496,5715,0.013265,0.986735,0.024217,0.975783
calme,1710-1720,1770-1780,0.596069,0.403931,421,2238,5709,0.019559,0.980441,0.021625,0.978375
finit,1700-1710,1730-1740,0.596009,0.403991,551,919,5707,0.014277,0.985723,0.016848,0.983152
eni,1720-1730,1789-1802,0.595999,0.404001,673,2382,5670,0.013403,0.986597,0.031786,0.968214
constantinople,1700-1710,1740-1750,0.595977,0.404023,485,283,5655,0.011247,0.988753,0.041561,0.958439
arrêts,1700-1710,1710-1720,0.59572,0.40428,392,2289,5688,0.015996,0.984004,0.025283,0.974717
tourné,1710-1720,1770-1780,0.595712,0.404288,293,905,5693,0.010454,0.989546,0.015826,0.984174
ordonner,1710-1720,1789-1802,0.595668,0.404332,727,1155,5700,0.037222,0.962778,0.037458,0.962542
fidèles,1710-1720,1760-1770,0.595531,0.404469,207,469,5678,0.017629,0.982371,0.016452,0.983548
ita,1710-1720,1780-1789,0.595282,0.404718,1019,1075,5690,0.021785,0.978215,0.041271,0.958729
pai,1720-1730,1789-1802,0.595258,0.404742,459,1478,5694,0.01521,0.98479,0.017264,0.982736
lait,1760-1770,1789-1802,0.594865,0.405135,2226,2747,5713,0.014141,0.985859,0.023544,0.976456
sardaigne,1700-1710,1789-1802,0.59486,0.40514,50,778,5653,0.048598,0.951402,0.0385,0.9615
uit,1700-1710,1770-1780,0.594785,0.405215,757,477,5668,0.030834,0.969166,0.093587,0.906413
clle,1710-1720,1740-1750,0.594653,0.405347,181,614,5671,0.016863,0.983137,0.052757,0.947243
piété,1720-1730,1780-1789,0.594599,0.405401,357,1977,5694,0.034877,0.965123,0.023793,0.976207
autrui,1710-1720,1730-1740,0.59459,0.40541,120,148,5699,0.017467,0.982533,0.029045,0.970955
honteuse,1760-1770,1780-1789,0.594474,0.405526,380,803,5690,0.020504,0.979496,0.011357,0.988643
victoire,1720-1730,1730-1740,0.594387,0.405613,1316,2574,5710,0.018168,0.981832,0.0204,0.9796
conservé,1730-1740,1760-1770,0.594169,0.405831,802,1462,5711,0.012536,0.987464,0.017104,0.982896
rous,1700-1710,1789-1802,0.594123,0.405877,206,858,5667,0.009595,0.990405,0.049371,0.950629
lie,1730-1740,1789-1802,0.594058,0.405942,1175,4715,5714,0.004638,0.995362,0.015153,0.984847
égalité,1780-1789,1789-1802,0.594023,0.405977,843,1594,5698,0.018958,0.981042,0.022162,0.977838
écoutez,1700-1710,1720-1730,0.593958,0.406042,119,180,5683,0.005726,0.994274,0.01488,0.98512
délices,1720-1730,1750-1760,0.593818,0.406182,224,723,5689,0.01739,0.98261,0.015513,0.984487
vou,1730-1740,1760-1770,0.593798,0.406202,1083,1657,5697,0.008287,0.991713,0.021145,0.978855
malheureux,1720-1730,1730-1740,0.593495,0.406505,1421,2830,5713,0.009775,0.990225,0.013943,0.986057
premiers,1710-1720,1730-1740,0.593474,0.406526,3182,4791,5717,0.013726,0.986274,0.018232,0.981768
laisser,1720-1730,1730-1740,0.59342,0.40658,1827,3300,5715,0.012144,0.987856,0.018934,0.981066
principal,1710-1720,1789-1802,0.593285,0.406715,1754,4071,5717,0.019957,0.980043,0.027523,0.972477
obtenu,1710-1720,1789-1802,0.593221,0.406779,671,2700,5706,0.016283,0.983717,0.029223,0.970777
ine,1710-1720,1740-1750,0.593174,0.406826,524,849,5691,0.011085,0.988915,0.031862,0.968138
ist,1720-1730,1770-1780,0.593153,0.406847,240,284,5650,0.013887,0.986113,0.048347,0.951653
armées,1720-1730,1730-1740,0.593148,0.406852,1661,2234,5705,0.026224,0.973776,0.02782,0.97218
matière,1710-1720,1720-1730,0.592937,0.407063,717,604,5713,0.014353,0.985647,0.018796,0.981204
plaines,1720-1730,1780-1789,0.592906,0.407094,325,1407,5688,0.02419,0.97581,0.020842,0.979158
données,1720-1730,1789-1802,0.592838,0.407162,1068,2241,5707,0.050094,0.949906,0.05373,0.94627
ventre,1710-1720,1760-1770,0.592742,0.407258,824,2525,5691,0.047406,0.952594,0.032681,0.967319
appuyé,1700-1710,1789-1802,0.592641,0.407359,106,658,5688,0.01384,0.98616,0.019388,0.980612
ris,1730-1740,1789-1802,0.592631,0.407369,976,2144,5704,0.009059,0.990941,0.021461,0.978539
sonne,1710-1720,1780-1789,0.592246,0.407754,268,1366,5683,0.017916,0.982084,0.027541,0.972459
flammes,1770-1780,1780-1789,0.592204,0.407796,812,1074,5681,0.007243,0.992757,0.016084,0.983916
david,1740-1750,1760-1770,0.592157,0.407843,663,1232,5704,0.009657,0.990343,0.032114,0.967886
lâche,1710-1720,1780-1789,0.592116,0.407884,283,1553,5698,0.009134,0.990866,0.013369,0.986631
mari,1700-1710,1710-1720,0.59201,0.40799,1831,1777,5708,0.01785,0.98215,0.025242,0.974758
fermeté,1710-1720,1740-1750,0.591935,0.408065,389,895,5699,0.022623,0.977377,0.0181,0.9819
orgueil,1750-1760,1789-1802,0.591829,0.408171,885,1852,5708,0.029769,0.970231,0.014097,0.985903
fêtes,1740-1750,1750-1760,0.591341,0.408659,928,1222,5702,0.008826,0.991174,0.012826,0.987174
dus,1700-1710,1730-1740,0.590983,0.409017,231,399,5702,0.010567,0.989433,0.019746,0.980254
fine,1700-1710,1780-1789,0.590802,0.409198,1278,2233,5710,0.033112,0.966888,0.05557,0.94443
neige,1760-1770,1770-1780,0.590787,0.409213,534,1161,5681,0.012344,0.987656,0.016735,0.983265
expédition,1740-1750,1789-1802,0.590747,0.409253,727,1439,5694,0.012356,0.987644,0.016589,0.983411
justifier,1740-1750,1770-1780,0.590601,0.409399,891,1991,5706,0.009302,0.990698,0.013929,0.986071
plaît,1710-1720,1740-1750,0.590175,0.409825,1197,1187,5704,0.018481,0.981519,0.02272,0.97728
rendent,1740-1750,1750-1760,0.590169,0.409831,2023,1972,5714,0.019889,0.980111,0.01858,0.98142
oni,1700-1710,1750-1760,0.590076,0.409924,239,266,5646,0.015153,0.984847,0.039185,0.960815
conseiller,1720-1730,1730-1740,0.589896,0.410104,1262,1421,5702,0.010905,0.989095,0.021223,0.978777
comédie,1710-1720,1750-1760,0.589795,0.410205,771,2980,5698,0.016574,0.983426,0.035335,0.964665
recette,1730-1740,1780-1789,0.58979,0.41021,544,2587,5681,0.015422,0.984578,0.032641,0.967359
laissa,1710-1720,1730-1740,0.589634,0.410366,989,1545,5691,0.012669,0.987331,0.017416,0.982584
ooo,1700-1710,1730-1740,0.589598,0.410402,2197,709,5682,0.057507,0.942493,0.1484,0.8516
généralement,1710-1720,1770-1780,0.589527,0.410473,271,3044,5712,0.020694,0.979306,0.022312,0.977688
tranquillité,1700-1710,1789-1802,0.589521,0.410479,252,3264,5702,0.046596,0.953404,0.029215,0.970785
printems,1770-1780,1789-1802,0.589506,0.410494,2176,927,5671,0.028691,0.971309,0.020846,0.979154
explique,1710-1720,1720-1730,0.589414,0.410586,412,246,5710,0.009612,0.990388,0.016866,0.983134
oin,1700-1710,1770-1780,0.58941,0.41059,202,465,5637,0.016634,0.983366,0.061594,0.938406
eis,1730-1740,1760-1770,0.589381,0.410619,907,562,5663,0.0768,0.9232,0.149983,0.850017
demander,1720-1730,1740-1750,0.589198,0.410802,1966,4269,5715,0.012847,0.987153,0.020472,0.979528
horribles,1700-1710,1789-1802,0.588952,0.411048,105,890,5685,0.024097,0.975903,0.025142,0.974858
diviser,1730-1740,1770-1780,0.588931,0.411069,128,804,5673,0.013605,0.986395,0.017099,0.982901
prodigieuse,1700-1710,1760-1770,0.588392,0.411608,166,905,5697,0.02153,0.97847,0.023155,0.976845
rouen,1720-1730,1789-1802,0.588377,0.411623,1085,1815,5687,0.040452,0.959548,0.034429,0.965571
alexandrie,1700-1710,1760-1770,0.588062,0.411938,66,258,5672,0.01491,0.98509,0.035547,0.964453
neuvième,1720-1730,1770-1780,0.587965,0.412035,138,358,5683,0.034419,0.965581,0.044917,0.955083
dic,1720-1730,1770-1780,0.587904,0.412096,491,807,5670,0.011852,0.988148,0.014126,0.985874
communauté,1710-1720,1789-1802,0.587706,0.412294,2535,1468,5695,0.026316,0.973684,0.048433,0.951567
ril,1750-1760,1789-1802,0.587697,0.412303,136,576,5624,0.012069,0.987931,0.039112,0.960888
lyon,1730-1740,1789-1802,0.587566,0.412434,1178,3331,5694,0.009645,0.990355,0.02498,0.97502
étonne,1720-1730,1770-1780,0.587476,0.412524,74,443,5703,0.054323,0.945677,0.036613,0.963387
cérémonies,1700-1710,1710-1720,0.587392,0.412608,245,321,5695,0.015563,0.984437,0.015301,0.984699
reçues,1710-1720,1780-1789,0.587386,0.412614,164,1096,5696,0.017328,0.982672,0.02358,0.97642
cabale,1710-1720,1789-1802,0.587245,0.412755,253,652,5670,0.051741,0.948259,0.019503,0.980497
oublie,1700-1710,1770-1780,0.587212,0.412788,73,665,5704,0.012668,0.987332,0.017447,0.982553
ruse,1700-1710,1720-1730,0.586965,0.413035,78,296,5681,0.021464,0.978536,0.016979,0.983021
feux,1700-1710,1740-1750,0.586785,0.413215,2215,1068,5703,0.034424,0.965576,0.073968,0.926032
tenter,1710-1720,1750-1760,0.586764,0.413236,246,808,5701,0.007985,0.992015,0.011566,0.988434
arrêt,1720-1730,1780-1789,0.58668,0.41332,719,7893,5701,0.020346,0.979654,0.03154,0.96846
délivrer,1710-1720,1720-1730,0.586439,0.413561,442,547,5702,0.014246,0.985754,0.014811,0.985189
entièrement,1710-1720,1780-1789,0.586429,0.413571,691,4498,5711,0.011113,0.988887,0.021183,0.978817
fleuve,1740-1750,1789-1802,0.586343,0.413657,2059,1867,5696,0.029735,0.970265,0.021535,0.978465
estime,1740-1750,1760-1770,0.586008,0.413992,798,1329,5712,0.013615,0.986385,0.013691,0.986309
has,1720-1730,1789-1802,0.585311,0.414689,498,1176,5637,0.022751,0.977249,0.044314,0.955686
iie,1740-1750,1789-1802,0.585233,0.414767,341,1727,5686,0.011418,0.988582,0.038979,0.961021
civile,1740-1750,1789-1802,0.585108,0.414892,1025,4701,5700,0.018169,0.981831,0.027944,0.972056
apparemment,1700-1710,1789-1802,0.585102,0.414898,598,692,5698,0.01035,0.98965,0.024946,0.975054
quie,1740-1750,1760-1770,0.58502,0.41498,189,315,5252,0.010522,0.989478,0.024251,0.975749
ioo,1730-1740,1750-1760,0.584971,0.415029,334,1192,5672,0.020305,0.979695,0.084015,0.915985
charbon,1700-1710,1760-1770,0.584907,0.415093,226,5262,5675,0.034861,0.965139,0.031862,0.968138
appellent,1720-1730,1730-1740,0.584861,0.415139,731,558,5707,0.02013,0.97987,0.022864,0.977136
jean,1700-1710,1789-1802,0.584775,0.415225,3545,9751,5713,0.007936,0.992064,0.031911,0.968089
ila,1740-1750,1789-1802,0.584746,0.415254,375,1106,5671,0.008091,0.991909,0.025563,0.974437
qul,1710-1720,1780-1789,0.584704,0.415296,149,868,5613,0.013301,0.986699,0.040185,0.959815
célèbre,1710-1720,1730-1740,0.584692,0.415308,352,678,5705,0.012644,0.987356,0.017152,0.982848
délivrance,1700-1710,1760-1770,0.584652,0.415348,168,690,5680,0.019402,0.980598,0.024277,0.975723
approbation,1730-1740,1789-1802,0.584645,0.415355,476,499,5718,0.024279,0.975721,0.022241,0.977759
our,1700-1710,1770-1780,0.584304,0.415696,1725,2566,5714,0.016345,0.983655,0.025244,0.974756
alliés,1700-1710,1710-1720,0.584302,0.415698,106,180,5679,0.028108,0.971892,0.021643,0.978357
contra,1740-1750,1789-1802,0.584241,0.415759,1145,802,5687,0.019675,0.980325,0.048813,0.951187
volontaire,1700-1710,1789-1802,0.584124,0.415876,260,1303,5691,0.013782,0.986218,0.020661,0.979339
parle,1720-1730,1740-1750,0.584091,0.415909,4043,5755,5716,0.008476,0.991524,0.017966,0.982034
nantes,1750-1760,1780-1789,0.584051,0.415949,668,1435,5675,0.006523,0.993477,0.029097,0.970903
servitude,1700-1710,1789-1802,0.583983,0.416017,235,1981,5691,0.023171,0.976829,0.024424,0.975576
éviter,1700-1710,1750-1760,0.583936,0.416064,925,2198,5713,0.011267,0.988733,0.017442,0.982558
tribut,1700-1710,1789-1802,0.583902,0.416098,135,1701,5699,0.033125,0.966875,0.022414,0.977586
ministère,1700-1710,1770-1780,0.583772,0.416228,140,1311,5655,0.025048,0.974952,0.03518,0.96482
chapitre,1730-1740,1780-1789,0.583761,0.416239,5361,13316,5715,0.012397,0.987603,0.034821,0.965179
lii,1730-1740,1789-1802,0.583712,0.416288,577,2886,5681,0.019118,0.980882,0.049696,0.950304
supporter,1710-1720,1789-1802,0.583659,0.416341,250,2642,5706,0.015224,0.984776,0.016676,0.983324
lien,1700-1710,1710-1720,0.583487,0.416513,417,415,5706,0.005712,0.994288,0.01395,0.98605
contraindre,1710-1720,1720-1730,0.583458,0.416542,461,283,5690,0.009469,0.990531,0.020533,0.979467
envoyer,1700-1710,1789-1802,0.583264,0.416736,570,2052,5699,0.011522,0.988478,0.023817,0.976183
frontieres,1770-1780,1780-1789,0.583037,0.416963,818,866,5475,0.027876,0.972124,0.029788,0.970212
venoit,1730-1740,1740-1750,0.582946,0.417054,3257,3440,5704,0.032778,0.967222,0.020535,0.979465
offrant,1700-1710,1789-1802,0.582705,0.417295,74,713,5692,0.014963,0.985037,0.029262,0.970738
and,1700-1710,1770-1780,0.582653,0.417347,7563,12921,5720,0.040157,0.959843,0.054228,0.945772
ret,1710-1720,1789-1802,0.582451,0.417549,148,760,5663,0.004766,0.995234,0.017965,0.982035
oil,1700-1710,1760-1770,0.582416,0.417584,339,520,5663,0.01768,0.98232,0.069498,0.930502
nouvellement,1700-1710,1740-1750,0.582346,0.417654,285,495,5694,0.011501,0.988499,0.024877,0.975123
antre,1710-1720,1789-1802,0.582256,0.417744,130,532,5692,0.021597,0.978403,0.014647,0.985353
manufactures,1730-1740,1740-1750,0.582193,0.417807,996,508,5684,0.030556,0.969444,0.033926,0.966074
oubliez,1710-1720,1720-1730,0.582112,0.417888,60,81,5665,0.016595,0.983405,0.019646,0.980354
sic,1710-1720,1789-1802,0.582106,0.417894,504,721,5687,0.024878,0.975122,0.050349,0.949651
oir,1730-1740,1789-1802,0.58198,0.41802,313,1558,5679,0.014986,0.985014,0.043958,0.956042
aimé,1700-1710,1720-1730,0.581926,0.418074,634,593,5709,0.00882,0.99118,0.01564,0.98436
vendus,1750-1760,1780-1789,0.581734,0.418266,396,882,5677,0.008493,0.991507,0.018767,0.981233
ferment,1700-1710,1710-1720,0.581624,0.418376,756,953,5693,0.005193,0.994807,0.016232,0.983768
orage,1740-1750,1760-1770,0.581584,0.418416,290,248,5693,0.013232,0.986768,0.01625,0.98375
ion,1700-1710,1789-1802,0.581581,0.418419,3784,10774,5707,0.014316,0.985684,0.05167,0.94833
côte,1700-1710,1710-1720,0.58152,0.41848,721,534,5701,0.018249,0.981751,0.020947,0.979053
maris,1700-1710,1720-1730,0.581451,0.418549,367,522,5688,0.014119,0.985881,0.025423,0.974577
jardin,1700-1710,1740-1750,0.581414,0.418586,1045,1120,5706,0.015544,0.984456,0.025085,0.974915
intention,1710-1720,1770-1780,0.581392,0.418608,507,1467,5711,0.014755,0.985245,0.021206,0.978794
latin,1760-1770,1770-1780,0.581154,0.418846,2744,4130,5707,0.015049,0.984951,0.018864,0.981136
vicieux,1700-1710,1720-1730,0.581148,0.418852,122,149,5690,0.00791,0.99209,0.017111,0.982889
vante,1700-1710,1780-1789,0.581082,0.418918,164,975,5699,0.016993,0.983007,0.024449,0.975551
places,1720-1730,1780-1789,0.581012,0.418988,2624,6052,5713,0.009952,0.990048,0.022343,0.977657
ail,1700-1710,1740-1750,0.581003,0.418997,993,482,5711,0.01437,0.98563,0.048068,0.951932
pologne,1770-1780,1780-1789,0.580995,0.419005,3518,1992,5685,0.021201,0.978799,0.019626,0.980374
chiens,1700-1710,1720-1730,0.580911,0.419089,856,433,5697,0.015571,0.984429,0.027731,0.972269
tie,1700-1710,1710-1720,0.580727,0.419273,1739,442,5707,0.024276,0.975724,0.093355,0.906645
bords,1730-1740,1740-1750,0.580661,0.419339,1257,2209,5702,0.059076,0.940924,0.029864,0.970136
tue,1700-1710,1730-1740,0.580654,0.419346,561,482,5703,0.02423,0.97577,0.071483,0.928517
prélat,1700-1710,1750-1760,0.580615,0.419385,200,789,5667,0.03267,0.96733,0.018604,0.981396
nourrir,1710-1720,1789-1802,0.580586,0.419414,761,2009,5702,0.017611,0.982389,0.023617,0.976383
inde,1700-1710,1780-1789,0.580545,0.419455,626,518,5688,0.083039,0.916961,0.228256,0.771744
pressant,1720-1730,1760-1770,0.580458,0.419542,103,443,5673,0.014927,0.985073,0.021206,0.978794
prétendus,1700-1710,1710-1720,0.580064,0.419936,123,232,5691,0.019445,0.980555,0.025081,0.974919
entière,1710-1720,1770-1780,0.580014,0.419986,572,2615,5707,0.024314,0.975686,0.026413,0.973587
lle,1700-1710,1760-1770,0.579983,0.420017,530,862,5681,0.014312,0.985688,0.041029,0.958971
catherine,1760-1770,1780-1789,0.579895,0.420105,1011,1985,5665,0.013383,0.986617,0.016906,0.983094
virgile,1730-1740,1770-1780,0.579796,0.420204,1967,1900,5704,0.012958,0.987042,0.022295,0.977705
camarades,1770-1780,1789-1802,0.57966,0.42034,852,1002,5682,0.010464,0.989536,0.016431,0.983569
magnifique,1720-1730,1780-1789,0.579584,0.420416,617,1569,5703,0.008612,0.991388,0.019766,0.980234
inventaire,1730-1740,1789-1802,0.579562,0.420438,315,480,5641,0.01838,0.98162,0.036329,0.963671
dec,1720-1730,1750-1760,0.579456,0.420544,716,604,5689,0.017991,0.982009,0.028242,0.971758
cornes,1720-1730,1789-1802,0.579393,0.420607,298,676,5687,0.023543,0.976457,0.02024,0.97976
hymen,1770-1780,1789-1802,0.579349,0.420651,541,567,5671,0.007986,0.992014,0.012568,0.987432
charmes,1730-1740,1780-1789,0.579323,0.420677,1315,3221,5705,0.01598,0.98402,0.018655,0.981345
ausi,1710-1720,1789-1802,0.579308,0.420692,786,923,5664,0.039674,0.960326,0.05982,0.94018
avances,1730-1740,1760-1770,0.579139,0.420861,303,3288,5682,0.025249,0.974751,0.038587,0.961413
malades,1710-1720,1750-1760,0.579136,0.420864,581,950,5698,0.010352,0.989648,0.017355,0.982645
fureur,1740-1750,1780-1789,0.579071,0.420929,2119,4919,5714,0.010517,0.989483,0.016978,0.983022
défaire,1730-1740,1789-1802,0.579049,0.420951,601,764,5695,0.017318,0.982682,0.020223,0.979777
mil,1710-1720,1789-1802,0.579044,0.420956,3193,2178,5698,0.162024,0.837976,0.097227,0.902773
bâton,1710-1720,1760-1770,0.578716,0.421284,480,879,5698,0.016168,0.983832,0.022833,0.977167
baleine,1700-1710,1789-1802,0.578606,0.421394,105,816,5644,0.032071,0.967929,0.033603,0.966397
voitures,1700-1710,1780-1789,0.578434,0.421566,60,1561,5677,0.016415,0.983585,0.028333,0.971667
défendu,1720-1730,1730-1740,0.578413,0.421587,474,1065,5704,0.008579,0.991421,0.018935,0.981065
partic,1710-1720,1730-1740,0.578398,0.421602,192,115,5199,0.007792,0.992208,0.039904,0.960096
parles,1720-1730,1789-1802,0.578115,0.421885,281,841,5695,0.008136,0.991864,0.013698,0.986302
accorda,1710-1720,1750-1760,0.578081,0.421919,208,605,5680,0.01405,0.98595,0.019554,0.980446
dais,1740-1750,1770-1780,0.578018,0.421982,347,698,5676,0.017723,0.982277,0.027385,0.972615
prc,1730-1740,1789-1802,0.577886,0.422114,205,799,5656,0.017625,0.982375,0.047618,0.952382
joints,1730-1740,1760-1770,0.577871,0.422129,456,1271,5697,0.042296,0.957704,0.049449,0.950551
bernard,1720-1730,1780-1789,0.577847,0.422153,802,838,5683,0.024359,0.975641,0.027645,0.972355
sauvage,1720-1730,1770-1780,0.577829,0.422171,472,2781,5704,0.02078,0.97922,0.019544,0.980456
era,1710-1720,1740-1750,0.577772,0.422228,172,288,5673,0.013885,0.986115,0.029284,0.970716
end,1710-1720,1770-1780,0.577646,0.422354,67,316,5660,0.017003,0.982997,0.041907,0.958093
fel,1710-1720,1789-1802,0.577468,0.422532,1459,1655,5674,0.037177,0.962823,0.082667,0.917333
aunes,1730-1740,1789-1802,0.577312,0.422688,563,1150,5659,0.027709,0.972291,0.053955,0.946045
soigneusement,1730-1740,1740-1750,0.577299,0.422701,140,509,5668,0.012414,0.987586,0.023691,0.976309
arr,1720-1730,1740-1750,0.5772,0.4228,250,546,5672,0.007396,0.992604,0.025077,0.974923
matelots,1720-1730,1730-1740,0.576862,0.423138,424,443,5685,0.034061,0.965939,0.020057,0.979943
proportions,1730-1740,1789-1802,0.576603,0.423397,210,1074,5696,0.020628,0.979372,0.026726,0.973274
savant,1720-1730,1730-1740,0.576492,0.423508,364,819,5703,0.008424,0.991576,0.015239,0.984761
elf,1710-1720,1740-1750,0.57639,0.42361,80,368,5513,0.015314,0.984686,0.044182,0.955818
doubles,1710-1720,1760-1770,0.576267,0.423733,319,1301,5681,0.012899,0.987101,0.016504,0.983496
neuve,1730-1740,1760-1770,0.576254,0.423746,266,1197,5694,0.019041,0.980959,0.030415,0.969585
joie,1760-1770,1780-1789,0.57621,0.42379,3869,6610,5707,0.012637,0.987363,0.013252,0.986748
which,1760-1770,1789-1802,0.575961,0.424039,563,3468,3862,0.020301,0.979699,0.049941,0.950059
mépriser,1700-1710,1770-1780,0.575929,0.424071,104,798,5692,0.024664,0.975336,0.021098,0.978902
than,1740-1750,1789-1802,0.575853,0.424147,84,708,3009,0.05645,0.94355,0.058587,0.941413
lut,1700-1710,1780-1789,0.575837,0.424163,662,1295,5700,0.024887,0.975113,0.064684,0.935316
crurent,1740-1750,1780-1789,0.575686,0.424314,421,711,5669,0.031806,0.968194,0.024033,0.975967
divise,1730-1740,1760-1770,0.575606,0.424394,134,1621,5674,0.037424,0.962576,0.0256,0.9744
convaincre,1720-1730,1750-1760,0.575548,0.424452,360,1154,5703,0.019824,0.980176,0.019907,0.980093
ler,1710-1720,1740-1750,0.575497,0.424503,638,1464,5697,0.013361,0.986639,0.028803,0.971197
banque,1750-1760,1770-1780,0.57541,0.42459,1635,2245,5666,0.010836,0.989164,0.018945,0.981055
dettes,1710-1720,1750-1760,0.575402,0.424598,772,1864,5691,0.024704,0.975296,0.021326,0.978674
poignard,1710-1720,1730-1740,0.575346,0.424654,128,255,5690,0.013792,0.986208,0.019634,0.980366
qualité,1700-1710,1789-1802,0.575267,0.424733,2424,20745,5717,0.076176,0.923824,0.109905,0.890095
employée,1710-1720,1770-1780,0.574822,0.425178,564,1247,5704,0.0565,0.9435,0.077444,0.922556
antique,1700-1710,1740-1750,0.574821,0.425179,61,152,5693,0.011956,0.988044,0.02415,0.97585
ani,1720-1730,1760-1770,0.574785,0.425215,366,708,5686,0.008277,0.991723,0.033751,0.966249
département,1710-1720,1789-1802,0.574759,0.425241,193,10184,5685,0.065974,0.934026,0.051292,0.948708
concile,1700-1710,1720-1730,0.574724,0.425276,856,1741,5662,0.02608,0.97392,0.027622,0.972378
cris,1730-1740,1770-1780,0.574542,0.425458,1536,3002,5707,0.015452,0.984548,0.017542,0.982458
portent,1720-1730,1730-1740,0.574536,0.425464,1763,1379,5716,0.012166,0.987834,0.019713,0.980287
partout,1700-1710,1760-1770,0.574412,0.425588,535,2186,5702,0.013356,0.986644,0.024334,0.975666
systême,1710-1720,1730-1740,0.574372,0.425628,435,317,5682,0.070052,0.929948,0.030736,0.969264
tas,1700-1710,1710-1720,0.574342,0.425658,244,267,5689,0.009458,0.990542,0.020262,0.979738
honoré,1710-1720,1789-1802,0.574331,0.425669,521,1274,5697,0.017945,0.982055,0.05247,0.94753
première,1710-1720,1740-1750,0.574306,0.425694,1842,2693,5717,0.013762,0.986238,0.026077,0.973923
suc,1710-1720,1789-1802,0.574272,0.425728,435,1580,5684,0.032586,0.967414,0.022766,0.977234
edit,1710-1720,1730-1740,0.574263,0.425737,3360,2091,5696,0.020508,0.979492,0.048575,0.951425
rivale,1720-1730,1789-1802,0.574178,0.425822,138,656,5677,0.045618,0.954382,0.051988,0.948012
actions,1730-1740,1740-1750,0.574046,0.425954,2301,1461,5716,0.012965,0.987035,0.019022,0.980978
signes,1710-1720,1770-1780,0.573696,0.426304,112,704,5689,0.012042,0.987958,0.019151,0.980849
bail,1700-1710,1730-1740,0.573495,0.426505,625,1097,5680,0.016898,0.983102,0.033815,0.966185
immeubles,1730-1740,1789-1802,0.573342,0.426658,228,1155,5552,0.024252,0.975748,0.029776,0.970224
occupations,1750-1760,1770-1780,0.573321,0.426679,561,1047,5694,0.013972,0.986028,0.015578,0.984422
uin,1730-1740,1789-1802,0.573165,0.426835,145,1229,5645,0.01535,0.98465,0.055332,0.944668
enlever,1700-1710,1710-1720,0.573138,0.426862,281,551,5699,0.00988,0.99012,0.015161,0.984839
autem,1730-1740,1770-1780,0.573115,0.426885,2560,2776,5669,0.043362,0.956638,0.037472,0.962528
institution,1700-1710,1789-1802,0.572765,0.427235,52,1405,5675,0.03688,0.96312,0.044875,0.955125
iui,1700-1710,1730-1740,0.572647,0.427353,246,199,5674,0.02161,0.97839,0.048149,0.951851
superbe,1710-1720,1760-1770,0.572573,0.427427,401,794,5703,0.011242,0.988758,0.016286,0.983714
averti,1750-1760,1780-1789,0.572474,0.427526,509,844,5688,0.009229,0.990771,0.017993,0.982007
physique,1730-1740,1789-1802,0.572146,0.427854,615,2803,5701,0.051262,0.948738,0.036974,0.963026
circonstances,1710-1720,1740-1750,0.571931,0.428069,1044,2245,5717,0.014116,0.985884,0.020036,0.979964
sûreté,1700-1710,1789-1802,0.571806,0.428194,290,3330,5696,0.03548,0.96452,0.034496,0.965504
gouvernement,1700-1710,1789-1802,0.571752,0.428248,1390,28535,5710,0.032801,0.967199,0.052132,0.947868
prouvé,1780-1789,1789-1802,0.571443,0.428557,2796,3067,5709,0.01669,0.98331,0.018249,0.981751
alexandre,1730-1740,1789-1802,0.571316,0.428684,2026,1566,5707,0.030456,0.969544,0.034405,0.965595
corrompre,1710-1720,1789-1802,0.57129,0.42871,203,1013,5689,0.029678,0.970322,0.023248,0.976752
héritiers,1710-1720,1750-1760,0.571273,0.428727,351,904,5684,0.011405,0.988595,0.018507,0.981493
regarda,1710-1720,1730-1740,0.571158,0.428842,179,295,5668,0.012533,0.987467,0.019478,0.980522
syndic,1710-1720,1789-1802,0.571106,0.428894,336,862,5678,0.031156,0.968844,0.045571,0.954429
disoit,1710-1720,1730-1740,0.571037,0.428963,1248,2896,5705,0.022335,0.977665,0.015857,0.984143
ert,1770-1780,1789-1802,0.571011,0.428989,763,912,5694,0.014697,0.985303,0.052017,0.947983
délicat,1750-1760,1770-1780,0.570951,0.429049,802,1249,5699,0.008288,0.991712,0.014246,0.985754
payant,1700-1710,1710-1720,0.570722,0.429278,314,562,5681,0.023394,0.976606,0.025302,0.974698
agite,1710-1720,1770-1780,0.5707,0.4293,110,374,5678,0.030413,0.969587,0.028427,0.971573
charité,1700-1710,1780-1789,0.570641,0.429359,946,3000,5701,0.031204,0.968796,0.055336,0.944664
évident,1710-1720,1760-1770,0.570622,0.429378,367,1981,5698,0.017383,0.982617,0.028404,0.971596
prisonniers,1730-1740,1740-1750,0.570465,0.429535,964,1679,5700,0.013487,0.986513,0.014296,0.985704
arbitre,1700-1710,1740-1750,0.57041,0.42959,220,184,5686,0.053818,0.946182,0.092201,0.907799
ornemens,1730-1740,1770-1780,0.570315,0.429685,575,852,5693,0.028116,0.971884,0.011756,0.988244
traite,1700-1710,1789-1802,0.570276,0.429724,909,3888,5714,0.015624,0.984376,0.026359,0.973641
arriva,1720-1730,1730-1740,0.570265,0.429735,1393,2152,5705,0.013568,0.986432,0.024114,0.975886
pardonner,1740-1750,1760-1770,0.57005,0.42995,521,724,5691,0.011018,0.988982,0.013268,0.986732
crie,1710-1720,1730-1740,0.569859,0.430141,227,236,5694,0.014237,0.985763,0.013807,0.986193
charmant,1760-1770,1770-1780,0.569742,0.430258,808,1214,5688,0.007007,0.992993,0.01375,0.98625
rappelle,1700-1710,1760-1770,0.569434,0.430566,101,1314,5707,0.044084,0.955916,0.035582,0.964418
comtesse,1710-1720,1770-1780,0.569408,0.430592,382,2791,5670,0.033943,0.966057,0.025253,0.974747
savez,1720-1730,1789-1802,0.569399,0.430601,412,2468,5681,0.02223,0.97777,0.02272,0.97728
isi,1740-1750,1789-1802,0.569397,0.430603,220,620,5654,0.011897,0.988103,0.042301,0.957699
paroisses,1700-1710,1780-1789,0.569393,0.430607,313,1691,5646,0.077423,0.922577,0.070665,0.929335
dite,1740-1750,1760-1770,0.569386,0.430614,1113,1475,5707,0.051514,0.948486,0.079419,0.920581
sureté,1700-1710,1789-1802,0.569232,0.430768,372,1992,5691,0.064872,0.935128,0.031973,0.968027
venez,1720-1730,1730-1740,0.569155,0.430845,559,1277,5694,0.009719,0.990281,0.014929,0.985071
instruire,1730-1740,1789-1802,0.568817,0.431183,691,1162,5706,0.030046,0.969954,0.01642,0.98358
brutus,1710-1720,1730-1740,0.56878,0.43122,343,1300,5668,0.020114,0.979886,0.030459,0.969541
équivoque,1710-1720,1789-1802,0.56874,0.43126,110,677,5699,0.015137,0.984863,0.019192,0.980808
provinces,1730-1740,1740-1750,0.568644,0.431356,6445,5052,5710,0.020466,0.979534,0.025823,0.974177
assurée,1700-1710,1789-1802,0.568642,0.431358,127,987,5676,0.024612,0.975388,0.022669,0.977331
défendre,1730-1740,1740-1750,0.568632,0.431368,2813,2409,5710,0.012978,0.987022,0.015853,0.984147
porteurs,1710-1720,1789-1802,0.568417,0.431583,743,1188,5668,0.026191,0.973809,0.029893,0.970107
richesse,1700-1710,1760-1770,0.568412,0.431588,101,2413,5702,0.036983,0.963017,0.03511,0.96489
siège,1720-1730,1730-1740,0.568352,0.431648,340,524,5679,0.009715,0.990285,0.016319,0.983681
deviennent,1730-1740,1760-1770,0.568233,0.431767,662,2428,5706,0.013313,0.986687,0.016853,0.983147
luc,1700-1710,1770-1780,0.568227,0.431773,470,856,5681,0.015006,0.984994,0.053566,0.946434
princesse,1700-1710,1750-1760,0.568066,0.431934,2411,1764,5707,0.023235,0.976765,0.027596,0.972404
amendes,1710-1720,1730-1740,0.568063,0.431937,452,1257,5657,0.027832,0.972168,0.028907,0.971093
ers,1730-1740,1789-1802,0.567907,0.432093,392,1235,5689,0.012554,0.987446,0.046765,0.953235
cis,1710-1720,1789-1802,0.567788,0.432212,215,740,5629,0.009125,0.990875,0.017511,0.982489
productions,1710-1720,1789-1802,0.567724,0.432276,346,3398,5711,0.028453,0.971547,0.038104,0.961896
illusion,1700-1710,1789-1802,0.567674,0.432326,58,996,5702,0.012614,0.987386,0.02401,0.97599
réglemens,1710-1720,1730-1740,0.567669,0.432331,1273,570,5685,0.035095,0.964905,0.025438,0.974562
franchise,1700-1710,1780-1789,0.567619,0.432381,84,1360,5686,0.015354,0.984646,0.018346,0.981654
vendre,1700-1710,1730-1740,0.56751,0.43249,1688,1843,5704,0.011397,0.988603,0.03116,0.96884
reprend,1710-1720,1720-1730,0.567051,0.432949,242,172,5689,0.00556,0.99444,0.013795,0.986205
tendres,1770-1780,1780-1789,0.566868,0.433132,1978,1986,5703,0.017409,0.982591,0.016948,0.983052
paroissent,1760-1770,1789-1802,0.566848,0.433152,2225,1919,5702,0.016895,0.983105,0.015722,0.984278
raisons,1700-1710,1720-1730,0.566847,0.433153,1754,2272,5715,0.010618,0.989382,0.024007,0.975993
pars,1710-1720,1789-1802,0.566829,0.433171,287,871,5687,0.023115,0.976885,0.039451,0.960549
ile,1720-1730,1760-1770,0.566704,0.433296,770,1288,5706,0.013568,0.986432,0.044791,0.955209
odeur,1750-1760,1770-1780,0.566173,0.433827,774,2522,5695,0.015727,0.984273,0.020485,0.979515
conjuration,1710-1720,1730-1740,0.56596,0.43404,116,324,5665,0.019509,0.980491,0.022136,0.977864
fii,1740-1750,1750-1760,0.565939,0.434061,523,362,5662,0.017841,0.982159,0.034728,0.965272
oient,1720-1730,1730-1740,0.565521,0.434479,405,444,5686,0.027994,0.972006,0.031454,0.968546
histoire,1720-1730,1730-1740,0.56543,0.43457,1830,4735,5723,0.010576,0.989424,0.022454,0.977546
incessamment,1720-1730,1780-1789,0.56537,0.43463,179,594,5667,0.045998,0.954002,0.021636,0.978364
signé,1720-1730,1789-1802,0.565026,0.434974,1293,3518,5694,0.014929,0.985071,0.119909,0.880091
feu,1720-1730,1789-1802,0.564933,0.435067,8595,14778,5718,0.019348,0.980652,0.047224,0.952776
pousse,1710-1720,1730-1740,0.564859,0.435141,360,411,5700,0.012141,0.987859,0.018959,0.981041
henri,1740-1750,1789-1802,0.564749,0.435251,1668,4726,5699,0.011447,0.988553,0.017743,0.982257
termes,1700-1710,1730-1740,0.564548,0.435452,2261,3115,5715,0.018463,0.981537,0.020167,0.979833
ple,1710-1720,1789-1802,0.56441,0.43559,312,1444,5679,0.013703,0.986297,0.023989,0.976011
voie,1700-1710,1789-1802,0.564369,0.435631,413,3823,5712,0.025198,0.974802,0.040218,0.959782
use,1700-1710,1720-1730,0.564329,0.435671,631,508,5708,0.043041,0.956959,0.035209,0.964791
face,1700-1710,1770-1780,0.564281,0.435719,845,3727,5716,0.022988,0.977012,0.037336,0.962664
posé,1710-1720,1789-1802,0.564079,0.435921,348,901,5700,0.020192,0.979808,0.029769,0.970231
exempt,1700-1710,1789-1802,0.563835,0.436165,149,949,5697,0.01073,0.98927,0.01813,0.98187
froide,1780-1789,1789-1802,0.56381,0.43619,1720,1042,5703,0.011176,0.988824,0.016204,0.983796
extrêmement,1720-1730,1730-1740,0.563728,0.436272,619,1626,5709,0.011979,0.988021,0.019077,0.980923
marquise,1730-1740,1760-1770,0.563564,0.436436,843,1201,5649,0.027681,0.972319,0.022272,0.977728
ministre,1720-1730,1789-1802,0.563536,0.436464,1102,13921,5711,0.018221,0.981779,0.030648,0.969352
ent,1730-1740,1760-1770,0.563413,0.436587,1174,2435,5707,0.009669,0.990331,0.017246,0.982754
midi,1740-1750,1780-1789,0.563248,0.436752,2312,4783,5695,0.029252,0.970748,0.035793,0.964207
mont,1730-1740,1789-1802,0.563246,0.436754,1612,2611,5705,0.020228,0.979772,0.041846,0.958154
aufli,1720-1730,1789-1802,0.562927,0.437073,1551,3180,5676,0.032432,0.967568,0.08376,0.91624
fols,1700-1710,1789-1802,0.562714,0.437286,193,728,5665,0.02905,0.97095,0.067485,0.932515
routes,1740-1750,1780-1789,0.562662,0.437338,3005,4333,5707,0.038946,0.961054,0.063091,0.936909
attraits,1770-1780,1789-1802,0.562661,0.437339,673,519,5685,0.015612,0.984388,0.018025,0.981975
chargés,1700-1710,1789-1802,0.562276,0.437724,130,3647,5701,0.040602,0.959398,0.042184,0.957816
troupeau,1720-1730,1760-1770,0.561788,0.438212,210,783,5689,0.019345,0.980655,0.018389,0.981611
relations,1740-1750,1789-1802,0.561753,0.438247,1179,2242,5695,0.049217,0.950783,0.046984,0.953016
élevée,1710-1720,1740-1750,0.561607,0.438393,274,590,5701,0.011676,0.988324,0.017048,0.982952
rayon,1700-1710,1780-1789,0.561534,0.438466,79,1354,5662,0.033696,0.966304,0.045892,0.954108
opinions,1710-1720,1770-1780,0.561513,0.438487,433,3663,5710,0.017762,0.982238,0.024386,0.975614
terminer,1710-1720,1730-1740,0.56134,0.43866,332,777,5699,0.012531,0.987469,0.017324,0.982676
français,1700-1710,1789-1802,0.561338,0.438662,223,12499,5701,0.026992,0.973008,0.0281,0.9719
tente,1720-1730,1750-1760,0.56118,0.43882,292,501,5691,0.013225,0.986775,0.023058,0.976942
uii,1730-1740,1789-1802,0.561022,0.438978,118,954,5672,0.014898,0.985102,0.045596,0.954404
quarré,1740-1750,1789-1802,0.56072,0.43928,917,651,5677,0.030014,0.969986,0.025728,0.974272
pir,1720-1730,1760-1770,0.560413,0.439587,419,396,5664,0.011001,0.988999,0.011273,0.988727
its,1720-1730,1750-1760,0.56039,0.43961,1280,1289,5709,0.028187,0.971813,0.051937,0.948063
merveille,1720-1730,1789-1802,0.560325,0.439675,288,729,5694,0.022114,0.977886,0.029202,0.970798
rarement,1700-1710,1750-1760,0.559919,0.440081,448,1426,5711,0.013125,0.986875,0.015816,0.984184
trc,1700-1710,1740-1750,0.559855,0.440145,305,402,5643,0.017925,0.982075,0.053982,0.946018
chaîne,1710-1720,1760-1770,0.559746,0.440254,175,1583,5696,0.02372,0.97628,0.024866,0.975134
cite,1700-1710,1760-1770,0.559625,0.440375,795,996,5708,0.034609,0.965391,0.070796,0.929204
rempart,1700-1710,1710-1720,0.559439,0.440561,60,219,5669,0.02036,0.97964,0.02633,0.97367
nil,1700-1710,1789-1802,0.559377,0.440623,387,2118,5688,0.030939,0.969061,0.045228,0.954772
demeurant,1700-1710,1789-1802,0.559234,0.440766,188,971,5683,0.033641,0.966359,0.040202,0.959798
juifs,1710-1720,1720-1730,0.559123,0.440877,972,875,5685,0.012223,0.987777,0.025598,0.974402
utiles,1760-1770,1780-1789,0.559055,0.440945,3694,5720,5711,0.016361,0.983639,0.017474,0.982526
amuser,1700-1710,1789-1802,0.558915,0.441085,72,347,5692,0.034042,0.965958,0.022826,0.977174
ires,1730-1740,1750-1760,0.558794,0.441206,168,286,5680,0.009669,0.990331,0.032991,0.967009
francois,1710-1720,1730-1740,0.558707,0.441293,766,727,5680,0.02574,0.97426,0.031674,0.968326
noires,1730-1740,1780-1789,0.558594,0.441406,267,1097,5690,0.013423,0.986577,0.024096,0.975904
duché,1710-1720,1730-1740,0.558519,0.441481,321,1169,5673,0.031668,0.968332,0.032542,0.967458
atteinte,1710-1720,1789-1802,0.558448,0.441552,196,1316,5694,0.043103,0.956897,0.038027,0.961973
fatal,1750-1760,1770-1780,0.558412,0.441588,752,1292,5708,0.007559,0.992441,0.014784,0.985216
précis,1700-1710,1760-1770,0.558406,0.441594,146,1076,5701,0.014347,0.985653,0.030515,0.969485
libres,1710-1720,1789-1802,0.558197,0.441803,436,5695,5706,0.01718,0.98282,0.024366,0.975634
poésie,1700-1710,1789-1802,0.558189,0.441811,82,1460,5689,0.040646,0.959354,0.026207,0.973793
nue,1700-1710,1780-1789,0.558019,0.441981,238,1642,5705,0.011127,0.988873,0.028435,0.971565
chagrin,1700-1710,1710-1720,0.55797,0.44203,890,693,5709,0.014201,0.985799,0.015066,0.984934
laines,1760-1770,1770-1780,0.557952,0.442048,2007,1669,5668,0.033569,0.966431,0.03331,0.96669
supérieur,1700-1710,1770-1780,0.557856,0.442144,187,2893,5707,0.017803,0.982197,0.029584,0.970416
prodigue,1700-1710,1720-1730,0.557474,0.442526,96,72,5688,0.010309,0.989691,0.022437,0.977563
réelles,1710-1720,1760-1770,0.557438,0.442562,198,913,5687,0.01847,0.98153,0.025217,0.974783
ation,1720-1730,1770-1780,0.557391,0.442609,228,801,5668,0.012408,0.987592,0.028687,0.971313
bel,1700-1710,1720-1730,0.556849,0.443151,1622,1288,5712,0.038675,0.961325,0.055288,0.944712
cri,1720-1730,1770-1780,0.556619,0.443381,709,2629,5706,0.015487,0.984513,0.031096,0.968904
chacune,1710-1720,1780-1789,0.556477,0.443523,2109,6272,5710,0.027975,0.972025,0.038449,0.961551
créer,1720-1730,1780-1789,0.556473,0.443527,140,1093,5692,0.012985,0.987015,0.022382,0.977618
total,1730-1740,1789-1802,0.556221,0.443779,388,5364,5706,0.012181,0.987819,0.03665,0.96335
seigneur,1720-1730,1740-1750,0.55619,0.44381,7322,18420,5707,0.019184,0.980816,0.045484,0.954516
insensiblement,1700-1710,1780-1789,0.556144,0.443856,217,1469,5689,0.030241,0.969759,0.023755,0.976245
regardant,1700-1710,1770-1780,0.556099,0.443901,368,1175,5699,0.012077,0.987923,0.02293,0.97707
éclater,1740-1750,1760-1770,0.556082,0.443918,506,532,5689,0.010433,0.989567,0.018656,0.981344
banquier,1710-1720,1730-1740,0.555977,0.444023,305,123,5663,0.012841,0.987159,0.016809,0.983191
coumme,1720-1730,1789-1802,0.555809,0.444191,484,1874,5090,0.01287,0.98713,0.056315,0.943685
voiles,1700-1710,1750-1760,0.555448,0.444552,794,537,5689,0.028279,0.971721,0.031603,0.968397
payables,1710-1720,1720-1730,0.555422,0.444578,384,226,5557,0.029227,0.970773,0.036864,0.963136
ari,1730-1740,1760-1770,0.555407,0.444593,167,338,5670,0.006189,0.993811,0.036336,0.963664
bat,1700-1710,1740-1750,0.555353,0.444647,394,538,5696,0.009618,0.990382,0.032953,0.967047
plantes,1700-1710,1740-1750,0.555343,0.444657,1151,1169,5703,0.028556,0.971444,0.024386,0.975614
but,1700-1710,1789-1802,0.555066,0.444934,1633,10408,5718,0.04218,0.95782,0.097348,0.902652
cettc,1700-1710,1710-1720,0.555064,0.444936,266,209,5518,0.01751,0.98249,0.052193,0.947807
mesurer,1710-1720,1740-1750,0.55454,0.44546,207,367,5669,0.022538,0.977462,0.026384,0.973616
arbre,1710-1720,1740-1750,0.554455,0.445545,845,2159,5703,0.01619,0.98381,0.022334,0.977666
église,1700-1710,1720-1730,0.554224,0.445776,65,877,5679,0.075142,0.924858,0.057823,0.942177
concours,1700-1710,1789-1802,0.55414,0.44586,184,2060,5701,0.016586,0.983414,0.024715,0.975285
trembler,1700-1710,1710-1720,0.553934,0.446066,195,212,5685,0.013539,0.986461,0.017697,0.982303
ice,1720-1730,1789-1802,0.553626,0.446374,403,1683,5692,0.012772,0.987228,0.049491,0.950509
adresse,1700-1710,1789-1802,0.553472,0.446528,278,2836,5711,0.015081,0.984919,0.024152,0.975848
fai,1710-1720,1780-1789,0.553423,0.446577,1915,4137,5702,0.019957,0.980043,0.037655,0.962345
poitrine,1760-1770,1770-1780,0.553354,0.446646,1154,1292,5698,0.014193,0.985807,0.024687,0.975313
vigilance,1700-1710,1789-1802,0.553341,0.446659,179,914,5692,0.02087,0.97913,0.019756,0.980244
tourne,1700-1710,1720-1730,0.55331,0.44669,410,638,5706,0.006401,0.993599,0.014948,0.985052
nis,1720-1730,1780-1789,0.553198,0.446802,332,758,5667,0.014226,0.985774,0.036432,0.963568
formée,1710-1720,1740-1750,0.553129,0.446871,312,803,5700,0.013815,0.986185,0.019948,0.980052
bnf,1720-1730,1789-1802,0.552981,0.447019,222,1583,5120,0.045739,0.954261,0.087225,0.912775
gentilshommes,1710-1720,1789-1802,0.552791,0.447209,329,765,5673,0.029756,0.970244,0.023359,0.976641
tables,1710-1720,1789-1802,0.552761,0.447239,664,2065,5705,0.021085,0.978915,0.025939,0.974061
nce,1700-1710,1720-1730,0.552519,0.447481,286,284,5672,0.010745,0.989255,0.030362,0.969638
art,1710-1720,1750-1760,0.552486,0.447514,3335,8304,5719,0.013492,0.986508,0.019052,0.980948
canaux,1710-1720,1789-1802,0.552438,0.447562,355,1829,5687,0.014658,0.985342,0.01796,0.98204
directement,1710-1720,1789-1802,0.552289,0.447711,515,1802,5703,0.012946,0.987054,0.022671,0.977329
ite,1730-1740,1789-1802,0.552202,0.447798,330,1609,5689,0.012293,0.987707,0.051876,0.948124
jus,1700-1710,1789-1802,0.552196,0.447804,650,1922,5694,0.030662,0.969338,0.071042,0.928958
jolie,1710-1720,1730-1740,0.552116,0.447884,317,394,5693,0.013608,0.986392,0.017391,0.982609
forcer,1710-1720,1789-1802,0.551769,0.448231,299,2383,5701,0.017082,0.982918,0.022224,0.977776
dérober,1720-1730,1789-1802,0.551762,0.448238,178,749,5695,0.025613,0.974387,0.018567,0.981433
dureté,1710-1720,1770-1780,0.551714,0.448286,239,1722,5696,0.036692,0.963308,0.022944,0.977056
fortes,1700-1710,1710-1720,0.551555,0.448445,4115,4121,5716,0.012145,0.987855,0.04098,0.95902
remèdes,1710-1720,1740-1750,0.551507,0.448493,180,464,5673,0.032937,0.967063,0.028274,0.971726
aisément,1710-1720,1730-1740,0.55145,0.44855,1019,1585,5709,0.011617,0.988383,0.016835,0.983165
punir,1710-1720,1720-1730,0.551069,0.448931,629,663,5701,0.016531,0.983469,0.016604,0.983396
reçoivent,1710-1720,1720-1730,0.551009,0.448991,295,367,5696,0.00884,0.99116,0.019541,0.980459
ministres,1710-1720,1720-1730,0.55093,0.44907,1385,940,5698,0.030844,0.969156,0.026179,0.973821
dela,1720-1730,1780-1789,0.550712,0.449288,1510,2474,5700,0.008402,0.991598,0.025467,0.974533
base,1700-1710,1789-1802,0.550634,0.449366,132,4876,5709,0.053254,0.946746,0.053144,0.946856
musique,1720-1730,1770-1780,0.550612,0.449388,512,4227,5711,0.01625,0.98375,0.021837,0.978163
nation,1730-1740,1789-1802,0.550549,0.449451,4211,35587,5718,0.034269,0.965731,0.05463,0.94537
rival,1770-1780,1789-1802,0.550512,0.449488,1745,1179,5693,0.006196,0.993804,0.011049,0.988951
rhin,1710-1720,1789-1802,0.550496,0.449504,202,2676,5680,0.031679,0.968321,0.035973,0.964027
traître,1730-1740,1789-1802,0.550365,0.449635,361,814,5682,0.008851,0.991149,0.015532,0.984468
décide,1700-1710,1720-1730,0.550361,0.449639,92,156,5694,0.009646,0.990354,0.021598,0.978402
céleste,1720-1730,1740-1750,0.55036,0.44964,156,259,5676,0.009654,0.990346,0.01781,0.98219
tent,1710-1720,1789-1802,0.550159,0.449841,418,1236,5692,0.010157,0.989843,0.021092,0.978908
ducats,1700-1710,1740-1750,0.549948,0.450052,564,868,5633,0.044424,0.955576,0.052891,0.947109
ille,1730-1740,1740-1750,0.549791,0.450209,1556,1507,5702,0.020829,0.979171,0.041635,0.958365
descente,1710-1720,1789-1802,0.549636,0.450364,254,580,5684,0.011642,0.988358,0.024304,0.975696
rit,1720-1730,1730-1740,0.549597,0.450403,436,580,5705,0.005851,0.994149,0.018384,0.981616
public,1700-1710,1789-1802,0.54903,0.45097,2256,24523,5717,0.050755,0.949245,0.051074,0.948926
baux,1700-1710,1789-1802,0.548906,0.451094,226,1233,5562,0.043507,0.956493,0.059279,0.940721
ire,1700-1710,1730-1740,0.548822,0.451178,1334,916,5703,0.012931,0.987069,0.021428,0.978572
lun,1700-1710,1730-1740,0.548801,0.451199,160,157,5633,0.019287,0.980713,0.032992,0.967008
ini,1730-1740,1789-1802,0.54873,0.45127,285,1470,5679,0.015247,0.984753,0.047185,0.952815
hollande,1720-1730,1740-1750,0.548553,0.451447,1665,2520,5693,0.023018,0.976982,0.053646,0.946354
joint,1700-1710,1789-1802,0.548079,0.451921,696,2924,5713,0.020477,0.979523,0.029952,0.970048
vignes,1700-1710,1740-1750,0.548009,0.451991,537,549,5681,0.033744,0.966256,0.042504,0.957496
messieurs,1720-1730,1730-1740,0.54799,0.45201,1111,1868,5698,0.020029,0.979971,0.029414,0.970586
hoc,1730-1740,1770-1780,0.547873,0.452127,3596,4122,5692,0.035065,0.964935,0.036986,0.963014
afrique,1700-1710,1740-1750,0.54785,0.45215,236,463,5688,0.034574,0.965426,0.027539,0.972461
pus,1700-1710,1740-1750,0.547733,0.452267,322,1430,5688,0.024205,0.975795,0.036152,0.963848
iin,1750-1760,1789-1802,0.547719,0.452281,212,1247,5674,0.013147,0.986853,0.048173,0.951827
fortunes,1710-1720,1770-1780,0.547718,0.452282,226,1138,5685,0.026884,0.973116,0.033704,0.966296
doigt,1760-1770,1789-1802,0.547718,0.452282,1193,653,5692,0.021264,0.978736,0.023406,0.976594
poëme,1710-1720,1789-1802,0.547628,0.452372,1184,585,5691,0.133204,0.866796,0.044418,0.955582
fournis,1700-1710,1710-1720,0.547488,0.452512,140,267,5698,0.009472,0.990528,0.020403,0.979597
marquée,1700-1710,1780-1789,0.54745,0.45255,237,1113,5701,0.019225,0.980775,0.029289,0.970711
ainli,1700-1710,1789-1802,0.547416,0.452584,606,930,5680,0.01097,0.98903,0.03929,0.96071
corruption,1700-1710,1789-1802,0.547212,0.452788,295,2417,5703,0.023986,0.976014,0.020284,0.979716
remarquables,1700-1710,1710-1720,0.54719,0.45281,97,198,5693,0.063874,0.936126,0.069724,0.930276
frere,1710-1720,1720-1730,0.547147,0.452853,1220,2473,5697,0.026166,0.973834,0.026552,0.973448
instruction,1740-1750,1770-1780,0.546822,0.453178,221,650,5701,0.01789,0.98211,0.023758,0.976242
marcs,1700-1710,1780-1789,0.546616,0.453384,399,952,5603,0.029809,0.970191,0.083497,0.916503
cherchant,1720-1730,1760-1770,0.546564,0.453436,147,470,5699,0.013709,0.986291,0.017556,0.982444
effroi,1770-1780,1780-1789,0.546465,0.453535,621,717,5693,0.01899,0.98101,0.013745,0.986255
vulgaire,1710-1720,1750-1760,0.546441,0.453559,238,771,5690,0.011089,0.988911,0.018778,0.981222
temple,1730-1740,1750-1760,0.546432,0.453568,3239,2561,5712,0.011674,0.988326,0.019873,0.980127
police,1700-1710,1710-1720,0.546307,0.453693,654,6718,5699,0.054915,0.945085,0.02285,0.97715
dépendance,1710-1720,1720-1730,0.545722,0.454278,422,302,5689,0.02268,0.97732,0.024244,0.975756
embrasse,1710-1720,1740-1750,0.545669,0.454331,114,236,5693,0.00997,0.99003,0.019924,0.980076
augustin,1780-1789,1789-1802,0.545528,0.454472,422,594,5668,0.010473,0.989527,0.02048,0.97952
expose,1700-1710,1720-1730,0.545223,0.454777,149,194,5712,0.01233,0.98767,0.01828,0.98172
gai,1700-1710,1710-1720,0.544903,0.455097,165,139,5688,0.024887,0.975113,0.02199,0.97801
colère,1710-1720,1780-1789,0.544462,0.455538,662,2416,5698,0.013037,0.986963,0.015803,0.984197
nouveauté,1710-1720,1720-1730,0.544362,0.455638,292,366,5697,0.00921,0.99079,0.017518,0.982482
envoie,1700-1710,1780-1789,0.544351,0.455649,280,1784,5688,0.0162,0.9838,0.030062,0.969938
alimens,1740-1750,1760-1770,0.54433,0.45567,617,851,5669,0.023276,0.976724,0.020346,0.979654
pêche,1730-1740,1760-1770,0.544253,0.455747,533,4835,5688,0.041787,0.958213,0.02915,0.97085
cii,1720-1730,1789-1802,0.544218,0.455782,644,2393,5667,0.014051,0.985949,0.062055,0.937945
marié,1700-1710,1770-1780,0.544059,0.455941,235,653,5682,0.01376,0.98624,0.019473,0.980527
provision,1720-1730,1789-1802,0.543919,0.456081,682,601,5694,0.012857,0.987143,0.026649,0.973351
int,1700-1710,1710-1720,0.543764,0.456236,824,297,5681,0.022408,0.977592,0.088103,0.911897
écu,1700-1710,1789-1802,0.543751,0.456249,485,713,5673,0.02919,0.97081,0.040259,0.959741
posséder,1720-1730,1740-1750,0.543727,0.456273,98,308,5694,0.007859,0.992141,0.018118,0.981882
rayons,1720-1730,1760-1770,0.543687,0.456313,363,2185,5700,0.016874,0.983126,0.02366,0.97634
écrivoit,1710-1720,1789-1802,0.54353,0.45647,124,704,5677,0.022936,0.977064,0.02768,0.97232
pere,1710-1720,1720-1730,0.543339,0.456661,4719,6261,5709,0.022538,0.977462,0.021377,0.978623
modèle,1700-1710,1789-1802,0.543257,0.456743,88,2421,5697,0.013488,0.986512,0.019907,0.980093
découvre,1740-1750,1760-1770,0.543209,0.456791,989,1263,5705,0.01383,0.98617,0.022079,0.977921
méprise,1700-1710,1730-1740,0.543044,0.456956,124,455,5697,0.018571,0.981429,0.015391,0.984609
courte,1700-1710,1750-1760,0.543019,0.456981,374,899,5701,0.013231,0.986769,0.017098,0.982902
appel,1700-1710,1789-1802,0.542867,0.457133,359,1124,5700,0.017832,0.982168,0.037393,0.962607
intime,1720-1730,1789-1802,0.542853,0.457147,173,1220,5694,0.018519,0.981481,0.024746,0.975254
blesse,1710-1720,1730-1740,0.542848,0.457152,178,299,5685,0.00827,0.99173,0.015262,0.984738
tenoient,1740-1750,1780-1789,0.542691,0.457309,552,1486,5688,0.023929,0.976071,0.016489,0.983511
considéré,1710-1720,1750-1760,0.542649,0.457351,136,568,5693,0.018588,0.981412,0.022544,0.977456
misère,1700-1710,1789-1802,0.542599,0.457401,104,2912,5676,0.036384,0.963616,0.027456,0.972544
ceur,1710-1720,1770-1780,0.542199,0.457801,181,753,5644,0.016258,0.983742,0.038931,0.961069
procurer,1710-1720,1740-1750,0.542138,0.457862,851,2158,5710,0.01753,0.98247,0.024387,0.975613
portés,1710-1720,1720-1730,0.541638,0.458362,201,177,5694,0.0169,0.9831,0.02197,0.97803
communément,1710-1720,1770-1780,0.541389,0.458611,261,3132,5699,0.018249,0.981751,0.029552,0.970448
aimable,1770-1780,1789-1802,0.541047,0.458953,2946,3390,5703,0.009308,0.990692,0.01544,0.98456
hauteur,1730-1740,1789-1802,0.541028,0.458972,1931,4540,5707,0.026304,0.973696,0.025317,0.974683
rose,1700-1710,1770-1780,0.540765,0.459235,275,2448,5695,0.009945,0.990055,0.020638,0.979362
établie,1720-1730,1760-1770,0.540702,0.459298,704,2398,5705,0.011198,0.988802,0.022632,0.977368
eté,1710-1720,1770-1780,0.540592,0.459408,521,1548,5688,0.062303,0.937697,0.055663,0.944337
accès,1700-1710,1770-1780,0.540447,0.459553,89,1008,5697,0.013324,0.986676,0.029237,0.970763
combattre,1710-1720,1730-1740,0.540319,0.459681,601,1712,5707,0.026646,0.973354,0.019815,0.980185
dir,1710-1720,1770-1780,0.540256,0.459744,337,1000,5689,0.009783,0.990217,0.013143,0.986857
piece,1720-1730,1730-1740,0.540139,0.459861,1338,2347,5712,0.017762,0.982238,0.033112,0.966888
laissez,1700-1710,1710-1720,0.53993,0.46007,621,765,5689,0.009686,0.990314,0.020183,0.979817
roman,1720-1730,1730-1740,0.539923,0.460077,327,787,5701,0.042759,0.957241,0.054844,0.945156
rendu,1710-1720,1740-1750,0.539732,0.460268,2315,3802,5717,0.019996,0.980004,0.023138,0.976862
redouter,1700-1710,1789-1802,0.539416,0.460584,65,1181,5681,0.024024,0.975976,0.026953,0.973047
onces,1740-1750,1760-1770,0.539404,0.460596,1456,6465,5667,0.050012,0.949988,0.05569,0.94431
pinte,1700-1710,1789-1802,0.539292,0.460708,297,680,5556,0.033703,0.966297,0.105967,0.894033
mortels,1740-1750,1770-1780,0.539168,0.460832,729,1887,5700,0.013916,0.986084,0.017117,0.982883
lac,1720-1730,1760-1770,0.538979,0.461021,921,1756,5692,0.010319,0.989681,0.02296,0.97704
globe,1700-1710,1770-1780,0.538926,0.461074,109,2874,5691,0.044694,0.955306,0.046312,0.953688
rre,1700-1710,1720-1730,0.538916,0.461084,274,370,5665,0.015176,0.984824,0.038415,0.961585
ily,1740-1750,1760-1770,0.538875,0.461125,307,520,5677,0.012922,0.987078,0.038612,0.961388
sacs,1720-1730,1750-1760,0.538627,0.461373,289,251,5636,0.137283,0.862717,0.102353,0.897647
laissé,1730-1740,1740-1750,0.538465,0.461535,1845,1460,5712,0.01048,0.98952,0.018819,0.981181
remet,1720-1730,1740-1750,0.538349,0.461651,624,437,5690,0.017904,0.982096,0.03226,0.96774
draps,1720-1730,1760-1770,0.538283,0.461717,892,2205,5666,0.02186,0.97814,0.026013,0.973987
journal,1720-1730,1780-1789,0.538094,0.461906,561,3336,5703,0.018458,0.981542,0.030351,0.969649
manifeste,1700-1710,1789-1802,0.538036,0.461964,199,1330,5703,0.018128,0.981872,0.025823,0.974177
ordonnons,1710-1720,1780-1789,0.537951,0.462049,920,581,5420,0.09848,0.90152,0.041168,0.958832
rétablissement,1700-1710,1789-1802,0.53785,0.46215,149,1324,5671,0.04169,0.95831,0.028292,0.971708
croire,1710-1720,1750-1760,0.537806,0.462194,2758,6780,5716,0.021236,0.978764,0.020867,0.979133
fleuves,1780-1789,1789-1802,0.537772,0.462228,1319,680,5686,0.026591,0.973409,0.014172,0.985828
horrible,1700-1710,1750-1760,0.537751,0.462249,259,742,5708,0.011661,0.988339,0.018124,0.981876
taureau,1700-1710,1789-1802,0.537623,0.462377,88,620,5686,0.017312,0.982688,0.025796,0.974204
dil,1730-1740,1770-1780,0.537549,0.462451,191,524,5661,0.012638,0.987362,0.015323,0.984677
académie,1710-1720,1760-1770,0.53751,0.46249,75,714,5703,0.021357,0.978643,0.029249,0.970751
feuille,1710-1720,1730-1740,0.537376,0.462624,424,478,5698,0.051701,0.948299,0.036731,0.963269
cheval,1710-1720,1770-1780,0.537369,0.462631,2606,6559,5708,0.016104,0.983896,0.022502,0.977498
herbe,1720-1730,1789-1802,0.537063,0.462937,474,382,5689,0.03683,0.96317,0.036578,0.963422
ilt,1760-1770,1789-1802,0.53704,0.46296,245,926,5575,0.010175,0.989825,0.045974,0.954026
fuir,1700-1710,1720-1730,0.536901,0.463099,789,785,5710,0.013265,0.986735,0.030012,0.969988
css,1730-1740,1789-1802,0.536842,0.463158,112,518,5235,0.014193,0.985807,0.058153,0.941847
voyons,1750-1760,1789-1802,0.536301,0.463699,2367,3369,5714,0.012261,0.987739,0.017303,0.982697
rejette,1700-1710,1730-1740,0.536144,0.463856,153,271,5698,0.007554,0.992446,0.014704,0.985296
disoient,1740-1750,1789-1802,0.53605,0.46395,540,887,5691,0.026518,0.973482,0.017492,0.982508
étrangeres,1720-1730,1789-1802,0.535935,0.464065,267,922,5661,0.030732,0.969268,0.023624,0.976376
iln,1720-1730,1789-1802,0.535929,0.464071,82,394,5675,0.016079,0.983921,0.024333,0.975667
finances,1700-1710,1789-1802,0.535687,0.464313,566,12582,5696,0.035617,0.964383,0.048185,0.951815
excepte,1700-1710,1710-1720,0.535682,0.464318,103,216,5696,0.026321,0.973679,0.024942,0.975058
retirer,1720-1730,1750-1760,0.535637,0.464363,1648,2642,5709,0.015221,0.984779,0.022701,0.977299
demandez,1750-1760,1770-1780,0.535633,0.464367,535,914,5689,0.011187,0.988813,0.017912,0.982088
termine,1710-1720,1720-1730,0.535562,0.464438,183,218,5698,0.018482,0.981518,0.028113,0.971887
quii,1730-1740,1789-1802,0.535501,0.464499,158,989,5639,0.015072,0.984928,0.040471,0.959529
semences,1710-1720,1780-1789,0.535316,0.464684,186,1677,5664,0.026415,0.973585,0.028621,0.971379
aprs,1730-1740,1760-1770,0.534823,0.465177,141,185,2892,0.011633,0.988367,0.031548,0.968452
flandre,1700-1710,1789-1802,0.534773,0.465227,874,1578,5670,0.019571,0.980429,0.04704,0.95296
politiques,1730-1740,1789-1802,0.534641,0.465359,379,5531,5693,0.032987,0.967013,0.035585,0.964415
quelles,1700-1710,1710-1720,0.534532,0.465468,1073,1310,5712,0.010978,0.989022,0.020687,0.979313
médecin,1720-1730,1750-1760,0.534488,0.465512,581,1302,5703,0.032204,0.967796,0.035192,0.964808
quarts,1760-1770,1789-1802,0.534487,0.465513,3477,2236,5690,0.039482,0.960518,0.057248,0.942752
sot,1710-1720,1740-1750,0.534334,0.465666,355,439,5688,0.020506,0.979494,0.01931,0.98069
faux,1710-1720,1770-1780,0.534268,0.465732,1762,6453,5714,0.01214,0.98786,0.015465,0.984535
revêtu,1720-1730,1730-1740,0.534227,0.465773,239,411,5685,0.012556,0.987444,0.021026,0.978974
négociation,1700-1710,1740-1750,0.534,0.466,220,965,5691,0.023122,0.976878,0.031783,0.968217
infailliblement,1710-1720,1789-1802,0.53386,0.46614,192,695,5684,0.03211,0.96789,0.019142,0.980858
immense,1700-1710,1770-1780,0.533742,0.466258,83,1970,5699,0.017154,0.982846,0.030697,0.969303
verra,1700-1710,1730-1740,0.533588,0.466412,953,1132,5711,0.016076,0.983924,0.025227,0.974773
zoo,1700-1710,1780-1789,0.533231,0.466769,695,987,5611,0.022936,0.977064,0.136468,0.863532
plomb,1700-1710,1730-1740,0.53321,0.46679,410,2385,5690,0.032697,0.967303,0.043787,0.956213
hâte,1700-1710,1720-1730,0.533193,0.466807,98,204,5681,0.026371,0.973629,0.034509,0.965491
iit,1710-1720,1789-1802,0.533058,0.466942,260,1814,5676,0.012593,0.987407,0.056747,0.943253
particulière,1720-1730,1730-1740,0.532983,0.467017,374,582,5713,0.012049,0.987951,0.018862,0.981138
mefures,1710-1720,1760-1770,0.532959,0.467041,95,479,5524,0.028182,0.971818,0.045451,0.954549
aii,1730-1740,1760-1770,0.532778,0.467222,181,400,5677,0.007293,0.992707,0.039736,0.960264
excuse,1710-1720,1740-1750,0.532706,0.467294,145,169,5694,0.005991,0.994009,0.01445,0.98555
enceinte,1700-1710,1770-1780,0.532425,0.467575,92,816,5683,0.015764,0.984236,0.030469,0.969531
cetre,1730-1740,1750-1760,0.532362,0.467638,231,486,5674,0.012523,0.987477,0.030528,0.969472
uis,1770-1780,1789-1802,0.531389,0.468611,448,781,5667,0.009901,0.990099,0.049868,0.950132
cnt,1700-1710,1730-1740,0.531318,0.468682,416,156,5663,0.015875,0.984125,0.059547,0.940453
chère,1700-1710,1750-1760,0.531314,0.468686,285,3654,5683,0.046841,0.953159,0.044114,0.955886
ark,1720-1730,1789-1802,0.531262,0.468738,222,1592,5241,0.056382,0.943618,0.072152,0.927848
serviteur,1710-1720,1789-1802,0.531132,0.468868,628,1222,5689,0.021902,0.978098,0.036791,0.963209
trouvai,1710-1720,1750-1760,0.531055,0.468945,445,806,5660,0.028508,0.971492,0.025761,0.974239
merci,1700-1710,1789-1802,0.53092,0.46908,108,729,5675,0.015693,0.984307,0.035324,0.964676
teins,1720-1730,1730-1740,0.530902,0.469098,699,943,5683,0.019239,0.980761,0.038026,0.961974
parlons,1710-1720,1740-1750,0.530829,0.469171,282,427,5698,0.013094,0.986906,0.025497,0.974503
aulli,1730-1740,1750-1760,0.530797,0.469203,515,797,5679,0.006784,0.993216,0.042045,0.957955
éloigne,1700-1710,1710-1720,0.53076,0.46924,89,91,5692,0.023657,0.976343,0.019345,0.980655
capital,1700-1710,1750-1760,0.530668,0.469332,444,2207,5703,0.016578,0.983422,0.032046,0.967954
ili,1720-1730,1789-1802,0.530639,0.469361,516,2140,5671,0.011074,0.988926,0.039762,0.960238
irs,1730-1740,1770-1780,0.530632,0.469368,156,548,5645,0.008505,0.991495,0.035663,0.964337
agent,1710-1720,1789-1802,0.530609,0.469391,91,1157,5679,0.015644,0.984356,0.022131,0.977869
style,1700-1710,1780-1789,0.530517,0.469483,204,4189,5710,0.018888,0.981112,0.027212,0.972788
ailleurs,1710-1720,1789-1802,0.530479,0.469521,2945,4520,5717,0.024159,0.975841,0.040952,0.959048
dce,1730-1740,1789-1802,0.530478,0.469522,228,1641,5290,0.014877,0.985123,0.03982,0.96018
véritablement,1710-1720,1780-1789,0.530344,0.469656,403,2090,5710,0.010237,0.989763,0.016822,0.983178
acquit,1740-1750,1760-1770,0.530121,0.469879,185,416,5686,0.025688,0.974312,0.028968,0.971032
infamie,1700-1710,1760-1770,0.529818,0.470182,55,129,5682,0.04508,0.95492,0.027261,0.972739
impunément,1700-1710,1720-1730,0.529771,0.470229,87,155,5689,0.042036,0.957964,0.024983,0.975017
great,1700-1710,1770-1780,0.529769,0.470231,563,643,2053,0.045763,0.954237,0.066393,0.933607
airs,1720-1730,1780-1789,0.529741,0.470259,360,2963,5706,0.021006,0.978994,0.036118,0.963882
jetter,1710-1720,1780-1789,0.529712,0.470288,994,2760,5698,0.027037,0.972963,0.024994,0.975006
cuir,1710-1720,1760-1770,0.529697,0.470303,316,2029,5684,0.020499,0.979501,0.02595,0.97405
préférer,1710-1720,1780-1789,0.529616,0.470384,107,1266,5703,0.017868,0.982132,0.023684,0.976316
bre,1700-1710,1780-1789,0.529444,0.470556,629,3159,5698,0.009298,0.990702,0.025206,0.974794
retenir,1700-1710,1740-1750,0.529371,0.470629,582,1165,5710,0.007821,0.992179,0.014766,0.985234
fervi,1740-1750,1789-1802,0.529277,0.470723,893,985,5562,0.016674,0.983326,0.028079,0.971921
lic,1750-1760,1789-1802,0.529162,0.470838,210,1156,5621,0.012406,0.987594,0.024025,0.975975
puni,1710-1720,1750-1760,0.529131,0.470869,314,669,5693,0.010185,0.989815,0.015939,0.984061
paye,1730-1740,1750-1760,0.529035,0.470965,704,1619,5690,0.015858,0.984142,0.02046,0.97954
quo,1710-1720,1789-1802,0.528851,0.471149,1034,1243,5700,0.039867,0.960133,0.045729,0.954271
pouvait,1710-1720,1740-1750,0.528749,0.471251,2149,453,5677,0.035385,0.964615,0.03252,0.96748
innocens,1720-1730,1770-1780,0.528745,0.471255,207,397,5680,0.016906,0.983094,0.020897,0.979103
traverse,1710-1720,1760-1770,0.528709,0.471291,204,1378,5681,0.045749,0.954251,0.042861,0.957139
douleurs,1730-1740,1760-1770,0.528705,0.471295,488,1331,5706,0.017819,0.982181,0.017318,0.982682
rendue,1700-1710,1710-1720,0.5285,0.4715,325,553,5707,0.01444,0.98556,0.023713,0.976287
tronc,1760-1770,1780-1789,0.528495,0.471505,1294,936,5679,0.01981,0.98019,0.023321,0.976679
canon,1710-1720,1770-1780,0.528375,0.471625,718,2087,5687,0.015436,0.984564,0.024459,0.975541
bourgeois,1710-1720,1780-1789,0.528231,0.471769,2602,2337,5696,0.028547,0.971453,0.027404,0.972596
fers,1720-1730,1789-1802,0.528088,0.471912,646,2979,5701,0.025561,0.974439,0.036425,0.963575
emporte,1700-1710,1710-1720,0.528061,0.471939,206,249,5709,0.007847,0.992153,0.015647,0.984353
boeuf,1780-1789,1789-1802,0.52798,0.47202,1362,728,5666,0.008553,0.991447,0.018384,0.981616
historien,1710-1720,1789-1802,0.527869,0.472131,127,449,5695,0.014823,0.985177,0.020772,0.979228
faveurs,1730-1740,1780-1789,0.527854,0.472146,556,1711,5696,0.0227,0.9773,0.019673,0.980327
garni,1730-1740,1760-1770,0.527839,0.472161,296,984,5676,0.025023,0.974977,0.030242,0.969758
proprement,1710-1720,1760-1770,0.527825,0.472175,992,2314,5709,0.029327,0.970673,0.042001,0.957999
sent,1710-1720,1789-1802,0.527696,0.472304,1342,4876,5715,0.008225,0.991775,0.02079,0.97921
meurs,1710-1720,1730-1740,0.527137,0.472863,307,444,5690,0.021493,0.978507,0.018417,0.981583
manteau,1760-1770,1770-1780,0.52685,0.47315,649,829,5696,0.01355,0.98645,0.014228,0.985772
humains,1700-1710,1730-1740,0.526764,0.473236,115,418,5695,0.015443,0.984557,0.021727,0.978273
cours,1720-1730,1740-1750,0.526667,0.473333,4191,6566,5718,0.013409,0.986591,0.025648,0.974352
iic,1740-1750,1789-1802,0.526387,0.473613,311,886,5595,0.010827,0.989173,0.0535,0.9465
hazard,1700-1710,1789-1802,0.526374,0.473626,642,758,5698,0.023842,0.976158,0.0316,0.9684
lorsqu,1710-1720,1789-1802,0.526356,0.473644,303,1537,5718,0.014309,0.985691,0.024061,0.975939
captivité,1700-1710,1780-1789,0.52635,0.47365,82,588,5681,0.014882,0.985118,0.023906,0.976094
obligée,1720-1730,1730-1740,0.526255,0.473745,312,687,5695,0.020344,0.979656,0.025774,0.974226
exprime,1700-1710,1720-1730,0.526241,0.473759,264,155,5709,0.016534,0.983466,0.027752,0.972248
lil,1780-1789,1789-1802,0.52624,0.47376,596,1060,5635,0.010327,0.989673,0.038939,0.961061
dignes,1710-1720,1740-1750,0.526158,0.473842,560,1014,5710,0.014195,0.985805,0.020806,0.979194
jure,1720-1730,1789-1802,0.526141,0.473859,924,1527,5699,0.042873,0.957127,0.103961,0.896039
there,1750-1760,1789-1802,0.525825,0.474175,535,965,5014,0.021055,0.978945,0.048251,0.951749
apôtres,1730-1740,1780-1789,0.525753,0.474247,486,747,5663,0.021521,0.978479,0.021064,0.978936
inviolable,1710-1720,1789-1802,0.525414,0.474586,130,753,5687,0.03808,0.96192,0.018581,0.981419
exact,1700-1710,1789-1802,0.525399,0.474601,177,898,5692,0.021862,0.978138,0.029502,0.970498
discipline,1710-1720,1789-1802,0.525149,0.474851,769,1626,5690,0.020029,0.979971,0.024198,0.975802
pavillon,1700-1710,1789-1802,0.525105,0.474895,488,1192,5668,0.014199,0.985801,0.024242,0.975758
totale,1700-1710,1760-1770,0.525002,0.474998,99,1784,5705,0.035746,0.964254,0.029289,0.970711
flotte,1710-1720,1740-1750,0.524858,0.475142,467,3207,5704,0.022818,0.977182,0.022371,0.977629
débiteurs,1780-1789,1789-1802,0.524856,0.475144,925,1013,5667,0.025711,0.974289,0.029993,0.970007
chrétiens,1730-1740,1740-1750,0.524774,0.475226,1203,1585,5692,0.012412,0.987588,0.01937,0.98063
extraordinaires,1700-1710,1789-1802,0.524523,0.475477,467,2714,5703,0.017848,0.982152,0.025404,0.974596
peuples,1720-1730,1740-1750,0.524383,0.475617,4863,5501,5716,0.017936,0.982064,0.019904,0.980096
éloges,1710-1720,1789-1802,0.52425,0.47575,187,1339,5706,0.030322,0.969678,0.01695,0.98305
militaire,1720-1730,1789-1802,0.524213,0.475787,685,6209,5696,0.030787,0.969213,0.025225,0.974775
aventures,1770-1780,1789-1802,0.524208,0.475792,561,645,5677,0.00699,0.99301,0.012226,0.987774
hasard,1710-1720,1770-1780,0.524184,0.475816,399,1826,5695,0.021375,0.978625,0.031418,0.968582
approuver,1700-1710,1720-1730,0.524035,0.475965,141,164,5692,0.028803,0.971197,0.022623,0.977377
rai,1710-1720,1789-1802,0.524004,0.475996,626,2330,5703,0.013313,0.986687,0.015342,0.984658
suit,1700-1710,1710-1720,0.523995,0.476005,391,259,5709,0.01176,0.98824,0.03339,0.96661
mouvements,1710-1720,1720-1730,0.523716,0.476284,268,150,5648,0.01696,0.98304,0.021128,0.978872
clarté,1700-1710,1750-1760,0.52358,0.47642,224,632,5704,0.034151,0.965849,0.040682,0.959318
profondes,1710-1720,1789-1802,0.523254,0.476746,167,1063,5703,0.021797,0.978203,0.022797,0.977203
éteint,1710-1720,1789-1802,0.52325,0.47675,197,671,5694,0.020841,0.979159,0.024191,0.975809
scs,1710-1720,1750-1760,0.523225,0.476775,417,1273,5688,0.014885,0.985115,0.051263,0.948737
unc,1710-1720,1740-1750,0.523207,0.476793,502,500,5673,0.028343,0.971657,0.05198,0.94802
lir,1730-1740,1789-1802,0.5229,0.4771,323,1766,5676,0.011977,0.988023,0.043266,0.956734
bonheur,1710-1720,1770-1780,0.522726,0.477274,1549,14887,5715,0.028424,0.971576,0.030347,0.969653
née,1700-1710,1750-1760,0.522713,0.477287,313,1253,5700,0.005449,0.994551,0.016398,0.983602
etl,1730-1740,1740-1750,0.522338,0.477662,176,350,5666,0.013512,0.986488,0.013025,0.986975
their,1770-1780,1789-1802,0.522322,0.477678,1332,2402,3141,0.048848,0.951152,0.053193,0.946807
construire,1700-1710,1720-1730,0.522062,0.477938,106,264,5679,0.027343,0.972657,0.023483,0.976517
fixe,1700-1710,1789-1802,0.521986,0.478014,271,3629,5710,0.01651,0.98349,0.020559,0.979441
négociant,1720-1730,1789-1802,0.52197,0.47803,186,2020,5670,0.031303,0.968697,0.03958,0.96042
prévention,1700-1710,1789-1802,0.521913,0.478087,154,678,5690,0.008361,0.991639,0.023587,0.976413
portions,1700-1710,1760-1770,0.521699,0.478301,186,1170,5686,0.044184,0.955816,0.044101,0.955899
toile,1750-1760,1770-1780,0.521428,0.478572,959,2287,5702,0.018022,0.981978,0.017886,0.982114
chaux,1710-1720,1789-1802,0.521417,0.478583,385,1260,5660,0.016853,0.983147,0.031401,0.968599
gouverne,1720-1730,1789-1802,0.521196,0.478804,354,2160,5693,0.021138,0.978862,0.024175,0.975825
mette,1720-1730,1730-1740,0.521168,0.478832,289,386,5696,0.014618,0.985382,0.021694,0.978306
sceaux,1700-1710,1789-1802,0.521116,0.478884,141,940,5680,0.03325,0.96675,0.046456,0.953544
dui,1720-1730,1789-1802,0.521116,0.478884,397,1955,5661,0.014512,0.985488,0.042535,0.957465
trace,1700-1710,1770-1780,0.521097,0.478903,175,1325,5701,0.018941,0.981059,0.019042,0.980958
cui,1710-1720,1760-1770,0.520906,0.479094,725,936,5694,0.0163,0.9837,0.030527,0.969473
point,1700-1710,1720-1730,0.520891,0.479109,29175,35697,5721,0.018068,0.981932,0.026611,0.973389
connue,1700-1710,1720-1730,0.520888,0.479112,291,426,5715,0.008816,0.991184,0.015212,0.984788
lans,1710-1720,1789-1802,0.520868,0.479132,407,1223,5691,0.011559,0.988441,0.049574,0.950426
valoit,1700-1710,1740-1750,0.520802,0.479198,449,524,5684,0.03219,0.96781,0.03187,0.96813
bande,1700-1710,1760-1770,0.520721,0.479279,236,829,5680,0.026329,0.973671,0.028044,0.971956
bretagne,1700-1710,1740-1750,0.520483,0.479517,575,1846,5692,0.03394,0.96606,0.032207,0.967793
éteindre,1700-1710,1789-1802,0.520186,0.479814,108,686,5698,0.025849,0.974151,0.024283,0.975717
défiance,1700-1710,1789-1802,0.520128,0.479872,87,1293,5684,0.050048,0.949952,0.021165,0.978835
rendroit,1710-1720,1720-1730,0.520019,0.479981,156,213,5691,0.010905,0.989095,0.0207,0.9793
alpes,1720-1730,1789-1802,0.519998,0.480002,443,1121,5675,0.016203,0.983797,0.043108,0.956892
dangereuse,1740-1750,1789-1802,0.51973,0.48027,684,1871,5700,0.014154,0.985846,0.018842,0.981158
entendus,1710-1720,1789-1802,0.519634,0.480366,177,651,5687,0.01989,0.98011,0.030233,0.969767
deux,1710-1720,1720-1730,0.519459,0.480541,32272,38221,5721,0.011706,0.988294,0.023441,0.976559
inc,1710-1720,1720-1730,0.519074,0.480926,105,217,5637,0.005681,0.994319,0.021044,0.978956
absolue,1700-1710,1789-1802,0.519073,0.480927,59,2462,5697,0.018202,0.981798,0.028697,0.971303
secrétaire,1710-1720,1789-1802,0.518834,0.481166,486,3178,5688,0.040054,0.959946,0.036272,0.963728
who,1720-1730,1760-1770,0.518648,0.481352,999,212,2396,0.020594,0.979406,0.077896,0.922104
tendresse,1700-1710,1710-1720,0.518538,0.481462,640,753,5702,0.013768,0.986232,0.016452,0.983548
ill,1700-1710,1780-1789,0.518452,0.481548,1212,937,5701,0.017728,0.982272,0.057095,0.942905
préférence,1700-1710,1789-1802,0.518373,0.481627,155,2429,5702,0.02562,0.97438,0.020696,0.979304
crédit,1710-1720,1789-1802,0.518268,0.481732,844,8066,5708,0.021092,0.978908,0.026591,0.973409
réel,1700-1710,1789-1802,0.518167,0.481833,305,2319,5704,0.021787,0.978213,0.037801,0.962199
gouverneur,1710-1720,1789-1802,0.517899,0.482101,1380,3875,5703,0.011292,0.988708,0.016021,0.983979
conviennent,1740-1750,1750-1760,0.517772,0.482228,699,858,5703,0.017254,0.982746,0.019469,0.980531
aucuns,1740-1750,1789-1802,0.517757,0.482243,1883,1433,5688,0.020006,0.979994,0.02865,0.97135
jambes,1740-1750,1750-1760,0.517683,0.482317,1057,938,5698,0.026528,0.973472,0.024199,0.975801
famine,1700-1710,1770-1780,0.517442,0.482558,77,726,5678,0.034373,0.965627,0.022011,0.977989
joue,1700-1710,1760-1770,0.517299,0.482701,349,1085,5702,0.031481,0.968519,0.032926,0.967074
doi,1710-1720,1740-1750,0.516953,0.483047,315,431,5682,0.01966,0.98034,0.018956,0.981044
attachement,1730-1740,1750-1760,0.51661,0.48339,434,702,5703,0.016388,0.983612,0.016385,0.983615
parens,1700-1710,1789-1802,0.516485,0.483515,934,4050,5705,0.038734,0.961266,0.040129,0.959871
servant,1720-1730,1770-1780,0.516403,0.483597,306,1327,5702,0.028203,0.971797,0.026013,0.973987
rii,1710-1720,1789-1802,0.516182,0.483818,115,652,5635,0.010528,0.989472,0.049062,0.950938
cuivre,1700-1710,1730-1740,0.51616,0.48384,546,2647,5694,0.053683,0.946317,0.045736,0.954264
viande,1750-1760,1760-1770,0.516046,0.483954,578,917,5685,0.011633,0.988367,0.019844,0.980156
veulent,1710-1720,1730-1740,0.515925,0.484075,1628,1586,5714,0.019112,0.980888,0.018245,0.981755
pouces,1700-1710,1740-1750,0.515864,0.484136,1982,3625,5681,0.079267,0.920733,0.148096,0.851904
châtiment,1700-1710,1720-1730,0.515714,0.484286,127,201,5686,0.018405,0.981595,0.01596,0.98404
expérience,1710-1720,1760-1770,0.515278,0.484722,234,3154,5715,0.017994,0.982006,0.026723,0.973277
iti,1720-1730,1789-1802,0.515248,0.484752,247,1070,5668,0.011613,0.988387,0.054049,0.945951
nés,1700-1710,1780-1789,0.515045,0.484955,164,2046,5700,0.021767,0.978233,0.0225,0.9775
requis,1710-1720,1789-1802,0.514873,0.485127,886,1017,5680,0.034683,0.965317,0.041823,0.958177
copies,1710-1720,1789-1802,0.514745,0.485255,463,671,5703,0.024963,0.975037,0.037204,0.962796
cit,1720-1730,1730-1740,0.514684,0.485316,843,627,5692,0.019972,0.980028,0.026978,0.973022
défaite,1700-1710,1730-1740,0.514652,0.485348,155,1250,5692,0.025745,0.974255,0.02102,0.97898
avcc,1730-1740,1760-1770,0.514461,0.485539,449,700,5637,0.01511,0.98489,0.03339,0.96661
sunt,1730-1740,1740-1750,0.514421,0.485579,1866,631,5675,0.038446,0.961554,0.036204,0.963796
fardeau,1700-1710,1789-1802,0.514384,0.485616,139,1291,5688,0.02818,0.97182,0.029765,0.970235
tirent,1730-1740,1780-1789,0.514242,0.485758,540,1852,5701,0.013613,0.986387,0.015854,0.984146
mêle,1730-1740,1750-1760,0.514184,0.485816,519,683,5696,0.017828,0.982172,0.015859,0.984141
travaillent,1710-1720,1789-1802,0.514052,0.485948,242,707,5690,0.016441,0.983559,0.019827,0.980173
tii,1760-1770,1789-1802,0.513837,0.486163,343,1149,5661,0.010585,0.989415,0.053652,0.946348
remède,1710-1720,1720-1730,0.513818,0.486182,313,229,5690,0.009579,0.990421,0.017982,0.982018
verse,1700-1710,1789-1802,0.513683,0.486317,120,616,5680,0.020551,0.979449,0.042127,0.957873
vives,1700-1710,1789-1802,0.513363,0.486637,301,1267,5699,0.040635,0.959365,0.03176,0.96824
inconvénient,1730-1740,1789-1802,0.513349,0.486651,277,1592,5698,0.030171,0.969829,0.01895,0.98105
donnée,1720-1730,1760-1770,0.513265,0.486735,1274,2763,5712,0.016685,0.983315,0.027261,0.972739
bâti,1700-1710,1780-1789,0.513052,0.486948,218,929,5688,0.012427,0.987573,0.018943,0.981057
archevêque,1700-1710,1789-1802,0.512891,0.487109,513,482,5678,0.042463,0.957537,0.034973,0.965027
placée,1740-1750,1760-1770,0.512777,0.487223,505,1255,5700,0.017154,0.982846,0.026114,0.973886
original,1710-1720,1789-1802,0.512711,0.487289,414,805,5714,0.017818,0.982182,0.025054,0.974946
masse,1700-1710,1789-1802,0.512438,0.487562,163,4857,5695,0.039365,0.960635,0.036871,0.963129
soif,1700-1710,1789-1802,0.512435,0.487565,128,857,5670,0.027529,0.972471,0.029924,0.970076
cruel,1730-1740,1750-1760,0.512389,0.487611,1376,1694,5708,0.011228,0.988772,0.011929,0.988071
fiur,1710-1720,1740-1750,0.512337,0.487663,290,501,5035,0.014999,0.985001,0.037865,0.962135
lieue,1710-1720,1740-1750,0.511744,0.488256,317,1902,5679,0.069021,0.930979,0.043783,0.956217
régiment,1710-1720,1730-1740,0.511686,0.488314,322,357,5679,0.03091,0.96909,0.021541,0.978459
graines,1700-1710,1710-1720,0.511374,0.488626,269,180,5620,0.02754,0.97246,0.032887,0.967113
demandent,1780-1789,1789-1802,0.511177,0.488823,1615,1890,5711,0.008945,0.991055,0.015992,0.984008
veut,1710-1720,1720-1730,0.511012,0.488988,7215,5741,5716,0.017049,0.982951,0.022582,0.977418
montagnes,1700-1710,1740-1750,0.510769,0.489231,581,5194,5707,0.036697,0.963303,0.020782,0.979218
blâme,1700-1710,1770-1780,0.510449,0.489551,140,819,5690,0.024905,0.975095,0.01427,0.98573
opération,1710-1720,1720-1730,0.51015,0.48985,83,459,5700,0.029847,0.970153,0.031718,0.968282
foin,1710-1720,1720-1730,0.510067,0.489933,4498,3461,5710,0.028562,0.971438,0.03246,0.96754
rouge,1730-1740,1789-1802,0.510004,0.489996,1430,4588,5711,0.014475,0.985525,0.026685,0.973315
venu,1710-1720,1720-1730,0.509967,0.490033,1520,1768,5712,0.01226,0.98774,0.017208,0.982792
touche,1720-1730,1750-1760,0.50982,0.49018,641,1410,5709,0.011901,0.988099,0.018403,0.981597
contredit,1700-1710,1780-1789,0.509766,0.490234,196,1421,5707,0.052493,0.947507,0.043303,0.956697
attachées,1710-1720,1789-1802,0.509556,0.490444,301,789,5686,0.02988,0.97012,0.031836,0.968164
iir,1730-1740,1760-1770,0.509352,0.490648,243,559,5661,0.010834,0.989166,0.0425,0.9575
impositions,1710-1720,1789-1802,0.509278,0.490722,169,2710,5659,0.048652,0.951348,0.044137,0.955863
forma,1700-1710,1789-1802,0.509223,0.490777,318,1133,5694,0.0367,0.9633,0.044113,0.955887
jusqu,1700-1710,1710-1720,0.509008,0.490992,411,502,5719,0.016026,0.983974,0.022486,0.977514
mier,1700-1710,1760-1770,0.508938,0.491062,194,856,5684,0.014927,0.985073,0.036358,0.963642
paille,1720-1730,1770-1780,0.508665,0.491335,322,3205,5680,0.022203,0.977797,0.036283,0.963717
eil,1700-1710,1750-1760,0.508616,0.491384,571,962,5696,0.016372,0.983628,0.041126,0.958874
société,1700-1710,1710-1720,0.508311,0.491689,365,1111,5715,0.017403,0.982597,0.027117,0.972883
iis,1700-1710,1760-1770,0.508218,0.491782,907,806,5698,0.02377,0.97623,0.059785,0.940215
cicéron,1700-1710,1760-1770,0.508019,0.491981,1939,747,5682,0.059386,0.940614,0.0361,0.9639
addition,1710-1720,1770-1780,0.507909,0.492091,134,553,5696,0.017816,0.982184,0.033681,0.966319
dragon,1700-1710,1789-1802,0.507898,0.492102,87,579,5673,0.010323,0.989677,0.018542,0.981458
tua,1700-1710,1740-1750,0.507763,0.492237,847,1250,5684,0.017608,0.982392,0.034309,0.965691
division,1700-1710,1789-1802,0.507484,0.492516,734,4957,5699,0.021715,0.978285,0.024411,0.975589
grâces,1710-1720,1730-1740,0.507412,0.492588,566,654,5705,0.032308,0.967692,0.024894,0.975106
perfidie,1700-1710,1789-1802,0.507361,0.492639,152,1104,5688,0.053404,0.946596,0.024285,0.975715
trcs,1730-1740,1789-1802,0.507238,0.492762,293,946,5671,0.021186,0.978814,0.03793,0.96207
nées,1720-1730,1789-1802,0.506983,0.493017,234,875,5685,0.017483,0.982517,0.024332,0.975668
postérité,1700-1710,1789-1802,0.506548,0.493452,161,2086,5705,0.02104,0.97896,0.028666,0.971334
ouvertement,1700-1710,1750-1760,0.506538,0.493462,226,825,5691,0.025159,0.974841,0.025472,0.974528
nii,1700-1710,1789-1802,0.506504,0.493496,200,989,5617,0.01238,0.98762,0.053577,0.946423
sérieusement,1710-1720,1780-1789,0.506287,0.493713,123,599,5674,0.012571,0.987429,0.01876,0.98124
majesté,1710-1720,1740-1750,0.505989,0.494011,3392,7016,5716,0.047281,0.952719,0.043339,0.956661
honore,1700-1710,1789-1802,0.505967,0.494033,98,478,5699,0.024295,0.975705,0.02484,0.97516
immédiatement,1710-1720,1780-1789,0.505883,0.494117,268,1787,5703,0.012427,0.987573,0.017412,0.982588
receveur,1710-1720,1789-1802,0.505537,0.494463,644,1383,5667,0.02554,0.97446,0.025667,0.974333
iles,1700-1710,1740-1750,0.505305,0.494695,273,2839,5680,0.080404,0.919596,0.041236,0.958764
moulins,1700-1710,1760-1770,0.505292,0.494708,188,1378,5673,0.022366,0.977634,0.026371,0.973629
combler,1720-1730,1789-1802,0.505186,0.494814,135,603,5680,0.017356,0.982644,0.019888,0.980112
monarchie,1710-1720,1789-1802,0.505155,0.494845,572,5285,5687,0.028284,0.971716,0.029476,0.970524
romaines,1700-1710,1789-1802,0.505018,0.494982,104,627,5682,0.031449,0.968551,0.026594,0.973406
bâtiment,1710-1720,1740-1750,0.504862,0.495138,393,1177,5695,0.01779,0.98221,0.031461,0.968539
reconnus,1710-1720,1740-1750,0.504742,0.495258,159,346,5683,0.009051,0.990949,0.018802,0.981198
bourg,1710-1720,1730-1740,0.504649,0.495351,759,649,5692,0.0238,0.9762,0.031693,0.968307
fabrique,1700-1710,1760-1770,0.504603,0.495397,196,2594,5679,0.023704,0.976296,0.021995,0.978005
volupté,1720-1730,1730-1740,0.504482,0.495518,461,338,5689,0.020951,0.979049,0.01902,0.98098
vallée,1710-1720,1770-1780,0.504362,0.495638,269,657,5675,0.018124,0.981876,0.024699,0.975301
échappé,1700-1710,1789-1802,0.504328,0.495672,87,1249,5693,0.025076,0.974924,0.030038,0.969962
impies,1720-1730,1740-1750,0.504291,0.495709,175,129,5688,0.016271,0.983729,0.016286,0.983714
purement,1710-1720,1770-1780,0.504246,0.495754,392,1412,5704,0.012004,0.987996,0.019976,0.980024
repose,1720-1730,1740-1750,0.504059,0.495941,177,178,5699,0.009883,0.990117,0.018359,0.981641
gaulois,1700-1710,1740-1750,0.503922,0.496078,100,420,5680,0.022805,0.977195,0.029708,0.970292
multiplier,1720-1730,1770-1780,0.503782,0.496218,689,2489,5694,0.084652,0.915348,0.05508,0.94492
arc,1730-1740,1780-1789,0.50373,0.49627,574,1135,5708,0.007738,0.992262,0.015496,0.984504
inutilement,1710-1720,1789-1802,0.503654,0.496346,405,956,5694,0.023853,0.976147,0.017919,0.982081
unie,1720-1730,1789-1802,0.503541,0.496459,553,1265,5696,0.022883,0.977117,0.034259,0.965741
possibles,1720-1730,1760-1770,0.503082,0.496918,168,938,5686,0.020055,0.979945,0.032883,0.967117
culture,1700-1710,1760-1770,0.503056,0.496944,491,7546,5694,0.030551,0.969449,0.034519,0.965481
reçut,1740-1750,1750-1760,0.503031,0.496969,1554,1370,5697,0.020439,0.979561,0.018101,0.981899
poème,1700-1710,1780-1789,0.502804,0.497196,52,457,5677,0.022869,0.977131,0.040555,0.959445
sénat,1700-1710,1789-1802,0.502533,0.497467,465,3338,5689,0.026399,0.973601,0.032155,0.967845
montagne,1700-1710,1740-1750,0.502416,0.497584,700,3137,5711,0.027894,0.972106,0.023677,0.976323
imprimée,1730-1740,1789-1802,0.502227,0.497773,655,820,5694,0.014682,0.985318,0.031845,0.968155
réelle,1700-1710,1789-1802,0.501722,0.498278,453,2946,5704,0.027843,0.972157,0.045187,0.954813
rapide,1700-1710,1789-1802,0.501704,0.498296,90,2293,5702,0.033518,0.966482,0.024934,0.975066
pesanteur,1700-1710,1789-1802,0.501459,0.498541,81,639,5648,0.078174,0.921826,0.06271,0.93729
aristote,1770-1780,1780-1789,0.501301,0.498699,1592,3137,5693,0.02939,0.97061,0.019564,0.980436
assemblées,1700-1710,1789-1802,0.50119,0.49881,321,4234,5697,0.048089,0.951911,0.034157,0.965843
pères,1720-1730,1740-1750,0.501107,0.498893,225,343,5690,0.026416,0.973584,0.020911,0.979089
evêque,1700-1710,1720-1730,0.501097,0.498903,857,1056,5686,0.077885,0.922115,0.038873,0.961127
charles,1720-1730,1750-1760,0.500816,0.499184,6149,8794,5710,0.049571,0.950429,0.023728,0.976272
corrompu,1700-1710,1789-1802,0.500648,0.499352,218,799,5686,0.019637,0.980363,0.022168,0.977832
corde,1710-1720,1760-1770,0.500533,0.499467,681,2877,5695,0.021777,0.978223,0.028663,0.971337
prétendue,1710-1720,1789-1802,0.500246,0.499754,261,1312,5699,0.025832,0.974168,0.019188,0.980812
passés,1700-1710,1789-1802,0.500243,0.499757,78,1236,5682,0.022337,0.977663,0.035976,0.964024
souvenir,1720-1730,1789-1802,0.499815,0.500185,786,3409,5711,0.02938,0.97062,0.043203,0.956797
sols,1700-1710,1789-1802,0.499726,0.500274,6150,6178,5667,0.032923,0.967077,0.081977,0.918023
impie,1700-1710,1789-1802,0.499673,0.500327,136,687,5693,0.036501,0.963499,0.023182,0.976818
libre,1710-1720,1789-1802,0.499289,0.500711,1573,10923,5713,0.015494,0.984506,0.01587,0.98413
dois,1700-1710,1710-1720,0.499231,0.500769,1451,1308,5715,0.014371,0.985629,0.026986,0.973014
impatience,1720-1730,1789-1802,0.49921,0.50079,175,916,5702,0.018731,0.981269,0.026321,0.973679
constance,1740-1750,1789-1802,0.499121,0.500879,597,1655,5686,0.013576,0.986424,0.045545,0.954455
preuve,1700-1710,1789-1802,0.49899,0.50101,1593,6299,5715,0.028623,0.971377,0.038358,0.961642
peindre,1700-1710,1789-1802,0.498894,0.501106,421,1893,5707,0.027233,0.972767,0.043443,0.956557
croyez,1710-1720,1770-1780,0.498877,0.501123,570,3412,5696,0.009885,0.990115,0.017208,0.982792
extrémité,1710-1720,1789-1802,0.498861,0.501139,155,1073,5697,0.080539,0.919461,0.061085,0.938915
jusque,1700-1710,1780-1789,0.498762,0.501238,377,908,5687,0.015785,0.984215,0.025693,0.974307
bal,1710-1720,1780-1789,0.498538,0.501462,254,1344,5685,0.01095,0.98905,0.021859,0.978141
gaules,1700-1710,1789-1802,0.498362,0.501638,213,677,5674,0.023865,0.976135,0.036772,0.963228
vif,1710-1720,1780-1789,0.498174,0.501826,727,3161,5710,0.024233,0.975767,0.032639,0.967361
verrons,1780-1789,1789-1802,0.498018,0.501982,1356,1321,5693,0.015951,0.984049,0.020262,0.979738
allemagne,1710-1720,1730-1740,0.497981,0.502019,255,618,5692,0.032156,0.967844,0.025552,0.974448
viennent,1710-1720,1750-1760,0.497708,0.502292,1656,2707,5715,0.011532,0.988468,0.017213,0.982787
qualités,1760-1770,1789-1802,0.497302,0.502698,5044,4293,5714,0.019316,0.980684,0.021344,0.978656
jadis,1700-1710,1750-1760,0.497291,0.502709,83,450,5691,0.006358,0.993642,0.017851,0.982149
voyageurs,1700-1710,1750-1760,0.497205,0.502795,101,452,5696,0.015067,0.984933,0.018174,0.981826
bâtimens,1710-1720,1740-1750,0.497118,0.502882,747,1484,5689,0.034618,0.965382,0.035596,0.964404
rcs,1730-1740,1789-1802,0.496407,0.503593,162,946,5637,0.009423,0.990577,0.035908,0.964092
dévotion,1730-1740,1750-1760,0.49621,0.50379,255,459,5684,0.008239,0.991761,0.012556,0.987444
italie,1720-1730,1730-1740,0.49606,0.50394,1375,2124,5711,0.0292,0.9708,0.0308,0.9692
défense,1710-1720,1789-1802,0.496036,0.503964,630,3844,5700,0.027564,0.972436,0.023711,0.976289
achat,1700-1710,1730-1740,0.49579,0.50421,206,70,5659,0.018514,0.981486,0.042455,0.957545
publiquement,1700-1710,1750-1760,0.495433,0.504567,302,590,5695,0.007624,0.992376,0.01652,0.98348
attachés,1720-1730,1770-1780,0.495305,0.504695,147,2228,5699,0.01754,0.98246,0.023843,0.976157
précisément,1700-1710,1789-1802,0.49524,0.50476,204,2080,5707,0.01643,0.98357,0.023729,0.976271
ponts,1700-1710,1780-1789,0.495181,0.504819,200,2012,5683,0.022068,0.977932,0.027516,0.972484
torrent,1700-1710,1740-1750,0.495071,0.504929,126,614,5700,0.01482,0.98518,0.023233,0.976767
experts,1700-1710,1789-1802,0.494536,0.505464,101,536,5653,0.024379,0.975621,0.042171,0.957829
désordre,1700-1710,1789-1802,0.494492,0.505508,203,2323,5694,0.016126,0.983874,0.021204,0.978796
commissaires,1700-1710,1750-1760,0.49433,0.50567,533,1584,5674,0.019549,0.980451,0.0311,0.9689
charlemagne,1700-1710,1750-1760,0.494242,0.505758,124,873,5640,0.017292,0.982708,0.02783,0.97217
exactement,1700-1710,1760-1770,0.494148,0.505852,380,2188,5710,0.019236,0.980764,0.020652,0.979348
terns,1700-1710,1710-1720,0.493999,0.506001,314,310,5635,0.008766,0.991234,0.025685,0.974315
tragédie,1710-1720,1750-1760,0.493913,0.506087,221,2406,5702,0.022639,0.977361,0.027305,0.972695
quittances,1710-1720,1789-1802,0.493804,0.506196,485,856,4235,0.053699,0.946301,0.041003,0.958997
événement,1700-1710,1760-1770,0.493626,0.506374,80,1195,5697,0.0144,0.9856,0.023287,0.976713
étouffer,1700-1710,1710-1720,0.493416,0.506584,51,58,5683,0.020587,0.979413,0.018949,0.981051
unit,1720-1730,1780-1789,0.493133,0.506867,142,505,5681,0.031259,0.968741,0.027625,0.972375
tristesse,1740-1750,1780-1789,0.493007,0.506993,360,900,5693,0.016619,0.983381,0.015142,0.984858
faires,1710-1720,1770-1780,0.492934,0.507066,249,670,5679,0.010406,0.989594,0.036627,0.963373
invincible,1710-1720,1770-1780,0.492675,0.507325,199,758,5686,0.007618,0.992382,0.015506,0.984494
langues,1700-1710,1760-1770,0.492543,0.507457,272,1139,5704,0.020529,0.979471,0.018332,0.981668
élévation,1700-1710,1780-1789,0.492525,0.507475,61,892,5696,0.025109,0.974891,0.023593,0.976407
citadelle,1710-1720,1730-1740,0.492257,0.507743,392,985,5672,0.021552,0.978448,0.025897,0.974103
fidelle,1700-1710,1750-1760,0.492182,0.507818,211,417,5685,0.028365,0.971635,0.022871,0.977129
fraude,1720-1730,1789-1802,0.492141,0.507859,397,1263,5682,0.020042,0.979958,0.01955,0.98045
théâtre,1710-1720,1789-1802,0.491869,0.508131,403,4819,5710,0.015122,0.984878,0.019368,0.980632
fair,1700-1710,1730-1740,0.49154,0.50846,767,598,5709,0.012076,0.987924,0.02188,0.97812
calomnie,1720-1730,1780-1789,0.49117,0.50883,129,1282,5685,0.018987,0.981013,0.016573,0.983427
proie,1700-1710,1789-1802,0.491117,0.508883,143,1992,5697,0.02845,0.97155,0.025951,0.974049
éclairé,1700-1710,1770-1780,0.491086,0.508914,150,2282,5706,0.015524,0.984476,0.021674,0.978326
poids,1700-1710,1730-1740,0.49067,0.50933,2385,2886,5717,0.022802,0.977198,0.033881,0.966119
efficace,1700-1710,1789-1802,0.490508,0.509492,145,806,5678,0.064219,0.935781,0.03599,0.96401
certainement,1710-1720,1740-1750,0.490499,0.509501,682,871,5709,0.010812,0.989188,0.018147,0.981853
colonnes,1700-1710,1720-1730,0.490475,0.509525,223,660,5688,0.027516,0.972484,0.030733,0.969267
résoudre,1720-1730,1780-1789,0.490188,0.509812,203,862,5693,0.029957,0.970043,0.028146,0.971854
accabler,1700-1710,1720-1730,0.490155,0.509845,63,73,5682,0.034173,0.965827,0.020616,0.979384
guide,1700-1710,1730-1740,0.490084,0.509916,284,594,5708,0.010814,0.989186,0.017985,0.982015
suffrages,1700-1710,1760-1770,0.489971,0.510029,117,482,5691,0.012927,0.987073,0.0217,0.9783
nicolas,1700-1710,1740-1750,0.489916,0.510084,418,941,5694,0.01733,0.98267,0.031949,0.968051
résistance,1700-1710,1760-1770,0.489907,0.510093,142,1050,5686,0.026407,0.973593,0.029854,0.970146
tou,1710-1720,1770-1780,0.489881,0.510119,1047,4734,5703,0.008205,0.991795,0.025402,0.974598
édition,1700-1710,1710-1720,0.489805,0.510195,131,238,5714,0.007427,0.992573,0.019836,0.980164
échappe,1700-1710,1710-1720,0.489669,0.510331,52,66,5694,0.009028,0.990972,0.021294,0.978706
chute,1700-1710,1789-1802,0.489462,0.510538,239,1797,5702,0.030049,0.969951,0.022888,0.977112
progrès,1700-1710,1789-1802,0.489358,0.510642,188,5351,5714,0.038766,0.961234,0.027897,0.972103
continuel,1700-1710,1760-1770,0.489273,0.510727,144,830,5698,0.021039,0.978961,0.018828,0.981172
isles,1720-1730,1750-1760,0.489071,0.510929,674,1250,5680,0.028398,0.971602,0.029159,0.970841
greffier,1710-1720,1789-1802,0.489067,0.510933,570,1138,5675,0.052998,0.947002,0.026864,0.973136
plan,1700-1710,1789-1802,0.488957,0.511043,449,10983,5714,0.027688,0.972312,0.051975,0.948025
dès,1710-1720,1789-1802,0.488753,0.511247,4158,17778,5717,0.014974,0.985026,0.021221,0.978779
historiens,1700-1710,1789-1802,0.488724,0.511276,163,756,5691,0.019159,0.980841,0.022298,0.977702
rencontré,1710-1720,1740-1750,0.488653,0.511347,153,426,5694,0.010905,0.989095,0.019618,0.980382
supplices,1780-1789,1789-1802,0.48845,0.51155,713,691,5667,0.021153,0.978847,0.0137,0.9863
forme,1710-1720,1789-1802,0.48832,0.51168,4602,16334,5718,0.029429,0.970571,0.037659,0.962341
change,1710-1720,1730-1740,0.488307,0.511693,4728,2210,5716,0.059971,0.940029,0.064227,0.935773
bibliothèque,1700-1710,1789-1802,0.488234,0.511766,136,899,5698,0.018607,0.981393,0.026759,0.973241
ons,1720-1730,1789-1802,0.487886,0.512114,586,1764,5686,0.007967,0.992033,0.040459,0.959541
prisons,1700-1710,1789-1802,0.487796,0.512204,115,2152,5670,0.032366,0.967634,0.029257,0.970743
audace,1770-1780,1780-1789,0.487639,0.512361,918,1040,5700,0.023155,0.976845,0.012981,0.987019
blanches,1710-1720,1789-1802,0.487595,0.512405,446,1134,5684,0.022664,0.977336,0.025455,0.974545
applique,1700-1710,1710-1720,0.486537,0.513463,114,146,5701,0.013285,0.986715,0.020211,0.979789
choc,1710-1720,1720-1730,0.486308,0.513692,85,416,5680,0.014098,0.985902,0.025268,0.974732
platon,1710-1720,1789-1802,0.48612,0.51388,487,1268,5691,0.024948,0.975052,0.018515,0.981485
trouvez,1710-1720,1760-1770,0.485472,0.514528,709,698,5693,0.030536,0.969464,0.058411,0.941589
insupportable,1700-1710,1789-1802,0.485432,0.514568,119,614,5684,0.017503,0.982497,0.024098,0.975902
signer,1710-1720,1789-1802,0.485427,0.514573,504,903,5657,0.020718,0.979282,0.020302,0.979698
tribunaux,1700-1710,1789-1802,0.485421,0.514579,68,4423,5686,0.02393,0.97607,0.03181,0.96819
latitude,1720-1730,1789-1802,0.485394,0.514606,246,1587,5649,0.068669,0.931331,0.033331,0.966669
fuite,1700-1710,1789-1802,0.48527,0.51473,2556,8921,5713,0.012477,0.987523,0.028828,0.971172
alla,1730-1740,1770-1780,0.485035,0.514965,1909,2350,5701,0.012331,0.987669,0.024758,0.975242
milliers,1710-1720,1789-1802,0.484781,0.515219,209,1649,5683,0.02337,0.97663,0.032006,0.967994
secrets,1710-1720,1789-1802,0.48476,0.51524,552,2245,5710,0.012246,0.987754,0.020592,0.979408
anglois,1720-1730,1789-1802,0.48329,0.51671,2281,5714,5713,0.029021,0.970979,0.028674,0.971326
renverser,1700-1710,1789-1802,0.483282,0.516718,164,1493,5688,0.032576,0.967424,0.028003,0.971997
quil,1700-1710,1720-1730,0.48322,0.51678,353,425,5683,0.017388,0.982612,0.019196,0.980804
repousser,1700-1710,1710-1720,0.483031,0.516969,58,104,5683,0.016057,0.983943,0.019763,0.980237
siége,1700-1710,1730-1740,0.482942,0.517058,121,1284,5671,0.011923,0.988077,0.021861,0.978139
faciles,1710-1720,1789-1802,0.48292,0.51708,136,1212,5690,0.021002,0.978998,0.019066,0.980934
portugais,1730-1740,1750-1760,0.482841,0.517159,447,985,5677,0.006568,0.993432,0.018695,0.981305
avocat,1710-1720,1770-1780,0.48278,0.51722,857,1940,5693,0.011771,0.988229,0.01564,0.98436
ouvrier,1700-1710,1789-1802,0.482495,0.517505,142,501,5696,0.020069,0.979931,0.024247,0.975753
onr,1710-1720,1789-1802,0.482464,0.517536,132,534,5660,0.011544,0.988456,0.030663,0.969337
dci,1700-1710,1740-1750,0.482271,0.517729,220,236,5477,0.012978,0.987022,0.03725,0.96275
théologie,1700-1710,1750-1760,0.482164,0.517836,196,923,5679,0.013146,0.986854,0.020283,0.979717
fondions,1700-1710,1710-1720,0.48174,0.51826,72,1022,5674,0.021205,0.978795,0.03962,0.96038
exposer,1710-1720,1789-1802,0.481707,0.518293,528,1340,5711,0.021858,0.978142,0.029898,0.970102
remarques,1700-1710,1730-1740,0.481652,0.518348,1081,1572,5709,0.018519,0.981481,0.058779,0.941221
oit,1710-1720,1750-1760,0.481629,0.518371,1076,2573,5704,0.019755,0.980245,0.037245,0.962755
différens,1700-1710,1710-1720,0.481542,0.518458,427,442,5702,0.028843,0.971157,0.016293,0.983707
générosité,1710-1720,1770-1780,0.481514,0.518486,109,976,5684,0.018837,0.981163,0.018338,0.981662
jupiter,1710-1720,1740-1750,0.48145,0.51855,2705,1129,5705,0.014563,0.985437,0.027069,0.972931
perdus,1700-1710,1770-1780,0.481413,0.518587,180,923,5695,0.013561,0.986439,0.017569,0.982431
malice,1740-1750,1789-1802,0.481351,0.518649,409,630,5691,0.028599,0.971401,0.017129,0.982871
vieilles,1730-1740,1789-1802,0.481323,0.518677,375,811,5694,0.017241,0.982759,0.021824,0.978176
cst,1710-1720,1740-1750,0.480938,0.519062,306,2588,5670,0.026812,0.973188,0.075302,0.924698
bureaux,1730-1740,1789-1802,0.480746,0.519254,1056,2977,5675,0.021466,0.978534,0.033534,0.966466
amante,1700-1710,1750-1760,0.480618,0.519382,59,435,5667,0.020382,0.979618,0.021318,0.978682
suivis,1700-1710,1750-1760,0.480343,0.519657,194,503,5698,0.009617,0.990383,0.017948,0.982052
ell,1700-1710,1710-1720,0.480254,0.519746,960,2615,5699,0.034088,0.965912,0.035453,0.964547
convaincu,1710-1720,1730-1740,0.480185,0.519815,315,532,5707,0.012474,0.987526,0.01685,0.98315
populace,1700-1710,1789-1802,0.48013,0.51987,114,1194,5674,0.061771,0.938229,0.028749,0.971251
embrasser,1700-1710,1740-1750,0.480088,0.519912,144,292,5703,0.020389,0.979611,0.016666,0.983334
évêque,1700-1710,1789-1802,0.479973,0.520027,121,992,5636,0.034546,0.965454,0.03609,0.96391
unité,1720-1730,1770-1780,0.479936,0.520064,88,356,5696,0.014662,0.985338,0.016123,0.983877
prières,1710-1720,1730-1740,0.479817,0.520183,288,380,5681,0.022711,0.977289,0.022069,0.977931
excepté,1700-1710,1740-1750,0.479783,0.520217,548,1095,5711,0.004867,0.995133,0.020184,0.979816
icur,1730-1740,1789-1802,0.479628,0.520372,216,1313,5537,0.010762,0.989238,0.055421,0.944579
entier,1700-1710,1750-1760,0.479624,0.520376,837,2739,5716,0.017,0.983,0.023037,0.976963
prodiges,1710-1720,1789-1802,0.479621,0.520379,225,642,5681,0.028113,0.971887,0.026628,0.973372
campagnes,1720-1730,1789-1802,0.479517,0.520483,385,3941,5703,0.027445,0.972555,0.033058,0.966942
juf,1710-1720,1780-1789,0.479022,0.520978,136,1597,5667,0.016456,0.983544,0.045167,0.954833
vin,1730-1740,1760-1770,0.478875,0.521125,4216,9240,5714,0.01388,0.98612,0.023896,0.976104
nourri,1700-1710,1720-1730,0.478692,0.521308,157,217,5692,0.006051,0.993949,0.014287,0.985713
montant,1730-1740,1789-1802,0.478553,0.521447,561,3739,5689,0.070372,0.929628,0.064875,0.935125
oiseau,1770-1780,1780-1789,0.478137,0.521863,1135,1598,5684,0.00974,0.99026,0.013745,0.986255
naturel,1720-1730,1760-1770,0.478121,0.521879,1851,7254,5717,0.028236,0.971764,0.028119,0.971881
cctte,1700-1710,1740-1750,0.477495,0.522505,483,483,5627,0.029244,0.970756,0.062689,0.937311
trouvée,1700-1710,1730-1740,0.477478,0.522522,263,451,5704,0.015133,0.984867,0.018016,0.981984
richelieu,1760-1770,1789-1802,0.477335,0.522665,612,1417,5666,0.020499,0.979501,0.025057,0.974943
troupeaux,1700-1710,1770-1780,0.477289,0.522711,165,2353,5690,0.014034,0.985966,0.024395,0.975605
limites,1700-1710,1789-1802,0.477236,0.522764,148,2398,5700,0.018609,0.981391,0.026051,0.973949
départ,1720-1730,1760-1770,0.476939,0.523061,519,1918,5707,0.017871,0.982129,0.029215,0.970785
mirent,1740-1750,1750-1760,0.476904,0.523096,1170,736,5689,0.029689,0.970311,0.020862,0.979138
mère,1730-1740,1750-1760,0.476752,0.523248,2032,3676,5705,0.019426,0.980574,0.020489,0.979511
unique,1700-1710,1789-1802,0.476686,0.523314,668,3800,5712,0.013097,0.986903,0.02576,0.97424
ecclésiastiques,1710-1720,1789-1802,0.476574,0.523426,261,2104,5650,0.032338,0.967662,0.026507,0.973493
regrets,1770-1780,1780-1789,0.476533,0.523467,1417,2055,5693,0.012612,0.987388,0.012368,0.987632
éprouve,1720-1730,1789-1802,0.476367,0.523633,73,1500,5706,0.030687,0.969313,0.037758,0.962242
briser,1700-1710,1770-1780,0.476357,0.523643,121,926,5691,0.018035,0.981965,0.018022,0.981978
fidélité,1700-1710,1789-1802,0.476249,0.523751,303,2634,5703,0.019979,0.980021,0.018291,0.981709
rejetter,1700-1710,1789-1802,0.476231,0.523769,174,671,5687,0.023561,0.976439,0.019903,0.980097
envoya,1710-1720,1730-1740,0.476017,0.523983,634,1896,5693,0.016284,0.983716,0.025125,0.974875
tache,1700-1710,1750-1760,0.475932,0.524068,153,553,5690,0.010297,0.989703,0.017889,0.982111
effacer,1700-1710,1789-1802,0.475034,0.524966,84,510,5686,0.015375,0.984625,0.019932,0.980068
registres,1700-1710,1760-1770,0.474976,0.525024,345,1283,5676,0.024355,0.975645,0.021936,0.978064
distribution,1710-1720,1760-1770,0.47492,0.52508,414,1502,5701,0.016462,0.983538,0.024024,0.975976
grain,1710-1720,1760-1770,0.474866,0.525134,1102,5311,5695,0.017943,0.982057,0.021848,0.978152
ennemie,1730-1740,1789-1802,0.474466,0.525534,725,813,5687,0.034714,0.965286,0.028668,0.971332
commettre,1720-1730,1789-1802,0.47429,0.52571,456,1525,5704,0.024255,0.975745,0.027697,0.972303
cil,1730-1740,1750-1760,0.474124,0.525876,1040,1015,5699,0.011414,0.988586,0.017769,0.982231
épaisseur,1730-1740,1760-1770,0.47409,0.52591,85,986,5667,0.050925,0.949075,0.028281,0.971719
répondis,1730-1740,1770-1780,0.473895,0.526105,787,403,5591,0.034723,0.965277,0.03066,0.96934
destinée,1710-1720,1760-1770,0.473776,0.526224,484,1597,5702,0.038362,0.961638,0.033965,0.966035
mystère,1720-1730,1789-1802,0.473655,0.526345,126,1061,5661,0.011192,0.988808,0.027519,0.972481
royales,1710-1720,1780-1789,0.473327,0.526673,325,971,5673,0.022414,0.977586,0.024341,0.975659
révolte,1700-1710,1770-1780,0.47324,0.52676,86,1657,5690,0.011547,0.988453,0.015011,0.984989
exécution,1710-1720,1789-1802,0.473131,0.526869,415,3481,5712,0.025629,0.974371,0.02934,0.97066
deniers,1700-1710,1730-1740,0.472842,0.527158,3820,5857,5687,0.071397,0.928603,0.11339,0.88661
cux,1730-1740,1760-1770,0.472748,0.527252,148,227,5639,0.012799,0.987201,0.038941,0.961059
favoriser,1700-1710,1730-1740,0.472619,0.527381,223,590,5696,0.012993,0.987007,0.020772,0.979228
caprice,1700-1710,1789-1802,0.472562,0.527438,204,846,5695,0.014376,0.985624,0.020169,0.979831
négociations,1700-1710,1789-1802,0.472522,0.527478,182,1266,5678,0.029074,0.970926,0.035884,0.964116
anciennement,1710-1720,1789-1802,0.472438,0.527562,261,615,5685,0.027703,0.972297,0.023888,0.976112
icr,1720-1730,1789-1802,0.47229,0.52771,181,843,5628,0.010875,0.989125,0.033587,0.966413
vue,1710-1720,1789-1802,0.472251,0.527749,1642,12444,5716,0.018433,0.981567,0.029231,0.970769
mai,1700-1710,1740-1750,0.472144,0.527856,1287,3688,5718,0.01179,0.98821,0.04486,0.95514
criminelles,1710-1720,1789-1802,0.472117,0.527883,150,845,5680,0.027094,0.972906,0.022667,0.977333
politique,1700-1710,1789-1802,0.472037,0.527963,621,15650,5711,0.046014,0.953986,0.033551,0.966449
delà,1720-1730,1789-1802,0.471992,0.528008,1576,5964,5714,0.017032,0.982968,0.042975,0.957025
ruine,1700-1710,1789-1802,0.471878,0.528122,428,3612,5705,0.024677,0.975323,0.020246,0.979754
indigne,1750-1760,1789-1802,0.471395,0.528605,1110,1513,5705,0.029625,0.970375,0.018549,0.981451
infaillible,1720-1730,1789-1802,0.47139,0.52861,225,709,5685,0.010933,0.989067,0.022068,0.977932
administration,1700-1710,1780-1789,0.471176,0.528824,109,3051,5697,0.029739,0.970261,0.035853,0.964147
sec,1700-1710,1720-1730,0.470712,0.529288,500,675,5707,0.012503,0.987497,0.02044,0.97956
difficultés,1700-1710,1789-1802,0.470667,0.529333,182,2993,5706,0.019941,0.980059,0.022428,0.977572
disette,1700-1710,1760-1770,0.470282,0.529718,72,1272,5665,0.036617,0.963383,0.023267,0.976733
tribus,1710-1720,1789-1802,0.470269,0.529731,198,875,5661,0.035325,0.964675,0.048816,0.951184
suffisamment,1700-1710,1770-1780,0.470245,0.529755,221,1451,5693,0.020756,0.979244,0.023118,0.976882
braver,1710-1720,1789-1802,0.469905,0.530095,68,925,5677,0.026857,0.973143,0.015157,0.984843
alliances,1710-1720,1740-1750,0.469838,0.530162,170,418,5666,0.033235,0.966765,0.022088,0.977912
députés,1710-1720,1789-1802,0.469491,0.530509,229,6967,5683,0.028661,0.971339,0.028958,0.971042
constante,1700-1710,1750-1760,0.469398,0.530602,112,315,5671,0.022716,0.977284,0.027592,0.972408
cut,1720-1730,1760-1770,0.469384,0.530616,458,255,5640,0.017853,0.982147,0.03692,0.96308
réponses,1710-1720,1789-1802,0.469378,0.530622,557,813,5683,0.025359,0.974641,0.036896,0.963104
propriété,1700-1710,1789-1802,0.469268,0.530732,194,8014,5703,0.026109,0.973891,0.033621,0.966379
fausse,1700-1710,1760-1770,0.469123,0.530877,353,1100,5700,0.021424,0.978576,0.020459,0.979541
perles,1740-1750,1770-1780,0.468893,0.531107,707,771,5674,0.012601,0.987399,0.016628,0.983372
cté,1700-1710,1730-1740,0.468758,0.531242,186,253,5653,0.025389,0.974611,0.047576,0.952424
remplit,1720-1730,1789-1802,0.468732,0.531268,331,1397,5710,0.010038,0.989962,0.019371,0.980629
rouges,1770-1780,1789-1802,0.468614,0.531386,1411,865,5679,0.015182,0.984818,0.017509,0.982491
feroit,1700-1710,1720-1730,0.46856,0.53144,4905,8240,5714,0.036029,0.963971,0.023426,0.976574
tremblant,1700-1710,1720-1730,0.468483,0.531517,90,79,5673,0.020925,0.979075,0.019781,0.980219
chargées,1700-1710,1789-1802,0.468443,0.531557,161,917,5690,0.034242,0.965758,0.039268,0.960732
fuis,1720-1730,1760-1770,0.468439,0.531561,3506,12271,5710,0.025948,0.974052,0.02981,0.97019
juste,1710-1720,1750-1760,0.468404,0.531596,2489,4999,5718,0.011533,0.988467,0.01766,0.98234
avertit,1700-1710,1780-1789,0.46819,0.53181,133,624,5688,0.020397,0.979603,0.016659,0.983341
publié,1710-1720,1789-1802,0.467962,0.532038,608,1640,5693,0.038812,0.961188,0.049763,0.950237
hautement,1700-1710,1770-1780,0.467925,0.532075,192,931,5686,0.010081,0.989919,0.015896,0.984104
fignifie,1740-1750,1760-1770,0.46769,0.53231,461,625,5573,0.019189,0.980811,0.035246,0.964754
irc,1730-1740,1789-1802,0.46745,0.53255,99,887,5430,0.010945,0.989055,0.046741,0.953259
luxe,1700-1710,1770-1780,0.467018,0.532982,406,6587,5709,0.022511,0.977489,0.021002,0.978998
contradiction,1700-1710,1780-1789,0.466923,0.533077,147,877,5700,0.019938,0.980062,0.028074,0.971926
ties,1710-1720,1789-1802,0.466919,0.533081,168,838,5677,0.012538,0.987462,0.049944,0.950056
cheveux,1750-1760,1760-1770,0.466845,0.533155,846,1681,5707,0.013408,0.986592,0.018526,0.981474
fortement,1700-1710,1789-1802,0.466716,0.533284,494,2016,5710,0.013803,0.986197,0.022815,0.977185
excite,1710-1720,1789-1802,0.46671,0.53329,179,735,5706,0.026109,0.973891,0.019173,0.980827
europe,1710-1720,1740-1750,0.466674,0.533326,681,1527,5718,0.02842,0.97158,0.035271,0.964729
ples,1700-1710,1780-1789,0.466494,0.533506,134,731,5655,0.017719,0.982281,0.02991,0.97009
chrétien,1720-1730,1730-1740,0.466485,0.533515,410,878,5681,0.010726,0.989274,0.017006,0.982994
attaque,1700-1710,1710-1720,0.466268,0.533732,170,179,5705,0.007118,0.992882,0.014972,0.985028
vus,1700-1710,1720-1730,0.46625,0.53375,162,230,5691,0.009085,0.990915,0.01882,0.98118
nomination,1720-1730,1789-1802,0.465685,0.534315,505,1741,5667,0.0271,0.9729,0.033622,0.966378
perfection,1700-1710,1780-1789,0.465289,0.534711,550,2522,5710,0.029133,0.970867,0.024101,0.975899
other,1750-1760,1789-1802,0.465279,0.534721,501,749,782,0.040698,0.959302,0.059525,0.940475
fidèle,1720-1730,1789-1802,0.465272,0.534728,226,2512,5694,0.0121,0.9879,0.020843,0.979157
absolu,1700-1710,1789-1802,0.465263,0.534737,235,2164,5699,0.013227,0.986773,0.020955,0.979045
ordinaires,1700-1710,1789-1802,0.465145,0.534855,880,4054,5715,0.01687,0.98313,0.032263,0.967737
machines,1720-1730,1789-1802,0.464927,0.535073,959,1039,5694,0.013367,0.986633,0.023488,0.976512
champs,1720-1730,1760-1770,0.464796,0.535204,1032,2576,5707,0.031244,0.968756,0.039036,0.960964
fines,1710-1720,1780-1789,0.464669,0.535331,425,899,5690,0.064502,0.935498,0.058113,0.941887
ilc,1760-1770,1789-1802,0.464536,0.535464,181,668,5369,0.009528,0.990472,0.040385,0.959615
banc,1740-1750,1789-1802,0.464491,0.535509,628,868,5682,0.016107,0.983893,0.025729,0.974271
prit,1700-1710,1720-1730,0.464256,0.535744,2804,3247,5711,0.009459,0.990541,0.01587,0.98413
ambitieux,1700-1710,1789-1802,0.464241,0.535759,104,1399,5682,0.012564,0.987436,0.021814,0.978186
quant,1710-1720,1770-1780,0.464119,0.535881,1985,8502,5714,0.016714,0.983286,0.029661,0.970339
baiser,1700-1710,1780-1789,0.464006,0.535994,115,1337,5673,0.018556,0.981444,0.042866,0.957134
heureusement,1720-1730,1789-1802,0.463999,0.536001,483,2027,5707,0.011226,0.988774,0.023758,0.976242
folie,1700-1710,1770-1780,0.463516,0.536484,499,2509,5702,0.017715,0.982285,0.017135,0.982865
nièce,1770-1780,1780-1789,0.463478,0.536522,510,613,5655,0.009946,0.990054,0.015311,0.984689
exempts,1700-1710,1789-1802,0.463281,0.536719,166,805,5685,0.016757,0.983243,0.024022,0.975978
amas,1710-1720,1789-1802,0.463236,0.536764,259,609,5694,0.048191,0.951809,0.041767,0.958233
querelles,1700-1710,1770-1780,0.463228,0.536772,102,1244,5688,0.032224,0.967776,0.018404,0.981596
magistrat,1710-1720,1740-1750,0.463159,0.536841,733,537,5693,0.016925,0.983075,0.020905,0.979095
vénus,1700-1710,1780-1789,0.463093,0.536907,83,3089,5688,0.013238,0.986762,0.029013,0.970987
lur,1720-1730,1789-1802,0.462869,0.537131,1166,1896,5686,0.016581,0.983419,0.04983,0.95017
appartenant,1700-1710,1789-1802,0.462793,0.537207,90,1006,5678,0.026769,0.973231,0.043538,0.956462
faible,1720-1730,1760-1770,0.462781,0.537219,150,904,5659,0.016848,0.983152,0.025293,0.974707
sacrés,1700-1710,1789-1802,0.46268,0.53732,73,1744,5688,0.0331,0.9669,0.024863,0.975137
inquiet,1700-1710,1770-1780,0.462499,0.537501,104,606,5677,0.008412,0.991588,0.016569,0.983431
disposition,1700-1710,1789-1802,0.462051,0.537949,1022,4614,5715,0.028883,0.971117,0.035848,0.964152
herbes,1750-1760,1770-1780,0.462005,0.537995,587,2164,5681,0.018647,0.981353,0.017699,0.982301
figné,1710-1720,1789-1802,0.461576,0.538424,496,1120,5656,0.020559,0.979441,0.048383,0.951617
attachée,1720-1730,1789-1802,0.461346,0.538654,366,1171,5701,0.01735,0.98265,0.030845,0.969155
pot,1720-1730,1789-1802,0.460981,0.539019,669,1111,5690,0.011826,0.988174,0.025549,0.974451
consacré,1710-1720,1789-1802,0.460922,0.539078,176,1205,5694,0.018222,0.981778,0.02512,0.97488
genres,1700-1710,1789-1802,0.460908,0.539092,69,2642,5702,0.029276,0.970724,0.039316,0.960684
remise,1700-1710,1730-1740,0.46089,0.53911,401,467,5689,0.029718,0.970282,0.030298,0.969702
communique,1710-1720,1720-1730,0.460689,0.539311,149,206,5688,0.008971,0.991029,0.018249,0.981751
bec,1700-1710,1750-1760,0.460434,0.539566,274,981,5675,0.041643,0.958357,0.044241,0.955759
instrumens,1720-1730,1789-1802,0.460381,0.539619,222,1281,5691,0.023816,0.976184,0.023289,0.976711
gros,1700-1710,1740-1750,0.459878,0.540122,5852,5387,5714,0.022105,0.977895,0.050846,0.949154
flatte,1700-1710,1789-1802,0.459848,0.540152,184,1101,5697,0.01413,0.98587,0.023704,0.976296
mensonge,1710-1720,1789-1802,0.459744,0.540256,312,1008,5692,0.014764,0.985236,0.018122,0.981878
trouvoit,1720-1730,1740-1750,0.459628,0.540372,1078,2458,5710,0.028672,0.971328,0.02243,0.97757
moitié,1710-1720,1789-1802,0.459588,0.540412,2507,7561,5715,0.017182,0.982818,0.027508,0.972492
folle,1700-1710,1760-1770,0.459449,0.540551,232,700,5694,0.010289,0.989711,0.012855,0.987145
flambeau,1720-1730,1770-1780,0.459344,0.540656,165,956,5693,0.015953,0.984047,0.024114,0.975886
coupe,1720-1730,1760-1770,0.459119,0.540881,807,3705,5706,0.015815,0.984185,0.024709,0.975291
rende,1720-1730,1730-1740,0.458872,0.541128,230,384,5696,0.019968,0.980032,0.019106,0.980894
destinées,1710-1720,1760-1770,0.458864,0.541136,272,1052,5690,0.063506,0.936494,0.047045,0.952955
existence,1710-1720,1789-1802,0.458783,0.541217,75,3441,5705,0.024146,0.975854,0.05537,0.94463
differens,1740-1750,1750-1760,0.458667,0.541333,761,702,5686,0.031925,0.968075,0.014964,0.985036
pou,1710-1720,1789-1802,0.458656,0.541344,1016,4726,5702,0.009095,0.990905,0.021756,0.978244
mer,1710-1720,1720-1730,0.458424,0.541576,7105,5951,5717,0.022651,0.977349,0.029606,0.970394
portant,1710-1720,1789-1802,0.458255,0.541745,1691,4484,5714,0.02287,0.97713,0.03628,0.96372
cct,1730-1740,1760-1770,0.457911,0.542089,140,331,5593,0.01295,0.98705,0.045044,0.954956
injustes,1700-1710,1780-1789,0.457842,0.542158,98,712,5686,0.028306,0.971694,0.025192,0.974808
égaux,1710-1720,1789-1802,0.457775,0.542225,261,1862,5696,0.02095,0.97905,0.022206,0.977794
ligue,1700-1710,1780-1789,0.457608,0.542392,178,2352,5679,0.010375,0.989625,0.019474,0.980526
madame,1700-1710,1760-1770,0.457606,0.542394,4035,16425,5702,0.015783,0.984217,0.028429,0.971571
application,1710-1720,1789-1802,0.457521,0.542479,274,1057,5713,0.022866,0.977134,0.033737,0.966263
masque,1700-1710,1789-1802,0.457452,0.542548,114,857,5679,0.013432,0.986568,0.029064,0.970936
vanité,1720-1730,1789-1802,0.457435,0.542565,628,2662,5711,0.042668,0.957332,0.021264,0.978736
vieillesse,1700-1710,1740-1750,0.45722,0.54278,169,348,5695,0.011645,0.988355,0.017704,0.982296
sed,1700-1710,1750-1760,0.457209,0.542791,2322,1492,5693,0.041759,0.958241,0.09726,0.90274
recourir,1700-1710,1789-1802,0.457159,0.542841,137,1368,5693,0.043589,0.956411,0.030424,0.969576
fréquentes,1700-1710,1780-1789,0.45706,0.54294,137,1291,5696,0.021352,0.978648,0.021896,0.978104
uniquement,1700-1710,1789-1802,0.45688,0.54312,502,3010,5712,0.013662,0.986338,0.021997,0.978003
pourrez,1700-1710,1710-1720,0.456822,0.543178,328,312,5687,0.018066,0.981934,0.031374,0.968626
poil,1700-1710,1760-1770,0.456623,0.543377,477,1801,5690,0.026169,0.973831,0.034805,0.965195
ira,1700-1710,1770-1780,0.456621,0.543379,539,1180,5701,0.010958,0.989042,0.02117,0.97883
poissons,1750-1760,1760-1770,0.456609,0.543391,462,3754,5683,0.033496,0.966504,0.020742,0.979258
caractère,1710-1720,1789-1802,0.456233,0.543767,864,7929,5712,0.023273,0.976727,0.030729,0.969271
appelloit,1710-1720,1730-1740,0.455986,0.544014,219,614,5688,0.034598,0.965402,0.025283,0.974717
environne,1700-1710,1789-1802,0.455873,0.544127,60,408,5693,0.019634,0.980366,0.022935,0.977065
éloignés,1700-1710,1770-1780,0.455784,0.544216,95,1820,5699,0.017843,0.982157,0.023057,0.976943
traités,1700-1710,1740-1750,0.455539,0.544461,152,1419,5707,0.013291,0.986709,0.020725,0.979275
étend,1710-1720,1789-1802,0.455119,0.544881,91,487,5707,0.025475,0.974525,0.019386,0.980614
lits,1700-1710,1760-1770,0.454948,0.545052,260,1053,5682,0.019707,0.980293,0.035989,0.964011
autrement,1710-1720,1789-1802,0.454893,0.545107,3044,3528,5714,0.012725,0.987275,0.027734,0.972266
quinze,1710-1720,1720-1730,0.454805,0.545195,1838,1953,5709,0.018972,0.981028,0.036983,0.963017
faveur,1720-1730,1789-1802,0.454509,0.545491,3822,12247,5716,0.025307,0.974693,0.035176,0.964824
rompre,1700-1710,1789-1802,0.454505,0.545495,552,1790,5703,0.014588,0.985412,0.018721,0.981279
cède,1720-1730,1789-1802,0.454104,0.545896,104,803,5680,0.011359,0.988641,0.019766,0.980234
ledit,1700-1710,1740-1750,0.454095,0.545905,3443,7921,5694,0.036961,0.963039,0.030729,0.969271
exerce,1700-1710,1710-1720,0.454008,0.545992,134,149,5699,0.008499,0.991501,0.016257,0.983743
navire,1700-1710,1720-1730,0.453489,0.546511,817,823,5689,0.024556,0.975444,0.025505,0.974495
donnera,1710-1720,1730-1740,0.453475,0.546525,594,575,5703,0.011771,0.988229,0.019436,0.980564
fermer,1750-1760,1760-1770,0.453174,0.546826,713,1282,5705,0.014235,0.985765,0.019639,0.980361
edition,1720-1730,1789-1802,0.453174,0.546826,454,551,5683,0.030693,0.969307,0.043761,0.956239
nécessité,1700-1710,1789-1802,0.453143,0.546857,475,7299,5702,0.041198,0.958802,0.026197,0.973803
réparer,1710-1720,1789-1802,0.452839,0.547161,311,2302,5702,0.01184,0.98816,0.016603,0.983397
surtout,1700-1710,1750-1760,0.452623,0.547377,529,3211,5713,0.01082,0.98918,0.021441,0.978559
efr,1700-1710,1710-1720,0.452476,0.547524,188,195,5658,0.01869,0.98131,0.042984,0.957016
soumission,1710-1720,1789-1802,0.452131,0.547869,207,1502,5685,0.016378,0.983622,0.018398,0.981602
commissions,1700-1710,1710-1720,0.452081,0.547919,132,200,5664,0.008854,0.991146,0.021091,0.978909
tyrannie,1700-1710,1789-1802,0.452068,0.547932,180,4064,5690,0.033414,0.966586,0.034581,0.965419
verrez,1700-1710,1730-1740,0.452066,0.547934,531,666,5703,0.020158,0.979842,0.022178,0.977822
assure,1700-1710,1770-1780,0.452022,0.547978,330,2779,5709,0.018528,0.981472,0.035011,0.964989
opposé,1700-1710,1760-1770,0.451868,0.548132,237,1130,5705,0.026118,0.973882,0.030901,0.969099
lix,1730-1740,1780-1789,0.451776,0.548224,432,1126,5680,0.020562,0.979438,0.053587,0.946413
expressément,1700-1710,1710-1720,0.451718,0.548282,175,259,5673,0.015572,0.984428,0.025456,0.974544
bas,1710-1720,1789-1802,0.451584,0.548416,4615,13193,5718,0.009725,0.990275,0.023754,0.976246
simple,1710-1720,1770-1780,0.451314,0.548686,1872,9252,5718,0.011546,0.988454,0.017456,0.982544
élection,1760-1770,1789-1802,0.451161,0.548839,257,545,5670,0.015286,0.984714,0.022033,0.977967
comtes,1730-1740,1770-1780,0.451092,0.548908,427,1377,5658,0.021411,0.978589,0.024847,0.975153
plaint,1710-1720,1720-1730,0.450889,0.549111,361,338,5699,0.014595,0.985405,0.019741,0.980259
fables,1700-1710,1780-1789,0.450862,0.549138,327,2558,5702,0.018392,0.981608,0.018852,0.981148
montent,1700-1710,1760-1770,0.450838,0.549162,394,683,5684,0.095286,0.904714,0.074952,0.925048
caractere,1700-1710,1789-1802,0.450828,0.549172,297,1158,5681,0.055115,0.944885,0.023413,0.976587
duquel,1720-1730,1730-1740,0.4508,0.5492,1572,1671,5710,0.007917,0.992083,0.026059,0.973941
cinquième,1720-1730,1780-1789,0.450788,0.549212,531,1676,5710,0.014186,0.985814,0.023848,0.976152
conventions,1700-1710,1750-1760,0.450552,0.549448,128,714,5683,0.016246,0.983754,0.025069,0.974931
essentiel,1700-1710,1789-1802,0.450507,0.549493,113,1908,5696,0.036994,0.963006,0.040538,0.959462
fausses,1720-1730,1789-1802,0.450473,0.549527,351,1307,5699,0.019924,0.980076,0.021773,0.978227
jointe,1710-1720,1789-1802,0.450019,0.549981,249,880,5698,0.019973,0.980027,0.033324,0.966676
milles,1710-1720,1720-1730,0.449983,0.550017,392,397,5684,0.020632,0.979368,0.056226,0.943774
miracle,1710-1720,1730-1740,0.449897,0.550103,314,459,5692,0.008646,0.991354,0.011426,0.988574
néanmoins,1700-1710,1750-1760,0.449565,0.550435,2002,4097,5710,0.012539,0.987461,0.021015,0.978985
philosophie,1720-1730,1789-1802,0.449489,0.550511,698,3879,5711,0.029985,0.970015,0.030708,0.969292
condamne,1710-1720,1789-1802,0.448991,0.551009,613,995,5701,0.020034,0.979966,0.030034,0.969966
soumettre,1720-1730,1789-1802,0.448813,0.551187,192,2026,5693,0.027576,0.972424,0.034509,0.965491
descendans,1710-1720,1770-1780,0.448809,0.551191,250,837,5672,0.024731,0.975269,0.022939,0.977061
violentes,1700-1710,1789-1802,0.448491,0.551509,106,722,5690,0.046994,0.953006,0.021451,0.978549
rebelles,1700-1710,1780-1789,0.448178,0.551822,150,1022,5682,0.010087,0.989913,0.018164,0.981836
pis,1700-1710,1789-1802,0.447903,0.552097,550,2046,5700,0.009268,0.990732,0.024734,0.975266
produit,1700-1710,1789-1802,0.447825,0.552175,2486,16315,5716,0.025931,0.974069,0.034393,0.965607
roses,1700-1710,1780-1789,0.447714,0.552286,168,936,5680,0.011262,0.988738,0.023675,0.976325
attaché,1710-1720,1789-1802,0.447512,0.552488,891,3026,5710,0.012638,0.987362,0.021373,0.978627
sorte,1700-1710,1789-1802,0.447405,0.552595,1435,7008,5711,0.038045,0.961955,0.070155,0.929845
insulte,1710-1720,1789-1802,0.447274,0.552726,101,514,5676,0.012531,0.987469,0.016325,0.983675
sciences,1710-1720,1789-1802,0.447166,0.552834,592,4157,5712,0.02864,0.97136,0.022732,0.977268
représenté,1710-1720,1789-1802,0.446556,0.553444,307,1075,5705,0.02647,0.97353,0.02768,0.97232
moutons,1700-1710,1789-1802,0.446142,0.553858,256,1680,5684,0.020054,0.979946,0.027936,0.972064
exécutée,1710-1720,1780-1789,0.44608,0.55392,320,637,5680,0.057902,0.942098,0.045256,0.954744
louer,1700-1710,1780-1789,0.445945,0.554055,302,1794,5701,0.007062,0.992938,0.016224,0.983776
entretient,1720-1730,1730-1740,0.445933,0.554067,216,187,5694,0.01094,0.98906,0.01894,0.98106
justes,1700-1710,1789-1802,0.445669,0.554331,457,2438,5705,0.02674,0.97326,0.020658,0.979342
agi,1700-1710,1780-1789,0.445664,0.554336,227,812,5692,0.02459,0.97541,0.02906,0.97094
saisi,1700-1710,1789-1802,0.445406,0.554594,287,1377,5708,0.017522,0.982478,0.037705,0.962295
occupée,1700-1710,1720-1730,0.445245,0.554755,120,185,5699,0.019021,0.980979,0.030909,0.969091
liqueurs,1710-1720,1740-1750,0.445038,0.554962,499,516,5681,0.030833,0.969167,0.046163,0.953837
ccs,1730-1740,1789-1802,0.445017,0.554983,407,1933,5667,0.022497,0.977503,0.049121,0.950879
occupe,1710-1720,1789-1802,0.44498,0.55502,194,1658,5710,0.016799,0.983201,0.026711,0.973289
rangs,1720-1730,1789-1802,0.444851,0.555149,571,1763,5701,0.024192,0.975808,0.038174,0.961826
saisis,1710-1720,1789-1802,0.44479,0.55521,293,856,5690,0.021382,0.978618,0.028322,0.971678
eue,1700-1710,1730-1740,0.444738,0.555262,320,686,5697,0.026953,0.973047,0.03358,0.96642
dot,1700-1710,1789-1802,0.444624,0.555376,889,918,5687,0.04165,0.95835,0.06283,0.93717
différents,1700-1710,1740-1750,0.444516,0.555484,235,399,5688,0.014713,0.985287,0.021486,0.978514
secret,1720-1730,1789-1802,0.444491,0.555509,1494,6466,5714,0.009405,0.990595,0.016381,0.983619
génie,1700-1710,1789-1802,0.444443,0.555557,497,7960,5714,0.024264,0.975736,0.022669,0.977331
animer,1710-1720,1789-1802,0.444382,0.555618,99,433,5690,0.015735,0.984265,0.017491,0.982509
criminelle,1720-1730,1770-1780,0.443969,0.556031,241,1255,5685,0.011303,0.988697,0.021418,0.978582
pudeur,1700-1710,1770-1780,0.443848,0.556152,162,1357,5698,0.018725,0.981275,0.014161,0.985839
brille,1700-1710,1760-1770,0.443707,0.556293,100,398,5691,0.032998,0.967002,0.027701,0.972299
profits,1710-1720,1720-1730,0.443251,0.556749,440,418,5681,0.01589,0.98411,0.017517,0.982483
pauvreté,1700-1710,1789-1802,0.443134,0.556866,305,1281,5694,0.027442,0.972558,0.015864,0.984136
répandre,1700-1710,1789-1802,0.443017,0.556983,335,2425,5699,0.016362,0.983638,0.02244,0.97756
savent,1700-1710,1740-1750,0.442878,0.557122,146,340,5677,0.013281,0.986719,0.020936,0.979064
frais,1710-1720,1760-1770,0.442834,0.557166,3088,8515,5704,0.020604,0.979396,0.03622,0.96378
indiens,1730-1740,1789-1802,0.442689,0.557311,233,1508,5678,0.014532,0.985468,0.020773,0.979227
bête,1700-1710,1789-1802,0.442652,0.557348,220,809,5687,0.013896,0.986104,0.018655,0.981345
scene,1710-1720,1789-1802,0.442571,0.557429,1334,2313,5700,0.009868,0.990132,0.026457,0.973543
affection,1720-1730,1770-1780,0.442418,0.557582,200,532,5700,0.018554,0.981446,0.016749,0.983251
vérités,1700-1710,1789-1802,0.442382,0.557618,110,3140,5701,0.027362,0.972638,0.031772,0.968228
réduit,1700-1710,1760-1770,0.442362,0.557638,493,3810,5714,0.015234,0.984766,0.022532,0.977468
soupir,1720-1730,1780-1789,0.442226,0.557774,86,844,5670,0.020385,0.979615,0.02761,0.97239
dos,1760-1770,1789-1802,0.44217,0.55783,2841,1731,5709,0.03868,0.96132,0.038895,0.961105
réponfe,1700-1710,1789-1802,0.442056,0.557944,116,1191,5533,0.032844,0.967156,0.046979,0.953021
pureté,1720-1730,1770-1780,0.442007,0.557993,266,1350,5698,0.032326,0.967674,0.022287,0.977713
égales,1720-1730,1770-1780,0.441824,0.558176,466,1785,5695,0.032586,0.967414,0.032183,0.967817
lit,1710-1720,1740-1750,0.441379,0.558621,2664,4463,5718,0.00841,0.99159,0.017093,0.982907
intrigue,1700-1710,1789-1802,0.441375,0.558625,79,890,5687,0.018583,0.981417,0.032012,0.967988
timide,1700-1710,1770-1780,0.441269,0.558731,144,1001,5697,0.021259,0.978741,0.020316,0.979684
chants,1760-1770,1789-1802,0.441158,0.558842,498,784,5684,0.009273,0.990727,0.014366,0.985634
iri,1700-1710,1750-1760,0.441069,0.558931,336,171,5646,0.017245,0.982755,0.041231,0.958769
arrivés,1710-1720,1789-1802,0.441053,0.558947,174,1692,5688,0.015501,0.984499,0.02768,0.97232
évidence,1700-1710,1789-1802,0.441046,0.558954,83,658,5692,0.020705,0.979295,0.02811,0.97189
roule,1720-1730,1789-1802,0.441006,0.558994,241,671,5692,0.015736,0.984264,0.023164,0.976836
soi,1720-1730,1789-1802,0.440768,0.559232,455,3904,5703,0.014222,0.985778,0.031605,0.968395
règles,1700-1710,1710-1720,0.440391,0.559609,222,325,5701,0.016905,0.983095,0.024718,0.975282
vente,1710-1720,1730-1740,0.440188,0.559812,2947,1881,5701,0.019195,0.980805,0.033915,0.966085
chers,1710-1720,1789-1802,0.440071,0.559929,403,2003,5694,0.033546,0.966454,0.029024,0.970976
eus,1710-1720,1770-1780,0.439968,0.560032,257,838,5708,0.01934,0.98066,0.022281,0.977719
sentence,1710-1720,1789-1802,0.439814,0.560186,1902,1130,5698,0.038415,0.961585,0.047893,0.952107
modération,1700-1710,1789-1802,0.439596,0.560404,204,1786,5709,0.016849,0.983151,0.022224,0.977776
imprudence,1710-1720,1720-1730,0.439558,0.560442,95,163,5687,0.040169,0.959831,0.017052,0.982948
impose,1700-1710,1789-1802,0.439468,0.560532,79,917,5701,0.015013,0.984987,0.019877,0.980123
séparer,1710-1720,1770-1780,0.439118,0.560882,200,1502,5682,0.018771,0.981229,0.0236,0.9764
contrainte,1710-1720,1730-1740,0.438986,0.561014,452,609,5699,0.011594,0.988406,0.015433,0.984567
nécessairement,1710-1720,1730-1740,0.438843,0.561157,278,684,5704,0.011954,0.988046,0.01751,0.98249
anime,1710-1720,1770-1780,0.438511,0.561489,156,721,5697,0.01704,0.98296,0.01743,0.98257
rivière,1710-1720,1750-1760,0.438482,0.561518,592,1064,5689,0.019446,0.980554,0.020162,0.979838
ridicules,1700-1710,1789-1802,0.438417,0.561583,196,1127,5708,0.018771,0.981229,0.021417,0.978583
politesse,1700-1710,1789-1802,0.438416,0.561584,185,839,5689,0.016613,0.983387,0.017123,0.982877
entraîne,1700-1710,1789-1802,0.438192,0.561808,75,901,5695,0.022057,0.977943,0.040479,0.959521
livrer,1700-1710,1780-1789,0.438169,0.561831,320,3888,5709,0.036157,0.963843,0.038988,0.961012
jalousie,1700-1710,1770-1780,0.437949,0.562051,329,1531,5696,0.019552,0.980448,0.01556,0.98444
dcux,1710-1720,1740-1750,0.43786,0.56214,491,449,5388,0.017305,0.982695,0.059861,0.940139
contenant,1710-1720,1789-1802,0.437698,0.562302,988,1942,5698,0.018608,0.981392,0.037381,0.962619
tirant,1710-1720,1750-1760,0.437126,0.562874,339,750,5694,0.035767,0.964233,0.029788,0.970212
efl,1720-1730,1730-1740,0.43707,0.56293,933,1343,5693,0.015774,0.984226,0.041007,0.958993
solide,1700-1710,1770-1780,0.43685,0.56315,325,2158,5693,0.017613,0.982387,0.022124,0.977876
ardent,1710-1720,1770-1780,0.436821,0.563179,258,1223,5702,0.009875,0.990125,0.015767,0.984233
cher,1730-1740,1770-1780,0.436107,0.563893,5508,11894,5717,0.013928,0.986072,0.023156,0.976844
troubles,1710-1720,1789-1802,0.435437,0.564563,594,2960,5700,0.024368,0.975632,0.026483,0.973517
auriez,1710-1720,1789-1802,0.435425,0.564575,224,1140,5688,0.034061,0.965939,0.029117,0.970883
facile,1700-1710,1720-1730,0.435313,0.564687,974,1378,5715,0.021145,0.978855,0.023379,0.976621
vraie,1700-1710,1789-1802,0.434931,0.565069,193,3132,5708,0.01873,0.98127,0.024028,0.975972
fausseté,1720-1730,1789-1802,0.434909,0.565091,203,627,5679,0.059256,0.940744,0.024276,0.975724
arrêté,1730-1740,1789-1802,0.434906,0.565094,1098,5361,5710,0.021808,0.978192,0.02851,0.97149
ramener,1700-1710,1720-1730,0.434901,0.565099,171,249,5703,0.012704,0.987296,0.020453,0.979547
tourmens,1700-1710,1740-1750,0.434846,0.565154,128,313,5679,0.028331,0.971669,0.01831,0.98169
lâcheté,1700-1710,1770-1780,0.434643,0.565357,86,705,5678,0.051064,0.948936,0.018248,0.981752
marguerite,1700-1710,1780-1789,0.43461,0.56539,86,1368,5656,0.018883,0.981117,0.036296,0.963704
étendu,1700-1710,1740-1750,0.434455,0.565545,330,1064,5707,0.014497,0.985503,0.028842,0.971158
forts,1710-1720,1740-1750,0.434413,0.565587,787,1812,5713,0.016077,0.983923,0.028448,0.971552
prirent,1700-1710,1730-1740,0.434307,0.565693,491,1481,5695,0.015887,0.984113,0.01878,0.98122
périr,1710-1720,1730-1740,0.433977,0.566023,386,1260,5703,0.024219,0.975781,0.016788,0.983212
serez,1730-1740,1789-1802,0.433965,0.566035,548,1435,5669,0.020774,0.979226,0.023976,0.976024
outrage,1700-1710,1770-1780,0.433902,0.566098,108,564,5685,0.020037,0.979963,0.019367,0.980633
confiance,1700-1710,1789-1802,0.433822,0.566178,1083,12877,5714,0.022931,0.977069,0.017263,0.982737
croît,1720-1730,1780-1789,0.433776,0.566224,225,2208,5686,0.034277,0.965723,0.034233,0.965767
suites,1720-1730,1789-1802,0.433774,0.566226,168,1528,5679,0.024305,0.975695,0.027333,0.972667
vifs,1710-1720,1789-1802,0.433636,0.566364,308,760,5696,0.029049,0.970951,0.032722,0.967278
règne,1700-1710,1789-1802,0.433187,0.566813,297,5824,5701,0.018376,0.981624,0.028791,0.971209
domicile,1720-1730,1789-1802,0.433171,0.566829,216,1639,5674,0.019678,0.980322,0.022342,0.977658
voleurs,1700-1710,1789-1802,0.433109,0.566891,330,1071,5690,0.020837,0.979163,0.027329,0.972671
désirs,1710-1720,1770-1780,0.432798,0.567202,294,831,5682,0.021484,0.978516,0.02145,0.97855
infiniment,1700-1710,1750-1760,0.432655,0.567345,387,1477,5711,0.010876,0.989124,0.028601,0.971399
mériter,1700-1710,1780-1789,0.432416,0.567584,195,2254,5707,0.024867,0.975133,0.022027,0.977973
enfin,1700-1710,1780-1789,0.432369,0.567631,5917,36801,5718,0.011072,0.988928,0.014368,0.985632
chien,1700-1710,1760-1770,0.432328,0.567672,369,1401,5698,0.012038,0.987962,0.020828,0.979172
regards,1750-1760,1789-1802,0.432254,0.567746,1685,4431,5708,0.014067,0.985933,0.022757,0.977243
diamans,1710-1720,1789-1802,0.431956,0.568044,73,764,5665,0.011951,0.988049,0.024665,0.975335
étranger,1710-1720,1780-1789,0.431603,0.568397,495,4686,5716,0.027441,0.972559,0.037872,0.962128
vierge,1710-1720,1740-1750,0.431525,0.568475,1044,454,5695,0.02034,0.97966,0.034167,0.965833
aveugle,1740-1750,1789-1802,0.431312,0.568688,854,1849,5709,0.010216,0.989784,0.013593,0.986407
débiteur,1720-1730,1770-1780,0.43101,0.56899,226,1304,5671,0.036687,0.963313,0.035926,0.964074
titre,1710-1720,1720-1730,0.430957,0.569043,4327,4150,5718,0.017371,0.982629,0.034762,0.965238
chevaux,1710-1720,1789-1802,0.430877,0.569123,2822,5352,5707,0.023364,0.976636,0.026749,0.973251
patrie,1700-1710,1789-1802,0.430763,0.569237,733,13606,5711,0.059868,0.940132,0.041904,0.958096
certificat,1700-1710,1789-1802,0.430533,0.569467,143,1017,5670,0.020652,0.979348,0.039525,0.960475
sincère,1720-1730,1789-1802,0.430166,0.569834,110,895,5661,0.019525,0.980475,0.031698,0.968302
agitée,1710-1720,1789-1802,0.430148,0.569852,136,614,5692,0.02628,0.97372,0.022001,0.977999
objets,1710-1720,1789-1802,0.430095,0.569905,752,12329,5717,0.019093,0.980907,0.045624,0.954376
quartiers,1710-1720,1730-1740,0.430068,0.569932,942,1230,5690,0.019122,0.980878,0.028879,0.971121
prescrit,1700-1710,1789-1802,0.429868,0.570132,256,1751,5696,0.017095,0.982905,0.019577,0.980423
vues,1700-1710,1780-1789,0.429862,0.570138,290,6953,5712,0.018288,0.981712,0.020425,0.979575
désordres,1700-1710,1789-1802,0.429848,0.570152,109,1351,5668,0.028988,0.971012,0.02018,0.97982
prétendent,1710-1720,1730-1740,0.4298,0.5702,524,740,5701,0.011441,0.988559,0.019094,0.980906
exécuter,1700-1710,1789-1802,0.429696,0.570304,229,2636,5711,0.0157,0.9843,0.022228,0.977772
volontés,1700-1710,1789-1802,0.429613,0.570387,72,1977,5689,0.032856,0.967144,0.046738,0.953262
naît,1710-1720,1770-1780,0.429561,0.570439,145,1280,5696,0.013714,0.986286,0.022961,0.977039
bruits,1700-1710,1770-1780,0.429527,0.570473,136,694,5679,0.012686,0.987314,0.021177,0.978823
levées,1710-1720,1789-1802,0.429518,0.570482,352,683,5671,0.023332,0.976668,0.024791,0.975209
créancier,1700-1710,1720-1730,0.429101,0.570899,1271,100,5672,0.051866,0.948134,0.045443,0.954557
gré,1710-1720,1760-1770,0.429035,0.570965,1057,2720,5714,0.023763,0.976237,0.026284,0.973716
prêtre,1720-1730,1789-1802,0.428877,0.571123,710,3092,5698,0.014007,0.985993,0.021232,0.978768
comble,1700-1710,1789-1802,0.428848,0.571152,358,2226,5706,0.020025,0.979975,0.027729,0.972271
espagnols,1730-1740,1760-1770,0.428722,0.571278,2451,1568,5694,0.025789,0.974211,0.020066,0.979934
cependant,1710-1720,1740-1750,0.428685,0.571315,5651,15406,5717,0.010913,0.989087,0.018341,0.981659
conçoit,1710-1720,1780-1789,0.428595,0.571405,99,1109,5686,0.018332,0.981668,0.025556,0.974444
parfaitement,1700-1710,1760-1770,0.428502,0.571498,887,3368,5713,0.013727,0.986273,0.019435,0.980565
science,1710-1720,1789-1802,0.428141,0.571859,1065,3720,5712,0.02462,0.97538,0.036099,0.963901
dangers,1710-1720,1789-1802,0.427841,0.572159,299,4143,5708,0.017298,0.982702,0.023038,0.976962
volontiers,1720-1730,1789-1802,0.427665,0.572335,711,1564,5708,0.01269,0.98731,0.019015,0.980985
cendre,1720-1730,1789-1802,0.427503,0.572497,314,692,5696,0.034638,0.965362,0.031456,0.968544
triompher,1720-1730,1789-1802,0.427427,0.572573,127,861,5690,0.02737,0.97263,0.020429,0.979571
chagrins,1700-1710,1789-1802,0.42699,0.57301,242,1176,5686,0.027236,0.972764,0.020145,0.979855
voyoient,1700-1710,1760-1770,0.426766,0.573234,123,372,5678,0.031306,0.968694,0.021629,0.978371
sienne,1710-1720,1740-1750,0.426602,0.573398,552,1097,5702,0.016819,0.983181,0.023667,0.976333
subsister,1700-1710,1789-1802,0.42645,0.57355,184,1278,5692,0.031839,0.968161,0.024629,0.975371
relâche,1710-1720,1789-1802,0.426372,0.573628,136,589,5687,0.027641,0.972359,0.026848,0.973152
soutient,1710-1720,1770-1780,0.425998,0.574002,205,2014,5703,0.008367,0.991633,0.013883,0.986117
vieillard,1700-1710,1710-1720,0.42598,0.57402,601,819,5702,0.010376,0.989624,0.019727,0.980273
approche,1700-1710,1770-1780,0.425968,0.574032,272,1732,5710,0.010932,0.989068,0.016224,0.983776
abbaye,1720-1730,1740-1750,0.425739,0.574261,711,151,5675,0.070498,0.929502,0.03605,0.96395
courtisans,1710-1720,1789-1802,0.425469,0.574531,162,895,5669,0.058395,0.941605,0.024782,0.975218
anciennes,1700-1710,1789-1802,0.425119,0.574881,385,3717,5711,0.024196,0.975804,0.019401,0.980599
souverain,1710-1720,1740-1750,0.424929,0.575071,1158,2292,5710,0.015711,0.984289,0.01832,0.98168
négligence,1700-1710,1789-1802,0.424762,0.575238,261,1129,5702,0.02162,0.97838,0.021376,0.978624
navires,1720-1730,1760-1770,0.424615,0.575385,724,5370,5682,0.041642,0.958358,0.031001,0.968999
confiscation,1780-1789,1789-1802,0.424598,0.575402,393,659,5664,0.030776,0.969224,0.023092,0.976908
réduite,1710-1720,1789-1802,0.424232,0.575768,190,1366,5694,0.016225,0.983775,0.02254,0.97746
douces,1710-1720,1789-1802,0.424216,0.575784,295,1504,5699,0.026961,0.973039,0.031028,0.968972
intrigues,1700-1710,1770-1780,0.424114,0.575886,123,1153,5684,0.021534,0.978466,0.016712,0.983288
ouvertes,1720-1730,1770-1780,0.423864,0.576136,188,692,5689,0.009847,0.990153,0.017345,0.982655
abandonnée,1700-1710,1770-1780,0.423786,0.576214,106,795,5689,0.011908,0.988092,0.020045,0.979955
espece,1710-1720,1789-1802,0.423781,0.576219,2141,2496,5707,0.043134,0.956866,0.034724,0.965276
placées,1700-1710,1780-1789,0.42359,0.57641,131,1245,5697,0.030345,0.969655,0.039932,0.960068
diable,1700-1710,1710-1720,0.4234,0.5766,950,1083,5693,0.009454,0.990546,0.019307,0.980693
source,1700-1710,1760-1770,0.423367,0.576633,733,4488,5719,0.020519,0.979481,0.021496,0.978504
rapport,1710-1720,1789-1802,0.423326,0.576674,3620,16601,5718,0.028589,0.971411,0.049634,0.950366
hollandois,1730-1740,1760-1770,0.423138,0.576862,1295,2896,5679,0.042211,0.957789,0.02234,0.97766
fis,1700-1710,1710-1720,0.423131,0.576869,1419,1475,5704,0.018177,0.981823,0.027736,0.972264
déjà,1710-1720,1780-1789,0.423062,0.576938,1584,15600,5715,0.01882,0.98118,0.030132,0.969868
abuser,1700-1710,1789-1802,0.423051,0.576949,114,806,5695,0.012926,0.987074,0.020264,0.979736
vouloit,1710-1720,1730-1740,0.422429,0.577571,1435,3880,5709,0.049869,0.950131,0.018745,0.981255
régner,1700-1710,1789-1802,0.422429,0.577571,151,1431,5690,0.015388,0.984612,0.023857,0.976143
étude,1700-1710,1789-1802,0.422156,0.577844,193,912,5712,0.031579,0.968421,0.023356,0.976644
poursuit,1700-1710,1780-1789,0.422133,0.577867,145,936,5695,0.009654,0.990346,0.020343,0.979657
détruit,1710-1720,1789-1802,0.422034,0.577966,349,3039,5711,0.012327,0.987673,0.017841,0.982159
pertes,1700-1710,1730-1740,0.42191,0.57809,530,685,5697,0.041147,0.958853,0.054955,0.945045
siens,1700-1710,1780-1789,0.421878,0.578122,305,2016,5697,0.018924,0.981076,0.023551,0.976449
inconnus,1700-1710,1720-1730,0.421687,0.578313,126,195,5691,0.007592,0.992408,0.015279,0.984721
centre,1720-1730,1789-1802,0.42148,0.57852,1170,3590,5709,0.015614,0.984386,0.023644,0.976356
cendres,1700-1710,1760-1770,0.421405,0.578595,253,1630,5695,0.018899,0.981101,0.023239,0.976761
composées,1710-1720,1789-1802,0.421392,0.578608,157,1138,5689,0.043958,0.956042,0.041829,0.958171
défaut,1700-1710,1789-1802,0.421299,0.578701,939,4816,5715,0.02414,0.97586,0.037945,0.962055
chambres,1750-1760,1770-1780,0.421286,0.578714,929,1954,5691,0.018088,0.981912,0.035586,0.964414
sûre,1700-1710,1760-1770,0.421073,0.578927,114,850,5693,0.027012,0.972988,0.023089,0.976911
trahi,1700-1710,1789-1802,0.420857,0.579143,96,716,5672,0.014356,0.985644,0.025451,0.974549
découvertes,1720-1730,1740-1750,0.420855,0.579145,307,991,5701,0.012573,0.987427,0.017784,0.982216
planches,1710-1720,1760-1770,0.420269,0.579731,316,3487,5685,0.014503,0.985497,0.027463,0.972537
race,1730-1740,1750-1760,0.420102,0.579898,884,1435,5704,0.011455,0.988545,0.018451,0.981549
ressource,1700-1710,1789-1802,0.419853,0.580147,170,2644,5691,0.018324,0.981676,0.024849,0.975151
situation,1700-1710,1789-1802,0.41969,0.58031,896,8065,5714,0.020396,0.979604,0.027599,0.972401
batailles,1700-1710,1789-1802,0.419629,0.580371,107,576,5683,0.024006,0.975994,0.021462,0.978538
six,1710-1720,1730-1740,0.419565,0.580435,1481,2543,5713,0.026408,0.973592,0.063009,0.936991
ouï,1700-1710,1780-1789,0.419545,0.580455,308,708,5683,0.04756,0.95244,0.065433,0.934567
réponse,1720-1730,1789-1802,0.419406,0.580594,1356,5015,5708,0.015204,0.984796,0.023461,0.976539
siennes,1700-1710,1789-1802,0.419388,0.580612,133,676,5684,0.025829,0.974171,0.024741,0.975259
toujours,1710-1720,1789-1802,0.418965,0.581035,11130,56110,5720,0.01271,0.98729,0.020357,0.979643
pleins,1700-1710,1789-1802,0.418657,0.581343,362,1315,5707,0.016573,0.983427,0.026029,0.973971
fondemens,1700-1710,1780-1789,0.41857,0.58143,149,1131,5689,0.037673,0.962327,0.020198,0.979802
reconnaissance,1700-1710,1789-1802,0.418338,0.581662,136,1836,5619,0.018194,0.981806,0.02169,0.97831
promesses,1700-1710,1789-1802,0.418304,0.581696,265,1379,5696,0.012272,0.987728,0.021257,0.978743
guerrier,1700-1710,1750-1760,0.418212,0.581788,92,513,5690,0.016878,0.983122,0.022552,0.977448
sien,1700-1710,1770-1780,0.418063,0.581937,457,1933,5711,0.019337,0.980663,0.027418,0.972582
couche,1700-1710,1720-1730,0.418051,0.581949,425,417,5695,0.021253,0.978747,0.028303,0.971697
fiers,1700-1710,1789-1802,0.417765,0.582235,126,653,5686,0.014805,0.985195,0.022438,0.977562
définition,1710-1720,1720-1730,0.417657,0.582343,152,118,5681,0.010135,0.989865,0.022081,0.977919
ruiner,1700-1710,1770-1780,0.417573,0.582427,211,1046,5684,0.025393,0.974607,0.016402,0.983598
véritable,1710-1720,1750-1760,0.417507,0.582493,1066,3534,5714,0.012156,0.987844,0.021273,0.978727
seules,1700-1710,1789-1802,0.417386,0.582614,224,2453,5704,0.011053,0.988947,0.02015,0.97985
promit,1710-1720,1730-1740,0.417383,0.582617,323,718,5687,0.020169,0.979831,0.021026,0.978974
climat,1710-1720,1760-1770,0.417246,0.582754,233,1500,5691,0.016799,0.983201,0.021559,0.978441
perte,1710-1720,1740-1750,0.417058,0.582942,2116,3386,5716,0.015303,0.984697,0.022418,0.977582
considérations,1700-1710,1789-1802,0.416244,0.583756,87,2026,5703,0.014551,0.985449,0.024021,0.975979
imprimé,1710-1720,1789-1802,0.416238,0.583762,329,1947,5698,0.014999,0.985001,0.022409,0.977591
soulager,1700-1710,1789-1802,0.416194,0.583806,164,1160,5690,0.024697,0.975303,0.022217,0.977783
ous,1710-1720,1789-1802,0.416046,0.583954,675,2967,5697,0.010624,0.989376,0.045493,0.954507
mars,1720-1730,1730-1740,0.41572,0.58428,3628,4595,5715,0.014328,0.985672,0.055625,0.944375
membres,1700-1710,1789-1802,0.415486,0.584514,607,11940,5714,0.048235,0.951765,0.062637,0.937363
condamner,1700-1710,1789-1802,0.41508,0.58492,399,1077,5704,0.01795,0.98205,0.022829,0.977171
vase,1710-1720,1760-1770,0.414984,0.585016,128,1337,5670,0.016293,0.983707,0.023714,0.976286
french,1720-1730,1789-1802,0.414963,0.585037,507,2658,1481,0.084482,0.915518,0.054207,0.945793
voulut,1700-1710,1720-1730,0.414963,0.585037,1799,1806,5711,0.01237,0.98763,0.021976,0.978024
surface,1710-1720,1789-1802,0.414875,0.585125,202,3143,5705,0.029003,0.970997,0.027822,0.972178
indignes,1720-1730,1789-1802,0.41473,0.58527,236,651,5692,0.031765,0.968235,0.015335,0.984665
ouverts,1700-1710,1789-1802,0.414635,0.585365,204,1003,5692,0.012116,0.987884,0.023196,0.976804
obligation,1700-1710,1730-1740,0.41461,0.58539,697,543,5705,0.019497,0.980503,0.032904,0.967096
graine,1720-1730,1789-1802,0.414374,0.585626,420,1143,5656,0.021122,0.978878,0.027003,0.972997
durée,1700-1710,1780-1789,0.414312,0.585688,429,3184,5712,0.027201,0.972799,0.029393,0.970607
absolument,1700-1710,1780-1789,0.414195,0.585805,1015,7197,5714,0.014887,0.985113,0.026311,0.973689
dis,1700-1710,1760-1770,0.414066,0.585934,4679,12587,5717,0.011445,0.988555,0.025502,0.974498
sortis,1710-1720,1760-1770,0.413983,0.586017,491,1030,5705,0.013771,0.986229,0.026996,0.973004
employés,1720-1730,1789-1802,0.413827,0.586173,247,4191,5700,0.024168,0.975832,0.029128,0.970872
trouvera,1700-1710,1710-1720,0.413284,0.586716,868,1085,5715,0.014494,0.985506,0.019082,0.980918
especes,1730-1740,1740-1750,0.41325,0.58675,1620,1569,5692,0.055579,0.944421,0.03445,0.96555
astres,1710-1720,1789-1802,0.41324,0.58676,138,667,5673,0.060098,0.939902,0.034745,0.965255
dur,1700-1710,1789-1802,0.41312,0.58688,354,1876,5704,0.009482,0.990518,0.018331,0.981669
appellée,1740-1750,1789-1802,0.413006,0.586994,589,637,5688,0.024719,0.975281,0.023322,0.976678
conservation,1730-1740,1789-1802,0.412647,0.587353,921,2889,5705,0.014396,0.985604,0.032131,0.967869
soumis,1720-1730,1789-1802,0.412037,0.587963,404,3035,5695,0.02255,0.97745,0.0302,0.9698
vaincus,1700-1710,1770-1780,0.411925,0.588075,134,1073,5678,0.024459,0.975541,0.021731,0.978269
joug,1710-1720,1770-1780,0.411785,0.588215,336,2913,5696,0.040929,0.959071,0.020884,0.979116
bornes,1710-1720,1760-1770,0.411776,0.588224,872,2944,5713,0.009627,0.990373,0.018758,0.981242
violer,1720-1730,1789-1802,0.411728,0.588272,153,830,5686,0.034025,0.965975,0.018288,0.981712
importance,1710-1720,1789-1802,0.411567,0.588433,270,2320,5713,0.024452,0.975548,0.029117,0.970883
fièvre,1720-1730,1780-1789,0.41149,0.58851,118,1057,5675,0.019204,0.980796,0.027805,0.972195
dessous,1700-1710,1789-1802,0.411467,0.588533,911,4582,5713,0.043866,0.956134,0.039533,0.960467
balancer,1700-1710,1789-1802,0.411062,0.588938,98,977,5691,0.00866,0.99134,0.025028,0.974972
pleure,1700-1710,1789-1802,0.410708,0.589292,93,659,5685,0.01126,0.98874,0.017236,0.982764
lâches,1700-1710,1780-1789,0.410604,0.589396,124,742,5680,0.023072,0.976928,0.020704,0.979296
soudain,1700-1710,1789-1802,0.410372,0.589628,74,1048,5670,0.01442,0.98558,0.026846,0.973154
prosession,1700-1710,1789-1802,0.410175,0.589825,446,1878,5703,0.027487,0.972513,0.02857,0.97143
réduits,1700-1710,1770-1780,0.409212,0.590788,180,1532,5691,0.027701,0.972299,0.025909,0.974091
créature,1710-1720,1789-1802,0.409189,0.590811,255,1029,5669,0.017849,0.982151,0.028232,0.971768
libraire,1710-1720,1760-1770,0.40913,0.59087,182,1082,5696,0.010716,0.989284,0.017647,0.982353
répliqua,1710-1720,1730-1740,0.409034,0.590966,155,210,5664,0.030171,0.969829,0.022621,0.977379
ensemble,1720-1730,1789-1802,0.408702,0.591298,3597,6783,5717,0.024714,0.975286,0.0268,0.9732
siècle,1700-1710,1789-1802,0.408602,0.591398,168,6009,5685,0.023735,0.976265,0.03824,0.96176
nourris,1700-1710,1710-1720,0.408465,0.591535,86,178,5676,0.014656,0.985344,0.018535,0.981465
créateur,1700-1710,1770-1780,0.408444,0.591556,409,1310,5683,0.027082,0.972918,0.04319,0.95681
vérité,1710-1720,1720-1730,0.407637,0.592363,2003,2756,5715,0.011469,0.988531,0.017332,0.982668
nuage,1720-1730,1770-1780,0.407623,0.592377,118,1189,5696,0.016381,0.983619,0.023184,0.976816
servoient,1700-1710,1730-1740,0.407233,0.592767,227,634,5683,0.042453,0.957547,0.022485,0.977515
machine,1710-1720,1760-1770,0.406883,0.593117,397,2436,5700,0.012931,0.987069,0.019657,0.980343
industrie,1720-1730,1770-1780,0.406857,0.593143,295,2550,5703,0.031027,0.968973,0.023437,0.976563
sud,1720-1730,1770-1780,0.406803,0.593197,812,2758,5678,0.023527,0.976473,0.034878,0.965122
sages,1710-1720,1789-1802,0.406791,0.593209,894,3712,5709,0.015302,0.984698,0.021482,0.978518
haïr,1700-1710,1780-1789,0.406666,0.593334,148,585,5675,0.025287,0.974713,0.018739,0.981261
poètes,1710-1720,1720-1730,0.406455,0.593545,147,109,5695,0.012489,0.987511,0.020842,0.979158
dépenses,1700-1710,1789-1802,0.406217,0.593783,285,9971,5692,0.029459,0.970541,0.04079,0.95921
puissans,1700-1710,1789-1802,0.4061,0.5939,155,1255,5685,0.017055,0.982945,0.024465,0.975535
obscurité,1700-1710,1730-1740,0.405812,0.594188,75,146,5700,0.023199,0.976801,0.01842,0.98158
semblables,1700-1710,1789-1802,0.40574,0.59426,940,3996,5713,0.018294,0.981706,0.036749,0.963251
attends,1720-1730,1740-1750,0.405552,0.594448,69,108,5670,0.020352,0.979648,0.015865,0.984135
eli,1710-1720,1789-1802,0.405398,0.594602,796,1962,5690,0.022277,0.977723,0.049965,0.950035
dissiper,1700-1710,1780-1789,0.404932,0.595068,172,814,5686,0.050523,0.949477,0.019931,0.980069
signifie,1710-1720,1789-1802,0.404901,0.595099,831,1230,5703,0.014443,0.985557,0.024097,0.975903
vains,1720-1730,1770-1780,0.404851,0.595149,249,1369,5692,0.019153,0.980847,0.019165,0.980835
querelle,1710-1720,1740-1750,0.404782,0.595218,345,751,5696,0.012213,0.987787,0.013126,0.986874
héritage,1740-1750,1789-1802,0.404774,0.595226,953,662,5685,0.034865,0.965135,0.058601,0.941399
voisinage,1710-1720,1720-1730,0.404765,0.595235,291,471,5694,0.020035,0.979965,0.019203,0.980797
opposées,1700-1710,1789-1802,0.404373,0.595627,102,782,5690,0.034789,0.965211,0.028221,0.971779
ignore,1710-1720,1770-1780,0.404231,0.595769,277,1596,5713,0.016551,0.983449,0.022375,0.977625
solitude,1720-1730,1770-1780,0.403542,0.596458,134,637,5675,0.015145,0.984855,0.017289,0.982711
ignorans,1710-1720,1789-1802,0.403464,0.596536,126,684,5684,0.027683,0.972317,0.02356,0.97644
puisse,1700-1710,1720-1730,0.403351,0.596649,2510,3216,5717,0.028219,0.971781,0.032209,0.967791
cruauté,1700-1710,1789-1802,0.403055,0.596945,292,1504,5694,0.026324,0.973676,0.022093,0.977907
animé,1700-1710,1780-1789,0.402902,0.597098,136,1064,5698,0.015102,0.984898,0.017148,0.982852
barbares,1730-1740,1789-1802,0.402878,0.597122,1763,2327,5700,0.036072,0.963928,0.030282,0.969718
étonné,1700-1710,1710-1720,0.402602,0.597398,280,287,5705,0.010372,0.989628,0.023335,0.976665
coté,1700-1710,1710-1720,0.402556,0.597444,176,243,5688,0.015458,0.984542,0.02759,0.97241
écoute,1700-1710,1730-1740,0.402491,0.597509,169,266,5690,0.009455,0.990545,0.015707,0.984293
fondé,1740-1750,1780-1789,0.40243,0.59757,1115,2695,5711,0.013211,0.986789,0.016704,0.983296
saintes,1740-1750,1780-1789,0.401974,0.598026,257,608,5682,0.016603,0.983397,0.015288,0.984712
utilement,1720-1730,1789-1802,0.401957,0.598043,220,793,5684,0.038904,0.961096,0.017948,0.982052
occupation,1710-1720,1740-1750,0.401956,0.598044,153,367,5697,0.01016,0.98984,0.016075,0.983925
erreur,1710-1720,1789-1802,0.401884,0.598116,606,3690,5715,0.015182,0.984818,0.015409,0.984591
assemblée,1710-1720,1789-1802,0.401874,0.598126,537,5889,5711,0.057802,0.942198,0.049165,0.950835
merveilleux,1710-1720,1750-1760,0.401632,0.598368,509,737,5701,0.009441,0.990559,0.01621,0.98379
dépens,1710-1720,1789-1802,0.401537,0.598463,2733,2307,5705,0.083927,0.916073,0.097606,0.902394
quitte,1700-1710,1750-1760,0.401307,0.598693,481,1151,5706,0.010028,0.989972,0.01532,0.98468
également,1710-1720,1789-1802,0.401257,0.598743,1783,10870,5714,0.011659,0.988341,0.018935,0.981065
voies,1720-1730,1770-1780,0.401235,0.598765,288,1739,5692,0.017945,0.982055,0.021336,0.978664
mélange,1710-1720,1770-1780,0.40107,0.59893,281,2592,5706,0.017506,0.982494,0.019221,0.980779
remplis,1700-1710,1780-1789,0.400751,0.599249,324,1747,5709,0.012415,0.987585,0.023712,0.976288
pénétré,1700-1710,1780-1789,0.400522,0.599478,159,1470,5700,0.025926,0.974074,0.019663,0.980337
apperçoit,1700-1710,1789-1802,0.400387,0.599613,80,647,5695,0.054224,0.945776,0.044679,0.955321
ignorance,1710-1720,1789-1802,0.400366,0.599634,336,1518,5712,0.049561,0.950439,0.040129,0.959871
complaisance,1720-1730,1789-1802,0.400125,0.599875,281,1174,5700,0.016502,0.983498,0.025189,0.974811
pratiques,1700-1710,1760-1770,0.399917,0.600083,141,1076,5689,0.02163,0.97837,0.020513,0.979487
couronnes,1740-1750,1780-1789,0.399791,0.600209,398,874,5689,0.026702,0.973298,0.027092,0.972908
erreurs,1700-1710,1789-1802,0.399616,0.600384,366,3818,5707,0.019161,0.980839,0.022761,0.977239
guerriers,1700-1710,1770-1780,0.399261,0.600739,76,1947,5686,0.022985,0.977015,0.023135,0.976865
encore,1710-1720,1740-1750,0.399229,0.600771,22980,34451,5719,0.011384,0.988616,0.023854,0.976146
villages,1700-1710,1789-1802,0.398937,0.601063,239,1795,5682,0.018098,0.981902,0.026823,0.973177
foiblesse,1700-1710,1789-1802,0.398485,0.601515,337,2559,5699,0.036522,0.963478,0.019233,0.980767
humaines,1700-1710,1770-1780,0.398461,0.601539,186,1497,5697,0.0211,0.9789,0.024311,0.975689
rocher,1700-1710,1770-1780,0.398318,0.601682,307,1487,5697,0.017688,0.982312,0.024422,0.975578
succession,1700-1710,1789-1802,0.398122,0.601878,1221,1927,5698,0.032315,0.967685,0.070298,0.929702
marchand,1700-1710,1789-1802,0.397982,0.602018,1515,2335,5701,0.018108,0.981892,0.022472,0.977528
armés,1710-1720,1770-1780,0.397795,0.602205,138,1273,5686,0.017002,0.982998,0.017002,0.982998
auront,1700-1710,1710-1720,0.39779,0.60221,1622,3969,5715,0.018611,0.981389,0.026978,0.973022
vaine,1710-1720,1789-1802,0.397606,0.602394,278,1087,5699,0.039496,0.960504,0.020752,0.979248
couleur,1710-1720,1789-1802,0.39748,0.60252,1777,5928,5710,0.034752,0.965248,0.039088,0.960912
éloignées,1700-1710,1780-1789,0.396738,0.603262,150,1060,5690,0.023523,0.976477,0.022482,0.977518
instruits,1700-1710,1789-1802,0.39605,0.60395,134,1668,5700,0.028218,0.971782,0.027894,0.972106
négliger,1710-1720,1720-1730,0.395948,0.604052,110,231,5694,0.012424,0.987576,0.016182,0.983818
avarice,1710-1720,1789-1802,0.395835,0.604165,178,451,5689,0.037509,0.962491,0.017473,0.982527
propriétaire,1700-1710,1740-1750,0.395661,0.604339,211,1495,5676,0.019972,0.980028,0.024431,0.975569
contenter,1700-1710,1750-1760,0.395561,0.604439,501,888,5702,0.030484,0.969516,0.028741,0.971259
mépris,1700-1710,1789-1802,0.39528,0.60472,596,4085,5710,0.016725,0.983275,0.020092,0.979908
divisé,1730-1740,1750-1760,0.395169,0.604831,193,521,5680,0.027328,0.972672,0.026866,0.973134
donnoit,1710-1720,1720-1730,0.394959,0.605041,817,1112,5706,0.025976,0.974024,0.01805,0.98195
avertis,1710-1720,1789-1802,0.394868,0.605132,261,476,5687,0.016266,0.983734,0.016651,0.983349
vainqueurs,1700-1710,1789-1802,0.394506,0.605494,70,856,5677,0.021855,0.978145,0.019122,0.980878
espérance,1710-1720,1770-1780,0.394467,0.605533,436,1630,5708,0.017844,0.982156,0.018444,0.981556
mur,1720-1730,1789-1802,0.394262,0.605738,637,1506,5699,0.015763,0.984237,0.023983,0.976017
mêlée,1700-1710,1789-1802,0.394206,0.605794,147,744,5696,0.016462,0.983538,0.024889,0.975111
aussitôt,1700-1710,1770-1780,0.394145,0.605855,457,1526,5694,0.015017,0.984983,0.023508,0.976492
punit,1710-1720,1740-1750,0.393659,0.606341,153,210,5679,0.018481,0.981519,0.016362,0.983638
voisines,1700-1710,1789-1802,0.393626,0.606374,197,1217,5697,0.016031,0.983969,0.023051,0.976949
connues,1700-1710,1740-1750,0.393329,0.606671,106,624,5709,0.018568,0.981432,0.035659,0.964341
unir,1710-1720,1760-1770,0.39332,0.60668,165,544,5702,0.019003,0.980997,0.020216,0.979784
légitimes,1710-1720,1789-1802,0.392883,0.607117,238,1094,5674,0.013347,0.986653,0.020993,0.979007
ies,1710-1720,1740-1750,0.39246,0.60754,3382,2960,5704,0.014118,0.985882,0.036644,0.963356
fuites,1700-1710,1789-1802,0.392422,0.607578,270,1203,5695,0.013118,0.986882,0.047281,0.952719
refuse,1700-1710,1789-1802,0.392389,0.607611,207,1247,5701,0.010828,0.989172,0.016805,0.983195
élu,1710-1720,1789-1802,0.39197,0.60803,144,882,5679,0.012937,0.987063,0.022894,0.977106
délai,1700-1710,1789-1802,0.391937,0.608063,222,3177,5691,0.048839,0.951161,0.037354,0.962646
plait,1700-1710,1720-1730,0.391861,0.608139,233,375,5668,0.029102,0.970898,0.024467,0.975533
déclare,1700-1710,1710-1720,0.391562,0.608438,344,490,5706,0.009091,0.990909,0.016597,0.983403
inscription,1730-1740,1789-1802,0.39127,0.60873,708,752,5689,0.042047,0.957953,0.038236,0.961764
tombant,1700-1710,1730-1740,0.39124,0.60876,93,239,5689,0.01544,0.98456,0.021545,0.978455
noble,1700-1710,1789-1802,0.391131,0.608869,907,6316,5714,0.012671,0.987329,0.018732,0.981268
recherches,1710-1720,1770-1780,0.390802,0.609198,266,3676,5708,0.01671,0.98329,0.021278,0.978722
bestiaux,1700-1710,1760-1770,0.390762,0.609238,172,2289,5660,0.0368,0.9632,0.027374,0.972626
armer,1710-1720,1750-1760,0.390712,0.609288,94,186,5684,0.021682,0.978318,0.01604,0.98396
rigueur,1710-1720,1780-1789,0.390665,0.609335,554,2987,5704,0.012888,0.987112,0.016797,0.983203
remplies,1700-1710,1789-1802,0.390504,0.609496,156,951,5691,0.020582,0.979418,0.032746,0.967254
conquis,1700-1710,1789-1802,0.390409,0.609591,114,847,5668,0.016387,0.983613,0.02232,0.97768
dcs,1730-1740,1750-1760,0.390196,0.609804,1010,1660,5684,0.012002,0.987998,0.030382,0.969618
pourtant,1700-1710,1770-1780,0.390139,0.609861,1780,6153,5714,0.013957,0.986043,0.026262,0.973738
calmer,1700-1710,1789-1802,0.389883,0.610117,144,1029,5690,0.014878,0.985122,0.026772,0.973228
figure,1710-1720,1760-1770,0.389724,0.610276,2158,12311,5715,0.029906,0.970094,0.03389,0.96611
convaincus,1710-1720,1789-1802,0.38942,0.61058,158,1058,5680,0.028263,0.971737,0.026266,0.973734
perfide,1720-1730,1789-1802,0.389292,0.610708,289,1699,5690,0.037924,0.962076,0.019591,0.980409
traduit,1710-1720,1789-1802,0.389177,0.610823,435,1275,5704,0.014513,0.985487,0.029413,0.970587
entends,1700-1710,1750-1760,0.389176,0.610824,59,185,5704,0.018104,0.981896,0.016917,0.983083
convenable,1710-1720,1760-1770,0.389031,0.610969,606,2918,5709,0.017404,0.982596,0.024045,0.975955
refus,1710-1720,1780-1789,0.388319,0.611681,746,2309,5697,0.013253,0.986747,0.017277,0.982723
pointe,1700-1710,1789-1802,0.388301,0.611699,600,2664,5706,0.025714,0.974286,0.028664,0.971336
nommés,1710-1720,1789-1802,0.388036,0.611964,261,2033,5693,0.023317,0.976683,0.033502,0.966498
éclaire,1720-1730,1780-1789,0.388028,0.611972,95,567,5686,0.009921,0.990079,0.016021,0.983979
instructions,1720-1730,1760-1770,0.387947,0.612053,202,423,5682,0.011645,0.988355,0.014932,0.985068
dépouilles,1700-1710,1730-1740,0.387803,0.612197,76,435,5678,0.021784,0.978216,0.020088,0.979912
dispositions,1700-1710,1789-1802,0.387454,0.612546,455,5531,5709,0.033799,0.966201,0.041643,0.958357
prenne,1720-1730,1750-1760,0.387093,0.612907,375,729,5705,0.015745,0.984255,0.022487,0.977513
attire,1700-1710,1780-1789,0.387041,0.612959,201,943,5701,0.014749,0.985251,0.019215,0.980785
horreurs,1700-1710,1789-1802,0.38699,0.61301,88,1779,5693,0.033352,0.966648,0.028065,0.971935
délicatesse,1710-1720,1770-1780,0.386618,0.613382,307,1096,5698,0.016619,0.983381,0.018045,0.981955
nôtres,1700-1710,1740-1750,0.386611,0.613389,230,838,5694,0.02262,0.97738,0.023008,0.976992
ambition,1710-1720,1789-1802,0.38647,0.61353,297,1998,5710,0.01925,0.98075,0.01674,0.98326
invention,1700-1710,1789-1802,0.386458,0.613542,197,838,5707,0.014897,0.985103,0.021317,0.978683
simplicité,1700-1710,1780-1789,0.386336,0.613664,287,2059,5705,0.019826,0.980174,0.016418,0.983582
fautes,1700-1710,1789-1802,0.386216,0.613784,538,2976,5709,0.027766,0.972234,0.021237,0.978763
clt,1740-1750,1750-1760,0.385871,0.614129,751,329,5659,0.024742,0.975258,0.044073,0.955927
devons,1710-1720,1740-1750,0.385798,0.614202,859,1253,5711,0.018333,0.981667,0.022286,0.977714
beautés,1700-1710,1770-1780,0.385786,0.614214,104,1878,5698,0.017829,0.982171,0.019168,0.980832
bateaux,1710-1720,1780-1789,0.385422,0.614578,774,1488,5660,0.025746,0.974254,0.034737,0.965263
guérir,1710-1720,1780-1789,0.385262,0.614738,218,2127,5703,0.014561,0.985439,0.018072,0.981928
registre,1730-1740,1789-1802,0.385193,0.614807,419,1114,5682,0.025547,0.974453,0.024547,0.975453
ombre,1710-1720,1760-1770,0.384713,0.615287,309,713,5710,0.010261,0.989739,0.016681,0.983319
désir,1700-1710,1770-1780,0.384476,0.615524,266,1230,5689,0.025413,0.974587,0.023275,0.976725
abus,1710-1720,1789-1802,0.384461,0.615539,1050,5979,5705,0.016602,0.983398,0.025364,0.974636
immoler,1710-1720,1789-1802,0.384309,0.615691,73,374,5678,0.027225,0.972775,0.016043,0.983957
jaloux,1710-1720,1789-1802,0.383417,0.616583,604,2417,5705,0.008365,0.991635,0.018425,0.981575
huitième,1720-1730,1789-1802,0.383153,0.616847,243,1365,5697,0.026322,0.973678,0.037541,0.962459
forfaits,1710-1720,1789-1802,0.383127,0.616873,98,1735,5661,0.019133,0.980867,0.028334,0.971666
meurt,1700-1710,1730-1740,0.382922,0.617078,208,655,5695,0.014831,0.985169,0.024441,0.975559
ingratitude,1700-1710,1780-1789,0.38272,0.61728,71,311,5682,0.043079,0.956921,0.025261,0.974739
pièces,1710-1720,1789-1802,0.381908,0.618092,1029,8889,5712,0.012166,0.987834,0.027017,0.972983
vastes,1700-1710,1789-1802,0.381228,0.618772,95,1275,5693,0.022746,0.977254,0.021263,0.978737
roi,1710-1720,1780-1789,0.381213,0.618787,18676,72205,5721,0.045747,0.954253,0.043799,0.956201
obstacles,1700-1710,1789-1802,0.381127,0.618873,133,2268,5702,0.015151,0.984849,0.020051,0.979949
excès,1700-1710,1789-1802,0.380824,0.619176,288,3567,5713,0.02101,0.97899,0.02009,0.97991
légitime,1700-1710,1750-1760,0.380802,0.619198,251,1535,5701,0.010544,0.989456,0.0165,0.9835
charme,1720-1730,1789-1802,0.380772,0.619228,229,1851,5703,0.017825,0.982175,0.027879,0.972121
différent,1710-1720,1789-1802,0.380648,0.619352,228,1587,5707,0.010485,0.989515,0.020871,0.979129
atteindre,1700-1710,1789-1802,0.380465,0.619535,88,1541,5699,0.017583,0.982417,0.027944,0.972056
injures,1700-1710,1760-1770,0.380048,0.619952,233,899,5702,0.023136,0.976864,0.024162,0.975838
concernant,1700-1710,1789-1802,0.379964,0.620036,413,2365,5701,0.02333,0.97667,0.038234,0.961766
dangereuses,1700-1710,1760-1770,0.379887,0.620113,134,556,5690,0.019208,0.980792,0.020142,0.979858
épreuve,1700-1710,1770-1780,0.379801,0.620199,84,780,5700,0.013906,0.986094,0.020243,0.979757
protection,1700-1710,1789-1802,0.379357,0.620643,402,2483,5713,0.015304,0.984696,0.020854,0.979146
riant,1700-1710,1710-1720,0.379193,0.620807,213,341,5690,0.019308,0.980692,0.019868,0.980132
ensuite,1730-1740,1750-1760,0.37875,0.62125,7296,8883,5716,0.008593,0.991407,0.015671,0.984329
déclaration,1720-1730,1789-1802,0.378464,0.621536,1511,5071,5699,0.018328,0.981672,0.027335,0.972665
alors,1700-1710,1770-1780,0.378317,0.621683,5208,32451,5717,0.008287,0.991713,0.018253,0.981747
prudence,1700-1710,1770-1780,0.377823,0.622177,776,3185,5709,0.017025,0.982975,0.017756,0.982244
faiblesse,1710-1720,1789-1802,0.377704,0.622296,468,1664,5595,0.0256,0.9744,0.023501,0.976499
comprend,1710-1720,1720-1730,0.377544,0.622456,395,557,5707,0.012165,0.987835,0.024481,0.975519
ouverture,1710-1720,1789-1802,0.377468,0.622532,379,787,5706,0.014972,0.985028,0.0229,0.9771
rendus,1710-1720,1789-1802,0.377209,0.622791,1016,3730,5707,0.027924,0.972076,0.030032,0.969968
imprimer,1720-1730,1789-1802,0.376652,0.623348,426,1300,5704,0.021875,0.978125,0.03765,0.96235
spectacle,1710-1720,1789-1802,0.376551,0.623449,404,2941,5704,0.009927,0.990073,0.018238,0.981762
changemens,1710-1720,1780-1789,0.37645,0.62355,292,2004,5693,0.036462,0.963538,0.021123,0.978877
ccux,1730-1740,1780-1789,0.375747,0.624253,210,720,5388,0.019872,0.980128,0.055393,0.944607
nombres,1730-1740,1760-1770,0.375702,0.624298,231,1204,5677,0.032525,0.967475,0.029757,0.970243
bonté,1700-1710,1740-1750,0.375468,0.624532,1425,2749,5715,0.01822,0.98178,0.022615,0.977385
vapeurs,1710-1720,1780-1789,0.37539,0.62461,159,1882,5685,0.020043,0.979957,0.025133,0.974867
tyrans,1700-1710,1770-1780,0.375298,0.624702,128,2169,5691,0.035274,0.964726,0.024386,0.975614
blessé,1700-1710,1710-1720,0.375184,0.624816,164,199,5675,0.013273,0.986727,0.019977,0.980023
foule,1700-1710,1789-1802,0.375025,0.624975,462,6256,5714,0.037248,0.962752,0.055481,0.944519
chere,1710-1720,1789-1802,0.37494,0.62506,561,1274,5692,0.04245,0.95755,0.043571,0.956429
lettres,1710-1720,1789-1802,0.374633,0.625367,8382,15581,5720,0.033453,0.966547,0.035835,0.964165
témoins,1710-1720,1789-1802,0.374381,0.625619,786,3146,5703,0.008217,0.991783,0.017508,0.982492
mien,1700-1710,1789-1802,0.374375,0.625625,437,1730,5695,0.018976,0.981024,0.02772,0.97228
vanter,1710-1720,1789-1802,0.374364,0.625636,248,641,5692,0.022347,0.977653,0.01743,0.98257
siècles,1700-1710,1710-1720,0.37404,0.62596,93,207,5692,0.029576,0.970424,0.03088,0.96912
céder,1700-1710,1740-1750,0.374016,0.625984,192,730,5699,0.012184,0.987816,0.019421,0.980579
flatter,1700-1710,1789-1802,0.373861,0.626139,224,1657,5710,0.031244,0.968756,0.02297,0.97703
ravir,1700-1710,1720-1730,0.3738,0.6262,113,101,5683,0.011916,0.988084,0.020358,0.979642
utilité,1710-1720,1789-1802,0.373709,0.626291,589,2110,5712,0.020314,0.979686,0.025804,0.974196
forte,1710-1720,1789-1802,0.373324,0.626676,6045,11589,5717,0.018034,0.981966,0.047469,0.952531
bataillons,1710-1720,1720-1730,0.373208,0.626792,160,368,5643,0.050865,0.949135,0.02436,0.97564
craintes,1710-1720,1789-1802,0.373119,0.626881,121,1803,5683,0.01684,0.98316,0.019156,0.980844
propriétaires,1730-1740,1760-1770,0.37283,0.62717,213,4516,5675,0.020154,0.979846,0.023439,0.976561
desdites,1710-1720,1720-1730,0.372731,0.627269,2945,1514,5664,0.045124,0.954876,0.03368,0.96632
âgé,1720-1730,1789-1802,0.37256,0.62744,306,2035,5697,0.039877,0.960123,0.042998,0.957002
ôte,1700-1710,1740-1750,0.372486,0.627514,294,296,5694,0.025432,0.974568,0.028749,0.971251
pleines,1700-1710,1780-1789,0.372097,0.627903,258,997,5700,0.015699,0.984301,0.023966,0.976034
augmentation,1710-1720,1730-1740,0.371803,0.628197,458,613,5685,0.016759,0.983241,0.028031,0.971969
mienne,1700-1710,1710-1720,0.371567,0.628433,371,398,5693,0.01869,0.98131,0.025402,0.974598
loi,1710-1720,1789-1802,0.371429,0.628571,2643,38885,5719,0.030437,0.969563,0.029803,0.970197
exception,1700-1710,1770-1780,0.370898,0.629102,399,1342,5714,0.026677,0.973323,0.038938,0.961062
pension,1710-1720,1789-1802,0.370896,0.629104,384,3153,5685,0.021551,0.978449,0.033822,0.966178
substance,1710-1720,1789-1802,0.370049,0.629951,208,1494,5689,0.015511,0.984489,0.01827,0.98173
aimables,1700-1710,1730-1740,0.369529,0.630471,95,296,5686,0.019784,0.980216,0.02242,0.97758
suivie,1700-1710,1789-1802,0.369528,0.630472,296,1916,5712,0.011245,0.988755,0.022079,0.977921
reproche,1700-1710,1789-1802,0.369463,0.630537,363,3051,5713,0.016279,0.983721,0.0158,0.9842
défauts,1700-1710,1789-1802,0.369455,0.630545,460,1961,5707,0.02716,0.97284,0.021036,0.978964
oiseaux,1710-1720,1750-1760,0.369358,0.630642,1389,1019,5695,0.016395,0.983605,0.021427,0.978573
honte,1700-1710,1789-1802,0.369348,0.630652,791,3225,5711,0.017381,0.982619,0.019426,0.980574
habileté,1710-1720,1789-1802,0.368976,0.631024,121,317,5689,0.039798,0.960202,0.018596,0.981404
diverses,1700-1710,1710-1720,0.368737,0.631263,848,1076,5710,0.010977,0.989023,0.022814,0.977186
romains,1730-1740,1789-1802,0.368652,0.631348,11039,5142,5715,0.046987,0.953013,0.040294,0.959706
étrange,1710-1720,1789-1802,0.368555,0.631445,538,1747,5705,0.011446,0.988554,0.018565,0.981435
vénération,1700-1710,1789-1802,0.368323,0.631677,109,652,5689,0.043555,0.956445,0.020011,0.979989
aura,1700-1710,1720-1730,0.368227,0.631773,3641,3942,5716,0.015075,0.984925,0.021046,0.978954
branches,1700-1710,1720-1730,0.368109,0.631891,1781,1065,5704,0.051695,0.948305,0.041251,0.958749
injustice,1700-1710,1789-1802,0.36796,0.63204,214,1491,5701,0.033949,0.966051,0.021553,0.978447
eit,1700-1710,1710-1720,0.367926,0.632074,1024,967,5703,0.024225,0.975775,0.042108,0.957892
fît,1700-1710,1750-1760,0.367697,0.632303,286,821,5696,0.048585,0.951415,0.044902,0.955098
plaine,1710-1720,1789-1802,0.367414,0.632586,347,2762,5690,0.015273,0.984727,0.02478,0.97522
fervent,1730-1740,1789-1802,0.367398,0.632602,1083,1495,5694,0.006774,0.993226,0.018934,0.981066
sexe,1710-1720,1789-1802,0.367082,0.632918,400,2448,5710,0.011888,0.988112,0.021663,0.978337
coule,1710-1720,1780-1789,0.366631,0.633369,257,1411,5694,0.014759,0.985241,0.018766,0.981234
autel,1700-1710,1789-1802,0.366232,0.633768,109,654,5700,0.029325,0.970675,0.029556,0.970444
espèces,1700-1710,1770-1780,0.366136,0.633864,847,3039,5696,0.039737,0.960263,0.045044,0.954956
sacrifier,1710-1720,1780-1789,0.366109,0.633891,290,1495,5701,0.010901,0.989099,0.014855,0.985145
fierté,1700-1710,1770-1780,0.365564,0.634436,194,1114,5691,0.02355,0.97645,0.016086,0.983914
succès,1700-1710,1780-1789,0.365391,0.634609,742,12291,5715,0.018677,0.981323,0.026329,0.973671
trésors,1700-1710,1789-1802,0.365265,0.634735,98,1108,5682,0.016141,0.983859,0.019349,0.980651
exciter,1700-1710,1789-1802,0.365147,0.634853,250,1631,5708,0.030317,0.969683,0.023555,0.976445
impressions,1700-1710,1770-1780,0.364979,0.635021,144,912,5694,0.017763,0.982237,0.02194,0.97806
frappe,1700-1710,1789-1802,0.36465,0.63535,161,1592,5704,0.008831,0.991169,0.016026,0.983974
pourrions,1710-1720,1720-1730,0.364303,0.635697,125,183,5680,0.014156,0.985844,0.026218,0.973782
établis,1700-1710,1789-1802,0.36424,0.63576,316,2708,5703,0.013065,0.986935,0.022015,0.977985
voyoit,1700-1710,1720-1730,0.364176,0.635824,709,688,5701,0.027514,0.972486,0.020821,0.979179
perd,1700-1710,1780-1789,0.364154,0.635846,636,2989,5711,0.012608,0.987392,0.022276,0.977724
diminution,1740-1750,1770-1780,0.363645,0.636355,788,1816,5700,0.025362,0.974638,0.019768,0.980232
guerres,1710-1720,1789-1802,0.363536,0.636464,972,3409,5699,0.021068,0.978932,0.02096,0.97904
respire,1710-1720,1770-1780,0.363454,0.636546,147,918,5693,0.009215,0.990785,0.0152,0.9848
remarquable,1700-1710,1789-1802,0.363439,0.636561,231,1945,5712,0.021757,0.978243,0.02285,0.97715
fonds,1710-1720,1789-1802,0.362306,0.637694,1953,14416,5713,0.025157,0.974843,0.026415,0.973585
traduction,1710-1720,1789-1802,0.361364,0.638636,718,1010,5705,0.023421,0.976579,0.028165,0.971835
tâcher,1710-1720,1770-1780,0.361261,0.638739,331,936,5690,0.02958,0.97042,0.019756,0.980244
essentielle,1700-1710,1789-1802,0.361249,0.638751,122,1122,5695,0.01803,0.98197,0.027835,0.972165
inspire,1700-1710,1789-1802,0.360348,0.639652,177,1117,5706,0.023658,0.976342,0.028859,0.971141
els,1700-1710,1740-1750,0.359814,0.640186,458,1592,5645,0.023355,0.976645,0.054761,0.945239
renoncer,1700-1710,1789-1802,0.359584,0.640416,351,2230,5706,0.021267,0.978733,0.024011,0.975989
conduits,1710-1720,1770-1780,0.359284,0.640716,319,1126,5693,0.018233,0.981767,0.022221,0.977779
efi,1700-1710,1720-1730,0.358948,0.641052,1089,1120,5699,0.016737,0.983263,0.044221,0.955779
donnoient,1700-1710,1720-1730,0.358382,0.641618,244,437,5695,0.024726,0.975274,0.022268,0.977732
complices,1700-1710,1770-1780,0.35836,0.64164,127,727,5676,0.014444,0.985556,0.022876,0.977124
époux,1740-1750,1770-1780,0.358237,0.641763,1239,3700,5701,0.011948,0.988052,0.015501,0.984499
scène,1720-1730,1789-1802,0.358094,0.641906,1675,6590,5699,0.017767,0.982233,0.047545,0.952455
quot,1700-1710,1789-1802,0.357517,0.642483,152,66,5705,0.028182,0.971818,0.077648,0.922352
conquête,1700-1710,1750-1760,0.357297,0.642703,232,1326,5690,0.014969,0.985031,0.018795,0.981205
choisis,1700-1710,1789-1802,0.357246,0.642754,235,1635,5700,0.023272,0.976728,0.026433,0.973567
prépare,1710-1720,1750-1760,0.35721,0.64279,235,646,5707,0.007739,0.992261,0.014273,0.985727
étoffes,1730-1740,1770-1780,0.357014,0.642986,476,2016,5678,0.044441,0.955559,0.025532,0.974468
entreprises,1710-1720,1780-1789,0.356966,0.643034,567,2192,5696,0.013542,0.986458,0.020909,0.979091
offres,1710-1720,1789-1802,0.356859,0.643141,476,836,5696,0.016581,0.983419,0.025714,0.974286
ordonnances,1710-1720,1789-1802,0.35652,0.64348,3364,1680,5689,0.036614,0.963386,0.032962,0.967038
souffre,1700-1710,1730-1740,0.356182,0.643818,355,739,5703,0.018019,0.981981,0.019988,0.980012
sensibles,1710-1720,1770-1780,0.355857,0.644143,238,2160,5710,0.014957,0.985043,0.026321,0.973679
description,1710-1720,1760-1770,0.35581,0.64419,1213,3432,5713,0.023069,0.976931,0.044977,0.955023
réflexion,1700-1710,1770-1780,0.355425,0.644575,410,2891,5711,0.017665,0.982335,0.028088,0.971912
eussent,1710-1720,1740-1750,0.354566,0.645434,766,1280,5711,0.03466,0.96534,0.031307,0.968693
nourrit,1700-1710,1789-1802,0.354514,0.645486,185,901,5693,0.014344,0.985656,0.018681,0.981319
tremble,1710-1720,1780-1789,0.354435,0.645565,204,936,5679,0.008818,0.991182,0.014785,0.985215
détruire,1700-1710,1789-1802,0.354232,0.645768,580,5100,5712,0.01459,0.98541,0.022413,0.977587
intitulé,1730-1740,1789-1802,0.354128,0.645872,365,1190,5703,0.011708,0.988292,0.028541,0.971459
foibles,1720-1730,1789-1802,0.353763,0.646237,564,2009,5700,0.019053,0.980947,0.016788,0.983212
présentes,1710-1720,1789-1802,0.35325,0.64675,438,1176,5690,0.038558,0.961442,0.030156,0.969844
propositions,1700-1710,1740-1750,0.352927,0.647073,545,1161,5691,0.017758,0.982242,0.033632,0.966368
action,1710-1720,1789-1802,0.352616,0.647384,1023,3488,5716,0.014347,0.985653,0.028488,0.971512
répandu,1720-1730,1789-1802,0.352606,0.647394,305,1301,5703,0.014897,0.985103,0.021077,0.978923
difficulté,1740-1750,1789-1802,0.352545,0.647455,2845,3004,5712,0.019923,0.980077,0.03765,0.96235
dépense,1730-1740,1789-1802,0.352347,0.647653,986,6149,5699,0.023737,0.976263,0.023016,0.976984
grace,1710-1720,1789-1802,0.352252,0.647748,3802,4727,5712,0.05438,0.94562,0.103588,0.896412
vole,1700-1710,1770-1780,0.352068,0.647932,140,1157,5693,0.013265,0.986735,0.022374,0.977626
attaqué,1710-1720,1789-1802,0.351743,0.648257,231,1230,5695,0.012463,0.987537,0.019293,0.980707
ose,1700-1710,1770-1780,0.35162,0.64838,274,1617,5713,0.018822,0.981178,0.024274,0.975726
conserve,1710-1720,1789-1802,0.35146,0.64854,487,2168,5709,0.010781,0.989219,0.01948,0.98052
preuves,1710-1720,1720-1730,0.35109,0.64891,1142,1465,5711,0.014707,0.985293,0.021556,0.978444
placé,1700-1710,1710-1720,0.351076,0.648924,212,720,5714,0.016459,0.983541,0.021223,0.978777
violences,1720-1730,1789-1802,0.35077,0.64923,219,772,5677,0.023433,0.976567,0.021459,0.978541
accidens,1700-1710,1770-1780,0.350549,0.649451,211,1243,5684,0.018686,0.981314,0.019302,0.980698
lcs,1730-1740,1760-1770,0.350462,0.649538,1212,2861,5683,0.013877,0.986123,0.033986,0.966014
regles,1700-1710,1789-1802,0.349902,0.650098,690,719,5679,0.021899,0.978101,0.028572,0.971428
cavaliers,1700-1710,1730-1740,0.349818,0.650182,184,1154,5679,0.036166,0.963834,0.03054,0.96946
image,1720-1730,1780-1789,0.349368,0.650632,506,1835,5710,0.020001,0.979999,0.05372,0.94628
sceptre,1710-1720,1789-1802,0.348456,0.651544,198,905,5692,0.040325,0.959675,0.022246,0.977754
agitation,1700-1710,1789-1802,0.348408,0.651592,126,548,5697,0.037598,0.962402,0.024908,0.975092
agité,1720-1730,1789-1802,0.348119,0.651881,147,733,5698,0.014024,0.985976,0.017166,0.982834
obéir,1700-1710,1780-1789,0.348101,0.651899,241,1423,5698,0.047351,0.952649,0.017675,0.982325
chante,1700-1710,1789-1802,0.347801,0.652199,258,750,5695,0.007047,0.992953,0.014726,0.985274
étre,1700-1710,1770-1780,0.347694,0.652306,530,2174,5692,0.040338,0.959662,0.026341,0.973659
ctre,1710-1720,1720-1730,0.347441,0.652559,325,548,5674,0.020871,0.979129,0.060509,0.939491
expression,1700-1710,1760-1770,0.347088,0.652912,270,1444,5711,0.013598,0.986402,0.01952,0.98048
voyages,1740-1750,1789-1802,0.346944,0.653056,2329,2050,5713,0.013065,0.986935,0.018505,0.981495
devenus,1720-1730,1789-1802,0.346883,0.653117,315,1992,5699,0.015037,0.984963,0.022379,0.977621
regne,1710-1720,1789-1802,0.346495,0.653505,1789,2238,5695,0.043301,0.956699,0.057576,0.942424
climats,1710-1720,1770-1780,0.346399,0.653601,263,1943,5684,0.022945,0.977055,0.023877,0.976123
vas,1700-1710,1750-1760,0.346079,0.653921,346,481,5699,0.011158,0.988842,0.026644,0.973356
plaintes,1700-1710,1789-1802,0.345564,0.654436,533,2566,5705,0.017598,0.982402,0.021921,0.978079
voulait,1730-1740,1740-1750,0.345411,0.654589,357,213,5656,0.018528,0.981472,0.015225,0.984775
denrées,1710-1720,1730-1740,0.345377,0.654623,1358,1579,5676,0.029954,0.970046,0.027385,0.972615
conforme,1700-1710,1789-1802,0.345341,0.654659,443,2381,5710,0.027566,0.972434,0.024054,0.975946
blanche,1720-1730,1789-1802,0.34508,0.65492,950,2271,5703,0.017722,0.982278,0.02124,0.97876
inutiles,1710-1720,1750-1760,0.345017,0.654983,712,1759,5711,0.010953,0.989047,0.016178,0.983822
prétentions,1700-1710,1789-1802,0.34454,0.65546,266,1954,5690,0.029232,0.970768,0.028827,0.971173
cruelles,1700-1710,1789-1802,0.343916,0.656084,153,854,5694,0.031454,0.968546,0.022152,0.977848
linge,1710-1720,1730-1740,0.34369,0.65631,444,341,5677,0.024627,0.975373,0.035378,0.964622
augmente,1700-1710,1760-1770,0.343016,0.656984,262,2167,5709,0.022678,0.977322,0.016757,0.983243
tradition,1700-1710,1789-1802,0.342895,0.657105,418,609,5695,0.021458,0.978542,0.027874,0.972126
manières,1720-1730,1760-1770,0.342784,0.657216,276,753,5700,0.037698,0.962302,0.03787,0.96213
philosophe,1710-1720,1760-1770,0.3422,0.6578,506,2665,5709,0.010645,0.989355,0.014902,0.985098
oser,1720-1730,1789-1802,0.341849,0.658151,168,801,5696,0.012414,0.987586,0.025054,0.974946
ics,1730-1740,1780-1789,0.341789,0.658211,975,4649,5681,0.014894,0.985106,0.046049,0.953951
redoutables,1700-1710,1770-1780,0.341409,0.658591,89,807,5684,0.023259,0.976741,0.022013,0.977987
reçus,1720-1730,1789-1802,0.341075,0.658925,534,2127,5707,0.012241,0.987759,0.025425,0.974575
opinion,1710-1720,1789-1802,0.340953,0.659047,1227,6243,5716,0.02736,0.97264,0.040927,0.959073
faisoient,1700-1710,1720-1730,0.340513,0.659487,1066,2164,5702,0.025215,0.974785,0.018784,0.981216
peint,1700-1710,1789-1802,0.340445,0.659555,463,1934,5709,0.013284,0.986716,0.027668,0.972332
renferme,1710-1720,1789-1802,0.340279,0.659721,401,2138,5713,0.013775,0.986225,0.019983,0.980017
frère,1710-1720,1750-1760,0.340237,0.659763,1910,3633,5699,0.024891,0.975109,0.028544,0.971456
lié,1700-1710,1789-1802,0.340158,0.659842,257,1400,5697,0.011466,0.988534,0.020039,0.979961
lecteur,1730-1740,1789-1802,0.339969,0.660031,861,1807,5704,0.028546,0.971454,0.02815,0.97185
commode,1710-1720,1789-1802,0.338588,0.661412,429,1212,5700,0.012522,0.987478,0.017555,0.982445
copie,1720-1730,1789-1802,0.338504,0.661496,801,2448,5709,0.017577,0.982423,0.02229,0.97771
malgré,1700-1710,1789-1802,0.338456,0.661544,1502,11079,5716,0.012976,0.987024,0.022151,0.977849
peuple,1700-1710,1789-1802,0.33845,0.66155,3719,47033,5715,0.032711,0.967289,0.045188,0.954812
modestie,1700-1710,1750-1760,0.338314,0.661686,270,806,5696,0.014256,0.985744,0.015433,0.984567
connus,1700-1710,1740-1750,0.338187,0.661813,279,864,5710,0.009204,0.990796,0.017837,0.982163
puissante,1720-1730,1760-1770,0.337876,0.662124,262,605,5691,0.017637,0.982363,0.026677,0.973323
doigts,1710-1720,1789-1802,0.337482,0.662518,536,797,5692,0.032649,0.967351,0.060916,0.939084
blesser,1720-1730,1760-1770,0.337414,0.662586,124,389,5687,0.018324,0.981676,0.021551,0.978449
éloquence,1700-1710,1789-1802,0.337324,0.662676,119,1222,5709,0.052244,0.947756,0.02036,0.97964
organes,1710-1720,1789-1802,0.337177,0.662823,103,1055,5682,0.018316,0.981684,0.022007,0.977993
peau,1710-1720,1760-1770,0.336872,0.663128,1046,3473,5700,0.014256,0.985744,0.02211,0.97789
munitions,1710-1720,1770-1780,0.336508,0.663492,172,819,5655,0.015699,0.984301,0.021353,0.978647
soutenir,1710-1720,1750-1760,0.336451,0.663549,1495,3694,5715,0.01115,0.98885,0.014234,0.985766
chanter,1710-1720,1770-1780,0.335767,0.664233,423,1248,5693,0.008423,0.991577,0.016287,0.983713
lecteurs,1700-1710,1789-1802,0.334405,0.665595,94,1339,5699,0.022682,0.977318,0.028758,0.971242
zele,1710-1720,1789-1802,0.334238,0.665762,572,1298,5688,0.018912,0.981088,0.020527,0.979473
cache,1710-1720,1720-1730,0.334133,0.665867,336,267,5700,0.007607,0.992393,0.013877,0.986123
hom,1710-1720,1789-1802,0.33405,0.66595,477,1297,5696,0.014583,0.985417,0.024649,0.975351
répand,1700-1710,1770-1780,0.333632,0.666368,209,1738,5706,0.015921,0.984079,0.022814,0.977186
pays,1710-1720,1730-1740,0.333482,0.666518,4627,9486,5717,0.017542,0.982458,0.024901,0.975099
privilèges,1700-1710,1789-1802,0.333271,0.666729,244,1667,5680,0.019149,0.980851,0.034581,0.965419
diminuer,1720-1730,1789-1802,0.333182,0.666818,551,2574,5704,0.021589,0.978411,0.02073,0.97927
richesses,1700-1710,1789-1802,0.332963,0.667037,547,4881,5708,0.024746,0.975254,0.02438,0.97562
tromper,1700-1710,1789-1802,0.332653,0.667347,647,2515,5711,0.013418,0.986582,0.019216,0.980784
jouit,1700-1710,1789-1802,0.332061,0.667939,169,2131,5703,0.0198,0.9802,0.023495,0.976505
braves,1720-1730,1789-1802,0.33199,0.66801,470,1556,5688,0.034564,0.965436,0.03007,0.96993
france,1720-1730,1789-1802,0.33198,0.66802,13169,61634,5721,0.038203,0.961797,0.059427,0.940573
revenus,1710-1720,1789-1802,0.331882,0.668118,1035,7255,5697,0.02361,0.97639,0.026274,0.973726
menaces,1700-1710,1789-1802,0.331229,0.668771,217,1471,5689,0.012453,0.987547,0.016579,0.983421
corps,1720-1730,1789-1802,0.331162,0.668838,12582,35953,5721,0.025581,0.974419,0.044518,0.955482
juges,1710-1720,1780-1789,0.330822,0.669178,2742,7409,5709,0.020463,0.979537,0.028508,0.971492
admis,1700-1710,1760-1770,0.329811,0.670189,190,1209,5701,0.01226,0.98774,0.017506,0.982494
sûr,1700-1710,1789-1802,0.329594,0.670406,449,3705,5707,0.022548,0.977452,0.023418,0.976582
empereur,1710-1720,1750-1760,0.329547,0.670453,486,1718,5707,0.03627,0.96373,0.036556,0.963444
opposer,1700-1710,1789-1802,0.329511,0.670489,242,1780,5702,0.023628,0.976372,0.032512,0.967488
dignité,1740-1750,1789-1802,0.329443,0.670557,1673,3768,5711,0.017576,0.982424,0.017429,0.982571
accompagné,1710-1720,1770-1780,0.32919,0.67081,468,1199,5706,0.016937,0.983063,0.021917,0.978083
ouvriers,1700-1710,1750-1760,0.329147,0.670853,915,1792,5696,0.014233,0.985767,0.018402,0.981598
daignez,1700-1710,1789-1802,0.32843,0.67157,73,746,5678,0.024636,0.975364,0.030682,0.969318
seigneurs,1720-1730,1760-1770,0.328406,0.671594,2584,3756,5702,0.026555,0.973445,0.033912,0.966088
ambassadeur,1730-1740,1789-1802,0.328373,0.671627,403,637,5682,0.02431,0.97569,0.016778,0.983222
payement,1720-1730,1789-1802,0.327752,0.672248,1278,2219,5678,0.045303,0.954697,0.026291,0.973709
fortune,1710-1720,1789-1802,0.327425,0.672575,2200,11022,5714,0.023673,0.976327,0.030849,0.969151
sagesse,1730-1740,1789-1802,0.326934,0.673066,1764,5115,5709,0.023626,0.976374,0.019285,0.980715
remords,1700-1710,1780-1789,0.326219,0.673781,124,1790,5689,0.034632,0.965368,0.019974,0.980026
contraires,1710-1720,1789-1802,0.326193,0.673807,1014,2113,5703,0.074313,0.925687,0.048401,0.951599
agit,1710-1720,1789-1802,0.326007,0.673993,383,1326,5714,0.040315,0.959685,0.034677,0.965323
justice,1710-1720,1789-1802,0.325639,0.674361,3799,15846,5716,0.020698,0.979302,0.025585,0.974415
conformément,1730-1740,1789-1802,0.32551,0.67449,1186,2043,5708,0.01914,0.98086,0.032557,0.967443
espèce,1710-1720,1720-1730,0.325275,0.674725,1006,990,5711,0.013027,0.986973,0.026616,0.973384
domination,1700-1710,1770-1780,0.325257,0.674743,268,1859,5689,0.018402,0.981598,0.025449,0.974551
conduite,1710-1720,1770-1780,0.325238,0.674762,2994,10977,5716,0.01146,0.98854,0.020757,0.979243
vaisseau,1710-1720,1720-1730,0.32507,0.67493,1857,1415,5708,0.018403,0.981597,0.020689,0.979311
attirer,1700-1710,1730-1740,0.32482,0.67518,255,538,5710,0.01646,0.98354,0.017344,0.982656
poursuites,1710-1720,1780-1789,0.324601,0.675399,231,600,5673,0.023464,0.976536,0.031448,0.968552
observations,1720-1730,1740-1750,0.323822,0.676178,830,2828,5719,0.01173,0.98827,0.019948,0.980052
once,1720-1730,1760-1770,0.323413,0.676587,361,2189,5681,0.043695,0.956305,0.038959,0.961041
instances,1720-1730,1789-1802,0.322581,0.677419,144,759,5671,0.017619,0.982381,0.022485,0.977515
préjudice,1710-1720,1789-1802,0.322499,0.677501,1704,1392,5693,0.031763,0.968237,0.030762,0.969238
peines,1710-1720,1770-1780,0.322457,0.677543,2099,4530,5711,0.044609,0.955391,0.046247,0.953753
attaquer,1710-1720,1789-1802,0.322328,0.677672,273,1819,5708,0.009581,0.990419,0.014848,0.985152
couverts,1700-1710,1770-1780,0.322244,0.677756,257,1471,5702,0.019951,0.980049,0.026574,0.973426
matiere,1710-1720,1760-1770,0.322024,0.677976,1964,6820,5692,0.028067,0.971933,0.036177,0.963823
trouble,1710-1720,1789-1802,0.321926,0.678074,859,3006,5713,0.014279,0.985721,0.015999,0.984001
punis,1700-1710,1770-1780,0.321924,0.678076,147,897,5695,0.019745,0.980255,0.023775,0.976225
engager,1700-1710,1730-1740,0.321901,0.678099,337,865,5707,0.020926,0.979074,0.02344,0.97656
province,1710-1720,1730-1740,0.321801,0.678199,1896,5865,5713,0.017158,0.982842,0.025956,0.974044
puissance,1700-1710,1780-1789,0.3217,0.6783,1233,8289,5712,0.016589,0.983411,0.023062,0.976938
mesures,1710-1720,1789-1802,0.321463,0.678537,1154,6584,5695,0.019778,0.980222,0.026563,0.973437
bientôt,1710-1720,1730-1740,0.321098,0.678902,1639,4002,5716,0.011387,0.988613,0.014768,0.985232
objections,1710-1720,1789-1802,0.321068,0.678932,210,870,5699,0.02978,0.97022,0.020643,0.979357
maintenir,1710-1720,1789-1802,0.320965,0.679035,804,3882,5691,0.02171,0.97829,0.023354,0.976646
moyens,1710-1720,1760-1770,0.320859,0.679141,2126,10689,5717,0.0183,0.9817,0.024353,0.975647
négocians,1710-1720,1789-1802,0.320833,0.679167,811,2398,5661,0.028158,0.971842,0.029706,0.970294
conseil,1710-1720,1789-1802,0.320543,0.679457,8532,15331,5717,0.027282,0.972718,0.04869,0.95131
soupçons,1700-1710,1789-1802,0.320402,0.679598,214,1136,5693,0.025688,0.974312,0.020322,0.979678
pauvres,1720-1730,1750-1760,0.32032,0.67968,2519,3165,5714,0.026796,0.973204,0.025936,0.974064
grâce,1720-1730,1760-1770,0.320291,0.679709,1219,1862,5705,0.033184,0.966816,0.039117,0.960883
peine,1710-1720,1789-1802,0.320275,0.679725,11440,20779,5717,0.084936,0.915064,0.091339,0.908661
impression,1700-1710,1780-1789,0.319717,0.680283,275,1105,5713,0.012883,0.987117,0.032209,0.967791
victoires,1710-1720,1730-1740,0.319397,0.680603,177,556,5677,0.024828,0.975172,0.020258,0.979742
fonctions,1710-1720,1789-1802,0.319289,0.680711,664,4146,5697,0.018633,0.981367,0.024838,0.975162
réussir,1700-1710,1780-1789,0.31923,0.68077,255,1251,5701,0.013611,0.986389,0.02093,0.97907
joli,1700-1710,1780-1789,0.318728,0.681272,152,1218,5684,0.009617,0.990383,0.020209,0.979791
réflexions,1700-1710,1789-1802,0.318192,0.681808,425,4311,5714,0.01739,0.98261,0.026473,0.973527
profit,1710-1720,1789-1802,0.317901,0.682099,2953,5101,5710,0.025564,0.974436,0.038462,0.961538
ordonné,1710-1720,1789-1802,0.317824,0.682176,3553,2825,5705,0.03497,0.96503,0.043653,0.956347
valets,1720-1730,1789-1802,0.317275,0.682725,369,875,5687,0.026741,0.973259,0.02448,0.97552
prévenir,1700-1710,1789-1802,0.317215,0.682785,426,4610,5709,0.012976,0.987024,0.02335,0.97665
superbes,1720-1730,1789-1802,0.317139,0.682861,154,835,5684,0.015359,0.984641,0.020528,0.979472
prisonnier,1710-1720,1750-1760,0.317126,0.682874,326,792,5691,0.010844,0.989156,0.014918,0.985082
délicate,1720-1730,1780-1789,0.316115,0.683885,243,1152,5695,0.012662,0.987338,0.015428,0.984572
voici,1700-1710,1770-1780,0.31588,0.68412,2564,10544,5716,0.008609,0.991391,0.016107,0.983893
diminué,1720-1730,1760-1770,0.315814,0.684186,226,1158,5676,0.015811,0.984189,0.020721,0.979279
jardins,1700-1710,1720-1730,0.315721,0.684279,807,514,5696,0.01481,0.98519,0.024162,0.975838
menace,1720-1730,1789-1802,0.315251,0.684749,261,1650,5701,0.00934,0.99066,0.013979,0.986021
jugemens,1720-1730,1760-1770,0.314962,0.685038,631,1296,5691,0.028245,0.971755,0.021281,0.978719
bienfaits,1700-1710,1770-1780,0.31495,0.68505,296,3030,5700,0.01496,0.98504,0.018546,0.981454
combat,1710-1720,1730-1740,0.314797,0.685203,1310,4294,5714,0.018142,0.981858,0.018717,0.981283
doucement,1710-1720,1789-1802,0.314791,0.685209,670,1080,5699,0.011628,0.988372,0.019829,0.980171
violente,1720-1730,1789-1802,0.314481,0.685519,296,1219,5706,0.017569,0.982431,0.02216,0.97784
paix,1710-1720,1789-1802,0.314344,0.685656,3559,20244,5715,0.020181,0.979819,0.021661,0.978339
envers,1720-1730,1789-1802,0.314248,0.685752,1230,6569,5705,0.014694,0.985306,0.027193,0.972807
arracher,1700-1710,1720-1730,0.314101,0.685899,238,199,5710,0.011429,0.988571,0.022833,0.977167
fureurs,1720-1730,1789-1802,0.313473,0.686527,187,1320,5696,0.02508,0.97492,0.031984,0.968016
dogmes,1710-1720,1760-1770,0.313353,0.686647,126,790,5660,0.02373,0.97627,0.021404,0.978596
sommeil,1720-1730,1780-1789,0.313095,0.686905,312,2772,5705,0.014577,0.985423,0.016652,0.983348
travail,1720-1730,1789-1802,0.31289,0.68711,2029,13148,5718,0.012041,0.987959,0.019294,0.980706
vivacité,1700-1710,1760-1770,0.312822,0.687178,224,1373,5706,0.014777,0.985223,0.020092,0.979908
dessus,1710-1720,1789-1802,0.312806,0.687194,7322,14248,5719,0.029718,0.970282,0.047479,0.952521
paraître,1700-1710,1750-1760,0.312227,0.687773,224,441,5685,0.013267,0.986733,0.020657,0.979343
tombeau,1720-1730,1789-1802,0.312202,0.687798,660,2255,5704,0.023478,0.976522,0.026768,0.973232
morceaux,1700-1710,1780-1789,0.311899,0.688101,366,2472,5702,0.031079,0.968921,0.054062,0.945938
biens,1710-1720,1789-1802,0.311882,0.688118,3745,19359,5710,0.033072,0.966928,0.037379,0.962621
autrefois,1720-1730,1730-1740,0.311728,0.688272,2586,2594,5710,0.012701,0.987299,0.019446,0.980554
plaire,1700-1710,1750-1760,0.311567,0.688433,883,2649,5712,0.020374,0.979626,0.019796,0.980204
fondées,1700-1710,1789-1802,0.311058,0.688942,129,995,5692,0.031689,0.968311,0.02795,0.97205
démarches,1720-1730,1789-1802,0.310452,0.689548,200,1330,5695,0.01671,0.98329,0.022659,0.977341
nul,1710-1720,1770-1780,0.310421,0.689579,1553,3417,5707,0.013968,0.986032,0.022258,0.977742
faits,1700-1710,1789-1802,0.310306,0.689694,2681,13606,5718,0.021121,0.978879,0.037925,0.962075
longues,1700-1710,1780-1789,0.310285,0.689715,567,3451,5706,0.037539,0.962461,0.02577,0.97423
condamné,1710-1720,1789-1802,0.310055,0.689945,907,2024,5706,0.025557,0.974443,0.027739,0.972261
volumes,1730-1740,1760-1770,0.309954,0.690046,768,891,5703,0.014798,0.985202,0.027044,0.972956
cesse,1700-1710,1789-1802,0.309895,0.690105,635,7927,5713,0.022439,0.977561,0.027308,0.972692
couper,1700-1710,1740-1750,0.309604,0.690396,745,1352,5697,0.019409,0.980591,0.024342,0.975658
nord,1740-1750,1750-1760,0.309539,0.690461,9356,3238,5702,0.039793,0.960207,0.050595,0.949405
raisonnemens,1700-1710,1770-1780,0.3093,0.6907,129,855,5682,0.035755,0.964245,0.021072,0.978928
passions,1700-1710,1789-1802,0.308659,0.691341,650,5363,5709,0.026001,0.973999,0.02605,0.97395
pouvions,1730-1740,1740-1750,0.308476,0.691524,183,283,5638,0.018444,0.981556,0.022989,0.977011
ordinairement,1700-1710,1789-1802,0.308298,0.691702,1838,3722,5713,0.030965,0.969035,0.020204,0.979796
soleil,1730-1740,1740-1750,0.308141,0.691859,3751,4251,5715,0.019904,0.980096,0.028604,0.971396
huile,1730-1740,1760-1770,0.307832,0.692168,545,1180,5695,0.015036,0.984964,0.022659,0.977341
maladies,1700-1710,1730-1740,0.307386,0.692614,1000,872,5699,0.021504,0.978496,0.026637,0.973363
douceur,1710-1720,1730-1740,0.306969,0.693031,882,1981,5709,0.017788,0.982212,0.01477,0.98523
témoignage,1720-1730,1740-1750,0.30668,0.69332,602,1737,5708,0.012774,0.987226,0.017081,0.982919
passion,1700-1710,1789-1802,0.306514,0.693486,1085,3427,5711,0.015211,0.984789,0.018627,0.981373
racines,1740-1750,1750-1760,0.306485,0.693515,865,2369,5688,0.029096,0.970904,0.023253,0.976747
créanciers,1710-1720,1789-1802,0.30644,0.69356,965,4301,5680,0.034873,0.965127,0.027683,0.972317
cérémonie,1710-1720,1740-1750,0.306439,0.693561,387,1227,5695,0.012414,0.987586,0.018883,0.981117
mouvement,1720-1730,1789-1802,0.306067,0.693933,2177,7421,5714,0.023675,0.976325,0.020592,0.979408
place,1730-1740,1760-1770,0.306066,0.693934,9696,14301,5720,0.014657,0.985343,0.023548,0.976452
couleurs,1720-1730,1789-1802,0.30605,0.69395,1258,2494,5713,0.02595,0.97405,0.02622,0.97378
adore,1720-1730,1730-1740,0.306033,0.693967,145,293,5679,0.014016,0.985984,0.018518,0.981482
particuliers,1710-1720,1789-1802,0.30583,0.69417,2923,7762,5714,0.015675,0.984325,0.027144,0.972856
diminue,1710-1720,1770-1780,0.305591,0.694409,214,1592,5696,0.022722,0.977278,0.017456,0.982544
questions,1700-1710,1789-1802,0.305498,0.694502,333,2883,5705,0.01801,0.98199,0.027125,0.972875
mange,1710-1720,1730-1740,0.304578,0.695422,725,274,5680,0.01452,0.98548,0.024363,0.975637
outre,1710-1720,1789-1802,0.304423,0.695577,3701,6291,5714,0.01042,0.98958,0.034693,0.965307
différentes,1710-1720,1760-1770,0.304127,0.695873,805,12807,5718,0.024464,0.975536,0.022549,0.977451
compte,1710-1720,1770-1780,0.304092,0.695908,4263,10822,5717,0.015207,0.984793,0.021511,0.978489
saison,1730-1740,1789-1802,0.303934,0.696066,307,1517,5680,0.02732,0.97268,0.020656,0.979344
eau,1730-1740,1740-1750,0.303798,0.696202,1864,1845,5715,0.015586,0.984414,0.02599,0.97401
tôt,1740-1750,1789-1802,0.303797,0.696203,6520,5012,5712,0.021889,0.978111,0.029066,0.970934
royaume,1730-1740,1789-1802,0.303358,0.696642,7292,16416,5712,0.024951,0.975049,0.036073,0.963927
magistrats,1700-1710,1789-1802,0.303312,0.696688,377,3444,5696,0.021116,0.978884,0.026206,0.973794
cft,1720-1730,1750-1760,0.303016,0.696984,3439,1294,5694,0.032162,0.967838,0.047728,0.952272
doctrine,1720-1730,1760-1770,0.302882,0.697118,587,1256,5698,0.02143,0.97857,0.02524,0.97476
trous,1710-1720,1760-1770,0.302572,0.697428,337,2090,5659,0.032898,0.967102,0.02498,0.97502
crimes,1710-1720,1789-1802,0.302454,0.697546,799,7338,5707,0.023114,0.976886,0.022088,0.977912
pouvoient,1710-1720,1720-1730,0.301959,0.698041,1183,1873,5706,0.044175,0.955825,0.024031,0.975969
cultiver,1700-1710,1770-1780,0.30192,0.69808,233,2148,5694,0.019391,0.980609,0.022585,0.977415
rendez,1710-1720,1740-1750,0.301766,0.698234,511,828,5698,0.008822,0.991178,0.017574,0.982426
combats,1700-1710,1750-1760,0.301575,0.698425,300,1346,5703,0.010379,0.989621,0.016533,0.983467
lauriers,1720-1730,1780-1789,0.300956,0.699044,120,763,5676,0.029062,0.970938,0.019844,0.980156
troupe,1710-1720,1789-1802,0.300671,0.699329,690,3159,5700,0.01792,0.98208,0.022802,0.977198
couché,1720-1730,1789-1802,0.300573,0.699427,273,581,5688,0.015105,0.984895,0.025013,0.974987
dépend,1710-1720,1789-1802,0.30051,0.69949,793,2456,5711,0.0155,0.9845,0.024578,0.975422
témoigner,1710-1720,1789-1802,0.300448,0.699552,274,851,5696,0.01797,0.98203,0.020741,0.979259
mêlé,1700-1710,1740-1750,0.300292,0.699708,253,483,5703,0.023242,0.976758,0.028066,0.971934
ressemble,1700-1710,1740-1750,0.300222,0.699778,157,983,5697,0.019325,0.980675,0.031813,0.968187
billet,1730-1740,1760-1770,0.300165,0.699835,887,1681,5689,0.01074,0.98926,0.015926,0.984074
mauvais,1720-1730,1789-1802,0.300164,0.699836,3006,7327,5715,0.018265,0.981735,0.017816,0.982184
secours,1740-1750,1789-1802,0.299941,0.700059,6018,11900,5716,0.023392,0.976608,0.0233,0.9767
écrites,1700-1710,1710-1720,0.299844,0.700156,197,193,5692,0.022587,0.977413,0.025269,0.974731
facilement,1730-1740,1760-1770,0.299838,0.700162,1027,2796,5711,0.016465,0.983535,0.017681,0.982319
résister,1720-1730,1789-1802,0.299605,0.700395,368,1585,5698,0.030549,0.969451,0.027323,0.972677
partagé,1720-1730,1789-1802,0.299483,0.700517,286,909,5692,0.015188,0.984812,0.022491,0.977509
chemin,1710-1720,1720-1730,0.299288,0.700712,2764,3303,5714,0.013465,0.986535,0.016426,0.983574
vite,1720-1730,1789-1802,0.299285,0.700715,582,1784,5698,0.018722,0.981278,0.022106,0.977894
autels,1710-1720,1789-1802,0.299094,0.700906,412,1722,5693,0.035676,0.964324,0.023173,0.976827
conformes,1720-1730,1780-1789,0.298993,0.701007,250,804,5695,0.02196,0.97804,0.031939,0.968061
sensible,1710-1720,1789-1802,0.298957,0.701043,963,5620,5714,0.016952,0.983048,0.031687,0.968313
lettre,1710-1720,1780-1789,0.29856,0.70144,5520,27057,5719,0.033253,0.966747,0.040051,0.959949
vainqueur,1710-1720,1789-1802,0.298503,0.701497,401,1678,5701,0.009419,0.990581,0.017246,0.982754
reproches,1700-1710,1789-1802,0.298184,0.701816,337,2051,5706,0.025954,0.974046,0.016496,0.983504
éternité,1720-1730,1770-1780,0.297828,0.702172,71,272,5649,0.030749,0.969251,0.021328,0.978672
légumes,1710-1720,1780-1789,0.297775,0.702225,319,982,5670,0.021325,0.978675,0.022985,0.977015
successeurs,1710-1720,1789-1802,0.29733,0.70267,510,908,5677,0.043153,0.956847,0.042564,0.957436
jugement,1720-1730,1789-1802,0.296422,0.703578,1660,6999,5714,0.019291,0.980709,0.024033,0.975967
humble,1720-1730,1789-1802,0.296325,0.703675,290,938,5697,0.018783,0.981217,0.025458,0.974542
riches,1710-1720,1789-1802,0.295829,0.704171,914,5155,5709,0.0162,0.9838,0.017552,0.982448
brave,1720-1730,1789-1802,0.295318,0.704682,528,2122,5703,0.016082,0.983918,0.019193,0.980807
sentimens,1720-1730,1789-1802,0.295228,0.704772,1317,5762,5704,0.031499,0.968501,0.024153,0.975847
établies,1720-1730,1789-1802,0.295181,0.704819,389,1811,5695,0.014842,0.985158,0.023276,0.976724
sentiments,1710-1720,1789-1802,0.295105,0.704895,568,1491,5675,0.024172,0.975828,0.028997,0.971003
conquêtes,1700-1710,1789-1802,0.294947,0.705053,187,1490,5689,0.025838,0.974162,0.022717,0.977283
excellent,1710-1720,1740-1750,0.294451,0.705549,715,955,5712,0.014279,0.985721,0.017852,0.982148
malade,1720-1730,1789-1802,0.293969,0.706031,1040,2722,5713,0.021339,0.978661,0.025836,0.974164
craindre,1700-1710,1789-1802,0.293945,0.706055,1370,6132,5713,0.015878,0.984122,0.026108,0.973892
feuilles,1730-1740,1780-1789,0.293796,0.706204,950,8926,5705,0.064264,0.935736,0.028777,0.971223
oui,1720-1730,1730-1740,0.293658,0.706342,2284,4217,5713,0.005926,0.994074,0.017506,0.982494
eglise,1710-1720,1740-1750,0.293375,0.706625,960,1557,5703,0.022386,0.977614,0.018674,0.981326
officier,1710-1720,1789-1802,0.292992,0.707008,622,3685,5700,0.017057,0.982943,0.016881,0.983119
principe,1730-1740,1789-1802,0.292986,0.707014,2343,9444,5714,0.014099,0.985901,0.020376,0.979624
inspirer,1700-1710,1789-1802,0.29297,0.70703,176,1754,5707,0.016555,0.983445,0.031318,0.968682
épais,1720-1730,1789-1802,0.292891,0.707109,290,887,5702,0.018085,0.981915,0.027216,0.972784
cause,1720-1730,1789-1802,0.292545,0.707455,7248,17445,5718,0.026076,0.973924,0.035986,0.964014
composé,1720-1730,1750-1760,0.292388,0.707612,1232,2561,5715,0.025842,0.974158,0.037705,0.962295
caché,1710-1720,1760-1770,0.292283,0.707717,452,1092,5707,0.006034,0.993966,0.010787,0.989213
différence,1710-1720,1770-1780,0.292184,0.707816,664,7066,5711,0.028761,0.971239,0.019724,0.980276
éternelle,1720-1730,1789-1802,0.292132,0.707868,452,1547,5707,0.015606,0.984394,0.032094,0.967906
plante,1710-1720,1730-1740,0.292109,0.707891,912,500,5694,0.02522,0.97478,0.027103,0.972897
injure,1700-1710,1780-1789,0.291913,0.708087,162,935,5704,0.018527,0.981473,0.018114,0.981886
suivant,1730-1740,1789-1802,0.291745,0.708255,10237,14881,5718,0.025734,0.974266,0.043466,0.956534
justesse,1720-1730,1789-1802,0.291717,0.708283,149,785,5697,0.033317,0.966683,0.021196,0.978804
sujet,1710-1720,1740-1750,0.291293,0.708707,5004,7895,5717,0.01436,0.98564,0.019543,0.980457
maximes,1710-1720,1789-1802,0.291219,0.708781,590,2132,5703,0.023276,0.976724,0.020943,0.979057
officiers,1710-1720,1789-1802,0.290781,0.709219,5522,9841,5707,0.023398,0.976602,0.034417,0.965583
prétendre,1710-1720,1789-1802,0.29067,0.70933,601,1751,5702,0.024856,0.975144,0.028226,0.971774
connais,1720-1730,1789-1802,0.290113,0.709887,197,1480,5642,0.014691,0.985309,0.019523,0.980477
intentions,1700-1710,1789-1802,0.28999,0.71001,269,2829,5705,0.03028,0.96972,0.037647,0.962353
entreprendre,1710-1720,1789-1802,0.289897,0.710103,488,1078,5702,0.01104,0.98896,0.016705,0.983295
vertu,1710-1720,1750-1760,0.289716,0.710284,3615,9827,5719,0.018249,0.981751,0.020385,0.979615
clairement,1720-1730,1770-1780,0.289713,0.710287,615,1832,5708,0.015067,0.984933,0.021629,0.978371
air,1710-1720,1750-1760,0.289659,0.710341,2070,6943,5717,0.013075,0.986925,0.020797,0.979203
article,1710-1720,1720-1730,0.289488,0.710512,3874,3092,5715,0.018267,0.981733,0.024996,0.975004
attention,1710-1720,1760-1770,0.288769,0.711231,1011,5672,5717,0.015472,0.984528,0.019442,0.980558
figures,1720-1730,1760-1770,0.288656,0.711344,1485,4566,5711,0.018886,0.981114,0.027108,0.972892
couvertes,1700-1710,1770-1780,0.288625,0.711375,160,1409,5690,0.032848,0.967152,0.029522,0.970478
commerce,1720-1730,1760-1770,0.288585,0.711415,6723,39805,5721,0.029178,0.970822,0.030583,0.969417
moins,1700-1710,1710-1720,0.288368,0.711632,11802,15621,5718,0.011127,0.988873,0.019512,0.980488
nécessaires,1710-1720,1789-1802,0.288045,0.711955,878,7268,5716,0.023555,0.976445,0.029481,0.970519
longue,1710-1720,1730-1740,0.287885,0.712115,1787,2614,5714,0.011691,0.988309,0.020062,0.979938
volonté,1720-1730,1789-1802,0.28756,0.71244,1504,8681,5709,0.02369,0.97631,0.03628,0.96372
repas,1710-1720,1760-1770,0.287243,0.712757,1164,1306,5708,0.009189,0.990811,0.015534,0.984466
prince,1720-1730,1760-1770,0.286631,0.713369,11314,15357,5717,0.014015,0.985985,0.024628,0.975372
arbres,1740-1750,1760-1770,0.286411,0.713589,3225,8136,5709,0.025244,0.974756,0.024964,0.975036
divinité,1700-1710,1760-1770,0.286213,0.713787,490,2274,5705,0.020626,0.979374,0.02006,0.97994
royaumes,1730-1740,1789-1802,0.285944,0.714056,686,1009,5682,0.027546,0.972454,0.022399,0.977601
contient,1720-1730,1730-1740,0.285728,0.714272,1122,1397,5711,0.010403,0.989597,0.025502,0.974498
plutôt,1710-1720,1789-1802,0.285655,0.714345,1901,10940,5715,0.01132,0.98868,0.023719,0.976281
trouverez,1700-1710,1750-1760,0.284802,0.715198,410,778,5696,0.015458,0.984542,0.024102,0.975898
auroient,1700-1710,1710-1720,0.284296,0.715704,984,2163,5709,0.032539,0.967461,0.028682,0.971318
argent,1720-1730,1740-1750,0.283881,0.716119,2821,2699,5715,0.020611,0.979389,0.02225,0.97775
commencement,1710-1720,1789-1802,0.283822,0.716178,1698,4283,5715,0.02354,0.97646,0.040103,0.959897
temples,1710-1720,1740-1750,0.283711,0.716289,416,1155,5691,0.010514,0.989486,0.023531,0.976469
commandoit,1710-1720,1730-1740,0.283617,0.716383,158,884,5673,0.03126,0.96874,0.027504,0.972496
siecles,1700-1710,1750-1760,0.28359,0.71641,245,519,5669,0.046928,0.953072,0.02485,0.97515
auteurs,1710-1720,1789-1802,0.28333,0.71667,1808,5068,5717,0.022293,0.977707,0.033427,0.966573
écrits,1710-1720,1789-1802,0.283233,0.716767,474,3580,5707,0.017166,0.982834,0.026494,0.973506
tempête,1710-1720,1789-1802,0.283086,0.716914,269,861,5702,0.013018,0.986982,0.024784,0.975216
rois,1710-1720,1730-1740,0.283067,0.716933,3307,6674,5712,0.01721,0.98279,0.027632,0.972368
villes,1710-1720,1730-1740,0.282841,0.717159,3971,7131,5715,0.021827,0.978173,0.027735,0.972265
auprès,1710-1720,1730-1740,0.282578,0.717422,2232,4625,5713,0.011157,0.988843,0.022882,0.977118
tombe,1700-1710,1789-1802,0.282201,0.717799,627,3360,5714,0.017584,0.982416,0.030784,0.969216
côtes,1720-1730,1760-1770,0.282198,0.717802,581,3147,5694,0.033259,0.966741,0.024063,0.975937
fix,1720-1730,1789-1802,0.282143,0.717857,5688,8416,5712,0.011824,0.988176,0.064555,0.935445
noms,1720-1730,1789-1802,0.282105,0.717895,2129,6946,5717,0.014232,0.985768,0.02364,0.97636
prends,1710-1720,1780-1789,0.281793,0.718207,405,2020,5693,0.015086,0.984914,0.020602,0.979398
terres,1730-1740,1760-1770,0.281406,0.718594,4593,16005,5708,0.037609,0.962391,0.037326,0.962674
apres,1720-1730,1780-1789,0.281269,0.718731,2411,2737,5696,0.024396,0.975604,0.020287,0.979713
regardent,1700-1710,1789-1802,0.281241,0.718759,496,1036,5709,0.025649,0.974351,0.043845,0.956155
condition,1710-1720,1789-1802,0.281161,0.718839,2256,5004,5712,0.017509,0.982491,0.028962,0.971038
chaleur,1710-1720,1770-1780,0.28112,0.71888,758,7294,5710,0.019823,0.980177,0.021068,0.978932
articles,1710-1720,1789-1802,0.280863,0.719137,1692,7016,5711,0.013054,0.986946,0.025261,0.974739
esprit,1720-1730,1750-1760,0.280782,0.719218,3737,7811,5720,0.013727,0.986273,0.024142,0.975858
voix,1720-1730,1730-1740,0.28078,0.71922,1917,3824,5714,0.0117,0.9883,0.01755,0.98245
charmante,1710-1720,1789-1802,0.280713,0.719287,369,1768,5690,0.017085,0.982915,0.019282,0.980718
sertile,1710-1720,1770-1780,0.280495,0.719505,231,1395,5683,0.014253,0.985747,0.031557,0.968443
portrait,1730-1740,1789-1802,0.280243,0.719757,1090,2443,5704,0.010896,0.989104,0.015319,0.984681
honneurs,1710-1720,1789-1802,0.2802,0.7198,667,2593,5705,0.023212,0.976788,0.016556,0.983444
parfaite,1720-1730,1760-1770,0.280023,0.719977,1028,2660,5711,0.017747,0.982253,0.019093,0.980907
autorité,1710-1720,1780-1789,0.279612,0.720388,1919,4767,5715,0.019873,0.980127,0.024687,0.975313
rend,1710-1720,1720-1730,0.279403,0.720597,2186,4888,5722,0.071743,0.928257,0.093633,0.906367
fenêtres,1700-1710,1770-1780,0.279359,0.720641,215,799,5673,0.014306,0.985694,0.019845,0.980155
proportion,1720-1730,1789-1802,0.279338,0.720662,1971,6695,5715,0.044103,0.955897,0.046236,0.953764
payent,1720-1730,1780-1789,0.279089,0.720911,600,2152,5673,0.029297,0.970703,0.025225,0.974775
force,1710-1720,1789-1802,0.278894,0.721106,4998,25102,5718,0.018251,0.981749,0.02473,0.97527
parties,1710-1720,1789-1802,0.278803,0.721197,5569,16444,5719,0.036793,0.963207,0.057458,0.942542
payée,1720-1730,1770-1780,0.278694,0.721306,164,647,5675,0.025018,0.974982,0.024285,0.975715
accablé,1720-1730,1750-1760,0.278639,0.721361,240,458,5697,0.027209,0.972791,0.017637,0.982363
amende,1710-1720,1770-1780,0.278572,0.721428,620,844,5697,0.059094,0.940906,0.045095,0.954905
origine,1710-1720,1760-1770,0.277884,0.722116,1013,2443,5716,0.015554,0.984446,0.018586,0.981414
possession,1700-1710,1720-1730,0.277719,0.722281,592,535,5709,0.022434,0.977566,0.025573,0.974427
agréables,1720-1730,1770-1780,0.277345,0.722655,372,2193,5709,0.013559,0.986441,0.015196,0.984804
contribue,1710-1720,1789-1802,0.277182,0.722818,188,650,5691,0.020791,0.979209,0.02493,0.97507
payées,1700-1710,1750-1760,0.277086,0.722914,199,394,5668,0.029868,0.970132,0.030311,0.969689
larges,1760-1770,1789-1802,0.27691,0.72309,1274,1010,5686,0.023122,0.976878,0.02131,0.97869
couvre,1720-1730,1789-1802,0.276435,0.723565,468,1586,5703,0.01089,0.98911,0.019198,0.980802
somme,1710-1720,1740-1750,0.276369,0.723631,3871,3567,5712,0.01925,0.98075,0.027159,0.972841
expliquer,1720-1730,1789-1802,0.276369,0.723631,489,1361,5712,0.010708,0.989292,0.018919,0.981081
approcher,1700-1710,1789-1802,0.276369,0.723631,251,846,5703,0.009602,0.990398,0.01581,0.98419
langage,1740-1750,1750-1760,0.276315,0.723685,1789,1982,5713,0.010957,0.989043,0.014213,0.985787
regarde,1700-1710,1789-1802,0.27607,0.72393,1753,4009,5715,0.023214,0.976786,0.038613,0.961387
mise,1700-1710,1720-1730,0.276003,0.723997,747,720,5712,0.023469,0.976531,0.022305,0.977695
moment,1720-1730,1789-1802,0.275686,0.724314,2393,28710,5717,0.030153,0.969847,0.040004,0.959996
douceurs,1710-1720,1780-1789,0.275108,0.724892,208,966,5689,0.029921,0.970079,0.02265,0.97735
maladie,1720-1730,1760-1770,0.274755,0.725245,1582,3221,5713,0.01941,0.98059,0.022879,0.977121
dieux,1710-1720,1770-1780,0.274494,0.725506,5476,10535,5710,0.014372,0.985628,0.025799,0.974201
jouir,1710-1720,1789-1802,0.274478,0.725522,1114,5638,5714,0.018304,0.981696,0.028898,0.971102
bontés,1720-1730,1780-1789,0.274464,0.725536,129,989,5670,0.028252,0.971748,0.026309,0.973691
reste,1710-1720,1730-1740,0.274422,0.725578,4342,6790,5717,0.011911,0.988089,0.015278,0.984722
maisons,1710-1720,1789-1802,0.274412,0.725588,3783,8021,5706,0.016727,0.983273,0.032999,0.967001
beauté,1720-1730,1789-1802,0.274032,0.725968,1723,4331,5714,0.023063,0.976937,0.024463,0.975537
garçon,1710-1720,1789-1802,0.273911,0.726089,682,1377,5693,0.011358,0.988642,0.020996,0.979004
habiles,1710-1720,1789-1802,0.272696,0.727304,481,1024,5703,0.029532,0.970468,0.025554,0.974446
fenêtre,1720-1730,1780-1789,0.272587,0.727413,163,1031,5667,0.013878,0.986122,0.019346,0.980654
soupirs,1720-1730,1789-1802,0.272361,0.727639,158,681,5679,0.020339,0.979661,0.017617,0.982383
réputation,1710-1720,1770-1780,0.272015,0.727985,861,3784,5709,0.012453,0.987547,0.019729,0.980271
donnent,1700-1710,1750-1760,0.271901,0.728099,3925,3366,5716,0.048017,0.951983,0.077011,0.922989
pourquoi,1700-1710,1780-1789,0.271357,0.728643,3463,17167,5717,0.024159,0.975841,0.048272,0.951728
mouvemens,1720-1730,1789-1802,0.271261,0.728739,1235,3013,5702,0.052428,0.947572,0.021112,0.978888
jette,1720-1730,1789-1802,0.27121,0.72879,999,2611,5709,0.016389,0.983611,0.025252,0.974748
causé,1720-1730,1789-1802,0.270945,0.729055,168,958,5683,0.019211,0.980789,0.025823,0.974177
liqueur,1710-1720,1760-1770,0.270828,0.729172,435,2830,5684,0.016396,0.983604,0.026058,0.973942
langue,1710-1720,1740-1750,0.27056,0.72944,1955,3829,5717,0.014639,0.985361,0.022882,0.977118
septembre,1700-1710,1720-1730,0.270423,0.729577,1064,1819,5714,0.02831,0.97169,0.054255,0.945745
portes,1730-1740,1760-1770,0.270362,0.729638,1966,2833,5708,0.017553,0.982447,0.023135,0.976865
marier,1710-1720,1740-1750,0.270246,0.729754,473,770,5695,0.018869,0.981131,0.019458,0.980542
tard,1710-1720,1789-1802,0.269789,0.730211,827,3606,5710,0.018942,0.981058,0.032261,0.967739
expressions,1720-1730,1789-1802,0.269762,0.730238,270,1990,5707,0.012344,0.987656,0.017108,0.982892
devoit,1710-1720,1720-1730,0.269472,0.730528,2095,2734,5706,0.031358,0.968642,0.020952,0.979048
forment,1700-1710,1770-1780,0.269414,0.730586,388,5246,5713,0.018502,0.981498,0.026565,0.973435
crime,1730-1740,1740-1750,0.269409,0.730591,3172,3264,5710,0.009236,0.990764,0.012945,0.987055
cas,1710-1720,1789-1802,0.269368,0.730632,7557,23287,5719,0.019177,0.980823,0.036289,0.963711
couvert,1730-1740,1770-1780,0.268749,0.731251,2025,3743,5713,0.014537,0.985463,0.023663,0.976337
importante,1710-1720,1789-1802,0.268552,0.731448,481,2902,5701,0.016355,0.983645,0.020712,0.979288
aussi,1720-1730,1770-1780,0.268498,0.731502,20801,68971,5720,0.010892,0.989108,0.023269,0.976731
longtemps,1710-1720,1789-1802,0.268466,0.731534,1750,1869,5692,0.019099,0.980901,0.030101,0.969899
suivi,1710-1720,1789-1802,0.268457,0.731543,980,4443,5716,0.013368,0.986632,0.01948,0.98052
riche,1730-1740,1789-1802,0.268445,0.731555,2202,5565,5712,0.013747,0.986253,0.016654,0.983346
près,1710-1720,1750-1760,0.268335,0.731665,3880,10929,5718,0.012507,0.987493,0.022812,0.977188
année,1720-1730,1789-1802,0.268239,0.731761,3062,11010,5718,0.025116,0.974884,0.038455,0.961545
tenus,1710-1720,1789-1802,0.268106,0.731894,3299,3168,5693,0.031344,0.968656,0.043674,0.956326
rang,1710-1720,1789-1802,0.267977,0.732023,2004,6323,5716,0.01758,0.98242,0.023282,0.976718
auteur,1720-1730,1789-1802,0.267572,0.732428,2532,6205,5717,0.017868,0.982132,0.021945,0.978055
soeur,1710-1720,1760-1770,0.267412,0.732588,1139,3147,5686,0.026668,0.973332,0.025907,0.974093
haut,1720-1730,1789-1802,0.267241,0.732759,4128,10877,5716,0.017638,0.982362,0.024135,0.975865
main,1710-1720,1780-1789,0.267114,0.732886,7051,28219,5718,0.011503,0.988497,0.025263,0.974737
voilà,1710-1720,1760-1770,0.266841,0.733159,4130,10844,5716,0.009983,0.990017,0.014009,0.985991
fus,1710-1720,1750-1760,0.266629,0.733371,1433,2665,5708,0.017288,0.982712,0.023008,0.976992
cent,1720-1730,1750-1760,0.266245,0.733755,6956,17581,5718,0.02268,0.97732,0.038889,0.961111
séjour,1710-1720,1780-1789,0.266241,0.733759,464,2190,5694,0.008414,0.991586,0.016695,0.983305
tenez,1720-1730,1789-1802,0.266106,0.733894,305,1003,5681,0.015169,0.984831,0.012829,0.987171
philosophes,1720-1730,1789-1802,0.265864,0.734136,673,2538,5705,0.034356,0.965644,0.024238,0.975762
porte,1710-1720,1730-1740,0.265741,0.734259,7302,7595,5718,0.007838,0.992162,0.015267,0.984733
premier,1710-1720,1789-1802,0.265679,0.734321,11281,38749,5721,0.011442,0.988558,0.028286,0.971714
établir,1700-1710,1789-1802,0.265645,0.734355,542,4998,5715,0.013937,0.986063,0.025744,0.974256
aventure,1720-1730,1780-1789,0.265502,0.734498,189,1417,5690,0.009073,0.990927,0.01466,0.98534
puissant,1730-1740,1789-1802,0.26547,0.73453,1308,3086,5707,0.013228,0.986772,0.018483,0.981517
difficiles,1720-1730,1780-1789,0.265422,0.734578,520,1507,5700,0.02187,0.97813,0.020846,0.979154
tenir,1710-1720,1789-1802,0.265376,0.734624,4448,8980,5716,0.014865,0.985135,0.032289,0.967711
loix,1710-1720,1730-1740,0.265293,0.734707,3773,5419,5711,0.021196,0.978804,0.019949,0.980051
couvrent,1710-1720,1780-1789,0.265146,0.734854,176,900,5685,0.017618,0.982382,0.022015,0.977985
équipage,1710-1720,1780-1789,0.265062,0.734938,150,812,5692,0.015809,0.984191,0.027868,0.972132
largeur,1710-1720,1750-1760,0.264914,0.735086,827,1752,5692,0.025194,0.974806,0.024396,0.975604
conditions,1720-1730,1789-1802,0.26487,0.73513,1047,4107,5715,0.013421,0.986579,0.024109,0.975891
enfance,1720-1730,1789-1802,0.264742,0.735258,196,1308,5710,0.017539,0.982461,0.024883,0.975117
astre,1700-1710,1770-1780,0.264279,0.735721,55,499,5676,0.033796,0.966204,0.027869,0.972131
espace,1720-1730,1760-1770,0.264001,0.735999,543,2122,5712,0.017,0.983,0.026561,0.973439
vend,1710-1720,1730-1740,0.263724,0.736276,672,393,5686,0.013386,0.986614,0.02448,0.97552
louanges,1720-1730,1789-1802,0.263595,0.736405,505,835,5700,0.027148,0.972852,0.01589,0.98411
fin,1710-1720,1789-1802,0.263206,0.736794,5878,17131,5720,0.012535,0.987465,0.02478,0.97522
fruits,1740-1750,1789-1802,0.262851,0.737149,3563,5043,5709,0.016149,0.983851,0.018861,0.981139
service,1740-1750,1789-1802,0.262597,0.737403,4546,11531,5715,0.019934,0.980066,0.032095,0.967905
premiere,1720-1730,1789-1802,0.262455,0.737545,5037,5824,5708,0.029647,0.970353,0.028712,0.971288
promener,1700-1710,1789-1802,0.262425,0.737575,196,771,5682,0.015873,0.984127,0.021753,0.978247
permission,1720-1730,1789-1802,0.26184,0.73816,768,2264,5700,0.021666,0.978334,0.035434,0.964566
trône,1700-1710,1780-1789,0.26113,0.73887,755,6068,5705,0.019468,0.980532,0.021765,0.978235
jettent,1710-1720,1750-1760,0.26082,0.73918,296,434,5693,0.019789,0.980211,0.020404,0.979596
payé,1720-1730,1789-1802,0.259881,0.740119,985,3641,5697,0.01711,0.98289,0.028233,0.971767
extrême,1710-1720,1789-1802,0.259734,0.740266,935,2854,5712,0.017798,0.982202,0.022394,0.977606
empressement,1720-1730,1789-1802,0.259588,0.740412,166,801,5695,0.037376,0.962624,0.024315,0.975685
vendent,1720-1730,1730-1740,0.259412,0.740588,405,229,5677,0.01994,0.98006,0.026291,0.973709
violence,1710-1720,1789-1802,0.259291,0.740709,1050,3646,5711,0.016997,0.983003,0.018015,0.981985
seconde,1710-1720,1740-1750,0.259255,0.740745,2849,4713,5716,0.017318,0.982682,0.02343,0.97657
faite,1710-1720,1740-1750,0.259007,0.740993,5157,6356,5719,0.014892,0.985108,0.024994,0.975006
âme,1710-1720,1789-1802,0.258983,0.741017,370,2001,5674,0.022275,0.977725,0.028904,0.971096
ame,1710-1720,1770-1780,0.258869,0.741131,1391,8999,5714,0.026626,0.973374,0.020239,0.979761
juin,1720-1730,1789-1802,0.258847,0.741153,1978,7415,5698,0.025887,0.974113,0.064252,0.935748
princes,1710-1720,1730-1740,0.258787,0.741213,2803,5456,5707,0.030032,0.969968,0.02325,0.97675
voeux,1720-1730,1789-1802,0.258483,0.741517,580,3395,5688,0.021508,0.978492,0.023922,0.976078
alliance,1710-1720,1760-1770,0.258439,0.741561,514,678,5690,0.020168,0.979832,0.019203,0.980797
mourir,1730-1740,1789-1802,0.258415,0.741585,2698,4573,5713,0.015754,0.984246,0.022723,0.977277
courroux,1720-1730,1780-1789,0.258173,0.741827,304,1383,5683,0.024687,0.975313,0.022797,0.977203
bras,1720-1730,1789-1802,0.257991,0.742009,2063,10174,5717,0.025419,0.974581,0.044909,0.955091
honnête,1710-1720,1760-1770,0.257936,0.742064,954,2464,5705,0.019328,0.980672,0.016359,0.983641
fête,1710-1720,1730-1740,0.257842,0.742158,763,1115,5700,0.012731,0.987269,0.015761,0.984239
janvier,1700-1710,1789-1802,0.257685,0.742315,1141,6426,5700,0.04292,0.95708,0.064293,0.935707
distance,1710-1720,1750-1760,0.257587,0.742413,698,1784,5711,0.017055,0.982945,0.023541,0.976459
petits,1710-1720,1750-1760,0.257583,0.742417,2850,5549,5716,0.008912,0.991088,0.019326,0.980674
milieu,1720-1730,1789-1802,0.257476,0.742524,3708,14089,5716,0.031421,0.968579,0.058182,0.941818
belles,1710-1720,1770-1780,0.257456,0.742544,1719,6772,5716,0.017687,0.982313,0.020387,0.979613
tels,1700-1710,1760-1770,0.257278,0.742722,1180,5613,5717,0.01471,0.98529,0.025952,0.974048
obligés,1700-1710,1740-1750,0.257162,0.742838,238,2093,5699,0.028696,0.971304,0.036597,0.963403
mises,1710-1720,1789-1802,0.256978,0.743022,422,1416,5698,0.019984,0.980016,0.02317,0.97683
prix,1730-1740,1760-1770,0.256921,0.743079,5591,27968,5718,0.03924,0.96076,0.032674,0.967326
ordres,1710-1720,1789-1802,0.256893,0.743107,2222,13808,5717,0.017562,0.982438,0.028673,0.971327
petites,1710-1720,1770-1780,0.256867,0.743133,1917,9210,5713,0.011878,0.988122,0.020924,0.979076
union,1710-1720,1780-1789,0.256605,0.743395,550,1978,5714,0.021234,0.978766,0.020227,0.979773
habile,1710-1720,1789-1802,0.256572,0.743428,721,1593,5712,0.017766,0.982234,0.021267,0.978733
grandes,1710-1720,1750-1760,0.256501,0.743499,3422,6977,5718,0.015,0.985,0.019921,0.980079
juillet,1730-1740,1789-1802,0.256375,0.743625,3108,7425,5702,0.024886,0.975114,0.060977,0.939023
crois,1700-1710,1710-1720,0.256227,0.743773,1971,1974,5716,0.014096,0.985904,0.03026,0.96974
second,1710-1720,1730-1740,0.25618,0.74382,2879,3979,5719,0.012344,0.987656,0.021345,0.978655
naître,1710-1720,1789-1802,0.256109,0.743891,830,3938,5711,0.017618,0.982382,0.019432,0.980568
dirai,1720-1730,1789-1802,0.25609,0.74391,814,2659,5699,0.023559,0.976441,0.033326,0.966674
dix,1710-1720,1720-1730,0.256015,0.743985,6481,6618,5718,0.016156,0.983844,0.033364,0.966636
ordre,1720-1730,1789-1802,0.256007,0.743993,6384,16717,5720,0.021103,0.978897,0.023801,0.976199
vertus,1730-1740,1789-1802,0.255895,0.744105,2161,8095,5715,0.022155,0.977845,0.02128,0.97872
laissent,1710-1720,1780-1789,0.255783,0.744217,562,1908,5705,0.022281,0.977719,0.032717,0.967283
petit,1710-1720,1720-1730,0.25577,0.74423,6217,6333,5718,0.008491,0.991509,0.019872,0.980128
valoir,1700-1710,1770-1780,0.255659,0.744341,645,2761,5701,0.011045,0.988955,0.023712,0.976288
large,1700-1710,1789-1802,0.255408,0.744592,1355,3445,5712,0.030698,0.969302,0.037575,0.962425
abondance,1720-1730,1750-1760,0.255402,0.744598,624,1121,5712,0.046327,0.953673,0.020044,0.979956
amis,1720-1730,1789-1802,0.254764,0.745236,2809,11614,5713,0.015658,0.984342,0.025391,0.974609
accorder,1720-1730,1789-1802,0.254374,0.745626,678,2558,5713,0.013577,0.986423,0.020917,0.979083
lieues,1700-1710,1770-1780,0.254271,0.745729,522,11205,5694,0.055722,0.944278,0.059479,0.940521
état,1710-1720,1789-1802,0.253807,0.746193,3851,22564,5718,0.038767,0.961233,0.032481,0.967519
importantes,1720-1730,1789-1802,0.253474,0.746526,415,1801,5709,0.01956,0.98044,0.022442,0.977558
put,1700-1710,1770-1780,0.25338,0.74662,2749,4205,5713,0.064489,0.935511,0.05218,0.94782
marchandises,1720-1730,1750-1760,0.253324,0.746676,2416,5766,5687,0.021324,0.978676,0.025923,0.974077
maison,1720-1730,1740-1750,0.253295,0.746705,7726,9674,5714,0.012116,0.987884,0.024272,0.975728
conserver,1710-1720,1740-1750,0.252985,0.747015,1606,2444,5715,0.012667,0.987333,0.021964,0.978036
larmes,1720-1730,1780-1789,0.252734,0.747266,882,7636,5711,0.017856,0.982144,0.023401,0.976599
chacun,1720-1730,1750-1760,0.252436,0.747564,7388,8928,5718,0.013261,0.986739,0.022929,0.977071
devient,1700-1710,1780-1789,0.251995,0.748005,624,6640,5714,0.008947,0.991053,0.024285,0.975715
livres,1710-1720,1789-1802,0.251729,0.748271,11475,32541,5718,0.043115,0.956885,0.051939,0.948061
terre,1720-1730,1760-1770,0.251401,0.748599,11754,37442,5719,0.028346,0.971654,0.027497,0.972503
exemple,1710-1720,1730-1740,0.251207,0.748793,2816,4460,5719,0.010017,0.989983,0.016775,0.983225
animaux,1710-1720,1760-1770,0.25107,0.74893,1231,6824,5704,0.023996,0.976004,0.018831,0.981169
ardeur,1710-1720,1770-1780,0.250917,0.749083,493,1777,5708,0.018272,0.981728,0.016009,0.983991
idées,1700-1710,1789-1802,0.250813,0.749187,1070,9989,5716,0.020562,0.979438,0.034126,0.965874
ville,1710-1720,1730-1740,0.25076,0.74924,21808,24045,5718,0.032418,0.967582,0.041625,0.958375
environs,1700-1710,1789-1802,0.250546,0.749454,392,3175,5697,0.019247,0.980753,0.030091,0.969909
raison,1710-1720,1789-1802,0.250535,0.749465,8090,29998,5720,0.018863,0.981137,0.029238,0.970762
suivre,1710-1720,1789-1802,0.250442,0.749558,1901,7103,5716,0.013569,0.986431,0.016849,0.983151
orné,1730-1740,1789-1802,0.250439,0.749561,402,603,5694,0.011379,0.988621,0.01973,0.98027
exemples,1710-1720,1750-1760,0.250276,0.749724,901,2313,5716,0.007319,0.992681,0.016078,0.983922
huit,1710-1720,1760-1770,0.25009,0.74991,4295,10811,5714,0.02084,0.97916,0.036709,0.963291
acquis,1710-1720,1770-1780,0.249841,0.750159,736,3228,5707,0.015808,0.984192,0.024467,0.975533
lieu,1710-1720,1789-1802,0.249687,0.750313,13847,37886,5719,0.023534,0.976466,0.032147,0.967853
non,1730-1740,1789-1802,0.249674,0.750326,35104,52820,5722,0.01249,0.98751,0.030185,0.969815
cacher,1720-1730,1760-1770,0.249516,0.750484,668,2035,5708,0.012292,0.987708,0.015061,0.984939
coeurs,1710-1720,1770-1780,0.249028,0.750972,789,3392,5689,0.019694,0.980306,0.021731,0.978269
ici,1710-1720,1760-1770,0.248981,0.751019,7747,20937,5718,0.010715,0.989285,0.020288,0.979712
lieux,1720-1730,1789-1802,0.248954,0.751046,4415,8506,5717,0.013061,0.986939,0.027793,0.972207
selon,1730-1740,1789-1802,0.248831,0.751169,6958,8068,5719,0.013614,0.986386,0.026388,0.973612
chercher,1720-1730,1740-1750,0.248625,0.751375,2127,4204,5714,0.009626,0.990374,0.017103,0.982897
parts,1710-1720,1789-1802,0.248581,0.751419,422,2258,5714,0.027317,0.972683,0.028406,0.971594
coupable,1720-1730,1789-1802,0.248371,0.751629,587,5560,5707,0.017248,0.982752,0.017307,0.982693
ancêtres,1700-1710,1789-1802,0.248249,0.751751,150,1278,5694,0.024357,0.975643,0.026146,0.973854
beaux,1710-1720,1730-1740,0.248193,0.751807,1786,2385,5713,0.009993,0.990007,0.020405,0.979595
élevé,1710-1720,1789-1802,0.247966,0.752034,740,3622,5711,0.013576,0.986424,0.018641,0.981359
sens,1710-1720,1720-1730,0.247653,0.752347,3970,4253,5718,0.009807,0.990193,0.019934,0.980066
augmenter,1720-1730,1750-1760,0.247528,0.752472,694,1697,5711,0.015279,0.984721,0.017329,0.982671
hélas,1710-1720,1740-1750,0.247354,0.752646,571,1677,5684,0.018139,0.981861,0.04002,0.95998
obtenir,1710-1720,1789-1802,0.247352,0.752648,812,5173,5713,0.011304,0.988696,0.01864,0.98136
jugé,1710-1720,1789-1802,0.247251,0.752749,982,2425,5708,0.023551,0.976449,0.037209,0.962791
ennemis,1710-1720,1730-1740,0.247098,0.752902,2878,8344,5711,0.026957,0.973043,0.028028,0.971972
nourriture,1720-1730,1730-1740,0.246701,0.753299,1062,865,5705,0.016842,0.983158,0.018999,0.981001
venger,1720-1730,1789-1802,0.246614,0.753386,483,2373,5703,0.015739,0.984261,0.017249,0.982751
idée,1720-1730,1789-1802,0.246296,0.753704,1449,8485,5716,0.018282,0.981718,0.025145,0.974855
magnificence,1720-1730,1789-1802,0.24583,0.75417,516,814,5700,0.032945,0.967055,0.021091,0.978909
fondement,1710-1720,1789-1802,0.245815,0.754185,883,1393,5710,0.015917,0.984083,0.019893,0.980107
davantage,1710-1720,1740-1750,0.245806,0.754194,2340,3020,5717,0.016929,0.983071,0.020037,0.979963
ainsi,1720-1730,1789-1802,0.245786,0.754214,14079,54125,5720,0.011323,0.988677,0.018206,0.981794
goût,1710-1720,1730-1740,0.245777,0.754223,2400,4070,5716,0.015302,0.984698,0.021622,0.978378
personnes,1710-1720,1789-1802,0.245767,0.754233,6016,14741,5718,0.019312,0.980688,0.034191,0.965809
seul,1710-1720,1789-1802,0.24568,0.75432,6186,31685,5717,0.010336,0.989664,0.018554,0.981446
met,1710-1720,1740-1750,0.245286,0.754714,4017,3893,5716,0.025778,0.974222,0.028409,0.971591
propre,1710-1720,1789-1802,0.245068,0.754932,4404,15094,5720,0.01406,0.98594,0.025198,0.974802
pourroit,1710-1720,1720-1730,0.244759,0.755241,2893,3514,5714,0.044233,0.955767,0.02503,0.97497
derniers,1710-1720,1760-1770,0.244529,0.755471,1273,4145,5716,0.017551,0.982449,0.024359,0.975641
même,1700-1710,1780-1789,0.244525,0.755475,32528,173803,5724,0.014151,0.985849,0.025618,0.974382
part,1720-1730,1789-1802,0.24408,0.75592,10175,27691,5724,0.013265,0.986735,0.026184,0.973816
pieds,1710-1720,1750-1760,0.243991,0.756009,3913,6533,5718,0.021347,0.978653,0.035843,0.964157
nuits,1720-1730,1760-1770,0.243884,0.756116,308,660,5693,0.0156,0.9844,0.025156,0.974844
perdu,1710-1720,1760-1770,0.243673,0.756327,1874,4450,5715,0.013701,0.986299,0.022211,0.977789
jour,1720-1730,1789-1802,0.243594,0.756406,13693,44605,5718,0.024205,0.975795,0.034938,0.965062
cru,1710-1720,1730-1740,0.243505,0.756495,1250,2681,5716,0.017442,0.982558,0.022255,0.977745
desdits,1710-1720,1789-1802,0.243401,0.756599,7631,1539,5662,0.048578,0.951422,0.041492,0.958508
mille,1710-1720,1789-1802,0.243098,0.756902,6627,30828,5718,0.023363,0.976637,0.043181,0.956819
établi,1720-1730,1780-1789,0.242577,0.757423,1464,4910,5711,0.011121,0.988879,0.019551,0.980449
tel,1700-1710,1789-1802,0.242425,0.757575,3631,16054,5717,0.016845,0.983155,0.022767,0.977233
grands,1710-1720,1730-1740,0.242329,0.757671,6644,11122,5718,0.011389,0.988611,0.019844,0.980156
exprimer,1710-1720,1789-1802,0.242306,0.757694,553,1562,5709,0.014624,0.985376,0.017125,0.982875
guerre,1720-1730,1789-1802,0.242277,0.757723,10219,29499,5716,0.021416,0.978584,0.031012,0.968988
précautions,1720-1730,1789-1802,0.242256,0.757744,696,2524,5696,0.013912,0.986088,0.02022,0.97978
vaisseaux,1710-1720,1740-1750,0.241898,0.758102,2180,6283,5707,0.024466,0.975534,0.026238,0.973762
fondée,1720-1730,1760-1770,0.241682,0.758318,1023,1845,5713,0.051424,0.948576,0.058228,0.941772
habitans,1710-1720,1750-1760,0.24166,0.75834,2609,4810,5706,0.030279,0.969721,0.020012,0.979988
lesdites,1720-1730,1789-1802,0.241542,0.758458,770,728,5625,0.043671,0.956329,0.029883,0.970117
couverte,1740-1750,1750-1760,0.241379,0.758621,1187,753,5701,0.02808,0.97192,0.029142,0.970858
celle,1720-1730,1740-1750,0.241303,0.758697,14289,22587,5720,0.013358,0.986642,0.020878,0.979122
quatre,1700-1710,1750-1760,0.241252,0.758748,8277,15391,5718,0.013016,0.986984,0.031845,0.968155
très,1740-1750,1789-1802,0.241189,0.758811,18889,51078,5720,0.023302,0.976698,0.032995,0.967005
mot,1730-1740,1760-1770,0.240929,0.759071,8051,12939,5716,0.017976,0.982024,0.018513,0.981487
père,1710-1720,1730-1740,0.240632,0.759368,4135,4423,5708,0.021515,0.978485,0.025311,0.974689
sais,1710-1720,1760-1770,0.240389,0.759611,1156,2599,5695,0.01973,0.98027,0.031036,0.968964
besoin,1710-1720,1789-1802,0.24029,0.75971,4596,17560,5716,0.036189,0.963811,0.025504,0.974496
tort,1700-1710,1789-1802,0.240274,0.759726,1159,4168,5713,0.019016,0.980984,0.019618,0.980382
rochers,1740-1750,1760-1770,0.239871,0.760129,1621,1127,5696,0.022531,0.977469,0.018389,0.981611
vit,1720-1730,1740-1750,0.239762,0.760238,2320,5410,5712,0.009064,0.990936,0.021934,0.978066
plupart,1700-1710,1730-1740,0.239435,0.760565,1134,2557,5714,0.026725,0.973275,0.027208,0.972792
maniere,1710-1720,1789-1802,0.239417,0.760583,5505,5265,5706,0.044963,0.955037,0.034923,0.965077
sortes,1720-1730,1740-1750,0.239331,0.760669,742,816,5696,0.02387,0.97613,0.048027,0.951973
nature,1730-1740,1750-1760,0.239272,0.760728,8320,18327,5721,0.017461,0.982539,0.019186,0.980814
novembre,1700-1710,1789-1802,0.239271,0.760729,789,4452,5702,0.035599,0.964401,0.054734,0.945266
doux,1720-1730,1750-1760,0.239262,0.760738,1326,3376,5713,0.011384,0.988616,0.018167,0.981833
jeunes,1710-1720,1789-1802,0.239135,0.760865,1389,5827,5714,0.016602,0.983398,0.026781,0.973219
contraire,1720-1730,1760-1770,0.23903,0.76097,4079,12891,5716,0.025373,0.974627,0.022926,0.977074
marques,1710-1720,1789-1802,0.238958,0.761042,976,1652,5709,0.014441,0.985559,0.025183,0.974817
droit,1700-1710,1750-1760,0.238876,0.761124,6409,24966,5720,0.021669,0.978331,0.030005,0.969995
ami,1700-1710,1789-1802,0.238757,0.761243,1756,12599,5716,0.012586,0.987414,0.023477,0.976523
mauvaise,1710-1720,1730-1740,0.238487,0.761513,1580,1791,5713,0.019388,0.980612,0.019431,0.980569
gloire,1720-1730,1740-1750,0.23832,0.76168,4004,4908,5715,0.012487,0.987513,0.02233,0.97767
ouvrages,1700-1710,1720-1730,0.238278,0.761722,1983,2959,5718,0.012914,0.987086,0.022083,0.977917
bâtie,1710-1720,1780-1789,0.238214,0.761786,222,873,5679,0.021407,0.978593,0.020184,0.979816
quelquefois,1710-1720,1740-1750,0.237962,0.762038,3444,6755,5715,0.010109,0.989891,0.018632,0.981368
habit,1700-1710,1780-1789,0.237818,0.762182,525,1865,5702,0.012917,0.987083,0.019445,0.980555
souvent,1710-1720,1740-1750,0.23773,0.76227,6414,9985,5717,0.010219,0.989781,0.020014,0.979986
avis,1740-1750,1770-1780,0.237349,0.762651,3909,6465,5715,0.009052,0.990948,0.024033,0.975967
plaisirs,1720-1730,1789-1802,0.23705,0.76295,1184,4200,5712,0.016586,0.983414,0.01801,0.98199
malheurs,1700-1710,1789-1802,0.236666,0.763334,839,5637,5707,0.032347,0.967653,0.022381,0.977619
choses,1710-1720,1789-1802,0.236483,0.763517,9288,16189,5719,0.025671,0.974329,0.029315,0.970685
bâtir,1710-1720,1750-1760,0.236136,0.763864,729,879,5700,0.018361,0.981639,0.019308,0.980692
manière,1710-1720,1780-1789,0.23568,0.76432,2520,16372,5716,0.048897,0.951103,0.030768,0.969232
quantité,1710-1720,1740-1750,0.235556,0.764444,3041,7258,5716,0.03443,0.96557,0.034163,0.965837
douleur,1720-1730,1730-1740,0.235438,0.764562,1562,2989,5713,0.023818,0.976182,0.021781,0.978219
âge,1700-1710,1760-1770,0.235344,0.764656,945,3662,5718,0.022479,0.977521,0.024495,0.975505
employer,1710-1720,1760-1770,0.235242,0.764758,749,3305,5714,0.012497,0.987503,0.021498,0.978502
bon,1720-1730,1789-1802,0.235043,0.764957,10888,24306,5719,0.02514,0.97486,0.023413,0.976587
mêmes,1720-1730,1730-1740,0.234942,0.765058,6487,11497,5718,0.012978,0.987022,0.026447,0.973553
dames,1720-1730,1770-1780,0.234659,0.765341,909,2857,5694,0.015866,0.984134,0.019694,0.980306
dieu,1710-1720,1770-1780,0.234652,0.765348,16528,29417,5722,0.011378,0.988622,0.027638,0.972362
lesdits,1720-1730,1789-1802,0.234503,0.765497,2613,1774,5658,0.055054,0.944946,0.034304,0.965696
pensées,1730-1740,1740-1750,0.234433,0.765567,1506,1060,5706,0.013677,0.986323,0.01849,0.98151
loin,1740-1750,1770-1780,0.23396,0.76604,8465,16466,5716,0.016386,0.983614,0.021285,0.978715
craignent,1710-1720,1750-1760,0.233794,0.766206,146,373,5678,0.015482,0.984518,0.01585,0.98415
paroles,1720-1730,1770-1780,0.233271,0.766729,2265,4752,5710,0.010971,0.989029,0.018107,0.981893
illustre,1710-1720,1750-1760,0.233199,0.766801,630,1086,5709,0.010958,0.989042,0.014908,0.985092
située,1720-1730,1750-1760,0.233078,0.766922,521,299,5669,0.018017,0.981983,0.030436,0.969564
belle,1710-1720,1720-1730,0.233028,0.766972,4480,3994,5717,0.010787,0.989213,0.018283,0.981717
habits,1710-1720,1760-1770,0.23286,0.76714,993,1492,5711,0.013308,0.986692,0.017076,0.982924
fous,1720-1730,1789-1802,0.232461,0.767539,12990,33365,5716,0.007166,0.992834,0.033493,0.966507
permis,1710-1720,1789-1802,0.23245,0.76755,3282,6695,5716,0.025588,0.974412,0.035333,0.964667
cinq,1720-1730,1750-1760,0.232138,0.767862,6970,12296,5716,0.0243,0.9757,0.043655,0.956345
coup,1710-1720,1789-1802,0.23199,0.76801,3608,14352,5717,0.01826,0.98174,0.022473,0.977527
sujets,1700-1710,1789-1802,0.231577,0.768423,2430,10571,5717,0.01904,0.98096,0.0293,0.9707
nomme,1730-1740,1740-1750,0.231024,0.768976,1773,3839,5711,0.01195,0.98805,0.025129,0.974871
flots,1740-1750,1789-1802,0.230972,0.769028,868,1332,5693,0.064192,0.935808,0.031729,0.968271
affreux,1720-1730,1789-1802,0.230887,0.769113,460,3714,5706,0.012163,0.987837,0.016325,0.983675
tomber,1710-1720,1760-1770,0.230453,0.769547,1419,3802,5714,0.013114,0.986886,0.017425,0.982575
tant,1720-1730,1789-1802,0.230432,0.769568,16546,41010,5719,0.021373,0.978627,0.027395,0.972605
payer,1710-1720,1770-1780,0.230427,0.769573,4307,9403,5710,0.019488,0.980512,0.021932,0.978068
affaires,1710-1720,1789-1802,0.230261,0.769739,3498,10188,5708,0.017578,0.982422,0.022861,0.977139
composée,1700-1710,1760-1770,0.23011,0.76989,420,2031,5701,0.040027,0.959973,0.026604,0.973396
forces,1740-1750,1760-1770,0.229853,0.770147,4242,5101,5716,0.016872,0.983128,0.019048,0.980952
agréable,1710-1720,1740-1750,0.229774,0.770226,1145,2597,5712,0.017818,0.982182,0.015179,0.984821
foi,1710-1720,1720-1730,0.22967,0.77033,5640,5430,5716,0.010012,0.989988,0.01678,0.98322
presque,1720-1730,1789-1802,0.229662,0.770338,5231,18195,5717,0.014684,0.985316,0.031503,0.968497
certain,1700-1710,1789-1802,0.22966,0.77034,2535,8507,5716,0.031428,0.968572,0.021785,0.978215
enfans,1710-1720,1789-1802,0.2295,0.7705,3346,14486,5713,0.03231,0.96769,0.031814,0.968186
plaisir,1710-1720,1789-1802,0.228932,0.771068,4301,10216,5716,0.023597,0.976403,0.025512,0.974488
arriver,1710-1720,1789-1802,0.228489,0.771511,1414,4154,5711,0.021083,0.978917,0.035568,0.964432
occasion,1710-1720,1789-1802,0.228356,0.771644,2085,4727,5717,0.012612,0.987388,0.027696,0.972304
fournir,1710-1720,1789-1802,0.227694,0.772306,1488,5115,5712,0.014846,0.985154,0.021536,0.978464
trouvons,1700-1710,1789-1802,0.227018,0.772982,186,895,5690,0.017282,0.982718,0.024804,0.975196
empêcher,1710-1720,1770-1780,0.226984,0.773016,1581,4047,5714,0.019666,0.980334,0.023286,0.976714
nations,1720-1730,1770-1780,0.226847,0.773153,2231,13179,5716,0.032265,0.967735,0.028854,0.971146
dût,1710-1720,1780-1789,0.226114,0.773886,189,1020,5698,0.037259,0.962741,0.023306,0.976694
bout,1720-1730,1789-1802,0.225989,0.774011,3158,6756,5711,0.037592,0.962408,0.037906,0.962094
entendre,1720-1730,1789-1802,0.225977,0.774023,2411,6651,5715,0.016485,0.983515,0.023032,0.976968
doivent,1700-1710,1720-1730,0.225774,0.774226,4260,4556,5718,0.018554,0.981446,0.029519,0.970481
appartement,1720-1730,1760-1770,0.225749,0.774251,252,898,5696,0.011067,0.988933,0.021588,0.978412
regardé,1710-1720,1770-1780,0.225117,0.774883,416,2382,5710,0.026978,0.973022,0.043839,0.956161
servi,1700-1710,1720-1730,0.224923,0.775077,717,906,5711,0.013752,0.986248,0.020444,0.979556
vivre,1710-1720,1730-1740,0.224623,0.775377,1464,2690,5710,0.010842,0.989158,0.019003,0.980997
parti,1710-1720,1789-1802,0.224414,0.775586,2972,15764,5716,0.013333,0.986667,0.020003,0.979997
étendue,1710-1720,1760-1770,0.224341,0.775659,626,3701,5714,0.017593,0.982407,0.023255,0.976745
épouser,1710-1720,1789-1802,0.224217,0.775783,244,522,5679,0.024685,0.975315,0.018521,0.981479
genoux,1720-1730,1770-1780,0.223894,0.776106,681,2223,5702,0.025822,0.974178,0.040708,0.959292
endroits,1730-1740,1789-1802,0.223619,0.776381,2710,2838,5715,0.020052,0.979948,0.024016,0.975984
soldats,1720-1730,1789-1802,0.223497,0.776503,2469,7937,5707,0.022022,0.977978,0.026056,0.973944
dura,1710-1720,1750-1760,0.222948,0.777052,439,645,5687,0.032059,0.967941,0.02393,0.97607
jeune,1710-1720,1720-1730,0.222656,0.777344,3336,3002,5718,0.013449,0.986551,0.02527,0.97473
usage,1720-1730,1789-1802,0.221701,0.778299,2607,8059,5718,0.015641,0.984359,0.019331,0.980669
épée,1720-1730,1789-1802,0.221587,0.778413,252,876,5706,0.019613,0.980387,0.02539,0.97461
envoyé,1720-1730,1760-1770,0.221419,0.778581,955,2067,5708,0.009781,0.990219,0.01793,0.98207
commencé,1710-1720,1789-1802,0.221281,0.778719,842,2372,5707,0.012165,0.987835,0.02158,0.97842
bruit,1720-1730,1789-1802,0.2211,0.7789,1643,5089,5714,0.013527,0.986473,0.020993,0.979007
maux,1740-1750,1789-1802,0.220941,0.779059,2552,7251,5708,0.014277,0.985723,0.0204,0.9796
dîner,1700-1710,1760-1770,0.220883,0.779117,228,742,5682,0.01327,0.98673,0.02403,0.97597
amitié,1720-1730,1789-1802,0.220839,0.779161,865,2585,5712,0.013435,0.986565,0.022508,0.977492
courage,1720-1730,1789-1802,0.220743,0.779257,2293,9762,5714,0.025376,0.974624,0.02115,0.97885
heures,1710-1720,1789-1802,0.22035,0.77965,3259,12951,5709,0.028982,0.971018,0.041704,0.958296
afin,1710-1720,1789-1802,0.22026,0.77974,6593,12478,5716,0.015263,0.984737,0.039868,0.960132
surpris,1720-1730,1789-1802,0.220246,0.779754,1332,2752,5711,0.0133,0.9867,0.024209,0.975791
occasions,1710-1720,1789-1802,0.219736,0.780264,922,1804,5712,0.013583,0.986417,0.023445,0.976555
heureux,1710-1720,1750-1760,0.219436,0.780564,2404,7182,5716,0.009153,0.990847,0.013358,0.986642
fils,1700-1710,1760-1770,0.219224,0.780776,8133,17091,5719,0.019798,0.980202,0.0288,0.9712
venons,1710-1720,1760-1770,0.21793,0.78207,557,3021,5704,0.067277,0.932723,0.067623,0.932377
souper,1720-1730,1740-1750,0.217556,0.782444,409,774,5684,0.009323,0.990677,0.019424,0.980576
parmi,1720-1730,1740-1750,0.217535,0.782465,4115,5836,5716,0.01151,0.98849,0.018031,0.981969
femmes,1710-1720,1720-1730,0.217031,0.782969,2996,3947,5716,0.014854,0.985146,0.020906,0.979094
persuadé,1710-1720,1740-1750,0.216949,0.783051,843,1604,5708,0.018172,0.981828,0.022843,0.977157
vie,1740-1750,1750-1760,0.216877,0.783123,16468,19913,5719,0.016511,0.983489,0.022454,0.977546
seulement,1730-1740,1780-1789,0.216667,0.783333,11482,24980,5719,0.012114,0.987886,0.037645,0.962355
amant,1720-1730,1740-1750,0.21655,0.78345,571,1925,5702,0.010202,0.989798,0.016489,0.983511
ferons,1730-1740,1760-1770,0.216539,0.783461,514,1124,5694,0.020053,0.979947,0.024213,0.975787
étonnement,1710-1720,1780-1789,0.216308,0.783692,165,980,5703,0.015273,0.984727,0.017004,0.982996
parlez,1700-1710,1730-1740,0.216234,0.783766,465,814,5689,0.010577,0.989423,0.029189,0.970811
tué,1710-1720,1789-1802,0.216152,0.783848,897,2057,5699,0.014139,0.985861,0.025192,0.974808
nuit,1700-1710,1730-1740,0.215427,0.784573,3135,5583,5715,0.097771,0.902229,0.117128,0.882872
seule,1710-1720,1740-1750,0.214497,0.785503,3257,7224,5717,0.011626,0.988374,0.016852,0.983148
visage,1710-1720,1780-1789,0.214325,0.785675,1228,4453,5710,0.020208,0.979792,0.02429,0.97571
affaire,1720-1730,1789-1802,0.214051,0.785949,1838,4365,5712,0.014648,0.985352,0.021387,0.978613
regarder,1700-1710,1770-1780,0.213332,0.786668,919,5001,5715,0.031675,0.968325,0.04967,0.95033
entrer,1710-1720,1730-1740,0.213109,0.786891,2285,3739,5715,0.011062,0.988938,0.018821,0.981179
juger,1710-1720,1730-1740,0.212986,0.787014,1868,3075,5716,0.014747,0.985253,0.024466,0.975534
modern,1760-1770,1789-1802,0.21245,0.78755,2079,4570,1157,0.04002,0.95998,0.056531,0.943469
monde,1710-1720,1770-1780,0.21242,0.78758,7599,25394,5718,0.020916,0.979084,0.023872,0.976128
soin,1720-1730,1789-1802,0.212153,0.787847,810,6268,5707,0.020735,0.979265,0.027273,0.972727
celui,1710-1720,1720-1730,0.211912,0.788088,13903,17277,5719,0.012223,0.987777,0.020478,0.979522
aime,1710-1720,1730-1740,0.211446,0.788554,1121,2268,5712,0.010387,0.989613,0.017606,0.982394
avantage,1720-1730,1789-1802,0.211352,0.788648,1452,5452,5715,0.01535,0.98465,0.021267,0.978733
douter,1720-1730,1789-1802,0.210934,0.789066,924,3104,5708,0.025934,0.974066,0.031764,0.968236
côté,1720-1730,1770-1780,0.210835,0.789165,5858,20247,5718,0.017259,0.982741,0.025752,0.974248
mort,1730-1740,1789-1802,0.210602,0.789398,15645,27838,5720,0.017812,0.982188,0.027195,0.972805
arrive,1720-1730,1780-1789,0.21024,0.78976,2010,6459,5716,0.022122,0.977878,0.03349,0.96651
fille,1720-1730,1789-1802,0.209125,0.790875,4399,13401,5714,0.024559,0.975441,0.035179,0.964821
mains,1710-1720,1789-1802,0.208924,0.791076,4978,15758,5716,0.017373,0.982627,0.031986,0.968014
mention,1720-1730,1789-1802,0.208877,0.791123,1319,2745,5713,0.024395,0.975605,0.027528,0.972472
partie,1720-1730,1760-1770,0.208602,0.791398,10469,37247,5718,0.016077,0.983923,0.029014,0.970986
femme,1700-1710,1780-1789,0.208473,0.791527,6606,25756,5716,0.020697,0.979303,0.034481,0.965519
mal,1730-1740,1740-1750,0.208388,0.791612,9008,11080,5718,0.009751,0.990249,0.014656,0.985344
épaules,1730-1740,1770-1780,0.208195,0.791805,333,916,5693,0.019981,0.980019,0.018444,0.981556
temps,1720-1730,1760-1770,0.207904,0.792096,9489,33980,5719,0.019366,0.980634,0.027895,0.972105
prétexte,1710-1720,1770-1780,0.20787,0.79213,1577,4380,5709,0.02096,0.97904,0.030417,0.969583
elt,1710-1720,1730-1740,0.207587,0.792413,3980,3207,5702,0.022324,0.977676,0.045553,0.954447
armée,1710-1720,1730-1740,0.20708,0.79292,913,5562,5714,0.02448,0.97552,0.028749,0.971251
quoique,1700-1710,1760-1770,0.207031,0.792969,2679,12538,5717,0.013209,0.986791,0.022453,0.977547
osé,1710-1720,1789-1802,0.20702,0.79298,304,1677,5688,0.020058,0.979942,0.034417,0.965583
vécu,1700-1710,1730-1740,0.206252,0.793748,304,625,5701,0.013849,0.986151,0.021939,0.978061
attendre,1700-1710,1789-1802,0.206194,0.793806,973,4122,5714,0.011264,0.988736,0.022997,0.977003
troupes,1710-1720,1789-1802,0.205885,0.794115,2007,11523,5700,0.02964,0.97036,0.025791,0.974209
passer,1720-1730,1789-1802,0.205391,0.794609,3044,10660,5718,0.014233,0.985767,0.021411,0.978589
disent,1700-1710,1789-1802,0.20525,0.79475,1426,3034,5710,0.014421,0.985579,0.026847,0.973153
doute,1710-1720,1789-1802,0.204929,0.795071,3096,22887,5716,0.024154,0.975846,0.037932,0.962068
vont,1720-1730,1789-1802,0.204899,0.795101,1707,5007,5713,0.022091,0.977909,0.034033,0.965967
répondit,1720-1730,1750-1760,0.204727,0.795273,1387,2900,5705,0.009189,0.990811,0.019382,0.980618
accident,1710-1720,1789-1802,0.204679,0.795321,400,1033,5711,0.009961,0.990039,0.019713,0.980287
gens,1710-1720,1789-1802,0.204593,0.795407,9532,19794,5717,0.018591,0.981409,0.023067,0.976933
lequel,1700-1710,1789-1802,0.204282,0.795718,4085,14355,5718,0.02079,0.97921,0.037047,0.962953
plusieurs,1720-1730,1789-1802,0.204253,0.795747,11874,32635,5719,0.011794,0.988206,0.025805,0.974195
beaucoup,1700-1710,1789-1802,0.203368,0.796632,9506,35731,5716,0.015047,0.984953,0.026508,0.973492
voit,1710-1720,1740-1750,0.203321,0.796679,6185,11091,5716,0.012177,0.987823,0.023105,0.976895
lesquelles,1720-1730,1760-1770,0.203052,0.796948,2615,6357,5714,0.02408,0.97592,0.033626,0.966374
quels,1710-1720,1740-1750,0.202436,0.797564,1728,2788,5716,0.010572,0.989428,0.020886,0.979114
nombre,1710-1720,1789-1802,0.201431,0.798569,8277,33484,5719,0.022727,0.977273,0.02524,0.97476
efforts,1720-1730,1789-1802,0.200807,0.799193,861,6201,5716,0.02535,0.97465,0.029666,0.970334
mieux,1710-1720,1760-1770,0.200037,0.799963,7577,18972,5717,0.014261,0.985739,0.021015,0.978985
quel,1710-1720,1740-1750,0.198629,0.801371,7676,12661,5719,0.008023,0.991977,0.024138,0.975862
appelle,1710-1720,1789-1802,0.198515,0.801485,2264,6232,5716,0.015198,0.984802,0.024025,0.975975
demandé,1710-1720,1789-1802,0.198307,0.801693,567,3068,5711,0.015235,0.984765,0.02,0.98
égard,1710-1720,1789-1802,0.197529,0.802471,2656,7854,5717,0.040356,0.959644,0.048235,0.951765
amour,1720-1730,1789-1802,0.197451,0.802549,1757,8795,5716,0.017669,0.982331,0.019592,0.980408
assez,1710-1720,1750-1760,0.197176,0.802824,7059,16594,5716,0.018061,0.981939,0.020921,0.979079
yeux,1720-1730,1730-1740,0.196723,0.803277,4534,9179,5716,0.01536,0.98464,0.022705,0.977295
autres,1730-1740,1789-1802,0.196024,0.803976,38973,59116,5721,0.013689,0.986311,0.023594,0.976406
parler,1710-1720,1720-1730,0.194899,0.805101,5819,4995,5717,0.013344,0.986656,0.020596,0.979404
hommes,1710-1720,1789-1802,0.194831,0.805169,7908,45497,5720,0.025277,0.974723,0.03059,0.96941
bonne,1710-1720,1720-1730,0.194818,0.805182,7838,6569,5718,0.019001,0.980999,0.023886,0.976114
étions,1700-1710,1770-1780,0.194184,0.805816,399,1304,5696,0.016887,0.983113,0.027526,0.972474
années,1720-1730,1760-1770,0.193931,0.806069,2502,8685,5716,0.025601,0.974399,0.027785,0.972215
infinité,1710-1720,1789-1802,0.19381,0.80619,749,1226,5705,0.042769,0.957231,0.032364,0.967636
fâché,1700-1710,1760-1770,0.192973,0.807027,407,696,5698,0.015678,0.984322,0.025302,0.974698
rendit,1700-1710,1710-1720,0.191533,0.808467,976,1035,5704,0.01158,0.98842,0.020789,0.979211
heure,1710-1720,1770-1780,0.191015,0.808985,1698,5329,5714,0.025148,0.974852,0.023957,0.976043
laquelle,1700-1710,1760-1770,0.189976,0.810024,5511,19531,5717,0.024988,0.975012,0.032349,0.967651
grande,1720-1730,1770-1780,0.189552,0.810448,13287,43465,5720,0.027941,0.972059,0.028929,0.971071
mots,1720-1730,1750-1760,0.188822,0.811178,2481,5417,5715,0.01619,0.98381,0.023393,0.976607
mettent,1720-1730,1789-1802,0.1887,0.8113,1257,1960,5708,0.024117,0.975883,0.027003,0.972997
nom,1710-1720,1789-1802,0.188617,0.811383,9900,33700,5717,0.017871,0.982129,0.032816,0.967184
coeur,1720-1730,1789-1802,0.188043,0.811957,5353,23752,5712,0.021272,0.978728,0.029263,0.970737
aller,1710-1720,1760-1770,0.187479,0.812521,3565,5857,5716,0.012248,0.987752,0.022234,0.977766
trouvé,1710-1720,1720-1730,0.18745,0.81255,2624,2963,5717,0.008746,0.991254,0.018342,0.981658
appris,1710-1720,1740-1750,0.186678,0.813322,716,2452,5713,0.01059,0.98941,0.01951,0.98049
tems,1710-1720,1789-1802,0.186235,0.813765,9638,25928,5714,0.043891,0.956109,0.026241,0.973759
long,1720-1730,1789-1802,0.186174,0.813826,7402,25054,5721,0.018272,0.981728,0.044209,0.955791
plaira,1710-1720,1789-1802,0.184653,0.815347,760,743,5695,0.037407,0.962593,0.033514,0.966486
jours,1710-1720,1789-1802,0.184121,0.815879,9584,29337,5718,0.022776,0.977224,0.032506,0.967494
voulez,1710-1720,1730-1740,0.18386,0.81614,1848,2339,5705,0.018047,0.981953,0.022084,0.977916
endroit,1700-1710,1789-1802,0.179706,0.820294,2272,2977,5715,0.018075,0.981925,0.030757,0.969243
trouver,1700-1710,1789-1802,0.179587,0.820413,3647,13403,5718,0.011782,0.988218,0.024041,0.975959
eux,1710-1720,1789-1802,0.179411,0.820589,10835,31896,5719,0.016191,0.983809,0.027791,0.972209
bien,1700-1710,1789-1802,0.178906,0.821094,38476,122014,5721,0.016564,0.983436,0.023045,0.976955
parut,1700-1710,1750-1760,0.178631,0.821369,1005,2604,5710,0.022181,0.977819,0.019684,0.980316
fois,1720-1730,1730-1740,0.178085,0.821915,10442,13685,5717,0.014055,0.985945,0.024358,0.975642
autre,1720-1730,1789-1802,0.177386,0.822614,15104,40948,5722,0.018074,0.981926,0.021717,0.978283
ans,1700-1710,1750-1760,0.177369,0.822631,11938,17609,5718,0.042745,0.957255,0.120083,0.879917
arrivé,1720-1730,1789-1802,0.177032,0.822968,1554,4513,5713,0.020308,0.979692,0.026276,0.973724
ouvrage,1700-1710,1789-1802,0.176097,0.823903,2179,11098,5718,0.014751,0.985249,0.024627,0.975373
quelques,1710-1720,1770-1780,0.175897,0.824103,11544,51544,5719,0.011117,0.988883,0.019889,0.980111
trouva,1720-1730,1740-1750,0.175582,0.824418,2619,5874,5708,0.013391,0.986609,0.024437,0.975563
pendant,1710-1720,1780-1789,0.175054,0.824946,8392,33670,5718,0.01046,0.98954,0.029053,0.970947
peu,1710-1720,1789-1802,0.174401,0.825599,18488,61300,5719,0.013699,0.986301,0.022935,0.977065
parlé,1730-1740,1740-1750,0.172532,0.827468,4276,3147,5714,0.023312,0.976688,0.024586,0.975414
fûmes,1740-1750,1770-1780,0.172517,0.827483,479,334,5581,0.0391,0.9609,0.026376,0.973624
depuis,1720-1730,1760-1770,0.171955,0.828045,12573,27282,5719,0.015793,0.984207,0.028972,0.971028
prend,1710-1720,1730-1740,0.171772,0.828228,3511,3727,5715,0.011222,0.988778,0.020578,0.979422
veux,1710-1720,1720-1730,0.17161,0.82839,4274,2707,5714,0.014351,0.985649,0.029556,0.970444
ceux,1720-1730,1780-1789,0.171416,0.828584,27961,87329,5721,0.011635,0.988365,0.019731,0.980269
donné,1710-1720,1750-1760,0.170428,0.829572,6972,11233,5719,0.015906,0.984094,0.025066,0.974934
voir,1720-1730,1789-1802,0.17007,0.82993,12435,34024,5718,0.018528,0.981472,0.029653,0.970347
servir,1720-1730,1789-1802,0.169803,0.830197,4057,11941,5719,0.022402,0.977598,0.028169,0.971831
sert,1730-1740,1760-1770,0.169678,0.830322,2890,10302,5716,0.028135,0.971865,0.023661,0.976339
fasse,1710-1720,1760-1770,0.169293,0.830707,985,1644,5709,0.017667,0.982333,0.019344,0.980656
mis,1710-1720,1720-1730,0.169143,0.830857,5935,5819,5717,0.012293,0.987707,0.018362,0.981638
homme,1710-1720,1720-1730,0.167662,0.832338,10695,9249,5720,0.014589,0.985411,0.022006,0.977994
demanda,1700-1710,1760-1770,0.164922,0.835078,1079,2154,5701,0.025883,0.974117,0.025725,0.974275
uns,1710-1720,1789-1802,0.163286,0.836714,4788,12165,5718,0.023729,0.976271,0.032059,0.967941
aiment,1700-1710,1730-1740,0.162972,0.837028,396,454,5700,0.011085,0.988915,0.019676,0.980324
grand,1710-1720,1789-1802,0.162687,0.837313,20740,56794,5721,0.015858,0.984142,0.022667,0.977333
celles,1700-1710,1780-1789,0.162272,0.837728,5304,29596,5718,0.01416,0.98584,0.027157,0.972843
quelle,1710-1720,1789-1802,0.160995,0.839005,5351,17835,5717,0.013209,0.986791,0.030468,0.969532
quelque,1720-1730,1789-1802,0.160846,0.839154,18078,36256,5718,0.013319,0.986681,0.023605,0.976395
trop,1710-1720,1750-1760,0.160107,0.839893,10733,25474,5717,0.014264,0.985736,0.020232,0.979768
obligé,1710-1720,1740-1750,0.159979,0.840021,2757,4815,5714,0.022008,0.977992,0.03062,0.96938
rendre,1710-1720,1740-1750,0.156726,0.843274,7385,14388,5717,0.013422,0.986578,0.022211,0.977789
feront,1700-1710,1710-1720,0.155846,0.844154,5494,13631,5713,0.01961,0.98039,0.024782,0.975218
aucun,1710-1720,1789-1802,0.155141,0.844859,7127,23245,5718,0.015997,0.984003,0.022258,0.977742
fera,1700-1710,1789-1802,0.153032,0.846968,9241,32944,5718,0.016788,0.983212,0.02737,0.97263
trouvent,1710-1720,1740-1750,0.152732,0.847268,1799,3410,5717,0.018701,0.981299,0.020538,0.979462
eut,1720-1730,1789-1802,0.151677,0.848323,6375,16449,5716,0.018522,0.981478,0.023541,0.976459
mit,1710-1720,1740-1750,0.151115,0.848885,1903,3864,5709,0.01856,0.98144,0.020641,0.979359
pris,1710-1720,1720-1730,0.150946,0.849054,5862,6123,5717,0.007955,0.992045,0.017907,0.982093
trouve,1700-1710,1780-1789,0.149948,0.850052,5372,30135,5719,0.015553,0.984447,0.023257,0.976743
prennent,1710-1720,1730-1740,0.149249,0.850751,1152,1053,5711,0.013019,0.986981,0.018524,0.981476
donne,1700-1710,1740-1750,0.147761,0.852239,6568,11318,5718,0.013481,0.986519,0.020034,0.979966
mettre,1710-1720,1740-1750,0.145559,0.854441,8324,10832,5718,0.02106,0.97894,0.022693,0.977307
chose,1720-1730,1770-1780,0.144246,0.855754,9072,23347,5717,0.01764,0.98236,0.022956,0.977044
donna,1710-1720,1720-1730,0.144003,0.855997,2749,3975,5711,0.013427,0.986573,0.021905,0.978095
dit,1710-1720,1789-1802,0.143973,0.856027,28625,74863,5721,0.009665,0.990335,0.021252,0.978748
unes,1710-1720,1789-1802,0.141461,0.858539,1225,4380,5716,0.028375,0.971625,0.031909,0.968091
aucune,1710-1720,1789-1802,0.141356,0.858644,5966,20196,5718,0.019591,0.980409,0.023815,0.976185
auroit,1710-1720,1740-1750,0.141247,0.858753,5541,9633,5715,0.033466,0.966534,0.027928,0.972072
soit,1710-1720,1789-1802,0.137508,0.862492,20704,59178,5721,0.018885,0.981115,0.030272,0.969728
dire,1710-1720,1730-1740,0.135923,0.864077,18842,25534,5720,0.01503,0.98497,0.018524,0.981476
fût,1710-1720,1720-1730,0.134837,0.865163,3683,3128,5713,0.026758,0.973242,0.027238,0.972762
voulu,1710-1720,1720-1730,0.130228,0.869772,2660,2749,5716,0.015605,0.984395,0.023876,0.976124
prendre,1710-1720,1720-1730,0.129587,0.870413,9278,8184,5718,0.010527,0.989473,0.021383,0.978617
ait,1720-1730,1730-1740,0.12922,0.87078,6634,9039,5718,0.019414,0.980586,0.027675,0.972325
étoit,1700-1710,1710-1720,0.128089,0.871911,16171,14568,5718,0.035349,0.964651,0.017906,0.982094
faisoit,1700-1710,1710-1720,0.127324,0.872676,2664,2968,5707,0.025104,0.974896,0.017851,0.982149
eût,1710-1720,1720-1730,0.125945,0.874055,3388,4141,5717,0.022772,0.977228,0.034148,0.965852
soient,1710-1720,1720-1730,0.125014,0.874986,6251,5462,5716,0.020488,0.979512,0.025036,0.974964
étoient,1710-1720,1720-1730,0.123799,0.876201,6919,9344,5716,0.032329,0.967671,0.018551,0.981449
firent,1710-1720,1740-1750,0.122671,0.877329,2212,5803,5707,0.015797,0.984203,0.017939,0.982061
fit,1710-1720,1720-1730,0.117945,0.882055,12916,17863,5717,0.012311,0.987689,0.017761,0.982239
donner,1700-1710,1740-1750,0.115453,0.884547,9591,17356,5718,0.016486,0.983514,0.022575,0.977425
pût,1710-1720,1720-1730,0.102277,0.897723,1428,1479,5711,0.035587,0.964413,0.032016,0.967984
doit,1700-1710,1789-1802,0.097631,0.902369,13858,55322,5720,0.015491,0.984509,0.030448,0.969552
avoit,1710-1720,1740-1750,0.096673,0.903327,19188,54844,5721,0.028648,0.971352,0.021456,0.978544
avoient,1700-1710,1710-1720,0.093813,0.906187,5620,7113,5716,0.034678,0.965322,0.019941,0.980059
pouvoit,1700-1710,1710-1720,0.0893,0.9107,3249,3008,5710,0.022652,0.977348,0.023909,0.976091
font,1720-1730,1789-1802,0.08926,0.91074,58192,97065,5719,0.026056,0.973944,0.035512,0.964488
peut,1700-1710,1710-1720,0.070644,0.929356,21358,23384,5722,0.011216,0.988784,0.022887,0.977113
