word,period1,period2,cosine_distance,cosine_similarity,occ1,occ2,degree,cosine_distance_camembert,cosine_similarity_camembert,cosine_distance_dalembert,cosine_similarity_dalembert
veau,1720-1730,1789-1802,1.004967,-0.004967,4686,1418,5692,0.131567,0.868433,0.085478,0.914522
vivant,1750-1760,1760-1770,0.97374,0.02626,1464,1840,5712,0.006252,0.993748,0.014039,0.985961
propos,1740-1750,1789-1802,0.936395,0.063605,4733,7478,5718,0.032507,0.967493,0.033145,0.966855
exprès,1710-1720,1789-1802,0.906367,0.093633,771,1203,5696,0.011302,0.988698,0.01739,0.98261
garde,1760-1770,1789-1802,0.887376,0.112624,7550,14711,5717,0.023052,0.976948,0.035312,0.964688
passant,1750-1760,1780-1789,0.8783,0.1217,1016,2511,5710,0.012813,0.987187,0.019588,0.980412
ajoutez,1720-1730,1740-1750,0.877497,0.122503,270,340,5691,0.007474,0.992526,0.018411,0.981589
oubli,1700-1710,1720-1730,0.872633,0.127367,78,105,5702,0.00697,0.99303,0.019046,0.980954
vent,1730-1740,1750-1760,0.86839,0.13161,2993,3932,5715,0.009259,0.990741,0.018934,0.981066
généraux,1740-1750,1789-1802,0.854494,0.145506,3176,11426,5712,0.026871,0.973129,0.028796,0.971204
pouvoir,1710-1720,1770-1780,0.84985,0.15015,5488,24279,5718,0.012438,0.987562,0.020655,0.979345
trompe,1710-1720,1740-1750,0.846517,0.153483,752,1065,5709,0.013334,0.986666,0.03152,0.96848
prudent,1760-1770,1789-1802,0.836466,0.163534,620,1099,5699,0.010435,0.989565,0.012765,0.987235
revenant,1710-1720,1730-1740,0.832928,0.167072,226,653,5694,0.067575,0.932425,0.069354,0.930646
communes,1760-1770,1789-1802,0.832164,0.167836,2240,5192,5709,0.032871,0.967129,0.053287,0.946713
étrangères,1780-1789,1789-1802,0.82766,0.17234,2047,3333,5708,0.017253,0.982747,0.017056,0.982944
entiere,1740-1750,1789-1802,0.826072,0.173928,1293,1584,5694,0.022916,0.977084,0.016364,0.983636
vivement,1750-1760,1770-1780,0.824974,0.175026,1507,3023,5710,0.011527,0.988473,0.021917,0.978083
contenu,1710-1720,1789-1802,0.819274,0.180726,1091,876,5697,0.05396,0.94604,0.072711,0.927289
nouveaux,1710-1720,1720-1730,0.816353,0.183647,2218,2070,5718,0.009763,0.990237,0.017168,0.982832
quartier,1710-1720,1720-1730,0.810072,0.189928,1539,2090,5700,0.011904,0.988096,0.016022,0.983978
favori,1750-1760,1789-1802,0.805661,0.194339,631,910,5691,0.006321,0.993679,0.010463,0.989537
composer,1730-1740,1750-1760,0.800793,0.199207,503,683,5704,0.009507,0.990493,0.014334,0.985666
logement,1710-1720,1730-1740,0.800584,0.199416,289,314,5675,0.007402,0.992598,0.014355,0.985645
cadet,1740-1750,1760-1770,0.792144,0.207856,168,1292,5667,0.051273,0.948727,0.071734,0.928266
cour,1700-1710,1710-1720,0.791448,0.208552,5404,10201,5717,0.024128,0.975872,0.026315,0.973685
tournois,1720-1730,1780-1789,0.790492,0.209508,970,1825,5674,0.018712,0.981288,0.048448,0.951552
nullement,1710-1720,1780-1789,0.790302,0.209698,555,1864,5707,0.011307,0.988693,0.016303,0.983697
course,1760-1770,1780-1789,0.787316,0.212684,790,1536,5702,0.007024,0.992976,0.013541,0.986459
pareillement,1750-1760,1770-1780,0.786799,0.213201,1517,2393,5687,0.023151,0.976849,0.024378,0.975622
convertir,1710-1720,1750-1760,0.786247,0.213753,212,352,5685,0.010779,0.989221,0.019031,0.980969
consul,1730-1740,1740-1750,0.785755,0.214245,407,485,5671,0.01215,0.98785,0.021188,0.978812
quelconques,1730-1740,1760-1770,0.78428,0.21572,295,585,5641,0.027177,0.972823,0.044116,0.955884
romaine,1710-1720,1730-1740,0.782727,0.217273,551,3180,5706,0.020216,0.979784,0.039055,0.960945
https,1780-1789,1789-1802,0.781996,0.218004,733,1554,27,0.033557,0.966443,0.074401,0.925599
allant,1730-1740,1760-1770,0.781979,0.218021,598,3778,5700,0.042558,0.957442,0.069965,0.930035
témoin,1710-1720,1770-1780,0.780918,0.219082,758,2692,5711,0.021548,0.978452,0.066448,0.933552
oeuvre,1760-1770,1789-1802,0.780824,0.219176,1085,1126,5700,0.022758,0.977242,0.028385,0.971615
icelle,1730-1740,1789-1802,0.780726,0.219274,320,453,5656,0.031471,0.968529,0.068077,0.931923
argument,1730-1740,1789-1802,0.780443,0.219557,558,640,5695,0.014566,0.985434,0.022994,0.977006
pareil,1730-1740,1750-1760,0.780299,0.219701,1794,2576,5717,0.013727,0.986273,0.021073,0.978927
logis,1720-1730,1789-1802,0.779941,0.220059,717,1009,5680,0.023866,0.976134,0.03371,0.96629
repos,1720-1730,1740-1750,0.779802,0.220198,1495,3224,5716,0.012754,0.987246,0.017513,0.982487
divin,1720-1730,1730-1740,0.777743,0.222257,907,916,5705,0.01184,0.98816,0.027519,0.972481
miens,1710-1720,1780-1789,0.777336,0.222664,259,1130,5684,0.023001,0.976999,0.027047,0.972953
toit,1760-1770,1770-1780,0.776794,0.223206,3603,4921,5703,0.003154,0.996846,0.012358,0.987642
livre,1710-1720,1760-1770,0.776108,0.223892,6655,16042,5718,0.014328,0.985672,0.028631,0.971369
nier,1710-1720,1720-1730,0.773556,0.226444,536,647,5706,0.00466,0.99534,0.012837,0.987163
hautes,1720-1730,1789-1802,0.772598,0.227402,841,1548,5698,0.024223,0.975777,0.025365,0.974635
voulons,1700-1710,1710-1720,0.771498,0.228502,547,2228,5706,0.035461,0.964539,0.046007,0.953993
vons,1750-1760,1780-1789,0.771268,0.228732,443,785,5672,0.009217,0.990783,0.030471,0.969529
prévôt,1710-1720,1770-1780,0.770804,0.229196,711,655,5672,0.156129,0.843871,0.035659,0.964341
table,1740-1750,1770-1780,0.769692,0.230308,4003,8649,5720,0.006967,0.993033,0.0124,0.9876
pratique,1710-1720,1760-1770,0.76862,0.23138,1292,5008,5708,0.024157,0.975843,0.015362,0.984638
atteint,1770-1780,1780-1789,0.766312,0.233688,1095,1315,5700,0.007933,0.992067,0.013876,0.986124
innocent,1700-1710,1720-1730,0.765484,0.234516,380,395,5700,0.006488,0.993512,0.014856,0.985144
mariages,1750-1760,1770-1780,0.764895,0.235105,514,1539,5689,0.009984,0.990016,0.015821,0.984179
verront,1710-1720,1740-1750,0.762965,0.237035,632,515,5692,0.010292,0.989708,0.020392,0.979608
découverte,1730-1740,1740-1750,0.75984,0.24016,779,1523,5705,0.009973,0.990027,0.018425,0.981575
sacrifices,1760-1770,1789-1802,0.75692,0.24308,785,2412,5701,0.025746,0.974254,0.023115,0.976885
chef,1710-1720,1789-1802,0.756823,0.243177,1974,11201,5713,0.013206,0.986794,0.023107,0.976893
arrivant,1740-1750,1770-1780,0.754403,0.245597,911,707,5688,0.028077,0.971923,0.022237,0.977763
canons,1710-1720,1740-1750,0.750717,0.249283,325,998,5672,0.013293,0.986707,0.021915,0.978085
mauvaises,1750-1760,1760-1770,0.750548,0.249452,1270,1958,5704,0.021529,0.978471,0.017217,0.982783
veille,1730-1740,1740-1750,0.750143,0.249857,976,1115,5708,0.009383,0.990617,0.015362,0.984638
gardes,1700-1710,1710-1720,0.749766,0.250234,1141,2008,5704,0.011129,0.988871,0.02071,0.97929
juré,1700-1710,1710-1720,0.749608,0.250392,169,399,5686,0.010549,0.989451,0.022383,0.977617
chrétienne,1730-1740,1750-1760,0.747174,0.252826,892,1395,5688,0.016821,0.983179,0.027544,0.972456
marqué,1750-1760,1770-1780,0.746749,0.253251,1316,2156,5713,0.009521,0.990479,0.017729,0.982271
venise,1750-1760,1760-1770,0.745718,0.254282,1381,1585,5683,0.008336,0.991664,0.025843,0.974157
compter,1710-1720,1730-1740,0.742767,0.257233,1313,1930,5714,0.014506,0.985494,0.014525,0.985475
monnoie,1770-1780,1789-1802,0.742284,0.257716,3510,7673,5685,0.033331,0.966669,0.023817,0.976183
donnons,1710-1720,1730-1740,0.741916,0.258084,578,391,5694,0.028815,0.971185,0.039082,0.960918
compassion,1740-1750,1770-1780,0.741835,0.258165,436,774,5689,0.014603,0.985397,0.01604,0.98396
peur,1710-1720,1750-1760,0.741547,0.258453,2266,3058,5714,0.017151,0.982849,0.019483,0.980517
changé,1730-1740,1750-1760,0.740993,0.259007,1909,1163,5707,0.052975,0.947025,0.038659,0.961341
jésuites,1710-1720,1720-1730,0.740774,0.259226,407,291,5636,0.034728,0.965272,0.024912,0.975088
exercice,1710-1720,1750-1760,0.740331,0.259669,593,698,5707,0.017435,0.982565,0.019978,0.980022
chargé,1720-1730,1760-1770,0.737953,0.262047,1341,6126,5715,0.026769,0.973231,0.029665,0.970335
senti,1730-1740,1789-1802,0.7377,0.2623,733,2315,5712,0.010621,0.989379,0.019385,0.980615
convenu,1760-1770,1789-1802,0.737318,0.262682,1029,1638,5701,0.007351,0.992649,0.015714,0.984286
soulagement,1730-1740,1750-1760,0.735711,0.264289,235,564,5688,0.012759,0.987241,0.019328,0.980672
avoue,1710-1720,1789-1802,0.733908,0.266092,224,971,5709,0.027754,0.972246,0.018679,0.981321
simplement,1750-1760,1780-1789,0.733816,0.266184,1131,1926,5711,0.008211,0.991789,0.018523,0.981477
forêts,1720-1730,1760-1770,0.733433,0.266567,502,2039,5689,0.018244,0.981756,0.021947,0.978053
accoutumé,1720-1730,1789-1802,0.733024,0.266976,378,819,5700,0.053499,0.946501,0.038884,0.961116
tenu,1710-1720,1720-1730,0.731838,0.268162,2397,1502,5711,0.014053,0.985947,0.031384,0.968616
sainteté,1750-1760,1789-1802,0.729311,0.270689,727,799,5673,0.017582,0.982418,0.019195,0.980805
hiver,1730-1740,1750-1760,0.728907,0.271093,123,238,5700,0.035328,0.964672,0.026031,0.973969
voyant,1730-1740,1740-1750,0.727937,0.272063,3009,3024,5714,0.015557,0.984443,0.022071,0.977929
confié,1760-1770,1789-1802,0.727296,0.272704,618,1417,5692,0.010274,0.989726,0.016047,0.983953
cire,1720-1730,1789-1802,0.726933,0.273067,1070,1168,5696,0.053244,0.946756,0.069797,0.930203
published,1750-1760,1770-1780,0.726857,0.273143,697,1034,75,0.039782,0.960218,0.061966,0.938034
assura,1700-1710,1720-1730,0.726445,0.273555,58,58,5649,0.011343,0.988657,0.027927,0.972073
critiques,1760-1770,1789-1802,0.725495,0.274505,836,996,5706,0.009578,0.990422,0.011975,0.988025
envie,1750-1760,1789-1802,0.724852,0.275148,1206,1650,5713,0.013535,0.986465,0.01752,0.98248
jugez,1710-1720,1760-1770,0.724496,0.275504,337,713,5688,0.021898,0.978102,0.039142,0.960858
prise,1720-1730,1740-1750,0.722821,0.277179,1438,2548,5715,0.009403,0.990597,0.016853,0.983147
racine,1730-1740,1789-1802,0.722691,0.277309,797,2685,5699,0.007388,0.992612,0.012106,0.987894
moyennant,1740-1750,1780-1789,0.721971,0.278029,577,1302,5680,0.00895,0.99105,0.014898,0.985102
capitaine,1720-1730,1760-1770,0.721807,0.278193,2816,13112,5702,0.05877,0.94123,0.078103,0.921897
accord,1710-1720,1789-1802,0.721148,0.278852,187,1202,5712,0.030187,0.969813,0.039734,0.960266
lacs,1710-1720,1720-1730,0.721088,0.278912,292,304,5667,0.020841,0.979159,0.025692,0.974308
loge,1720-1730,1760-1770,0.721061,0.278939,207,813,5688,0.011173,0.988827,0.028209,0.971791
finir,1710-1720,1750-1760,0.720376,0.279624,648,1193,5713,0.008537,0.991463,0.013875,0.986125
toulouse,1710-1720,1760-1770,0.719436,0.280564,643,1288,5663,0.056202,0.943798,0.046067,0.953933
supposé,1720-1730,1789-1802,0.71942,0.28058,337,913,5700,0.020627,0.979373,0.04041,0.95959
dernier,1710-1720,1740-1750,0.718681,0.281319,5034,6693,5718,0.015885,0.984115,0.021111,0.978889
content,1730-1740,1750-1760,0.718389,0.281611,1529,1717,5711,0.01091,0.98909,0.016379,0.983621
continuelle,1770-1780,1789-1802,0.717989,0.282011,1179,1046,5704,0.030545,0.969455,0.015302,0.984698
joué,1740-1750,1789-1802,0.717969,0.282031,254,700,5677,0.015305,0.984695,0.025501,0.974499
grosses,1730-1740,1750-1760,0.717963,0.282037,1314,1535,5690,0.014362,0.985638,0.022899,0.977101
tableau,1780-1789,1789-1802,0.717956,0.282044,8709,9596,5717,0.009082,0.990918,0.014537,0.985463
demie,1740-1750,1789-1802,0.717059,0.282941,2509,2203,5688,0.067519,0.932481,0.074054,0.925946
suffisante,1730-1740,1740-1750,0.717046,0.282954,410,442,5690,0.011849,0.988151,0.018591,0.981409
éleva,1720-1730,1740-1750,0.716986,0.283014,102,130,5685,0.026574,0.973426,0.030351,0.969649
bourse,1710-1720,1760-1770,0.716637,0.283363,769,926,5687,0.010867,0.989133,0.022125,0.977875
sicile,1710-1720,1730-1740,0.716135,0.283865,1055,2724,5694,0.037406,0.962594,0.040376,0.959624
ouverte,1730-1740,1750-1760,0.713882,0.286118,869,1009,5709,0.008027,0.991973,0.016062,0.983938
royaux,1710-1720,1780-1789,0.713309,0.286691,606,1423,5673,0.031585,0.968415,0.027581,0.972419
ténèbres,1710-1720,1750-1760,0.712979,0.287021,115,375,5686,0.012875,0.987125,0.018306,0.981694
haute,1740-1750,1750-1760,0.712289,0.287711,2803,2305,5714,0.026441,0.973559,0.022825,0.977175
effort,1760-1770,1780-1789,0.711072,0.288928,1378,2173,5711,0.012489,0.987511,0.016208,0.983792
testament,1750-1760,1760-1770,0.709764,0.290236,1354,1391,5691,0.010211,0.989789,0.013716,0.986284
semaine,1710-1720,1730-1740,0.709273,0.290727,617,325,5683,0.028738,0.971262,0.026563,0.973437
lire,1700-1710,1710-1720,0.709265,0.290735,1242,1664,5713,0.011201,0.988799,0.019819,0.980181
opposition,1710-1720,1720-1730,0.708418,0.291582,366,234,5706,0.015803,0.984197,0.017862,0.982138
précédente,1720-1730,1750-1760,0.708152,0.291848,276,952,5700,0.01566,0.98434,0.02293,0.97707
trépas,1730-1740,1770-1780,0.707581,0.292419,1619,1002,5673,0.121851,0.878149,0.128074,0.871926
text,1730-1740,1770-1780,0.707476,0.292524,559,741,1271,0.038242,0.961758,0.046073,0.953927
serviteurs,1740-1750,1789-1802,0.706967,0.293033,539,902,5671,0.023304,0.976696,0.026035,0.973965
soldat,1720-1730,1730-1740,0.706785,0.293215,484,895,5703,0.016887,0.983113,0.017481,0.982519
faciliter,1700-1710,1770-1780,0.706744,0.293256,167,1396,5685,0.019786,0.980214,0.020278,0.979722
prononcer,1710-1720,1740-1750,0.706308,0.293692,325,691,5708,0.010171,0.989829,0.015452,0.984548
transports,1770-1780,1789-1802,0.705792,0.294208,1810,1864,5699,0.012013,0.987987,0.021528,0.978472
marché,1720-1730,1760-1770,0.704571,0.295429,1120,3980,5707,0.031164,0.968836,0.023661,0.976339
devoir,1700-1710,1710-1720,0.70411,0.29589,2435,2744,5716,0.01155,0.98845,0.018388,0.981612
comptant,1740-1750,1760-1770,0.703908,0.296092,581,1408,5688,0.016686,0.983314,0.02296,0.97704
inconnu,1710-1720,1760-1770,0.7039,0.2961,333,1010,5709,0.005579,0.994421,0.010797,0.989203
puis,1710-1720,1720-1730,0.703523,0.296477,8354,6434,5717,0.008456,0.991544,0.024263,0.975737
conformité,1710-1720,1789-1802,0.703442,0.296558,268,579,5697,0.029219,0.970781,0.025501,0.974499
criminel,1710-1720,1740-1750,0.702387,0.297613,683,870,5698,0.014892,0.985108,0.028409,0.971591
premieres,1720-1730,1780-1789,0.702335,0.297665,901,3460,5691,0.022275,0.977725,0.026804,0.973196
sortant,1720-1730,1730-1740,0.701368,0.298632,388,1118,5703,0.021198,0.978802,0.034708,0.965292
quatrieme,1710-1720,1730-1740,0.701072,0.298928,365,343,5682,0.03891,0.96109,0.0524,0.9476
lever,1700-1710,1710-1720,0.700569,0.299431,1015,1273,5711,0.009431,0.990569,0.018615,0.981385
signature,1730-1740,1760-1770,0.699959,0.300041,244,458,5647,0.033794,0.966206,0.031996,0.968004
toucher,1750-1760,1760-1770,0.699824,0.300176,1555,2096,5706,0.008265,0.991735,0.012047,0.987953
avoine,1700-1710,1760-1770,0.698552,0.301448,70,947,5634,0.048927,0.951073,0.04966,0.95034
garnison,1720-1730,1780-1789,0.698541,0.301459,509,893,5673,0.012555,0.987445,0.018958,0.981042
compté,1720-1730,1760-1770,0.698536,0.301464,340,876,5690,0.012113,0.987887,0.017651,0.982349
prêter,1710-1720,1720-1730,0.697499,0.302501,662,462,5708,0.016299,0.983701,0.019853,0.980147
fondre,1730-1740,1789-1802,0.697089,0.302911,1073,898,5700,0.019004,0.980996,0.023735,0.976265
tiens,1720-1730,1770-1780,0.696856,0.303144,535,1861,5704,0.008269,0.991731,0.014536,0.985464
sachant,1740-1750,1750-1760,0.696223,0.303777,266,273,5682,0.011529,0.988471,0.015042,0.984958
reconnoissance,1720-1730,1740-1750,0.696124,0.303876,1452,3539,5708,0.037123,0.962877,0.013949,0.986051
prompt,1780-1789,1789-1802,0.695844,0.304156,1412,1190,5703,0.009237,0.990763,0.014705,0.985295
ranger,1720-1730,1750-1760,0.695152,0.304848,404,375,5686,0.021998,0.978002,0.022579,0.977421
sainte,1720-1730,1770-1780,0.694771,0.305229,3385,3864,5714,0.035952,0.964048,0.026006,0.973994
visite,1710-1720,1730-1740,0.693749,0.306251,815,899,5682,0.006861,0.993139,0.0129,0.9871
dommage,1740-1750,1750-1760,0.693217,0.306783,916,1230,5699,0.021563,0.978437,0.019129,0.980871
présenter,1710-1720,1780-1789,0.692138,0.307862,403,3985,5710,0.015381,0.984619,0.023719,0.976281
miséricorde,1720-1730,1760-1770,0.690272,0.309728,171,442,5650,0.017967,0.982033,0.020687,0.979313
hier,1710-1720,1740-1750,0.690208,0.309792,352,815,5697,0.008344,0.991656,0.01877,0.98123
mere,1700-1710,1710-1720,0.690078,0.309922,2559,2277,5707,0.022407,0.977593,0.023717,0.976283
miracles,1720-1730,1730-1740,0.689847,0.310153,588,548,5679,0.011401,0.988599,0.016279,0.983721
cest,1700-1710,1780-1789,0.68954,0.31046,857,1928,5698,0.020474,0.979526,0.068415,0.931585
pure,1760-1770,1770-1780,0.689506,0.310494,2994,3583,5716,0.010261,0.989739,0.013325,0.986675
auxquels,1760-1770,1789-1802,0.689201,0.310799,3883,5151,5712,0.013322,0.986678,0.028262,0.971738
déterminé,1700-1710,1789-1802,0.68891,0.31109,250,2559,5704,0.02828,0.97172,0.030294,0.969706
frapper,1730-1740,1789-1802,0.688489,0.311511,602,2041,5700,0.015504,0.984496,0.026774,0.973226
entretien,1700-1710,1760-1770,0.687974,0.312026,343,1144,5708,0.016059,0.983941,0.029026,0.970974
suivans,1700-1710,1770-1780,0.687037,0.312963,287,984,5696,0.024596,0.975404,0.021625,0.978375
reculer,1710-1720,1789-1802,0.68652,0.31348,113,593,5674,0.012396,0.987604,0.016603,0.983397
anciens,1710-1720,1720-1730,0.686381,0.313619,4967,4858,5718,0.012735,0.987265,0.023283,0.976717
mortel,1750-1760,1789-1802,0.685946,0.314054,842,1465,5709,0.008486,0.991514,0.01296,0.98704
curiosité,1730-1740,1760-1770,0.685925,0.314075,834,1096,5709,0.02175,0.97825,0.015678,0.984322
observer,1710-1720,1730-1740,0.685774,0.314226,1340,1202,5713,0.013204,0.986796,0.023727,0.976273
dresser,1710-1720,1750-1760,0.685681,0.314319,360,498,5690,0.014213,0.985787,0.018594,0.981406
arrêta,1710-1720,1789-1802,0.685637,0.314363,76,476,5682,0.018093,0.981907,0.015134,0.984866
campagne,1710-1720,1780-1789,0.685605,0.314395,2160,6845,5711,0.015694,0.984306,0.024798,0.975202
domestique,1780-1789,1789-1802,0.685373,0.314627,1625,2137,5695,0.006721,0.993279,0.015241,0.984759
front,1720-1730,1770-1780,0.685371,0.314629,1146,3305,5713,0.028295,0.971705,0.032407,0.967593
employé,1770-1780,1789-1802,0.68388,0.31612,3435,4119,5710,0.009658,0.990342,0.016569,0.983431
loisir,1730-1740,1740-1750,0.683807,0.316193,534,509,5693,0.011148,0.988852,0.017346,0.982654
noirs,1750-1760,1789-1802,0.683713,0.316287,956,2608,5695,0.019035,0.980965,0.023805,0.976195
attendant,1750-1760,1770-1780,0.683695,0.316305,1095,2013,5706,0.009731,0.990269,0.019789,0.980211
palais,1710-1720,1789-1802,0.683681,0.316319,2485,5939,5716,0.018488,0.981512,0.028891,0.971109
voleur,1720-1730,1760-1770,0.683522,0.316478,185,397,5678,0.006569,0.993431,0.014107,0.985893
fâcheux,1730-1740,1760-1770,0.683001,0.316999,473,724,5702,0.030582,0.969418,0.014735,0.985265
pressé,1770-1780,1780-1789,0.682511,0.317489,818,990,5686,0.005523,0.994477,0.012939,0.987061
dira,1710-1720,1750-1760,0.68242,0.31758,725,1586,5709,0.009091,0.990909,0.016165,0.983835
enrichir,1760-1770,1789-1802,0.68235,0.31765,410,519,5696,0.01518,0.98482,0.015004,0.984996
exercé,1700-1710,1789-1802,0.682096,0.317904,88,975,5698,0.015526,0.984474,0.024232,0.975768
prévu,1710-1720,1789-1802,0.681892,0.318108,168,1159,5691,0.030633,0.969367,0.04528,0.95472
aides,1710-1720,1770-1780,0.681574,0.318426,110,3091,5677,0.040041,0.959959,0.062429,0.937571
providence,1730-1740,1789-1802,0.681303,0.318697,985,2132,5700,0.033862,0.966138,0.023968,0.976032
constant,1750-1760,1770-1780,0.680899,0.319101,471,916,5693,0.010089,0.989911,0.017308,0.982692
philippe,1710-1720,1720-1730,0.678227,0.321773,1083,3941,5701,0.053212,0.946788,0.033047,0.966953
obstacle,1760-1770,1770-1780,0.67759,0.32241,1208,1641,5699,0.012996,0.987004,0.016318,0.983682
restent,1700-1710,1710-1720,0.677538,0.322462,137,184,5709,0.015868,0.984132,0.021362,0.978638
fécond,1710-1720,1789-1802,0.677161,0.322839,193,958,5695,0.010028,0.989972,0.024605,0.975395
fept,1710-1720,1760-1770,0.676781,0.323219,343,1023,5649,0.012039,0.987961,0.052755,0.947245
ajoute,1760-1770,1770-1780,0.676627,0.323373,3130,4784,5715,0.008649,0.991351,0.012838,0.987162
rupture,1750-1760,1760-1770,0.675829,0.324171,364,427,5683,0.010356,0.989644,0.014311,0.985689
extraordinaire,1750-1760,1789-1802,0.675823,0.324177,1327,3419,5715,0.016471,0.983529,0.022055,0.977945
mourant,1700-1710,1720-1730,0.675672,0.324328,249,232,5702,0.024352,0.975648,0.018876,0.981124
prétendu,1700-1710,1740-1750,0.675481,0.324519,297,988,5708,0.008439,0.991561,0.017495,0.982505
proche,1710-1720,1789-1802,0.675409,0.324591,1970,1361,5705,0.026981,0.973019,0.061856,0.938144
naufrage,1720-1730,1740-1750,0.67479,0.32521,173,602,5692,0.013387,0.986613,0.019717,0.980283
commission,1740-1750,1789-1802,0.67467,0.32533,1152,5050,5690,0.044524,0.955476,0.047935,0.952065
etats,1700-1710,1789-1802,0.674403,0.325597,1973,14262,5703,0.037131,0.962869,0.030529,0.969471
tribunal,1710-1720,1789-1802,0.674101,0.325899,518,6806,5700,0.037891,0.962109,0.02969,0.97031
esclavage,1760-1770,1770-1780,0.673798,0.326202,355,591,5683,0.014332,0.985668,0.016154,0.983846
agrément,1750-1760,1789-1802,0.673086,0.326914,325,388,5703,0.014277,0.985723,0.017867,0.982133
travers,1740-1750,1780-1789,0.672939,0.327061,1929,5518,5714,0.021051,0.978949,0.026446,0.973554
renfermé,1730-1740,1750-1760,0.672043,0.327957,330,489,5699,0.017988,0.982012,0.016613,0.983387
reviens,1730-1740,1770-1780,0.671783,0.328217,338,676,5672,0.013616,0.986384,0.023458,0.976542
faim,1740-1750,1770-1780,0.671664,0.328336,848,1834,5705,0.015362,0.984638,0.019608,0.980392
dessein,1750-1760,1789-1802,0.67165,0.32835,4693,3366,5714,0.012061,0.987939,0.021841,0.978159
fleurs,1700-1710,1720-1730,0.671127,0.328873,1490,1504,5715,0.021976,0.978024,0.031014,0.968986
singulier,1700-1710,1730-1740,0.670845,0.329155,241,740,5708,0.008715,0.991285,0.015561,0.984439
parer,1730-1740,1780-1789,0.670806,0.329194,397,1231,5694,0.020711,0.979289,0.015497,0.984503
confier,1700-1710,1750-1760,0.670507,0.329493,167,521,5688,0.019927,0.980073,0.019011,0.980989
observe,1740-1750,1770-1780,0.669889,0.330111,1449,2359,5712,0.01026,0.98974,0.018036,0.981964
autant,1710-1720,1740-1750,0.669149,0.330851,5275,8836,5717,0.015726,0.984274,0.023077,0.976923
portera,1720-1730,1730-1740,0.668879,0.331121,129,188,5683,0.007658,0.992342,0.015203,0.984797
patentes,1780-1789,1789-1802,0.668871,0.331129,3466,1512,5675,0.042128,0.957872,0.051108,0.948892
répondre,1700-1710,1710-1720,0.668716,0.331284,1037,1350,5713,0.014108,0.985892,0.020098,0.979902
sage,1740-1750,1750-1760,0.668446,0.331554,2910,4323,5717,0.007157,0.992843,0.012578,0.987422
réponds,1750-1760,1760-1770,0.667785,0.332215,521,788,5689,0.014408,0.985592,0.015729,0.984271
croiroit,1700-1710,1710-1720,0.665751,0.334249,77,131,5685,0.020328,0.979672,0.018149,0.981851
parvenu,1760-1770,1770-1780,0.665687,0.334313,1418,2026,5706,0.019384,0.980616,0.032127,0.967873
étudier,1720-1730,1740-1750,0.665207,0.334793,149,172,5700,0.008801,0.991199,0.01378,0.98622
assembler,1750-1760,1780-1789,0.6651,0.3349,131,407,5677,0.012061,0.987939,0.019266,0.980734
pleine,1710-1720,1750-1760,0.664637,0.335363,1672,2019,5711,0.016025,0.983975,0.021008,0.978992
savoir,1700-1710,1770-1780,0.664566,0.335434,3023,11650,5717,0.013387,0.986613,0.019956,0.980044
admiration,1750-1760,1770-1780,0.664426,0.335574,519,834,5710,0.013247,0.986753,0.012767,0.987233
médecins,1710-1720,1750-1760,0.664405,0.335595,234,801,5691,0.016128,0.983872,0.018979,0.981021
césar,1730-1740,1780-1789,0.664078,0.335922,506,4745,5681,0.018949,0.981051,0.031155,0.968845
vive,1700-1710,1789-1802,0.664059,0.335941,869,4966,5714,0.018158,0.981842,0.025545,0.974455
pitié,1710-1720,1720-1730,0.663681,0.336319,788,640,5708,0.020731,0.979269,0.019305,0.980695
crainte,1740-1750,1750-1760,0.6625,0.3375,4839,4750,5713,0.023984,0.976016,0.016229,0.983771
introduit,1700-1710,1760-1770,0.662076,0.337924,279,1053,5699,0.009765,0.990235,0.016815,0.983185
commandement,1710-1720,1789-1802,0.66177,0.33823,707,1995,5694,0.018443,0.981557,0.024584,0.975416
céfar,1710-1720,1720-1730,0.661751,0.338249,107,624,5574,0.015428,0.984572,0.056392,0.943608
charger,1710-1720,1789-1802,0.66122,0.33878,887,2251,5705,0.013071,0.986929,0.023967,0.976033
barbare,1740-1750,1770-1780,0.661199,0.338801,964,2773,5705,0.009057,0.990943,0.01132,0.98868
bonnet,1750-1760,1760-1770,0.661134,0.338866,382,551,5686,0.013686,0.986314,0.023436,0.976564
produire,1700-1710,1710-1720,0.660553,0.339447,909,826,5713,0.011832,0.988168,0.019175,0.980825
infâme,1710-1720,1720-1730,0.660547,0.339453,112,68,5678,0.026178,0.973822,0.018743,0.981257
appeller,1730-1740,1740-1750,0.660033,0.339967,621,879,5702,0.022193,0.977807,0.014904,0.985096
mande,1710-1720,1730-1740,0.659488,0.340512,265,500,5687,0.018536,0.981464,0.022053,0.977947
domestiques,1750-1760,1780-1789,0.659232,0.340768,1272,2133,5700,0.008699,0.991301,0.015054,0.984946
comptes,1720-1730,1730-1740,0.65882,0.34118,2734,1039,5695,0.039307,0.960693,0.04633,0.95367
contribué,1760-1770,1789-1802,0.658803,0.341197,671,1385,5697,0.036341,0.963659,0.029279,0.970721
amiral,1760-1770,1789-1802,0.658289,0.341711,524,519,5697,0.028173,0.971827,0.033115,0.966885
offrir,1710-1720,1789-1802,0.658115,0.341885,339,2894,5711,0.01157,0.98843,0.023096,0.976904
déclaré,1700-1710,1789-1802,0.657947,0.342053,458,2581,5702,0.015528,0.984472,0.020718,0.979282
remettre,1700-1710,1710-1720,0.657669,0.342331,1202,1158,5706,0.011394,0.988606,0.016519,0.983481
battre,1700-1710,1770-1780,0.657327,0.342673,504,2149,5701,0.010115,0.989885,0.016467,0.983533
cardinal,1750-1760,1760-1770,0.657099,0.342901,4316,1853,5695,0.010755,0.989245,0.017239,0.982761
marche,1770-1780,1789-1802,0.656834,0.343166,6652,8364,5716,0.009568,0.990432,0.013064,0.986936
consuls,1730-1740,1760-1770,0.65657,0.34343,284,1763,5677,0.025835,0.974165,0.027414,0.972586
pairs,1710-1720,1789-1802,0.656395,0.343605,837,1653,5660,0.037522,0.962478,0.039237,0.960763
xiii,1710-1720,1730-1740,0.656307,0.343693,933,1677,5711,0.023695,0.976305,0.05414,0.94586
tiré,1710-1720,1750-1760,0.656033,0.343967,1229,1917,5715,0.012346,0.987654,0.018898,0.981102
recueillir,1700-1710,1780-1789,0.655863,0.344137,169,1615,5695,0.010779,0.989221,0.016799,0.983201
mets,1720-1730,1760-1770,0.65546,0.34454,545,1066,5708,0.010638,0.989362,0.017578,0.982422
vieille,1760-1770,1770-1780,0.655379,0.344621,1549,2942,5704,0.015059,0.984941,0.023645,0.976355
paroître,1760-1770,1789-1802,0.655375,0.344625,2251,2172,5703,0.021557,0.978443,0.01446,0.98554
confondre,1720-1730,1789-1802,0.655182,0.344818,344,1513,5701,0.01284,0.98716,0.019431,0.980569
effet,1700-1710,1720-1730,0.654735,0.345265,3911,5327,5718,0.008368,0.991632,0.023358,0.976642
catholique,1710-1720,1730-1740,0.653612,0.346388,574,1560,5682,0.023064,0.976936,0.021234,0.978766
pommes,1770-1780,1789-1802,0.653468,0.346532,1424,1607,5667,0.031081,0.968919,0.027302,0.972698
prison,1710-1720,1720-1730,0.653095,0.346905,1004,894,5710,0.015557,0.984443,0.020611,0.979389
curé,1730-1740,1750-1760,0.652602,0.347398,828,1359,5679,0.009717,0.990283,0.015082,0.984918
sucre,1720-1730,1760-1770,0.652535,0.347465,1070,3736,5669,0.020963,0.979037,0.038226,0.961774
voisins,1720-1730,1740-1750,0.652102,0.347898,1136,2154,5709,0.014976,0.985024,0.022437,0.977563
renvoyé,1700-1710,1710-1720,0.652018,0.347982,234,310,5687,0.0092,0.9908,0.018098,0.981902
conduire,1710-1720,1789-1802,0.652006,0.347994,1438,4780,5712,0.011981,0.988019,0.018666,0.981334
pareils,1700-1710,1720-1730,0.651622,0.348378,282,572,5706,0.014039,0.985961,0.018565,0.981435
vouloir,1730-1740,1760-1770,0.651542,0.348458,2867,4760,5714,0.013837,0.986163,0.020613,0.979387
christ,1700-1710,1770-1780,0.651284,0.348716,3332,2462,5693,0.019036,0.980964,0.028031,0.971969
author,1780-1789,1789-1802,0.650815,0.349185,2363,3744,3213,0.035146,0.964854,0.04145,0.95855
zèle,1730-1740,1780-1789,0.650684,0.349316,1140,3229,5694,0.016962,0.983038,0.016156,0.983844
visiter,1710-1720,1750-1760,0.650677,0.349323,449,400,5675,0.006513,0.993487,0.012856,0.987144
délibération,1720-1730,1770-1780,0.650243,0.349757,326,1012,5681,0.021799,0.978201,0.030763,0.969237
contenir,1740-1750,1780-1789,0.649926,0.350074,1004,2289,5698,0.014004,0.985996,0.015664,0.984336
offices,1710-1720,1740-1750,0.649904,0.350096,3307,1136,5706,0.034269,0.965731,0.048778,0.951222
gouverner,1750-1760,1770-1780,0.649848,0.350152,1136,2299,5708,0.010642,0.989358,0.014963,0.985037
thomas,1740-1750,1750-1760,0.64949,0.35051,1358,1537,5696,0.017287,0.982713,0.0309,0.9691
froid,1780-1789,1789-1802,0.64921,0.35079,5660,3732,5713,0.013664,0.986336,0.01736,0.98264
fermier,1730-1740,1789-1802,0.649067,0.350933,1126,1717,5679,0.02472,0.97528,0.027914,0.972086
prêt,1710-1720,1760-1770,0.648438,0.351562,1323,3151,5712,0.012522,0.987478,0.015297,0.984703
dépit,1770-1780,1789-1802,0.648416,0.351584,1263,1205,5699,0.011587,0.988413,0.017117,0.982883
accompagner,1700-1710,1710-1720,0.647964,0.352036,118,130,5693,0.009757,0.990243,0.015179,0.984821
besoins,1740-1750,1780-1789,0.647861,0.352139,1258,6170,5703,0.022975,0.977025,0.025825,0.974175
ouest,1740-1750,1770-1780,0.647736,0.352264,2091,844,5655,0.035484,0.964516,0.051568,0.948432
paraît,1710-1720,1789-1802,0.647472,0.352528,301,3049,5681,0.011887,0.988113,0.023323,0.976677
verte,1710-1720,1780-1789,0.647433,0.352567,558,1277,5687,0.028693,0.971307,0.063307,0.936693
inutile,1750-1760,1770-1780,0.646654,0.353346,2935,4986,5716,0.009132,0.990868,0.015128,0.984872
entendit,1730-1740,1750-1760,0.646587,0.353413,265,220,5678,0.013229,0.986771,0.019529,0.980471
engagement,1720-1730,1760-1770,0.646315,0.353685,184,570,5693,0.011137,0.988863,0.020137,0.979863
dressé,1710-1720,1720-1730,0.646185,0.353815,241,226,5685,0.013855,0.986145,0.023679,0.976321
employa,1720-1730,1730-1740,0.646038,0.353962,181,304,5678,0.014659,0.985341,0.01747,0.98253
attendu,1720-1730,1740-1750,0.645962,0.354038,570,1093,5705,0.008837,0.991163,0.020605,0.979395
restoit,1700-1710,1730-1740,0.645854,0.354146,183,723,5690,0.027312,0.972688,0.024482,0.975518
décrire,1700-1710,1710-1720,0.645451,0.354549,117,129,5695,0.013406,0.986594,0.015999,0.984001
consentir,1780-1789,1789-1802,0.645147,0.354853,1097,1233,5690,0.021759,0.978241,0.017795,0.982205
garder,1710-1720,1780-1789,0.644511,0.355489,1957,4826,5715,0.014842,0.985158,0.029387,0.970613
trompé,1760-1770,1770-1780,0.644496,0.355504,1431,2272,5708,0.008977,0.991023,0.012471,0.987529
repris,1730-1740,1770-1780,0.644216,0.355784,954,1275,5698,0.02095,0.97905,0.039806,0.960194
exil,1710-1720,1750-1760,0.64371,0.35629,138,316,5693,0.024536,0.975464,0.014857,0.985143
faisant,1710-1720,1760-1770,0.643113,0.356887,3652,7137,5716,0.022508,0.977492,0.030468,0.969532
disposer,1750-1760,1760-1770,0.643025,0.356975,1153,1611,5699,0.010505,0.989495,0.017849,0.982151
commandé,1730-1740,1789-1802,0.642552,0.357448,427,732,5685,0.013794,0.986206,0.021309,0.978691
propose,1760-1770,1789-1802,0.642422,0.357578,2825,4537,5712,0.015324,0.984676,0.019079,0.980921
manqué,1710-1720,1780-1789,0.641792,0.358208,546,2120,5707,0.021619,0.978381,0.02647,0.97353
ouvert,1710-1720,1730-1740,0.641484,0.358516,592,890,5709,0.009546,0.990454,0.015131,0.984869
occuper,1750-1760,1780-1789,0.64114,0.35886,664,1721,5710,0.020294,0.979706,0.021835,0.978165
bourgogne,1710-1720,1720-1730,0.640968,0.359032,1050,1882,5686,0.046183,0.953817,0.041452,0.958548
penser,1740-1750,1770-1780,0.639257,0.360743,3349,6133,5713,0.014399,0.985601,0.022436,0.977564
meilleures,1730-1740,1770-1780,0.638779,0.361221,575,1794,5701,0.015445,0.984555,0.024368,0.975632
recevoir,1700-1710,1720-1730,0.638118,0.361882,3024,3202,5719,0.007935,0.992065,0.019072,0.980928
grandeur,1720-1730,1750-1760,0.63802,0.36198,2106,4027,5714,0.013869,0.986131,0.021573,0.978427
naples,1730-1740,1740-1750,0.638014,0.361986,1627,835,5692,0.018658,0.981342,0.031218,0.968782
amener,1700-1710,1760-1770,0.63714,0.36286,217,547,5697,0.012002,0.987998,0.019231,0.980769
parla,1750-1760,1770-1780,0.637134,0.362866,1076,1698,5698,0.008672,0.991328,0.010465,0.989535
prononce,1720-1730,1750-1760,0.636525,0.363475,194,573,5698,0.013262,0.986738,0.021379,0.978621
entretenir,1710-1720,1720-1730,0.636106,0.363894,898,647,5711,0.009334,0.990666,0.020775,0.979225
auxquelles,1700-1710,1789-1802,0.635866,0.364134,238,3385,5711,0.020016,0.979984,0.034821,0.965179
cachet,1710-1720,1789-1802,0.635416,0.364584,203,1030,5671,0.02128,0.97872,0.029878,0.970122
aimant,1750-1760,1770-1780,0.634504,0.365496,233,524,5678,0.012666,0.987334,0.027684,0.972316
renfermer,1700-1710,1710-1720,0.634396,0.365604,126,158,5696,0.01406,0.98594,0.015233,0.984767
tendent,1730-1740,1789-1802,0.634319,0.365681,290,1026,5702,0.028763,0.971237,0.029126,0.970874
dernière,1750-1760,1760-1770,0.634234,0.365766,1882,2349,5711,0.013507,0.986493,0.018064,0.981936
monter,1720-1730,1770-1780,0.63397,0.36603,1114,3153,5708,0.012164,0.987836,0.018579,0.981421
poste,1710-1720,1789-1802,0.633846,0.366154,371,3252,5695,0.011242,0.988758,0.017841,0.982159
important,1750-1760,1780-1789,0.633354,0.366646,1610,3406,5714,0.013122,0.986878,0.017392,0.982608
disons,1730-1740,1780-1789,0.633092,0.366908,352,738,5690,0.010718,0.989282,0.020722,0.979278
croyons,1760-1770,1780-1789,0.632951,0.367049,959,2005,5701,0.017382,0.982618,0.020949,0.979051
empereurs,1720-1730,1730-1740,0.632929,0.367071,865,1123,5683,0.032968,0.967032,0.03082,0.96918
suivantes,1730-1740,1740-1750,0.632383,0.367617,684,779,5692,0.016922,0.983078,0.022005,0.977995
ruines,1740-1750,1760-1770,0.632118,0.367882,595,851,5688,0.01238,0.98762,0.01474,0.98526
acquérir,1700-1710,1710-1720,0.631879,0.368121,134,120,5698,0.015782,0.984218,0.026548,0.973452
caractères,1710-1720,1780-1789,0.631396,0.368604,279,1418,5705,0.0241,0.9759,0.021028,0.978972
sanglante,1700-1710,1720-1730,0.631208,0.368792,74,93,5672,0.013648,0.986352,0.019539,0.980461
accepter,1710-1720,1760-1770,0.630767,0.369233,283,568,5698,0.015852,0.984148,0.021724,0.978276
commissaire,1710-1720,1780-1789,0.630429,0.369571,950,1975,5666,0.020323,0.979677,0.027672,0.972328
entrant,1720-1730,1750-1760,0.630122,0.369878,397,763,5698,0.010972,0.989028,0.02283,0.97717
considérable,1740-1750,1750-1760,0.630054,0.369946,2046,2764,5710,0.013985,0.986015,0.020826,0.979174
faisons,1720-1730,1770-1780,0.629725,0.370275,777,1817,5706,0.027105,0.972895,0.030376,0.969624
prie,1700-1710,1789-1802,0.629523,0.370477,1776,3516,5711,0.036385,0.963615,0.039195,0.960805
rapporter,1750-1760,1789-1802,0.629059,0.370941,2237,2461,5712,0.011285,0.988715,0.020206,0.979794
major,1700-1710,1720-1730,0.628899,0.371101,344,1054,5696,0.010999,0.989001,0.02165,0.97835
continué,1710-1720,1730-1740,0.628894,0.371106,246,374,5697,0.011964,0.988036,0.015438,0.984562
allez,1700-1710,1720-1730,0.628518,0.371482,1201,1307,5709,0.005458,0.994542,0.01212,0.98788
foir,1710-1720,1730-1740,0.628308,0.371692,246,765,5678,0.011465,0.988535,0.060234,0.939766
transporté,1710-1720,1720-1730,0.628293,0.371707,306,257,5692,0.010026,0.989974,0.015879,0.984121
présenté,1700-1710,1740-1750,0.628113,0.371887,144,883,5707,0.019056,0.980944,0.037166,0.962834
raconter,1750-1760,1760-1770,0.627931,0.372069,510,428,5684,0.009142,0.990858,0.016279,0.983721
voyage,1710-1720,1740-1750,0.627867,0.372133,1878,7547,5718,0.013369,0.986631,0.019024,0.980976
glorieuse,1710-1720,1770-1780,0.627624,0.372376,243,544,5679,0.015531,0.984469,0.017377,0.982623
placer,1720-1730,1730-1740,0.627364,0.372636,493,980,5708,0.009739,0.990261,0.016768,0.983232
adoucir,1710-1720,1720-1730,0.626925,0.373075,175,179,5699,0.022408,0.977592,0.018334,0.981666
manquer,1740-1750,1789-1802,0.626812,0.373188,1753,2640,5713,0.013671,0.986329,0.019209,0.980791
changea,1700-1710,1720-1730,0.626625,0.373375,222,287,5686,0.017158,0.982842,0.018039,0.981961
occupent,1730-1740,1750-1760,0.626439,0.373561,195,451,5694,0.018711,0.981289,0.016501,0.983499
achevé,1710-1720,1780-1789,0.625874,0.374126,432,1054,5699,0.012642,0.987358,0.015703,0.984297
croira,1700-1710,1740-1750,0.625295,0.374705,97,261,5684,0.018992,0.981008,0.018866,0.981134
auparavant,1700-1710,1720-1730,0.625178,0.374822,1384,1995,5712,0.009624,0.990376,0.027153,0.972847
christianisme,1720-1730,1730-1740,0.625163,0.374837,155,135,5639,0.014188,0.985812,0.018328,0.981672
merveilles,1710-1720,1750-1760,0.624861,0.375139,308,524,5691,0.013092,0.986908,0.015675,0.984325
peinture,1750-1760,1789-1802,0.624529,0.375471,2378,1413,5707,0.019081,0.980919,0.018479,0.981521
froids,1720-1730,1730-1740,0.62431,0.37569,112,162,5691,0.017058,0.982942,0.020326,0.979674
aspect,1770-1780,1789-1802,0.623413,0.376587,402,827,5674,0.009215,0.990785,0.015976,0.984024
reposer,1710-1720,1750-1760,0.623092,0.376908,333,467,5694,0.013374,0.986626,0.015752,0.984248
barbe,1720-1730,1760-1770,0.623031,0.376969,372,740,5687,0.008722,0.991278,0.01889,0.98111
courir,1730-1740,1740-1750,0.623019,0.376981,1060,1409,5709,0.010206,0.989794,0.017203,0.982797
tienne,1700-1710,1720-1730,0.622874,0.377126,308,288,5701,0.007255,0.992745,0.015883,0.984117
vingts,1700-1710,1789-1802,0.622849,0.377151,772,627,5680,0.065329,0.934671,0.107585,0.892415
nôtre,1720-1730,1780-1789,0.622733,0.377267,5212,2016,5709,0.07281,0.92719,0.103332,0.896668
paul,1720-1730,1740-1750,0.622309,0.377691,1587,1698,5710,0.029734,0.970266,0.050979,0.949021
continuer,1710-1720,1740-1750,0.622217,0.377783,820,1401,5703,0.012716,0.987284,0.016759,0.983241
paquet,1710-1720,1789-1802,0.621407,0.378593,215,768,5656,0.020376,0.979624,0.037316,0.962684
jefus,1730-1740,1770-1780,0.621158,0.378842,699,561,5479,0.021251,0.978749,0.026772,0.973228
connaître,1710-1720,1730-1740,0.620844,0.379156,529,530,5691,0.021871,0.978129,0.026659,0.973341
foudre,1710-1720,1770-1780,0.6205,0.3795,342,1638,5703,0.013127,0.986873,0.022957,0.977043
parent,1720-1730,1789-1802,0.619591,0.380409,356,1478,5704,0.011292,0.988708,0.019822,0.980178
pourvu,1710-1720,1760-1770,0.619562,0.380438,1178,3615,5708,0.018737,0.981263,0.021612,0.978388
tiroit,1700-1710,1789-1802,0.61915,0.38085,199,766,5685,0.018139,0.981861,0.018058,0.981942
contiennent,1700-1710,1710-1720,0.617863,0.382137,227,346,5701,0.01488,0.98512,0.02491,0.97509
environné,1710-1720,1760-1770,0.617808,0.382192,205,387,5688,0.019873,0.980127,0.016692,0.983308
deuxième,1730-1740,1789-1802,0.617607,0.382393,208,2983,5685,0.032081,0.967919,0.086383,0.913617
résolution,1770-1780,1789-1802,0.617505,0.382495,1938,3206,5698,0.019216,0.980784,0.017325,0.982675
siecle,1740-1750,1750-1760,0.617344,0.382656,475,845,5686,0.057563,0.942437,0.018687,0.981313
ajouté,1700-1710,1710-1720,0.616486,0.383514,190,176,5702,0.012365,0.987635,0.022229,0.977771
lorraine,1730-1740,1750-1760,0.61648,0.38352,917,3017,5681,0.029214,0.970786,0.025175,0.974825
poisson,1700-1710,1710-1720,0.616174,0.383826,495,1517,5687,0.019687,0.980313,0.024486,0.975514
écrire,1710-1720,1720-1730,0.616156,0.383844,775,822,5716,0.011326,0.988674,0.018318,0.981682
informer,1700-1710,1710-1720,0.615936,0.384064,198,287,5690,0.009501,0.990499,0.019194,0.980806
tirée,1700-1710,1710-1720,0.615566,0.384434,480,723,5707,0.015089,0.984911,0.02574,0.97426
rent,1700-1710,1740-1750,0.615062,0.384938,1036,2482,5701,0.026437,0.973563,0.033788,0.966212
utile,1730-1740,1750-1760,0.614815,0.385185,1949,3766,5715,0.013264,0.986736,0.014677,0.985323
manuscrit,1770-1780,1780-1789,0.614429,0.385571,1447,1760,5699,0.008867,0.991133,0.01341,0.98659
former,1710-1720,1740-1750,0.61406,0.38594,1344,3047,5718,0.012,0.988,0.018339,0.981661
emploi,1770-1780,1780-1789,0.614033,0.385967,2266,2508,5711,0.006181,0.993819,0.012664,0.987336
laissons,1710-1720,1750-1760,0.613906,0.386094,229,449,5686,0.017738,0.982262,0.019995,0.980005
suivante,1730-1740,1780-1789,0.613166,0.386834,1856,3228,5707,0.013523,0.986477,0.030048,0.969952
forêt,1710-1720,1750-1760,0.613125,0.386875,279,824,5682,0.012698,0.987302,0.028259,0.971741
diroit,1700-1710,1730-1740,0.612705,0.387295,230,502,5696,0.019976,0.980024,0.019892,0.980108
triste,1740-1750,1789-1802,0.612672,0.387328,1350,3276,5709,0.016228,0.983772,0.018523,0.981477
bêtes,1740-1750,1780-1789,0.6123,0.3877,1481,2286,5701,0.032193,0.967807,0.026132,0.973868
ensorte,1780-1789,1789-1802,0.612283,0.387717,1548,697,5688,0.050988,0.949012,0.013866,0.986134
écrivit,1720-1730,1730-1740,0.611745,0.388255,454,882,5693,0.009684,0.990316,0.021298,0.978702
récit,1740-1750,1780-1789,0.611019,0.388981,1780,4161,5705,0.008457,0.991543,0.017633,0.982367
promesse,1730-1740,1740-1750,0.610431,0.389569,621,471,5691,0.013536,0.986464,0.017092,0.982908
fini,1700-1710,1760-1770,0.610256,0.389744,542,1748,5711,0.013385,0.986615,0.019891,0.980109
dette,1700-1710,1789-1802,0.609799,0.390201,475,7540,5685,0.044787,0.955213,0.058053,0.941947
directeur,1740-1750,1780-1789,0.609482,0.390518,460,1791,5690,0.018557,0.981443,0.022775,0.977225
particulieres,1710-1720,1780-1789,0.609225,0.390775,580,1699,5670,0.022286,0.977714,0.020126,0.979874
songez,1710-1720,1750-1760,0.60915,0.39085,323,487,5676,0.042603,0.957397,0.048203,0.951797
foixante,1720-1730,1740-1750,0.608723,0.391277,529,532,5645,0.042397,0.957603,0.061692,0.938308
chambre,1720-1730,1750-1760,0.608473,0.391527,5103,4801,5711,0.041043,0.958957,0.040106,0.959894
appas,1760-1770,1780-1789,0.60807,0.39193,481,729,5679,0.010052,0.989948,0.014894,0.985106
divers,1700-1710,1789-1802,0.607912,0.392088,1817,7145,5716,0.016191,0.983809,0.023141,0.976859
milan,1730-1740,1770-1780,0.607813,0.392187,1537,850,5671,0.021015,0.978985,0.038321,0.961679
pauvre,1710-1720,1720-1730,0.607388,0.392612,1531,1310,5711,0.012133,0.987867,0.018987,0.981013
étonnant,1730-1740,1740-1750,0.607273,0.392727,492,418,5704,0.014065,0.985935,0.021086,0.978914
partisans,1720-1730,1770-1780,0.606807,0.393193,199,1656,5701,0.014853,0.985147,0.020117,0.979883
voisin,1740-1750,1789-1802,0.606758,0.393242,902,1807,5703,0.01195,0.98805,0.020834,0.979166
clair,1700-1710,1760-1770,0.606687,0.393313,785,2591,5709,0.017316,0.982684,0.019088,0.980912
portées,1710-1720,1730-1740,0.606497,0.393503,951,1205,5698,0.026123,0.973877,0.037584,0.962416
catholiques,1710-1720,1720-1730,0.606159,0.393841,302,677,5656,0.016062,0.983938,0.021287,0.978713
prévoir,1700-1710,1740-1750,0.605481,0.394519,148,432,5692,0.014171,0.985829,0.018938,0.981062
détacher,1700-1710,1710-1720,0.605134,0.394866,147,117,5682,0.011926,0.988074,0.02152,0.97848
appliquer,1710-1720,1760-1770,0.604834,0.395166,351,892,5704,0.020749,0.979251,0.024099,0.975901
semble,1700-1710,1710-1720,0.604779,0.395221,2148,2876,5715,0.012964,0.987036,0.023098,0.976902
inquiétude,1770-1780,1789-1802,0.604001,0.395999,1184,1324,5704,0.01179,0.98821,0.013443,0.986557
levé,1710-1720,1730-1740,0.603318,0.396682,380,814,5700,0.011397,0.988603,0.017284,0.982716
disait,1700-1710,1789-1802,0.603294,0.396706,195,2425,5603,0.020971,0.979029,0.032062,0.967938
deviner,1710-1720,1720-1730,0.603216,0.396784,205,215,5700,0.009304,0.990696,0.019339,0.980661
commença,1700-1710,1740-1750,0.603045,0.396955,562,1110,5697,0.009689,0.990311,0.018389,0.981611
colonie,1740-1750,1789-1802,0.602827,0.397173,1501,4141,5693,0.021852,0.978148,0.022544,0.977456
chercha,1700-1710,1730-1740,0.602536,0.397464,116,185,5676,0.017462,0.982538,0.01686,0.98314
découvert,1720-1730,1770-1780,0.602464,0.397536,530,2451,5706,0.00895,0.99105,0.012863,0.987137
pain,1710-1720,1720-1730,0.602114,0.397886,3415,1899,5709,0.028475,0.971525,0.033248,0.966752
cens,1710-1720,1789-1802,0.6019,0.3981,5438,2897,5701,0.186468,0.813532,0.085776,0.914224
avancé,1710-1720,1760-1770,0.601779,0.398221,456,1216,5708,0.009139,0.990861,0.013178,0.986822
verroit,1710-1720,1770-1780,0.600778,0.399222,173,924,5689,0.022767,0.977233,0.019218,0.980782
désespoir,1730-1740,1789-1802,0.600239,0.399761,781,2493,5701,0.017849,0.982151,0.019002,0.980998
représenter,1720-1730,1770-1780,0.600008,0.399992,323,2067,5709,0.010154,0.989846,0.01996,0.98004
éloignement,1720-1730,1770-1780,0.599986,0.400014,111,491,5697,0.028365,0.971635,0.014523,0.985477
chair,1700-1710,1720-1730,0.599849,0.400151,1249,1317,5699,0.011924,0.988076,0.020674,0.979326
satisfait,1710-1720,1789-1802,0.599228,0.400772,468,1432,5707,0.017149,0.982851,0.019157,0.980843
percer,1750-1760,1770-1780,0.598759,0.401241,459,1246,5692,0.01612,0.98388,0.017112,0.982888
resté,1700-1710,1720-1730,0.598698,0.401302,152,259,5692,0.013148,0.986852,0.01932,0.98068
particulières,1760-1770,1789-1802,0.598266,0.401734,1091,3111,5705,0.016518,0.983482,0.022443,0.977557
that,1750-1760,1789-1802,0.598107,0.401893,1921,6210,5354,0.01663,0.98337,0.049212,0.950788
couru,1740-1750,1750-1760,0.598068,0.401932,323,310,5686,0.010948,0.989052,0.019235,0.980765
italiens,1720-1730,1740-1750,0.597796,0.402204,272,404,5695,0.012944,0.987056,0.021796,0.978204
chevaliers,1750-1760,1789-1802,0.597697,0.402303,1499,1744,5684,0.013359,0.986641,0.015726,0.984274
interrompit,1720-1730,1760-1770,0.59767,0.40233,92,303,5649,0.016111,0.983889,0.025436,0.974564
loger,1740-1750,1780-1789,0.597191,0.402809,524,1479,5682,0.014058,0.985942,0.015808,0.984192
puissances,1720-1730,1770-1780,0.596852,0.403148,579,2171,5684,0.025224,0.974776,0.033273,0.966727
regret,1710-1720,1760-1770,0.596804,0.403196,383,1171,5710,0.012435,0.987565,0.016852,0.983148
déclarations,1750-1760,1789-1802,0.596769,0.403231,1159,1700,5684,0.011516,0.988484,0.020812,0.979188
galerie,1750-1760,1770-1780,0.596082,0.403918,276,1595,5681,0.026906,0.973094,0.028688,0.971312
ajouta,1720-1730,1750-1760,0.595979,0.404021,371,1009,5689,0.01346,0.98654,0.023861,0.976139
communiquer,1760-1770,1780-1789,0.595942,0.404058,1066,1808,5701,0.007918,0.992082,0.015973,0.984027
chefs,1710-1720,1740-1750,0.595598,0.404402,1049,1703,5712,0.013822,0.986178,0.029017,0.970983
teint,1700-1710,1760-1770,0.594868,0.405132,233,865,5697,0.018234,0.981766,0.026791,0.973209
pontife,1720-1730,1770-1780,0.594712,0.405288,304,996,5676,0.045953,0.954047,0.018527,0.981473
probable,1710-1720,1750-1760,0.594144,0.405856,150,615,5696,0.018263,0.981737,0.027337,0.972663
voyois,1710-1720,1740-1750,0.592903,0.407097,88,512,5655,0.059211,0.940789,0.028223,0.971777
montra,1730-1740,1740-1750,0.592824,0.407176,533,377,5691,0.036092,0.963908,0.046154,0.953846
incroyable,1700-1710,1789-1802,0.592042,0.407958,111,589,5686,0.011452,0.988548,0.020458,0.979542
lisbonne,1720-1730,1730-1740,0.591985,0.408015,889,198,5646,0.044564,0.955436,0.071883,0.928117
déclara,1700-1710,1789-1802,0.591881,0.408119,234,1506,5683,0.010729,0.989271,0.021195,0.978805
ordonne,1710-1720,1789-1802,0.591855,0.408145,2315,2952,5710,0.03292,0.96708,0.04203,0.95797
tyran,1780-1789,1789-1802,0.591493,0.408507,2537,2821,5693,0.007759,0.992241,0.014506,0.985494
brillante,1760-1770,1770-1780,0.591353,0.408647,930,1520,5698,0.012088,0.987912,0.012705,0.987295
paroitre,1700-1710,1720-1730,0.591337,0.408663,237,373,5676,0.016157,0.983843,0.017418,0.982582
admettre,1700-1710,1789-1802,0.591261,0.408739,88,1154,5698,0.012533,0.987467,0.02093,0.97907
voisine,1750-1760,1789-1802,0.59069,0.40931,490,1092,5691,0.008199,0.991801,0.014176,0.985824
porteur,1700-1710,1780-1789,0.590196,0.409804,295,1058,5686,0.014467,0.985533,0.025107,0.974893
congé,1760-1770,1780-1789,0.590064,0.409936,1138,1900,5692,0.015881,0.984119,0.028376,0.971624
aveuglement,1700-1710,1720-1730,0.590015,0.409985,91,125,5690,0.025454,0.974546,0.015553,0.984447
tens,1700-1710,1710-1720,0.589814,0.410186,240,277,5659,0.009984,0.990016,0.042816,0.957184
london,1700-1710,1789-1802,0.589143,0.410857,298,2416,3656,0.043096,0.956904,0.082815,0.917185
they,1750-1760,1789-1802,0.589116,0.410884,1579,2059,2352,0.039441,0.960559,0.060906,0.939094
marais,1770-1780,1789-1802,0.589098,0.410902,1818,1752,5690,0.0089,0.9911,0.013247,0.986753
suede,1740-1750,1760-1770,0.58894,0.41106,558,996,5641,0.027354,0.972646,0.038518,0.961482
obligea,1750-1760,1789-1802,0.58892,0.41108,429,411,5690,0.020339,0.979661,0.022713,0.977287
prêté,1760-1770,1780-1789,0.588894,0.411106,687,1255,5694,0.009966,0.990034,0.021095,0.978905
admirable,1760-1770,1789-1802,0.588883,0.411117,1348,1231,5710,0.007788,0.992212,0.014238,0.985762
voila,1700-1710,1730-1740,0.588833,0.411167,1108,784,5694,0.007748,0.992252,0.017988,0.982012
trouvant,1720-1730,1750-1760,0.588747,0.411253,875,1130,5707,0.016141,0.983859,0.020439,0.979561
tuer,1710-1720,1770-1780,0.58854,0.41146,664,1879,5699,0.010582,0.989418,0.016045,0.983955
mortelle,1770-1780,1780-1789,0.588361,0.411639,762,855,5692,0.007198,0.992802,0.011403,0.988597
continua,1720-1730,1730-1740,0.587606,0.412394,424,1260,5690,0.014292,0.985708,0.029642,0.970358
fauver,1710-1720,1730-1740,0.587375,0.412625,252,852,5547,0.01902,0.98098,0.032179,0.967821
successeur,1740-1750,1780-1789,0.587127,0.412873,416,527,5668,0.008831,0.991169,0.015371,0.984629
rente,1750-1760,1780-1789,0.586409,0.413591,1275,3098,5691,0.012292,0.987708,0.020804,0.979196
instrument,1740-1750,1789-1802,0.586178,0.413822,497,998,5708,0.016378,0.983622,0.022532,0.977468
troisieme,1710-1720,1730-1740,0.586073,0.413927,468,691,5698,0.031698,0.968302,0.02959,0.97041
promettre,1700-1710,1720-1730,0.586014,0.413986,203,296,5694,0.024434,0.975566,0.016084,0.983916
rapportent,1730-1740,1770-1780,0.585817,0.414183,310,948,5691,0.013914,0.986086,0.017282,0.982718
éducation,1760-1770,1770-1780,0.585208,0.414792,1237,2285,5704,0.008094,0.991906,0.01268,0.98732
assuré,1720-1730,1770-1780,0.585054,0.414946,488,2526,5701,0.01135,0.98865,0.016307,0.983693
ornement,1740-1750,1789-1802,0.584726,0.415274,301,456,5699,0.01461,0.98539,0.015022,0.984978
port,1700-1710,1789-1802,0.584655,0.415345,2257,9650,5715,0.016833,0.983167,0.025421,0.974579
billets,1730-1740,1760-1770,0.583817,0.416183,1897,2538,5687,0.017055,0.982945,0.021516,0.978484
permettez,1720-1730,1750-1760,0.583366,0.416634,128,612,5686,0.011367,0.988633,0.020115,0.979885
monstre,1740-1750,1789-1802,0.583326,0.416674,564,1535,5694,0.013276,0.986724,0.016602,0.983398
brûler,1720-1730,1750-1760,0.583054,0.416946,447,619,5695,0.010908,0.989092,0.01683,0.98317
demain,1730-1740,1770-1780,0.582754,0.417246,796,1960,5694,0.008689,0.991311,0.015678,0.984322
latins,1720-1730,1760-1770,0.582602,0.417398,590,632,5703,0.026054,0.973946,0.020199,0.979801
entrent,1760-1770,1789-1802,0.582321,0.417679,1454,920,5697,0.022831,0.977169,0.026418,0.973582
devoirs,1720-1730,1730-1740,0.582221,0.417779,1202,1665,5707,0.010661,0.989339,0.017297,0.982703
desire,1700-1710,1720-1730,0.581958,0.418042,159,126,5696,0.021503,0.978497,0.018681,0.981319
vivres,1730-1740,1770-1780,0.581845,0.418155,1647,1850,5681,0.022569,0.977431,0.017895,0.982105
supplice,1710-1720,1720-1730,0.581801,0.418199,359,379,5699,0.026202,0.973798,0.016065,0.983935
retrouver,1700-1710,1720-1730,0.581791,0.418209,127,141,5691,0.009817,0.990183,0.017532,0.982468
aveu,1740-1750,1789-1802,0.5817,0.4183,921,1707,5713,0.018932,0.981068,0.015703,0.984297
conseils,1710-1720,1780-1789,0.581285,0.418715,1484,4377,5709,0.018957,0.981043,0.032344,0.967656
protestans,1720-1730,1770-1780,0.580855,0.419145,277,400,5608,0.03003,0.96997,0.017274,0.982726
offroit,1700-1710,1710-1720,0.579334,0.420666,68,116,5685,0.014186,0.985814,0.022897,0.977103
estimer,1740-1750,1789-1802,0.579226,0.420774,225,463,5682,0.01279,0.98721,0.01746,0.98254
oracle,1780-1789,1789-1802,0.579157,0.420843,983,329,5692,0.021878,0.978122,0.014069,0.985931
journée,1720-1730,1740-1750,0.578751,0.421249,799,1086,5697,0.014931,0.985069,0.020263,0.979737
moindre,1710-1720,1720-1730,0.578277,0.421723,2131,2069,5714,0.021718,0.978282,0.024137,0.975863
reçu,1710-1720,1740-1750,0.577441,0.422559,1467,3389,5711,0.010836,0.989164,0.021146,0.978854
soir,1720-1730,1740-1750,0.577166,0.422834,1596,3672,5694,0.026969,0.973031,0.033157,0.966843
ressemblent,1710-1720,1740-1750,0.576203,0.423797,254,611,5675,0.017772,0.982228,0.030434,0.969566
changent,1770-1780,1789-1802,0.576161,0.423839,917,682,5693,0.013115,0.986885,0.014147,0.985853
donnant,1700-1710,1710-1720,0.575864,0.424136,787,891,5713,0.012441,0.987559,0.022124,0.977876
ignorer,1770-1780,1789-1802,0.575676,0.424324,1005,946,5703,0.007935,0.992065,0.013013,0.986987
étoir,1700-1710,1710-1720,0.575628,0.424372,161,124,5671,0.019846,0.980154,0.036737,0.963263
titres,1720-1730,1760-1770,0.575595,0.424405,1259,2936,5708,0.011702,0.988298,0.015476,0.984524
retire,1740-1750,1750-1760,0.575554,0.424446,864,1211,5711,0.021568,0.978432,0.024878,0.975122
précieuses,1760-1770,1770-1780,0.575499,0.424501,722,1098,5696,0.013095,0.986905,0.016439,0.983561
marchant,1760-1770,1780-1789,0.57539,0.42461,396,747,5686,0.009626,0.990374,0.013569,0.986431
tourment,1780-1789,1789-1802,0.575265,0.424735,828,688,5670,0.022767,0.977233,0.011949,0.988051
lieutenant,1710-1720,1789-1802,0.575201,0.424799,3429,5635,5698,0.054651,0.945349,0.064315,0.935685
proposé,1750-1760,1789-1802,0.574965,0.425035,1130,2885,5707,0.020387,0.979613,0.024528,0.975472
espagne,1700-1710,1740-1750,0.57495,0.42505,998,1658,5702,0.03271,0.96729,0.038206,0.961794
cents,1730-1740,1740-1750,0.574915,0.425085,1127,1395,5697,0.037068,0.962932,0.069022,0.930978
manger,1720-1730,1750-1760,0.574536,0.425464,1340,1469,5704,0.011739,0.988261,0.015803,0.984197
mers,1720-1730,1740-1750,0.574264,0.425736,464,1255,5691,0.038028,0.961972,0.026764,0.973236
passée,1750-1760,1770-1780,0.573992,0.426008,399,900,5689,0.007839,0.992161,0.016744,0.983256
dernières,1710-1720,1740-1750,0.573757,0.426243,262,421,5693,0.019066,0.980934,0.023473,0.976527
toient,1750-1760,1760-1770,0.573534,0.426466,783,634,5665,0.010314,0.989686,0.02049,0.97951
vieillards,1710-1720,1720-1730,0.57347,0.42653,313,298,5697,0.016917,0.983083,0.023185,0.976815
manque,1700-1710,1720-1730,0.573169,0.426831,921,1271,5715,0.009926,0.990074,0.018455,0.981545
vertueux,1740-1750,1789-1802,0.573146,0.426854,782,3143,5700,0.017181,0.982819,0.022729,0.977271
venue,1700-1710,1720-1730,0.572699,0.427301,372,488,5704,0.02493,0.97507,0.021049,0.978951
frères,1710-1720,1760-1770,0.57217,0.42783,488,1129,5695,0.020972,0.979028,0.01959,0.98041
etre,1730-1740,1740-1750,0.572035,0.427965,1187,3792,5712,0.015134,0.984866,0.027856,0.972144
directeurs,1720-1730,1730-1740,0.571943,0.428057,549,671,5684,0.011219,0.988781,0.017089,0.982911
satisfaction,1760-1770,1789-1802,0.570667,0.429333,1150,1800,5705,0.014747,0.985253,0.014017,0.985983
pareilles,1700-1710,1789-1802,0.570401,0.429599,318,1702,5709,0.021097,0.978903,0.030748,0.969252
bonnes,1710-1720,1750-1760,0.570385,0.429615,2080,3711,5713,0.013975,0.986025,0.01768,0.98232
coucher,1700-1710,1750-1760,0.57017,0.42983,794,638,5698,0.022599,0.977401,0.031421,0.968579
distinguer,1740-1750,1750-1760,0.569791,0.430209,1230,1630,5710,0.013996,0.986004,0.017259,0.982741
voulant,1710-1720,1720-1730,0.56924,0.43076,1296,1084,5709,0.014679,0.985321,0.015915,0.984085
auquel,1710-1720,1789-1802,0.568683,0.431317,2126,6866,5716,0.023176,0.976824,0.035763,0.964237
miel,1750-1760,1760-1770,0.568498,0.431502,416,1076,5685,0.011216,0.988784,0.017227,0.982773
couvrir,1720-1730,1789-1802,0.567562,0.432438,661,2300,5701,0.011367,0.988633,0.01865,0.98135
blanc,1710-1720,1720-1730,0.567533,0.432467,2379,2013,5712,0.012664,0.987336,0.023747,0.976253
poète,1710-1720,1730-1740,0.56744,0.43256,210,1454,5699,0.019018,0.980982,0.026539,0.973461
examiner,1760-1770,1789-1802,0.567146,0.432854,2176,2252,5713,0.007714,0.992286,0.019431,0.980569
destin,1710-1720,1789-1802,0.566057,0.433943,648,1313,5692,0.013804,0.986196,0.022115,0.977885
apprit,1710-1720,1740-1750,0.565693,0.434307,248,1439,5694,0.011612,0.988388,0.024763,0.975237
mourut,1750-1760,1770-1780,0.565151,0.434849,3938,3338,5703,0.015144,0.984856,0.028036,0.971964
finie,1730-1740,1740-1750,0.564935,0.435065,365,351,5693,0.012884,0.987116,0.018965,0.981035
samedi,1760-1770,1770-1780,0.564761,0.435239,1185,1737,5684,0.018138,0.981862,0.040554,0.959446
jésus,1730-1740,1760-1770,0.564738,0.435262,1411,2022,5647,0.059836,0.940164,0.044514,0.955486
crus,1700-1710,1710-1720,0.564685,0.435315,193,337,5678,0.023979,0.976021,0.024763,0.975237
montrent,1700-1710,1730-1740,0.564561,0.435439,112,302,5699,0.011645,0.988355,0.01884,0.98116
avouer,1740-1750,1789-1802,0.563996,0.436004,610,1170,5712,0.020415,0.979585,0.021604,0.978396
craignant,1710-1720,1750-1760,0.56389,0.43611,226,439,5687,0.010383,0.989617,0.015641,0.984359
title,1750-1760,1780-1789,0.563688,0.436312,780,1694,924,0.023384,0.976616,0.043477,0.956523
veuve,1750-1760,1780-1789,0.563498,0.436502,1710,2495,5699,0.00882,0.99118,0.020992,0.979008
cousin,1750-1760,1780-1789,0.56291,0.43709,597,580,5658,0.013006,0.986994,0.028411,0.971589
fourni,1720-1730,1770-1780,0.562737,0.437263,445,1812,5709,0.014206,0.985794,0.017608,0.982392
dimanche,1750-1760,1760-1770,0.56263,0.43737,520,704,5676,0.011501,0.988499,0.021882,0.978118
suffit,1710-1720,1750-1760,0.561768,0.438232,998,2784,5714,0.014462,0.985538,0.02207,0.97793
maîtresse,1730-1740,1750-1760,0.561527,0.438473,1123,1096,5702,0.011576,0.988424,0.018262,0.981738
défendit,1720-1730,1750-1760,0.561314,0.438686,216,435,5677,0.023251,0.976749,0.018881,0.981119
voient,1730-1740,1760-1770,0.561208,0.438792,2241,4493,5711,0.011032,0.988968,0.020403,0.979597
mander,1700-1710,1730-1740,0.560842,0.439158,309,280,5670,0.039276,0.960724,0.048826,0.951174
notaire,1720-1730,1740-1750,0.560652,0.439348,400,895,5676,0.020318,0.979682,0.026885,0.973115
promet,1700-1710,1730-1740,0.560644,0.439356,317,586,5699,0.005607,0.994393,0.013098,0.986902
ordonna,1710-1720,1720-1730,0.56034,0.43966,734,880,5693,0.014389,0.985611,0.025258,0.974742
conçois,1700-1710,1720-1730,0.560198,0.439802,162,104,5674,0.034772,0.965228,0.028847,0.971153
prière,1730-1740,1789-1802,0.559709,0.440291,408,1185,5687,0.014616,0.985384,0.020599,0.979401
mettoit,1730-1740,1740-1750,0.559656,0.440344,952,756,5694,0.03061,0.96939,0.016915,0.983085
amené,1700-1710,1789-1802,0.559559,0.440441,188,1046,5694,0.016749,0.983251,0.026051,0.973949
montrant,1730-1740,1740-1750,0.559482,0.440518,444,377,5699,0.007695,0.992305,0.014189,0.985811
ailes,1780-1789,1789-1802,0.558723,0.441277,1452,1135,5692,0.010863,0.989137,0.012959,0.987041
tante,1760-1770,1780-1789,0.557868,0.442132,1235,1928,5687,0.020863,0.979137,0.018506,0.981494
fassent,1720-1730,1780-1789,0.557487,0.442513,242,655,5686,0.021033,0.978967,0.020387,0.979613
étais,1700-1710,1720-1730,0.557454,0.442546,60,91,5657,0.035334,0.964666,0.025449,0.974551
rejoindre,1710-1720,1740-1750,0.556883,0.443117,78,376,5675,0.016712,0.983288,0.018941,0.981059
brillant,1710-1720,1789-1802,0.556777,0.443223,243,1872,5706,0.013904,0.986096,0.01909,0.98091
dormir,1700-1710,1720-1730,0.556492,0.443508,215,227,5685,0.010865,0.989135,0.015455,0.984545
amours,1730-1740,1789-1802,0.556381,0.443619,829,1026,5698,0.0142,0.9858,0.018172,0.981828
vigne,1700-1710,1780-1789,0.555875,0.444125,959,1397,5690,0.029901,0.970099,0.034581,0.965419
portoit,1730-1740,1760-1770,0.555021,0.444979,1633,1527,5703,0.02632,0.97368,0.013913,0.986087
anges,1770-1780,1780-1789,0.555006,0.444994,720,563,5670,0.008333,0.991667,0.012207,0.987793
engagea,1700-1710,1740-1750,0.554985,0.445015,65,279,5685,0.021668,0.978332,0.025004,0.974996
compagnons,1710-1720,1760-1770,0.554686,0.445314,583,1274,5693,0.009904,0.990096,0.015578,0.984422
sentis,1700-1710,1789-1802,0.553833,0.446167,95,641,5653,0.034963,0.965037,0.026372,0.973628
élever,1720-1730,1789-1802,0.553753,0.446247,482,2126,5713,0.015532,0.984468,0.022342,0.977658
rage,1720-1730,1750-1760,0.553564,0.446436,501,1115,5709,0.006619,0.993381,0.013793,0.986207
attendoit,1710-1720,1770-1780,0.553237,0.446763,101,607,5691,0.03076,0.96924,0.017088,0.982912
tiendra,1730-1740,1789-1802,0.553047,0.446953,325,767,5688,0.013311,0.986689,0.021625,0.978375
quart,1710-1720,1789-1802,0.55291,0.44709,1347,5178,5698,0.025183,0.974817,0.032315,0.967685
commencent,1710-1720,1789-1802,0.552159,0.447841,304,961,5697,0.016444,0.983556,0.025435,0.974565
instruit,1740-1750,1760-1770,0.551178,0.448822,885,1963,5710,0.008361,0.991639,0.015514,0.984486
demoiselle,1720-1730,1730-1740,0.550781,0.449219,240,417,5677,0.0199,0.9801,0.024861,0.975139
permet,1710-1720,1720-1730,0.550668,0.449332,824,673,5713,0.012995,0.987005,0.019121,0.980879
emploie,1710-1720,1720-1730,0.550562,0.449438,106,155,5701,0.007425,0.992575,0.015766,0.984234
avancer,1710-1720,1770-1780,0.54969,0.45031,427,1119,5711,0.010453,0.989547,0.016281,0.983719
rentes,1710-1720,1740-1750,0.549083,0.450917,1696,1555,5690,0.023261,0.976739,0.024836,0.975164
pois,1760-1770,1770-1780,0.548565,0.451435,966,1221,5670,0.007041,0.992959,0.014748,0.985252
artillerie,1710-1720,1720-1730,0.548403,0.451597,53,133,5677,0.034457,0.965543,0.025632,0.974368
arrivera,1700-1710,1730-1740,0.548281,0.451719,162,193,5680,0.010369,0.989631,0.020072,0.979928
montrer,1700-1710,1750-1760,0.547315,0.452685,809,2335,5713,0.013329,0.986671,0.018724,0.981276
aimoit,1700-1710,1730-1740,0.547252,0.452748,285,661,5698,0.029615,0.970385,0.017716,0.982284
devint,1730-1740,1770-1780,0.547018,0.452982,1337,3538,5704,0.012645,0.987355,0.014709,0.985291
nécessaire,1710-1720,1730-1740,0.546934,0.453066,1517,3456,5715,0.023853,0.976147,0.018839,0.981161
observé,1700-1710,1710-1720,0.546506,0.453494,411,708,5704,0.011913,0.988087,0.027208,0.972792
répondent,1710-1720,1750-1760,0.546383,0.453617,112,395,5695,0.01301,0.98699,0.022104,0.977896
grecs,1700-1710,1730-1740,0.546177,0.453823,1857,4085,5712,0.041197,0.958803,0.040062,0.959938
ducs,1710-1720,1770-1780,0.544809,0.455191,839,1053,5665,0.06925,0.93075,0.038829,0.961171
générales,1750-1760,1780-1789,0.544633,0.455367,1579,2745,5707,0.015326,0.984674,0.017965,0.982035
rapporte,1700-1710,1710-1720,0.5446,0.4554,632,1199,5714,0.016173,0.983827,0.033962,0.966038
gorge,1760-1770,1789-1802,0.544593,0.455407,1062,995,5693,0.013076,0.986924,0.019096,0.980904
garantir,1700-1710,1740-1750,0.54452,0.45548,306,1036,5703,0.019552,0.980448,0.021697,0.978303
laissant,1720-1730,1730-1740,0.544455,0.455545,460,700,5704,0.011579,0.988421,0.018769,0.981231
intervalle,1710-1720,1789-1802,0.544376,0.455624,161,1308,5702,0.041913,0.958087,0.020341,0.979659
possible,1700-1710,1760-1770,0.544297,0.455703,1467,9107,5717,0.033798,0.966202,0.031811,0.968189
ressentiment,1730-1740,1750-1760,0.543927,0.456073,528,726,5684,0.025059,0.974941,0.014502,0.985498
artifice,1720-1730,1750-1760,0.543899,0.456101,192,295,5702,0.024611,0.975389,0.014376,0.985624
jouer,1720-1730,1789-1802,0.54386,0.45614,535,2557,5707,0.014373,0.985627,0.022532,0.977468
capitaines,1710-1720,1730-1740,0.543687,0.456313,520,949,5689,0.022805,0.977195,0.016462,0.983538
manquent,1760-1770,1789-1802,0.543617,0.456383,1314,1213,5705,0.017799,0.982201,0.017343,0.982657
misérable,1720-1730,1730-1740,0.543403,0.456597,235,375,5687,0.009009,0.990991,0.014935,0.985065
décrit,1700-1710,1730-1740,0.543372,0.456628,137,318,5699,0.011814,0.988186,0.020145,0.979855
roit,1700-1710,1770-1780,0.543169,0.456831,791,3551,5703,0.021287,0.978713,0.028727,0.971273
jeter,1710-1720,1720-1730,0.543131,0.456869,207,188,5675,0.015514,0.984486,0.027722,0.972278
apprenez,1720-1730,1750-1760,0.543065,0.456935,120,376,5677,0.00715,0.99285,0.017243,0.982757
citer,1700-1710,1760-1770,0.542981,0.457019,184,1192,5707,0.02224,0.97776,0.024526,0.975474
procureur,1700-1710,1710-1720,0.542679,0.457321,1263,4301,5689,0.034389,0.965611,0.03628,0.96372
contente,1720-1730,1760-1770,0.54254,0.45746,521,1312,5711,0.01571,0.98429,0.020983,0.979017
infortune,1710-1720,1789-1802,0.542201,0.457799,72,453,5688,0.054963,0.945037,0.04082,0.95918
cieux,1700-1710,1780-1789,0.542109,0.457891,574,2646,5699,0.023405,0.976595,0.024783,0.975217
farine,1710-1720,1760-1770,0.541899,0.458101,1057,3712,5678,0.019101,0.980899,0.021973,0.978027
reprendre,1710-1720,1760-1770,0.541787,0.458213,549,1435,5706,0.012334,0.987666,0.014825,0.985175
demi,1700-1710,1730-1740,0.541162,0.458838,2868,2521,5713,0.018531,0.981469,0.03524,0.96476
imaginé,1730-1740,1789-1802,0.540977,0.459023,414,1175,5704,0.017559,0.982441,0.025608,0.974392
furieux,1740-1750,1770-1780,0.540956,0.459044,918,1615,5704,0.008216,0.991784,0.012522,0.987478
retiré,1700-1710,1710-1720,0.540675,0.459325,378,377,5700,0.007299,0.992701,0.014749,0.985251
toiles,1720-1730,1750-1760,0.540643,0.459357,842,2920,5687,0.039009,0.960991,0.04395,0.95605
portraits,1760-1770,1789-1802,0.540639,0.459361,551,831,5698,0.011459,0.988541,0.017168,0.982832
bord,1750-1760,1770-1780,0.540521,0.459479,1847,4941,5710,0.025292,0.974708,0.020402,0.979598
offert,1720-1730,1789-1802,0.540041,0.459959,205,1329,5698,0.012602,0.987398,0.025387,0.974613
croyant,1710-1720,1720-1730,0.539448,0.460552,276,265,5698,0.010515,0.989485,0.01588,0.98412
blancs,1730-1740,1789-1802,0.539255,0.460745,579,3126,5701,0.023819,0.976181,0.029665,0.970335
orateurs,1750-1760,1789-1802,0.53885,0.46115,319,956,5685,0.026077,0.973923,0.016943,0.983057
sois,1740-1750,1760-1770,0.538614,0.461386,660,981,5698,0.012361,0.987639,0.020627,0.979373
accepté,1710-1720,1720-1730,0.538034,0.461966,206,146,5690,0.014,0.986,0.01794,0.98206
xviii,1710-1720,1789-1802,0.53788,0.46212,375,1328,5705,0.031371,0.968629,0.060283,0.939717
infortuné,1730-1740,1740-1750,0.537228,0.462772,268,238,5680,0.031868,0.968132,0.016137,0.983863
glorieux,1740-1750,1789-1802,0.536651,0.463349,700,1210,5701,0.012389,0.987611,0.012469,0.987531
peintre,1700-1710,1720-1730,0.536592,0.463408,963,497,5702,0.021049,0.978951,0.02307,0.97693
redoutable,1720-1730,1730-1740,0.536488,0.463512,433,646,5694,0.009879,0.990121,0.013178,0.986822
découvrir,1700-1710,1750-1760,0.53638,0.46362,840,2039,5713,0.009449,0.990551,0.01608,0.98392
conclure,1730-1740,1740-1750,0.536165,0.463835,1059,1495,5708,0.01318,0.98682,0.019188,0.980812
travaillé,1710-1720,1740-1750,0.535826,0.464174,357,418,5704,0.009535,0.990465,0.018621,0.981379
arrérages,1710-1720,1720-1730,0.535625,0.464375,197,75,5568,0.022226,0.977774,0.041982,0.958018
promis,1760-1770,1789-1802,0.534897,0.465103,1801,2981,5703,0.007851,0.992149,0.018569,0.981431
passent,1760-1770,1780-1789,0.534873,0.465127,1568,1826,5695,0.014184,0.985816,0.018633,0.981367
tenté,1710-1720,1770-1780,0.534753,0.465247,203,1863,5699,0.024143,0.975857,0.027165,0.972835
conduisent,1720-1730,1789-1802,0.534411,0.465589,209,740,5682,0.015183,0.984817,0.021668,0.978332
déplorable,1750-1760,1789-1802,0.5344,0.4656,333,1045,5690,0.012719,0.987281,0.016572,0.983428
acheté,1760-1770,1789-1802,0.534384,0.465616,769,1044,5689,0.009722,0.990278,0.018174,0.981826
apporte,1750-1760,1760-1770,0.53436,0.46564,755,1032,5712,0.008379,0.991621,0.011939,0.988061
demeurer,1700-1710,1760-1770,0.533957,0.466043,1019,1042,5696,0.01729,0.98271,0.016976,0.983024
tint,1710-1720,1720-1730,0.533272,0.466728,522,740,5693,0.012841,0.987159,0.019494,0.980506
brebis,1700-1710,1750-1760,0.532766,0.467234,375,1652,5680,0.012797,0.987203,0.021867,0.978133
suivit,1730-1740,1760-1770,0.532626,0.467374,576,651,5690,0.011829,0.988171,0.015491,0.984509
bateau,1710-1720,1730-1740,0.532588,0.467412,398,155,5659,0.020103,0.979897,0.020035,0.979965
garçons,1720-1730,1730-1740,0.532253,0.467747,283,330,5686,0.014508,0.985492,0.020168,0.979832
approuvé,1740-1750,1760-1770,0.531925,0.468075,414,508,5689,0.009015,0.990985,0.019871,0.980129
marie,1750-1760,1780-1789,0.531478,0.468522,2140,3207,5703,0.005906,0.994094,0.011636,0.988364
tiennent,1710-1720,1780-1789,0.531425,0.468575,1204,3529,5711,0.016102,0.983898,0.023099,0.976901
persuader,1710-1720,1720-1730,0.531392,0.468608,805,574,5708,0.013373,0.986627,0.019248,0.980752
bénéfices,1710-1720,1720-1730,0.530914,0.469086,186,139,5663,0.011795,0.988205,0.022618,0.977382
plaisanterie,1710-1720,1720-1730,0.530722,0.469278,156,88,5686,0.011801,0.988199,0.01696,0.98304
chapelle,1750-1760,1760-1770,0.530402,0.469598,1115,1001,5691,0.010489,0.989511,0.01738,0.98262
profité,1770-1780,1780-1789,0.529542,0.470458,738,824,5689,0.011075,0.988925,0.015882,0.984118
rendues,1710-1720,1789-1802,0.529076,0.470924,263,769,5687,0.039523,0.960477,0.044046,0.955954
naissent,1700-1710,1789-1802,0.528938,0.471062,222,905,5694,0.025808,0.974192,0.028163,0.971837
quitté,1760-1770,1780-1789,0.528852,0.471148,881,1834,5699,0.015646,0.984354,0.01598,0.98402
considérer,1710-1720,1720-1730,0.528442,0.471558,215,285,5701,0.014763,0.985237,0.020314,0.979686
troisième,1730-1740,1740-1750,0.528145,0.471855,868,810,5711,0.014664,0.985336,0.021714,0.978286
croyois,1700-1710,1710-1720,0.527788,0.472212,190,104,5678,0.036026,0.963974,0.028221,0.971779
loup,1700-1710,1720-1730,0.52712,0.47288,279,308,5672,0.016096,0.983904,0.035888,0.964112
rentrer,1710-1720,1750-1760,0.526794,0.473206,434,1039,5704,0.016057,0.983943,0.016952,0.983048
commandant,1740-1750,1780-1789,0.526778,0.473222,1023,2316,5682,0.016759,0.983241,0.0173,0.9827
rendant,1700-1710,1740-1750,0.526777,0.473223,284,553,5708,0.0278,0.9722,0.020242,0.979758
proposer,1720-1730,1789-1802,0.526753,0.473247,487,2910,5704,0.013637,0.986363,0.020012,0.979988
paroît,1700-1710,1720-1730,0.52602,0.47398,1373,2124,5705,0.031965,0.968035,0.024072,0.975928
faisait,1720-1730,1730-1740,0.525895,0.474105,471,545,5627,0.017754,0.982246,0.017106,0.982894
ronde,1780-1789,1789-1802,0.525672,0.474328,1089,987,5689,0.009372,0.990628,0.015843,0.984157
réussi,1760-1770,1780-1789,0.52567,0.47433,722,1073,5699,0.010421,0.989579,0.017706,0.982294
parlerai,1720-1730,1740-1750,0.524588,0.475412,276,345,5689,0.027235,0.972765,0.032337,0.967663
éloigné,1700-1710,1710-1720,0.52431,0.47569,600,704,5711,0.009105,0.990895,0.017001,0.982999
lendemain,1710-1720,1740-1750,0.524139,0.475861,1618,3991,5702,0.027914,0.972086,0.032617,0.967383
renvoyer,1710-1720,1730-1740,0.523966,0.476034,301,451,5692,0.013069,0.986931,0.015388,0.984612
consentit,1700-1710,1710-1720,0.523953,0.476047,137,139,5652,0.016285,0.983715,0.01908,0.98092
statues,1710-1720,1770-1780,0.52369,0.47631,694,1491,5694,0.026586,0.973414,0.038015,0.961985
lundi,1760-1770,1770-1780,0.523451,0.476549,1133,1407,5665,0.010353,0.989647,0.024169,0.975831
apporté,1710-1720,1789-1802,0.522945,0.477055,319,956,5695,0.01569,0.98431,0.019842,0.980158
laine,1720-1730,1780-1789,0.522407,0.477593,826,4996,5697,0.019111,0.980889,0.023923,0.976077
mener,1700-1710,1740-1750,0.522276,0.477724,456,842,5697,0.010386,0.989614,0.017014,0.982986
profondeur,1700-1710,1789-1802,0.521863,0.478137,334,1991,5697,0.031182,0.968818,0.03483,0.96517
prié,1710-1720,1780-1789,0.520898,0.479102,342,905,5687,0.034098,0.965902,0.035339,0.964661
cessé,1770-1780,1789-1802,0.520837,0.479163,796,1524,5668,0.01872,0.98128,0.02343,0.97657
lumière,1720-1730,1740-1750,0.520789,0.479211,298,702,5702,0.015681,0.984319,0.018461,0.981539
choisit,1740-1750,1770-1780,0.520596,0.479404,467,1194,5695,0.010802,0.989198,0.016857,0.983143
noir,1750-1760,1789-1802,0.52042,0.47958,2619,3404,5711,0.009306,0.990694,0.015908,0.984092
criant,1730-1740,1750-1760,0.520196,0.479804,164,168,5676,0.011119,0.988881,0.018599,0.981401
tonnerre,1720-1730,1760-1770,0.520023,0.479977,233,771,5696,0.014048,0.985952,0.020736,0.979264
fiefs,1700-1710,1740-1750,0.519771,0.480229,473,1731,5640,0.033348,0.966652,0.0461,0.9539
appareil,1760-1770,1789-1802,0.519719,0.480281,426,614,5695,0.006191,0.993809,0.011665,0.988335
tire,1710-1720,1720-1730,0.51971,0.48029,2484,2680,5715,0.010104,0.989896,0.019768,0.980232
nomma,1710-1720,1740-1750,0.519265,0.480735,249,654,5681,0.01906,0.98094,0.016472,0.983528
diverfes,1740-1750,1760-1770,0.518601,0.481399,659,589,5531,0.017385,0.982615,0.028984,0.971016
fatale,1750-1760,1780-1789,0.518429,0.481571,596,1183,5693,0.011125,0.988875,0.01699,0.98301
entrepris,1700-1710,1789-1802,0.518189,0.481811,235,838,5701,0.012095,0.987905,0.021656,0.978344
sorti,1710-1720,1720-1730,0.517857,0.482143,556,540,5703,0.00824,0.99176,0.018059,0.981941
produisent,1700-1710,1740-1750,0.517368,0.482632,351,880,5704,0.015092,0.984908,0.020952,0.979048
comprendre,1710-1720,1740-1750,0.51719,0.48281,891,1724,5712,0.014134,0.985866,0.016987,0.983013
reconnut,1720-1730,1730-1740,0.516796,0.483204,243,374,5682,0.019981,0.980019,0.014015,0.985985
adroit,1760-1770,1770-1780,0.516686,0.483314,476,766,5684,0.01535,0.98465,0.01032,0.98968
savans,1760-1770,1789-1802,0.516196,0.483804,567,993,5678,0.01146,0.98854,0.016372,0.983628
chapeau,1730-1740,1750-1760,0.515822,0.484178,435,417,5684,0.009033,0.990967,0.020525,0.979475
aucunes,1710-1720,1750-1760,0.515811,0.484189,1369,981,5683,0.016564,0.983436,0.022467,0.977533
permettent,1700-1710,1710-1720,0.515656,0.484344,150,156,5699,0.023733,0.976267,0.027609,0.972391
roient,1710-1720,1780-1789,0.515513,0.484487,186,1711,5679,0.016858,0.983142,0.031099,0.968901
permit,1710-1720,1789-1802,0.515444,0.484556,344,1190,5701,0.015304,0.984696,0.029541,0.970459
chaud,1760-1770,1789-1802,0.515439,0.484561,1777,1077,5698,0.025274,0.974726,0.028853,0.971147
quitter,1710-1720,1750-1760,0.514581,0.485419,875,2019,5712,0.014806,0.985194,0.016014,0.983986
automne,1730-1740,1740-1750,0.51409,0.48591,64,113,5690,0.025127,0.974873,0.02478,0.97522
vache,1720-1730,1750-1760,0.51299,0.48701,182,319,5666,0.016138,0.983862,0.023441,0.976559
longtems,1710-1720,1740-1750,0.512644,0.487356,589,1162,5684,0.036999,0.963001,0.02081,0.97919
terrible,1700-1710,1730-1740,0.512267,0.487733,500,1066,5711,0.01633,0.98367,0.01571,0.98429
chaise,1720-1730,1730-1740,0.511466,0.488534,159,279,5657,0.015683,0.984317,0.023843,0.976157
malheureuse,1730-1740,1740-1750,0.51124,0.48876,869,886,5704,0.01007,0.98993,0.013272,0.986728
receveurs,1780-1789,1789-1802,0.511127,0.488873,2121,1810,5644,0.016347,0.983653,0.030302,0.969698
descendre,1720-1730,1740-1750,0.511116,0.488884,436,1299,5706,0.011236,0.988764,0.019413,0.980587
appellé,1710-1720,1789-1802,0.511081,0.488919,1118,1028,5689,0.029171,0.970829,0.033794,0.966206
verd,1720-1730,1740-1750,0.510389,0.489611,536,1222,5684,0.017357,0.982643,0.030953,0.969047
traduire,1700-1710,1789-1802,0.509616,0.490384,123,621,5696,0.014603,0.985397,0.020394,0.979606
prétend,1720-1730,1770-1780,0.508723,0.491277,1326,5577,5712,0.014556,0.985444,0.023191,0.976809
porta,1720-1730,1770-1780,0.508656,0.491344,980,1828,5698,0.018043,0.981957,0.019628,0.980372
mariée,1780-1789,1789-1802,0.508655,0.491345,992,683,5683,0.008064,0.991936,0.013168,0.986832
bled,1730-1740,1789-1802,0.508562,0.491438,629,2392,5692,0.019108,0.980892,0.024937,0.975063
retour,1750-1760,1770-1780,0.508346,0.491654,4281,6855,5716,0.009658,0.990342,0.014585,0.985415
surprise,1720-1730,1730-1740,0.508243,0.491757,612,1287,5710,0.013182,0.986818,0.016361,0.983639
éloge,1700-1710,1720-1730,0.508165,0.491835,157,267,5708,0.018183,0.981817,0.018585,0.981415
affreuse,1740-1750,1750-1760,0.507885,0.492115,283,242,5673,0.012606,0.987394,0.018223,0.981777
incapable,1720-1730,1730-1740,0.507511,0.492489,221,406,5705,0.011598,0.988402,0.018273,0.981727
sentent,1780-1789,1789-1802,0.507488,0.492512,715,624,5694,0.009694,0.990306,0.0161,0.9839
filles,1710-1720,1720-1730,0.507132,0.492868,1842,2489,5713,0.014653,0.985347,0.022053,0.977947
hôte,1700-1710,1780-1789,0.50666,0.49334,90,661,5670,0.010298,0.989702,0.022237,0.977763
engagé,1700-1710,1760-1770,0.506558,0.493442,314,1228,5705,0.013289,0.986711,0.026816,0.973184
saints,1710-1720,1730-1740,0.505895,0.494105,1294,965,5706,0.012696,0.987304,0.019925,0.980075
tira,1740-1750,1770-1780,0.505783,0.494217,983,951,5691,0.009598,0.990402,0.01775,0.98225
bataille,1760-1770,1770-1780,0.505562,0.494438,1985,3921,5703,0.009117,0.990883,0.016296,0.983704
debout,1710-1720,1730-1740,0.505382,0.494618,471,336,5697,0.010507,0.989493,0.015068,0.984932
valet,1710-1720,1770-1780,0.505078,0.494922,1443,1769,5697,0.035197,0.964803,0.017248,0.982752
mouton,1700-1710,1780-1789,0.504521,0.495479,331,965,5665,0.022881,0.977119,0.0434,0.9566
dragons,1720-1730,1740-1750,0.504443,0.495557,301,287,5668,0.030321,0.969679,0.025832,0.974168
condamnation,1740-1750,1750-1760,0.503387,0.496613,360,477,5685,0.010839,0.989161,0.015823,0.984177
prodigieux,1770-1780,1789-1802,0.50287,0.49713,1025,730,5697,0.026815,0.973185,0.012588,0.987412
tomba,1720-1730,1730-1740,0.502763,0.497237,512,742,5692,0.012727,0.987273,0.016383,0.983617
rapporté,1710-1720,1770-1780,0.502757,0.497243,742,1588,5703,0.01287,0.98713,0.024117,0.975883
verrai,1710-1720,1750-1760,0.502612,0.497388,131,408,5667,0.014804,0.985196,0.021286,0.978714
resta,1700-1710,1710-1720,0.501853,0.498147,106,184,5684,0.012012,0.987988,0.019146,0.980854
conjure,1740-1750,1780-1789,0.501381,0.498619,302,920,5673,0.030008,0.969992,0.020452,0.979548
rencontrer,1710-1720,1780-1789,0.501124,0.498876,279,1510,5702,0.013126,0.986874,0.016293,0.983707
matin,1740-1750,1770-1780,0.500907,0.499093,2967,4913,5705,0.026879,0.973121,0.029469,0.970531
sentir,1700-1710,1740-1750,0.50029,0.49971,721,2273,5715,0.012956,0.987044,0.021763,0.978237
manquoit,1710-1720,1730-1740,0.500282,0.499718,207,608,5689,0.035273,0.964727,0.01893,0.98107
marquer,1710-1720,1760-1770,0.500135,0.499865,1026,1878,5707,0.011914,0.988086,0.016915,0.983085
arrivent,1710-1720,1760-1770,0.499876,0.500124,477,1017,5695,0.013383,0.986617,0.021802,0.978198
riviere,1710-1720,1730-1740,0.499346,0.500654,1754,2047,5676,0.041217,0.958783,0.027481,0.972519
conduisit,1740-1750,1789-1802,0.49917,0.50083,659,1178,5684,0.026785,0.973215,0.027605,0.972395
commence,1720-1730,1750-1760,0.498751,0.501249,1406,2710,5717,0.011832,0.988168,0.019799,0.980201
tourna,1760-1770,1789-1802,0.497885,0.502115,403,610,5675,0.007772,0.992228,0.013925,0.986075
soyez,1710-1720,1770-1780,0.497606,0.502394,417,1706,5694,0.01354,0.98646,0.023611,0.976389
embarras,1750-1760,1770-1780,0.495798,0.504202,1066,1697,5710,0.021158,0.978842,0.01167,0.98833
minuit,1710-1720,1760-1770,0.49532,0.50468,201,314,5663,0.020963,0.979037,0.021726,0.978274
reconnu,1710-1720,1789-1802,0.495215,0.504785,656,3525,5709,0.012317,0.987683,0.019971,0.980029
croit,1700-1710,1740-1750,0.494828,0.505172,1331,3997,5715,0.012814,0.987186,0.020742,0.979258
grec,1730-1740,1780-1789,0.494784,0.505216,1396,5324,5704,0.012168,0.987832,0.022991,0.977009
amie,1710-1720,1789-1802,0.494509,0.505491,165,3844,5689,0.026227,0.973773,0.035717,0.964283
apporter,1710-1720,1789-1802,0.493533,0.506467,659,1290,5705,0.016172,0.983828,0.021891,0.978109
abandonner,1710-1720,1760-1770,0.493175,0.506825,342,1114,5711,0.011966,0.988034,0.013986,0.986014
contrats,1710-1720,1760-1770,0.493005,0.506995,806,1798,5675,0.009945,0.990055,0.018595,0.981405
premières,1710-1720,1740-1750,0.492867,0.507133,396,646,5710,0.01504,0.98496,0.024035,0.975965
dents,1700-1710,1770-1780,0.492692,0.507308,424,3250,5699,0.026131,0.973869,0.02816,0.97184
forteresse,1710-1720,1789-1802,0.491157,0.508843,139,776,5636,0.016027,0.983973,0.020503,0.979497
tournant,1750-1760,1780-1789,0.490853,0.509147,391,958,5694,0.014814,0.985186,0.020953,0.979047
sait,1710-1720,1750-1760,0.490751,0.509249,607,1658,5700,0.009445,0.990555,0.016988,0.983012
isle,1740-1750,1750-1760,0.49025,0.50975,1450,974,5697,0.042522,0.957478,0.025675,0.974325
aimez,1720-1730,1760-1770,0.489295,0.510705,199,486,5685,0.011337,0.988663,0.0191,0.9809
chargée,1700-1710,1740-1750,0.489195,0.510805,177,579,5701,0.013581,0.986419,0.024334,0.975666
prétends,1740-1750,1750-1760,0.488918,0.511082,248,444,5690,0.035997,0.964003,0.023263,0.976737
partir,1700-1710,1710-1720,0.488803,0.511197,885,808,5708,0.012162,0.987838,0.018423,0.981577
ques,1700-1710,1720-1730,0.488486,0.511514,981,1394,5701,0.008642,0.991358,0.020741,0.979259
mettant,1710-1720,1740-1750,0.48826,0.51174,536,856,5711,0.015878,0.984122,0.020286,0.979714
passoit,1710-1720,1730-1740,0.488259,0.511741,271,839,5694,0.024883,0.975117,0.019215,0.980785
avocats,1710-1720,1780-1789,0.488099,0.511901,525,1421,5678,0.014066,0.985934,0.021662,0.978338
laisse,1710-1720,1740-1750,0.487758,0.512242,2136,2312,5715,0.01243,0.98757,0.021324,0.978676
nommer,1710-1720,1789-1802,0.48767,0.51233,723,2678,5710,0.011391,0.988609,0.020215,0.979785
promenade,1700-1710,1720-1730,0.48695,0.51305,135,170,5669,0.015063,0.984937,0.023743,0.976257
dirent,1780-1789,1789-1802,0.486455,0.513545,1543,979,5687,0.012148,0.987852,0.017843,0.982157
library,1780-1789,1789-1802,0.486255,0.513745,1573,3522,2225,0.070631,0.929369,0.066226,0.933774
monta,1730-1740,1740-1750,0.485832,0.514168,503,599,5686,0.017231,0.982769,0.017652,0.982348
divine,1700-1710,1770-1780,0.485482,0.514518,888,2369,5707,0.020826,0.979174,0.030658,0.969342
drap,1700-1710,1760-1770,0.485019,0.514981,325,1497,5676,0.036241,0.963759,0.030386,0.969614
briller,1760-1770,1770-1780,0.484352,0.515648,592,860,5700,0.013021,0.986979,0.0132,0.9868
apollon,1710-1720,1730-1740,0.484076,0.515924,688,762,5695,0.012072,0.987928,0.022186,0.977814
toises,1740-1750,1760-1770,0.483926,0.516074,1336,1674,5668,0.061243,0.938757,0.04677,0.95323
retourna,1730-1740,1770-1780,0.483568,0.516432,610,512,5679,0.018105,0.981895,0.023099,0.976901
vendu,1710-1720,1770-1780,0.483418,0.516582,976,2365,5693,0.012127,0.987873,0.024414,0.975586
exiger,1710-1720,1789-1802,0.483308,0.516692,529,1839,5706,0.016108,0.983892,0.030528,0.969472
éprouvé,1710-1720,1740-1750,0.481709,0.518291,173,408,5708,0.024273,0.975727,0.020157,0.979843
oblige,1700-1710,1730-1740,0.481683,0.518317,608,534,5710,0.020188,0.979812,0.023366,0.976634
vengeance,1740-1750,1789-1802,0.48163,0.51837,1710,3876,5706,0.011656,0.988344,0.012991,0.987009
entra,1750-1760,1789-1802,0.481573,0.518427,1106,1662,5692,0.010276,0.989724,0.019259,0.980741
souverains,1710-1720,1720-1730,0.481443,0.518557,1102,719,5695,0.027413,0.972587,0.028411,0.971589
préceptes,1720-1730,1789-1802,0.480958,0.519042,228,750,5693,0.012943,0.987057,0.018367,0.981633
iroient,1730-1740,1750-1760,0.480542,0.519458,258,515,5670,0.02342,0.97658,0.020465,0.979535
frayeur,1730-1740,1770-1780,0.480531,0.519469,638,1030,5692,0.014913,0.985087,0.013782,0.986218
servira,1720-1730,1750-1760,0.479941,0.520059,221,443,5688,0.014198,0.985802,0.019089,0.980911
conservent,1700-1710,1780-1789,0.479491,0.520509,118,896,5683,0.015893,0.984107,0.019588,0.980412
gagné,1720-1730,1750-1760,0.479261,0.520739,429,690,5702,0.00858,0.99142,0.01695,0.98305
moines,1700-1710,1730-1740,0.477922,0.522078,224,761,5674,0.014124,0.985876,0.019319,0.980681
offrit,1700-1710,1720-1730,0.477693,0.522307,110,169,5686,0.013183,0.986817,0.020371,0.979629
ouvrit,1710-1720,1740-1750,0.476614,0.523386,151,344,5683,0.010235,0.989765,0.017032,0.982968
servent,1700-1710,1740-1750,0.47603,0.52397,330,379,5698,0.021981,0.978019,0.028816,0.971184
parurent,1710-1720,1720-1730,0.4752,0.5248,232,231,5688,0.022861,0.977139,0.019605,0.980395
appartenoit,1700-1710,1780-1789,0.475198,0.524802,152,1007,5685,0.046995,0.953005,0.029055,0.970945
façon,1700-1710,1720-1730,0.473655,0.526345,987,1752,5716,0.01697,0.98303,0.032738,0.967262
accordé,1700-1710,1730-1740,0.473641,0.526359,467,1096,5702,0.016628,0.983372,0.021187,0.978813
répondu,1780-1789,1789-1802,0.473212,0.526788,2053,1766,5696,0.012373,0.987627,0.015069,0.984931
peux,1700-1710,1720-1730,0.472981,0.527019,293,223,5701,0.020201,0.979799,0.032428,0.967572
papes,1700-1710,1720-1730,0.472868,0.527132,162,546,5655,0.026014,0.973986,0.02988,0.97012
sortit,1720-1730,1789-1802,0.472512,0.527488,465,1856,5691,0.012245,0.987755,0.018774,0.981226
obtint,1700-1710,1710-1720,0.471288,0.528712,259,317,5685,0.006766,0.993234,0.01625,0.98375
nulle,1700-1710,1750-1760,0.469615,0.530385,627,1733,5706,0.011984,0.988016,0.02291,0.97709
durant,1740-1750,1780-1789,0.468508,0.531492,1537,4087,5697,0.009895,0.990105,0.022857,0.977143
aurez,1700-1710,1760-1770,0.467775,0.532225,904,2765,5704,0.021529,0.978471,0.025105,0.974895
soeurs,1720-1730,1760-1770,0.467729,0.532271,390,671,5672,0.016723,0.983277,0.023261,0.976739
gris,1740-1750,1760-1770,0.467679,0.532321,600,1445,5681,0.011718,0.988282,0.020896,0.979104
etoit,1740-1750,1750-1760,0.467212,0.532788,1542,1810,5698,0.040349,0.959651,0.01823,0.98177
refusa,1710-1720,1770-1780,0.467103,0.532897,177,866,5690,0.013954,0.986046,0.014643,0.985357
prenant,1730-1740,1740-1750,0.465243,0.534757,1548,1783,5712,0.016508,0.983492,0.017218,0.982782
ferait,1730-1740,1780-1789,0.465158,0.534842,276,2923,5686,0.024627,0.975373,0.030005,0.969995
jugera,1720-1730,1730-1740,0.465007,0.534993,217,285,5688,0.020607,0.979393,0.030009,0.969991
ferai,1700-1710,1720-1730,0.464447,0.535553,1172,989,5712,0.029975,0.970025,0.026173,0.973827
sortent,1730-1740,1789-1802,0.464247,0.535753,254,937,5689,0.01519,0.98481,0.022806,0.977194
freres,1710-1720,1789-1802,0.463081,0.536919,818,1737,5685,0.035815,0.964185,0.022816,0.977184
pape,1700-1710,1730-1740,0.462226,0.537774,1579,6611,5693,0.034305,0.965695,0.028266,0.971734
colonel,1720-1730,1760-1770,0.461198,0.538802,821,1402,5675,0.032175,0.967825,0.056104,0.943896
enfants,1720-1730,1760-1770,0.4609,0.5391,918,3245,5678,0.023851,0.976149,0.028387,0.971613
instant,1760-1770,1789-1802,0.460839,0.539161,2746,6330,5714,0.014315,0.985685,0.019719,0.980281
murs,1700-1710,1710-1720,0.460693,0.539307,261,736,5708,0.016197,0.983803,0.025601,0.974399
rester,1740-1750,1770-1780,0.459767,0.540233,665,1928,5705,0.013132,0.986868,0.01671,0.98329
accorde,1700-1710,1710-1720,0.459656,0.540344,257,350,5711,0.01189,0.98811,0.017431,0.982569
imaginer,1700-1710,1770-1780,0.459527,0.540473,282,1474,5710,0.021046,0.978954,0.029843,0.970157
résolu,1740-1750,1789-1802,0.459505,0.540495,1371,1376,5698,0.014246,0.985754,0.018908,0.981092
arrivoit,1710-1720,1730-1740,0.459393,0.540607,212,469,5685,0.041995,0.958005,0.023903,0.976097
nuages,1730-1740,1750-1760,0.459147,0.540853,303,456,5699,0.010493,0.989507,0.019308,0.980692
servit,1710-1720,1720-1730,0.459124,0.540876,460,601,5690,0.023906,0.976094,0.021782,0.978218
tombent,1760-1770,1770-1780,0.45901,0.54099,1267,1898,5705,0.011217,0.988783,0.017348,0.982652
derniere,1710-1720,1720-1730,0.458932,0.541068,1209,1514,5703,0.029447,0.970553,0.018818,0.981182
épouse,1710-1720,1780-1789,0.45891,0.54109,556,1948,5697,0.028573,0.971427,0.026181,0.973819
favoit,1740-1750,1750-1760,0.458819,0.541181,318,400,5643,0.032555,0.967445,0.022627,0.977373
perdent,1770-1780,1789-1802,0.458617,0.541383,1346,1030,5702,0.010772,0.989228,0.012773,0.987227
heureuse,1730-1740,1760-1770,0.458563,0.541437,1361,2481,5711,0.010511,0.989489,0.014566,0.985434
boire,1700-1710,1710-1720,0.458087,0.541913,939,1238,5702,0.010966,0.989034,0.01924,0.98076
permettoit,1700-1710,1710-1720,0.457548,0.542452,110,112,5688,0.046198,0.953802,0.028824,0.971176
entendent,1750-1760,1789-1802,0.457545,0.542455,264,339,5692,0.021073,0.978927,0.01557,0.98443
ayez,1710-1720,1760-1770,0.457262,0.542738,678,948,5700,0.023236,0.976764,0.033115,0.966885
sembloient,1700-1710,1720-1730,0.457246,0.542754,92,148,5674,0.031189,0.968811,0.022498,0.977502
pensent,1710-1720,1760-1770,0.456738,0.543262,181,904,5699,0.015508,0.984492,0.019472,0.980528
trois,1700-1710,1710-1720,0.456205,0.543795,12821,14431,5720,0.012122,0.987878,0.033479,0.966521
ayons,1730-1740,1780-1789,0.45614,0.54386,257,768,5702,0.020212,0.979788,0.02335,0.97665
passa,1710-1720,1740-1750,0.455171,0.544829,865,1447,5700,0.013402,0.986598,0.01856,0.98144
tenoit,1730-1740,1780-1789,0.454949,0.545051,1595,3549,5696,0.024124,0.975876,0.020244,0.979756
éroit,1700-1710,1710-1720,0.454903,0.545097,223,206,5680,0.029,0.971,0.03357,0.96643
eurent,1730-1740,1740-1750,0.454316,0.545684,2062,2065,5704,0.018838,0.981162,0.021876,0.978124
desirs,1720-1730,1770-1780,0.454209,0.545791,409,2289,5696,0.030691,0.969309,0.020082,0.979918
cherchoit,1700-1710,1710-1720,0.454208,0.545792,191,153,5691,0.026687,0.973313,0.014929,0.985071
etoient,1710-1720,1730-1740,0.453698,0.546302,476,1001,5679,0.033899,0.966101,0.026907,0.973093
résolut,1740-1750,1780-1789,0.453357,0.546643,766,1137,5669,0.031061,0.968939,0.022567,0.977433
espérer,1710-1720,1740-1750,0.453123,0.546877,443,1082,5708,0.017746,0.982254,0.018334,0.981666
souffert,1700-1710,1720-1730,0.451557,0.548443,290,306,5700,0.013822,0.986178,0.01735,0.98265
refuser,1740-1750,1789-1802,0.451325,0.548675,797,2232,5699,0.017484,0.982516,0.015682,0.984318
chargea,1730-1740,1750-1760,0.4512,0.5488,623,468,5680,0.01898,0.98102,0.020809,0.979191
donnerai,1700-1710,1720-1730,0.450875,0.549125,182,165,5679,0.029711,0.970289,0.027679,0.972321
péril,1700-1710,1710-1720,0.450473,0.549527,317,519,5692,0.014023,0.985977,0.018792,0.981208
voudra,1700-1710,1789-1802,0.449901,0.550099,575,2088,5713,0.017526,0.982474,0.024684,0.975316
pria,1720-1730,1740-1750,0.449883,0.550117,502,940,5680,0.018762,0.981238,0.024084,0.975916
partit,1710-1720,1750-1760,0.448341,0.551659,370,720,5690,0.016092,0.983908,0.019849,0.980151
etrangers,1710-1720,1740-1750,0.448214,0.551786,814,1530,5684,0.031811,0.968189,0.035678,0.964322
montré,1750-1760,1789-1802,0.447765,0.552235,867,2206,5702,0.016376,0.983624,0.025089,0.974911
donneroit,1700-1710,1710-1720,0.447343,0.552657,209,245,5695,0.019704,0.980296,0.020876,0.979124
parloit,1710-1720,1740-1750,0.446903,0.553097,344,815,5695,0.026504,0.973496,0.0175,0.9825
fermé,1700-1710,1730-1740,0.446879,0.553121,187,370,5693,0.011432,0.988568,0.018372,0.981628
voudrois,1700-1710,1710-1720,0.445874,0.554126,616,693,5700,0.033982,0.966018,0.03042,0.96958
remit,1710-1720,1740-1750,0.44577,0.55423,234,862,5692,0.014826,0.985174,0.019027,0.980973
bleu,1730-1740,1789-1802,0.444885,0.555115,340,1464,5678,0.015828,0.984172,0.033348,0.966652
onze,1720-1730,1730-1740,0.444854,0.555146,684,751,5701,0.011842,0.988158,0.029276,0.970724
voudrez,1760-1770,1789-1802,0.442766,0.557234,434,627,5679,0.017384,0.982616,0.031013,0.968987
lont,1700-1710,1789-1802,0.441924,0.558076,633,1146,5676,0.021327,0.978673,0.046064,0.953936
lesquels,1710-1720,1720-1730,0.441487,0.558513,3517,3548,5717,0.00997,0.99003,0.021663,0.978337
sembloit,1710-1720,1730-1740,0.440655,0.559345,405,1119,5697,0.040079,0.959921,0.017291,0.982709
retourner,1730-1740,1740-1750,0.440283,0.559717,1269,2280,5705,0.017014,0.982986,0.022783,0.977217
savoit,1700-1710,1730-1740,0.44021,0.55979,180,213,5671,0.022356,0.977644,0.017173,0.982827
craignoit,1700-1710,1770-1780,0.439892,0.560108,185,880,5686,0.031837,0.968163,0.025353,0.974647
desquelles,1700-1710,1710-1720,0.439465,0.560535,425,705,5695,0.009298,0.990702,0.026787,0.973213
vais,1710-1720,1750-1760,0.439261,0.560739,2381,3694,5713,0.015095,0.984905,0.019221,0.980779
aimée,1700-1710,1710-1720,0.438818,0.561182,141,153,5683,0.019252,0.980748,0.019066,0.980934
crut,1700-1710,1720-1730,0.437782,0.562218,698,801,5698,0.02945,0.97055,0.021146,0.978854
reçue,1710-1720,1720-1730,0.4375,0.5625,257,215,5701,0.012001,0.987999,0.016998,0.983002
crains,1700-1710,1760-1770,0.436898,0.563102,590,1638,5708,0.01807,0.98193,0.026555,0.973445
présenta,1710-1720,1720-1730,0.436235,0.563765,247,208,5683,0.018434,0.981566,0.020933,0.979067
ôtoient,1730-1740,1780-1789,0.436096,0.563904,126,257,5617,0.032426,0.967574,0.016521,0.983479
croyoit,1710-1720,1730-1740,0.435524,0.564476,380,1213,5700,0.035839,0.964161,0.019011,0.980989
seize,1720-1730,1780-1789,0.435345,0.564655,819,2307,5693,0.029819,0.970181,0.034202,0.965798
accordée,1700-1710,1710-1720,0.435224,0.564776,173,319,5699,0.011636,0.988364,0.021741,0.978259
beurre,1700-1710,1710-1720,0.435224,0.564776,470,947,5631,0.033366,0.966634,0.028352,0.971648
savait,1710-1720,1740-1750,0.43506,0.56494,547,106,5475,0.034759,0.965241,0.031555,0.968445
donneront,1700-1710,1710-1720,0.434078,0.565922,199,258,5684,0.018148,0.981852,0.026183,0.973817
cherché,1700-1710,1740-1750,0.434033,0.565967,161,433,5706,0.017127,0.982873,0.024296,0.975704
printemps,1720-1730,1730-1740,0.430387,0.569613,181,238,5682,0.023863,0.976137,0.031664,0.968336
avois,1720-1730,1730-1740,0.430038,0.569962,584,876,5708,0.034064,0.965936,0.020161,0.979839
oublié,1710-1720,1789-1802,0.42973,0.57027,523,2078,5710,0.010992,0.989008,0.017262,0.982738
prendra,1700-1710,1710-1720,0.428541,0.571459,357,352,5695,0.009964,0.990036,0.019634,0.980366
mettra,1710-1720,1730-1740,0.428041,0.571959,276,268,5696,0.015748,0.984252,0.020323,0.979677
concevoir,1740-1750,1770-1780,0.427775,0.572225,1037,1977,5707,0.013522,0.986478,0.016003,0.983997
forcé,1710-1720,1789-1802,0.426298,0.573702,408,4904,5712,0.019117,0.980883,0.022188,0.977812
rems,1700-1710,1710-1720,0.425741,0.574259,228,220,5679,0.008763,0.991237,0.034549,0.965451
proposa,1710-1720,1789-1802,0.425046,0.574954,266,1431,5695,0.020542,0.979458,0.024919,0.975081
oncle,1720-1730,1789-1802,0.4249,0.5751,708,2525,5697,0.022867,0.977133,0.033301,0.966699
jugea,1740-1750,1789-1802,0.424033,0.575967,783,632,5688,0.022454,0.977546,0.028755,0.971245
leva,1730-1740,1780-1789,0.421971,0.578029,551,1312,5682,0.01397,0.98603,0.018569,0.981431
quitta,1730-1740,1770-1780,0.420767,0.579233,459,821,5684,0.010336,0.989664,0.017131,0.982869
courut,1710-1720,1780-1789,0.420083,0.579917,202,995,5677,0.020421,0.979579,0.018414,0.981586
fallu,1700-1710,1740-1750,0.419572,0.580428,179,608,5712,0.024253,0.975747,0.025115,0.974885
pouvant,1710-1720,1720-1730,0.418224,0.581776,688,832,5712,0.018077,0.981923,0.026882,0.973118
avril,1700-1710,1740-1750,0.417562,0.582438,709,1774,5702,0.018559,0.981441,0.043664,0.956336
viens,1700-1710,1710-1720,0.417547,0.582453,1991,1942,5711,0.020373,0.979627,0.039037,0.960963
revenir,1700-1710,1720-1730,0.416858,0.583142,1116,1210,5710,0.015327,0.984673,0.016545,0.983455
donnèrent,1710-1720,1730-1740,0.415427,0.584573,150,350,5678,0.0259,0.9741,0.023309,0.976691
aurais,1700-1710,1750-1760,0.415091,0.584909,51,56,5650,0.022428,0.977572,0.031113,0.968887
pensé,1730-1740,1789-1802,0.414643,0.585357,827,2200,5711,0.020116,0.979884,0.034885,0.965115
soixante,1710-1720,1780-1789,0.41459,0.58541,1786,5207,5701,0.031878,0.968122,0.039477,0.960523
rendra,1710-1720,1720-1730,0.414142,0.585858,277,297,5699,0.010795,0.989205,0.016221,0.983779
croyoient,1720-1730,1780-1789,0.413885,0.586115,268,1097,5683,0.03417,0.96583,0.022231,0.977769
empêché,1700-1710,1740-1750,0.413653,0.586347,193,420,5698,0.021546,0.978454,0.029277,0.970723
virent,1730-1740,1740-1750,0.413614,0.586386,694,1293,5686,0.025081,0.974919,0.023756,0.976244
supposer,1740-1750,1760-1770,0.413602,0.586398,679,1516,5703,0.016643,0.983357,0.018858,0.981142
vouloient,1700-1710,1710-1720,0.413161,0.586839,1020,551,5695,0.103807,0.896193,0.132816,0.867184
sept,1730-1740,1789-1802,0.411559,0.588441,3500,10694,5715,0.033844,0.966156,0.050044,0.949956
aurons,1740-1750,1770-1780,0.411319,0.588681,560,999,5697,0.019585,0.980415,0.02047,0.97953
voudrais,1710-1720,1730-1740,0.410863,0.589137,216,307,5648,0.017999,0.982001,0.024688,0.975312
cinquante,1700-1710,1710-1720,0.410551,0.589449,1345,1806,5705,0.019053,0.980947,0.043166,0.956834
neuf,1720-1730,1750-1760,0.409989,0.590011,2478,3485,5717,0.018841,0.981159,0.027526,0.972474
tableaux,1730-1740,1780-1789,0.407419,0.592581,472,3068,5710,0.011729,0.988271,0.01709,0.98291
neveu,1700-1710,1720-1730,0.407153,0.592847,660,541,5692,0.02283,0.97717,0.032651,0.967349
voulus,1700-1710,1730-1740,0.406496,0.593504,134,256,5642,0.040743,0.959257,0.029585,0.970415
gendre,1700-1710,1730-1740,0.406083,0.593917,406,599,5688,0.040413,0.959587,0.020515,0.979485
ront,1700-1710,1780-1789,0.406001,0.593999,446,1635,5689,0.020635,0.979365,0.040782,0.959218
aurai,1700-1710,1789-1802,0.405571,0.594429,132,426,5699,0.040715,0.959285,0.027349,0.972651
refusé,1710-1720,1789-1802,0.404473,0.595527,207,1206,5693,0.013163,0.986837,0.018768,0.981232
erre,1700-1710,1710-1720,0.404153,0.595847,380,280,5687,0.014321,0.985679,0.016114,0.983886
suffire,1700-1710,1789-1802,0.403865,0.596135,120,1174,5692,0.026723,0.973277,0.02501,0.97499
nomment,1740-1750,1789-1802,0.403495,0.596505,1662,735,5686,0.025937,0.974063,0.032087,0.967913
pensez,1710-1720,1760-1770,0.403048,0.596952,301,966,5690,0.013559,0.986441,0.024535,0.975465
quatorze,1730-1740,1760-1770,0.402673,0.597327,927,1398,5704,0.027463,0.972537,0.034548,0.965452
cherchent,1730-1740,1770-1780,0.40164,0.59836,408,1325,5699,0.016712,0.983288,0.018574,0.981426
impossible,1720-1730,1730-1740,0.4008,0.5992,1126,1536,5716,0.017755,0.982245,0.02877,0.97123
douze,1700-1710,1710-1720,0.400758,0.599242,1838,2877,5713,0.015723,0.984277,0.032795,0.967205
rendirent,1710-1720,1730-1740,0.400022,0.599978,266,1031,5688,0.034308,0.965692,0.024728,0.975272
trouvoient,1710-1720,1740-1750,0.400004,0.599996,332,960,5695,0.061999,0.938001,0.021767,0.978233
étois,1700-1710,1710-1720,0.397817,0.602183,132,146,5702,0.040534,0.959466,0.025662,0.974338
fallut,1700-1710,1730-1740,0.397196,0.602804,401,706,5689,0.016141,0.983859,0.027024,0.972976
allé,1750-1760,1760-1770,0.39662,0.60338,519,483,5698,0.015681,0.984319,0.016296,0.983704
book,1700-1710,1789-1802,0.395729,0.604271,682,362,3925,0.03955,0.96045,0.08471,0.91529
pourrois,1710-1720,1720-1730,0.395599,0.604401,410,391,5696,0.041085,0.958915,0.028486,0.971514
xvii,1710-1720,1730-1740,0.395077,0.604923,452,940,5708,0.028616,0.971384,0.042816,0.957184
alloient,1750-1760,1760-1770,0.394471,0.605529,500,791,5691,0.016875,0.983125,0.015496,0.984504
eusse,1710-1720,1720-1730,0.391067,0.608933,63,61,5678,0.028544,0.971456,0.033817,0.966183
contraint,1700-1710,1710-1720,0.390902,0.609098,432,576,5692,0.018945,0.981055,0.028326,0.971674
demandoit,1710-1720,1760-1770,0.390365,0.609635,340,908,5696,0.031773,0.968227,0.014555,0.985445
boeufs,1730-1740,1760-1770,0.388662,0.611338,408,1138,5666,0.026937,0.973063,0.02448,0.97552
froment,1720-1730,1760-1770,0.384899,0.615101,563,3989,5673,0.031052,0.968948,0.031089,0.968911
demandai,1700-1710,1710-1720,0.384398,0.615602,105,252,5601,0.029499,0.970501,0.033037,0.966963
convenir,1700-1710,1730-1740,0.381735,0.618265,434,1054,5713,0.012193,0.987807,0.017928,0.982072
parents,1700-1710,1750-1760,0.381556,0.618444,203,342,5662,0.017933,0.982067,0.021139,0.978861
cavalerie,1720-1730,1789-1802,0.379727,0.620273,1912,3209,5687,0.040994,0.959006,0.041893,0.958107
semaines,1710-1720,1750-1760,0.379587,0.620413,390,466,5683,0.021653,0.978347,0.029281,0.970719
veuille,1710-1720,1750-1760,0.377638,0.622362,477,874,5702,0.015944,0.984056,0.023659,0.976341
croient,1710-1720,1740-1750,0.374465,0.625535,253,1077,5704,0.014413,0.985587,0.01798,0.98202
vinrent,1700-1710,1730-1740,0.374188,0.625812,387,950,5685,0.017756,0.982244,0.023245,0.976755
portoient,1710-1720,1789-1802,0.37004,0.62996,366,910,5689,0.028693,0.971307,0.019308,0.980692
trouveroit,1720-1730,1770-1780,0.368917,0.631083,461,1430,5696,0.035,0.965,0.02077,0.97923
semblent,1710-1720,1789-1802,0.368631,0.631369,342,2155,5710,0.015525,0.984475,0.02252,0.97748
rendoit,1720-1730,1730-1740,0.365171,0.634829,471,1102,5700,0.027137,0.972863,0.020017,0.979983
ferions,1710-1720,1789-1802,0.360389,0.639611,171,674,5667,0.046,0.954,0.035287,0.964713
quarante,1700-1710,1750-1760,0.359447,0.640553,1713,2922,5707,0.020402,0.979598,0.039887,0.960113
voulois,1710-1720,1740-1750,0.358205,0.641795,248,854,5690,0.068593,0.931407,0.028181,0.971819
avions,1710-1720,1730-1740,0.358147,0.641853,812,940,5708,0.019409,0.980591,0.026538,0.973462
alloit,1710-1720,1750-1760,0.356533,0.643467,663,1697,5702,0.023257,0.976743,0.019386,0.980614
aurois,1710-1720,1720-1730,0.356487,0.643513,167,183,5703,0.034686,0.965314,0.024884,0.975116
allait,1740-1750,1760-1770,0.35601,0.64399,165,414,5641,0.01602,0.98398,0.017375,0.982625
aurions,1720-1730,1770-1780,0.355402,0.644598,481,821,5696,0.022277,0.977723,0.034951,0.965049
voudront,1700-1710,1750-1760,0.355047,0.644953,311,574,5694,0.017769,0.982231,0.023095,0.976905
pouvois,1710-1720,1720-1730,0.354652,0.645348,260,477,5691,0.031966,0.968034,0.025501,0.974499
sauroit,1700-1710,1740-1750,0.35257,0.64743,170,456,5675,0.033678,0.966322,0.035824,0.964176
sera,1710-1720,1720-1730,0.352464,0.647536,2361,1506,5717,0.015324,0.984676,0.016593,0.983407
falloit,1710-1720,1720-1730,0.352082,0.647918,1064,1935,5712,0.051912,0.948088,0.023104,0.976896
fauroit,1700-1710,1789-1802,0.351182,0.648818,506,1225,5672,0.040729,0.959271,0.060408,0.939592
étiez,1710-1720,1780-1789,0.350816,0.649184,248,1227,5685,0.019703,0.980297,0.02556,0.97444
paroissoit,1710-1720,1720-1730,0.349887,0.650113,348,449,5701,0.016656,0.983344,0.018467,0.981533
trouvèrent,1710-1720,1730-1740,0.347839,0.652161,239,383,5682,0.030664,0.969336,0.021416,0.978584
ferez,1710-1720,1740-1750,0.34569,0.65431,912,1272,5699,0.022909,0.977091,0.028067,0.971933
prenoit,1700-1710,1789-1802,0.345013,0.654987,438,1133,5696,0.036889,0.963111,0.02145,0.97855
décembre,1700-1710,1710-1720,0.342354,0.657646,417,711,5690,0.034769,0.965231,0.075343,0.924657
venait,1740-1750,1750-1760,0.341963,0.658037,158,287,5640,0.018561,0.981439,0.018797,0.981203
seroit,1710-1720,1720-1730,0.340121,0.659879,1610,1502,5709,0.036403,0.963597,0.022675,0.977325
servoit,1720-1730,1740-1750,0.339875,0.660125,553,804,5694,0.027438,0.972562,0.028617,0.971383
faudroit,1700-1710,1710-1720,0.336057,0.663943,741,1017,5707,0.027341,0.972659,0.021004,0.978996
pourrai,1720-1730,1770-1780,0.333903,0.666097,181,956,5682,0.016741,0.983259,0.027174,0.972826
aisé,1700-1710,1780-1789,0.333531,0.666469,705,2852,5709,0.026044,0.973956,0.035082,0.964918
venoient,1700-1710,1740-1750,0.331178,0.668822,333,1373,5691,0.035378,0.964622,0.024808,0.975192
aient,1700-1710,1720-1730,0.330739,0.669261,328,804,5711,0.029955,0.970045,0.029982,0.970018
treize,1710-1720,1760-1770,0.329532,0.670468,603,1112,5699,0.028756,0.971244,0.034799,0.965201
audit,1700-1710,1710-1720,0.329096,0.670904,1422,4007,5683,0.029867,0.970133,0.032775,0.967225
avais,1750-1760,1760-1770,0.326055,0.673945,73,257,5649,0.028597,0.971403,0.018002,0.981998
retira,1740-1750,1770-1780,0.325091,0.674909,895,1267,5686,0.017666,0.982334,0.023913,0.976087
feroient,1700-1710,1710-1720,0.324942,0.675058,1144,3031,5705,0.032536,0.967464,0.024133,0.975867
ferois,1700-1710,1730-1740,0.324863,0.675137,443,833,5688,0.036905,0.963095,0.025975,0.974025
serait,1720-1730,1770-1780,0.324573,0.675427,829,2562,5674,0.023035,0.976965,0.024784,0.975216
quatrième,1710-1720,1720-1730,0.324289,0.675711,719,763,5714,0.010711,0.989289,0.023467,0.976533
août,1720-1730,1730-1740,0.323602,0.676398,595,1690,5700,0.017859,0.982141,0.054408,0.945592
devez,1700-1710,1720-1730,0.322776,0.677224,568,598,5701,0.017964,0.982036,0.027399,0.972601
devois,1700-1710,1710-1720,0.320314,0.679686,287,181,5672,0.036961,0.963039,0.030552,0.969448
trente,1710-1720,1720-1730,0.319825,0.680175,2665,3052,5715,0.016604,0.983396,0.038086,0.961914
février,1700-1710,1730-1740,0.318438,0.681562,674,1922,5690,0.037858,0.962142,0.065101,0.934899
revint,1710-1720,1740-1750,0.318413,0.681587,461,1151,5689,0.015498,0.984502,0.018009,0.981991
seront,1710-1720,1720-1730,0.317792,0.682208,1232,738,5702,0.019128,0.980872,0.024603,0.975397
trouveront,1700-1710,1710-1720,0.31478,0.68522,354,659,5697,0.024775,0.975225,0.025896,0.974104
serai,1700-1710,1720-1730,0.312884,0.687116,218,200,5673,0.021974,0.978026,0.023098,0.976902
purent,1710-1720,1730-1740,0.308707,0.691293,362,675,5686,0.037674,0.962326,0.026623,0.973377
serais,1750-1760,1770-1780,0.307911,0.692089,187,459,5544,0.027338,0.972662,0.025868,0.974132
voulurent,1700-1710,1750-1760,0.307477,0.692523,267,566,5688,0.030929,0.969071,0.024089,0.975911
voudroit,1700-1710,1710-1720,0.307058,0.692942,432,538,5703,0.02436,0.97564,0.019333,0.980667
octobre,1720-1730,1789-1802,0.306164,0.693836,781,4631,5690,0.032324,0.967676,0.065328,0.934672
aviez,1720-1730,1730-1740,0.305241,0.694759,234,713,5695,0.015593,0.984407,0.02164,0.97836
laissoit,1710-1720,1750-1760,0.305192,0.694808,198,600,5684,0.028131,0.971869,0.025049,0.974951
auraient,1720-1730,1730-1740,0.303844,0.696156,129,175,5674,0.038773,0.961227,0.023324,0.976676
faudra,1710-1720,1730-1740,0.303371,0.696629,687,775,5706,0.021386,0.978614,0.023933,0.976067
doive,1710-1720,1760-1770,0.301449,0.698551,304,1095,5705,0.024569,0.975431,0.02482,0.97518
seroient,1710-1720,1720-1730,0.300418,0.699582,453,416,5687,0.038355,0.961645,0.026382,0.973618
voudroient,1710-1720,1740-1750,0.29926,0.70074,316,460,5692,0.051907,0.948093,0.019869,0.980131
pourront,1700-1710,1720-1730,0.296847,0.703153,1304,1712,5707,0.01377,0.98623,0.02861,0.97139
pourra,1700-1710,1710-1720,0.281388,0.718612,1928,2695,5715,0.010864,0.989136,0.022496,0.977504
devait,1720-1730,1740-1750,0.280913,0.719087,327,275,5670,0.021792,0.978208,0.020375,0.979625
serois,1710-1720,1740-1750,0.280278,0.719722,177,368,5679,0.043677,0.956323,0.03866,0.96134
pleurs,1720-1730,1740-1750,0.278554,0.721446,472,994,5700,0.013926,0.986074,0.021368,0.978632
puissent,1710-1720,1730-1740,0.277822,0.722178,1522,1495,5711,0.022513,0.977487,0.03077,0.96923
pourriez,1710-1720,1720-1730,0.270809,0.729191,146,123,5680,0.022513,0.977487,0.025039,0.974961
pourrait,1720-1730,1740-1750,0.265306,0.734694,334,387,5690,0.03916,0.96084,0.024069,0.975931
aurait,1700-1710,1780-1789,0.264629,0.735371,432,2711,5690,0.029265,0.970735,0.039239,0.960761
ayent,1710-1720,1730-1740,0.25309,0.74691,1687,1457,5696,0.036667,0.963333,0.029992,0.970008
fussent,1710-1720,1740-1750,0.252281,0.747719,1223,1638,5710,0.028714,0.971286,0.031914,0.968086
devroient,1710-1720,1730-1740,0.248749,0.751251,220,341,5692,0.040084,0.959916,0.021067,0.978933
fallait,1720-1730,1730-1740,0.246945,0.753055,338,412,5648,0.033166,0.966834,0.027775,0.972225
pussent,1700-1710,1710-1720,0.240244,0.759756,154,302,5686,0.033519,0.966481,0.033077,0.966923
pourroient,1700-1710,1710-1720,0.238969,0.761031,917,1647,5706,0.031807,0.968193,0.023876,0.976124
devroit,1700-1710,1710-1720,0.229866,0.770134,471,592,5701,0.023211,0.976789,0.021914,0.978086
devoient,1700-1710,1710-1720,0.178736,0.821264,545,952,5693,0.024199,0.975801,0.025373,0.974627
