rank,word,drift_1789,drift_moyen
1,sinon,0.9864,0.7857
2,reflexion,0.9802,0.6551
3,pleinement,0.9740,0.6246
4,secher,0.9651,0.7400
5,apelle,0.9608,0.5306
6,aujourd,0.9552,0.8208
7,sor,0.9286,0.8131
8,toutefois,0.9254,0.7603
9,fonc,0.9133,0.7494
10,favorablement,0.9072,0.7917
11,gentils,0.9043,0.7404
12,falu,0.9011,0.7171
13,l'avenir,0.9004,0.8387
14,fiscal,0.8902,0.6125
15,tâche,0.8862,0.6878
16,sup,0.8856,0.7272
17,caufe,0.8846,0.6053
18,king,0.8826,0.6299
19,d'aussi,0.8818,0.8352
20,barre,0.8805,0.6257
21,gent,0.8762,0.7661
22,victor,0.8762,0.5479
23,teur,0.8742,0.8128
24,naire,0.8742,0.7795
25,obli,0.8713,0.7306
26,veau,0.8706,0.7201
27,apris,0.8697,0.5351
28,surquoi,0.8664,0.7823
29,accessible,0.8655,0.7410
30,l'ef,0.8636,0.8388
31,thou,0.8622,0.5627
32,l'experience,0.8619,0.7885
33,poli,0.8619,0.6883
34,présents,0.8612,0.6663
35,sieurs,0.8580,0.7891
36,l'ordinaire,0.8561,0.8095
37,d'autorité,0.8527,0.7641
38,désormais,0.8518,0.6893
39,nat,0.8504,0.6476
40,prov,0.8502,0.6596
41,pous,0.8500,0.8750
42,tranquile,0.8460,0.5544
43,descartes,0.8425,0.6551
44,etranger,0.8417,0.6696
45,future,0.8412,0.7768
46,tacher,0.8410,0.7701
47,aujour,0.8399,0.8157
48,l'est,0.8398,0.7610
49,tremblement,0.8397,0.7112
50,auf,0.8377,0.7275
51,neurs,0.8354,0.7850
52,frappant,0.8337,0.6773
53,hui,0.8335,0.7658
54,l'ob,0.8334,0.7676
55,lors,0.8333,0.8379
56,soupçon,0.8325,0.7172
57,vivante,0.8312,0.7864
58,xlix,0.8310,0.7440
59,subitement,0.8300,0.7027
60,vilaine,0.8278,0.6847
61,vj,0.8278,0.7285
62,présens,0.8261,0.6818
63,qu'autrement,0.8254,0.7075
64,d'espace,0.8247,0.6943
65,volontiers,0.8241,0.7945
66,pau,0.8225,0.7721
67,vieux,0.8211,0.7796
68,leger,0.8209,0.6514
69,oire,0.8202,0.6114
70,leux,0.8199,0.7842
71,contrefaire,0.8186,0.6721
72,champ,0.8184,0.7708
73,prémier,0.8181,0.5832
74,pensant,0.8180,0.8082
75,naturellement,0.8179,0.7020
76,autrement,0.8175,0.8224
77,genre,0.8165,0.6935
78,teurs,0.8163,0.7355
79,manie,0.8163,0.7947
80,ordi,0.8159,0.7318
81,prou,0.8152,0.7309
82,exempt,0.8144,0.7511
83,souverainement,0.8142,0.7323
84,princi,0.8140,0.7302
85,lent,0.8133,0.7863
86,l'embarras,0.8133,0.7713
87,parts,0.8121,0.6764
88,correction,0.8119,0.6377
89,fim,0.8113,0.6620
90,bref,0.8106,0.7141
91,aiant,0.8094,0.5372
92,l'agrément,0.8094,0.7536
93,dant,0.8086,0.7757
94,d'antoine,0.8078,0.6293
95,taire,0.8067,0.6931
96,paisiblement,0.8048,0.5474
97,fermes,0.8047,0.6581
98,jans,0.8046,0.7446
99,l'espace,0.8041,0.7463
100,veu,0.8037,0.5797
101,sé,0.8034,0.7450
102,tendante,0.8032,0.6790
103,una,0.8015,0.5902
104,d'homme,0.8014,0.8111
105,intimes,0.8010,0.7165
106,d'amis,0.8005,0.6762
107,l'arche,0.8002,0.7247
108,adroitement,0.8001,0.7683
109,usances,0.7995,0.6799
110,posseder,0.7989,0.6975
111,én,0.7984,0.7625
112,desormais,0.7981,0.7313
113,xxx,0.7978,0.6841
114,jusqu'où,0.7976,0.7697
115,franche,0.7975,0.6968
116,veille,0.7968,0.7280
117,lif,0.7961,0.8178
118,vé,0.7960,0.6928
119,prompt,0.7958,0.6852
120,fonts,0.7958,0.6241
121,confus,0.7955,0.7023
122,qu'a,0.7947,0.6880
123,vres,0.7945,0.6680
124,plaider,0.7944,0.7261
125,consequence,0.7942,0.7017
126,celt,0.7938,0.7329
127,d'application,0.7932,0.6432
128,propos,0.7932,0.7450
129,xxxviii,0.7930,0.6936
130,pers,0.7930,0.7147
131,ré,0.7921,0.7197
132,atta,0.7918,0.7090
133,ciens,0.7893,0.7339
134,subalternes,0.7892,0.6252
135,l'indignation,0.7890,0.7452
136,rence,0.7888,0.6994
137,pos,0.7886,0.7182
138,fran,0.7885,0.7750
139,lence,0.7884,0.6928
140,civils,0.7880,0.5353
141,dé,0.7879,0.7689
142,rappel,0.7878,0.6774
143,ras,0.7877,0.6302
144,princip,0.7876,0.7269
145,armés,0.7864,0.7075
146,sen,0.7864,0.7426
147,civil,0.7862,0.6347
148,nouveau,0.7860,0.7166
149,qu'aux,0.7860,0.7552
150,bb,0.7856,0.7283
151,porteurs,0.7854,0.6418
152,d'âge,0.7841,0.7865
153,nostre,0.7837,0.6555
154,d'où,0.7827,0.7446
155,sim,0.7826,0.7044
156,l'in,0.7825,0.7589
157,guet,0.7823,0.7327
158,mouvans,0.7821,0.5419
159,mf,0.7820,0.6388
160,pé,0.7819,0.7037
161,calife,0.7818,0.8185
162,particu,0.7810,0.7164
163,entiére,0.7810,0.5826
164,sau,0.7809,0.7383
165,cons,0.7807,0.7312
166,oreille,0.7806,0.6104
167,reserve,0.7802,0.6297
168,mode,0.7801,0.5637
169,l'inégalité,0.7794,0.7767
170,forte,0.7792,0.6890
171,meu,0.7792,0.6740
172,veiller,0.7784,0.7139
173,sain,0.7780,0.7501
174,lement,0.7780,0.6635
175,nô,0.7778,0.6240
176,commune,0.7774,0.7294
177,mun,0.7773,0.6979
178,semblablement,0.7773,0.7716
179,marque,0.7763,0.7448
180,souver,0.7758,0.7063
181,proprement,0.7754,0.7587
182,milliers,0.7754,0.6747
183,xxxi,0.7753,0.6971
184,exercée,0.7751,0.7220
185,leg,0.7751,0.6501
186,pro,0.7747,0.7096
187,ger,0.7743,0.7046
188,d'ac,0.7743,0.7360
189,préference,0.7742,0.6107
190,contrefaits,0.7740,0.5442
191,amé,0.7739,0.4630
192,d'armes,0.7738,0.6941
193,cointe,0.7737,0.7658
194,dent,0.7737,0.6667
195,lions,0.7734,0.6275
196,genie,0.7732,0.6621
197,conti,0.7731,0.7318
198,desespoir,0.7729,0.6620
199,pairement,0.7729,0.7255
200,quité,0.7729,0.7800
201,capa,0.7728,0.6818
202,nent,0.7728,0.7309
203,vaux,0.7726,0.6346
204,hormis,0.7726,0.7993
205,gé,0.7725,0.7127
206,kk,0.7724,0.6972
207,préalablement,0.7720,0.6591
208,latitude,0.7719,0.6225
209,pré,0.7717,0.7520
210,qu'ily,0.7714,0.8089
211,miracle,0.7712,0.6414
212,nant,0.7708,0.7686
213,suspendu,0.7708,0.6460
214,commis,0.7705,0.6280
215,songe,0.7703,0.7277
216,commercial,0.7703,0.4344
217,nime,0.7694,0.7202
218,fè,0.7691,0.7428
219,d'orient,0.7690,0.6653
220,d'égard,0.7690,0.7610
221,pren,0.7690,0.7191
222,dç,0.7689,0.7095
223,finance,0.7685,0.6674
224,sûrement,0.7684,0.7745
225,ny,0.7683,0.5552
226,partager,0.7682,0.7229
227,enfuit,0.7680,0.6699
228,quelqu'une,0.7678,0.7737
229,hauts,0.7672,0.7190
230,pavillon,0.7669,0.6607
231,communi,0.7668,0.6490
232,tine,0.7666,0.6823
233,ruement,0.7662,0.7124
234,nou,0.7661,0.7568
235,rens,0.7658,0.7982
236,fauves,0.7656,0.6495
237,d'hui,0.7654,0.7892
238,capi,0.7646,0.7015
239,regner,0.7645,0.6947
240,miere,0.7645,0.8209
241,rep,0.7642,0.6800
242,sacrifices,0.7641,0.5094
243,désirer,0.7641,0.6525
244,naturels,0.7638,0.6037
245,l'ar,0.7634,0.7077
246,moindres,0.7632,0.7398
247,xxxix,0.7632,0.6936
248,ôc,0.7629,0.8313
249,mont,0.7623,0.6367
250,ser,0.7623,0.6945
251,pre,0.7621,0.7270
252,teneur,0.7618,0.6846
253,ché,0.7615,0.6809
254,curiosité,0.7615,0.6882
255,pn,0.7613,0.6192
256,dè,0.7613,0.7587
257,époque,0.7609,0.6676
258,qu'encore,0.7606,0.7185
259,l'office,0.7602,0.7049
260,duit,0.7593,0.6779
261,deçà,0.7590,0.6940
262,culier,0.7590,0.7143
263,conf,0.7587,0.6891
264,lifte,0.7585,0.6633
265,chés,0.7584,0.5817
266,oc,0.7584,0.6915
267,navale,0.7581,0.6583
268,vio,0.7581,0.6320
269,instance,0.7581,0.7167
270,vail,0.7580,0.6860
271,tendu,0.7580,0.7431
272,unanime,0.7579,0.7503
273,repré,0.7572,0.7067
274,communes,0.7571,0.6017
275,légitimes,0.7571,0.7329
276,fû,0.7567,0.5872
277,im,0.7565,0.6693
278,publie,0.7561,0.6840
279,eq,0.7559,0.6140
280,tra,0.7559,0.7660
281,lib,0.7556,0.6217
282,recon,0.7555,0.6626
283,enco,0.7555,0.7463
284,aisement,0.7554,0.6526
285,obligez,0.7552,0.5114
286,ache,0.7552,0.7619
287,cequi,0.7543,0.7157
288,l'impuissance,0.7540,0.7581
289,dili,0.7534,0.6855
290,fart,0.7533,0.7351
291,vifs,0.7532,0.6866
292,l'hon,0.7529,0.7405
293,ex,0.7529,0.6496
294,l'é,0.7527,0.7610
295,xlv,0.7524,0.7058
296,ressort,0.7524,0.7166
297,l'âge,0.7523,0.7938
298,adoré,0.7521,0.6499
299,compa,0.7515,0.7284
300,natu,0.7511,0.6625
301,consequent,0.7511,0.6826
302,moien,0.7507,0.5504
303,enée,0.7506,0.6673
304,angloise,0.7503,0.7210
305,marquant,0.7498,0.6161
306,d'empêcher,0.7498,0.7275
307,paré,0.7496,0.7253
308,défunt,0.7494,0.6086
309,n'importe,0.7494,0.7607
310,d'entre,0.7493,0.5872
311,lant,0.7493,0.6683
312,éle,0.7490,0.6900
313,commun,0.7490,0.7172
314,roger,0.7489,0.5884
315,quent,0.7488,0.6191
316,trom,0.7486,0.6541
317,ainii,0.7485,0.7670
318,rencontres,0.7483,0.6549
319,lan,0.7482,0.6752
320,tement,0.7481,0.6900
321,pole,0.7480,0.6558
322,permettons,0.7479,0.6052
323,militaires,0.7479,0.6888
324,pier,0.7476,0.6358
325,gage,0.7474,0.8080
326,baume,0.7474,0.6409
327,celer,0.7470,0.7145
328,chanoines,0.7470,0.7060
329,tom,0.7468,0.6937
330,gou,0.7468,0.6988
331,paroisse,0.7466,0.7595
332,time,0.7465,0.5508
333,cond,0.7460,0.5771
334,favori,0.7454,0.6707
335,baleine,0.7444,0.6918
336,foli,0.7444,0.6333
337,ordinaires,0.7443,0.6706
338,recompense,0.7439,0.6822
339,prescription,0.7437,0.7165
340,deur,0.7435,0.6716
341,moyennant,0.7435,0.6700
342,gouver,0.7434,0.6572
343,mence,0.7434,0.7411
344,entiers,0.7433,0.7433
345,délivrance,0.7433,0.6732
346,chan,0.7432,0.7591
347,dere,0.7430,0.5932
348,div,0.7430,0.6018
349,sem,0.7426,0.7146
350,refait,0.7425,0.6689
351,inconnue,0.7422,0.7153
352,salomon,0.7422,0.6294
353,premierement,0.7421,0.6380
354,marches,0.7419,0.6447
355,xxi,0.7418,0.6582
356,pardon,0.7417,0.6749
357,fur,0.7415,0.6914
358,extraordinaires,0.7414,0.6928
359,ty,0.7413,0.5823
360,d'obliger,0.7410,0.6868
361,dignement,0.7410,0.7795
362,jointe,0.7408,0.6830
363,lequelles,0.7407,0.6747
364,d'abord,0.7404,0.7224
365,gueux,0.7404,0.7227
366,tragedie,0.7401,0.5615
367,déli,0.7391,0.7265
368,sulpice,0.7391,0.6676
369,ardemment,0.7389,0.7898
370,ves,0.7387,0.6550
371,xv,0.7387,0.6767
372,chaque,0.7386,0.6195
373,suffisamment,0.7384,0.7418
374,publication,0.7384,0.5533
375,spe,0.7384,0.6367
376,cabinets,0.7380,0.5576
377,ensemble,0.7380,0.6930
378,volon,0.7379,0.6867
379,rate,0.7378,0.6786
380,euf,0.7377,0.7304
381,titube,0.7375,0.6715
382,man,0.7374,0.6440
383,lifez,0.7374,0.6544
384,tons,0.7372,0.5834
385,merveille,0.7371,0.6969
386,lig,0.7369,0.8104
387,reposée,0.7356,0.6261
388,composition,0.7355,0.6673
389,gement,0.7352,0.7319
390,sue,0.7351,0.6924
391,appui,0.7350,0.6533
392,fen,0.7346,0.6509
393,élement,0.7344,0.7053
394,cheres,0.7343,0.6045
395,momus,0.7342,0.6029
396,faculté,0.7338,0.7275
397,surplus,0.7338,0.6920
398,hector,0.7334,0.5973
399,faute,0.7333,0.7634
400,triment,0.7332,0.6484
401,sin,0.7331,0.6282
402,d'effet,0.7329,0.7220
403,pa,0.7328,0.7272
404,alte,0.7325,0.6200
405,gene,0.7323,0.6668
406,ima,0.7323,0.6900
407,marche,0.7320,0.5853
408,ib,0.7318,0.6853
409,laire,0.7314,0.7117
410,tage,0.7314,0.6841
411,xvi,0.7313,0.6722
412,cout,0.7312,0.7637
413,eflt,0.7311,0.7045
414,quint,0.7311,0.7806
415,accomplis,0.7310,0.7030
416,audi,0.7310,0.7361
417,inévitable,0.7310,0.6887
418,finances,0.7309,0.5816
419,hors,0.7306,0.7858
420,remarquez,0.7305,0.7055
421,vre,0.7302,0.7371
422,sommation,0.7300,0.6096
423,l'ou,0.7299,0.7372
424,veulement,0.7299,0.7194
425,feuille,0.7298,0.5756
426,oeuvre,0.7297,0.6867
427,reux,0.7294,0.7528
428,raux,0.7292,0.6908
429,prochain,0.7292,0.7729
430,op,0.7290,0.7022
431,fondit,0.7289,0.6066
432,péri,0.7288,0.5747
433,d'ordre,0.7288,0.6580
434,privation,0.7287,0.6204
435,olivier,0.7286,0.5745
436,méritoit,0.7284,0.6137
437,l'u,0.7283,0.6378
438,nel,0.7282,0.6318
439,salaire,0.7281,0.6881
440,miserable,0.7279,0.6495
441,incertain,0.7279,0.6997
442,outrée,0.7279,0.6457
443,simple,0.7278,0.7371
444,bertrand,0.7277,0.5495
445,tail,0.7276,0.6534
446,succés,0.7276,0.7743
447,pan,0.7275,0.6553
448,chent,0.7274,0.6667
449,pra,0.7272,0.6145
450,corporelle,0.7271,0.6283
451,ambroise,0.7268,0.5580
452,l'e,0.7265,0.6330
453,rançon,0.7259,0.6474
454,desordre,0.7257,0.6446
455,der,0.7257,0.7184
456,détourné,0.7257,0.6460
457,devenu,0.7256,0.6773
458,gâté,0.7256,0.6440
459,vitaux,0.7255,0.6513
460,phe,0.7254,0.7080
461,desa,0.7253,0.6934
462,guéres,0.7252,0.5765
463,jeûne,0.7250,0.6825
464,yvoire,0.7248,0.6712
465,universelle,0.7248,0.6417
466,secrète,0.7248,0.6863
467,t'elle,0.7246,0.5452
468,sant,0.7246,0.7535
469,négociation,0.7244,0.6630
470,delits,0.7244,0.6600
471,cele,0.7243,0.6732
472,vantage,0.7242,0.7274
473,dommages,0.7242,0.6862
474,cant,0.7241,0.6830
475,l'oracle,0.7241,0.7536
476,tion,0.7239,0.7216
477,caf,0.7238,0.6685
478,con,0.7236,0.6546
479,devin,0.7236,0.6691
480,mercure,0.7235,0.7022
481,indemnité,0.7233,0.6505
482,ombrage,0.7231,0.7097
483,daus,0.7230,0.7088
484,qu'étant,0.7230,0.7102
485,l'ex,0.7229,0.7055
486,troi,0.7228,0.5880
487,qu'eux,0.7228,0.6728
488,prin,0.7224,0.5876
489,hh,0.7224,0.6863
490,neur,0.7224,0.6661
491,che,0.7223,0.6940
492,mu,0.7223,0.7191
493,érant,0.7221,0.7130
494,détail,0.7221,0.7640
495,patentes,0.7217,0.5712
496,seur,0.7216,0.6409
497,fa,0.7216,0.6146
498,gneur,0.7215,0.6628
499,conjuration,0.7214,0.6563
500,quant,0.7213,0.7562
501,vaine,0.7212,0.5973
502,pres,0.7211,0.6852
503,pen,0.7211,0.7649
504,rets,0.7209,0.6736
505,royaux,0.7208,0.6023
506,paroîtra,0.7205,0.6828
507,déja,0.7205,0.5901
508,d'ici,0.7204,0.6753
509,gran,0.7204,0.6885
510,hon,0.7203,0.6774
511,xli,0.7200,0.6398
512,fabriquer,0.7200,0.6668
513,parfaitement,0.7200,0.6577
514,attention,0.7199,0.6375
515,platte,0.7199,0.5456
516,chers,0.7199,0.6248
517,présentement,0.7199,0.7360
518,tatien,0.7198,0.6711
519,san,0.7196,0.6766
520,nuées,0.7192,0.5610
521,ouf,0.7191,0.6365
522,rance,0.7190,0.6633
523,xlviii,0.7187,0.6695
524,l'egard,0.7186,0.6896
525,pitoyable,0.7186,0.7205
526,tres,0.7186,0.7037
527,censé,0.7186,0.7280
528,exposé,0.7184,0.6595
529,éternellement,0.7178,0.6559
530,lé,0.7176,0.7070
531,rel,0.7176,0.6575
532,exa,0.7175,0.6211
533,paternelle,0.7173,0.6532
534,lay,0.7172,0.6228
535,papier,0.7170,0.6307
536,han,0.7170,0.6666
537,cloches,0.7169,0.4992
538,grotius,0.7169,0.7185
539,infi,0.7168,0.6600
540,indi,0.7167,0.6764
541,miais,0.7167,0.7466
542,d'oeil,0.7165,0.6896
543,ceque,0.7164,0.6787
544,ost,0.7164,0.6612
545,entendant,0.7163,0.7198
546,choix,0.7161,0.6675
547,armé,0.7160,0.6174
548,leut,0.7159,0.7728
549,trempe,0.7158,0.6777
550,tem,0.7155,0.6523
551,pénitence,0.7153,0.6624
552,proches,0.7152,0.6033
553,fons,0.7150,0.6083
554,possession,0.7149,0.7083
555,l'etre,0.7148,0.5673
556,relle,0.7143,0.7148
557,faillir,0.7142,0.6479
558,gg,0.7140,0.6695
559,accommoder,0.7140,0.6589
560,diffe,0.7139,0.6402
561,ains,0.7137,0.6053
562,flon,0.7136,0.6936
563,qualité,0.7133,0.6559
564,nal,0.7132,0.7039
565,opiniâtre,0.7132,0.6477
566,vivant,0.7131,0.7594
567,baiser,0.7130,0.6588
568,d'artifice,0.7128,0.7498
569,chef,0.7126,0.7689
570,d'avertir,0.7125,0.7083
571,confolation,0.7124,0.6590
572,bie,0.7123,0.6111
573,mira,0.7123,0.6416
574,regnoit,0.7122,0.6469
575,rable,0.7121,0.6309
576,ecrire,0.7120,0.6706
577,mat,0.7120,0.5955
578,intime,0.7117,0.6693
579,mage,0.7112,0.6684
580,pote,0.7111,0.6032
581,fas,0.7109,0.5674
582,xxv,0.7109,0.6527
583,liy,0.7107,0.6888
584,lest,0.7106,0.7053
585,bian,0.7106,0.5237
586,réelles,0.7106,0.6745
587,l'ac,0.7104,0.7270
588,min,0.7104,0.6927
589,felle,0.7103,0.6650
590,deuil,0.7103,0.7356
591,linon,0.7103,0.6941
592,nager,0.7103,0.6937
593,xlvi,0.7103,0.6949
594,cepen,0.7100,0.7877
595,tan,0.7099,0.7274
596,mages,0.7099,0.6439
597,reparer,0.7099,0.6686
598,solides,0.7098,0.6287
599,prompte,0.7096,0.6067
600,signa,0.7094,0.5759
601,bretagne,0.7092,0.6626
602,mmne,0.7092,0.7157
603,cendre,0.7090,0.5981
604,pâle,0.7090,0.6426
605,sf,0.7090,0.5731
606,l'ap,0.7086,0.7125
607,expressement,0.7085,0.5463
608,vôtre,0.7084,0.6995
609,nombre,0.7084,0.7514
610,ber,0.7082,0.6383
611,médiocre,0.7082,0.6357
612,rain,0.7081,0.7034
613,connétable,0.7081,0.5705
614,iij,0.7077,0.7194
615,vale,0.7074,0.5837
616,exprès,0.7074,0.7802
617,minute,0.7070,0.6625
618,cloche,0.7070,0.6656
619,cois,0.7070,0.6087
620,s'appellent,0.7069,0.6597
621,habi,0.7069,0.6436
622,vn,0.7068,0.6524
623,tés,0.7068,0.6370
624,meur,0.7065,0.6450
625,blement,0.7064,0.7064
626,requiert,0.7064,0.7551
627,clement,0.7064,0.5542
628,murmure,0.7064,0.6551
629,pouvoir,0.7062,0.6846
630,regnent,0.7062,0.6900
631,vrir,0.7061,0.6858
632,entieres,0.7060,0.7053
633,acquerir,0.7060,0.5807
634,infinité,0.7059,0.6124
635,cadets,0.7056,0.6170
636,tués,0.7055,0.6770
637,traite,0.7054,0.6549
638,xx,0.7054,0.6636
639,provi,0.7053,0.6707
640,neuve,0.7052,0.6827
641,continuels,0.7050,0.6900
642,trésor,0.7049,0.6772
643,comptez,0.7049,0.6580
644,coutume,0.7049,0.6972
645,témoin,0.7046,0.7547
646,étran,0.7043,0.7125
647,reputation,0.7042,0.6101
648,reformer,0.7042,0.7757
649,particuliérement,0.7042,0.6503
650,set,0.7041,0.6256
651,ob,0.7041,0.6486
652,danses,0.7041,0.6960
653,xix,0.7040,0.6903
654,courre,0.7038,0.6624
655,nouvel,0.7035,0.7505
656,ecclésiastique,0.7035,0.6709
657,civilement,0.7034,0.6262
658,ter,0.7031,0.6716
659,nombreuse,0.7031,0.6997
660,def,0.7029,0.7013
661,propreté,0.7029,0.5775
662,lier,0.7029,0.7366
663,gence,0.7029,0.6276
664,royale,0.7028,0.6215
665,violé,0.7026,0.6202
666,gers,0.7026,0.6720
667,d'especes,0.7025,0.6960
668,nir,0.7025,0.6241
669,rotterdam,0.7024,0.5213
670,d'avec,0.7023,0.6947
671,cer,0.7022,0.6586
672,mesme,0.7021,0.6986
673,services,0.7019,0.5101
674,charme,0.7018,0.6631
675,d'apparence,0.7017,0.7643
676,var,0.7017,0.6208
677,territoire,0.7016,0.5874
678,finon,0.7016,0.6350
679,fieur,0.7016,0.6228
680,lion,0.7016,0.6435
681,spectateurs,0.7014,0.5948
682,tume,0.7012,0.6848
683,débiter,0.7012,0.6669
684,accoutumé,0.7011,0.6257
685,nier,0.7011,0.6803
686,périls,0.7011,0.5999
687,dele,0.7011,0.6558
688,rite,0.7010,0.6825
689,remede,0.7008,0.6332
690,reaux,0.7008,0.5717
691,vies,0.7007,0.6775
692,po,0.7007,0.6352
693,qua,0.7007,0.6060
694,fidéle,0.7006,0.5751
695,mou,0.7005,0.6768
696,cotte,0.7004,0.5942
697,peril,0.7002,0.5914
698,convention,0.7002,0.4865
699,ver,0.7002,0.6782
700,sclon,0.7000,0.6764
701,muni,0.6998,0.7029
702,sc,0.6997,0.7234
703,siéme,0.6997,0.6160
704,ral,0.6995,0.6283
705,caron,0.6993,0.7462
706,utilement,0.6993,0.7350
707,italien,0.6992,0.6407
708,tans,0.6991,0.6847
709,plin,0.6990,0.6061
710,pref,0.6989,0.7641
711,d'é,0.6989,0.6793
712,pea,0.6988,0.6424
713,d'albe,0.6988,0.5815
714,estre,0.6987,0.5405
715,motifs,0.6987,0.5615
716,combattant,0.6985,0.7305
717,rigoureux,0.6983,0.6577
718,ly,0.6982,0.6191
719,ph,0.6982,0.5611
720,d'endroits,0.6982,0.6914
721,gratuit,0.6982,0.6971
722,n'appartient,0.6981,0.7037
723,severe,0.6979,0.5998
724,rufien,0.6979,0.6417
725,fout,0.6979,0.6784
726,table,0.6976,0.7094
727,tendoit,0.6975,0.6586
728,éloi,0.6975,0.6913
729,tellement,0.6975,0.5972
730,séparé,0.6974,0.7692
731,poids,0.6971,0.7052
732,l'air,0.6969,0.6321
733,parisis,0.6969,0.6014
734,plu,0.6968,0.6644
735,fes,0.6967,0.4995
736,fée,0.6967,0.6694
737,marquée,0.6964,0.6250
738,s'arrêter,0.6964,0.6294
739,distinctement,0.6963,0.6496
740,ture,0.6963,0.6368
741,prochaine,0.6962,0.6540
742,tran,0.6961,0.7148
743,cous,0.6961,0.6760
744,repre,0.6960,0.7029
745,obscure,0.6958,0.6066
746,rieux,0.6955,0.6972
747,mar,0.6953,0.6780
748,pru,0.6952,0.6911
749,eû,0.6952,0.4492
750,dij,0.6951,0.6965
751,chirurgiens,0.6951,0.7048
752,secrette,0.6949,0.6070
753,importante,0.6949,0.6052
754,connaissance,0.6949,0.6309
755,imposer,0.6948,0.6040
756,site,0.6944,0.6687
757,exe,0.6944,0.6005
758,dan,0.6942,0.7091
759,proses,0.6940,0.6454
760,l'ecole,0.6939,0.6045
761,trie,0.6938,0.7399
762,caprice,0.6935,0.6661
763,fion,0.6934,0.7377
764,séparément,0.6933,0.7321
765,pie,0.6932,0.6322
766,bres,0.6931,0.6064
767,prises,0.6930,0.6422
768,d'au,0.6925,0.7387
769,importune,0.6924,0.6376
770,neanmoins,0.6924,0.6546
771,tous,0.6923,0.6825
772,amplement,0.6923,0.6408
773,cir,0.6923,0.6784
774,d'autriche,0.6923,0.6664
775,vement,0.6923,0.6472
776,assés,0.6919,0.6378
777,para,0.6919,0.6992
778,extrait,0.6918,0.6013
779,l'oraison,0.6917,0.6172
780,corn,0.6916,0.6397
781,agent,0.6916,0.6337
782,rions,0.6915,0.6835
783,l'appel,0.6914,0.5987
784,fié,0.6911,0.7369
785,bale,0.6910,0.6237
786,chi,0.6910,0.6477
787,qu'outre,0.6908,0.6433
788,xii,0.6907,0.6756
789,l'affront,0.6907,0.6955
790,l'impression,0.6906,0.6271
791,convenable,0.6906,0.5941
792,fies,0.6904,0.6952
793,xl,0.6902,0.6404
794,souveraines,0.6900,0.7597
795,trans,0.6900,0.6309
796,peutêtre,0.6899,0.6405
797,tile,0.6898,0.6589
798,fendu,0.6898,0.6684
799,jule,0.6897,0.6212
800,scandale,0.6894,0.6346
801,maturité,0.6894,0.7048
802,docile,0.6893,0.6623
803,tranquilité,0.6893,0.6558
804,peupler,0.6892,0.6639
805,clairement,0.6892,0.5692
806,tif,0.6891,0.6406
807,consiste,0.6889,0.6756
808,efforts,0.6888,0.6735
809,pondre,0.6887,0.6826
810,pretent,0.6886,0.7307
811,transport,0.6886,0.7225
812,scrupuleux,0.6886,0.6897
813,ejl,0.6884,0.5555
814,louis,0.6883,0.6697
815,mel,0.6882,0.6478
816,demeu,0.6879,0.6641
817,semblant,0.6879,0.6032
818,l'humeur,0.6878,0.6769
819,dia,0.6875,0.6188
820,ho,0.6875,0.6743
821,consideration,0.6874,0.6534
822,prieres,0.6873,0.5888
823,em,0.6872,0.7359
824,auifi,0.6872,0.7632
825,pardevant,0.6872,0.6149
826,pluralité,0.6871,0.6502
827,commue,0.6870,0.6142
828,ba,0.6870,0.6094
829,d'agrément,0.6869,0.5394
830,nonobstant,0.6869,0.4998
831,touc,0.6869,0.7359
832,objet,0.6868,0.6691
833,diverti,0.6867,0.6722
834,lat,0.6866,0.6719
835,assembla,0.6866,0.6128
836,pitre,0.6865,0.6525
837,ronne,0.6864,0.6089
838,considerer,0.6864,0.5276
839,l'invention,0.6864,0.7291
840,fue,0.6864,0.6123
841,souffrir,0.6863,0.6509
842,toire,0.6862,0.6514
843,amas,0.6861,0.6919
844,male,0.6860,0.6081
845,l'exposer,0.6859,0.5661
846,rapports,0.6858,0.5817
847,ida,0.6858,0.5779
848,noit,0.6857,0.7325
849,arrêter,0.6857,0.6289
850,extremement,0.6856,0.7164
851,berté,0.6854,0.7249
852,colbert,0.6854,0.6233
853,morts,0.6854,0.6705
854,hau,0.6853,0.6293
855,d'étonnement,0.6853,0.6919
856,secourir,0.6853,0.6238
857,particuliere,0.6851,0.6136
858,c'en,0.6850,0.7238
859,tonner,0.6849,0.6861
860,moy,0.6849,0.5635
861,ciers,0.6848,0.6616
862,neutralité,0.6848,0.6473
863,sceau,0.6848,0.5588
864,chere,0.6847,0.6812
865,march,0.6847,0.5949
866,apprentifs,0.6847,0.5593
867,monument,0.6846,0.6749
868,uand,0.6846,0.6327
869,établies,0.6845,0.6512
870,mens,0.6844,0.6215
871,excepter,0.6842,0.5885
872,tard,0.6842,0.7418
873,dépôt,0.6841,0.7041
874,fement,0.6841,0.7441
875,ménage,0.6840,0.7319
876,s'engage,0.6838,0.6866
877,loir,0.6838,0.6650
878,miens,0.6838,0.6715
879,moindre,0.6837,0.7137
880,nouveaux,0.6837,0.6887
881,détestable,0.6834,0.5927
882,recolte,0.6834,0.6363
883,ordinaire,0.6834,0.7243
884,voyant,0.6833,0.6620
885,réserve,0.6833,0.6311
886,ingénieux,0.6832,0.6013
887,pagne,0.6830,0.5951
888,sar,0.6828,0.6200
889,souhaiter,0.6823,0.7024
890,quine,0.6822,0.6232
891,saus,0.6822,0.6763
892,profite,0.6820,0.6998
893,décou,0.6820,0.7187
894,retrait,0.6820,0.6206
895,d'honneurs,0.6819,0.6759
896,d'étendue,0.6819,0.6412
897,divin,0.6816,0.6780
898,fois,0.6815,0.7048
899,passés,0.6815,0.6591
900,nons,0.6814,0.5686
901,généralité,0.6814,0.7272
902,actes,0.6813,0.6519
903,trancher,0.6813,0.7145
904,raisonnablement,0.6813,0.7557
905,ments,0.6812,0.6359
906,gagne,0.6812,0.6668
907,retardement,0.6810,0.6467
908,ac,0.6807,0.6582
909,franchement,0.6806,0.7367
910,vaquer,0.6806,0.6526
911,confidence,0.6805,0.5788
912,bour,0.6804,0.5877
913,ajoutez,0.6804,0.7314
914,assigner,0.6804,0.5904
915,reduire,0.6803,0.5739
916,ha,0.6802,0.6762
917,aisez,0.6802,0.6540
918,exem,0.6801,0.6563
919,tournois,0.6800,0.6204
920,facilité,0.6799,0.6330
921,demandeurs,0.6798,0.4380
922,s'ap,0.6797,0.6985
923,cal,0.6797,0.6686
924,tierce,0.6796,0.6428
925,pf,0.6794,0.5636
926,fà,0.6794,0.6651
927,examinez,0.6793,0.6260
928,confulter,0.6792,0.6827
929,marqué,0.6791,0.6249
930,imi,0.6791,0.6049
931,confié,0.6790,0.5800
932,lecture,0.6790,0.6296
933,plit,0.6790,0.6819
934,fruit,0.6788,0.6402
935,inu,0.6788,0.7020
936,lee,0.6784,0.6211
937,quelconques,0.6784,0.5444
938,nient,0.6783,0.6150
939,dif,0.6782,0.6203
940,vid,0.6781,0.6746
941,saisie,0.6781,0.5830
942,penible,0.6780,0.7053
943,tranquillement,0.6779,0.6598
944,potier,0.6777,0.6622
945,temoins,0.6776,0.6935
946,sus,0.6776,0.6330
947,ki,0.6776,0.5987
948,requis,0.6776,0.5914
949,sas,0.6775,0.7048
950,tourné,0.6775,0.7015
951,secondement,0.6775,0.7474
952,parenté,0.6773,0.7595
953,bris,0.6770,0.6799
954,fare,0.6770,0.7026
955,heu,0.6769,0.6279
956,fori,0.6768,0.6607
957,methode,0.6768,0.5410
958,d'habits,0.6766,0.6963
959,attentif,0.6765,0.6300
960,mêmc,0.6765,0.7336
961,raire,0.6764,0.7425
962,d'ex,0.6763,0.7092
963,tri,0.6762,0.6201
964,dupe,0.6762,0.6752
965,duire,0.6762,0.6421
966,fan,0.6761,0.6621
967,loisir,0.6761,0.6664
968,royal,0.6761,0.5792
969,adieu,0.6760,0.6101
970,plaute,0.6758,0.6197
971,restes,0.6758,0.6330
972,d'oeuvre,0.6756,0.6869
973,clergé,0.6755,0.6827
974,considérablement,0.6753,0.7026
975,dépendoit,0.6751,0.7007
976,lam,0.6750,0.5711
977,intitulé,0.6750,0.5576
978,reve,0.6750,0.7097
979,baisser,0.6750,0.6474
980,pour,0.6749,0.6203
981,prise,0.6749,0.6897
982,continuation,0.6747,0.6953
983,fumer,0.6746,0.5673
984,trompé,0.6746,0.5128
985,notre,0.6745,0.4723
986,ab,0.6745,0.6485
987,travail,0.6744,0.6870
988,sir,0.6743,0.6508
989,informations,0.6742,0.5794
990,cç,0.6741,0.6914
991,faciliter,0.6740,0.6312
992,comptant,0.6740,0.6694
993,estimé,0.6739,0.5417
994,maréchaux,0.6738,0.5937
995,zircon,0.6736,0.7470
996,coumme,0.6735,0.6269
997,aque,0.6734,0.5770
998,mo,0.6733,0.6543
999,dest,0.6732,0.6280
1000,trafic,0.6732,0.5725
1001,hautes,0.6732,0.6248
1002,m'oblige,0.6732,0.6958
1003,entretenu,0.6731,0.6708
1004,gardien,0.6731,0.6856
1005,commen,0.6730,0.6416
1006,fuf,0.6729,0.7209
1007,quela,0.6729,0.6682
1008,imaginables,0.6727,0.5854
1009,dée,0.6726,0.6374
1010,rompu,0.6724,0.6196
1011,gilles,0.6724,0.5395
1012,lité,0.6723,0.6546
1013,sentiers,0.6723,0.6972
1014,phi,0.6722,0.6763
1015,geneve,0.6722,0.6075
1016,line,0.6722,0.6158
1017,fé,0.6721,0.7242
1018,d'ar,0.6719,0.6399
1019,fidellement,0.6718,0.6753
1020,mérites,0.6717,0.6476
1021,liers,0.6717,0.6265
1022,van,0.6716,0.6630
1023,complet,0.6716,0.6686
1024,prescrit,0.6716,0.7007
1025,transports,0.6715,0.5359
1026,étroitement,0.6715,0.6257
1027,mnes,0.6713,0.6991
1028,ment,0.6713,0.6343
1029,vivement,0.6712,0.6729
1030,jusqu'ici,0.6712,0.6274
1031,sauf,0.6711,0.6659
1032,quafi,0.6711,0.5188
1033,d'agir,0.6710,0.6958
1034,pof,0.6709,0.6178
1035,s'approcher,0.6708,0.6460
1036,feurs,0.6708,0.6273
1037,secrettement,0.6707,0.5814
1038,indifférent,0.6706,0.6038
1039,acheve,0.6704,0.7148
1040,souf,0.6703,0.6675
1041,poursuite,0.6703,0.6715
1042,orat,0.6702,0.4943
1043,life,0.6702,0.5325
1044,statut,0.6702,0.6204
1045,change,0.6699,0.5933
1046,griefs,0.6698,0.6060
1047,tim,0.6697,0.5478
1048,ray,0.6697,0.6235
1049,l'acceptation,0.6695,0.5960
1050,puisque,0.6695,0.6653
1051,répandu,0.6694,0.6604
1052,pilier,0.6694,0.6442
1053,excepté,0.6693,0.7000
1054,tenans,0.6692,0.6351
1055,nulles,0.6691,0.5729
1056,trompettes,0.6691,0.5630
1057,coffres,0.6691,0.5642
1058,d'in,0.6691,0.6861
1059,fions,0.6690,0.5930
1060,suffi,0.6690,0.7230
1061,qu'environ,0.6689,0.6508
1062,leure,0.6688,0.7060
1063,conçut,0.6688,0.5877
1064,cier,0.6686,0.6627
1065,devenue,0.6685,0.6244
1066,cere,0.6685,0.6129
1067,cone,0.6684,0.6582
1068,morte,0.6684,0.6695
1069,arti,0.6683,0.6225
1070,consacré,0.6682,0.5871
1071,parer,0.6681,0.6353
1072,marché,0.6681,0.6359
1073,choi,0.6681,0.6432
1074,hu,0.6680,0.6364
1075,consistance,0.6679,0.6372
1076,stile,0.6679,0.5415
1077,contré,0.6678,0.6096
1078,tation,0.6678,0.6689
1079,mef,0.6678,0.6895
1080,redevable,0.6676,0.6158
1081,ay,0.6675,0.4939
1082,lage,0.6675,0.6971
1083,tantôt,0.6674,0.6510
1084,ieux,0.6673,0.6278
1085,apostolique,0.6673,0.6484
1086,infideles,0.6673,0.6286
1087,fard,0.6671,0.5535
1088,réels,0.6670,0.6142
1089,distribuer,0.6670,0.6258
1090,signal,0.6669,0.6745
1091,dud,0.6668,0.5459
1092,l'ouverture,0.6665,0.6356
1093,infinis,0.6665,0.6818
1094,l'ordre,0.6664,0.5910
1095,expresse,0.6664,0.6210
1096,guer,0.6663,0.6717
1097,expres,0.6662,0.6506
1098,curion,0.6661,0.6775
1099,sçavoir,0.6660,0.4665
1100,potion,0.6659,0.5999
1101,critique,0.6659,0.5623
1102,adam,0.6657,0.6861
1103,concession,0.6657,0.5580
1104,emi,0.6656,0.5942
1105,ime,0.6656,0.6008
1106,l'ancien,0.6656,0.6787
1107,dubois,0.6656,0.6354
1108,risque,0.6655,0.6232
1109,hommage,0.6654,0.6392
1110,varron,0.6653,0.5841
1111,expiré,0.6653,0.6575
1112,corps,0.6652,0.6244
1113,disse,0.6652,0.6197
1114,bran,0.6652,0.6033
1115,joué,0.6651,0.5844
1116,mée,0.6650,0.6284
1117,l'em,0.6650,0.7171
1118,confirmer,0.6649,0.6015
1119,sui,0.6649,0.6730
1120,pourtant,0.6648,0.6314
1121,féconde,0.6648,0.5412
1122,aspect,0.6648,0.5140
1123,dence,0.6648,0.6267
1124,librairie,0.6648,0.6644
1125,dece,0.6646,0.6845
1126,manifestement,0.6645,0.5825
1127,pale,0.6645,0.7016
1128,dou,0.6645,0.5920
1129,sejour,0.6645,0.6187
1130,train,0.6644,0.6482
1131,polis,0.6643,0.5769
1132,admirables,0.6643,0.5491
1133,persuade,0.6643,0.6089
1134,cy,0.6642,0.6120
1135,avi,0.6642,0.5981
1136,marc,0.6640,0.6966
1137,ges,0.6640,0.6445
1138,esperer,0.6639,0.4983
1139,oue,0.6639,0.6051
1140,entrera,0.6639,0.7277
1141,ement,0.6639,0.6394
1142,tat,0.6638,0.5936
1143,horn,0.6634,0.6935
1144,empecher,0.6634,0.5252
1145,niers,0.6633,0.6026
1146,adi,0.6632,0.5819
1147,d'emprunter,0.6631,0.7024
1148,discernement,0.6631,0.6822
1149,timons,0.6630,0.6260
1150,dem,0.6630,0.5368
1151,sns,0.6630,0.6793
1152,recom,0.6628,0.6929
1153,civilité,0.6627,0.6135
1154,chantons,0.6627,0.6279
1155,plat,0.6627,0.6310
1156,conclusion,0.6625,0.6017
1157,pére,0.6625,0.4919
1158,cour,0.6625,0.6958
1159,nelle,0.6622,0.6669
1160,l'après,0.6622,0.6484
1161,ruption,0.6622,0.5906
1162,entrevoir,0.6621,0.6834
1163,br,0.6621,0.5640
1164,t'il,0.6621,0.5504
1165,lice,0.6621,0.6427
1166,faussement,0.6621,0.5937
1167,mente,0.6620,0.5632
1168,gion,0.6620,0.6562
1169,vic,0.6617,0.5904
1170,pipe,0.6616,0.6080
1171,villers,0.6616,0.5438
1172,tien,0.6616,0.6305
1173,évenemens,0.6616,0.5777
1174,forme,0.6615,0.6799
1175,bienheureux,0.6614,0.6829
1176,larcin,0.6614,0.6635
1177,haute,0.6612,0.6923
1178,assurer,0.6612,0.6129
1179,asseoir,0.6611,0.6255
1180,miner,0.6610,0.6250
1181,t'on,0.6610,0.6193
1182,emprunte,0.6610,0.6418
1183,embarrassé,0.6610,0.6178
1184,chaire,0.6610,0.6418
1185,yen,0.6608,0.5736
1186,saisons,0.6608,0.5600
1187,d'ordonner,0.6608,0.6221
1188,poux,0.6607,0.6630
1189,apparence,0.6606,0.6958
1190,nmme,0.6605,0.7112
1191,saisir,0.6604,0.5624
1192,sceaux,0.6604,0.6314
1193,new,0.6603,0.4734
1194,paya,0.6602,0.6870
1195,reli,0.6602,0.6505
1196,comi,0.6600,0.7077
1197,d'importance,0.6599,0.7025
1198,quon,0.6598,0.6294
1199,convie,0.6596,0.7191
1200,bâtard,0.6596,0.6027
1201,remar,0.6595,0.6289
1202,brevet,0.6594,0.6308
1203,mons,0.6593,0.6556
1204,envoyez,0.6593,0.6326
1205,pte,0.6593,0.6705
1206,recueilli,0.6591,0.6235
1207,occuper,0.6591,0.5599
1208,accord,0.6590,0.5981
1209,home,0.6590,0.6379
1210,nemours,0.6590,0.5967
1211,bout,0.6589,0.6351
1212,rement,0.6589,0.7311
1213,do,0.6589,0.5885
1214,tor,0.6587,0.6131
1215,positivement,0.6586,0.6667
1216,vera,0.6586,0.5999
1217,val,0.6586,0.6222
1218,role,0.6585,0.7090
1219,commc,0.6585,0.6938
1220,talents,0.6585,0.5698
1221,rem,0.6584,0.6976
1222,mortel,0.6584,0.5517
1223,sou,0.6583,0.7418
1224,breuvage,0.6583,0.6641
1225,çois,0.6583,0.6326
1226,lons,0.6581,0.5873
1227,qu'enfin,0.6579,0.5618
1228,derechef,0.6579,0.7619
1229,paier,0.6578,0.5213
1230,raisonner,0.6577,0.7016
1231,tradition,0.6577,0.6019
1232,louvois,0.6576,0.6073
1233,mées,0.6576,0.5774
1234,railler,0.6576,0.7359
1235,diffi,0.6575,0.6566
1236,assurances,0.6574,0.6061
1237,fleurir,0.6572,0.6274
1238,ch,0.6572,0.6422
1239,mittere,0.6570,0.5237
1240,royauté,0.6570,0.6411
1241,projets,0.6569,0.5671
1242,supposons,0.6568,0.6652
1243,humain,0.6568,0.5824
1244,plein,0.6568,0.7051
1245,clovis,0.6568,0.6222
1246,fe,0.6567,0.6126
1247,cautions,0.6567,0.5647
1248,dessein,0.6566,0.6901
1249,gardé,0.6566,0.6297
1250,beaucoup,0.6566,0.6354
1251,inconnu,0.6565,0.6646
1252,commise,0.6564,0.6356
1253,sujet,0.6564,0.6780
1254,l'attaque,0.6563,0.6535
1255,septime,0.6563,0.4835
1256,ordinal,0.6563,0.6387
1257,pelle,0.6562,0.5701
1258,nois,0.6561,0.6692
1259,incompatible,0.6560,0.5591
1260,gner,0.6559,0.6332
1261,ori,0.6558,0.6032
1262,comm,0.6558,0.6562
1263,suiv,0.6558,0.6545
1264,dru,0.6558,0.6895
1265,liberte,0.6557,0.5786
1266,payable,0.6557,0.5397
1267,miers,0.6557,0.6690
1268,d'af,0.6557,0.7294
1269,tier,0.6556,0.6185
1270,ci,0.6556,0.6659
1271,paf,0.6555,0.7255
1272,coutre,0.6555,0.6895
1273,far,0.6555,0.6694
1274,totale,0.6554,0.6646
1275,lumières,0.6553,0.5472
1276,s'informer,0.6553,0.6699
1277,taine,0.6552,0.6925
1278,l'h,0.6552,0.6296
1279,confi,0.6552,0.6522
1280,baux,0.6551,0.5656
1281,dont,0.6551,0.6274
1282,excepte,0.6550,0.6594
1283,dote,0.6550,0.6534
1284,refuite,0.6550,0.6655
1285,assemblé,0.6549,0.6421
1286,tée,0.6549,0.6399
1287,gie,0.6548,0.6616
1288,pag,0.6547,0.6906
1289,carême,0.6547,0.5522
1290,hai,0.6547,0.6727
1291,trou,0.6546,0.6317
1292,espoir,0.6546,0.4872
1293,reduits,0.6545,0.5651
1294,ingrate,0.6544,0.5764
1295,solution,0.6544,0.6654
1296,dd,0.6544,0.6348
1297,dissertation,0.6544,0.6692
1298,del,0.6543,0.6502
1299,réponde,0.6543,0.6589
1300,hier,0.6543,0.6001
1301,filon,0.6541,0.6766
1302,defaut,0.6541,0.5946
1303,compter,0.6541,0.6580
1304,peine,0.6541,0.6518
1305,découverte,0.6540,0.6070
1306,lavoir,0.6540,0.7428
1307,dement,0.6540,0.6215
1308,finalement,0.6540,0.8108
1309,continu,0.6539,0.6733
1310,continence,0.6539,0.6832
1311,retranché,0.6538,0.6383
1312,ties,0.6538,0.6490
1313,rele,0.6538,0.7026
1314,ca,0.6537,0.6498
1315,dresser,0.6537,0.5540
1316,rité,0.6537,0.6784
1317,pareillement,0.6536,0.7047
1318,l'avantage,0.6536,0.6696
1319,sm,0.6535,0.5162
1320,pat,0.6535,0.7005
1321,fâcheuse,0.6534,0.6452
1322,lour,0.6534,0.7225
1323,antiques,0.6534,0.5485
1324,christianisme,0.6533,0.6837
1325,nullité,0.6533,0.5682
1326,sûrs,0.6533,0.6522
1327,truite,0.6532,0.6837
1328,contrit,0.6531,0.6926
1329,critiques,0.6531,0.4667
1330,pae,0.6529,0.6140
1331,excès,0.6527,0.5980
1332,soigneusement,0.6527,0.5806
1333,reprises,0.6526,0.5761
1334,filant,0.6526,0.6218
1335,souve,0.6526,0.6857
1336,devers,0.6526,0.5617
1337,regler,0.6525,0.6747
1338,repose,0.6523,0.6093
1339,combien,0.6523,0.6596
1340,déchargé,0.6523,0.5689
1341,s'assembler,0.6523,0.6380
1342,carnage,0.6522,0.6126
1343,este,0.6521,0.5935
1344,l'o,0.6521,0.6791
1345,rete,0.6521,0.7298
1346,régent,0.6521,0.6780
1347,civiles,0.6520,0.6000
1348,hall,0.6519,0.5199
1349,pouvoirs,0.6519,0.6362
1350,vinaire,0.6519,0.6019
1351,sement,0.6517,0.6121
1352,ecole,0.6515,0.5986
1353,mule,0.6515,0.6396
1354,supposé,0.6515,0.6049
1355,five,0.6514,0.5599
1356,sub,0.6514,0.6298
1357,engagement,0.6513,0.5423
1358,compassion,0.6513,0.6418
1359,authentique,0.6513,0.5872
1360,london,0.6512,0.4575
1361,proverbe,0.6512,0.7429
1362,supplians,0.6511,0.4885
1363,quarts,0.6510,0.6140
1364,desordres,0.6510,0.4576
1365,interruption,0.6509,0.5816
1366,fignes,0.6509,0.6577
1367,marins,0.6508,0.5620
1368,mourant,0.6508,0.6900
1369,ks,0.6506,0.5789
1370,sangla,0.6506,0.6278
1371,filer,0.6506,0.6082
1372,fible,0.6506,0.5839
1373,incon,0.6506,0.6555
1374,mainte,0.6505,0.7248
1375,tiares,0.6505,0.5461
1376,criminelle,0.6504,0.6196
1377,ticle,0.6504,0.6076
1378,fice,0.6504,0.6547
1379,iss,0.6504,0.5974
1380,levées,0.6504,0.5974
1381,mant,0.6504,0.6827
1382,varier,0.6503,0.6469
1383,voire,0.6503,0.7110
1384,aille,0.6503,0.5861
1385,brillant,0.6502,0.4586
1386,jointes,0.6502,0.6065
1387,com,0.6502,0.6395
1388,mort,0.6502,0.5628
1389,haut,0.6502,0.6559
1390,quise,0.6502,0.6016
1391,pal,0.6500,0.6903
1392,continuant,0.6500,0.6773
1393,causc,0.6500,0.6288
1394,terroir,0.6499,0.6128
1395,har,0.6498,0.6704
1396,quar,0.6497,0.5987
1397,pli,0.6497,0.6301
1398,universel,0.6497,0.7351
1399,reau,0.6496,0.6467
1400,chauffée,0.6495,0.5804
1401,caule,0.6495,0.6239
1402,mesurer,0.6495,0.6658
1403,qus,0.6494,0.5756
1404,rans,0.6494,0.6835
1405,pensée,0.6494,0.5446
1406,contents,0.6494,0.5263
1407,condom,0.6492,0.5914
1408,pon,0.6490,0.6867
1409,pes,0.6490,0.6379
1410,soli,0.6490,0.6200
1411,l'aumône,0.6490,0.7046
1412,d'imprimer,0.6490,0.5914
1413,fore,0.6489,0.5635
1414,gra,0.6489,0.5763
1415,disposé,0.6489,0.6920
1416,gale,0.6488,0.6316
1417,cam,0.6486,0.6232
1418,vée,0.6486,0.6411
1419,abon,0.6486,0.5791
1420,l'abondance,0.6485,0.6463
1421,misérables,0.6485,0.5821
1422,banni,0.6484,0.6216
1423,croyons,0.6484,0.5220
1424,convenance,0.6484,0.5334
1425,nement,0.6483,0.6774
1426,nus,0.6483,0.6545
1427,dor,0.6481,0.6080
1428,gres,0.6480,0.6299
1429,nion,0.6480,0.6127
1430,tale,0.6480,0.5777
1431,prêcher,0.6479,0.5886
1432,ibit,0.6478,0.6195
1433,l'enceinte,0.6478,0.6522
1434,forn,0.6477,0.6942
1435,dimanches,0.6476,0.5616
1436,peuple,0.6475,0.6370
1437,avan,0.6475,0.5938
1438,elie,0.6474,0.6075
1439,contraire,0.6474,0.7188
1440,dupuis,0.6472,0.6536
1441,esti,0.6472,0.6556
1442,précedent,0.6470,0.5507
1443,sedan,0.6469,0.5940
1444,mante,0.6468,0.6716
1445,experts,0.6468,0.7033
1446,tabac,0.6467,0.5941
1447,martyr,0.6466,0.5768
1448,d'accord,0.6465,0.6319
1449,l'infante,0.6465,0.6209
1450,tures,0.6463,0.5615
1451,releve,0.6462,0.5770
1452,lor,0.6462,0.6199
1453,relever,0.6462,0.6102
1454,lem,0.6460,0.5817
1455,delivrer,0.6460,0.5938
1456,tou,0.6459,0.6150
1457,poursuivant,0.6458,0.6820
1458,suppliant,0.6458,0.6261
1459,rechercher,0.6458,0.6444
1460,habité,0.6456,0.6811
1461,avants,0.6456,0.6348
1462,employez,0.6456,0.6010
1463,rant,0.6453,0.6428
1464,pri,0.6453,0.5970
1465,choisi,0.6452,0.5783
1466,publiques,0.6452,0.6384
1467,vident,0.6451,0.6274
1468,parceque,0.6450,0.6192
1469,fy,0.6449,0.7150
1470,assurent,0.6448,0.5292
1471,lè,0.6447,0.7511
1472,demandeur,0.6446,0.6175
1473,neu,0.6446,0.6417
1474,l'impossibilité,0.6446,0.6967
1475,bou,0.6445,0.6331
1476,soulagement,0.6444,0.6446
1477,douteux,0.6444,0.7114
1478,remarquable,0.6443,0.6558
1479,rentre,0.6443,0.7382
1480,nes,0.6443,0.5911
1481,fendre,0.6442,0.5848
1482,altesse,0.6442,0.6605
1483,bler,0.6441,0.6679
1484,distinction,0.6441,0.6136
1485,venans,0.6440,0.5761
1486,avertissement,0.6440,0.5751
1487,gnes,0.6440,0.6239
1488,d'obtenir,0.6440,0.5880
1489,cueillir,0.6440,0.5976
1490,ters,0.6437,0.6361
1491,réussir,0.6437,0.5803
1492,commettre,0.6436,0.6110
1493,ord,0.6436,0.5706
1494,seulement,0.6436,0.6403
1495,battre,0.6435,0.5992
1496,chaux,0.6435,0.5843
1497,descente,0.6435,0.6816
1498,l'ardeur,0.6434,0.5939
1499,couver,0.6434,0.6046
1500,onne,0.6433,0.6547
1501,chasse,0.6433,0.5788
1502,sterling,0.6432,0.6240
1503,ali,0.6431,0.6397
1504,glife,0.6430,0.6520
1505,l'ombre,0.6429,0.6213
1506,hist,0.6428,0.6818
1507,communion,0.6428,0.5913
1508,provient,0.6428,0.5766
1509,mortelles,0.6427,0.5946
1510,hardi,0.6426,0.5725
1511,rour,0.6425,0.6899
1512,id,0.6425,0.6306
1513,produites,0.6424,0.6328
1514,comn,0.6424,0.6332
1515,can,0.6422,0.5575
1516,journées,0.6422,0.5894
1517,sacremens,0.6421,0.5984
1518,condition,0.6420,0.6103
1519,chaîne,0.6420,0.5914
1520,rer,0.6419,0.5784
1521,traité,0.6419,0.6629
1522,purgatoire,0.6418,0.6393
1523,saci,0.6417,0.6568
1524,vire,0.6417,0.6500
1525,rent,0.6417,0.5619
1526,galeres,0.6416,0.6414
1527,fui,0.6416,0.6786
1528,ik,0.6415,0.6138
1529,ample,0.6415,0.5569
1530,mire,0.6414,0.6460
1531,consommer,0.6414,0.6553
1532,pol,0.6414,0.5773
1533,inconveniens,0.6414,0.5003
1534,plui,0.6413,0.7267
1535,sure,0.6411,0.5769
1536,prisons,0.6411,0.6571
1537,malte,0.6411,0.7099
1538,plai,0.6410,0.6263
1539,nne,0.6410,0.5791
1540,tomme,0.6409,0.7127
1541,vec,0.6409,0.6205
1542,nan,0.6408,0.7094
1543,valere,0.6408,0.5366
1544,iceux,0.6408,0.3795
1545,peller,0.6408,0.6112
1546,augures,0.6407,0.6316
1547,tournée,0.6407,0.5308
1548,rétablit,0.6406,0.6238
1549,dition,0.6406,0.6860
1550,logis,0.6405,0.5472
1551,cercles,0.6405,0.5326
1552,vau,0.6405,0.6590
1553,via,0.6405,0.4874
1554,partage,0.6404,0.6283
1555,lisez,0.6403,0.6500
1556,nies,0.6403,0.6718
1557,coupa,0.6402,0.6677
1558,posent,0.6402,0.6002
1559,piller,0.6401,0.6608
1560,fidelité,0.6401,0.5309
1561,fez,0.6401,0.6861
1562,agir,0.6401,0.6069
1563,bri,0.6400,0.6070
1564,commencement,0.6398,0.6084
1565,formoit,0.6397,0.6103
1566,dar,0.6396,0.6125
1567,simplement,0.6396,0.6166
1568,çà,0.6396,0.5535
1569,tracer,0.6395,0.6367
1570,preuve,0.6395,0.5855
1571,trai,0.6393,0.6442
1572,commençant,0.6389,0.5887
1573,chretien,0.6389,0.6355
1574,loger,0.6388,0.5181
1575,pret,0.6388,0.7718
1576,contrai,0.6388,0.6702
1577,traiter,0.6387,0.6029
1578,délais,0.6386,0.5889
1579,mouvoir,0.6386,0.6102
1580,envoye,0.6385,0.6046
1581,souffre,0.6385,0.5972
1582,doc,0.6385,0.5986
1583,velle,0.6385,0.6848
1584,domestique,0.6385,0.5541
1585,ià,0.6385,0.6610
1586,inscriptions,0.6382,0.5398
1587,fide,0.6382,0.5367
1588,remplacer,0.6381,0.6884
1589,masse,0.6380,0.5534
1590,détour,0.6379,0.6197
1591,tendus,0.6379,0.5788
1592,oubli,0.6378,0.6024
1593,gues,0.6378,0.5719
1594,attribué,0.6377,0.5746
1595,gue,0.6377,0.6585
1596,att,0.6376,0.5987
1597,récompenses,0.6376,0.6454
1598,ive,0.6375,0.6375
1599,men,0.6374,0.6383
1600,char,0.6374,0.6102
1601,constant,0.6373,0.5641
1602,xe,0.6373,0.6711
1603,pet,0.6373,0.5856
1604,c'é,0.6372,0.6464
1605,présent,0.6372,0.5002
1606,ten,0.6371,0.6034
1607,tranchée,0.6371,0.6276
1608,sainte,0.6369,0.6307
1609,accompli,0.6369,0.6158
1610,mem,0.6369,0.6497
1611,publique,0.6369,0.5603
1612,vons,0.6368,0.6089
1613,qu'u,0.6367,0.5779
1614,baille,0.6367,0.5960
1615,distincte,0.6367,0.6056
1616,contenterai,0.6367,0.5787
1617,comr,0.6366,0.6634
1618,separe,0.6365,0.5982
1619,icelle,0.6365,0.4859
1620,mouvant,0.6365,0.5798
1621,domaine,0.6364,0.5511
1622,pratique,0.6364,0.6138
1623,toute,0.6363,0.6859
1624,moitié,0.6363,0.6573
1625,ron,0.6363,0.6410
1626,mé,0.6363,0.6916
1627,martial,0.6362,0.5303
1628,quils,0.6361,0.6528
1629,jou,0.6360,0.5812
1630,for,0.6360,0.6299
1631,ches,0.6360,0.5943
1632,pagine,0.6360,0.6218
1633,gâter,0.6360,0.6579
1634,pouf,0.6359,0.7260
1635,ju,0.6359,0.6317
1636,entierement,0.6358,0.5608
1637,forts,0.6357,0.6164
1638,surle,0.6357,0.5696
1639,plaisance,0.6357,0.6109
1640,parti,0.6357,0.5701
1641,defi,0.6356,0.6534
1642,minime,0.6355,0.5412
1643,ferver,0.6355,0.6346
1644,consolation,0.6354,0.5941
1645,examen,0.6354,0.5722
1646,diver,0.6354,0.6095
1647,acte,0.6354,0.5933
1648,refe,0.6353,0.6133
1649,fameuse,0.6352,0.6024
1650,habiller,0.6352,0.6386
1651,reur,0.6352,0.7132
1652,témoignages,0.6352,0.5690
1653,dien,0.6352,0.6270
1654,démon,0.6352,0.6490
1655,tiers,0.6351,0.5340
1656,dig,0.6350,0.5315
1657,sacri,0.6350,0.6297
1658,propres,0.6350,0.6865
1659,entier,0.6348,0.7235
1660,ente,0.6348,0.6336
1661,niere,0.6347,0.7302
1662,mul,0.6347,0.5937
1663,voyez,0.6346,0.6695
1664,couronnée,0.6346,0.6214
1665,gallus,0.6345,0.5147
1666,préfet,0.6345,0.6364
1667,pane,0.6345,0.6489
1668,inon,0.6344,0.7006
1669,trompette,0.6343,0.6203
1670,senat,0.6343,0.4485
1671,briser,0.6343,0.6050
1672,armer,0.6342,0.6360
1673,d'entrée,0.6342,0.6002
1674,arri,0.6341,0.6472
1675,souhait,0.6341,0.6473
1676,d'aix,0.6341,0.6656
1677,incontinent,0.6341,0.4992
1678,dp,0.6341,0.6306
1679,ordonnez,0.6341,0.5118
1680,primer,0.6340,0.6430
1681,fonction,0.6340,0.5450
1682,rés,0.6339,0.6500
1683,fiant,0.6339,0.5760
1684,lée,0.6338,0.5918
1685,communication,0.6337,0.6572
1686,rôle,0.6337,0.5913
1687,attraper,0.6337,0.6441
1688,rame,0.6336,0.6116
1689,siu,0.6336,0.6484
1690,dangers,0.6336,0.5421
1691,cherchez,0.6335,0.4979
1692,accom,0.6335,0.6816
1693,poete,0.6335,0.6102
1694,see,0.6335,0.4619
1695,précieuse,0.6334,0.5960
1696,d'assez,0.6333,0.6886
1697,aides,0.6333,0.6493
1698,valable,0.6333,0.6357
1699,nu,0.6332,0.6329
1700,conful,0.6330,0.4244
1701,ors,0.6330,0.6093
1702,financier,0.6329,0.5928
1703,live,0.6329,0.6311
1704,verser,0.6328,0.5542
1705,dirc,0.6328,0.6413
1706,peplus,0.6327,0.6807
1707,couronnes,0.6327,0.5618
1708,cos,0.6326,0.6049
1709,xil,0.6326,0.6772
1710,divins,0.6326,0.6604
1711,velles,0.6326,0.6756
1712,quai,0.6326,0.5398
1713,fure,0.6325,0.5884
1714,fréquentes,0.6324,0.6193
1715,ala,0.6323,0.6419
1716,argument,0.6323,0.5156
1717,vi,0.6322,0.6394
1718,meures,0.6321,0.5614
1719,caille,0.6321,0.6163
1720,plier,0.6321,0.7012
1721,puissamment,0.6320,0.6704
1722,dépouillé,0.6319,0.6349
1723,perfon,0.6319,0.5764
1724,prologue,0.6319,0.5763
1725,pafle,0.6318,0.6571
1726,det,0.6317,0.5697
1727,amasser,0.6317,0.6176
1728,commises,0.6315,0.5906
1729,ble,0.6315,0.6434
1730,honorables,0.6314,0.6262
1731,déterminé,0.6313,0.5787
1732,rompus,0.6313,0.5170
1733,d'état,0.6312,0.5954
1734,offi,0.6311,0.5557
1735,ed,0.6311,0.6385
1736,retablir,0.6310,0.6431
1737,regretter,0.6310,0.6657
1738,quoi,0.6310,0.5694
1739,trilles,0.6309,0.6333
1740,puisqu'on,0.6309,0.6881
1741,magis,0.6308,0.5152
1742,raccommoder,0.6308,0.5741
1743,l'agneau,0.6308,0.5775
1744,mystere,0.6307,0.5118
1745,reculer,0.6307,0.6205
1746,lf,0.6306,0.5881
1747,poursuit,0.6306,0.5659
1748,confit,0.6305,0.5781
1749,xi,0.6303,0.6446
1750,determine,0.6303,0.5675
1751,virginie,0.6302,0.6223
1752,legs,0.6301,0.5766
1753,present,0.6299,0.5372
1754,dres,0.6299,0.6246
1755,veri,0.6298,0.5620
1756,karats,0.6297,0.6515
1757,dépens,0.6297,0.5182
1758,troublé,0.6297,0.6293
1759,prospérité,0.6297,0.5906
1760,cune,0.6297,0.6863
1761,témoigné,0.6296,0.4986
1762,convenu,0.6295,0.5941
1763,pierre,0.6295,0.6890
1764,gravité,0.6294,0.6745
1765,folle,0.6294,0.6132
1766,noblement,0.6294,0.6365
1767,yant,0.6294,0.6694
1768,oter,0.6294,0.5868
1769,éleva,0.6293,0.5908
1770,croyable,0.6293,0.6464
1771,françoise,0.6293,0.5054
1772,conmme,0.6293,0.6020
1773,college,0.6293,0.6424
1774,joignez,0.6291,0.6519
1775,vide,0.6291,0.5929
1776,ouverture,0.6290,0.5765
1777,l'étude,0.6288,0.6383
1778,infaillibles,0.6285,0.5821
1779,pomme,0.6285,0.5506
1780,préferer,0.6285,0.6031
1781,ancien,0.6285,0.6563
1782,diligences,0.6285,0.4880
1783,qu'en,0.6285,0.6934
1784,commodes,0.6285,0.5365
1785,proche,0.6284,0.6124
1786,contre,0.6284,0.6659
1787,quarte,0.6282,0.6434
1788,clef,0.6282,0.5707
1789,l'éternité,0.6282,0.6144
1790,traites,0.6281,0.6488
1791,l'utilité,0.6281,0.5017
1792,produisit,0.6281,0.6033
1793,nov,0.6280,0.5890
1794,lord,0.6280,0.5477
1795,l'espece,0.6280,0.5746
1796,meilleur,0.6279,0.6276
1797,triture,0.6279,0.6286
1798,impatient,0.6279,0.6333
1799,provint,0.6279,0.5795
1800,dispo,0.6278,0.6624
1801,l'es,0.6278,0.6951
1802,apprens,0.6278,0.6606
1803,l'impatience,0.6278,0.6315
1804,qn,0.6277,0.6133
1805,eri,0.6276,0.6297
1806,apperçu,0.6275,0.4179
1807,fuc,0.6275,0.6449
1808,climat,0.6273,0.5466
1809,fiance,0.6273,0.6021
1810,l'en,0.6273,0.6487
1811,louable,0.6272,0.6411
1812,morceaux,0.6271,0.5322
1813,l'emporte,0.6271,0.5567
1814,solidairement,0.6271,0.6401
1815,turion,0.6271,0.6122
1816,particulier,0.6270,0.7000
1817,matieres,0.6269,0.5513
1818,sonne,0.6269,0.6364
1819,moire,0.6269,0.6247
1820,majeur,0.6269,0.5845
1821,têtes,0.6268,0.5523
1822,paix,0.6268,0.5433
1823,d'envie,0.6268,0.5948
1824,coûta,0.6265,0.6343
1825,passées,0.6264,0.5894
1826,faim,0.6264,0.6428
1827,pollion,0.6264,0.6894
1828,execution,0.6263,0.5788
1829,qu'ailleurs,0.6263,0.6843
1830,clameur,0.6263,0.2991
1831,c'ei,0.6262,0.6196
1832,sincere,0.6262,0.5499
1833,inonde,0.6261,0.6535
1834,oà,0.6259,0.6678
1835,posterité,0.6259,0.5512
1836,traire,0.6259,0.6666
1837,patris,0.6257,0.4803
1838,philo,0.6256,0.6327
1839,l'heureux,0.6256,0.6699
1840,commi,0.6255,0.5594
1841,secrete,0.6255,0.5898
1842,l'avarice,0.6254,0.5712
1843,foret,0.6254,0.5612
1844,occupations,0.6254,0.5268
1845,mir,0.6254,0.5801
1846,long,0.6253,0.6615
1847,qu'o,0.6253,0.6446
1848,defrance,0.6252,0.6196
1849,dom,0.6252,0.6003
1850,précédent,0.6252,0.5457
1851,poe,0.6250,0.5674
1852,afin,0.6250,0.6309
1853,dette,0.6249,0.5308
1854,lere,0.6249,0.6614
1855,cé,0.6249,0.6747
1856,eternel,0.6249,0.5991
1857,fem,0.6248,0.6122
1858,chapelain,0.6246,0.6427
1859,tite,0.6246,0.6874
1860,laboureur,0.6245,0.5739
1861,course,0.6244,0.5796
1862,d'autre,0.6244,0.6846
1863,indifférente,0.6244,0.7054
1864,religieux,0.6243,0.5390
1865,offre,0.6243,0.6645
1866,aug,0.6243,0.6463
1867,marcel,0.6243,0.5873
1868,l'emporta,0.6242,0.6717
1869,exemplaires,0.6242,0.5406
1870,orner,0.6242,0.5978
1871,cle,0.6242,0.6608
1872,volage,0.6241,0.5853
1873,lv,0.6241,0.5687
1874,ere,0.6240,0.5946
1875,qai,0.6240,0.6331
1876,focieté,0.6240,0.5852
1877,nui,0.6239,0.6351
1878,conquête,0.6239,0.5674
1879,diacre,0.6237,0.5494
1880,éga,0.6237,0.6246
1881,lx,0.6236,0.6212
1882,faires,0.6235,0.5802
1883,l'heure,0.6235,0.6825
1884,l'épée,0.6235,0.6406
1885,s'entend,0.6233,0.6257
1886,satisfaire,0.6232,0.5791
1887,tain,0.6232,0.6637
1888,levent,0.6232,0.4976
1889,vertu,0.6231,0.6097
1890,sance,0.6231,0.6496
1891,complaisance,0.6231,0.5882
1892,nais,0.6230,0.7113
1893,subtil,0.6230,0.5694
1894,omettre,0.6230,0.6345
1895,fables,0.6230,0.5415
1896,griffe,0.6229,0.6754
1897,sacré,0.6229,0.6156
1898,triple,0.6228,0.5902
1899,jé,0.6227,0.5919
1900,l'expression,0.6227,0.6146
1901,changer,0.6227,0.6364
1902,malis,0.6227,0.4086
1903,objets,0.6227,0.4977
1904,d'ap,0.6227,0.6306
1905,exi,0.6226,0.6355
1906,troc,0.6224,0.5958
1907,principaux,0.6224,0.6076
1908,pals,0.6224,0.6521
1909,civile,0.6224,0.5551
1910,py,0.6223,0.6273
1911,pire,0.6223,0.6331
1912,entretien,0.6223,0.5689
1913,gué,0.6223,0.7250
1914,imais,0.6222,0.7104
1915,zemble,0.6222,0.6276
1916,rom,0.6222,0.5849
1917,mas,0.6222,0.6085
1918,traître,0.6221,0.4735
1919,frapper,0.6219,0.5900
1920,ridicule,0.6218,0.6432
1921,esclaves,0.6218,0.5995
1922,présentes,0.6217,0.4987
1923,criminelles,0.6216,0.5405
1924,tirée,0.6216,0.5621
1925,dépendent,0.6216,0.5784
1926,commu,0.6215,0.6249
1927,tique,0.6215,0.6744
1928,contraignit,0.6215,0.5250
1929,garde,0.6215,0.6781
1930,fermentation,0.6215,0.5383
1931,contestation,0.6214,0.6130
1932,bli,0.6214,0.6730
1933,malade,0.6214,0.5848
1934,nage,0.6214,0.6233
1935,qu'aujourd'hui,0.6213,0.6670
1936,person,0.6213,0.6453
1937,dins,0.6212,0.6083
1938,chap,0.6212,0.5908
1939,taxé,0.6211,0.5721
1940,publi,0.6211,0.6280
1941,propre,0.6211,0.6680
1942,téméraire,0.6210,0.6039
1943,ome,0.6210,0.5944
1944,habiles,0.6210,0.5732
1945,taillée,0.6209,0.5969
1946,l'enfant,0.6208,0.6345
1947,querir,0.6208,0.6383
1948,cane,0.6208,0.6097
1949,laville,0.6207,0.5337
1950,aide,0.6207,0.5453
1951,l'étonnement,0.6206,0.6844
1952,rangs,0.6206,0.5805
1953,graver,0.6205,0.6449
1954,ours,0.6205,0.5869
1955,santé,0.6205,0.5495
1956,outré,0.6205,0.5839
1957,ingrat,0.6204,0.5645
1958,distribution,0.6204,0.5723
1959,toit,0.6203,0.5919
1960,mani,0.6203,0.6758
1961,coups,0.6203,0.6145
1962,dignités,0.6203,0.5713
1963,pures,0.6202,0.5090
1964,l'étranger,0.6202,0.7565
1965,vii,0.6200,0.6704
1966,exposant,0.6200,0.4772
1967,bac,0.6200,0.6203
1968,merce,0.6199,0.5626
1969,expression,0.6199,0.5689
1970,jules,0.6199,0.5360
1971,tome,0.6198,0.5928
1972,habitant,0.6198,0.6375
1973,baguette,0.6197,0.5117
1974,chacun,0.6197,0.6273
1975,honteusement,0.6197,0.5992
1976,affranchis,0.6196,0.5159
1977,conm,0.6196,0.6228
1978,venter,0.6195,0.6415
1979,confesseur,0.6195,0.5796
1980,soupir,0.6194,0.6338
1981,cor,0.6193,0.6471
1982,précede,0.6192,0.5550
1983,campagne,0.6192,0.6230
1984,celi,0.6192,0.6516
1985,l'oiseau,0.6191,0.6361
1986,l'opinion,0.6191,0.5822
1987,d'o,0.6191,0.6116
1988,paroi,0.6191,0.6824
1989,dimi,0.6191,0.6382
1990,ponr,0.6190,0.6861
1991,pore,0.6190,0.6004
1992,necessairement,0.6190,0.5842
1993,d'entreprendre,0.6190,0.6710
1994,néglige,0.6189,0.6202
1995,l'attente,0.6189,0.5794
1996,legrand,0.6188,0.6882
1997,drc,0.6188,0.6104
1998,l'ornement,0.6187,0.6673
1999,l'horreur,0.6186,0.5904
2000,hy,0.6186,0.6673
2001,gravées,0.6185,0.5913
2002,défaut,0.6185,0.5415
2003,dez,0.6185,0.6309
2004,mor,0.6185,0.6199
2005,veni,0.6185,0.6216
2006,s'assurer,0.6184,0.5786
2007,présage,0.6183,0.6033
2008,pénétrer,0.6183,0.5527
2009,d'or,0.6183,0.5817
2010,lance,0.6181,0.5951
2011,at,0.6181,0.5962
2012,sr,0.6180,0.5196
2013,lais,0.6180,0.6812
2014,amples,0.6179,0.5916
2015,troit,0.6179,0.6419
2016,tié,0.6178,0.6158
2017,prudent,0.6178,0.5184
2018,plut,0.6178,0.5916
2019,tus,0.6178,0.5681
2020,tableau,0.6177,0.5180
2021,extra,0.6177,0.5655
2022,voitures,0.6177,0.5755
2023,vuider,0.6176,0.5822
2024,cefar,0.6176,0.5579
2025,empêchement,0.6175,0.6399
2026,d'armée,0.6175,0.6452
2027,exactitude,0.6175,0.4854
2028,courons,0.6174,0.5825
2029,fabrique,0.6174,0.5928
2030,mats,0.6173,0.6472
2031,profonde,0.6173,0.5556
2032,rou,0.6172,0.5974
2033,revenons,0.6172,0.6740
2034,sion,0.6171,0.6483
2035,cesser,0.6171,0.5990
2036,eta,0.6171,0.6000
2037,changemens,0.6170,0.5306
2038,qu'cn,0.6170,0.6488
2039,paume,0.6170,0.5953
2040,seine,0.6170,0.5061
2041,ino,0.6169,0.5515
2042,multis,0.6168,0.3877
2043,d'air,0.6168,0.6404
2044,décidé,0.6167,0.5912
2045,sortira,0.6166,0.7407
2046,dore,0.6166,0.6919
2047,xc,0.6165,0.6083
2048,vent,0.6163,0.6895
2049,fins,0.6163,0.6779
2050,préter,0.6162,0.6220
2051,excellente,0.6162,0.5460
2052,côté,0.6162,0.6281
2053,mrs,0.6159,0.5118
2054,saluer,0.6159,0.6072
2055,troubles,0.6159,0.5287
2056,d'ambition,0.6158,0.5584
2057,maurice,0.6157,0.5769
2058,suffisante,0.6157,0.6060
2059,éloignées,0.6155,0.5917
2060,cha,0.6154,0.6660
2061,l'ouvrage,0.6152,0.7151
2062,iris,0.6152,0.5641
2063,auii,0.6151,0.6915
2064,délivré,0.6151,0.5603
2065,considération,0.6150,0.4059
2066,sérieux,0.6150,0.5650
2067,unifie,0.6149,0.6841
2068,palier,0.6149,0.5327
2069,rir,0.6148,0.5842
2070,commande,0.6148,0.6539
2071,manquer,0.6148,0.5657
2072,certes,0.6147,0.6285
2073,offensé,0.6147,0.5887
2074,act,0.6147,0.5852
2075,sep,0.6147,0.5422
2076,posture,0.6147,0.6536
2077,citoyen,0.6147,0.6276
2078,cire,0.6146,0.5514
2079,plie,0.6146,0.5730
2080,réduit,0.6146,0.5658
2081,raport,0.6145,0.4895
2082,lens,0.6144,0.7077
2083,l'au,0.6144,0.5188
2084,ouvra,0.6143,0.6119
2085,n'entre,0.6143,0.5378
2086,marchent,0.6143,0.5704
2087,cul,0.6143,0.6620
2088,froid,0.6142,0.5329
2089,cles,0.6142,0.6309
2090,jan,0.6141,0.5609
2091,exercer,0.6141,0.5913
2092,fer,0.6141,0.5803
2093,bouillon,0.6141,0.4763
2094,fau,0.6140,0.5913
2095,défendent,0.6139,0.6321
2096,mains,0.6139,0.6178
2097,l'action,0.6139,0.6121
2098,pommes,0.6138,0.3926
2099,nue,0.6137,0.5636
2100,tont,0.6136,0.5831
2101,ix,0.6135,0.6202
2102,lieurs,0.6135,0.5880
2103,tordre,0.6135,0.7149
2104,pens,0.6135,0.5703
2105,d'expérience,0.6134,0.6395
2106,amer,0.6134,0.5888
2107,entendez,0.6133,0.4915
2108,n'au,0.6132,0.5703
2109,payen,0.6132,0.6968
2110,allier,0.6131,0.6251
2111,pafe,0.6131,0.5773
2112,lare,0.6131,0.6524
2113,innocente,0.6131,0.5505
2114,traitans,0.6130,0.5695
2115,étroite,0.6130,0.5707
2116,opposa,0.6128,0.6136
2117,l'imitation,0.6128,0.5731
2118,prête,0.6128,0.5960
2119,aimables,0.6128,0.6065
2120,amoureux,0.6126,0.6312
2121,auparavant,0.6126,0.6263
2122,volume,0.6126,0.5795
2123,s'a,0.6125,0.6096
2124,deja,0.6125,0.5974
2125,admirablement,0.6124,0.5962
2126,d'an,0.6124,0.6127
2127,rochelle,0.6124,0.5250
2128,lâcher,0.6123,0.6826
2129,pié,0.6123,0.5291
2130,ani,0.6123,0.6189
2131,rétabli,0.6123,0.5431
2132,tant,0.6123,0.6035
2133,bru,0.6123,0.6356
2134,camille,0.6122,0.6167
2135,aini,0.6122,0.6658
2136,l'autre,0.6122,0.6252
2137,gre,0.6122,0.6410
2138,journal,0.6122,0.6635
2139,impression,0.6122,0.5043
2140,traitant,0.6121,0.6119
2141,perfectionner,0.6121,0.5958
2142,purger,0.6120,0.5892
2143,premièrement,0.6120,0.6307
2144,content,0.6120,0.5898
2145,ko,0.6119,0.5994
2146,l'intelligence,0.6118,0.6463
2147,incommodé,0.6118,0.5926
2148,continent,0.6118,0.5785
2149,l'univers,0.6117,0.5931
2150,excellence,0.6117,0.6444
2151,tariere,0.6116,0.5797
2152,commandée,0.6116,0.6180
2153,gabelles,0.6115,0.5302
2154,l'oeil,0.6115,0.6020
2155,achevez,0.6115,0.6034
2156,classe,0.6114,0.6085
2157,généreux,0.6114,0.5318
2158,mouve,0.6112,0.6298
2159,tiques,0.6112,0.6168
2160,sucres,0.6112,0.5363
2161,puif,0.6112,0.5512
2162,lever,0.6111,0.6229
2163,loin,0.6111,0.6113
2164,aveuglement,0.6110,0.5595
2165,d'enfans,0.6109,0.6472
2166,renommée,0.6109,0.6530
2167,fatigue,0.6108,0.6201
2168,coup,0.6108,0.6517
2169,voye,0.6107,0.5044
2170,révérence,0.6106,0.5495
2171,rempart,0.6106,0.5477
2172,peints,0.6106,0.5120
2173,promptement,0.6106,0.5937
2174,nôtre,0.6105,0.4480
2175,hor,0.6105,0.6234
2176,demain,0.6103,0.5663
2177,l'ame,0.6103,0.5874
2178,reçût,0.6102,0.5819
2179,atten,0.6102,0.6165
2180,valence,0.6102,0.4925
2181,sole,0.6102,0.5528
2182,s'appliquer,0.6102,0.5974
2183,consideré,0.6101,0.5543
2184,novi,0.6100,0.4562
2185,exemples,0.6099,0.5192
2186,meurtrier,0.6099,0.5624
2187,parvenu,0.6098,0.5981
2188,voyager,0.6097,0.6631
2189,l'af,0.6097,0.6464
2190,qne,0.6096,0.5991
2191,corneille,0.6096,0.5450
2192,cachet,0.6095,0.6003
2193,barbier,0.6095,0.5502
2194,entreprend,0.6095,0.6643
2195,pêcher,0.6095,0.6229
2196,remontrer,0.6095,0.5290
2197,prevenir,0.6094,0.5916
2198,écarter,0.6094,0.5982
2199,descend,0.6092,0.6150
2200,demeure,0.6092,0.6207
2201,milord,0.6091,0.5863
2202,net,0.6091,0.5737
2203,divi,0.6090,0.5951
2204,jon,0.6089,0.6014
2205,résolutions,0.6088,0.5083
2206,fig,0.6088,0.5651
2207,fuites,0.6087,0.6443
2208,pourvû,0.6087,0.3802
2209,quand,0.6086,0.6520
2210,çe,0.6086,0.6845
2211,nme,0.6085,0.6329
2212,mathieu,0.6085,0.5037
2213,prétendu,0.6085,0.5948
2214,fet,0.6085,0.6056
2215,d'hercule,0.6085,0.6085
2216,vraisemblance,0.6084,0.6498
2217,clans,0.6084,0.7053
2218,s'cn,0.6083,0.6222
2219,hem,0.6083,0.5353
2220,za,0.6083,0.5190
2221,liii,0.6082,0.6186
2222,refaire,0.6082,0.5433
2223,notable,0.6082,0.5329
2224,comparaison,0.6082,0.6005
2225,s'entendre,0.6081,0.5367
2226,texte,0.6081,0.6487
2227,rennes,0.6080,0.6121
2228,ar,0.6078,0.6501
2229,prescrites,0.6078,0.5819
2230,regarder,0.6078,0.5343
2231,ouverts,0.6077,0.4962
2232,etant,0.6077,0.5864
2233,débit,0.6076,0.5924
2234,dorante,0.6076,0.4740
2235,suffisant,0.6075,0.6619
2236,ran,0.6075,0.6045
2237,ecf,0.6074,0.6187
2238,insensé,0.6074,0.6351
2239,doyen,0.6074,0.5727
2240,be,0.6073,0.5015
2241,fant,0.6073,0.6530
2242,franc,0.6073,0.6157
2243,contr,0.6073,0.5629
2244,recit,0.6073,0.6142
2245,souris,0.6073,0.5734
2246,conjecture,0.6072,0.5608
2247,composent,0.6072,0.6038
2248,ouis,0.6071,0.4424
2249,expriment,0.6071,0.6087
2250,atteint,0.6069,0.6394
2251,dy,0.6069,0.6054
2252,opposans,0.6069,0.4793
2253,étend,0.6068,0.5726
2254,about,0.6067,0.4083
2255,ménie,0.6067,0.7001
2256,ignorant,0.6066,0.5562
2257,mie,0.6066,0.5962
2258,rion,0.6065,0.6748
2259,dol,0.6065,0.6166
2260,jui,0.6065,0.6532
2261,repete,0.6064,0.5327
2262,ela,0.6064,0.6459
2263,ligion,0.6064,0.6415
2264,memes,0.6063,0.5184
2265,voler,0.6062,0.5660
2266,cte,0.6061,0.5903
2267,fint,0.6061,0.4574
2268,qu'autrefois,0.6061,0.6446
2269,perpétuel,0.6060,0.5819
2270,prétendre,0.6060,0.5343
2271,jugez,0.6060,0.5765
2272,quille,0.6059,0.5880
2273,metz,0.6059,0.4986
2274,indignation,0.6059,0.5558
2275,pare,0.6059,0.5784
2276,l'academie,0.6059,0.5322
2277,portées,0.6059,0.5604
2278,triste,0.6058,0.5370
2279,digestion,0.6058,0.6310
2280,mangeant,0.6058,0.6240
2281,dépit,0.6057,0.4672
2282,patient,0.6056,0.6541
2283,come,0.6055,0.6559
2284,seville,0.6055,0.6107
2285,touchés,0.6054,0.4989
2286,qule,0.6054,0.5521
2287,l'étendue,0.6054,0.5587
2288,pente,0.6054,0.6322
2289,d'inquiétude,0.6053,0.6154
2290,chancellerie,0.6053,0.5179
2291,tere,0.6053,0.6352
2292,chretiens,0.6052,0.5651
2293,reconnoissance,0.6052,0.5482
2294,mail,0.6052,0.6202
2295,distribué,0.6051,0.6197
2296,proprietaires,0.6051,0.5693
2297,populaire,0.6050,0.5626
2298,aus,0.6050,0.6695
2299,sul,0.6050,0.6371
2300,liege,0.6049,0.5665
2301,d'athenes,0.6049,0.5520
2302,d'e,0.6049,0.5940
2303,viaire,0.6048,0.6318
2304,rififi,0.6048,0.6768
2305,bar,0.6047,0.5936
2306,assemblées,0.6044,0.5443
2307,lad,0.6044,0.5273
2308,juf,0.6044,0.5248
2309,perir,0.6044,0.5837
2310,papiers,0.6043,0.5328
2311,up,0.6042,0.5325
2312,tromperie,0.6041,0.6151
2313,infidèle,0.6041,0.6265
2314,most,0.6040,0.5135
2315,prisonniers,0.6040,0.5959
2316,af,0.6040,0.6532
2317,qué,0.6038,0.6632
2318,abattu,0.6038,0.6158
2319,suite,0.6037,0.5598
2320,pressé,0.6037,0.5382
2321,ordures,0.6037,0.6011
2322,toscane,0.6037,0.5986
2323,avee,0.6036,0.7570
2324,revolte,0.6036,0.5608
2325,frédéric,0.6036,0.6048
2326,lû,0.6036,0.3691
2327,cation,0.6035,0.5676
2328,facilement,0.6035,0.6234
2329,inter,0.6035,0.5535
2330,rar,0.6034,0.5815
2331,fleuri,0.6034,0.5398
2332,rables,0.6034,0.5740
2333,consi,0.6033,0.5926
2334,genéral,0.6033,0.4786
2335,ora,0.6033,0.5274
2336,abonde,0.6033,0.5877
2337,vien,0.6033,0.6213
2338,fondement,0.6032,0.5514
2339,pardessus,0.6032,0.5822
2340,entiérement,0.6032,0.5836
2341,ilne,0.6031,0.5945
2342,ifr,0.6030,0.6355
2343,sto,0.6030,0.5886
2344,délicate,0.6030,0.5842
2345,dai,0.6029,0.5360
2346,examinant,0.6029,0.5663
2347,ferve,0.6028,0.5310
2348,jugées,0.6028,0.5537
2349,poussée,0.6028,0.5756
2350,surintendant,0.6028,0.5192
2351,expérience,0.6027,0.5018
2352,just,0.6026,0.5217
2353,échouer,0.6026,0.5520
2354,exposer,0.6024,0.5817
2355,ga,0.6024,0.6313
2356,anti,0.6024,0.6353
2357,seul,0.6024,0.6177
2358,proportionnée,0.6023,0.5288
2359,zs,0.6023,0.5023
2360,bles,0.6022,0.5730
2361,bu,0.6021,0.5390
2362,von,0.6021,0.6675
2363,sanglant,0.6020,0.5795
2364,ruiné,0.6020,0.6224
2365,roles,0.6020,0.6161
2366,croître,0.6019,0.6214
2367,seu,0.6018,0.5684
2368,l'accepter,0.6018,0.6586
2369,mane,0.6017,0.5469
2370,mne,0.6016,0.5978
2371,attachées,0.6015,0.5114
2372,seule,0.6015,0.6726
2373,timon,0.6015,0.6871
2374,secretement,0.6014,0.6582
2375,l'et,0.6014,0.6623
2376,éclatantes,0.6013,0.5908
2377,s'étendre,0.6012,0.5954
2378,légèrement,0.6012,0.5930
2379,abord,0.6011,0.5446
2380,mariages,0.6011,0.6003
2381,forger,0.6010,0.6085
2382,toise,0.6010,0.4868
2383,droites,0.6010,0.5321
2384,louanges,0.6009,0.5089
2385,bailly,0.6009,0.5223
2386,hol,0.6007,0.5532
2387,opi,0.6006,0.6115
2388,défenses,0.6005,0.6955
2389,exercice,0.6005,0.5725
2390,lh,0.6004,0.5923
2391,eve,0.6004,0.6458
2392,quoy,0.6003,0.6061
2393,d'avignon,0.6002,0.5579
2394,ravage,0.6001,0.5468
2395,effets,0.6001,0.6371
2396,dars,0.6001,0.6800
2397,susdit,0.6000,0.6169
2398,qae,0.6000,0.6254
2399,mol,0.6000,0.6620
2400,infinie,0.6000,0.5150
2401,disant,0.5999,0.6245
2402,cement,0.5998,0.6078
2403,proye,0.5998,0.4553
2404,vaisselle,0.5997,0.5735
2405,rime,0.5996,0.6198
2406,vrais,0.5996,0.5613
2407,monnoyés,0.5996,0.5335
2408,allusion,0.5995,0.6041
2409,avidité,0.5995,0.6023
2410,apparemment,0.5995,0.5641
2411,précipitation,0.5994,0.5739
2412,lies,0.5994,0.5446
2413,forces,0.5994,0.5726
2414,rire,0.5993,0.5526
2415,enflé,0.5993,0.6344
2416,rope,0.5993,0.5966
2417,indes,0.5993,0.5610
2418,considerables,0.5992,0.5463
2419,profanes,0.5991,0.5994
2420,mufique,0.5991,0.5810
2421,dogme,0.5991,0.6541
2422,rap,0.5990,0.6114
2423,teau,0.5989,0.5292
2424,paître,0.5988,0.5843
2425,passons,0.5988,0.5971
2426,cclui,0.5987,0.5865
2427,nef,0.5987,0.5615
2428,lente,0.5986,0.5447
2429,vier,0.5986,0.5891
2430,dépouilles,0.5986,0.5605
2431,bulle,0.5986,0.5869
2432,qu'ont,0.5985,0.6151
2433,l'aurore,0.5985,0.5676
2434,caché,0.5984,0.6264
2435,tend,0.5984,0.6140
2436,sensible,0.5984,0.5899
2437,jus,0.5984,0.5224
2438,sauvages,0.5983,0.6061
2439,dansée,0.5983,0.5985
2440,l'exécution,0.5983,0.5312
2441,sanglante,0.5982,0.5348
2442,sermon,0.5981,0.6754
2443,naufrage,0.5981,0.6188
2444,tâchez,0.5981,0.5684
2445,remue,0.5981,0.5636
2446,bos,0.5981,0.5757
2447,l'éviter,0.5980,0.6403
2448,general,0.5980,0.5056
2449,lou,0.5978,0.6014
2450,filr,0.5977,0.5903
2451,vince,0.5977,0.6153
2452,dani,0.5976,0.6051
2453,parentes,0.5976,0.7090
2454,maigre,0.5976,0.5280
2455,l'estimation,0.5975,0.6463
2456,rompit,0.5975,0.5910
2457,marne,0.5975,0.5305
2458,spécialement,0.5975,0.6233
2459,bontés,0.5974,0.4934
2460,augmenta,0.5973,0.6240
2461,défendue,0.5973,0.6376
2462,dance,0.5972,0.6349
2463,auili,0.5970,0.5455
2464,participation,0.5970,0.5637
2465,s'élever,0.5970,0.6224
2466,sy,0.5970,0.7077
2467,iere,0.5970,0.5773
2468,connu,0.5970,0.4727
2469,tein,0.5970,0.5618
2470,flor,0.5970,0.5426
2471,lar,0.5969,0.6523
2472,principale,0.5969,0.6173
2473,couvertes,0.5969,0.5278
2474,recueil,0.5968,0.5319
2475,prose,0.5968,0.6043
2476,mobile,0.5968,0.6295
2477,loit,0.5968,0.6205
2478,doubles,0.5967,0.5119
2479,dice,0.5967,0.6223
2480,perte,0.5967,0.5731
2481,tez,0.5967,0.5541
2482,d'attaquer,0.5966,0.6086
2483,ven,0.5966,0.6293
2484,scu,0.5966,0.6112
2485,ignorans,0.5965,0.6646
2486,craint,0.5965,0.5526
2487,simples,0.5964,0.5657
2488,achever,0.5964,0.6001
2489,favorite,0.5964,0.5811
2490,lea,0.5963,0.5882
2491,tit,0.5962,0.6789
2492,rée,0.5961,0.6566
2493,pesant,0.5961,0.5409
2494,tude,0.5961,0.6294
2495,maires,0.5960,0.4873
2496,ique,0.5959,0.5864
2497,nuage,0.5959,0.5293
2498,verte,0.5958,0.5216
2499,scn,0.5958,0.6548
2500,cherté,0.5957,0.5618
2501,james,0.5957,0.5667
2502,aufll,0.5957,0.6679
2503,tenant,0.5956,0.5720
2504,youtre,0.5956,0.6962
2505,étude,0.5956,0.5924
2506,suivent,0.5955,0.5890
2507,berry,0.5955,0.6079
2508,turenne,0.5955,0.5479
2509,levée,0.5955,0.5992
2510,parles,0.5955,0.5588
2511,quel,0.5954,0.6007
2512,roux,0.5954,0.6489
2513,restait,0.5954,0.5857
2514,dommage,0.5954,0.5796
2515,auguste,0.5954,0.5522
2516,j'avoue,0.5953,0.5866
2517,foa,0.5953,0.6116
2518,lorique,0.5952,0.7022
2519,prétextes,0.5952,0.5695
2520,qu'clle,0.5951,0.5891
2521,joseph,0.5951,0.5458
2522,regagner,0.5950,0.6330
2523,ocr,0.5950,0.3022
2524,réparation,0.5950,0.6154
2525,paraît,0.5950,0.5481
2526,dal,0.5949,0.5496
2527,abrégé,0.5949,0.5594
2528,ennuis,0.5948,0.4769
2529,donnant,0.5945,0.4321
2530,répondant,0.5945,0.6266
2531,num,0.5945,0.4594
2532,gueur,0.5945,0.6574
2533,sons,0.5945,0.5726
2534,promettre,0.5944,0.5191
2535,correspondance,0.5944,0.4879
2536,tuteur,0.5943,0.4915
2537,loyers,0.5943,0.5667
2538,souhaité,0.5943,0.4848
2539,so,0.5942,0.6044
2540,differe,0.5941,0.6441
2541,dre,0.5941,0.6736
2542,d'italie,0.5940,0.6288
2543,semaine,0.5939,0.5917
2544,l'ancre,0.5938,0.5333
2545,ennemie,0.5938,0.6316
2546,lès,0.5938,0.5775
2547,erreur,0.5937,0.5681
2548,nation,0.5936,0.5959
2549,scrupule,0.5936,0.5846
2550,lite,0.5936,0.5989
2551,entiere,0.5936,0.6672
2552,imprimé,0.5935,0.5078
2553,prophete,0.5933,0.5830
2554,tal,0.5933,0.5843
2555,cile,0.5933,0.5948
2556,iv,0.5933,0.6624
2557,agrément,0.5932,0.5004
2558,fréquens,0.5932,0.6199
2559,laitier,0.5932,0.5488
2560,len,0.5931,0.5936
2561,teflon,0.5931,0.6435
2562,retenant,0.5931,0.6266
2563,espace,0.5930,0.6112
2564,faic,0.5930,0.5760
2565,calais,0.5929,0.5247
2566,esprits,0.5929,0.5662
2567,utique,0.5929,0.5867
2568,commission,0.5928,0.4979
2569,resulte,0.5928,0.5072
2570,repris,0.5927,0.5992
2571,mieux,0.5927,0.6300
2572,aidé,0.5926,0.6387
2573,bit,0.5925,0.6161
2574,faction,0.5924,0.5338
2575,quentin,0.5924,0.4806
2576,extreme,0.5923,0.5285
2577,coudre,0.5923,0.5826
2578,s'exposer,0.5921,0.5790
2579,tde,0.5921,0.5594
2580,funestes,0.5921,0.5313
2581,tune,0.5921,0.5681
2582,lustre,0.5921,0.6252
2583,ms,0.5921,0.6312
2584,voya,0.5921,0.6230
2585,causes,0.5920,0.5818
2586,convoi,0.5920,0.7367
2587,frappée,0.5919,0.5788
2588,exécution,0.5918,0.4676
2589,detail,0.5918,0.5900
2590,l'entendre,0.5918,0.6087
2591,dés,0.5917,0.6511
2592,cllc,0.5917,0.5919
2593,trême,0.5917,0.6676
2594,fonctions,0.5916,0.4792
2595,mineure,0.5916,0.5837
2596,satan,0.5915,0.5778
2597,regar,0.5915,0.6499
2598,intérieurement,0.5914,0.6720
2599,jet,0.5914,0.6633
2600,mala,0.5913,0.5430
2601,s'observe,0.5913,0.5358
2602,eul,0.5911,0.6980
2603,conr,0.5911,0.6427
2604,casser,0.5910,0.7016
2605,éternité,0.5910,0.5696
2606,gle,0.5909,0.6161
2607,opposition,0.5909,0.6224
2608,luxembourg,0.5909,0.5264
2609,noi,0.5908,0.5573
2610,d'elle,0.5908,0.5892
2611,page,0.5907,0.5894
2612,jésuite,0.5906,0.6048
2613,louvre,0.5906,0.5276
2614,l'iniquité,0.5906,0.6438
2615,contin,0.5906,0.6066
2616,sales,0.5905,0.5812
2617,vigueur,0.5905,0.5341
2618,dressé,0.5905,0.5065
2619,iil,0.5905,0.6110
2620,certificats,0.5905,0.4622
2621,fail,0.5905,0.6109
2622,ordonnons,0.5904,0.4127
2623,voy,0.5904,0.6422
2624,racine,0.5904,0.5641
2625,apo,0.5904,0.6565
2626,créatures,0.5903,0.4889
2627,bray,0.5903,0.5544
2628,eur,0.5902,0.6205
2629,quittances,0.5902,0.5180
2630,jusqu'en,0.5901,0.6042
2631,enterrer,0.5901,0.5764
2632,glo,0.5901,0.6337
2633,éclairé,0.5900,0.5480
2634,dresse,0.5900,0.5753
2635,neige,0.5900,0.5649
2636,mmes,0.5899,0.5901
2637,coûter,0.5899,0.6666
2638,contens,0.5899,0.4940
2639,historique,0.5899,0.4592
2640,regardé,0.5898,0.5532
2641,l'obliger,0.5897,0.5875
2642,dil,0.5897,0.5376
2643,gile,0.5896,0.6679
2644,vuide,0.5896,0.4715
2645,bil,0.5896,0.6054
2646,l'immortalité,0.5893,0.6338
2647,temporels,0.5893,0.6451
2648,châteaux,0.5892,0.5374
2649,vacation,0.5891,0.6281
2650,voile,0.5890,0.6053
2651,maî,0.5890,0.5292
2652,lande,0.5889,0.5456
2653,opéra,0.5889,0.5747
2654,tenez,0.5889,0.4859
2655,pointe,0.5888,0.5064
2656,té,0.5887,0.5937
2657,postes,0.5887,0.6025
2658,justement,0.5887,0.5978
2659,toucher,0.5887,0.5903
2660,depens,0.5887,0.4954
2661,ancienne,0.5886,0.6461
2662,made,0.5886,0.5597
2663,îe,0.5885,0.6753
2664,ris,0.5885,0.5901
2665,d'admiration,0.5885,0.5866
2666,l'inclination,0.5884,0.5599
2667,fauter,0.5884,0.5523
2668,blaise,0.5884,0.5066
2669,encor,0.5883,0.5744
2670,effe,0.5882,0.4470
2671,lille,0.5882,0.5282
2672,lune,0.5882,0.5881
2673,touts,0.5881,0.7436
2674,iant,0.5881,0.6323
2675,éclatant,0.5881,0.4908
2676,sca,0.5881,0.6438
2677,parfaits,0.5880,0.5475
2678,gaules,0.5880,0.5743
2679,matrice,0.5880,0.5887
2680,étant,0.5879,0.4827
2681,ees,0.5879,0.6392
2682,instances,0.5879,0.4639
2683,seil,0.5878,0.5510
2684,courent,0.5878,0.5228
2685,théâtre,0.5878,0.5633
2686,élever,0.5878,0.5300
2687,omis,0.5876,0.5659
2688,honnêtement,0.5876,0.5931
2689,carreaux,0.5875,0.5348
2690,forêts,0.5875,0.5082
2691,extraordinaire,0.5875,0.5600
2692,délicats,0.5875,0.4704
2693,quit,0.5873,0.6401
2694,jouent,0.5873,0.5569
2695,pâques,0.5872,0.5048
2696,inceffamment,0.5872,0.6778
2697,leau,0.5871,0.5792
2698,d'instrumens,0.5871,0.6148
2699,gardés,0.5871,0.5363
2700,ban,0.5871,0.6667
2701,dort,0.5871,0.6941
2702,beau,0.5870,0.6341
2703,lil,0.5870,0.5109
2704,rudes,0.5869,0.5971
2705,témoignage,0.5869,0.5220
2706,aun,0.5869,0.6275
2707,ram,0.5869,0.4730
2708,gabriel,0.5868,0.5378
2709,prévoir,0.5868,0.5509
2710,ros,0.5868,0.5811
2711,pans,0.5867,0.5534
2712,fie,0.5867,0.7496
2713,usi,0.5867,0.6223
2714,qu'ils,0.5867,0.6141
2715,eji,0.5866,0.5064
2716,aimant,0.5866,0.5728
2717,effroi,0.5865,0.4788
2718,potes,0.5864,0.3988
2719,erl,0.5864,0.5908
2720,titans,0.5864,0.5907
2721,chandelle,0.5864,0.5952
2722,justiciers,0.5863,0.4751
2723,formel,0.5863,0.5343
2724,aur,0.5863,0.5697
2725,dion,0.5862,0.4839
2726,fx,0.5862,0.5849
2727,susceptible,0.5861,0.5815
2728,vaines,0.5861,0.5461
2729,l'artifice,0.5860,0.5407
2730,trompeur,0.5860,0.6182
2731,no,0.5859,0.5969
2732,tiere,0.5859,0.5063
2733,na,0.5859,0.5872
2734,condi,0.5859,0.6296
2735,ede,0.5859,0.5759
2736,fri,0.5858,0.6368
2737,fre,0.5858,0.6166
2738,ange,0.5858,0.5743
2739,subsister,0.5857,0.6203
2740,fées,0.5857,0.6259
2741,tort,0.5857,0.5523
2742,d'hiver,0.5856,0.6335
2743,partant,0.5856,0.6022
2744,poudre,0.5856,0.5637
2745,bra,0.5856,0.6170
2746,conscience,0.5855,0.5783
2747,df,0.5855,0.5613
2748,duite,0.5854,0.6550
2749,dispute,0.5854,0.5575
2750,discours,0.5854,0.5578
2751,decider,0.5854,0.6200
2752,refsemblance,0.5853,0.5410
2753,contribuer,0.5853,0.5904
2754,département,0.5852,0.5266
2755,nié,0.5852,0.5654
2756,lon,0.5852,0.6227
2757,l'entreprise,0.5851,0.4964
2758,section,0.5851,0.5864
2759,équivoques,0.5851,0.5099
2760,usa,0.5851,0.6056
2761,brabant,0.5850,0.5177
2762,noble,0.5850,0.6058
2763,dérobé,0.5850,0.5479
2764,secondes,0.5849,0.5273
2765,tailler,0.5847,0.6017
2766,ranger,0.5847,0.5957
2767,faillie,0.5846,0.6750
2768,d'eux,0.5845,0.5860
2769,res,0.5845,0.6093
2770,fauf,0.5845,0.6947
2771,secrettes,0.5844,0.6126
2772,pari,0.5844,0.6034
2773,vigoureux,0.5844,0.5631
2774,nuits,0.5844,0.5582
2775,s'exprime,0.5843,0.5590
2776,ias,0.5843,0.5212
2777,nettes,0.5843,0.6145
2778,cure,0.5842,0.6358
2779,rde,0.5842,0.5478
2780,chantoit,0.5842,0.5562
2781,talens,0.5841,0.5827
2782,motif,0.5841,0.5284
2783,dauphine,0.5841,0.5512
2784,traîner,0.5840,0.6567
2785,contenu,0.5840,0.5543
2786,premiére,0.5840,0.4248
2787,d'ajouter,0.5839,0.6614
2788,cus,0.5839,0.5613
2789,reglement,0.5839,0.5036
2790,revoir,0.5839,0.6050
2791,ret,0.5839,0.5445
2792,amen,0.5839,0.5349
2793,mod,0.5838,0.4783
2794,cavalier,0.5838,0.6504
2795,excede,0.5838,0.5055
2796,volonté,0.5838,0.5317
2797,ets,0.5837,0.5663
2798,athenes,0.5837,0.5144
2799,boni,0.5836,0.4755
2800,vraie,0.5835,0.5878
2801,romaine,0.5835,0.5740
2802,rupture,0.5835,0.5612
2803,annales,0.5834,0.5316
2804,ornement,0.5834,0.5081
2805,pcu,0.5833,0.5860
2806,refaits,0.5832,0.4703
2807,prudens,0.5832,0.5111
2808,changez,0.5832,0.5633
2809,sources,0.5832,0.5475
2810,l'évidence,0.5831,0.5608
2811,empêcha,0.5831,0.5593
2812,dangereux,0.5830,0.5931
2813,penchant,0.5830,0.6381
2814,flambeau,0.5830,0.5562
2815,dg,0.5829,0.6390
2816,joint,0.5828,0.6606
2817,écritures,0.5828,0.5857
2818,mia,0.5828,0.5615
2819,danse,0.5827,0.5388
2820,cures,0.5827,0.5097
2821,voisins,0.5827,0.5777
2822,estimation,0.5826,0.4595
2823,fance,0.5826,0.5440
2824,ports,0.5826,0.5680
2825,levant,0.5826,0.5731
2826,barbares,0.5825,0.5901
2827,différent,0.5824,0.5044
2828,autres,0.5824,0.5438
2829,dra,0.5823,0.6112
2830,milice,0.5823,0.5627
2831,d'irlande,0.5823,0.5547
2832,mention,0.5823,0.5375
2833,crus,0.5823,0.5516
2834,claires,0.5822,0.4702
2835,ité,0.5822,0.5980
2836,miroir,0.5822,0.5430
2837,vendit,0.5821,0.6462
2838,d'anvers,0.5821,0.4431
2839,extraordinairement,0.5821,0.6087
2840,bons,0.5820,0.5569
2841,formez,0.5820,0.6235
2842,incommode,0.5820,0.5600
2843,haro,0.5819,0.2945
2844,cambrai,0.5819,0.5411
2845,raille,0.5819,0.6725
2846,chargez,0.5818,0.4860
2847,visions,0.5817,0.5394
2848,appellant,0.5817,0.5470
2849,voisinage,0.5816,0.6023
2850,contribué,0.5816,0.5666
2851,employées,0.5816,0.5528
2852,patiemment,0.5816,0.5680
2853,notables,0.5815,0.4821
2854,tribune,0.5815,0.4646
2855,baltique,0.5815,0.6544
2856,commit,0.5814,0.5601
2857,sei,0.5814,0.6786
2858,compagne,0.5813,0.6662
2859,suiffe,0.5813,0.5603
2860,ét,0.5813,0.4751
2861,malignes,0.5812,0.4968
2862,liant,0.5812,0.6558
2863,exil,0.5812,0.5700
2864,lorsqu'un,0.5811,0.5484
2865,etats,0.5811,0.4965
2866,arriere,0.5811,0.5686
2867,imitation,0.5811,0.5603
2868,bn,0.5811,0.6438
2869,auprès,0.5810,0.6207
2870,attira,0.5810,0.5592
2871,crever,0.5810,0.5991
2872,blan,0.5810,0.5627
2873,d'éclat,0.5810,0.5425
2874,chartres,0.5810,0.5073
2875,fluide,0.5810,0.6076
2876,alors,0.5810,0.6330
2877,lingots,0.5810,0.4988
2878,opposées,0.5809,0.5835
2879,cau,0.5808,0.5385
2880,offres,0.5808,0.5659
2881,multiplie,0.5808,0.6088
2882,hazarder,0.5808,0.5308
2883,dea,0.5807,0.5764
2884,gens,0.5807,0.5688
2885,remuant,0.5807,0.5119
2886,d'arriver,0.5807,0.6164
2887,flux,0.5807,0.5934
2888,pile,0.5806,0.4988
2889,l'execution,0.5806,0.5947
2890,agrémens,0.5806,0.4714
2891,ette,0.5805,0.5693
2892,dissipé,0.5805,0.5653
2893,joi,0.5805,0.6087
2894,uii,0.5805,0.5676
2895,observez,0.5804,0.5522
2896,vrage,0.5804,0.6033
2897,creuser,0.5803,0.5510
2898,voyes,0.5803,0.4391
2899,l'excellence,0.5802,0.4975
2900,poursuivre,0.5801,0.5327
2901,bouton,0.5801,0.5395
2902,sil,0.5800,0.6222
2903,employé,0.5800,0.5566
2904,rendre,0.5799,0.5935
2905,fay,0.5799,0.5303
2906,tance,0.5799,0.6000
2907,sat,0.5797,0.4659
2908,commandé,0.5797,0.5070
2909,d'utrecht,0.5796,0.5234
2910,tranquille,0.5796,0.4530
2911,collier,0.5795,0.5268
2912,sie,0.5795,0.6058
2913,pairs,0.5795,0.5628
2914,éteint,0.5795,0.5874
2915,qni,0.5794,0.6105
2916,marée,0.5794,0.6385
2917,fon,0.5792,0.4652
2918,chauve,0.5792,0.6032
2919,aifément,0.5791,0.5821
2920,pis,0.5791,0.5584
2921,consistent,0.5791,0.6277
2922,mortification,0.5790,0.6350
2923,prc,0.5790,0.5707
2924,versailles,0.5790,0.4937
2925,mme,0.5789,0.6075
2926,aucuns,0.5788,0.4764
2927,lanterne,0.5787,0.4815
2928,quadruple,0.5787,0.5150
2929,ail,0.5787,0.5730
2930,dominique,0.5787,0.5813
2931,mali,0.5787,0.4914
2932,baptême,0.5786,0.6177
2933,courtisan,0.5786,0.5972
2934,l'affaire,0.5786,0.5961
2935,injurieux,0.5786,0.5608
2936,recevez,0.5785,0.5516
2937,ée,0.5785,0.5983
2938,arrache,0.5785,0.5813
2939,millions,0.5785,0.5406
2940,saints,0.5785,0.4950
2941,los,0.5784,0.6118
2942,conviendra,0.5784,0.5354
2943,britannique,0.5783,0.5855
2944,stable,0.5782,0.5920
2945,souhaite,0.5782,0.4949
2946,mr,0.5782,0.5444
2947,arg,0.5781,0.6240
2948,revient,0.5780,0.6606
2949,disciple,0.5780,0.5687
2950,concerne,0.5780,0.5068
2951,sia,0.5779,0.5619
2952,superieure,0.5779,0.5265
2953,bourdeaux,0.5779,0.4601
2954,travers,0.5779,0.5623
2955,formalité,0.5779,0.5606
2956,cell,0.5779,0.6706
2957,liront,0.5778,0.5334
2958,lux,0.5777,0.5399
2959,dauphin,0.5777,0.5759
2960,necessité,0.5777,0.5325
2961,créé,0.5776,0.5670
2962,nomine,0.5776,0.5422
2963,j'espere,0.5776,0.6675
2964,d'honnêtes,0.5775,0.5893
2965,l'empressement,0.5775,0.5883
2966,ence,0.5774,0.6139
2967,rougir,0.5774,0.5828
2968,heur,0.5773,0.6240
2969,onc,0.5773,0.6161
2970,deces,0.5772,0.6918
2971,baptiste,0.5772,0.6082
2972,fro,0.5772,0.5981
2973,trille,0.5771,0.6228
2974,appartenir,0.5771,0.5890
2975,ect,0.5770,0.5181
2976,remontrance,0.5770,0.5710
2977,dits,0.5770,0.4842
2978,mos,0.5770,0.5060
2979,continuelle,0.5769,0.5958
2980,concert,0.5769,0.6095
2981,loge,0.5769,0.5979
2982,volontaires,0.5769,0.5526
2983,fla,0.5769,0.6334
2984,virement,0.5769,0.5960
2985,cré,0.5768,0.6492
2986,plutot,0.5768,0.6771
2987,française,0.5768,0.4952
2988,gaillard,0.5768,0.5712
2989,l'orateur,0.5768,0.6100
2990,imparfait,0.5768,0.5320
2991,eurs,0.5767,0.5499
2992,cat,0.5767,0.6210
2993,fane,0.5767,0.5807
2994,blesse,0.5767,0.5486
2995,marchandise,0.5766,0.6216
2996,chasser,0.5766,0.5746
2997,parole,0.5766,0.6226
2998,qu'ensuite,0.5766,0.6467
2999,l'exclusion,0.5765,0.5499
3000,suivante,0.5765,0.5133
3001,cou,0.5765,0.5841
3002,prefet,0.5765,0.6412
3003,deman,0.5765,0.5821
3004,valablement,0.5765,0.5184
3005,choisie,0.5765,0.6093
3006,membres,0.5764,0.6297
3007,d'honneur,0.5764,0.6013
3008,noce,0.5763,0.6102
3009,lel,0.5763,0.6211
3010,irlande,0.5763,0.5626
3011,lentement,0.5763,0.5652
3012,absent,0.5762,0.6274
3013,omme,0.5762,0.6654
3014,enfance,0.5761,0.5628
3015,noces,0.5761,0.5729
3016,jets,0.5761,0.5753
3017,devoirs,0.5761,0.5991
3018,arrivez,0.5761,0.4779
3019,perfe,0.5760,0.5863
3020,sauve,0.5760,0.5671
3021,tré,0.5760,0.5756
3022,redoutable,0.5760,0.5231
3023,etoiles,0.5760,0.4949
3024,dernier,0.5759,0.5898
3025,bornée,0.5759,0.5928
3026,eg,0.5758,0.5435
3027,tité,0.5758,0.5829
3028,furieuse,0.5757,0.4888
3029,interdite,0.5757,0.6962
3030,cornue,0.5757,0.7162
3031,pitié,0.5757,0.6220
3032,fiir,0.5756,0.6091
3033,d'exercice,0.5756,0.6498
3034,alliez,0.5756,0.4507
3035,retournez,0.5756,0.5341
3036,sensibles,0.5756,0.5424
3037,enr,0.5755,0.5958
3038,glace,0.5754,0.5819
3039,str,0.5754,0.6246
3040,vins,0.5754,0.5863
3041,ag,0.5754,0.5354
3042,droiture,0.5754,0.5220
3043,tenue,0.5753,0.5902
3044,dej,0.5753,0.6284
3045,ventre,0.5753,0.5603
3046,pla,0.5753,0.5551
3047,bâtards,0.5753,0.5527
3048,theatre,0.5752,0.5920
3049,romain,0.5752,0.6648
3050,rus,0.5752,0.5329
3051,tousses,0.5751,0.5913
3052,executer,0.5751,0.5717
3053,poules,0.5751,0.4770
3054,xxxiii,0.5751,0.4824
3055,sage,0.5751,0.6017
3056,quittant,0.5751,0.6362
3057,ices,0.5750,0.5556
3058,penses,0.5750,0.5840
3059,camp,0.5750,0.5257
3060,maligne,0.5749,0.5572
3061,bor,0.5749,0.5761
3062,aliénation,0.5749,0.5010
3063,frontière,0.5748,0.6543
3064,unt,0.5748,0.6080
3065,prisonnier,0.5747,0.5650
3066,serpent,0.5747,0.5502
3067,basses,0.5747,0.5212
3068,confondu,0.5746,0.5665
3069,oe,0.5746,0.5887
3070,député,0.5746,0.4615
3071,curieuses,0.5746,0.5429
3072,s'éleva,0.5745,0.6168
3073,reliefs,0.5744,0.6419
3074,campagnes,0.5744,0.4774
3075,ennuyeux,0.5744,0.6310
3076,demeurez,0.5743,0.5185
3077,roidir,0.5743,0.5365
3078,enjoint,0.5743,0.5269
3079,pure,0.5742,0.5911
3080,rat,0.5742,0.5749
3081,l'intrigue,0.5742,0.6062
3082,coni,0.5742,0.5812
3083,prote,0.5741,0.5639
3084,proprio,0.5741,0.5481
3085,perpétuité,0.5741,0.5198
3086,inquit,0.5740,0.4309
3087,l'académie,0.5740,0.5019
3088,perit,0.5739,0.6093
3089,proposoit,0.5739,0.5702
3090,place,0.5738,0.5943
3091,engagemens,0.5738,0.5509
3092,presence,0.5738,0.4855
3093,sea,0.5738,0.6346
3094,dam,0.5737,0.5902
3095,additions,0.5737,0.4515
3096,l'expérience,0.5737,0.5017
3097,saxe,0.5736,0.5248
3098,exige,0.5736,0.5867
3099,dà,0.5736,0.6320
3100,fantaisie,0.5736,0.6117
3101,harangues,0.5735,0.5113
3102,populaires,0.5735,0.5359
3103,vaillance,0.5734,0.5702
3104,tar,0.5734,0.6188
3105,opposé,0.5733,0.5586
3106,uniquement,0.5733,0.5154
3107,finement,0.5733,0.6484
3108,l'humilité,0.5732,0.5908
3109,tent,0.5731,0.5230
3110,proposée,0.5731,0.6089
3111,plain,0.5731,0.6394
3112,honneurs,0.5731,0.4780
3113,volontairement,0.5730,0.5392
3114,dio,0.5729,0.5614
3115,rient,0.5728,0.6066
3116,s'appelle,0.5728,0.5654
3117,cesar,0.5728,0.5051
3118,s'élevent,0.5728,0.5106
3119,jouer,0.5727,0.5636
3120,priez,0.5727,0.6635
3121,d'ai,0.5726,0.6262
3122,lorf,0.5726,0.6243
3123,magni,0.5726,0.5040
3124,trinité,0.5726,0.5289
3125,sertilité,0.5724,0.6038
3126,besoin,0.5724,0.6144
3127,irrite,0.5723,0.5855
3128,riers,0.5723,0.5803
3129,bonjour,0.5723,0.4964
3130,spirituel,0.5723,0.5362
3131,iue,0.5722,0.5754
3132,consequences,0.5722,0.5666
3133,l'avertir,0.5722,0.6445
3134,seindre,0.5721,0.6260
3135,tio,0.5721,0.5102
3136,multi,0.5720,0.5364
3137,rier,0.5719,0.6020
3138,ccttc,0.5719,0.6246
3139,etl,0.5718,0.4694
3140,muet,0.5718,0.5904
3141,ardens,0.5718,0.5371
3142,dela,0.5718,0.6408
3143,sieges,0.5718,0.4384
3144,interêts,0.5718,0.5449
3145,avantageuse,0.5718,0.5922
3146,noient,0.5717,0.4728
3147,survient,0.5716,0.5269
3148,sages,0.5715,0.5494
3149,sentant,0.5715,0.5806
3150,maine,0.5714,0.5827
3151,hardis,0.5714,0.5324
3152,ibidem,0.5714,0.6902
3153,couper,0.5714,0.5192
3154,obstacles,0.5714,0.5062
3155,points,0.5713,0.4936
3156,meil,0.5713,0.5609
3157,goût,0.5713,0.5850
3158,conde,0.5712,0.5783
3159,familier,0.5711,0.6111
3160,din,0.5711,0.5827
3161,por,0.5711,0.6629
3162,polies,0.5710,0.5399
3163,profonds,0.5709,0.5189
3164,inclination,0.5709,0.5710
3165,diversement,0.5709,0.6008
3166,arpent,0.5709,0.5747
3167,commander,0.5709,0.5910
3168,mêlé,0.5707,0.5480
3169,noeuds,0.5707,0.5289
3170,l'i,0.5706,0.6324
3171,tur,0.5706,0.5351
3172,ok,0.5706,0.5455
3173,cene,0.5705,0.5569
3174,file,0.5704,0.5944
3175,vir,0.5704,0.6381
3176,apparent,0.5704,0.5811
3177,bailler,0.5704,0.4650
3178,experience,0.5704,0.5420
3179,foudres,0.5704,0.5795
3180,leu,0.5704,0.6436
3181,jalousie,0.5703,0.4744
3182,futur,0.5703,0.6199
3183,git,0.5703,0.6369
3184,emprunt,0.5703,0.6658
3185,louage,0.5703,0.5722
3186,deli,0.5703,0.6548
3187,convienne,0.5703,0.5491
3188,triomphe,0.5703,0.5536
3189,recettes,0.5702,0.4731
3190,souffrit,0.5702,0.5785
3191,tienne,0.5702,0.5977
3192,juil,0.5702,0.5627
3193,compo,0.5701,0.6425
3194,tournent,0.5701,0.5453
3195,hoirs,0.5701,0.4810
3196,scel,0.5701,0.5532
3197,habitans,0.5700,0.5739
3198,occupé,0.5700,0.6095
3199,gardoient,0.5700,0.5687
3200,vivez,0.5699,0.4913
3201,coins,0.5699,0.4762
3202,d'alexandre,0.5699,0.5177
3203,propo,0.5699,0.6000
3204,salé,0.5699,0.5071
3205,rous,0.5699,0.5932
3206,cin,0.5698,0.5715
3207,oeil,0.5698,0.6258
3208,fixer,0.5698,0.5267
3209,anciennes,0.5698,0.5723
3210,ale,0.5698,0.6149
3211,cont,0.5697,0.5710
3212,ministre,0.5697,0.4777
3213,fonr,0.5696,0.4871
3214,naître,0.5695,0.5335
3215,gouverne,0.5695,0.5288
3216,luy,0.5695,0.4450
3217,lancer,0.5695,0.5906
3218,soutenu,0.5695,0.5668
3219,relevée,0.5694,0.5072
3220,qu'avoit,0.5694,0.6126
3221,rétablis,0.5694,0.4896
3222,tos,0.5693,0.5136
3223,liqueurs,0.5693,0.4959
3224,rein,0.5693,0.6132
3225,mises,0.5692,0.5396
3226,successions,0.5692,0.5105
3227,d'heure,0.5692,0.6114
3228,poit,0.5691,0.6184
3229,clarté,0.5691,0.5194
3230,procuration,0.5691,0.5505
3231,languir,0.5690,0.5914
3232,médiocres,0.5690,0.6365
3233,fac,0.5690,0.5359
3234,connoissances,0.5687,0.5189
3235,chré,0.5687,0.5880
3236,nie,0.5686,0.5688
3237,rais,0.5685,0.6229
3238,ôtent,0.5685,0.5868
3239,c'étoient,0.5684,0.5982
3240,gain,0.5684,0.5579
3241,interrompu,0.5683,0.6598
3242,relation,0.5683,0.6017
3243,suivra,0.5683,0.6171
3244,seigneurie,0.5683,0.5151
3245,cid,0.5682,0.6337
3246,comprises,0.5682,0.5293
3247,noblesse,0.5682,0.5586
3248,multiplié,0.5682,0.6398
3249,colombe,0.5681,0.5540
3250,iais,0.5681,0.6726
3251,gez,0.5680,0.6133
3252,vues,0.5679,0.4933
3253,appercevoir,0.5679,0.6086
3254,susceptibles,0.5679,0.5632
3255,ref,0.5679,0.6584
3256,appartenans,0.5678,0.5529
3257,gui,0.5677,0.5832
3258,séance,0.5676,0.6775
3259,rachat,0.5676,0.6331
3260,d'achever,0.5676,0.6240
3261,poussiere,0.5675,0.4846
3262,comp,0.5675,0.5812
3263,possede,0.5675,0.5801
3264,enfuirez,0.5675,0.6175
3265,cue,0.5675,0.6262
3266,ordonnées,0.5674,0.5367
3267,diable,0.5674,0.7132
3268,interrompre,0.5673,0.6088
3269,rio,0.5673,0.5322
3270,ardeur,0.5672,0.4741
3271,éclaircir,0.5671,0.5527
3272,trahi,0.5671,0.5267
3273,l'acte,0.5670,0.5325
3274,vai,0.5670,0.4826
3275,refont,0.5669,0.5630
3276,prêter,0.5669,0.5934
3277,vice,0.5668,0.5893
3278,pourvoir,0.5668,0.6104
3279,vinées,0.5668,0.5790
3280,reduit,0.5667,0.5257
3281,jouissance,0.5667,0.5502
3282,oint,0.5667,0.5785
3283,trafiquer,0.5666,0.6187
3284,coa,0.5666,0.6032
3285,matelot,0.5666,0.5796
3286,chaleurs,0.5665,0.5046
3287,memoire,0.5665,0.4990
3288,inviolable,0.5665,0.4865
3289,étrangere,0.5665,0.4890
3290,rhodes,0.5665,0.5140
3291,nim,0.5665,0.5390
3292,l'an,0.5665,0.4781
3293,remuer,0.5664,0.5302
3294,l'orage,0.5664,0.5330
3295,av,0.5664,0.6267
3296,nec,0.5664,0.5529
3297,l'obéissance,0.5664,0.5526
3298,d'al,0.5663,0.6025
3299,cetter,0.5663,0.5665
3300,l'exemple,0.5662,0.6077
3301,villiers,0.5662,0.5765
3302,infinite,0.5662,0.6316
3303,l's,0.5662,0.5765
3304,métiers,0.5661,0.6514
3305,aà,0.5661,0.6181
3306,robert,0.5661,0.4946
3307,peinture,0.5661,0.5599
3308,lec,0.5660,0.5860
3309,ion,0.5659,0.5555
3310,s'exprimer,0.5658,0.6156
3311,culte,0.5658,0.5310
3312,liir,0.5658,0.5904
3313,travailler,0.5658,0.5041
3314,prédit,0.5657,0.5750
3315,compagnon,0.5657,0.5341
3316,attentivement,0.5656,0.5842
3317,contenant,0.5655,0.6198
3318,pertes,0.5655,0.5110
3319,cage,0.5655,0.5652
3320,exacte,0.5655,0.5013
3321,rempli,0.5654,0.4955
3322,couvrent,0.5654,0.5040
3323,énorme,0.5654,0.5667
3324,post,0.5653,0.4846
3325,perfides,0.5653,0.4554
3326,augment,0.5653,0.5859
3327,carthage,0.5653,0.6229
3328,brûler,0.5652,0.5746
3329,messe,0.5651,0.5169
3330,oti,0.5651,0.5957
3331,foibles,0.5651,0.5608
3332,pace,0.5651,0.5388
3333,successeur,0.5651,0.4696
3334,pretend,0.5651,0.4942
3335,croix,0.5650,0.5460
3336,particul,0.5649,0.5627
3337,serrer,0.5649,0.5816
3338,cable,0.5649,0.6236
3339,toures,0.5648,0.4779
3340,igne,0.5648,0.5346
3341,menez,0.5647,0.6546
3342,tailles,0.5647,0.5661
3343,pio,0.5646,0.5202
3344,gallicane,0.5646,0.6006
3345,tendant,0.5645,0.6046
3346,pleine,0.5645,0.5991
3347,prévaloir,0.5644,0.4764
3348,dv,0.5644,0.5261
3349,prévu,0.5644,0.5771
3350,tiens,0.5644,0.5774
3351,quan,0.5644,0.5963
3352,ann,0.5643,0.6171
3353,cclle,0.5643,0.5951
3354,paysan,0.5643,0.5063
3355,visible,0.5643,0.5460
3356,l'enfer,0.5642,0.5774
3357,singulier,0.5642,0.5624
3358,gouverner,0.5642,0.5855
3359,jufle,0.5641,0.5595
3360,engage,0.5640,0.5970
3361,d'horreur,0.5640,0.5488
3362,venant,0.5640,0.5743
3363,retenue,0.5639,0.5386
3364,l'intérieur,0.5639,0.5049
3365,loire,0.5639,0.5220
3366,coi,0.5639,0.5532
3367,l'homme,0.5638,0.6075
3368,suivirent,0.5638,0.5828
3369,circonstances,0.5638,0.4993
3370,uf,0.5638,0.5732
3371,venire,0.5638,0.4773
3372,queles,0.5637,0.5144
3373,fere,0.5637,0.6330
3374,fir,0.5636,0.5895
3375,laif,0.5636,0.6298
3376,peri,0.5635,0.5779
3377,représenter,0.5635,0.5734
3378,orient,0.5635,0.5992
3379,rebelle,0.5634,0.5977
3380,aa,0.5634,0.5996
3381,gueres,0.5633,0.3423
3382,d'ame,0.5633,0.5716
3383,more,0.5633,0.5398
3384,vires,0.5633,0.4969
3385,cara,0.5633,0.5818
3386,complice,0.5633,0.4876
3387,chaffer,0.5632,0.5201
3388,sz,0.5632,0.5659
3389,aver,0.5632,0.6129
3390,profita,0.5632,0.6152
3391,véritable,0.5631,0.5133
3392,ifs,0.5631,0.5908
3393,choisit,0.5631,0.4902
3394,abondamment,0.5631,0.6033
3395,demeurant,0.5631,0.5017
3396,flûte,0.5630,0.5350
3397,imaginaire,0.5630,0.5650
3398,jar,0.5630,0.5519
3399,quer,0.5630,0.5975
3400,pati,0.5630,0.4508
3401,regret,0.5630,0.5041
3402,douces,0.5629,0.5393
3403,rouleau,0.5629,0.5078
3404,juda,0.5628,0.5398
3405,lyre,0.5628,0.6245
3406,audace,0.5628,0.4862
3407,galles,0.5627,0.5729
3408,od,0.5625,0.5833
3409,grosses,0.5625,0.5416
3410,dau,0.5624,0.5642
3411,demeurée,0.5623,0.5352
3412,éc,0.5623,0.6622
3413,rations,0.5622,0.4774
3414,compagnies,0.5622,0.6016
3415,niais,0.5622,0.6762
3416,tin,0.5622,0.5808
3417,savons,0.5621,0.4266
3418,atre,0.5621,0.5624
3419,qu'avez,0.5621,0.4754
3420,cenfure,0.5620,0.5283
3421,saisit,0.5620,0.5383
3422,paru,0.5620,0.5166
3423,coure,0.5620,0.6720
3424,bai,0.5620,0.5531
3425,montfort,0.5619,0.5102
3426,fp,0.5619,0.5351
3427,cen,0.5619,0.5771
3428,l'innocence,0.5618,0.4952
3429,signi,0.5618,0.5709
3430,saturne,0.5618,0.4922
3431,sal,0.5618,0.6543
3432,gne,0.5618,0.6164
3433,d'ef,0.5618,0.6143
3434,profondément,0.5618,0.5607
3435,tutelles,0.5618,0.5895
3436,payera,0.5618,0.4343
3437,violens,0.5617,0.5595
3438,xiv,0.5617,0.6528
3439,recommander,0.5617,0.6383
3440,blesser,0.5616,0.5727
3441,protecteur,0.5616,0.6281
3442,fauve,0.5616,0.6025
3443,pareil,0.5616,0.6451
3444,tet,0.5615,0.5525
3445,plonger,0.5615,0.5986
3446,aires,0.5615,0.6330
3447,cll,0.5614,0.5701
3448,d'eglise,0.5614,0.5366
3449,profitant,0.5613,0.5685
3450,here,0.5612,0.4443
3451,l'avis,0.5612,0.5486
3452,gouvernée,0.5612,0.5635
3453,lci,0.5611,0.5139
3454,toison,0.5610,0.5033
3455,tentation,0.5610,0.5685
3456,enseignes,0.5610,0.5960
3457,prifes,0.5610,0.5653
3458,connaît,0.5609,0.5054
3459,visiter,0.5609,0.5754
3460,jouissent,0.5609,0.5758
3461,tois,0.5608,0.5251
3462,ibid,0.5608,0.6292
3463,étourdi,0.5607,0.5079
3464,remporté,0.5607,0.5727
3465,vingts,0.5607,0.4559
3466,éclatante,0.5607,0.5414
3467,chez,0.5607,0.5998
3468,dat,0.5606,0.5729
3469,pairie,0.5606,0.5745
3470,plaisante,0.5606,0.4860
3471,beaux,0.5606,0.5446
3472,quartier,0.5606,0.5925
3473,basse,0.5606,0.5786
3474,yo,0.5605,0.5712
3475,trouvées,0.5605,0.5148
3476,formidable,0.5605,0.6059
3477,gagner,0.5604,0.5364
3478,sorte,0.5604,0.5205
3479,imparfaite,0.5604,0.5936
3480,resente,0.5604,0.5203
3481,aveugles,0.5604,0.5750
3482,taille,0.5603,0.6410
3483,patriarche,0.5602,0.5347
3484,ès,0.5602,0.5298
3485,possesseur,0.5602,0.6364
3486,pius,0.5602,0.5973
3487,qle,0.5602,0.5831
3488,vertueux,0.5599,0.5664
3489,chagrine,0.5599,0.5359
3490,reprenant,0.5599,0.6021
3491,stes,0.5599,0.5656
3492,pratiqué,0.5598,0.5318
3493,respirer,0.5598,0.6559
3494,informe,0.5597,0.5994
3495,inscription,0.5597,0.5232
3496,monnoye,0.5597,0.6546
3497,piéce,0.5596,0.3565
3498,lumineux,0.5596,0.5772
3499,arrêté,0.5596,0.5377
3500,right,0.5596,0.3911
3501,rendoient,0.5596,0.5607
3502,recueillir,0.5596,0.5362
3503,superieurs,0.5595,0.5197
3504,dialogues,0.5595,0.5028
3505,changé,0.5595,0.6234
3506,veilles,0.5595,0.5278
3507,j'entre,0.5595,0.5604
3508,fouiller,0.5594,0.6516
3509,convertir,0.5594,0.5845
3510,relâche,0.5594,0.5150
3511,denier,0.5593,0.5415
3512,cyrus,0.5593,0.5395
3513,jettez,0.5593,0.5391
3514,jugée,0.5592,0.5945
3515,prévenus,0.5592,0.5017
3516,fonte,0.5592,0.6065
3517,fain,0.5591,0.5945
3518,trait,0.5591,0.6231
3519,xo,0.5591,0.5198
3520,jur,0.5591,0.6035
3521,jes,0.5590,0.5899
3522,destiné,0.5590,0.5759
3523,tirant,0.5590,0.5536
3524,vouloir,0.5589,0.5925
3525,quie,0.5589,0.5593
3526,tirées,0.5589,0.5754
3527,distinguent,0.5588,0.5324
3528,puisqu,0.5588,0.6648
3529,iel,0.5588,0.5434
3530,pluton,0.5588,0.6059
3531,indirectement,0.5587,0.5444
3532,enc,0.5587,0.5905
3533,tombera,0.5587,0.5307
3534,bâtons,0.5587,0.4596
3535,ordon,0.5587,0.6319
3536,l'anglois,0.5587,0.5113
3537,l'as,0.5586,0.4656
3538,rout,0.5586,0.6485
3539,consentir,0.5586,0.5102
3540,doucement,0.5586,0.5946
3541,canada,0.5586,0.5370
3542,filet,0.5585,0.5435
3543,reconnoissances,0.5585,0.6747
3544,quiconque,0.5585,0.5783
3545,mandemens,0.5585,0.5633
3546,silence,0.5584,0.6499
3547,elr,0.5584,0.6116
3548,iii,0.5584,0.6084
3549,expier,0.5583,0.4832
3550,dixieme,0.5583,0.5957
3551,cre,0.5582,0.6026
3552,gal,0.5582,0.4911
3553,arbitre,0.5582,0.5370
3554,l'officier,0.5581,0.6275
3555,demeura,0.5580,0.4637
3556,ane,0.5580,0.5892
3557,conférence,0.5579,0.6322
3558,rme,0.5579,0.6423
3559,retrancher,0.5579,0.6181
3560,révolte,0.5578,0.5450
3561,changement,0.5578,0.6243
3562,achille,0.5578,0.5466
3563,noms,0.5577,0.5720
3564,scie,0.5576,0.5302
3565,n'empêche,0.5575,0.5302
3566,admiration,0.5575,0.5715
3567,intrigue,0.5575,0.4671
3568,éternelles,0.5575,0.6187
3569,danis,0.5575,0.5800
3570,mores,0.5574,0.5708
3571,jésuites,0.5574,0.5890
3572,changes,0.5574,0.6018
3573,importe,0.5573,0.5636
3574,providence,0.5572,0.5061
3575,ourles,0.5572,0.5241
3576,aveu,0.5572,0.4983
3577,iî,0.5571,0.5755
3578,quis,0.5571,0.5866
3579,égalité,0.5571,0.4903
3580,oracle,0.5571,0.4443
3581,d'acier,0.5571,0.5679
3582,genes,0.5570,0.3989
3583,navarre,0.5569,0.4670
3584,able,0.5569,0.5623
3585,fameux,0.5569,0.5164
3586,employa,0.5569,0.5576
3587,caractere,0.5568,0.5030
3588,galante,0.5567,0.6397
3589,scaliger,0.5567,0.4974
3590,conc,0.5567,0.5658
3591,précieux,0.5566,0.6167
3592,remontrances,0.5566,0.5299
3593,mazarin,0.5566,0.5295
3594,particuliers,0.5566,0.5400
3595,gratis,0.5565,0.5514
3596,l'épaisseur,0.5565,0.5363
3597,d'années,0.5565,0.6229
3598,mission,0.5565,0.5224
3599,exemple,0.5565,0.5466
3600,déchiré,0.5565,0.5643
3601,renonciation,0.5564,0.5032
3602,données,0.5564,0.5526
3603,cessez,0.5564,0.5457
3604,garantie,0.5563,0.5350
3605,satisfaits,0.5563,0.5135
3606,l'unique,0.5563,0.5770
3607,catholique,0.5562,0.5426
3608,maternel,0.5562,0.5468
3609,creux,0.5562,0.5042
3610,riez,0.5561,0.4634
3611,chefs,0.5561,0.5060
3612,senti,0.5560,0.6243
3613,ration,0.5559,0.5906
3614,your,0.5559,0.4032
3615,laquelle,0.5558,0.4995
3616,perde,0.5558,0.5840
3617,ouvertures,0.5558,0.4587
3618,ben,0.5557,0.5890
3619,bouc,0.5557,0.5031
3620,maintenu,0.5557,0.5737
3621,renversé,0.5557,0.5290
3622,inte,0.5557,0.6277
3623,office,0.5556,0.5102
3624,présentation,0.5555,0.6412
3625,odeurs,0.5555,0.5800
3626,gu,0.5555,0.5043
3627,éternels,0.5555,0.5316
3628,qte,0.5554,0.6706
3629,pe,0.5553,0.6674
3630,éta,0.5552,0.5739
3631,ravoir,0.5552,0.7127
3632,s'avance,0.5550,0.5696
3633,necessaire,0.5550,0.5691
3634,comprens,0.5549,0.4311
3635,mérité,0.5549,0.5240
3636,l'entretien,0.5548,0.6752
3637,traitre,0.5548,0.6717
3638,fâcheux,0.5548,0.5500
3639,représentation,0.5548,0.4605
3640,jurer,0.5548,0.6296
3641,discussion,0.5547,0.5781
3642,seins,0.5547,0.5820
3643,truffe,0.5547,0.5496
3644,nor,0.5546,0.6140
3645,icelui,0.5546,0.4094
3646,tare,0.5545,0.5770
3647,these,0.5545,0.4375
3648,fia,0.5544,0.5471
3649,restituer,0.5544,0.5600
3650,arrangement,0.5544,0.5568
3651,françoises,0.5544,0.5370
3652,gentil,0.5543,0.5443
3653,qlue,0.5543,0.6211
3654,l'oi,0.5543,0.6676
3655,utre,0.5543,0.6220
3656,opposés,0.5542,0.4979
3657,l'appui,0.5542,0.5735
3658,figné,0.5541,0.4565
3659,égales,0.5541,0.5802
3660,s'é,0.5541,0.5875
3661,provenant,0.5540,0.4870
3662,longe,0.5540,0.5269
3663,commissaire,0.5540,0.4847
3664,totalement,0.5539,0.5812
3665,s'accorder,0.5539,0.5944
3666,jurisprudence,0.5538,0.5570
3667,tota,0.5537,0.4740
3668,l'injure,0.5536,0.5522
3669,existence,0.5536,0.4996
3670,lre,0.5536,0.5344
3671,césar,0.5535,0.4805
3672,ieur,0.5535,0.6201
3673,l'observation,0.5535,0.5264
3674,guerre,0.5535,0.5792
3675,moin,0.5535,0.6600
3676,ressorts,0.5535,0.5303
3677,satisfaction,0.5535,0.5113
3678,d'aimer,0.5534,0.6313
3679,distin,0.5534,0.6333
3680,ov,0.5534,0.4755
3681,permission,0.5534,0.5429
3682,noire,0.5533,0.4602
3683,bride,0.5533,0.6642
3684,tranche,0.5533,0.5875
3685,ié,0.5532,0.5744
3686,enl,0.5532,0.6239
3687,infâme,0.5532,0.5426
3688,l'amirauté,0.5532,0.5384
3689,étrangement,0.5532,0.6160
3690,leçon,0.5532,0.5710
3691,eas,0.5531,0.4896
3692,partages,0.5531,0.6012
3693,mineur,0.5531,0.4570
3694,qu'l,0.5530,0.6449
3695,particulierement,0.5530,0.5771
3696,figure,0.5530,0.5183
3697,d'expliquer,0.5530,0.5999
3698,one,0.5529,0.4781
3699,fal,0.5529,0.6612
3700,parade,0.5529,0.5461
3701,menu,0.5528,0.5179
3702,vellent,0.5527,0.5787
3703,mortelle,0.5527,0.4756
3704,fâcher,0.5527,0.5414
3705,som,0.5527,0.6046
3706,c'e,0.5527,0.5559
3707,royaumes,0.5527,0.5368
3708,qu'e,0.5526,0.6256
3709,raisonne,0.5525,0.5866
3710,fatigué,0.5525,0.6077
3711,epouse,0.5524,0.4631
3712,sureté,0.5524,0.4533
3713,examiné,0.5524,0.5020
3714,grammaire,0.5523,0.5434
3715,perc,0.5523,0.4566
3716,consulat,0.5522,0.4389
3717,charité,0.5522,0.4794
3718,qu'ici,0.5521,0.5725
3719,bin,0.5520,0.5807
3720,d'ordinaire,0.5520,0.5239
3721,lettres,0.5520,0.6174
3722,l'orgueil,0.5519,0.5037
3723,polir,0.5518,0.5791
3724,dunkerque,0.5518,0.5194
3725,cultive,0.5517,0.5237
3726,légers,0.5516,0.5950
3727,offices,0.5516,0.5435
3728,couru,0.5516,0.5259
3729,pluie,0.5515,0.5806
3730,err,0.5515,0.6229
3731,cotes,0.5514,0.4554
3732,edi,0.5514,0.5812
3733,oreilles,0.5514,0.5056
3734,seau,0.5514,0.5175
3735,polie,0.5514,0.5265
3736,ténèbres,0.5514,0.5750
3737,présumer,0.5514,0.6217
3738,lile,0.5513,0.6074
3739,chrétien,0.5513,0.5315
3740,convint,0.5513,0.5943
3741,délicates,0.5513,0.5023
3742,piquant,0.5513,0.5781
3743,bienséance,0.5513,0.5004
3744,ronces,0.5512,0.5384
3745,flammes,0.5512,0.4836
3746,décision,0.5512,0.5074
3747,pin,0.5511,0.5446
3748,conta,0.5511,0.4833
3749,orgueil,0.5511,0.4994
3750,convoquer,0.5510,0.5793
3751,sein,0.5510,0.5142
3752,harangue,0.5509,0.5626
3753,ena,0.5509,0.5849
3754,sains,0.5509,0.5839
3755,aire,0.5509,0.5971
3756,contrat,0.5508,0.5002
3757,vol,0.5508,0.5814
3758,pompeux,0.5507,0.5395
3759,dcc,0.5507,0.4482
3760,jolies,0.5506,0.5405
3761,barbe,0.5505,0.5296
3762,jf,0.5504,0.5558
3763,fra,0.5504,0.5643
3764,tentations,0.5504,0.5118
3765,marquées,0.5504,0.5259
3766,ouest,0.5504,0.5440
3767,uri,0.5503,0.6360
3768,assuré,0.5503,0.5167
3769,purifier,0.5503,0.5777
3770,uni,0.5503,0.5956
3771,docteur,0.5502,0.4677
3772,couler,0.5502,0.5415
3773,cei,0.5502,0.5608
3774,importun,0.5502,0.5582
3775,domi,0.5502,0.5115
3776,gard,0.5501,0.5647
3777,malins,0.5501,0.5656
3778,sp,0.5501,0.5753
3779,obéissance,0.5501,0.4258
3780,mini,0.5501,0.5226
3781,cis,0.5500,0.5597
3782,campa,0.5500,0.5880
3783,mensonge,0.5500,0.5884
3784,defense,0.5500,0.5356
3785,q'il,0.5500,0.5715
3786,erat,0.5499,0.5137
3787,accoutumée,0.5499,0.5902
3788,fiel,0.5498,0.5472
3789,pg,0.5498,0.6403
3790,allemand,0.5498,0.5657
3791,om,0.5497,0.5401
3792,nit,0.5497,0.5857
3793,sexes,0.5496,0.5276
3794,publia,0.5496,0.5942
3795,appartiendra,0.5495,0.4470
3796,prix,0.5495,0.5636
3797,l'union,0.5495,0.5784
3798,abominable,0.5495,0.6154
3799,societé,0.5494,0.4708
3800,vel,0.5494,0.5924
3801,effet,0.5494,0.5956
3802,tte,0.5494,0.5313
3803,jura,0.5493,0.4339
3804,l'ami,0.5493,0.5512
3805,carlos,0.5493,0.5335
3806,sortoit,0.5492,0.5434
3807,quintal,0.5492,0.4635
3808,mylord,0.5492,0.5859
3809,bile,0.5492,0.5715
3810,piu,0.5492,0.5444
3811,seconds,0.5492,0.5529
3812,noël,0.5492,0.4858
3813,égaux,0.5491,0.4260
3814,sortie,0.5491,0.5793
3815,ats,0.5491,0.5024
3816,travaillant,0.5491,0.6073
3817,og,0.5490,0.5621
3818,samuel,0.5490,0.5466
3819,mutuelle,0.5490,0.5249
3820,mi,0.5490,0.5929
3821,dais,0.5490,0.5172
3822,poui,0.5490,0.6264
3823,fermez,0.5489,0.5787
3824,l'amiral,0.5489,0.5682
3825,chai,0.5489,0.6075
3826,étendus,0.5489,0.6563
3827,s'attacha,0.5489,0.5962
3828,imprimées,0.5488,0.5535
3829,moeurs,0.5488,0.5334
3830,avantageuses,0.5488,0.5505
3831,chantent,0.5488,0.5373
3832,d'orléans,0.5487,0.5454
3833,cv,0.5487,0.5880
3834,recouvrement,0.5487,0.4965
3835,domination,0.5487,0.6108
3836,commandeur,0.5487,0.5284
3837,retournent,0.5487,0.4986
3838,infinies,0.5487,0.5556
3839,reglé,0.5486,0.4887
3840,parmi,0.5486,0.5426
3841,espagnole,0.5486,0.5214
3842,oli,0.5485,0.6022
3843,rebut,0.5484,0.6299
3844,conformité,0.5484,0.5302
3845,succession,0.5483,0.5208
3846,l'honnêteté,0.5483,0.5741
3847,revêtu,0.5483,0.5250
3848,aider,0.5483,0.5199
3849,fec,0.5482,0.5451
3850,déposer,0.5482,0.5323
3851,ap,0.5482,0.5844
3852,bc,0.5482,0.5826
3853,laise,0.5482,0.4861
3854,sauva,0.5481,0.5763
3855,gt,0.5480,0.4703
3856,d'accorder,0.5479,0.6108
3857,mei,0.5478,0.5061
3858,charpentiers,0.5477,0.5506
3859,estime,0.5477,0.5195
3860,confiant,0.5477,0.5153
3861,vant,0.5477,0.6319
3862,soutiens,0.5477,0.4381
3863,toui,0.5476,0.6660
3864,qut,0.5476,0.6008
3865,bailliages,0.5476,0.4145
3866,l'aîné,0.5476,0.5310
3867,sol,0.5476,0.6154
3868,membre,0.5476,0.5036
3869,montans,0.5475,0.4707
3870,frai,0.5475,0.6936
3871,vaste,0.5474,0.5287
3872,cot,0.5474,0.5391
3873,capitation,0.5474,0.5082
3874,commentaire,0.5472,0.5732
3875,tire,0.5472,0.5210
3876,piété,0.5472,0.5070
3877,consentement,0.5472,0.5133
3878,antoine,0.5471,0.5551
3879,proces,0.5471,0.4669
3880,ennemi,0.5471,0.5608
3881,navi,0.5470,0.5790
3882,turin,0.5470,0.5934
3883,chanté,0.5469,0.6564
3884,temporelles,0.5469,0.5822
3885,bête,0.5469,0.5755
3886,arriver,0.5468,0.5124
3887,prés,0.5468,0.5460
3888,frais,0.5468,0.5948
3889,fort,0.5468,0.4714
3890,dts,0.5467,0.5691
3891,parties,0.5466,0.5602
3892,priai,0.5466,0.5127
3893,auquel,0.5466,0.5191
3894,ccla,0.5466,0.5932
3895,confession,0.5465,0.6440
3896,lauriers,0.5465,0.5314
3897,venin,0.5465,0.5730
3898,foui,0.5465,0.6660
3899,s'engager,0.5465,0.5813
3900,îl,0.5465,0.6111
3901,quelqu'autre,0.5464,0.5568
3902,fonde,0.5464,0.5540
3903,avide,0.5464,0.5259
3904,ote,0.5464,0.6186
3905,judice,0.5462,0.5493
3906,étonnant,0.5462,0.5301
3907,d'alliance,0.5462,0.5937
3908,polr,0.5462,0.5598
3909,pies,0.5462,0.4872
3910,plaisanteries,0.5461,0.4894
3911,off,0.5461,0.5342
3912,tonneaux,0.5461,0.5126
3913,commandemens,0.5461,0.5094
3914,congé,0.5461,0.5150
3915,étranger,0.5461,0.6005
3916,puisqu'ils,0.5460,0.5525
3917,exquis,0.5460,0.4710
3918,suédois,0.5460,0.5144
3919,fréquent,0.5460,0.5637
3920,vans,0.5460,0.6026
3921,nar,0.5459,0.5921
3922,veuve,0.5459,0.4877
3923,eft,0.5459,0.6052
3924,maltraité,0.5459,0.5557
3925,mare,0.5459,0.5370
3926,étroit,0.5459,0.5788
3927,excellent,0.5459,0.4748
3928,composer,0.5459,0.5283
3929,scellé,0.5459,0.4439
3930,avant,0.5458,0.5371
3931,u'on,0.5458,0.6153
3932,ep,0.5458,0.5704
3933,sorbonne,0.5458,0.5479
3934,obtenues,0.5458,0.4434
3935,tendre,0.5457,0.5902
3936,transporte,0.5457,0.4978
3937,pl,0.5456,0.6289
3938,craindre,0.5456,0.6258
3939,frt,0.5456,0.5845
3940,diversité,0.5456,0.5459
3941,ff,0.5456,0.5650
3942,l'avocat,0.5455,0.5625
3943,rendues,0.5455,0.4278
3944,explique,0.5455,0.5337
3945,ria,0.5455,0.4803
3946,efe,0.5455,0.4322
3947,fontaines,0.5455,0.5366
3948,gravé,0.5455,0.5805
3949,crainte,0.5455,0.5514
3950,s'adressant,0.5455,0.5934
3951,aui,0.5454,0.5715
3952,jusque,0.5453,0.5530
3953,depend,0.5453,0.5577
3954,ving,0.5452,0.4955
3955,officier,0.5452,0.5056
3956,champagne,0.5452,0.5400
3957,teindre,0.5452,0.5204
3958,mour,0.5451,0.5669
3959,unl,0.5451,0.5874
3960,in,0.5451,0.5003
3961,travaux,0.5451,0.5026
3962,vui,0.5450,0.6378
3963,remonter,0.5450,0.5807
3964,communiquer,0.5449,0.5055
3965,eti,0.5449,0.5578
3966,rte,0.5449,0.5384
3967,occa,0.5448,0.6110
3968,parterre,0.5448,0.5670
3969,mauvais,0.5447,0.5445
3970,autoriser,0.5447,0.5574
3971,trône,0.5447,0.5054
3972,qualite,0.5447,0.5102
3973,tete,0.5447,0.5085
3974,proportions,0.5447,0.4645
3975,paro,0.5446,0.5625
3976,parier,0.5445,0.5621
3977,laine,0.5445,0.4251
3978,aiu,0.5445,0.5632
3979,gen,0.5445,0.6460
3980,l'occupation,0.5444,0.6426
3981,tourment,0.5444,0.5037
3982,orne,0.5444,0.5542
3983,mandons,0.5443,0.5211
3984,repond,0.5443,0.5915
3985,salut,0.5443,0.4790
3986,châtier,0.5443,0.5181
3987,d'avance,0.5442,0.5345
3988,meaux,0.5442,0.4612
3989,bouche,0.5442,0.5864
3990,souveraineté,0.5442,0.4835
3991,aujourd'hui,0.5441,0.5125
3992,lb,0.5440,0.6267
3993,his,0.5440,0.5463
3994,et,0.5440,0.3893
3995,tour,0.5440,0.6314
3996,convaincus,0.5440,0.4356
3997,vy,0.5440,0.5445
3998,endormi,0.5439,0.5696
3999,crit,0.5439,0.5075
4000,fiction,0.5439,0.5283
4001,hl,0.5439,0.5312
4002,titre,0.5439,0.6129
4003,nonce,0.5438,0.5292
4004,palatin,0.5438,0.5252
4005,manuscrit,0.5438,0.4888
4006,l'intendant,0.5438,0.5822
4007,tellus,0.5438,0.5292
4008,crée,0.5437,0.5719
4009,nations,0.5437,0.5646
4010,unanimement,0.5436,0.6876
4011,d'entendre,0.5436,0.5971
4012,l'approbation,0.5436,0.4833
4013,ious,0.5436,0.5535
4014,sit,0.5435,0.5677
4015,naissant,0.5434,0.5566
4016,liez,0.5434,0.5034
4017,seules,0.5434,0.5652
4018,eat,0.5434,0.5368
4019,excellens,0.5434,0.4964
4020,nice,0.5433,0.5885
4021,lef,0.5433,0.5990
4022,aure,0.5433,0.6018
4023,sens,0.5433,0.5845
4024,dains,0.5433,0.6224
4025,meuble,0.5432,0.5523
4026,relevé,0.5432,0.5109
4027,boule,0.5432,0.5126
4028,ofi,0.5431,0.5913
4029,grave,0.5431,0.5169
4030,s'attirer,0.5431,0.5041
4031,pleure,0.5431,0.5662
4032,poi,0.5431,0.5505
4033,rivaux,0.5431,0.4460
4034,l'abri,0.5430,0.4891
4035,d'aristote,0.5429,0.4564
4036,terre,0.5429,0.6076
4037,réservé,0.5429,0.5840
4038,chevaliers,0.5428,0.5480
4039,lair,0.5428,0.6232
4040,cultivé,0.5428,0.6026
4041,placez,0.5427,0.5617
4042,troupeau,0.5427,0.5470
4043,dignité,0.5427,0.5219
4044,gracieux,0.5427,0.5360
4045,pensions,0.5427,0.4597
4046,appas,0.5427,0.4604
4047,parfaire,0.5427,0.6738
4048,dixme,0.5427,0.5190
4049,l'absence,0.5426,0.5409
4050,tui,0.5425,0.5138
4051,morceau,0.5425,0.5288
4052,cedent,0.5425,0.5475
4053,encourage,0.5425,0.4684
4054,quae,0.5425,0.4975
4055,re,0.5425,0.6364
4056,rest,0.5425,0.6611
4057,comparant,0.5424,0.5660
4058,lots,0.5424,0.5389
4059,l'aile,0.5423,0.5244
4060,rai,0.5423,0.4837
4061,adoucir,0.5422,0.5332
4062,promenade,0.5422,0.4643
4063,loca,0.5421,0.4198
4064,chinois,0.5421,0.5075
4065,traversé,0.5421,0.6451
4066,qu'avant,0.5421,0.5087
4067,conte,0.5421,0.5290
4068,lorsqu,0.5421,0.5008
4069,criminels,0.5420,0.5123
4070,tribut,0.5419,0.4297
4071,divertissement,0.5419,0.5020
4072,tro,0.5418,0.5397
4073,gardes,0.5418,0.6068
4074,flot,0.5418,0.5883
4075,hom,0.5417,0.5157
4076,ja,0.5417,0.5725
4077,tice,0.5417,0.5679
4078,aflez,0.5417,0.5315
4079,maris,0.5417,0.4840
4080,d'affaires,0.5416,0.5336
4081,distance,0.5416,0.5551
4082,dépen,0.5416,0.5550
4083,ciment,0.5415,0.5411
4084,profiter,0.5414,0.5272
4085,d'hyver,0.5414,0.4852
4086,enfer,0.5414,0.5725
4087,proserpine,0.5413,0.4846
4088,nio,0.5412,0.5104
4089,prodigieux,0.5412,0.4834
4090,décrire,0.5412,0.5682
4091,celebre,0.5412,0.5000
4092,divine,0.5411,0.5096
4093,douté,0.5411,0.5512
4094,all,0.5411,0.4877
4095,nota,0.5411,0.5629
4096,avare,0.5411,0.5007
4097,menoit,0.5410,0.5354
4098,refusent,0.5410,0.4997
4099,bacchus,0.5410,0.4724
4100,holland,0.5410,0.5581
4101,ure,0.5409,0.5739
4102,niveau,0.5409,0.4897
4103,l'n,0.5409,0.5902
4104,sérieuse,0.5409,0.5366
4105,ides,0.5408,0.6006
4106,volontés,0.5408,0.4539
4107,fom,0.5407,0.5191
4108,ze,0.5407,0.5720
4109,dominant,0.5407,0.6313
4110,monarchie,0.5407,0.5218
4111,semblable,0.5407,0.6522
4112,resolu,0.5406,0.4511
4113,condamnent,0.5406,0.4798
4114,ice,0.5405,0.5270
4115,cercle,0.5405,0.4960
4116,précisément,0.5405,0.5408
4117,saie,0.5404,0.6824
4118,admirable,0.5404,0.4497
4119,l'odeur,0.5404,0.5416
4120,entendement,0.5404,0.5910
4121,bayes,0.5404,0.5115
4122,personnages,0.5404,0.5453
4123,exercé,0.5404,0.5249
4124,visite,0.5404,0.5304
4125,cambray,0.5404,0.5003
4126,resentes,0.5402,0.3846
4127,ieu,0.5402,0.5476
4128,ntre,0.5402,0.5859
4129,tristes,0.5402,0.4955
4130,cale,0.5402,0.6155
4131,ava,0.5402,0.6025
4132,arbitres,0.5401,0.5938
4133,arlequin,0.5401,0.4383
4134,pécher,0.5400,0.6012
4135,albert,0.5400,0.5039
4136,monstre,0.5400,0.5285
4137,abattre,0.5399,0.5702
4138,rons,0.5399,0.4736
4139,l'arc,0.5399,0.5456
4140,qu'auparavant,0.5398,0.5683
4141,suivons,0.5398,0.5556
4142,tâché,0.5398,0.4598
4143,égale,0.5398,0.5862
4144,faux,0.5398,0.5872
4145,pratiquée,0.5397,0.5414
4146,s'avisa,0.5397,0.5835
4147,pris,0.5397,0.5382
4148,hardiment,0.5397,0.5701
4149,note,0.5396,0.5189
4150,serve,0.5396,0.5362
4151,l'excès,0.5396,0.5228
4152,affe,0.5395,0.6048
4153,requête,0.5395,0.4840
4154,échapper,0.5394,0.5701
4155,l'entendement,0.5394,0.5005
4156,vécut,0.5393,0.5362
4157,jj,0.5393,0.6192
4158,vuides,0.5393,0.5124
4159,arrets,0.5393,0.4483
4160,exécuter,0.5393,0.4733
4161,das,0.5393,0.5910
4162,close,0.5393,0.6121
4163,veaux,0.5393,0.6026
4164,vf,0.5392,0.6500
4165,audience,0.5392,0.5241
4166,miseres,0.5391,0.4125
4167,confirme,0.5391,0.5629
4168,amiral,0.5391,0.5172
4169,ccl,0.5391,0.5434
4170,sacrés,0.5391,0.5286
4171,prescrire,0.5390,0.5908
4172,requise,0.5390,0.5102
4173,george,0.5390,0.5536
4174,d'ignorance,0.5390,0.5738
4175,vantes,0.5389,0.5487
4176,dicta,0.5389,0.4674
4177,quele,0.5389,0.5833
4178,incomparablement,0.5389,0.6019
4179,corinthe,0.5389,0.5162
4180,coeurs,0.5388,0.5069
4181,quei,0.5388,0.5662
4182,prévôt,0.5388,0.4782
4183,pil,0.5387,0.5620
4184,remédier,0.5387,0.4912
4185,dies,0.5387,0.5353
4186,jul,0.5387,0.6077
4187,origine,0.5386,0.6052
4188,malin,0.5386,0.6269
4189,sièges,0.5385,0.5118
4190,j'appris,0.5385,0.5394
4191,couronne,0.5385,0.5025
4192,interne,0.5385,0.6125
4193,chevre,0.5384,0.5231
4194,naturelle,0.5384,0.5000
4195,s'e,0.5384,0.6288
4196,conjectures,0.5384,0.4655
4197,red,0.5384,0.5354
4198,d'affaire,0.5384,0.5506
4199,pend,0.5383,0.5218
4200,restant,0.5383,0.5814
4201,qu'ai,0.5383,0.5142
4202,quelque,0.5382,0.5053
4203,bandes,0.5382,0.4734
4204,représentant,0.5382,0.5385
4205,rec,0.5381,0.5802
4206,ruelle,0.5381,0.5878
4207,gardant,0.5381,0.6168
4208,dedans,0.5381,0.5243
4209,drs,0.5381,0.5747
4210,coulent,0.5381,0.4484
4211,auri,0.5381,0.4642
4212,aperçu,0.5381,0.4464
4213,méditerranée,0.5380,0.5405
4214,attendent,0.5380,0.5044
4215,ployer,0.5379,0.6212
4216,ligne,0.5378,0.5572
4217,late,0.5378,0.4951
4218,commencer,0.5378,0.6447
4219,diffus,0.5378,0.5972
4220,core,0.5377,0.5107
4221,tonne,0.5377,0.5535
4222,volontaire,0.5377,0.5567
4223,larmes,0.5377,0.4956
4224,donnons,0.5376,0.6126
4225,ainli,0.5376,0.5752
4226,exploit,0.5375,0.3775
4227,courante,0.5375,0.5410
4228,four,0.5375,0.5596
4229,bayonne,0.5375,0.4778
4230,changent,0.5375,0.5479
4231,frit,0.5374,0.6448
4232,sergent,0.5373,0.3119
4233,incomparable,0.5373,0.5499
4234,condé,0.5373,0.4721
4235,distingue,0.5373,0.5750
4236,prenons,0.5372,0.5216
4237,commencez,0.5372,0.5789
4238,transportées,0.5372,0.4929
4239,remplir,0.5372,0.6079
4240,troye,0.5372,0.5673
4241,sj,0.5371,0.5234
4242,m'en,0.5371,0.5971
4243,iln,0.5371,0.4859
4244,és,0.5370,0.5174
4245,dti,0.5370,0.5230
4246,fol,0.5370,0.5884
4247,oul,0.5369,0.5499
4248,philosophie,0.5369,0.4082
4249,mez,0.5369,0.5735
4250,fondre,0.5369,0.5926
4251,conduisent,0.5368,0.4599
4252,perdant,0.5368,0.5652
4253,sam,0.5368,0.5799
4254,dons,0.5367,0.5689
4255,naît,0.5367,0.5320
4256,ttre,0.5367,0.5461
4257,ao,0.5366,0.4856
4258,examiner,0.5366,0.4763
4259,nantes,0.5366,0.4581
4260,circuit,0.5366,0.4841
4261,parent,0.5366,0.5348
4262,durent,0.5366,0.5567
4263,gand,0.5366,0.5051
4264,ina,0.5365,0.5394
4265,demeurera,0.5365,0.5632
4266,guise,0.5365,0.5367
4267,estoit,0.5365,0.4440
4268,orte,0.5364,0.6289
4269,livra,0.5364,0.5263
4270,teste,0.5364,0.3599
4271,compté,0.5364,0.5321
4272,aveuglément,0.5364,0.5557
4273,opere,0.5363,0.4802
4274,ad,0.5362,0.5229
4275,estimer,0.5360,0.5349
4276,avaler,0.5360,0.5657
4277,opera,0.5360,0.5997
4278,raisonnement,0.5360,0.4785
4279,souverain,0.5360,0.6243
4280,land,0.5359,0.4948
4281,cce,0.5359,0.6102
4282,l'ignorance,0.5359,0.5151
4283,tai,0.5359,0.5364
4284,absolu,0.5358,0.5093
4285,tireur,0.5358,0.4610
4286,colle,0.5358,0.5123
4287,terris,0.5358,0.5406
4288,l'exercice,0.5357,0.5041
4289,d'intelligence,0.5357,0.5344
4290,cest,0.5357,0.4935
4291,zèle,0.5357,0.5177
4292,deu,0.5357,0.5993
4293,mariés,0.5356,0.7026
4294,aul,0.5356,0.6583
4295,ignore,0.5356,0.5522
4296,monastere,0.5356,0.5531
4297,soif,0.5356,0.4904
4298,vo,0.5355,0.5886
4299,terrestre,0.5355,0.5332
4300,lieues,0.5353,0.5366
4301,vl,0.5353,0.5467
4302,nette,0.5353,0.4611
4303,are,0.5352,0.5126
4304,tales,0.5352,0.4986
4305,médailles,0.5351,0.5315
4306,poir,0.5351,0.5782
4307,pcur,0.5351,0.6261
4308,l'aune,0.5351,0.4828
4309,important,0.5350,0.4833
4310,changée,0.5350,0.5503
4311,lets,0.5349,0.5640
4312,nce,0.5349,0.5035
4313,examinons,0.5348,0.5359
4314,semblera,0.5348,0.5978
4315,iiii,0.5348,0.5352
4316,doux,0.5347,0.5420
4317,certe,0.5347,0.5147
4318,jusqu'aux,0.5347,0.5567
4319,décrit,0.5347,0.5664
4320,d'en,0.5347,0.5644
4321,siecle,0.5346,0.5549
4322,iur,0.5346,0.5936
4323,talon,0.5346,0.4843
4324,enceinte,0.5346,0.5891
4325,obstacle,0.5345,0.5349
4326,otre,0.5345,0.5770
4327,taillis,0.5345,0.5687
4328,da,0.5345,0.6076
4329,repondre,0.5345,0.5582
4330,difficulté,0.5345,0.6256
4331,infini,0.5345,0.4681
4332,pout,0.5345,0.6198
4333,d'orgueil,0.5345,0.5843
4334,fixes,0.5345,0.4884
4335,ruines,0.5344,0.5295
4336,précédé,0.5344,0.5452
4337,uit,0.5343,0.5174
4338,mourir,0.5343,0.5341
4339,conserva,0.5342,0.6243
4340,mime,0.5342,0.6366
4341,nii,0.5342,0.5486
4342,kl,0.5342,0.5527
4343,ries,0.5342,0.5397
4344,d'i,0.5342,0.6093
4345,hr,0.5341,0.4752
4346,prcs,0.5341,0.5183
4347,revenue,0.5340,0.5350
4348,ambassade,0.5340,0.5161
4349,fi,0.5340,0.5673
4350,rine,0.5340,0.5485
4351,vides,0.5339,0.4684
4352,ht,0.5338,0.5547
4353,londres,0.5338,0.5002
4354,ise,0.5338,0.5356
4355,allié,0.5338,0.5468
4356,tera,0.5337,0.6025
4357,may,0.5337,0.4740
4358,l'inventaire,0.5336,0.5170
4359,quin,0.5336,0.5588
4360,deflein,0.5336,0.4873
4361,vain,0.5335,0.4703
4362,levure,0.5335,0.5341
4363,vogue,0.5335,0.5697
4364,eie,0.5335,0.5668
4365,calice,0.5335,0.5845
4366,tt,0.5334,0.5523
4367,depuis,0.5334,0.6393
4368,changea,0.5333,0.6044
4369,avoué,0.5333,0.5075
4370,achevé,0.5333,0.5346
4371,tiroir,0.5332,0.6134
4372,alter,0.5332,0.4340
4373,cod,0.5332,0.5360
4374,eff,0.5331,0.5683
4375,ition,0.5330,0.5910
4376,bes,0.5330,0.5563
4377,égal,0.5330,0.5313
4378,l'échéance,0.5330,0.5465
4379,admire,0.5330,0.4979
4380,join,0.5330,0.5853
4381,tomba,0.5330,0.4413
4382,iie,0.5330,0.5356
4383,cde,0.5329,0.5775
4384,vermillon,0.5329,0.4919
4385,out,0.5329,0.5794
4386,inf,0.5328,0.6498
4387,augure,0.5328,0.4746
4388,flir,0.5328,0.5906
4389,chantant,0.5327,0.6173
4390,uir,0.5327,0.5807
4391,approchant,0.5327,0.5349
4392,controlleur,0.5325,0.4901
4393,mêler,0.5325,0.5083
4394,comparable,0.5325,0.4842
4395,militaire,0.5325,0.6773
4396,hie,0.5325,0.5254
4397,inutilement,0.5324,0.5409
4398,j'avance,0.5324,0.5007
4399,vis,0.5324,0.6089
4400,embarras,0.5324,0.4838
4401,rarefié,0.5323,0.4929
4402,lainer,0.5323,0.5316
4403,ita,0.5323,0.5204
4404,cerveau,0.5322,0.5487
4405,d'ornemens,0.5322,0.5723
4406,s'offre,0.5322,0.5438
4407,eii,0.5322,0.6035
4408,vivans,0.5321,0.4942
4409,machine,0.5321,0.5986
4410,ple,0.5321,0.5353
4411,irriter,0.5321,0.5399
4412,n'arrive,0.5321,0.4917
4413,implacable,0.5320,0.5529
4414,supposent,0.5320,0.4966
4415,voisin,0.5320,0.6023
4416,chercher,0.5320,0.5986
4417,imiter,0.5319,0.5148
4418,pei,0.5319,0.5425
4419,super,0.5319,0.5550
4420,l'attendre,0.5319,0.6613
4421,lard,0.5319,0.4553
4422,scc,0.5318,0.6015
4423,égaler,0.5318,0.5737
4424,salaires,0.5318,0.5215
4425,fontainebleau,0.5317,0.4140
4426,entrailles,0.5317,0.5285
4427,rce,0.5317,0.5306
4428,etr,0.5317,0.5864
4429,reliques,0.5317,0.5001
4430,tenté,0.5316,0.5063
4431,regardons,0.5316,0.4941
4432,joignant,0.5316,0.5339
4433,étendre,0.5315,0.5702
4434,peuplée,0.5315,0.5016
4435,représenta,0.5315,0.4942
4436,defendre,0.5314,0.5093
4437,sta,0.5314,0.6123
4438,touché,0.5314,0.4763
4439,gar,0.5313,0.6101
4440,fourberie,0.5313,0.5488
4441,uie,0.5312,0.6141
4442,mâle,0.5312,0.5217
4443,indépendant,0.5312,0.5368
4444,endroit,0.5312,0.5708
4445,pel,0.5312,0.5853
4446,lavé,0.5312,0.6236
4447,davantage,0.5311,0.5363
4448,ort,0.5311,0.5657
4449,n'ignore,0.5311,0.4976
4450,sentiment,0.5310,0.4942
4451,aufl,0.5309,0.6282
4452,nour,0.5309,0.5685
4453,insérieure,0.5309,0.5233
4454,extérieure,0.5308,0.5048
4455,ute,0.5308,0.5795
4456,desus,0.5308,0.5450
4457,mp,0.5308,0.4967
4458,difficult,0.5308,0.3842
4459,hache,0.5307,0.5165
4460,perdirent,0.5307,0.5006
4461,connoissance,0.5307,0.5268
4462,mefure,0.5305,0.5196
4463,serviteur,0.5305,0.4329
4464,approbation,0.5305,0.4437
4465,feaux,0.5305,0.5971
4466,faisons,0.5305,0.4505
4467,scrupules,0.5304,0.5323
4468,reflux,0.5304,0.5818
4469,juré,0.5304,0.5642
4470,expédient,0.5304,0.4782
4471,perdre,0.5303,0.5425
4472,sombre,0.5303,0.5784
4473,den,0.5303,0.5576
4474,vieil,0.5303,0.5518
4475,présentée,0.5303,0.5682
4476,duché,0.5302,0.4264
4477,s'ouvrir,0.5302,0.6093
4478,devenus,0.5302,0.4134
4479,répéter,0.5302,0.5981
4480,éleve,0.5302,0.4079
4481,pardonner,0.5302,0.5269
4482,défendoit,0.5301,0.6014
4483,l'idée,0.5301,0.5395
4484,braves,0.5301,0.4911
4485,diocèse,0.5301,0.5953
4486,sortifie,0.5300,0.5090
4487,découverts,0.5300,0.4976
4488,turc,0.5300,0.5681
4489,l'entreprendre,0.5300,0.5577
4490,distinguée,0.5300,0.5307
4491,entendre,0.5299,0.5366
4492,hos,0.5299,0.4322
4493,dite,0.5299,0.5213
4494,l'honneur,0.5298,0.5538
4495,batailles,0.5298,0.5404
4496,rude,0.5298,0.5585
4497,sic,0.5298,0.5476
4498,imp,0.5298,0.6606
4499,imité,0.5297,0.5117
4500,mysteres,0.5297,0.5052
4501,j'estime,0.5296,0.6015
4502,perdez,0.5295,0.4346
4503,jugeant,0.5295,0.5488
4504,poison,0.5295,0.5627
4505,attentive,0.5295,0.5184
4506,aurre,0.5295,0.5880
4507,adresse,0.5295,0.4391
4508,comite,0.5294,0.6790
4509,intérieurs,0.5294,0.5791
4510,item,0.5293,0.5991
4511,septentrionale,0.5293,0.5084
4512,chrétienne,0.5292,0.5045
4513,roir,0.5291,0.5955
4514,coutumes,0.5291,0.5448
4515,approfondir,0.5291,0.5789
4516,meurt,0.5291,0.5549
4517,enfers,0.5291,0.5103
4518,légère,0.5291,0.5674
4519,d'autres,0.5290,0.5682
4520,recommandable,0.5289,0.6196
4521,riant,0.5289,0.5427
4522,nia,0.5289,0.6056
4523,vcrs,0.5289,0.5923
4524,ilu,0.5288,0.4938
4525,lampe,0.5288,0.4946
4526,alfez,0.5288,0.5246
4527,emporter,0.5288,0.5639
4528,l'usage,0.5288,0.5550
4529,cote,0.5288,0.4750
4530,sérieusement,0.5287,0.4943
4531,s'éleve,0.5287,0.4187
4532,uti,0.5287,0.5087
4533,voulons,0.5286,0.4212
4534,châtelet,0.5286,0.4923
4535,iut,0.5286,0.5411
4536,avances,0.5286,0.4862
4537,aut,0.5286,0.5967
4538,roma,0.5286,0.4456
4539,fortifications,0.5285,0.4807
4540,préteur,0.5285,0.4467
4541,instruire,0.5285,0.5144
4542,dee,0.5285,0.6412
4543,bande,0.5284,0.5165
4544,lecteurs,0.5284,0.4664
4545,l'achat,0.5284,0.5708
4546,équitables,0.5283,0.5003
4547,julte,0.5283,0.5771
4548,sente,0.5283,0.5311
4549,directe,0.5283,0.5655
4550,tranquilles,0.5283,0.4695
4551,promise,0.5282,0.5498
4552,ravie,0.5282,0.4481
4553,convenus,0.5282,0.4748
4554,ignorer,0.5281,0.4736
4555,servius,0.5281,0.5797
4556,coûté,0.5281,0.5430
4557,petites,0.5281,0.5131
4558,parfait,0.5281,0.5447
4559,favorables,0.5280,0.5501
4560,emp,0.5280,0.6739
4561,d'avis,0.5280,0.5935
4562,d'esprit,0.5280,0.5572
4563,l'empire,0.5280,0.4974
4564,bannis,0.5278,0.4988
4565,mince,0.5278,0.4170
4566,roit,0.5278,0.5200
4567,d'autant,0.5277,0.5002
4568,lasse,0.5277,0.4619
4569,angle,0.5277,0.4976
4570,stipulé,0.5277,0.5302
4571,besoins,0.5276,0.5344
4572,choque,0.5276,0.4929
4573,isa,0.5276,0.5657
4574,lte,0.5275,0.5412
4575,tellier,0.5274,0.5396
4576,expédition,0.5274,0.4786
4577,jour,0.5274,0.5499
4578,labours,0.5274,0.5917
4579,real,0.5273,0.5761
4580,délicat,0.5273,0.4862
4581,hercule,0.5273,0.5638
4582,avantages,0.5273,0.5212
4583,tances,0.5272,0.5317
4584,s'ils,0.5271,0.5737
4585,menti,0.5271,0.5000
4586,quc,0.5271,0.5971
4587,nées,0.5270,0.4807
4588,lal,0.5270,0.5096
4589,boucher,0.5270,0.5112
4590,gn,0.5270,0.4865
4591,cui,0.5270,0.5206
4592,travailla,0.5270,0.5855
4593,cur,0.5269,0.5616
4594,cassé,0.5269,0.5465
4595,maire,0.5269,0.5873
4596,conséquent,0.5269,0.4198
4597,surnommé,0.5269,0.5239
4598,appeller,0.5269,0.4363
4599,deflus,0.5269,0.5815
4600,qu'entre,0.5269,0.6273
4601,ler,0.5269,0.5580
4602,nre,0.5269,0.5648
4603,julqu'à,0.5269,0.5549
4604,dz,0.5268,0.5740
4605,mouvemens,0.5267,0.4919
4606,l'os,0.5267,0.6242
4607,aînée,0.5267,0.4649
4608,folles,0.5266,0.5080
4609,mile,0.5266,0.5845
4610,l'attention,0.5265,0.5167
4611,arpens,0.5265,0.5306
4612,was,0.5264,0.3623
4613,îi,0.5264,0.5460
4614,satis,0.5264,0.4749
4615,contredits,0.5263,0.4816
4616,voiles,0.5262,0.4680
4617,créateur,0.5262,0.5383
4618,linge,0.5262,0.4697
4619,intendant,0.5261,0.5080
4620,rareté,0.5261,0.5773
4621,enquêtes,0.5261,0.5288
4622,appaiser,0.5261,0.5413
4623,restoit,0.5261,0.5746
4624,gravée,0.5260,0.5374
4625,emprunter,0.5260,0.5915
4626,sentes,0.5260,0.5637
4627,conserver,0.5260,0.5599
4628,politiques,0.5259,0.4365
4629,entreprises,0.5259,0.4870
4630,ecl,0.5259,0.6051
4631,entrent,0.5258,0.5074
4632,nitre,0.5258,0.5635
4633,gardoit,0.5258,0.5364
4634,charrue,0.5258,0.5727
4635,j'appelle,0.5257,0.5835
4636,ncr,0.5257,0.5598
4637,réglé,0.5257,0.5380
4638,continuer,0.5257,0.5624
4639,profession,0.5257,0.4717
4640,repos,0.5257,0.5349
4641,conçu,0.5257,0.5132
4642,montez,0.5256,0.5561
4643,boi,0.5256,0.5139
4644,parlement,0.5256,0.5481
4645,proposent,0.5255,0.4563
4646,sujct,0.5255,0.5846
4647,mamellé,0.5254,0.4787
4648,villars,0.5254,0.5015
4649,préparation,0.5254,0.5653
4650,parvenus,0.5254,0.4400
4651,l'importance,0.5254,0.5211
4652,victimes,0.5253,0.4043
4653,continuez,0.5253,0.5656
4654,loient,0.5253,0.5474
4655,instamment,0.5253,0.5081
4656,boëte,0.5252,0.4720
4657,commissions,0.5252,0.4892
4658,démêler,0.5252,0.5983
4659,conservent,0.5252,0.5376
4660,extravagant,0.5252,0.5232
4661,naturelles,0.5252,0.4895
4662,matire,0.5251,0.5899
4663,vile,0.5250,0.5500
4664,sainteté,0.5250,0.4475
4665,cel,0.5250,0.6128
4666,différente,0.5250,0.5028
4667,l'année,0.5249,0.5768
4668,répon,0.5249,0.5395
4669,flr,0.5249,0.5979
4670,porteur,0.5248,0.4327
4671,l'humanité,0.5247,0.4830
4672,multipliant,0.5247,0.5872
4673,l'ancienne,0.5247,0.5075
4674,monnoies,0.5247,0.4600
4675,néant,0.5247,0.4672
4676,posse,0.5247,0.4257
4677,dispose,0.5246,0.5855
4678,purifie,0.5246,0.5522
4679,comble,0.5246,0.5021
4680,qu'alors,0.5246,0.5573
4681,vienne,0.5246,0.5131
4682,dijon,0.5245,0.4433
4683,yourte,0.5245,0.6073
4684,ccc,0.5245,0.6011
4685,marques,0.5245,0.5865
4686,explication,0.5244,0.5342
4687,unis,0.5244,0.4656
4688,fo,0.5244,0.5902
4689,rouler,0.5244,0.5591
4690,soi,0.5244,0.5213
4691,déformais,0.5243,0.5883
4692,clos,0.5243,0.5960
4693,valables,0.5243,0.5813
4694,vei,0.5243,0.5627
4695,avantageusement,0.5243,0.4948
4696,emprunté,0.5243,0.5152
4697,timidité,0.5243,0.4810
4698,allumée,0.5242,0.5445
4699,auditeurs,0.5242,0.5462
4700,bade,0.5242,0.5716
4701,faine,0.5241,0.4768
4702,muraille,0.5241,0.5430
4703,ferré,0.5241,0.5553
4704,quee,0.5240,0.5262
4705,illustre,0.5240,0.5426
4706,jaques,0.5240,0.5464
4707,bruit,0.5239,0.5403
4708,billets,0.5239,0.4816
4709,travaille,0.5239,0.5278
4710,pallas,0.5238,0.4517
4711,doubler,0.5238,0.5521
4712,remis,0.5238,0.5576
4713,balles,0.5237,0.5034
4714,compas,0.5237,0.5492
4715,remarquables,0.5237,0.6161
4716,l'oeuvre,0.5237,0.6291
4717,s'élève,0.5237,0.5325
4718,itr,0.5237,0.5015
4719,penser,0.5236,0.5352
4720,l'amerique,0.5236,0.4620
4721,uli,0.5236,0.5311
4722,apportées,0.5236,0.4683
4723,taut,0.5236,0.5203
4724,signature,0.5235,0.6030
4725,quanto,0.5235,0.4058
4726,iens,0.5234,0.5701
4727,tâchent,0.5234,0.4731
4728,manifeste,0.5234,0.4676
4729,interêt,0.5234,0.5118
4730,l'europe,0.5234,0.5581
4731,autr,0.5234,0.5965
4732,menues,0.5233,0.5421
4733,qul,0.5233,0.5672
4734,purs,0.5233,0.5649
4735,vere,0.5233,0.5231
4736,sci,0.5232,0.5815
4737,al,0.5232,0.5790
4738,susdits,0.5231,0.5598
4739,lic,0.5230,0.5027
4740,sss,0.5230,0.5377
4741,infame,0.5229,0.5055
4742,d'angleterre,0.5229,0.4573
4743,etc,0.5229,0.5876
4744,majorité,0.5229,0.4824
4745,augmentent,0.5228,0.5481
4746,habitent,0.5228,0.5845
4747,l'ifle,0.5228,0.4702
4748,honnête,0.5228,0.4942
4749,enfuite,0.5228,0.5601
4750,attachés,0.5227,0.4537
4751,glorieuse,0.5227,0.5424
4752,scul,0.5227,0.6185
4753,signifier,0.5226,0.5200
4754,tir,0.5226,0.6121
4755,accordées,0.5226,0.4516
4756,grosse,0.5226,0.5232
4757,bouches,0.5226,0.4402
4758,soutint,0.5225,0.5888
4759,grains,0.5225,0.5310
4760,s'accorde,0.5225,0.5061
4761,prince,0.5225,0.6055
4762,moulins,0.5224,0.4971
4763,fale,0.5224,0.5492
4764,prt,0.5224,0.6109
4765,posée,0.5224,0.5079
4766,requises,0.5223,0.5147
4767,poisson,0.5222,0.5338
4768,concorde,0.5221,0.5345
4769,laurent,0.5220,0.5403
4770,trempé,0.5219,0.5623
4771,vertueuse,0.5219,0.5510
4772,nen,0.5219,0.5569
4773,zoo,0.5218,0.4736
4774,d'histoire,0.5218,0.5361
4775,oa,0.5218,0.5708
4776,superflus,0.5218,0.5458
4777,merveilles,0.5217,0.5146
4778,merite,0.5217,0.4875
4779,provincial,0.5216,0.5355
4780,crier,0.5216,0.5278
4781,patriarches,0.5216,0.4952
4782,suffisantes,0.5215,0.5651
4783,passée,0.5215,0.4780
4784,détroit,0.5215,0.5043
4785,ge,0.5215,0.6454
4786,continuée,0.5215,0.5337
4787,marqués,0.5214,0.4868
4788,mariniers,0.5214,0.5125
4789,dj,0.5214,0.5572
4790,publics,0.5214,0.5727
4791,d'occasions,0.5214,0.4915
4792,abandonna,0.5214,0.5445
4793,flanc,0.5214,0.5574
4794,manquant,0.5214,0.6964
4795,chassé,0.5213,0.5406
4796,perle,0.5213,0.5297
4797,piqué,0.5213,0.5468
4798,singe,0.5213,0.5132
4799,intérieure,0.5213,0.5158
4800,d'ouvrages,0.5212,0.5287
4801,passe,0.5212,0.4848
4802,éclats,0.5211,0.4965
4803,populo,0.5211,0.4961
4804,doutez,0.5210,0.4898
4805,stance,0.5210,0.6595
4806,équivoque,0.5210,0.4899
4807,eloge,0.5209,0.4879
4808,heure,0.5209,0.5712
4809,infaillible,0.5208,0.5006
4810,susdites,0.5208,0.4534
4811,rur,0.5208,0.5837
4812,l'instruction,0.5208,0.5861
4813,chanoine,0.5207,0.5064
4814,france,0.5207,0.5063
4815,sti,0.5207,0.5466
4816,files,0.5207,0.6118
4817,valeurs,0.5207,0.5979
4818,qur,0.5207,0.5968
4819,ures,0.5206,0.5278
4820,reconnue,0.5205,0.6016
4821,l'ange,0.5205,0.5885
4822,cio,0.5205,0.4721
4823,qu'ainsi,0.5204,0.5414
4824,divertis,0.5204,0.6293
4825,mandement,0.5204,0.4979
4826,iou,0.5203,0.5527
4827,ctl,0.5203,0.5777
4828,confirma,0.5203,0.5553
4829,compofé,0.5203,0.5400
4830,contravention,0.5203,0.5808
4831,nb,0.5202,0.5934
4832,roide,0.5202,0.5649
4833,s'imaginer,0.5202,0.4720
4834,informer,0.5202,0.5205
4835,tées,0.5202,0.5300
4836,alu,0.5202,0.5744
4837,sachant,0.5201,0.5329
4838,oublier,0.5201,0.5721
4839,which,0.5201,0.3770
4840,liées,0.5200,0.4447
4841,from,0.5200,0.4651
4842,dus,0.5200,0.5461
4843,suivoit,0.5200,0.5531
4844,blessé,0.5199,0.4783
4845,contredire,0.5199,0.5118
4846,peti,0.5198,0.6333
4847,guerrier,0.5198,0.5486
4848,naissante,0.5198,0.5272
4849,pendre,0.5198,0.4923
4850,briller,0.5198,0.5025
4851,ard,0.5198,0.5198
4852,jam,0.5198,0.5070
4853,audacieux,0.5197,0.6030
4854,d'orleans,0.5197,0.5277
4855,rut,0.5197,0.5638
4856,ardente,0.5197,0.5269
4857,commodément,0.5196,0.6155
4858,denis,0.5196,0.5242
4859,effrayé,0.5196,0.4962
4860,plate,0.5196,0.4679
4861,maritime,0.5196,0.5157
4862,agréables,0.5195,0.5187
4863,vécu,0.5194,0.4666
4864,disposées,0.5194,0.4603
4865,presenter,0.5194,0.5136
4866,l'oblige,0.5194,0.5878
4867,manu,0.5194,0.4835
4868,numero,0.5193,0.5330
4869,lue,0.5193,0.5561
4870,coq,0.5193,0.5285
4871,relevant,0.5193,0.5330
4872,d'avancer,0.5193,0.5704
4873,renvoye,0.5193,0.4423
4874,poire,0.5193,0.5537
4875,disposez,0.5193,0.6392
4876,l'egypte,0.5192,0.4732
4877,incertains,0.5192,0.5444
4878,éclaircissement,0.5192,0.4895
4879,payant,0.5192,0.5987
4880,défendant,0.5191,0.5354
4881,qli,0.5191,0.5175
4882,pui,0.5189,0.5803
4883,commettent,0.5189,0.5290
4884,sentimens,0.5189,0.4707
4885,réflexion,0.5189,0.4118
4886,écri,0.5188,0.6216
4887,addition,0.5188,0.5632
4888,gouvernemens,0.5188,0.5029
4889,cni,0.5187,0.5336
4890,avcc,0.5187,0.5892
4891,amitié,0.5187,0.4585
4892,repent,0.5187,0.5752
4893,redire,0.5187,0.5497
4894,entr'eux,0.5186,0.5499
4895,méchante,0.5186,0.5136
4896,accepta,0.5185,0.5732
4897,d'action,0.5185,0.6125
4898,l'héritier,0.5185,0.5547
4899,entrées,0.5185,0.4792
4900,oooo,0.5185,0.4793
4901,catherine,0.5185,0.4258
4902,pons,0.5184,0.5977
4903,luc,0.5184,0.4581
4904,poste,0.5184,0.5620
4905,finies,0.5183,0.5198
4906,vs,0.5183,0.5519
4907,tj,0.5183,0.4830
4908,gratuitement,0.5182,0.5459
4909,assurément,0.5182,0.4610
4910,qu'à,0.5182,0.6122
4911,jouant,0.5182,0.5596
4912,crain,0.5181,0.5825
4913,députation,0.5181,0.4685
4914,comté,0.5181,0.3895
4915,rie,0.5181,0.6619
4916,teints,0.5180,0.5579
4917,voleur,0.5180,0.5666
4918,particulièrement,0.5179,0.5480
4919,pices,0.5179,0.5894
4920,renu,0.5179,0.5235
4921,d'exemples,0.5179,0.5071
4922,ige,0.5178,0.5638
4923,drapeaux,0.5178,0.5244
4924,astre,0.5178,0.4394
4925,goute,0.5177,0.5634
4926,demande,0.5177,0.5197
4927,pii,0.5176,0.5196
4928,amuser,0.5176,0.5596
4929,envie,0.5176,0.6124
4930,entreprise,0.5176,0.4696
4931,comptoit,0.5175,0.5488
4932,unique,0.5175,0.4343
4933,adjudication,0.5175,0.4724
4934,mêlant,0.5174,0.5236
4935,odieux,0.5174,0.4933
4936,tii,0.5174,0.4875
4937,spirituels,0.5174,0.5304
4938,obtient,0.5174,0.5371
4939,l'archiduc,0.5173,0.4629
4940,mec,0.5173,0.6217
4941,an,0.5173,0.5329
4942,muette,0.5173,0.5831
4943,neutre,0.5173,0.6507
4944,ila,0.5172,0.5659
4945,poursuivit,0.5172,0.4980
4946,tm,0.5172,0.4919
4947,bicn,0.5172,0.6046
4948,verbal,0.5172,0.5230
4949,vacations,0.5172,0.5241
4950,ert,0.5172,0.5542
4951,divisé,0.5171,0.5528
4952,sensiblement,0.5170,0.5357
4953,clément,0.5170,0.4489
4954,musique,0.5169,0.5913
4955,comique,0.5169,0.5770
4956,dureté,0.5168,0.4755
4957,librement,0.5168,0.5372
4958,ste,0.5167,0.5140
4959,sauveur,0.5167,0.5228
4960,legal,0.5167,0.2720
4961,vilité,0.5167,0.6288
4962,oppositions,0.5167,0.5497
4963,d'egypte,0.5167,0.5031
4964,ioi,0.5166,0.5297
4965,fiur,0.5166,0.5662
4966,aban,0.5166,0.5323
4967,humeur,0.5166,0.4665
4968,liquidation,0.5166,0.5238
4969,propose,0.5165,0.4996
4970,confond,0.5165,0.5408
4971,tombeaux,0.5165,0.4675
4972,vcr,0.5165,0.5319
4973,mufes,0.5164,0.4860
4974,visité,0.5164,0.6174
4975,sos,0.5164,0.5838
4976,médiocrement,0.5163,0.6190
4977,choeurs,0.5163,0.5582
4978,foit,0.5163,0.5203
4979,ivres,0.5161,0.5346
4980,ve,0.5161,0.6303
4981,compagnie,0.5161,0.5731
4982,régle,0.5161,0.3910
4983,extraction,0.5161,0.5230
4984,riches,0.5161,0.4761
4985,vagues,0.5160,0.4997
4986,accès,0.5160,0.4970
4987,changeant,0.5159,0.5381
4988,retraite,0.5159,0.3790
4989,quelqu,0.5158,0.5565
4990,tics,0.5158,0.5610
4991,oni,0.5157,0.5649
4992,soit,0.5157,0.5427
4993,exempts,0.5157,0.4112
4994,épée,0.5157,0.4976
4995,crû,0.5156,0.4276
4996,quite,0.5156,0.6580
4997,dominer,0.5156,0.5052
4998,classes,0.5156,0.5534
4999,czar,0.5155,0.5563
5000,remarqua,0.5155,0.5522
5001,pains,0.5155,0.5498
5002,strasbourg,0.5154,0.4620
5003,fn,0.5154,0.5257
5004,l'avant,0.5154,0.5521
5005,bruxelles,0.5154,0.5614
5006,magistrat,0.5154,0.5695
5007,cultivée,0.5154,0.5564
5008,l'épreuve,0.5153,0.5469
5009,rui,0.5153,0.5991
5010,reçues,0.5153,0.4814
5011,d'épée,0.5153,0.5696
5012,rendant,0.5153,0.5240
5013,m'empêcher,0.5153,0.5556
5014,iy,0.5153,0.5101
5015,meme,0.5152,0.5758
5016,vicieux,0.5152,0.5323
5017,denys,0.5152,0.6026
5018,maintenant,0.5152,0.5943
5019,gelée,0.5151,0.5274
5020,tournez,0.5151,0.6010
5021,valoir,0.5151,0.5676
5022,contrats,0.5150,0.4797
5023,coe,0.5150,0.5875
5024,mcme,0.5149,0.6460
5025,d'hôtel,0.5149,0.6010
5026,sagement,0.5148,0.4824
5027,éternel,0.5148,0.5450
5028,permettez,0.5148,0.4521
5029,épaisses,0.5147,0.4611
5030,suisses,0.5147,0.5146
5031,morales,0.5147,0.5112
5032,fièvre,0.5147,0.4971
5033,soulage,0.5147,0.6070
5034,monumens,0.5146,0.4258
5035,dns,0.5146,0.5768
5036,ajoutent,0.5146,0.4937
5037,l'instant,0.5146,0.5234
5038,furies,0.5146,0.6205
5039,l'égalité,0.5146,0.4665
5040,nis,0.5146,0.5290
5041,collation,0.5146,0.5365
5042,tombées,0.5145,0.4755
5043,refie,0.5145,0.5863
5044,obvier,0.5145,0.5821
5045,dm,0.5145,0.5319
5046,cause,0.5144,0.5573
5047,paroit,0.5144,0.5616
5048,rle,0.5144,0.5260
5049,ceu,0.5144,0.5712
5050,nobles,0.5143,0.5997
5051,droi,0.5143,0.5323
5052,i'e,0.5142,0.5377
5053,ric,0.5142,0.5673
5054,songez,0.5142,0.4824
5055,redevables,0.5141,0.4968
5056,l'esclavage,0.5141,0.5599
5057,vieillard,0.5141,0.5236
5058,aii,0.5141,0.5277
5059,leveur,0.5141,0.5409
5060,poing,0.5141,0.5259
5061,plats,0.5141,0.5048
5062,ennemis,0.5140,0.4657
5063,recommencer,0.5140,0.5938
5064,superieur,0.5140,0.6242
5065,l'estime,0.5140,0.4743
5066,vive,0.5140,0.5489
5067,tables,0.5140,0.5056
5068,tre,0.5140,0.5871
5069,collet,0.5140,0.6102
5070,alle,0.5140,0.6031
5071,d'aujourd'hui,0.5139,0.5757
5072,fruitiers,0.5139,0.5255
5073,oraison,0.5139,0.5220
5074,mortes,0.5139,0.5566
5075,privée,0.5139,0.5715
5076,revenu,0.5139,0.5492
5077,s'établir,0.5139,0.5121
5078,considerable,0.5138,0.5156
5079,banc,0.5138,0.5433
5080,preface,0.5138,0.4696
5081,vendant,0.5137,0.5069
5082,humilité,0.5137,0.5064
5083,dtu,0.5137,0.5284
5084,ru,0.5137,0.5458
5085,recours,0.5136,0.5573
5086,franchise,0.5136,0.5007
5087,oracles,0.5135,0.4899
5088,poulie,0.5135,0.4848
5089,passeroit,0.5134,0.5559
5090,fatal,0.5134,0.4560
5091,fraîche,0.5134,0.4833
5092,gages,0.5133,0.4804
5093,dépeint,0.5133,0.5871
5094,sacrifié,0.5133,0.4913
5095,til,0.5133,0.5482
5096,obligation,0.5132,0.5523
5097,corrompu,0.5132,0.4423
5098,délibération,0.5132,0.5500
5099,tait,0.5132,0.5381
5100,rin,0.5132,0.5836
5101,amene,0.5132,0.5292
5102,vatican,0.5132,0.5092
5103,assure,0.5131,0.5671
5104,ill,0.5131,0.5059
5105,troyes,0.5131,0.4661
5106,fu,0.5131,0.6343
5107,impatience,0.5131,0.4287
5108,bourreau,0.5131,0.5489
5109,trompeurs,0.5131,0.5129
5110,motte,0.5130,0.5929
5111,c'c,0.5130,0.5809
5112,l'assemblée,0.5130,0.5202
5113,rafraîchir,0.5130,0.5711
5114,insulter,0.5128,0.5472
5115,iq,0.5128,0.4893
5116,héréditaire,0.5128,0.4696
5117,uno,0.5127,0.4699
5118,vante,0.5127,0.4979
5119,pigeon,0.5127,0.4772
5120,certificat,0.5127,0.4782
5121,datte,0.5127,0.4007
5122,plût,0.5127,0.4512
5123,ambassadeurs,0.5126,0.4806
5124,rti,0.5126,0.4803
5125,epoux,0.5125,0.4159
5126,cx,0.5125,0.5484
5127,mande,0.5124,0.5499
5128,encre,0.5124,0.6289
5129,opinion,0.5123,0.4700
5130,j'a,0.5123,0.5237
5131,vivere,0.5123,0.4297
5132,scl,0.5123,0.5548
5133,make,0.5122,0.3960
5134,rive,0.5121,0.4898
5135,contes,0.5121,0.5564
5136,l'efpagne,0.5121,0.5109
5137,monnoyé,0.5121,0.5516
5138,durer,0.5120,0.5558
5139,natures,0.5120,0.5754
5140,là,0.5120,0.5455
5141,verge,0.5120,0.4974
5142,gré,0.5120,0.4485
5143,crue,0.5119,0.5674
5144,jaloufie,0.5119,0.4605
5145,esclave,0.5119,0.5198
5146,j'y,0.5119,0.4897
5147,l'un,0.5118,0.4769
5148,parvenir,0.5118,0.5615
5149,obligeant,0.5118,0.5748
5150,esclavage,0.5118,0.5200
5151,protester,0.5118,0.4969
5152,traduits,0.5118,0.4278
5153,rapportant,0.5117,0.4898
5154,marchande,0.5117,0.5505
5155,nmais,0.5117,0.7166
5156,faisant,0.5116,0.5509
5157,lous,0.5116,0.4866
5158,s'i,0.5115,0.6209
5159,éteindre,0.5114,0.4602
5160,retirant,0.5114,0.4972
5161,pareilles,0.5113,0.4886
5162,seigneuries,0.5113,0.5098
5163,honteuse,0.5113,0.4915
5164,public,0.5113,0.4291
5165,reporter,0.5113,0.5477
5166,justifié,0.5113,0.4828
5167,citoyens,0.5112,0.5241
5168,solidement,0.5112,0.5425
5169,levé,0.5112,0.5140
5170,c'cit,0.5112,0.5112
5171,cla,0.5112,0.5974
5172,édifice,0.5112,0.4339
5173,hit,0.5112,0.6005
5174,n'aye,0.5111,0.4353
5175,enseigné,0.5111,0.5177
5176,of,0.5111,0.5279
5177,poix,0.5111,0.5057
5178,recherché,0.5109,0.5660
5179,db,0.5109,0.6087
5180,autrui,0.5109,0.5669
5181,d'observer,0.5108,0.5822
5182,veine,0.5108,0.5532
5183,nourri,0.5108,0.4774
5184,l'arrivée,0.5108,0.6044
5185,l'or,0.5107,0.5556
5186,ule,0.5107,0.5697
5187,l'écorce,0.5107,0.4594
5188,fenêtres,0.5107,0.4596
5189,oii,0.5106,0.5773
5190,conclusions,0.5106,0.4964
5191,moral,0.5106,0.5403
5192,go,0.5106,0.5324
5193,tourmenter,0.5106,0.4708
5194,allant,0.5105,0.4888
5195,occupent,0.5104,0.5069
5196,sai,0.5104,0.4651
5197,scio,0.5104,0.4901
5198,incontestable,0.5104,0.4521
5199,dure,0.5104,0.4951
5200,qo,0.5104,0.5127
5201,fid,0.5104,0.4907
5202,nte,0.5104,0.5144
5203,récompense,0.5103,0.4525
5204,respe,0.5103,0.5449
5205,ij,0.5102,0.6128
5206,sua,0.5102,0.4659
5207,e'e,0.5102,0.6177
5208,commandoit,0.5102,0.4976
5209,riens,0.5102,0.5654
5210,piquer,0.5101,0.4597
5211,prs,0.5101,0.5492
5212,nettement,0.5101,0.4975
5213,votre,0.5101,0.4289
5214,suivie,0.5101,0.4774
5215,avouer,0.5100,0.4488
5216,js,0.5100,0.5301
5217,sucre,0.5100,0.5129
5218,gâte,0.5100,0.4766
5219,signées,0.5100,0.5148
5220,verité,0.5099,0.4951
5221,confirmation,0.5099,0.5398
5222,parte,0.5099,0.6159
5223,effectivement,0.5099,0.6123
5224,lix,0.5098,0.5232
5225,clairs,0.5098,0.5268
5226,vigne,0.5098,0.4681
5227,enregistrer,0.5098,0.4283
5228,dona,0.5098,0.5933
5229,l'injustice,0.5098,0.4885
5230,cachée,0.5098,0.6486
5231,garçons,0.5097,0.4624
5232,desir,0.5097,0.5504
5233,chant,0.5097,0.5457
5234,cm,0.5097,0.5422
5235,dixmes,0.5097,0.5618
5236,reviens,0.5096,0.4361
5237,ea,0.5096,0.5893
5238,ajoutée,0.5096,0.3964
5239,vérité,0.5096,0.4601
5240,th,0.5096,0.5791
5241,intelligence,0.5096,0.4461
5242,mariées,0.5095,0.5514
5243,lin,0.5095,0.5874
5244,mau,0.5095,0.5748
5245,tic,0.5095,0.5404
5246,pêcheurs,0.5095,0.5204
5247,vrai,0.5095,0.5134
5248,ub,0.5095,0.4631
5249,poignée,0.5094,0.4582
5250,verre,0.5094,0.4863
5251,conservez,0.5093,0.5821
5252,méme,0.5093,0.5896
5253,honteux,0.5093,0.5212
5254,archers,0.5093,0.4501
5255,moisson,0.5092,0.5022
5256,rne,0.5092,0.5552
5257,d'ail,0.5091,0.4853
5258,cie,0.5091,0.5900
5259,offroit,0.5091,0.4424
5260,corrompre,0.5091,0.4727
5261,cp,0.5090,0.5292
5262,l'attachement,0.5090,0.4973
5263,ua,0.5090,0.5443
5264,postérité,0.5090,0.4406
5265,brouiller,0.5089,0.4960
5266,elle,0.5089,0.5804
5267,lii,0.5089,0.5658
5268,l'afie,0.5089,0.5170
5269,marchant,0.5089,0.5394
5270,germain,0.5089,0.4402
5271,pernicieux,0.5088,0.5163
5272,pp,0.5088,0.6381
5273,ecclésiastiques,0.5088,0.4782
5274,débite,0.5088,0.5316
5275,mt,0.5088,0.5548
5276,foye,0.5088,0.4562
5277,injustement,0.5087,0.5093
5278,imo,0.5087,0.4569
5279,cap,0.5086,0.5814
5280,liaisons,0.5086,0.4818
5281,marseille,0.5085,0.4915
5282,abîme,0.5084,0.4912
5283,définition,0.5084,0.5125
5284,d'auvergne,0.5084,0.5513
5285,querelle,0.5084,0.5330
5286,plufieurs,0.5083,0.5701
5287,ages,0.5083,0.5302
5288,my,0.5082,0.5149
5289,débris,0.5082,0.5982
5290,soufle,0.5082,0.6453
5291,vincent,0.5081,0.4363
5292,well,0.5081,0.3765
5293,plaisirs,0.5081,0.5392
5294,mahomet,0.5081,0.5536
5295,pai,0.5081,0.5888
5296,minuit,0.5081,0.4782
5297,iooo,0.5080,0.4753
5298,conseillé,0.5080,0.4393
5299,passage,0.5080,0.5500
5300,violent,0.5079,0.5500
5301,logement,0.5079,0.6297
5302,manier,0.5079,0.5087
5303,protestation,0.5079,0.5293
5304,idu,0.5079,0.5575
5305,faces,0.5079,0.5016
5306,impériale,0.5078,0.5748
5307,fécond,0.5078,0.5063
5308,intentions,0.5078,0.4949
5309,étrangère,0.5078,0.4789
5310,l'apprendre,0.5078,0.6051
5311,ainsi,0.5077,0.5471
5312,serments,0.5077,0.4846
5313,retirés,0.5077,0.4619
5314,uin,0.5076,0.5403
5315,étroites,0.5076,0.5650
5316,dûs,0.5076,0.4427
5317,admiré,0.5076,0.5235
5318,directeur,0.5076,0.4650
5319,passé,0.5076,0.5580
5320,emportent,0.5075,0.4983
5321,née,0.5075,0.4680
5322,testamens,0.5075,0.5092
5323,ivre,0.5074,0.6214
5324,tandis,0.5074,0.5371
5325,mii,0.5073,0.5227
5326,favorable,0.5073,0.5429
5327,abus,0.5073,0.4105
5328,rn,0.5073,0.4721
5329,sel,0.5072,0.5246
5330,taureaux,0.5071,0.4745
5331,utilité,0.5071,0.5018
5332,loué,0.5071,0.5581
5333,vc,0.5071,0.5183
5334,lorsque,0.5070,0.5075
5335,pia,0.5069,0.4748
5336,demeuroit,0.5069,0.5256
5337,fourmis,0.5069,0.5240
5338,iune,0.5069,0.6138
5339,anc,0.5069,0.5829
5340,cq,0.5068,0.5289
5341,déclarations,0.5068,0.4361
5342,écouté,0.5068,0.5656
5343,prédicateurs,0.5067,0.4915
5344,pierrot,0.5067,0.4594
5345,mécontent,0.5067,0.5544
5346,l'art,0.5067,0.5064
5347,bre,0.5066,0.4683
5348,licence,0.5066,0.4931
5349,inclusivement,0.5066,0.5479
5350,sac,0.5065,0.5718
5351,api,0.5065,0.5588
5352,unc,0.5065,0.5528
5353,asi,0.5065,0.5656
5354,bona,0.5064,0.4067
5355,percé,0.5064,0.4953
5356,chargé,0.5064,0.5899
5357,lut,0.5063,0.5339
5358,formule,0.5063,0.5641
5359,consul,0.5063,0.5186
5360,près,0.5063,0.4910
5361,done,0.5063,0.6178
5362,ions,0.5063,0.4806
5363,rece,0.5063,0.5600
5364,cabaret,0.5062,0.5405
5365,fournie,0.5062,0.5559
5366,vil,0.5061,0.5529
5367,tâcher,0.5061,0.5275
5368,qs,0.5061,0.6346
5369,claudius,0.5061,0.4605
5370,rei,0.5061,0.4996
5371,inutile,0.5061,0.5226
5372,ioit,0.5061,0.5449
5373,uo,0.5061,0.4760
5374,scroit,0.5060,0.5909
5375,miles,0.5059,0.5798
5376,ant,0.5059,0.5732
5377,conseils,0.5059,0.5099
5378,léger,0.5059,0.4723
5379,with,0.5059,0.4807
5380,moderne,0.5059,0.5561
5381,paroitra,0.5059,0.5456
5382,inquiet,0.5058,0.4884
5383,canaux,0.5058,0.4388
5384,sceptre,0.5058,0.4880
5385,her,0.5058,0.4736
5386,arts,0.5058,0.5235
5387,secretaires,0.5058,0.4649
5388,ubi,0.5058,0.4746
5389,l'ambition,0.5057,0.4598
5390,connut,0.5057,0.4454
5391,pepin,0.5056,0.5525
5392,maîtreffe,0.5055,0.4102
5393,nee,0.5055,0.5237
5394,porté,0.5055,0.5317
5395,subtile,0.5055,0.4748
5396,fable,0.5054,0.4736
5397,richesse,0.5054,0.5306
5398,nv,0.5054,0.5536
5399,use,0.5054,0.4591
5400,romans,0.5054,0.5507
5401,fides,0.5053,0.4597
5402,recouvrer,0.5053,0.5437
5403,traverser,0.5053,0.5225
5404,rl,0.5053,0.4798
5405,étrangeres,0.5052,0.4280
5406,duroit,0.5052,0.5336
5407,âges,0.5051,0.5010
5408,perfide,0.5051,0.4005
5409,vifible,0.5049,0.5014
5410,ers,0.5049,0.5193
5411,représentent,0.5048,0.4942
5412,démonstration,0.5048,0.4608
5413,léon,0.5048,0.4665
5414,accords,0.5048,0.4861
5415,quittes,0.5048,0.4828
5416,jn,0.5048,0.5143
5417,lia,0.5048,0.5638
5418,teinture,0.5048,0.5811
5419,fic,0.5048,0.5145
5420,ordres,0.5048,0.4920
5421,fier,0.5047,0.4668
5422,tia,0.5047,0.4446
5423,tempête,0.5047,0.4508
5424,etat,0.5047,0.5033
5425,constance,0.5047,0.4803
5426,raisonnemens,0.5046,0.4635
5427,pete,0.5046,0.5299
5428,c'està,0.5046,0.5064
5429,tragique,0.5046,0.5007
5430,lli,0.5046,0.4754
5431,réciproquement,0.5046,0.4951
5432,d'équité,0.5046,0.5501
5433,boiteux,0.5046,0.6077
5434,m'étonne,0.5046,0.4588
5435,spirituelles,0.5046,0.4891
5436,tentative,0.5045,0.5542
5437,blanchir,0.5045,0.4881
5438,lts,0.5045,0.5387
5439,apporte,0.5045,0.4774
5440,pointu,0.5044,0.4354
5441,examine,0.5043,0.5316
5442,trouvés,0.5043,0.4463
5443,accueil,0.5043,0.5076
5444,dicu,0.5043,0.5666
5445,us,0.5043,0.5385
5446,avertir,0.5042,0.5028
5447,parée,0.5042,0.5888
5448,aimez,0.5042,0.4623
5449,observant,0.5042,0.4712
5450,police,0.5042,0.4662
5451,bt,0.5042,0.5127
5452,leo,0.5042,0.5507
5453,nuls,0.5042,0.5058
5454,entièrement,0.5041,0.5464
5455,tonnerre,0.5041,0.4936
5456,dun,0.5041,0.5375
5457,désordre,0.5041,0.4616
5458,ferme,0.5040,0.5481
5459,charmant,0.5040,0.4612
5460,ax,0.5040,0.5227
5461,l'éloignement,0.5040,0.5981
5462,relier,0.5039,0.5837
5463,elizabeth,0.5039,0.4292
5464,joindre,0.5039,0.5158
5465,leva,0.5039,0.4110
5466,tot,0.5038,0.4731
5467,vaille,0.5037,0.4854
5468,courans,0.5037,0.5384
5469,conversations,0.5037,0.4570
5470,lés,0.5036,0.5860
5471,allure,0.5036,0.5939
5472,aris,0.5036,0.5777
5473,approuve,0.5036,0.4831
5474,pension,0.5035,0.5236
5475,cra,0.5035,0.6025
5476,appuyée,0.5035,0.4522
5477,pieux,0.5035,0.5326
5478,coupent,0.5034,0.4451
5479,d'office,0.5034,0.4975
5480,qie,0.5034,0.5482
5481,persuada,0.5034,0.4875
5482,l'hom,0.5034,0.5035
5483,lols,0.5032,0.4374
5484,thomas,0.5032,0.5046
5485,chaffe,0.5032,0.5609
5486,suive,0.5032,0.5048
5487,michel,0.5031,0.5026
5488,ferr,0.5031,0.4668
5489,fermens,0.5031,0.4426
5490,magno,0.5031,0.3813
5491,disgrâce,0.5031,0.4258
5492,d'impression,0.5030,0.4868
5493,conservé,0.5029,0.5205
5494,sentit,0.5029,0.5255
5495,gc,0.5029,0.5247
5496,veines,0.5029,0.4656
5497,connues,0.5028,0.5463
5498,réparer,0.5028,0.4549
5499,fot,0.5028,0.5419
5500,enregistrées,0.5028,0.4061
5501,toutes,0.5027,0.5676
5502,demandant,0.5027,0.5319
5503,canne,0.5027,0.4538
5504,ilest,0.5026,0.5730
5505,pouir,0.5026,0.5482
5506,lti,0.5026,0.5061
5507,piques,0.5026,0.4696
5508,bâtir,0.5026,0.4665
5509,edifices,0.5026,0.4794
5510,anonyme,0.5026,0.4982
5511,garder,0.5026,0.5767
5512,cadavre,0.5025,0.5284
5513,noirs,0.5025,0.4161
5514,toulouse,0.5024,0.5060
5515,az,0.5024,0.5195
5516,d'être,0.5024,0.5811
5517,david,0.5023,0.5088
5518,peinte,0.5023,0.4466
5519,demandons,0.5023,0.4375
5520,demie,0.5023,0.4811
5521,aue,0.5023,0.6668
5522,vision,0.5023,0.5153
5523,échange,0.5022,0.5845
5524,iit,0.5022,0.5170
5525,accommodement,0.5022,0.5472
5526,iir,0.5021,0.5617
5527,aveugle,0.5021,0.4785
5528,cornes,0.5021,0.4253
5529,l'arbre,0.5021,0.5013
5530,délices,0.5021,0.5276
5531,fiere,0.5020,0.5265
5532,iai,0.5020,0.4888
5533,debout,0.5020,0.4750
5534,apparences,0.5019,0.4593
5535,pénétration,0.5019,0.4811
5536,effort,0.5019,0.5322
5537,pir,0.5019,0.5488
5538,qu'ayant,0.5018,0.4716
5539,revers,0.5018,0.5413
5540,d'autrui,0.5018,0.5028
5541,décrier,0.5018,0.5510
5542,l'l,0.5018,0.4969
5543,crût,0.5017,0.4431
5544,déclara,0.5017,0.5284
5545,compta,0.5017,0.5117
5546,cousin,0.5017,0.4241
5547,choeur,0.5016,0.4604
5548,objection,0.5016,0.5287
5549,manufactures,0.5016,0.4708
5550,ravis,0.5016,0.4934
5551,u'ils,0.5016,0.5778
5552,pareille,0.5015,0.5333
5553,grands,0.5015,0.5488
5554,doigt,0.5015,0.4702
5555,imagination,0.5015,0.4761
5556,j'admire,0.5014,0.5309
5557,joye,0.5014,0.3530
5558,accusé,0.5014,0.4771
5559,clair,0.5014,0.4800
5560,tarde,0.5014,0.5663
5561,avarice,0.5014,0.4368
5562,planche,0.5013,0.5101
5563,impunément,0.5013,0.5031
5564,nommer,0.5013,0.4896
5565,ptolomée,0.5012,0.6099
5566,abondant,0.5012,0.4970
5567,perches,0.5012,0.4739
5568,pourvu,0.5012,0.3507
5569,attributs,0.5012,0.4632
5570,sonner,0.5011,0.6195
5571,c'étoit,0.5011,0.5479
5572,aune,0.5011,0.4562
5573,obligations,0.5011,0.5415
5574,rangers,0.5011,0.5684
5575,range,0.5010,0.5295
5576,epitre,0.5010,0.4670
5577,vols,0.5010,0.5665
5578,originairement,0.5010,0.4873
5579,rendront,0.5009,0.5223
5580,osez,0.5009,0.4231
5581,s'accommoder,0.5009,0.4792
5582,corne,0.5009,0.5566
5583,considéré,0.5009,0.4860
5584,vue,0.5009,0.4684
5585,suivantes,0.5008,0.5395
5586,auxquelles,0.5008,0.5116
5587,belles,0.5008,0.4889
5588,contra,0.5008,0.5217
5589,jurez,0.5008,0.5071
5590,découvrit,0.5007,0.4621
5591,formalités,0.5007,0.5061
5592,tigre,0.5007,0.5335
5593,s'expliquer,0.5007,0.5673
5594,lieu,0.5007,0.5365
5595,l'infini,0.5007,0.4627
5596,sur,0.5007,0.5288
5597,fievre,0.5006,0.5168
5598,dli,0.5006,0.5295
5599,georges,0.5006,0.5012
5600,rebuter,0.5005,0.4602
5601,vivroit,0.5005,0.5563
5602,ferment,0.5005,0.4804
5603,corrige,0.5005,0.4889
5604,restent,0.5005,0.5711
5605,pille,0.5004,0.6282
5606,viendroit,0.5004,0.4684
5607,refuge,0.5003,0.5898
5608,allarmes,0.5003,0.4571
5609,cruauté,0.5002,0.4093
5610,estimée,0.5002,0.5310
5611,mnme,0.5002,0.6285
5612,compose,0.5002,0.5385
5613,d'oublier,0.5001,0.5805
5614,gibier,0.5001,0.4693
5615,chaine,0.5001,0.5412
5616,ensorte,0.5000,0.5328
5617,pourvus,0.5000,0.4884
5618,tiroit,0.5000,0.3690
5619,fignifier,0.5000,0.5009
5620,domain,0.5000,0.3289
5621,iri,0.5000,0.4694
5622,laissé,0.4999,0.4657
5623,ravi,0.4999,0.3644
5624,prodigieuse,0.4999,0.4561
5625,successivement,0.4999,0.4962
5626,allés,0.4998,0.5472
5627,fabriques,0.4998,0.4845
5628,peindre,0.4998,0.5423
5629,pied,0.4997,0.5505
5630,s'entretenir,0.4997,0.5570
5631,relevent,0.4996,0.4620
5632,lisant,0.4996,0.5032
5633,réel,0.4996,0.4450
5634,renvoie,0.4996,0.5065
5635,nf,0.4996,0.5020
5636,jurisdiction,0.4996,0.5211
5637,vanité,0.4996,0.4400
5638,s'en,0.4995,0.4942
5639,l'événement,0.4995,0.5373
5640,will,0.4995,0.3932
5641,fervant,0.4994,0.5556
5642,cett,0.4994,0.5933
5643,réduite,0.4993,0.5563
5644,brisé,0.4993,0.4759
5645,chancelier,0.4993,0.5227
5646,résoudre,0.4993,0.4374
5647,consciences,0.4993,0.4818
5648,entr,0.4993,0.5144
5649,tirer,0.4992,0.5048
5650,l'c,0.4992,0.5492
5651,suisse,0.4992,0.5636
5652,communiquée,0.4992,0.5484
5653,qa,0.4992,0.4951
5654,contr'eux,0.4992,0.4870
5655,raisin,0.4992,0.5091
5656,domestiques,0.4991,0.5048
5657,fontaine,0.4991,0.4629
5658,traduit,0.4991,0.3970
5659,tn,0.4991,0.5293
5660,mre,0.4990,0.6483
5661,devoir,0.4990,0.5644
5662,augmentoit,0.4990,0.5659
5663,pénible,0.4990,0.4922
5664,rencontre,0.4990,0.5681
5665,cic,0.4989,0.5417
5666,fou,0.4989,0.5920
5667,enten,0.4989,0.6045
5668,queues,0.4989,0.4900
5669,ante,0.4989,0.5326
5670,normand,0.4989,0.5567
5671,d'animaux,0.4988,0.4479
5672,fj,0.4988,0.4852
5673,l'admiration,0.4988,0.5133
5674,usages,0.4988,0.5491
5675,excessive,0.4988,0.5226
5676,iers,0.4987,0.4815
5677,ols,0.4987,0.4253
5678,renfort,0.4987,0.6164
5679,d'acheter,0.4987,0.5460
5680,clermont,0.4986,0.3953
5681,d'impatience,0.4986,0.4772
5682,sn,0.4986,0.5205
5683,d'officiers,0.4986,0.5826
5684,accompagnent,0.4986,0.4981
5685,passant,0.4986,0.6076
5686,c'a,0.4986,0.4208
5687,envieux,0.4986,0.4695
5688,but,0.4985,0.4360
5689,habile,0.4985,0.4763
5690,causent,0.4985,0.5140
5691,accompagnée,0.4985,0.5208
5692,mart,0.4984,0.5876
5693,qu'au,0.4984,0.5482
5694,surprenant,0.4984,0.5202
5695,peste,0.4984,0.4493
5696,etrangeres,0.4984,0.5184
5697,l'élévation,0.4984,0.6162
5698,pousser,0.4984,0.5052
5699,poussé,0.4984,0.5031
5700,isi,0.4983,0.5294
5701,ilt,0.4983,0.4793
5702,claire,0.4983,0.4393
5703,réformation,0.4983,0.4767
5704,ruine,0.4983,0.4611
5705,l'affection,0.4982,0.5334
5706,épreuve,0.4982,0.4901
5707,uine,0.4982,0.5623
5708,éloignement,0.4982,0.5038
5709,l'engager,0.4981,0.5215
5710,aigre,0.4981,0.4676
5711,fatis,0.4981,0.4356
5712,regne,0.4981,0.4581
5713,bénéfice,0.4980,0.5282
5714,due,0.4980,0.5199
5715,entrez,0.4980,0.5168
5716,hs,0.4980,0.5670
5717,dn,0.4979,0.5158
5718,l'urine,0.4979,0.5310
5719,donr,0.4979,0.5604
5720,exprimer,0.4979,0.4388
5721,bourbon,0.4979,0.4725
5722,daniel,0.4979,0.4486
5723,drois,0.4979,0.5742
5724,yous,0.4979,0.4995
5725,ka,0.4978,0.5573
5726,exercices,0.4978,0.5779
5727,piés,0.4978,0.4494
5728,laifle,0.4978,0.5612
5729,d'admirer,0.4977,0.5168
5730,dcux,0.4977,0.5116
5731,plaisant,0.4976,0.4999
5732,duo,0.4976,0.5220
5733,esse,0.4975,0.5173
5734,vente,0.4975,0.5151
5735,vainement,0.4975,0.5451
5736,avancer,0.4975,0.5137
5737,autour,0.4975,0.4846
5738,signé,0.4975,0.4482
5739,mcs,0.4974,0.6235
5740,menacé,0.4974,0.5078
5741,monta,0.4974,0.4949
5742,familiers,0.4974,0.4970
5743,l'interêt,0.4973,0.5305
5744,atteinte,0.4973,0.4605
5745,célébrer,0.4973,0.5020
5746,infortuné,0.4973,0.4860
5747,ient,0.4972,0.4912
5748,dei,0.4971,0.5437
5749,d'estime,0.4971,0.4764
5750,grosseur,0.4971,0.4588
5751,d'exprimer,0.4971,0.6006
5752,marin,0.4971,0.5793
5753,appuyé,0.4971,0.4828
5754,fors,0.4970,0.5879
5755,manuscrits,0.4970,0.5828
5756,pompes,0.4970,0.5069
5757,lae,0.4969,0.5633
5758,quli,0.4969,0.5498
5759,rv,0.4969,0.4718
5760,huissier,0.4969,0.2918
5761,divinité,0.4969,0.5818
5762,tcs,0.4968,0.5455
5763,leçons,0.4968,0.4847
5764,craignons,0.4967,0.4541
5765,complots,0.4967,0.4029
5766,cci,0.4966,0.4999
5767,fel,0.4966,0.4750
5768,ous,0.4966,0.5099
5769,injures,0.4966,0.4016
5770,occasion,0.4966,0.4934
5771,suivit,0.4966,0.5218
5772,vivons,0.4965,0.4222
5773,orange,0.4965,0.5328
5774,caracteres,0.4965,0.5191
5775,rues,0.4964,0.4955
5776,commerces,0.4964,0.4799
5777,casse,0.4964,0.5131
5778,fondemens,0.4963,0.4404
5779,christophe,0.4963,0.4943
5780,d'a,0.4963,0.6162
5781,tinrent,0.4962,0.4877
5782,iiu,0.4962,0.5221
5783,bourges,0.4961,0.3977
5784,commencera,0.4961,0.5249
5785,signifient,0.4960,0.5574
5786,cours,0.4960,0.5113
5787,retiennent,0.4960,0.5388
5788,suivi,0.4960,0.4813
5789,lce,0.4959,0.5311
5790,réduction,0.4959,0.6223
5791,oil,0.4958,0.5614
5792,lins,0.4957,0.5834
5793,tourner,0.4957,0.5748
5794,cabinet,0.4956,0.3935
5795,rp,0.4956,0.5225
5796,lau,0.4956,0.6333
5797,c'els,0.4955,0.4954
5798,l'esclave,0.4954,0.5737
5799,ajoute,0.4954,0.5723
5800,lorsqu'il,0.4954,0.5075
5801,die,0.4954,0.6178
5802,ponts,0.4953,0.5017
5803,humaine,0.4953,0.5215
5804,sciences,0.4953,0.4540
5805,ouvrant,0.4953,0.5170
5806,greffier,0.4953,0.4277
5807,fieurs,0.4953,0.5023
5808,grasse,0.4953,0.4701
5809,cession,0.4953,0.4634
5810,genou,0.4953,0.4319
5811,filets,0.4953,0.4731
5812,richard,0.4953,0.4973
5813,maxime,0.4952,0.4987
5814,iix,0.4952,0.4975
5815,voisine,0.4952,0.4956
5816,enleva,0.4952,0.5829
5817,honnêtes,0.4952,0.4232
5818,pardonnez,0.4951,0.4358
5819,d'instruire,0.4951,0.5422
5820,elf,0.4951,0.4667
5821,pls,0.4951,0.5659
5822,s'enrichir,0.4951,0.5084
5823,butin,0.4950,0.5530
5824,zz,0.4950,0.5104
5825,cabales,0.4950,0.4181
5826,frontieres,0.4950,0.4560
5827,d'afrique,0.4950,0.5537
5828,dépendant,0.4950,0.5556
5829,fecourir,0.4949,0.5329
5830,feur,0.4949,0.6009
5831,ins,0.4949,0.5217
5832,fidélité,0.4949,0.4475
5833,voi,0.4948,0.5431
5834,ferdinand,0.4948,0.4519
5835,rii,0.4948,0.4818
5836,mille,0.4947,0.5185
5837,ct,0.4947,0.5466
5838,tribu,0.4947,0.4819
5839,respects,0.4947,0.4246
5840,inconnus,0.4946,0.4259
5841,uu,0.4946,0.5475
5842,elc,0.4946,0.6309
5843,aife,0.4946,0.4729
5844,commissaires,0.4946,0.4613
5845,d'abus,0.4946,0.5498
5846,queje,0.4945,0.5090
5847,impies,0.4944,0.5436
5848,registre,0.4944,0.5002
5849,approuvé,0.4944,0.4489
5850,surmonter,0.4944,0.4730
5851,élevez,0.4944,0.5586
5852,tcr,0.4943,0.5247
5853,haine,0.4943,0.4066
5854,tirez,0.4943,0.5402
5855,perdit,0.4942,0.4868
5856,gardez,0.4942,0.5230
5857,nm,0.4941,0.4827
5858,madrid,0.4941,0.5506
5859,exposés,0.4941,0.4139
5860,sujer,0.4941,0.5091
5861,président,0.4941,0.6066
5862,aucunement,0.4941,0.5914
5863,saine,0.4940,0.5993
5864,mus,0.4940,0.5116
5865,inventer,0.4939,0.4291
5866,pratiquent,0.4939,0.4776
5867,corpus,0.4939,0.3987
5868,exposez,0.4938,0.6072
5869,lorraine,0.4938,0.4640
5870,confulat,0.4938,0.3648
5871,lg,0.4938,0.5041
5872,ouvrier,0.4938,0.5443
5873,foixante,0.4938,0.4932
5874,ry,0.4938,0.4880
5875,lir,0.4937,0.5540
5876,moilon,0.4937,0.4848
5877,ele,0.4936,0.5718
5878,idem,0.4936,0.6220
5879,d'etre,0.4936,0.5775
5880,sacrement,0.4936,0.5231
5881,combler,0.4936,0.4196
5882,savon,0.4936,0.4140
5883,defaire,0.4936,0.5690
5884,metre,0.4935,0.6241
5885,queue,0.4934,0.4540
5886,doute,0.4934,0.4561
5887,qu'i,0.4933,0.5271
5888,employe,0.4933,0.4981
5889,pauvre,0.4933,0.5467
5890,certain,0.4933,0.4808
5891,plane,0.4933,0.4899
5892,paternel,0.4932,0.5009
5893,valeur,0.4932,0.5739
5894,augmenté,0.4932,0.5511
5895,l'épouser,0.4932,0.5217
5896,sembla,0.4932,0.5606
5897,convertit,0.4932,0.4935
5898,compte,0.4932,0.5640
5899,am,0.4931,0.5418
5900,durera,0.4930,0.5664
5901,richement,0.4930,0.5531
5902,causer,0.4930,0.4449
5903,directement,0.4930,0.5089
5904,manquoit,0.4929,0.5062
5905,retenus,0.4929,0.4813
5906,semblait,0.4929,0.5290
5907,régler,0.4929,0.4169
5908,incessamment,0.4929,0.4609
5909,abandonné,0.4928,0.4696
5910,infailliblement,0.4928,0.5396
5911,ess,0.4928,0.5150
5912,meurtre,0.4928,0.5377
5913,cham,0.4927,0.5383
5914,os,0.4927,0.5196
5915,secret,0.4927,0.6067
5916,gregoire,0.4927,0.4811
5917,modele,0.4927,0.5086
5918,rb,0.4927,0.5117
5919,eme,0.4926,0.6074
5920,confia,0.4926,0.5286
5921,croupe,0.4926,0.4881
5922,manque,0.4925,0.4945
5923,d'attirer,0.4925,0.5220
5924,attentat,0.4924,0.4183
5925,peu,0.4924,0.5018
5926,dose,0.4924,0.5603
5927,séparée,0.4924,0.5432
5928,sauvez,0.4924,0.5638
5929,what,0.4923,0.3386
5930,discipline,0.4923,0.4588
5931,garnir,0.4923,0.5001
5932,conséquence,0.4923,0.4459
5933,quo,0.4922,0.5308
5934,poin,0.4922,0.5759
5935,représente,0.4922,0.4901
5936,bol,0.4921,0.5144
5937,annoncé,0.4921,0.4802
5938,relief,0.4921,0.5459
5939,commençons,0.4921,0.5840
5940,douzaine,0.4921,0.4775
5941,insupportable,0.4920,0.4362
5942,batteries,0.4920,0.5377
5943,daigne,0.4920,0.5736
5944,rm,0.4920,0.4737
5945,d'espérance,0.4920,0.5177
5946,accroire,0.4919,0.4933
5947,orages,0.4919,0.4287
5948,parfums,0.4918,0.5188
5949,vives,0.4918,0.4831
5950,pourpre,0.4917,0.5101
5951,di,0.4917,0.5616
5952,qu'avec,0.4917,0.5228
5953,maximes,0.4917,0.4209
5954,continuel,0.4917,0.4367
5955,actuellement,0.4917,0.5558
5956,profité,0.4917,0.5306
5957,ner,0.4917,0.4755
5958,vilain,0.4917,0.4488
5959,extrême,0.4917,0.5360
5960,caux,0.4916,0.5941
5961,magnifiquement,0.4916,0.5430
5962,suivre,0.4916,0.5620
5963,comptables,0.4915,0.5002
5964,l'entretenir,0.4914,0.5551
5965,avancé,0.4914,0.5368
5966,traits,0.4914,0.5115
5967,suc,0.4913,0.4929
5968,inde,0.4913,0.4940
5969,l'imagination,0.4913,0.5516
5970,tis,0.4913,0.4748
5971,cuve,0.4912,0.5192
5972,coeur,0.4912,0.4951
5973,décide,0.4912,0.4680
5974,fols,0.4912,0.4704
5975,tx,0.4911,0.5299
5976,hait,0.4911,0.5361
5977,puissants,0.4911,0.5640
5978,multiplier,0.4911,0.4391
5979,paresse,0.4910,0.4996
5980,mlle,0.4910,0.5352
5981,placet,0.4910,0.5321
5982,comedie,0.4909,0.5272
5983,quoiqu,0.4909,0.5637
5984,curieux,0.4908,0.5326
5985,dri,0.4908,0.5317
5986,obligent,0.4907,0.5763
5987,savoie,0.4907,0.4588
5988,lers,0.4907,0.5378
5989,malgré,0.4907,0.4377
5990,aisée,0.4907,0.4172
5991,dissolution,0.4907,0.5089
5992,toucha,0.4907,0.5501
5993,vendeurs,0.4907,0.6110
5994,humaines,0.4906,0.4640
5995,bernard,0.4906,0.4878
5996,angélique,0.4906,0.4278
5997,trc,0.4906,0.5634
5998,réputation,0.4906,0.4140
5999,heureuses,0.4905,0.4793
6000,commet,0.4905,0.5095
6001,saisis,0.4905,0.4396
6002,conseiller,0.4904,0.4509
6003,violente,0.4904,0.4565
6004,proposer,0.4904,0.4651
6005,judicieux,0.4904,0.4742
6006,refert,0.4904,0.4827
6007,d'appeller,0.4904,0.5517
6008,contraires,0.4904,0.4355
6009,attribuent,0.4904,0.5420
6010,let,0.4904,0.5209
6011,éprouvé,0.4904,0.4403
6012,pece,0.4903,0.4768
6013,majeure,0.4903,0.6155
6014,dires,0.4903,0.4901
6015,appellées,0.4902,0.3993
6016,evangile,0.4902,0.4610
6017,acre,0.4902,0.5108
6018,mers,0.4902,0.4775
6019,parcequ'il,0.4902,0.5560
6020,personnellement,0.4901,0.6435
6021,paser,0.4901,0.4482
6022,éloigne,0.4901,0.4771
6023,libres,0.4901,0.4700
6024,d'ours,0.4901,0.5019
6025,germe,0.4901,0.4915
6026,bourgeois,0.4900,0.5694
6027,foire,0.4899,0.5307
6028,astres,0.4899,0.4419
6029,sois,0.4899,0.5152
6030,finit,0.4898,0.5507
6031,dux,0.4897,0.5310
6032,ajouté,0.4897,0.5026
6033,merlin,0.4897,0.4448
6034,libertinage,0.4897,0.5189
6035,d'esclaves,0.4897,0.5258
6036,main,0.4897,0.5915
6037,ouvertes,0.4896,0.4636
6038,l'audace,0.4896,0.4418
6039,cherchons,0.4896,0.4720
6040,connoît,0.4895,0.4445
6041,divertit,0.4895,0.5236
6042,plumes,0.4895,0.4248
6043,ys,0.4895,0.5113
6044,vaincre,0.4895,0.4434
6045,ines,0.4895,0.5834
6046,politique,0.4894,0.4342
6047,d'allemagne,0.4894,0.4534
6048,emportement,0.4893,0.4291
6049,exposée,0.4893,0.5180
6050,marier,0.4893,0.5541
6051,dehors,0.4892,0.5306
6052,pourri,0.4892,0.5382
6053,volé,0.4892,0.4716
6054,intelligences,0.4892,0.4557
6055,ordonner,0.4892,0.5481
6056,ril,0.4892,0.4928
6057,victorieux,0.4891,0.4653
6058,outrages,0.4891,0.4227
6059,ssi,0.4890,0.5329
6060,génération,0.4890,0.4670
6061,scr,0.4890,0.5440
6062,puiflance,0.4890,0.4713
6063,commandement,0.4890,0.5378
6064,organes,0.4890,0.4425
6065,l'inquiétude,0.4890,0.5066
6066,qr,0.4889,0.5156
6067,moscovie,0.4889,0.4727
6068,apercevoir,0.4889,0.4767
6069,pressa,0.4889,0.4454
6070,million,0.4889,0.5459
6071,devine,0.4888,0.5054
6072,gardée,0.4887,0.5120
6073,ld,0.4887,0.4666
6074,indignement,0.4887,0.5550
6075,miséricorde,0.4887,0.5483
6076,anges,0.4887,0.5116
6077,tutelle,0.4887,0.5461
6078,constamment,0.4886,0.5970
6079,voyages,0.4886,0.5263
6080,tendent,0.4886,0.5225
6081,froidement,0.4886,0.4770
6082,leve,0.4886,0.4307
6083,croissant,0.4886,0.5154
6084,jacques,0.4886,0.4820
6085,if,0.4886,0.5699
6086,malignité,0.4885,0.4706
6087,d'avantage,0.4885,0.5709
6088,taches,0.4885,0.4471
6089,conformement,0.4885,0.4897
6090,ecrits,0.4885,0.3336
6091,espagnol,0.4884,0.4830
6092,revolution,0.4884,0.6027
6093,ronde,0.4884,0.3884
6094,abondante,0.4883,0.4543
6095,l'effort,0.4883,0.4983
6096,lrs,0.4882,0.5309
6097,airs,0.4882,0.4397
6098,héros,0.4882,0.4562
6099,savoir,0.4882,0.3844
6100,bénédiction,0.4882,0.5872
6101,nle,0.4882,0.5261
6102,progrès,0.4882,0.4904
6103,excufe,0.4881,0.5142
6104,agité,0.4881,0.4508
6105,bêtes,0.4881,0.5360
6106,seigneur,0.4881,0.5970
6107,flit,0.4880,0.5507
6108,laissent,0.4880,0.4292
6109,cg,0.4880,0.5171
6110,zc,0.4880,0.4370
6111,joints,0.4880,0.4733
6112,lifant,0.4879,0.5256
6113,doré,0.4878,0.4548
6114,presente,0.4878,0.5461
6115,goutte,0.4878,0.4908
6116,provin,0.4878,0.4312
6117,reg,0.4878,0.5099
6118,blé,0.4878,0.5272
6119,nd,0.4877,0.5049
6120,apôtre,0.4877,0.4331
6121,arrêta,0.4877,0.5284
6122,moyens,0.4876,0.5029
6123,inventé,0.4876,0.5391
6124,epi,0.4876,0.5689
6125,ricn,0.4875,0.5421
6126,àa,0.4875,0.5863
6127,bains,0.4875,0.4323
6128,contrevenir,0.4875,0.4806
6129,canal,0.4875,0.5046
6130,l'ennemi,0.4874,0.4936
6131,zéle,0.4874,0.4098
6132,deviné,0.4874,0.5321
6133,s'explique,0.4874,0.5027
6134,diamant,0.4874,0.4569
6135,voie,0.4874,0.4275
6136,l'équipage,0.4874,0.6080
6137,honorable,0.4873,0.5185
6138,charge,0.4872,0.5209
6139,répandent,0.4872,0.4233
6140,vigilance,0.4872,0.4504
6141,héroïque,0.4872,0.5363
6142,suprême,0.4872,0.4764
6143,flatter,0.4871,0.3812
6144,infatigable,0.4871,0.5329
6145,corrompue,0.4871,0.5140
6146,retarder,0.4871,0.5576
6147,converti,0.4871,0.4914
6148,ett,0.4871,0.5416
6149,prolonger,0.4871,0.5695
6150,procédure,0.4871,0.5679
6151,trcs,0.4870,0.5514
6152,manqué,0.4870,0.4403
6153,demi,0.4870,0.4432
6154,orgueilleux,0.4870,0.4993
6155,tyran,0.4870,0.4862
6156,déclarons,0.4870,0.3407
6157,vivres,0.4869,0.4956
6158,ati,0.4869,0.5538
6159,juger,0.4869,0.5205
6160,aj,0.4869,0.4972
6161,ales,0.4869,0.5816
6162,armes,0.4869,0.5482
6163,modes,0.4868,0.4871
6164,crurent,0.4868,0.4144
6165,succede,0.4868,0.4793
6166,formes,0.4867,0.5784
6167,lle,0.4867,0.5158
6168,ccux,0.4867,0.4952
6169,traita,0.4867,0.4821
6170,l'original,0.4867,0.3993
6171,qti,0.4867,0.5190
6172,robes,0.4867,0.3642
6173,disposer,0.4866,0.4828
6174,attribuer,0.4866,0.4975
6175,pleins,0.4866,0.4452
6176,sicile,0.4866,0.4995
6177,ri,0.4866,0.5709
6178,telle,0.4866,0.5413
6179,lorsqu'ils,0.4865,0.4949
6180,immortel,0.4865,0.5445
6181,oins,0.4865,0.6427
6182,criminel,0.4865,0.5360
6183,venir,0.4865,0.4846
6184,sis,0.4865,0.5227
6185,attendu,0.4865,0.5872
6186,défendre,0.4865,0.4799
6187,chaste,0.4864,0.5927
6188,poësie,0.4864,0.4594
6189,l'oreille,0.4863,0.6293
6190,inspiré,0.4863,0.5876
6191,grégoire,0.4862,0.3823
6192,préalable,0.4862,0.4210
6193,six,0.4861,0.5274
6194,oeuvres,0.4861,0.6125
6195,d'ouvrage,0.4861,0.5683
6196,peaux,0.4860,0.4416
6197,savans,0.4859,0.4577
6198,roule,0.4859,0.4433
6199,attend,0.4859,0.4641
6200,impressions,0.4858,0.5039
6201,sentons,0.4858,0.3912
6202,interprétation,0.4858,0.5472
6203,épargné,0.4858,0.5076
6204,différemment,0.4858,0.5830
6205,nde,0.4858,0.5317
6206,luimême,0.4857,0.5702
6207,exécuté,0.4857,0.5252
6208,he,0.4857,0.4528
6209,réglées,0.4857,0.4765
6210,aillent,0.4857,0.4841
6211,forains,0.4857,0.5048
6212,notoire,0.4856,0.4700
6213,afez,0.4856,0.5399
6214,l'entour,0.4856,0.4910
6215,testament,0.4856,0.5844
6216,observée,0.4856,0.5064
6217,exploits,0.4855,0.5419
6218,autrc,0.4855,0.5558
6219,continuelles,0.4855,0.4439
6220,droits,0.4855,0.5027
6221,iw,0.4854,0.4645
6222,payeroit,0.4854,0.5530
6223,évidence,0.4854,0.4500
6224,entendue,0.4854,0.5009
6225,vr,0.4854,0.4858
6226,renfermer,0.4853,0.5142
6227,pardonne,0.4853,0.5020
6228,ini,0.4853,0.5023
6229,paste,0.4853,0.5401
6230,pores,0.4853,0.4689
6231,joueur,0.4853,0.5648
6232,religieuses,0.4852,0.4422
6233,calme,0.4852,0.4986
6234,perdoit,0.4852,0.5187
6235,discuter,0.4852,0.5632
6236,cannes,0.4852,0.5487
6237,rebellion,0.4851,0.5301
6238,comptent,0.4851,0.5458
6239,vendus,0.4850,0.4082
6240,ples,0.4850,0.4820
6241,laye,0.4850,0.5040
6242,insensibles,0.4849,0.4834
6243,tête,0.4849,0.5115
6244,versé,0.4849,0.5283
6245,aes,0.4848,0.4525
6246,gardent,0.4847,0.5041
6247,lyon,0.4847,0.4561
6248,mal,0.4847,0.4978
6249,suivez,0.4846,0.4381
6250,produire,0.4846,0.5381
6251,furieux,0.4846,0.4986
6252,secretes,0.4845,0.4809
6253,mentionnées,0.4845,0.4869
6254,prépare,0.4845,0.4888
6255,quart,0.4845,0.4196
6256,fii,0.4845,0.5498
6257,affecté,0.4845,0.4886
6258,prétexte,0.4845,0.3677
6259,sagesse,0.4844,0.4500
6260,ave,0.4844,0.5436
6261,vou,0.4842,0.5051
6262,excite,0.4842,0.4642
6263,générosité,0.4842,0.4480
6264,mutuel,0.4841,0.5146
6265,soo,0.4841,0.4876
6266,logé,0.4841,0.5246
6267,pasteur,0.4841,0.5383
6268,protéger,0.4841,0.4980
6269,ventes,0.4840,0.5856
6270,appliqué,0.4840,0.5104
6271,outre,0.4840,0.5114
6272,iso,0.4839,0.5556
6273,ict,0.4839,0.4919
6274,douter,0.4838,0.4469
6275,cultiver,0.4838,0.4960
6276,angles,0.4838,0.4853
6277,etienne,0.4838,0.4675
6278,cai,0.4837,0.4854
6279,ern,0.4837,0.5952
6280,jl,0.4837,0.5396
6281,suivans,0.4837,0.5260
6282,étudier,0.4837,0.5334
6283,syndic,0.4836,0.4458
6284,dro,0.4836,0.5583
6285,dispense,0.4836,0.4673
6286,semble,0.4836,0.6003
6287,séculiers,0.4836,0.4506
6288,détaché,0.4836,0.5822
6289,babylone,0.4836,0.5533
6290,mimes,0.4835,0.5394
6291,moit,0.4835,0.5076
6292,garda,0.4835,0.5248
6293,l'hôtel,0.4835,0.5947
6294,eni,0.4835,0.5506
6295,directeurs,0.4835,0.4427
6296,défaire,0.4834,0.4659
6297,ustion,0.4834,0.5632
6298,iic,0.4834,0.4700
6299,icurs,0.4834,0.5258
6300,hazard,0.4834,0.4299
6301,recevoir,0.4833,0.5299
6302,l'arrêter,0.4833,0.5679
6303,ham,0.4833,0.5350
6304,s'étonner,0.4833,0.5204
6305,ejt,0.4832,0.4747
6306,douaire,0.4832,0.5012
6307,enseignent,0.4832,0.5009
6308,comédie,0.4832,0.4462
6309,peser,0.4832,0.4503
6310,esc,0.4832,0.5676
6311,tenir,0.4832,0.4987
6312,modération,0.4832,0.4715
6313,envoyer,0.4831,0.4597
6314,infiniment,0.4831,0.5837
6315,fief,0.4831,0.4027
6316,jeux,0.4830,0.4850
6317,musiciens,0.4830,0.4888
6318,complot,0.4830,0.4508
6319,femelles,0.4830,0.4700
6320,patron,0.4829,0.5942
6321,l'objet,0.4829,0.4969
6322,cadet,0.4829,0.4885
6323,corruption,0.4829,0.4666
6324,ien,0.4829,0.5582
6325,mouche,0.4829,0.4278
6326,servie,0.4829,0.5272
6327,ee,0.4828,0.5850
6328,mil,0.4828,0.4937
6329,traitement,0.4828,0.4366
6330,danger,0.4828,0.4375
6331,pinte,0.4828,0.3051
6332,eci,0.4828,0.5786
6333,éprouver,0.4827,0.5181
6334,pontificat,0.4826,0.4567
6335,pratiquer,0.4826,0.4531
6336,yc,0.4825,0.4864
6337,permettant,0.4825,0.4510
6338,clefs,0.4824,0.5091
6339,charlemagne,0.4824,0.5483
6340,d'alexandrie,0.4824,0.4798
6341,teinte,0.4824,0.6349
6342,judiciaire,0.4824,0.5839
6343,nouveauté,0.4824,0.4311
6344,écrit,0.4823,0.5001
6345,servir,0.4823,0.4496
6346,solliciter,0.4823,0.5873
6347,lis,0.4822,0.6258
6348,extérieur,0.4821,0.5071
6349,milieu,0.4821,0.4706
6350,justes,0.4820,0.4534
6351,int,0.4820,0.5163
6352,accepter,0.4819,0.4955
6353,craignant,0.4819,0.5108
6354,préparer,0.4819,0.5675
6355,joui,0.4819,0.5138
6356,publier,0.4819,0.5045
6357,mauvaises,0.4819,0.4737
6358,malheureusement,0.4819,0.5777
6359,trahison,0.4817,0.4472
6360,rangées,0.4817,0.5124
6361,marquent,0.4817,0.4903
6362,aix,0.4817,0.5546
6363,mad,0.4817,0.5944
6364,royaume,0.4816,0.5300
6365,ambitieux,0.4816,0.4292
6366,glorieux,0.4816,0.4956
6367,mc,0.4815,0.5609
6368,journée,0.4815,0.4616
6369,lur,0.4815,0.5611
6370,nj,0.4814,0.4846
6371,physique,0.4814,0.4772
6372,divertir,0.4814,0.4177
6373,eb,0.4814,0.5231
6374,dès,0.4814,0.4819
6375,large,0.4814,0.4382
6376,dum,0.4814,0.4281
6377,percer,0.4814,0.4850
6378,elus,0.4813,0.5500
6379,foires,0.4813,0.4302
6380,immédiatement,0.4813,0.4645
6381,vénérable,0.4813,0.5494
6382,dudir,0.4812,0.3712
6383,uil,0.4812,0.5225
6384,agneau,0.4812,0.5535
6385,vin,0.4812,0.4883
6386,end,0.4812,0.5199
6387,necessaires,0.4812,0.4207
6388,d'efpagne,0.4812,0.4924
6389,pressant,0.4811,0.4698
6390,reconnaissance,0.4811,0.4224
6391,régie,0.4811,0.4886
6392,entrés,0.4811,0.4631
6393,fenêtre,0.4811,0.4426
6394,combat,0.4810,0.4747
6395,liber,0.4809,0.6135
6396,eues,0.4809,0.5033
6397,xxxvi,0.4809,0.4557
6398,d'orange,0.4809,0.4874
6399,moyenne,0.4809,0.5256
6400,perfonne,0.4809,0.4894
6401,d'ouvrir,0.4808,0.5013
6402,mans,0.4808,0.5337
6403,dangereuses,0.4808,0.4606
6404,apparente,0.4807,0.4877
6405,goûté,0.4806,0.5630
6406,emploi,0.4806,0.4146
6407,concile,0.4806,0.4568
6408,corrigé,0.4806,0.4597
6409,lutte,0.4806,0.6006
6410,médecins,0.4805,0.5365
6411,personnage,0.4805,0.5034
6412,lk,0.4805,0.5789
6413,rendis,0.4805,0.4753
6414,c'ct,0.4804,0.4917
6415,vices,0.4804,0.4612
6416,pont,0.4804,0.6022
6417,icl,0.4804,0.5204
6418,avoir,0.4803,0.4076
6419,intervenu,0.4802,0.4102
6420,manquent,0.4802,0.4233
6421,embrassé,0.4801,0.4778
6422,lai,0.4801,0.5948
6423,refroidir,0.4801,0.4731
6424,donnés,0.4800,0.4780
6425,idoles,0.4800,0.4458
6426,led,0.4800,0.5604
6427,voici,0.4800,0.5388
6428,parente,0.4799,0.4884
6429,sauvage,0.4799,0.4536
6430,fontes,0.4799,0.5473
6431,puy,0.4799,0.4725
6432,supporter,0.4799,0.4721
6433,entrant,0.4799,0.4977
6434,cardinaux,0.4798,0.4409
6435,td,0.4798,0.4897
6436,éducation,0.4798,0.4808
6437,tours,0.4798,0.5133
6438,réjouit,0.4798,0.4940
6439,apprend,0.4798,0.4878
6440,espagnoles,0.4798,0.4882
6441,exiger,0.4797,0.4078
6442,cite,0.4797,0.5155
6443,age,0.4797,0.5054
6444,this,0.4797,0.4757
6445,iet,0.4797,0.5358
6446,l'unité,0.4797,0.4961
6447,redoutables,0.4797,0.5017
6448,assignations,0.4797,0.4608
6449,j'en,0.4797,0.5295
6450,fixé,0.4796,0.4852
6451,l'adresse,0.4796,0.5433
6452,acheva,0.4796,0.5111
6453,sitôt,0.4795,0.5090
6454,arcs,0.4795,0.4328
6455,traités,0.4794,0.4210
6456,ingrats,0.4794,0.5634
6457,icelles,0.4793,0.4382
6458,d'épouser,0.4793,0.5314
6459,irr,0.4793,0.4834
6460,azile,0.4793,0.4190
6461,trêve,0.4793,0.5493
6462,mê,0.4793,0.4832
6463,lieutenant,0.4792,0.4424
6464,bs,0.4792,0.5002
6465,raiyon,0.4792,0.5095
6466,clodius,0.4791,0.4937
6467,copies,0.4791,0.5170
6468,colin,0.4791,0.5309
6469,nud,0.4791,0.4766
6470,pc,0.4790,0.5011
6471,celui,0.4790,0.4880
6472,cuirs,0.4790,0.4256
6473,meilleure,0.4790,0.5140
6474,ae,0.4790,0.5026
6475,méprisé,0.4790,0.4764
6476,iin,0.4789,0.5100
6477,superstition,0.4788,0.4688
6478,répondra,0.4788,0.5157
6479,l'abbé,0.4787,0.4938
6480,précis,0.4787,0.4663
6481,jalouse,0.4787,0.4760
6482,sortant,0.4787,0.4736
6483,remplie,0.4786,0.4538
6484,caution,0.4786,0.4898
6485,prop,0.4786,0.5792
6486,jardinier,0.4786,0.4932
6487,joignit,0.4785,0.4353
6488,creuse,0.4785,0.4817
6489,s'amuser,0.4785,0.5505
6490,l'encens,0.4785,0.5144
6491,antiquité,0.4785,0.4559
6492,destine,0.4785,0.5139
6493,cti,0.4784,0.5259
6494,rci,0.4784,0.4983
6495,ecoles,0.4784,0.4897
6496,dcl,0.4784,0.5237
6497,dures,0.4784,0.4561
6498,ud,0.4783,0.4782
6499,courtiers,0.4783,0.5111
6500,tle,0.4783,0.5606
6501,citron,0.4783,0.4284
6502,sce,0.4783,0.5798
6503,unir,0.4783,0.5362
6504,entreprit,0.4782,0.4930
6505,légitimement,0.4782,0.4782
6506,sévère,0.4782,0.4765
6507,villa,0.4781,0.5630
6508,las,0.4781,0.5956
6509,entretenir,0.4781,0.5241
6510,galle,0.4780,0.5298
6511,tuoient,0.4780,0.5049
6512,réduits,0.4780,0.4371
6513,battant,0.4780,0.5420
6514,absolue,0.4780,0.4619
6515,paradis,0.4780,0.5619
6516,oz,0.4779,0.5007
6517,germains,0.4779,0.4794
6518,taken,0.4779,0.2972
6519,marais,0.4778,0.4787
6520,mni,0.4778,0.5287
6521,l'autel,0.4778,0.4520
6522,copier,0.4778,0.5343
6523,succetteur,0.4777,0.5052
6524,verres,0.4777,0.5250
6525,charte,0.4776,0.4855
6526,paires,0.4775,0.4898
6527,zooo,0.4775,0.5184
6528,fourni,0.4775,0.4685
6529,last,0.4775,0.4575
6530,tarif,0.4774,0.4910
6531,coquette,0.4774,0.4570
6532,ev,0.4774,0.4965
6533,ior,0.4774,0.5138
6534,présenter,0.4774,0.4509
6535,subtilité,0.4774,0.4955
6536,contestations,0.4773,0.5254
6537,anima,0.4773,0.4709
6538,renferment,0.4773,0.4373
6539,couleurs,0.4773,0.4271
6540,prévoyance,0.4773,0.5283
6541,arrête,0.4773,0.4583
6542,l'enfance,0.4773,0.5372
6543,affront,0.4773,0.3953
6544,ii,0.4773,0.5477
6545,not,0.4772,0.4748
6546,modeste,0.4772,0.5377
6547,icn,0.4772,0.5176
6548,pleurer,0.4772,0.4599
6549,dec,0.4771,0.5095
6550,volent,0.4771,0.4687
6551,particules,0.4770,0.4478
6552,romaines,0.4770,0.4828
6553,decrets,0.4770,0.4411
6554,cruels,0.4770,0.4395
6555,m'arrêter,0.4770,0.4996
6556,text,0.4770,0.3753
6557,façons,0.4769,0.3886
6558,branches,0.4768,0.4128
6559,ecus,0.4768,0.4994
6560,conclue,0.4768,0.5439
6561,comment,0.4767,0.5399
6562,secondé,0.4767,0.5132
6563,col,0.4767,0.5548
6564,maréchal,0.4767,0.4435
6565,appar,0.4766,0.4940
6566,tb,0.4766,0.5533
6567,brutal,0.4766,0.5401
6568,objections,0.4766,0.4449
6569,partisans,0.4766,0.4689
6570,folides,0.4766,0.5141
6571,conçoit,0.4765,0.4582
6572,homines,0.4765,0.4427
6573,jeunesse,0.4765,0.5012
6574,gentilhomme,0.4765,0.4701
6575,domino,0.4765,0.5360
6576,ceur,0.4764,0.4999
6577,c'clt,0.4763,0.4209
6578,icu,0.4763,0.5447
6579,ajouter,0.4762,0.5025
6580,yi,0.4762,0.5141
6581,recevant,0.4762,0.5193
6582,devenant,0.4762,0.5448
6583,accompagnées,0.4762,0.4521
6584,moine,0.4762,0.4956
6585,attribue,0.4761,0.5096
6586,tronc,0.4761,0.4584
6587,dte,0.4761,0.5472
6588,emparé,0.4761,0.4153
6589,modéré,0.4761,0.5219
6590,personnelle,0.4761,0.4954
6591,débauché,0.4760,0.5249
6592,brie,0.4760,0.5155
6593,cologne,0.4760,0.4335
6594,contenir,0.4758,0.4985
6595,aîles,0.4758,0.4575
6596,chante,0.4758,0.4835
6597,évidente,0.4758,0.4853
6598,comme,0.4757,0.4986
6599,l'animal,0.4757,0.5907
6600,enlever,0.4755,0.4624
6601,obscur,0.4755,0.4804
6602,vot,0.4755,0.5720
6603,attendre,0.4754,0.4472
6604,confier,0.4754,0.5652
6605,soumis,0.4754,0.4161
6606,suit,0.4754,0.4261
6607,principal,0.4753,0.4738
6608,affligée,0.4753,0.5324
6609,arrivés,0.4753,0.4456
6610,indubitable,0.4753,0.4935
6611,railleries,0.4753,0.3756
6612,l'obscurité,0.4752,0.4609
6613,foudre,0.4752,0.4915
6614,leon,0.4752,0.4724
6615,bourgs,0.4751,0.5487
6616,communément,0.4750,0.5590
6617,agitée,0.4749,0.4802
6618,l'aide,0.4749,0.5467
6619,passera,0.4748,0.5417
6620,montrant,0.4748,0.5830
6621,inconvenient,0.4748,0.3296
6622,rétablie,0.4748,0.4866
6623,conception,0.4748,0.5598
6624,diables,0.4748,0.4534
6625,fours,0.4748,0.5446
6626,dul,0.4747,0.5018
6627,aussitôt,0.4747,0.4924
6628,rome,0.4747,0.5262
6629,blois,0.4747,0.5259
6630,éclater,0.4747,0.4406
6631,découvert,0.4746,0.5427
6632,those,0.4746,0.3009
6633,moururent,0.4746,0.5848
6634,sommet,0.4746,0.4923
6635,travaillez,0.4745,0.5265
6636,dles,0.4744,0.5361
6637,joyeux,0.4744,0.5844
6638,religieuse,0.4744,0.4736
6639,formées,0.4744,0.4906
6640,charbon,0.4744,0.4795
6641,d'europe,0.4743,0.5255
6642,andré,0.4743,0.4436
6643,furie,0.4743,0.4796
6644,trompa,0.4743,0.5264
6645,aunes,0.4742,0.4040
6646,étonnée,0.4742,0.4719
6647,gr,0.4742,0.5744
6648,bourg,0.4741,0.4863
6649,bordeaux,0.4740,0.4463
6650,expressément,0.4740,0.4445
6651,en,0.4740,0.4848
6652,alpes,0.4740,0.4636
6653,fua,0.4740,0.4230
6654,troublée,0.4740,0.5564
6655,cachées,0.4739,0.4351
6656,réglés,0.4739,0.5629
6657,céleste,0.4739,0.4885
6658,solitaire,0.4739,0.5440
6659,declare,0.4739,0.4831
6660,univers,0.4738,0.4951
6661,l'extrême,0.4737,0.5425
6662,vicaires,0.4737,0.5146
6663,invisible,0.4737,0.5051
6664,flandres,0.4737,0.3784
6665,parfaite,0.4737,0.4781
6666,hâter,0.4736,0.5106
6667,suspect,0.4736,0.4811
6668,supplices,0.4736,0.4096
6669,paresseux,0.4736,0.5407
6670,tiré,0.4736,0.5078
6671,commanda,0.4736,0.4066
6672,demeurer,0.4735,0.5194
6673,noyer,0.4735,0.5463
6674,retient,0.4734,0.4889
6675,anis,0.4734,0.5699
6676,frir,0.4734,0.5248
6677,turent,0.4734,0.4925
6678,écouter,0.4733,0.5134
6679,péché,0.4733,0.4404
6680,cieux,0.4733,0.4789
6681,fiez,0.4733,0.4863
6682,paraissait,0.4733,0.4846
6683,reins,0.4733,0.5281
6684,l'eternel,0.4732,0.5339
6685,défendus,0.4732,0.4768
6686,années,0.4732,0.4781
6687,much,0.4732,0.3012
6688,laide,0.4731,0.5381
6689,donnes,0.4731,0.5499
6690,normandie,0.4731,0.5227
6691,d'ou,0.4731,0.4867
6692,formé,0.4730,0.5827
6693,clercs,0.4730,0.4193
6694,fiers,0.4730,0.4137
6695,essuyer,0.4730,0.4827
6696,éloigné,0.4729,0.4436
6697,emplois,0.4729,0.4924
6698,clu,0.4729,0.5594
6699,robe,0.4729,0.5083
6700,l'échange,0.4729,0.5334
6701,have,0.4728,0.4510
6702,fortement,0.4728,0.4826
6703,or,0.4728,0.5753
6704,d'exemple,0.4728,0.5688
6705,témoigne,0.4728,0.5622
6706,faveurs,0.4728,0.4438
6707,rares,0.4727,0.4714
6708,couvre,0.4727,0.4843
6709,frappa,0.4727,0.5378
6710,d'tre,0.4727,0.5847
6711,s'attendre,0.4727,0.4911
6712,brusque,0.4727,0.5041
6713,admettre,0.4727,0.5147
6714,l'éclat,0.4726,0.4825
6715,ceci,0.4726,0.5435
6716,ra,0.4726,0.5377
6717,fortoit,0.4725,0.4811
6718,caire,0.4725,0.4778
6719,voyer,0.4725,0.6011
6720,noailles,0.4724,0.4388
6721,d'arbre,0.4724,0.5011
6722,remercie,0.4724,0.4462
6723,créa,0.4724,0.5321
6724,tv,0.4724,0.5014
6725,ain,0.4723,0.5762
6726,levres,0.4723,0.4775
6727,dauphiné,0.4723,0.4148
6728,tirons,0.4722,0.3870
6729,projet,0.4722,0.4025
6730,pic,0.4722,0.5480
6731,l'hôpital,0.4722,0.5269
6732,satisfait,0.4721,0.4838
6733,langue,0.4721,0.5219
6734,rapporte,0.4720,0.4498
6735,ordonne,0.4720,0.4864
6736,meurent,0.4720,0.4088
6737,folio,0.4719,0.5214
6738,tenus,0.4719,0.4496
6739,planté,0.4719,0.4823
6740,continué,0.4719,0.5100
6741,assurée,0.4718,0.4730
6742,inventée,0.4718,0.5157
6743,julien,0.4717,0.5168
6744,jd,0.4717,0.5072
6745,véritablement,0.4716,0.4839
6746,présentant,0.4716,0.4248
6747,quarrée,0.4716,0.3883
6748,délai,0.4716,0.5129
6749,conter,0.4716,0.6895
6750,empressement,0.4716,0.4118
6751,côtés,0.4716,0.4962
6752,accompagne,0.4716,0.5324
6753,proposées,0.4715,0.5348
6754,priant,0.4714,0.5435
6755,équitable,0.4714,0.4618
6756,ast,0.4714,0.5585
6757,genéraux,0.4714,0.5062
6758,occasions,0.4714,0.4681
6759,exactement,0.4714,0.4898
6760,profond,0.4714,0.4456
6761,calmer,0.4714,0.4221
6762,gs,0.4713,0.5212
6763,donations,0.4713,0.4663
6764,cesse,0.4713,0.4796
6765,purement,0.4712,0.4790
6766,parcouru,0.4712,0.5304
6767,ruse,0.4712,0.4618
6768,tremblant,0.4712,0.4434
6769,indiens,0.4712,0.4295
6770,continuoit,0.4712,0.5494
6771,enfoncer,0.4711,0.5348
6772,épais,0.4711,0.4299
6773,perd,0.4711,0.5011
6774,corde,0.4711,0.4462
6775,instruit,0.4711,0.4766
6776,conduits,0.4710,0.4183
6777,ordonnance,0.4710,0.3953
6778,chr,0.4710,0.5176
6779,prélat,0.4710,0.5197
6780,souffrez,0.4710,0.4831
6781,occupés,0.4710,0.5021
6782,icur,0.4709,0.5271
6783,oncles,0.4709,0.3565
6784,l'envoyer,0.4708,0.5219
6785,allée,0.4708,0.4875
6786,assurance,0.4708,0.4483
6787,antres,0.4708,0.4745
6788,thrace,0.4708,0.4466
6789,plus,0.4707,0.5854
6790,bagage,0.4707,0.5245
6791,fidelle,0.4707,0.4785
6792,opposée,0.4707,0.4510
6793,chapitres,0.4707,0.4672
6794,presque,0.4707,0.4987
6795,bailli,0.4707,0.4329
6796,oye,0.4707,0.5782
6797,ancienneté,0.4706,0.5108
6798,dr,0.4706,0.5390
6799,réalité,0.4706,0.4757
6800,d'exiger,0.4706,0.4340
6801,tournay,0.4705,0.5104
6802,caligula,0.4705,0.5108
6803,bataille,0.4705,0.5004
6804,ist,0.4705,0.5498
6805,cruellement,0.4705,0.4585
6806,préjudiciable,0.4704,0.4327
6807,secrets,0.4704,0.4796
6808,florin,0.4704,0.4696
6809,mene,0.4704,0.5084
6810,vieilles,0.4704,0.4673
6811,dix,0.4704,0.5089
6812,citer,0.4703,0.4286
6813,scait,0.4703,0.3916
6814,cfi,0.4703,0.4988
6815,bague,0.4703,0.4691
6816,guérit,0.4703,0.4863
6817,adrien,0.4703,0.4973
6818,l'ambassadeur,0.4702,0.5241
6819,quittent,0.4702,0.4675
6820,inl,0.4702,0.4747
6821,signer,0.4702,0.5166
6822,l'éloge,0.4702,0.4968
6823,lendemain,0.4702,0.4565
6824,plutôt,0.4702,0.4806
6825,prouve,0.4702,0.5202
6826,bl,0.4701,0.4865
6827,arr,0.4701,0.5333
6828,anr,0.4701,0.5361
6829,fai,0.4700,0.5423
6830,douce,0.4700,0.5023
6831,qu'el,0.4700,0.4831
6832,perfidie,0.4700,0.4239
6833,cordons,0.4700,0.4474
6834,courir,0.4700,0.5275
6835,d'embarras,0.4699,0.5300
6836,sec,0.4699,0.4750
6837,livre,0.4698,0.5519
6838,latins,0.4697,0.4865
6839,obliger,0.4697,0.4198
6840,garant,0.4696,0.4760
6841,d'esprits,0.4696,0.5470
6842,l'industrie,0.4696,0.5033
6843,vieillards,0.4696,0.5005
6844,d'éviter,0.4695,0.4893
6845,apôtres,0.4695,0.3885
6846,remporter,0.4695,0.4824
6847,quittance,0.4695,0.4211
6848,ouï,0.4695,0.4245
6849,solidité,0.4695,0.4501
6850,s'appelloit,0.4695,0.4862
6851,manne,0.4694,0.4876
6852,l'évêque,0.4694,0.4183
6853,lp,0.4693,0.4569
6854,tenu,0.4693,0.4769
6855,nem,0.4693,0.3911
6856,regrets,0.4693,0.3830
6857,comparer,0.4693,0.5197
6858,animé,0.4693,0.4410
6859,bizarre,0.4693,0.5350
6860,diverfité,0.4693,0.4185
6861,garnies,0.4692,0.4976
6862,montpellier,0.4692,0.4504
6863,admirer,0.4692,0.4712
6864,détacher,0.4692,0.5043
6865,froide,0.4691,0.3969
6866,mn,0.4691,0.5131
6867,déchirer,0.4691,0.4983
6868,reprise,0.4691,0.5312
6869,corrompus,0.4691,0.4529
6870,s'y,0.4691,0.4501
6871,canaille,0.4691,0.5297
6872,dépositaire,0.4690,0.5157
6873,précieuses,0.4690,0.4980
6874,bulles,0.4690,0.4711
6875,priver,0.4690,0.4666
6876,surprit,0.4690,0.4788
6877,vague,0.4689,0.5223
6878,banquier,0.4689,0.4358
6879,démarche,0.4688,0.4591
6880,tf,0.4688,0.5100
6881,vengeance,0.4688,0.4297
6882,montrez,0.4687,0.4208
6883,ministres,0.4687,0.4174
6884,nés,0.4687,0.4813
6885,tranchées,0.4687,0.4801
6886,croi,0.4687,0.4504
6887,disposition,0.4687,0.4610
6888,ig,0.4687,0.5153
6889,républiques,0.4686,0.4743
6890,ili,0.4686,0.5364
6891,patience,0.4686,0.4150
6892,subsiste,0.4686,0.4803
6893,tourmente,0.4686,0.4865
6894,commentaires,0.4685,0.4484
6895,hôpitaux,0.4685,0.4483
6896,l'abus,0.4685,0.5110
6897,instrumens,0.4685,0.4502
6898,attentats,0.4685,0.4089
6899,ily,0.4684,0.4820
6900,gis,0.4684,0.5119
6901,par,0.4683,0.5070
6902,personnel,0.4683,0.4828
6903,attachent,0.4683,0.4357
6904,symbole,0.4683,0.4860
6905,cervelle,0.4683,0.4835
6906,choies,0.4682,0.3863
6907,sujets,0.4682,0.5079
6908,ll,0.4682,0.5209
6909,destins,0.4682,0.4518
6910,ruinée,0.4682,0.4429
6911,turquie,0.4682,0.4709
6912,d'auguste,0.4682,0.4654
6913,occupées,0.4681,0.4477
6914,poursuites,0.4680,0.4322
6915,posséder,0.4680,0.4800
6916,anvers,0.4679,0.4127
6917,nues,0.4679,0.4641
6918,audessus,0.4679,0.5654
6919,loges,0.4679,0.4366
6920,jc,0.4679,0.4870
6921,promet,0.4679,0.4941
6922,philippe,0.4679,0.5337
6923,veur,0.4678,0.4800
6924,autant,0.4678,0.5773
6925,d'icelui,0.4678,0.3946
6926,constantinople,0.4678,0.4767
6927,tuteurs,0.4678,0.4408
6928,jeune,0.4677,0.5260
6929,gl,0.4677,0.5130
6930,d'amsterdam,0.4677,0.4368
6931,chanter,0.4677,0.5208
6932,nommez,0.4677,0.4588
6933,nn,0.4676,0.5644
6934,accepte,0.4676,0.4827
6935,tun,0.4676,0.5878
6936,plongé,0.4675,0.5287
6937,poussant,0.4675,0.5082
6938,vulcain,0.4675,0.4255
6939,renvoi,0.4674,0.5096
6940,commode,0.4673,0.5015
6941,repasser,0.4673,0.5851
6942,chaud,0.4673,0.4041
6943,prieur,0.4673,0.4442
6944,placer,0.4673,0.5061
6945,nature,0.4673,0.4691
6946,ro,0.4673,0.5284
6947,clémence,0.4672,0.4660
6948,sucs,0.4672,0.4553
6949,relte,0.4672,0.4899
6950,peintes,0.4672,0.5089
6951,aces,0.4671,0.5020
6952,consume,0.4671,0.4691
6953,difficiles,0.4671,0.4705
6954,petits,0.4670,0.5374
6955,certa,0.4670,0.3808
6956,fend,0.4670,0.5099
6957,rudement,0.4669,0.4781
6958,j'ose,0.4669,0.4806
6959,toient,0.4669,0.4753
6960,lde,0.4669,0.5179
6961,viii,0.4669,0.4691
6962,détourne,0.4668,0.4771
6963,serpens,0.4668,0.4847
6964,d'amiens,0.4668,0.4893
6965,cia,0.4667,0.4989
6966,rohan,0.4667,0.4676
6967,l'île,0.4667,0.4672
6968,ladite,0.4667,0.4666
6969,proie,0.4667,0.4382
6970,distingué,0.4666,0.5210
6971,sermons,0.4666,0.4516
6972,séjour,0.4666,0.4846
6973,telles,0.4666,0.5122
6974,camper,0.4666,0.5162
6975,favoriser,0.4665,0.4297
6976,livrées,0.4665,0.5051
6977,chairs,0.4665,0.5309
6978,l'aveu,0.4665,0.5210
6979,mentir,0.4664,0.5064
6980,ressemblance,0.4663,0.4783
6981,rené,0.4663,0.4565
6982,ya,0.4663,0.5281
6983,déclarant,0.4663,0.4560
6984,iui,0.4663,0.5641
6985,sot,0.4662,0.4866
6986,s'accordent,0.4662,0.4179
6987,fatale,0.4662,0.4668
6988,surprises,0.4662,0.5118
6989,recommence,0.4662,0.5446
6990,étouffer,0.4662,0.4662
6991,faite,0.4661,0.4863
6992,celles,0.4661,0.5109
6993,gi,0.4661,0.4926
6994,iei,0.4660,0.5556
6995,supra,0.4659,0.4720
6996,peintre,0.4659,0.4322
6997,assembler,0.4659,0.4878
6998,tartre,0.4659,0.4018
6999,usent,0.4659,0.4968
7000,tremper,0.4658,0.4509
7001,fournies,0.4658,0.4960
7002,teint,0.4658,0.4544
7003,porterent,0.4657,0.4410
7004,fb,0.4657,0.5260
7005,réparations,0.4657,0.4958
7006,miracles,0.4657,0.4967
7007,qu'après,0.4656,0.4551
7008,yeux,0.4656,0.5088
7009,timides,0.4656,0.4470
7010,hil,0.4655,0.5263
7011,contraintes,0.4655,0.4852
7012,fausse,0.4655,0.4416
7013,folide,0.4655,0.4579
7014,aimé,0.4655,0.4646
7015,d'anjou,0.4655,0.4691
7016,orateur,0.4653,0.4087
7017,donnai,0.4653,0.3848
7018,muses,0.4653,0.5352
7019,approcher,0.4653,0.5373
7020,maux,0.4652,0.4419
7021,accoutumés,0.4652,0.4475
7022,major,0.4652,0.5369
7023,poura,0.4651,0.4104
7024,vertes,0.4651,0.4535
7025,ance,0.4651,0.5478
7026,prirent,0.4651,0.4603
7027,d'intérêt,0.4650,0.5198
7028,edition,0.4650,0.4706
7029,l'espérance,0.4650,0.4602
7030,allumer,0.4650,0.5029
7031,avc,0.4650,0.5477
7032,royales,0.4649,0.4229
7033,articles,0.4649,0.4954
7034,limon,0.4649,0.4330
7035,vaillant,0.4648,0.4962
7036,sorties,0.4648,0.5254
7037,conclure,0.4647,0.4634
7038,inhumaine,0.4647,0.4767
7039,gloire,0.4647,0.4429
7040,expédier,0.4647,0.5222
7041,bus,0.4647,0.5130
7042,conservant,0.4647,0.4997
7043,tei,0.4647,0.5238
7044,dragon,0.4647,0.4427
7045,vendent,0.4646,0.4463
7046,dixi,0.4646,0.3531
7047,batterie,0.4646,0.4870
7048,juflice,0.4645,0.5123
7049,passent,0.4645,0.4373
7050,surprenante,0.4645,0.3823
7051,epître,0.4645,0.4599
7052,revivre,0.4645,0.4754
7053,mariage,0.4645,0.5231
7054,conciles,0.4644,0.4693
7055,ordonnée,0.4644,0.5335
7056,unies,0.4643,0.5395
7057,parlez,0.4643,0.4288
7058,clerc,0.4643,0.5452
7059,marchoit,0.4643,0.5005
7060,d'une,0.4643,0.4781
7061,ni,0.4643,0.4653
7062,timide,0.4642,0.4444
7063,emporta,0.4642,0.5470
7064,lu,0.4641,0.4834
7065,pavé,0.4641,0.4885
7066,ez,0.4641,0.4768
7067,pasteurs,0.4641,0.4869
7068,instrument,0.4640,0.4655
7069,fonder,0.4640,0.5270
7070,d'un,0.4640,0.5299
7071,boit,0.4640,0.4793
7072,rapporter,0.4639,0.4949
7073,lles,0.4639,0.4836
7074,foie,0.4639,0.5553
7075,obtint,0.4639,0.4387
7076,demandes,0.4638,0.4029
7077,reconnus,0.4638,0.4400
7078,conjointement,0.4638,0.4875
7079,temporel,0.4638,0.5683
7080,torrent,0.4638,0.4301
7081,gaule,0.4638,0.4545
7082,face,0.4637,0.4991
7083,s'il,0.4636,0.5514
7084,l'ste,0.4636,0.4627
7085,modestie,0.4636,0.4326
7086,claude,0.4636,0.4459
7087,job,0.4636,0.5781
7088,captifs,0.4636,0.4922
7089,intérieur,0.4635,0.5574
7090,jacob,0.4635,0.5134
7091,l'autorité,0.4635,0.4673
7092,festin,0.4635,0.4645
7093,vivantes,0.4635,0.5236
7094,entendus,0.4635,0.4793
7095,espere,0.4635,0.5171
7096,descendu,0.4634,0.4950
7097,amoureuse,0.4634,0.5003
7098,dictionnaire,0.4634,0.5167
7099,troisiéme,0.4634,0.3924
7100,générales,0.4634,0.4534
7101,pipes,0.4634,0.5046
7102,tol,0.4632,0.5539
7103,minorité,0.4632,0.4025
7104,venus,0.4631,0.4336
7105,négoce,0.4631,0.4363
7106,comprit,0.4631,0.4919
7107,qt,0.4630,0.4939
7108,damas,0.4630,0.4963
7109,augmentant,0.4630,0.4938
7110,sueur,0.4630,0.5609
7111,abeilles,0.4630,0.4694
7112,cli,0.4630,0.5431
7113,conclu,0.4629,0.4643
7114,fausseté,0.4629,0.4131
7115,facilite,0.4629,0.5174
7116,peuplé,0.4629,0.4715
7117,mena,0.4628,0.3849
7118,trajan,0.4628,0.5407
7119,rivale,0.4628,0.4014
7120,noires,0.4628,0.3998
7121,rd,0.4628,0.4621
7122,boutiques,0.4628,0.4962
7123,fl,0.4628,0.5780
7124,rhin,0.4628,0.4085
7125,débauche,0.4628,0.4845
7126,valu,0.4628,0.4853
7127,soumission,0.4627,0.4208
7128,pontife,0.4627,0.5132
7129,difference,0.4627,0.4106
7130,prêts,0.4627,0.4940
7131,descendant,0.4626,0.5069
7132,vivacité,0.4626,0.4346
7133,trous,0.4626,0.4430
7134,pois,0.4626,0.4416
7135,tut,0.4626,0.5434
7136,déesse,0.4626,0.4493
7137,placé,0.4626,0.4646
7138,boulogne,0.4626,0.4683
7139,arrose,0.4625,0.4460
7140,déplorable,0.4625,0.4360
7141,vole,0.4625,0.4452
7142,invincible,0.4624,0.4693
7143,instruite,0.4624,0.4494
7144,animal,0.4624,0.3888
7145,tâcha,0.4624,0.4779
7146,augustin,0.4623,0.4529
7147,vanneau,0.4623,0.4912
7148,frivole,0.4623,0.4748
7149,ressentiment,0.4623,0.3584
7150,l'alliance,0.4623,0.4828
7151,lei,0.4623,0.5699
7152,illes,0.4622,0.4446
7153,rcn,0.4622,0.5719
7154,d'usage,0.4621,0.4784
7155,déclarée,0.4621,0.5428
7156,urs,0.4621,0.5140
7157,rond,0.4621,0.3828
7158,bienveillance,0.4621,0.5013
7159,pillage,0.4620,0.3901
7160,français,0.4620,0.4466
7161,originaux,0.4620,0.4839
7162,l'envi,0.4620,0.4579
7163,ramasser,0.4620,0.5951
7164,balance,0.4620,0.4545
7165,prouver,0.4620,0.4747
7166,plis,0.4620,0.5588
7167,consens,0.4620,0.4167
7168,exprimées,0.4619,0.4756
7169,uis,0.4619,0.4556
7170,fondées,0.4619,0.4607
7171,ôtez,0.4619,0.5319
7172,ein,0.4619,0.5574
7173,pass,0.4618,0.5622
7174,tie,0.4618,0.4798
7175,iour,0.4618,0.5927
7176,agite,0.4618,0.4807
7177,martyrs,0.4617,0.4371
7178,formellement,0.4617,0.4710
7179,négligence,0.4617,0.5060
7180,couple,0.4617,0.5828
7181,l'erreur,0.4617,0.4628
7182,ren,0.4617,0.5403
7183,religion,0.4616,0.4859
7184,barbarie,0.4616,0.4942
7185,entroit,0.4615,0.4807
7186,établissement,0.4615,0.4612
7187,poëme,0.4615,0.4032
7188,jugeons,0.4614,0.4283
7189,punition,0.4614,0.5386
7190,défier,0.4614,0.3973
7191,capitaines,0.4614,0.4708
7192,vents,0.4613,0.4687
7193,martyre,0.4613,0.5577
7194,chemins,0.4613,0.4973
7195,fun,0.4612,0.5149
7196,places,0.4612,0.4459
7197,imprimeur,0.4612,0.4214
7198,chrif,0.4611,0.4683
7199,grenier,0.4611,0.4654
7200,devant,0.4611,0.5336
7201,réunir,0.4610,0.5718
7202,parricide,0.4610,0.4873
7203,d'après,0.4610,0.4977
7204,vicomte,0.4609,0.5052
7205,poudres,0.4609,0.4563
7206,insensible,0.4609,0.4267
7207,rose,0.4609,0.4648
7208,porter,0.4609,0.4792
7209,ius,0.4609,0.5245
7210,pasté,0.4609,0.5373
7211,rare,0.4609,0.5435
7212,fade,0.4608,0.5165
7213,sienne,0.4608,0.4432
7214,murailles,0.4608,0.4738
7215,cheveux,0.4608,0.4127
7216,héritages,0.4608,0.3962
7217,attachement,0.4607,0.4224
7218,fermier,0.4607,0.4618
7219,nic,0.4607,0.5514
7220,ip,0.4607,0.4959
7221,pese,0.4607,0.4843
7222,fine,0.4607,0.4542
7223,pline,0.4607,0.5200
7224,affermir,0.4607,0.4565
7225,perdus,0.4607,0.4292
7226,ari,0.4606,0.4934
7227,artifice,0.4606,0.4721
7228,i'a,0.4606,0.5525
7229,conforme,0.4606,0.3880
7230,choqué,0.4606,0.5465
7231,constitutions,0.4605,0.4596
7232,évidentes,0.4605,0.4687
7233,fruits,0.4605,0.4834
7234,moilons,0.4605,0.4533
7235,tendres,0.4605,0.4475
7236,suffrages,0.4604,0.4254
7237,terminer,0.4604,0.5229
7238,prétendue,0.4604,0.4533
7239,l'éducation,0.4604,0.5242
7240,ardent,0.4604,0.4854
7241,ouverte,0.4604,0.4976
7242,confite,0.4603,0.4914
7243,malice,0.4603,0.4695
7244,ignoré,0.4603,0.5073
7245,ài,0.4603,0.5348
7246,gêne,0.4603,0.5130
7247,délivrer,0.4602,0.4720
7248,tiendront,0.4602,0.4273
7249,gai,0.4602,0.4872
7250,épiceries,0.4602,0.4891
7251,l'oisiveté,0.4602,0.5605
7252,cher,0.4601,0.5193
7253,sacrée,0.4601,0.5046
7254,courageux,0.4600,0.4624
7255,ite,0.4600,0.5298
7256,agréablement,0.4600,0.5013
7257,dce,0.4599,0.5152
7258,acclamations,0.4599,0.5329
7259,incertaine,0.4599,0.5045
7260,rames,0.4599,0.5071
7261,succedent,0.4599,0.5331
7262,préfence,0.4599,0.4804
7263,pendu,0.4599,0.4650
7264,rj,0.4598,0.4487
7265,lait,0.4598,0.4362
7266,dégoût,0.4598,0.4873
7267,italiens,0.4598,0.4575
7268,impériaux,0.4598,0.4868
7269,declaration,0.4598,0.3838
7270,tris,0.4597,0.5203
7271,chauds,0.4597,0.5128
7272,bord,0.4597,0.4393
7273,uniforme,0.4596,0.4960
7274,conduit,0.4596,0.5538
7275,ôter,0.4596,0.4761
7276,notamment,0.4595,0.4685
7277,merci,0.4595,0.4912
7278,éloignés,0.4595,0.4077
7279,ql,0.4594,0.4923
7280,d'u,0.4594,0.4600
7281,vulgaire,0.4593,0.4828
7282,tam,0.4593,0.5016
7283,d'avoir,0.4593,0.5283
7284,absolument,0.4593,0.4864
7285,boulanger,0.4592,0.5426
7286,natura,0.4592,0.3994
7287,retiré,0.4591,0.4046
7288,imposition,0.4591,0.5129
7289,d'attention,0.4591,0.5114
7290,descendent,0.4591,0.4734
7291,quarré,0.4591,0.3881
7292,eux,0.4591,0.4744
7293,digne,0.4591,0.4696
7294,trop,0.4589,0.5141
7295,ues,0.4589,0.5056
7296,economic,0.4589,0.1800
7297,xlii,0.4589,0.4958
7298,arnaud,0.4589,0.4299
7299,d'amitié,0.4588,0.4538
7300,original,0.4588,0.5003
7301,doi,0.4588,0.5113
7302,confondent,0.4588,0.4488
7303,registres,0.4587,0.4799
7304,chacune,0.4587,0.4477
7305,probité,0.4587,0.4159
7306,grossiere,0.4587,0.4383
7307,pay,0.4587,0.5023
7308,guyenne,0.4586,0.4701
7309,attendoit,0.4586,0.4959
7310,habitants,0.4586,0.4674
7311,fr,0.4586,0.5002
7312,tonnes,0.4586,0.5147
7313,variété,0.4585,0.4426
7314,spectateur,0.4585,0.5291
7315,ara,0.4585,0.5196
7316,formée,0.4585,0.4867
7317,serre,0.4585,0.4629
7318,co,0.4584,0.5422
7319,fausses,0.4583,0.4048
7320,mutation,0.4582,0.5517
7321,marge,0.4582,0.4158
7322,l'envie,0.4582,0.4521
7323,suppose,0.4582,0.5066
7324,commercy,0.4582,0.5893
7325,alternativement,0.4582,0.5297
7326,parût,0.4582,0.4672
7327,précédentes,0.4581,0.5064
7328,consulter,0.4581,0.4009
7329,fiire,0.4581,0.5277
7330,brune,0.4581,0.4312
7331,rendons,0.4581,0.4471
7332,apprenez,0.4580,0.4242
7333,partes,0.4580,0.5023
7334,fatiguer,0.4579,0.4863
7335,supérieur,0.4579,0.4617
7336,trouvant,0.4578,0.4452
7337,mené,0.4578,0.4825
7338,mines,0.4578,0.5202
7339,journellement,0.4578,0.5164
7340,li,0.4577,0.5756
7341,maniéré,0.4576,0.3994
7342,renouvelle,0.4576,0.5065
7343,ambassadeur,0.4576,0.4408
7344,vingtième,0.4576,0.5351
7345,annoncer,0.4576,0.5465
7346,l'éloquence,0.4576,0.4893
7347,nam,0.4574,0.4076
7348,nous,0.4574,0.5936
7349,semer,0.4574,0.4496
7350,lne,0.4573,0.5291
7351,paniers,0.4573,0.4957
7352,hardie,0.4573,0.4361
7353,patte,0.4573,0.5668
7354,vertus,0.4572,0.4749
7355,diminuent,0.4572,0.5307
7356,risquer,0.4572,0.4583
7357,modérer,0.4572,0.5046
7358,violentes,0.4572,0.4193
7359,convertis,0.4571,0.5105
7360,luit,0.4571,0.5206
7361,eurent,0.4571,0.3778
7362,apprenant,0.4571,0.4646
7363,fers,0.4570,0.4502
7364,transportée,0.4570,0.5328
7365,pair,0.4570,0.5374
7366,law,0.4570,0.5124
7367,réception,0.4570,0.4942
7368,pot,0.4569,0.4390
7369,bello,0.4569,0.4327
7370,sient,0.4569,0.4798
7371,rf,0.4568,0.5292
7372,puiffance,0.4568,0.4367
7373,entraîner,0.4568,0.4709
7374,sd,0.4568,0.5454
7375,lio,0.4568,0.4527
7376,pauvreté,0.4568,0.4693
7377,savant,0.4568,0.4305
7378,liste,0.4568,0.4917
7379,terminée,0.4567,0.5436
7380,inconvénient,0.4567,0.3719
7381,libre,0.4566,0.4894
7382,vocation,0.4566,0.4890
7383,l'election,0.4566,0.5224
7384,prêté,0.4566,0.5122
7385,jonc,0.4566,0.4598
7386,scs,0.4565,0.5150
7387,lierre,0.4565,0.4271
7388,source,0.4565,0.4528
7389,ide,0.4565,0.5323
7390,enflammé,0.4565,0.4503
7391,reposer,0.4565,0.3870
7392,yr,0.4565,0.4774
7393,vains,0.4565,0.4309
7394,uv,0.4565,0.4970
7395,haï,0.4565,0.4878
7396,exciter,0.4564,0.4134
7397,moquer,0.4564,0.4200
7398,ng,0.4564,0.5303
7399,merveilleuse,0.4564,0.4456
7400,mêle,0.4563,0.4811
7401,bouillons,0.4563,0.4503
7402,horribles,0.4563,0.4723
7403,trefles,0.4563,0.4854
7404,d'écouter,0.4563,0.5010
7405,pécheurs,0.4563,0.4994
7406,seinte,0.4563,0.4916
7407,pique,0.4562,0.4586
7408,avis,0.4562,0.4878
7409,volumes,0.4562,0.5501
7410,fondent,0.4562,0.4383
7411,as,0.4562,0.4999
7412,contredit,0.4562,0.4164
7413,l'aller,0.4562,0.4793
7414,splendeur,0.4561,0.5270
7415,ajouta,0.4561,0.4683
7416,contrevenu,0.4561,0.4151
7417,appliquée,0.4561,0.4859
7418,chanvre,0.4561,0.4807
7419,part,0.4560,0.4459
7420,d'ôter,0.4560,0.5187
7421,senlis,0.4560,0.4341
7422,ian,0.4560,0.4727
7423,l'abbaye,0.4560,0.3912
7424,monté,0.4560,0.4631
7425,ens,0.4560,0.5375
7426,curieuse,0.4559,0.5028
7427,that,0.4559,0.4142
7428,n'es,0.4559,0.3213
7429,art,0.4559,0.4969
7430,tiendra,0.4559,0.4149
7431,mexique,0.4559,0.4589
7432,oin,0.4558,0.5364
7433,sûreté,0.4558,0.4277
7434,empêcher,0.4558,0.4835
7435,tourna,0.4558,0.3981
7436,ressentir,0.4558,0.4169
7437,fond,0.4558,0.4267
7438,l'habit,0.4558,0.5799
7439,dcr,0.4558,0.5454
7440,rôles,0.4557,0.5034
7441,efficace,0.4557,0.4563
7442,d'l,0.4557,0.5312
7443,courez,0.4557,0.4373
7444,toile,0.4557,0.3969
7445,ausi,0.4556,0.4001
7446,bourgogne,0.4556,0.4934
7447,couvrant,0.4556,0.4695
7448,dur,0.4556,0.4478
7449,regi,0.4555,0.4621
7450,patres,0.4555,0.4808
7451,egypte,0.4555,0.4622
7452,sûre,0.4555,0.4572
7453,privées,0.4554,0.5178
7454,sire,0.4554,0.5305
7455,paul,0.4554,0.5097
7456,l'appelle,0.4554,0.5312
7457,rcr,0.4553,0.5191
7458,nai,0.4553,0.5536
7459,diminuant,0.4553,0.5126
7460,fontenelle,0.4553,0.4824
7461,l'apparence,0.4553,0.5302
7462,rez,0.4553,0.4440
7463,ul,0.4553,0.5244
7464,droit,0.4552,0.5709
7465,artisans,0.4552,0.4753
7466,couvert,0.4551,0.5367
7467,pose,0.4551,0.3947
7468,liu,0.4551,0.5877
7469,icr,0.4551,0.4754
7470,chargées,0.4550,0.4238
7471,décharge,0.4550,0.4456
7472,évité,0.4549,0.4458
7473,meut,0.4549,0.4398
7474,venons,0.4548,0.4912
7475,zi,0.4548,0.4747
7476,continuellement,0.4548,0.5051
7477,cherche,0.4548,0.4836
7478,ordonnent,0.4547,0.4595
7479,permises,0.4547,0.4800
7480,caverne,0.4547,0.4450
7481,prononciation,0.4547,0.5042
7482,parure,0.4546,0.5147
7483,fio,0.4546,0.5136
7484,contraventions,0.4546,0.3894
7485,ais,0.4546,0.5320
7486,qu'afin,0.4545,0.5675
7487,bat,0.4545,0.5050
7488,intendans,0.4545,0.3892
7489,inutiles,0.4545,0.4347
7490,degré,0.4545,0.4236
7491,mesure,0.4545,0.4374
7492,genres,0.4544,0.3874
7493,rejettent,0.4544,0.4996
7494,achete,0.4544,0.4288
7495,principe,0.4544,0.4299
7496,tenait,0.4543,0.4680
7497,traduire,0.4543,0.4341
7498,grossiers,0.4542,0.4915
7499,enfermer,0.4542,0.4958
7500,néanmoins,0.4542,0.4843
7501,seint,0.4541,0.5072
7502,dragons,0.4541,0.4377
7503,innocens,0.4541,0.4966
7504,lls,0.4541,0.5671
7505,n'oublia,0.4541,0.5269
7506,comblé,0.4540,0.4574
7507,cux,0.4540,0.5284
7508,cum,0.4540,0.5517
7509,douceur,0.4540,0.4331
7510,statue,0.4540,0.4601
7511,ingratitude,0.4540,0.4037
7512,l'artillerie,0.4539,0.5036
7513,révolutions,0.4539,0.3706
7514,conversation,0.4539,0.4620
7515,malheur,0.4538,0.4712
7516,i's,0.4538,0.5132
7517,lo,0.4538,0.4850
7518,orage,0.4537,0.4352
7519,preuves,0.4537,0.4827
7520,mécontentement,0.4536,0.4538
7521,d'hommes,0.4536,0.4892
7522,indifférence,0.4536,0.4756
7523,étranges,0.4535,0.4651
7524,étoi,0.4535,0.4681
7525,personnelles,0.4535,0.4765
7526,dirons,0.4535,0.3265
7527,retirent,0.4534,0.4250
7528,rz,0.4534,0.4866
7529,l'état,0.4534,0.4783
7530,reçois,0.4534,0.4222
7531,d'icelles,0.4534,0.4519
7532,voleurs,0.4532,0.4441
7533,graves,0.4532,0.4442
7534,matres,0.4531,0.4241
7535,perpétuelle,0.4531,0.4926
7536,connais,0.4531,0.3534
7537,obligea,0.4531,0.4182
7538,fame,0.4530,0.5032
7539,épris,0.4530,0.5056
7540,d'examiner,0.4529,0.5102
7541,belli,0.4529,0.4288
7542,prima,0.4529,0.4256
7543,glaces,0.4529,0.4986
7544,régulier,0.4528,0.5123
7545,iun,0.4528,0.5502
7546,caprices,0.4528,0.3794
7547,décharger,0.4528,0.4231
7548,entendons,0.4528,0.4202
7549,anneau,0.4528,0.4230
7550,eus,0.4527,0.4528
7551,terres,0.4526,0.4596
7552,parl,0.4526,0.4909
7553,tl,0.4526,0.5022
7554,promesse,0.4525,0.4804
7555,i'on,0.4525,0.5191
7556,menton,0.4525,0.4953
7557,melius,0.4524,0.4298
7558,cabane,0.4524,0.4997
7559,fire,0.4524,0.5571
7560,lettrés,0.4523,0.4520
7561,cô,0.4522,0.5186
7562,approche,0.4522,0.4024
7563,uc,0.4522,0.5047
7564,brûlé,0.4522,0.5053
7565,grecques,0.4522,0.4867
7566,recherche,0.4521,0.4232
7567,choquer,0.4521,0.4785
7568,vif,0.4521,0.4705
7569,condamner,0.4521,0.4801
7570,julie,0.4520,0.5463
7571,ios,0.4520,0.5075
7572,ore,0.4520,0.4815
7573,ec,0.4520,0.5592
7574,parla,0.4519,0.5144
7575,arbitraire,0.4519,0.4850
7576,perce,0.4519,0.4197
7577,patrimoine,0.4518,0.4662
7578,métal,0.4518,0.4764
7579,iti,0.4518,0.4867
7580,pins,0.4518,0.5101
7581,étonne,0.4518,0.4738
7582,berger,0.4518,0.4769
7583,procureur,0.4517,0.4399
7584,coule,0.4517,0.4112
7585,bayle,0.4517,0.5064
7586,redoubler,0.4517,0.4635
7587,xxxvii,0.4517,0.4674
7588,isc,0.4516,0.5177
7589,poignard,0.4516,0.5048
7590,double,0.4516,0.4600
7591,verrez,0.4516,0.3820
7592,tendrement,0.4515,0.4366
7593,chaleur,0.4515,0.4954
7594,retint,0.4515,0.4606
7595,introduit,0.4515,0.4828
7596,to,0.4515,0.5410
7597,tailleur,0.4515,0.5719
7598,contrainte,0.4514,0.4681
7599,bouclier,0.4514,0.4784
7600,noir,0.4513,0.4217
7601,cabale,0.4513,0.4559
7602,séduit,0.4513,0.4972
7603,partis,0.4512,0.4081
7604,répandue,0.4512,0.4376
7605,fauxbourg,0.4512,0.4418
7606,inconnues,0.4511,0.4179
7607,utiles,0.4511,0.4509
7608,regardez,0.4511,0.5073
7609,reconnoît,0.4511,0.4530
7610,bornes,0.4511,0.4613
7611,reviendra,0.4511,0.5489
7612,dle,0.4510,0.5069
7613,ifes,0.4510,0.4399
7614,fincere,0.4510,0.4679
7615,garçon,0.4510,0.4278
7616,ades,0.4510,0.4938
7617,redouter,0.4510,0.4752
7618,aborder,0.4509,0.4494
7619,parc,0.4509,0.5313
7620,bergers,0.4509,0.4427
7621,principauté,0.4509,0.4067
7622,ilc,0.4509,0.4803
7623,dic,0.4508,0.5546
7624,ressemblent,0.4508,0.4876
7625,verbe,0.4507,0.4002
7626,tacite,0.4507,0.5106
7627,arrêtez,0.4507,0.5070
7628,loo,0.4507,0.4443
7629,quoiqu'ils,0.4507,0.4610
7630,clause,0.4506,0.4598
7631,jo,0.4506,0.5231
7632,ft,0.4506,0.5866
7633,originaire,0.4506,0.4600
7634,continue,0.4506,0.5793
7635,fonda,0.4506,0.4601
7636,nain,0.4505,0.5743
7637,c'était,0.4505,0.4720
7638,appel,0.4504,0.4332
7639,lj,0.4503,0.5059
7640,memoires,0.4503,0.4981
7641,battus,0.4502,0.4201
7642,magie,0.4501,0.5415
7643,trefle,0.4501,0.5941
7644,défenfe,0.4500,0.4367
7645,connoissancent,0.4500,0.4393
7646,berceau,0.4500,0.5138
7647,suspendre,0.4500,0.4817
7648,lâche,0.4500,0.5090
7649,éloignée,0.4499,0.4864
7650,étudié,0.4499,0.4404
7651,acceptée,0.4499,0.4884
7652,juris,0.4498,0.4899
7653,insensiblement,0.4498,0.4808
7654,signe,0.4498,0.4797
7655,mordre,0.4498,0.5102
7656,cérémonies,0.4497,0.4784
7657,ars,0.4497,0.5218
7658,itc,0.4497,0.4741
7659,figurer,0.4496,0.4738
7660,ej,0.4496,0.4924
7661,palais,0.4496,0.4425
7662,conformément,0.4496,0.4098
7663,nunc,0.4496,0.4804
7664,perfections,0.4496,0.3974
7665,sots,0.4495,0.4756
7666,foi,0.4495,0.3638
7667,rayon,0.4495,0.4279
7668,c'ess,0.4495,0.4394
7669,volant,0.4495,0.5296
7670,app,0.4494,0.5617
7671,qe,0.4494,0.5106
7672,renvoyé,0.4494,0.4689
7673,remercier,0.4494,0.4288
7674,tes,0.4493,0.4862
7675,l'estomac,0.4493,0.4991
7676,t'en,0.4493,0.3908
7677,tendresse,0.4493,0.4778
7678,pierres,0.4492,0.4700
7679,glorifier,0.4492,0.4458
7680,portât,0.4492,0.4726
7681,different,0.4491,0.4095
7682,patrons,0.4491,0.4906
7683,surpasser,0.4491,0.5063
7684,répondent,0.4491,0.4722
7685,dictateur,0.4491,0.4190
7686,presse,0.4490,0.4284
7687,disons,0.4490,0.4982
7688,attendant,0.4490,0.3981
7689,attaquée,0.4490,0.3967
7690,charitable,0.4490,0.5215
7691,dépendans,0.4490,0.4489
7692,oppose,0.4489,0.4520
7693,laiss,0.4488,0.5337
7694,lenteur,0.4488,0.4849
7695,supérieurs,0.4488,0.4492
7696,amateurs,0.4488,0.5800
7697,réunis,0.4487,0.4602
7698,sais,0.4487,0.4345
7699,ecs,0.4487,0.5662
7700,seuls,0.4487,0.4089
7701,ecu,0.4487,0.4334
7702,christ,0.4487,0.4776
7703,accompagner,0.4487,0.5157
7704,médecine,0.4487,0.5581
7705,entendu,0.4486,0.4995
7706,vû,0.4485,0.3259
7707,arma,0.4485,0.4428
7708,cocher,0.4485,0.4355
7709,ps,0.4485,0.5631
7710,attachez,0.4485,0.5599
7711,nl,0.4484,0.4814
7712,environne,0.4484,0.4475
7713,vainqueur,0.4484,0.4378
7714,mêlées,0.4484,0.4045
7715,enseigner,0.4484,0.5437
7716,anneaux,0.4484,0.4449
7717,rebelles,0.4483,0.4193
7718,environ,0.4483,0.5073
7719,pauvres,0.4483,0.5110
7720,espéces,0.4483,0.3881
7721,catalogne,0.4482,0.4714
7722,nouvelle,0.4482,0.4785
7723,chariot,0.4482,0.4397
7724,grenoble,0.4481,0.4211
7725,mineurs,0.4481,0.4795
7726,climats,0.4481,0.4733
7727,devienne,0.4481,0.5205
7728,isabelle,0.4481,0.4973
7729,surprendre,0.4480,0.5121
7730,répons,0.4480,0.3549
7731,ilr,0.4480,0.5080
7732,nostra,0.4480,0.4026
7733,aussi,0.4480,0.4548
7734,cantiques,0.4479,0.5084
7735,bis,0.4478,0.6016
7736,opiniâtreté,0.4478,0.4574
7737,siens,0.4477,0.4061
7738,éclate,0.4477,0.4644
7739,faste,0.4477,0.5147
7740,souhaitoit,0.4477,0.4185
7741,roes,0.4477,0.5105
7742,réguliers,0.4477,0.4731
7743,j'aime,0.4477,0.3980
7744,constantin,0.4477,0.4947
7745,sacre,0.4477,0.5171
7746,huiles,0.4476,0.4470
7747,bassesse,0.4476,0.4417
7748,soupçonné,0.4476,0.4668
7749,création,0.4476,0.4647
7750,cité,0.4476,0.4984
7751,puissans,0.4475,0.4980
7752,roy,0.4475,0.4315
7753,préparé,0.4475,0.4853
7754,danser,0.4474,0.5207
7755,déroute,0.4474,0.5048
7756,choisir,0.4473,0.5205
7757,courfe,0.4473,0.4915
7758,préférence,0.4473,0.4344
7759,guide,0.4473,0.4599
7760,l'habitude,0.4473,0.5003
7761,tins,0.4473,0.5542
7762,murmurer,0.4472,0.4897
7763,capable,0.4472,0.4591
7764,payées,0.4472,0.4112
7765,immobile,0.4471,0.4375
7766,oro,0.4471,0.4342
7767,attire,0.4471,0.4435
7768,dici,0.4471,0.3627
7769,famille,0.4471,0.4190
7770,conviennent,0.4471,0.4587
7771,redevances,0.4470,0.4488
7772,traditions,0.4470,0.4327
7773,canon,0.4470,0.4789
7774,orientale,0.4470,0.4494
7775,l'élection,0.4469,0.5297
7776,coit,0.4469,0.6256
7777,lave,0.4469,0.4154
7778,naples,0.4469,0.4931
7779,snt,0.4469,0.5349
7780,nevers,0.4468,0.4436
7781,litres,0.4468,0.4152
7782,bordure,0.4468,0.4155
7783,grange,0.4468,0.4767
7784,tomber,0.4467,0.4668
7785,pcr,0.4467,0.4757
7786,prêtes,0.4466,0.4750
7787,chaude,0.4466,0.3615
7788,voyage,0.4466,0.4834
7789,pots,0.4465,0.3986
7790,ih,0.4465,0.5351
7791,évident,0.4464,0.4291
7792,strabon,0.4464,0.4656
7793,lasser,0.4464,0.4722
7794,mortier,0.4464,0.4241
7795,arrivant,0.4463,0.5083
7796,bouteilles,0.4463,0.4213
7797,l'opposition,0.4463,0.4976
7798,flore,0.4463,0.5523
7799,déclaré,0.4462,0.4576
7800,coquin,0.4462,0.4482
7801,garnis,0.4462,0.4440
7802,cf,0.4461,0.5010
7803,respect,0.4460,0.4092
7804,mêlée,0.4460,0.4716
7805,rang,0.4459,0.4373
7806,francs,0.4459,0.5410
7807,parlai,0.4459,0.4456
7808,précaution,0.4458,0.4442
7809,difficultés,0.4458,0.3787
7810,ncs,0.4457,0.5183
7811,accompagné,0.4457,0.4545
7812,fiat,0.4457,0.4533
7813,d'unc,0.4457,0.5618
7814,lentulus,0.4456,0.4356
7815,rivieres,0.4456,0.4340
7816,quii,0.4456,0.5326
7817,nemis,0.4456,0.4299
7818,blessure,0.4455,0.4892
7819,absence,0.4455,0.4812
7820,préjugé,0.4455,0.4449
7821,farce,0.4455,0.5373
7822,assises,0.4455,0.5031
7823,contrôle,0.4455,0.4680
7824,sçait,0.4454,0.3921
7825,rum,0.4454,0.4478
7826,portique,0.4453,0.4394
7827,bâti,0.4453,0.4484
7828,roue,0.4452,0.4794
7829,suppléer,0.4452,0.4777
7830,innocent,0.4452,0.4625
7831,harnois,0.4452,0.4650
7832,observées,0.4451,0.4427
7833,neque,0.4451,0.5322
7834,u'il,0.4451,0.5196
7835,quasi,0.4451,0.5599
7836,grossir,0.4451,0.4925
7837,favorise,0.4450,0.4856
7838,l'écriture,0.4450,0.5942
7839,mai,0.4450,0.4763
7840,présence,0.4450,0.4078
7841,supérieure,0.4449,0.4370
7842,privilege,0.4449,0.5526
7843,rétablir,0.4448,0.4115
7844,xxxiv,0.4447,0.4331
7845,qu'y,0.4447,0.5127
7846,dénombrement,0.4447,0.5075
7847,plates,0.4447,0.4562
7848,passi,0.4447,0.5771
7849,antique,0.4446,0.4798
7850,socrate,0.4446,0.5531
7851,familles,0.4446,0.4900
7852,xliv,0.4446,0.5516
7853,foiblesse,0.4446,0.4181
7854,obtenir,0.4445,0.4154
7855,saisies,0.4445,0.4728
7856,lie,0.4445,0.5582
7857,dignes,0.4445,0.4573
7858,pouce,0.4445,0.4452
7859,nouvellement,0.4445,0.5061
7860,subit,0.4444,0.5294
7861,traitez,0.4444,0.4298
7862,blessures,0.4444,0.4155
7863,avertis,0.4443,0.3741
7864,paris,0.4443,0.4836
7865,voeu,0.4443,0.4506
7866,arabes,0.4443,0.4785
7867,jeanne,0.4442,0.4165
7868,naturel,0.4442,0.4322
7869,espérance,0.4442,0.3990
7870,aures,0.4442,0.4595
7871,ccr,0.4441,0.5165
7872,coquille,0.4441,0.4674
7873,sincérité,0.4441,0.4506
7874,recevoit,0.4440,0.4504
7875,vastes,0.4440,0.4729
7876,redouble,0.4440,0.4174
7877,entreprendre,0.4439,0.3860
7878,tp,0.4439,0.4859
7879,sunt,0.4439,0.4991
7880,rand,0.4439,0.4598
7881,sols,0.4439,0.3942
7882,autels,0.4438,0.3843
7883,cec,0.4438,0.4683
7884,possedent,0.4438,0.4681
7885,retranche,0.4438,0.4596
7886,l'auteur,0.4437,0.5579
7887,appréhender,0.4437,0.4836
7888,minutes,0.4437,0.4438
7889,eil,0.4437,0.4374
7890,véritables,0.4437,0.4608
7891,poursuivis,0.4437,0.4678
7892,vivre,0.4436,0.5141
7893,imaginé,0.4436,0.4654
7894,rre,0.4436,0.5114
7895,iar,0.4435,0.5156
7896,deniers,0.4435,0.4848
7897,old,0.4435,0.3639
7898,cent,0.4435,0.5083
7899,inconcevable,0.4434,0.5497
7900,muse,0.4434,0.4471
7901,arrivées,0.4434,0.4027
7902,aurez,0.4434,0.3787
7903,efj,0.4433,0.4677
7904,mary,0.4433,0.3261
7905,rétablissement,0.4433,0.4096
7906,séparés,0.4433,0.4753
7907,sincère,0.4432,0.4478
7908,roient,0.4432,0.4470
7909,copie,0.4431,0.5491
7910,ajoutant,0.4431,0.5520
7911,bronze,0.4431,0.4086
7912,mm,0.4431,0.6004
7913,extrémités,0.4431,0.5294
7914,vt,0.4431,0.5078
7915,afrique,0.4430,0.4095
7916,castille,0.4430,0.4755
7917,satisfaite,0.4430,0.4565
7918,dissiper,0.4430,0.4495
7919,opposer,0.4430,0.4781
7920,supprimer,0.4430,0.4781
7921,picardie,0.4430,0.4529
7922,d'art,0.4430,0.3920
7923,bateau,0.4429,0.4494
7924,qu'ii,0.4429,0.5186
7925,intelligible,0.4429,0.4956
7926,constitution,0.4428,0.4315
7927,année,0.4428,0.4866
7928,tribunal,0.4428,0.5151
7929,cns,0.4428,0.4956
7930,frappé,0.4427,0.4421
7931,pur,0.4427,0.5633
7932,guérir,0.4427,0.4563
7933,cruelle,0.4427,0.3833
7934,injustes,0.4426,0.4102
7935,rejette,0.4426,0.4769
7936,principes,0.4426,0.4345
7937,mutuellement,0.4425,0.4515
7938,latine,0.4425,0.3704
7939,ue,0.4425,0.4860
7940,fiege,0.4425,0.5570
7941,touchent,0.4424,0.4518
7942,ordonnoit,0.4424,0.4460
7943,longues,0.4424,0.4182
7944,servis,0.4424,0.4415
7945,eaux,0.4424,0.5310
7946,ut,0.4423,0.5306
7947,renouveller,0.4423,0.4369
7948,cit,0.4423,0.4883
7949,périt,0.4423,0.4827
7950,vêtus,0.4423,0.4695
7951,décrets,0.4421,0.4401
7952,exclus,0.4421,0.4394
7953,declaré,0.4420,0.4831
7954,tyr,0.4420,0.5225
7955,tiennent,0.4420,0.4531
7956,haye,0.4420,0.4957
7957,conjoncture,0.4420,0.4908
7958,banque,0.4419,0.5005
7959,compétence,0.4419,0.5336
7960,zr,0.4419,0.4890
7961,spirituelle,0.4419,0.5460
7962,épousa,0.4418,0.4242
7963,nil,0.4418,0.4785
7964,pénétré,0.4418,0.4066
7965,orientaux,0.4418,0.4859
7966,passions,0.4417,0.4546
7967,avides,0.4417,0.4835
7968,grandeurs,0.4417,0.4494
7969,lez,0.4417,0.5259
7970,fiefs,0.4417,0.4027
7971,attaché,0.4417,0.4725
7972,battent,0.4417,0.4144
7973,heureusement,0.4416,0.4737
7974,souveraine,0.4416,0.4678
7975,revienne,0.4416,0.5293
7976,midi,0.4416,0.3466
7977,actuelle,0.4415,0.5512
7978,païs,0.4415,0.2589
7979,the,0.4414,0.4757
7980,mesuré,0.4413,0.5680
7981,blâme,0.4413,0.4675
7982,d'icelle,0.4412,0.3888
7983,l'heureuse,0.4412,0.5179
7984,quàm,0.4412,0.4791
7985,mortels,0.4412,0.4519
7986,d'argent,0.4411,0.5413
7987,oie,0.4411,0.5699
7988,raisonnables,0.4410,0.4352
7989,hérétiques,0.4410,0.4763
7990,usé,0.4410,0.4099
7991,deuxième,0.4409,0.4056
7992,impie,0.4409,0.4447
7993,fairc,0.4408,0.4986
7994,jr,0.4408,0.4708
7995,capitaine,0.4408,0.4921
7996,l'entrée,0.4408,0.5040
7997,blancs,0.4407,0.4138
7998,gouverneurs,0.4407,0.4357
7999,l'exception,0.4407,0.4755
8000,désir,0.4406,0.4085
8001,pi,0.4406,0.5563
8002,environné,0.4406,0.4583
8003,termes,0.4406,0.4515
8004,insulte,0.4405,0.4600
8005,consommé,0.4405,0.5353
8006,desquels,0.4405,0.3975
8007,certaine,0.4405,0.4852
8008,d'aller,0.4404,0.4779
8009,sorti,0.4404,0.4644
8010,nicolas,0.4403,0.4721
8011,questions,0.4403,0.4135
8012,procura,0.4403,0.4593
8013,guinée,0.4402,0.5084
8014,farouche,0.4401,0.4529
8015,i'r,0.4401,0.4648
8016,ates,0.4401,0.4411
8017,laid,0.4401,0.4886
8018,nuages,0.4401,0.4225
8019,doutes,0.4400,0.4227
8020,cn,0.4400,0.5584
8021,discerner,0.4400,0.5197
8022,labour,0.4400,0.5326
8023,odeur,0.4400,0.4170
8024,ellcs,0.4400,0.4983
8025,esset,0.4399,0.4809
8026,exemptions,0.4399,0.4379
8027,ror,0.4399,0.5297
8028,entrerent,0.4399,0.4185
8029,l'apôtre,0.4398,0.5249
8030,crc,0.4398,0.4746
8031,jt,0.4398,0.4687
8032,longs,0.4397,0.4365
8033,quinzaine,0.4397,0.3960
8034,servante,0.4397,0.4611
8035,horreurs,0.4397,0.3568
8036,réfléchir,0.4397,0.5031
8037,créance,0.4397,0.4432
8038,rameaux,0.4396,0.4903
8039,broche,0.4396,0.4433
8040,pr,0.4396,0.5394
8041,pensées,0.4396,0.4210
8042,malheureux,0.4396,0.4434
8043,l'hymen,0.4396,0.4113
8044,primes,0.4395,0.4881
8045,taxe,0.4395,0.4784
8046,perche,0.4395,0.4666
8047,releva,0.4395,0.5357
8048,term,0.4394,0.4699
8049,accidens,0.4394,0.4220
8050,traitent,0.4394,0.4188
8051,réjouir,0.4394,0.4207
8052,paisible,0.4394,0.4929
8053,tibre,0.4394,0.4667
8054,comparé,0.4394,0.4771
8055,l'incertitude,0.4393,0.5268
8056,retirer,0.4393,0.4465
8057,vanter,0.4392,0.4338
8058,toiles,0.4392,0.4359
8059,guillaume,0.4392,0.4304
8060,d'exciter,0.4392,0.4843
8061,lans,0.4391,0.4038
8062,bienfait,0.4391,0.4639
8063,barcelone,0.4391,0.5230
8064,inventions,0.4391,0.3470
8065,dogmes,0.4391,0.3786
8066,citation,0.4391,0.4645
8067,bal,0.4391,0.4277
8068,détours,0.4390,0.4445
8069,arraché,0.4390,0.4757
8070,bonnes,0.4390,0.4768
8071,lum,0.4390,0.3937
8072,faites,0.4390,0.4632
8073,liens,0.4390,0.4295
8074,remplis,0.4390,0.4188
8075,l'équité,0.4390,0.4529
8076,rapportent,0.4389,0.4680
8077,abraham,0.4389,0.5016
8078,ier,0.4389,0.5004
8079,mettons,0.4388,0.4728
8080,guéri,0.4388,0.4923
8081,possibilité,0.4388,0.5034
8082,lumieres,0.4388,0.3632
8083,royau,0.4388,0.4777
8084,conquêtes,0.4388,0.4371
8085,contiennent,0.4387,0.4762
8086,tenter,0.4387,0.3844
8087,bourse,0.4387,0.4538
8088,dissipe,0.4386,0.4232
8089,reines,0.4386,0.4453
8090,d'avouer,0.4386,0.4526
8091,préparée,0.4386,0.4682
8092,étrangères,0.4384,0.5532
8093,profondes,0.4384,0.3999
8094,i'i,0.4384,0.4559
8095,ncc,0.4384,0.4331
8096,grossier,0.4383,0.4564
8097,ejf,0.4382,0.4405
8098,loco,0.4382,0.4330
8099,eis,0.4382,0.5137
8100,défiance,0.4382,0.4689
8101,balancer,0.4381,0.4419
8102,contenus,0.4381,0.4451
8103,prononcée,0.4381,0.4428
8104,permettre,0.4381,0.4439
8105,has,0.4381,0.3664
8106,l'administration,0.4381,0.4303
8107,partent,0.4381,0.4685
8108,vingr,0.4381,0.4541
8109,l'être,0.4380,0.4777
8110,d'inde,0.4380,0.4522
8111,implorer,0.4380,0.4271
8112,profane,0.4380,0.5104
8113,cu,0.4379,0.5327
8114,recette,0.4379,0.4606
8115,poussent,0.4379,0.4118
8116,pareils,0.4379,0.5504
8117,also,0.4378,0.2130
8118,fondez,0.4378,0.4880
8119,fatigues,0.4378,0.3982
8120,irt,0.4378,0.4757
8121,marquoit,0.4378,0.4477
8122,l'exil,0.4378,0.5197
8123,s'abandonner,0.4378,0.4899
8124,cherchant,0.4378,0.5434
8125,âgée,0.4377,0.5656
8126,guy,0.4377,0.4781
8127,cendres,0.4377,0.4105
8128,grammont,0.4376,0.5513
8129,bras,0.4376,0.4599
8130,hautement,0.4376,0.4063
8131,erc,0.4376,0.3578
8132,protestations,0.4375,0.3876
8133,dormir,0.4375,0.5146
8134,miel,0.4375,0.4550
8135,flancs,0.4374,0.4260
8136,licu,0.4374,0.4985
8137,puis,0.4374,0.4982
8138,ébranlé,0.4374,0.4856
8139,anciens,0.4374,0.4616
8140,renverser,0.4374,0.4222
8141,colonne,0.4373,0.4743
8142,omnes,0.4373,0.4458
8143,cordon,0.4372,0.4416
8144,emporte,0.4372,0.4462
8145,cii,0.4372,0.5434
8146,s'oppose,0.4372,0.4680
8147,lien,0.4371,0.4926
8148,séduire,0.4371,0.4764
8149,punir,0.4371,0.3821
8150,gouvernante,0.4371,0.4828
8151,quatrieme,0.4370,0.5111
8152,molle,0.4370,0.4852
8153,work,0.4370,0.2687
8154,hi,0.4370,0.5735
8155,satyres,0.4369,0.4162
8156,heureux,0.4369,0.4682
8157,poitiers,0.4369,0.4490
8158,indispensable,0.4369,0.4565
8159,ordinairement,0.4368,0.4686
8160,s'instruire,0.4368,0.4396
8161,antre,0.4368,0.4621
8162,qii,0.4367,0.5497
8163,meurtres,0.4367,0.4892
8164,rêve,0.4367,0.4303
8165,differente,0.4367,0.4673
8166,contenance,0.4367,0.4221
8167,curé,0.4367,0.5204
8168,exposition,0.4366,0.4630
8169,sang,0.4366,0.4816
8170,prudence,0.4365,0.4537
8171,annuel,0.4365,0.4201
8172,eo,0.4365,0.5333
8173,tum,0.4365,0.4910
8174,bravoure,0.4364,0.4977
8175,verras,0.4364,0.3892
8176,domine,0.4364,0.4867
8177,n'en,0.4364,0.4474
8178,commencent,0.4364,0.4019
8179,auli,0.4363,0.4620
8180,rg,0.4363,0.4619
8181,unquam,0.4363,0.3733
8182,qc,0.4362,0.4807
8183,éditions,0.4362,0.3892
8184,sint,0.4362,0.4635
8185,repentir,0.4362,0.4014
8186,iz,0.4362,0.4818
8187,dl,0.4362,0.5303
8188,j'aye,0.4361,0.4167
8189,cj,0.4361,0.4807
8190,boutique,0.4361,0.5117
8191,maigres,0.4361,0.4549
8192,commencée,0.4361,0.5248
8193,prêtres,0.4361,0.4150
8194,égards,0.4360,0.4169
8195,moyen,0.4360,0.3713
8196,vieille,0.4360,0.5548
8197,fanté,0.4360,0.4293
8198,erant,0.4360,0.4291
8199,zélé,0.4360,0.4308
8200,pêche,0.4360,0.4563
8201,pompe,0.4360,0.4076
8202,ecritures,0.4360,0.5249
8203,saisi,0.4360,0.4144
8204,soutiennent,0.4359,0.5463
8205,lot,0.4359,0.5402
8206,subir,0.4359,0.4332
8207,sers,0.4358,0.4017
8208,pernicieuse,0.4358,0.4549
8209,entretiens,0.4358,0.4357
8210,écrites,0.4357,0.4936
8211,enter,0.4357,0.3833
8212,trajet,0.4357,0.5552
8213,propice,0.4357,0.4084
8214,forge,0.4357,0.5413
8215,spectacles,0.4356,0.4276
8216,lucile,0.4356,0.4736
8217,pontifes,0.4355,0.4614
8218,dir,0.4355,0.4550
8219,ailleurs,0.4354,0.5035
8220,enrichir,0.4354,0.4332
8221,l'armée,0.4354,0.4290
8222,marchas,0.4353,0.4368
8223,garnison,0.4353,0.4223
8224,communiqué,0.4352,0.5274
8225,vitesse,0.4352,0.5029
8226,laissons,0.4352,0.5122
8227,posé,0.4352,0.4331
8228,occidentale,0.4352,0.4002
8229,rival,0.4351,0.3905
8230,distinctions,0.4351,0.3845
8231,s'imagine,0.4351,0.3707
8232,instruits,0.4351,0.3894
8233,other,0.4350,0.2719
8234,herbe,0.4350,0.4096
8235,faveur,0.4349,0.4355
8236,avoic,0.4349,0.4018
8237,vaincus,0.4349,0.4265
8238,discrétion,0.4349,0.5030
8239,parlemens,0.4349,0.4240
8240,crt,0.4349,0.5331
8241,salutaire,0.4349,0.5231
8242,fabrication,0.4348,0.4091
8243,bourses,0.4348,0.5488
8244,avantageux,0.4348,0.4475
8245,arrière,0.4348,0.5764
8246,assemblage,0.4347,0.4075
8247,poule,0.4347,0.4282
8248,douceurs,0.4347,0.4019
8249,cacha,0.4347,0.5273
8250,d'horace,0.4347,0.5182
8251,emporté,0.4346,0.4816
8252,d'entrer,0.4346,0.4682
8253,afiez,0.4346,0.5872
8254,ol,0.4346,0.5354
8255,pit,0.4346,0.4916
8256,l'accomplissement,0.4346,0.5747
8257,cc,0.4346,0.5499
8258,hongrie,0.4346,0.4789
8259,ois,0.4346,0.4963
8260,envoyées,0.4345,0.4671
8261,médecin,0.4345,0.5347
8262,iiv,0.4345,0.4965
8263,venit,0.4345,0.3775
8264,racheter,0.4344,0.5462
8265,pleurant,0.4344,0.4183
8266,engager,0.4344,0.4413
8267,derniers,0.4344,0.4727
8268,confesser,0.4343,0.5169
8269,cachent,0.4343,0.4425
8270,payables,0.4343,0.4383
8271,prieuré,0.4342,0.4149
8272,remercia,0.4342,0.4734
8273,l'origine,0.4342,0.4237
8274,nourris,0.4341,0.4165
8275,suffit,0.4341,0.4858
8276,amena,0.4341,0.4319
8277,ero,0.4341,0.4640
8278,acc,0.4341,0.5587
8279,ss,0.4341,0.5430
8280,consuls,0.4340,0.4694
8281,troncs,0.4340,0.3874
8282,jadis,0.4340,0.4904
8283,pater,0.4340,0.4760
8284,signée,0.4339,0.4872
8285,prêt,0.4339,0.4758
8286,bo,0.4339,0.4819
8287,parthes,0.4339,0.4480
8288,défait,0.4339,0.5094
8289,pt,0.4339,0.5120
8290,supposant,0.4338,0.4676
8291,avance,0.4338,0.4441
8292,principales,0.4338,0.5405
8293,gouvernent,0.4338,0.3955
8294,cuite,0.4337,0.4726
8295,orateurs,0.4336,0.4098
8296,accomplir,0.4336,0.4790
8297,ace,0.4336,0.4802
8298,commentateurs,0.4336,0.3800
8299,iu,0.4336,0.4884
8300,exemplaire,0.4335,0.4765
8301,écrivant,0.4335,0.5284
8302,sommeil,0.4335,0.5270
8303,deviennent,0.4335,0.4111
8304,expofé,0.4335,0.5099
8305,montré,0.4335,0.3698
8306,degrés,0.4334,0.4566
8307,travaillent,0.4334,0.4346
8308,manda,0.4333,0.3931
8309,service,0.4333,0.5464
8310,pleines,0.4333,0.4156
8311,compris,0.4333,0.4462
8312,l'adjudication,0.4333,0.4462
8313,détruire,0.4332,0.3925
8314,mier,0.4330,0.4270
8315,compliment,0.4330,0.4348
8316,parfaites,0.4330,0.4618
8317,colonel,0.4330,0.3594
8318,version,0.4329,0.4427
8319,mots,0.4329,0.4503
8320,qu,0.4328,0.5207
8321,langage,0.4328,0.4733
8322,figne,0.4328,0.4629
8323,réveiller,0.4328,0.4955
8324,avanture,0.4327,0.3899
8325,eroit,0.4327,0.5136
8326,prophetes,0.4326,0.4595
8327,iter,0.4326,0.4181
8328,erreurs,0.4326,0.4723
8329,rompre,0.4325,0.4134
8330,vraies,0.4325,0.4635
8331,félon,0.4325,0.3771
8332,utile,0.4324,0.4739
8333,éviter,0.4324,0.4625
8334,qu'est,0.4324,0.4143
8335,grece,0.4324,0.4568
8336,statuts,0.4324,0.4220
8337,panier,0.4324,0.4425
8338,artifices,0.4323,0.3817
8339,venise,0.4323,0.4292
8340,catilina,0.4323,0.4661
8341,regnes,0.4322,0.4662
8342,l'agitation,0.4322,0.4964
8343,chantre,0.4322,0.5691
8344,biens,0.4322,0.4520
8345,gro,0.4322,0.5123
8346,affliction,0.4322,0.4672
8347,joignent,0.4322,0.3981
8348,auxquels,0.4321,0.4685
8349,lys,0.4321,0.4914
8350,brillante,0.4321,0.4599
8351,tragédie,0.4320,0.3683
8352,qu'aucun,0.4320,0.4958
8353,ifles,0.4319,0.4400
8354,reconnoissancent,0.4319,0.4719
8355,notaire,0.4319,0.4664
8356,fallu,0.4319,0.3727
8357,naquit,0.4318,0.4901
8358,dans,0.4318,0.4378
8359,conviens,0.4318,0.3915
8360,hec,0.4318,0.3760
8361,remarqué,0.4318,0.4225
8362,ml,0.4317,0.4896
8363,prié,0.4317,0.4057
8364,ene,0.4317,0.5526
8365,quatrevingt,0.4316,0.4124
8366,l'employer,0.4316,0.5412
8367,essentiels,0.4316,0.4399
8368,ccs,0.4316,0.4911
8369,ooo,0.4316,0.4833
8370,ns,0.4316,0.4810
8371,plusieurs,0.4316,0.3905
8372,avés,0.4315,0.3647
8373,foutenu,0.4315,0.4372
8374,laissez,0.4315,0.4653
8375,nuds,0.4315,0.4437
8376,entrée,0.4315,0.5449
8377,empereurs,0.4314,0.4478
8378,exprime,0.4314,0.5362
8379,embarquer,0.4314,0.5324
8380,ombres,0.4314,0.5376
8381,avoine,0.4314,0.5567
8382,seizième,0.4314,0.4693
8383,exigé,0.4314,0.4979
8384,balle,0.4313,0.4324
8385,s'attacher,0.4313,0.4168
8386,coupant,0.4313,0.4561
8387,prononcé,0.4312,0.4856
8388,avancée,0.4312,0.4393
8389,dlu,0.4312,0.4828
8390,papa,0.4311,0.4846
8391,troubler,0.4311,0.4053
8392,plura,0.4311,0.3556
8393,sergens,0.4310,0.3903
8394,contracter,0.4310,0.4804
8395,perse,0.4310,0.5011
8396,perfection,0.4309,0.4202
8397,bic,0.4308,0.5494
8398,vierges,0.4308,0.4702
8399,croye,0.4307,0.3870
8400,retentir,0.4307,0.3930
8401,laval,0.4307,0.4468
8402,conduites,0.4307,0.4684
8403,habitude,0.4306,0.4175
8404,composée,0.4306,0.4597
8405,requêtes,0.4306,0.4800
8406,cun,0.4306,0.5264
8407,ibi,0.4305,0.5100
8408,étonnement,0.4305,0.4095
8409,vache,0.4305,0.4202
8410,alia,0.4305,0.4742
8411,dues,0.4305,0.4605
8412,capacité,0.4305,0.4211
8413,rentrer,0.4305,0.4595
8414,l'embouchure,0.4304,0.4431
8415,sels,0.4304,0.4303
8416,mcr,0.4304,0.4868
8417,scipion,0.4304,0.4277
8418,l'espoir,0.4304,0.4553
8419,ordonné,0.4303,0.5104
8420,l'ouvrier,0.4303,0.5305
8421,éloigner,0.4302,0.4050
8422,demandez,0.4302,0.4066
8423,imprimée,0.4302,0.5213
8424,m'y,0.4301,0.3934
8425,traitée,0.4301,0.3947
8426,brave,0.4301,0.4311
8427,brun,0.4301,0.4193
8428,perdrix,0.4301,0.4664
8429,régiment,0.4300,0.3501
8430,bologne,0.4300,0.4419
8431,méchans,0.4300,0.4867
8432,prodigue,0.4300,0.5058
8433,événemens,0.4300,0.3914
8434,chrétiennes,0.4299,0.4446
8435,exceptions,0.4299,0.4064
8436,répugnance,0.4299,0.4164
8437,pensé,0.4299,0.3599
8438,morale,0.4299,0.4435
8439,colline,0.4298,0.4183
8440,autre,0.4298,0.5308
8441,raconte,0.4298,0.5110
8442,ode,0.4298,0.5424
8443,commandez,0.4297,0.4988
8444,criant,0.4297,0.5051
8445,pain,0.4297,0.4769
8446,nuisibles,0.4297,0.4299
8447,ruses,0.4297,0.3938
8448,quoque,0.4297,0.4879
8449,abuse,0.4297,0.3846
8450,jeu,0.4296,0.4524
8451,dévotion,0.4296,0.4471
8452,recommande,0.4296,0.5103
8453,épaisse,0.4294,0.3626
8454,ey,0.4294,0.5137
8455,lâcheté,0.4294,0.4429
8456,faible,0.4293,0.4539
8457,hoc,0.4293,0.4809
8458,ordonn,0.4293,0.4497
8459,repartit,0.4293,0.3582
8460,immuable,0.4292,0.4442
8461,sacrées,0.4292,0.4566
8462,galanterie,0.4291,0.4808
8463,innocentes,0.4291,0.4571
8464,l'evangile,0.4291,0.5002
8465,francfort,0.4291,0.4647
8466,cd,0.4291,0.5118
8467,animaux,0.4291,0.4155
8468,lm,0.4291,0.4804
8469,florins,0.4290,0.4226
8470,chevalier,0.4290,0.4332
8471,amende,0.4290,0.4219
8472,perdues,0.4290,0.4842
8473,naissent,0.4289,0.4566
8474,ons,0.4289,0.4425
8475,fum,0.4289,0.3633
8476,marchoient,0.4289,0.4407
8477,trer,0.4289,0.4834
8478,longueurs,0.4288,0.4740
8479,parois,0.4288,0.5243
8480,japon,0.4288,0.4746
8481,singuliere,0.4288,0.3870
8482,connus,0.4288,0.3770
8483,intention,0.4288,0.4600
8484,tanti,0.4287,0.3478
8485,incompatibles,0.4287,0.4958
8486,apollon,0.4287,0.4065
8487,bénéfices,0.4287,0.4431
8488,quod,0.4287,0.4539
8489,populace,0.4287,0.4301
8490,contentement,0.4286,0.4355
8491,ames,0.4286,0.5192
8492,l'empêcher,0.4286,0.4870
8493,contrevenans,0.4285,0.4256
8494,corriger,0.4285,0.4413
8495,condamné,0.4285,0.4951
8496,jusqu'i,0.4285,0.5314
8497,demeuré,0.4285,0.4866
8498,indépendamment,0.4285,0.4954
8499,acquis,0.4284,0.5091
8500,créer,0.4284,0.4845
8501,conseillers,0.4284,0.3862
8502,arte,0.4283,0.3893
8503,dépouille,0.4283,0.4404
8504,tue,0.4283,0.4716
8505,carosse,0.4282,0.4550
8506,européens,0.4282,0.4474
8507,d'apprendre,0.4282,0.5140
8508,boileau,0.4282,0.5514
8509,éclairci,0.4282,0.4566
8510,argent,0.4282,0.4747
8511,oeufs,0.4281,0.4665
8512,rentes,0.4281,0.4431
8513,étonnante,0.4281,0.4347
8514,portera,0.4281,0.4870
8515,justifie,0.4281,0.4520
8516,d'cn,0.4281,0.4896
8517,résolu,0.4280,0.3692
8518,voient,0.4280,0.4280
8519,commencerent,0.4280,0.3455
8520,n'é,0.4280,0.4714
8521,syrie,0.4280,0.4340
8522,l'obtenir,0.4280,0.4360
8523,dépendances,0.4280,0.4621
8524,sum,0.4280,0.4401
8525,eau,0.4280,0.4524
8526,solide,0.4280,0.4349
8527,excuser,0.4279,0.4416
8528,arrêtée,0.4279,0.4965
8529,sentier,0.4279,0.4710
8530,commencemens,0.4279,0.4129
8531,pars,0.4279,0.4701
8532,ceil,0.4279,0.5162
8533,fermées,0.4279,0.4770
8534,semence,0.4278,0.4240
8535,réelle,0.4278,0.4238
8536,étoffe,0.4278,0.4183
8537,cùm,0.4277,0.4236
8538,bienfaits,0.4277,0.4022
8539,jeunes,0.4277,0.4640
8540,sévérité,0.4276,0.4973
8541,touchant,0.4276,0.5123
8542,obscurs,0.4276,0.4207
8543,entrer,0.4276,0.4723
8544,censeur,0.4276,0.5322
8545,coupée,0.4274,0.4433
8546,empêché,0.4274,0.4030
8547,fibi,0.4273,0.3722
8548,tz,0.4273,0.4651
8549,gouvernail,0.4272,0.4790
8550,écarté,0.4272,0.4581
8551,ux,0.4272,0.5117
8552,parler,0.4272,0.4758
8553,vase,0.4272,0.4397
8554,pou,0.4271,0.4799
8555,écorce,0.4271,0.4267
8556,explications,0.4271,0.4287
8557,them,0.4270,0.3566
8558,offense,0.4270,0.4242
8559,um,0.4270,0.4348
8560,passez,0.4270,0.5620
8561,pureté,0.4269,0.4291
8562,fc,0.4269,0.5394
8563,relie,0.4269,0.4981
8564,celle,0.4269,0.4546
8565,greffe,0.4268,0.4404
8566,portez,0.4268,0.5600
8567,qu'autant,0.4268,0.4735
8568,tournai,0.4268,0.5197
8569,pudeur,0.4268,0.4352
8570,inc,0.4268,0.5029
8571,vils,0.4268,0.4212
8572,triomphant,0.4268,0.4644
8573,enseigne,0.4267,0.4332
8574,juif,0.4267,0.5653
8575,honoré,0.4267,0.4267
8576,chauffer,0.4266,0.4250
8577,marcher,0.4266,0.4582
8578,revenant,0.4266,0.5710
8579,voute,0.4266,0.4719
8580,jusqu'au,0.4265,0.5118
8581,autel,0.4264,0.4706
8582,dare,0.4264,0.4288
8583,jaloux,0.4264,0.4238
8584,peint,0.4264,0.4131
8585,prévention,0.4263,0.4344
8586,hollandais,0.4263,0.5450
8587,capitole,0.4262,0.4498
8588,terra,0.4262,0.4517
8589,terreur,0.4261,0.3945
8590,excita,0.4261,0.4759
8591,délivrée,0.4261,0.4394
8592,ayez,0.4261,0.4513
8593,falut,0.4261,0.3935
8594,ignorance,0.4260,0.4042
8595,âgé,0.4260,0.3849
8596,restitution,0.4259,0.5197
8597,bouilli,0.4259,0.4428
8598,folie,0.4259,0.4337
8599,faire,0.4259,0.4952
8600,trouvez,0.4259,0.4775
8601,répondoit,0.4258,0.5084
8602,appointemens,0.4258,0.4182
8603,trépas,0.4257,0.4542
8604,moulin,0.4256,0.4805
8605,edit,0.4256,0.4016
8606,avertit,0.4256,0.3685
8607,cloître,0.4256,0.4764
8608,queflion,0.4256,0.5184
8609,tourne,0.4256,0.4298
8610,chêne,0.4256,0.4531
8611,couverts,0.4255,0.3534
8612,vénération,0.4255,0.4284
8613,aimons,0.4255,0.3839
8614,port,0.4255,0.4913
8615,demandent,0.4255,0.4431
8616,résolution,0.4255,0.3300
8617,pointes,0.4255,0.3766
8618,parchemin,0.4254,0.4682
8619,xxxv,0.4254,0.4430
8620,ronds,0.4253,0.4198
8621,acres,0.4253,0.5266
8622,sapin,0.4253,0.4580
8623,méchanceté,0.4253,0.4752
8624,injuste,0.4253,0.3812
8625,repas,0.4253,0.4894
8626,cri,0.4252,0.4500
8627,disputes,0.4252,0.3756
8628,ménagé,0.4252,0.4650
8629,datée,0.4251,0.5417
8630,rompt,0.4251,0.4194
8631,éteinte,0.4251,0.4476
8632,incroyable,0.4251,0.4758
8633,mine,0.4251,0.4774
8634,quid,0.4251,0.4918
8635,parlons,0.4251,0.4586
8636,dises,0.4251,0.4469
8637,avocats,0.4251,0.4360
8638,air,0.4250,0.3929
8639,déclare,0.4250,0.4683
8640,durs,0.4249,0.4471
8641,terribles,0.4249,0.3759
8642,dune,0.4249,0.5589
8643,actions,0.4249,0.3873
8644,partagez,0.4249,0.4404
8645,désagréable,0.4248,0.5169
8646,nid,0.4248,0.4211
8647,bureaux,0.4248,0.4182
8648,épines,0.4247,0.4953
8649,malo,0.4247,0.4830
8650,l'afrique,0.4247,0.4131
8651,there,0.4247,0.3790
8652,tenues,0.4247,0.4433
8653,c'etoit,0.4246,0.5806
8654,d'écrire,0.4246,0.5458
8655,charmer,0.4246,0.4434
8656,l'endroit,0.4246,0.4222
8657,surprend,0.4246,0.4799
8658,plaisir,0.4246,0.5290
8659,ambition,0.4245,0.3660
8660,singulière,0.4245,0.4753
8661,remplit,0.4245,0.4198
8662,fidelles,0.4245,0.5827
8663,informé,0.4245,0.4267
8664,dît,0.4244,0.4410
8665,l'emploi,0.4244,0.5353
8666,certains,0.4243,0.4604
8667,cartes,0.4243,0.5380
8668,tuiles,0.4243,0.5149
8669,l'aura,0.4243,0.4565
8670,aions,0.4243,0.4846
8671,semblables,0.4243,0.4295
8672,livrc,0.4243,0.5263
8673,mépris,0.4243,0.4366
8674,lus,0.4243,0.5236
8675,rts,0.4242,0.4824
8676,monseigneur,0.4242,0.4752
8677,affligé,0.4242,0.4705
8678,bi,0.4242,0.4981
8679,éclaire,0.4241,0.4021
8680,incommodité,0.4241,0.4577
8681,oient,0.4240,0.4007
8682,découvrir,0.4240,0.4765
8683,retranchement,0.4240,0.4948
8684,misérable,0.4239,0.4892
8685,l'acheteur,0.4239,0.4171
8686,devenir,0.4239,0.4953
8687,accordé,0.4239,0.4843
8688,richelieu,0.4239,0.3730
8689,généraux,0.4237,0.5403
8690,voies,0.4237,0.4025
8691,magasins,0.4237,0.4359
8692,icc,0.4237,0.5050
8693,repliqua,0.4237,0.3608
8694,verges,0.4237,0.4996
8695,connoissancez,0.4236,0.3970
8696,contribue,0.4236,0.4637
8697,d'étre,0.4235,0.5779
8698,l'effet,0.4235,0.4865
8699,députés,0.4235,0.4131
8700,né,0.4235,0.5067
8701,refute,0.4234,0.4558
8702,court,0.4234,0.5248
8703,baillifs,0.4234,0.1985
8704,zele,0.4234,0.3933
8705,dui,0.4233,0.4530
8706,pilote,0.4233,0.5016
8707,sujette,0.4233,0.4041
8708,ine,0.4233,0.5351
8709,huic,0.4233,0.3964
8710,multiplient,0.4232,0.4108
8711,chemise,0.4232,0.4375
8712,demeureront,0.4232,0.4300
8713,conséquences,0.4232,0.4351
8714,d'exécuter,0.4232,0.4263
8715,même,0.4232,0.4163
8716,enfoncé,0.4231,0.4444
8717,tc,0.4231,0.5113
8718,attends,0.4231,0.4326
8719,avec,0.4231,0.4607
8720,too,0.4231,0.4239
8721,déplaisir,0.4230,0.4681
8722,d'exercer,0.4230,0.4255
8723,disette,0.4230,0.4697
8724,maudit,0.4230,0.4657
8725,félicité,0.4229,0.4416
8726,résistance,0.4229,0.3984
8727,répandre,0.4229,0.4298
8728,trembler,0.4229,0.4264
8729,l'empereur,0.4228,0.5212
8730,sentir,0.4228,0.4367
8731,doutant,0.4228,0.4238
8732,dront,0.4228,0.4679
8733,nymphe,0.4227,0.4502
8734,cho,0.4227,0.3433
8735,marqua,0.4227,0.3843
8736,indignes,0.4227,0.4188
8737,plûpart,0.4227,0.3907
8738,suéde,0.4227,0.4324
8739,intrigues,0.4227,0.3463
8740,acquit,0.4226,0.5171
8741,causa,0.4226,0.5194
8742,choisies,0.4226,0.4743
8743,touchez,0.4225,0.5037
8744,agens,0.4225,0.4665
8745,user,0.4224,0.4857
8746,adroit,0.4224,0.4455
8747,fidèle,0.4224,0.4171
8748,àdire,0.4223,0.4154
8749,cuit,0.4223,0.4522
8750,clou,0.4223,0.4607
8751,ke,0.4223,0.5385
8752,malheureuse,0.4223,0.4408
8753,vicomté,0.4221,0.4947
8754,cessé,0.4221,0.4430
8755,diminutions,0.4221,0.4340
8756,style,0.4221,0.3934
8757,nova,0.4221,0.4253
8758,doctrine,0.4220,0.4005
8759,mettez,0.4220,0.3962
8760,crin,0.4220,0.4844
8761,révolution,0.4219,0.3648
8762,blic,0.4219,0.4287
8763,omne,0.4218,0.3545
8764,d'ennemis,0.4218,0.4316
8765,d'aucuns,0.4217,0.4762
8766,ées,0.4217,0.5000
8767,officiers,0.4217,0.4397
8768,marquer,0.4217,0.4437
8769,éloges,0.4216,0.3830
8770,fil,0.4216,0.5070
8771,liberté,0.4216,0.4062
8772,exempte,0.4216,0.5630
8773,raisons,0.4216,0.4384
8774,piliers,0.4216,0.4232
8775,its,0.4216,0.4842
8776,payemens,0.4216,0.4532
8777,refsource,0.4215,0.4284
8778,fermiers,0.4215,0.4405
8779,matins,0.4215,0.4890
8780,contradiction,0.4214,0.3895
8781,communs,0.4213,0.4473
8782,cave,0.4213,0.5385
8783,homine,0.4213,0.4620
8784,menaces,0.4212,0.3349
8785,complices,0.4212,0.3953
8786,devenues,0.4212,0.4229
8787,omnia,0.4212,0.4497
8788,force,0.4212,0.4581
8789,grandeur,0.4211,0.4848
8790,fd,0.4211,0.4854
8791,étonner,0.4211,0.3865
8792,finis,0.4210,0.4190
8793,punis,0.4210,0.4060
8794,homme,0.4210,0.4493
8795,rendait,0.4210,0.5067
8796,sardaigne,0.4209,0.4554
8797,leges,0.4209,0.3765
8798,dixième,0.4209,0.4421
8799,ete,0.4209,0.4631
8800,nuit,0.4209,0.5056
8801,présenté,0.4209,0.4542
8802,enne,0.4208,0.4492
8803,sortent,0.4207,0.4242
8804,we,0.4207,0.3129
8805,introduire,0.4207,0.4933
8806,témoins,0.4207,0.4223
8807,préface,0.4207,0.3512
8808,prophète,0.4206,0.5131
8809,dura,0.4206,0.4974
8810,encourager,0.4206,0.4616
8811,flatté,0.4206,0.4873
8812,promenant,0.4205,0.4372
8813,mémoires,0.4205,0.4038
8814,détermina,0.4205,0.4228
8815,combattre,0.4204,0.4647
8816,d'humeur,0.4204,0.4899
8817,apportez,0.4204,0.5229
8818,quil,0.4204,0.5053
8819,étrange,0.4204,0.4890
8820,tirés,0.4203,0.5292
8821,observe,0.4203,0.4569
8822,portes,0.4203,0.4440
8823,imprimer,0.4203,0.4242
8824,wi,0.4203,0.4604
8825,croissent,0.4202,0.3955
8826,ean,0.4202,0.4575
8827,construit,0.4202,0.4382
8828,apporter,0.4201,0.4583
8829,ouvertement,0.4201,0.4529
8830,confondre,0.4201,0.4755
8831,fracas,0.4201,0.4565
8832,era,0.4200,0.4670
8833,mène,0.4200,0.4726
8834,tint,0.4199,0.4223
8835,cirque,0.4199,0.4468
8836,durée,0.4198,0.4016
8837,condamnés,0.4198,0.3668
8838,réussi,0.4197,0.4244
8839,d'environ,0.4197,0.4356
8840,rondes,0.4197,0.3942
8841,partic,0.4196,0.4750
8842,fureurs,0.4196,0.3122
8843,attaqué,0.4196,0.4599
8844,s'arrêta,0.4196,0.4533
8845,s'ouvre,0.4194,0.4463
8846,bruges,0.4194,0.4935
8847,formant,0.4194,0.4986
8848,garantir,0.4194,0.4011
8849,persuader,0.4194,0.4552
8850,permise,0.4194,0.4273
8851,diligence,0.4194,0.3973
8852,vizirs,0.4193,0.5781
8853,république,0.4193,0.4143
8854,écrivit,0.4193,0.4746
8855,soupçonner,0.4192,0.4494
8856,l'augmentation,0.4192,0.4306
8857,d'iceux,0.4192,0.3918
8858,entretenus,0.4192,0.4519
8859,fâcheuses,0.4191,0.4370
8860,personnes,0.4191,0.3984
8861,danois,0.4191,0.5032
8862,couvrir,0.4191,0.4468
8863,paroît,0.4191,0.4785
8864,liv,0.4191,0.5273
8865,refuter,0.4190,0.4632
8866,iro,0.4190,0.4837
8867,hymen,0.4190,0.3710
8868,action,0.4190,0.4559
8869,aumônes,0.4190,0.4094
8870,mystère,0.4190,0.3975
8871,arracher,0.4190,0.4331
8872,abondantes,0.4189,0.4424
8873,appuyer,0.4189,0.4828
8874,reine,0.4189,0.4398
8875,recommandation,0.4189,0.4798
8876,sort,0.4188,0.3878
8877,soleil,0.4188,0.4516
8878,causé,0.4188,0.4474
8879,émotion,0.4187,0.4763
8880,finesse,0.4187,0.4341
8881,simon,0.4187,0.4574
8882,termina,0.4187,0.4797
8883,retirez,0.4186,0.4930
8884,arrêt,0.4186,0.3757
8885,fed,0.4186,0.4557
8886,soupirs,0.4186,0.4159
8887,affranchi,0.4185,0.4451
8888,s'imaginent,0.4185,0.3270
8889,reglemens,0.4185,0.3939
8890,occupe,0.4185,0.4292
8891,joli,0.4184,0.3785
8892,retours,0.4184,0.4296
8893,soustraire,0.4184,0.4200
8894,auras,0.4184,0.4342
8895,d'elles,0.4183,0.4600
8896,justifier,0.4183,0.4675
8897,justesse,0.4182,0.3823
8898,chaise,0.4182,0.4637
8899,tanto,0.4182,0.3830
8900,juge,0.4182,0.4246
8901,exact,0.4181,0.4321
8902,comédiens,0.4181,0.4609
8903,proprieté,0.4181,0.4873
8904,rage,0.4181,0.4442
8905,déposition,0.4181,0.4350
8906,tais,0.4180,0.4426
8907,charpentier,0.4180,0.4497
8908,date,0.4179,0.3902
8909,jusques,0.4178,0.4261
8910,suites,0.4178,0.3952
8911,angleterre,0.4178,0.3966
8912,transporté,0.4178,0.4520
8913,dos,0.4178,0.3974
8914,lèvres,0.4177,0.4361
8915,méchant,0.4177,0.4666
8916,our,0.4177,0.5037
8917,légat,0.4177,0.5046
8918,concevoir,0.4177,0.3750
8919,domaines,0.4177,0.3970
8920,plans,0.4176,0.4408
8921,composées,0.4176,0.3765
8922,capables,0.4175,0.3903
8923,venues,0.4175,0.4127
8924,majesté,0.4175,0.4619
8925,bâtit,0.4174,0.4678
8926,tyrans,0.4173,0.3637
8927,dépendre,0.4173,0.3971
8928,âne,0.4173,0.4017
8929,irc,0.4173,0.4891
8930,l'asie,0.4173,0.4463
8931,revendre,0.4173,0.4759
8932,fautes,0.4173,0.3867
8933,marine,0.4173,0.4815
8934,vers,0.4173,0.4915
8935,figuré,0.4172,0.4987
8936,appartenant,0.4172,0.3993
8937,soumise,0.4172,0.4458
8938,assister,0.4171,0.4214
8939,tenta,0.4171,0.5359
8940,flots,0.4171,0.3452
8941,reims,0.4170,0.3965
8942,détruite,0.4170,0.4069
8943,meres,0.4170,0.5139
8944,sculpture,0.4169,0.4317
8945,beaumont,0.4169,0.4968
8946,vivoit,0.4169,0.4914
8947,arrérages,0.4169,0.4112
8948,cordes,0.4169,0.4309
8949,emportée,0.4169,0.4146
8950,d'attendre,0.4169,0.4151
8951,aiment,0.4168,0.3811
8952,couleur,0.4168,0.3895
8953,asie,0.4168,0.4718
8954,longue,0.4168,0.4454
8955,diront,0.4168,0.4302
8956,chansons,0.4168,0.4420
8957,poser,0.4168,0.5287
8958,mêlent,0.4167,0.3554
8959,laissés,0.4167,0.4660
8960,malades,0.4167,0.4044
8961,menus,0.4167,0.4912
8962,plante,0.4167,0.3831
8963,d'arrêter,0.4167,0.4998
8964,ade,0.4166,0.4677
8965,essentiellement,0.4166,0.4663
8966,disait,0.4166,0.3849
8967,enterré,0.4165,0.4857
8968,sent,0.4164,0.4533
8969,palme,0.4164,0.5408
8970,ji,0.4164,0.5160
8971,courts,0.4164,0.4068
8972,divines,0.4164,0.4380
8973,tribunaux,0.4163,0.3978
8974,marcs,0.4163,0.4295
8975,liaison,0.4163,0.4210
8976,meilleures,0.4163,0.4951
8977,jugement,0.4162,0.4902
8978,rade,0.4162,0.4004
8979,vapeurs,0.4162,0.3742
8980,titres,0.4161,0.4562
8981,front,0.4161,0.5060
8982,employer,0.4161,0.4387
8983,vitres,0.4160,0.5372
8984,nôtres,0.4160,0.4060
8985,fines,0.4160,0.3938
8986,fauxbourgs,0.4159,0.4729
8987,tira,0.4158,0.4276
8988,pourvue,0.4158,0.5546
8989,entrepris,0.4158,0.3840
8990,tirent,0.4158,0.3915
8991,aucunes,0.4156,0.3870
8992,baye,0.4156,0.3829
8993,provence,0.4156,0.4046
8994,funeste,0.4156,0.3412
8995,coffre,0.4155,0.4534
8996,alexandre,0.4155,0.4453
8997,dci,0.4155,0.4579
8998,merveilleux,0.4155,0.4099
8999,mélange,0.4155,0.3607
9000,supposition,0.4155,0.3918
9001,maria,0.4154,0.5182
9002,aine,0.4154,0.5105
9003,modernes,0.4154,0.4323
9004,regard,0.4153,0.4110
9005,logemens,0.4152,0.4552
9006,tempérament,0.4152,0.3742
9007,fierté,0.4152,0.4054
9008,total,0.4152,0.4228
9009,pirates,0.4151,0.4174
9010,ire,0.4151,0.5112
9011,approchez,0.4151,0.4316
9012,vez,0.4151,0.3867
9013,notes,0.4151,0.4302
9014,oy,0.4150,0.5013
9015,hiver,0.4150,0.5007
9016,avenir,0.4150,0.4787
9017,sortis,0.4150,0.4699
9018,attendez,0.4149,0.4175
9019,inquiétude,0.4149,0.4120
9020,veuves,0.4149,0.4268
9021,blâmer,0.4149,0.4635
9022,partez,0.4148,0.4556
9023,hardiesse,0.4148,0.3840
9024,coupées,0.4147,0.4025
9025,immortels,0.4147,0.4920
9026,chaînes,0.4147,0.4001
9027,appliquer,0.4147,0.4538
9028,unie,0.4147,0.4306
9029,marbre,0.4147,0.5002
9030,aile,0.4147,0.5331
9031,consommation,0.4146,0.4273
9032,ciceron,0.4146,0.4157
9033,drogues,0.4146,0.4099
9034,procession,0.4146,0.4371
9035,publiquement,0.4146,0.4356
9036,soir,0.4146,0.4113
9037,l'addition,0.4145,0.5217
9038,l'aimer,0.4145,0.4240
9039,rôt,0.4145,0.4767
9040,monceau,0.4145,0.5022
9041,évidemment,0.4145,0.4743
9042,mourra,0.4144,0.4443
9043,comptoir,0.4144,0.5228
9044,cede,0.4143,0.4359
9045,approuver,0.4143,0.4685
9046,revenoit,0.4142,0.5379
9047,suo,0.4142,0.4009
9048,boue,0.4142,0.4932
9049,imaginez,0.4142,0.3859
9050,couteau,0.4142,0.3998
9051,pression,0.4141,0.5074
9052,songea,0.4141,0.4380
9053,modèle,0.4141,0.4422
9054,d'élever,0.4141,0.5074
9055,judée,0.4141,0.4655
9056,convenables,0.4140,0.5493
9057,saintes,0.4140,0.4401
9058,nullement,0.4140,0.4275
9059,test,0.4140,0.4354
9060,liquide,0.4139,0.4684
9061,principalement,0.4139,0.4857
9062,plures,0.4139,0.4318
9063,sortes,0.4138,0.3686
9064,lt,0.4138,0.4958
9065,ôtant,0.4138,0.4564
9066,célébre,0.4138,0.4022
9067,beautés,0.4138,0.4348
9068,soufre,0.4137,0.4887
9069,établit,0.4137,0.4785
9070,l'agriculture,0.4137,0.5202
9071,divorce,0.4137,0.5063
9072,prodige,0.4137,0.4032
9073,épées,0.4136,0.4509
9074,amené,0.4136,0.3642
9075,fevrier,0.4135,0.2854
9076,formelle,0.4135,0.4091
9077,animer,0.4135,0.4690
9078,enfin,0.4135,0.4738
9079,amener,0.4135,0.4212
9080,quia,0.4135,0.4431
9081,monts,0.4135,0.5298
9082,misere,0.4135,0.4726
9083,comptes,0.4135,0.4849
9084,rue,0.4135,0.4465
9085,monnoie,0.4135,0.4435
9086,horace,0.4134,0.4470
9087,tr,0.4134,0.4727
9088,enlevé,0.4134,0.4063
9089,iion,0.4134,0.5613
9090,pesanteur,0.4134,0.4181
9091,infortune,0.4134,0.3571
9092,dii,0.4134,0.5018
9093,dame,0.4134,0.5346
9094,luis,0.4134,0.3661
9095,plan,0.4133,0.4281
9096,maures,0.4133,0.4533
9097,comprise,0.4133,0.5007
9098,réduire,0.4133,0.4396
9099,épaisseur,0.4132,0.4410
9100,formation,0.4132,0.4295
9101,attaque,0.4132,0.4227
9102,devise,0.4132,0.4750
9103,secours,0.4132,0.3721
9104,poil,0.4131,0.4386
9105,état,0.4131,0.5103
9106,promenades,0.4131,0.4385
9107,procédures,0.4131,0.4030
9108,présomption,0.4130,0.4970
9109,froideur,0.4130,0.4731
9110,jetté,0.4129,0.4256
9111,parlant,0.4129,0.4249
9112,deum,0.4129,0.4559
9113,subvenir,0.4129,0.4381
9114,entre,0.4129,0.4757
9115,ferveur,0.4128,0.5057
9116,quidam,0.4127,0.4185
9117,mensonges,0.4126,0.4046
9118,posées,0.4125,0.3964
9119,rois,0.4125,0.4623
9120,diamètre,0.4125,0.4257
9121,tuent,0.4125,0.4250
9122,tremblante,0.4125,0.4238
9123,grande,0.4125,0.4493
9124,avancez,0.4124,0.5166
9125,fleuves,0.4124,0.3902
9126,syndics,0.4124,0.3910
9127,abondance,0.4124,0.4768
9128,pais,0.4123,0.2515
9129,d'etat,0.4123,0.5598
9130,l'illustre,0.4122,0.4411
9131,henry,0.4121,0.3802
9132,haud,0.4121,0.3596
9133,déférence,0.4121,0.4726
9134,carriere,0.4121,0.4737
9135,notion,0.4121,0.3973
9136,offert,0.4119,0.4105
9137,jouis,0.4119,0.4398
9138,cantons,0.4119,0.3923
9139,armis,0.4119,0.3623
9140,charger,0.4118,0.3944
9141,transporter,0.4118,0.4308
9142,querelles,0.4117,0.3904
9143,martin,0.4117,0.4427
9144,by,0.4115,0.3770
9145,fouler,0.4115,0.4819
9146,je,0.4115,0.3777
9147,causoit,0.4115,0.4044
9148,établis,0.4114,0.3637
9149,se,0.4114,0.4093
9150,comédies,0.4114,0.3946
9151,former,0.4113,0.4986
9152,valois,0.4113,0.5106
9153,négligé,0.4113,0.4685
9154,croyez,0.4112,0.4715
9155,s'enfuit,0.4112,0.4130
9156,fidele,0.4112,0.5259
9157,d'exposer,0.4112,0.5180
9158,frontin,0.4112,0.4418
9159,dangereuse,0.4112,0.3878
9160,préparatifs,0.4112,0.3872
9161,coute,0.4111,0.4522
9162,négociant,0.4111,0.3782
9163,colonie,0.4111,0.4790
9164,jolis,0.4110,0.5262
9165,travailloient,0.4110,0.4322
9166,siège,0.4110,0.4419
9167,réglement,0.4110,0.3935
9168,aise,0.4110,0.3871
9169,accuser,0.4110,0.3964
9170,reviennent,0.4110,0.4330
9171,tanta,0.4109,0.3839
9172,entraîne,0.4109,0.4448
9173,hardes,0.4109,0.4734
9174,diriger,0.4109,0.4477
9175,abandonnez,0.4109,0.6180
9176,montra,0.4109,0.3981
9177,percée,0.4109,0.4924
9178,éclairée,0.4108,0.4720
9179,exclure,0.4108,0.4422
9180,contributions,0.4108,0.4033
9181,l'antiquité,0.4108,0.4931
9182,irrité,0.4108,0.4330
9183,zt,0.4107,0.4695
9184,ye,0.4107,0.4888
9185,recommandé,0.4107,0.4174
9186,jugea,0.4107,0.4477
9187,nuisible,0.4106,0.4486
9188,retenu,0.4106,0.4301
9189,ui,0.4106,0.4723
9190,commodités,0.4106,0.4230
9191,concourir,0.4106,0.4498
9192,d'eaux,0.4105,0.4626
9193,répandus,0.4105,0.4155
9194,générale,0.4104,0.4031
9195,ravages,0.4104,0.3712
9196,embrasse,0.4103,0.4541
9197,vierge,0.4103,0.4483
9198,tige,0.4102,0.3956
9199,verd,0.4102,0.4149
9200,forum,0.4102,0.4421
9201,diu,0.4101,0.5351
9202,expliquées,0.4101,0.4888
9203,aie,0.4101,0.4584
9204,rats,0.4101,0.4884
9205,calomnies,0.4101,0.3509
9206,grand,0.4101,0.4444
9207,portrait,0.4100,0.4374
9208,tombant,0.4100,0.3784
9209,tempus,0.4100,0.3892
9210,entr'elles,0.4099,0.3977
9211,their,0.4099,0.3265
9212,ians,0.4099,0.4617
9213,irs,0.4099,0.4748
9214,fidei,0.4099,0.4514
9215,brutus,0.4099,0.4412
9216,excuse,0.4099,0.4234
9217,l'application,0.4098,0.4953
9218,religions,0.4098,0.4563
9219,etiam,0.4098,0.4968
9220,courant,0.4098,0.5052
9221,voudrez,0.4098,0.4089
9222,odieuse,0.4098,0.4532
9223,deus,0.4097,0.4593
9224,accabler,0.4097,0.4370
9225,supplice,0.4096,0.4555
9226,tu,0.4096,0.4814
9227,usage,0.4096,0.3923
9228,déclarer,0.4096,0.3563
9229,borner,0.4095,0.4141
9230,importans,0.4095,0.3842
9231,golfe,0.4095,0.4007
9232,atteindre,0.4095,0.3823
9233,quoiqu'il,0.4095,0.4431
9234,réduites,0.4095,0.4341
9235,mener,0.4095,0.4372
9236,libertins,0.4094,0.4782
9237,fortes,0.4093,0.3971
9238,quartiers,0.4093,0.3941
9239,affoiblir,0.4093,0.5015
9240,fourbe,0.4093,0.4468
9241,sentinelle,0.4093,0.4941
9242,prouvée,0.4093,0.4999
9243,n'être,0.4092,0.3996
9244,j'ignore,0.4092,0.4826
9245,guere,0.4092,0.3899
9246,production,0.4091,0.4184
9247,confusion,0.4091,0.4251
9248,fraude,0.4091,0.4262
9249,brusquement,0.4091,0.3887
9250,iez,0.4091,0.4542
9251,l'université,0.4090,0.4708
9252,assurez,0.4090,0.4752
9253,piéces,0.4089,0.3176
9254,arrivent,0.4089,0.4549
9255,grandes,0.4089,0.4670
9256,reprendre,0.4088,0.4761
9257,justices,0.4088,0.4685
9258,propositions,0.4088,0.4328
9259,chargés,0.4088,0.4275
9260,dispenser,0.4087,0.4051
9261,agréable,0.4087,0.3945
9262,amants,0.4087,0.3517
9263,illa,0.4086,0.4081
9264,êtres,0.4086,0.4485
9265,coloris,0.4086,0.4397
9266,ornemens,0.4085,0.4523
9267,courtes,0.4085,0.3711
9268,exécutée,0.4085,0.4752
9269,s'écarter,0.4085,0.4450
9270,nomi,0.4085,0.4856
9271,and,0.4084,0.4207
9272,sçais,0.4083,0.3222
9273,fuit,0.4083,0.4195
9274,équipage,0.4083,0.3956
9275,ouvrages,0.4082,0.4215
9276,jours,0.4081,0.3880
9277,d'accepter,0.4081,0.3864
9278,bleue,0.4081,0.4000
9279,excellentes,0.4081,0.4055
9280,revêtus,0.4080,0.4364
9281,commandant,0.4080,0.3700
9282,montauban,0.4080,0.5179
9283,monter,0.4080,0.4448
9284,tommes,0.4080,0.4360
9285,pages,0.4079,0.5075
9286,produisoit,0.4079,0.5374
9287,bibliotheque,0.4078,0.3716
9288,mêmes,0.4078,0.4318
9289,blanche,0.4078,0.3783
9290,genus,0.4077,0.3860
9291,travaillé,0.4077,0.4275
9292,mouillé,0.4077,0.4434
9293,monstres,0.4077,0.4084
9294,découvrent,0.4076,0.4463
9295,traduction,0.4076,0.4260
9296,pretexte,0.4076,0.3362
9297,afie,0.4076,0.3893
9298,hic,0.4076,0.4387
9299,hc,0.4076,0.4492
9300,règlement,0.4075,0.4146
9301,sortit,0.4075,0.3705
9302,coin,0.4075,0.4723
9303,sept,0.4075,0.3332
9304,tambour,0.4075,0.4474
9305,cardinal,0.4075,0.4805
9306,l'etat,0.4074,0.4053
9307,contagion,0.4074,0.5280
9308,ation,0.4074,0.4199
9309,malheurs,0.4074,0.3421
9310,l'argent,0.4073,0.4592
9311,d'eau,0.4073,0.4199
9312,libéralité,0.4072,0.4601
9313,mauvaise,0.4072,0.4270
9314,système,0.4072,0.4260
9315,confie,0.4072,0.4914
9316,épargne,0.4072,0.4745
9317,songer,0.4071,0.3913
9318,ruiner,0.4071,0.4278
9319,pisces,0.4071,0.4784
9320,gouverné,0.4071,0.4177
9321,onde,0.4071,0.4752
9322,flatte,0.4071,0.3663
9323,limites,0.4071,0.4324
9324,aversion,0.4070,0.4306
9325,greffes,0.4070,0.4213
9326,inconvéniens,0.4069,0.4140
9327,trouverez,0.4069,0.3857
9328,concours,0.4069,0.3945
9329,publiée,0.4069,0.5078
9330,livrée,0.4069,0.4565
9331,scpt,0.4067,0.4075
9332,cz,0.4067,0.4624
9333,approchent,0.4067,0.5210
9334,anglais,0.4067,0.6534
9335,couronnement,0.4067,0.4713
9336,négocier,0.4067,0.4374
9337,n'osent,0.4066,0.4637
9338,doigts,0.4066,0.4004
9339,broderie,0.4066,0.3928
9340,oj,0.4066,0.4650
9341,maniére,0.4066,0.2806
9342,prodiges,0.4066,0.4320
9343,pourquoi,0.4066,0.4335
9344,général,0.4065,0.4720
9345,prêtent,0.4065,0.4572
9346,fleuve,0.4065,0.4252
9347,averti,0.4065,0.3742
9348,censeurs,0.4065,0.4819
9349,cloud,0.4064,0.4380
9350,gueule,0.4064,0.4332
9351,colonnes,0.4064,0.4554
9352,bible,0.4063,0.5140
9353,grec,0.4063,0.3889
9354,cris,0.4063,0.3977
9355,comes,0.4062,0.4550
9356,instant,0.4062,0.3771
9357,cerfs,0.4062,0.3818
9358,propriété,0.4062,0.4702
9359,servitude,0.4062,0.4321
9360,please,0.4061,0.2841
9361,fasse,0.4061,0.4718
9362,grêle,0.4061,0.3810
9363,vaincu,0.4061,0.4123
9364,recevroit,0.4060,0.4643
9365,cura,0.4060,0.3703
9366,lits,0.4060,0.4096
9367,pistoles,0.4060,0.4028
9368,l'offre,0.4059,0.4836
9369,labourer,0.4059,0.4303
9370,bonnet,0.4058,0.4571
9371,sacs,0.4058,0.4471
9372,neptune,0.4058,0.3934
9373,marteau,0.4057,0.4818
9374,terrestres,0.4057,0.5154
9375,alexandrie,0.4057,0.4725
9376,achats,0.4057,0.4638
9377,prens,0.4056,0.2930
9378,portugal,0.4056,0.4556
9379,répondre,0.4055,0.4239
9380,flatterie,0.4055,0.5249
9381,thé,0.4055,0.5788
9382,suivies,0.4055,0.4086
9383,arrivé,0.4054,0.3999
9384,académie,0.4054,0.4397
9385,fleur,0.4052,0.5295
9386,fabius,0.4052,0.4302
9387,renvoyer,0.4052,0.4752
9388,sors,0.4052,0.3979
9389,retournant,0.4052,0.4231
9390,aima,0.4052,0.4090
9391,colleges,0.4051,0.4076
9392,gras,0.4051,0.3740
9393,fondu,0.4051,0.4513
9394,curent,0.4050,0.4518
9395,quando,0.4050,0.4069
9396,immoler,0.4050,0.3891
9397,plaques,0.4050,0.4359
9398,chemin,0.4049,0.4904
9399,île,0.4049,0.4673
9400,maîtresses,0.4049,0.4760
9401,desseins,0.4049,0.4803
9402,works,0.4048,0.4861
9403,superficie,0.4048,0.3348
9404,habileté,0.4048,0.3712
9405,university,0.4048,0.1720
9406,c'cft,0.4047,0.3253
9407,l'explication,0.4047,0.4102
9408,lege,0.4047,0.4425
9409,lâches,0.4046,0.3878
9410,l'amende,0.4045,0.4144
9411,talent,0.4045,0.5060
9412,villeux,0.4045,0.4380
9413,exception,0.4044,0.4302
9414,laines,0.4044,0.3857
9415,fix,0.4044,0.4667
9416,prétendus,0.4044,0.4485
9417,déjà,0.4044,0.4340
9418,prime,0.4044,0.6277
9419,remonte,0.4044,0.4659
9420,cuivre,0.4043,0.3638
9421,bâton,0.4043,0.3753
9422,puits,0.4042,0.4728
9423,outrage,0.4042,0.3111
9424,outils,0.4042,0.3872
9425,engagé,0.4041,0.4595
9426,obéit,0.4041,0.4444
9427,traces,0.4041,0.4273
9428,attente,0.4041,0.3811
9429,mouches,0.4041,0.4406
9430,nomen,0.4041,0.3886
9431,roues,0.4041,0.4292
9432,consternation,0.4040,0.4194
9433,meurs,0.4040,0.4056
9434,observent,0.4040,0.4688
9435,rapporta,0.4040,0.5025
9436,menace,0.4040,0.3701
9437,verds,0.4039,0.4024
9438,assura,0.4039,0.5290
9439,importance,0.4039,0.3641
9440,découvertes,0.4038,0.3964
9441,régner,0.4038,0.4294
9442,gagna,0.4038,0.4835
9443,toits,0.4037,0.4458
9444,tente,0.4037,0.4469
9445,remèdes,0.4037,0.4466
9446,écrivent,0.4037,0.4479
9447,barque,0.4037,0.3633
9448,hinc,0.4036,0.4303
9449,politesse,0.4036,0.4356
9450,voir,0.4035,0.4856
9451,vidi,0.4035,0.3370
9452,fs,0.4035,0.5286
9453,roche,0.4035,0.4698
9454,animée,0.4035,0.4797
9455,caton,0.4034,0.4450
9456,poursuivi,0.4034,0.4732
9457,conservée,0.4034,0.4054
9458,regarde,0.4034,0.4506
9459,bonnets,0.4033,0.4036
9460,paire,0.4033,0.4710
9461,attentifs,0.4033,0.4162
9462,conservation,0.4033,0.3515
9463,ites,0.4033,0.4999
9464,proportion,0.4032,0.4832
9465,tuis,0.4032,0.3981
9466,plaintes,0.4032,0.3386
9467,d'amende,0.4032,0.3543
9468,écrivoit,0.4031,0.4161
9469,ot,0.4031,0.4975
9470,tenons,0.4030,0.4411
9471,recevons,0.4030,0.3539
9472,victoire,0.4030,0.4173
9473,arriveroit,0.4029,0.4223
9474,incapable,0.4029,0.4506
9475,exhorte,0.4028,0.4334
9476,coucher,0.4028,0.4726
9477,question,0.4028,0.4399
9478,moque,0.4028,0.3976
9479,tels,0.4028,0.3758
9480,anni,0.4028,0.4669
9481,théologie,0.4027,0.4209
9482,qi,0.4026,0.4502
9483,quarre,0.4026,0.4607
9484,magna,0.4026,0.3915
9485,bouts,0.4026,0.3804
9486,savois,0.4025,0.4007
9487,exprimé,0.4025,0.4486
9488,barres,0.4025,0.4380
9489,ln,0.4025,0.4877
9490,déguiser,0.4025,0.5015
9491,sortifier,0.4025,0.4242
9492,parlent,0.4025,0.4810
9493,milan,0.4025,0.4579
9494,extrêmement,0.4025,0.4418
9495,marcha,0.4024,0.4149
9496,allume,0.4024,0.4398
9497,s'enfuir,0.4024,0.5263
9498,foible,0.4023,0.4325
9499,familiarité,0.4023,0.4408
9500,reçue,0.4023,0.3995
9501,serviteurs,0.4023,0.4695
9502,abolir,0.4022,0.4496
9503,cherchoit,0.4022,0.4090
9504,passer,0.4022,0.3940
9505,poissons,0.4022,0.4216
9506,reconnoître,0.4022,0.4594
9507,guère,0.4021,0.3893
9508,c'est,0.4021,0.3790
9509,invention,0.4020,0.3539
9510,inspire,0.4020,0.3649
9511,parie,0.4019,0.5618
9512,l'appartement,0.4019,0.4400
9513,fardeau,0.4019,0.4289
9514,envers,0.4019,0.4480
9515,poussions,0.4018,0.4916
9516,commence,0.4018,0.4539
9517,gêneurs,0.4017,0.3838
9518,défendu,0.4017,0.4189
9519,sine,0.4017,0.4469
9520,supériorité,0.4017,0.4167
9521,temples,0.4017,0.3644
9522,chevaux,0.4016,0.4193
9523,pouroit,0.4016,0.3409
9524,ordonnant,0.4015,0.4779
9525,vernis,0.4015,0.4827
9526,préceptes,0.4015,0.4238
9527,préjudice,0.4014,0.4721
9528,eue,0.4014,0.3733
9529,métier,0.4014,0.4377
9530,portent,0.4014,0.4329
9531,vivent,0.4013,0.3818
9532,constante,0.4013,0.3931
9533,s'écria,0.4013,0.4598
9534,books,0.4013,0.2579
9535,chri,0.4012,0.4715
9536,l'âme,0.4012,0.5369
9537,d'enlever,0.4012,0.4717
9538,horreur,0.4012,0.3992
9539,composa,0.4012,0.3748
9540,censure,0.4011,0.5057
9541,bleus,0.4011,0.4132
9542,hauteurs,0.4011,0.4210
9543,natif,0.4011,0.3861
9544,parurent,0.4011,0.4603
9545,proscrit,0.4011,0.5276
9546,sixieme,0.4010,0.4173
9547,sujettes,0.4010,0.4093
9548,jetter,0.4010,0.4143
9549,magnifiques,0.4009,0.3708
9550,marié,0.4009,0.4236
9551,partagé,0.4009,0.3516
9552,éloquence,0.4008,0.3483
9553,cuir,0.4008,0.4165
9554,détails,0.4008,0.3523
9555,avocat,0.4008,0.4396
9556,chanson,0.4008,0.5215
9557,déluge,0.4008,0.4291
9558,cheminée,0.4007,0.4424
9559,démonstrations,0.4007,0.4310
9560,concurrence,0.4007,0.4534
9561,coton,0.4007,0.5023
9562,acteurs,0.4006,0.4428
9563,n'as,0.4006,0.3386
9564,trouv,0.4005,0.5500
9565,sûr,0.4004,0.3945
9566,écoit,0.4004,0.4363
9567,cérémonie,0.4004,0.4460
9568,mouiller,0.4004,0.4455
9569,fauteuil,0.4004,0.4100
9570,louange,0.4004,0.4184
9571,onces,0.4003,0.3663
9572,ouvert,0.4003,0.4353
9573,considérations,0.4002,0.3505
9574,i'c,0.4002,0.4383
9575,sale,0.4002,0.5283
9576,notice,0.4002,0.5716
9577,écoute,0.4002,0.3883
9578,opinions,0.4002,0.3311
9579,masque,0.4001,0.4280
9580,confitures,0.4001,0.4123
9581,ça,0.4001,0.4866
9582,pâturages,0.4001,0.4339
9583,arc,0.4001,0.3835
9584,refusa,0.4000,0.4360
9585,nourrice,0.3999,0.4931
9586,lz,0.3999,0.4832
9587,bail,0.3999,0.4285
9588,tuer,0.3998,0.4398
9589,minces,0.3998,0.3897
9590,globe,0.3998,0.3918
9591,favoris,0.3997,0.3918
9592,depense,0.3997,0.4631
9593,convaincre,0.3997,0.4089
9594,ovale,0.3997,0.3927
9595,manche,0.3996,0.4287
9596,quittez,0.3996,0.4069
9597,hôte,0.3996,0.3625
9598,extraits,0.3995,0.5100
9599,sonnes,0.3995,0.3759
9600,soutenue,0.3995,0.4533
9601,devins,0.3995,0.4446
9602,nécessairement,0.3994,0.4524
9603,procuré,0.3994,0.4628
9604,fuir,0.3994,0.5434
9605,couverture,0.3994,0.5027
9606,pent,0.3994,0.5019
9607,oiseaux,0.3994,0.3635
9608,empire,0.3994,0.4018
9609,ioo,0.3992,0.4616
9610,profitable,0.3992,0.5229
9611,montée,0.3992,0.4819
9612,misère,0.3991,0.4185
9613,finir,0.3991,0.5383
9614,aufli,0.3991,0.5053
9615,eli,0.3991,0.3949
9616,sentent,0.3991,0.3914
9617,chercha,0.3989,0.4744
9618,forfait,0.3989,0.4241
9619,refuser,0.3989,0.4348
9620,c'eil,0.3989,0.4165
9621,lazare,0.3989,0.4463
9622,dimanche,0.3988,0.3264
9623,destruction,0.3987,0.4309
9624,valets,0.3987,0.4061
9625,seconder,0.3987,0.4581
9626,ici,0.3987,0.3690
9627,l'aventure,0.3987,0.4890
9628,netteté,0.3987,0.3935
9629,exerce,0.3987,0.4477
9630,juste,0.3986,0.4274
9631,laon,0.3986,0.4001
9632,plaise,0.3986,0.3614
9633,conversion,0.3986,0.5017
9634,jérusalem,0.3986,0.4710
9635,condamnée,0.3985,0.3797
9636,partout,0.3985,0.4625
9637,si,0.3985,0.3890
9638,science,0.3984,0.4147
9639,gains,0.3984,0.4600
9640,expliquée,0.3984,0.4320
9641,chambres,0.3984,0.3756
9642,anime,0.3983,0.4206
9643,demandée,0.3983,0.4412
9644,certitude,0.3983,0.4135
9645,voix,0.3982,0.4208
9646,l'amitié,0.3982,0.4548
9647,s'abandonne,0.3982,0.4234
9648,provenans,0.3982,0.4508
9649,quoique,0.3982,0.4585
9650,commodité,0.3981,0.4005
9651,levez,0.3981,0.3932
9652,débiteurs,0.3981,0.3820
9653,tapis,0.3981,0.4580
9654,expire,0.3981,0.4581
9655,craignez,0.3981,0.4262
9656,abbaye,0.3980,0.4539
9657,informée,0.3979,0.4699
9658,lame,0.3979,0.4287
9659,edits,0.3979,0.3587
9660,étois,0.3979,0.3784
9661,catalogue,0.3979,0.4341
9662,victime,0.3978,0.3589
9663,superbe,0.3978,0.4659
9664,reçurent,0.3977,0.4372
9665,fraudes,0.3977,0.4143
9666,d'apollon,0.3976,0.3999
9667,raillerie,0.3976,0.4537
9668,pinceau,0.3976,0.4637
9669,descriptions,0.3976,0.4180
9670,quitter,0.3975,0.4890
9671,épreuves,0.3975,0.4123
9672,patria,0.3975,0.3663
9673,s'embarquer,0.3974,0.4675
9674,fache,0.3973,0.4773
9675,brillantes,0.3972,0.4499
9676,portons,0.3972,0.4047
9677,matière,0.3972,0.4128
9678,vapeur,0.3971,0.3865
9679,trompe,0.3971,0.4254
9680,certaines,0.3971,0.4441
9681,boivent,0.3970,0.4129
9682,jugemens,0.3969,0.4081
9683,sortir,0.3968,0.4955
9684,attiré,0.3968,0.4316
9685,ridicules,0.3967,0.3919
9686,funt,0.3967,0.4641
9687,dites,0.3967,0.4812
9688,sieur,0.3967,0.4491
9689,augmenter,0.3966,0.3802
9690,rcs,0.3966,0.4393
9691,deviendroit,0.3966,0.4260
9692,surnom,0.3966,0.3572
9693,d'apporter,0.3966,0.4708
9694,tyrannie,0.3966,0.4107
9695,verse,0.3966,0.3873
9696,famine,0.3965,0.4458
9697,soldat,0.3965,0.4900
9698,occupée,0.3964,0.4387
9699,libraire,0.3964,0.3742
9700,ta,0.3964,0.4474
9701,certainement,0.3964,0.4738
9702,approuvée,0.3964,0.4283
9703,bonté,0.3963,0.4179
9704,haleine,0.3963,0.4457
9705,nifi,0.3963,0.3851
9706,élire,0.3963,0.5175
9707,vases,0.3962,0.3523
9708,dt,0.3962,0.4820
9709,ruinent,0.3961,0.4032
9710,châtiment,0.3960,0.4283
9711,desirer,0.3960,0.4585
9712,cntre,0.3959,0.4869
9713,superbes,0.3958,0.4012
9714,code,0.3958,0.4350
9715,prouvé,0.3958,0.3851
9716,naitre,0.3958,0.4819
9717,joug,0.3958,0.3887
9718,consent,0.3957,0.4634
9719,ducats,0.3957,0.4276
9720,decembre,0.3957,0.2813
9721,chair,0.3956,0.4355
9722,premier,0.3955,0.3984
9723,maitres,0.3955,0.3339
9724,run,0.3954,0.5492
9725,colonies,0.3954,0.4366
9726,permixtion,0.3953,0.3702
9727,nommé,0.3953,0.4725
9728,rigueur,0.3953,0.4174
9729,conventions,0.3952,0.4428
9730,piquent,0.3951,0.3792
9731,croît,0.3951,0.4189
9732,riche,0.3951,0.5147
9733,conté,0.3950,0.4514
9734,tombent,0.3950,0.3941
9735,maintien,0.3949,0.4034
9736,publié,0.3949,0.4839
9737,satyre,0.3949,0.4746
9738,camps,0.3949,0.4351
9739,mise,0.3948,0.4342
9740,promptitude,0.3948,0.4187
9741,jusqu'à,0.3948,0.3897
9742,frivoles,0.3948,0.4194
9743,d'oiseaux,0.3947,0.4731
9744,âmes,0.3947,0.3656
9745,valoient,0.3947,0.4478
9746,artillerie,0.3947,0.4780
9747,d'appel,0.3946,0.4471
9748,disposée,0.3946,0.5057
9749,viandes,0.3945,0.4536
9750,profit,0.3945,0.4450
9751,conduisoit,0.3945,0.4594
9752,archives,0.3945,0.4417
9753,produira,0.3944,0.4690
9754,attache,0.3943,0.3729
9755,épousé,0.3943,0.4169
9756,trés,0.3943,0.4749
9757,mériter,0.3943,0.4057
9758,sable,0.3942,0.4751
9759,placée,0.3941,0.4338
9760,lire,0.3941,0.4611
9761,fusse,0.3941,0.3880
9762,l'amant,0.3940,0.4760
9763,portraits,0.3940,0.4166
9764,abbé,0.3939,0.4376
9765,gout,0.3938,0.4477
9766,labourage,0.3938,0.4750
9767,ressource,0.3938,0.3930
9768,honte,0.3937,0.3783
9769,oser,0.3937,0.4406
9770,venez,0.3937,0.4386
9771,d'imiter,0.3937,0.4845
9772,nulle,0.3936,0.3886
9773,taillées,0.3936,0.4117
9774,intestins,0.3936,0.4314
9775,salles,0.3935,0.4022
9776,attribut,0.3935,0.4954
9777,validité,0.3935,0.4073
9778,pratiques,0.3934,0.3230
9779,avoi,0.3934,0.5228
9780,produite,0.3934,0.4434
9781,j'entends,0.3934,0.3887
9782,officio,0.3933,0.4203
9783,imputer,0.3933,0.3752
9784,auxdites,0.3932,0.3701
9785,acquiert,0.3932,0.4145
9786,virgile,0.3932,0.4222
9787,bizarres,0.3931,0.4502
9788,habillé,0.3931,0.4699
9789,accuse,0.3931,0.3933
9790,laboureurs,0.3930,0.4405
9791,roc,0.3930,0.4406
9792,abandonnée,0.3930,0.4101
9793,violences,0.3929,0.3500
9794,empereur,0.3929,0.3667
9795,d'henri,0.3929,0.3808
9796,promettoit,0.3929,0.4385
9797,forma,0.3929,0.3734
9798,ménagement,0.3929,0.4426
9799,démons,0.3928,0.4810
9800,prétendit,0.3928,0.4983
9801,ires,0.3928,0.4539
9802,l'égard,0.3927,0.4288
9803,élevés,0.3927,0.3682
9804,humblement,0.3926,0.3386
9805,éoit,0.3926,0.4309
9806,hé,0.3926,0.4501
9807,rit,0.3926,0.4837
9808,fâche,0.3925,0.4071
9809,entendent,0.3924,0.3790
9810,louer,0.3924,0.4423
9811,comprendre,0.3924,0.4002
9812,appeliez,0.3924,0.4276
9813,craignent,0.3924,0.3891
9814,provinces,0.3924,0.4225
9815,sauvé,0.3923,0.3919
9816,satire,0.3923,0.4986
9817,zl,0.3923,0.5056
9818,cathédrale,0.3923,0.4659
9819,hasard,0.3922,0.3859
9820,prévenu,0.3922,0.4081
9821,trs,0.3922,0.5036
9822,guérison,0.3921,0.4684
9823,incapables,0.3921,0.4422
9824,adion,0.3921,0.4439
9825,peres,0.3921,0.4594
9826,desirs,0.3920,0.3955
9827,intérêt,0.3919,0.3691
9828,paille,0.3919,0.4971
9829,communauté,0.3919,0.4127
9830,choisis,0.3919,0.3872
9831,rendent,0.3919,0.4594
9832,bene,0.3919,0.3786
9833,devint,0.3918,0.4666
9834,ligue,0.3918,0.3837
9835,regardent,0.3918,0.3604
9836,fat,0.3918,0.5156
9837,puisqu'elle,0.3918,0.4057
9838,than,0.3918,0.3814
9839,nomma,0.3917,0.3798
9840,considérables,0.3917,0.3686
9841,abandon,0.3917,0.5081
9842,aristote,0.3916,0.3915
9843,l'occasion,0.3916,0.4627
9844,renonce,0.3915,0.3803
9845,parce,0.3915,0.4487
9846,sombres,0.3915,0.4045
9847,bleds,0.3915,0.3932
9848,d'adresse,0.3914,0.3881
9849,relations,0.3914,0.4109
9850,renoncé,0.3914,0.4231
9851,exposées,0.3914,0.4214
9852,d'espagne,0.3913,0.4255
9853,armées,0.3912,0.4413
9854,turres,0.3912,0.4286
9855,également,0.3912,0.4093
9856,chiens,0.3912,0.3661
9857,ico,0.3911,0.4376
9858,prononce,0.3911,0.4968
9859,touche,0.3910,0.4132
9860,aion,0.3909,0.4822
9861,récompenser,0.3909,0.4549
9862,triompher,0.3909,0.3994
9863,invite,0.3909,0.4603
9864,acquise,0.3909,0.3871
9865,pensoit,0.3909,0.4094
9866,s'éloigner,0.3909,0.4431
9867,au,0.3909,0.4035
9868,never,0.3909,0.2878
9869,comtesse,0.3908,0.4669
9870,meis,0.3908,0.3681
9871,reçoit,0.3908,0.4920
9872,simplicité,0.3908,0.3906
9873,lc,0.3908,0.5305
9874,borne,0.3908,0.4864
9875,immeubles,0.3907,0.3778
9876,contenoit,0.3907,0.4450
9877,ultra,0.3906,0.3866
9878,demeures,0.3906,0.4208
9879,routes,0.3905,0.3938
9880,applicable,0.3905,0.4647
9881,répandit,0.3905,0.3865
9882,surtout,0.3904,0.4598
9883,graine,0.3904,0.4462
9884,pilotes,0.3904,0.4691
9885,laver,0.3903,0.4647
9886,équité,0.3903,0.4518
9887,violer,0.3903,0.4138
9888,donnée,0.3903,0.3506
9889,insultes,0.3903,0.3591
9890,mépriser,0.3902,0.4541
9891,fini,0.3902,0.4567
9892,passerent,0.3902,0.3811
9893,contribution,0.3902,0.4244
9894,vallon,0.3902,0.4077
9895,bassin,0.3901,0.4033
9896,éclairer,0.3901,0.4277
9897,faisois,0.3901,0.3320
9898,oir,0.3900,0.5142
9899,gouverneur,0.3900,0.4045
9900,animus,0.3900,0.3566
9901,siennes,0.3900,0.4228
9902,excité,0.3900,0.4060
9903,haec,0.3899,0.4088
9904,pecunia,0.3899,0.3467
9905,retraites,0.3899,0.3544
9906,d'oi,0.3899,0.4614
9907,tante,0.3898,0.3300
9908,l'age,0.3898,0.5005
9909,nourrir,0.3898,0.4127
9910,cls,0.3898,0.4856
9911,adorer,0.3898,0.4073
9912,paroles,0.3897,0.4333
9913,nez,0.3897,0.4624
9914,remords,0.3897,0.3806
9915,ainé,0.3897,0.4098
9916,rende,0.3897,0.4749
9917,planches,0.3897,0.3887
9918,n'eurent,0.3897,0.3756
9919,imposé,0.3897,0.4483
9920,expose,0.3896,0.4112
9921,génie,0.3896,0.4213
9922,obligées,0.3896,0.3889
9923,dialogue,0.3896,0.4442
9924,primitive,0.3895,0.4747
9925,vraisemblable,0.3895,0.4134
9926,mérite,0.3895,0.3888
9927,cabarets,0.3895,0.4339
9928,qualités,0.3895,0.3926
9929,quitta,0.3895,0.4015
9930,soulager,0.3894,0.4246
9931,mélancolie,0.3894,0.4220
9932,varie,0.3894,0.4648
9933,oo,0.3893,0.4516
9934,lignifie,0.3893,0.3670
9935,divisent,0.3893,0.3789
9936,détourner,0.3892,0.4023
9937,attraits,0.3892,0.4050
9938,bec,0.3892,0.4177
9939,tentes,0.3892,0.4152
9940,eûmes,0.3892,0.3333
9941,quoiqu'on,0.3892,0.4540
9942,proue,0.3891,0.4891
9943,d'herbes,0.3891,0.3970
9944,dents,0.3891,0.3887
9945,atque,0.3891,0.4971
9946,dissimuler,0.3891,0.4099
9947,grotte,0.3890,0.4377
9948,sertiles,0.3890,0.3920
9949,barreau,0.3890,0.5102
9950,réciproque,0.3889,0.4612
9951,chaudes,0.3889,0.4182
9952,loue,0.3889,0.3818
9953,buis,0.3889,0.4607
9954,iroit,0.3889,0.4748
9955,fixe,0.3888,0.4539
9956,sl,0.3888,0.5008
9957,couvent,0.3888,0.4829
9958,impôts,0.3888,0.4502
9959,plaie,0.3888,0.4794
9960,langueur,0.3888,0.4041
9961,diane,0.3887,0.3713
9962,ignorent,0.3887,0.3675
9963,subsistance,0.3887,0.4803
9964,connaissez,0.3887,0.3603
9965,passait,0.3886,0.4966
9966,luxe,0.3886,0.4503
9967,l'intérêt,0.3885,0.4291
9968,petite,0.3885,0.4847
9969,ayeul,0.3885,0.4161
9970,approché,0.3884,0.4562
9971,humble,0.3884,0.3482
9972,audiences,0.3884,0.4115
9973,propriétaire,0.3883,0.4353
9974,s'attachent,0.3883,0.4065
9975,encore,0.3883,0.4494
9976,soutient,0.3882,0.4011
9977,distingués,0.3882,0.3912
9978,crient,0.3882,0.4724
9979,interest,0.3881,0.3056
9980,ecriture,0.3881,0.3660
9981,privé,0.3881,0.4623
9982,where,0.3881,0.3393
9983,livres,0.3881,0.4530
9984,salle,0.3881,0.4105
9985,superflu,0.3880,0.4983
9986,bouteille,0.3879,0.3833
9987,dépenses,0.3879,0.4248
9988,echevins,0.3879,0.4417
9989,taxes,0.3879,0.4292
9990,inspirer,0.3878,0.3416
9991,contradictions,0.3878,0.4147
9992,nommées,0.3878,0.3943
9993,écrits,0.3878,0.3824
9994,avo,0.3878,0.4795
9995,arrive,0.3877,0.4106
9996,er,0.3877,0.4832
9997,portant,0.3877,0.4199
9998,rc,0.3877,0.4848
9999,io,0.3877,0.4093
10000,laborieux,0.3876,0.4424
10001,draps,0.3876,0.3912
10002,riante,0.3876,0.4508
10003,défense,0.3875,0.4158
10004,appareil,0.3875,0.3909
10005,étoffes,0.3875,0.3244
10006,réglée,0.3874,0.4642
10007,morbleu,0.3874,0.4224
10008,choc,0.3873,0.4159
10009,fideles,0.3873,0.4894
10010,fumée,0.3872,0.4349
10011,traverse,0.3872,0.4251
10012,dévoué,0.3872,0.4642
10013,ses,0.3872,0.3441
10014,héritier,0.3871,0.4467
10015,enferme,0.3871,0.4665
10016,solde,0.3871,0.4611
10017,calomnie,0.3870,0.4140
10018,attribuée,0.3870,0.4223
10019,croyant,0.3870,0.4456
10020,bonheur,0.3870,0.4590
10021,égard,0.3869,0.4372
10022,coûtent,0.3869,0.4976
10023,rouvraies,0.3869,0.3670
10024,l'archevêque,0.3867,0.3825
10025,ront,0.3867,0.4215
10026,camarade,0.3867,0.4283
10027,prévenir,0.3865,0.3663
10028,ducs,0.3865,0.3590
10029,marquise,0.3865,0.4019
10030,irons,0.3865,0.3324
10031,souhaitez,0.3864,0.3779
10032,confuls,0.3864,0.4525
10033,lisbonne,0.3863,0.4776
10034,rocher,0.3863,0.4797
10035,société,0.3863,0.4211
10036,verba,0.3863,0.3533
10037,ou,0.3862,0.3853
10038,accepté,0.3861,0.4526
10039,recommanda,0.3861,0.4705
10040,ur,0.3861,0.5317
10041,remarque,0.3861,0.4189
10042,augmentations,0.3860,0.4751
10043,augmente,0.3860,0.4096
10044,d'huile,0.3860,0.3912
10045,d'amour,0.3859,0.4795
10046,vainqueurs,0.3859,0.3960
10047,bagatelle,0.3858,0.3675
10048,livré,0.3858,0.3690
10049,difficilement,0.3857,0.5038
10050,concerts,0.3857,0.3980
10051,ton,0.3857,0.4163
10052,rigueurs,0.3857,0.3427
10053,tirera,0.3856,0.3998
10054,surpasse,0.3856,0.4697
10055,retour,0.3856,0.4014
10056,contenue,0.3855,0.4472
10057,duré,0.3855,0.3831
10058,supplier,0.3855,0.4157
10059,signes,0.3855,0.4578
10060,mors,0.3854,0.4537
10061,renverse,0.3854,0.3970
10062,cruel,0.3854,0.3620
10063,limité,0.3854,0.3897
10064,parlera,0.3853,0.3757
10065,trace,0.3853,0.4589
10066,poitou,0.3853,0.4362
10067,duel,0.3853,0.5670
10068,brille,0.3852,0.4171
10069,élevé,0.3852,0.4276
10070,accordée,0.3852,0.3904
10071,lr,0.3852,0.4858
10072,songes,0.3851,0.4244
10073,ce,0.3851,0.3674
10074,gagné,0.3851,0.4100
10075,génies,0.3851,0.3762
10076,essentielle,0.3851,0.3744
10077,m'entendre,0.3851,0.4470
10078,prairie,0.3851,0.4205
10079,muids,0.3850,0.4206
10080,passages,0.3850,0.4801
10081,grenade,0.3850,0.4873
10082,jean,0.3849,0.3832
10083,considere,0.3849,0.4251
10084,centum,0.3849,0.3977
10085,grèce,0.3849,0.4223
10086,docteurs,0.3849,0.3887
10087,bannir,0.3848,0.4212
10088,anne,0.3848,0.3384
10089,promis,0.3848,0.3632
10090,soutien,0.3847,0.4708
10091,mourut,0.3847,0.4271
10092,prêtre,0.3847,0.4773
10093,proposé,0.3846,0.4304
10094,route,0.3846,0.4826
10095,geste,0.3845,0.4341
10096,plutarque,0.3845,0.3983
10097,book,0.3845,0.2384
10098,plaisoit,0.3845,0.4077
10099,paquets,0.3844,0.4503
10100,proposition,0.3844,0.4261
10101,destin,0.3844,0.3700
10102,d'airain,0.3844,0.4022
10103,presser,0.3843,0.3824
10104,retomber,0.3843,0.4938
10105,excuses,0.3843,0.4203
10106,côte,0.3843,0.3743
10107,aimable,0.3842,0.3750
10108,chaises,0.3841,0.4088
10109,commençait,0.3841,0.4593
10110,faur,0.3841,0.4642
10111,sexe,0.3841,0.3678
10112,planter,0.3840,0.4105
10113,l'attaquer,0.3840,0.4710
10114,rejetter,0.3840,0.4390
10115,noeud,0.3839,0.4234
10116,procurer,0.3839,0.4113
10117,d'obéir,0.3839,0.4109
10118,amie,0.3839,0.4076
10119,fondation,0.3839,0.4507
10120,marcellus,0.3838,0.4069
10121,amendes,0.3838,0.4273
10122,billet,0.3838,0.4317
10123,lieue,0.3838,0.4426
10124,peuples,0.3837,0.3813
10125,inquiétudes,0.3837,0.3420
10126,auxdits,0.3837,0.4177
10127,apprit,0.3837,0.4162
10128,quelqu'un,0.3837,0.4049
10129,contraindre,0.3837,0.4619
10130,nommés,0.3836,0.3637
10131,nourriture,0.3836,0.4502
10132,consentit,0.3835,0.4501
10133,copy,0.3835,0.3261
10134,plaignoit,0.3835,0.3838
10135,l'evêque,0.3834,0.4234
10136,suffrage,0.3834,0.3805
10137,conformer,0.3834,0.3633
10138,difons,0.3834,0.4540
10139,vita,0.3833,0.3933
10140,mêlez,0.3833,0.4095
10141,payez,0.3831,0.4072
10142,fripon,0.3831,0.3948
10143,reprend,0.3831,0.4791
10144,paye,0.3831,0.3930
10145,trompée,0.3830,0.3838
10146,estiment,0.3830,0.4295
10147,vendue,0.3830,0.4759
10148,factum,0.3829,0.4068
10149,argumens,0.3829,0.4024
10150,bel,0.3829,0.4020
10151,concilier,0.3828,0.4341
10152,procedent,0.3828,0.3241
10153,régence,0.3828,0.4290
10154,avantage,0.3828,0.4119
10155,mandé,0.3828,0.3959
10156,surprise,0.3827,0.4085
10157,souffle,0.3827,0.4205
10158,borné,0.3827,0.4401
10159,messieurs,0.3827,0.4406
10160,remettant,0.3827,0.4645
10161,peur,0.3827,0.5461
10162,alliés,0.3827,0.4077
10163,acquérir,0.3827,0.3835
10164,fuyez,0.3826,0.3739
10165,remedes,0.3826,0.4474
10166,coude,0.3826,0.3960
10167,galanteries,0.3826,0.4191
10168,chargea,0.3826,0.3743
10169,témérité,0.3826,0.4073
10170,remplies,0.3826,0.3801
10171,termine,0.3825,0.4330
10172,forcez,0.3825,0.3938
10173,maintenir,0.3825,0.4171
10174,prouvent,0.3825,0.3528
10175,arrivera,0.3825,0.4163
10176,îles,0.3824,0.4779
10177,j'irai,0.3824,0.4156
10178,premiers,0.3824,0.4078
10179,condamna,0.3824,0.4113
10180,retourne,0.3823,0.4414
10181,honorer,0.3823,0.4239
10182,figures,0.3822,0.4033
10183,systême,0.3822,0.4141
10184,élus,0.3822,0.4209
10185,réellement,0.3822,0.4959
10186,xxxii,0.3822,0.4128
10187,c'er,0.3822,0.4545
10188,exemption,0.3822,0.3984
10189,expliquez,0.3821,0.4779
10190,greniers,0.3821,0.4497
10191,soutenir,0.3820,0.3867
10192,instructions,0.3820,0.3533
10193,généralement,0.3820,0.4990
10194,prononça,0.3819,0.4509
10195,déguisement,0.3819,0.4558
10196,infamie,0.3819,0.4261
10197,honneur,0.3819,0.4148
10198,etoffes,0.3819,0.3315
10199,poussa,0.3819,0.4189
10200,amène,0.3819,0.4320
10201,suivis,0.3818,0.4067
10202,instruction,0.3818,0.4230
10203,conspiration,0.3818,0.4410
10204,l'existence,0.3817,0.4358
10205,favoit,0.3817,0.3858
10206,contenues,0.3817,0.3765
10207,fondateur,0.3817,0.3685
10208,zo,0.3817,0.4576
10209,ordre,0.3816,0.4224
10210,considérable,0.3815,0.3288
10211,accordez,0.3815,0.3767
10212,indigné,0.3815,0.4186
10213,chambellan,0.3815,0.3784
10214,contrée,0.3814,0.3913
10215,rr,0.3814,0.5236
10216,s'avança,0.3813,0.3888
10217,disputer,0.3813,0.3921
10218,vînt,0.3813,0.4519
10219,guerres,0.3813,0.3756
10220,montent,0.3813,0.4475
10221,havre,0.3813,0.4521
10222,carte,0.3813,0.4649
10223,allumé,0.3811,0.4839
10224,destinée,0.3811,0.4008
10225,europe,0.3811,0.4606
10226,sentence,0.3811,0.3928
10227,perdent,0.3810,0.4224
10228,sentences,0.3810,0.4145
10229,délicatesse,0.3810,0.4033
10230,difgrace,0.3810,0.4084
10231,adorable,0.3810,0.3981
10232,monceaux,0.3809,0.4594
10233,machines,0.3809,0.3952
10234,sans,0.3809,0.3541
10235,singularité,0.3808,0.4405
10236,refle,0.3808,0.5129
10237,conditions,0.3808,0.4341
10238,écoutez,0.3808,0.3918
10239,humbles,0.3808,0.3823
10240,demeurent,0.3807,0.3775
10241,cete,0.3807,0.4905
10242,distinguer,0.3807,0.4461
10243,feize,0.3807,0.3850
10244,lignes,0.3807,0.4589
10245,finira,0.3807,0.5281
10246,s'empare,0.3806,0.4883
10247,délivre,0.3806,0.4558
10248,chartre,0.3805,0.4450
10249,amor,0.3805,0.3642
10250,lames,0.3804,0.4575
10251,courbe,0.3804,0.4652
10252,accablé,0.3804,0.3963
10253,précédente,0.3803,0.4432
10254,apprenons,0.3803,0.3692
10255,reprocher,0.3803,0.3559
10256,raconter,0.3802,0.5170
10257,procès,0.3801,0.4333
10258,profondeur,0.3801,0.3658
10259,recherches,0.3801,0.4248
10260,maritimes,0.3801,0.4051
10261,couchée,0.3801,0.4267
10262,ordonnances,0.3800,0.3992
10263,rex,0.3800,0.4906
10264,console,0.3799,0.4224
10265,cessent,0.3799,0.4371
10266,descendre,0.3799,0.4279
10267,ia,0.3799,0.4481
10268,toto,0.3799,0.3657
10269,soumettre,0.3798,0.3686
10270,domicile,0.3798,0.3797
10271,garnisons,0.3798,0.4247
10272,l'amérique,0.3797,0.4050
10273,l'obligation,0.3797,0.4174
10274,reconnaître,0.3797,0.4395
10275,environnent,0.3797,0.3642
10276,illustres,0.3797,0.3588
10277,tromper,0.3797,0.3626
10278,rencontrer,0.3797,0.4128
10279,déroger,0.3797,0.3973
10280,appellent,0.3797,0.3782
10281,agit,0.3796,0.3676
10282,l'article,0.3796,0.3788
10283,cuisine,0.3796,0.4235
10284,pâte,0.3795,0.3808
10285,beauvais,0.3795,0.4044
10286,altera,0.3795,0.3789
10287,monarque,0.3795,0.3929
10288,vignes,0.3795,0.3740
10289,croyait,0.3794,0.4434
10290,chateau,0.3794,0.4001
10291,l'abandonner,0.3794,0.4684
10292,reçu,0.3794,0.4372
10293,dédommager,0.3794,0.4205
10294,bétail,0.3793,0.4769
10295,volupté,0.3793,0.4430
10296,accourut,0.3793,0.4739
10297,reproche,0.3793,0.3608
10298,battu,0.3793,0.4874
10299,oit,0.3792,0.4322
10300,mur,0.3792,0.3746
10301,bain,0.3792,0.4066
10302,barbare,0.3792,0.4459
10303,allez,0.3792,0.5560
10304,promettent,0.3791,0.4002
10305,prive,0.3791,0.4186
10306,récit,0.3791,0.3664
10307,illi,0.3791,0.3675
10308,historien,0.3791,0.3123
10309,toujours,0.3790,0.4917
10310,latin,0.3790,0.3945
10311,perdu,0.3790,0.4074
10312,refuté,0.3790,0.4871
10313,deviner,0.3789,0.4524
10314,disoient,0.3789,0.3443
10315,turcs,0.3789,0.4457
10316,ds,0.3789,0.4647
10317,parle,0.3789,0.3899
10318,fournira,0.3789,0.5241
10319,chat,0.3789,0.4377
10320,eum,0.3789,0.3936
10321,sertile,0.3788,0.3439
10322,convient,0.3788,0.4553
10323,fortent,0.3788,0.4413
10324,répondez,0.3787,0.3508
10325,divertissemens,0.3787,0.4369
10326,l'étoit,0.3787,0.3573
10327,unit,0.3786,0.4330
10328,épuisé,0.3786,0.4254
10329,car,0.3786,0.4575
10330,prient,0.3785,0.5111
10331,ira,0.3785,0.4184
10332,justice,0.3785,0.4359
10333,videre,0.3784,0.4417
10334,minus,0.3784,0.3881
10335,acquitter,0.3784,0.4841
10336,lesquels,0.3784,0.3902
10337,éternelle,0.3784,0.4457
10338,promettant,0.3783,0.4725
10339,proximité,0.3783,0.5162
10340,inclinations,0.3782,0.3283
10341,interdit,0.3782,0.4838
10342,accident,0.3782,0.3921
10343,pape,0.3781,0.4231
10344,cria,0.3781,0.4989
10345,amis,0.3781,0.3802
10346,lisent,0.3780,0.4755
10347,chariots,0.3780,0.3723
10348,genere,0.3780,0.3895
10349,conclut,0.3779,0.4049
10350,soixante,0.3779,0.3818
10351,jambe,0.3778,0.4234
10352,clauses,0.3778,0.4413
10353,façon,0.3777,0.3308
10354,ministere,0.3776,0.4002
10355,défauts,0.3776,0.3812
10356,mulets,0.3776,0.4241
10357,l'herbe,0.3775,0.3804
10358,gazon,0.3775,0.3928
10359,élu,0.3774,0.3804
10360,secs,0.3774,0.4170
10361,frontières,0.3774,0.3866
10362,rouen,0.3773,0.3749
10363,vraiment,0.3773,0.4199
10364,m'appelle,0.3773,0.3801
10365,parme,0.3773,0.4007
10366,soudain,0.3773,0.3759
10367,aimer,0.3772,0.4047
10368,coupable,0.3772,0.4283
10369,destinées,0.3772,0.4248
10370,mefures,0.3772,0.3779
10371,répondis,0.3771,0.3354
10372,mes,0.3771,0.4131
10373,puisqu'il,0.3770,0.4329
10374,xxiv,0.3769,0.3523
10375,citadelle,0.3769,0.3937
10376,lex,0.3768,0.4327
10377,sénat,0.3768,0.3932
10378,défendit,0.3768,0.4783
10379,lient,0.3768,0.4315
10380,visites,0.3767,0.3998
10381,they,0.3767,0.3710
10382,rendit,0.3767,0.4154
10383,gresse,0.3767,0.3985
10384,ensuite,0.3766,0.3817
10385,renvoya,0.3766,0.4216
10386,avoue,0.3765,0.3512
10387,préjudicier,0.3764,0.4150
10388,lève,0.3764,0.4272
10389,raison,0.3764,0.3847
10390,sien,0.3764,0.4081
10391,province,0.3764,0.4475
10392,résister,0.3763,0.3517
10393,petit,0.3763,0.5289
10394,sortirent,0.3763,0.3902
10395,nihil,0.3763,0.3974
10396,tache,0.3762,0.4553
10397,faiblesse,0.3762,0.3804
10398,camarades,0.3762,0.3747
10399,voyageur,0.3761,0.4689
10400,munitions,0.3761,0.4903
10401,fournis,0.3760,0.4243
10402,différer,0.3760,0.4112
10403,tout,0.3760,0.4055
10404,parcourir,0.3760,0.4254
10405,promener,0.3759,0.3820
10406,fiit,0.3759,0.4893
10407,soupire,0.3759,0.3721
10408,entr'autres,0.3758,0.4312
10409,souffrances,0.3758,0.3783
10410,courroux,0.3757,0.3471
10411,admis,0.3757,0.3562
10412,harmonie,0.3757,0.3725
10413,chants,0.3756,0.3539
10414,poitrine,0.3755,0.3899
10415,d'entretenir,0.3755,0.4294
10416,rouge,0.3755,0.3188
10417,position,0.3755,0.4257
10418,fortunes,0.3755,0.4104
10419,lequel,0.3754,0.3608
10420,augmentée,0.3754,0.4654
10421,maladies,0.3754,0.3970
10422,ecrit,0.3754,0.5335
10423,nos,0.3753,0.3610
10424,touchée,0.3753,0.3968
10425,temple,0.3753,0.4615
10426,oiseau,0.3753,0.3036
10427,puissante,0.3753,0.3895
10428,information,0.3753,0.4454
10429,corail,0.3752,0.4341
10430,pense,0.3752,0.4086
10431,notions,0.3752,0.3857
10432,naissance,0.3751,0.3626
10433,cruelles,0.3751,0.3826
10434,festins,0.3750,0.3939
10435,persuadée,0.3750,0.4037
10436,gloria,0.3750,0.4097
10437,finie,0.3750,0.4485
10438,lettre,0.3749,0.4943
10439,plaire,0.3748,0.3592
10440,appellons,0.3748,0.3583
10441,terrible,0.3748,0.3548
10442,innocence,0.3747,0.3362
10443,genoux,0.3747,0.4355
10444,apporta,0.3747,0.4506
10445,safran,0.3747,0.4375
10446,conduite,0.3746,0.3700
10447,séparées,0.3746,0.4007
10448,laurier,0.3745,0.4074
10449,frappe,0.3745,0.3538
10450,immense,0.3745,0.4054
10451,ressent,0.3744,0.4014
10452,videri,0.3744,0.3540
10453,d'infanterie,0.3744,0.3640
10454,hôpital,0.3744,0.3849
10455,eglises,0.3743,0.4046
10456,l'hyver,0.3742,0.2934
10457,m'étant,0.3742,0.4774
10458,vix,0.3741,0.3382
10459,houmme,0.3741,0.4866
10460,variation,0.3740,0.4773
10461,débauches,0.3740,0.3778
10462,pologne,0.3739,0.3818
10463,larges,0.3739,0.3694
10464,bientôt,0.3739,0.3919
10465,cède,0.3738,0.4057
10466,lisette,0.3738,0.3541
10467,moi,0.3738,0.3719
10468,voyageurs,0.3738,0.3998
10469,bestiaux,0.3737,0.4351
10470,connoître,0.3737,0.4283
10471,millier,0.3736,0.4527
10472,caput,0.3736,0.4520
10473,jardins,0.3736,0.3942
10474,mais,0.3736,0.4396
10475,croyois,0.3736,0.3412
10476,tigres,0.3735,0.3966
10477,pensent,0.3735,0.3663
10478,spectacle,0.3735,0.3853
10479,operation,0.3734,0.4554
10480,gland,0.3734,0.4426
10481,plaignent,0.3733,0.3564
10482,feux,0.3733,0.4320
10483,maîtresse,0.3733,0.3609
10484,trouble,0.3733,0.3961
10485,abuser,0.3732,0.3976
10486,oblig,0.3732,0.4614
10487,drap,0.3732,0.3669
10488,tempora,0.3732,0.3536
10489,épouser,0.3731,0.4123
10490,enlevée,0.3731,0.4365
10491,gorge,0.3731,0.3857
10492,carrosse,0.3731,0.3614
10493,hommes,0.3731,0.3629
10494,entretient,0.3731,0.4069
10495,apportent,0.3730,0.3506
10496,enfermé,0.3730,0.4028
10497,observation,0.3730,0.4493
10498,annibal,0.3730,0.4840
10499,aller,0.3730,0.4203
10500,m'as,0.3730,0.3859
10501,jugé,0.3730,0.4702
10502,connoissancen,0.3730,0.4687
10503,juges,0.3729,0.4190
10504,verront,0.3729,0.5025
10505,oeuf,0.3729,0.3454
10506,once,0.3728,0.3239
10507,fuient,0.3728,0.3919
10508,nécessité,0.3728,0.3693
10509,jettée,0.3728,0.4188
10510,cloux,0.3728,0.4187
10511,jamais,0.3727,0.4084
10512,fortune,0.3727,0.3756
10513,violence,0.3727,0.3731
10514,favez,0.3727,0.3661
10515,ecuyer,0.3727,0.4081
10516,bibliothèque,0.3727,0.3489
10517,xxviii,0.3726,0.3674
10518,edouard,0.3726,0.4679
10519,anciennement,0.3726,0.4191
10520,proposa,0.3725,0.3347
10521,l'obligea,0.3725,0.4058
10522,rassembler,0.3725,0.3853
10523,créanciers,0.3725,0.3292
10524,videtur,0.3725,0.3666
10525,compagnons,0.3725,0.4178
10526,bâties,0.3725,0.4505
10527,conquis,0.3724,0.4010
10528,assis,0.3724,0.3369
10529,toises,0.3723,0.3903
10530,apud,0.3723,0.5193
10531,marchands,0.3723,0.4027
10532,pays,0.3723,0.2711
10533,porteroit,0.3723,0.4619
10534,l'esprit,0.3723,0.4202
10535,voyent,0.3722,0.3344
10536,sanglier,0.3722,0.4100
10537,coupé,0.3722,0.3971
10538,ordonna,0.3722,0.4024
10539,s'empara,0.3722,0.3963
10540,populi,0.3722,0.3530
10541,humeurs,0.3721,0.4183
10542,platon,0.3721,0.3465
10543,imagine,0.3720,0.4085
10544,vill,0.3720,0.4858
10545,renoncer,0.3719,0.3614
10546,contente,0.3719,0.4428
10547,diroit,0.3719,0.3934
10548,ouvriers,0.3718,0.4156
10549,s'étend,0.3718,0.3937
10550,duquel,0.3718,0.3704
10551,ciel,0.3717,0.4557
10552,rencontra,0.3716,0.4465
10553,longtemps,0.3716,0.3558
10554,alliances,0.3716,0.3744
10555,immenses,0.3716,0.3751
10556,foins,0.3715,0.3645
10557,agissent,0.3715,0.3837
10558,voyons,0.3715,0.4317
10559,sign,0.3715,0.4751
10560,désespoir,0.3715,0.3420
10561,dieux,0.3714,0.4057
10562,défit,0.3714,0.3745
10563,duchesse,0.3714,0.3772
10564,croira,0.3714,0.4089
10565,qu'aucune,0.3713,0.4194
10566,embrasser,0.3713,0.4356
10567,âge,0.3712,0.3428
10568,protection,0.3712,0.3560
10569,diametre,0.3712,0.3949
10570,ipso,0.3712,0.3781
10571,puissant,0.3711,0.3756
10572,détachement,0.3711,0.4644
10573,sud,0.3711,0.3872
10574,circulation,0.3711,0.4345
10575,vafe,0.3711,0.4187
10576,grain,0.3711,0.4257
10577,prononcer,0.3711,0.4756
10578,rendu,0.3710,0.4266
10579,princesses,0.3710,0.3914
10580,demandait,0.3710,0.3993
10581,sache,0.3709,0.4067
10582,divisions,0.3709,0.3834
10583,impose,0.3708,0.3720
10584,clôture,0.3706,0.5034
10585,m'ont,0.3706,0.3851
10586,élévation,0.3706,0.3643
10587,chambre,0.3706,0.5129
10588,signifié,0.3706,0.4028
10589,provisions,0.3706,0.4503
10590,déclarent,0.3705,0.3795
10591,saçon,0.3705,0.4116
10592,comprend,0.3705,0.4548
10593,prenez,0.3705,0.4145
10594,représentée,0.3704,0.4176
10595,verts,0.3704,0.5190
10596,tribus,0.3704,0.4063
10597,braver,0.3703,0.3919
10598,prétention,0.3703,0.3657
10599,prendre,0.3703,0.4775
10600,m'auroit,0.3703,0.3885
10601,enrichi,0.3702,0.4129
10602,hyver,0.3702,0.3199
10603,offenser,0.3702,0.4459
10604,retirerent,0.3702,0.3717
10605,iroient,0.3702,0.3641
10606,imprimeurs,0.3701,0.2242
10607,rente,0.3701,0.4094
10608,illusion,0.3701,0.3755
10609,surface,0.3700,0.3213
10610,retenir,0.3700,0.4112
10611,vois,0.3700,0.3584
10612,payeront,0.3700,0.3502
10613,greffiers,0.3698,0.3667
10614,portés,0.3698,0.4140
10615,contenta,0.3698,0.4229
10616,réponse,0.3698,0.4235
10617,nr,0.3698,0.4876
10618,huitaine,0.3698,0.3664
10619,partagent,0.3698,0.3956
10620,ouvre,0.3697,0.4598
10621,trahit,0.3697,0.4159
10622,ongles,0.3697,0.3735
10623,probable,0.3697,0.3592
10624,ecoliers,0.3696,0.3314
10625,défend,0.3696,0.4375
10626,goûter,0.3696,0.3647
10627,caisse,0.3696,0.4884
10628,nettoyer,0.3696,0.4235
10629,réunion,0.3695,0.4250
10630,capitales,0.3695,0.5043
10631,lun,0.3695,0.4115
10632,couvertures,0.3694,0.4096
10633,chine,0.3694,0.4883
10634,jugera,0.3693,0.3880
10635,herbes,0.3693,0.3527
10636,détache,0.3693,0.3838
10637,voulant,0.3693,0.4519
10638,habillement,0.3692,0.4414
10639,domini,0.3692,0.4755
10640,droir,0.3692,0.4486
10641,prend,0.3692,0.3525
10642,raisonnable,0.3692,0.3706
10643,suivants,0.3691,0.5003
10644,plaignit,0.3691,0.3497
10645,humains,0.3691,0.4316
10646,l'envoya,0.3691,0.4230
10647,manger,0.3690,0.3898
10648,erit,0.3689,0.3635
10649,pensons,0.3689,0.3840
10650,quibus,0.3689,0.4368
10651,violette,0.3688,0.4419
10652,combats,0.3687,0.3596
10653,confiance,0.3687,0.3844
10654,refus,0.3686,0.3668
10655,laissa,0.3686,0.3836
10656,lira,0.3686,0.4948
10657,habitudes,0.3686,0.3786
10658,d'épaisseur,0.3685,0.4246
10659,tourmens,0.3685,0.4174
10660,caisses,0.3685,0.3919
10661,cr,0.3685,0.4869
10662,renard,0.3685,0.4514
10663,caufa,0.3684,0.4122
10664,porte,0.3684,0.4872
10665,reflexions,0.3683,0.4186
10666,corpore,0.3683,0.3718
10667,nombreux,0.3683,0.4004
10668,composoient,0.3683,0.4832
10669,courses,0.3683,0.3705
10670,punit,0.3683,0.3818
10671,ramener,0.3683,0.3774
10672,haïr,0.3683,0.4003
10673,icy,0.3682,0.2974
10674,savait,0.3681,0.3904
10675,s'emparer,0.3680,0.4071
10676,fuo,0.3680,0.3610
10677,montrer,0.3680,0.4110
10678,quot,0.3679,0.3879
10679,modifications,0.3679,0.3818
10680,css,0.3679,0.4700
10681,donnez,0.3678,0.4240
10682,hominum,0.3678,0.3456
10683,sacrifier,0.3678,0.3541
10684,l'examen,0.3678,0.4203
10685,sa,0.3677,0.3500
10686,jettant,0.3677,0.3789
10687,hâte,0.3677,0.4710
10688,croyance,0.3676,0.4376
10689,contenter,0.3676,0.3617
10690,beuf,0.3676,0.4443
10691,tas,0.3676,0.4380
10692,suivoient,0.3675,0.3820
10693,restez,0.3675,0.4727
10694,m'aimez,0.3675,0.4126
10695,devinrent,0.3675,0.3712
10696,s'avancer,0.3675,0.4741
10697,regardoient,0.3674,0.3906
10698,dettes,0.3674,0.4196
10699,neveux,0.3674,0.3229
10700,l'audience,0.3673,0.4112
10701,nourrit,0.3673,0.3508
10702,prier,0.3673,0.3826
10703,portée,0.3672,0.4049
10704,cacher,0.3672,0.3505
10705,decem,0.3672,0.4301
10706,donnerent,0.3671,0.3474
10707,fortuna,0.3671,0.3167
10708,navigation,0.3670,0.3786
10709,taux,0.3670,0.5312
10710,foiblesses,0.3670,0.3446
10711,brûle,0.3670,0.3680
10712,contrées,0.3669,0.3850
10713,homo,0.3669,0.3817
10714,florence,0.3668,0.4408
10715,correspondans,0.3667,0.4166
10716,empêche,0.3667,0.4160
10717,réussit,0.3666,0.3898
10718,employent,0.3666,0.3901
10719,ts,0.3666,0.4500
10720,affis,0.3666,0.3664
10721,imprudence,0.3666,0.4165
10722,tibi,0.3665,0.4260
10723,souffrent,0.3665,0.3939
10724,représentations,0.3665,0.3860
10725,demeurai,0.3664,0.3234
10726,propter,0.3664,0.3997
10727,l'isle,0.3664,0.3873
10728,fermeté,0.3663,0.3793
10729,obéir,0.3662,0.3330
10730,champs,0.3662,0.4606
10731,respire,0.3662,0.3576
10732,nerfs,0.3661,0.3753
10733,semaines,0.3661,0.3518
10734,clles,0.3661,0.4472
10735,vim,0.3660,0.3449
10736,sublime,0.3659,0.4170
10737,introduite,0.3658,0.4066
10738,faciles,0.3658,0.3630
10739,valet,0.3658,0.4542
10740,meilleurs,0.3658,0.4474
10741,maitresse,0.3657,0.4049
10742,prenant,0.3657,0.4049
10743,ma,0.3657,0.3673
10744,nul,0.3657,0.4160
10745,pcre,0.3657,0.4041
10746,plaindre,0.3657,0.3571
10747,fournir,0.3657,0.4556
10748,payés,0.3656,0.3783
10749,poche,0.3656,0.4175
10750,puni,0.3656,0.4490
10751,quinzième,0.3655,0.4021
10752,perception,0.3655,0.4566
10753,tempêtes,0.3655,0.3666
10754,conduire,0.3655,0.4186
10755,quitté,0.3655,0.4036
10756,séparation,0.3654,0.4235
10757,viande,0.3654,0.3950
10758,langues,0.3654,0.4147
10759,n'étant,0.3654,0.3280
10760,immortelle,0.3654,0.4110
10761,charmé,0.3653,0.3880
10762,précautions,0.3653,0.3401
10763,charges,0.3653,0.4475
10764,décider,0.3653,0.4108
10765,felix,0.3652,0.5085
10766,durable,0.3652,0.4414
10767,récolte,0.3652,0.4032
10768,observera,0.3651,0.3723
10769,paver,0.3651,0.4930
10770,lac,0.3651,0.4521
10771,fosse,0.3651,0.4146
10772,trouver,0.3650,0.4032
10773,excitent,0.3650,0.4182
10774,forets,0.3650,0.4534
10775,pousse,0.3650,0.3647
10776,frayeurs,0.3649,0.3684
10777,reçoive,0.3649,0.4735
10778,reçus,0.3649,0.3617
10779,livrez,0.3649,0.4379
10780,bassins,0.3647,0.4074
10781,annonce,0.3647,0.3811
10782,portions,0.3647,0.3795
10783,interrompit,0.3647,0.3895
10784,nord,0.3646,0.3632
10785,risques,0.3646,0.4695
10786,nombres,0.3646,0.3381
10787,compare,0.3645,0.3477
10788,l'histoire,0.3645,0.3855
10789,sénéchaux,0.3644,0.1804
10790,supposer,0.3644,0.3941
10791,parbleu,0.3644,0.4074
10792,description,0.3644,0.3986
10793,licet,0.3644,0.3347
10794,fans,0.3644,0.3585
10795,dépouiller,0.3644,0.3952
10796,poivre,0.3643,0.3500
10797,manquez,0.3642,0.4859
10798,monarques,0.3642,0.4313
10799,priere,0.3642,0.4356
10800,imite,0.3641,0.4546
10801,taillé,0.3641,0.4704
10802,bone,0.3640,0.3792
10803,d'envoyer,0.3640,0.4271
10804,brandebourg,0.3640,0.4743
10805,parlé,0.3640,0.4087
10806,importantes,0.3639,0.4416
10807,l'établissement,0.3639,0.4006
10808,trouvât,0.3638,0.3592
10809,humides,0.3638,0.4009
10810,divisée,0.3637,0.3541
10811,partem,0.3637,0.3609
10812,quitte,0.3637,0.3872
10813,jardin,0.3637,0.3803
10814,valère,0.3637,0.2803
10815,arrêts,0.3637,0.3460
10816,soupçons,0.3636,0.3467
10817,savoye,0.3635,0.3791
10818,oh,0.3635,0.4401
10819,condamne,0.3635,0.3842
10820,oblige,0.3634,0.4077
10821,n'ayez,0.3634,0.3579
10822,n'ait,0.3634,0.3056
10823,répondu,0.3633,0.3337
10824,chiffres,0.3633,0.4407
10825,promesses,0.3633,0.3415
10826,étoiles,0.3633,0.3972
10827,sortifications,0.3632,0.3845
10828,défie,0.3631,0.3450
10829,baron,0.3631,0.4178
10830,l'épaule,0.3631,0.3971
10831,trésors,0.3630,0.3361
10832,rt,0.3629,0.4480
10833,géneral,0.3629,0.4397
10834,d'exactitude,0.3629,0.3650
10835,arrivoit,0.3628,0.3669
10836,achetée,0.3628,0.4191
10837,intervalle,0.3627,0.3824
10838,l'extrémité,0.3627,0.4059
10839,faille,0.3627,0.4497
10840,palmes,0.3626,0.4307
10841,ile,0.3626,0.4841
10842,scélérat,0.3625,0.3853
10843,prosession,0.3625,0.4206
10844,fonds,0.3625,0.4716
10845,économie,0.3625,0.3772
10846,désordres,0.3624,0.3423
10847,verbaux,0.3624,0.3537
10848,ate,0.3624,0.4529
10849,lorsqu'elles,0.3623,0.3789
10850,connue,0.3623,0.3677
10851,direz,0.3623,0.3958
10852,crains,0.3623,0.3611
10853,moines,0.3623,0.3774
10854,paysans,0.3623,0.4060
10855,n'étois,0.3623,0.3226
10856,quelle,0.3622,0.3953
10857,terme,0.3621,0.3978
10858,velours,0.3621,0.3358
10859,j'eus,0.3621,0.3911
10860,réponfe,0.3621,0.4102
10861,ti,0.3620,0.4809
10862,bonis,0.3620,0.3714
10863,dérobe,0.3620,0.3494
10864,poulets,0.3620,0.3836
10865,s'ef,0.3619,0.4566
10866,dépendance,0.3619,0.3925
10867,craignoit,0.3618,0.3524
10868,vicaire,0.3617,0.4705
10869,flandre,0.3617,0.3910
10870,gros,0.3617,0.3955
10871,sentiments,0.3616,0.3409
10872,fureur,0.3615,0.3864
10873,miennes,0.3615,0.3668
10874,mihi,0.3615,0.4534
10875,portier,0.3615,0.4886
10876,ef,0.3615,0.3802
10877,exercent,0.3614,0.3455
10878,rayons,0.3614,0.4412
10879,injustice,0.3614,0.3391
10880,offrant,0.3614,0.4289
10881,poils,0.3614,0.4037
10882,servira,0.3613,0.4257
10883,qu'il,0.3613,0.3977
10884,beauté,0.3613,0.4306
10885,voyois,0.3612,0.3574
10886,rejoindre,0.3611,0.4372
10887,abandonne,0.3611,0.4000
10888,quatuor,0.3611,0.4814
10889,accordant,0.3611,0.4352
10890,commencèrent,0.3609,0.3730
10891,composé,0.3609,0.4028
10892,légitime,0.3609,0.3641
10893,accorda,0.3608,0.3814
10894,créature,0.3608,0.3494
10895,lucius,0.3608,0.3252
10896,vêtu,0.3608,0.4039
10897,marie,0.3607,0.3581
10898,fibres,0.3606,0.3946
10899,déterminée,0.3606,0.4372
10900,charmes,0.3606,0.3784
10901,apprendre,0.3606,0.3828
10902,iis,0.3605,0.4779
10903,obtenu,0.3604,0.3702
10904,troublent,0.3604,0.4282
10905,partir,0.3604,0.4148
10906,pafler,0.3604,0.4563
10907,mander,0.3604,0.4485
10908,crie,0.3604,0.4682
10909,l'océan,0.3604,0.4307
10910,permet,0.3603,0.4137
10911,possit,0.3603,0.3176
10912,chaloupe,0.3602,0.3506
10913,décret,0.3602,0.3909
10914,loups,0.3601,0.3479
10915,prétend,0.3601,0.3247
10916,chute,0.3601,0.3821
10917,vus,0.3601,0.3624
10918,cil,0.3601,0.4621
10919,chiffre,0.3600,0.4714
10920,prérogatives,0.3600,0.4248
10921,élevée,0.3600,0.3963
10922,daignez,0.3600,0.4273
10923,rentré,0.3599,0.4180
10924,caresses,0.3599,0.3362
10925,bailliage,0.3599,0.3464
10926,viendront,0.3599,0.4177
10927,apporté,0.3599,0.4139
10928,ôtoient,0.3599,0.3703
10929,sécher,0.3598,0.4028
10930,riviere,0.3597,0.4015
10931,héritiers,0.3596,0.3685
10932,produisent,0.3596,0.4201
10933,nécessaires,0.3595,0.3533
10934,élection,0.3595,0.3736
10935,matelots,0.3595,0.3842
10936,complimens,0.3594,0.3665
10937,clt,0.3593,0.4047
10938,unité,0.3593,0.4379
10939,ancêtres,0.3592,0.3459
10940,tuyau,0.3592,0.3610
10941,plaira,0.3592,0.3630
10942,dedit,0.3591,0.3665
10943,l'y,0.3591,0.4060
10944,fécondité,0.3590,0.3931
10945,souvenir,0.3590,0.3800
10946,reproches,0.3590,0.3195
10947,partagée,0.3590,0.3279
10948,egard,0.3590,0.3668
10949,froids,0.3590,0.4190
10950,jusqu,0.3589,0.3211
10951,d'ardeur,0.3589,0.3331
10952,résulte,0.3588,0.3966
10953,jourd'hui,0.3588,0.4128
10954,gomme,0.3588,0.4093
10955,d'employer,0.3588,0.3826
10956,établie,0.3587,0.3966
10957,souvenez,0.3587,0.3416
10958,retira,0.3586,0.4060
10959,porteront,0.3586,0.4267
10960,illo,0.3585,0.3448
10961,reconnut,0.3585,0.4283
10962,ille,0.3585,0.4655
10963,n'osa,0.3584,0.4434
10964,revenus,0.3584,0.4396
10965,participer,0.3584,0.4520
10966,faisait,0.3584,0.4006
10967,rendus,0.3583,0.3236
10968,liée,0.3583,0.4619
10969,philosophe,0.3582,0.3670
10970,bella,0.3582,0.4468
10971,chien,0.3582,0.3538
10972,veuille,0.3581,0.3316
10973,signifie,0.3581,0.3195
10974,précipice,0.3581,0.3970
10975,donner,0.3580,0.4123
10976,d'augmenter,0.3580,0.4187
10977,choux,0.3580,0.3858
10978,patrie,0.3580,0.3726
10979,forêt,0.3580,0.4337
10980,suffiroit,0.3579,0.4270
10981,présente,0.3579,0.4170
10982,boutons,0.3579,0.3568
10983,plaint,0.3579,0.3739
10984,peintures,0.3578,0.3760
10985,chapelle,0.3578,0.4277
10986,déterminer,0.3576,0.3419
10987,feras,0.3575,0.3676
10988,l'ordonnance,0.3575,0.3597
10989,plume,0.3575,0.3802
10990,bureau,0.3575,0.3934
10991,denrées,0.3575,0.4179
10992,conférences,0.3575,0.4033
10993,élevées,0.3575,0.3396
10994,conçois,0.3575,0.3232
10995,retourné,0.3574,0.4008
10996,méthode,0.3574,0.3614
10997,vert,0.3573,0.5750
10998,l'humidité,0.3573,0.4415
10999,l'époux,0.3572,0.4438
11000,isles,0.3572,0.3311
11001,lecteur,0.3571,0.3661
11002,caractères,0.3570,0.3697
11003,nouvelles,0.3570,0.4088
11004,vend,0.3570,0.3645
11005,produits,0.3569,0.4573
11006,poëtes,0.3569,0.3874
11007,savez,0.3569,0.4182
11008,m'arrête,0.3569,0.3545
11009,fondions,0.3568,0.3877
11010,ctoit,0.3567,0.4400
11011,villages,0.3567,0.3821
11012,continuent,0.3567,0.3763
11013,quorum,0.3565,0.3721
11014,repondit,0.3565,0.4581
11015,xxvii,0.3565,0.3607
11016,quelconque,0.3565,0.4451
11017,découvre,0.3564,0.3895
11018,passion,0.3564,0.3702
11019,opposez,0.3564,0.4515
11020,pattes,0.3564,0.3462
11021,brise,0.3564,0.3914
11022,renfermées,0.3564,0.3869
11023,oublie,0.3563,0.3947
11024,monde,0.3563,0.3943
11025,condamnation,0.3563,0.4421
11026,recoit,0.3562,0.4535
11027,attirer,0.3562,0.3563
11028,peines,0.3560,0.3504
11029,locis,0.3560,0.3914
11030,s'arrête,0.3560,0.4260
11031,tambours,0.3560,0.3148
11032,opus,0.3559,0.3649
11033,chargée,0.3559,0.4032
11034,princes,0.3558,0.3765
11035,cnt,0.3558,0.4319
11036,essentielles,0.3558,0.4101
11037,bancs,0.3558,0.4118
11038,serviront,0.3557,0.4026
11039,procédé,0.3557,0.4191
11040,possibles,0.3557,0.3854
11041,souffert,0.3556,0.3709
11042,promets,0.3555,0.3620
11043,olim,0.3554,0.3812
11044,eodem,0.3552,0.4184
11045,tuyaux,0.3552,0.4006
11046,plaines,0.3552,0.3397
11047,manteau,0.3552,0.3368
11048,cordages,0.3551,0.4080
11049,héritage,0.3551,0.3363
11050,tremble,0.3551,0.3520
11051,mères,0.3551,0.3941
11052,contentez,0.3551,0.4401
11053,corsaires,0.3551,0.4007
11054,crimes,0.3551,0.3447
11055,trahir,0.3550,0.3760
11056,regards,0.3549,0.3222
11057,attaquer,0.3549,0.4272
11058,agreable,0.3549,0.2645
11059,ei,0.3549,0.4720
11060,troupeaux,0.3548,0.3760
11061,marchand,0.3548,0.3958
11062,s'unir,0.3548,0.4778
11063,rapide,0.3548,0.3950
11064,l'ait,0.3548,0.3372
11065,livrer,0.3548,0.3324
11066,restée,0.3548,0.4459
11067,dattes,0.3548,0.4804
11068,hôtes,0.3547,0.4592
11069,ruisseau,0.3547,0.3984
11070,avisé,0.3546,0.4391
11071,déclaration,0.3546,0.3042
11072,vendoit,0.3546,0.3657
11073,resté,0.3545,0.3990
11074,rendra,0.3545,0.3727
11075,détruit,0.3545,0.3976
11076,allemagne,0.3545,0.3306
11077,destination,0.3545,0.4404
11078,arriverent,0.3545,0.3738
11079,suède,0.3544,0.4831
11080,prison,0.3544,0.3973
11081,mâles,0.3544,0.3798
11082,situation,0.3543,0.3490
11083,d'arbres,0.3542,0.3848
11084,jonction,0.3541,0.4543
11085,occupation,0.3541,0.3639
11086,heureuse,0.3541,0.4053
11087,proposez,0.3541,0.5243
11088,écrite,0.3540,0.3972
11089,sermens,0.3539,0.4198
11090,potuit,0.3539,0.2999
11091,bien,0.3539,0.4267
11092,forcer,0.3539,0.4086
11093,roulent,0.3538,0.4267
11094,arbres,0.3538,0.3713
11095,bateaux,0.3536,0.3868
11096,es,0.3536,0.4369
11097,pavillons,0.3536,0.4000
11098,souliers,0.3536,0.4125
11099,suede,0.3536,0.4315
11100,contrôleur,0.3534,0.3498
11101,marchez,0.3534,0.4920
11102,bruits,0.3534,0.3712
11103,condamnez,0.3534,0.3991
11104,courte,0.3534,0.4192
11105,primo,0.3534,0.4150
11106,poflible,0.3533,0.3782
11107,mea,0.3533,0.3943
11108,quanti,0.3533,0.4849
11109,joue,0.3533,0.4163
11110,meubles,0.3532,0.3512
11111,reçut,0.3532,0.3647
11112,sacrifice,0.3532,0.3497
11113,méprise,0.3532,0.4182
11114,rapidité,0.3531,0.4156
11115,indigne,0.3531,0.3849
11116,garni,0.3531,0.3950
11117,cheval,0.3529,0.4385
11118,fauver,0.3529,0.3674
11119,serein,0.3529,0.4858
11120,énormes,0.3529,0.4537
11121,sut,0.3529,0.3759
11122,paroissoient,0.3528,0.3759
11123,tel,0.3528,0.3896
11124,présenta,0.3528,0.3943
11125,remettre,0.3528,0.4249
11126,établi,0.3526,0.4040
11127,magasin,0.3526,0.4189
11128,trompent,0.3526,0.3340
11129,volumus,0.3525,0.3748
11130,ellc,0.3525,0.4741
11131,chirurgien,0.3525,0.4536
11132,t'es,0.3523,0.3460
11133,porcs,0.3523,0.4647
11134,receveurs,0.3523,0.3446
11135,connaître,0.3523,0.3635
11136,portion,0.3522,0.4505
11137,ombre,0.3522,0.3580
11138,rerum,0.3522,0.4029
11139,alarmes,0.3522,0.3288
11140,attachée,0.3521,0.4119
11141,détruisent,0.3521,0.3865
11142,chats,0.3521,0.4484
11143,multiplication,0.3521,0.4298
11144,répand,0.3521,0.3440
11145,chargent,0.3520,0.3505
11146,tonneau,0.3520,0.4352
11147,relâcher,0.3520,0.4575
11148,agi,0.3519,0.3532
11149,douleur,0.3519,0.3645
11150,l'italie,0.3519,0.3938
11151,capitale,0.3519,0.3960
11152,délicieux,0.3518,0.3783
11153,empêchent,0.3517,0.3776
11154,efl,0.3517,0.3829
11155,adopté,0.3517,0.4024
11156,country,0.3517,0.2297
11157,verdure,0.3517,0.3844
11158,bellum,0.3516,0.3664
11159,ménager,0.3516,0.3808
11160,gaulois,0.3516,0.3980
11161,amours,0.3516,0.4307
11162,consacrer,0.3514,0.4323
11163,autrefois,0.3513,0.3879
11164,citez,0.3513,0.4551
11165,humide,0.3513,0.3673
11166,quos,0.3513,0.4051
11167,construction,0.3513,0.4270
11168,contenté,0.3513,0.3479
11169,contiendra,0.3512,0.4302
11170,échappe,0.3511,0.4333
11171,procureurs,0.3511,0.3744
11172,desiroit,0.3510,0.3762
11173,c'efr,0.3509,0.4101
11174,couché,0.3509,0.3999
11175,mienne,0.3509,0.3654
11176,aboli,0.3509,0.4177
11177,épargner,0.3509,0.3619
11178,couronné,0.3508,0.4348
11179,annuelle,0.3507,0.4118
11180,gendre,0.3507,0.3348
11181,bonne,0.3507,0.3817
11182,plainte,0.3506,0.4100
11183,siege,0.3506,0.4191
11184,étendu,0.3506,0.4130
11185,départ,0.3506,0.3441
11186,couvrit,0.3504,0.3827
11187,mangent,0.3504,0.3341
11188,lié,0.3503,0.4582
11189,itre,0.3503,0.5152
11190,elections,0.3503,0.4156
11191,foyez,0.3502,0.3390
11192,courtisans,0.3501,0.3639
11193,j'allai,0.3501,0.4037
11194,vieillesse,0.3500,0.3831
11195,fusil,0.3500,0.4218
11196,loup,0.3500,0.3828
11197,vinaigre,0.3499,0.3449
11198,eglise,0.3498,0.3607
11199,sed,0.3498,0.4560
11200,ledit,0.3498,0.3574
11201,précipiter,0.3498,0.3986
11202,l'edit,0.3497,0.3664
11203,semences,0.3497,0.4191
11204,douzième,0.3497,0.4187
11205,flamme,0.3497,0.3510
11206,plupart,0.3497,0.3389
11207,mets,0.3497,0.3586
11208,huissiers,0.3496,0.3552
11209,direction,0.3496,0.4334
11210,puifle,0.3495,0.2902
11211,contribuent,0.3495,0.3772
11212,nomination,0.3495,0.4693
11213,livourne,0.3494,0.3642
11214,dessus,0.3494,0.4907
11215,vas,0.3494,0.3785
11216,négociations,0.3493,0.3398
11217,éré,0.3493,0.3320
11218,oubliez,0.3493,0.4421
11219,perdroit,0.3492,0.4285
11220,romains,0.3491,0.3928
11221,freres,0.3491,0.3368
11222,demander,0.3490,0.4020
11223,regardant,0.3490,0.3693
11224,ferons,0.3489,0.3311
11225,souhaits,0.3489,0.3748
11226,folies,0.3489,0.3410
11227,concernant,0.3489,0.3804
11228,construire,0.3489,0.3666
11229,aurai,0.3489,0.3062
11230,laïques,0.3488,0.3732
11231,décisions,0.3488,0.3530
11232,muid,0.3487,0.3735
11233,légumes,0.3487,0.3818
11234,habit,0.3487,0.3344
11235,madame,0.3487,0.4536
11236,inventaire,0.3487,0.4094
11237,contentent,0.3486,0.3438
11238,abusé,0.3486,0.3562
11239,tua,0.3486,0.3637
11240,laissera,0.3486,0.3548
11241,c'cst,0.3485,0.4812
11242,bâtiment,0.3485,0.4815
11243,dominus,0.3485,0.3977
11244,tribun,0.3485,0.4088
11245,nisi,0.3483,0.3709
11246,boire,0.3483,0.3892
11247,rapportées,0.3483,0.3991
11248,prétentions,0.3482,0.3365
11249,couchant,0.3482,0.3402
11250,ennemies,0.3482,0.4427
11251,effacer,0.3482,0.4193
11252,fournit,0.3482,0.4382
11253,alliance,0.3481,0.3875
11254,l'orient,0.3481,0.3380
11255,l'arrêt,0.3481,0.3874
11256,s'opposer,0.3481,0.3590
11257,foy,0.3481,0.2558
11258,rouges,0.3480,0.2988
11259,reconnu,0.3480,0.3993
11260,l'huile,0.3480,0.3711
11261,sublimes,0.3479,0.3868
11262,falle,0.3478,0.5479
11263,mouvement,0.3476,0.3717
11264,cas,0.3476,0.3754
11265,gentilshommes,0.3476,0.4302
11266,mortem,0.3476,0.3006
11267,audit,0.3476,0.3482
11268,cependant,0.3475,0.4328
11269,diminuée,0.3475,0.4411
11270,sassent,0.3475,0.3836
11271,ctc,0.3475,0.4594
11272,parjure,0.3475,0.3878
11273,voeux,0.3474,0.3484
11274,ques,0.3473,0.3890
11275,potest,0.3473,0.3686
11276,aimée,0.3472,0.3456
11277,l'allemagne,0.3471,0.3717
11278,quels,0.3471,0.4027
11279,essentiel,0.3471,0.3930
11280,hominis,0.3471,0.3239
11281,huitieme,0.3471,0.3561
11282,ic,0.3471,0.4748
11283,boisson,0.3470,0.4119
11284,goûte,0.3470,0.3841
11285,bleu,0.3469,0.3333
11286,maîtres,0.3469,0.3748
11287,mettra,0.3468,0.3423
11288,grecque,0.3468,0.3632
11289,cl,0.3468,0.4831
11290,ejus,0.3468,0.4838
11291,coupe,0.3468,0.3803
11292,fret,0.3467,0.4380
11293,semper,0.3467,0.3467
11294,frayeur,0.3466,0.3639
11295,d'abandonner,0.3466,0.3770
11296,maisons,0.3465,0.3721
11297,suffire,0.3465,0.4142
11298,mirent,0.3465,0.3700
11299,cb,0.3463,0.3506
11300,confiscation,0.3463,0.2636
11301,partit,0.3462,0.3533
11302,dépend,0.3462,0.3851
11303,envoyoit,0.3462,0.3703
11304,succomber,0.3461,0.3901
11305,conclus,0.3461,0.3600
11306,vassaux,0.3460,0.3688
11307,notaires,0.3460,0.3928
11308,perdra,0.3459,0.4423
11309,alimens,0.3459,0.4166
11310,cache,0.3459,0.3605
11311,d'entr'eux,0.3458,0.4268
11312,comtes,0.3458,0.3724
11313,tableaux,0.3457,0.3186
11314,chagrins,0.3457,0.3367
11315,captivité,0.3457,0.4128
11316,prédécesseurs,0.3457,0.3697
11317,jaunes,0.3457,0.3707
11318,sénateurs,0.3457,0.3788
11319,dico,0.3457,0.3151
11320,cadette,0.3457,0.4158
11321,banquiers,0.3457,0.4573
11322,gestes,0.3456,0.4284
11323,consomme,0.3455,0.4217
11324,paraître,0.3455,0.3365
11325,voila,0.3455,0.4498
11326,ics,0.3455,0.4340
11327,l'avez,0.3455,0.3091
11328,montoit,0.3455,0.3838
11329,base,0.3455,0.4019
11330,sauver,0.3455,0.3665
11331,assise,0.3454,0.3881
11332,vendre,0.3454,0.3755
11333,expliqué,0.3454,0.3063
11334,grecs,0.3453,0.3678
11335,oi,0.3453,0.4588
11336,écrire,0.3453,0.4203
11337,raconta,0.3453,0.3764
11338,méritent,0.3452,0.3153
11339,couverte,0.3452,0.3776
11340,recevra,0.3451,0.4704
11341,plaisanterie,0.3450,0.4124
11342,l'une,0.3450,0.3499
11343,vendôme,0.3450,0.3329
11344,roman,0.3450,0.4155
11345,domo,0.3449,0.3744
11346,prétendent,0.3449,0.3320
11347,fourniture,0.3449,0.4319
11348,destinés,0.3449,0.3967
11349,ils,0.3449,0.3323
11350,toi,0.3448,0.4265
11351,tions,0.3448,0.5055
11352,alléguer,0.3448,0.3700
11353,nt,0.3448,0.4192
11354,j'aimerois,0.3447,0.3302
11355,quidem,0.3447,0.4042
11356,carthaginois,0.3447,0.3912
11357,pluies,0.3446,0.3180
11358,narration,0.3446,0.3942
11359,s'elt,0.3445,0.4047
11360,tamen,0.3445,0.4060
11361,placées,0.3445,0.3649
11362,envoie,0.3443,0.3812
11363,murs,0.3443,0.3701
11364,aprés,0.3443,0.3364
11365,tombée,0.3442,0.3568
11366,représenté,0.3442,0.3552
11367,mien,0.3442,0.3758
11368,négliger,0.3441,0.3508
11369,regitre,0.3441,0.3864
11370,crochet,0.3440,0.4073
11371,laissant,0.3440,0.4004
11372,rappeller,0.3439,0.4009
11373,marguerite,0.3438,0.2885
11374,servant,0.3438,0.4240
11375,jupiter,0.3438,0.3449
11376,bois,0.3437,0.4184
11377,aurons,0.3437,0.4049
11378,cicéron,0.3437,0.3904
11379,extravagances,0.3437,0.3660
11380,payée,0.3437,0.3771
11381,expéditions,0.3437,0.3570
11382,donation,0.3436,0.4204
11383,j'espère,0.3435,0.4359
11384,culture,0.3435,0.4239
11385,ministère,0.3435,0.3848
11386,s'écrie,0.3435,0.3739
11387,donc,0.3434,0.3983
11388,bagatelles,0.3434,0.3663
11389,collége,0.3433,0.4210
11390,diem,0.3433,0.3836
11391,appellez,0.3433,0.4529
11392,manquoient,0.3432,0.3202
11393,procede,0.3432,0.3198
11394,dérober,0.3432,0.3555
11395,froides,0.3432,0.4034
11396,équipages,0.3432,0.4187
11397,pensa,0.3431,0.3695
11398,meure,0.3431,0.4093
11399,divise,0.3431,0.3921
11400,regardée,0.3430,0.4076
11401,régne,0.3430,0.3121
11402,expirer,0.3430,0.4336
11403,mouton,0.3430,0.3516
11404,roseaux,0.3430,0.3598
11405,habitation,0.3429,0.3821
11406,célèbre,0.3429,0.4030
11407,prochains,0.3429,0.3011
11408,refous,0.3429,0.3907
11409,achetées,0.3429,0.3925
11410,deux,0.3429,0.3980
11411,junon,0.3428,0.3294
11412,belle,0.3428,0.4032
11413,nymphes,0.3428,0.3677
11414,fêtes,0.3427,0.3624
11415,viri,0.3425,0.3601
11416,affaires,0.3425,0.3543
11417,deo,0.3425,0.4207
11418,forcée,0.3424,0.4982
11419,rendoit,0.3424,0.4134
11420,l'escadre,0.3424,0.4616
11421,employée,0.3423,0.3815
11422,couronner,0.3422,0.4299
11423,prennent,0.3422,0.3450
11424,ieurs,0.3422,0.4235
11425,lit,0.3422,0.3818
11426,joie,0.3421,0.2741
11427,nomment,0.3420,0.3281
11428,perdue,0.3420,0.3949
11429,payer,0.3419,0.3345
11430,revenir,0.3419,0.3903
11431,chagrin,0.3418,0.3766
11432,cabanes,0.3418,0.3523
11433,rubis,0.3418,0.3827
11434,faits,0.3417,0.3507
11435,facon,0.3417,0.3539
11436,domus,0.3417,0.3561
11437,obligée,0.3416,0.3952
11438,cut,0.3416,0.4131
11439,caves,0.3416,0.4344
11440,whether,0.3416,0.2441
11441,rebus,0.3416,0.3818
11442,semblé,0.3416,0.4374
11443,nécessaire,0.3414,0.3257
11444,voyait,0.3414,0.3838
11445,verrai,0.3414,0.3280
11446,appartenoient,0.3413,0.3484
11447,personne,0.3413,0.3466
11448,baril,0.3413,0.4255
11449,pompée,0.3412,0.3632
11450,applique,0.3410,0.3481
11451,renaître,0.3410,0.4731
11452,derriere,0.3410,0.3798
11453,sasse,0.3409,0.3445
11454,incertitude,0.3409,0.3553
11455,d'ailleurs,0.3409,0.4466
11456,parlerai,0.3408,0.3298
11457,cavalerie,0.3408,0.3695
11458,fléchir,0.3408,0.3829
11459,recueille,0.3407,0.3297
11460,allées,0.3407,0.3349
11461,taureau,0.3406,0.3702
11462,mouchoir,0.3406,0.3682
11463,obtenue,0.3406,0.4067
11464,multitude,0.3406,0.4053
11465,fixée,0.3405,0.4087
11466,dicit,0.3405,0.3191
11467,ardeurs,0.3404,0.3640
11468,parquet,0.3404,0.4956
11469,imaginer,0.3404,0.4209
11470,anno,0.3404,0.5013
11471,choses,0.3404,0.3681
11472,craignit,0.3404,0.3475
11473,eos,0.3402,0.4065
11474,jouir,0.3402,0.3975
11475,jure,0.3401,0.3813
11476,point,0.3401,0.3049
11477,rarement,0.3400,0.4423
11478,scra,0.3400,0.4471
11479,mariée,0.3400,0.3635
11480,succès,0.3400,0.4412
11481,imprime,0.3400,0.4309
11482,différence,0.3400,0.3128
11483,minerve,0.3400,0.3548
11484,voulions,0.3399,0.3022
11485,meo,0.3399,0.3453
11486,article,0.3399,0.4038
11487,paroisses,0.3398,0.3456
11488,observer,0.3398,0.4454
11489,vendeur,0.3398,0.3164
11490,arrivâmes,0.3397,0.3078
11491,voulu,0.3397,0.3730
11492,trouvons,0.3397,0.3174
11493,aventures,0.3397,0.3474
11494,ceinture,0.3397,0.3919
11495,attaquent,0.3396,0.3917
11496,sert,0.3396,0.3161
11497,permit,0.3395,0.3701
11498,mari,0.3395,0.4192
11499,croire,0.3393,0.4131
11500,te,0.3393,0.4352
11501,rappeler,0.3393,0.4956
11502,lieutenants,0.3392,0.3483
11503,sortez,0.3392,0.3857
11504,cadix,0.3392,0.4794
11505,s'empêcher,0.3391,0.3805
11506,recourir,0.3390,0.3814
11507,appris,0.3389,0.3546
11508,diminuer,0.3389,0.4101
11509,sollicitations,0.3388,0.3786
11510,réglemens,0.3387,0.3071
11511,tiroient,0.3387,0.3249
11512,compatriotes,0.3387,0.3341
11513,envoyé,0.3386,0.3832
11514,justification,0.3385,0.4151
11515,exprimée,0.3385,0.4677
11516,fils,0.3385,0.4061
11517,plomb,0.3385,0.3524
11518,quare,0.3383,0.3651
11519,envoya,0.3383,0.3434
11520,espérances,0.3383,0.3072
11521,diviser,0.3383,0.3864
11522,souvient,0.3383,0.3584
11523,régles,0.3382,0.2988
11524,statues,0.3382,0.3497
11525,sentis,0.3382,0.3373
11526,olives,0.3381,0.3648
11527,souverains,0.3381,0.3848
11528,manqua,0.3381,0.3586
11529,represente,0.3381,0.2904
11530,princesse,0.3381,0.3681
11531,ôta,0.3380,0.3552
11532,espérer,0.3379,0.3065
11533,reduite,0.3379,0.3384
11534,brebis,0.3379,0.3652
11535,obscurité,0.3379,0.3604
11536,ces,0.3378,0.3266
11537,craintes,0.3378,0.3446
11538,receveur,0.3378,0.3667
11539,xxii,0.3378,0.3531
11540,profusion,0.3377,0.5046
11541,puissance,0.3377,0.3734
11542,french,0.3377,0.2042
11543,aimait,0.3377,0.3594
11544,parfum,0.3376,0.4453
11545,cavaliers,0.3374,0.3365
11546,paroitre,0.3374,0.4333
11547,tumulte,0.3374,0.3508
11548,convaincu,0.3373,0.3949
11549,venue,0.3373,0.4081
11550,first,0.3373,0.3149
11551,desquelles,0.3372,0.3747
11552,conseil,0.3371,0.3614
11553,pressez,0.3371,0.5009
11554,galerie,0.3371,0.4099
11555,terrain,0.3371,0.3710
11556,payens,0.3371,0.3829
11557,roses,0.3370,0.3595
11558,unde,0.3370,0.3835
11559,envoyent,0.3369,0.3274
11560,eh,0.3369,0.3936
11561,retire,0.3369,0.4032
11562,il,0.3368,0.3252
11563,nommée,0.3368,0.3133
11564,oublié,0.3367,0.3738
11565,barques,0.3367,0.3779
11566,abandonner,0.3367,0.3295
11567,industrie,0.3367,0.3722
11568,intérêts,0.3366,0.3437
11569,su,0.3364,0.4992
11570,poëte,0.3364,0.3402
11571,appartenoit,0.3363,0.3715
11572,trouvée,0.3363,0.3489
11573,retirée,0.3363,0.4233
11574,envoyée,0.3362,0.3918
11575,jusqu'alors,0.3362,0.3903
11576,ferait,0.3362,0.3701
11577,montre,0.3361,0.3634
11578,el,0.3361,0.4659
11579,village,0.3361,0.3989
11580,l'eut,0.3360,0.3866
11581,autem,0.3360,0.4652
11582,partie,0.3359,0.4789
11583,tuo,0.3359,0.3437
11584,théologiens,0.3359,0.3620
11585,engagea,0.3358,0.4300
11586,quem,0.3358,0.4273
11587,lacs,0.3357,0.4592
11588,omni,0.3356,0.4057
11589,dise,0.3355,0.3676
11590,charles,0.3355,0.4116
11591,d'engager,0.3354,0.4489
11592,descendans,0.3354,0.3476
11593,dispositions,0.3354,0.3161
11594,multa,0.3354,0.3615
11595,épouse,0.3353,0.3337
11596,aux,0.3353,0.3712
11597,c'efl,0.3353,0.3999
11598,regis,0.3353,0.4867
11599,porc,0.3353,0.3926
11600,xxix,0.3353,0.3850
11601,possible,0.3353,0.3910
11602,legitime,0.3352,0.3008
11603,ressources,0.3352,0.3557
11604,rendrai,0.3352,0.3557
11605,n'cn,0.3352,0.4021
11606,reception,0.3350,0.2625
11607,vous,0.3349,0.3216
11608,possède,0.3349,0.4155
11609,n'eus,0.3349,0.3306
11610,résolut,0.3348,0.3301
11611,consenti,0.3348,0.3495
11612,seize,0.3348,0.3021
11613,convenoit,0.3348,0.3846
11614,solitude,0.3348,0.3673
11615,poutres,0.3347,0.4252
11616,injure,0.3347,0.3328
11617,s'occuper,0.3347,0.4609
11618,garnie,0.3347,0.3663
11619,crime,0.3347,0.4287
11620,cette,0.3346,0.3856
11621,gratia,0.3345,0.4707
11622,amsterdam,0.3345,0.4062
11623,monte,0.3344,0.4325
11624,monsieur,0.3343,0.4445
11625,application,0.3342,0.3508
11626,profitent,0.3342,0.3685
11627,recevront,0.3342,0.3718
11628,disciples,0.3342,0.3541
11629,raconté,0.3341,0.3609
11630,illos,0.3339,0.2977
11631,métaux,0.3339,0.3614
11632,savent,0.3339,0.3401
11633,rapport,0.3338,0.3552
11634,marcus,0.3338,0.3655
11635,vaudroit,0.3338,0.3289
11636,loix,0.3338,0.4186
11637,modo,0.3337,0.4549
11638,nostri,0.3336,0.4568
11639,coûte,0.3336,0.4949
11640,s'approche,0.3336,0.4358
11641,gris,0.3335,0.3709
11642,canards,0.3335,0.3548
11643,travailloit,0.3334,0.4679
11644,parlerons,0.3334,0.3375
11645,bottes,0.3334,0.4151
11646,mois,0.3333,0.4228
11647,offrandes,0.3332,0.4316
11648,qu'elles,0.3332,0.3653
11649,édition,0.3332,0.3733
11650,apologie,0.3331,0.3756
11651,tristesse,0.3331,0.4005
11652,trésorier,0.3330,0.3647
11653,aufii,0.3329,0.4376
11654,suivant,0.3328,0.4118
11655,iront,0.3328,0.3788
11656,conserve,0.3328,0.3412
11657,fauvé,0.3327,0.3838
11658,ratione,0.3326,0.4059
11659,laisser,0.3326,0.3838
11660,visages,0.3325,0.3621
11661,tué,0.3324,0.2932
11662,dames,0.3323,0.3417
11663,cables,0.3322,0.3515
11664,iles,0.3321,0.3638
11665,prenait,0.3321,0.4090
11666,vendues,0.3320,0.3368
11667,savants,0.3320,0.5601
11668,omnibus,0.3320,0.4422
11669,recevoient,0.3318,0.3199
11670,guerriers,0.3318,0.3423
11671,ent,0.3318,0.4371
11672,hauteur,0.3318,0.3482
11673,ceder,0.3317,0.2703
11674,fassent,0.3317,0.3543
11675,éloge,0.3316,0.3668
11676,tontes,0.3315,0.5938
11677,alii,0.3313,0.4396
11678,habite,0.3313,0.4263
11679,figues,0.3312,0.3144
11680,chosc,0.3312,0.3619
11681,que,0.3312,0.3296
11682,mettant,0.3311,0.3655
11683,jettoit,0.3311,0.3562
11684,circonstance,0.3311,0.3662
11685,automne,0.3311,0.4345
11686,fais,0.3311,0.3423
11687,fondé,0.3310,0.3289
11688,images,0.3310,0.3732
11689,pcut,0.3310,0.4230
11690,galant,0.3310,0.3825
11691,lera,0.3309,0.3866
11692,occidentales,0.3309,0.3122
11693,couroit,0.3309,0.4777
11694,douleurs,0.3308,0.4071
11695,me,0.3308,0.3192
11696,maladie,0.3308,0.3586
11697,aliud,0.3308,0.3838
11698,doir,0.3307,0.3740
11699,infortunée,0.3307,0.3604
11700,rien,0.3306,0.3694
11701,m'avez,0.3306,0.3257
11702,l'emporter,0.3305,0.4011
11703,manquera,0.3304,0.3466
11704,influence,0.3304,0.3887
11705,charmée,0.3303,0.3709
11706,confreres,0.3303,0.3717
11707,alio,0.3302,0.3559
11708,canons,0.3302,0.4882
11709,historiens,0.3302,0.3085
11710,concernent,0.3301,0.3573
11711,deviendra,0.3301,0.3933
11712,affection,0.3301,0.3289
11713,nullus,0.3300,0.3762
11714,croiroit,0.3298,0.4108
11715,honore,0.3298,0.4030
11716,flottes,0.3297,0.3939
11717,entend,0.3297,0.4304
11718,tarda,0.3296,0.3451
11719,nombreuses,0.3296,0.4097
11720,plaine,0.3295,0.4160
11721,ell,0.3294,0.4133
11722,efr,0.3293,0.4162
11723,plais,0.3292,0.4085
11724,courus,0.3292,0.3713
11725,gaieté,0.3292,0.4557
11726,obscures,0.3292,0.4186
11727,division,0.3292,0.3815
11728,échappé,0.3291,0.3319
11729,ponte,0.3291,0.3442
11730,flambeaux,0.3290,0.3362
11731,suiffé,0.3290,0.4333
11732,affreux,0.3290,0.3680
11733,étrangers,0.3289,0.3911
11734,désirs,0.3288,0.3631
11735,ergo,0.3288,0.3315
11736,remplissent,0.3287,0.3509
11737,refuse,0.3287,0.3305
11738,any,0.3287,0.2165
11739,soldats,0.3286,0.3740
11740,témoigner,0.3286,0.3857
11741,ceux,0.3286,0.3595
11742,procéder,0.3286,0.3585
11743,confirmé,0.3285,0.3317
11744,couche,0.3284,0.3650
11745,fiut,0.3284,0.4644
11746,terminé,0.3284,0.4311
11747,chênes,0.3283,0.4351
11748,perles,0.3283,0.3083
11749,affaire,0.3283,0.4352
11750,charmante,0.3283,0.3788
11751,mesures,0.3283,0.3758
11752,rencontré,0.3281,0.3559
11753,étoile,0.3281,0.3762
11754,regni,0.3279,0.3896
11755,coquilles,0.3278,0.3665
11756,s'adresse,0.3278,0.4079
11757,fignifie,0.3277,0.3722
11758,concil,0.3276,0.3589
11759,quantum,0.3276,0.3501
11760,amandes,0.3276,0.3600
11761,employés,0.3275,0.3799
11762,flotte,0.3273,0.3420
11763,attacher,0.3272,0.3636
11764,jambes,0.3272,0.3255
11765,remarquer,0.3272,0.3958
11766,blanches,0.3271,0.3059
11767,domum,0.3271,0.3486
11768,forteresse,0.3270,0.3534
11769,saurai,0.3270,0.3231
11770,victoires,0.3270,0.3485
11771,parlait,0.3269,0.4062
11772,n'avoir,0.3268,0.2925
11773,rentra,0.3268,0.3574
11774,incident,0.3267,0.3613
11775,soyez,0.3267,0.3118
11776,egyptiens,0.3267,0.3545
11777,moins,0.3266,0.3970
11778,rapportée,0.3266,0.3618
11779,donné,0.3266,0.4029
11780,magnifique,0.3266,0.3815
11781,leur,0.3264,0.3355
11782,devons,0.3264,0.3234
11783,farine,0.3263,0.3365
11784,triomphes,0.3262,0.4120
11785,violet,0.3262,0.3039
11786,études,0.3262,0.3468
11787,rivage,0.3259,0.3605
11788,conduisit,0.3259,0.3127
11789,magnificence,0.3258,0.3394
11790,septentrion,0.3258,0.2826
11791,sibi,0.3258,0.3717
11792,prendrez,0.3258,0.3296
11793,distinguées,0.3258,0.4193
11794,servi,0.3257,0.3468
11795,annuellement,0.3257,0.3781
11796,legibus,0.3257,0.3283
11797,manoeuvre,0.3256,0.3925
11798,saura,0.3256,0.4077
11799,communique,0.3256,0.3785
11800,richesses,0.3256,0.3224
11801,igitur,0.3255,0.3683
11802,vero,0.3254,0.3870
11803,juifs,0.3254,0.3521
11804,poires,0.3254,0.3330
11805,rapporté,0.3254,0.4170
11806,aulli,0.3253,0.3541
11807,théatre,0.3253,0.4040
11808,assemblée,0.3253,0.3567
11809,terrein,0.3253,0.3253
11810,prendront,0.3252,0.3491
11811,l'amour,0.3252,0.3767
11812,portait,0.3252,0.4733
11813,omnium,0.3251,0.4010
11814,envoyés,0.3251,0.3548
11815,fête,0.3250,0.3981
11816,primum,0.3250,0.3363
11817,n'aura,0.3250,0.3449
11818,vos,0.3249,0.3283
11819,sait,0.3249,0.3164
11820,conjure,0.3248,0.3112
11821,c'eit,0.3248,0.3106
11822,vôtres,0.3248,0.3362
11823,remit,0.3248,0.3495
11824,enfant,0.3247,0.4092
11825,armée,0.3247,0.3559
11826,m'ait,0.3247,0.3173
11827,arme,0.3247,0.4336
11828,exigent,0.3247,0.3263
11829,mémoire,0.3245,0.3762
11830,cachez,0.3245,0.3732
11831,cherchent,0.3244,0.3150
11832,espece,0.3244,0.2940
11833,calcul,0.3243,0.3981
11834,graisse,0.3241,0.3669
11835,illud,0.3241,0.3493
11836,arrivée,0.3241,0.3797
11837,consoler,0.3240,0.3469
11838,cuisse,0.3240,0.3756
11839,leurs,0.3240,0.2937
11840,moutons,0.3239,0.2885
11841,céder,0.3239,0.3299
11842,rivages,0.3239,0.3361
11843,papes,0.3239,0.3418
11844,laisseroit,0.3239,0.4016
11845,lorsqu'elle,0.3238,0.3300
11846,eadem,0.3238,0.3803
11847,idée,0.3238,0.3308
11848,repousser,0.3237,0.4316
11849,second,0.3237,0.3642
11850,jettent,0.3237,0.2849
11851,offrit,0.3236,0.3433
11852,idole,0.3235,0.3782
11853,souviens,0.3235,0.3502
11854,jouiront,0.3235,0.3772
11855,bouquet,0.3235,0.4092
11856,sentoit,0.3234,0.3022
11857,quelles,0.3233,0.3702
11858,amore,0.3232,0.3035
11859,diverfes,0.3232,0.4253
11860,onr,0.3230,0.3664
11861,hôtel,0.3229,0.4012
11862,esprit,0.3229,0.3543
11863,manus,0.3228,0.3471
11864,diminue,0.3228,0.3784
11865,où,0.3227,0.3553
11866,philosophes,0.3227,0.3471
11867,chevilles,0.3227,0.3535
11868,qu'on,0.3226,0.3317
11869,remises,0.3226,0.3889
11870,frein,0.3224,0.4055
11871,aulfi,0.3223,0.4326
11872,forment,0.3223,0.3371
11873,j'aurai,0.3222,0.3870
11874,femelle,0.3221,0.4055
11875,croirai,0.3221,0.2751
11876,virent,0.3220,0.3293
11877,eit,0.3220,0.3356
11878,appelloient,0.3220,0.3275
11879,tandem,0.3219,0.3103
11880,renferme,0.3219,0.3321
11881,nullo,0.3219,0.3264
11882,sylla,0.3218,0.3516
11883,dife,0.3218,0.3231
11884,caufé,0.3217,0.3526
11885,profits,0.3216,0.3814
11886,fâché,0.3215,0.3764
11887,fuerit,0.3215,0.3591
11888,compagnes,0.3214,0.3431
11889,aifé,0.3212,0.3328
11890,vinrent,0.3212,0.3270
11891,enfermée,0.3212,0.3943
11892,plantes,0.3212,0.3817
11893,donnerai,0.3212,0.3116
11894,expliquer,0.3211,0.3654
11895,abfence,0.3211,0.3021
11896,debet,0.3211,0.3490
11897,parloient,0.3210,0.3792
11898,périr,0.3210,0.3093
11899,détermine,0.3210,0.3951
11900,amies,0.3210,0.3702
11901,renfermée,0.3209,0.4278
11902,jusqu'a,0.3206,0.3601
11903,hac,0.3206,0.4077
11904,circa,0.3205,0.3846
11905,femmes,0.3205,0.3909
11906,éprouve,0.3205,0.3526
11907,servit,0.3205,0.3227
11908,couches,0.3205,0.3864
11909,paquet,0.3205,0.4178
11910,quam,0.3204,0.4515
11911,cens,0.3204,0.4022
11912,succéder,0.3204,0.4289
11913,peau,0.3204,0.3450
11914,maison,0.3203,0.3359
11915,préférer,0.3203,0.4244
11916,raisins,0.3202,0.3379
11917,l'église,0.3201,0.4602
11918,dieu,0.3201,0.3813
11919,payoit,0.3199,0.4242
11920,volunt,0.3199,0.2498
11921,j'allois,0.3198,0.3672
11922,autorité,0.3198,0.3312
11923,foyons,0.3197,0.3228
11924,sculpteurs,0.3197,0.4187
11925,fidèles,0.3196,0.4267
11926,laissai,0.3196,0.3358
11927,causée,0.3195,0.4088
11928,xiii,0.3195,0.4798
11929,voiture,0.3195,0.4569
11930,appellée,0.3194,0.2989
11931,engagée,0.3194,0.3977
11932,prétendoient,0.3194,0.3357
11933,tunc,0.3193,0.3828
11934,fept,0.3193,0.3922
11935,tombe,0.3193,0.3461
11936,oportet,0.3192,0.3145
11937,venger,0.3191,0.3306
11938,assez,0.3191,0.3848
11939,pria,0.3190,0.3230
11940,divers,0.3190,0.3413
11941,ls,0.3188,0.4224
11942,l'avoue,0.3188,0.3011
11943,vantent,0.3187,0.3959
11944,prétends,0.3187,0.3119
11945,croyent,0.3187,0.2872
11946,déplaire,0.3186,0.3983
11947,ancres,0.3186,0.4022
11948,tanquam,0.3184,0.3065
11949,présentent,0.3183,0.3354
11950,ies,0.3182,0.3806
11951,situées,0.3182,0.3562
11952,nullum,0.3180,0.3216
11953,m'imagine,0.3179,0.3064
11954,day,0.3179,0.2614
11955,bâtimens,0.3178,0.4531
11956,solum,0.3177,0.3272
11957,barons,0.3176,0.3627
11958,unum,0.3176,0.3434
11959,mette,0.3176,0.3296
11960,heures,0.3175,0.3738
11961,vérification,0.3174,0.4050
11962,m'aime,0.3173,0.3334
11963,rochers,0.3171,0.2995
11964,fleurs,0.3171,0.3688
11965,google,0.3170,0.2102
11966,fecit,0.3170,0.3521
11967,cercueil,0.3168,0.4269
11968,laissoient,0.3168,0.3193
11969,l'espagne,0.3168,0.3538
11970,ecrivains,0.3165,0.2761
11971,osa,0.3165,0.4265
11972,eté,0.3165,0.3461
11973,tantum,0.3165,0.3280
11974,ecrivain,0.3165,0.2939
11975,retourner,0.3164,0.3162
11976,chose,0.3164,0.3082
11977,disoit,0.3164,0.3751
11978,situé,0.3164,0.3513
11979,parloit,0.3161,0.4263
11980,entendit,0.3161,0.3538
11981,prendroit,0.3160,0.3686
11982,dessous,0.3160,0.3177
11983,loi,0.3159,0.3202
11984,acquisition,0.3158,0.3806
11985,l'avons,0.3158,0.3197
11986,n'êtes,0.3157,0.3203
11987,voilà,0.3156,0.3788
11988,alias,0.3155,0.3720
11989,écu,0.3154,0.3213
11990,navire,0.3152,0.3141
11991,nobis,0.3150,0.4036
11992,allé,0.3150,0.3513
11993,hujus,0.3150,0.3460
11994,sixième,0.3149,0.4261
11995,quelques,0.3148,0.3908
11996,désire,0.3147,0.3677
11997,fondée,0.3147,0.3105
11998,commerce,0.3147,0.4294
11999,s'être,0.3147,0.3070
12000,somme,0.3147,0.4215
12001,obéi,0.3147,0.4191
12002,etoient,0.3147,0.3423
12003,passoient,0.3146,0.3619
12004,substance,0.3146,0.3287
12005,idées,0.3145,0.3127
12006,appellé,0.3145,0.3745
12007,is,0.3144,0.4188
12008,sommes,0.3144,0.3801
12009,union,0.3143,0.3228
12010,fervi,0.3143,0.3491
12011,montagne,0.3143,0.3807
12012,aliter,0.3142,0.3215
12013,êre,0.3142,0.3521
12014,faison,0.3141,0.4314
12015,terram,0.3140,0.4882
12016,achevée,0.3140,0.4402
12017,verra,0.3139,0.3425
12018,appella,0.3137,0.3679
12019,d'empressement,0.3137,0.3262
12020,précepteur,0.3137,0.3596
12021,puise,0.3137,0.3228
12022,furent,0.3136,0.3198
12023,écuyer,0.3136,0.4349
12024,payé,0.3136,0.3536
12025,entré,0.3135,0.3545
12026,race,0.3135,0.3825
12027,produit,0.3134,0.3975
12028,vérités,0.3134,0.3262
12029,épaules,0.3134,0.3316
12030,l'image,0.3133,0.4071
12031,la,0.3132,0.3106
12032,porta,0.3130,0.3621
12033,allions,0.3129,0.3062
12034,itaque,0.3129,0.3594
12035,delà,0.3129,0.3653
12036,modique,0.3129,0.3361
12037,enchanté,0.3128,0.5342
12038,feuilles,0.3128,0.3139
12039,tiendroit,0.3127,0.3497
12040,espéce,0.3126,0.3069
12041,manqueront,0.3126,0.3390
12042,clle,0.3125,0.4026
12043,impositions,0.3124,0.3518
12044,évite,0.3124,0.4238
12045,s'et,0.3124,0.4382
12046,viennent,0.3123,0.3435
12047,demandera,0.3123,0.3679
12048,tranquillité,0.3122,0.3211
12049,fair,0.3122,0.3665
12050,vaches,0.3122,0.3218
12051,devrois,0.3121,0.3448
12052,mettre,0.3121,0.3365
12053,donn,0.3120,0.4007
12054,tenms,0.3119,0.4002
12055,disgrace,0.3119,0.4075
12056,secretaire,0.3118,0.3368
12057,donnerez,0.3117,0.3101
12058,tète,0.3117,0.4672
12059,tournant,0.3117,0.3449
12060,voulût,0.3116,0.2947
12061,rs,0.3116,0.4493
12062,mangé,0.3115,0.4610
12063,soyons,0.3114,0.3105
12064,ayons,0.3113,0.3277
12065,chrétiens,0.3113,0.3332
12066,legem,0.3113,0.3348
12067,mettroit,0.3112,0.3673
12068,signification,0.3112,0.4198
12069,prétendoit,0.3111,0.3400
12070,combattu,0.3110,0.3460
12071,caractère,0.3109,0.3132
12072,nc,0.3108,0.4072
12073,gouvernement,0.3107,0.3862
12074,venois,0.3107,0.4371
12075,ôté,0.3107,0.2747
12076,conformes,0.3107,0.4467
12077,courut,0.3107,0.3534
12078,croyais,0.3107,0.2601
12079,emploie,0.3106,0.3552
12080,croirois,0.3106,0.3136
12081,ayant,0.3106,0.2926
12082,s'attache,0.3106,0.3707
12083,souvent,0.3106,0.3476
12084,cuire,0.3104,0.3218
12085,prétendez,0.3104,0.3326
12086,reprit,0.3104,0.3537
12087,étais,0.3103,0.2948
12088,contraints,0.3103,0.3758
12089,l'aimable,0.3102,0.4289
12090,tenoit,0.3102,0.3322
12091,disent,0.3102,0.3201
12092,ouvrage,0.3101,0.3946
12093,verrons,0.3101,0.3221
12094,flamand,0.3101,0.3270
12095,manqueroit,0.3101,0.3124
12096,desire,0.3101,0.3836
12097,barils,0.3101,0.3476
12098,meum,0.3101,0.3362
12099,ir,0.3100,0.4276
12100,clous,0.3099,0.3749
12101,attaques,0.3098,0.3370
12102,donnât,0.3097,0.3643
12103,ferions,0.3097,0.2881
12104,les,0.3095,0.2548
12105,poésie,0.3095,0.4327
12106,n'ignoroit,0.3095,0.3144
12107,céfar,0.3094,0.4040
12108,allons,0.3094,0.3753
12109,villes,0.3094,0.3601
12110,dis,0.3094,0.3412
12111,languedoc,0.3094,0.3795
12112,sépare,0.3093,0.4016
12113,jaune,0.3093,0.2804
12114,écus,0.3093,0.3470
12115,événement,0.3092,0.3320
12116,tentatives,0.3091,0.3356
12117,voisines,0.3090,0.3579
12118,âme,0.3090,0.3154
12119,accorder,0.3090,0.3650
12120,escalier,0.3090,0.2952
12121,s'étendent,0.3089,0.3549
12122,resolution,0.3088,0.2476
12123,témoigna,0.3088,0.3814
12124,défaite,0.3087,0.3368
12125,délibérations,0.3086,0.3682
12126,éclat,0.3086,0.3689
12127,eam,0.3085,0.3634
12128,hunc,0.3084,0.3443
12129,boeuf,0.3084,0.3165
12130,chapeaux,0.3083,0.3581
12131,rembourser,0.3083,0.4194
12132,tombé,0.3083,0.3898
12133,bled,0.3082,0.3469
12134,formoient,0.3082,0.3343
12135,vitriol,0.3081,0.3825
12136,on,0.3080,0.3597
12137,l'ecriture,0.3079,0.3758
12138,cinquième,0.3077,0.2834
12139,ego,0.3077,0.4537
12140,noix,0.3077,0.3065
12141,puissances,0.3076,0.4097
12142,visage,0.3076,0.3757
12143,s'apperçoit,0.3076,0.3182
12144,jette,0.3076,0.3366
12145,pus,0.3075,0.3615
12146,cerf,0.3074,0.3859
12147,protestans,0.3073,0.4176
12148,way,0.3069,0.2927
12149,plancher,0.3069,0.3104
12150,prie,0.3068,0.3803
12151,arriva,0.3067,0.3720
12152,n'entend,0.3067,0.3839
12153,derrière,0.3066,0.3665
12154,volaille,0.3066,0.3671
12155,animi,0.3065,0.3031
12156,s'adresser,0.3065,0.4094
12157,ifle,0.3063,0.3866
12158,moment,0.3063,0.2771
12159,verum,0.3062,0.3123
12160,trouvois,0.3061,0.3246
12161,allerent,0.3061,0.2834
12162,procure,0.3060,0.3542
12163,cct,0.3058,0.3581
12164,étions,0.3058,0.3025
12165,apportée,0.3058,0.4146
12166,demoiselle,0.3057,0.3825
12167,laissée,0.3056,0.3786
12168,reçoivent,0.3056,0.2735
12169,differentes,0.3056,0.3172
12170,ouvrir,0.3053,0.3160
12171,l'angleterre,0.3053,0.3481
12172,cst,0.3053,0.3918
12173,tribuns,0.3052,0.3693
12174,vient,0.3052,0.4078
12175,administration,0.3052,0.3366
12176,plairoit,0.3051,0.3207
12177,tempore,0.3051,0.4108
12178,fermée,0.3050,0.3532
12179,usque,0.3050,0.4667
12180,occupez,0.3049,0.4340
12181,rendue,0.3049,0.3862
12182,vîmes,0.3048,0.2950
12183,hollandois,0.3048,0.3133
12184,commencé,0.3047,0.3523
12185,extrémité,0.3046,0.3002
12186,commençoit,0.3046,0.3529
12187,l'automne,0.3045,0.3593
12188,matières,0.3045,0.4030
12189,blanc,0.3044,0.3703
12190,vénus,0.3044,0.3808
12191,amante,0.3044,0.3318
12192,passa,0.3041,0.3232
12193,comte,0.3040,0.3634
12194,heros,0.3040,0.2620
12195,nemo,0.3039,0.3103
12196,payoient,0.3038,0.3601
12197,marius,0.3038,0.3432
12198,amans,0.3036,0.3246
12199,fuite,0.3036,0.3830
12200,only,0.3035,0.2222
12201,auteurs,0.3035,0.2619
12202,prioit,0.3033,0.3912
12203,espagnols,0.3033,0.3184
12204,maitre,0.3031,0.3485
12205,bijoux,0.3030,0.3580
12206,servirent,0.3028,0.3069
12207,étiez,0.3028,0.3271
12208,passoit,0.3024,0.3579
12209,trouverons,0.3024,0.2765
12210,montrent,0.3021,0.2941
12211,ondes,0.3021,0.3255
12212,lieutenans,0.3020,0.3016
12213,secrétaire,0.3020,0.3708
12214,suffisoit,0.3020,0.4323
12215,xviii,0.3020,0.3044
12216,environnée,0.3019,0.3015
12217,sçauroit,0.3018,0.1777
12218,coupables,0.3017,0.3703
12219,lesquelles,0.3017,0.3787
12220,conseille,0.3017,0.2932
12221,orientales,0.3017,0.3036
12222,roi,0.3017,0.3063
12223,retrouve,0.3015,0.3644
12224,disois,0.3015,0.2959
12225,couvroit,0.3015,0.3987
12226,picce,0.3015,0.2829
12227,prunes,0.3014,0.2969
12228,montant,0.3014,0.3862
12229,connois,0.3013,0.3225
12230,tcms,0.3013,0.3149
12231,alloient,0.3012,0.3211
12232,pouvant,0.3012,0.3254
12233,acheter,0.3012,0.3559
12234,deinde,0.3012,0.3633
12235,dcs,0.3011,0.4353
12236,feriez,0.3011,0.3225
12237,ratio,0.3011,0.3474
12238,quantite,0.3010,0.4023
12239,provision,0.3010,0.4054
12240,commença,0.3009,0.3268
12241,ruisseaux,0.3007,0.3316
12242,célèbres,0.3005,0.3851
12243,perfonnes,0.3005,0.2366
12244,hollande,0.3004,0.4047
12245,laquais,0.3004,0.3576
12246,l'avoine,0.3003,0.3443
12247,contient,0.3002,0.3606
12248,mettent,0.3001,0.3422
12249,nuire,0.3001,0.3398
12250,helas,0.3001,0.2643
12251,quintus,0.3000,0.3919
12252,sembloit,0.3000,0.3404
12253,fauroient,0.2999,0.2669
12254,l'ile,0.2998,0.3784
12255,ah,0.2998,0.2893
12256,xvii,0.2998,0.3193
12257,entendoit,0.2998,0.3216
12258,serviroit,0.2997,0.3555
12259,libraires,0.2996,0.1955
12260,republique,0.2995,0.2270
12261,dicitur,0.2995,0.3601
12262,septieme,0.2994,0.3965
12263,d'olive,0.2994,0.3605
12264,aliquid,0.2994,0.3612
12265,quelquefois,0.2993,0.3363
12266,appartiennent,0.2993,0.3690
12267,liqueur,0.2993,0.3646
12268,habent,0.2992,0.3482
12269,cochon,0.2992,0.3575
12270,differens,0.2991,0.3825
12271,étes,0.2990,0.3579
12272,préféré,0.2990,0.4083
12273,milles,0.2990,0.3686
12274,s'étant,0.2989,0.3430
12275,ferma,0.2988,0.3520
12276,continua,0.2988,0.4353
12277,jetterent,0.2984,0.2939
12278,accorde,0.2983,0.3246
12279,quas,0.2983,0.4044
12280,aucune,0.2982,0.3371
12281,acheta,0.2982,0.3715
12282,aprcs,0.2982,0.3281
12283,facit,0.2981,0.3137
12284,valut,0.2980,0.4269
12285,fiis,0.2980,0.3602
12286,promit,0.2979,0.3318
12287,ouvrit,0.2978,0.3892
12288,fignification,0.2977,0.3812
12289,dc,0.2977,0.4650
12290,pièce,0.2977,0.2784
12291,apprennent,0.2977,0.2736
12292,catholiques,0.2976,0.4270
12293,l'on,0.2976,0.3471
12294,crut,0.2976,0.3302
12295,appelé,0.2976,0.4595
12296,title,0.2975,0.2396
12297,ame,0.2974,0.3251
12298,elles,0.2974,0.3535
12299,habits,0.2973,0.3680
12300,lcs,0.2973,0.4316
12301,l'occident,0.2973,0.2974
12302,crois,0.2972,0.3565
12303,blancheur,0.2971,0.3394
12304,convenir,0.2968,0.3780
12305,lui,0.2967,0.2720
12306,réponses,0.2967,0.3438
12307,agneaux,0.2967,0.3761
12308,aurions,0.2966,0.2953
12309,d'aucune,0.2966,0.3478
12310,n'osait,0.2965,0.3438
12311,capital,0.2965,0.4272
12312,voudra,0.2964,0.3350
12313,remets,0.2963,0.2953
12314,tenoient,0.2963,0.3177
12315,demanderent,0.2962,0.3382
12316,devriez,0.2962,0.2765
12317,aucun,0.2962,0.3178
12318,demoiselles,0.2962,0.4158
12319,voulez,0.2958,0.3289
12320,préparez,0.2958,0.3517
12321,rends,0.2957,0.3425
12322,jésus,0.2957,0.3912
12323,jouit,0.2957,0.3269
12324,remise,0.2957,0.3498
12325,n'ose,0.2956,0.3390
12326,viendra,0.2955,0.4012
12327,aprs,0.2954,0.3710
12328,entant,0.2954,0.2529
12329,considérer,0.2954,0.3445
12330,collège,0.2953,0.4351
12331,dot,0.2953,0.3270
12332,denique,0.2953,0.2983
12333,séparer,0.2952,0.3568
12334,donnait,0.2951,0.3650
12335,édifices,0.2951,0.2779
12336,cs,0.2951,0.4142
12337,cceur,0.2949,0.4479
12338,tuilée,0.2948,0.3300
12339,regem,0.2948,0.3825
12340,els,0.2947,0.3257
12341,courage,0.2946,0.3437
12342,une,0.2946,0.3077
12343,lumiere,0.2944,0.3487
12344,consiscation,0.2943,0.2594
12345,seconde,0.2943,0.3635
12346,aliis,0.2942,0.4588
12347,prélats,0.2941,0.3360
12348,l'infanterie,0.2940,0.3337
12349,seigneurs,0.2940,0.4033
12350,saison,0.2939,0.3468
12351,facere,0.2939,0.3643
12352,veritable,0.2938,0.2652
12353,restera,0.2938,0.3566
12354,l'aime,0.2938,0.3367
12355,devient,0.2937,0.2839
12356,matiere,0.2937,0.3190
12357,illius,0.2934,0.3255
12358,bords,0.2933,0.3074
12359,canelle,0.2933,0.2830
12360,l'orge,0.2933,0.3091
12361,centre,0.2933,0.3611
12362,orné,0.2932,0.3744
12363,suissent,0.2932,0.2638
12364,bâtie,0.2932,0.2996
12365,vivoient,0.2931,0.3433
12366,verbis,0.2930,0.3320
12367,dirai,0.2930,0.3126
12368,rubans,0.2930,0.3231
12369,vobis,0.2929,0.3818
12370,mettoit,0.2928,0.3832
12371,le,0.2928,0.3030
12372,m'est,0.2928,0.2989
12373,aisément,0.2927,0.4153
12374,demandoient,0.2926,0.2884
12375,épouvantable,0.2926,0.3902
12376,aimoit,0.2925,0.3439
12377,puissantes,0.2924,0.3786
12378,escadre,0.2924,0.3916
12379,qu'elle,0.2923,0.3148
12380,l'étoient,0.2921,0.2921
12381,cft,0.2920,0.3291
12382,jugeoit,0.2918,0.2961
12383,retrouver,0.2914,0.3970
12384,you,0.2914,0.2214
12385,grâce,0.2913,0.3577
12386,peit,0.2913,0.4110
12387,l'intention,0.2912,0.4082
12388,trre,0.2912,0.4332
12389,valoit,0.2908,0.3429
12390,ôte,0.2907,0.3068
12391,ville,0.2907,0.3864
12392,cro,0.2906,0.3105
12393,locus,0.2906,0.3137
12394,omnis,0.2904,0.3282
12395,d'aucun,0.2903,0.3885
12396,différents,0.2903,0.3491
12397,xxvi,0.2901,0.3278
12398,refusez,0.2901,0.2980
12399,remboursement,0.2900,0.3504
12400,établir,0.2899,0.3323
12401,illam,0.2898,0.3019
12402,laisse,0.2897,0.3648
12403,m'être,0.2897,0.3408
12404,mange,0.2896,0.3569
12405,pigeons,0.2896,0.3613
12406,adhuc,0.2895,0.2999
12407,tablettes,0.2893,0.3886
12408,cru,0.2893,0.3262
12409,éloignez,0.2893,0.3680
12410,féjour,0.2892,0.3534
12411,portugais,0.2890,0.3336
12412,prière,0.2889,0.3781
12413,confirmée,0.2888,0.3123
12414,magistrats,0.2886,0.3798
12415,revinrent,0.2886,0.3476
12416,animo,0.2886,0.3525
12417,plaisent,0.2886,0.3158
12418,cela,0.2883,0.3666
12419,fieri,0.2883,0.3447
12420,had,0.2882,0.3025
12421,l'ont,0.2882,0.3580
12422,diamans,0.2882,0.2806
12423,mars,0.2880,0.2877
12424,allèrent,0.2878,0.3149
12425,prenoient,0.2878,0.2788
12426,deviendront,0.2878,0.4038
12427,tuum,0.2877,0.3470
12428,etes,0.2875,0.3225
12429,apr,0.2872,0.3835
12430,anglois,0.2871,0.3084
12431,colere,0.2869,0.3366
12432,iont,0.2869,0.3167
12433,dénomination,0.2867,0.3965
12434,him,0.2865,0.2631
12435,donneront,0.2863,0.3571
12436,jugent,0.2863,0.2856
12437,demandoit,0.2863,0.3133
12438,hais,0.2859,0.2873
12439,locum,0.2857,0.3269
12440,voyoient,0.2856,0.2978
12441,ressemble,0.2855,0.3304
12442,environs,0.2854,0.3270
12443,particulière,0.2854,0.3839
12444,loy,0.2854,0.2713
12445,ipse,0.2854,0.3596
12446,effroyable,0.2853,0.3646
12447,trompez,0.2853,0.3078
12448,institution,0.2852,0.3817
12449,jeté,0.2852,0.3425
12450,perds,0.2851,0.2838
12451,hanc,0.2851,0.3606
12452,m'ayant,0.2850,0.3414
12453,etrangers,0.2850,0.3290
12454,resta,0.2849,0.3422
12455,it,0.2847,0.3958
12456,qu'un,0.2847,0.3621
12457,dixit,0.2847,0.2876
12458,traitoit,0.2847,0.3933
12459,mettrez,0.2845,0.3114
12460,nièce,0.2845,0.2979
12461,après,0.2844,0.2931
12462,entends,0.2842,0.3039
12463,située,0.2842,0.2834
12464,qu'une,0.2842,0.3643
12465,rappelle,0.2842,0.3735
12466,avantures,0.2840,0.2318
12467,entra,0.2840,0.3151
12468,matin,0.2837,0.3482
12469,mît,0.2834,0.2941
12470,faisaient,0.2832,0.3048
12471,permettra,0.2831,0.4831
12472,t'ai,0.2831,0.3103
12473,endroits,0.2829,0.2796
12474,considence,0.2827,0.4509
12475,j'eusse,0.2827,0.2598
12476,plains,0.2826,0.2761
12477,illis,0.2826,0.3461
12478,observations,0.2826,0.3401
12479,particulières,0.2823,0.3414
12480,força,0.2823,0.3321
12481,quidquid,0.2820,0.3001
12482,succéda,0.2820,0.2993
12483,partirent,0.2819,0.3975
12484,côtes,0.2819,0.3629
12485,n'aiment,0.2819,0.3588
12486,descendit,0.2818,0.3669
12487,dequoi,0.2818,0.2044
12488,piece,0.2816,0.3081
12489,graines,0.2816,0.3450
12490,hambourg,0.2815,0.3619
12491,répond,0.2814,0.3119
12492,amant,0.2812,0.3125
12493,decret,0.2811,0.2295
12494,hominem,0.2811,0.3402
12495,particulieres,0.2808,0.3440
12496,lesdites,0.2807,0.2853
12497,vitam,0.2806,0.2816
12498,offrir,0.2806,0.3064
12499,eorum,0.2806,0.3981
12500,lumière,0.2805,0.3743
12501,son,0.2803,0.2850
12502,enim,0.2803,0.3622
12503,jefus,0.2802,0.3175
12504,n'aurez,0.2802,0.2644
12505,st,0.2801,0.3848
12506,refusé,0.2800,0.3115
12507,longtems,0.2799,0.3783
12508,apperçoit,0.2798,0.2845
12509,dirois,0.2798,0.2995
12510,acheté,0.2795,0.3374
12511,boeufs,0.2795,0.2836
12512,cherché,0.2794,0.3358
12513,ami,0.2791,0.3258
12514,prendra,0.2791,0.3263
12515,cté,0.2789,0.3643
12516,jugeront,0.2788,0.3129
12517,tient,0.2786,0.3336
12518,rester,0.2786,0.3056
12519,sacrifie,0.2786,0.3530
12520,synode,0.2785,0.2812
12521,renfermé,0.2782,0.3872
12522,cujus,0.2781,0.3677
12523,supplie,0.2781,0.3120
12524,éte,0.2781,0.3232
12525,pensez,0.2780,0.3308
12526,prît,0.2780,0.3084
12527,réponds,0.2780,0.3062
12528,ie,0.2780,0.4169
12529,cherchoient,0.2779,0.3493
12530,fermé,0.2779,0.3442
12531,bouillir,0.2778,0.3127
12532,montagnes,0.2776,0.2973
12533,gagnent,0.2774,0.3823
12534,fraix,0.2774,0.3661
12535,rencontrent,0.2772,0.2866
12536,beurre,0.2772,0.3214
12537,vallées,0.2771,0.3264
12538,c'ell,0.2770,0.3007
12539,voûte,0.2768,0.3294
12540,paroître,0.2768,0.3303
12541,mere,0.2765,0.3448
12542,étendue,0.2765,0.3137
12543,scilicet,0.2763,0.3194
12544,surpris,0.2763,0.3334
12545,crédit,0.2762,0.3353
12546,château,0.2761,0.3022
12547,etoit,0.2760,0.3470
12548,venu,0.2758,0.3205
12549,generale,0.2758,0.2561
12550,adore,0.2758,0.3021
12551,démarches,0.2758,0.3082
12552,efi,0.2758,0.3088
12553,paroissoit,0.2757,0.3118
12554,voulais,0.2755,0.2541
12555,comprends,0.2753,0.2742
12556,étc,0.2753,0.3494
12557,mettrai,0.2751,0.3274
12558,fallut,0.2751,0.2927
12559,posez,0.2750,0.2790
12560,devez,0.2747,0.2833
12561,entouré,0.2747,0.3189
12562,qui,0.2746,0.2925
12563,prit,0.2746,0.3675
12564,onze,0.2746,0.3054
12565,eu,0.2745,0.2866
12566,rendez,0.2744,0.2793
12567,cinquieme,0.2743,0.3140
12568,débiteur,0.2743,0.3156
12569,c'el,0.2741,0.2867
12570,jesus,0.2740,0.2972
12571,couté,0.2740,0.3190
12572,propriétaires,0.2739,0.3324
12573,upon,0.2739,0.2629
12574,aîné,0.2739,0.3029
12575,quoiqu'elle,0.2738,0.2870
12576,regarda,0.2738,0.3165
12577,mettoient,0.2738,0.2773
12578,affreuse,0.2737,0.3808
12579,espagne,0.2737,0.3344
12580,permis,0.2736,0.3346
12581,ornée,0.2735,0.2842
12582,habet,0.2732,0.3889
12583,racines,0.2732,0.2981
12584,troupes,0.2732,0.3135
12585,douta,0.2731,0.2925
12586,troupe,0.2730,0.3041
12587,suffira,0.2729,0.3940
12588,debent,0.2728,0.3329
12589,chore,0.2727,0.2735
12590,puisent,0.2727,0.2549
12591,trouvé,0.2726,0.3795
12592,alios,0.2726,0.3567
12593,sembloient,0.2726,0.3278
12594,d'établir,0.2725,0.3547
12595,prenne,0.2724,0.2800
12596,favent,0.2723,0.2963
12597,francois,0.2723,0.3708
12598,cousine,0.2723,0.3179
12599,vendu,0.2721,0.3259
12600,poète,0.2720,0.3903
12601,vint,0.2719,0.3111
12602,habeat,0.2718,0.2945
12603,demanda,0.2716,0.2896
12604,dirent,0.2716,0.2784
12605,mademoiselle,0.2713,0.3636
12606,deviez,0.2711,0.2702
12607,voulus,0.2711,0.2703
12608,ferez,0.2711,0.2961
12609,branche,0.2711,0.3004
12610,dire,0.2710,0.3004
12611,appartient,0.2708,0.3448
12612,productions,0.2707,0.3502
12613,prendrai,0.2705,0.2978
12614,chère,0.2704,0.3274
12615,order,0.2703,0.2065
12616,pû,0.2703,0.1972
12617,ferais,0.2703,0.2779
12618,d'avoine,0.2702,0.3421
12619,quamvis,0.2699,0.2894
12620,then,0.2698,0.2102
12621,aliquo,0.2698,0.3863
12622,grace,0.2693,0.4003
12623,m'étois,0.2692,0.2967
12624,dudit,0.2689,0.2480
12625,payent,0.2689,0.3158
12626,quoniam,0.2684,0.3633
12627,vallée,0.2684,0.3537
12628,avions,0.2684,0.3053
12629,diminution,0.2683,0.3275
12630,l'eau,0.2682,0.3508
12631,nommoit,0.2682,0.3240
12632,offrent,0.2680,0.3141
12633,soeurs,0.2679,0.2883
12634,persuadé,0.2679,0.3424
12635,d'orge,0.2679,0.3078
12636,histoires,0.2678,0.3128
12637,regles,0.2674,0.2799
12638,dut,0.2674,0.3985
12639,paroissent,0.2673,0.2801
12640,huile,0.2672,0.3665
12641,dira,0.2672,0.3012
12642,valent,0.2672,0.3620
12643,rives,0.2668,0.2867
12644,aufi,0.2667,0.4225
12645,aime,0.2666,0.3129
12646,collines,0.2666,0.2985
12647,vît,0.2664,0.3037
12648,trois,0.2663,0.3210
12649,j'étois,0.2661,0.3311
12650,before,0.2660,0.1988
12651,lesdits,0.2657,0.2582
12652,ravir,0.2656,0.3347
12653,dicere,0.2656,0.2936
12654,esté,0.2655,0.2105
12655,deuxieme,0.2653,0.4001
12656,videntur,0.2652,0.2899
12657,tombeau,0.2652,0.3437
12658,devions,0.2650,0.2686
12659,vendredi,0.2650,0.2617
12660,jolie,0.2649,0.3364
12661,j'aie,0.2649,0.2723
12662,regle,0.2644,0.3529
12663,prions,0.2644,0.2837
12664,who,0.2641,0.2496
12665,pouces,0.2640,0.3216
12666,revint,0.2636,0.2470
12667,dépense,0.2634,0.3517
12668,poème,0.2633,0.3532
12669,venoient,0.2633,0.2972
12670,filles,0.2631,0.2949
12671,vais,0.2627,0.3442
12672,pierreries,0.2627,0.3161
12673,fait,0.2627,0.3266
12674,contraint,0.2624,0.2865
12675,donneroit,0.2622,0.2794
12676,n'etoit,0.2620,0.2966
12677,pintes,0.2620,0.3362
12678,portoient,0.2618,0.2982
12679,rendroit,0.2617,0.3499
12680,doutoit,0.2617,0.2798
12681,majeste,0.2616,0.2897
12682,femme,0.2616,0.3353
12683,poètes,0.2615,0.2845
12684,trouvèrent,0.2614,0.2825
12685,recu,0.2613,0.4007
12686,l'ayant,0.2613,0.3302
12687,n'aime,0.2613,0.2691
12688,voudriez,0.2611,0.2728
12689,s'agit,0.2611,0.2664
12690,aye,0.2611,0.2363
12691,l'hiver,0.2610,0.2973
12692,filius,0.2607,0.4016
12693,viens,0.2602,0.3488
12694,reste,0.2601,0.3352
12695,xxiii,0.2600,0.2709
12696,diminué,0.2597,0.3462
12697,marquis,0.2593,0.3364
12698,permettent,0.2593,0.3259
12699,arbre,0.2592,0.3482
12700,cinquante,0.2591,0.2745
12701,répliqua,0.2590,0.2986
12702,négocians,0.2590,0.3114
12703,n'étoit,0.2589,0.2628
12704,histoire,0.2589,0.3598
12705,m'étoit,0.2587,0.2796
12706,réflexions,0.2585,0.3172
12707,foir,0.2584,0.3573
12708,cents,0.2584,0.3481
12709,durant,0.2583,0.3126
12710,chapeau,0.2583,0.3291
12711,successeurs,0.2582,0.2554
12712,lorsqu'on,0.2582,0.3418
12713,trouvai,0.2582,0.2777
12714,neuf,0.2580,0.2894
12715,retourna,0.2580,0.2732
12716,répondit,0.2578,0.2872
12717,étonné,0.2575,0.2854
12718,fussent,0.2574,0.2500
12719,longueur,0.2573,0.3065
12720,donnoit,0.2573,0.2621
12721,l'eglise,0.2570,0.3408
12722,pieces,0.2567,0.3095
12723,demandé,0.2566,0.2670
12724,serment,0.2566,0.3691
12725,règle,0.2565,0.3346
12726,agitation,0.2565,0.3296
12727,appeler,0.2564,0.4529
12728,tens,0.2564,0.2888
12729,existe,0.2559,0.3562
12730,vîte,0.2559,0.3007
12731,selon,0.2557,0.3021
12732,auteur,0.2557,0.3049
12733,eusse,0.2555,0.2966
12734,parvint,0.2555,0.3892
12735,vite,0.2554,0.3107
12736,unus,0.2549,0.3231
12737,desdites,0.2549,0.2874
12738,prenoit,0.2547,0.2927
12739,fermer,0.2543,0.3061
12740,seriez,0.2542,0.2399
12741,droite,0.2540,0.4309
12742,samedi,0.2540,0.2470
12743,treize,0.2538,0.2641
12744,n'e,0.2536,0.2957
12745,donne,0.2536,0.3061
12746,d'octobre,0.2535,0.2224
12747,quefois,0.2533,0.2663
12748,donnèrent,0.2532,0.2717
12749,répondirent,0.2532,0.2880
12750,election,0.2528,0.2729
12751,aurois,0.2527,0.2557
12752,mon,0.2525,0.2704
12753,remède,0.2525,0.3229
12754,vautre,0.2524,0.3426
12755,s'étaient,0.2524,0.2934
12756,cochons,0.2524,0.3524
12757,habere,0.2524,0.3115
12758,isle,0.2521,0.3316
12759,puissions,0.2520,0.2562
12760,faisoit,0.2518,0.2550
12761,fromage,0.2518,0.3395
12762,saisions,0.2517,0.2934
12763,veut,0.2513,0.2775
12764,françois,0.2512,0.3987
12765,doive,0.2510,0.2434
12766,cettc,0.2509,0.3239
12767,ferai,0.2503,0.3108
12768,ofé,0.2503,0.2702
12769,pas,0.2502,0.2146
12770,mettront,0.2502,0.3128
12771,good,0.2500,0.2371
12772,évêque,0.2500,0.3461
12773,plaît,0.2500,0.2823
12774,frères,0.2496,0.3071
12775,pourrai,0.2496,0.2608
12776,croie,0.2491,0.3493
12777,de,0.2491,0.3191
12778,appelloit,0.2491,0.2618
12779,seigle,0.2490,0.2722
12780,scire,0.2489,0.2032
12781,pendant,0.2489,0.2858
12782,desdits,0.2486,0.2622
12783,remarques,0.2485,0.3474
12784,n'eut,0.2479,0.2718
12785,n'auront,0.2479,0.2836
12786,guenois,0.2477,0.2640
12787,étoir,0.2473,0.3030
12788,neuvième,0.2472,0.2610
12789,find,0.2472,0.1977
12790,parut,0.2472,0.2857
12791,escadrons,0.2471,0.2439
12792,vaut,0.2466,0.3749
12793,ose,0.2465,0.2887
12794,portoit,0.2464,0.3540
12795,laissoit,0.2463,0.2820
12796,siecles,0.2461,0.2419
12797,evêques,0.2461,0.2990
12798,péril,0.2460,0.2893
12799,augmentation,0.2459,0.3775
12800,chapitre,0.2457,0.3828
12801,fîmes,0.2456,0.2400
12802,author,0.2455,0.1827
12803,tiges,0.2455,0.2956
12804,juan,0.2454,0.2843
12805,êtes,0.2454,0.2985
12806,search,0.2453,0.1753
12807,donna,0.2452,0.2788
12808,muscade,0.2450,0.2521
12809,cetre,0.2449,0.3256
12810,graces,0.2449,0.3396
12811,chaloupes,0.2447,0.3587
12812,hélas,0.2446,0.2817
12813,appartement,0.2446,0.2661
12814,firent,0.2443,0.2778
12815,quinze,0.2443,0.2663
12816,coté,0.2442,0.2851
12817,voulaient,0.2441,0.2990
12818,trouveront,0.2439,0.2742
12819,fournissent,0.2437,0.3113
12820,cét,0.2434,0.2758
12821,opération,0.2434,0.3475
12822,créancier,0.2431,0.2803
12823,l'ai,0.2431,0.2949
12824,s'est,0.2429,0.3168
12825,erre,0.2428,0.2604
12826,published,0.2423,0.2087
12827,modern,0.2423,0.1791
12828,elt,0.2422,0.2572
12829,gauche,0.2422,0.3692
12830,soin,0.2420,0.3013
12831,manières,0.2418,0.2738
12832,permettoit,0.2417,0.2950
12833,entière,0.2417,0.3903
12834,ai,0.2416,0.3192
12835,croyoient,0.2415,0.2419
12836,fidem,0.2410,0.2998
12837,vingt,0.2409,0.2934
12838,feraient,0.2404,0.3957
12839,oui,0.2402,0.3298
12840,alla,0.2402,0.2592
12841,pieds,0.2400,0.2585
12842,ailes,0.2399,0.2928
12843,grâces,0.2399,0.3396
12844,hommages,0.2399,0.2864
12845,s'agissoit,0.2395,0.2537
12846,foin,0.2395,0.3324
12847,peux,0.2393,0.3243
12848,m'eût,0.2393,0.2379
12849,vaisseaux,0.2392,0.3050
12850,t'a,0.2392,0.2982
12851,pere,0.2389,0.2810
12852,terns,0.2386,0.2647
12853,great,0.2382,0.2294
12854,pères,0.2379,0.3524
12855,époux,0.2377,0.2432
12856,espèces,0.2376,0.2980
12857,archevêque,0.2375,0.2562
12858,serons,0.2374,0.2540
12859,du,0.2374,0.3055
12860,voudrait,0.2372,0.3174
12861,medecin,0.2372,0.3120
12862,amour,0.2367,0.2714
12863,remet,0.2367,0.3398
12864,prends,0.2366,0.2858
12865,pourrez,0.2362,0.2934
12866,d'avril,0.2360,0.2156
12867,rot,0.2360,0.3012
12868,puissiez,0.2357,0.2969
12869,neveu,0.2354,0.2708
12870,pièces,0.2352,0.2921
12871,église,0.2351,0.3445
12872,italie,0.2349,0.3030
12873,parents,0.2348,0.2756
12874,temns,0.2346,0.3055
12875,verroit,0.2343,0.2785
12876,dois,0.2342,0.2684
12877,nest,0.2339,0.3079
12878,siécles,0.2338,0.2298
12879,premieres,0.2330,0.2933
12880,purent,0.2329,0.2653
12881,fâchée,0.2326,0.3048
12882,semblent,0.2326,0.3022
12883,regardoit,0.2325,0.2601
12884,marchandises,0.2325,0.3059
12885,octobre,0.2324,0.2215
12886,j'aurois,0.2323,0.2749
12887,démontrer,0.2316,0.3261
12888,aventure,0.2312,0.2306
12889,paie,0.2308,0.4024
12890,froment,0.2307,0.2776
12891,henri,0.2306,0.2703
12892,soins,0.2306,0.2654
12893,oncle,0.2305,0.2751
12894,huitième,0.2305,0.2477
12895,rivière,0.2303,0.2478
12896,colère,0.2300,0.2808
12897,l'avoir,0.2300,0.2467
12898,expressions,0.2299,0.2550
12899,bataillons,0.2296,0.2536
12900,premiere,0.2295,0.2568
12901,troisieme,0.2293,0.2739
12902,prières,0.2291,0.2932
12903,j'étais,0.2291,0.2671
12904,dernieres,0.2290,0.3006
12905,lont,0.2289,0.2263
12906,croient,0.2289,0.2496
12907,diverses,0.2288,0.2790
12908,joueurs,0.2287,0.2829
12909,devra,0.2286,0.4023
12910,d'hollande,0.2283,0.3078
12911,pourrois,0.2280,0.2528
12912,voudront,0.2279,0.2782
12913,obligés,0.2278,0.2302
12914,croit,0.2277,0.2995
12915,n'avaient,0.2274,0.2549
12916,premières,0.2273,0.3178
12917,opérations,0.2273,0.2812
12918,parens,0.2273,0.3010
12919,servoient,0.2272,0.2265
12920,espèce,0.2271,0.2862
12921,savoit,0.2271,0.3175
12922,très,0.2271,0.2936
12923,pourvoient,0.2268,0.2534
12924,impossible,0.2263,0.2899
12925,des,0.2263,0.2157
12926,mardi,0.2259,0.2314
12927,avait,0.2254,0.2264
12928,trouvera,0.2254,0.2311
12929,courrier,0.2252,0.2532
12930,trouverent,0.2252,0.2517
12931,choie,0.2250,0.2578
12932,credit,0.2246,0.2358
12933,n'cst,0.2245,0.2624
12934,fît,0.2244,0.2565
12935,forcé,0.2241,0.2851
12936,peintres,0.2241,0.3115
12937,troisième,0.2239,0.3278
12938,appelle,0.2236,0.2333
12939,operations,0.2234,0.2594
12940,quatre,0.2231,0.3095
12941,donnoient,0.2229,0.2091
12942,data,0.2228,0.3101
12943,dernière,0.2227,0.2838
12944,étoient,0.2226,0.2697
12945,auriez,0.2224,0.2537
12946,evêque,0.2224,0.2990
12947,rendirent,0.2222,0.2636
12948,manieres,0.2221,0.2821
12949,j'avois,0.2219,0.2360
12950,world,0.2217,0.1911
12951,vont,0.2214,0.3171
12952,règne,0.2213,0.3381
12953,printems,0.2211,0.2730
12954,structure,0.2207,0.2332
12955,fumes,0.2206,0.2300
12956,vouliez,0.2206,0.2569
12957,voyoit,0.2199,0.2305
12958,osé,0.2197,0.2312
12959,jeudi,0.2196,0.2148
12960,soient,0.2194,0.2493
12961,dernières,0.2193,0.3086
12962,fimes,0.2189,0.2563
12963,plait,0.2187,0.2721
12964,batimens,0.2187,0.3269
12965,voit,0.2186,0.2872
12966,cinq,0.2186,0.2899
12967,veux,0.2182,0.2750
12968,nomme,0.2180,0.2385
12969,lois,0.2179,0.5151
12970,l'auroit,0.2178,0.2306
12971,siécle,0.2178,0.2553
12972,mercredi,0.2177,0.2527
12973,étaient,0.2177,0.2283
12974,serez,0.2175,0.2548
12975,navires,0.2173,0.2698
12976,nulla,0.2172,0.2635
12977,demandai,0.2171,0.2661
12978,serai,0.2167,0.2220
12979,largeur,0.2166,0.2358
12980,frere,0.2165,0.2645
12981,démontré,0.2164,0.3437
12982,diner,0.2162,0.3390
12983,moments,0.2162,0.2698
12984,rems,0.2161,0.2302
12985,fis,0.2159,0.2910
12986,servoit,0.2157,0.2258
12987,trouvoit,0.2157,0.2573
12988,maître,0.2156,0.3102
12989,lundi,0.2151,0.2211
12990,especes,0.2151,0.3039
12991,scene,0.2151,0.3232
12992,horrible,0.2150,0.2908
12993,devois,0.2149,0.2093
12994,privilège,0.2144,0.3437
12995,devront,0.2143,0.3195
12996,alloit,0.2140,0.2655
12997,trouve,0.2139,0.2884
12998,était,0.2139,0.2465
12999,pourrons,0.2138,0.2291
13000,faurois,0.2138,0.2257
13001,payement,0.2137,0.2938
13002,mouvements,0.2131,0.3317
13003,siége,0.2130,0.2710
13004,première,0.2126,0.2726
13005,aisé,0.2123,0.2448
13006,m'avoir,0.2123,0.2270
13007,venoit,0.2121,0.3157
13008,forfaits,0.2120,0.3194
13009,s'étoient,0.2119,0.2934
13010,rivières,0.2112,0.2640
13011,j'avais,0.2108,0.2479
13012,aviez,0.2102,0.2330
13013,pourrais,0.2100,0.1984
13014,pourra,0.2099,0.2648
13015,vu,0.2099,0.2665
13016,foule,0.2098,0.3009
13017,https,0.2097,0.1379
13018,serions,0.2093,0.2453
13019,c'efi,0.2092,0.2759
13020,fervent,0.2087,0.2601
13021,m'a,0.2086,0.2603
13022,servent,0.2086,0.3074
13023,d'août,0.2086,0.2156
13024,n'eit,0.2084,0.1877
13025,êrre,0.2081,0.2352
13026,mère,0.2079,0.2617
13027,sera,0.2074,0.2299
13028,siècle,0.2070,0.3555
13029,états,0.2070,0.4096
13030,l'été,0.2069,0.2914
13031,pouvais,0.2068,0.2265
13032,pouvois,0.2067,0.2211
13033,trouva,0.2065,0.2440
13034,évêques,0.2056,0.3536
13035,voulurent,0.2054,0.2236
13036,goldsmithsâ,0.2050,0.0922
13037,printemps,0.2049,0.2681
13038,pourriez,0.2046,0.2083
13039,fissent,0.2044,0.2669
13040,devrait,0.2043,0.3026
13041,qfm,0.2040,0.1372
13042,trouvâmes,0.2039,0.2297
13043,cctte,0.2036,0.2745
13044,croyoit,0.2034,0.2409
13045,trouveroient,0.2033,0.2274
13046,trouveroit,0.2029,0.2612
13047,n'ell,0.2027,0.2281
13048,serais,0.2023,0.2188
13049,quatorze,0.2021,0.2333
13050,serait,0.2013,0.2196
13051,pouvions,0.2013,0.2181
13052,donnera,0.2010,0.2771
13053,paiement,0.2008,0.3617
13054,n'avez,0.2005,0.2100
13055,apres,0.2000,0.2864
13056,impostures,0.1987,0.2763
13057,trouvait,0.1986,0.3044
13058,l'aurois,0.1984,0.2177
13059,voudrois,0.1982,0.2531
13060,momens,0.1978,0.2627
13061,éroit,0.1978,0.2453
13062,literature,0.1975,0.1261
13063,eussiez,0.1971,0.2325
13064,donnent,0.1970,0.3294
13065,auront,0.1965,0.2487
13066,j'aurais,0.1962,0.2504
13067,quatrième,0.1957,0.2396
13068,vaisseau,0.1957,0.2552
13069,ferois,0.1957,0.2582
13070,fus,0.1954,0.2723
13071,n'eût,0.1954,0.1883
13072,l'eût,0.1946,0.2337
13073,faudrait,0.1945,0.2718
13074,illum,0.1944,0.2108
13075,per,0.1943,0.1776
13076,veulent,0.1937,0.2394
13077,va,0.1933,0.2533
13078,allait,0.1930,0.2865
13079,trouvoient,0.1928,0.2247
13080,privilèges,0.1928,0.2779
13081,saurais,0.1926,0.2506
13082,l'avaient,0.1926,0.2948
13083,faisoient,0.1925,0.2137
13084,marquez,0.1923,0.2443
13085,n'ayant,0.1921,0.2282
13086,n'aurois,0.1919,0.1978
13087,derniere,0.1918,0.3201
13088,différentes,0.1917,0.2624
13089,règles,0.1916,0.2607
13090,pussent,0.1915,0.1781
13091,obligé,0.1913,0.2353
13092,quotient,0.1912,0.2486
13093,sauroient,0.1906,0.2432
13094,auroit,0.1904,0.2659
13095,pein,0.1903,0.2486
13096,dîner,0.1898,0.2434
13097,père,0.1895,0.2703
13098,ocm,0.1892,0.1469
13099,achat,0.1891,0.2103
13100,avons,0.1889,0.2910
13101,pouviez,0.1886,0.2483
13102,voudrais,0.1886,0.2220
13103,avril,0.1883,0.2235
13104,avais,0.1882,0.2796
13105,douze,0.1878,0.2497
13106,n'aurions,0.1877,0.2021
13107,j'ai,0.1870,0.2605
13108,aura,0.1870,0.2665
13109,sont,0.1867,0.2386
13110,saurois,0.1855,0.2530
13111,être,0.1848,0.2161
13112,eût,0.1842,0.1700
13113,pourrions,0.1841,0.1841
13114,etre,0.1839,0.3353
13115,fuis,0.1837,0.2724
13116,difficile,0.1836,0.2161
13117,n'el,0.1835,0.2320
13118,un,0.1828,0.2361
13119,facile,0.1828,0.2308
13120,avois,0.1826,0.2278
13121,étoit,0.1825,0.2396
13122,voulait,0.1822,0.2294
13123,pourront,0.1812,0.2607
13124,différens,0.1812,0.2550
13125,auraient,0.1805,0.2316
13126,fûmes,0.1803,0.2076
13127,s'était,0.1801,0.2092
13128,l'avait,0.1799,0.2135
13129,août,0.1799,0.1973
13130,voulois,0.1793,0.2296
13131,fût,0.1791,0.1949
13132,venait,0.1789,0.3085
13133,seraient,0.1784,0.2441
13134,c'ef,0.1778,0.2158
13135,n'ayent,0.1777,0.1689
13136,siècles,0.1774,0.2280
13137,êtrc,0.1771,0.2711
13138,privileges,0.1767,0.2619
13139,trouvent,0.1756,0.1893
13140,n'avions,0.1756,0.1915
13141,pouvons,0.1752,0.2185
13142,faudra,0.1751,0.2307
13143,trente,0.1750,0.2095
13144,dût,0.1749,0.1872
13145,l'avois,0.1745,0.2045
13146,l'a,0.1743,0.2269
13147,voudroient,0.1742,0.1980
13148,n'est,0.1742,0.2066
13149,observé,0.1740,0.3245
13150,n'efl,0.1732,0.2192
13151,voulut,0.1728,0.2525
13152,n'cft,0.1719,0.1995
13153,huit,0.1718,0.2287
13154,devaient,0.1715,0.2485
13155,avaient,0.1713,0.2252
13156,c'et,0.1707,0.2112
13157,vouloient,0.1704,0.2071
13158,serois,0.1695,0.1814
13159,avoient,0.1691,0.1741
13160,fumier,0.1688,0.2084
13161,jeta,0.1685,0.3047
13162,pouvaient,0.1678,0.2195
13163,m'avait,0.1659,0.2467
13164,mamelé,0.1658,0.1753
13165,eut,0.1655,0.1850
13166,l'avoit,0.1651,0.2092
13167,faut,0.1630,0.1879
13168,n'avais,0.1626,0.2363
13169,suis,0.1618,0.2483
13170,aurais,0.1616,0.2179
13171,feroit,0.1607,0.2251
13172,falloir,0.1605,0.2847
13173,m'avoit,0.1602,0.2220
13174,pleurs,0.1602,0.2334
13175,souper,0.1600,0.2186
13176,fille,0.1595,0.2201
13177,library,0.1586,0.1575
13178,bnf,0.1584,0.1152
13179,ne,0.1579,0.1527
13180,seroient,0.1570,0.1974
13181,saurait,0.1569,0.2367
13182,fauroit,0.1563,0.1543
13183,c'elt,0.1561,0.2067
13184,jetta,0.1557,0.2306
13185,enfants,0.1555,0.2865
13186,pouvez,0.1552,0.2126
13187,dû,0.1550,0.2792
13188,n'auroient,0.1543,0.1667
13189,faudroit,0.1539,0.1866
13190,puissent,0.1534,0.1691
13191,jeter,0.1523,0.2976
13192,vit,0.1523,0.2272
13193,image,0.1512,0.1664
13194,janvier,0.1503,0.1697
13195,enfans,0.1498,0.2723
13196,voudroit,0.1497,0.2111
13197,duc,0.1484,0.1451
13198,ark,0.1484,0.1136
13199,scène,0.1481,0.1378
13200,frère,0.1479,0.2187
13201,priviléges,0.1476,0.2109
13202,l'avoient,0.1471,0.1943
13203,soeur,0.1466,0.2103
13204,devoient,0.1462,0.1896
13205,eussent,0.1459,0.1615
13206,s'étoit,0.1456,0.1709
13207,puisse,0.1452,0.1710
13208,vouloit,0.1448,0.2015
13209,n'eussent,0.1439,0.1526
13210,n'avons,0.1435,0.1814
13211,rend,0.1434,0.2153
13212,font,0.1433,0.1671
13213,n'avait,0.1429,0.1848
13214,mit,0.1424,0.1703
13215,devait,0.1414,0.1872
13216,kress,0.1412,0.0540
13217,n'ai,0.1397,0.1789
13218,n'aurait,0.1396,0.1811
13219,teins,0.1396,0.2041
13220,maniere,0.1395,0.1988
13221,avez,0.1393,0.1988
13222,n'avoient,0.1391,0.1522
13223,est,0.1387,0.1769
13224,devroient,0.1383,0.1804
13225,fallait,0.1381,0.1960
13226,pu,0.1374,0.1894
13227,pourraient,0.1374,0.2248
13228,n'étaient,0.1371,0.2229
13229,février,0.1362,0.1682
13230,n'était,0.1351,0.2242
13231,feroient,0.1342,0.1935
13232,seroit,0.1332,0.1916
13233,n'auroit,0.1328,0.1703
13234,falloit,0.1311,0.1670
13235,auroient,0.1307,0.1964
13236,quarante,0.1306,0.1944
13237,juin,0.1299,0.1418
13238,n'avois,0.1290,0.1519
13239,fera,0.1283,0.1825
13240,aurait,0.1272,0.1841
13241,peut,0.1272,0.1267
13242,devroit,0.1265,0.1721
13243,ctre,0.1256,0.1801
13244,feu,0.1254,0.1116
13245,sauroit,0.1249,0.1755
13246,novembre,0.1241,0.1394
13247,ayent,0.1232,0.1661
13248,n'avoit,0.1229,0.1516
13249,devoit,0.1227,0.1706
13250,n'ont,0.1226,0.1636
13251,tôt,0.1224,0.0994
13252,n'aient,0.1211,0.1602
13253,lieux,0.1194,0.1189
13254,doit,0.1193,0.1714
13255,septembre,0.1189,0.1393
13256,n'efi,0.1184,0.1718
13257,put,0.1177,0.1616
13258,avoit,0.1174,0.1850
13259,manière,0.1166,0.1811
13260,economics,0.1163,0.0578
13261,pourrait,0.1161,0.1847
13262,don,0.1158,0.1378
13263,n'et,0.1153,0.1371
13264,juillet,0.1135,0.1291
13265,pouvoient,0.1135,0.1528
13266,n'étoient,0.1126,0.1409
13267,cet,0.1100,0.1064
13268,mer,0.1099,0.1264
13269,saint,0.1094,0.1120
13270,peuvent,0.1072,0.1354
13271,fin,0.1066,0.1013
13272,aient,0.1058,0.1511
13273,nom,0.1035,0.1003
13274,feront,0.1034,0.1835
13275,bas,0.1032,0.1132
13276,n'elt,0.1031,0.1313
13277,n'ef,0.1024,0.1193
13278,pourroit,0.1002,0.1326
13279,doivent,0.1000,0.1622
13280,seront,0.0990,0.1849
13281,non,0.0975,0.0816
13282,bon,0.0960,0.0950
13283,décembre,0.0953,0.1671
13284,met,0.0946,0.1042
13285,quantité,0.0942,0.1170
13286,d'y,0.0934,0.1132
13287,vie,0.0934,0.0951
13288,pourroient,0.0933,0.1460
13289,ans,0.0933,0.0913
13290,mot,0.0925,0.1016
13291,pouvait,0.0923,0.1373
13292,temps,0.0900,0.2458
13293,unes,0.0861,0.0945
13294,pouvoit,0.0860,0.1340
13295,mis,0.0852,0.0852
13296,pût,0.0837,0.1035
13297,dit,0.0829,0.0854
13298,sous,0.0827,0.0958
13299,fous,0.0826,0.0826
13300,été,0.0813,0.0823
13301,étre,0.0800,0.1508
13302,uns,0.0786,0.0826
13303,ont,0.0785,0.0976
13304,tems,0.0768,0.1707
13305,fit,0.0724,0.0804
13306,fut,0.0721,0.0750
13307,n'y,0.0636,0.0699
13308,monograph,0.0634,0.0511
13309,primary,0.0576,0.0270
13310,ait,0.0555,0.0664
13311,document,0.0549,0.0534
13312,n'a,0.0295,0.0457
