rank,word,drift_global,drift_moyen
1,sor,1.0546,0.8131
2,linon,1.0240,0.6941
3,notice,1.0171,0.5716
4,raire,1.0078,0.7425
5,titube,1.0061,0.6715
6,strabon,1.0005,0.4656
7,bac,0.9936,0.6203
8,sup,0.9870,0.7272
9,dominant,0.9836,0.6313
10,déli,0.9827,0.7265
11,ras,0.9811,0.6302
12,curion,0.9734,0.6775
13,jule,0.9701,0.6212
14,hui,0.9674,0.7658
15,apelle,0.9670,0.5306
16,cons,0.9649,0.7312
17,naire,0.9603,0.7795
18,rement,0.9596,0.7311
19,fement,0.9535,0.7441
20,filon,0.9518,0.6766
21,toutefois,0.9508,0.7603
22,ôc,0.9505,0.8313
23,phe,0.9501,0.7080
24,vide,0.9479,0.5929
25,traitre,0.9466,0.6717
26,miere,0.9412,0.8209
27,contrit,0.9408,0.6926
28,auf,0.9401,0.7275
29,rem,0.9398,0.6976
30,manie,0.9391,0.7947
31,pen,0.9326,0.7649
32,recom,0.9325,0.6929
33,ruement,0.9304,0.7124
34,l'intrigue,0.9298,0.6062
35,sas,0.9291,0.7048
36,dubois,0.9276,0.6354
37,jurez,0.9270,0.5071
38,cepen,0.9266,0.7877
39,veu,0.9217,0.5797
40,secher,0.9215,0.7400
41,derechef,0.9205,0.7619
42,nat,0.9202,0.6476
43,pref,0.9196,0.7641
44,remontrer,0.9187,0.5290
45,surquoi,0.9185,0.7823
46,ré,0.9159,0.7197
47,favorablement,0.9139,0.7917
48,desormais,0.9119,0.7313
49,leger,0.9099,0.6514
50,celer,0.9098,0.7145
51,d'oeuvre,0.9094,0.6869
52,quité,0.9069,0.7800
53,tement,0.9048,0.6900
54,vides,0.9039,0.4684
55,l'es,0.9030,0.6951
56,roger,0.9023,0.5884
57,pro,0.9000,0.7096
58,l'ef,0.8996,0.8388
59,reflexion,0.8994,0.6551
60,traitez,0.8986,0.4298
61,conr,0.8975,0.6427
62,peller,0.8947,0.6112
63,pluton,0.8945,0.6059
64,reur,0.8944,0.7132
65,amé,0.8934,0.4630
66,marchez,0.8924,0.4920
67,tendante,0.8904,0.6790
68,plui,0.8902,0.7267
69,d'aussi,0.8896,0.8352
70,enco,0.8895,0.7463
71,l'occupation,0.8875,0.6426
72,chés,0.8875,0.5817
73,pof,0.8873,0.6178
74,mu,0.8871,0.7191
75,aus,0.8849,0.6695
76,pous,0.8839,0.8750
77,l'est,0.8832,0.7610
78,caron,0.8821,0.7462
79,princi,0.8820,0.7302
80,qu'encore,0.8798,0.7185
81,lement,0.8797,0.6635
82,moy,0.8792,0.5635
83,coutre,0.8790,0.6895
84,qualite,0.8783,0.5102
85,pleinement,0.8777,0.6246
86,l'ob,0.8777,0.7676
87,plane,0.8767,0.4899
88,pairement,0.8765,0.7255
89,sem,0.8755,0.7146
90,l'obéissance,0.8748,0.5526
91,para,0.8742,0.6992
92,repré,0.8740,0.7067
93,propos,0.8737,0.7450
94,prou,0.8735,0.7309
95,milord,0.8733,0.5863
96,meur,0.8727,0.6450
97,fondit,0.8726,0.6066
98,atten,0.8722,0.6165
99,bale,0.8722,0.6237
100,rité,0.8717,0.6784
101,sé,0.8717,0.7450
102,l'avenir,0.8710,0.8387
103,fidellement,0.8707,0.6753
104,nmme,0.8704,0.7112
105,rufien,0.8699,0.6417
106,satis,0.8697,0.4749
107,tran,0.8695,0.7148
108,vé,0.8695,0.6928
109,def,0.8684,0.7013
110,d'hui,0.8682,0.7892
111,pilier,0.8681,0.6442
112,l'em,0.8679,0.7171
113,nime,0.8675,0.7202
114,compa,0.8665,0.7284
115,rier,0.8662,0.6020
116,tif,0.8659,0.6406
117,ache,0.8642,0.7619
118,totalement,0.8636,0.5812
119,adroitement,0.8631,0.7683
120,hormis,0.8622,0.7993
121,sf,0.8621,0.5731
122,semblablement,0.8621,0.7716
123,turion,0.8617,0.6122
124,maternel,0.8616,0.5468
125,pensant,0.8613,0.8082
126,alliez,0.8608,0.4507
127,teur,0.8608,0.8128
128,gé,0.8603,0.7127
129,majorité,0.8602,0.4824
130,legrand,0.8602,0.6882
131,ruelle,0.8601,0.5878
132,rens,0.8599,0.7982
133,tume,0.8599,0.6848
134,conf,0.8595,0.6891
135,laire,0.8592,0.7117
136,eflt,0.8591,0.7045
137,sant,0.8590,0.7535
138,d'autorité,0.8589,0.7641
139,pos,0.8588,0.7182
140,neu,0.8577,0.6417
141,fè,0.8576,0.7428
142,sir,0.8575,0.6508
143,zircon,0.8575,0.7470
144,timon,0.8571,0.6871
145,passi,0.8570,0.5771
146,cornue,0.8565,0.7162
147,visité,0.8560,0.6174
148,falu,0.8560,0.7171
149,pé,0.8559,0.7037
150,fie,0.8559,0.7496
151,d'ignorance,0.8551,0.5738
152,lè,0.8544,0.7511
153,secondement,0.8541,0.7474
154,descartes,0.8537,0.6551
155,sinon,0.8535,0.7857
156,tez,0.8533,0.5541
157,traire,0.8531,0.6666
158,pae,0.8531,0.6140
159,souver,0.8529,0.7063
160,fiscal,0.8518,0.6125
161,reposée,0.8518,0.6261
162,claudius,0.8516,0.4605
163,trie,0.8516,0.7399
164,prop,0.8516,0.5792
165,poux,0.8513,0.6630
166,jans,0.8509,0.7446
167,sim,0.8507,0.7044
168,aisement,0.8501,0.6526
169,cer,0.8493,0.6586
170,exempt,0.8491,0.7511
171,qu'autrement,0.8490,0.7075
172,plutot,0.8489,0.6771
173,prefet,0.8489,0.6412
174,secretement,0.8480,0.6582
175,fy,0.8480,0.7150
176,omme,0.8480,0.6654
177,role,0.8471,0.7090
178,atta,0.8469,0.7090
179,tranquile,0.8468,0.5544
180,rive,0.8467,0.4898
181,nement,0.8462,0.6774
182,accessible,0.8457,0.7410
183,pretent,0.8457,0.7307
184,cout,0.8451,0.7637
185,lens,0.8445,0.7077
186,partagez,0.8440,0.4404
187,trille,0.8439,0.6228
188,d'après,0.8438,0.4977
189,trilles,0.8437,0.6333
190,una,0.8436,0.5902
191,reve,0.8435,0.7097
192,vrir,0.8434,0.6858
193,énormes,0.8431,0.4537
194,mo,0.8430,0.6543
195,l'ap,0.8430,0.7125
196,vio,0.8423,0.6320
197,glo,0.8415,0.6337
198,cointe,0.8413,0.7658
199,varier,0.8411,0.6469
200,tation,0.8410,0.6689
201,bor,0.8408,0.5761
202,victor,0.8407,0.5479
203,fuc,0.8407,0.6449
204,gouver,0.8407,0.6572
205,d'esprits,0.8406,0.5470
206,ainii,0.8402,0.7670
207,expres,0.8402,0.6506
208,effe,0.8399,0.4470
209,d'homme,0.8398,0.8111
210,remplacer,0.8398,0.6884
211,d'af,0.8388,0.7294
212,miner,0.8386,0.6250
213,pru,0.8382,0.6911
214,gement,0.8380,0.7319
215,infi,0.8379,0.6600
216,fim,0.8377,0.6620
217,pille,0.8372,0.6282
218,capi,0.8366,0.7015
219,vilaine,0.8354,0.6847
220,puissamment,0.8350,0.6704
221,particu,0.8348,0.7164
222,calife,0.8346,0.8185
223,dimi,0.8343,0.6382
224,volon,0.8337,0.6867
225,gent,0.8337,0.7661
226,mmne,0.8334,0.7157
227,primer,0.8334,0.6430
228,couple,0.8330,0.5828
229,l'inégalité,0.8325,0.7767
230,tordre,0.8324,0.7149
231,trans,0.8324,0.6309
232,em,0.8323,0.7359
233,offi,0.8321,0.5557
234,sub,0.8321,0.6298
235,fonc,0.8321,0.7494
236,chan,0.8318,0.7591
237,tan,0.8316,0.7274
238,duit,0.8315,0.6779
239,exi,0.8315,0.6355
240,cous,0.8314,0.6760
241,quoy,0.8314,0.6061
242,op,0.8312,0.7022
243,rentre,0.8312,0.7382
244,dement,0.8310,0.6215
245,griffe,0.8308,0.6754
246,fiance,0.8307,0.6021
247,amene,0.8306,0.5292
248,fice,0.8305,0.6547
249,gres,0.8303,0.6299
250,éloi,0.8299,0.6913
251,én,0.8299,0.7625
252,mira,0.8297,0.6416
253,qu'ensuite,0.8296,0.6467
254,stable,0.8291,0.5920
255,taux,0.8288,0.5312
256,fur,0.8287,0.6914
257,voeu,0.8286,0.4506
258,ciens,0.8284,0.7339
259,qu'outre,0.8278,0.6433
260,gué,0.8276,0.7250
261,gêne,0.8276,0.5130
262,rope,0.8274,0.5966
263,rain,0.8273,0.7034
264,és,0.8272,0.5174
265,l'agrément,0.8271,0.7536
266,oeuvre,0.8267,0.6867
267,élement,0.8266,0.7053
268,s'ap,0.8263,0.6985
269,reporter,0.8259,0.5477
270,communi,0.8257,0.6490
271,sieurs,0.8254,0.7891
272,leux,0.8253,0.7842
273,fleuri,0.8253,0.5398
274,repre,0.8249,0.7029
275,oire,0.8244,0.6114
276,tain,0.8240,0.6637
277,quille,0.8236,0.5880
278,pouvoir,0.8235,0.6846
279,cir,0.8233,0.6784
280,lue,0.8232,0.5561
281,yvoire,0.8227,0.6712
282,indi,0.8222,0.6764
283,mainte,0.8221,0.7248
284,pré,0.8221,0.7520
285,tein,0.8218,0.5618
286,nus,0.8214,0.6545
287,sûrement,0.8203,0.7745
288,dés,0.8198,0.6511
289,lence,0.8198,0.6928
290,boileau,0.8197,0.5514
291,vantage,0.8196,0.7274
292,bra,0.8196,0.6170
293,volontaires,0.8189,0.5526
294,foret,0.8189,0.5612
295,d'abus,0.8186,0.5498
296,tonner,0.8184,0.6861
297,couver,0.8182,0.6046
298,malheureusement,0.8180,0.5777
299,arrivez,0.8179,0.4779
300,l'ex,0.8178,0.7055
301,dé,0.8177,0.7689
302,dj,0.8176,0.5572
303,nal,0.8174,0.7039
304,d'âge,0.8170,0.7865
305,neanmoins,0.8169,0.6546
306,auifi,0.8166,0.7632
307,dè,0.8165,0.7587
308,sal,0.8164,0.6543
309,rais,0.8164,0.6229
310,avenir,0.8162,0.4787
311,poursuivant,0.8160,0.6820
312,pouf,0.8160,0.7260
313,jet,0.8156,0.6633
314,quelqu'une,0.8154,0.7737
315,viaire,0.8153,0.6318
316,fori,0.8151,0.6607
317,dio,0.8151,0.5614
318,pau,0.8147,0.7721
319,cene,0.8146,0.5569
320,inf,0.8145,0.6498
321,mef,0.8145,0.6895
322,ors,0.8143,0.6093
323,meu,0.8143,0.6740
324,confit,0.8140,0.5781
325,lig,0.8136,0.8104
326,l'ordinaire,0.8135,0.8095
327,présents,0.8135,0.6663
328,observez,0.8132,0.5522
329,fol,0.8129,0.5884
330,nant,0.8129,0.7686
331,rant,0.8128,0.6428
332,seur,0.8126,0.6409
333,l'oracle,0.8120,0.7536
334,mesme,0.8117,0.6986
335,gage,0.8112,0.8080
336,sou,0.8110,0.7418
337,che,0.8108,0.6940
338,allure,0.8108,0.5939
339,foli,0.8103,0.6333
340,ardemment,0.8100,0.7898
341,suiffe,0.8095,0.5603
342,ajoutez,0.8093,0.7314
343,apprens,0.8092,0.6606
344,nui,0.8091,0.6351
345,cre,0.8090,0.6026
346,tale,0.8088,0.5777
347,veille,0.8086,0.7280
348,commue,0.8085,0.6142
349,deçà,0.8084,0.6940
350,c'en,0.8084,0.7238
351,prin,0.8082,0.5876
352,sole,0.8082,0.5528
353,varron,0.8081,0.5841
354,lice,0.8079,0.6427
355,mode,0.8073,0.5637
356,décou,0.8071,0.7187
357,accordant,0.8071,0.4352
358,feur,0.8070,0.6009
359,pon,0.8069,0.6867
360,sement,0.8068,0.6121
361,ron,0.8068,0.6410
362,françoises,0.8067,0.5370
363,touc,0.8067,0.7359
364,cy,0.8061,0.6120
365,trefle,0.8061,0.5941
366,dere,0.8060,0.5932
367,fies,0.8060,0.6952
368,leut,0.8060,0.7728
369,bler,0.8059,0.6679
370,dence,0.8057,0.6267
371,l'egard,0.8054,0.6896
372,hor,0.8052,0.6234
373,xvi,0.8051,0.6722
374,olivier,0.8049,0.5745
375,chanoines,0.8047,0.7060
376,ban,0.8046,0.6667
377,auii,0.8043,0.6915
378,potion,0.8042,0.5999
379,ordi,0.8039,0.7318
380,éloignez,0.8039,0.3680
381,nô,0.8038,0.6240
382,teflon,0.8036,0.6435
383,l'experience,0.8026,0.7885
384,chanté,0.8023,0.6564
385,enfuit,0.8020,0.6699
386,préter,0.8020,0.6220
387,gilles,0.8018,0.5395
388,recueilli,0.8018,0.6235
389,voya,0.8017,0.6230
390,remar,0.8017,0.6289
391,fié,0.8015,0.7369
392,lions,0.8015,0.6275
393,mente,0.8015,0.5632
394,taine,0.8014,0.6925
395,mem,0.8014,0.6497
396,l'impuissance,0.8013,0.7581
397,préfet,0.8013,0.6364
398,l'exposer,0.8010,0.5661
399,mouvant,0.8008,0.5798
400,pli,0.8008,0.6301
401,rans,0.8006,0.6835
402,ordinal,0.8005,0.6387
403,ofi,0.8005,0.5913
404,commun,0.8004,0.7172
405,ivre,0.8003,0.6214
406,sen,0.8000,0.7426
407,rein,0.8000,0.6132
408,divorce,0.7998,0.5063
409,pourvue,0.7997,0.5546
410,corn,0.7996,0.6397
411,l'in,0.7996,0.7589
412,bb,0.7993,0.7283
413,suppliant,0.7992,0.6261
414,cte,0.7992,0.5903
415,l'intérieur,0.7987,0.5049
416,vident,0.7986,0.6274
417,acheve,0.7985,0.7148
418,commu,0.7983,0.6249
419,d'ac,0.7978,0.7360
420,extraordinairement,0.7977,0.6087
421,n'importe,0.7976,0.7607
422,chartre,0.7976,0.4450
423,posseder,0.7976,0.6975
424,perpétuité,0.7974,0.5198
425,aug,0.7973,0.6463
426,ga,0.7972,0.6313
427,ela,0.7968,0.6459
428,peri,0.7966,0.5779
429,qu'a,0.7965,0.6880
430,déposer,0.7964,0.5323
431,cle,0.7963,0.6608
432,ieux,0.7963,0.6278
433,informe,0.7960,0.5994
434,fuf,0.7957,0.7209
435,occa,0.7956,0.6110
436,plain,0.7956,0.6394
437,ferver,0.7956,0.6346
438,liberte,0.7952,0.5786
439,l'instruction,0.7952,0.5861
440,chai,0.7951,0.6075
441,vieux,0.7950,0.7796
442,courre,0.7948,0.6624
443,rous,0.7948,0.5932
444,dition,0.7947,0.6860
445,sin,0.7947,0.6282
446,sion,0.7947,0.6483
447,tiques,0.7946,0.6168
448,sauve,0.7945,0.5671
449,dicta,0.7944,0.4674
450,restez,0.7943,0.4727
451,demeu,0.7942,0.6641
452,dignement,0.7941,0.7795
453,unis,0.7941,0.4656
454,d'égard,0.7941,0.7610
455,condom,0.7940,0.5914
456,d'humeur,0.7939,0.4899
457,l'espece,0.7936,0.5746
458,droi,0.7933,0.5323
459,mnes,0.7932,0.6991
460,allier,0.7932,0.6251
461,pepin,0.7928,0.5525
462,encourage,0.7927,0.4684
463,parte,0.7925,0.6159
464,mouve,0.7925,0.6298
465,nent,0.7924,0.7309
466,velle,0.7924,0.6848
467,lion,0.7924,0.6435
468,l'indignation,0.7924,0.7452
469,formel,0.7923,0.5343
470,lif,0.7923,0.8178
471,truite,0.7922,0.6837
472,lent,0.7921,0.7863
473,miais,0.7919,0.7466
474,jui,0.7919,0.6532
475,pondre,0.7918,0.6826
476,dau,0.7917,0.5642
477,saci,0.7910,0.6568
478,nouveau,0.7909,0.7166
479,éga,0.7908,0.6246
480,fran,0.7907,0.7750
481,vellent,0.7905,0.5787
482,bris,0.7904,0.6799
483,tance,0.7904,0.6000
484,mm,0.7904,0.6004
485,flon,0.7903,0.6936
486,opéra,0.7901,0.5747
487,d'ajouter,0.7901,0.6614
488,tri,0.7899,0.6201
489,incon,0.7899,0.6555
490,l'oi,0.7899,0.6676
491,contin,0.7898,0.6066
492,aque,0.7898,0.5770
493,sus,0.7897,0.6330
494,vi,0.7896,0.6394
495,vail,0.7896,0.6860
496,nel,0.7895,0.6318
497,lors,0.7892,0.8379
498,iij,0.7892,0.7194
499,souve,0.7890,0.6857
500,site,0.7888,0.6687
501,cond,0.7888,0.5771
502,natu,0.7888,0.6625
503,d'avertir,0.7887,0.7083
504,dece,0.7887,0.6845
505,présentement,0.7885,0.7360
506,simple,0.7884,0.7371
507,pet,0.7884,0.5856
508,tâche,0.7883,0.6878
509,ntre,0.7882,0.5859
510,comi,0.7880,0.7077
511,nice,0.7878,0.5885
512,prévenus,0.7878,0.5017
513,dee,0.7878,0.6412
514,mittere,0.7877,0.5237
515,avants,0.7876,0.6348
516,regnent,0.7875,0.6900
517,luy,0.7870,0.4450
518,reaux,0.7867,0.5717
519,divi,0.7866,0.5951
520,d'in,0.7865,0.6861
521,id,0.7864,0.6306
522,tique,0.7862,0.6744
523,dins,0.7861,0.6083
524,paro,0.7861,0.5625
525,chaste,0.7861,0.5927
526,marquant,0.7859,0.6161
527,ments,0.7859,0.6359
528,lage,0.7856,0.6971
529,traitant,0.7855,0.6119
530,san,0.7852,0.6766
531,l'enceinte,0.7851,0.6522
532,recommence,0.7850,0.5446
533,peplus,0.7850,0.6807
534,duite,0.7850,0.6550
535,conmme,0.7848,0.6020
536,aiant,0.7847,0.5372
537,duire,0.7847,0.6421
538,ale,0.7847,0.6149
539,l'impossibilité,0.7845,0.6967
540,désormais,0.7844,0.6893
541,majeure,0.7843,0.6155
542,gence,0.7842,0.6276
543,l'embarras,0.7841,0.7713
544,raisonnablement,0.7840,0.7557
545,hors,0.7840,0.7858
546,blement,0.7839,0.7064
547,réglés,0.7839,0.5629
548,ters,0.7834,0.6361
549,vn,0.7833,0.6524
550,future,0.7832,0.7768
551,gueux,0.7830,0.7227
552,nois,0.7829,0.6692
553,poir,0.7829,0.5782
554,diverti,0.7827,0.6722
555,berté,0.7826,0.7249
556,paroîtra,0.7826,0.6828
557,éle,0.7824,0.6900
558,triment,0.7823,0.6484
559,sar,0.7821,0.6200
560,d'inquiétude,0.7820,0.6154
561,seu,0.7820,0.5684
562,pre,0.7818,0.7270
563,transport,0.7815,0.7225
564,pagne,0.7814,0.5951
565,hon,0.7814,0.6774
566,consi,0.7813,0.5926
567,prochain,0.7813,0.7729
568,gou,0.7813,0.6988
569,capitation,0.7812,0.5082
570,marcel,0.7810,0.5873
571,bailly,0.7809,0.5223
572,compo,0.7808,0.6425
573,d'au,0.7808,0.7387
574,apris,0.7805,0.5351
575,retenue,0.7804,0.5386
576,l'appui,0.7804,0.5735
577,sedan,0.7802,0.5940
578,van,0.7801,0.6630
579,mats,0.7800,0.6472
580,cois,0.7800,0.6087
581,queflion,0.7800,0.5184
582,penible,0.7800,0.7053
583,éta,0.7795,0.5739
584,l'ac,0.7792,0.7270
585,dv,0.7792,0.5261
586,ima,0.7791,0.6900
587,autrement,0.7791,0.8224
588,lib,0.7790,0.6217
589,fauf,0.7788,0.6947
590,voi,0.7788,0.5431
591,pies,0.7786,0.4872
592,consommer,0.7785,0.6553
593,nient,0.7781,0.6150
594,l'emploi,0.7778,0.5353
595,za,0.7778,0.5190
596,sonne,0.7777,0.6364
597,bn,0.7777,0.6438
598,mage,0.7776,0.6684
599,trai,0.7776,0.6442
600,ordonnez,0.7773,0.5118
601,rance,0.7773,0.6633
602,usances,0.7771,0.6799
603,mylord,0.7768,0.5859
604,eul,0.7760,0.6980
605,anti,0.7756,0.6353
606,rour,0.7755,0.6899
607,bri,0.7754,0.6070
608,d'a,0.7753,0.6162
609,emi,0.7752,0.5942
610,dez,0.7748,0.6309
611,cles,0.7748,0.6309
612,d'orient,0.7748,0.6653
613,commc,0.7747,0.6938
614,suiv,0.7747,0.6545
615,person,0.7747,0.6453
616,d'ef,0.7746,0.6143
617,ruption,0.7746,0.5906
618,timons,0.7745,0.6260
619,rele,0.7745,0.7026
620,fa,0.7743,0.6146
621,l'u,0.7743,0.6378
622,miers,0.7739,0.6690
623,vôtre,0.7737,0.6995
624,jugeant,0.7737,0.5488
625,ainli,0.7734,0.5752
626,onne,0.7733,0.6547
627,d'ex,0.7733,0.7092
628,dessein,0.7730,0.6901
629,dre,0.7729,0.6736
630,avi,0.7728,0.5981
631,entiérement,0.7725,0.5836
632,préferer,0.7722,0.6031
633,ali,0.7720,0.6397
634,lord,0.7720,0.5477
635,ser,0.7718,0.6945
636,cune,0.7717,0.6863
637,convie,0.7715,0.7191
638,lant,0.7714,0.6683
639,appellant,0.7712,0.5470
640,iais,0.7711,0.6726
641,arrière,0.7711,0.5764
642,doc,0.7711,0.5986
643,l'h,0.7710,0.6296
644,utique,0.7706,0.5867
645,comm,0.7705,0.6562
646,s'engage,0.7704,0.6866
647,l'orateur,0.7704,0.6100
648,l'ou,0.7703,0.7372
649,pens,0.7703,0.5703
650,tra,0.7702,0.7660
651,exprès,0.7701,0.7802
652,d'avancer,0.7699,0.5704
653,pire,0.7699,0.6331
654,comn,0.7696,0.6332
655,lam,0.7694,0.5711
656,lifte,0.7692,0.6633
657,affranchis,0.7692,0.5159
658,choi,0.7689,0.6432
659,att,0.7689,0.5987
660,traitement,0.7688,0.4366
661,nme,0.7688,0.6329
662,sp,0.7684,0.5753
663,entieres,0.7679,0.7053
664,recon,0.7679,0.6626
665,rebellion,0.7674,0.5301
666,personnellement,0.7673,0.6435
667,plin,0.7673,0.6061
668,eq,0.7673,0.6140
669,dars,0.7673,0.6800
670,pals,0.7672,0.6521
671,vifs,0.7670,0.6866
672,niais,0.7667,0.6762
673,étran,0.7666,0.7125
674,cé,0.7665,0.6747
675,aujour,0.7664,0.8157
676,correction,0.7663,0.6377
677,sau,0.7659,0.7383
678,fet,0.7658,0.6056
679,contrai,0.7657,0.6702
680,régie,0.7656,0.4886
681,l'esclavage,0.7655,0.5599
682,qu'ily,0.7654,0.8089
683,qu'u,0.7653,0.5779
684,fia,0.7653,0.5471
685,commune,0.7653,0.7294
686,seindre,0.7652,0.6260
687,mercure,0.7652,0.7022
688,cier,0.7652,0.6627
689,cement,0.7651,0.6078
690,souverainement,0.7649,0.7323
691,gez,0.7647,0.6133
692,mul,0.7646,0.5937
693,d'exercice,0.7646,0.6498
694,l'hon,0.7646,0.7405
695,fabriquer,0.7645,0.6668
696,supprimer,0.7645,0.4781
697,sacri,0.7642,0.6297
698,aisez,0.7640,0.6540
699,ven,0.7636,0.6293
700,tariere,0.7636,0.5797
701,retardement,0.7636,0.6467
702,pal,0.7635,0.6903
703,barre,0.7635,0.6257
704,peti,0.7634,0.6333
705,quar,0.7633,0.5987
706,formant,0.7633,0.4986
707,orner,0.7632,0.5978
708,paf,0.7630,0.7255
709,pa,0.7629,0.7272
710,plit,0.7629,0.6819
711,dona,0.7629,0.5933
712,mne,0.7627,0.5978
713,plaute,0.7627,0.6197
714,var,0.7627,0.6208
715,diffi,0.7621,0.6566
716,ede,0.7620,0.5759
717,sie,0.7618,0.6058
718,mence,0.7618,0.7411
719,adoré,0.7616,0.6499
720,veau,0.7615,0.7201
721,tion,0.7614,0.7216
722,live,0.7612,0.6311
723,régulier,0.7611,0.5123
724,charte,0.7611,0.4855
725,pié,0.7609,0.5291
726,atre,0.7609,0.5624
727,pons,0.7608,0.5977
728,tendant,0.7606,0.6046
729,dç,0.7605,0.7095
730,lais,0.7605,0.6812
731,ob,0.7604,0.6486
732,propo,0.7603,0.6000
733,scn,0.7603,0.6548
734,celi,0.7602,0.6516
735,hauts,0.7602,0.7190
736,virginie,0.7600,0.6223
737,intérieurs,0.7599,0.5791
738,l'âge,0.7598,0.7938
739,garde,0.7597,0.6781
740,dig,0.7594,0.5315
741,touchez,0.7593,0.5037
742,d'état,0.7593,0.5954
743,tentation,0.7593,0.5685
744,diffus,0.7592,0.5972
745,fauve,0.7592,0.6025
746,necessairement,0.7592,0.5842
747,quent,0.7592,0.6191
748,refe,0.7590,0.6133
749,obli,0.7590,0.7306
750,d'action,0.7589,0.6125
751,verges,0.7589,0.4996
752,provi,0.7588,0.6707
753,traîner,0.7587,0.6567
754,fidéle,0.7586,0.5751
755,cant,0.7585,0.6830
756,sil,0.7585,0.6222
757,quoi,0.7585,0.5694
758,demandeurs,0.7585,0.4380
759,rap,0.7582,0.6114
760,condi,0.7582,0.6296
761,paré,0.7581,0.7253
762,alle,0.7581,0.6031
763,reduits,0.7579,0.5651
764,siéme,0.7579,0.6160
765,encre,0.7577,0.6289
766,d'effet,0.7577,0.7220
767,intérieure,0.7575,0.5158
768,signa,0.7575,0.5759
769,ny,0.7575,0.5552
770,ref,0.7572,0.6584
771,lifez,0.7571,0.6544
772,éc,0.7569,0.6622
773,hector,0.7568,0.5973
774,souhait,0.7567,0.6473
775,tans,0.7567,0.6847
776,réalité,0.7567,0.4757
777,populaire,0.7567,0.5626
778,neur,0.7566,0.6661
779,titans,0.7565,0.5907
780,reconnoissances,0.7561,0.6747
781,maurice,0.7560,0.5769
782,actuelle,0.7560,0.5512
783,déformais,0.7559,0.5883
784,té,0.7559,0.5937
785,finon,0.7558,0.6350
786,tere,0.7557,0.6352
787,d'ordre,0.7556,0.6580
788,pare,0.7556,0.5784
789,l'agriculture,0.7556,0.5202
790,jointe,0.7556,0.6830
791,lequelles,0.7555,0.6747
792,gene,0.7554,0.6668
793,gran,0.7554,0.6885
794,ay,0.7552,0.4939
795,tranquilité,0.7551,0.6558
796,applicable,0.7551,0.4647
797,noblement,0.7550,0.6365
798,abord,0.7548,0.5446
799,pin,0.7547,0.5446
800,entier,0.7547,0.7235
801,coit,0.7545,0.6256
802,refait,0.7544,0.6689
803,tances,0.7544,0.5317
804,bli,0.7541,0.6730
805,lau,0.7541,0.6333
806,l'épreuve,0.7540,0.5469
807,notamment,0.7540,0.4685
808,d'honneurs,0.7540,0.6759
809,nmais,0.7538,0.7166
810,gie,0.7537,0.6616
811,vj,0.7537,0.7285
812,vies,0.7536,0.6775
813,imais,0.7536,0.7104
814,travaillant,0.7535,0.6073
815,caprice,0.7534,0.6661
816,inon,0.7534,0.7006
817,secrettement,0.7533,0.5814
818,detail,0.7533,0.5900
819,vice,0.7532,0.5893
820,infaillibles,0.7531,0.5821
821,contrefaire,0.7529,0.6721
822,l'observation,0.7528,0.5264
823,franchement,0.7526,0.7367
824,mire,0.7525,0.6460
825,judiciaire,0.7525,0.5839
826,dispo,0.7523,0.6624
827,nommez,0.7522,0.4588
828,qu'ailleurs,0.7521,0.6843
829,fan,0.7519,0.6621
830,tem,0.7519,0.6523
831,ponr,0.7518,0.6861
832,franche,0.7516,0.6968
833,libertinage,0.7516,0.5189
834,parceque,0.7514,0.6192
835,refie,0.7514,0.5863
836,nota,0.7513,0.5629
837,rel,0.7513,0.6575
838,britannique,0.7512,0.5855
839,nons,0.7511,0.5686
840,franc,0.7511,0.6157
841,chant,0.7511,0.5457
842,crain,0.7508,0.5825
843,ter,0.7506,0.6716
844,cere,0.7505,0.6129
845,velles,0.7505,0.6756
846,mée,0.7504,0.6284
847,ence,0.7503,0.6139
848,seulement,0.7502,0.6403
849,ina,0.7502,0.5394
850,notables,0.7497,0.4821
851,mêmc,0.7497,0.7336
852,querir,0.7496,0.6383
853,neutre,0.7496,0.6507
854,ement,0.7495,0.6394
855,fue,0.7495,0.6123
856,rime,0.7495,0.6198
857,l'iniquité,0.7494,0.6438
858,palme,0.7493,0.5408
859,d'où,0.7493,0.7446
860,ciers,0.7492,0.6616
861,dance,0.7492,0.6349
862,vien,0.7491,0.6213
863,zemble,0.7489,0.6276
864,rout,0.7488,0.6485
865,pagine,0.7487,0.6218
866,vre,0.7487,0.7371
867,re,0.7487,0.6364
868,tierce,0.7487,0.6428
869,refuite,0.7486,0.6655
870,remede,0.7486,0.6332
871,triple,0.7485,0.5902
872,qu'o,0.7485,0.6446
873,qu'aujourd'hui,0.7484,0.6670
874,délivrance,0.7483,0.6732
875,aufl,0.7482,0.6282
876,enée,0.7482,0.6673
877,pie,0.7482,0.6322
878,mou,0.7481,0.6768
879,incertain,0.7481,0.6997
880,cré,0.7480,0.6492
881,qua,0.7478,0.6060
882,l'entreprise,0.7478,0.4964
883,confi,0.7477,0.6522
884,ménie,0.7476,0.7001
885,neurs,0.7475,0.7850
886,desa,0.7474,0.6934
887,érant,0.7474,0.7130
888,d'usage,0.7471,0.4784
889,sai,0.7471,0.4651
890,defi,0.7471,0.6534
891,vague,0.7470,0.5223
892,dej,0.7470,0.6284
893,unifie,0.7469,0.6841
894,l'événement,0.7469,0.5373
895,librement,0.7468,0.5372
896,voy,0.7468,0.6422
897,ines,0.7468,0.5834
898,secondes,0.7467,0.5273
899,ori,0.7467,0.6032
900,conférence,0.7465,0.6322
901,auli,0.7465,0.4620
902,finalement,0.7465,0.8108
903,paroi,0.7464,0.6824
904,cha,0.7463,0.6660
905,champ,0.7462,0.7708
906,habi,0.7461,0.6436
907,monte,0.7460,0.4325
908,dains,0.7459,0.6224
909,fes,0.7459,0.4995
910,charpentiers,0.7458,0.5506
911,d'entreprendre,0.7458,0.6710
912,lai,0.7457,0.5948
913,mobile,0.7454,0.6295
914,dij,0.7454,0.6965
915,propre,0.7454,0.6680
916,fu,0.7454,0.6343
917,sei,0.7451,0.6786
918,aujourd,0.7451,0.8208
919,minime,0.7451,0.5412
920,quelqu,0.7450,0.5565
921,leu,0.7449,0.6436
922,orte,0.7449,0.6289
923,oc,0.7448,0.6915
924,ferve,0.7447,0.5310
925,con,0.7446,0.6546
926,comptez,0.7445,0.6580
927,approuve,0.7445,0.4831
928,d'ap,0.7445,0.6306
929,capa,0.7444,0.6818
930,bicn,0.7443,0.6046
931,préalablement,0.7443,0.6591
932,ours,0.7442,0.5869
933,enflé,0.7440,0.6344
934,instance,0.7440,0.7167
935,remuant,0.7440,0.5119
936,avee,0.7440,0.7570
937,qu'cn,0.7439,0.6488
938,qu'afin,0.7438,0.5675
939,privation,0.7438,0.6204
940,injurieux,0.7437,0.5608
941,baille,0.7437,0.5960
942,rempart,0.7437,0.5477
943,vraies,0.7436,0.4635
944,l'ignorance,0.7436,0.5151
945,appeliez,0.7436,0.4276
946,daus,0.7435,0.7088
947,eft,0.7435,0.6052
948,ché,0.7434,0.6809
949,rete,0.7434,0.7298
950,ior,0.7434,0.5138
951,alte,0.7433,0.6200
952,roles,0.7433,0.6161
953,cde,0.7433,0.5775
954,vils,0.7432,0.4212
955,dia,0.7431,0.6188
956,s'cn,0.7430,0.6222
957,fouiller,0.7429,0.6516
958,etranger,0.7428,0.6696
959,faic,0.7428,0.5760
960,écri,0.7428,0.6216
961,futur,0.7427,0.6199
962,séance,0.7427,0.6775
963,tre,0.7426,0.5871
964,ronne,0.7426,0.6089
965,premierement,0.7425,0.6380
966,ides,0.7424,0.6006
967,vivante,0.7424,0.7864
968,nostre,0.7423,0.6555
969,rite,0.7423,0.6825
970,moin,0.7422,0.6600
971,ties,0.7421,0.6490
972,l'et,0.7420,0.6623
973,pitre,0.7416,0.6525
974,jouant,0.7415,0.5596
975,dent,0.7415,0.6667
976,continence,0.7415,0.6832
977,ger,0.7414,0.7046
978,personnel,0.7413,0.4828
979,forme,0.7413,0.6799
980,l'é,0.7412,0.7610
981,utre,0.7410,0.6220
982,indépendamment,0.7407,0.4954
983,nais,0.7407,0.7113
984,pece,0.7405,0.4768
985,rétablit,0.7405,0.6238
986,mé,0.7405,0.6916
987,songe,0.7404,0.7277
988,ès,0.7404,0.5298
989,allés,0.7404,0.5472
990,quadruple,0.7403,0.5150
991,indispensable,0.7402,0.4565
992,proses,0.7402,0.6454
993,bayes,0.7401,0.5115
994,finement,0.7401,0.6484
995,l'espace,0.7400,0.7463
996,volontiers,0.7399,0.7945
997,çois,0.7399,0.6326
998,malte,0.7399,0.7099
999,chargez,0.7397,0.4860
1000,nelle,0.7397,0.6669
1001,d'espace,0.7397,0.6943
1002,vii,0.7396,0.6704
1003,etc,0.7395,0.5876
1004,convention,0.7395,0.4865
1005,fac,0.7395,0.5359
1006,soli,0.7395,0.6200
1007,rets,0.7394,0.6736
1008,constamment,0.7393,0.5970
1009,stance,0.7392,0.6595
1010,guer,0.7391,0.6717
1011,vaux,0.7391,0.6346
1012,liers,0.7391,0.6265
1013,entiére,0.7390,0.5826
1014,oins,0.7390,0.6427
1015,siu,0.7389,0.6484
1016,accom,0.7389,0.6816
1017,généralité,0.7389,0.7272
1018,patris,0.7389,0.4803
1019,annonce,0.7388,0.3811
1020,dant,0.7387,0.7757
1021,d'apparence,0.7386,0.7643
1022,jusqu'où,0.7386,0.7697
1023,consistance,0.7385,0.6372
1024,l'aide,0.7383,0.5467
1025,l'invention,0.7381,0.7291
1026,hu,0.7380,0.6364
1027,der,0.7380,0.7184
1028,accoutumé,0.7380,0.6257
1029,troc,0.7379,0.5958
1030,aini,0.7378,0.6658
1031,moire,0.7377,0.6247
1032,tat,0.7376,0.5936
1033,forn,0.7375,0.6942
1034,salut,0.7374,0.4790
1035,vres,0.7372,0.6680
1036,nager,0.7371,0.6937
1037,ten,0.7370,0.6034
1038,james,0.7369,0.5667
1039,fonts,0.7368,0.6241
1040,manquant,0.7368,0.6964
1041,dp,0.7367,0.6306
1042,paya,0.7366,0.6870
1043,l'o,0.7366,0.6791
1044,run,0.7365,0.5492
1045,toire,0.7364,0.6514
1046,rne,0.7363,0.5552
1047,dien,0.7362,0.6270
1048,tiroir,0.7362,0.6134
1049,sc,0.7361,0.7234
1050,duroit,0.7360,0.5336
1051,im,0.7360,0.6693
1052,von,0.7360,0.6675
1053,rion,0.7360,0.6748
1054,partant,0.7358,0.6022
1055,préference,0.7357,0.6107
1056,rififi,0.7356,0.6768
1057,ty,0.7355,0.5823
1058,pren,0.7353,0.7191
1059,permettons,0.7353,0.6052
1060,leure,0.7352,0.7060
1061,rée,0.7352,0.6566
1062,pitoyable,0.7351,0.7205
1063,conti,0.7350,0.7318
1064,inde,0.7350,0.4940
1065,ea,0.7349,0.5893
1066,mec,0.7349,0.6217
1067,mant,0.7349,0.6827
1068,religieuses,0.7348,0.4422
1069,lec,0.7348,0.5860
1070,ex,0.7348,0.6496
1071,sure,0.7347,0.5769
1072,trom,0.7347,0.6541
1073,doubler,0.7347,0.5521
1074,aue,0.7347,0.6668
1075,ustion,0.7347,0.5632
1076,d'abord,0.7346,0.7224
1077,ture,0.7345,0.6368
1078,marque,0.7345,0.7448
1079,ombrage,0.7345,0.7097
1080,veulement,0.7344,0.7194
1081,peutêtre,0.7344,0.6405
1082,sia,0.7344,0.5619
1083,ceque,0.7344,0.6787
1084,deces,0.7343,0.6918
1085,lée,0.7343,0.5918
1086,vic,0.7343,0.5904
1087,contagion,0.7342,0.5280
1088,po,0.7341,0.6352
1089,patte,0.7340,0.5668
1090,civilité,0.7339,0.6135
1091,d'avance,0.7339,0.5345
1092,pale,0.7338,0.7016
1093,habitant,0.7338,0.6375
1094,l'attente,0.7337,0.5794
1095,nies,0.7336,0.6718
1096,toute,0.7336,0.6859
1097,exa,0.7335,0.6211
1098,aifément,0.7334,0.5821
1099,just,0.7334,0.5217
1100,nié,0.7332,0.5654
1101,lorique,0.7332,0.7022
1102,d'armée,0.7332,0.6452
1103,frit,0.7332,0.6448
1104,gner,0.7332,0.6332
1105,tine,0.7332,0.6823
1106,avancez,0.7331,0.5166
1107,l'opposition,0.7330,0.4976
1108,jon,0.7329,0.6014
1109,faute,0.7329,0.7634
1110,quai,0.7328,0.5398
1111,venter,0.7328,0.6415
1112,voire,0.7328,0.7110
1113,avide,0.7328,0.5259
1114,l'oisiveté,0.7327,0.5605
1115,populo,0.7327,0.4961
1116,notable,0.7326,0.5329
1117,dée,0.7326,0.6374
1118,vince,0.7325,0.6153
1119,toui,0.7325,0.6660
1120,opposans,0.7325,0.4793
1121,lé,0.7324,0.7070
1122,gui,0.7324,0.5832
1123,revolution,0.7324,0.6027
1124,engage,0.7322,0.5970
1125,particul,0.7322,0.5627
1126,gains,0.7321,0.4600
1127,piques,0.7321,0.4696
1128,devin,0.7320,0.6691
1129,cue,0.7319,0.6262
1130,vans,0.7319,0.6026
1131,ep,0.7318,0.5704
1132,intérieurement,0.7318,0.6720
1133,esti,0.7318,0.6556
1134,oii,0.7317,0.5773
1135,lk,0.7317,0.5789
1136,coutume,0.7315,0.6972
1137,tien,0.7312,0.6305
1138,nombre,0.7311,0.7514
1139,remarquez,0.7310,0.7055
1140,nir,0.7310,0.6241
1141,possibilité,0.7310,0.5034
1142,l'opinion,0.7309,0.5822
1143,bref,0.7308,0.7141
1144,t'on,0.7308,0.6193
1145,pan,0.7308,0.6553
1146,confiant,0.7307,0.5153
1147,xv,0.7307,0.6767
1148,rir,0.7307,0.5842
1149,censé,0.7307,0.7280
1150,consequent,0.7306,0.6826
1151,commit,0.7306,0.5601
1152,elie,0.7305,0.6075
1153,sns,0.7305,0.6793
1154,l'industrie,0.7303,0.5033
1155,consideration,0.7303,0.6534
1156,souf,0.7303,0.6675
1157,api,0.7301,0.5588
1158,scul,0.7300,0.6185
1159,civile,0.7300,0.5551
1160,pcu,0.7300,0.5860
1161,ati,0.7299,0.5538
1162,d'accord,0.7299,0.6319
1163,pers,0.7297,0.7147
1164,fors,0.7296,0.5879
1165,virement,0.7296,0.5960
1166,dra,0.7295,0.6112
1167,d'enfans,0.7295,0.6472
1168,l'affection,0.7294,0.5334
1169,fez,0.7294,0.6861
1170,ett,0.7293,0.5416
1171,partager,0.7293,0.7229
1172,indignement,0.7292,0.5550
1173,l'ancien,0.7292,0.6787
1174,ains,0.7292,0.6053
1175,pea,0.7291,0.6424
1176,corneille,0.7290,0.5450
1177,foie,0.7287,0.5553
1178,nn,0.7287,0.5644
1179,iv,0.7287,0.6624
1180,vantes,0.7286,0.5487
1181,mante,0.7286,0.6716
1182,desordre,0.7286,0.6446
1183,seint,0.7283,0.5072
1184,poli,0.7282,0.6883
1185,rôt,0.7282,0.4767
1186,séparément,0.7281,0.7321
1187,tde,0.7281,0.5594
1188,parvenus,0.7281,0.4400
1189,oint,0.7280,0.5785
1190,lan,0.7280,0.6752
1191,successivement,0.7279,0.4962
1192,l'accomplissement,0.7279,0.5747
1193,usa,0.7279,0.6056
1194,tiares,0.7278,0.5461
1195,res,0.7276,0.6093
1196,cul,0.7276,0.6620
1197,l'af,0.7275,0.6464
1198,cam,0.7274,0.6232
1199,l'excellence,0.7273,0.4975
1200,d'agir,0.7272,0.6958
1201,magis,0.7271,0.5152
1202,assemblé,0.7270,0.6421
1203,plaider,0.7268,0.7261
1204,s'entend,0.7266,0.6257
1205,unanime,0.7266,0.7503
1206,dres,0.7265,0.6246
1207,q'il,0.7264,0.5715
1208,raille,0.7262,0.6725
1209,d'é,0.7261,0.6793
1210,julte,0.7260,0.5771
1211,d'utrecht,0.7260,0.5234
1212,deli,0.7260,0.6548
1213,totale,0.7259,0.6646
1214,trême,0.7259,0.6676
1215,fare,0.7259,0.7026
1216,vée,0.7258,0.6411
1217,s'exposer,0.7257,0.5790
1218,finance,0.7255,0.6674
1219,rable,0.7254,0.6309
1220,signal,0.7254,0.6745
1221,rieux,0.7254,0.6972
1222,filant,0.7254,0.6218
1223,perpétuel,0.7254,0.5819
1224,succetteur,0.7253,0.5052
1225,poussions,0.7252,0.4916
1226,sta,0.7252,0.6123
1227,bres,0.7252,0.6064
1228,sto,0.7252,0.5886
1229,ique,0.7251,0.5864
1230,suspendre,0.7251,0.4817
1231,niers,0.7251,0.6026
1232,importune,0.7250,0.6376
1233,frt,0.7250,0.5845
1234,pn,0.7244,0.6192
1235,succede,0.7243,0.4793
1236,quit,0.7243,0.6401
1237,crée,0.7243,0.5719
1238,péri,0.7243,0.5747
1239,fai,0.7242,0.5423
1240,montez,0.7242,0.5561
1241,sol,0.7242,0.6154
1242,néglige,0.7241,0.6202
1243,cen,0.7241,0.5771
1244,prescription,0.7241,0.7165
1245,royal,0.7240,0.5792
1246,regler,0.7240,0.6747
1247,roide,0.7239,0.5649
1248,croissant,0.7239,0.5154
1249,sn,0.7238,0.5205
1250,qu'ici,0.7238,0.5725
1251,plaie,0.7237,0.4794
1252,autrui,0.7236,0.5669
1253,paisiblement,0.7235,0.5474
1254,enfuirez,0.7234,0.6175
1255,civil,0.7234,0.6347
1256,licence,0.7234,0.4931
1257,ejl,0.7234,0.5555
1258,l'ordre,0.7233,0.5910
1259,mi,0.7232,0.5929
1260,jf,0.7232,0.5558
1261,propres,0.7232,0.6865
1262,ab,0.7232,0.6485
1263,qae,0.7231,0.6254
1264,ien,0.7231,0.5582
1265,faste,0.7230,0.5147
1266,cloches,0.7230,0.4992
1267,tir,0.7229,0.6121
1268,sep,0.7228,0.5422
1269,c'ei,0.7227,0.6196
1270,s'arrêter,0.7227,0.6294
1271,cane,0.7225,0.6097
1272,mrs,0.7224,0.5118
1273,judice,0.7223,0.5493
1274,eff,0.7222,0.5683
1275,occupez,0.7221,0.4340
1276,reli,0.7221,0.6505
1277,dou,0.7221,0.5920
1278,cie,0.7221,0.5900
1279,fui,0.7220,0.6786
1280,tatien,0.7220,0.6711
1281,pic,0.7219,0.5480
1282,noi,0.7219,0.5573
1283,ci,0.7218,0.6659
1284,contrefaits,0.7217,0.5442
1285,forte,0.7215,0.6890
1286,regar,0.7215,0.6499
1287,quoiqu,0.7214,0.5637
1288,plaisance,0.7213,0.6109
1289,dem,0.7213,0.5368
1290,d'ai,0.7213,0.6262
1291,prémier,0.7212,0.5832
1292,fauter,0.7212,0.5523
1293,l'abondance,0.7211,0.6463
1294,celt,0.7210,0.7329
1295,mérites,0.7210,0.6476
1296,entrera,0.7210,0.7277
1297,temoins,0.7208,0.6935
1298,l'as,0.7208,0.4656
1299,nonobstant,0.7208,0.4998
1300,fà,0.7207,0.6651
1301,perit,0.7206,0.6093
1302,xil,0.7206,0.6772
1303,fontenelle,0.7205,0.4824
1304,roir,0.7205,0.5955
1305,com,0.7204,0.6395
1306,e'e,0.7203,0.6177
1307,ieur,0.7202,0.6201
1308,fermez,0.7201,0.5787
1309,passés,0.7201,0.6591
1310,vivant,0.7201,0.7594
1311,gneur,0.7199,0.6628
1312,pote,0.7196,0.6032
1313,ifs,0.7196,0.5908
1314,excepte,0.7196,0.6594
1315,emp,0.7196,0.6739
1316,ver,0.7194,0.6782
1317,dns,0.7193,0.5768
1318,hau,0.7192,0.6293
1319,justement,0.7190,0.5978
1320,boue,0.7190,0.4932
1321,sance,0.7188,0.6496
1322,vire,0.7188,0.6500
1323,l'ouverture,0.7188,0.6356
1324,tacher,0.7188,0.7701
1325,delivrer,0.7186,0.5938
1326,publie,0.7186,0.6840
1327,navale,0.7186,0.6583
1328,considération,0.7186,0.4059
1329,ee,0.7185,0.5850
1330,moral,0.7185,0.5403
1331,cotte,0.7185,0.5942
1332,indifférente,0.7184,0.7054
1333,tus,0.7182,0.5681
1334,l's,0.7181,0.5765
1335,inconnu,0.7181,0.6646
1336,dea,0.7181,0.5764
1337,soufle,0.7181,0.6453
1338,souveraines,0.7180,0.7597
1339,désirer,0.7179,0.6525
1340,tié,0.7179,0.6158
1341,laborieux,0.7177,0.4424
1342,continu,0.7176,0.6733
1343,vaquer,0.7175,0.6526
1344,revenons,0.7175,0.6740
1345,mez,0.7173,0.5735
1346,entiere,0.7171,0.6672
1347,sce,0.7170,0.5798
1348,insensé,0.7170,0.6351
1349,réponde,0.7170,0.6589
1350,enr,0.7170,0.5958
1351,porteurs,0.7170,0.6418
1352,l'avertir,0.7169,0.6445
1353,gâté,0.7169,0.6440
1354,pius,0.7168,0.5973
1355,comr,0.7168,0.6634
1356,extremement,0.7168,0.7164
1357,séparé,0.7168,0.7692
1358,reau,0.7167,0.6467
1359,vaines,0.7166,0.5461
1360,réellement,0.7165,0.4959
1361,duel,0.7165,0.5670
1362,caille,0.7165,0.6163
1363,rep,0.7164,0.6800
1364,ba,0.7164,0.6094
1365,dice,0.7163,0.6223
1366,clairement,0.7163,0.5692
1367,nombreuse,0.7163,0.6997
1368,ticle,0.7163,0.6076
1369,regner,0.7163,0.6947
1370,loire,0.7162,0.5220
1371,milliers,0.7162,0.6747
1372,sain,0.7161,0.7501
1373,condamnez,0.7160,0.3991
1374,pore,0.7160,0.6004
1375,l'état,0.7159,0.4783
1376,sul,0.7159,0.6371
1377,uand,0.7157,0.6327
1378,l'étranger,0.7154,0.7565
1379,ral,0.7154,0.6283
1380,borne,0.7153,0.4864
1381,memoire,0.7152,0.4990
1382,spe,0.7152,0.6367
1383,l'oblige,0.7152,0.5878
1384,accomplis,0.7151,0.7030
1385,bassesse,0.7150,0.4417
1386,opposez,0.7149,0.4515
1387,s'ouvrir,0.7148,0.6093
1388,cequi,0.7147,0.7157
1389,bil,0.7147,0.6054
1390,rame,0.7147,0.6116
1391,tendus,0.7147,0.5788
1392,fore,0.7146,0.5635
1393,nouvel,0.7146,0.7505
1394,coi,0.7146,0.5532
1395,armés,0.7144,0.7075
1396,combattant,0.7143,0.7305
1397,mourant,0.7143,0.6900
1398,ava,0.7141,0.6025
1399,d'o,0.7141,0.6116
1400,laif,0.7140,0.6298
1401,dru,0.7140,0.6895
1402,penses,0.7138,0.5840
1403,sortira,0.7136,0.7407
1404,pra,0.7136,0.6145
1405,co,0.7135,0.5422
1406,felle,0.7135,0.6650
1407,nu,0.7134,0.6329
1408,parles,0.7133,0.5588
1409,ecf,0.7133,0.6187
1410,actuellement,0.7133,0.5558
1411,dam,0.7133,0.5902
1412,solidité,0.7132,0.4501
1413,parvint,0.7132,0.3892
1414,lité,0.7131,0.6546
1415,d'autre,0.7131,0.6846
1416,puiffance,0.7131,0.4367
1417,quittes,0.7130,0.4828
1418,l'éloquence,0.7129,0.4893
1419,étroitement,0.7129,0.6257
1420,imp,0.7129,0.6606
1421,cv,0.7128,0.5880
1422,veiller,0.7127,0.7139
1423,ctl,0.7127,0.5777
1424,universel,0.7126,0.7351
1425,l'emporte,0.7126,0.5567
1426,gre,0.7125,0.6410
1427,iere,0.7125,0.5773
1428,sacré,0.7123,0.6156
1429,moitié,0.7123,0.6573
1430,dif,0.7123,0.6203
1431,muet,0.7121,0.5904
1432,l'ecole,0.7121,0.6045
1433,saisir,0.7121,0.5624
1434,pri,0.7121,0.5970
1435,reculer,0.7118,0.6205
1436,acre,0.7117,0.5108
1437,succés,0.7117,0.7743
1438,new,0.7116,0.4734
1439,île,0.7116,0.4673
1440,mun,0.7116,0.6979
1441,tile,0.7115,0.6589
1442,noit,0.7114,0.7325
1443,troit,0.7113,0.6419
1444,ze,0.7111,0.5720
1445,ise,0.7110,0.5356
1446,ap,0.7109,0.5844
1447,pres,0.7109,0.6852
1448,juil,0.7108,0.5627
1449,ote,0.7107,0.6186
1450,surplus,0.7107,0.6920
1451,convertis,0.7107,0.5105
1452,ravoir,0.7106,0.7127
1453,royaux,0.7105,0.6023
1454,ménage,0.7105,0.7319
1455,qu'aux,0.7104,0.7552
1456,paternelle,0.7103,0.6532
1457,prompt,0.7102,0.6852
1458,aris,0.7102,0.5777
1459,royauté,0.7102,0.6411
1460,fé,0.7102,0.7242
1461,quin,0.7102,0.5588
1462,gratuitement,0.7101,0.5459
1463,cont,0.7101,0.5710
1464,taire,0.7101,0.6931
1465,spécialement,0.7100,0.6233
1466,este,0.7099,0.5935
1467,l'oeuvre,0.7099,0.6291
1468,vera,0.7099,0.5999
1469,mesurer,0.7099,0.6658
1470,jufle,0.7099,0.5595
1471,commis,0.7098,0.6280
1472,men,0.7098,0.6383
1473,souhaiter,0.7098,0.7024
1474,attraper,0.7097,0.6441
1475,puif,0.7097,0.5512
1476,liii,0.7095,0.6186
1477,pel,0.7094,0.5853
1478,reparer,0.7094,0.6686
1479,nan,0.7093,0.7094
1480,dits,0.7093,0.4842
1481,requiert,0.7092,0.7551
1482,civilement,0.7092,0.6262
1483,uit,0.7092,0.5174
1484,certes,0.7091,0.6285
1485,particulier,0.7091,0.7000
1486,proprement,0.7091,0.7587
1487,pollion,0.7090,0.6894
1488,vitaux,0.7090,0.6513
1489,seconds,0.7089,0.5529
1490,cm,0.7089,0.5422
1491,experts,0.7088,0.7033
1492,pans,0.7088,0.5534
1493,faussement,0.7087,0.5937
1494,l'avant,0.7087,0.5521
1495,l'ar,0.7086,0.7077
1496,services,0.7085,0.5101
1497,prologue,0.7085,0.5763
1498,l'éloignement,0.7084,0.5981
1499,sd,0.7083,0.5454
1500,infailliblement,0.7083,0.5396
1501,dort,0.7082,0.6941
1502,af,0.7082,0.6532
1503,cele,0.7081,0.6732
1504,av,0.7081,0.6267
1505,villers,0.7080,0.5438
1506,particuliérement,0.7078,0.6503
1507,real,0.7078,0.5761
1508,mariés,0.7077,0.7026
1509,d'impression,0.7074,0.4868
1510,tou,0.7074,0.6150
1511,eti,0.7073,0.5578
1512,paier,0.7073,0.5213
1513,pg,0.7070,0.6403
1514,forum,0.7069,0.4421
1515,retrait,0.7069,0.6206
1516,l'injure,0.7068,0.5522
1517,sangla,0.7068,0.6278
1518,ca,0.7067,0.6498
1519,souris,0.7067,0.5734
1520,relevé,0.7067,0.5109
1521,riers,0.7067,0.5803
1522,crit,0.7067,0.5075
1523,tune,0.7066,0.5681
1524,muni,0.7066,0.7029
1525,tée,0.7065,0.6399
1526,cite,0.7065,0.5155
1527,pier,0.7063,0.6358
1528,caufe,0.7063,0.6053
1529,ronces,0.7063,0.5384
1530,deman,0.7062,0.5821
1531,rebut,0.7062,0.6299
1532,hardiment,0.7062,0.5701
1533,tés,0.7062,0.6370
1534,repose,0.7061,0.6093
1535,atteinte,0.7061,0.4605
1536,cç,0.7060,0.6914
1537,lere,0.7060,0.6614
1538,ceil,0.7059,0.5162
1539,corrompue,0.7059,0.5140
1540,guet,0.7058,0.7327
1541,ligion,0.7058,0.6415
1542,adi,0.7058,0.5819
1543,l'habitude,0.7058,0.5003
1544,communes,0.7057,0.6017
1545,tier,0.7057,0.6185
1546,entiers,0.7056,0.7433
1547,sterling,0.7056,0.6240
1548,parenté,0.7055,0.7595
1549,saine,0.7054,0.5993
1550,clans,0.7054,0.7053
1551,gg,0.7053,0.6695
1552,deu,0.7052,0.5993
1553,monseigneur,0.7052,0.4752
1554,solidement,0.7052,0.5425
1555,od,0.7051,0.5833
1556,concession,0.7051,0.5580
1557,extérieure,0.7049,0.5048
1558,réels,0.7048,0.6142
1559,dol,0.7047,0.6166
1560,pol,0.7046,0.5773
1561,item,0.7046,0.5991
1562,isa,0.7045,0.5657
1563,nion,0.7044,0.6127
1564,sermon,0.7044,0.6754
1565,idem,0.7044,0.6220
1566,jul,0.7044,0.6077
1567,manifestement,0.7044,0.5825
1568,offres,0.7043,0.5659
1569,vement,0.7043,0.6472
1570,ià,0.7042,0.6610
1571,separe,0.7041,0.5982
1572,publi,0.7041,0.6280
1573,fiir,0.7041,0.6091
1574,euf,0.7039,0.7304
1575,sceau,0.7038,0.5588
1576,complet,0.7038,0.6686
1577,calice,0.7038,0.5845
1578,asi,0.7037,0.5656
1579,tor,0.7037,0.6131
1580,ve,0.7036,0.6303
1581,igne,0.7036,0.5346
1582,iris,0.7036,0.5641
1583,fas,0.7034,0.5674
1584,l'ouvrage,0.7034,0.7151
1585,bayle,0.7034,0.5064
1586,mme,0.7032,0.6075
1587,div,0.7031,0.6018
1588,peste,0.7030,0.4493
1589,ain,0.7029,0.5762
1590,youtre,0.7029,0.6962
1591,réunis,0.7028,0.4602
1592,nov,0.7027,0.5890
1593,ats,0.7026,0.5024
1594,pace,0.7025,0.5388
1595,tailles,0.7025,0.5661
1596,avantageusement,0.7024,0.4948
1597,xxv,0.7023,0.6527
1598,fontes,0.7023,0.5473
1599,lavoir,0.7023,0.7428
1600,l'élévation,0.7023,0.6162
1601,ciment,0.7022,0.5411
1602,s'enfuir,0.7021,0.5263
1603,exposé,0.7020,0.6595
1604,liant,0.7019,0.6558
1605,requis,0.7018,0.5914
1606,bis,0.7018,0.6016
1607,majeur,0.7017,0.5845
1608,commettre,0.7015,0.6110
1609,lea,0.7014,0.5882
1610,quils,0.7013,0.6528
1611,négociation,0.7012,0.6630
1612,devenant,0.7012,0.5448
1613,canaille,0.7012,0.5297
1614,lae,0.7011,0.5633
1615,faires,0.7011,0.5802
1616,val,0.7010,0.6222
1617,potier,0.7009,0.6622
1618,présens,0.7009,0.6818
1619,cor,0.7007,0.6471
1620,table,0.7007,0.7094
1621,vuides,0.7007,0.5124
1622,lad,0.7005,0.5273
1623,d'attaquer,0.7005,0.6086
1624,témoin,0.7005,0.7547
1625,london,0.7004,0.4575
1626,fig,0.7004,0.5651
1627,intérieur,0.7004,0.5574
1628,rôle,0.7004,0.5913
1629,lat,0.7003,0.6719
1630,flatterie,0.7003,0.5249
1631,din,0.7003,0.5827
1632,mre,0.7001,0.6483
1633,douteux,0.7000,0.7114
1634,lier,0.7000,0.7366
1635,forcez,0.6999,0.3938
1636,inscriptions,0.6999,0.5398
1637,trancher,0.6998,0.7145
1638,xlix,0.6998,0.7440
1639,exposant,0.6998,0.4772
1640,lins,0.6996,0.5834
1641,cou,0.6996,0.5841
1642,roidir,0.6996,0.5365
1643,possession,0.6995,0.7083
1644,répon,0.6994,0.5395
1645,composition,0.6994,0.6673
1646,d'avignon,0.6993,0.5579
1647,autr,0.6992,0.5965
1648,purger,0.6992,0.5892
1649,qué,0.6991,0.6632
1650,lave,0.6991,0.4154
1651,aure,0.6991,0.6018
1652,ier,0.6991,0.5004
1653,dote,0.6991,0.6534
1654,fiction,0.6991,0.5283
1655,nit,0.6991,0.5857
1656,ms,0.6990,0.6312
1657,gra,0.6989,0.5763
1658,plufieurs,0.6989,0.5701
1659,tice,0.6988,0.5679
1660,bailler,0.6987,0.4650
1661,consequence,0.6987,0.7017
1662,outrée,0.6987,0.6457
1663,pai,0.6987,0.5888
1664,vid,0.6987,0.6746
1665,nou,0.6985,0.7568
1666,clergé,0.6985,0.6827
1667,frai,0.6985,0.6936
1668,i's,0.6984,0.5132
1669,louable,0.6984,0.6411
1670,unt,0.6983,0.6080
1671,miens,0.6982,0.6715
1672,noble,0.6982,0.6058
1673,soigneusement,0.6982,0.5806
1674,retablir,0.6981,0.6431
1675,revolte,0.6981,0.5608
1676,elr,0.6981,0.6116
1677,chretien,0.6980,0.6355
1678,s'a,0.6979,0.6096
1679,cid,0.6979,0.6337
1680,boucher,0.6979,0.5112
1681,traite,0.6979,0.6549
1682,teneur,0.6978,0.6846
1683,onc,0.6977,0.6161
1684,reux,0.6977,0.7528
1685,entièrement,0.6976,0.5464
1686,plier,0.6976,0.7012
1687,intimes,0.6974,0.7165
1688,mmes,0.6973,0.5901
1689,scu,0.6973,0.6112
1690,tcr,0.6972,0.5247
1691,xlvi,0.6972,0.6949
1692,far,0.6971,0.6694
1693,plai,0.6971,0.6263
1694,l'aumône,0.6970,0.7046
1695,coumme,0.6970,0.6269
1696,baisser,0.6968,0.6474
1697,valere,0.6967,0.5366
1698,ensemble,0.6966,0.6930
1699,plu,0.6966,0.6644
1700,lutte,0.6966,0.6006
1701,ibit,0.6966,0.6195
1702,l'estime,0.6965,0.4743
1703,caché,0.6965,0.6264
1704,pes,0.6965,0.6379
1705,aire,0.6964,0.5971
1706,tun,0.6964,0.5878
1707,malis,0.6963,0.4086
1708,nai,0.6963,0.5536
1709,coups,0.6963,0.6145
1710,l'évidence,0.6963,0.5608
1711,jé,0.6962,0.5919
1712,merce,0.6962,0.5626
1713,peuple,0.6962,0.6370
1714,ài,0.6962,0.5348
1715,dépôt,0.6961,0.7041
1716,polis,0.6961,0.5769
1717,dà,0.6961,0.6320
1718,trempe,0.6960,0.6777
1719,kk,0.6960,0.6972
1720,mouvoir,0.6959,0.6102
1721,qus,0.6959,0.5756
1722,confolation,0.6959,0.6590
1723,nef,0.6958,0.5615
1724,tales,0.6957,0.4986
1725,mar,0.6957,0.6780
1726,ele,0.6956,0.5718
1727,leau,0.6956,0.5792
1728,bour,0.6956,0.5877
1729,malin,0.6955,0.6269
1730,dte,0.6955,0.5472
1731,ployer,0.6954,0.6212
1732,ice,0.6954,0.5270
1733,novi,0.6954,0.4562
1734,gardés,0.6953,0.5363
1735,domi,0.6953,0.5115
1736,verbal,0.6952,0.5230
1737,meil,0.6952,0.5609
1738,flr,0.6951,0.5979
1739,fiel,0.6951,0.5472
1740,supplians,0.6950,0.4885
1741,genre,0.6949,0.6935
1742,join,0.6949,0.5853
1743,mad,0.6948,0.5944
1744,tomme,0.6948,0.7127
1745,sca,0.6945,0.6438
1746,ge,0.6945,0.6454
1747,extraordinaires,0.6944,0.6928
1748,dts,0.6944,0.5691
1749,inquit,0.6944,0.4309
1750,compter,0.6944,0.6580
1751,penchant,0.6943,0.6381
1752,omettre,0.6942,0.6345
1753,contraire,0.6941,0.7188
1754,s'i,0.6941,0.6209
1755,l'acceptation,0.6940,0.5960
1756,respirer,0.6940,0.6559
1757,suisse,0.6939,0.5636
1758,arrangement,0.6938,0.5568
1759,lia,0.6938,0.5638
1760,différemment,0.6937,0.5830
1761,l'imitation,0.6936,0.5731
1762,vernis,0.6936,0.4827
1763,militaires,0.6936,0.6888
1764,mont,0.6936,0.6367
1765,ua,0.6935,0.5443
1766,volontairement,0.6935,0.5392
1767,horn,0.6935,0.6935
1768,commen,0.6934,0.6416
1769,honnêtement,0.6933,0.5931
1770,pouir,0.6933,0.5482
1771,frappant,0.6933,0.6773
1772,regretter,0.6932,0.6657
1773,rés,0.6932,0.6500
1774,pat,0.6932,0.7005
1775,mées,0.6931,0.5774
1776,sujet,0.6931,0.6780
1777,ara,0.6930,0.5196
1778,dissolution,0.6930,0.5089
1779,law,0.6929,0.5124
1780,lyre,0.6929,0.6245
1781,parfaire,0.6929,0.6738
1782,foui,0.6927,0.6660
1783,volontaire,0.6926,0.5567
1784,hl,0.6926,0.5312
1785,d'arrêter,0.6926,0.4998
1786,corporelle,0.6924,0.6283
1787,s'observe,0.6924,0.5358
1788,puisqu'on,0.6923,0.6881
1789,enten,0.6923,0.6045
1790,auri,0.6923,0.4642
1791,bran,0.6921,0.6033
1792,aul,0.6921,0.6583
1793,quon,0.6921,0.6294
1794,d'agrément,0.6920,0.5394
1795,populaires,0.6919,0.5359
1796,rêve,0.6919,0.4303
1797,quint,0.6919,0.7806
1798,d'ordonner,0.6919,0.6221
1799,eta,0.6918,0.6000
1800,fj,0.6917,0.4852
1801,net,0.6917,0.5737
1802,librairie,0.6915,0.6644
1803,mf,0.6915,0.6388
1804,ran,0.6915,0.6045
1805,rat,0.6912,0.5749
1806,confus,0.6912,0.7023
1807,paroisse,0.6911,0.7595
1808,comite,0.6911,0.6790
1809,reformer,0.6911,0.7757
1810,truffe,0.6911,0.5496
1811,oà,0.6910,0.6678
1812,mie,0.6909,0.5962
1813,honorables,0.6908,0.6262
1814,ales,0.6908,0.5816
1815,représentant,0.6908,0.5385
1816,s'exprimer,0.6908,0.6156
1817,fx,0.6907,0.5849
1818,diacre,0.6907,0.5494
1819,caufa,0.6907,0.4122
1820,fic,0.6907,0.5145
1821,ime,0.6906,0.6008
1822,puisqu,0.6906,0.6648
1823,vui,0.6905,0.6378
1824,campa,0.6905,0.5880
1825,louis,0.6905,0.6697
1826,ber,0.6904,0.6383
1827,pia,0.6904,0.4748
1828,dat,0.6904,0.5729
1829,cure,0.6903,0.6358
1830,bru,0.6903,0.6356
1831,offre,0.6903,0.6645
1832,prs,0.6903,0.5492
1833,ades,0.6903,0.4938
1834,disse,0.6901,0.6197
1835,rappeller,0.6901,0.4009
1836,pafle,0.6900,0.6571
1837,distribué,0.6899,0.6197
1838,exe,0.6898,0.6005
1839,fart,0.6898,0.7351
1840,saisons,0.6897,0.5600
1841,dtu,0.6897,0.5284
1842,teinture,0.6897,0.5811
1843,mouvans,0.6896,0.5419
1844,tis,0.6895,0.4748
1845,d'etre,0.6895,0.5775
1846,gallus,0.6895,0.5147
1847,lite,0.6894,0.5989
1848,conm,0.6894,0.6228
1849,l'i,0.6893,0.6324
1850,dri,0.6892,0.5317
1851,changez,0.6892,0.5633
1852,gratis,0.6892,0.5514
1853,dépeint,0.6890,0.5871
1854,employa,0.6890,0.5576
1855,ordinaires,0.6890,0.6706
1856,corps,0.6890,0.6244
1857,multiplie,0.6889,0.6088
1858,d'ouvrage,0.6887,0.5683
1859,çe,0.6887,0.6845
1860,qualité,0.6886,0.6559
1861,fû,0.6886,0.5872
1862,vile,0.6886,0.5500
1863,ordinaire,0.6885,0.7243
1864,exempte,0.6885,0.5630
1865,time,0.6883,0.5508
1866,diffe,0.6883,0.6402
1867,lis,0.6882,0.6258
1868,char,0.6882,0.6102
1869,sue,0.6880,0.6924
1870,memes,0.6879,0.5184
1871,code,0.6879,0.4350
1872,desus,0.6879,0.5450
1873,jets,0.6878,0.5753
1874,d'habits,0.6878,0.6963
1875,d'obliger,0.6877,0.6868
1876,d'amis,0.6876,0.6762
1877,ecs,0.6876,0.5662
1878,da,0.6875,0.6076
1879,orne,0.6875,0.5542
1880,jd,0.6875,0.5072
1881,peupler,0.6875,0.6639
1882,tabac,0.6875,0.5941
1883,contredits,0.6875,0.4816
1884,nv,0.6875,0.5536
1885,d'autriche,0.6874,0.6664
1886,ardens,0.6874,0.5371
1887,combien,0.6874,0.6596
1888,inévitable,0.6874,0.6887
1889,pardessus,0.6873,0.5822
1890,françoise,0.6873,0.5054
1891,culier,0.6873,0.7143
1892,rine,0.6872,0.5485
1893,dd,0.6871,0.6348
1894,extra,0.6870,0.5655
1895,maturité,0.6869,0.7048
1896,len,0.6869,0.5936
1897,lest,0.6868,0.7053
1898,fuit,0.6868,0.4195
1899,iii,0.6866,0.6084
1900,méritoit,0.6866,0.6137
1901,mani,0.6866,0.6758
1902,ité,0.6865,0.5980
1903,sy,0.6865,0.7077
1904,payen,0.6864,0.6968
1905,contredire,0.6864,0.5118
1906,eur,0.6863,0.6205
1907,ala,0.6863,0.6419
1908,pavillon,0.6863,0.6607
1909,commercial,0.6863,0.4344
1910,aujourd'hui,0.6859,0.5125
1911,tures,0.6859,0.5615
1912,dcc,0.6859,0.4482
1913,post,0.6859,0.4846
1914,voyager,0.6858,0.6631
1915,ressort,0.6857,0.7166
1916,obvier,0.6857,0.5821
1917,bie,0.6857,0.6111
1918,assurer,0.6857,0.6129
1919,tois,0.6856,0.5251
1920,opi,0.6856,0.6115
1921,scrupuleux,0.6856,0.6897
1922,ges,0.6855,0.6445
1923,marc,0.6854,0.6966
1924,reserve,0.6854,0.6297
1925,ere,0.6854,0.5946
1926,finances,0.6853,0.5816
1927,xi,0.6853,0.6446
1928,col,0.6853,0.5548
1929,d'expliquer,0.6853,0.5999
1930,d'e,0.6852,0.5940
1931,l'admiration,0.6852,0.5133
1932,oreille,0.6851,0.6104
1933,proye,0.6851,0.4553
1934,l'injustice,0.6851,0.4885
1935,lien,0.6851,0.4926
1936,leo,0.6849,0.5507
1937,verge,0.6849,0.4974
1938,anr,0.6848,0.5361
1939,liber,0.6848,0.6135
1940,ha,0.6845,0.6762
1941,distin,0.6844,0.6333
1942,vier,0.6841,0.5891
1943,rte,0.6841,0.5384
1944,mieux,0.6841,0.6300
1945,refuge,0.6839,0.5898
1946,ves,0.6839,0.6550
1947,ple,0.6839,0.5353
1948,d'appeller,0.6838,0.5517
1949,loir,0.6836,0.6650
1950,nne,0.6835,0.5791
1951,facilite,0.6835,0.5174
1952,gardien,0.6835,0.6856
1953,tera,0.6834,0.6025
1954,secrete,0.6834,0.5898
1955,d'empêcher,0.6834,0.7275
1956,ka,0.6834,0.5573
1957,lavé,0.6834,0.6236
1958,inconnue,0.6833,0.7153
1959,institution,0.6833,0.3817
1960,directe,0.6833,0.5655
1961,tirés,0.6833,0.5292
1962,détour,0.6832,0.6197
1963,vant,0.6832,0.6319
1964,accord,0.6832,0.5981
1965,d'ici,0.6832,0.6753
1966,j'appelle,0.6832,0.5835
1967,s'enrichir,0.6831,0.5084
1968,pe,0.6831,0.6674
1969,j'entre,0.6831,0.5604
1970,chi,0.6831,0.6477
1971,uie,0.6830,0.6141
1972,subir,0.6829,0.4332
1973,découverts,0.6829,0.4976
1974,lh,0.6829,0.5923
1975,dg,0.6829,0.6390
1976,vaille,0.6828,0.4854
1977,relâche,0.6828,0.5150
1978,imaginaire,0.6828,0.5650
1979,qu'avoit,0.6828,0.6126
1980,estoit,0.6828,0.4440
1981,vicieux,0.6827,0.5323
1982,peine,0.6827,0.6518
1983,l'étonnement,0.6827,0.6844
1984,premièrement,0.6827,0.6307
1985,coure,0.6827,0.6720
1986,crue,0.6826,0.5674
1987,tont,0.6826,0.5831
1988,domination,0.6825,0.6108
1989,suffisamment,0.6825,0.7418
1990,flux,0.6824,0.5934
1991,l'e,0.6823,0.6330
1992,presse,0.6823,0.4284
1993,nim,0.6823,0.5390
1994,seine,0.6822,0.5061
1995,malins,0.6822,0.5656
1996,ees,0.6822,0.6392
1997,prise,0.6820,0.6897
1998,dogme,0.6820,0.6541
1999,clement,0.6820,0.5542
2000,fervant,0.6820,0.5556
2001,miserable,0.6819,0.6495
2002,baiser,0.6819,0.6588
2003,sui,0.6818,0.6730
2004,deflus,0.6818,0.5815
2005,solides,0.6818,0.6287
2006,faillir,0.6817,0.6479
2007,contr,0.6817,0.5629
2008,prudent,0.6817,0.5184
2009,convoi,0.6817,0.7367
2010,omis,0.6816,0.5659
2011,l'esclave,0.6816,0.5737
2012,chaffer,0.6816,0.5201
2013,ac,0.6815,0.6582
2014,jr,0.6815,0.4708
2015,vilité,0.6815,0.6288
2016,rer,0.6815,0.5784
2017,accommoder,0.6815,0.6589
2018,oie,0.6815,0.5699
2019,d'hiver,0.6814,0.6335
2020,féconde,0.6814,0.5412
2021,touchés,0.6814,0.4989
2022,sentinelle,0.6814,0.4941
2023,qni,0.6814,0.6105
2024,gouverne,0.6813,0.5288
2025,rti,0.6813,0.4803
2026,multi,0.6813,0.5364
2027,satan,0.6812,0.5778
2028,nier,0.6812,0.6803
2029,quer,0.6812,0.5975
2030,soulage,0.6812,0.6070
2031,ouis,0.6811,0.4424
2032,avertissement,0.6810,0.5751
2033,fondez,0.6809,0.4880
2034,d'importance,0.6809,0.7025
2035,arriere,0.6809,0.5686
2036,antiquité,0.6809,0.4559
2037,redire,0.6808,0.5497
2038,assembla,0.6808,0.6128
2039,dommages,0.6807,0.6862
2040,drc,0.6807,0.6104
2041,papier,0.6806,0.6307
2042,dani,0.6806,0.6051
2043,mel,0.6806,0.6478
2044,l'attachement,0.6806,0.4973
2045,l'arche,0.6805,0.7247
2046,attachés,0.6805,0.4537
2047,dires,0.6804,0.4901
2048,confulter,0.6804,0.6827
2049,détourné,0.6803,0.6460
2050,entretenu,0.6803,0.6708
2051,isi,0.6803,0.5294
2052,gale,0.6803,0.6316
2053,d'avec,0.6803,0.6947
2054,accompli,0.6802,0.6158
2055,magni,0.6800,0.5040
2056,jusqu'ici,0.6799,0.6274
2057,prescrit,0.6798,0.7007
2058,réunion,0.6798,0.4250
2059,armer,0.6796,0.6360
2060,merveille,0.6796,0.6969
2061,rde,0.6795,0.5478
2062,cus,0.6795,0.5613
2063,bl,0.6795,0.4865
2064,lor,0.6795,0.6199
2065,d'ar,0.6795,0.6399
2066,trouvés,0.6794,0.4463
2067,cile,0.6793,0.5948
2068,lever,0.6792,0.6229
2069,apparent,0.6792,0.5811
2070,ql,0.6792,0.4923
2071,conjuration,0.6790,0.6563
2072,d'antoine,0.6790,0.6293
2073,br,0.6790,0.5640
2074,mons,0.6790,0.6556
2075,l'éviter,0.6788,0.6403
2076,modéré,0.6788,0.5219
2077,vau,0.6788,0.6590
2078,tous,0.6788,0.6825
2079,l'ornement,0.6788,0.6673
2080,oue,0.6787,0.6051
2081,détail,0.6787,0.7640
2082,d'heure,0.6787,0.6114
2083,rf,0.6786,0.5292
2084,chaine,0.6786,0.5412
2085,fuites,0.6784,0.6443
2086,l'infini,0.6784,0.4627
2087,ious,0.6784,0.5535
2088,di,0.6784,0.5616
2089,fun,0.6783,0.5149
2090,fal,0.6783,0.6612
2091,naissante,0.6782,0.5272
2092,tom,0.6782,0.6937
2093,terrestre,0.6781,0.5332
2094,d'histoire,0.6781,0.5361
2095,chef,0.6781,0.7689
2096,iut,0.6780,0.5411
2097,princip,0.6780,0.7269
2098,juflice,0.6779,0.5123
2099,prose,0.6779,0.6043
2100,rin,0.6779,0.5836
2101,aide,0.6778,0.5453
2102,assurez,0.6777,0.4752
2103,considéré,0.6777,0.4860
2104,cx,0.6777,0.5484
2105,emprunt,0.6777,0.6658
2106,cachet,0.6776,0.6003
2107,allusion,0.6776,0.6041
2108,interruption,0.6775,0.5816
2109,l'artifice,0.6774,0.5407
2110,outre,0.6774,0.5114
2111,jur,0.6774,0.6035
2112,eni,0.6774,0.5506
2113,oeil,0.6774,0.6258
2114,prodigue,0.6773,0.5058
2115,mcme,0.6773,0.6460
2116,iur,0.6773,0.5936
2117,mol,0.6772,0.6620
2118,dépendoit,0.6772,0.7007
2119,demandeur,0.6772,0.6175
2120,journal,0.6772,0.6635
2121,prompte,0.6771,0.6067
2122,grave,0.6771,0.5169
2123,d'instruire,0.6771,0.5422
2124,cesser,0.6770,0.5990
2125,conc,0.6769,0.5658
2126,tourné,0.6769,0.7015
2127,accoutumée,0.6769,0.5902
2128,circuit,0.6768,0.4841
2129,tard,0.6767,0.7418
2130,lers,0.6766,0.5378
2131,mni,0.6766,0.5287
2132,qu'autrefois,0.6765,0.6446
2133,connaissance,0.6765,0.6309
2134,prevenir,0.6765,0.5916
2135,tellus,0.6765,0.5292
2136,d'oeil,0.6764,0.6896
2137,gardant,0.6763,0.6168
2138,qu'l,0.6762,0.6449
2139,compas,0.6762,0.5492
2140,débris,0.6762,0.5982
2141,qe,0.6761,0.5106
2142,interdit,0.6759,0.4838
2143,plures,0.6759,0.4318
2144,fiere,0.6758,0.5265
2145,xc,0.6758,0.6083
2146,arri,0.6757,0.6472
2147,paroit,0.6757,0.5616
2148,ruiné,0.6757,0.6224
2149,s'avance,0.6756,0.5696
2150,primitive,0.6755,0.4747
2151,hommage,0.6755,0.6392
2152,nouveaux,0.6754,0.6887
2153,rus,0.6754,0.5329
2154,ju,0.6754,0.6317
2155,consistent,0.6753,0.6277
2156,navi,0.6753,0.5790
2157,l'unique,0.6753,0.5770
2158,enc,0.6753,0.5905
2159,qne,0.6753,0.5991
2160,finira,0.6753,0.5281
2161,railler,0.6753,0.7359
2162,ste,0.6753,0.5140
2163,fignes,0.6752,0.6577
2164,guise,0.6752,0.5367
2165,remplir,0.6751,0.6079
2166,gâte,0.6750,0.4766
2167,commises,0.6750,0.5906
2168,l'abus,0.6750,0.5110
2169,eci,0.6749,0.5786
2170,apparence,0.6749,0.6958
2171,universelle,0.6749,0.6417
2172,admirablement,0.6748,0.5962
2173,souverain,0.6748,0.6243
2174,s'é,0.6747,0.5875
2175,patentes,0.6746,0.5712
2176,vale,0.6745,0.5837
2177,vcr,0.6745,0.5319
2178,pourtant,0.6745,0.6314
2179,loisir,0.6744,0.6664
2180,prov,0.6744,0.6596
2181,qu'auparavant,0.6744,0.5683
2182,quc,0.6744,0.5971
2183,effectivement,0.6743,0.6123
2184,réveiller,0.6743,0.4955
2185,platte,0.6743,0.5456
2186,no,0.6743,0.5969
2187,tage,0.6743,0.6841
2188,tete,0.6742,0.5085
2189,d'étonnement,0.6742,0.6919
2190,consiste,0.6741,0.6756
2191,mineure,0.6741,0.5837
2192,lez,0.6740,0.5259
2193,l'excès,0.6740,0.5228
2194,comparant,0.6740,0.5660
2195,rce,0.6740,0.5306
2196,matrice,0.6739,0.5887
2197,pole,0.6739,0.6558
2198,aurre,0.6738,0.5880
2199,d'an,0.6738,0.6127
2200,d'ambition,0.6737,0.5584
2201,pour,0.6737,0.6203
2202,enferme,0.6737,0.4665
2203,inu,0.6737,0.7020
2204,opiniâtre,0.6737,0.6477
2205,censure,0.6737,0.5057
2206,ante,0.6735,0.5326
2207,rar,0.6734,0.5815
2208,pareillement,0.6734,0.7047
2209,écarté,0.6733,0.4581
2210,itr,0.6732,0.5015
2211,vols,0.6731,0.5665
2212,rables,0.6731,0.5740
2213,neutralité,0.6731,0.6473
2214,sacrés,0.6730,0.5286
2215,cara,0.6729,0.5818
2216,manu,0.6729,0.4835
2217,d'imiter,0.6728,0.4845
2218,c'é,0.6728,0.6464
2219,foa,0.6726,0.6116
2220,fixes,0.6726,0.4884
2221,qu'eux,0.6725,0.6728
2222,néant,0.6725,0.4672
2223,lira,0.6725,0.4948
2224,cour,0.6724,0.6958
2225,augmentoit,0.6724,0.5659
2226,ouvra,0.6724,0.6119
2227,jeûne,0.6724,0.6825
2228,ige,0.6724,0.5638
2229,tremblement,0.6724,0.7112
2230,ébranlé,0.6723,0.4856
2231,défendant,0.6723,0.5354
2232,l'ami,0.6721,0.5512
2233,détaché,0.6721,0.5822
2234,eme,0.6721,0.6074
2235,amplement,0.6720,0.6408
2236,determine,0.6720,0.5675
2237,salomon,0.6720,0.6294
2238,suffisant,0.6719,0.6619
2239,fre,0.6719,0.6166
2240,donnes,0.6719,0.5499
2241,apo,0.6718,0.6565
2242,tude,0.6718,0.6294
2243,lel,0.6716,0.6211
2244,ssi,0.6716,0.5329
2245,dom,0.6716,0.6003
2246,quidam,0.6715,0.4185
2247,j'avance,0.6715,0.5007
2248,gard,0.6714,0.5647
2249,humain,0.6714,0.5824
2250,ordon,0.6713,0.6319
2251,tribu,0.6713,0.4819
2252,piller,0.6713,0.6608
2253,mene,0.6712,0.5084
2254,soupir,0.6712,0.6338
2255,purgatoire,0.6712,0.6393
2256,min,0.6712,0.6927
2257,moyenne,0.6711,0.5256
2258,imaginables,0.6711,0.5854
2259,vaillance,0.6711,0.5702
2260,d'tre,0.6711,0.5847
2261,expressement,0.6710,0.5463
2262,attentif,0.6709,0.6300
2263,d'especes,0.6708,0.6960
2264,flûte,0.6707,0.5350
2265,repete,0.6705,0.5327
2266,tent,0.6705,0.5230
2267,py,0.6705,0.6273
2268,liy,0.6705,0.6888
2269,hos,0.6704,0.4322
2270,l'oeil,0.6703,0.6020
2271,tite,0.6703,0.6874
2272,paume,0.6703,0.5953
2273,vivement,0.6702,0.6729
2274,étonne,0.6702,0.4738
2275,section,0.6702,0.5864
2276,interrompre,0.6702,0.6088
2277,subitement,0.6701,0.7027
2278,signi,0.6701,0.5709
2279,aban,0.6699,0.5323
2280,lisez,0.6699,0.6500
2281,theatre,0.6699,0.5920
2282,privée,0.6698,0.5715
2283,apparemment,0.6697,0.5641
2284,num,0.6696,0.4594
2285,hier,0.6696,0.6001
2286,trompeur,0.6696,0.6182
2287,choisie,0.6695,0.6093
2288,tirée,0.6695,0.5621
2289,rme,0.6695,0.6423
2290,fant,0.6694,0.6530
2291,niere,0.6693,0.7302
2292,fau,0.6692,0.5913
2293,mt,0.6691,0.5548
2294,affe,0.6691,0.6048
2295,vec,0.6691,0.6205
2296,infatigable,0.6690,0.5329
2297,iet,0.6689,0.5358
2298,triture,0.6689,0.6286
2299,iue,0.6688,0.5754
2300,perception,0.6688,0.4566
2301,mn,0.6688,0.5131
2302,d'application,0.6687,0.6432
2303,aun,0.6687,0.6275
2304,d'al,0.6687,0.6025
2305,dun,0.6687,0.5375
2306,réelles,0.6687,0.6745
2307,nemours,0.6686,0.5967
2308,otre,0.6686,0.5770
2309,l'oreille,0.6686,0.6293
2310,entr,0.6686,0.5144
2311,s'assembler,0.6686,0.6380
2312,profite,0.6686,0.6998
2313,d'exposer,0.6686,0.5180
2314,dupuis,0.6685,0.6536
2315,regnoit,0.6684,0.6469
2316,qur,0.6683,0.5968
2317,contraignit,0.6683,0.5250
2318,l'inclination,0.6683,0.5599
2319,ient,0.6683,0.4912
2320,étrangement,0.6683,0.6160
2321,précede,0.6682,0.5550
2322,choix,0.6682,0.6675
2323,déja,0.6682,0.5901
2324,bar,0.6682,0.5936
2325,superieure,0.6681,0.5265
2326,joi,0.6681,0.6087
2327,traité,0.6681,0.6629
2328,uil,0.6680,0.5225
2329,procédé,0.6680,0.4191
2330,s'avisa,0.6680,0.5835
2331,quise,0.6679,0.6016
2332,aa,0.6679,0.5996
2333,perfonne,0.6678,0.4894
2334,entrés,0.6678,0.4631
2335,précédé,0.6677,0.5452
2336,défendoit,0.6676,0.6014
2337,jus,0.6675,0.5224
2338,scl,0.6675,0.5548
2339,interdite,0.6675,0.6962
2340,loin,0.6674,0.6113
2341,julien,0.6674,0.5168
2342,entendant,0.6674,0.7198
2343,patiemment,0.6673,0.5680
2344,fua,0.6673,0.4230
2345,laitier,0.6672,0.5488
2346,coni,0.6672,0.5812
2347,quant,0.6671,0.7562
2348,str,0.6671,0.6246
2349,maritime,0.6671,0.5157
2350,s'approcher,0.6671,0.6460
2351,tro,0.6671,0.5397
2352,turc,0.6670,0.5681
2353,obéissance,0.6669,0.4258
2354,l'l,0.6669,0.4969
2355,assés,0.6669,0.6378
2356,criminelle,0.6668,0.6196
2357,délivré,0.6668,0.5603
2358,d'aujourd'hui,0.6668,0.5757
2359,teurs,0.6668,0.7355
2360,çà,0.6668,0.5535
2361,affecté,0.6667,0.4886
2362,rompus,0.6667,0.5170
2363,ph,0.6667,0.5611
2364,gion,0.6667,0.6562
2365,dili,0.6667,0.6855
2366,gers,0.6666,0.6720
2367,fec,0.6666,0.5451
2368,l'n,0.6665,0.5902
2369,d'affaire,0.6665,0.5506
2370,justifie,0.6665,0.4520
2371,signe,0.6665,0.4797
2372,ena,0.6665,0.5849
2373,lal,0.6664,0.5096
2374,las,0.6664,0.5956
2375,oni,0.6664,0.5649
2376,ist,0.6663,0.5498
2377,supposons,0.6663,0.6652
2378,c'étoient,0.6662,0.5982
2379,rangs,0.6661,0.5805
2380,rece,0.6661,0.5600
2381,fins,0.6660,0.6779
2382,nuisibles,0.6660,0.4299
2383,seul,0.6659,0.6177
2384,ié,0.6659,0.5744
2385,rempli,0.6659,0.4955
2386,permises,0.6658,0.4800
2387,plie,0.6658,0.5730
2388,rencontres,0.6658,0.6549
2389,nie,0.6658,0.5688
2390,rarefié,0.6657,0.4929
2391,blesse,0.6656,0.5486
2392,l'air,0.6656,0.6321
2393,physique,0.6656,0.4772
2394,vr,0.6656,0.4858
2395,prévoyance,0.6655,0.5283
2396,dispose,0.6654,0.5855
2397,ian,0.6654,0.4727
2398,avidité,0.6654,0.6023
2399,tet,0.6654,0.5525
2400,mission,0.6654,0.5224
2401,na,0.6653,0.5872
2402,commandée,0.6652,0.6180
2403,ennemie,0.6652,0.6316
2404,life,0.6651,0.5325
2405,ambroise,0.6651,0.5580
2406,usi,0.6651,0.6223
2407,l'attention,0.6651,0.5167
2408,trou,0.6649,0.6317
2409,saus,0.6649,0.6763
2410,deur,0.6649,0.6716
2411,cultivé,0.6648,0.6026
2412,jules,0.6648,0.5360
2413,coa,0.6648,0.6032
2414,bretagne,0.6647,0.6626
2415,ente,0.6647,0.6336
2416,réservé,0.6647,0.5840
2417,tigre,0.6646,0.5335
2418,repasser,0.6646,0.5851
2419,diriger,0.6645,0.4477
2420,économie,0.6645,0.3772
2421,grammaire,0.6644,0.5434
2422,soo,0.6644,0.4876
2423,trc,0.6644,0.5634
2424,s'engager,0.6644,0.5813
2425,releve,0.6644,0.5770
2426,augures,0.6643,0.6316
2427,comédiens,0.6643,0.4609
2428,differe,0.6643,0.6441
2429,cire,0.6643,0.5514
2430,trésor,0.6643,0.6772
2431,répandu,0.6642,0.6604
2432,qu'e,0.6642,0.6256
2433,iiu,0.6642,0.5221
2434,convint,0.6642,0.5943
2435,nonce,0.6641,0.5292
2436,fen,0.6640,0.6509
2437,fuir,0.6640,0.5434
2438,fat,0.6640,0.5156
2439,bin,0.6639,0.5807
2440,focieté,0.6638,0.5852
2441,hy,0.6638,0.6673
2442,nii,0.6637,0.5486
2443,précieuse,0.6636,0.5960
2444,tendoit,0.6636,0.6586
2445,débauche,0.6636,0.4845
2446,qie,0.6636,0.5482
2447,formation,0.6635,0.4295
2448,tait,0.6635,0.5381
2449,l'application,0.6635,0.4953
2450,ij,0.6635,0.6128
2451,fiire,0.6634,0.5277
2452,exem,0.6633,0.6563
2453,confite,0.6633,0.4914
2454,contra,0.6633,0.5217
2455,vogue,0.6632,0.5697
2456,quoque,0.6632,0.4879
2457,marge,0.6632,0.4158
2458,publique,0.6632,0.5603
2459,ée,0.6631,0.5983
2460,xe,0.6631,0.6711
2461,regard,0.6631,0.4110
2462,versé,0.6630,0.5283
2463,fl,0.6629,0.5780
2464,phi,0.6629,0.6763
2465,indépendant,0.6629,0.5368
2466,pluralité,0.6629,0.6502
2467,d'épée,0.6629,0.5696
2468,aà,0.6629,0.6181
2469,dai,0.6628,0.5360
2470,pelle,0.6627,0.5701
2471,mc,0.6627,0.5609
2472,may,0.6626,0.4740
2473,libre,0.6625,0.4894
2474,nre,0.6625,0.5648
2475,carreaux,0.6625,0.5348
2476,d'orgueil,0.6624,0.5843
2477,décidé,0.6624,0.5912
2478,xl,0.6623,0.6404
2479,dan,0.6623,0.7091
2480,docile,0.6623,0.6623
2481,apostolique,0.6622,0.6484
2482,rames,0.6622,0.5071
2483,profondément,0.6622,0.5607
2484,ble,0.6621,0.6434
2485,lecture,0.6619,0.6296
2486,entrevoir,0.6618,0.6834
2487,ru,0.6618,0.5458
2488,accoutumés,0.6618,0.4475
2489,tes,0.6617,0.4862
2490,dli,0.6617,0.5295
2491,refont,0.6617,0.5630
2492,montans,0.6617,0.4707
2493,ann,0.6616,0.6171
2494,inter,0.6615,0.5535
2495,coup,0.6615,0.6517
2496,afez,0.6615,0.5399
2497,j'admire,0.6615,0.5309
2498,critique,0.6615,0.5623
2499,l'office,0.6614,0.7049
2500,prés,0.6614,0.5460
2501,ae,0.6614,0.5026
2502,passons,0.6614,0.5971
2503,plein,0.6613,0.7051
2504,xxxiii,0.6613,0.4824
2505,relle,0.6612,0.7148
2506,suivra,0.6612,0.6171
2507,nitre,0.6611,0.5635
2508,ferme,0.6610,0.5481
2509,quafi,0.6610,0.5188
2510,adion,0.6609,0.4439
2511,particuliere,0.6609,0.6136
2512,contents,0.6609,0.5263
2513,genie,0.6609,0.6621
2514,ris,0.6608,0.5901
2515,pane,0.6608,0.6489
2516,poin,0.6608,0.5759
2517,cat,0.6608,0.6210
2518,excede,0.6607,0.5055
2519,minute,0.6607,0.6625
2520,impatient,0.6606,0.6333
2521,tromperie,0.6606,0.6151
2522,uno,0.6606,0.4699
2523,espagnoles,0.6605,0.4882
2524,l'emporta,0.6605,0.6717
2525,là,0.6605,0.5455
2526,baume,0.6605,0.6409
2527,croyable,0.6605,0.6464
2528,seau,0.6604,0.5175
2529,estre,0.6602,0.5405
2530,diocèse,0.6602,0.5953
2531,s'offre,0.6601,0.5438
2532,reliefs,0.6601,0.6419
2533,fp,0.6601,0.5351
2534,bade,0.6600,0.5716
2535,utilement,0.6600,0.7350
2536,nation,0.6600,0.5959
2537,ches,0.6600,0.5943
2538,nar,0.6600,0.5921
2539,tacite,0.6599,0.5106
2540,ouvertement,0.6599,0.4529
2541,por,0.6599,0.6629
2542,ins,0.6599,0.5217
2543,deja,0.6599,0.5974
2544,deflein,0.6598,0.4873
2545,calcul,0.6598,0.3981
2546,salaire,0.6597,0.6881
2547,om,0.6597,0.5401
2548,vuider,0.6597,0.5822
2549,lets,0.6597,0.5640
2550,pte,0.6596,0.6705
2551,parisis,0.6596,0.6014
2552,qu'environ,0.6596,0.6508
2553,perdant,0.6596,0.5652
2554,bienfait,0.6595,0.4639
2555,tit,0.6595,0.6789
2556,consacré,0.6594,0.5871
2557,tournée,0.6594,0.5308
2558,cun,0.6593,0.5264
2559,qte,0.6592,0.6706
2560,hr,0.6592,0.4752
2561,bouc,0.6592,0.5031
2562,proche,0.6592,0.6124
2563,ed,0.6588,0.6385
2564,sire,0.6587,0.5305
2565,aile,0.6587,0.5331
2566,précedent,0.6587,0.5507
2567,pêcher,0.6586,0.6229
2568,l'empressement,0.6586,0.5883
2569,secourir,0.6586,0.6238
2570,ib,0.6586,0.6853
2571,tons,0.6586,0.5834
2572,ive,0.6586,0.6375
2573,grecques,0.6585,0.4867
2574,d'eglise,0.6585,0.5366
2575,fio,0.6585,0.5136
2576,corrigé,0.6585,0.4597
2577,éleva,0.6585,0.5908
2578,dus,0.6585,0.5461
2579,antique,0.6585,0.4798
2580,liberté,0.6584,0.4062
2581,prises,0.6584,0.6422
2582,lenteur,0.6584,0.4849
2583,moien,0.6583,0.5504
2584,recompense,0.6583,0.6822
2585,l'abri,0.6583,0.4891
2586,palier,0.6583,0.5327
2587,d'honnêtes,0.6583,0.5893
2588,posture,0.6583,0.6536
2589,graves,0.6583,0.4442
2590,det,0.6582,0.5697
2591,momus,0.6582,0.6029
2592,cin,0.6581,0.5715
2593,tendre,0.6580,0.5902
2594,dore,0.6580,0.6919
2595,caux,0.6579,0.5941
2596,répéter,0.6579,0.5981
2597,nec,0.6579,0.5529
2598,s'oppose,0.6578,0.4680
2599,augmentant,0.6578,0.4938
2600,journellement,0.6578,0.5164
2601,réguliers,0.6578,0.4731
2602,chantant,0.6578,0.6173
2603,entreprend,0.6578,0.6643
2604,subtil,0.6578,0.5694
2605,eat,0.6578,0.5368
2606,vacation,0.6577,0.6281
2607,payable,0.6577,0.5397
2608,lei,0.6577,0.5699
2609,sagement,0.6576,0.4824
2610,liez,0.6576,0.5034
2611,quine,0.6576,0.6232
2612,dor,0.6574,0.6080
2613,pur,0.6573,0.5633
2614,cis,0.6573,0.5597
2615,infinis,0.6572,0.6818
2616,qn,0.6572,0.6133
2617,dresse,0.6571,0.5753
2618,inte,0.6571,0.6277
2619,nés,0.6571,0.4813
2620,ren,0.6571,0.5403
2621,angélique,0.6570,0.4278
2622,dul,0.6570,0.5018
2623,répondant,0.6570,0.6266
2624,s'e,0.6570,0.6288
2625,héréditaire,0.6570,0.4696
2626,ministere,0.6570,0.4002
2627,l'oiseau,0.6569,0.6361
2628,iune,0.6569,0.6138
2629,abonde,0.6569,0.5877
2630,mr,0.6568,0.5444
2631,arti,0.6568,0.6225
2632,attentivement,0.6566,0.5842
2633,patient,0.6566,0.6541
2634,ilu,0.6566,0.4938
2635,qu'en,0.6566,0.6934
2636,suisses,0.6565,0.5146
2637,files,0.6565,0.6118
2638,contr'eux,0.6565,0.4870
2639,oy,0.6565,0.5013
2640,valoir,0.6565,0.5676
2641,commi,0.6563,0.5594
2642,compta,0.6563,0.5117
2643,fameuse,0.6562,0.6024
2644,asseoir,0.6562,0.6255
2645,eroit,0.6562,0.5136
2646,ute,0.6560,0.5795
2647,distribuer,0.6560,0.6258
2648,glorifier,0.6559,0.4458
2649,essentiels,0.6559,0.4399
2650,quie,0.6558,0.5593
2651,marches,0.6557,0.6447
2652,four,0.6556,0.5596
2653,vons,0.6555,0.6089
2654,ora,0.6555,0.5274
2655,carême,0.6554,0.5522
2656,parie,0.6554,0.5618
2657,uniforme,0.6554,0.4960
2658,cote,0.6554,0.4750
2659,l'enfer,0.6554,0.5774
2660,gne,0.6553,0.6164
2661,alu,0.6552,0.5744
2662,défiance,0.6552,0.4689
2663,glife,0.6552,0.6520
2664,fe,0.6552,0.6126
2665,semble,0.6552,0.6003
2666,poete,0.6550,0.6102
2667,mane,0.6550,0.5469
2668,soupçon,0.6549,0.7172
2669,craindre,0.6549,0.6258
2670,tant,0.6549,0.6035
2671,nj,0.6549,0.4846
2672,voyer,0.6548,0.6011
2673,mêlant,0.6548,0.5236
2674,meurtrier,0.6548,0.5624
2675,jn,0.6548,0.5143
2676,ag,0.6547,0.5354
2677,l'affront,0.6547,0.6955
2678,ilne,0.6546,0.5945
2679,tarde,0.6546,0.5663
2680,public,0.6546,0.4291
2681,db,0.6545,0.6087
2682,faillie,0.6545,0.6750
2683,imi,0.6545,0.6049
2684,favorise,0.6545,0.4856
2685,ios,0.6544,0.5075
2686,graver,0.6544,0.6449
2687,indirectement,0.6544,0.5444
2688,d'air,0.6544,0.6404
2689,fance,0.6544,0.5440
2690,agent,0.6543,0.6337
2691,pii,0.6543,0.5196
2692,quei,0.6543,0.5662
2693,lies,0.6543,0.5446
2694,rence,0.6543,0.6994
2695,esclaves,0.6542,0.5995
2696,ct,0.6542,0.5466
2697,cclui,0.6540,0.5865
2698,finies,0.6540,0.5198
2699,yourte,0.6540,0.6073
2700,ordures,0.6539,0.6011
2701,but,0.6539,0.4360
2702,cz,0.6539,0.4624
2703,appercevoir,0.6539,0.6086
2704,fn,0.6537,0.5257
2705,superflu,0.6537,0.4983
2706,assigner,0.6536,0.5904
2707,sermens,0.6536,0.4198
2708,l'aveu,0.6536,0.5210
2709,oli,0.6535,0.6022
2710,galles,0.6535,0.5729
2711,d'office,0.6535,0.4975
2712,tournent,0.6534,0.5453
2713,rigoureux,0.6534,0.6577
2714,subsiste,0.6534,0.4803
2715,qai,0.6534,0.6331
2716,edi,0.6534,0.5812
2717,intime,0.6533,0.6693
2718,fure,0.6533,0.5884
2719,ais,0.6532,0.5320
2720,éclairci,0.6532,0.4566
2721,d'occasions,0.6532,0.4915
2722,raisonner,0.6532,0.7016
2723,gen,0.6532,0.6460
2724,lus,0.6530,0.5236
2725,corruption,0.6530,0.4666
2726,lre,0.6529,0.5344
2727,jar,0.6529,0.5519
2728,papa,0.6529,0.4846
2729,trompette,0.6529,0.6203
2730,accès,0.6529,0.4970
2731,ignorans,0.6528,0.6646
2732,gratuit,0.6528,0.6971
2733,fatis,0.6528,0.4356
2734,expiré,0.6527,0.6575
2735,gn,0.6527,0.4865
2736,societé,0.6527,0.4708
2737,préférer,0.6526,0.4244
2738,parois,0.6526,0.5243
2739,valent,0.6526,0.3620
2740,régent,0.6525,0.6780
2741,pp,0.6525,0.6381
2742,secrète,0.6524,0.6863
2743,insensibles,0.6524,0.4834
2744,ja,0.6524,0.5725
2745,l'objet,0.6524,0.4969
2746,file,0.6524,0.5944
2747,vinées,0.6523,0.5790
2748,constant,0.6523,0.5641
2749,ille,0.6523,0.4655
2750,honteusement,0.6522,0.5992
2751,fées,0.6522,0.6259
2752,tournay,0.6522,0.5104
2753,u'on,0.6522,0.6153
2754,qle,0.6521,0.5831
2755,i'a,0.6521,0.5525
2756,marins,0.6521,0.5620
2757,vinaire,0.6521,0.6019
2758,bons,0.6520,0.5569
2759,diversement,0.6520,0.6008
2760,thé,0.6520,0.5788
2761,l'égalité,0.6520,0.4665
2762,curiosité,0.6519,0.6882
2763,ks,0.6519,0.5789
2764,agens,0.6518,0.4665
2765,salles,0.6518,0.4022
2766,battre,0.6518,0.5992
2767,terrestres,0.6518,0.5154
2768,poui,0.6517,0.6264
2769,pâle,0.6517,0.6426
2770,l'inquiétude,0.6516,0.5066
2771,proverbe,0.6515,0.7429
2772,partout,0.6515,0.4625
2773,ttre,0.6515,0.5461
2774,eû,0.6514,0.4492
2775,ft,0.6514,0.5866
2776,inceffamment,0.6512,0.6778
2777,convenance,0.6512,0.5334
2778,xxx,0.6512,0.6841
2779,able,0.6512,0.5623
2780,tte,0.6512,0.5313
2781,vai,0.6512,0.4826
2782,violé,0.6511,0.6202
2783,rudes,0.6511,0.5971
2784,touchant,0.6511,0.5123
2785,d'emprunter,0.6511,0.7024
2786,nil,0.6511,0.4785
2787,gr,0.6511,0.5744
2788,attribué,0.6511,0.5746
2789,menez,0.6510,0.6546
2790,sis,0.6510,0.5227
2791,d'assez,0.6510,0.6886
2792,considérablement,0.6509,0.7026
2793,ecclésiastique,0.6509,0.6709
2794,morte,0.6509,0.6695
2795,gagne,0.6508,0.6668
2796,îe,0.6508,0.6753
2797,étroit,0.6508,0.5788
2798,modèle,0.6507,0.4422
2799,obscure,0.6507,0.6066
2800,carnage,0.6507,0.6126
2801,vienne,0.6506,0.5131
2802,mod,0.6506,0.4783
2803,n'appartient,0.6505,0.7037
2804,ene,0.6505,0.5526
2805,légitimes,0.6504,0.7329
2806,languir,0.6504,0.5914
2807,d'i,0.6504,0.6093
2808,plis,0.6504,0.5588
2809,classe,0.6504,0.6085
2810,pag,0.6504,0.6906
2811,lux,0.6503,0.5399
2812,voyant,0.6503,0.6620
2813,joint,0.6502,0.6606
2814,carte,0.6502,0.4649
2815,lte,0.6502,0.5412
2816,uii,0.6502,0.5676
2817,defaut,0.6501,0.5946
2818,détestable,0.6501,0.5927
2819,avan,0.6501,0.5938
2820,paternel,0.6500,0.5009
2821,fecourir,0.6500,0.5329
2822,redevables,0.6500,0.4968
2823,contes,0.6500,0.5564
2824,xxxix,0.6499,0.6936
2825,mus,0.6498,0.5116
2826,leg,0.6498,0.6501
2827,s'éloigner,0.6497,0.4431
2828,l'impatience,0.6496,0.6315
2829,pardon,0.6496,0.6749
2830,deuil,0.6495,0.7356
2831,chere,0.6495,0.6812
2832,sale,0.6494,0.5283
2833,continuant,0.6493,0.6773
2834,celui,0.6493,0.4880
2835,bout,0.6493,0.6351
2836,enfer,0.6492,0.5725
2837,pére,0.6492,0.4919
2838,tm,0.6491,0.4919
2839,ff,0.6491,0.5650
2840,l'attaque,0.6490,0.6535
2841,l'employer,0.6490,0.5412
2842,d'achever,0.6490,0.6240
2843,afiez,0.6490,0.5872
2844,effet,0.6490,0.5956
2845,opposés,0.6489,0.4979
2846,numero,0.6489,0.5330
2847,exemple,0.6488,0.5466
2848,maine,0.6488,0.5827
2849,lon,0.6487,0.6227
2850,arg,0.6487,0.6240
2851,camille,0.6486,0.6167
2852,bit,0.6486,0.6161
2853,l'espoir,0.6486,0.4553
2854,augure,0.6485,0.4746
2855,mains,0.6485,0.6178
2856,folle,0.6485,0.6132
2857,garant,0.6484,0.4760
2858,arbitraire,0.6483,0.4850
2859,l'adresse,0.6483,0.5433
2860,reconnue,0.6483,0.6016
2861,philo,0.6482,0.6327
2862,fendu,0.6482,0.6684
2863,fermes,0.6481,0.6581
2864,eii,0.6480,0.6035
2865,sti,0.6480,0.5466
2866,ancienne,0.6479,0.6461
2867,faculté,0.6479,0.7275
2868,marqué,0.6478,0.6249
2869,continuels,0.6477,0.6900
2870,sauf,0.6477,0.6659
2871,lés,0.6476,0.5860
2872,chauffée,0.6476,0.5804
2873,appréhender,0.6476,0.4836
2874,uli,0.6476,0.5311
2875,visible,0.6476,0.5460
2876,transports,0.6475,0.5359
2877,infideles,0.6475,0.6286
2878,jouis,0.6475,0.4398
2879,logis,0.6475,0.5472
2880,semblables,0.6474,0.4295
2881,vivroit,0.6474,0.5563
2882,produisoit,0.6474,0.5374
2883,fid,0.6474,0.4907
2884,mutuel,0.6473,0.5146
2885,grotius,0.6473,0.7185
2886,équitable,0.6473,0.4618
2887,d'endroits,0.6472,0.6914
2888,en,0.6472,0.4848
2889,romain,0.6472,0.6648
2890,fible,0.6472,0.5839
2891,alfez,0.6470,0.5246
2892,icur,0.6469,0.5271
2893,citoyen,0.6469,0.6276
2894,plans,0.6467,0.4408
2895,extraction,0.6467,0.5230
2896,bienheureux,0.6466,0.6829
2897,héroïque,0.6466,0.5363
2898,mine,0.6466,0.4774
2899,vraiment,0.6466,0.4199
2900,ino,0.6465,0.5515
2901,peril,0.6465,0.5914
2902,sueur,0.6464,0.5609
2903,seil,0.6464,0.5510
2904,ouf,0.6464,0.6365
2905,dénombrement,0.6464,0.5075
2906,emprunte,0.6463,0.6418
2907,oa,0.6463,0.5708
2908,excès,0.6463,0.5980
2909,chez,0.6462,0.5998
2910,vf,0.6462,0.6500
2911,adopté,0.6461,0.4024
2912,l'humeur,0.6461,0.6769
2913,at,0.6460,0.5962
2914,invite,0.6459,0.4603
2915,fions,0.6459,0.5930
2916,révolte,0.6459,0.5450
2917,dic,0.6458,0.5546
2918,ramasser,0.6458,0.5951
2919,îles,0.6458,0.4779
2920,obligez,0.6458,0.5114
2921,d'espérance,0.6458,0.5177
2922,fonr,0.6457,0.4871
2923,jes,0.6457,0.5899
2924,communion,0.6457,0.5913
2925,fra,0.6457,0.5643
2926,georges,0.6457,0.5012
2927,marne,0.6456,0.5305
2928,inviolable,0.6456,0.4865
2929,tai,0.6456,0.5364
2930,descente,0.6456,0.6816
2931,éclairer,0.6456,0.4277
2932,qlue,0.6454,0.6211
2933,gnes,0.6454,0.6239
2934,incomparablement,0.6454,0.6019
2935,entretien,0.6453,0.5689
2936,convenus,0.6453,0.4748
2937,ion,0.6453,0.5555
2938,man,0.6453,0.6440
2939,milice,0.6452,0.5627
2940,représentation,0.6452,0.4605
2941,gue,0.6452,0.6585
2942,d'exciter,0.6451,0.4843
2943,cel,0.6451,0.6128
2944,l'officier,0.6450,0.6275
2945,tribune,0.6450,0.4646
2946,noce,0.6450,0.6102
2947,mii,0.6450,0.5227
2948,veri,0.6449,0.5620
2949,disposé,0.6449,0.6920
2950,polie,0.6449,0.5265
2951,d'ame,0.6448,0.5716
2952,td,0.6448,0.4897
2953,vei,0.6447,0.5627
2954,uir,0.6447,0.5807
2955,clu,0.6446,0.5594
2956,auparavant,0.6446,0.6263
2957,lir,0.6445,0.5540
2958,tenta,0.6445,0.5359
2959,tota,0.6444,0.4740
2960,efforts,0.6444,0.6735
2961,l'illustre,0.6444,0.4411
2962,prévoir,0.6444,0.5509
2963,christianisme,0.6444,0.6837
2964,méprisé,0.6444,0.4764
2965,lp,0.6444,0.4569
2966,ra,0.6444,0.5377
2967,soulagement,0.6443,0.6446
2968,moindre,0.6443,0.7137
2969,tio,0.6443,0.5102
2970,cell,0.6442,0.6706
2971,dn,0.6442,0.5158
2972,ire,0.6441,0.5112
2973,for,0.6441,0.6299
2974,fourberie,0.6441,0.5488
2975,lm,0.6440,0.4804
2976,maire,0.6440,0.5873
2977,uv,0.6440,0.4970
2978,hazarder,0.6440,0.5308
2979,pt,0.6440,0.5120
2980,puisque,0.6439,0.6653
2981,qu,0.6439,0.5207
2982,monument,0.6439,0.6749
2983,boiteux,0.6439,0.6077
2984,voiture,0.6438,0.4569
2985,l'utilité,0.6438,0.5017
2986,donr,0.6438,0.5604
2987,forge,0.6437,0.5413
2988,qu'avant,0.6437,0.5087
2989,perfectionner,0.6437,0.5958
2990,amène,0.6436,0.4320
2991,saxe,0.6436,0.5248
2992,train,0.6436,0.6482
2993,aveuglément,0.6436,0.5557
2994,compose,0.6435,0.5385
2995,ord,0.6435,0.5706
2996,devenu,0.6435,0.6773
2997,nôtre,0.6435,0.4480
2998,l'animal,0.6434,0.5907
2999,gar,0.6434,0.6101
3000,dupe,0.6434,0.6752
3001,carlos,0.6434,0.5335
3002,soi,0.6433,0.5213
3003,jusqu'i,0.6433,0.5314
3004,desespoir,0.6432,0.6620
3005,pasté,0.6430,0.5373
3006,recolte,0.6430,0.6363
3007,ranger,0.6430,0.5957
3008,pend,0.6430,0.5218
3009,militaire,0.6429,0.6773
3010,l'entretien,0.6429,0.6752
3011,lès,0.6429,0.5775
3012,laboureurs,0.6428,0.4405
3013,polir,0.6428,0.5791
3014,subsister,0.6428,0.6203
3015,tail,0.6427,0.6534
3016,avcc,0.6426,0.5892
3017,raisonne,0.6426,0.5866
3018,j'espere,0.6426,0.6675
3019,js,0.6425,0.5301
3020,pcur,0.6425,0.6261
3021,satisfaits,0.6425,0.5135
3022,aur,0.6425,0.5697
3023,cannes,0.6425,0.5487
3024,lin,0.6424,0.5874
3025,perfon,0.6424,0.5764
3026,rompu,0.6424,0.6196
3027,empêchement,0.6423,0.6399
3028,iai,0.6423,0.4888
3029,l'appel,0.6422,0.5987
3030,or,0.6422,0.5753
3031,tris,0.6421,0.5203
3032,pécher,0.6420,0.6012
3033,déterminé,0.6420,0.5787
3034,prochaine,0.6420,0.6540
3035,ip,0.6420,0.4959
3036,rur,0.6420,0.5837
3037,et,0.6419,0.3893
3038,exercée,0.6418,0.7220
3039,potes,0.6418,0.3988
3040,vent,0.6418,0.6895
3041,l'humanité,0.6417,0.4830
3042,fou,0.6417,0.5920
3043,mort,0.6416,0.5628
3044,tiers,0.6415,0.5340
3045,politiques,0.6415,0.4365
3046,pis,0.6415,0.5584
3047,loué,0.6414,0.5581
3048,cirque,0.6414,0.4468
3049,ail,0.6413,0.5730
3050,ort,0.6413,0.5657
3051,parée,0.6413,0.5888
3052,objets,0.6412,0.4977
3053,scie,0.6412,0.5302
3054,queles,0.6412,0.5144
3055,effets,0.6411,0.6371
3056,affoiblir,0.6411,0.5015
3057,eurs,0.6411,0.5499
3058,an,0.6411,0.5329
3059,humaine,0.6411,0.5215
3060,exactement,0.6411,0.4898
3061,davantage,0.6411,0.5363
3062,redouter,0.6410,0.4752
3063,l'os,0.6409,0.6242
3064,perde,0.6408,0.5840
3065,paître,0.6408,0.5843
3066,d'oi,0.6408,0.4614
3067,duo,0.6408,0.5220
3068,moindres,0.6408,0.7398
3069,d'intelligence,0.6407,0.5344
3070,angloise,0.6406,0.7210
3071,ncr,0.6406,0.5598
3072,préférence,0.6406,0.4344
3073,joints,0.6405,0.4733
3074,fri,0.6405,0.6368
3075,altesse,0.6405,0.6605
3076,pei,0.6404,0.5425
3077,naitre,0.6403,0.4819
3078,examinons,0.6403,0.5359
3079,redevable,0.6402,0.6158
3080,stes,0.6402,0.5656
3081,haute,0.6402,0.6923
3082,surle,0.6402,0.5696
3083,mime,0.6402,0.6366
3084,place,0.6401,0.5943
3085,tranquille,0.6401,0.4530
3086,pourri,0.6401,0.5382
3087,d'instrumens,0.6400,0.6148
3088,servitude,0.6400,0.4321
3089,seule,0.6400,0.6726
3090,vraie,0.6400,0.5878
3091,fée,0.6400,0.6694
3092,lair,0.6400,0.6232
3093,iens,0.6399,0.5701
3094,abominable,0.6398,0.6154
3095,nf,0.6398,0.5020
3096,dangereux,0.6398,0.5931
3097,perdues,0.6398,0.4842
3098,représenta,0.6397,0.4942
3099,falle,0.6397,0.5479
3100,libres,0.6397,0.4700
3101,etr,0.6397,0.5864
3102,t'il,0.6397,0.5504
3103,sons,0.6396,0.5726
3104,refert,0.6396,0.4827
3105,l'expérience,0.6396,0.5017
3106,fi,0.6396,0.5673
3107,téméraire,0.6395,0.6039
3108,manifeste,0.6395,0.4676
3109,l'avocat,0.6395,0.5625
3110,amas,0.6395,0.6919
3111,bles,0.6395,0.5730
3112,ajoutée,0.6395,0.3964
3113,suspendu,0.6395,0.6460
3114,raux,0.6394,0.6908
3115,sacrifices,0.6394,0.5094
3116,ps,0.6394,0.5631
3117,cachez,0.6394,0.3732
3118,fois,0.6392,0.7048
3119,iion,0.6392,0.5613
3120,so,0.6392,0.6044
3121,hem,0.6391,0.5353
3122,fane,0.6391,0.5807
3123,l'avarice,0.6391,0.5712
3124,lrs,0.6390,0.5309
3125,dispute,0.6390,0.5575
3126,oti,0.6390,0.5957
3127,vendant,0.6390,0.5069
3128,changea,0.6390,0.6044
3129,exemplaire,0.6389,0.4765
3130,pairie,0.6389,0.5745
3131,fard,0.6389,0.5535
3132,secrette,0.6388,0.6070
3133,s'explique,0.6388,0.5027
3134,extérieur,0.6387,0.5071
3135,ibidem,0.6386,0.6902
3136,baptiste,0.6384,0.6082
3137,prote,0.6384,0.5639
3138,président,0.6384,0.6066
3139,cii,0.6384,0.5434
3140,delits,0.6383,0.6600
3141,retenu,0.6383,0.4301
3142,l'c,0.6383,0.5492
3143,couronnée,0.6381,0.6214
3144,originairement,0.6381,0.4873
3145,tutelle,0.6380,0.5461
3146,timidité,0.6380,0.4810
3147,perse,0.6380,0.5011
3148,ouverture,0.6380,0.5765
3149,refaire,0.6380,0.5433
3150,dle,0.6380,0.5069
3151,cal,0.6379,0.6686
3152,diminuant,0.6379,0.5126
3153,paisible,0.6379,0.4929
3154,antre,0.6378,0.4621
3155,liege,0.6378,0.5665
3156,d'entre,0.6378,0.5872
3157,naturellement,0.6378,0.7020
3158,ioi,0.6378,0.5297
3159,mule,0.6377,0.6396
3160,lorf,0.6377,0.6243
3161,banni,0.6377,0.6216
3162,fantaisie,0.6376,0.6117
3163,semaine,0.6376,0.5917
3164,heureusement,0.6375,0.4737
3165,nde,0.6375,0.5317
3166,sage,0.6374,0.6017
3167,restant,0.6373,0.5814
3168,grossiere,0.6373,0.4383
3169,tantôt,0.6373,0.6510
3170,vifible,0.6372,0.5014
3171,miracle,0.6372,0.6414
3172,droiture,0.6372,0.5220
3173,équivoques,0.6371,0.5099
3174,détruite,0.6371,0.4069
3175,religieuse,0.6371,0.4736
3176,consent,0.6371,0.4634
3177,barreau,0.6370,0.5102
3178,nage,0.6370,0.6233
3179,diver,0.6370,0.6095
3180,laissés,0.6370,0.4660
3181,i'e,0.6370,0.5377
3182,secretes,0.6369,0.4809
3183,reflux,0.6368,0.5818
3184,beaucoup,0.6368,0.6354
3185,saluer,0.6368,0.6072
3186,dépen,0.6368,0.5550
3187,lare,0.6367,0.6524
3188,zooo,0.6366,0.5184
3189,changeant,0.6366,0.5381
3190,pari,0.6366,0.6034
3191,muette,0.6365,0.5831
3192,mandement,0.6365,0.4979
3193,échapper,0.6365,0.5701
3194,chaque,0.6364,0.6195
3195,ordonnent,0.6363,0.4595
3196,ern,0.6363,0.5952
3197,tré,0.6363,0.5756
3198,légèrement,0.6363,0.5930
3199,laifle,0.6363,0.5612
3200,abuse,0.6363,0.3846
3201,caf,0.6363,0.6685
3202,apprentifs,0.6363,0.5593
3203,précisément,0.6363,0.5408
3204,prcs,0.6361,0.5183
3205,spectateur,0.6361,0.5291
3206,mor,0.6360,0.6199
3207,armé,0.6360,0.6174
3208,dialogue,0.6359,0.4442
3209,nées,0.6359,0.4807
3210,joignant,0.6359,0.5339
3211,d'autrui,0.6359,0.5028
3212,nez,0.6359,0.4624
3213,joyeux,0.6358,0.5844
3214,tend,0.6357,0.6140
3215,ette,0.6357,0.5693
3216,tos,0.6357,0.5136
3217,parade,0.6356,0.5461
3218,formes,0.6355,0.5784
3219,taxé,0.6355,0.5721
3220,d'intérêt,0.6355,0.5198
3221,l'exil,0.6355,0.5197
3222,fréquens,0.6355,0.6199
3223,defaire,0.6355,0.5690
3224,luimême,0.6354,0.5702
3225,estimé,0.6353,0.5417
3226,comparé,0.6353,0.4771
3227,ko,0.6353,0.5994
3228,vc,0.6351,0.5183
3229,dépositaire,0.6351,0.5157
3230,fir,0.6351,0.5895
3231,vendit,0.6351,0.6462
3232,plut,0.6351,0.5916
3233,l'apparence,0.6351,0.5302
3234,distinction,0.6351,0.6136
3235,pafe,0.6350,0.5773
3236,censeur,0.6350,0.5322
3237,merite,0.6350,0.4875
3238,ch,0.6349,0.6422
3239,lile,0.6349,0.6074
3240,vuide,0.6349,0.4715
3241,lune,0.6348,0.5881
3242,certainement,0.6348,0.4738
3243,l'art,0.6348,0.5064
3244,den,0.6348,0.5576
3245,dut,0.6348,0.3985
3246,grèce,0.6347,0.4223
3247,sensiblement,0.6347,0.5357
3248,ccr,0.6347,0.5165
3249,lainer,0.6347,0.5316
3250,lf,0.6346,0.5881
3251,drs,0.6346,0.5747
3252,set,0.6346,0.6256
3253,har,0.6345,0.6704
3254,trajan,0.6344,0.5407
3255,cla,0.6344,0.5974
3256,tracer,0.6343,0.6367
3257,commandeur,0.6343,0.5284
3258,die,0.6343,0.6178
3259,ourles,0.6343,0.5241
3260,rum,0.6342,0.4478
3261,vo,0.6341,0.5886
3262,diable,0.6341,0.7132
3263,affermir,0.6341,0.4565
3264,participer,0.6341,0.4520
3265,hie,0.6340,0.5254
3266,réglées,0.6340,0.4765
3267,cll,0.6340,0.5701
3268,iri,0.6339,0.4694
3269,d'apporter,0.6339,0.4708
3270,insérieure,0.6339,0.5233
3271,décide,0.6339,0.4680
3272,appar,0.6338,0.4940
3273,l'oraison,0.6338,0.6172
3274,genéraux,0.6338,0.5062
3275,fem,0.6338,0.6122
3276,ess,0.6337,0.5150
3277,mas,0.6337,0.6085
3278,nte,0.6337,0.5144
3279,s'informer,0.6337,0.6699
3280,éternellement,0.6336,0.6559
3281,galeres,0.6336,0.6414
3282,primes,0.6336,0.4881
3283,ccla,0.6336,0.5932
3284,maligne,0.6336,0.5572
3285,meuble,0.6335,0.5523
3286,publia,0.6334,0.5942
3287,ices,0.6334,0.5556
3288,cq,0.6334,0.5289
3289,mia,0.6334,0.5615
3290,d'admiration,0.6333,0.5866
3291,soutint,0.6333,0.5888
3292,barbarie,0.6333,0.4942
3293,d'l,0.6333,0.5312
3294,voye,0.6332,0.5044
3295,prescrites,0.6332,0.5819
3296,chapelain,0.6332,0.6427
3297,cesar,0.6332,0.5051
3298,regis,0.6331,0.4867
3299,uri,0.6331,0.6360
3300,dirc,0.6331,0.6413
3301,parti,0.6331,0.5701
3302,fire,0.6331,0.5571
3303,défendue,0.6331,0.6376
3304,han,0.6330,0.6666
3305,perdre,0.6329,0.5425
3306,pression,0.6329,0.5074
3307,lieurs,0.6329,0.5880
3308,inhumaine,0.6328,0.4767
3309,suffisantes,0.6328,0.5651
3310,iiv,0.6328,0.4965
3311,l'horreur,0.6327,0.5904
3312,haut,0.6327,0.6559
3313,changer,0.6327,0.6364
3314,examinez,0.6327,0.6260
3315,l'épée,0.6326,0.6406
3316,leveur,0.6326,0.5409
3317,chers,0.6326,0.6248
3318,uti,0.6326,0.5087
3319,silence,0.6326,0.6499
3320,jeu,0.6325,0.4524
3321,maintien,0.6325,0.4034
3322,extreme,0.6325,0.5285
3323,d'oublier,0.6324,0.5805
3324,ub,0.6324,0.4631
3325,manquer,0.6323,0.5657
3326,l'autre,0.6323,0.6252
3327,lli,0.6323,0.4754
3328,pratique,0.6323,0.6138
3329,continuellement,0.6323,0.5051
3330,l'existence,0.6322,0.4358
3331,nettes,0.6322,0.6145
3332,cllc,0.6322,0.5919
3333,rou,0.6321,0.5974
3334,supériorité,0.6321,0.4167
3335,arrêter,0.6321,0.6289
3336,commise,0.6321,0.6356
3337,chré,0.6321,0.5880
3338,aidé,0.6320,0.6387
3339,rapporta,0.6319,0.5025
3340,fouler,0.6319,0.4819
3341,portée,0.6319,0.4049
3342,frapper,0.6318,0.5900
3343,opposition,0.6318,0.6224
3344,tournez,0.6318,0.6010
3345,autres,0.6318,0.5438
3346,onde,0.6318,0.4752
3347,fion,0.6318,0.7377
3348,ri,0.6318,0.5709
3349,fable,0.6317,0.4736
3350,cheres,0.6317,0.6045
3351,tin,0.6317,0.5808
3352,fieur,0.6315,0.6228
3353,fla,0.6315,0.6334
3354,absolu,0.6315,0.5093
3355,eis,0.6314,0.5137
3356,due,0.6314,0.5199
3357,ajoutant,0.6313,0.5520
3358,appui,0.6313,0.6533
3359,ncc,0.6313,0.4331
3360,xx,0.6313,0.6636
3361,l'offre,0.6313,0.4836
3362,incertains,0.6313,0.5444
3363,etant,0.6313,0.5864
3364,gardes,0.6312,0.6068
3365,guéres,0.6312,0.5765
3366,resente,0.6312,0.5203
3367,dti,0.6312,0.5230
3368,légers,0.6311,0.5950
3369,heu,0.6311,0.6279
3370,posséder,0.6311,0.4800
3371,cic,0.6311,0.5417
3372,septime,0.6310,0.4835
3373,l'ardeur,0.6310,0.5939
3374,l'etre,0.6310,0.5673
3375,journées,0.6310,0.5894
3376,modele,0.6310,0.5086
3377,quel,0.6310,0.6007
3378,d'honneur,0.6310,0.6013
3379,tuiles,0.6309,0.5149
3380,lg,0.6309,0.5041
3381,conde,0.6309,0.5783
3382,roy,0.6309,0.4315
3383,ordonnées,0.6309,0.5367
3384,français,0.6309,0.4466
3385,confirmer,0.6308,0.6015
3386,fonder,0.6308,0.5270
3387,aflez,0.6308,0.5315
3388,ajoute,0.6308,0.5723
3389,ravage,0.6307,0.5468
3390,scio,0.6307,0.4901
3391,quo,0.6307,0.5308
3392,témoignages,0.6307,0.5690
3393,cnt,0.6306,0.4319
3394,équivoque,0.6306,0.4899
3395,audessus,0.6305,0.5654
3396,côté,0.6304,0.6281
3397,étrangere,0.6304,0.4890
3398,pati,0.6304,0.4508
3399,chrétien,0.6304,0.5315
3400,sertilité,0.6303,0.6038
3401,nio,0.6303,0.5104
3402,dcr,0.6303,0.5454
3403,nue,0.6303,0.5636
3404,prifes,0.6303,0.5653
3405,uin,0.6302,0.5403
3406,iers,0.6302,0.4815
3407,kl,0.6302,0.5527
3408,venire,0.6301,0.4773
3409,assurée,0.6301,0.4730
3410,oro,0.6301,0.4342
3411,égalité,0.6301,0.4903
3412,consequences,0.6301,0.5666
3413,xo,0.6301,0.5198
3414,l'équipage,0.6301,0.6080
3415,bou,0.6301,0.6331
3416,jura,0.6300,0.4339
3417,cantons,0.6299,0.3923
3418,vy,0.6299,0.5445
3419,ax,0.6299,0.5227
3420,négocier,0.6298,0.4374
3421,recommandable,0.6298,0.6196
3422,core,0.6298,0.5107
3423,nettement,0.6298,0.4975
3424,sclon,0.6298,0.6764
3425,florins,0.6297,0.4226
3426,d'elle,0.6297,0.5892
3427,tal,0.6297,0.5843
3428,méme,0.6296,0.5896
3429,opinion,0.6296,0.4700
3430,borner,0.6295,0.4141
3431,fere,0.6295,0.6330
3432,ita,0.6295,0.5204
3433,parricide,0.6294,0.4873
3434,àa,0.6293,0.5863
3435,valable,0.6293,0.6357
3436,abrégé,0.6292,0.5594
3437,cadets,0.6292,0.6170
3438,vol,0.6292,0.5814
3439,repris,0.6290,0.5992
3440,blâme,0.6290,0.4675
3441,incommodé,0.6290,0.5926
3442,chantre,0.6289,0.5691
3443,alternativement,0.6289,0.5297
3444,mutation,0.6288,0.5517
3445,l'au,0.6288,0.5188
3446,tour,0.6288,0.6314
3447,discernement,0.6288,0.6822
3448,sur,0.6287,0.5288
3449,semblable,0.6287,0.6522
3450,ben,0.6287,0.5890
3451,courans,0.6287,0.5384
3452,l'affaire,0.6287,0.5961
3453,ples,0.6286,0.4820
3454,ily,0.6285,0.4820
3455,réserve,0.6285,0.6311
3456,assurément,0.6285,0.4610
3457,act,0.6284,0.5852
3458,df,0.6284,0.5613
3459,campagnes,0.6283,0.4774
3460,fours,0.6283,0.5446
3461,us,0.6283,0.5385
3462,privilege,0.6283,0.5526
3463,véritables,0.6282,0.4608
3464,saisis,0.6282,0.4396
3465,médiocrement,0.6282,0.6190
3466,jj,0.6282,0.6192
3467,faine,0.6282,0.4768
3468,commandez,0.6281,0.4988
3469,marché,0.6281,0.6359
3470,resulte,0.6280,0.5072
3471,convenable,0.6280,0.5941
3472,époque,0.6279,0.6676
3473,engagée,0.6279,0.3977
3474,sauvages,0.6279,0.6061
3475,king,0.6278,0.6299
3476,fermentation,0.6277,0.5383
3477,uni,0.6277,0.5956
3478,latitude,0.6277,0.6225
3479,l'académie,0.6277,0.5019
3480,tranquillement,0.6276,0.6598
3481,lce,0.6276,0.5311
3482,étranger,0.6276,0.6005
3483,m'oblige,0.6276,0.6958
3484,abandon,0.6275,0.5081
3485,cti,0.6275,0.5259
3486,ave,0.6275,0.5436
3487,qu'étant,0.6275,0.7102
3488,coupa,0.6275,0.6677
3489,iel,0.6275,0.5434
3490,l'arrivée,0.6275,0.6044
3491,limon,0.6275,0.4330
3492,sujer,0.6274,0.5091
3493,fout,0.6274,0.6784
3494,l'expression,0.6273,0.6146
3495,d'athenes,0.6273,0.5520
3496,prc,0.6273,0.5707
3497,reprise,0.6272,0.5312
3498,flore,0.6272,0.5523
3499,magno,0.6272,0.3813
3500,jusque,0.6272,0.5530
3501,dud,0.6272,0.5459
3502,fiur,0.6271,0.5662
3503,tle,0.6270,0.5606
3504,conte,0.6270,0.5290
3505,rcn,0.6270,0.5719
3506,retirés,0.6269,0.4619
3507,have,0.6268,0.4510
3508,ila,0.6268,0.5659
3509,terroir,0.6267,0.6128
3510,position,0.6267,0.4257
3511,defense,0.6267,0.5356
3512,disant,0.6267,0.6245
3513,mir,0.6266,0.5801
3514,fendre,0.6266,0.5848
3515,luis,0.6266,0.3661
3516,danse,0.6266,0.5388
3517,tur,0.6265,0.5351
3518,enl,0.6265,0.6239
3519,cn,0.6265,0.5584
3520,s'instruire,0.6265,0.4396
3521,su,0.6265,0.4992
3522,proprio,0.6265,0.5481
3523,bc,0.6264,0.5826
3524,l'attendre,0.6264,0.6613
3525,opere,0.6263,0.4802
3526,discuter,0.6263,0.5632
3527,parier,0.6262,0.5621
3528,normand,0.6262,0.5567
3529,travail,0.6262,0.6870
3530,fortunes,0.6261,0.4104
3531,infinite,0.6261,0.6316
3532,mène,0.6261,0.4726
3533,defrance,0.6261,0.6196
3534,concert,0.6261,0.6095
3535,cur,0.6261,0.5616
3536,sacre,0.6260,0.5171
3537,supposé,0.6260,0.6049
3538,ue,0.6260,0.4860
3539,quanti,0.6259,0.4849
3540,envoyez,0.6259,0.6326
3541,moderne,0.6258,0.5561
3542,exige,0.6258,0.5867
3543,farce,0.6258,0.5373
3544,c'etoit,0.6258,0.5806
3545,oooo,0.6257,0.4793
3546,mécontentement,0.6256,0.4538
3547,note,0.6256,0.5189
3548,l'intelligence,0.6255,0.6463
3549,notoire,0.6255,0.4700
3550,poussée,0.6255,0.5756
3551,d'artifice,0.6255,0.7498
3552,ouverts,0.6255,0.4962
3553,signifient,0.6254,0.5574
3554,sains,0.6254,0.5839
3555,docteur,0.6254,0.4677
3556,temporel,0.6253,0.5683
3557,passera,0.6253,0.5417
3558,enseignes,0.6253,0.5960
3559,cd,0.6253,0.5118
3560,continuelles,0.6253,0.4439
3561,notre,0.6252,0.4723
3562,rci,0.6252,0.4983
3563,qt,0.6251,0.4939
3564,railleries,0.6251,0.3756
3565,casser,0.6251,0.7016
3566,laise,0.6250,0.4861
3567,amateurs,0.6250,0.5800
3568,outré,0.6250,0.5839
3569,close,0.6248,0.6121
3570,mangeant,0.6248,0.6240
3571,do,0.6248,0.5885
3572,ani,0.6248,0.6189
3573,denys,0.6248,0.6026
3574,fon,0.6247,0.4652
3575,confie,0.6247,0.4914
3576,provint,0.6247,0.5795
3577,ponts,0.6246,0.5017
3578,bu,0.6246,0.5390
3579,promptement,0.6246,0.5937
3580,volage,0.6246,0.5853
3581,cartes,0.6246,0.5380
3582,anis,0.6245,0.5699
3583,quand,0.6245,0.6520
3584,conservant,0.6245,0.4997
3585,labours,0.6244,0.5917
3586,qo,0.6244,0.5127
3587,perir,0.6243,0.5837
3588,iro,0.6243,0.4837
3589,avides,0.6243,0.4835
3590,pierre,0.6242,0.6890
3591,louage,0.6242,0.5722
3592,bic,0.6241,0.5494
3593,ment,0.6241,0.6343
3594,labourage,0.6240,0.4750
3595,nes,0.6240,0.5911
3596,multis,0.6240,0.3877
3597,zélé,0.6240,0.4308
3598,suivent,0.6240,0.5890
3599,habité,0.6239,0.6811
3600,cation,0.6239,0.5676
3601,l'usage,0.6239,0.5550
3602,parfaitement,0.6238,0.6577
3603,dominer,0.6238,0.5052
3604,ilr,0.6238,0.5080
3605,s'il,0.6238,0.5514
3606,éclatantes,0.6237,0.5908
3607,fleurir,0.6237,0.6274
3608,arbitre,0.6237,0.5370
3609,mini,0.6237,0.5226
3610,titre,0.6236,0.6129
3611,mcs,0.6236,0.6235
3612,use,0.6235,0.4591
3613,privées,0.6235,0.5178
3614,entierement,0.6235,0.5608
3615,gouvernement,0.6235,0.3862
3616,d'irlande,0.6235,0.5547
3617,d'étendue,0.6235,0.6412
3618,qu'alors,0.6235,0.5573
3619,l'accepter,0.6234,0.6586
3620,présentation,0.6234,0.6412
3621,sévérité,0.6234,0.4973
3622,oe,0.6233,0.5887
3623,contre,0.6233,0.6659
3624,mens,0.6232,0.6215
3625,loca,0.6232,0.4198
3626,contestation,0.6232,0.6130
3627,absolue,0.6231,0.4619
3628,xxxi,0.6231,0.6971
3629,pensée,0.6231,0.5446
3630,cloche,0.6231,0.6656
3631,marqués,0.6231,0.4868
3632,communément,0.6230,0.5590
3633,bo,0.6230,0.4819
3634,distincte,0.6230,0.6056
3635,changé,0.6230,0.6234
3636,iei,0.6229,0.5556
3637,tol,0.6229,0.5539
3638,taut,0.6229,0.5203
3639,civils,0.6228,0.5353
3640,u'ils,0.6228,0.5778
3641,rapporte,0.6227,0.4498
3642,relations,0.6227,0.4109
3643,nomi,0.6227,0.4856
3644,l'entendre,0.6227,0.6087
3645,qii,0.6227,0.5497
3646,tam,0.6227,0.5016
3647,d'officiers,0.6227,0.5826
3648,d'esprit,0.6226,0.5572
3649,contribuer,0.6226,0.5904
3650,hai,0.6226,0.6727
3651,sûreté,0.6226,0.4277
3652,dureté,0.6225,0.4755
3653,vil,0.6225,0.5529
3654,dar,0.6225,0.6125
3655,piquer,0.6224,0.4597
3656,peuplé,0.6224,0.4715
3657,commençant,0.6224,0.5887
3658,recouvrer,0.6224,0.5437
3659,créa,0.6223,0.5321
3660,morts,0.6222,0.6705
3661,quis,0.6222,0.5866
3662,sulpice,0.6222,0.6676
3663,oye,0.6222,0.5782
3664,ambitieux,0.6221,0.4292
3665,l'habit,0.6221,0.5799
3666,prétextes,0.6221,0.5695
3667,scandale,0.6221,0.6346
3668,luxe,0.6220,0.4503
3669,hit,0.6220,0.6005
3670,git,0.6220,0.6369
3671,renaître,0.6219,0.4731
3672,chirurgiens,0.6219,0.7048
3673,raport,0.6219,0.4895
3674,ho,0.6218,0.6743
3675,d'armes,0.6217,0.6941
3676,confesser,0.6216,0.5169
3677,ncs,0.6215,0.5183
3678,talens,0.6215,0.5827
3679,lio,0.6215,0.4527
3680,produits,0.6215,0.4573
3681,oubli,0.6214,0.6024
3682,territoire,0.6214,0.5874
3683,age,0.6214,0.5054
3684,sorte,0.6214,0.5205
3685,excepté,0.6214,0.7000
3686,via,0.6213,0.4874
3687,ance,0.6213,0.5478
3688,mufique,0.6213,0.5810
3689,circulation,0.6213,0.4345
3690,fons,0.6212,0.6083
3691,rouleau,0.6212,0.5078
3692,s'unir,0.6211,0.4778
3693,examen,0.6211,0.5722
3694,empêcha,0.6211,0.5593
3695,dele,0.6211,0.6558
3696,d'admirer,0.6211,0.5168
3697,l'absence,0.6210,0.5409
3698,fécond,0.6210,0.5063
3699,tenans,0.6209,0.6351
3700,citation,0.6209,0.4645
3701,quele,0.6209,0.5833
3702,venant,0.6208,0.5743
3703,pique,0.6208,0.4586
3704,with,0.6208,0.4807
3705,attentive,0.6208,0.5184
3706,das,0.6208,0.5910
3707,uu,0.6207,0.5475
3708,pil,0.6207,0.5620
3709,séparés,0.6206,0.4753
3710,nia,0.6206,0.6056
3711,cj,0.6205,0.4807
3712,iiii,0.6205,0.5352
3713,d'exemple,0.6204,0.5688
3714,oin,0.6204,0.5364
3715,marchande,0.6204,0.5505
3716,mos,0.6204,0.5060
3717,protester,0.6204,0.4969
3718,goutte,0.6204,0.4908
3719,methode,0.6203,0.5410
3720,dette,0.6203,0.5308
3721,livrées,0.6203,0.5051
3722,vainement,0.6202,0.5451
3723,unies,0.6201,0.5395
3724,rochelle,0.6200,0.5250
3725,ao,0.6200,0.4856
3726,roes,0.6200,0.5105
3727,maréchaux,0.6199,0.5937
3728,contradictions,0.6199,0.4147
3729,ries,0.6199,0.5397
3730,ant,0.6199,0.5732
3731,toscane,0.6198,0.5986
3732,gaules,0.6198,0.5743
3733,j'avoue,0.6198,0.5866
3734,foit,0.6198,0.5203
3735,prétendu,0.6198,0.5948
3736,retrancher,0.6198,0.6181
3737,solitaire,0.6198,0.5440
3738,uo,0.6197,0.4760
3739,ifr,0.6197,0.6355
3740,recevez,0.6197,0.5516
3741,formelle,0.6197,0.4091
3742,gues,0.6197,0.5719
3743,d'accorder,0.6197,0.6108
3744,tableau,0.6197,0.5180
3745,limites,0.6196,0.4324
3746,ns,0.6196,0.4810
3747,icn,0.6196,0.5176
3748,l'entendement,0.6195,0.5005
3749,canada,0.6195,0.5370
3750,allumer,0.6195,0.5029
3751,bus,0.6195,0.5130
3752,causc,0.6194,0.6288
3753,ressources,0.6194,0.3557
3754,d'exiger,0.6194,0.4340
3755,sortie,0.6193,0.5793
3756,exemptions,0.6193,0.4379
3757,exempts,0.6193,0.4112
3758,cale,0.6193,0.6155
3759,jou,0.6192,0.5812
3760,qu'el,0.6191,0.4831
3761,retenant,0.6190,0.6266
3762,noyer,0.6190,0.5463
3763,précieux,0.6190,0.6167
3764,cenfure,0.6190,0.5283
3765,ressorts,0.6189,0.5303
3766,tf,0.6189,0.5100
3767,varie,0.6188,0.4648
3768,presente,0.6187,0.5461
3769,frein,0.6187,0.4055
3770,vcrs,0.6187,0.5923
3771,lur,0.6187,0.5611
3772,d'attirer,0.6187,0.5220
3773,ilest,0.6186,0.5730
3774,impression,0.6186,0.5043
3775,s'avancer,0.6186,0.4741
3776,pouvoirs,0.6186,0.6362
3777,coûta,0.6186,0.6343
3778,ld,0.6185,0.4666
3779,xii,0.6185,0.6756
3780,s'appellent,0.6185,0.6597
3781,irc,0.6185,0.4891
3782,royale,0.6184,0.6215
3783,l'après,0.6184,0.6484
3784,vizirs,0.6183,0.5781
3785,az,0.6183,0.5195
3786,commet,0.6183,0.5095
3787,oul,0.6182,0.5499
3788,subit,0.6182,0.5294
3789,inclination,0.6182,0.5710
3790,nombreuses,0.6181,0.4097
3791,produites,0.6181,0.6328
3792,acres,0.6180,0.5266
3793,anc,0.6180,0.5829
3794,faisant,0.6180,0.5509
3795,réciproque,0.6180,0.4612
3796,symbole,0.6179,0.4860
3797,ecrire,0.6179,0.6706
3798,compagne,0.6179,0.6662
3799,revers,0.6179,0.5413
3800,voile,0.6179,0.6053
3801,jointes,0.6178,0.6065
3802,scroit,0.6178,0.5909
3803,dm,0.6178,0.5319
3804,s'ef,0.6178,0.4566
3805,ition,0.6177,0.5910
3806,auili,0.6177,0.5455
3807,têtes,0.6176,0.5523
3808,déchirer,0.6176,0.4983
3809,crt,0.6176,0.5331
3810,suffi,0.6176,0.7230
3811,terme,0.6176,0.3978
3812,confidence,0.6175,0.5788
3813,cri,0.6175,0.4500
3814,mille,0.6175,0.5185
3815,xlv,0.6174,0.7058
3816,rappeler,0.6173,0.4956
3817,distinctement,0.6173,0.6496
3818,renommée,0.6172,0.6530
3819,préalable,0.6172,0.4210
3820,tourmente,0.6171,0.4865
3821,ejt,0.6171,0.4747
3822,prisonniers,0.6170,0.5959
3823,censeurs,0.6170,0.4819
3824,dons,0.6168,0.5689
3825,jérusalem,0.6168,0.4710
3826,lustre,0.6167,0.6252
3827,tontes,0.6167,0.5938
3828,epi,0.6167,0.5689
3829,subalternes,0.6167,0.6252
3830,lne,0.6167,0.5291
3831,piu,0.6166,0.5444
3832,court,0.6165,0.5248
3833,coute,0.6165,0.4522
3834,mimes,0.6165,0.5394
3835,éclairé,0.6164,0.5480
3836,chaire,0.6163,0.6418
3837,s'appelle,0.6163,0.5654
3838,préfence,0.6162,0.4804
3839,défenfe,0.6162,0.4367
3840,sci,0.6161,0.5815
3841,paroitra,0.6161,0.5456
3842,prime,0.6160,0.6277
3843,teindre,0.6160,0.5204
3844,fourmis,0.6160,0.5240
3845,moyennant,0.6160,0.6700
3846,soumise,0.6159,0.4458
3847,famine,0.6159,0.4458
3848,cesse,0.6159,0.4796
3849,sucres,0.6158,0.5363
3850,proportionnée,0.6158,0.5288
3851,parole,0.6158,0.6226
3852,écarter,0.6158,0.5982
3853,troublé,0.6158,0.6293
3854,major,0.6158,0.5369
3855,pleure,0.6158,0.5662
3856,neuve,0.6158,0.6827
3857,concurrence,0.6157,0.4534
3858,ix,0.6157,0.6202
3859,present,0.6156,0.5372
3860,l'en,0.6156,0.6487
3861,bian,0.6155,0.5237
3862,bannis,0.6155,0.4988
3863,repond,0.6155,0.5915
3864,l'effort,0.6155,0.4983
3865,satisfaire,0.6155,0.5791
3866,importante,0.6154,0.6052
3867,regardez,0.6153,0.5073
3868,implacable,0.6153,0.5529
3869,prt,0.6153,0.6109
3870,démon,0.6153,0.6490
3871,cia,0.6153,0.4989
3872,taillis,0.6153,0.5687
3873,ptolomée,0.6153,0.6099
3874,secondé,0.6152,0.5132
3875,d'observer,0.6152,0.5822
3876,l'incertitude,0.6152,0.5268
3877,insupportable,0.6152,0.4362
3878,modes,0.6152,0.4871
3879,veni,0.6151,0.6216
3880,ler,0.6151,0.5580
3881,théâtre,0.6151,0.5633
3882,formoit,0.6150,0.6103
3883,dest,0.6150,0.6280
3884,regagner,0.6149,0.6330
3885,rre,0.6149,0.5114
3886,publication,0.6149,0.5533
3887,souveraine,0.6149,0.4678
3888,prive,0.6148,0.4186
3889,demeure,0.6148,0.6207
3890,aj,0.6147,0.4972
3891,correspondance,0.6147,0.4879
3892,aufll,0.6147,0.6679
3893,aimant,0.6146,0.5728
3894,verse,0.6146,0.3873
3895,pou,0.6145,0.4799
3896,cns,0.6145,0.4956
3897,xlviii,0.6144,0.6695
3898,découverte,0.6144,0.6070
3899,occupent,0.6143,0.5069
3900,dy,0.6143,0.6054
3901,accompagne,0.6143,0.5324
3902,arr,0.6142,0.5333
3903,tragique,0.6141,0.5007
3904,timides,0.6141,0.4470
3905,quii,0.6141,0.5326
3906,iter,0.6141,0.4181
3907,origine,0.6141,0.6052
3908,prétendus,0.6140,0.4485
3909,ro,0.6140,0.5284
3910,nce,0.6140,0.5035
3911,pese,0.6140,0.4843
3912,qr,0.6139,0.5156
3913,icr,0.6139,0.4754
3914,luit,0.6139,0.5206
3915,julie,0.6138,0.5463
3916,l'anglois,0.6138,0.5113
3917,icu,0.6138,0.5447
3918,college,0.6138,0.6424
3919,tue,0.6138,0.4716
3920,fortifications,0.6137,0.4807
3921,cot,0.6137,0.5391
3922,espace,0.6137,0.6112
3923,ram,0.6137,0.4730
3924,aut,0.6136,0.5967
3925,ect,0.6135,0.5181
3926,achille,0.6135,0.5466
3927,iie,0.6135,0.5356
3928,obscur,0.6135,0.4804
3929,th,0.6135,0.5791
3930,acquerir,0.6134,0.5807
3931,eo,0.6134,0.5333
3932,long,0.6134,0.6615
3933,indignation,0.6134,0.5558
3934,qu'ils,0.6133,0.6141
3935,lient,0.6133,0.4315
3936,conjecture,0.6132,0.5608
3937,lz,0.6132,0.4832
3938,multiplié,0.6132,0.6398
3939,iss,0.6131,0.5974
3940,digestion,0.6131,0.6310
3941,cham,0.6131,0.5383
3942,fréquent,0.6131,0.5637
3943,robert,0.6130,0.4946
3944,toits,0.6130,0.4458
3945,int,0.6129,0.5163
3946,sejour,0.6129,0.6187
3947,changement,0.6129,0.6243
3948,qli,0.6129,0.5175
3949,médecine,0.6128,0.5581
3950,griefs,0.6128,0.6060
3951,ray,0.6127,0.6235
3952,rôles,0.6127,0.5034
3953,vir,0.6127,0.6381
3954,lef,0.6126,0.5990
3955,distingue,0.6126,0.5750
3956,exploit,0.6125,0.3775
3957,exercé,0.6125,0.5249
3958,forts,0.6125,0.6164
3959,succéder,0.6125,0.4289
3960,ard,0.6125,0.5198
3961,aucunement,0.6125,0.5914
3962,ministre,0.6125,0.4777
3963,fumer,0.6125,0.5673
3964,étude,0.6124,0.5924
3965,gle,0.6124,0.6161
3966,feuille,0.6123,0.5756
3967,l'agitation,0.6123,0.4964
3968,tombées,0.6123,0.4755
3969,contribution,0.6123,0.4244
3970,d'or,0.6123,0.5817
3971,lb,0.6123,0.6267
3972,lee,0.6123,0.6211
3973,solliciter,0.6122,0.5873
3974,dro,0.6122,0.5583
3975,vertueux,0.6122,0.5664
3976,marine,0.6121,0.4815
3977,ml,0.6121,0.4896
3978,iar,0.6121,0.5156
3979,imparfaite,0.6121,0.5936
3980,fii,0.6120,0.5498
3981,poignard,0.6120,0.5048
3982,loyers,0.6120,0.5667
3983,persuade,0.6119,0.6089
3984,domestique,0.6119,0.5541
3985,dont,0.6119,0.6274
3986,poids,0.6119,0.7052
3987,avc,0.6118,0.5477
3988,gile,0.6118,0.6679
3989,convaincus,0.6118,0.4356
3990,laye,0.6118,0.5040
3991,contrat,0.6117,0.5002
3992,tics,0.6117,0.5610
3993,fom,0.6117,0.5191
3994,menti,0.6117,0.5000
3995,aine,0.6117,0.5105
3996,lâcheté,0.6116,0.4429
3997,vires,0.6115,0.4969
3998,bre,0.6115,0.4683
3999,enfuite,0.6115,0.5601
4000,lls,0.6115,0.5671
4001,décrit,0.6114,0.5664
4002,mesuré,0.6114,0.5680
4003,volonté,0.6114,0.5317
4004,doubles,0.6114,0.5119
4005,folles,0.6114,0.5080
4006,comparaison,0.6114,0.6005
4007,nm,0.6114,0.4827
4008,romaines,0.6114,0.4828
4009,nullité,0.6114,0.5682
4010,mau,0.6113,0.5748
4011,prisons,0.6113,0.6571
4012,frais,0.6113,0.5948
4013,era,0.6112,0.4670
4014,fint,0.6112,0.4574
4015,pete,0.6111,0.5299
4016,confirma,0.6111,0.5553
4017,vis,0.6111,0.6089
4018,bruit,0.6110,0.5403
4019,d'équité,0.6110,0.5501
4020,bai,0.6110,0.5531
4021,française,0.6108,0.4952
4022,propreté,0.6108,0.5775
4023,devienne,0.6108,0.5205
4024,toison,0.6108,0.5033
4025,conclusion,0.6107,0.6017
4026,aides,0.6107,0.6493
4027,abandonna,0.6107,0.5445
4028,mortel,0.6107,0.5517
4029,tranquilles,0.6107,0.4695
4030,furies,0.6106,0.6205
4031,dux,0.6106,0.5310
4032,membre,0.6106,0.5036
4033,super,0.6106,0.5550
4034,dt,0.6106,0.4820
4035,poudres,0.6106,0.4563
4036,cloître,0.6106,0.4764
4037,tonne,0.6105,0.5535
4038,general,0.6105,0.5056
4039,profondes,0.6105,0.3999
4040,rle,0.6105,0.5260
4041,normandie,0.6104,0.5227
4042,enceinte,0.6103,0.5891
4043,icl,0.6103,0.5204
4044,ei,0.6102,0.4720
4045,hautes,0.6101,0.6248
4046,prisonnier,0.6101,0.5650
4047,es,0.6101,0.4369
4048,l'afie,0.6101,0.5170
4049,l'humilité,0.6101,0.5908
4050,pardevant,0.6100,0.6149
4051,traversé,0.6100,0.6451
4052,purifier,0.6100,0.5777
4053,destruction,0.6099,0.4309
4054,ombres,0.6099,0.5376
4055,pratiquée,0.6099,0.5414
4056,ens,0.6098,0.5375
4057,saie,0.6098,0.6824
4058,hol,0.6098,0.5532
4059,tt,0.6097,0.5523
4060,corinthe,0.6097,0.5162
4061,out,0.6096,0.5794
4062,ome,0.6095,0.5944
4063,riens,0.6095,0.5654
4064,baleine,0.6095,0.6918
4065,ingrate,0.6094,0.5764
4066,brusque,0.6094,0.5041
4067,chacun,0.6094,0.6273
4068,rient,0.6094,0.6066
4069,condition,0.6093,0.6103
4070,millions,0.6093,0.5406
4071,pairs,0.6093,0.5628
4072,proches,0.6093,0.6033
4073,ridicule,0.6092,0.6432
4074,pret,0.6092,0.7718
4075,forger,0.6092,0.6085
4076,meilleur,0.6092,0.6276
4077,rotterdam,0.6091,0.5213
4078,habitudes,0.6091,0.3786
4079,attribut,0.6090,0.4954
4080,iun,0.6089,0.5502
4081,pareils,0.6088,0.5504
4082,valois,0.6088,0.5106
4083,ensorte,0.6088,0.5328
4084,ois,0.6087,0.4963
4085,retrouve,0.6087,0.3644
4086,cuite,0.6087,0.4726
4087,marche,0.6087,0.5853
4088,membres,0.6086,0.6297
4089,système,0.6086,0.4260
4090,cetter,0.6085,0.5665
4091,colle,0.6085,0.5123
4092,cap,0.6085,0.5814
4093,opera,0.6084,0.5997
4094,publics,0.6084,0.5727
4095,relevée,0.6084,0.5072
4096,enregistrées,0.6084,0.4061
4097,arabes,0.6084,0.4785
4098,oil,0.6083,0.5614
4099,fidelité,0.6083,0.5309
4100,l'heureux,0.6083,0.6699
4101,envoye,0.6082,0.6046
4102,dil,0.6082,0.5376
4103,beau,0.6082,0.6341
4104,crient,0.6082,0.4724
4105,cessez,0.6082,0.5457
4106,domine,0.6081,0.4867
4107,retenus,0.6081,0.4813
4108,uf,0.6081,0.5732
4109,louvois,0.6081,0.6073
4110,hauteurs,0.6081,0.4210
4111,dela,0.6081,0.6408
4112,agir,0.6080,0.6069
4113,l'exercice,0.6080,0.5041
4114,sales,0.6079,0.5812
4115,étrangère,0.6079,0.4789
4116,politique,0.6079,0.4342
4117,berry,0.6079,0.6079
4118,palatin,0.6078,0.5252
4119,reprises,0.6078,0.5761
4120,foibles,0.6078,0.5608
4121,l'apprendre,0.6078,0.6051
4122,proposez,0.6077,0.5243
4123,ys,0.6077,0.5113
4124,débiter,0.6077,0.6669
4125,s'empare,0.6077,0.4883
4126,amen,0.6077,0.5349
4127,parfums,0.6077,0.5188
4128,mystere,0.6076,0.5118
4129,récompenses,0.6076,0.6454
4130,face,0.6076,0.4991
4131,passées,0.6075,0.5894
4132,venus,0.6075,0.4336
4133,éternels,0.6075,0.5316
4134,choisies,0.6075,0.4743
4135,cra,0.6075,0.6025
4136,chaîne,0.6074,0.5914
4137,éclairée,0.6074,0.4720
4138,monstre,0.6074,0.5285
4139,indemnité,0.6074,0.6505
4140,qti,0.6074,0.5190
4141,aires,0.6073,0.6330
4142,lanterne,0.6073,0.4815
4143,sente,0.6073,0.5311
4144,ultra,0.6073,0.3866
4145,sureté,0.6072,0.4533
4146,comptoit,0.6072,0.5488
4147,familier,0.6072,0.6111
4148,concourir,0.6072,0.4498
4149,l'orage,0.6071,0.5330
4150,concorde,0.6071,0.5345
4151,ennuyeux,0.6071,0.6310
4152,mahomet,0.6070,0.5536
4153,in,0.6070,0.5003
4154,iin,0.6070,0.5100
4155,cclle,0.6070,0.5951
4156,venans,0.6069,0.5761
4157,enterrer,0.6068,0.5764
4158,marée,0.6068,0.6385
4159,iti,0.6068,0.4867
4160,s'expliquer,0.6067,0.5673
4161,dles,0.6067,0.5361
4162,finit,0.6067,0.5507
4163,produire,0.6066,0.5381
4164,l'acte,0.6066,0.5325
4165,u'il,0.6066,0.5196
4166,connoissancen,0.6065,0.4687
4167,flir,0.6065,0.5906
4168,ingénieux,0.6065,0.6013
4169,souffrir,0.6065,0.6509
4170,sea,0.6065,0.6346
4171,poudre,0.6064,0.5637
4172,l'exclusion,0.6064,0.5499
4173,ine,0.6064,0.5351
4174,dissertation,0.6064,0.6692
4175,ht,0.6063,0.5547
4176,ccttc,0.6062,0.6246
4177,briser,0.6061,0.6050
4178,ot,0.6061,0.4975
4179,abondamment,0.6061,0.6033
4180,tragedie,0.6061,0.5615
4181,rompit,0.6061,0.5910
4182,perfection,0.6061,0.4202
4183,d'albe,0.6060,0.5815
4184,l'honnêteté,0.6060,0.5741
4185,epitre,0.6059,0.4670
4186,bénéfice,0.6059,0.5282
4187,souffre,0.6059,0.5972
4188,troi,0.6058,0.5880
4189,d'années,0.6058,0.6229
4190,comp,0.6058,0.5812
4191,prince,0.6057,0.6055
4192,l'administration,0.6057,0.4303
4193,double,0.6057,0.4600
4194,fignifier,0.6057,0.5009
4195,attention,0.6055,0.6375
4196,cni,0.6055,0.5336
4197,citez,0.6055,0.4551
4198,presque,0.6054,0.4987
4199,quelconque,0.6054,0.4451
4200,tenue,0.6054,0.5902
4201,l'obliger,0.6053,0.5875
4202,anonyme,0.6053,0.4982
4203,chargés,0.6053,0.4275
4204,rr,0.6053,0.5236
4205,opposé,0.6053,0.5586
4206,colin,0.6052,0.5309
4207,l'importance,0.6052,0.5211
4208,vacations,0.6052,0.5241
4209,commencement,0.6052,0.6084
4210,villiers,0.6051,0.5765
4211,posent,0.6051,0.6002
4212,l'etat,0.6051,0.4053
4213,ceu,0.6051,0.5712
4214,objet,0.6050,0.6691
4215,prolonger,0.6050,0.5695
4216,juré,0.6050,0.5642
4217,vertueuse,0.6049,0.5510
4218,détourne,0.6048,0.4771
4219,s'amuser,0.6048,0.5505
4220,plonger,0.6048,0.5986
4221,longueurs,0.6048,0.4740
4222,qu'ainsi,0.6047,0.5414
4223,batailles,0.6047,0.5404
4224,indubitable,0.6047,0.4935
4225,converti,0.6047,0.4914
4226,work,0.6046,0.2687
4227,j'estime,0.6046,0.6015
4228,reputation,0.6046,0.6101
4229,prudens,0.6045,0.5111
4230,perle,0.6045,0.5297
4231,offrant,0.6044,0.4289
4232,obtenue,0.6044,0.4067
4233,l'extrême,0.6044,0.5425
4234,soit,0.6043,0.5427
4235,if,0.6043,0.5699
4236,sçavoir,0.6043,0.4665
4237,motif,0.6043,0.5284
4238,perfides,0.6043,0.4554
4239,defendre,0.6043,0.5093
4240,sentiers,0.6043,0.6972
4241,par,0.6043,0.5070
4242,prévention,0.6042,0.4344
4243,reg,0.6041,0.5099
4244,eb,0.6041,0.5231
4245,vot,0.6040,0.5720
4246,assurances,0.6040,0.6061
4247,joignez,0.6040,0.6519
4248,caractere,0.6040,0.5030
4249,feaux,0.6040,0.5971
4250,relier,0.6039,0.5837
4251,recommencer,0.6039,0.5938
4252,prescrire,0.6039,0.5908
4253,informations,0.6039,0.5794
4254,contrôle,0.6039,0.4680
4255,aii,0.6038,0.5277
4256,admettre,0.6038,0.5147
4257,dlu,0.6038,0.4828
4258,trace,0.6038,0.4589
4259,l'urine,0.6038,0.5310
4260,volumes,0.6038,0.5501
4261,aiu,0.6037,0.5632
4262,alexandrie,0.6036,0.4725
4263,d'affaires,0.6036,0.5336
4264,conful,0.6036,0.4244
4265,rl,0.6035,0.4798
4266,peinture,0.6035,0.5599
4267,ars,0.6035,0.5218
4268,confirme,0.6035,0.5629
4269,vulgaire,0.6035,0.4828
4270,conserva,0.6034,0.6243
4271,sérieux,0.6034,0.5650
4272,tées,0.6034,0.5300
4273,quelconques,0.6034,0.5444
4274,lorsqu,0.6034,0.5008
4275,charme,0.6034,0.6631
4276,d'élever,0.6033,0.5074
4277,supérieurs,0.6033,0.4492
4278,dénomination,0.6033,0.3965
4279,généralement,0.6032,0.4990
4280,fain,0.6032,0.5945
4281,capitales,0.6031,0.5043
4282,verser,0.6031,0.5542
4283,sauvez,0.6030,0.5638
4284,elc,0.6030,0.6309
4285,lande,0.6029,0.5456
4286,franchise,0.6029,0.5007
4287,ud,0.6029,0.4782
4288,s'établir,0.6029,0.5121
4289,asie,0.6029,0.4718
4290,imparfait,0.6029,0.5320
4291,texte,0.6028,0.6487
4292,rate,0.6028,0.6786
4293,mala,0.6028,0.5430
4294,critiques,0.6028,0.4667
4295,pénitence,0.6028,0.6624
4296,mp,0.6028,0.4967
4297,suivans,0.6027,0.5260
4298,réelle,0.6027,0.4238
4299,poursuivis,0.6027,0.4678
4300,iy,0.6027,0.5101
4301,parmi,0.6027,0.5426
4302,atteint,0.6027,0.6394
4303,murmure,0.6027,0.6551
4304,rio,0.6026,0.5322
4305,uis,0.6026,0.4556
4306,qu'enfin,0.6025,0.5618
4307,l'immortalité,0.6025,0.6338
4308,fâcheuse,0.6025,0.6452
4309,paste,0.6025,0.5401
4310,ar,0.6025,0.6501
4311,chargées,0.6025,0.4238
4312,erat,0.6025,0.5137
4313,tn,0.6025,0.5293
4314,enleva,0.6024,0.5829
4315,sr,0.6024,0.5196
4316,scr,0.6024,0.5440
4317,jl,0.6024,0.5396
4318,voitures,0.6024,0.5755
4319,filr,0.6024,0.5903
4320,s'attirer,0.6023,0.5041
4321,l'écriture,0.6023,0.5942
4322,czar,0.6023,0.5563
4323,dec,0.6023,0.5095
4324,créer,0.6023,0.4845
4325,quiconque,0.6023,0.5783
4326,xiv,0.6023,0.6528
4327,particulierement,0.6023,0.5771
4328,bol,0.6022,0.5144
4329,fermées,0.6022,0.4770
4330,cambrai,0.6022,0.5411
4331,trompettes,0.6022,0.5630
4332,cabinets,0.6021,0.5576
4333,sj,0.6021,0.5234
4334,trahison,0.6021,0.4472
4335,lci,0.6020,0.5139
4336,guy,0.6020,0.4781
4337,bouche,0.6020,0.5864
4338,martial,0.6020,0.5303
4339,vivere,0.6019,0.4297
4340,naufrage,0.6019,0.6188
4341,durable,0.6018,0.4414
4342,cum,0.6018,0.5517
4343,d'obtenir,0.6018,0.5880
4344,modérer,0.6017,0.5046
4345,lifant,0.6017,0.5256
4346,domo,0.6017,0.3744
4347,quoiqu'ils,0.6016,0.4610
4348,faction,0.6016,0.5338
4349,bride,0.6016,0.6642
4350,favorite,0.6016,0.5811
4351,mêmes,0.6016,0.4318
4352,marquée,0.6016,0.6250
4353,liir,0.6014,0.5904
4354,nouvelle,0.6014,0.4785
4355,cli,0.6013,0.5431
4356,nor,0.6013,0.6140
4357,principale,0.6013,0.6173
4358,interêts,0.6012,0.5449
4359,devenues,0.6012,0.4229
4360,pui,0.6011,0.5803
4361,éloignés,0.6011,0.4077
4362,survient,0.6011,0.5269
4363,vivans,0.6011,0.4942
4364,vicomte,0.6010,0.5052
4365,can,0.6010,0.5575
4366,impie,0.6010,0.4447
4367,annibal,0.6010,0.4840
4368,tei,0.6010,0.5238
4369,epître,0.6010,0.4599
4370,devine,0.6009,0.5054
4371,cui,0.6009,0.5206
4372,samuel,0.6009,0.5466
4373,emporte,0.6009,0.4462
4374,inconnus,0.6009,0.4259
4375,germe,0.6009,0.4915
4376,dauphine,0.6008,0.5512
4377,autant,0.6008,0.5773
4378,nt,0.6008,0.4192
4379,erl,0.6007,0.5908
4380,rn,0.6007,0.4721
4381,remporter,0.6006,0.4824
4382,quarte,0.6006,0.6434
4383,nen,0.6006,0.5569
4384,afin,0.6005,0.6309
4385,l'équité,0.6004,0.4529
4386,trahi,0.6004,0.5267
4387,d'horace,0.6004,0.5182
4388,intelligences,0.6003,0.4557
4389,réglé,0.6003,0.5380
4390,thrace,0.6003,0.4466
4391,vive,0.6003,0.5489
4392,pafler,0.6002,0.4563
4393,concerne,0.6002,0.5068
4394,revient,0.6001,0.6606
4395,eas,0.6001,0.4896
4396,l'intendant,0.6001,0.5822
4397,baux,0.6000,0.5656
4398,gu,0.6000,0.5043
4399,lles,0.5999,0.4836
4400,m'arrêter,0.5999,0.4996
4401,mentir,0.5999,0.5064
4402,tions,0.5998,0.5055
4403,mines,0.5998,0.5202
4404,levée,0.5998,0.5992
4405,constante,0.5998,0.3931
4406,nobles,0.5998,0.5997
4407,rie,0.5998,0.6619
4408,chasse,0.5997,0.5788
4409,d'expérience,0.5997,0.6395
4410,statut,0.5997,0.6204
4411,indifférent,0.5996,0.6038
4412,sl,0.5996,0.5008
4413,rapportant,0.5995,0.4898
4414,rhodes,0.5995,0.5140
4415,babylone,0.5995,0.5533
4416,ius,0.5994,0.5245
4417,turent,0.5994,0.4925
4418,refsemblance,0.5994,0.5410
4419,bel,0.5994,0.4020
4420,vel,0.5994,0.5924
4421,pernicieux,0.5994,0.5163
4422,cavalier,0.5994,0.6504
4423,d'alexandrie,0.5993,0.4798
4424,vaisselle,0.5993,0.5735
4425,audi,0.5993,0.7361
4426,chine,0.5993,0.4883
4427,délais,0.5993,0.5889
4428,d'egypte,0.5993,0.5031
4429,restituer,0.5992,0.5600
4430,forains,0.5992,0.5048
4431,magie,0.5991,0.5415
4432,chauve,0.5991,0.6032
4433,rec,0.5991,0.5802
4434,crû,0.5990,0.4276
4435,l'espérance,0.5990,0.4602
4436,depens,0.5990,0.4954
4437,bourreau,0.5990,0.5489
4438,teau,0.5990,0.5292
4439,sacrée,0.5989,0.5046
4440,l'execution,0.5989,0.5947
4441,recueillir,0.5989,0.5362
4442,rcr,0.5989,0.5191
4443,conversion,0.5987,0.5017
4444,exposée,0.5987,0.5180
4445,cos,0.5987,0.6049
4446,bes,0.5987,0.5563
4447,pompes,0.5987,0.5069
4448,certe,0.5986,0.5147
4449,nd,0.5986,0.5049
4450,made,0.5986,0.5597
4451,idu,0.5986,0.5575
4452,blaise,0.5986,0.5066
4453,contenterai,0.5985,0.5787
4454,athenes,0.5985,0.5144
4455,exposez,0.5985,0.6072
4456,ruine,0.5985,0.4611
4457,talents,0.5984,0.5698
4458,disciple,0.5984,0.5687
4459,d'écouter,0.5984,0.5010
4460,environ,0.5984,0.5073
4461,denier,0.5984,0.5415
4462,fro,0.5983,0.5981
4463,commercy,0.5983,0.5893
4464,exemplaires,0.5983,0.5406
4465,feux,0.5983,0.4320
4466,feurs,0.5983,0.6273
4467,adoucir,0.5982,0.5332
4468,servie,0.5981,0.5272
4469,fauxbourgs,0.5981,0.4729
4470,m'en,0.5981,0.5971
4471,soupçonné,0.5980,0.4668
4472,ration,0.5980,0.5906
4473,superieurs,0.5980,0.5197
4474,noient,0.5980,0.4728
4475,l'heure,0.5980,0.6825
4476,vertu,0.5979,0.6097
4477,ure,0.5979,0.5739
4478,rt,0.5979,0.4480
4479,ailleurs,0.5979,0.5035
4480,exigent,0.5979,0.3263
4481,sorties,0.5979,0.5254
4482,contracter,0.5979,0.4804
4483,roule,0.5979,0.4433
4484,jourd'hui,0.5978,0.4128
4485,égales,0.5977,0.5802
4486,etat,0.5977,0.5033
4487,reglement,0.5977,0.5036
4488,emporta,0.5976,0.5470
4489,l'action,0.5976,0.6121
4490,suffisante,0.5976,0.6060
4491,portés,0.5976,0.4140
4492,cec,0.5975,0.4683
4493,général,0.5975,0.4720
4494,mat,0.5975,0.5955
4495,énorme,0.5974,0.5667
4496,insulter,0.5974,0.5472
4497,cendre,0.5974,0.5981
4498,habiles,0.5974,0.5732
4499,melius,0.5973,0.4298
4500,complice,0.5972,0.4876
4501,provincial,0.5972,0.5355
4502,gentils,0.5972,0.7404
4503,retranché,0.5972,0.6383
4504,livra,0.5972,0.5263
4505,impunément,0.5971,0.5031
4506,risque,0.5971,0.6232
4507,clos,0.5970,0.5960
4508,quela,0.5970,0.6682
4509,fail,0.5970,0.6109
4510,merci,0.5970,0.4912
4511,corrompus,0.5970,0.4529
4512,certitude,0.5969,0.4135
4513,profita,0.5969,0.6152
4514,cp,0.5968,0.5292
4515,beaux,0.5968,0.5446
4516,mai,0.5968,0.4763
4517,fot,0.5968,0.5419
4518,grenade,0.5968,0.4873
4519,baguette,0.5967,0.5117
4520,immense,0.5967,0.4054
4521,ordonnant,0.5966,0.4779
4522,lj,0.5966,0.5059
4523,juf,0.5966,0.5248
4524,renouvelle,0.5966,0.5065
4525,polr,0.5966,0.5598
4526,faux,0.5965,0.5872
4527,préféré,0.5965,0.4083
4528,dérobé,0.5964,0.5479
4529,vices,0.5964,0.4612
4530,directement,0.5964,0.5089
4531,levées,0.5964,0.5974
4532,seules,0.5964,0.5652
4533,extrait,0.5963,0.6013
4534,ji,0.5963,0.5160
4535,surmonter,0.5963,0.4730
4536,refle,0.5962,0.5129
4537,vallon,0.5962,0.4077
4538,sss,0.5962,0.5377
4539,recevoir,0.5962,0.5299
4540,devoir,0.5962,0.5644
4541,pio,0.5962,0.5202
4542,rançon,0.5962,0.6474
4543,desir,0.5962,0.5504
4544,vieil,0.5962,0.5518
4545,los,0.5962,0.6118
4546,efe,0.5961,0.4322
4547,main,0.5961,0.5915
4548,danses,0.5961,0.6960
4549,voyes,0.5961,0.4391
4550,chr,0.5961,0.5176
4551,iln,0.5960,0.4859
4552,manier,0.5960,0.5087
4553,l'engager,0.5959,0.5215
4554,mores,0.5959,0.5708
4555,adresse,0.5959,0.4391
4556,d'entrée,0.5958,0.6002
4557,commencez,0.5958,0.5789
4558,iit,0.5958,0.5170
4559,fraîche,0.5958,0.4833
4560,grands,0.5957,0.5488
4561,cabale,0.5957,0.4559
4562,corrompre,0.5956,0.4727
4563,cit,0.5956,0.4883
4564,réunir,0.5955,0.5718
4565,entretenus,0.5955,0.4519
4566,bienséance,0.5955,0.5004
4567,continuation,0.5955,0.6953
4568,qut,0.5954,0.6008
4569,remonter,0.5954,0.5807
4570,mages,0.5954,0.6439
4571,mile,0.5954,0.5845
4572,execution,0.5953,0.5788
4573,tenant,0.5953,0.5720
4574,zl,0.5952,0.5056
4575,inonde,0.5952,0.6535
4576,tués,0.5952,0.6770
4577,d'hercule,0.5952,0.6085
4578,restes,0.5952,0.6330
4579,liront,0.5951,0.5334
4580,révolution,0.5951,0.3648
4581,retarder,0.5951,0.5576
4582,qu'y,0.5951,0.5127
4583,meme,0.5951,0.5758
4584,rit,0.5951,0.4837
4585,gueur,0.5950,0.6574
4586,obligeant,0.5950,0.5748
4587,uniquement,0.5950,0.5154
4588,avantageuses,0.5950,0.5505
4589,sortoit,0.5950,0.5434
4590,d'europe,0.5949,0.5255
4591,éclate,0.5949,0.4644
4592,courons,0.5949,0.5825
4593,réfléchir,0.5948,0.5031
4594,fincere,0.5947,0.4679
4595,scrupule,0.5947,0.5846
4596,rétablis,0.5947,0.4896
4597,ete,0.5947,0.4631
4598,cett,0.5947,0.5933
4599,spectateurs,0.5947,0.5948
4600,chantons,0.5947,0.6279
4601,abattre,0.5947,0.5702
4602,as,0.5947,0.4999
4603,ux,0.5946,0.5117
4604,parvenu,0.5946,0.5981
4605,foutenu,0.5945,0.4372
4606,l'éternité,0.5945,0.6144
4607,garantie,0.5945,0.5350
4608,iui,0.5945,0.5641
4609,t'elle,0.5945,0.5452
4610,clairs,0.5945,0.5268
4611,requise,0.5944,0.5102
4612,générale,0.5944,0.4031
4613,cai,0.5944,0.4854
4614,reduit,0.5944,0.5257
4615,remarquable,0.5944,0.6558
4616,ecoles,0.5943,0.4897
4617,commande,0.5943,0.6539
4618,termina,0.5942,0.4797
4619,baltique,0.5942,0.6544
4620,lous,0.5942,0.4866
4621,acquit,0.5942,0.5171
4622,équitables,0.5942,0.5003
4623,blan,0.5942,0.5627
4624,mariages,0.5942,0.6003
4625,entraîner,0.5942,0.4709
4626,recours,0.5941,0.5573
4627,colbert,0.5941,0.6233
4628,term,0.5941,0.4699
4629,solution,0.5941,0.6654
4630,jurer,0.5941,0.6296
4631,estimée,0.5941,0.5310
4632,eie,0.5940,0.5668
4633,fatigue,0.5940,0.6201
4634,éclatant,0.5940,0.4908
4635,posé,0.5940,0.4331
4636,acc,0.5940,0.5587
4637,gravité,0.5939,0.6745
4638,tic,0.5939,0.5404
4639,distinguée,0.5939,0.5307
4640,xxi,0.5938,0.6582
4641,positivement,0.5938,0.6667
4642,éteint,0.5937,0.5874
4643,manuscrits,0.5937,0.5828
4644,valut,0.5937,0.4269
4645,rétabli,0.5937,0.5431
4646,gages,0.5937,0.4804
4647,rent,0.5936,0.5619
4648,caule,0.5936,0.6239
4649,rut,0.5936,0.5638
4650,tp,0.5936,0.4859
4651,jettez,0.5936,0.5391
4652,danis,0.5936,0.5800
4653,teste,0.5935,0.3599
4654,l'étude,0.5935,0.6383
4655,s'éleva,0.5935,0.6168
4656,nouvellement,0.5934,0.5061
4657,inl,0.5934,0.4747
4658,débit,0.5934,0.5924
4659,fiat,0.5934,0.4533
4660,dix,0.5933,0.5089
4661,nécessairement,0.5933,0.4524
4662,lie,0.5932,0.5582
4663,travaillez,0.5932,0.5265
4664,rom,0.5931,0.5849
4665,rendant,0.5931,0.5240
4666,lons,0.5931,0.5873
4667,amer,0.5931,0.5888
4668,sit,0.5930,0.5677
4669,couvert,0.5930,0.5367
4670,mali,0.5929,0.4914
4671,jan,0.5929,0.5609
4672,fo,0.5928,0.5902
4673,extraordinaire,0.5928,0.5600
4674,serrer,0.5928,0.5816
4675,abon,0.5928,0.5791
4676,miles,0.5928,0.5798
4677,serein,0.5928,0.4858
4678,roit,0.5927,0.5200
4679,celebre,0.5927,0.5000
4680,outrages,0.5927,0.4227
4681,ur,0.5926,0.5317
4682,gc,0.5926,0.5247
4683,quentin,0.5926,0.4806
4684,parcequ'il,0.5926,0.5560
4685,chretiens,0.5925,0.5651
4686,vouloir,0.5925,0.5925
4687,l'impression,0.5925,0.6271
4688,surtout,0.5925,0.4598
4689,commencer,0.5924,0.6447
4690,flambeau,0.5924,0.5562
4691,quee,0.5924,0.5262
4692,expier,0.5924,0.4832
4693,fel,0.5924,0.4750
4694,cause,0.5924,0.5573
4695,particuliers,0.5924,0.5400
4696,ecole,0.5923,0.5986
4697,obligations,0.5923,0.5415
4698,traitans,0.5922,0.5695
4699,ost,0.5922,0.6612
4700,fiant,0.5921,0.5760
4701,iis,0.5921,0.4779
4702,del,0.5920,0.6502
4703,tz,0.5920,0.4651
4704,ite,0.5920,0.5298
4705,mortification,0.5920,0.6350
4706,taillée,0.5919,0.5969
4707,absolument,0.5919,0.4864
4708,ini,0.5919,0.5023
4709,lde,0.5919,0.5179
4710,compofé,0.5918,0.5400
4711,singe,0.5918,0.5132
4712,dais,0.5918,0.5172
4713,lasser,0.5917,0.4722
4714,imposer,0.5917,0.6040
4715,démêler,0.5917,0.5983
4716,laville,0.5917,0.5337
4717,violentes,0.5917,0.4193
4718,ferment,0.5916,0.4804
4719,dies,0.5916,0.5353
4720,l'academie,0.5915,0.5322
4721,fide,0.5915,0.5367
4722,querelle,0.5915,0.5330
4723,direction,0.5915,0.4334
4724,tutelles,0.5915,0.5895
4725,nis,0.5914,0.5290
4726,heur,0.5914,0.6240
4727,d'ordinaire,0.5914,0.5239
4728,am,0.5914,0.5418
4729,bravoure,0.5913,0.4977
4730,cc,0.5913,0.5499
4731,ennemies,0.5913,0.4427
4732,bâtard,0.5913,0.6027
4733,contré,0.5912,0.6096
4734,impériale,0.5912,0.5748
4735,lil,0.5911,0.5109
4736,secret,0.5911,0.6067
4737,discrétion,0.5911,0.5030
4738,funestes,0.5910,0.5313
4739,observant,0.5910,0.4712
4740,tranche,0.5910,0.5875
4741,légitimement,0.5909,0.4782
4742,réparation,0.5909,0.6154
4743,monceau,0.5909,0.5022
4744,signes,0.5908,0.4578
4745,pourvus,0.5908,0.4884
4746,lasse,0.5908,0.4619
4747,suspect,0.5908,0.4811
4748,alors,0.5908,0.6330
4749,dunkerque,0.5907,0.5194
4750,severe,0.5907,0.5998
4751,s'occuper,0.5907,0.4609
4752,encourager,0.5906,0.4616
4753,damas,0.5906,0.4963
4754,turenne,0.5906,0.5479
4755,îl,0.5906,0.6111
4756,gouvernemens,0.5906,0.5029
4757,meures,0.5906,0.5614
4758,confié,0.5906,0.5800
4759,lr,0.5905,0.4858
4760,cruellement,0.5905,0.4585
4761,ias,0.5905,0.5212
4762,tienne,0.5905,0.5977
4763,décrire,0.5904,0.5682
4764,um,0.5904,0.4348
4765,xxxviii,0.5904,0.6936
4766,commission,0.5904,0.4979
4767,lumières,0.5904,0.5472
4768,saisit,0.5904,0.5383
4769,rest,0.5903,0.6611
4770,end,0.5903,0.5199
4771,goute,0.5902,0.5634
4772,dite,0.5902,0.5213
4773,parcouru,0.5902,0.5304
4774,imposé,0.5902,0.4483
4775,ade,0.5901,0.4677
4776,cce,0.5901,0.6102
4777,base,0.5901,0.4019
4778,ico,0.5900,0.4376
4779,d'aimer,0.5900,0.6313
4780,jour,0.5900,0.5499
4781,l'entreprendre,0.5899,0.5577
4782,portions,0.5899,0.3795
4783,connus,0.5899,0.3770
4784,jurisprudence,0.5899,0.5570
4785,tb,0.5898,0.5533
4786,mensonge,0.5898,0.5884
4787,détacher,0.5898,0.5043
4788,hh,0.5896,0.6863
4789,valeurs,0.5896,0.5979
4790,ainsi,0.5895,0.5471
4791,dépendant,0.5895,0.5556
4792,dansée,0.5895,0.5985
4793,veaux,0.5894,0.6026
4794,également,0.5894,0.4093
4795,l'éducation,0.5893,0.5242
4796,pénible,0.5893,0.4922
4797,figurer,0.5892,0.4738
4798,guerre,0.5891,0.5792
4799,proserpine,0.5891,0.4846
4800,erreur,0.5890,0.5681
4801,joué,0.5890,0.5844
4802,barbier,0.5890,0.5502
4803,houmme,0.5890,0.4866
4804,d'autres,0.5889,0.5682
4805,production,0.5889,0.4184
4806,pure,0.5889,0.5911
4807,durera,0.5888,0.5664
4808,favori,0.5887,0.6707
4809,révolutions,0.5887,0.3706
4810,tar,0.5887,0.6188
4811,loit,0.5887,0.6205
4812,réduit,0.5887,0.5658
4813,ode,0.5887,0.5424
4814,male,0.5887,0.6081
4815,descend,0.5887,0.6150
4816,secrettes,0.5886,0.6126
4817,apercevoir,0.5885,0.4767
4818,sec,0.5885,0.4750
4819,comble,0.5885,0.5021
4820,comedie,0.5885,0.5272
4821,faciliter,0.5885,0.6312
4822,d'écrire,0.5884,0.5458
4823,qc,0.5884,0.4807
4824,trait,0.5884,0.6231
4825,bornes,0.5883,0.4613
4826,scaliger,0.5883,0.4974
4827,poussé,0.5883,0.5031
4828,nic,0.5882,0.5514
4829,nommer,0.5882,0.4896
4830,teints,0.5882,0.5579
4831,teinte,0.5882,0.6349
4832,remporté,0.5882,0.5727
4833,ih,0.5881,0.5351
4834,martyr,0.5881,0.5768
4835,conformité,0.5881,0.5302
4836,pressez,0.5881,0.5009
4837,débite,0.5881,0.5316
4838,s'assurer,0.5880,0.5786
4839,conter,0.5880,0.6895
4840,insensiblement,0.5880,0.4808
4841,venin,0.5880,0.5730
4842,toucher,0.5879,0.5903
4843,saisie,0.5879,0.5830
4844,commissions,0.5878,0.4892
4845,gloria,0.5878,0.4097
4846,daigne,0.5877,0.5736
4847,fluide,0.5877,0.6076
4848,sujct,0.5877,0.5846
4849,lle,0.5876,0.5158
4850,produisit,0.5876,0.6033
4851,poi,0.5875,0.5505
4852,quanto,0.5875,0.4058
4853,tcs,0.5875,0.5455
4854,sable,0.5875,0.4751
4855,oter,0.5875,0.5868
4856,lucile,0.5875,0.4736
4857,terra,0.5875,0.4517
4858,obscurs,0.5874,0.4207
4859,possède,0.5874,0.4155
4860,tiens,0.5874,0.5774
4861,principaux,0.5874,0.6076
4862,qule,0.5873,0.5521
4863,déluge,0.5873,0.4291
4864,augment,0.5873,0.5859
4865,s'appliquer,0.5873,0.5974
4866,parcourir,0.5872,0.4254
4867,demeurant,0.5872,0.5017
4868,lettres,0.5872,0.6174
4869,consomme,0.5872,0.4217
4870,l'orgueil,0.5871,0.5037
4871,rs,0.5871,0.4493
4872,refaits,0.5870,0.4703
4873,quli,0.5870,0.5498
4874,sacrifie,0.5869,0.3530
4875,content,0.5869,0.5898
4876,promise,0.5869,0.5498
4877,tu,0.5868,0.4814
4878,sint,0.5868,0.4635
4879,boni,0.5866,0.4755
4880,mentionnées,0.5866,0.4869
4881,d'ours,0.5866,0.5019
4882,l'être,0.5866,0.4777
4883,facilement,0.5866,0.6234
4884,i'on,0.5866,0.5191
4885,ravis,0.5865,0.4934
4886,défunt,0.5865,0.6086
4887,profusion,0.5865,0.5046
4888,l'année,0.5865,0.5768
4889,proposoit,0.5865,0.5702
4890,pourvoir,0.5865,0.6104
4891,tenms,0.5865,0.4002
4892,restent,0.5864,0.5711
4893,fr,0.5864,0.5002
4894,dl,0.5863,0.5303
4895,battant,0.5863,0.5420
4896,constitution,0.5863,0.4315
4897,yo,0.5863,0.5712
4898,line,0.5863,0.6158
4899,fruit,0.5863,0.6402
4900,sonner,0.5863,0.6195
4901,veilles,0.5863,0.5278
4902,étonnante,0.5862,0.4347
4903,ii,0.5861,0.5477
4904,aui,0.5860,0.5715
4905,incertaine,0.5860,0.5045
4906,marchandise,0.5859,0.6216
4907,dît,0.5859,0.4410
4908,christophe,0.5859,0.4943
4909,subtilité,0.5859,0.4955
4910,adrien,0.5859,0.4973
4911,libéralité,0.5858,0.4601
4912,cabales,0.5858,0.4181
4913,jusqu'aux,0.5858,0.5567
4914,l'arrêter,0.5857,0.5679
4915,ures,0.5857,0.5278
4916,l'univers,0.5856,0.5931
4917,trafic,0.5856,0.5725
4918,ilc,0.5856,0.4803
4919,motifs,0.5855,0.5615
4920,l'europe,0.5855,0.5581
4921,audacieux,0.5855,0.6030
4922,transportée,0.5855,0.5328
4923,presence,0.5854,0.4855
4924,estime,0.5854,0.5195
4925,portant,0.5854,0.4199
4926,pla,0.5854,0.5551
4927,mufes,0.5853,0.4860
4928,bos,0.5853,0.5757
4929,ues,0.5853,0.5056
4930,calais,0.5853,0.5247
4931,chap,0.5853,0.5908
4932,dixme,0.5853,0.5190
4933,s'en,0.5852,0.4942
4934,amples,0.5852,0.5916
4935,reçût,0.5851,0.5819
4936,élus,0.5851,0.4209
4937,médiocres,0.5851,0.6365
4938,lx,0.5851,0.6212
4939,observée,0.5850,0.5064
4940,systême,0.5850,0.4141
4941,l'audace,0.5850,0.4418
4942,retirant,0.5850,0.4972
4943,l'hôtel,0.5849,0.5947
4944,médiocre,0.5849,0.6357
4945,discussion,0.5849,0.5781
4946,ert,0.5848,0.5542
4947,extravagant,0.5848,0.5232
4948,d'aix,0.5848,0.6656
4949,vou,0.5847,0.5051
4950,excepter,0.5847,0.5885
4951,elus,0.5847,0.5500
4952,creuse,0.5847,0.4817
4953,esclavage,0.5847,0.5200
4954,li,0.5846,0.5756
4955,commettent,0.5846,0.5290
4956,i'c,0.5846,0.4383
4957,lot,0.5846,0.5402
4958,sam,0.5846,0.5799
4959,cassé,0.5846,0.5465
4960,épreuves,0.5846,0.4123
4961,terris,0.5845,0.5406
4962,lente,0.5845,0.5447
4963,germains,0.5845,0.4794
4964,partage,0.5845,0.6283
4965,succedent,0.5845,0.5331
4966,sortis,0.5845,0.4699
4967,tyr,0.5844,0.5225
4968,épargne,0.5844,0.4745
4969,d'éclat,0.5843,0.5425
4970,conçut,0.5843,0.5877
4971,lt,0.5842,0.4958
4972,périls,0.5842,0.5999
4973,choquer,0.5842,0.4785
4974,échange,0.5842,0.5845
4975,proue,0.5842,0.4891
4976,carriere,0.5841,0.4737
4977,rm,0.5841,0.4737
4978,lts,0.5841,0.5387
4979,nr,0.5841,0.4876
4980,raisin,0.5841,0.5091
4981,contrainte,0.5841,0.4681
4982,adam,0.5841,0.6861
4983,avoi,0.5839,0.5228
4984,perfe,0.5839,0.5863
4985,fd,0.5839,0.4854
4986,dcux,0.5839,0.5116
4987,absent,0.5839,0.6274
4988,i'r,0.5839,0.4648
4989,bs,0.5838,0.5002
4990,occupé,0.5838,0.6095
4991,importun,0.5838,0.5582
4992,espagnol,0.5838,0.4830
4993,justes,0.5838,0.4534
4994,lumineux,0.5838,0.5772
4995,soutiennent,0.5838,0.5463
4996,prétention,0.5837,0.3657
4997,défendent,0.5837,0.6321
4998,lettrés,0.5837,0.4520
4999,occuper,0.5837,0.5599
5000,prudence,0.5836,0.4537
5001,recommander,0.5836,0.6383
5002,conviendra,0.5836,0.5354
5003,lem,0.5836,0.5817
5004,tot,0.5836,0.4731
5005,incontestable,0.5835,0.4521
5006,sérieusement,0.5835,0.4943
5007,réel,0.5835,0.4450
5008,formellement,0.5835,0.4710
5009,og,0.5835,0.5621
5010,l'assemblée,0.5835,0.5202
5011,fidèle,0.5835,0.4171
5012,yen,0.5835,0.5736
5013,fade,0.5834,0.5165
5014,scc,0.5834,0.6015
5015,vins,0.5834,0.5863
5016,mare,0.5833,0.5370
5017,relation,0.5833,0.6017
5018,sens,0.5833,0.5845
5019,boulogne,0.5832,0.4683
5020,pauvreté,0.5832,0.4693
5021,ik,0.5831,0.6138
5022,ly,0.5831,0.6191
5023,causes,0.5831,0.5818
5024,dune,0.5831,0.5589
5025,executer,0.5830,0.5717
5026,corrige,0.5830,0.4889
5027,excita,0.5830,0.4759
5028,fuo,0.5829,0.3610
5029,nee,0.5829,0.5237
5030,séparée,0.5829,0.5432
5031,scel,0.5829,0.5532
5032,lâcher,0.5828,0.6826
5033,levure,0.5828,0.5341
5034,anciennes,0.5828,0.5723
5035,ets,0.5828,0.5663
5036,tl,0.5828,0.5022
5037,ample,0.5828,0.5569
5038,voici,0.5828,0.5388
5039,fer,0.5828,0.5803
5040,dignités,0.5827,0.5713
5041,rougir,0.5827,0.5828
5042,fauxbourg,0.5826,0.4418
5043,exercer,0.5824,0.5913
5044,bail,0.5824,0.4285
5045,voyageur,0.5824,0.4689
5046,accepta,0.5824,0.5732
5047,furieuse,0.5824,0.4888
5048,d'embarras,0.5824,0.5300
5049,tirer,0.5824,0.5048
5050,ili,0.5823,0.5364
5051,iso,0.5823,0.5556
5052,bertrand,0.5823,0.5495
5053,consolation,0.5823,0.5941
5054,influence,0.5822,0.3887
5055,priai,0.5822,0.5127
5056,convertit,0.5822,0.4935
5057,iic,0.5822,0.4700
5058,cod,0.5822,0.5360
5059,troye,0.5822,0.5673
5060,efficace,0.5821,0.4563
5061,inconnues,0.5821,0.4179
5062,your,0.5821,0.4032
5063,fortement,0.5821,0.4826
5064,fiut,0.5821,0.4644
5065,ferré,0.5820,0.5553
5066,aimables,0.5820,0.6065
5067,regarder,0.5819,0.5343
5068,gentil,0.5819,0.5443
5069,copier,0.5818,0.5343
5070,sm,0.5818,0.5162
5071,arrivés,0.5817,0.4456
5072,dégoût,0.5817,0.4873
5073,yant,0.5817,0.6694
5074,fort,0.5817,0.4714
5075,ida,0.5817,0.5779
5076,pls,0.5816,0.5659
5077,avance,0.5816,0.4441
5078,soustraire,0.5816,0.4200
5079,diu,0.5816,0.5351
5080,ages,0.5816,0.5302
5081,tui,0.5816,0.5138
5082,fraude,0.5815,0.4262
5083,fil,0.5815,0.5070
5084,oir,0.5815,0.5142
5085,supposant,0.5815,0.4676
5086,muraille,0.5815,0.5430
5087,borné,0.5815,0.4401
5088,prévu,0.5815,0.5771
5089,financier,0.5815,0.5928
5090,jusqu'en,0.5814,0.6042
5091,ide,0.5813,0.5323
5092,irrite,0.5813,0.5855
5093,oi,0.5813,0.4588
5094,augmentent,0.5813,0.5481
5095,unl,0.5813,0.5874
5096,achevez,0.5813,0.6034
5097,retraite,0.5813,0.3790
5098,decider,0.5813,0.6200
5099,jonc,0.5812,0.4598
5100,paresseux,0.5812,0.5407
5101,dei,0.5812,0.5437
5102,sang,0.5812,0.4816
5103,sciences,0.5811,0.4540
5104,personnelle,0.5811,0.4954
5105,essentiellement,0.5811,0.4663
5106,tunc,0.5811,0.3828
5107,ig,0.5810,0.5153
5108,divin,0.5810,0.6780
5109,piés,0.5810,0.4494
5110,ccl,0.5809,0.5434
5111,j'ignore,0.5809,0.4826
5112,lance,0.5809,0.5951
5113,disposées,0.5809,0.4603
5114,égaler,0.5808,0.5737
5115,renvoi,0.5808,0.5096
5116,progrès,0.5808,0.4904
5117,délivrée,0.5807,0.4394
5118,tres,0.5807,0.7037
5119,désagréable,0.5807,0.5169
5120,ia,0.5807,0.4481
5121,perpétuelle,0.5806,0.4926
5122,galante,0.5806,0.6397
5123,prêtent,0.5806,0.4572
5124,habitants,0.5806,0.4674
5125,inc,0.5806,0.5029
5126,opposées,0.5805,0.5835
5127,habiller,0.5805,0.6386
5128,vaine,0.5805,0.5973
5129,iour,0.5804,0.5927
5130,examinant,0.5804,0.5663
5131,beaumont,0.5804,0.4968
5132,lii,0.5804,0.5658
5133,ego,0.5804,0.4537
5134,théatre,0.5803,0.4040
5135,tr,0.5803,0.4727
5136,avoué,0.5802,0.5075
5137,d'ouvrages,0.5801,0.5287
5138,aie,0.5801,0.4584
5139,fine,0.5801,0.4542
5140,uc,0.5801,0.5047
5141,disposez,0.5801,0.6392
5142,demeuroit,0.5801,0.5256
5143,admirables,0.5800,0.5491
5144,calomnie,0.5800,0.4140
5145,quittant,0.5800,0.6362
5146,aix,0.5800,0.5546
5147,fum,0.5800,0.3633
5148,revenue,0.5799,0.5350
5149,comprens,0.5799,0.4311
5150,terminé,0.5799,0.4311
5151,nulles,0.5799,0.5729
5152,honore,0.5799,0.4030
5153,leçon,0.5799,0.5710
5154,baptême,0.5799,0.6177
5155,j'en,0.5798,0.5295
5156,d'avouer,0.5798,0.4526
5157,d'exprimer,0.5797,0.6006
5158,one,0.5796,0.4781
5159,polies,0.5796,0.5399
5160,l'ouvrier,0.5795,0.5305
5161,vingts,0.5795,0.4559
5162,lun,0.5795,0.4115
5163,cherchant,0.5795,0.5434
5164,pompeux,0.5795,0.5395
5165,l'héritier,0.5794,0.5547
5166,préparation,0.5793,0.5653
5167,guide,0.5793,0.4599
5168,al,0.5793,0.5790
5169,souffrit,0.5793,0.5785
5170,ooo,0.5792,0.4833
5171,haro,0.5792,0.2945
5172,empecher,0.5791,0.5252
5173,liste,0.5791,0.4917
5174,choc,0.5791,0.4159
5175,app,0.5791,0.5617
5176,tie,0.5790,0.4798
5177,convoquer,0.5790,0.5793
5178,bourgogne,0.5789,0.4934
5179,angle,0.5789,0.4976
5180,sortifie,0.5789,0.5090
5181,occupés,0.5789,0.5021
5182,yr,0.5789,0.4774
5183,expofé,0.5789,0.5099
5184,temporelles,0.5788,0.5822
5185,dès,0.5788,0.4819
5186,jt,0.5788,0.4687
5187,complot,0.5787,0.4508
5188,auxquelles,0.5787,0.5116
5189,vere,0.5787,0.5231
5190,tc,0.5787,0.5113
5191,march,0.5787,0.5949
5192,proposées,0.5786,0.5348
5193,arte,0.5786,0.3893
5194,gl,0.5786,0.5130
5195,pointe,0.5786,0.5064
5196,valables,0.5786,0.5813
5197,chargé,0.5785,0.5899
5198,eg,0.5785,0.5435
5199,l'avantage,0.5785,0.6696
5200,esclave,0.5784,0.5198
5201,établies,0.5784,0.6512
5202,divertis,0.5784,0.6293
5203,infame,0.5784,0.5055
5204,culture,0.5784,0.4239
5205,icc,0.5783,0.5050
5206,trompeurs,0.5783,0.5129
5207,descendant,0.5783,0.5069
5208,icelle,0.5783,0.4859
5209,bulle,0.5783,0.5869
5210,appliquée,0.5783,0.4859
5211,ari,0.5782,0.4934
5212,l'infante,0.5782,0.6209
5213,courant,0.5782,0.5052
5214,déterminée,0.5781,0.4372
5215,l'autel,0.5781,0.4520
5216,présage,0.5781,0.6033
5217,trs,0.5781,0.5036
5218,lisant,0.5781,0.5032
5219,intelligible,0.5781,0.4956
5220,reconnus,0.5780,0.4400
5221,infidèle,0.5780,0.6265
5222,dépouilles,0.5780,0.5605
5223,refsource,0.5780,0.4284
5224,ccc,0.5779,0.6011
5225,présomption,0.5779,0.4970
5226,ous,0.5779,0.5099
5227,genres,0.5778,0.3874
5228,salutaire,0.5778,0.5231
5229,clovis,0.5778,0.6222
5230,fatigué,0.5778,0.6077
5231,superflus,0.5778,0.5458
5232,longe,0.5778,0.5269
5233,uine,0.5777,0.5623
5234,repent,0.5777,0.5752
5235,députation,0.5776,0.4685
5236,cede,0.5776,0.4359
5237,importe,0.5776,0.5636
5238,bt,0.5775,0.5127
5239,gaieté,0.5774,0.4557
5240,déposition,0.5774,0.4350
5241,préjugé,0.5774,0.4449
5242,hist,0.5773,0.6818
5243,d'hommes,0.5773,0.4892
5244,dii,0.5773,0.5018
5245,bourbon,0.5773,0.4725
5246,froidement,0.5773,0.4770
5247,dépens,0.5772,0.5182
5248,croi,0.5772,0.4504
5249,connoissances,0.5772,0.5189
5250,exposés,0.5771,0.4139
5251,semblant,0.5771,0.6032
5252,commerces,0.5771,0.4799
5253,nl,0.5770,0.4814
5254,inutilement,0.5770,0.5409
5255,constance,0.5770,0.4803
5256,trefles,0.5769,0.4854
5257,hs,0.5769,0.5670
5258,couvrant,0.5769,0.4695
5259,gal,0.5769,0.4911
5260,soutien,0.5769,0.4708
5261,injustes,0.5769,0.4102
5262,poussant,0.5768,0.5082
5263,roc,0.5768,0.4406
5264,obtenues,0.5768,0.4434
5265,inventé,0.5768,0.5391
5266,irriter,0.5768,0.5399
5267,protecteur,0.5768,0.6281
5268,infinité,0.5767,0.6124
5269,j'y,0.5767,0.4897
5270,confirmation,0.5767,0.5398
5271,courante,0.5767,0.5410
5272,incommode,0.5767,0.5600
5273,espagnole,0.5766,0.5214
5274,méchante,0.5766,0.5136
5275,charitable,0.5766,0.5215
5276,promet,0.5766,0.4941
5277,regi,0.5765,0.4621
5278,incessamment,0.5765,0.4609
5279,lut,0.5765,0.5339
5280,participation,0.5765,0.5637
5281,will,0.5765,0.3932
5282,expresse,0.5765,0.6210
5283,l'aune,0.5765,0.4828
5284,lti,0.5764,0.5061
5285,vénérable,0.5764,0.5494
5286,consideré,0.5764,0.5543
5287,fale,0.5763,0.5492
5288,eri,0.5762,0.6297
5289,citoyens,0.5762,0.5241
5290,d'avoir,0.5762,0.5283
5291,assura,0.5761,0.5290
5292,déguisement,0.5761,0.4558
5293,ilt,0.5761,0.4793
5294,bona,0.5761,0.4067
5295,ibid,0.5760,0.6292
5296,présente,0.5760,0.4170
5297,déclarée,0.5760,0.5428
5298,quite,0.5759,0.6580
5299,d'alliance,0.5759,0.5937
5300,assurent,0.5759,0.5292
5301,caligula,0.5759,0.5108
5302,gravé,0.5759,0.5805
5303,lic,0.5759,0.5027
5304,ving,0.5759,0.4955
5305,marais,0.5758,0.4787
5306,yc,0.5758,0.4864
5307,sincere,0.5758,0.5499
5308,xli,0.5757,0.6398
5309,tome,0.5757,0.5928
5310,mandemens,0.5757,0.5633
5311,sentier,0.5757,0.4710
5312,iu,0.5757,0.4884
5313,originaire,0.5757,0.4600
5314,écrivant,0.5756,0.5284
5315,revienne,0.5755,0.5293
5316,cent,0.5755,0.5083
5317,temporels,0.5755,0.6451
5318,piquant,0.5754,0.5781
5319,liu,0.5754,0.5877
5320,charlemagne,0.5754,0.5483
5321,avantageuse,0.5754,0.5922
5322,qi,0.5754,0.4502
5323,diligences,0.5754,0.4880
5324,âgée,0.5754,0.5656
5325,iix,0.5753,0.4975
5326,bruxelles,0.5753,0.5614
5327,publiquement,0.5753,0.4356
5328,ria,0.5753,0.4803
5329,étend,0.5753,0.5726
5330,bouillon,0.5752,0.4763
5331,certificats,0.5752,0.4622
5332,france,0.5752,0.5063
5333,bouches,0.5752,0.4402
5334,mises,0.5751,0.5396
5335,dernier,0.5751,0.5898
5336,criminel,0.5751,0.5360
5337,grossir,0.5751,0.4925
5338,voler,0.5751,0.5660
5339,appuyer,0.5751,0.4828
5340,recevant,0.5750,0.5193
5341,thomas,0.5750,0.5046
5342,d'orange,0.5749,0.4874
5343,iil,0.5749,0.6110
5344,signé,0.5749,0.4482
5345,excellence,0.5749,0.6444
5346,sentes,0.5748,0.5637
5347,perdus,0.5748,0.4292
5348,redoubler,0.5747,0.4635
5349,quan,0.5747,0.5963
5350,égards,0.5747,0.4169
5351,mail,0.5747,0.6202
5352,iq,0.5747,0.4893
5353,dixieme,0.5747,0.5957
5354,parvenir,0.5746,0.5615
5355,pavé,0.5746,0.4885
5356,présentée,0.5746,0.5682
5357,poste,0.5746,0.5620
5358,ya,0.5746,0.5281
5359,réduits,0.5746,0.4371
5360,conservez,0.5745,0.5821
5361,durent,0.5745,0.5567
5362,cyrus,0.5745,0.5395
5363,déchiré,0.5745,0.5643
5364,relief,0.5745,0.5459
5365,racheter,0.5744,0.5462
5366,c'c,0.5743,0.5809
5367,etoiles,0.5743,0.4949
5368,payez,0.5743,0.4072
5369,collation,0.5743,0.5365
5370,mil,0.5742,0.4937
5371,iant,0.5742,0.6323
5372,promenant,0.5741,0.4372
5373,sanglante,0.5741,0.5348
5374,pressé,0.5741,0.5382
5375,contenu,0.5740,0.5543
5376,mathieu,0.5739,0.5037
5377,avo,0.5739,0.4795
5378,doute,0.5739,0.4561
5379,l'ombre,0.5739,0.6213
5380,compagnies,0.5738,0.6016
5381,données,0.5738,0.5526
5382,d'horreur,0.5738,0.5488
5383,dz,0.5738,0.5740
5384,portées,0.5738,0.5604
5385,j'a,0.5737,0.5237
5386,s'ils,0.5737,0.5737
5387,liée,0.5737,0.4619
5388,jaloufie,0.5737,0.4605
5389,our,0.5737,0.5037
5390,dépouillé,0.5737,0.6349
5391,précipiter,0.5736,0.3986
5392,vieillard,0.5736,0.5236
5393,secrets,0.5736,0.4796
5394,existe,0.5735,0.3562
5395,gt,0.5735,0.4703
5396,pente,0.5734,0.6322
5397,soutenu,0.5734,0.5668
5398,pratiqué,0.5734,0.5318
5399,malice,0.5734,0.4695
5400,ict,0.5733,0.4919
5401,l'élection,0.5733,0.5297
5402,trafiquer,0.5732,0.6187
5403,rions,0.5732,0.6835
5404,oj,0.5732,0.4650
5405,parer,0.5732,0.6353
5406,autrc,0.5732,0.5558
5407,fiit,0.5731,0.4893
5408,lorsqu'un,0.5731,0.5484
5409,acte,0.5731,0.5933
5410,abusé,0.5731,0.3562
5411,représente,0.5731,0.4901
5412,recherché,0.5730,0.5660
5413,motte,0.5730,0.5929
5414,ellcs,0.5730,0.4983
5415,anime,0.5730,0.4206
5416,sacrement,0.5730,0.5231
5417,million,0.5729,0.5459
5418,dce,0.5729,0.5152
5419,necessaire,0.5727,0.5691
5420,posées,0.5727,0.3964
5421,suivirent,0.5727,0.5828
5422,filer,0.5726,0.6082
5423,essuyer,0.5726,0.4827
5424,incompatible,0.5726,0.5591
5425,cei,0.5726,0.5608
5426,d'en,0.5725,0.5644
5427,malgré,0.5724,0.4377
5428,consternation,0.5724,0.4194
5429,aperçu,0.5724,0.4464
5430,eloge,0.5723,0.4879
5431,satire,0.5723,0.4986
5432,err,0.5723,0.6229
5433,suivies,0.5723,0.4086
5434,hc,0.5723,0.4492
5435,d'acheter,0.5723,0.5460
5436,inscription,0.5722,0.5232
5437,ouvertures,0.5722,0.4587
5438,populace,0.5722,0.4301
5439,l'île,0.5721,0.4672
5440,connétable,0.5721,0.5705
5441,revoir,0.5721,0.6050
5442,conclue,0.5721,0.5439
5443,d'estime,0.5721,0.4764
5444,réduite,0.5721,0.5563
5445,insulte,0.5720,0.4600
5446,noblesse,0.5719,0.5586
5447,pont,0.5719,0.6022
5448,eve,0.5719,0.6458
5449,erc,0.5719,0.3578
5450,profonde,0.5718,0.5556
5451,malade,0.5718,0.5848
5452,ss,0.5718,0.5430
5453,pc,0.5717,0.5011
5454,messieurs,0.5717,0.4406
5455,triste,0.5717,0.5370
5456,vl,0.5717,0.5467
5457,mauvais,0.5716,0.5445
5458,aveugles,0.5716,0.5750
5459,perdez,0.5716,0.4346
5460,allié,0.5716,0.5468
5461,enfin,0.5715,0.4738
5462,flot,0.5715,0.5883
5463,méditerranée,0.5715,0.5405
5464,voyez,0.5714,0.6695
5465,dépit,0.5713,0.4672
5466,sat,0.5713,0.4659
5467,bagage,0.5712,0.5245
5468,l'amant,0.5712,0.4760
5469,hâte,0.5712,0.4710
5470,st,0.5712,0.3848
5471,sauva,0.5712,0.5763
5472,décision,0.5712,0.5074
5473,sembla,0.5712,0.5606
5474,trer,0.5711,0.4834
5475,ruse,0.5711,0.4618
5476,voulons,0.5710,0.4212
5477,arpent,0.5710,0.5747
5478,concours,0.5710,0.3945
5479,reduire,0.5710,0.5739
5480,reprend,0.5710,0.4791
5481,écouter,0.5709,0.5134
5482,pins,0.5709,0.5101
5483,résoudre,0.5709,0.4374
5484,approchant,0.5708,0.5349
5485,efj,0.5707,0.4677
5486,particulièrement,0.5707,0.5480
5487,guérison,0.5707,0.4684
5488,vision,0.5707,0.5153
5489,desirer,0.5707,0.4585
5490,harangue,0.5706,0.5626
5491,funt,0.5706,0.4641
5492,continue,0.5706,0.5793
5493,rendre,0.5705,0.5935
5494,dion,0.5705,0.4839
5495,consommé,0.5705,0.5353
5496,triomphe,0.5704,0.5536
5497,rendoient,0.5704,0.5607
5498,allemand,0.5704,0.5657
5499,diverfité,0.5704,0.4185
5500,rai,0.5704,0.4837
5501,l'enfant,0.5704,0.6345
5502,demeurera,0.5704,0.5632
5503,oo,0.5704,0.4516
5504,misérables,0.5704,0.5821
5505,renvoie,0.5703,0.5065
5506,fondement,0.5703,0.5514
5507,maxime,0.5703,0.4987
5508,menues,0.5703,0.5421
5509,monceaux,0.5702,0.4594
5510,venit,0.5702,0.3775
5511,n'au,0.5702,0.5703
5512,fondre,0.5701,0.5926
5513,culte,0.5701,0.5310
5514,prouve,0.5701,0.5202
5515,unique,0.5700,0.4343
5516,ut,0.5700,0.5306
5517,emprunter,0.5700,0.5915
5518,anno,0.5700,0.5013
5519,ieu,0.5700,0.5476
5520,sos,0.5699,0.5838
5521,fidelles,0.5699,0.5827
5522,conduites,0.5699,0.4684
5523,coffres,0.5698,0.5642
5524,ln,0.5698,0.4877
5525,grosse,0.5698,0.5232
5526,priant,0.5697,0.5435
5527,juris,0.5696,0.4899
5528,jc,0.5696,0.4870
5529,mensonges,0.5696,0.4046
5530,dal,0.5696,0.5496
5531,relie,0.5696,0.4981
5532,supérieur,0.5696,0.4617
5533,balle,0.5695,0.4324
5534,privé,0.5695,0.4623
5535,depuis,0.5695,0.6393
5536,noire,0.5695,0.4602
5537,adieu,0.5695,0.6101
5538,er,0.5695,0.4832
5539,voleur,0.5695,0.5666
5540,posse,0.5694,0.4257
5541,toto,0.5694,0.3657
5542,battus,0.5694,0.4201
5543,sacremens,0.5693,0.5984
5544,examine,0.5693,0.5316
5545,juif,0.5692,0.5653
5546,valablement,0.5691,0.5184
5547,hom,0.5691,0.5157
5548,craignant,0.5691,0.5108
5549,jouissance,0.5691,0.5502
5550,malignes,0.5690,0.4968
5551,formule,0.5690,0.5641
5552,profitant,0.5690,0.5685
5553,assignations,0.5689,0.4608
5554,breuvage,0.5689,0.6641
5555,oubliez,0.5689,0.4421
5556,qa,0.5689,0.4951
5557,diminuent,0.5689,0.5307
5558,luc,0.5688,0.4581
5559,marin,0.5688,0.5793
5560,ers,0.5688,0.5193
5561,plan,0.5688,0.4281
5562,ule,0.5688,0.5697
5563,éleve,0.5688,0.4079
5564,touts,0.5687,0.7436
5565,commandé,0.5687,0.5070
5566,marques,0.5687,0.5865
5567,chairs,0.5686,0.5309
5568,jam,0.5685,0.5070
5569,italien,0.5685,0.6407
5570,rendront,0.5685,0.5223
5571,preface,0.5684,0.4696
5572,refusent,0.5684,0.4997
5573,séduit,0.5684,0.4972
5574,jeunesse,0.5684,0.5012
5575,habite,0.5684,0.4263
5576,violer,0.5683,0.4138
5577,dr,0.5683,0.5390
5578,spirituelle,0.5682,0.5460
5579,chaffe,0.5682,0.5609
5580,bulles,0.5682,0.4711
5581,frappée,0.5682,0.5788
5582,instruite,0.5681,0.4494
5583,tire,0.5681,0.5210
5584,d'avis,0.5681,0.5935
5585,tiere,0.5681,0.5063
5586,vraisemblance,0.5681,0.6498
5587,turin,0.5681,0.5934
5588,tonnes,0.5681,0.5147
5589,simplement,0.5680,0.6166
5590,publiques,0.5680,0.6384
5591,logement,0.5680,0.6297
5592,né,0.5679,0.5067
5593,rui,0.5679,0.5991
5594,communs,0.5679,0.4473
5595,capital,0.5679,0.4272
5596,nette,0.5679,0.4611
5597,excellens,0.5678,0.4964
5598,pretend,0.5678,0.4942
5599,versailles,0.5678,0.4937
5600,recu,0.5677,0.4007
5601,droites,0.5677,0.5321
5602,l'enfance,0.5677,0.5372
5603,ol,0.5677,0.5354
5604,roma,0.5677,0.4456
5605,admiré,0.5676,0.5235
5606,convenu,0.5676,0.5941
5607,purs,0.5676,0.5649
5608,obligent,0.5676,0.5763
5609,intervenu,0.5676,0.4102
5610,d'enlever,0.5675,0.4717
5611,fausse,0.5675,0.4416
5612,l'election,0.5674,0.5224
5613,qul,0.5674,0.5672
5614,mortes,0.5674,0.5566
5615,annoncer,0.5674,0.5465
5616,tombera,0.5674,0.5307
5617,l'union,0.5673,0.5784
5618,modération,0.5673,0.4715
5619,casse,0.5673,0.5131
5620,soif,0.5673,0.4904
5621,soutenue,0.5673,0.4533
5622,exciter,0.5672,0.4134
5623,douces,0.5672,0.5393
5624,folides,0.5672,0.5141
5625,paix,0.5672,0.5433
5626,ul,0.5671,0.5244
5627,abondant,0.5671,0.4970
5628,extrême,0.5670,0.5360
5629,doucement,0.5670,0.5946
5630,canon,0.5670,0.4789
5631,poe,0.5669,0.5674
5632,senti,0.5669,0.6243
5633,of,0.5669,0.5279
5634,d'attendre,0.5669,0.4151
5635,encor,0.5668,0.5744
5636,l'entretenir,0.5668,0.5551
5637,légère,0.5667,0.5674
5638,elle,0.5667,0.5804
5639,villa,0.5666,0.5630
5640,l'interêt,0.5666,0.5305
5641,patrimoine,0.5666,0.4662
5642,honneurs,0.5665,0.4780
5643,attira,0.5665,0.5592
5644,regni,0.5665,0.3896
5645,exceptions,0.5664,0.4064
5646,misère,0.5664,0.4185
5647,injustement,0.5664,0.5093
5648,flor,0.5664,0.5426
5649,agite,0.5664,0.4807
5650,liens,0.5663,0.4295
5651,nain,0.5663,0.5743
5652,soumis,0.5662,0.4161
5653,qu'ont,0.5662,0.6151
5654,dissipé,0.5661,0.5653
5655,l'océan,0.5661,0.4307
5656,chent,0.5661,0.6667
5657,passez,0.5661,0.5620
5658,boulanger,0.5661,0.5426
5659,romans,0.5660,0.5507
5660,chagrine,0.5660,0.5359
5661,diversité,0.5660,0.5459
5662,attacher,0.5659,0.3636
5663,s'ouvre,0.5659,0.4463
5664,musique,0.5659,0.5913
5665,noms,0.5659,0.5720
5666,oz,0.5659,0.5007
5667,zèle,0.5659,0.5177
5668,flit,0.5659,0.5507
5669,up,0.5658,0.5325
5670,amuser,0.5658,0.5596
5671,moururent,0.5658,0.5848
5672,reprenant,0.5657,0.6021
5673,expriment,0.5657,0.6087
5674,ril,0.5657,0.4928
5675,joue,0.5656,0.4163
5676,principauté,0.5656,0.4067
5677,continuoit,0.5656,0.5494
5678,l'agneau,0.5656,0.5775
5679,l'obscurité,0.5655,0.4609
5680,ports,0.5655,0.5680
5681,infamie,0.5655,0.4261
5682,te,0.5655,0.4352
5683,car,0.5655,0.4575
5684,deviendroit,0.5654,0.4260
5685,déclara,0.5654,0.5284
5686,bourgeois,0.5653,0.5694
5687,boi,0.5653,0.5139
5688,profane,0.5653,0.5104
5689,mépriser,0.5652,0.4541
5690,étendre,0.5652,0.5702
5691,compassion,0.5652,0.6418
5692,présentes,0.5652,0.4987
5693,fameux,0.5651,0.5164
5694,jésuite,0.5651,0.6048
5695,regardé,0.5651,0.5532
5696,venir,0.5651,0.4846
5697,dcl,0.5651,0.5237
5698,mandons,0.5651,0.5211
5699,victorieux,0.5650,0.4653
5700,neige,0.5650,0.5649
5701,puissants,0.5650,0.5640
5702,saturne,0.5649,0.4922
5703,affranchi,0.5648,0.4451
5704,masque,0.5648,0.4280
5705,attribuer,0.5648,0.4975
5706,ignoré,0.5648,0.5073
5707,danser,0.5647,0.5207
5708,corrompu,0.5647,0.4423
5709,provin,0.5647,0.4312
5710,interrompu,0.5647,0.6598
5711,fs,0.5646,0.5286
5712,nb,0.5646,0.5934
5713,revenu,0.5646,0.5492
5714,livre,0.5646,0.5519
5715,bande,0.5645,0.5165
5716,scrupules,0.5645,0.5323
5717,pisces,0.5645,0.4784
5718,ej,0.5645,0.4924
5719,ts,0.5645,0.4500
5720,ingrats,0.5644,0.5634
5721,interne,0.5643,0.6125
5722,patron,0.5643,0.5942
5723,rapide,0.5642,0.3950
5724,clameur,0.5642,0.2991
5725,enfance,0.5641,0.5628
5726,geste,0.5641,0.4341
5727,construction,0.5641,0.4270
5728,fauves,0.5640,0.6495
5729,accepte,0.5640,0.4827
5730,menus,0.5640,0.4912
5731,creux,0.5639,0.5042
5732,l'étendue,0.5639,0.5587
5733,genéral,0.5639,0.4786
5734,haï,0.5639,0.4878
5735,classes,0.5638,0.5534
5736,construit,0.5638,0.4382
5737,peindre,0.5638,0.5423
5738,destiné,0.5638,0.5759
5739,portez,0.5638,0.5600
5740,vt,0.5638,0.5078
5741,sceaux,0.5637,0.6314
5742,d'esclaves,0.5636,0.5258
5743,posée,0.5636,0.5079
5744,lancer,0.5636,0.5906
5745,taillé,0.5636,0.4704
5746,perfidie,0.5636,0.4239
5747,liquidation,0.5635,0.5238
5748,piliers,0.5635,0.4232
5749,flanc,0.5635,0.5574
5750,alter,0.5635,0.4340
5751,joseph,0.5635,0.5458
5752,forma,0.5635,0.3734
5753,charrue,0.5634,0.5727
5754,pluie,0.5634,0.5806
5755,vante,0.5634,0.4979
5756,informer,0.5634,0.5205
5757,immortel,0.5634,0.5445
5758,gouvernée,0.5634,0.5635
5759,tité,0.5633,0.5829
5760,évidence,0.5633,0.4500
5761,protéger,0.5633,0.4980
5762,exprime,0.5633,0.5362
5763,bayonne,0.5633,0.4778
5764,ec,0.5633,0.5592
5765,legal,0.5632,0.2720
5766,transportées,0.5632,0.4929
5767,amoureux,0.5632,0.6312
5768,conçu,0.5632,0.5132
5769,gro,0.5631,0.5123
5770,scellé,0.5631,0.4439
5771,ill,0.5631,0.5059
5772,liées,0.5631,0.4447
5773,el,0.5631,0.4659
5774,geneve,0.5630,0.6075
5775,done,0.5630,0.6178
5776,d'u,0.5630,0.4600
5777,apprenant,0.5630,0.4646
5778,s'enfuit,0.5630,0.4130
5779,cg,0.5630,0.5171
5780,camps,0.5629,0.4351
5781,lour,0.5629,0.7225
5782,conquête,0.5629,0.5674
5783,goûté,0.5629,0.5630
5784,braver,0.5629,0.3919
5785,l'ambition,0.5628,0.4598
5786,divertissement,0.5628,0.5020
5787,qu'autant,0.5628,0.4735
5788,infaillible,0.5628,0.5006
5789,réduction,0.5628,0.6223
5790,chaux,0.5627,0.5843
5791,s'empara,0.5627,0.3963
5792,os,0.5627,0.5196
5793,poursuit,0.5627,0.5659
5794,parfait,0.5626,0.5447
5795,rp,0.5626,0.5225
5796,jouissent,0.5626,0.5758
5797,qu'entre,0.5626,0.6273
5798,sévère,0.5626,0.4765
5799,exercices,0.5625,0.5779
5800,poésie,0.5625,0.4327
5801,it,0.5624,0.3958
5802,irs,0.5624,0.4748
5803,demande,0.5622,0.5197
5804,protestation,0.5621,0.5293
5805,restera,0.5621,0.3566
5806,troupeau,0.5621,0.5470
5807,ruinée,0.5621,0.4429
5808,paser,0.5620,0.4482
5809,coûter,0.5620,0.6666
5810,appaiser,0.5620,0.5413
5811,gain,0.5619,0.5579
5812,rudement,0.5619,0.4781
5813,preuve,0.5619,0.5855
5814,toucha,0.5619,0.5501
5815,n'entre,0.5618,0.5378
5816,traites,0.5618,0.6488
5817,fourniture,0.5618,0.4319
5818,délicatesse,0.5618,0.4033
5819,bienveillance,0.5617,0.5013
5820,restoit,0.5617,0.5746
5821,précipitation,0.5617,0.5739
5822,appartenir,0.5616,0.5890
5823,excufe,0.5616,0.5142
5824,médecin,0.5616,0.5347
5825,diamètre,0.5616,0.4257
5826,honorable,0.5615,0.5185
5827,ifles,0.5615,0.4400
5828,bordeaux,0.5615,0.4463
5829,oeuvres,0.5615,0.6125
5830,invisible,0.5614,0.5051
5831,offense,0.5613,0.4242
5832,l'obligation,0.5613,0.4174
5833,fracas,0.5613,0.4565
5834,paraît,0.5613,0.5481
5835,travailla,0.5613,0.5855
5836,ménagé,0.5612,0.4650
5837,dragon,0.5612,0.4427
5838,l'exemple,0.5612,0.6077
5839,complaisance,0.5612,0.5882
5840,figne,0.5612,0.4629
5841,allumée,0.5611,0.5445
5842,séculiers,0.5611,0.4506
5843,balancer,0.5610,0.4419
5844,qu'ai,0.5610,0.5142
5845,vrage,0.5610,0.6033
5846,voisinage,0.5609,0.6023
5847,orgueilleux,0.5609,0.4993
5848,diminutions,0.5609,0.4340
5849,crever,0.5608,0.5991
5850,tenus,0.5608,0.4496
5851,paresse,0.5608,0.4996
5852,palmes,0.5608,0.4307
5853,oublier,0.5606,0.5721
5854,monnoie,0.5606,0.4435
5855,obstacle,0.5606,0.5349
5856,forcée,0.5606,0.4982
5857,stipulé,0.5606,0.5302
5858,savoir,0.5605,0.3844
5859,simples,0.5605,0.5657
5860,julqu'à,0.5605,0.5549
5861,fievre,0.5605,0.5168
5862,loges,0.5605,0.4366
5863,corpus,0.5604,0.3987
5864,prétendre,0.5604,0.5343
5865,faveur,0.5604,0.4355
5866,historique,0.5604,0.4592
5867,obéit,0.5604,0.4444
5868,écrit,0.5603,0.5001
5869,pair,0.5603,0.5374
5870,étroite,0.5602,0.5707
5871,ioit,0.5601,0.5449
5872,député,0.5601,0.4615
5873,iou,0.5601,0.5527
5874,nantes,0.5600,0.4581
5875,venues,0.5600,0.4127
5876,parent,0.5599,0.5348
5877,disette,0.5599,0.4697
5878,enseigner,0.5598,0.5437
5879,voisine,0.5598,0.4956
5880,sexes,0.5598,0.5276
5881,creuser,0.5598,0.5510
5882,arnaud,0.5598,0.4299
5883,change,0.5598,0.5933
5884,avancer,0.5597,0.5137
5885,puiflance,0.5597,0.4713
5886,fabrique,0.5597,0.5928
5887,campagne,0.5597,0.6230
5888,lege,0.5597,0.4425
5889,généreux,0.5597,0.5318
5890,crainte,0.5596,0.5514
5891,odeurs,0.5596,0.5800
5892,dispense,0.5596,0.4673
5893,châtier,0.5596,0.5181
5894,brevet,0.5596,0.6308
5895,témérité,0.5595,0.4073
5896,respe,0.5595,0.5449
5897,osa,0.5595,0.4265
5898,taillées,0.5595,0.4117
5899,veine,0.5595,0.5532
5900,comptant,0.5594,0.6694
5901,fonda,0.5594,0.4601
5902,justifié,0.5593,0.4828
5903,cherchez,0.5593,0.4979
5904,louange,0.5593,0.4184
5905,brouiller,0.5593,0.4960
5906,som,0.5593,0.6046
5907,défaut,0.5593,0.5415
5908,tâchent,0.5592,0.4731
5909,bassins,0.5591,0.4074
5910,solde,0.5591,0.4611
5911,vigueur,0.5591,0.5341
5912,mention,0.5591,0.5375
5913,menoit,0.5590,0.5354
5914,leçons,0.5590,0.4847
5915,unquam,0.5589,0.3733
5916,aider,0.5589,0.5199
5917,orient,0.5589,0.5992
5918,cachée,0.5589,0.6486
5919,éoit,0.5589,0.4309
5920,manque,0.5589,0.4945
5921,épargné,0.5588,0.5076
5922,mémoire,0.5588,0.3762
5923,tousses,0.5588,0.5913
5924,défendus,0.5588,0.4768
5925,sot,0.5587,0.4866
5926,mêlé,0.5587,0.5480
5927,précédent,0.5587,0.5457
5928,frivole,0.5586,0.4748
5929,capitale,0.5586,0.3960
5930,pratiquer,0.5586,0.4531
5931,projet,0.5586,0.4025
5932,armis,0.5585,0.3623
5933,fatiguer,0.5585,0.4863
5934,rebuter,0.5585,0.4602
5935,employés,0.5584,0.3799
5936,passeroit,0.5584,0.5559
5937,viendra,0.5583,0.4012
5938,égaux,0.5583,0.4260
5939,rii,0.5583,0.4818
5940,ça,0.5583,0.4866
5941,canne,0.5582,0.4538
5942,purement,0.5582,0.4790
5943,distinguent,0.5582,0.5324
5944,habitation,0.5582,0.3821
5945,sensible,0.5581,0.5899
5946,cordons,0.5580,0.4474
5947,flatté,0.5580,0.4873
5948,refute,0.5580,0.4558
5949,expire,0.5580,0.4581
5950,bâtit,0.5579,0.4678
5951,procuration,0.5579,0.5505
5952,terre,0.5579,0.6076
5953,amasser,0.5579,0.6176
5954,mande,0.5578,0.5499
5955,rei,0.5578,0.4996
5956,témoigne,0.5578,0.5622
5957,assure,0.5578,0.5671
5958,anciennement,0.5578,0.4191
5959,ast,0.5578,0.5585
5960,ét,0.5577,0.4751
5961,braves,0.5577,0.4911
5962,merlin,0.5576,0.4448
5963,remontrance,0.5576,0.5710
5964,d'entr'eux,0.5575,0.4268
5965,oblig,0.5575,0.4614
5966,dure,0.5575,0.4951
5967,peints,0.5574,0.5120
5968,irt,0.5574,0.4757
5969,révérence,0.5574,0.5495
5970,subtile,0.5574,0.4748
5971,troublée,0.5574,0.5564
5972,havre,0.5574,0.4521
5973,ein,0.5573,0.5574
5974,accompagnée,0.5573,0.5208
5975,bornée,0.5573,0.5928
5976,délices,0.5573,0.5276
5977,d'ail,0.5572,0.4853
5978,nues,0.5572,0.4641
5979,l'heureuse,0.5572,0.5179
5980,l'honneur,0.5572,0.5538
5981,quarts,0.5571,0.6140
5982,vénération,0.5571,0.4284
5983,urs,0.5571,0.5140
5984,l'origine,0.5570,0.4237
5985,trouv,0.5570,0.5500
5986,vagues,0.5569,0.4997
5987,fixer,0.5569,0.5267
5988,tribut,0.5569,0.4297
5989,vains,0.5569,0.4309
5990,mariniers,0.5569,0.5125
5991,évidemment,0.5569,0.4743
5992,seigneur,0.5568,0.5970
5993,évidentes,0.5568,0.4687
5994,ligne,0.5568,0.5572
5995,rupture,0.5568,0.5612
5996,ôtent,0.5567,0.5868
5997,ceci,0.5567,0.5435
5998,compté,0.5567,0.5321
5999,violens,0.5567,0.5595
6000,traiter,0.5567,0.6029
6001,remis,0.5566,0.5576
6002,revêtus,0.5566,0.4364
6003,land,0.5566,0.4948
6004,réciproquement,0.5566,0.4951
6005,l'innocence,0.5566,0.4952
6006,sources,0.5566,0.5475
6007,see,0.5566,0.4619
6008,unanimement,0.5564,0.6876
6009,laurier,0.5564,0.4074
6010,châteaux,0.5564,0.5374
6011,litres,0.5564,0.4152
6012,lots,0.5564,0.5389
6013,remèdes,0.5563,0.4466
6014,coudre,0.5563,0.5826
6015,jaloux,0.5563,0.4238
6016,s'attacha,0.5562,0.5962
6017,led,0.5562,0.5604
6018,relâcher,0.5562,0.4575
6019,exemples,0.5562,0.5192
6020,comme,0.5562,0.4986
6021,cabaret,0.5562,0.5405
6022,mart,0.5561,0.5876
6023,larcin,0.5561,0.6635
6024,authentique,0.5561,0.5872
6025,maintenu,0.5561,0.5737
6026,lû,0.5561,0.3691
6027,icurs,0.5561,0.5258
6028,clément,0.5561,0.4489
6029,l'aurore,0.5561,0.5676
6030,jadis,0.5560,0.4904
6031,vingtième,0.5560,0.5351
6032,bête,0.5560,0.5755
6033,mesure,0.5560,0.4374
6034,civiles,0.5559,0.6000
6035,information,0.5559,0.4454
6036,nle,0.5559,0.5261
6037,tut,0.5559,0.5434
6038,ric,0.5559,0.5673
6039,d'avantage,0.5558,0.5709
6040,interêt,0.5558,0.5118
6041,clôture,0.5558,0.5034
6042,coin,0.5557,0.4723
6043,impies,0.5557,0.5436
6044,surprises,0.5557,0.5118
6045,chaise,0.5557,0.4637
6046,valeur,0.5557,0.5739
6047,jalouse,0.5556,0.4760
6048,tibre,0.5556,0.4667
6049,courtisan,0.5556,0.5972
6050,successions,0.5556,0.5105
6051,relte,0.5556,0.4899
6052,contiendra,0.5556,0.4302
6053,singularité,0.5555,0.4405
6054,principalement,0.5555,0.4857
6055,arbitres,0.5555,0.5938
6056,couvertes,0.5554,0.5278
6057,erit,0.5554,0.3635
6058,trcs,0.5554,0.5514
6059,mordre,0.5554,0.5102
6060,chancellerie,0.5553,0.5179
6061,l'abandonner,0.5553,0.4684
6062,rome,0.5553,0.5262
6063,tais,0.5553,0.4426
6064,jolies,0.5553,0.5405
6065,sublime,0.5553,0.4170
6066,d'italie,0.5553,0.6288
6067,présumer,0.5553,0.6217
6068,pf,0.5553,0.5636
6069,bene,0.5552,0.3786
6070,excellente,0.5551,0.5460
6071,ent,0.5551,0.4371
6072,ros,0.5551,0.5811
6073,contrevenir,0.5551,0.4806
6074,délicates,0.5551,0.5023
6075,vieilles,0.5551,0.4673
6076,lum,0.5550,0.3937
6077,destination,0.5550,0.4404
6078,tendu,0.5549,0.7431
6079,solidairement,0.5549,0.6401
6080,ry,0.5548,0.4880
6081,exercice,0.5548,0.5725
6082,vigoureux,0.5548,0.5631
6083,l'échéance,0.5547,0.5465
6084,droit,0.5547,0.5709
6085,toi,0.5547,0.4265
6086,ignorant,0.5547,0.5562
6087,impériaux,0.5546,0.4868
6088,jo,0.5546,0.5231
6089,renversé,0.5546,0.5290
6090,d'eux,0.5545,0.5860
6091,demeures,0.5545,0.4208
6092,apperçu,0.5545,0.4179
6093,icelui,0.5545,0.4094
6094,renverser,0.5545,0.4222
6095,suivante,0.5545,0.5133
6096,brillant,0.5544,0.4586
6097,l'homme,0.5544,0.6075
6098,délibérations,0.5544,0.3682
6099,publier,0.5544,0.5045
6100,dresser,0.5543,0.5540
6101,limité,0.5543,0.3897
6102,remplie,0.5543,0.4538
6103,prononcé,0.5542,0.4856
6104,zc,0.5541,0.4370
6105,unie,0.5541,0.4306
6106,apr,0.5540,0.3835
6107,éternelles,0.5540,0.6187
6108,hé,0.5540,0.4501
6109,rts,0.5540,0.4824
6110,formalité,0.5539,0.5606
6111,déclarant,0.5539,0.4560
6112,turquie,0.5539,0.4709
6113,brûler,0.5539,0.5746
6114,judicieux,0.5539,0.4742
6115,chanter,0.5538,0.5208
6116,renvoye,0.5538,0.4423
6117,clef,0.5538,0.5707
6118,confesseur,0.5538,0.5796
6119,demeurez,0.5537,0.5185
6120,acquise,0.5537,0.3871
6121,royau,0.5537,0.4777
6122,nouvelles,0.5537,0.4088
6123,métiers,0.5537,0.6514
6124,ecuyer,0.5537,0.4081
6125,ées,0.5536,0.5000
6126,tj,0.5535,0.4830
6127,l'avis,0.5535,0.5486
6128,iir,0.5535,0.5617
6129,itc,0.5535,0.4741
6130,clous,0.5534,0.3749
6131,appel,0.5534,0.4332
6132,dose,0.5533,0.5603
6133,pir,0.5533,0.5488
6134,explique,0.5533,0.5337
6135,pesanteur,0.5532,0.4181
6136,bien,0.5532,0.4267
6137,santé,0.5532,0.5495
6138,fb,0.5531,0.5260
6139,éloignées,0.5531,0.5917
6140,jugez,0.5531,0.5765
6141,confession,0.5531,0.6440
6142,tâchez,0.5531,0.5684
6143,rangers,0.5531,0.5684
6144,ki,0.5530,0.5987
6145,bile,0.5530,0.5715
6146,vs,0.5530,0.5519
6147,fonte,0.5529,0.6065
6148,semblait,0.5529,0.5290
6149,mefure,0.5529,0.5196
6150,arts,0.5529,0.5235
6151,cours,0.5529,0.5113
6152,pallas,0.5529,0.4517
6153,cau,0.5528,0.5385
6154,partages,0.5528,0.6012
6155,l'ame,0.5528,0.5874
6156,boule,0.5528,0.5126
6157,devenir,0.5527,0.4953
6158,attendu,0.5527,0.5872
6159,coule,0.5527,0.4112
6160,commençons,0.5526,0.5840
6161,entendre,0.5526,0.5366
6162,compte,0.5526,0.5640
6163,vérification,0.5525,0.4050
6164,rd,0.5525,0.4621
6165,véritablement,0.5525,0.4839
6166,traître,0.5524,0.4735
6167,proposer,0.5524,0.4651
6168,demeurée,0.5524,0.5352
6169,commodes,0.5524,0.5365
6170,ancien,0.5523,0.6563
6171,parties,0.5523,0.5602
6172,relevant,0.5522,0.5330
6173,produit,0.5522,0.3975
6174,pêcheurs,0.5521,0.5204
6175,tii,0.5521,0.4875
6176,comptoir,0.5520,0.5228
6177,ceur,0.5520,0.4999
6178,générosité,0.5520,0.4480
6179,réformation,0.5520,0.4767
6180,soudain,0.5520,0.3759
6181,ane,0.5519,0.5892
6182,assemblées,0.5519,0.5443
6183,liv,0.5519,0.5273
6184,garda,0.5519,0.5248
6185,rareté,0.5519,0.5773
6186,emportent,0.5519,0.4983
6187,l'échange,0.5519,0.5334
6188,fixe,0.5518,0.4539
6189,auprès,0.5518,0.6207
6190,faite,0.5518,0.4863
6191,chevre,0.5517,0.5231
6192,d'imprimer,0.5517,0.5914
6193,indiens,0.5517,0.4295
6194,susceptible,0.5517,0.5815
6195,difficultés,0.5517,0.3787
6196,toures,0.5516,0.4779
6197,d'étre,0.5516,0.5779
6198,qu'clle,0.5516,0.5891
6199,cô,0.5514,0.5186
6200,s'exprime,0.5514,0.5590
6201,plat,0.5513,0.6310
6202,pl,0.5513,0.6289
6203,rejetter,0.5513,0.4390
6204,resentes,0.5513,0.3846
6205,d'ou,0.5513,0.4867
6206,marier,0.5513,0.5541
6207,trahit,0.5513,0.4159
6208,aveugle,0.5513,0.4785
6209,retiennent,0.5512,0.5388
6210,chercher,0.5512,0.5986
6211,appartenant,0.5512,0.3993
6212,postes,0.5512,0.6025
6213,pains,0.5511,0.5498
6214,necessité,0.5511,0.5325
6215,inutiles,0.5511,0.4347
6216,postérité,0.5511,0.4406
6217,css,0.5510,0.4700
6218,occasion,0.5510,0.4934
6219,gravées,0.5510,0.5913
6220,continuez,0.5510,0.5656
6221,l'idée,0.5510,0.5395
6222,l'hôpital,0.5509,0.5269
6223,accompagnées,0.5509,0.4521
6224,ctc,0.5508,0.4594
6225,tables,0.5508,0.5056
6226,depend,0.5507,0.5577
6227,suit,0.5507,0.4261
6228,posterité,0.5507,0.5512
6229,payera,0.5507,0.4343
6230,bi,0.5506,0.4981
6231,toujours,0.5506,0.4917
6232,karats,0.5506,0.6515
6233,maîtreffe,0.5506,0.4102
6234,vue,0.5506,0.4684
6235,lisent,0.5506,0.4755
6236,roux,0.5505,0.6489
6237,ingratitude,0.5505,0.4037
6238,s'élever,0.5505,0.6224
6239,vatican,0.5505,0.5092
6240,cueillir,0.5505,0.5976
6241,métal,0.5505,0.4764
6242,mei,0.5505,0.5061
6243,go,0.5504,0.5324
6244,îi,0.5504,0.5460
6245,ravages,0.5504,0.3712
6246,aes,0.5503,0.4525
6247,opiniâtreté,0.5503,0.4574
6248,lv,0.5503,0.5687
6249,remarquables,0.5503,0.6161
6250,enlevée,0.5502,0.4365
6251,soupire,0.5502,0.3721
6252,batteries,0.5501,0.5377
6253,art,0.5501,0.4969
6254,croître,0.5501,0.6214
6255,esse,0.5500,0.5173
6256,s'éleve,0.5500,0.4187
6257,percé,0.5500,0.4953
6258,rapports,0.5500,0.5817
6259,all,0.5499,0.4877
6260,représentée,0.5498,0.4176
6261,aille,0.5498,0.5861
6262,cedent,0.5498,0.5475
6263,tuis,0.5498,0.3981
6264,établis,0.5498,0.3637
6265,meurtre,0.5498,0.5377
6266,pillage,0.5498,0.3901
6267,cervelle,0.5497,0.4835
6268,ile,0.5496,0.4841
6269,presenter,0.5496,0.5136
6270,jacques,0.5496,0.4820
6271,mal,0.5496,0.4978
6272,portât,0.5495,0.4726
6273,embrasse,0.5495,0.4541
6274,j'appris,0.5495,0.5394
6275,récompenser,0.5495,0.4549
6276,d'afrique,0.5495,0.5537
6277,legs,0.5495,0.5766
6278,guinée,0.5494,0.5084
6279,masse,0.5494,0.5534
6280,l'ifle,0.5493,0.4702
6281,points,0.5493,0.4936
6282,mour,0.5493,0.5669
6283,embrasser,0.5493,0.4356
6284,sentant,0.5493,0.5806
6285,lait,0.5493,0.4362
6286,songea,0.5493,0.4380
6287,be,0.5492,0.5015
6288,xix,0.5492,0.6903
6289,reconnaître,0.5491,0.4395
6290,pitié,0.5490,0.6220
6291,obscures,0.5490,0.4186
6292,figure,0.5490,0.5183
6293,apud,0.5489,0.5193
6294,xliv,0.5489,0.5516
6295,glorieuse,0.5489,0.5424
6296,sz,0.5488,0.5659
6297,jésuites,0.5488,0.5890
6298,reglé,0.5488,0.4887
6299,pudeur,0.5487,0.4352
6300,rude,0.5487,0.5585
6301,soulager,0.5487,0.4246
6302,ricn,0.5486,0.5421
6303,infinies,0.5485,0.5556
6304,dimanches,0.5485,0.5616
6305,verres,0.5484,0.5250
6306,achevé,0.5484,0.5346
6307,l'aventure,0.5484,0.4890
6308,l'âme,0.5484,0.5369
6309,i'i,0.5484,0.4559
6310,religieux,0.5484,0.5390
6311,tenir,0.5483,0.4987
6312,pout,0.5483,0.6198
6313,haye,0.5483,0.4957
6314,pontife,0.5483,0.5132
6315,tremblante,0.5483,0.4238
6316,tuteur,0.5483,0.4915
6317,talent,0.5483,0.5060
6318,témoignage,0.5483,0.5220
6319,flatter,0.5483,0.3812
6320,iî,0.5482,0.5755
6321,d'ornemens,0.5482,0.5723
6322,défense,0.5482,0.4158
6323,nommé,0.5482,0.4725
6324,aufli,0.5482,0.5053
6325,hardi,0.5481,0.5725
6326,barbares,0.5481,0.5901
6327,pauvre,0.5481,0.5467
6328,contens,0.5481,0.4940
6329,proximité,0.5481,0.5162
6330,ero,0.5481,0.4640
6331,mériter,0.5481,0.4057
6332,porteur,0.5480,0.4327
6333,régner,0.5480,0.4294
6334,étouffer,0.5480,0.4662
6335,brûlé,0.5480,0.5053
6336,cherté,0.5480,0.5618
6337,offensé,0.5479,0.5887
6338,mihi,0.5479,0.4534
6339,travaux,0.5479,0.5026
6340,ignore,0.5477,0.5522
6341,matelot,0.5477,0.5796
6342,possede,0.5477,0.5801
6343,esc,0.5477,0.5676
6344,oraison,0.5477,0.5220
6345,etrangeres,0.5477,0.5184
6346,quia,0.5477,0.4431
6347,brie,0.5476,0.5155
6348,nombreux,0.5476,0.4004
6349,augmenté,0.5476,0.5511
6350,vendoit,0.5475,0.3657
6351,échouer,0.5475,0.5520
6352,sombre,0.5474,0.5784
6353,logemens,0.5474,0.4552
6354,serviroit,0.5474,0.3555
6355,ocr,0.5474,0.3022
6356,judée,0.5473,0.4655
6357,trempé,0.5473,0.5623
6358,lille,0.5473,0.5282
6359,fausses,0.5473,0.4048
6360,communauté,0.5473,0.4127
6361,deviendront,0.5472,0.4038
6362,folide,0.5472,0.4579
6363,tirez,0.5472,0.5402
6364,injuste,0.5472,0.3812
6365,cete,0.5472,0.4905
6366,naturels,0.5472,0.6037
6367,paires,0.5472,0.4898
6368,revêtu,0.5471,0.5250
6369,tellier,0.5471,0.5396
6370,besoin,0.5471,0.6144
6371,attentats,0.5470,0.4089
6372,finis,0.5470,0.4190
6373,talon,0.5469,0.4843
6374,contenant,0.5469,0.6198
6375,cr,0.5468,0.4869
6376,pater,0.5468,0.4760
6377,distribution,0.5468,0.5723
6378,avant,0.5468,0.5371
6379,troubles,0.5467,0.5287
6380,prospérité,0.5467,0.5906
6381,l'imagination,0.5467,0.5516
6382,aife,0.5466,0.4729
6383,arrêté,0.5466,0.5377
6384,continuelle,0.5466,0.5958
6385,nunc,0.5466,0.4804
6386,semblera,0.5466,0.5978
6387,blâmer,0.5466,0.4635
6388,lois,0.5465,0.5151
6389,lieu,0.5465,0.5365
6390,syndic,0.5465,0.4458
6391,faim,0.5465,0.6428
6392,colombe,0.5465,0.5540
6393,tribunal,0.5464,0.5151
6394,achever,0.5464,0.6001
6395,oser,0.5464,0.4406
6396,ennemi,0.5464,0.5608
6397,pieux,0.5464,0.5326
6398,voiles,0.5464,0.4680
6399,fièvre,0.5464,0.4971
6400,compagnon,0.5464,0.5341
6401,conception,0.5464,0.5598
6402,commencera,0.5464,0.5249
6403,crin,0.5464,0.4844
6404,réussir,0.5463,0.5803
6405,ventre,0.5463,0.5603
6406,scs,0.5463,0.5150
6407,obtient,0.5463,0.5371
6408,eux,0.5463,0.4744
6409,tels,0.5463,0.3758
6410,metre,0.5462,0.6241
6411,voie,0.5462,0.4275
6412,reconnaissance,0.5461,0.4224
6413,tanti,0.5460,0.3478
6414,mans,0.5460,0.5337
6415,jalousie,0.5460,0.4744
6416,innocente,0.5459,0.5505
6417,difficulté,0.5459,0.6256
6418,doyen,0.5458,0.5727
6419,rohan,0.5458,0.4676
6420,ov,0.5457,0.4755
6421,pompe,0.5457,0.4076
6422,usages,0.5457,0.5491
6423,consume,0.5456,0.4691
6424,tiroit,0.5456,0.3690
6425,libertins,0.5455,0.4782
6426,verbe,0.5455,0.4002
6427,tim,0.5455,0.5478
6428,destine,0.5454,0.5139
6429,lentement,0.5454,0.5652
6430,laiss,0.5454,0.5337
6431,souhaite,0.5454,0.4949
6432,farouche,0.5454,0.4529
6433,l'archiduc,0.5453,0.4629
6434,réduites,0.5453,0.4341
6435,paquets,0.5453,0.4503
6436,excite,0.5453,0.4642
6437,lauriers,0.5452,0.5314
6438,tentations,0.5452,0.5118
6439,écritures,0.5451,0.5857
6440,anni,0.5451,0.4669
6441,égale,0.5451,0.5862
6442,arrête,0.5451,0.4583
6443,sûrs,0.5451,0.6522
6444,approfondir,0.5450,0.5789
6445,visiter,0.5450,0.5754
6446,yi,0.5450,0.5141
6447,teint,0.5450,0.4544
6448,sac,0.5449,0.5718
6449,monastere,0.5449,0.5531
6450,lay,0.5449,0.6228
6451,job,0.5449,0.5781
6452,pâques,0.5448,0.5048
6453,facilité,0.5448,0.6330
6454,cher,0.5447,0.5193
6455,coe,0.5446,0.5875
6456,gens,0.5446,0.5688
6457,foire,0.5445,0.5307
6458,égard,0.5445,0.4372
6459,sortir,0.5444,0.4955
6460,misere,0.5443,0.4726
6461,accords,0.5443,0.4861
6462,cio,0.5443,0.4721
6463,l'arc,0.5443,0.5456
6464,mise,0.5443,0.4342
6465,banc,0.5443,0.5433
6466,quam,0.5443,0.4515
6467,police,0.5443,0.4662
6468,mê,0.5442,0.4832
6469,imprimeur,0.5442,0.4214
6470,purifie,0.5442,0.5522
6471,communication,0.5442,0.6572
6472,hautement,0.5442,0.4063
6473,aigre,0.5442,0.4676
6474,ecrits,0.5442,0.3336
6475,linge,0.5442,0.4697
6476,pesant,0.5441,0.5409
6477,correspondans,0.5441,0.4166
6478,contributions,0.5441,0.4033
6479,parl,0.5441,0.4909
6480,forces,0.5440,0.5726
6481,six,0.5440,0.5274
6482,devise,0.5440,0.4750
6483,tremblant,0.5439,0.4434
6484,occupe,0.5439,0.4292
6485,oublie,0.5439,0.3947
6486,eues,0.5438,0.5033
6487,ui,0.5438,0.4723
6488,l'ennemi,0.5438,0.4936
6489,ons,0.5438,0.4425
6490,mouvemens,0.5437,0.4919
6491,iceux,0.5437,0.3795
6492,pleine,0.5437,0.5991
6493,plongé,0.5437,0.5287
6494,passe,0.5437,0.4848
6495,moscovie,0.5437,0.4727
6496,d'aristote,0.5436,0.4564
6497,tas,0.5436,0.4380
6498,imprudence,0.5436,0.4165
6499,ouvrier,0.5436,0.5443
6500,ange,0.5436,0.5743
6501,degré,0.5435,0.4236
6502,surpasse,0.5435,0.4697
6503,minorité,0.5434,0.4025
6504,collet,0.5434,0.6102
6505,soumission,0.5434,0.4208
6506,devers,0.5434,0.5617
6507,terram,0.5434,0.4882
6508,d'ôter,0.5434,0.5187
6509,justiciers,0.5433,0.4751
6510,rappel,0.5433,0.6774
6511,examiner,0.5433,0.4763
6512,promettant,0.5433,0.4725
6513,innocens,0.5433,0.4966
6514,choisi,0.5432,0.5783
6515,iooo,0.5432,0.4753
6516,médecins,0.5432,0.5365
6517,contraires,0.5432,0.4355
6518,destinés,0.5431,0.3967
6519,dauphin,0.5431,0.5759
6520,machine,0.5431,0.5986
6521,lac,0.5430,0.4521
6522,permettant,0.5430,0.4510
6523,effrayé,0.5430,0.4962
6524,ferr,0.5430,0.4668
6525,tempérament,0.5429,0.3742
6526,porteroit,0.5429,0.4619
6527,m'empêcher,0.5429,0.5556
6528,vivantes,0.5429,0.5236
6529,souffle,0.5428,0.4205
6530,aliénation,0.5428,0.5010
6531,genou,0.5428,0.4319
6532,département,0.5428,0.5266
6533,gi,0.5428,0.4926
6534,mcr,0.5427,0.4868
6535,naturelle,0.5427,0.5000
6536,globe,0.5427,0.3918
6537,divertit,0.5427,0.5236
6538,attachent,0.5426,0.4357
6539,compris,0.5425,0.4462
6540,choeur,0.5425,0.4604
6541,irlande,0.5425,0.5626
6542,n'ignore,0.5425,0.4976
6543,excité,0.5425,0.4060
6544,muse,0.5424,0.4471
6545,tel,0.5423,0.3896
6546,surnommé,0.5423,0.5239
6547,puisqu'ils,0.5422,0.5525
6548,isc,0.5422,0.5177
6549,d'exécuter,0.5422,0.4263
6550,apportez,0.5422,0.5229
6551,front,0.5422,0.5060
6552,méchanceté,0.5422,0.4752
6553,livrée,0.5421,0.4565
6554,dialogues,0.5421,0.5028
6555,nuage,0.5421,0.5293
6556,bailliages,0.5421,0.4145
6557,l'ancienne,0.5421,0.5075
6558,til,0.5420,0.5482
6559,passage,0.5420,0.5500
6560,c'e,0.5420,0.5559
6561,signature,0.5420,0.6030
6562,pleins,0.5420,0.4452
6563,considerer,0.5419,0.5276
6564,poisson,0.5419,0.5338
6565,arrêtée,0.5419,0.4965
6566,opposa,0.5419,0.6136
6567,devoirs,0.5419,0.5991
6568,dare,0.5419,0.4288
6569,lendemain,0.5418,0.4565
6570,immoler,0.5418,0.3891
6571,l'aimer,0.5417,0.4240
6572,l'explication,0.5417,0.4102
6573,fiers,0.5417,0.4137
6574,resolu,0.5417,0.4511
6575,pices,0.5416,0.5894
6576,range,0.5416,0.5295
6577,différent,0.5416,0.5044
6578,comique,0.5416,0.5770
6579,prononciation,0.5415,0.5042
6580,changée,0.5415,0.5503
6581,susdit,0.5415,0.6169
6582,gardé,0.5415,0.6297
6583,dissimuler,0.5415,0.4099
6584,pr,0.5415,0.5394
6585,riez,0.5414,0.4634
6586,qs,0.5414,0.6346
6587,certa,0.5414,0.3808
6588,aion,0.5414,0.4822
6589,convienne,0.5414,0.5491
6590,desordres,0.5413,0.4576
6591,torrent,0.5413,0.4301
6592,mnme,0.5413,0.6285
6593,l'ste,0.5412,0.4627
6594,foudres,0.5412,0.5795
6595,poison,0.5411,0.5627
6596,d'hyver,0.5411,0.4852
6597,rechercher,0.5411,0.6444
6598,broche,0.5411,0.4433
6599,matres,0.5410,0.4241
6600,l'envoyer,0.5410,0.5219
6601,née,0.5410,0.4680
6602,verdure,0.5410,0.3844
6603,estimation,0.5409,0.4595
6604,meilleure,0.5409,0.5140
6605,m'étant,0.5409,0.4774
6606,rapport,0.5409,0.3552
6607,cl,0.5408,0.4831
6608,tourmenter,0.5408,0.4708
6609,levé,0.5407,0.5140
6610,parc,0.5407,0.5313
6611,vigne,0.5406,0.4681
6612,refuté,0.5406,0.4871
6613,violent,0.5406,0.5500
6614,chasser,0.5406,0.5746
6615,lar,0.5406,0.6523
6616,reconnoissance,0.5406,0.5482
6617,imite,0.5406,0.4546
6618,entreprit,0.5405,0.4930
6619,préparer,0.5405,0.5675
6620,étourdi,0.5405,0.5079
6621,pit,0.5405,0.4916
6622,réglée,0.5405,0.4642
6623,entroit,0.5404,0.4807
6624,quid,0.5404,0.4918
6625,l'an,0.5404,0.4781
6626,d'entretenir,0.5404,0.4294
6627,agréablement,0.5404,0.5013
6628,fermens,0.5404,0.4426
6629,suivantes,0.5404,0.5395
6630,quando,0.5403,0.4069
6631,distingués,0.5403,0.3912
6632,création,0.5403,0.4647
6633,étant,0.5402,0.4827
6634,l'éclat,0.5402,0.4825
6635,créance,0.5402,0.4432
6636,parlant,0.5402,0.4249
6637,d'employer,0.5402,0.3826
6638,jugée,0.5402,0.5945
6639,l'intention,0.5401,0.4082
6640,tache,0.5401,0.4553
6641,ret,0.5401,0.5445
6642,augmenta,0.5401,0.6240
6643,racine,0.5400,0.5641
6644,choque,0.5400,0.4929
6645,oh,0.5400,0.4401
6646,pernicieuse,0.5400,0.4549
6647,haleine,0.5400,0.4457
6648,marchant,0.5399,0.5394
6649,arpens,0.5399,0.5306
6650,figuré,0.5399,0.4987
6651,généraux,0.5399,0.5403
6652,monarchie,0.5399,0.5218
6653,régence,0.5399,0.4290
6654,punis,0.5399,0.4060
6655,refroidir,0.5398,0.4731
6656,zs,0.5398,0.5023
6657,connaît,0.5398,0.5054
6658,collier,0.5398,0.5268
6659,rv,0.5397,0.4718
6660,ancienneté,0.5397,0.5108
6661,communiquer,0.5397,0.5055
6662,apparente,0.5397,0.4877
6663,cable,0.5397,0.6236
6664,and,0.5397,0.4207
6665,envie,0.5397,0.6124
6666,enseigné,0.5396,0.5177
6667,sensibles,0.5396,0.5424
6668,étudier,0.5396,0.5334
6669,élire,0.5396,0.5175
6670,edifices,0.5396,0.4794
6671,falut,0.5395,0.3935
6672,accueil,0.5395,0.5076
6673,fortoit,0.5395,0.4811
6674,veur,0.5395,0.4800
6675,doutes,0.5394,0.4227
6676,habitans,0.5394,0.5739
6677,s'entretenir,0.5394,0.5570
6678,génération,0.5394,0.4670
6679,faible,0.5393,0.4539
6680,l'intérêt,0.5393,0.4291
6681,condamné,0.5393,0.4951
6682,parts,0.5392,0.6764
6683,pile,0.5392,0.4988
6684,louvre,0.5392,0.5276
6685,zéle,0.5392,0.4098
6686,domus,0.5391,0.3561
6687,glace,0.5390,0.5819
6688,qu'ii,0.5390,0.5186
6689,mécontent,0.5389,0.5544
6690,égal,0.5389,0.5313
6691,gaillard,0.5388,0.5712
6692,essentiel,0.5388,0.3930
6693,ordonn,0.5388,0.4497
6694,lecteurs,0.5388,0.4664
6695,redoutable,0.5388,0.5231
6696,juda,0.5387,0.5398
6697,maî,0.5387,0.5292
6698,dépendance,0.5387,0.3925
6699,raillerie,0.5386,0.4537
6700,amener,0.5386,0.4212
6701,annuelle,0.5386,0.4118
6702,l'instant,0.5386,0.5234
6703,négoce,0.5386,0.4363
6704,clou,0.5385,0.4607
6705,monnoyés,0.5383,0.5335
6706,zoo,0.5383,0.4736
6707,homines,0.5383,0.4427
6708,engagement,0.5382,0.5423
6709,poursuite,0.5382,0.6715
6710,crc,0.5382,0.4746
6711,ruiner,0.5382,0.4278
6712,trompa,0.5382,0.5264
6713,fausseté,0.5381,0.4131
6714,esperer,0.5381,0.4983
6715,magistrat,0.5381,0.5695
6716,instruits,0.5381,0.3894
6717,perdirent,0.5381,0.5006
6718,centum,0.5381,0.3977
6719,vaillant,0.5381,0.4962
6720,objection,0.5381,0.5287
6721,are,0.5379,0.5126
6722,terres,0.5379,0.4596
6723,let,0.5379,0.5209
6724,s'entendre,0.5378,0.5367
6725,hâter,0.5378,0.5106
6726,providence,0.5378,0.5061
6727,sujets,0.5378,0.5079
6728,annoncé,0.5378,0.4802
6729,celles,0.5378,0.5109
6730,ecu,0.5377,0.4334
6731,dommage,0.5376,0.5796
6732,vigilance,0.5376,0.4504
6733,agitée,0.5376,0.4802
6734,sublimes,0.5375,0.3868
6735,fc,0.5375,0.5394
6736,marquées,0.5375,0.5259
6737,tv,0.5375,0.5014
6738,volent,0.5375,0.4687
6739,constantinople,0.5374,0.4767
6740,mettront,0.5374,0.3128
6741,verité,0.5374,0.4951
6742,signifié,0.5374,0.4028
6743,rations,0.5373,0.4774
6744,sommation,0.5373,0.6096
6745,testament,0.5373,0.5844
6746,ivres,0.5372,0.5346
6747,pressant,0.5372,0.4698
6748,caracteres,0.5371,0.5191
6749,raccommoder,0.5371,0.5741
6750,d'entendre,0.5371,0.5971
6751,dûs,0.5371,0.4427
6752,bourdeaux,0.5371,0.4601
6753,rand,0.5370,0.4598
6754,renfermées,0.5370,0.3869
6755,brisé,0.5369,0.4759
6756,pay,0.5369,0.5023
6757,coins,0.5369,0.4762
6758,accordées,0.5369,0.4516
6759,doux,0.5368,0.5420
6760,montfort,0.5368,0.5102
6761,chandelle,0.5367,0.5952
6762,subsistance,0.5367,0.4803
6763,résistance,0.5367,0.3984
6764,parente,0.5366,0.4884
6765,fidelle,0.5366,0.4785
6766,langage,0.5366,0.4733
6767,ménagement,0.5365,0.4426
6768,felix,0.5365,0.5085
6769,signifier,0.5364,0.5200
6770,fondation,0.5364,0.4507
6771,parût,0.5363,0.4672
6772,marchent,0.5363,0.5704
6773,exemption,0.5362,0.3984
6774,prétendue,0.5362,0.4533
6775,s'accorder,0.5362,0.5944
6776,tirées,0.5362,0.5754
6777,profitable,0.5362,0.5229
6778,ir,0.5362,0.4276
6779,poser,0.5361,0.5287
6780,moilons,0.5360,0.4533
6781,s'étendre,0.5360,0.5954
6782,experience,0.5360,0.5420
6783,jugées,0.5359,0.5537
6784,traces,0.5359,0.4273
6785,écouté,0.5359,0.5656
6786,joindre,0.5358,0.5158
6787,léger,0.5357,0.4723
6788,infinie,0.5357,0.5150
6789,l'or,0.5357,0.5556
6790,papiers,0.5357,0.5328
6791,visages,0.5356,0.3621
6792,payant,0.5356,0.5987
6793,tradition,0.5356,0.6019
6794,fondu,0.5356,0.4513
6795,admis,0.5356,0.3562
6796,riches,0.5356,0.4761
6797,distinctions,0.5355,0.3845
6798,couvre,0.5355,0.4843
6799,lorsqu'il,0.5355,0.5075
6800,quasi,0.5355,0.5599
6801,rouler,0.5354,0.5591
6802,réparer,0.5354,0.4549
6803,primo,0.5354,0.4150
6804,lâches,0.5353,0.3878
6805,gracieux,0.5353,0.5360
6806,levent,0.5353,0.4976
6807,suivants,0.5353,0.5003
6808,mexique,0.5352,0.4589
6809,quot,0.5352,0.3879
6810,tare,0.5351,0.5770
6811,recit,0.5351,0.6142
6812,vrais,0.5351,0.5613
6813,nécessité,0.5351,0.3693
6814,impôts,0.5349,0.4502
6815,peser,0.5349,0.4503
6816,basses,0.5349,0.5212
6817,vincent,0.5349,0.4363
6818,obligation,0.5348,0.5523
6819,tommes,0.5347,0.4360
6820,estiment,0.5347,0.4295
6821,sic,0.5346,0.5476
6822,page,0.5346,0.5894
6823,rejette,0.5345,0.4769
6824,ror,0.5345,0.5297
6825,qu'avec,0.5344,0.5228
6826,catalogue,0.5344,0.4341
6827,sanglant,0.5344,0.5795
6828,rigueur,0.5343,0.4174
6829,protestations,0.5343,0.3876
6830,gardée,0.5342,0.5120
6831,tx,0.5342,0.5299
6832,cfi,0.5342,0.4988
6833,lc,0.5342,0.5305
6834,meurt,0.5342,0.5549
6835,suppléer,0.5342,0.4777
6836,auguste,0.5342,0.5522
6837,approchent,0.5342,0.5210
6838,environne,0.5341,0.4475
6839,ôtez,0.5341,0.5319
6840,piété,0.5340,0.5070
6841,accroire,0.5340,0.4933
6842,etats,0.5340,0.4965
6843,voleurs,0.5340,0.4441
6844,fâcheux,0.5340,0.5500
6845,éternité,0.5339,0.5696
6846,d'exercer,0.5339,0.4255
6847,communiquée,0.5339,0.5484
6848,condamnés,0.5339,0.3668
6849,réjouir,0.5339,0.4207
6850,gouverné,0.5339,0.4177
6851,produira,0.5339,0.4690
6852,recherche,0.5339,0.4232
6853,maladies,0.5338,0.3970
6854,discipline,0.5337,0.4588
6855,qu'i,0.5337,0.5271
6856,ministère,0.5337,0.3848
6857,léon,0.5337,0.4665
6858,consacrer,0.5337,0.4323
6859,entr'eux,0.5337,0.5499
6860,employe,0.5337,0.4981
6861,tentative,0.5336,0.5542
6862,l'original,0.5336,0.3993
6863,gâter,0.5336,0.6579
6864,l'effet,0.5336,0.4865
6865,imputer,0.5336,0.3752
6866,patriarche,0.5335,0.5347
6867,tendent,0.5335,0.5225
6868,lumieres,0.5335,0.3632
6869,its,0.5335,0.4842
6870,sujettes,0.5334,0.4093
6871,catholique,0.5334,0.5426
6872,remonte,0.5333,0.4659
6873,conspiration,0.5333,0.4410
6874,s'écarter,0.5333,0.4450
6875,proscrit,0.5333,0.5276
6876,what,0.5333,0.3386
6877,excuse,0.5333,0.4234
6878,pendre,0.5333,0.4923
6879,cone,0.5332,0.6582
6880,partes,0.5332,0.5023
6881,bat,0.5332,0.5050
6882,rez,0.5332,0.4440
6883,habitent,0.5332,0.5845
6884,murmurer,0.5332,0.4897
6885,caractère,0.5331,0.3132
6886,eue,0.5331,0.3733
6887,voisins,0.5331,0.5777
6888,perte,0.5331,0.5731
6889,l'hom,0.5330,0.5035
6890,regarde,0.5330,0.4506
6891,ici,0.5330,0.3690
6892,suédois,0.5330,0.5144
6893,finesse,0.5329,0.4341
6894,fiege,0.5329,0.5570
6895,pures,0.5329,0.5090
6896,seigneurie,0.5328,0.5151
6897,carosse,0.5328,0.4550
6898,eum,0.5328,0.3936
6899,éteinte,0.5328,0.4476
6900,jettoit,0.5328,0.3562
6901,incontinent,0.5327,0.4992
6902,armes,0.5327,0.5482
6903,nuits,0.5327,0.5582
6904,engagemens,0.5327,0.5509
6905,enfermer,0.5327,0.4958
6906,plus,0.5326,0.5854
6907,droits,0.5326,0.5027
6908,suite,0.5326,0.5598
6909,neque,0.5325,0.5322
6910,relever,0.5325,0.6102
6911,découvert,0.5325,0.5427
6912,serpent,0.5325,0.5502
6913,durer,0.5325,0.5558
6914,dici,0.5325,0.3627
6915,possesseur,0.5324,0.6364
6916,l'église,0.5324,0.4602
6917,lève,0.5324,0.4272
6918,traduits,0.5324,0.4278
6919,rassembler,0.5324,0.3853
6920,drapeaux,0.5323,0.5244
6921,ordonnée,0.5323,0.5335
6922,artisans,0.5323,0.4753
6923,superstition,0.5322,0.4688
6924,imo,0.5321,0.4569
6925,tins,0.5321,0.5542
6926,taille,0.5321,0.6410
6927,sentit,0.5321,0.5255
6928,exil,0.5321,0.5700
6929,quas,0.5320,0.4044
6930,proie,0.5320,0.4382
6931,moulin,0.5320,0.4805
6932,l'examen,0.5320,0.4203
6933,balance,0.5319,0.4545
6934,chantoit,0.5319,0.5562
6935,procura,0.5319,0.4593
6936,fardeau,0.5319,0.4289
6937,tenté,0.5318,0.5063
6938,notion,0.5318,0.3973
6939,continuel,0.5318,0.4367
6940,remarque,0.5317,0.4189
6941,évenemens,0.5317,0.5777
6942,travaille,0.5317,0.5278
6943,minuit,0.5317,0.4782
6944,charbon,0.5317,0.4795
6945,provient,0.5317,0.5766
6946,claude,0.5316,0.4459
6947,esprits,0.5316,0.5662
6948,multiplication,0.5316,0.4298
6949,éclatante,0.5316,0.5414
6950,trajet,0.5316,0.5552
6951,remontrances,0.5315,0.5299
6952,fontainebleau,0.5315,0.4140
6953,étendus,0.5315,0.6563
6954,balles,0.5315,0.5034
6955,imitation,0.5314,0.5603
6956,cuirs,0.5314,0.4256
6957,nuls,0.5314,0.5058
6958,madrid,0.5314,0.5506
6959,ace,0.5313,0.4802
6960,five,0.5313,0.5599
6961,fâcheuses,0.5313,0.4370
6962,red,0.5313,0.5354
6963,l'erreur,0.5313,0.4628
6964,paniers,0.5313,0.4957
6965,gravée,0.5313,0.5374
6966,tia,0.5313,0.4446
6967,l'envi,0.5312,0.4579
6968,bâtons,0.5311,0.4596
6969,epouse,0.5311,0.4631
6970,incomparable,0.5311,0.5499
6971,grange,0.5311,0.4767
6972,champagne,0.5311,0.5400
6973,élever,0.5310,0.5300
6974,honteux,0.5310,0.5212
6975,montoit,0.5309,0.3838
6976,fournie,0.5309,0.5559
6977,chri,0.5309,0.4715
6978,placet,0.5308,0.5321
6979,diables,0.5308,0.4534
6980,secours,0.5307,0.3721
6981,ouest,0.5307,0.5440
6982,imagine,0.5307,0.4085
6983,croix,0.5306,0.5460
6984,proposée,0.5306,0.6089
6985,l'obtenir,0.5306,0.4360
6986,brillantes,0.5306,0.4499
6987,l'alliance,0.5306,0.4828
6988,continent,0.5305,0.5785
6989,etl,0.5305,0.4694
6990,ressource,0.5305,0.3930
6991,imprimé,0.5305,0.5078
6992,confusion,0.5305,0.4251
6993,lix,0.5304,0.5232
6994,sient,0.5304,0.4798
6995,propice,0.5303,0.4084
6996,greffes,0.5303,0.4213
6997,chefs,0.5303,0.5060
6998,cest,0.5303,0.4935
6999,seinte,0.5302,0.4916
7000,nourri,0.5302,0.4774
7001,l'artillerie,0.5301,0.5036
7002,évident,0.5301,0.4291
7003,rappelle,0.5301,0.3735
7004,plutôt,0.5300,0.4806
7005,avarice,0.5300,0.4368
7006,arme,0.5300,0.4336
7007,resté,0.5300,0.3990
7008,cadavre,0.5300,0.5284
7009,chante,0.5299,0.4835
7010,projets,0.5299,0.5671
7011,attendent,0.5299,0.5044
7012,portique,0.5298,0.4394
7013,validité,0.5298,0.4073
7014,théologie,0.5298,0.4209
7015,rebelle,0.5298,0.5977
7016,retranchement,0.5297,0.4948
7017,endormi,0.5297,0.5696
7018,épines,0.5297,0.4953
7019,assembler,0.5296,0.4878
7020,d'éviter,0.5296,0.4893
7021,gelée,0.5296,0.5274
7022,auquel,0.5296,0.5191
7023,sincère,0.5296,0.4478
7024,hi,0.5296,0.5735
7025,vient,0.5295,0.4078
7026,prieres,0.5295,0.5888
7027,rachat,0.5295,0.6331
7028,dicu,0.5295,0.5666
7029,fables,0.5294,0.5415
7030,connoissance,0.5293,0.5268
7031,oit,0.5293,0.4322
7032,souveraineté,0.5292,0.4835
7033,ad,0.5292,0.5229
7034,dissiper,0.5292,0.4495
7035,altera,0.5292,0.3789
7036,grêle,0.5291,0.3810
7037,traverse,0.5291,0.4251
7038,ouï,0.5291,0.4245
7039,exact,0.5291,0.4321
7040,susdits,0.5291,0.5598
7041,l'unité,0.5291,0.4961
7042,pareilles,0.5290,0.4886
7043,fonde,0.5290,0.5540
7044,hec,0.5289,0.3760
7045,dixmes,0.5289,0.5618
7046,loge,0.5288,0.5979
7047,ordonnance,0.5288,0.3953
7048,refous,0.5288,0.3907
7049,carthage,0.5288,0.6229
7050,malignité,0.5287,0.4706
7051,épreuve,0.5287,0.4901
7052,rétablir,0.5287,0.4115
7053,last,0.5287,0.4575
7054,élevés,0.5287,0.3682
7055,seconder,0.5286,0.4581
7056,coucher,0.5286,0.4726
7057,mamellé,0.5286,0.4787
7058,sieges,0.5286,0.4384
7059,indes,0.5286,0.5610
7060,qu'à,0.5285,0.6122
7061,éloigne,0.5285,0.4771
7062,étranges,0.5285,0.4651
7063,devant,0.5285,0.5336
7064,consciences,0.5284,0.4818
7065,pain,0.5284,0.4769
7066,l'exception,0.5283,0.4755
7067,port,0.5283,0.4913
7068,tranchées,0.5283,0.4801
7069,orateurs,0.5282,0.4098
7070,sacrifié,0.5282,0.4913
7071,plaisir,0.5282,0.5290
7072,employez,0.5282,0.6010
7073,ham,0.5282,0.5350
7074,rapidité,0.5282,0.4156
7075,principal,0.5281,0.4738
7076,conscience,0.5281,0.5783
7077,eternel,0.5281,0.5991
7078,âgé,0.5281,0.3849
7079,ardente,0.5281,0.5269
7080,d'envie,0.5281,0.5948
7081,confier,0.5280,0.5652
7082,méprise,0.5280,0.4182
7083,créé,0.5280,0.5670
7084,avantages,0.5280,0.5212
7085,antres,0.5279,0.4745
7086,tournai,0.5279,0.5197
7087,blic,0.5279,0.4287
7088,hache,0.5278,0.5165
7089,cabarets,0.5278,0.4339
7090,exposer,0.5277,0.5817
7091,confondre,0.5277,0.4755
7092,cachées,0.5277,0.4351
7093,méchans,0.5277,0.4867
7094,probité,0.5276,0.4159
7095,morales,0.5276,0.5112
7096,fanté,0.5276,0.4293
7097,unir,0.5276,0.5362
7098,devenus,0.5275,0.4134
7099,richesse,0.5275,0.5306
7100,politesse,0.5275,0.4356
7101,mes,0.5275,0.4131
7102,bénédiction,0.5275,0.5872
7103,parlai,0.5275,0.4456
7104,aspect,0.5275,0.5140
7105,prête,0.5274,0.5960
7106,dépendent,0.5274,0.5784
7107,présentent,0.5274,0.3354
7108,promettent,0.5273,0.4002
7109,années,0.5273,0.4781
7110,eji,0.5273,0.5064
7111,tourment,0.5272,0.5037
7112,côtés,0.5272,0.4962
7113,chartres,0.5272,0.5073
7114,argument,0.5272,0.5156
7115,laboureur,0.5272,0.5739
7116,différer,0.5271,0.4112
7117,emporté,0.5271,0.4816
7118,moyens,0.5270,0.5029
7119,morale,0.5269,0.4435
7120,frontieres,0.5269,0.4560
7121,personnages,0.5269,0.5453
7122,volant,0.5269,0.5296
7123,repondre,0.5268,0.5582
7124,s'adressant,0.5268,0.5934
7125,suffiroit,0.5268,0.4270
7126,commodément,0.5268,0.6155
7127,manne,0.5268,0.4876
7128,justice,0.5267,0.4359
7129,clémence,0.5267,0.4660
7130,l'egypte,0.5267,0.4732
7131,alia,0.5267,0.4742
7132,hardie,0.5267,0.4361
7133,toulouse,0.5267,0.5060
7134,inquiet,0.5264,0.4884
7135,combler,0.5263,0.4196
7136,remplis,0.5263,0.4188
7137,continuer,0.5263,0.5624
7138,comparable,0.5263,0.4842
7139,dévoué,0.5262,0.4642
7140,confia,0.5262,0.5286
7141,parquet,0.5260,0.4956
7142,tyrannie,0.5260,0.4107
7143,fonction,0.5260,0.5450
7144,courfe,0.5260,0.4915
7145,vanter,0.5260,0.4338
7146,orgueil,0.5260,0.4994
7147,total,0.5260,0.4228
7148,ordonner,0.5260,0.5481
7149,iw,0.5260,0.4645
7150,l'égard,0.5260,0.4288
7151,exclus,0.5259,0.4394
7152,pied,0.5259,0.5505
7153,diner,0.5259,0.3390
7154,pourquoi,0.5259,0.4335
7155,profiter,0.5258,0.5272
7156,traverser,0.5258,0.5225
7157,entrée,0.5256,0.5449
7158,recueil,0.5256,0.5319
7159,surpasser,0.5256,0.5063
7160,prêter,0.5256,0.5934
7161,roue,0.5255,0.4794
7162,charité,0.5255,0.4794
7163,terminer,0.5255,0.5229
7164,effacer,0.5255,0.4193
7165,loient,0.5255,0.5474
7166,répandus,0.5254,0.4155
7167,instrument,0.5254,0.4655
7168,trouvées,0.5254,0.5148
7169,justices,0.5254,0.4685
7170,fabriques,0.5253,0.4845
7171,fidélité,0.5253,0.4475
7172,s'abandonner,0.5253,0.4899
7173,prédit,0.5253,0.5750
7174,commandement,0.5252,0.5378
7175,liquide,0.5252,0.4684
7176,remedes,0.5251,0.4474
7177,expérience,0.5251,0.5018
7178,repousser,0.5251,0.4316
7179,illusion,0.5251,0.3755
7180,aboli,0.5249,0.4177
7181,louanges,0.5247,0.5089
7182,petit,0.5247,0.5289
7183,séparation,0.5247,0.4235
7184,aucuns,0.5247,0.4764
7185,dir,0.5247,0.4550
7186,éclaircir,0.5247,0.5527
7187,mortier,0.5246,0.4241
7188,marseille,0.5246,0.4915
7189,défauts,0.5246,0.3812
7190,d'animaux,0.5246,0.4479
7191,crier,0.5245,0.5278
7192,déférence,0.5245,0.4726
7193,émotion,0.5244,0.4763
7194,ayez,0.5244,0.4513
7195,prétendit,0.5244,0.4983
7196,artifice,0.5244,0.4721
7197,pontifes,0.5244,0.4614
7198,declaré,0.5244,0.4831
7199,xxxvii,0.5243,0.4674
7200,exhorte,0.5243,0.4334
7201,s'élevent,0.5243,0.5106
7202,innocentes,0.5243,0.4571
7203,c'étoit,0.5243,0.5479
7204,d'exemples,0.5243,0.5071
7205,poule,0.5242,0.4282
7206,ites,0.5242,0.4999
7207,curent,0.5242,0.4518
7208,instruire,0.5242,0.5144
7209,conservation,0.5241,0.3515
7210,tarif,0.5241,0.4910
7211,procédure,0.5241,0.5679
7212,abattu,0.5241,0.6158
7213,croyant,0.5240,0.4456
7214,capacité,0.5240,0.4211
7215,maintenant,0.5240,0.5943
7216,lingots,0.5240,0.4988
7217,camper,0.5240,0.5162
7218,l'hymen,0.5240,0.4113
7219,pleines,0.5240,0.4156
7220,planté,0.5240,0.4823
7221,confiance,0.5240,0.3844
7222,tours,0.5239,0.5133
7223,ic,0.5239,0.4748
7224,tenues,0.5239,0.4433
7225,horreur,0.5238,0.3992
7226,matire,0.5238,0.5899
7227,explication,0.5238,0.5342
7228,loue,0.5238,0.3818
7229,l'éloge,0.5238,0.4968
7230,immenses,0.5238,0.3751
7231,miseres,0.5237,0.4125
7232,infiniment,0.5237,0.5837
7233,renferment,0.5237,0.4373
7234,retranche,0.5236,0.4596
7235,difgrace,0.5235,0.4084
7236,rapporter,0.5235,0.4949
7237,nuisible,0.5235,0.4486
7238,enregistrer,0.5234,0.4283
7239,disposée,0.5234,0.5057
7240,diem,0.5234,0.3836
7241,laval,0.5234,0.4468
7242,enquêtes,0.5233,0.5288
7243,espere,0.5233,0.5171
7244,traduire,0.5233,0.4341
7245,sitôt,0.5232,0.5090
7246,cux,0.5232,0.5284
7247,précédentes,0.5232,0.5064
7248,demie,0.5232,0.4811
7249,courageux,0.5232,0.4624
7250,joueur,0.5232,0.5648
7251,patres,0.5230,0.4808
7252,calme,0.5230,0.4986
7253,quae,0.5230,0.4975
7254,passé,0.5229,0.5580
7255,dci,0.5229,0.4579
7256,orat,0.5229,0.4943
7257,recevra,0.5229,0.4704
7258,rb,0.5229,0.5117
7259,craignons,0.5228,0.4541
7260,exigé,0.5228,0.4979
7261,sorbonne,0.5228,0.5479
7262,bouquet,0.5228,0.4092
7263,retournez,0.5228,0.5341
7264,servis,0.5227,0.4415
7265,ténèbres,0.5227,0.5750
7266,déjà,0.5225,0.4340
7267,elections,0.5225,0.4156
7268,dorante,0.5224,0.4740
7269,continuée,0.5224,0.5337
7270,jurisdiction,0.5223,0.5211
7271,aunes,0.5223,0.4040
7272,imité,0.5222,0.5117
7273,rétablissement,0.5222,0.4096
7274,diamant,0.5221,0.4569
7275,suivit,0.5221,0.5218
7276,ols,0.5221,0.4253
7277,craint,0.5221,0.5526
7278,délai,0.5221,0.5129
7279,délicate,0.5220,0.5842
7280,naît,0.5220,0.5320
7281,modestie,0.5220,0.4326
7282,lu,0.5219,0.4834
7283,raisonnement,0.5219,0.4785
7284,rex,0.5219,0.4906
7285,routes,0.5218,0.3938
7286,puy,0.5218,0.4725
7287,ok,0.5218,0.5455
7288,sages,0.5217,0.5494
7289,punition,0.5217,0.5386
7290,précipice,0.5217,0.3970
7291,tireur,0.5217,0.4610
7292,ls,0.5216,0.4224
7293,hominis,0.5216,0.3239
7294,querelles,0.5216,0.3904
7295,paysans,0.5215,0.4060
7296,nuds,0.5215,0.4437
7297,accommodement,0.5215,0.5472
7298,brabant,0.5215,0.5177
7299,industrie,0.5215,0.3722
7300,décrier,0.5215,0.5510
7301,entendu,0.5215,0.4995
7302,formidable,0.5214,0.6059
7303,vix,0.5214,0.3382
7304,xlii,0.5214,0.4958
7305,solide,0.5214,0.4349
7306,drois,0.5213,0.5742
7307,devins,0.5213,0.4446
7308,parterre,0.5212,0.5670
7309,cu,0.5212,0.5327
7310,devenue,0.5211,0.6244
7311,fond,0.5211,0.4267
7312,flammes,0.5211,0.4836
7313,mélange,0.5210,0.3607
7314,sainte,0.5210,0.6307
7315,conté,0.5209,0.4514
7316,permise,0.5209,0.4273
7317,communiqué,0.5209,0.5274
7318,volé,0.5209,0.4716
7319,éteindre,0.5209,0.4602
7320,misérable,0.5209,0.4892
7321,accablé,0.5209,0.3963
7322,agité,0.5208,0.4508
7323,circonstances,0.5208,0.4993
7324,accuser,0.5208,0.3964
7325,métier,0.5207,0.4377
7326,trêve,0.5207,0.5493
7327,convertir,0.5207,0.5845
7328,tibi,0.5206,0.4260
7329,suéde,0.5206,0.4324
7330,entr'elles,0.5206,0.3977
7331,comptent,0.5205,0.5458
7332,moeurs,0.5205,0.5334
7333,paru,0.5204,0.5166
7334,abondante,0.5204,0.4543
7335,ramener,0.5204,0.3774
7336,donc,0.5204,0.3983
7337,zr,0.5204,0.4890
7338,étonnée,0.5204,0.4719
7339,appartiendra,0.5204,0.4470
7340,zo,0.5204,0.4576
7341,travers,0.5203,0.5623
7342,poire,0.5202,0.5537
7343,vain,0.5202,0.4703
7344,chapitres,0.5202,0.4672
7345,familiers,0.5202,0.4970
7346,percer,0.5202,0.4850
7347,retomber,0.5202,0.4938
7348,prodigieux,0.5202,0.4834
7349,fournis,0.5202,0.4243
7350,tout,0.5200,0.4055
7351,division,0.5200,0.3815
7352,incompatibles,0.5200,0.4958
7353,proportion,0.5199,0.4832
7354,répondra,0.5199,0.5157
7355,iez,0.5199,0.4542
7356,ez,0.5199,0.4768
7357,goût,0.5199,0.5850
7358,these,0.5198,0.4375
7359,profonds,0.5198,0.5189
7360,rj,0.5198,0.4487
7361,l'eternel,0.5198,0.5339
7362,fondemens,0.5197,0.4404
7363,contrats,0.5197,0.4797
7364,courir,0.5197,0.5275
7365,l'encens,0.5196,0.5144
7366,découvrit,0.5196,0.4621
7367,zi,0.5196,0.4747
7368,conforme,0.5196,0.3880
7369,avancé,0.5195,0.5368
7370,fay,0.5195,0.5303
7371,dues,0.5195,0.4605
7372,aux,0.5194,0.3712
7373,evangile,0.5193,0.4610
7374,berceau,0.5193,0.5138
7375,superieur,0.5193,0.6242
7376,doutez,0.5192,0.4898
7377,réflexion,0.5192,0.4118
7378,composent,0.5192,0.6038
7379,honorer,0.5191,0.4239
7380,inconcevable,0.5191,0.5497
7381,embarrassé,0.5190,0.6178
7382,venons,0.5190,0.4912
7383,courtiers,0.5190,0.5111
7384,sûr,0.5189,0.3945
7385,cures,0.5189,0.5097
7386,attaquée,0.5188,0.3967
7387,annales,0.5188,0.5316
7388,conservent,0.5187,0.5376
7389,yous,0.5187,0.4995
7390,tanta,0.5187,0.3839
7391,tellement,0.5186,0.5972
7392,auditeurs,0.5186,0.5462
7393,chemin,0.5186,0.4904
7394,ordonnons,0.5186,0.4127
7395,procure,0.5185,0.3542
7396,ignorer,0.5185,0.4736
7397,vitesse,0.5185,0.5029
7398,ennemis,0.5185,0.4657
7399,instruction,0.5184,0.4230
7400,quelque,0.5184,0.5053
7401,environnent,0.5184,0.3642
7402,payeroit,0.5184,0.5530
7403,prédicateurs,0.5184,0.4915
7404,deviné,0.5184,0.5321
7405,excessive,0.5183,0.5226
7406,servante,0.5183,0.4611
7407,pensions,0.5183,0.4597
7408,rc,0.5183,0.4848
7409,martyre,0.5182,0.5577
7410,précis,0.5182,0.4663
7411,croyons,0.5182,0.5220
7412,folio,0.5181,0.5214
7413,noirs,0.5181,0.4161
7414,cf,0.5181,0.5010
7415,représenter,0.5181,0.5734
7416,ate,0.5179,0.4529
7417,ibi,0.5179,0.5100
7418,volume,0.5179,0.5795
7419,this,0.5178,0.4757
7420,réjouit,0.5178,0.4940
7421,prodige,0.5178,0.4032
7422,suffrages,0.5178,0.4254
7423,riant,0.5178,0.5427
7424,meut,0.5177,0.4398
7425,pi,0.5177,0.5563
7426,pareil,0.5177,0.6451
7427,fautes,0.5177,0.3867
7428,fief,0.5176,0.4027
7429,ds,0.5176,0.4647
7430,quelqu'autre,0.5176,0.5568
7431,livres,0.5176,0.4530
7432,aussi,0.5176,0.4548
7433,génies,0.5176,0.3762
7434,moisson,0.5176,0.5022
7435,parfaites,0.5175,0.4618
7436,victimes,0.5175,0.4043
7437,ll,0.5174,0.5209
7438,laissons,0.5174,0.5122
7439,causée,0.5174,0.4088
7440,contrevenu,0.5174,0.4151
7441,expression,0.5174,0.5689
7442,gabriel,0.5173,0.5378
7443,nemis,0.5173,0.4299
7444,immuable,0.5173,0.4442
7445,ingrat,0.5173,0.5645
7446,singulière,0.5172,0.4753
7447,pardonne,0.5172,0.5020
7448,mérité,0.5172,0.5240
7449,chirurgien,0.5171,0.4536
7450,acheva,0.5171,0.5111
7451,climat,0.5170,0.5466
7452,fournira,0.5170,0.5241
7453,regnes,0.5169,0.4662
7454,terreur,0.5169,0.3945
7455,mortelles,0.5169,0.5946
7456,entrées,0.5169,0.4792
7457,exploits,0.5169,0.5419
7458,bourgs,0.5168,0.5487
7459,londres,0.5168,0.5002
7460,passant,0.5168,0.6076
7461,mysteres,0.5168,0.5052
7462,prodiges,0.5167,0.4320
7463,employées,0.5167,0.5528
7464,siecle,0.5167,0.5549
7465,frontière,0.5166,0.6543
7466,miroir,0.5166,0.5430
7467,dc,0.5166,0.4650
7468,foye,0.5166,0.4562
7469,chat,0.5166,0.4377
7470,bientôt,0.5165,0.3919
7471,néanmoins,0.5165,0.4843
7472,l'établissement,0.5165,0.4006
7473,provenant,0.5165,0.4870
7474,comment,0.5164,0.5399
7475,unité,0.5163,0.4379
7476,commandoit,0.5163,0.4976
7477,plainte,0.5163,0.4100
7478,castille,0.5162,0.4755
7479,l'abbé,0.5162,0.4938
7480,style,0.5162,0.3934
7481,accabler,0.5161,0.4370
7482,fixé,0.5161,0.4852
7483,nam,0.5161,0.4076
7484,commentaire,0.5161,0.5732
7485,natures,0.5161,0.5754
7486,seuls,0.5160,0.4089
7487,enne,0.5160,0.4492
7488,snt,0.5160,0.5349
7489,qu'avez,0.5159,0.4754
7490,commodités,0.5159,0.4230
7491,naissant,0.5158,0.5566
7492,navarre,0.5157,0.4670
7493,annuellement,0.5157,0.3781
7494,mutuelle,0.5156,0.5249
7495,honteuse,0.5156,0.4915
7496,changent,0.5156,0.5479
7497,noeud,0.5156,0.4234
7498,suivre,0.5156,0.5620
7499,loger,0.5155,0.5181
7500,couru,0.5153,0.5259
7501,estimer,0.5153,0.5349
7502,avances,0.5152,0.4862
7503,distingué,0.5150,0.5210
7504,prononça,0.5150,0.4509
7505,unit,0.5150,0.4330
7506,réception,0.5150,0.4942
7507,moquer,0.5150,0.4200
7508,innocent,0.5149,0.4625
7509,avoue,0.5149,0.3512
7510,remplies,0.5149,0.3801
7511,tournois,0.5149,0.6204
7512,cura,0.5149,0.3703
7513,ton,0.5148,0.4163
7514,humeur,0.5147,0.4665
7515,gardez,0.5147,0.5230
7516,perdra,0.5147,0.4423
7517,renvoyé,0.5147,0.4689
7518,redevances,0.5146,0.4488
7519,labour,0.5146,0.5326
7520,dédommager,0.5146,0.4205
7521,ation,0.5145,0.4199
7522,domestiques,0.5145,0.5048
7523,permission,0.5145,0.5429
7524,repentir,0.5145,0.4014
7525,remue,0.5145,0.5636
7526,restée,0.5144,0.4459
7527,repas,0.5144,0.4894
7528,favoriser,0.5144,0.4297
7529,illa,0.5144,0.4081
7530,l'histoire,0.5144,0.3855
7531,coeur,0.5144,0.4951
7532,ardeur,0.5144,0.4741
7533,inutile,0.5143,0.5226
7534,frir,0.5143,0.5248
7535,enterré,0.5143,0.4857
7536,étonner,0.5141,0.3865
7537,quil,0.5141,0.5053
7538,comédies,0.5140,0.3946
7539,telle,0.5140,0.5413
7540,baron,0.5139,0.4178
7541,froides,0.5139,0.4034
7542,succomber,0.5139,0.3901
7543,vieille,0.5139,0.5548
7544,poussiere,0.5138,0.4846
7545,hardis,0.5138,0.5324
7546,blessé,0.5138,0.4783
7547,voisin,0.5137,0.6023
7548,travailler,0.5137,0.5041
7549,coupant,0.5137,0.4561
7550,d'ouvrir,0.5137,0.5013
7551,guérit,0.5136,0.4863
7552,suivoit,0.5136,0.5531
7553,ean,0.5136,0.4575
7554,siennes,0.5136,0.4228
7555,fides,0.5136,0.4597
7556,portier,0.5135,0.4886
7557,archers,0.5135,0.4501
7558,dressé,0.5135,0.5065
7559,réglement,0.5135,0.3935
7560,récompense,0.5134,0.4525
7561,nourris,0.5134,0.4165
7562,divine,0.5134,0.5096
7563,vaste,0.5134,0.5287
7564,accordez,0.5134,0.3767
7565,douté,0.5134,0.5512
7566,grandeurs,0.5133,0.4494
7567,exactitude,0.5133,0.4854
7568,cil,0.5133,0.4621
7569,répandre,0.5133,0.4298
7570,adjudication,0.5133,0.4724
7571,zt,0.5132,0.4695
7572,bêtes,0.5132,0.5360
7573,chanvre,0.5132,0.4807
7574,off,0.5132,0.5342
7575,trompé,0.5132,0.5128
7576,vingr,0.5131,0.4541
7577,butin,0.5131,0.5530
7578,fed,0.5131,0.4557
7579,recommandation,0.5130,0.4798
7580,galanterie,0.5130,0.4808
7581,arrêta,0.5130,0.5284
7582,molle,0.5130,0.4852
7583,remarqua,0.5129,0.5522
7584,l'approbation,0.5129,0.4833
7585,brutal,0.5128,0.5401
7586,aveuglement,0.5128,0.5595
7587,divinité,0.5128,0.5818
7588,pot,0.5127,0.4390
7589,ev,0.5127,0.4965
7590,fréquentes,0.5127,0.6193
7591,fair,0.5127,0.3665
7592,suc,0.5127,0.4929
7593,accomplir,0.5127,0.4790
7594,plaisanteries,0.5127,0.4894
7595,petits,0.5127,0.5374
7596,cerveau,0.5126,0.5487
7597,remplit,0.5126,0.4198
7598,considerable,0.5126,0.5156
7599,anglais,0.5125,0.6534
7600,préparée,0.5125,0.4682
7601,variation,0.5125,0.4773
7602,espoir,0.5125,0.4872
7603,refuter,0.5125,0.4632
7604,royaumes,0.5124,0.5368
7605,sentiment,0.5124,0.4942
7606,tum,0.5123,0.4910
7607,jouent,0.5123,0.5569
7608,s'approche,0.5123,0.4358
7609,rg,0.5123,0.4619
7610,découvertes,0.5123,0.3964
7611,dur,0.5122,0.4478
7612,noces,0.5122,0.5729
7613,éclats,0.5122,0.4965
7614,opposer,0.5122,0.4781
7615,prêté,0.5122,0.5122
7616,antoine,0.5122,0.5551
7617,approuver,0.5121,0.4685
7618,charge,0.5121,0.5209
7619,ti,0.5121,0.4809
7620,administration,0.5121,0.3366
7621,milieu,0.5120,0.4706
7622,véritable,0.5120,0.5133
7623,consulat,0.5120,0.4389
7624,spirituelles,0.5119,0.4891
7625,tigres,0.5119,0.3966
7626,legem,0.5119,0.3348
7627,assises,0.5119,0.5031
7628,détours,0.5119,0.4445
7629,coude,0.5118,0.3960
7630,consentement,0.5118,0.5133
7631,prouvent,0.5118,0.3528
7632,comprise,0.5118,0.5007
7633,robes,0.5117,0.3642
7634,renfort,0.5117,0.6164
7635,tirant,0.5117,0.5536
7636,qu'ayant,0.5117,0.4716
7637,renu,0.5117,0.5235
7638,addition,0.5116,0.5632
7639,hil,0.5116,0.5263
7640,commander,0.5116,0.5910
7641,occupations,0.5116,0.5268
7642,faites,0.5116,0.4632
7643,application,0.5115,0.3508
7644,dum,0.5115,0.4281
7645,admirable,0.5114,0.4497
7646,compagnie,0.5114,0.5731
7647,trouvez,0.5114,0.4775
7648,c'està,0.5114,0.5064
7649,inquiétudes,0.5114,0.3420
7650,mouvement,0.5114,0.3717
7651,placez,0.5113,0.5617
7652,attribuent,0.5113,0.5420
7653,ôter,0.5112,0.4761
7654,recevoit,0.5111,0.4504
7655,cautions,0.5111,0.5647
7656,résolutions,0.5111,0.5083
7657,divertir,0.5111,0.4177
7658,arriver,0.5111,0.5124
7659,lo,0.5110,0.4850
7660,fondées,0.5110,0.4607
7661,condamner,0.5110,0.4801
7662,supérieure,0.5110,0.4370
7663,troncs,0.5110,0.3874
7664,ressentir,0.5110,0.4169
7665,servius,0.5110,0.5797
7666,raison,0.5110,0.3847
7667,iz,0.5110,0.4818
7668,s'y,0.5110,0.4501
7669,présenter,0.5110,0.4509
7670,fier,0.5109,0.4668
7671,ccux,0.5109,0.4952
7672,enfoncer,0.5109,0.5348
7673,ta,0.5109,0.4474
7674,chateau,0.5109,0.4001
7675,salé,0.5108,0.5071
7676,sainteté,0.5107,0.4475
7677,lits,0.5107,0.4096
7678,l'amerique,0.5107,0.4620
7679,matières,0.5107,0.4030
7680,respect,0.5106,0.4092
7681,conçoit,0.5106,0.4582
7682,daniel,0.5106,0.4486
7683,antiques,0.5106,0.5485
7684,couvent,0.5106,0.4829
7685,pénétrer,0.5105,0.5527
7686,fortuna,0.5104,0.3167
7687,criminelles,0.5104,0.5405
7688,agi,0.5103,0.3532
7689,rare,0.5103,0.5435
7690,rz,0.5103,0.4866
7691,causa,0.5103,0.5194
7692,aisée,0.5103,0.4172
7693,amoureuse,0.5103,0.5003
7694,rivale,0.5102,0.4014
7695,ignorance,0.5102,0.4042
7696,animus,0.5102,0.3566
7697,voute,0.5101,0.4719
7698,d'angleterre,0.5101,0.4573
7699,clerc,0.5100,0.5452
7700,certain,0.5100,0.4808
7701,consulter,0.5100,0.4009
7702,inspiré,0.5099,0.5876
7703,invincible,0.5099,0.4693
7704,attentifs,0.5099,0.4162
7705,simon,0.5098,0.4574
7706,prêcher,0.5098,0.5886
7707,metz,0.5098,0.4986
7708,rcs,0.5098,0.4393
7709,registre,0.5098,0.5002
7710,l'université,0.5097,0.4708
7711,basse,0.5097,0.5786
7712,vues,0.5096,0.4933
7713,t'en,0.5096,0.3908
7714,alpes,0.5096,0.4636
7715,attachées,0.5096,0.5114
7716,tribus,0.5095,0.4063
7717,d'arriver,0.5095,0.6164
7718,c'était,0.5095,0.4720
7719,choqué,0.5094,0.5465
7720,entendement,0.5094,0.5910
7721,nomine,0.5094,0.5422
7722,amitié,0.5093,0.4585
7723,sièges,0.5093,0.5118
7724,étrangères,0.5093,0.5532
7725,saisi,0.5092,0.4144
7726,offices,0.5092,0.5435
7727,penser,0.5091,0.5352
7728,romaine,0.5091,0.5740
7729,s'empêcher,0.5091,0.3805
7730,remuer,0.5091,0.5302
7731,remarques,0.5091,0.3474
7732,deum,0.5090,0.4559
7733,expirer,0.5090,0.4336
7734,pierrot,0.5090,0.4594
7735,eus,0.5089,0.4528
7736,vilain,0.5089,0.4488
7737,volupté,0.5089,0.4430
7738,ouvertes,0.5088,0.4636
7739,répandent,0.5088,0.4233
7740,vole,0.5088,0.4452
7741,équité,0.5088,0.4518
7742,timide,0.5087,0.4444
7743,cuve,0.5087,0.5192
7744,annuel,0.5087,0.4201
7745,cercle,0.5086,0.4960
7746,vraisemblable,0.5086,0.4134
7747,sollicitations,0.5086,0.3786
7748,septentrionale,0.5085,0.5084
7749,ecl,0.5085,0.6051
7750,hollandais,0.5085,0.5450
7751,ejf,0.5085,0.4405
7752,ng,0.5085,0.5303
7753,formées,0.5085,0.4906
7754,consentit,0.5084,0.4501
7755,offenser,0.5084,0.4459
7756,hérétiques,0.5084,0.4763
7757,créateur,0.5084,0.5383
7758,mérite,0.5084,0.3888
7759,sacrifice,0.5083,0.3497
7760,c'eil,0.5083,0.4165
7761,perfide,0.5083,0.4005
7762,habileté,0.5082,0.3712
7763,mefures,0.5082,0.3779
7764,sçait,0.5082,0.3921
7765,fourbe,0.5081,0.4468
7766,cultivée,0.5081,0.5564
7767,représentations,0.5081,0.3860
7768,triompher,0.5081,0.3994
7769,revivre,0.5080,0.4754
7770,gré,0.5080,0.4485
7771,pureté,0.5079,0.4291
7772,pratiquent,0.5079,0.4776
7773,dehors,0.5079,0.5306
7774,cercles,0.5078,0.5326
7775,meilleures,0.5078,0.4951
7776,n'arrive,0.5078,0.4917
7777,appliqué,0.5077,0.5104
7778,conformement,0.5077,0.4897
7779,restait,0.5076,0.5857
7780,retirez,0.5076,0.4930
7781,bâties,0.5076,0.4505
7782,pass,0.5075,0.5622
7783,hercule,0.5075,0.5638
7784,albert,0.5074,0.5039
7785,ordinairement,0.5074,0.4686
7786,gardoit,0.5074,0.5364
7787,magna,0.5074,0.3915
7788,introduit,0.5073,0.4828
7789,gazon,0.5073,0.3928
7790,moins,0.5073,0.3970
7791,suppose,0.5073,0.5066
7792,parchemin,0.5073,0.4682
7793,indignes,0.5072,0.4188
7794,composer,0.5072,0.5283
7795,extrémités,0.5072,0.5294
7796,doi,0.5072,0.5113
7797,former,0.5072,0.4986
7798,connu,0.5072,0.4727
7799,maudit,0.5071,0.4657
7800,appuyée,0.5071,0.4522
7801,écu,0.5071,0.3213
7802,priere,0.5071,0.4356
7803,sapin,0.5070,0.4580
7804,songes,0.5070,0.4244
7805,vif,0.5070,0.4705
7806,parlera,0.5070,0.3757
7807,bizarre,0.5070,0.5350
7808,employé,0.5070,0.5566
7809,releva,0.5069,0.5357
7810,expédition,0.5069,0.4786
7811,frivoles,0.5069,0.4194
7812,enflammé,0.5069,0.4503
7813,recommande,0.5068,0.5103
7814,gouvernent,0.5068,0.3955
7815,flatte,0.5068,0.3663
7816,prima,0.5068,0.4256
7817,univers,0.5067,0.4951
7818,malo,0.5066,0.4830
7819,ccs,0.5066,0.4911
7820,supporter,0.5066,0.4721
7821,morceaux,0.5066,0.5322
7822,sucre,0.5065,0.5129
7823,gouverner,0.5065,0.5855
7824,surprenant,0.5065,0.5202
7825,choisir,0.5065,0.5205
7826,ieurs,0.5064,0.4235
7827,blé,0.5064,0.5272
7828,deo,0.5063,0.4207
7829,vieillards,0.5063,0.5005
7830,emporter,0.5063,0.5639
7831,combat,0.5063,0.4747
7832,brutus,0.5063,0.4412
7833,présent,0.5063,0.5002
7834,noël,0.5061,0.4858
7835,tenu,0.5060,0.4769
7836,expressément,0.5060,0.4445
7837,morceau,0.5060,0.5288
7838,icelles,0.5060,0.4382
7839,s'accommoder,0.5059,0.4792
7840,força,0.5059,0.3321
7841,raiyon,0.5059,0.5095
7842,couronné,0.5058,0.4348
7843,ore,0.5058,0.4815
7844,changemens,0.5058,0.5306
7845,surprend,0.5058,0.4799
7846,domaine,0.5058,0.5511
7847,nova,0.5058,0.4253
7848,laide,0.5058,0.5381
7849,leon,0.5058,0.4724
7850,changes,0.5058,0.6018
7851,boutique,0.5058,0.5117
7852,bello,0.5057,0.4327
7853,s'imaginer,0.5057,0.4720
7854,cotes,0.5057,0.4554
7855,susceptibles,0.5057,0.5632
7856,fruitiers,0.5057,0.5255
7857,déroute,0.5057,0.5048
7858,reproche,0.5057,0.3608
7859,précaution,0.5057,0.4442
7860,contribué,0.5057,0.5666
7861,loco,0.5057,0.4330
7862,naissent,0.5056,0.4566
7863,orange,0.5056,0.5328
7864,raisonnables,0.5056,0.4352
7865,royales,0.5055,0.4229
7866,sel,0.5055,0.5246
7867,reviendra,0.5055,0.5489
7868,trompée,0.5054,0.3838
7869,abolir,0.5054,0.4496
7870,parure,0.5054,0.5147
7871,seins,0.5053,0.5820
7872,serre,0.5053,0.4629
7873,monnoye,0.5053,0.6546
7874,cci,0.5053,0.4999
7875,d'engager,0.5053,0.4489
7876,ey,0.5053,0.5137
7877,gros,0.5053,0.3955
7878,peu,0.5053,0.5018
7879,étudié,0.5053,0.4404
7880,juste,0.5053,0.4274
7881,s'élève,0.5052,0.5325
7882,envers,0.5052,0.4480
7883,directeur,0.5052,0.4650
7884,résulte,0.5051,0.3966
7885,brille,0.5051,0.4171
7886,étrangeres,0.5051,0.4280
7887,doigts,0.5051,0.4004
7888,impressions,0.5050,0.5039
7889,tandis,0.5050,0.5371
7890,d'etat,0.5050,0.5598
7891,coffre,0.5049,0.4534
7892,d'cn,0.5049,0.4896
7893,triomphant,0.5049,0.4644
7894,irr,0.5049,0.4834
7895,écoit,0.5048,0.4363
7896,discours,0.5048,0.5578
7897,défit,0.5048,0.3745
7898,pareille,0.5048,0.5333
7899,l'envie,0.5048,0.4521
7900,prévenu,0.5047,0.4081
7901,meilleurs,0.5047,0.4474
7902,traita,0.5047,0.4821
7903,louer,0.5047,0.4423
7904,l'auteur,0.5046,0.5579
7905,contenance,0.5046,0.4221
7906,chantent,0.5045,0.5373
7907,excuser,0.5045,0.4416
7908,matieres,0.5045,0.5513
7909,d'épouser,0.5045,0.5314
7910,hall,0.5044,0.5199
7911,vus,0.5043,0.3624
7912,l'emporter,0.5043,0.4011
7913,c'ess,0.5042,0.4394
7914,travailloient,0.5042,0.4322
7915,républiques,0.5042,0.4743
7916,brune,0.5042,0.4312
7917,l'autorité,0.5041,0.4673
7918,hac,0.5041,0.4077
7919,pipe,0.5040,0.6080
7920,toit,0.5040,0.5919
7921,abus,0.5040,0.4105
7922,société,0.5040,0.4211
7923,lire,0.5040,0.4611
7924,illi,0.5040,0.3675
7925,meurs,0.5040,0.4056
7926,queje,0.5039,0.5090
7927,sots,0.5039,0.4756
7928,collége,0.5039,0.4210
7929,endroit,0.5039,0.5708
7930,ke,0.5039,0.5385
7931,profession,0.5038,0.4717
7932,vérités,0.5038,0.3262
7933,prieuré,0.5038,0.4149
7934,inconveniens,0.5038,0.5003
7935,barres,0.5038,0.4380
7936,ye,0.5037,0.4888
7937,ordonnoit,0.5037,0.4460
7938,plates,0.5037,0.4562
7939,decrets,0.5036,0.4411
7940,encore,0.5036,0.4494
7941,expose,0.5036,0.4112
7942,cessé,0.5036,0.4430
7943,êtres,0.5036,0.4485
7944,sunt,0.5035,0.4991
7945,mourir,0.5035,0.5341
7946,d'oiseaux,0.5035,0.4731
7947,which,0.5034,0.3770
7948,d'amour,0.5034,0.4795
7949,traitée,0.5033,0.3947
7950,lierre,0.5033,0.4271
7951,curieux,0.5032,0.5326
7952,accompagnent,0.5032,0.4981
7953,decem,0.5032,0.4301
7954,odieuse,0.5031,0.4532
7955,l'estimation,0.5031,0.6463
7956,accompagner,0.5031,0.5157
7957,actes,0.5030,0.6519
7958,course,0.5030,0.5796
7959,patrons,0.5028,0.4906
7960,jonction,0.5028,0.4543
7961,l'ancre,0.5027,0.5333
7962,florin,0.5027,0.4696
7963,contraintes,0.5027,0.4852
7964,vicomté,0.5027,0.4947
7965,horribles,0.5027,0.4723
7966,gland,0.5026,0.4426
7967,recouvrement,0.5026,0.4965
7968,sels,0.5026,0.4303
7969,retient,0.5025,0.4889
7970,parlez,0.5024,0.4288
7971,deus,0.5024,0.4593
7972,fâcher,0.5024,0.5414
7973,incommodité,0.5023,0.4577
7974,moit,0.5023,0.5076
7975,andré,0.5022,0.4436
7976,toutes,0.5021,0.5676
7977,poignée,0.5021,0.4582
7978,fix,0.5020,0.4667
7979,persuada,0.5020,0.4875
7980,mêler,0.5019,0.5083
7981,vrai,0.5019,0.5134
7982,calmer,0.5019,0.4221
7983,joui,0.5019,0.5138
7984,tempus,0.5019,0.3892
7985,modo,0.5019,0.4549
7986,prophete,0.5018,0.5830
7987,majesté,0.5018,0.4619
7988,iroit,0.5018,0.4748
7989,chemins,0.5017,0.4973
7990,vivre,0.5017,0.5141
7991,tonnerre,0.5017,0.4936
7992,composées,0.5017,0.3765
7993,félon,0.5017,0.3771
7994,dépendans,0.5017,0.4489
7995,boit,0.5017,0.4793
7996,planche,0.5017,0.5101
7997,ridicules,0.5016,0.3919
7998,délivre,0.5016,0.4558
7999,puis,0.5016,0.4982
8000,traités,0.5015,0.4210
8001,trinité,0.5015,0.5289
8002,donnai,0.5015,0.3848
8003,sicile,0.5014,0.4995
8004,renfermer,0.5014,0.5142
8005,probable,0.5014,0.3592
8006,sûre,0.5013,0.4572
8007,requises,0.5013,0.5147
8008,inclusivement,0.5013,0.5479
8009,m'entendre,0.5013,0.4470
8010,visite,0.5013,0.5304
8011,gagner,0.5012,0.5364
8012,admire,0.5012,0.4979
8013,porté,0.5012,0.5317
8014,caire,0.5012,0.4778
8015,l'époux,0.5012,0.4438
8016,d'efpagne,0.5012,0.4924
8017,précieuses,0.5011,0.4980
8018,peur,0.5011,0.5461
8019,envieux,0.5011,0.4695
8020,fâche,0.5011,0.4071
8021,bouillons,0.5011,0.4503
8022,n'é,0.5011,0.4714
8023,coq,0.5011,0.5285
8024,minus,0.5011,0.3881
8025,riante,0.5010,0.4508
8026,poësie,0.5010,0.4594
8027,ner,0.5010,0.4755
8028,demandant,0.5010,0.5319
8029,vente,0.5010,0.5151
8030,etiam,0.5010,0.4968
8031,reliques,0.5010,0.5001
8032,occasions,0.5009,0.4681
8033,mené,0.5009,0.4825
8034,susdites,0.5009,0.4534
8035,siens,0.5009,0.4061
8036,guerrier,0.5009,0.5486
8037,termes,0.5009,0.4515
8038,abîme,0.5008,0.4912
8039,autre,0.5007,0.5308
8040,événemens,0.5007,0.3914
8041,blessure,0.5005,0.4892
8042,céleste,0.5005,0.4885
8043,pousser,0.5005,0.5052
8044,caprices,0.5004,0.3794
8045,deniers,0.5004,0.4848
8046,sein,0.5004,0.5142
8047,jaques,0.5004,0.5464
8048,porter,0.5004,0.4792
8049,rendues,0.5003,0.4278
8050,nommés,0.5003,0.3637
8051,aulfi,0.5003,0.4326
8052,chute,0.5003,0.3821
8053,quem,0.5003,0.4273
8054,ratio,0.5002,0.3474
8055,clair,0.5001,0.4800
8056,captivité,0.5001,0.4128
8057,lames,0.5001,0.4575
8058,offrent,0.5001,0.3141
8059,exprimé,0.5001,0.4486
8060,abandonnée,0.5000,0.4101
8061,dissipe,0.5000,0.4232
8062,différente,0.5000,0.5028
8063,accordé,0.5000,0.4843
8064,cefar,0.5000,0.5579
8065,tiré,0.4999,0.5078
8066,turres,0.4999,0.4286
8067,fortent,0.4999,0.4413
8068,appelé,0.4998,0.4595
8069,george,0.4998,0.5536
8070,ni,0.4997,0.4653
8071,toise,0.4997,0.4868
8072,chariot,0.4996,0.4397
8073,démonstration,0.4995,0.4608
8074,démonstrations,0.4995,0.4310
8075,européens,0.4995,0.4474
8076,deviendra,0.4995,0.3933
8077,attribuée,0.4995,0.4223
8078,fournies,0.4995,0.4960
8079,d'hôtel,0.4995,0.6010
8080,poules,0.4994,0.4770
8081,déchargé,0.4994,0.5689
8082,quatrieme,0.4994,0.5111
8083,tailler,0.4994,0.6017
8084,justification,0.4993,0.4151
8085,jacob,0.4993,0.5134
8086,aborder,0.4993,0.4494
8087,serments,0.4993,0.4846
8088,dieux,0.4993,0.4057
8089,l'empereur,0.4992,0.5212
8090,d'autant,0.4992,0.5002
8091,embrassé,0.4992,0.4778
8092,plaire,0.4992,0.3592
8093,ira,0.4992,0.4184
8094,facit,0.4991,0.3137
8095,partagent,0.4991,0.3956
8096,apportées,0.4991,0.4683
8097,licu,0.4991,0.4985
8098,décisions,0.4991,0.3530
8099,hoc,0.4990,0.4809
8100,fixée,0.4990,0.4087
8101,roman,0.4990,0.4155
8102,commanda,0.4990,0.4066
8103,tourner,0.4989,0.5748
8104,salaires,0.4989,0.5215
8105,garder,0.4989,0.5767
8106,écoute,0.4989,0.3883
8107,ires,0.4989,0.4539
8108,répugnance,0.4989,0.4164
8109,visions,0.4988,0.5394
8110,patrie,0.4988,0.3726
8111,femelles,0.4988,0.4700
8112,fabrication,0.4988,0.4091
8113,elf,0.4987,0.4667
8114,amandes,0.4987,0.3600
8115,combattre,0.4987,0.4647
8116,reçoive,0.4987,0.4735
8117,guérir,0.4987,0.4563
8118,montagne,0.4986,0.3807
8119,contenta,0.4986,0.4229
8120,constitutions,0.4986,0.4596
8121,maîtresses,0.4985,0.4760
8122,dans,0.4984,0.4378
8123,montrant,0.4984,0.5830
8124,homine,0.4984,0.4620
8125,couverture,0.4984,0.5027
8126,sergent,0.4983,0.3119
8127,acceptée,0.4983,0.4884
8128,étoi,0.4982,0.4681
8129,meure,0.4982,0.4093
8130,exclure,0.4982,0.4422
8131,pardonnez,0.4981,0.4358
8132,conjectures,0.4981,0.4655
8133,pommes,0.4981,0.3926
8134,s'attendre,0.4980,0.4911
8135,domini,0.4980,0.4755
8136,contiennent,0.4980,0.4762
8137,éditions,0.4979,0.3892
8138,continuent,0.4979,0.3763
8139,existence,0.4978,0.4996
8140,formez,0.4977,0.6235
8141,hazard,0.4977,0.4299
8142,repondit,0.4977,0.4581
8143,nommées,0.4976,0.3943
8144,commissaires,0.4975,0.4613
8145,unc,0.4975,0.5528
8146,ecclésiastiques,0.4975,0.4782
8147,parlons,0.4974,0.4586
8148,filets,0.4974,0.4731
8149,attache,0.4974,0.3729
8150,suffrage,0.4974,0.3805
8151,réponfe,0.4974,0.4102
8152,portera,0.4974,0.4870
8153,chaleurs,0.4973,0.5046
8154,où,0.4973,0.3553
8155,intitulé,0.4973,0.5576
8156,héros,0.4973,0.4562
8157,valu,0.4973,0.4853
8158,géneral,0.4972,0.4397
8159,raconte,0.4972,0.5110
8160,poissons,0.4972,0.4216
8161,fers,0.4972,0.4502
8162,ions,0.4971,0.4806
8163,foiblesse,0.4971,0.4181
8164,remettant,0.4971,0.4645
8165,rendis,0.4971,0.4753
8166,d'orléans,0.4971,0.5454
8167,tirera,0.4970,0.3998
8168,chinois,0.4969,0.5075
8169,s'et,0.4968,0.4382
8170,monnoyé,0.4968,0.5516
8171,d'ennemis,0.4968,0.4316
8172,nations,0.4968,0.5646
8173,lazare,0.4968,0.4463
8174,s'emparer,0.4967,0.4071
8175,particules,0.4967,0.4478
8176,l'obligea,0.4967,0.4058
8177,is,0.4967,0.4188
8178,partis,0.4967,0.4081
8179,retours,0.4966,0.4296
8180,vitres,0.4966,0.5372
8181,faisons,0.4966,0.4505
8182,rende,0.4965,0.4749
8183,négligence,0.4965,0.5060
8184,péché,0.4964,0.4404
8185,divisée,0.4964,0.3541
8186,délibération,0.4964,0.5500
8187,accepter,0.4964,0.4955
8188,bella,0.4963,0.4468
8189,représentent,0.4963,0.4942
8190,gai,0.4962,0.4872
8191,ciel,0.4962,0.4557
8192,claires,0.4962,0.4702
8193,tort,0.4962,0.5523
8194,vin,0.4961,0.4883
8195,touché,0.4961,0.4763
8196,important,0.4961,0.4833
8197,élevez,0.4960,0.5586
8198,gout,0.4960,0.4477
8199,entrez,0.4959,0.5168
8200,garnis,0.4959,0.4440
8201,supplier,0.4959,0.4157
8202,too,0.4958,0.4239
8203,préparé,0.4958,0.4853
8204,durée,0.4958,0.4016
8205,interprétation,0.4958,0.5472
8206,sent,0.4957,0.4533
8207,levant,0.4956,0.5731
8208,engagea,0.4956,0.4300
8209,épuisé,0.4956,0.4254
8210,conséquent,0.4956,0.4198
8211,dront,0.4955,0.4679
8212,retint,0.4955,0.4606
8213,ornement,0.4955,0.5081
8214,auxquels,0.4954,0.4685
8215,ians,0.4954,0.4617
8216,dattes,0.4954,0.4804
8217,d'orleans,0.4953,0.5277
8218,licet,0.4953,0.3347
8219,inventée,0.4953,0.5157
8220,nullus,0.4953,0.3762
8221,tenez,0.4953,0.4859
8222,singulier,0.4952,0.5624
8223,cède,0.4952,0.4057
8224,cologne,0.4951,0.4335
8225,redouble,0.4951,0.4174
8226,coulent,0.4951,0.4484
8227,déclarons,0.4951,0.3407
8228,cabinet,0.4950,0.3935
8229,c'els,0.4950,0.4954
8230,fondions,0.4949,0.3877
8231,j'espère,0.4949,0.4359
8232,assuré,0.4949,0.5167
8233,arrêt,0.4949,0.3757
8234,instances,0.4949,0.4639
8235,d'un,0.4949,0.5299
8236,conquis,0.4948,0.4010
8237,grossier,0.4948,0.4564
8238,froideur,0.4948,0.4731
8239,déclare,0.4948,0.4683
8240,sois,0.4947,0.5152
8241,gibier,0.4947,0.4693
8242,banquier,0.4946,0.4358
8243,dedit,0.4946,0.3665
8244,plats,0.4946,0.5048
8245,version,0.4945,0.4427
8246,populi,0.4945,0.3530
8247,peuplée,0.4944,0.5016
8248,connues,0.4944,0.5463
8249,doigt,0.4941,0.4702
8250,exerce,0.4941,0.4477
8251,fini,0.4940,0.4567
8252,d'augmenter,0.4940,0.4187
8253,droir,0.4939,0.4486
8254,pent,0.4939,0.5019
8255,prononcer,0.4939,0.4756
8256,dedans,0.4939,0.5243
8257,choies,0.4939,0.3863
8258,videri,0.4939,0.3540
8259,âges,0.4938,0.5010
8260,sign,0.4938,0.4751
8261,laquelle,0.4938,0.4995
8262,merveilleux,0.4937,0.4099
8263,agneau,0.4936,0.5535
8264,old,0.4936,0.3639
8265,sauvage,0.4936,0.4536
8266,pline,0.4935,0.5200
8267,bonté,0.4935,0.4179
8268,blesser,0.4935,0.5727
8269,splendeur,0.4934,0.5270
8270,gagna,0.4934,0.4835
8271,prix,0.4933,0.5636
8272,tamen,0.4933,0.4060
8273,atteindre,0.4932,0.3823
8274,défait,0.4932,0.5094
8275,sers,0.4932,0.4017
8276,presser,0.4931,0.3824
8277,surprendre,0.4930,0.5121
8278,heure,0.4930,0.5712
8279,fieurs,0.4930,0.5023
8280,bonnets,0.4930,0.4036
8281,nem,0.4929,0.3911
8282,considérations,0.4929,0.3505
8283,heureuses,0.4929,0.4793
8284,rares,0.4928,0.4714
8285,partie,0.4928,0.4789
8286,conseillé,0.4928,0.4393
8287,azile,0.4927,0.4190
8288,billets,0.4927,0.4816
8289,sagesse,0.4927,0.4500
8290,voix,0.4926,0.4208
8291,charmant,0.4926,0.4612
8292,gabelles,0.4925,0.5302
8293,disposition,0.4925,0.4610
8294,approcher,0.4924,0.5373
8295,entreprises,0.4924,0.4870
8296,destinée,0.4924,0.4008
8297,entendus,0.4923,0.4793
8298,promettre,0.4923,0.5191
8299,osez,0.4922,0.4231
8300,d'auguste,0.4922,0.4654
8301,pipes,0.4922,0.5046
8302,dico,0.4922,0.3151
8303,malheur,0.4922,0.4712
8304,harmonie,0.4922,0.3725
8305,partisans,0.4921,0.4689
8306,contestations,0.4921,0.5254
8307,furieux,0.4920,0.4986
8308,xxxiv,0.4920,0.4331
8309,d'aucuns,0.4919,0.4762
8310,user,0.4919,0.4857
8311,difficilement,0.4918,0.5038
8312,détails,0.4918,0.3523
8313,assurance,0.4918,0.4483
8314,dites,0.4918,0.4812
8315,commencemens,0.4918,0.4129
8316,dos,0.4917,0.3974
8317,maux,0.4917,0.4419
8318,coton,0.4917,0.5023
8319,martyrs,0.4917,0.4371
8320,disgrace,0.4917,0.4075
8321,joug,0.4917,0.3887
8322,serpens,0.4916,0.4847
8323,seville,0.4916,0.6107
8324,soufre,0.4916,0.4887
8325,avoine,0.4916,0.5567
8326,partem,0.4916,0.3609
8327,was,0.4915,0.3623
8328,décider,0.4915,0.4108
8329,mariées,0.4915,0.5514
8330,fols,0.4915,0.4704
8331,difficult,0.4914,0.3842
8332,c'er,0.4914,0.4545
8333,comprises,0.4914,0.5293
8334,l'achat,0.4913,0.5708
8335,obéi,0.4913,0.4191
8336,abandonnez,0.4913,0.6180
8337,d'arbre,0.4912,0.5011
8338,trop,0.4912,0.5141
8339,lex,0.4912,0.4327
8340,conduite,0.4911,0.3700
8341,laver,0.4911,0.4647
8342,précepteur,0.4910,0.3596
8343,brise,0.4909,0.3914
8344,savans,0.4909,0.4577
8345,lié,0.4909,0.4582
8346,chaînes,0.4909,0.4001
8347,emportée,0.4908,0.4146
8348,enfant,0.4908,0.4092
8349,acclamations,0.4908,0.5329
8350,pousse,0.4908,0.3647
8351,omnia,0.4908,0.4497
8352,guéri,0.4907,0.4923
8353,different,0.4907,0.4095
8354,gouverneurs,0.4907,0.4357
8355,favorables,0.4906,0.5501
8356,prépare,0.4906,0.4888
8357,congé,0.4905,0.5150
8358,cruauté,0.4905,0.4093
8359,illo,0.4905,0.3448
8360,confondu,0.4905,0.5665
8361,peinte,0.4905,0.4466
8362,éviter,0.4904,0.4625
8363,arrache,0.4904,0.5813
8364,éprouve,0.4904,0.3526
8365,monstres,0.4904,0.4084
8366,foudre,0.4904,0.4915
8367,décrets,0.4904,0.4401
8368,couches,0.4904,0.3864
8369,ordres,0.4903,0.4920
8370,contradiction,0.4903,0.3895
8371,répondent,0.4902,0.4722
8372,robe,0.4902,0.5083
8373,patience,0.4902,0.4150
8374,parlement,0.4902,0.5481
8375,priez,0.4902,0.6635
8376,original,0.4902,0.5003
8377,apporte,0.4902,0.4774
8378,corpore,0.4902,0.3718
8379,sed,0.4901,0.4560
8380,d'acier,0.4901,0.5679
8381,séjour,0.4900,0.4846
8382,fermier,0.4900,0.4618
8383,ouvert,0.4900,0.4353
8384,conventions,0.4899,0.4428
8385,d'examiner,0.4899,0.5102
8386,séduire,0.4899,0.4764
8387,l'ange,0.4898,0.5885
8388,pourvu,0.4898,0.3507
8389,quatuor,0.4898,0.4814
8390,ôtant,0.4897,0.4564
8391,forfait,0.4897,0.4241
8392,d'attention,0.4897,0.5114
8393,porcs,0.4897,0.4647
8394,mouche,0.4896,0.4278
8395,vivons,0.4896,0.4222
8396,produite,0.4896,0.4434
8397,occupées,0.4895,0.4477
8398,divisent,0.4895,0.3789
8399,exposition,0.4895,0.4630
8400,taches,0.4895,0.4471
8401,muses,0.4895,0.5352
8402,désordre,0.4895,0.4616
8403,religions,0.4894,0.4563
8404,bruits,0.4894,0.3712
8405,honnête,0.4894,0.4942
8406,mélancolie,0.4894,0.4220
8407,élévation,0.4894,0.3643
8408,blancs,0.4894,0.4138
8409,musiciens,0.4894,0.4888
8410,valet,0.4894,0.4542
8411,jusques,0.4893,0.4261
8412,célébrer,0.4893,0.5020
8413,épris,0.4893,0.5056
8414,service,0.4893,0.5464
8415,fécondité,0.4893,0.3931
8416,sachant,0.4893,0.5329
8417,orateur,0.4893,0.4087
8418,vulcain,0.4892,0.4255
8419,chaises,0.4892,0.4088
8420,sentimens,0.4891,0.4707
8421,exquis,0.4891,0.4710
8422,raisonnemens,0.4891,0.4635
8423,préteur,0.4891,0.4467
8424,conclut,0.4891,0.4049
8425,choeurs,0.4891,0.5582
8426,tendrement,0.4890,0.4366
8427,insensible,0.4890,0.4267
8428,sertiles,0.4890,0.3920
8429,compare,0.4889,0.3477
8430,payés,0.4889,0.3783
8431,l'arbre,0.4889,0.5013
8432,complots,0.4889,0.4029
8433,ruinent,0.4889,0.4032
8434,ajouté,0.4888,0.5026
8435,contenue,0.4888,0.4472
8436,acquérir,0.4888,0.3835
8437,au,0.4887,0.4035
8438,pointu,0.4887,0.4354
8439,ressent,0.4886,0.4014
8440,guillaume,0.4886,0.4304
8441,commissaire,0.4886,0.4847
8442,utilité,0.4885,0.5018
8443,passée,0.4885,0.4780
8444,soleil,0.4885,0.4516
8445,intentions,0.4885,0.4949
8446,loo,0.4884,0.4443
8447,condamna,0.4884,0.4113
8448,plura,0.4884,0.3556
8449,premiére,0.4884,0.4248
8450,preuves,0.4884,0.4827
8451,n'en,0.4884,0.4474
8452,ardent,0.4884,0.4854
8453,trompe,0.4884,0.4254
8454,suites,0.4884,0.3952
8455,courent,0.4884,0.5228
8456,tiendroit,0.4884,0.3497
8457,leurs,0.4884,0.2937
8458,quatrevingt,0.4883,0.4124
8459,hardiesse,0.4883,0.3840
8460,reconnoissancent,0.4883,0.4719
8461,dangereuses,0.4883,0.4606
8462,jusqu'au,0.4883,0.5118
8463,brillante,0.4882,0.4599
8464,exécuté,0.4882,0.5252
8465,dame,0.4882,0.5346
8466,peintes,0.4881,0.5089
8467,habitude,0.4881,0.4175
8468,injures,0.4881,0.4016
8469,christ,0.4881,0.4776
8470,emplois,0.4880,0.4924
8471,quartier,0.4880,0.5925
8472,entrer,0.4880,0.4723
8473,cessent,0.4879,0.4371
8474,profité,0.4879,0.5306
8475,comprit,0.4879,0.4919
8476,abondance,0.4879,0.4768
8477,tâché,0.4879,0.4598
8478,approchez,0.4879,0.4316
8479,subvenir,0.4878,0.4381
8480,rendait,0.4878,0.5067
8481,horreurs,0.4878,0.3568
8482,signée,0.4878,0.4872
8483,dépendre,0.4878,0.3971
8484,avec,0.4877,0.4607
8485,clarté,0.4877,0.5194
8486,sujette,0.4877,0.4041
8487,faur,0.4875,0.4642
8488,abuser,0.4875,0.3976
8489,capable,0.4875,0.4591
8490,défendre,0.4874,0.4799
8491,l'inventaire,0.4873,0.5170
8492,late,0.4873,0.4951
8493,amiral,0.4873,0.5172
8494,hiver,0.4872,0.5007
8495,mutuellement,0.4872,0.4515
8496,maigre,0.4872,0.5280
8497,tiendront,0.4871,0.4273
8498,arrive,0.4871,0.4106
8499,s'écrie,0.4870,0.3739
8500,refusa,0.4870,0.4360
8501,renouveller,0.4870,0.4369
8502,appointemens,0.4870,0.4182
8503,cité,0.4869,0.4984
8504,desquels,0.4869,0.3975
8505,traduction,0.4869,0.4260
8506,tanto,0.4869,0.3830
8507,ejus,0.4869,0.4838
8508,effort,0.4869,0.5322
8509,dis,0.4869,0.3412
8510,d'appel,0.4868,0.4471
8511,coeurs,0.4868,0.5069
8512,distance,0.4867,0.5551
8513,insultes,0.4867,0.3591
8514,imprime,0.4866,0.4309
8515,syrie,0.4866,0.4340
8516,marcs,0.4865,0.4295
8517,quidem,0.4865,0.4042
8518,autoriser,0.4865,0.5574
8519,touche,0.4864,0.4132
8520,fonds,0.4863,0.4716
8521,tombant,0.4863,0.3784
8522,royaume,0.4863,0.5300
8523,arcs,0.4863,0.4328
8524,tête,0.4863,0.5115
8525,absence,0.4862,0.4812
8526,forêts,0.4862,0.5082
8527,mors,0.4862,0.4537
8528,conduisoit,0.4862,0.4594
8529,d'alexandre,0.4862,0.5177
8530,conserver,0.4861,0.5599
8531,gis,0.4861,0.5119
8532,répondoit,0.4860,0.5084
8533,arraché,0.4860,0.4757
8534,festin,0.4860,0.4645
8535,connut,0.4860,0.4454
8536,principales,0.4859,0.5405
8537,force,0.4859,0.4581
8538,gagnent,0.4859,0.3823
8539,aufii,0.4859,0.4376
8540,eaux,0.4858,0.5310
8541,possedent,0.4858,0.4681
8542,lieutenant,0.4858,0.4424
8543,caution,0.4858,0.4898
8544,attaques,0.4858,0.3370
8545,l'aîné,0.4858,0.5310
8546,vieillesse,0.4857,0.3831
8547,étonnant,0.4857,0.5301
8548,douce,0.4857,0.5023
8549,l'addition,0.4856,0.5217
8550,bains,0.4856,0.4323
8551,fend,0.4856,0.5099
8552,galanteries,0.4856,0.4191
8553,divins,0.4855,0.6604
8554,gresse,0.4855,0.3985
8555,l'acheteur,0.4855,0.4171
8556,plume,0.4855,0.3802
8557,liqueurs,0.4855,0.4959
8558,laon,0.4854,0.4001
8559,apparences,0.4854,0.4593
8560,recourir,0.4854,0.3814
8561,puisqu'elle,0.4854,0.4057
8562,dépouiller,0.4854,0.3952
8563,quitte,0.4853,0.3872
8564,pleurant,0.4853,0.4183
8565,langue,0.4853,0.5219
8566,audience,0.4853,0.5241
8567,bible,0.4853,0.5140
8568,eté,0.4852,0.3461
8569,machines,0.4852,0.3952
8570,homme,0.4852,0.4493
8571,quartiers,0.4852,0.3941
8572,tendresse,0.4852,0.4778
8573,astres,0.4852,0.4419
8574,voyageurs,0.4851,0.3998
8575,livrez,0.4851,0.4379
8576,rennes,0.4851,0.6121
8577,manquez,0.4850,0.4859
8578,dui,0.4850,0.4530
8579,usé,0.4849,0.4099
8580,alexandre,0.4849,0.4453
8581,fonctions,0.4849,0.4792
8582,zz,0.4848,0.5104
8583,niveau,0.4848,0.4897
8584,imaginé,0.4848,0.4654
8585,votre,0.4848,0.4289
8586,implorer,0.4848,0.4271
8587,the,0.4848,0.4757
8588,immobile,0.4847,0.4375
8589,suffit,0.4847,0.4858
8590,parfaits,0.4847,0.5475
8591,puits,0.4847,0.4728
8592,corriger,0.4847,0.4413
8593,succession,0.4846,0.5208
8594,jettée,0.4846,0.4188
8595,l'abbaye,0.4846,0.3912
8596,rivaux,0.4846,0.4460
8597,tandem,0.4845,0.3103
8598,c'cit,0.4843,0.5112
8599,conduits,0.4842,0.4183
8600,éternel,0.4842,0.5450
8601,chaleur,0.4841,0.4954
8602,l'italie,0.4841,0.3938
8603,michel,0.4841,0.5026
8604,officio,0.4840,0.4203
8605,flandres,0.4840,0.3784
8606,avare,0.4840,0.5007
8607,l'aimable,0.4840,0.4289
8608,domain,0.4840,0.3289
8609,divisé,0.4839,0.5528
8610,savons,0.4839,0.4266
8611,circa,0.4839,0.3846
8612,lorsque,0.4839,0.5075
8613,argent,0.4838,0.4747
8614,redoutables,0.4838,0.5017
8615,ajoutent,0.4838,0.4937
8616,soupçonner,0.4838,0.4494
8617,abondantes,0.4838,0.4424
8618,arrose,0.4838,0.4460
8619,conduit,0.4837,0.5538
8620,signification,0.4837,0.4198
8621,c'ct,0.4837,0.4917
8622,vanité,0.4836,0.4400
8623,intestins,0.4836,0.4314
8624,marquise,0.4836,0.4019
8625,évite,0.4836,0.4238
8626,bouton,0.4835,0.5395
8627,l'efpagne,0.4835,0.5109
8628,bague,0.4835,0.4691
8629,menu,0.4834,0.5179
8630,découvrent,0.4834,0.4463
8631,ics,0.4834,0.4340
8632,hôpital,0.4834,0.3849
8633,ames,0.4834,0.5192
8634,poursuivre,0.4833,0.5327
8635,nullo,0.4832,0.3264
8636,illustre,0.4832,0.5426
8637,corne,0.4832,0.5566
8638,pénétré,0.4831,0.4066
8639,aimons,0.4831,0.3839
8640,criminels,0.4831,0.5123
8641,maitres,0.4830,0.3339
8642,exacte,0.4830,0.5013
8643,naquit,0.4830,0.4901
8644,acquitter,0.4830,0.4841
8645,autem,0.4829,0.4652
8646,sum,0.4829,0.4401
8647,prêtes,0.4829,0.4750
8648,montée,0.4828,0.4819
8649,blessures,0.4828,0.4155
8650,s'appelloit,0.4828,0.4862
8651,médailles,0.4828,0.5315
8652,registres,0.4827,0.4799
8653,tranchée,0.4827,0.6276
8654,servir,0.4827,0.4496
8655,genes,0.4826,0.3989
8656,qu'aucun,0.4825,0.4958
8657,erant,0.4825,0.4291
8658,harnois,0.4824,0.4650
8659,sérieuse,0.4824,0.5366
8660,my,0.4824,0.5149
8661,cuivre,0.4824,0.3638
8662,coûté,0.4824,0.5430
8663,moilon,0.4824,0.4848
8664,bleds,0.4824,0.3932
8665,alarmes,0.4823,0.3288
8666,distinguées,0.4823,0.4193
8667,lorsqu'ils,0.4823,0.4949
8668,naples,0.4823,0.4931
8669,well,0.4822,0.3765
8670,c'efr,0.4821,0.4101
8671,l'exécution,0.4821,0.5312
8672,commodité,0.4821,0.4005
8673,riche,0.4821,0.5147
8674,conclusions,0.4821,0.4964
8675,savoie,0.4821,0.4588
8676,partir,0.4819,0.4148
8677,infâme,0.4818,0.5426
8678,sut,0.4818,0.3759
8679,lou,0.4818,0.6014
8680,satyres,0.4817,0.4162
8681,douter,0.4817,0.4469
8682,touchent,0.4817,0.4518
8683,folie,0.4817,0.4337
8684,office,0.4816,0.5102
8685,félicité,0.4816,0.4416
8686,legibus,0.4816,0.3283
8687,arrêtez,0.4816,0.5070
8688,déguiser,0.4816,0.5015
8689,l'argent,0.4815,0.4592
8690,punit,0.4815,0.3818
8691,trre,0.4815,0.4332
8692,seigneuries,0.4814,0.5098
8693,by,0.4814,0.3770
8694,pose,0.4814,0.3947
8695,pension,0.4814,0.5236
8696,jolis,0.4813,0.5262
8697,importans,0.4813,0.3842
8698,cas,0.4813,0.3754
8699,bâtir,0.4812,0.4665
8700,emprunté,0.4811,0.5152
8701,pinceau,0.4810,0.4637
8702,sermons,0.4810,0.4516
8703,plate,0.4810,0.4679
8704,quare,0.4810,0.3651
8705,bras,0.4810,0.4599
8706,proportions,0.4810,0.4645
8707,veuve,0.4809,0.4877
8708,levez,0.4809,0.3932
8709,declaration,0.4809,0.3838
8710,route,0.4809,0.4826
8711,rebelles,0.4809,0.4193
8712,négociations,0.4809,0.3398
8713,écorce,0.4808,0.4267
8714,bourg,0.4808,0.4863
8715,tambour,0.4807,0.4474
8716,m'y,0.4807,0.3934
8717,hait,0.4807,0.5361
8718,considerables,0.4807,0.5463
8719,perdrix,0.4806,0.4664
8720,chancelier,0.4806,0.5227
8721,couverts,0.4806,0.3534
8722,confondent,0.4805,0.4488
8723,bateau,0.4805,0.4494
8724,s'embarquer,0.4805,0.4675
8725,écrite,0.4805,0.3972
8726,malheureux,0.4805,0.4434
8727,tristes,0.4804,0.4955
8728,supposition,0.4804,0.3918
8729,trahir,0.4804,0.3760
8730,bizarres,0.4804,0.4502
8731,renonciation,0.4803,0.5032
8732,recoit,0.4803,0.4535
8733,agréables,0.4803,0.5187
8734,coquette,0.4803,0.4570
8735,reconnoître,0.4802,0.4594
8736,quantum,0.4802,0.3501
8737,attire,0.4802,0.4435
8738,declare,0.4800,0.4831
8739,orages,0.4800,0.4287
8740,parthes,0.4800,0.4480
8741,àdire,0.4799,0.4154
8742,frappe,0.4799,0.3538
8743,donnés,0.4799,0.4780
8744,autel,0.4799,0.4706
8745,appeller,0.4799,0.4363
8746,rats,0.4799,0.4884
8747,chrétiennes,0.4798,0.4446
8748,joignit,0.4798,0.4353
8749,renvoyer,0.4797,0.4752
8750,dispositions,0.4797,0.3161
8751,tua,0.4797,0.3637
8752,arrivées,0.4796,0.4027
8753,quelqu'un,0.4796,0.4049
8754,eglises,0.4795,0.4046
8755,terrein,0.4795,0.3253
8756,débauché,0.4794,0.5249
8757,manufactures,0.4794,0.4708
8758,glorieux,0.4794,0.4956
8759,suive,0.4794,0.5048
8760,allarmes,0.4793,0.4571
8761,pars,0.4793,0.4701
8762,nouveauté,0.4793,0.4311
8763,approche,0.4791,0.4024
8764,rire,0.4791,0.5526
8765,marquoit,0.4791,0.4477
8766,créature,0.4791,0.3494
8767,l'aller,0.4790,0.4793
8768,moi,0.4790,0.3719
8769,dignes,0.4790,0.4573
8770,contraindre,0.4790,0.4619
8771,termine,0.4790,0.4330
8772,embarras,0.4790,0.4838
8773,dévotion,0.4790,0.4471
8774,unde,0.4789,0.3835
8775,partent,0.4789,0.4685
8776,amené,0.4789,0.3642
8777,s'arrête,0.4788,0.4260
8778,allez,0.4788,0.5560
8779,paradis,0.4788,0.5619
8780,huissier,0.4788,0.2918
8781,barbe,0.4788,0.5296
8782,maigres,0.4788,0.4549
8783,restitution,0.4788,0.5197
8784,miennes,0.4787,0.3668
8785,engagé,0.4787,0.4595
8786,débauches,0.4787,0.3778
8787,enseignent,0.4786,0.5009
8788,élection,0.4786,0.3736
8789,heureux,0.4786,0.4682
8790,gregoire,0.4786,0.4811
8791,operation,0.4786,0.4554
8792,maitresse,0.4785,0.4049
8793,mystère,0.4785,0.3975
8794,part,0.4785,0.4459
8795,justifier,0.4785,0.4675
8796,s'adresse,0.4784,0.4079
8797,mazarin,0.4784,0.5295
8798,proprieté,0.4784,0.4873
8799,sentir,0.4784,0.4367
8800,l'ambassadeur,0.4784,0.5241
8801,bois,0.4783,0.4184
8802,introduite,0.4783,0.4066
8803,détache,0.4783,0.3838
8804,reprendre,0.4783,0.4761
8805,confulat,0.4782,0.3648
8806,degrés,0.4782,0.4566
8807,ou,0.4782,0.3853
8808,profond,0.4781,0.4456
8809,chercha,0.4781,0.4744
8810,introduire,0.4780,0.4933
8811,détermine,0.4780,0.3951
8812,agrément,0.4779,0.5004
8813,prononcée,0.4779,0.4428
8814,qu'au,0.4778,0.5482
8815,monumens,0.4778,0.4258
8816,causent,0.4778,0.5140
8817,retraites,0.4778,0.3544
8818,usent,0.4778,0.4968
8819,idole,0.4777,0.3782
8820,dormir,0.4777,0.5146
8821,fallu,0.4777,0.3727
8822,façons,0.4777,0.3886
8823,marteau,0.4776,0.4818
8824,gardoient,0.4776,0.5687
8825,mander,0.4776,0.4485
8826,ies,0.4776,0.3806
8827,quarré,0.4776,0.3881
8828,mlle,0.4776,0.5352
8829,nour,0.4776,0.5685
8830,décharger,0.4775,0.4231
8831,charpentier,0.4775,0.4497
8832,sortifier,0.4774,0.4242
8833,erreurs,0.4774,0.4723
8834,intrigue,0.4774,0.4671
8835,avaler,0.4774,0.5657
8836,épiceries,0.4773,0.4891
8837,deviner,0.4773,0.4524
8838,état,0.4773,0.5103
8839,memoires,0.4773,0.4981
8840,faits,0.4773,0.3507
8841,laissent,0.4772,0.4292
8842,alliances,0.4772,0.3744
8843,audace,0.4772,0.4862
8844,réparations,0.4772,0.4958
8845,foible,0.4771,0.4325
8846,singuliere,0.4771,0.3870
8847,hommes,0.4771,0.3629
8848,perd,0.4771,0.5011
8849,glaces,0.4771,0.4986
8850,fuite,0.4770,0.3830
8851,itre,0.4770,0.5152
8852,ladite,0.4770,0.4666
8853,signées,0.4770,0.5148
8854,accompagné,0.4770,0.4545
8855,affaires,0.4770,0.3543
8856,étrange,0.4770,0.4890
8857,formé,0.4770,0.5827
8858,raisons,0.4769,0.4384
8859,boutiques,0.4768,0.4962
8860,douceur,0.4767,0.4331
8861,consul,0.4767,0.5186
8862,retourne,0.4767,0.4414
8863,paire,0.4766,0.4710
8864,navigation,0.4766,0.3786
8865,bontés,0.4766,0.4934
8866,malades,0.4766,0.4044
8867,omne,0.4766,0.3545
8868,wi,0.4765,0.4604
8869,mier,0.4765,0.4270
8870,l'arrêt,0.4765,0.3874
8871,rompt,0.4765,0.4194
8872,eh,0.4764,0.3936
8873,crus,0.4764,0.5516
8874,l'audience,0.4764,0.4112
8875,source,0.4764,0.4528
8876,fraix,0.4764,0.3661
8877,parfaite,0.4764,0.4781
8878,dixi,0.4763,0.3531
8879,foiblesses,0.4763,0.3446
8880,ie,0.4763,0.4169
8881,saura,0.4762,0.4077
8882,aversion,0.4762,0.4306
8883,prenons,0.4762,0.5216
8884,cérémonie,0.4761,0.4460
8885,semence,0.4761,0.4240
8886,apporter,0.4761,0.4583
8887,souffrances,0.4761,0.3783
8888,modifications,0.4761,0.3818
8889,commençait,0.4761,0.4593
8890,construire,0.4760,0.3666
8891,dictionnaire,0.4760,0.5167
8892,cambray,0.4760,0.5003
8893,charmé,0.4759,0.3880
8894,tribunaux,0.4757,0.3978
8895,pénétration,0.4757,0.4811
8896,hasard,0.4757,0.3859
8897,daignez,0.4756,0.4273
8898,montrer,0.4756,0.4110
8899,aures,0.4756,0.4595
8900,langueur,0.4756,0.4041
8901,terrain,0.4755,0.3710
8902,oppose,0.4755,0.4520
8903,faces,0.4755,0.5016
8904,livré,0.4755,0.3690
8905,perches,0.4755,0.4739
8906,méchant,0.4755,0.4666
8907,tentatives,0.4755,0.3356
8908,dauphiné,0.4755,0.4148
8909,spirituel,0.4755,0.5362
8910,placée,0.4754,0.4338
8911,tâcha,0.4754,0.4779
8912,taureaux,0.4754,0.4745
8913,nifi,0.4754,0.3851
8914,fruits,0.4753,0.4834
8915,descendent,0.4753,0.4734
8916,attaque,0.4753,0.4227
8917,expéditions,0.4753,0.3570
8918,propositions,0.4753,0.4328
8919,pages,0.4752,0.5075
8920,telles,0.4752,0.5122
8921,cls,0.4752,0.4856
8922,from,0.4752,0.4651
8923,d'airain,0.4752,0.4022
8924,procession,0.4751,0.4371
8925,arrivent,0.4750,0.4549
8926,alliés,0.4750,0.4077
8927,pécheurs,0.4750,0.4994
8928,ates,0.4749,0.4411
8929,conciles,0.4749,0.4693
8930,garçons,0.4749,0.4624
8931,oppositions,0.4748,0.5497
8932,reims,0.4748,0.3965
8933,couronne,0.4747,0.5025
8934,fidei,0.4747,0.4514
8935,zele,0.4747,0.3933
8936,étroites,0.4747,0.5650
8937,éloigné,0.4747,0.4436
8938,fasse,0.4747,0.4718
8939,luxembourg,0.4745,0.5264
8940,naître,0.4744,0.5335
8941,ruisseau,0.4744,0.3984
8942,d'allemagne,0.4743,0.4534
8943,couler,0.4742,0.5415
8944,minutes,0.4742,0.4438
8945,états,0.4742,0.4096
8946,tinrent,0.4741,0.4877
8947,chair,0.4741,0.4355
8948,compliment,0.4741,0.4348
8949,quittances,0.4741,0.5180
8950,effroi,0.4741,0.4788
8951,ouvre,0.4740,0.4598
8952,paysan,0.4740,0.5063
8953,accusé,0.4739,0.4771
8954,maria,0.4739,0.5182
8955,offrandes,0.4739,0.4316
8956,chassé,0.4739,0.5406
8957,arrets,0.4739,0.4483
8958,d'une,0.4739,0.4781
8959,pourpre,0.4739,0.5101
8960,anciens,0.4739,0.4616
8961,briller,0.4738,0.5025
8962,maréchal,0.4738,0.4435
8963,proprietaires,0.4738,0.5693
8964,pardonner,0.4738,0.5269
8965,images,0.4737,0.3732
8966,quorum,0.4737,0.3721
8967,copy,0.4737,0.3261
8968,exposées,0.4737,0.4214
8969,enrichir,0.4737,0.4332
8970,coutumes,0.4736,0.5448
8971,opposée,0.4736,0.4510
8972,doir,0.4736,0.3740
8973,l'aile,0.4736,0.5244
8974,exiger,0.4735,0.4078
8975,piqué,0.4735,0.5468
8976,poursuivi,0.4735,0.4732
8977,profanes,0.4735,0.5994
8978,favorable,0.4735,0.5429
8979,importance,0.4734,0.3641
8980,l'empire,0.4734,0.4974
8981,destins,0.4734,0.4518
8982,marcher,0.4733,0.4582
8983,title,0.4733,0.2396
8984,signer,0.4732,0.5166
8985,justesse,0.4732,0.3823
8986,ouvrant,0.4731,0.5170
8987,édifice,0.4731,0.4339
8988,copie,0.4729,0.5491
8989,choisit,0.4729,0.4902
8990,nourrit,0.4729,0.3508
8991,moulins,0.4729,0.4971
8992,illustres,0.4729,0.3588
8993,mais,0.4729,0.4396
8994,intrigues,0.4728,0.3463
8995,contravention,0.4728,0.5808
8996,multipliant,0.4728,0.5872
8997,complices,0.4727,0.3953
8998,souvenir,0.4727,0.3800
8999,bernard,0.4727,0.4878
9000,aussitôt,0.4726,0.4924
9001,comptes,0.4726,0.4849
9002,honoré,0.4726,0.4267
9003,make,0.4726,0.3960
9004,d'établir,0.4725,0.3547
9005,voisines,0.4725,0.3579
9006,millier,0.4725,0.4527
9007,éducation,0.4725,0.4808
9008,suivons,0.4724,0.5556
9009,pasteur,0.4724,0.5383
9010,most,0.4724,0.5135
9011,afrique,0.4724,0.4095
9012,guerriers,0.4723,0.3423
9013,imiter,0.4723,0.5148
9014,dudir,0.4723,0.3712
9015,plût,0.4722,0.4512
9016,lcs,0.4722,0.4316
9017,proposent,0.4722,0.4563
9018,repos,0.4721,0.5349
9019,occupée,0.4721,0.4387
9020,grammont,0.4721,0.5513
9021,rompre,0.4721,0.4134
9022,méritent,0.4720,0.3153
9023,goûte,0.4720,0.3841
9024,fiez,0.4720,0.4863
9025,augmente,0.4719,0.4096
9026,mêle,0.4719,0.4811
9027,habent,0.4718,0.3482
9028,ell,0.4718,0.4133
9029,jardinier,0.4717,0.4932
9030,propose,0.4717,0.4996
9031,saisies,0.4717,0.4728
9032,ce,0.4717,0.3674
9033,promesses,0.4717,0.3415
9034,l'un,0.4717,0.4769
9035,caput,0.4717,0.4520
9036,longues,0.4716,0.4182
9037,amore,0.4716,0.3035
9038,qu'après,0.4716,0.4551
9039,attente,0.4716,0.3811
9040,gentilhomme,0.4716,0.4701
9041,discerner,0.4715,0.5197
9042,eam,0.4715,0.3634
9043,grasse,0.4715,0.4701
9044,provenans,0.4715,0.4508
9045,fiis,0.4715,0.3602
9046,percée,0.4715,0.4924
9047,reconnoît,0.4714,0.4530
9048,requête,0.4714,0.4840
9049,galle,0.4713,0.5298
9050,savants,0.4713,0.5601
9051,conseils,0.4713,0.5099
9052,temple,0.4713,0.4615
9053,oreilles,0.4712,0.5056
9054,témoigné,0.4712,0.4986
9055,aufi,0.4712,0.4225
9056,facere,0.4712,0.3643
9057,japon,0.4711,0.4746
9058,nourrice,0.4711,0.4931
9059,d'argent,0.4711,0.5413
9060,additions,0.4710,0.4515
9061,donn,0.4710,0.4007
9062,avertir,0.4709,0.5028
9063,nuit,0.4709,0.5056
9064,menacé,0.4709,0.5078
9065,bellum,0.4709,0.3664
9066,rang,0.4709,0.4373
9067,david,0.4708,0.5088
9068,cultiver,0.4707,0.4960
9069,peintre,0.4707,0.4322
9070,omnium,0.4707,0.4010
9071,évidente,0.4707,0.4853
9072,vivez,0.4707,0.4913
9073,profit,0.4707,0.4450
9074,perdoit,0.4706,0.5187
9075,procuré,0.4706,0.4628
9076,compétence,0.4706,0.5336
9077,question,0.4706,0.4399
9078,expliquées,0.4706,0.4888
9079,filet,0.4706,0.5435
9080,honte,0.4705,0.3783
9081,fines,0.4705,0.3938
9082,juger,0.4705,0.5205
9083,anima,0.4704,0.4709
9084,espéces,0.4704,0.3881
9085,natura,0.4704,0.3994
9086,ubi,0.4704,0.4746
9087,comté,0.4703,0.3895
9088,domicile,0.4703,0.3797
9089,tuoient,0.4703,0.5049
9090,prouvée,0.4703,0.4999
9091,coupables,0.4703,0.3703
9092,ordonne,0.4702,0.4864
9093,n'empêche,0.4701,0.5302
9094,excellentes,0.4701,0.4055
9095,disposer,0.4701,0.4828
9096,battu,0.4701,0.4874
9097,portes,0.4701,0.4440
9098,infortunée,0.4701,0.3604
9099,soutiens,0.4701,0.4381
9100,remercia,0.4700,0.4734
9101,choisis,0.4700,0.3872
9102,délicieux,0.4700,0.3783
9103,cùm,0.4700,0.4236
9104,manche,0.4699,0.4287
9105,priver,0.4699,0.4666
9106,sincérité,0.4699,0.4506
9107,cceur,0.4699,0.4479
9108,courez,0.4698,0.4373
9109,frappa,0.4698,0.5378
9110,l'amiral,0.4698,0.5682
9111,entendez,0.4698,0.4915
9112,holland,0.4697,0.5581
9113,fierté,0.4697,0.4054
9114,that,0.4696,0.4142
9115,factum,0.4696,0.4068
9116,prieur,0.4696,0.4442
9117,messe,0.4696,0.5169
9118,appellées,0.4696,0.3993
9119,marquer,0.4696,0.4437
9120,parentes,0.4695,0.7090
9121,admirer,0.4695,0.4712
9122,rencontre,0.4695,0.5681
9123,astre,0.4694,0.4394
9124,meres,0.4694,0.5139
9125,danois,0.4693,0.5032
9126,bâtimens,0.4693,0.4531
9127,voir,0.4693,0.4856
9128,tailleur,0.4693,0.5719
9129,horace,0.4693,0.4470
9130,pauvres,0.4692,0.5110
9131,l'article,0.4692,0.3788
9132,l'extrémité,0.4692,0.4059
9133,pourvû,0.4692,0.3802
9134,deuxieme,0.4692,0.4001
9135,edition,0.4691,0.4706
9136,loi,0.4691,0.3202
9137,quibus,0.4691,0.4368
9138,ruses,0.4691,0.3938
9139,huic,0.4691,0.3964
9140,batterie,0.4690,0.4870
9141,gouvernail,0.4690,0.4790
9142,maximes,0.4689,0.4209
9143,notions,0.4689,0.3857
9144,d'elles,0.4689,0.4600
9145,maladie,0.4688,0.3586
9146,courbe,0.4688,0.4652
9147,domaines,0.4687,0.3970
9148,quos,0.4687,0.4051
9149,sacs,0.4687,0.4471
9150,aces,0.4687,0.5020
9151,sommeil,0.4687,0.5270
9152,présentant,0.4687,0.4248
9153,arma,0.4686,0.4428
9154,l'asie,0.4686,0.4463
9155,fairc,0.4686,0.4986
9156,leur,0.4685,0.3355
9157,domino,0.4685,0.5360
9158,prouver,0.4684,0.4747
9159,vertus,0.4684,0.4749
9160,âmes,0.4683,0.3656
9161,hoirs,0.4683,0.4810
9162,eli,0.4683,0.3949
9163,animer,0.4683,0.4690
9164,divisions,0.4683,0.3834
9165,multiplient,0.4683,0.4108
9166,maltraité,0.4682,0.5557
9167,officier,0.4682,0.5056
9168,cacha,0.4682,0.5273
9169,patria,0.4681,0.3663
9170,formoient,0.4681,0.3343
9171,étoiles,0.4681,0.3972
9172,dangers,0.4681,0.5421
9173,europe,0.4681,0.4606
9174,délicat,0.4680,0.4862
9175,supplices,0.4680,0.4096
9176,noeuds,0.4680,0.5289
9177,marchoient,0.4680,0.4407
9178,petites,0.4680,0.5131
9179,parfum,0.4680,0.4453
9180,injustice,0.4680,0.3391
9181,vierge,0.4680,0.4483
9182,vill,0.4680,0.4858
9183,c'a,0.4679,0.4208
9184,menaces,0.4678,0.3349
9185,expliquez,0.4678,0.4779
9186,enlever,0.4678,0.4624
9187,fibi,0.4678,0.3722
9188,recherches,0.4678,0.4248
9189,métaux,0.4677,0.3614
9190,portrait,0.4677,0.4374
9191,intendans,0.4677,0.3892
9192,manquoit,0.4676,0.5062
9193,continué,0.4676,0.5100
9194,confond,0.4676,0.5408
9195,paul,0.4676,0.5097
9196,d'amsterdam,0.4675,0.4368
9197,l'antiquité,0.4675,0.4931
9198,condamnée,0.4675,0.3797
9199,cornes,0.4675,0.4253
9200,sçais,0.4674,0.3222
9201,placées,0.4674,0.3649
9202,soumettre,0.4674,0.3686
9203,avis,0.4674,0.4878
9204,décharge,0.4674,0.4456
9205,bâtiment,0.4674,0.4815
9206,pressa,0.4674,0.4454
9207,exprimées,0.4673,0.4756
9208,renfermée,0.4673,0.4278
9209,colonie,0.4673,0.4790
9210,affliction,0.4672,0.4672
9211,clermont,0.4671,0.3953
9212,avertis,0.4671,0.3741
9213,lignes,0.4670,0.4589
9214,merveilles,0.4669,0.5146
9215,tente,0.4669,0.4469
9216,demoiselle,0.4669,0.3825
9217,claire,0.4669,0.4393
9218,camp,0.4668,0.5257
9219,transporte,0.4667,0.4978
9220,nuées,0.4667,0.5610
9221,gestes,0.4667,0.4284
9222,bannir,0.4667,0.4212
9223,maires,0.4666,0.4873
9224,affligée,0.4666,0.5324
9225,senat,0.4665,0.4485
9226,belli,0.4665,0.4288
9227,climats,0.4665,0.4733
9228,trompez,0.4664,0.3078
9229,jugé,0.4664,0.4702
9230,contenus,0.4664,0.4451
9231,rendus,0.4664,0.3236
9232,conversation,0.4664,0.4620
9233,richard,0.4663,0.4973
9234,his,0.4663,0.5463
9235,retournent,0.4662,0.4986
9236,entrailles,0.4662,0.5285
9237,fatale,0.4662,0.4668
9238,reprocher,0.4661,0.3559
9239,lols,0.4661,0.4374
9240,commentateurs,0.4661,0.3800
9241,l'augmentation,0.4661,0.4306
9242,vita,0.4661,0.3933
9243,cabanes,0.4661,0.3523
9244,poulie,0.4661,0.4848
9245,paroît,0.4661,0.4785
9246,plaisant,0.4661,0.4999
9247,déclarer,0.4661,0.3563
9248,poing,0.4660,0.5259
9249,contrée,0.4660,0.3913
9250,angles,0.4660,0.4853
9251,appuyé,0.4660,0.4828
9252,nous,0.4660,0.5936
9253,rafraîchir,0.4660,0.5711
9254,manuscrit,0.4660,0.4888
9255,entraîne,0.4660,0.4448
9256,excitent,0.4659,0.4182
9257,pendu,0.4659,0.4650
9258,compagnons,0.4659,0.4178
9259,jouer,0.4658,0.5636
9260,promptitude,0.4657,0.4187
9261,cerfs,0.4657,0.3818
9262,vicaires,0.4657,0.5146
9263,créatures,0.4657,0.4889
9264,he,0.4656,0.4528
9265,ses,0.4656,0.3441
9266,désir,0.4655,0.4085
9267,puissance,0.4655,0.3734
9268,clodius,0.4655,0.4937
9269,vapeurs,0.4655,0.3742
9270,bal,0.4654,0.4277
9271,appas,0.4654,0.4604
9272,utile,0.4654,0.4739
9273,bordure,0.4654,0.4155
9274,quintal,0.4653,0.4635
9275,grenier,0.4653,0.4654
9276,orientale,0.4652,0.4494
9277,durs,0.4652,0.4471
9278,fontaines,0.4651,0.5366
9279,revendre,0.4651,0.4759
9280,regret,0.4651,0.5041
9281,satyre,0.4651,0.4746
9282,demain,0.4651,0.5663
9283,vaincu,0.4651,0.4123
9284,imposition,0.4651,0.5129
9285,éprouver,0.4651,0.5181
9286,roi,0.4650,0.3063
9287,calomnies,0.4650,0.3509
9288,d'accepter,0.4649,0.3864
9289,hardes,0.4649,0.4734
9290,prélat,0.4649,0.5197
9291,maritimes,0.4648,0.4051
9292,iles,0.4647,0.3638
9293,mince,0.4647,0.4170
9294,trouble,0.4647,0.3961
9295,parla,0.4646,0.5144
9296,instamment,0.4645,0.5081
9297,country,0.4645,0.2297
9298,l'age,0.4645,0.5005
9299,crût,0.4645,0.4431
9300,tempête,0.4645,0.4508
9301,meaux,0.4645,0.4612
9302,has,0.4645,0.3664
9303,cujus,0.4645,0.3677
9304,nostra,0.4644,0.4026
9305,ressentiment,0.4644,0.3584
9306,ordonnances,0.4644,0.3992
9307,suivis,0.4643,0.4067
9308,imprimée,0.4643,0.5213
9309,approuvé,0.4643,0.4489
9310,échappé,0.4643,0.3319
9311,cntre,0.4643,0.4869
9312,quitter,0.4642,0.4890
9313,roche,0.4641,0.4698
9314,hic,0.4640,0.4387
9315,courts,0.4640,0.4068
9316,concil,0.4638,0.3589
9317,d'icelle,0.4638,0.3888
9318,l'amirauté,0.4637,0.5384
9319,poix,0.4636,0.5057
9320,vivoit,0.4636,0.4914
9321,lignifie,0.4636,0.3670
9322,entrerent,0.4635,0.4185
9323,naturel,0.4635,0.4322
9324,détruit,0.4634,0.3976
9325,exception,0.4634,0.4302
9326,ruines,0.4633,0.5295
9327,sua,0.4633,0.4659
9328,châtelet,0.4633,0.4923
9329,causer,0.4633,0.4449
9330,dura,0.4632,0.4974
9331,scélérat,0.4632,0.3853
9332,marius,0.4632,0.3432
9333,their,0.4632,0.3265
9334,habit,0.4631,0.3344
9335,lera,0.4631,0.3866
9336,rétablie,0.4631,0.4866
9337,cabane,0.4630,0.4997
9338,articles,0.4630,0.4954
9339,epoux,0.4630,0.4159
9340,coquille,0.4630,0.4674
9341,demi,0.4629,0.4432
9342,paraissait,0.4629,0.4846
9343,d'anvers,0.4629,0.4431
9344,défenses,0.4629,0.6955
9345,d'impatience,0.4628,0.4772
9346,mari,0.4628,0.4192
9347,miséricorde,0.4627,0.5483
9348,fuerit,0.4627,0.3591
9349,fignification,0.4627,0.3812
9350,stile,0.4626,0.5415
9351,portion,0.4626,0.4505
9352,interest,0.4626,0.3056
9353,roues,0.4625,0.4292
9354,lame,0.4625,0.4287
9355,ecrit,0.4624,0.5335
9356,comparer,0.4624,0.5197
9357,savant,0.4623,0.4305
9358,debent,0.4622,0.3329
9359,attaqué,0.4622,0.4599
9360,nud,0.4622,0.4766
9361,fortune,0.4622,0.3756
9362,lorraine,0.4622,0.4640
9363,cela,0.4622,0.3666
9364,cuisse,0.4622,0.3756
9365,caves,0.4621,0.4344
9366,murailles,0.4621,0.4738
9367,meum,0.4621,0.3362
9368,s'attacher,0.4620,0.4168
9369,mea,0.4620,0.3943
9370,faiblesse,0.4620,0.3804
9371,conférences,0.4619,0.4033
9372,ajouta,0.4619,0.4683
9373,eil,0.4618,0.4374
9374,peres,0.4617,0.4594
9375,animée,0.4617,0.4797
9376,lettre,0.4617,0.4943
9377,controlleur,0.4616,0.4901
9378,expliquée,0.4615,0.4320
9379,ressemblent,0.4615,0.4876
9380,couvrent,0.4615,0.5040
9381,neptune,0.4615,0.3934
9382,infortuné,0.4615,0.4860
9383,contenir,0.4615,0.4985
9384,longs,0.4615,0.4365
9385,depense,0.4614,0.4631
9386,logé,0.4614,0.5246
9387,pierres,0.4614,0.4700
9388,expédient,0.4614,0.4782
9389,offert,0.4614,0.4105
9390,aions,0.4614,0.4846
9391,l'armée,0.4614,0.4290
9392,voyages,0.4613,0.5263
9393,francs,0.4612,0.5410
9394,conservée,0.4612,0.4054
9395,modeste,0.4611,0.5377
9396,imprimées,0.4611,0.5535
9397,regardons,0.4611,0.4941
9398,valence,0.4608,0.4925
9399,froid,0.4608,0.5329
9400,entretenir,0.4606,0.5241
9401,gs,0.4606,0.5212
9402,tablettes,0.4606,0.3886
9403,l'occasion,0.4606,0.4627
9404,bouclier,0.4605,0.4784
9405,attributs,0.4604,0.4632
9406,considence,0.4604,0.4509
9407,madame,0.4604,0.4536
9408,provision,0.4604,0.4054
9409,l'endroit,0.4603,0.4222
9410,travailloit,0.4603,0.4679
9411,jouir,0.4603,0.3975
9412,renard,0.4602,0.4514
9413,queue,0.4602,0.4540
9414,couronnement,0.4602,0.4713
9415,chiens,0.4602,0.3661
9416,élevées,0.4602,0.3396
9417,ces,0.4601,0.3266
9418,fabius,0.4601,0.4302
9419,titres,0.4601,0.4562
9420,complimens,0.4601,0.3665
9421,avisé,0.4601,0.4391
9422,aliud,0.4599,0.3838
9423,respects,0.4599,0.4246
9424,consentir,0.4599,0.5102
9425,socrate,0.4598,0.5531
9426,s'accordent,0.4598,0.4179
9427,élu,0.4598,0.3804
9428,empêcher,0.4597,0.4835
9429,vivres,0.4597,0.4956
9430,négociant,0.4597,0.3782
9431,besoins,0.4596,0.5344
9432,retirer,0.4596,0.4465
9433,brave,0.4596,0.4311
9434,colonnes,0.4595,0.4554
9435,l'attaquer,0.4595,0.4710
9436,vainqueur,0.4595,0.4378
9437,demandons,0.4595,0.4375
9438,accepté,0.4594,0.4526
9439,engager,0.4594,0.4413
9440,milles,0.4593,0.3686
9441,écrire,0.4593,0.4203
9442,invention,0.4592,0.3539
9443,enfermé,0.4591,0.4028
9444,mien,0.4591,0.3758
9445,portait,0.4590,0.4733
9446,dangereuse,0.4590,0.3878
9447,situées,0.4589,0.3562
9448,pistoles,0.4589,0.4028
9449,ioo,0.4589,0.4616
9450,bâtards,0.4589,0.5527
9451,demander,0.4589,0.4020
9452,plaint,0.4588,0.3739
9453,sucs,0.4588,0.4553
9454,instruit,0.4588,0.4766
9455,nul,0.4588,0.4160
9456,entr'autres,0.4588,0.4312
9457,viii,0.4587,0.4691
9458,conséquence,0.4587,0.4459
9459,cruels,0.4587,0.4395
9460,souffrez,0.4587,0.4831
9461,pertes,0.4587,0.5110
9462,d'ailleurs,0.4587,0.4466
9463,avoic,0.4586,0.4018
9464,inspire,0.4586,0.3649
9465,rejettent,0.4585,0.4996
9466,rejoindre,0.4585,0.4372
9467,haïr,0.4585,0.4003
9468,satisfaction,0.4585,0.5113
9469,tumulte,0.4584,0.3508
9470,jeunes,0.4583,0.4640
9471,garnir,0.4583,0.5001
9472,défaire,0.4582,0.4659
9473,rayon,0.4582,0.4279
9474,conseil,0.4582,0.3614
9475,sieur,0.4581,0.4491
9476,éclater,0.4581,0.4406
9477,jeux,0.4581,0.4850
9478,puissans,0.4581,0.4980
9479,brûle,0.4581,0.3680
9480,potuit,0.4581,0.2999
9481,plaintes,0.4581,0.3386
9482,illos,0.4581,0.2977
9483,natif,0.4581,0.3861
9484,diminuée,0.4580,0.4411
9485,prévaloir,0.4580,0.4764
9486,pilote,0.4580,0.5016
9487,constantin,0.4580,0.4947
9488,aillent,0.4580,0.4841
9489,aliter,0.4579,0.3215
9490,illius,0.4579,0.3255
9491,entretiens,0.4579,0.4357
9492,l'entrée,0.4579,0.5040
9493,anneau,0.4579,0.4230
9494,buis,0.4578,0.4607
9495,meis,0.4576,0.3681
9496,contentement,0.4576,0.4355
9497,cave,0.4575,0.5385
9498,douaire,0.4575,0.5012
9499,reçoit,0.4575,0.4920
9500,éclaircissement,0.4575,0.4895
9501,froids,0.4575,0.4190
9502,testamens,0.4574,0.5092
9503,sommet,0.4574,0.4923
9504,catalogne,0.4574,0.4714
9505,délivrer,0.4573,0.4720
9506,volumus,0.4573,0.3748
9507,home,0.4573,0.6379
9508,incertitude,0.4573,0.3553
9509,passer,0.4572,0.3940
9510,remplissent,0.4572,0.3509
9511,procéder,0.4572,0.3585
9512,belles,0.4571,0.4889
9513,panier,0.4571,0.4425
9514,témoins,0.4571,0.4223
9515,déesse,0.4570,0.4493
9516,personnage,0.4570,0.5034
9517,berger,0.4570,0.4769
9518,foires,0.4569,0.4302
9519,accidens,0.4569,0.4220
9520,spectacles,0.4569,0.4276
9521,l'appelle,0.4569,0.5312
9522,harangues,0.4568,0.5113
9523,d'aller,0.4568,0.4779
9524,dominique,0.4568,0.5813
9525,jardins,0.4567,0.3942
9526,académie,0.4567,0.4397
9527,accuse,0.4567,0.3933
9528,dictateur,0.4567,0.4190
9529,videre,0.4567,0.4417
9530,sculpture,0.4566,0.4317
9531,descendu,0.4566,0.4950
9532,chaudes,0.4566,0.4182
9533,grains,0.4565,0.5310
9534,séparées,0.4565,0.4007
9535,loup,0.4565,0.3828
9536,ef,0.4565,0.3802
9537,mêlez,0.4565,0.4095
9538,vermillon,0.4564,0.4919
9539,éprouvé,0.4564,0.4403
9540,répandit,0.4564,0.3865
9541,coupent,0.4563,0.4451
9542,nomination,0.4563,0.4693
9543,demandent,0.4563,0.4431
9544,trouver,0.4563,0.4032
9545,approuvée,0.4563,0.4283
9546,agitation,0.4562,0.3296
9547,tanquam,0.4562,0.3065
9548,simplicité,0.4562,0.3906
9549,cs,0.4561,0.4142
9550,flandre,0.4561,0.3910
9551,répons,0.4561,0.3549
9552,soutient,0.4561,0.4011
9553,domum,0.4561,0.3486
9554,arc,0.4561,0.3835
9555,achevée,0.4560,0.4402
9556,parjure,0.4560,0.3878
9557,placé,0.4560,0.4646
9558,sud,0.4559,0.3872
9559,poursuites,0.4559,0.4322
9560,arlequin,0.4558,0.4383
9561,eau,0.4558,0.4524
9562,appartenans,0.4558,0.5529
9563,répand,0.4558,0.3440
9564,parbleu,0.4557,0.4074
9565,bray,0.4557,0.5544
9566,l'épouser,0.4556,0.5217
9567,her,0.4556,0.4736
9568,obstacles,0.4555,0.5062
9569,raisonnable,0.4554,0.3706
9570,célébre,0.4554,0.4022
9571,apologie,0.4554,0.3756
9572,de,0.4554,0.3191
9573,quoique,0.4553,0.4585
9574,êre,0.4552,0.3521
9575,mâle,0.4552,0.5217
9576,déplaisir,0.4552,0.4681
9577,employée,0.4552,0.3815
9578,agrémens,0.4552,0.4714
9579,coquin,0.4551,0.4482
9580,villages,0.4551,0.3821
9581,bonjour,0.4551,0.4964
9582,embarquer,0.4550,0.5324
9583,d'apprendre,0.4550,0.5140
9584,cendres,0.4550,0.4105
9585,plaignoit,0.4549,0.3838
9586,ferveur,0.4549,0.5057
9587,reçus,0.4548,0.3617
9588,entendue,0.4548,0.5009
9589,soldat,0.4548,0.4900
9590,portugal,0.4548,0.4556
9591,tomba,0.4547,0.4413
9592,tremper,0.4547,0.4509
9593,assemblage,0.4547,0.4075
9594,variété,0.4547,0.4426
9595,fatal,0.4547,0.4560
9596,l'adjudication,0.4546,0.4462
9597,manus,0.4546,0.3471
9598,s'attache,0.4546,0.3707
9599,apprenez,0.4546,0.4242
9600,approché,0.4545,0.4562
9601,acquisition,0.4545,0.3806
9602,informée,0.4545,0.4699
9603,laissant,0.4545,0.4004
9604,colleges,0.4544,0.4076
9605,cérémonies,0.4544,0.4784
9606,guere,0.4543,0.3899
9607,du,0.4543,0.3055
9608,refus,0.4543,0.3668
9609,semer,0.4543,0.4496
9610,mineur,0.4543,0.4570
9611,imaginer,0.4542,0.4209
9612,conclure,0.4542,0.4634
9613,renverse,0.4542,0.3970
9614,liaisons,0.4541,0.4818
9615,thou,0.4541,0.5627
9616,satisfaite,0.4541,0.4565
9617,espérance,0.4540,0.3990
9618,propter,0.4540,0.3997
9619,recettes,0.4540,0.4731
9620,vierges,0.4540,0.4702
9621,bienfaits,0.4540,0.4022
9622,perc,0.4540,0.4566
9623,clause,0.4539,0.4598
9624,large,0.4538,0.4382
9625,honneur,0.4538,0.4148
9626,onr,0.4538,0.3664
9627,hominem,0.4538,0.3402
9628,cloud,0.4537,0.4380
9629,sine,0.4537,0.4469
9630,tuent,0.4537,0.4250
9631,allume,0.4536,0.4398
9632,plaisante,0.4536,0.4860
9633,suivi,0.4536,0.4813
9634,chargée,0.4535,0.4032
9635,souvient,0.4535,0.3584
9636,paris,0.4534,0.4836
9637,conclus,0.4534,0.3600
9638,payables,0.4534,0.4383
9639,augmenter,0.4534,0.3802
9640,dépouille,0.4533,0.4404
9641,archives,0.4533,0.4417
9642,forets,0.4533,0.4534
9643,cardinaux,0.4532,0.4409
9644,lampe,0.4532,0.4946
9645,captifs,0.4532,0.4922
9646,gallicane,0.4531,0.6006
9647,paroisses,0.4531,0.3456
9648,enseigne,0.4530,0.4332
9649,n'oublia,0.4530,0.5269
9650,foixante,0.4529,0.4932
9651,mortelle,0.4529,0.4756
9652,tombeaux,0.4529,0.4675
9653,croupe,0.4528,0.4881
9654,statuts,0.4528,0.4220
9655,supra,0.4528,0.4720
9656,cherche,0.4528,0.4836
9657,ventes,0.4528,0.5856
9658,études,0.4527,0.3468
9659,apperçoit,0.4527,0.2845
9660,préparatifs,0.4526,0.3872
9661,bacchus,0.4526,0.4724
9662,petite,0.4526,0.4847
9663,rendent,0.4525,0.4594
9664,productions,0.4524,0.3502
9665,craignit,0.4524,0.3475
9666,incroyable,0.4524,0.4758
9667,bonnes,0.4524,0.4768
9668,multa,0.4524,0.3615
9669,vez,0.4524,0.3867
9670,jouiront,0.4523,0.3772
9671,denis,0.4523,0.5242
9672,douzaine,0.4523,0.4775
9673,tiennent,0.4523,0.4531
9674,abandonne,0.4522,0.4000
9675,menton,0.4522,0.4953
9676,pense,0.4521,0.4086
9677,convenoit,0.4521,0.3846
9678,exprimée,0.4521,0.4677
9679,l'image,0.4521,0.4071
9680,remises,0.4521,0.3889
9681,spirituels,0.4520,0.5304
9682,demeurer,0.4520,0.5194
9683,homo,0.4520,0.3817
9684,chambre,0.4520,0.5129
9685,moque,0.4520,0.3976
9686,superficie,0.4520,0.3348
9687,laine,0.4519,0.4251
9688,l'amitié,0.4519,0.4548
9689,sienne,0.4519,0.4432
9690,concilier,0.4519,0.4341
9691,meurtres,0.4518,0.4892
9692,grandeur,0.4517,0.4848
9693,reviens,0.4517,0.4361
9694,gueule,0.4517,0.4332
9695,expédier,0.4517,0.5222
9696,nid,0.4516,0.4211
9697,larmes,0.4516,0.4956
9698,détermina,0.4515,0.4228
9699,notes,0.4515,0.4302
9700,itaque,0.4515,0.3594
9701,attaché,0.4515,0.4725
9702,greniers,0.4514,0.4497
9703,vocation,0.4514,0.4890
9704,cession,0.4514,0.4634
9705,destinées,0.4514,0.4248
9706,convenables,0.4513,0.5493
9707,froide,0.4513,0.3969
9708,right,0.4513,0.3911
9709,monarque,0.4512,0.3929
9710,lecteur,0.4512,0.3661
9711,chacune,0.4511,0.4477
9712,condamne,0.4511,0.3842
9713,jugement,0.4510,0.4902
9714,observera,0.4510,0.3723
9715,solum,0.4510,0.3272
9716,vives,0.4510,0.4831
9717,j'entends,0.4509,0.3887
9718,satisfait,0.4509,0.4838
9719,échappe,0.4508,0.4333
9720,d'obéir,0.4508,0.4109
9721,mourra,0.4508,0.4443
9722,grandes,0.4508,0.4670
9723,about,0.4508,0.4083
9724,trouvant,0.4508,0.4452
9725,combattu,0.4507,0.3460
9726,vaincre,0.4507,0.4434
9727,permettra,0.4506,0.4831
9728,souhaitoit,0.4506,0.4185
9729,cordages,0.4506,0.4080
9730,couroit,0.4506,0.4777
9731,s'étonner,0.4505,0.5204
9732,prirent,0.4504,0.4603
9733,autorité,0.4504,0.3312
9734,amor,0.4504,0.3642
9735,sentons,0.4504,0.3912
9736,igitur,0.4504,0.3683
9737,précédente,0.4504,0.4432
9738,console,0.4504,0.4224
9739,than,0.4504,0.3814
9740,situation,0.4504,0.3490
9741,s'abandonne,0.4504,0.4234
9742,obligea,0.4503,0.4182
9743,composée,0.4503,0.4597
9744,pasteurs,0.4503,0.4869
9745,l'écorce,0.4503,0.4594
9746,vainqueurs,0.4503,0.3960
9747,suivez,0.4503,0.4381
9748,nourriture,0.4502,0.4502
9749,aurez,0.4502,0.3787
9750,nature,0.4502,0.4691
9751,craintes,0.4502,0.3446
9752,résister,0.4502,0.3517
9753,chêne,0.4502,0.4531
9754,renonce,0.4501,0.3803
9755,exprimer,0.4501,0.4388
9756,saints,0.4501,0.4950
9757,conservé,0.4501,0.5205
9758,d'entrer,0.4500,0.4682
9759,locis,0.4500,0.3914
9760,exécution,0.4499,0.4676
9761,évité,0.4499,0.4458
9762,payer,0.4499,0.3345
9763,cultive,0.4499,0.5237
9764,canaux,0.4499,0.4388
9765,regardée,0.4498,0.4076
9766,bestiaux,0.4497,0.4351
9767,successeur,0.4497,0.4696
9768,colline,0.4497,0.4183
9769,jugemens,0.4497,0.4081
9770,ayeul,0.4497,0.4161
9771,eodem,0.4496,0.4184
9772,magasin,0.4496,0.4189
9773,quoiqu'on,0.4495,0.4540
9774,bottes,0.4495,0.4151
9775,aliquo,0.4494,0.3863
9776,menace,0.4494,0.3701
9777,haine,0.4494,0.4066
9778,observées,0.4494,0.4427
9779,renoncé,0.4494,0.4231
9780,puissante,0.4494,0.3895
9781,greffier,0.4494,0.4277
9782,c'cst,0.4493,0.4812
9783,champs,0.4493,0.4606
9784,permettez,0.4493,0.4521
9785,composé,0.4492,0.4028
9786,monde,0.4492,0.3943
9787,gouverneur,0.4491,0.4045
9788,mépris,0.4491,0.4366
9789,couronner,0.4491,0.4299
9790,pigeon,0.4490,0.4772
9791,charmer,0.4490,0.4434
9792,attaquent,0.4490,0.3917
9793,vastes,0.4490,0.4729
9794,essentielle,0.4489,0.3744
9795,passoient,0.4488,0.3619
9796,aliquid,0.4488,0.3612
9797,volontés,0.4488,0.4539
9798,voila,0.4488,0.4498
9799,fontaine,0.4487,0.4629
9800,chambellan,0.4487,0.3784
9801,punir,0.4487,0.3821
9802,clles,0.4487,0.4472
9803,récolte,0.4487,0.4032
9804,syndics,0.4486,0.3910
9805,quarrée,0.4486,0.3883
9806,sors,0.4486,0.3979
9807,même,0.4486,0.4163
9808,cordon,0.4486,0.4416
9809,enchanté,0.4486,0.5342
9810,renoncer,0.4485,0.3614
9811,amis,0.4485,0.3802
9812,serviront,0.4485,0.4026
9813,éloigner,0.4485,0.4050
9814,suivoient,0.4484,0.3820
9815,entretient,0.4484,0.4069
9816,clercs,0.4484,0.4193
9817,pilotes,0.4484,0.4691
9818,distinguer,0.4483,0.4461
9819,indifférence,0.4483,0.4756
9820,strasbourg,0.4483,0.4620
9821,diametre,0.4483,0.3949
9822,relevent,0.4483,0.4620
9823,viendroit,0.4483,0.4684
9824,ligue,0.4483,0.3837
9825,fatigues,0.4482,0.3982
9826,fondent,0.4482,0.4383
9827,promenade,0.4481,0.4643
9828,tâcher,0.4480,0.5275
9829,caton,0.4480,0.4450
9830,capitole,0.4478,0.4498
9831,nettoyer,0.4478,0.4235
9832,vobis,0.4478,0.3818
9833,légitime,0.4478,0.3641
9834,prodigieuse,0.4477,0.4561
9835,découvrir,0.4477,0.4765
9836,mêlées,0.4477,0.4045
9837,troublent,0.4477,0.4282
9838,to,0.4476,0.5410
9839,bataille,0.4476,0.5004
9840,ronds,0.4476,0.4198
9841,habile,0.4476,0.4763
9842,diminuer,0.4476,0.4101
9843,abbaye,0.4475,0.4539
9844,citadelle,0.4475,0.3937
9845,religion,0.4475,0.4859
9846,possible,0.4475,0.3910
9847,persuader,0.4474,0.4552
9848,précautions,0.4474,0.3401
9849,science,0.4474,0.4147
9850,pratiques,0.4473,0.3230
9851,infini,0.4471,0.4681
9852,matins,0.4470,0.4890
9853,works,0.4470,0.4861
9854,alléguer,0.4469,0.3700
9855,cachent,0.4469,0.4425
9856,cependant,0.4468,0.4328
9857,sien,0.4468,0.4081
9858,roseaux,0.4468,0.3598
9859,cét,0.4468,0.2758
9860,prêts,0.4467,0.4940
9861,impose,0.4467,0.3720
9862,ainé,0.4467,0.4098
9863,sexe,0.4467,0.3678
9864,audiences,0.4466,0.4115
9865,démons,0.4465,0.4810
9866,apprend,0.4465,0.4878
9867,noires,0.4465,0.3998
9868,abraham,0.4465,0.5016
9869,plûpart,0.4465,0.3907
9870,année,0.4465,0.4866
9871,richement,0.4464,0.5531
9872,reins,0.4464,0.5281
9873,commandemens,0.4464,0.5094
9874,manoeuvre,0.4463,0.3925
9875,corde,0.4463,0.4462
9876,finir,0.4462,0.5383
9877,acteurs,0.4462,0.4428
9878,ennuis,0.4462,0.4769
9879,édition,0.4462,0.3733
9880,bonheur,0.4461,0.4590
9881,présence,0.4461,0.4078
9882,remords,0.4461,0.3806
9883,héritage,0.4461,0.3363
9884,voyons,0.4460,0.4317
9885,tuer,0.4460,0.4398
9886,rigueurs,0.4460,0.3427
9887,finie,0.4460,0.4485
9888,leve,0.4460,0.4307
9889,la,0.4459,0.3106
9890,immédiatement,0.4459,0.4645
9891,d'auvergne,0.4459,0.5513
9892,vendeurs,0.4459,0.6110
9893,composoient,0.4459,0.4832
9894,envoyer,0.4458,0.4597
9895,combats,0.4458,0.3596
9896,demeura,0.4458,0.4637
9897,blois,0.4458,0.5259
9898,comes,0.4457,0.4550
9899,transporté,0.4457,0.4520
9900,bronze,0.4457,0.4086
9901,grégoire,0.4457,0.3823
9902,commencée,0.4457,0.5248
9903,régne,0.4456,0.3121
9904,plaignit,0.4456,0.3497
9905,servant,0.4456,0.4240
9906,augustin,0.4455,0.4529
9907,tronc,0.4454,0.4584
9908,occupation,0.4454,0.3639
9909,branches,0.4454,0.4128
9910,differente,0.4453,0.4673
9911,l'amour,0.4453,0.3767
9912,troubler,0.4453,0.4053
9913,bain,0.4453,0.4066
9914,derniers,0.4452,0.4727
9915,légat,0.4451,0.5046
9916,verte,0.4451,0.5216
9917,rené,0.4451,0.4565
9918,l'évêque,0.4450,0.4183
9919,violente,0.4450,0.4565
9920,bologne,0.4449,0.4419
9921,greffe,0.4448,0.4404
9922,maris,0.4448,0.4840
9923,cria,0.4448,0.4989
9924,emportement,0.4447,0.4291
9925,prient,0.4446,0.5111
9926,commentaires,0.4446,0.4484
9927,rhin,0.4446,0.4085
9928,plaisanterie,0.4445,0.4124
9929,laissa,0.4445,0.3836
9930,concile,0.4445,0.4568
9931,comédie,0.4445,0.4462
9932,plaisirs,0.4445,0.5392
9933,préface,0.4445,0.3512
9934,quart,0.4444,0.4196
9935,eadem,0.4443,0.3803
9936,arrivera,0.4443,0.4163
9937,ordre,0.4443,0.4224
9938,conjointement,0.4443,0.4875
9939,délicats,0.4443,0.4704
9940,sentis,0.4443,0.3373
9941,l'épaisseur,0.4442,0.5363
9942,rue,0.4442,0.4465
9943,certaine,0.4442,0.4852
9944,concernent,0.4442,0.3573
9945,d'eau,0.4442,0.4199
9946,certaines,0.4442,0.4441
9947,fermeté,0.4441,0.3793
9948,produisent,0.4440,0.4201
9949,animaux,0.4440,0.4155
9950,coupé,0.4440,0.3971
9951,prononce,0.4440,0.4968
9952,jeune,0.4440,0.5260
9953,celle,0.4439,0.4546
9954,règlement,0.4439,0.4146
9955,demandera,0.4439,0.3679
9956,l'humidité,0.4439,0.4415
9957,chauffer,0.4439,0.4250
9958,croie,0.4439,0.3493
9959,flamme,0.4438,0.3510
9960,statue,0.4438,0.4601
9961,remédier,0.4438,0.4912
9962,revenoit,0.4438,0.5379
9963,étendu,0.4438,0.4130
9964,contribue,0.4438,0.4637
9965,honnêtes,0.4437,0.4232
9966,jambe,0.4437,0.4234
9967,ambassade,0.4436,0.5161
9968,prérogatives,0.4436,0.4248
9969,organes,0.4436,0.4425
9970,d'unc,0.4436,0.5618
9971,convaincre,0.4436,0.4089
9972,dessus,0.4434,0.4907
9973,s'apperçoit,0.4434,0.3182
9974,confitures,0.4433,0.4123
9975,poëme,0.4433,0.4032
9976,personnelles,0.4433,0.4765
9977,philippe,0.4433,0.5337
9978,déclarations,0.4432,0.4361
9979,régle,0.4432,0.3910
9980,recevoient,0.4432,0.3199
9981,étoffe,0.4432,0.4183
9982,commencent,0.4432,0.4019
9983,s'étend,0.4431,0.3937
9984,sortifications,0.4431,0.3845
9985,pensent,0.4431,0.3663
9986,présenté,0.4430,0.4542
9987,reine,0.4430,0.4398
9988,écuyer,0.4430,0.4349
9989,attendoit,0.4429,0.4959
9990,réputation,0.4429,0.4140
9991,bailli,0.4429,0.4329
9992,familiarité,0.4429,0.4408
9993,éclaire,0.4428,0.4021
9994,chauds,0.4428,0.5128
9995,admiration,0.4428,0.5715
9996,permet,0.4426,0.4137
9997,poura,0.4426,0.4104
9998,attachez,0.4425,0.5599
9999,augmentée,0.4424,0.4654
10000,attirer,0.4424,0.3563
10001,bibliotheque,0.4424,0.3716
10002,appliquer,0.4424,0.4538
10003,poitiers,0.4424,0.4490
10004,genoux,0.4424,0.4355
10005,nomen,0.4423,0.3886
10006,aune,0.4423,0.4562
10007,imagination,0.4423,0.4761
10008,fidele,0.4423,0.5259
10009,paraître,0.4422,0.3365
10010,flancs,0.4422,0.4260
10011,conversations,0.4422,0.4570
10012,envoyent,0.4422,0.3274
10013,renvoya,0.4421,0.4216
10014,accourut,0.4421,0.4739
10015,emploi,0.4421,0.4146
10016,négligé,0.4420,0.4685
10017,voies,0.4420,0.4025
10018,violences,0.4420,0.3500
10019,vérité,0.4420,0.4601
10020,donation,0.4420,0.4204
10021,autour,0.4419,0.4846
10022,avoir,0.4419,0.4076
10023,surnom,0.4419,0.3572
10024,envoie,0.4419,0.3812
10025,charger,0.4418,0.3944
10026,netteté,0.4418,0.3935
10027,entrant,0.4418,0.4977
10028,avertit,0.4418,0.3685
10029,si,0.4418,0.3890
10030,générales,0.4417,0.4534
10031,surface,0.4417,0.3213
10032,gomme,0.4417,0.4093
10033,banque,0.4416,0.5005
10034,tète,0.4416,0.4672
10035,fideles,0.4416,0.4894
10036,placer,0.4416,0.5061
10037,debout,0.4416,0.4750
10038,contente,0.4416,0.4428
10039,procureur,0.4416,0.4399
10040,atque,0.4416,0.4971
10041,abeilles,0.4416,0.4694
10042,c'est,0.4415,0.3790
10043,sentiments,0.4415,0.3409
10044,humblement,0.4414,0.3386
10045,pris,0.4414,0.5382
10046,crochet,0.4413,0.4073
10047,furie,0.4413,0.4796
10048,aller,0.4412,0.4203
10049,s'arrêta,0.4412,0.4533
10050,plais,0.4412,0.4085
10051,ils,0.4412,0.3323
10052,vaincus,0.4411,0.4265
10053,nos,0.4411,0.3610
10054,patriarches,0.4410,0.4952
10055,fripon,0.4409,0.3948
10056,io,0.4409,0.4093
10057,mineurs,0.4409,0.4795
10058,vendent,0.4409,0.4463
10059,violence,0.4408,0.3731
10060,tenait,0.4408,0.4680
10061,prédécesseurs,0.4408,0.3697
10062,inconvéniens,0.4407,0.4140
10063,jamais,0.4406,0.4084
10064,excellent,0.4406,0.4748
10065,catherine,0.4406,0.4258
10066,donnant,0.4406,0.4321
10067,esset,0.4405,0.4809
10068,monter,0.4404,0.4448
10069,autels,0.4404,0.3843
10070,hanc,0.4403,0.3606
10071,transporter,0.4403,0.4308
10072,difficiles,0.4403,0.4705
10073,objections,0.4402,0.4449
10074,appartenoient,0.4401,0.3484
10075,suède,0.4400,0.4831
10076,disgrâce,0.4400,0.4258
10077,parce,0.4400,0.4487
10078,sorti,0.4399,0.4644
10079,épais,0.4398,0.4299
10080,consommation,0.4398,0.4273
10081,côte,0.4397,0.3743
10082,arracher,0.4397,0.4331
10083,rentrer,0.4397,0.4595
10084,d'envoyer,0.4396,0.4271
10085,fache,0.4396,0.4773
10086,humilité,0.4396,0.5064
10087,haud,0.4396,0.3596
10088,écrivoit,0.4396,0.4161
10089,fournit,0.4395,0.4382
10090,bouteilles,0.4395,0.4213
10091,bonnet,0.4394,0.4571
10092,l'y,0.4394,0.4060
10093,ouvriers,0.4393,0.4156
10094,tonneaux,0.4392,0.5126
10095,modique,0.4392,0.3361
10096,vers,0.4391,0.4915
10097,déplaire,0.4391,0.3983
10098,détruire,0.4391,0.3925
10099,dirois,0.4391,0.2995
10100,mers,0.4390,0.4775
10101,perche,0.4390,0.4666
10102,illud,0.4390,0.3493
10103,quittent,0.4390,0.4675
10104,caisses,0.4389,0.3919
10105,contenoit,0.4388,0.4450
10106,établissement,0.4387,0.4612
10107,aisément,0.4385,0.4153
10108,regardant,0.4385,0.3693
10109,m'aimez,0.4385,0.4126
10110,permettre,0.4385,0.4439
10111,malheurs,0.4384,0.3421
10112,fecit,0.4384,0.3521
10113,jetté,0.4384,0.4256
10114,journée,0.4384,0.4616
10115,aliis,0.4383,0.4588
10116,inventions,0.4382,0.3470
10117,gloire,0.4382,0.4429
10118,inventer,0.4381,0.4291
10119,deinde,0.4381,0.3633
10120,disons,0.4380,0.4982
10121,épée,0.4380,0.4976
10122,vert,0.4380,0.5750
10123,allée,0.4380,0.4875
10124,gras,0.4378,0.3740
10125,bonis,0.4378,0.3714
10126,revenant,0.4378,0.5710
10127,contenter,0.4378,0.3617
10128,matière,0.4377,0.4128
10129,reines,0.4377,0.4453
10130,rose,0.4377,0.4648
10131,supplice,0.4376,0.4555
10132,perce,0.4376,0.4197
10133,richelieu,0.4376,0.3730
10134,gagné,0.4375,0.4100
10135,viri,0.4375,0.3601
10136,chevaliers,0.4374,0.5480
10137,secs,0.4374,0.4170
10138,aimer,0.4373,0.4047
10139,fauvé,0.4373,0.3838
10140,nôtres,0.4373,0.4060
10141,portraits,0.4372,0.4166
10142,scait,0.4371,0.3916
10143,mêlée,0.4371,0.4716
10144,victime,0.4371,0.3589
10145,apprendre,0.4371,0.3828
10146,lieues,0.4370,0.5366
10147,peuples,0.4370,0.3813
10148,écrivit,0.4370,0.4746
10149,entrent,0.4370,0.5074
10150,rendue,0.4370,0.3862
10151,curé,0.4369,0.5204
10152,serviteur,0.4369,0.4329
10153,partagé,0.4368,0.3516
10154,puissant,0.4368,0.3756
10155,obéir,0.4368,0.3330
10156,multitude,0.4367,0.4053
10157,locus,0.4367,0.3137
10158,moine,0.4367,0.4956
10159,enrichi,0.4366,0.4129
10160,tempore,0.4366,0.4108
10161,suivie,0.4366,0.4774
10162,tragédie,0.4366,0.3683
10163,germain,0.4365,0.4402
10164,attendant,0.4365,0.3981
10165,allées,0.4365,0.3349
10166,d'apollon,0.4365,0.3999
10167,digne,0.4365,0.4696
10168,directeurs,0.4365,0.4427
10169,éloquence,0.4364,0.3483
10170,intention,0.4364,0.4600
10171,pomme,0.4363,0.5506
10172,condé,0.4363,0.4721
10173,sonnes,0.4363,0.3759
10174,d'être,0.4363,0.5811
10175,siege,0.4363,0.4191
10176,intelligence,0.4363,0.4461
10177,nullum,0.4363,0.3216
10178,épaisseur,0.4362,0.4410
10179,puissances,0.4362,0.4097
10180,more,0.4362,0.5398
10181,broderie,0.4362,0.3928
10182,écus,0.4362,0.3470
10183,canons,0.4361,0.4882
10184,airs,0.4361,0.4397
10185,superbes,0.4361,0.4012
10186,passions,0.4361,0.4546
10187,sculpteurs,0.4361,0.4187
10188,mauvaises,0.4361,0.4737
10189,obtint,0.4360,0.4387
10190,l'evangile,0.4360,0.5002
10191,allumé,0.4359,0.4839
10192,taureau,0.4359,0.3702
10193,aver,0.4358,0.6129
10194,recevroit,0.4358,0.4643
10195,répandue,0.4358,0.4376
10196,ami,0.4358,0.3258
10197,cens,0.4358,0.4022
10198,comptables,0.4356,0.5002
10199,reconnu,0.4356,0.3993
10200,acquiert,0.4356,0.4145
10201,voyage,0.4355,0.4834
10202,entrepris,0.4355,0.3840
10203,puisqu'il,0.4355,0.4329
10204,edits,0.4354,0.3587
10205,frédéric,0.4354,0.6048
10206,regitre,0.4354,0.3864
10207,colonne,0.4354,0.4743
10208,avouer,0.4354,0.4488
10209,ratione,0.4353,0.4059
10210,mauvaise,0.4353,0.4270
10211,inspirer,0.4353,0.3416
10212,détachement,0.4353,0.4644
10213,camarade,0.4352,0.4283
10214,reçurent,0.4352,0.4372
10215,ecus,0.4352,0.4994
10216,écoutez,0.4352,0.3918
10217,j'allois,0.4352,0.3672
10218,siège,0.4352,0.4419
10219,nc,0.4351,0.4072
10220,couche,0.4351,0.3650
10221,rerum,0.4351,0.4029
10222,commençoit,0.4351,0.3529
10223,datte,0.4350,0.4007
10224,dcs,0.4349,0.4353
10225,quinzième,0.4349,0.4021
10226,envoyoit,0.4348,0.3703
10227,danger,0.4348,0.4375
10228,primum,0.4348,0.3363
10229,montant,0.4348,0.3862
10230,cage,0.4347,0.5652
10231,marquent,0.4347,0.4903
10232,livrer,0.4346,0.3324
10233,héritier,0.4346,0.4467
10234,prophète,0.4346,0.5131
10235,poit,0.4346,0.6184
10236,copies,0.4345,0.5170
10237,reviennent,0.4345,0.4330
10238,rembourser,0.4344,0.4194
10239,emparé,0.4344,0.4153
10240,noailles,0.4344,0.4388
10241,nombres,0.4344,0.3381
10242,humains,0.4344,0.4316
10243,bijoux,0.4344,0.3580
10244,demeuré,0.4344,0.4866
10245,manqué,0.4343,0.4403
10246,nisi,0.4343,0.3709
10247,remercie,0.4343,0.4462
10248,l'afrique,0.4342,0.4131
10249,nostri,0.4342,0.4568
10250,couvroit,0.4342,0.3987
10251,omnis,0.4342,0.3282
10252,fondateur,0.4342,0.3685
10253,huiles,0.4341,0.4470
10254,incapable,0.4341,0.4506
10255,latins,0.4340,0.4865
10256,also,0.4340,0.2130
10257,descriptions,0.4340,0.4180
10258,vôtres,0.4340,0.3362
10259,procès,0.4339,0.4333
10260,députés,0.4339,0.4131
10261,marchoit,0.4339,0.5005
10262,montrent,0.4339,0.2941
10263,attend,0.4339,0.4641
10264,détroit,0.4339,0.5043
10265,cathédrale,0.4339,0.4659
10266,paille,0.4339,0.4971
10267,promesse,0.4338,0.4804
10268,ajouter,0.4338,0.5025
10269,verba,0.4338,0.3533
10270,tromper,0.4338,0.3626
10271,l'appartement,0.4337,0.4400
10272,m'auroit,0.4337,0.3885
10273,croiroit,0.4336,0.4108
10274,vase,0.4335,0.4397
10275,diligence,0.4335,0.3973
10276,bourses,0.4335,0.5488
10277,possit,0.4334,0.3176
10278,sardaigne,0.4333,0.4554
10279,qu'est,0.4333,0.4143
10280,genere,0.4333,0.3895
10281,je,0.4332,0.3777
10282,longue,0.4332,0.4454
10283,mît,0.4332,0.2941
10284,l'estomac,0.4331,0.4991
10285,recommanda,0.4330,0.4705
10286,attachement,0.4329,0.4224
10287,deuxième,0.4329,0.4056
10288,ecritures,0.4329,0.5249
10289,xxxvi,0.4329,0.4557
10290,arriveroit,0.4329,0.4223
10291,comblé,0.4328,0.4574
10292,partagée,0.4328,0.3279
10293,egard,0.4328,0.3668
10294,connoître,0.4327,0.4283
10295,jusqu'a,0.4327,0.3601
10296,l'esprit,0.4327,0.4202
10297,mariage,0.4326,0.5231
10298,offroit,0.4326,0.4424
10299,monsieur,0.4325,0.4445
10300,sommes,0.4325,0.3801
10301,entreprise,0.4325,0.4696
10302,action,0.4324,0.4559
10303,villars,0.4324,0.5015
10304,cherchons,0.4324,0.4720
10305,fourni,0.4324,0.4685
10306,s'elt,0.4323,0.4047
10307,regardoient,0.4323,0.3906
10308,autrefois,0.4323,0.3879
10309,fuyez,0.4322,0.3739
10310,publié,0.4322,0.4839
10311,tuo,0.4322,0.3437
10312,envoyés,0.4322,0.3548
10313,descendre,0.4322,0.4279
10314,opinions,0.4321,0.3311
10315,défendit,0.4321,0.4783
10316,avanture,0.4320,0.3899
10317,blanchir,0.4320,0.4881
10318,conseiller,0.4320,0.4509
10319,amante,0.4319,0.3318
10320,never,0.4319,0.2878
10321,juge,0.4319,0.4246
10322,quittez,0.4318,0.4069
10323,fret,0.4318,0.4380
10324,célèbres,0.4318,0.3851
10325,savon,0.4317,0.4140
10326,vécut,0.4317,0.5362
10327,gorge,0.4317,0.3857
10328,abandonné,0.4316,0.4696
10329,prendre,0.4316,0.4775
10330,disputer,0.4316,0.3921
10331,ambition,0.4316,0.3660
10332,come,0.4316,0.6559
10333,quod,0.4316,0.4539
10334,there,0.4316,0.3790
10335,roient,0.4315,0.4470
10336,quelques,0.4315,0.3908
10337,caverne,0.4315,0.4450
10338,premier,0.4314,0.3984
10339,envoyées,0.4314,0.4671
10340,ellc,0.4314,0.4741
10341,ferdinand,0.4314,0.4519
10342,sergens,0.4314,0.3903
10343,risquer,0.4313,0.4583
10344,surprenante,0.4313,0.3823
10345,jure,0.4313,0.3813
10346,examiné,0.4312,0.5020
10347,vim,0.4312,0.3449
10348,philosophie,0.4312,0.4082
10349,pores,0.4311,0.4689
10350,figné,0.4311,0.4565
10351,sibi,0.4311,0.3717
10352,connue,0.4311,0.3677
10353,recueille,0.4311,0.3297
10354,s'opposer,0.4311,0.3590
10355,charges,0.4310,0.4475
10356,conséquences,0.4309,0.4351
10357,convaincu,0.4308,0.3949
10358,ravir,0.4308,0.3347
10359,appellé,0.4308,0.3745
10360,hinc,0.4308,0.4303
10361,prier,0.4308,0.3826
10362,savoye,0.4306,0.3791
10363,achete,0.4306,0.4288
10364,chrétienne,0.4305,0.5045
10365,extravagances,0.4305,0.3660
10366,accident,0.4305,0.3921
10367,nymphe,0.4305,0.4502
10368,fauteuil,0.4304,0.4100
10369,seizième,0.4304,0.4693
10370,cocher,0.4304,0.4355
10371,livrc,0.4303,0.5263
10372,originaux,0.4303,0.4839
10373,oracles,0.4303,0.4899
10374,détourner,0.4302,0.4023
10375,connoît,0.4302,0.4445
10376,duchesse,0.4302,0.3772
10377,bouilli,0.4302,0.4428
10378,observe,0.4301,0.4569
10379,bailliage,0.4301,0.3464
10380,curieuse,0.4301,0.5028
10381,plaindre,0.4301,0.3571
10382,rarement,0.4300,0.4423
10383,certificat,0.4300,0.4782
10384,trompent,0.4298,0.3340
10385,consoler,0.4297,0.3469
10386,rues,0.4297,0.4955
10387,argumens,0.4297,0.4024
10388,quarre,0.4297,0.4607
10389,habillement,0.4297,0.4414
10390,omnes,0.4297,0.4458
10391,proces,0.4297,0.4669
10392,poussa,0.4296,0.4189
10393,filius,0.4296,0.4016
10394,malheureuse,0.4296,0.4408
10395,éloignement,0.4296,0.5038
10396,vero,0.4296,0.3870
10397,croira,0.4295,0.4089
10398,rocher,0.4295,0.4797
10399,peint,0.4294,0.4131
10400,remet,0.4294,0.3398
10401,nihil,0.4294,0.3974
10402,propriété,0.4294,0.4702
10403,d'adresse,0.4293,0.3881
10404,injure,0.4293,0.3328
10405,conformer,0.4293,0.3633
10406,d'amiens,0.4293,0.4893
10407,much,0.4292,0.3012
10408,enfers,0.4292,0.5103
10409,coupées,0.4292,0.4025
10410,parler,0.4292,0.4758
10411,chambres,0.4292,0.3756
10412,sépare,0.4292,0.4016
10413,applique,0.4291,0.3481
10414,se,0.4291,0.4093
10415,d'iceux,0.4290,0.3918
10416,douceurs,0.4290,0.4019
10417,olives,0.4290,0.3648
10418,tyran,0.4289,0.4862
10419,doré,0.4289,0.4548
10420,tuteurs,0.4289,0.4408
10421,nullement,0.4289,0.4275
10422,porterent,0.4289,0.4410
10423,prévôt,0.4288,0.4782
10424,chevaux,0.4288,0.4193
10425,principe,0.4287,0.4299
10426,taxe,0.4286,0.4784
10427,écrits,0.4285,0.3824
10428,principes,0.4285,0.4345
10429,quoiqu'il,0.4284,0.4431
10430,sans,0.4284,0.3541
10431,réussit,0.4284,0.3898
10432,conserve,0.4284,0.3412
10433,morbleu,0.4283,0.4224
10434,fortes,0.4282,0.3971
10435,suffisoit,0.4282,0.4323
10436,grosses,0.4282,0.5416
10437,porte,0.4281,0.4872
10438,promettoit,0.4281,0.4385
10439,souhaité,0.4281,0.4848
10440,s'adresser,0.4281,0.4094
10441,surprise,0.4281,0.4085
10442,adhuc,0.4281,0.2999
10443,remise,0.4280,0.3498
10444,vafe,0.4280,0.4187
10445,chrif,0.4280,0.4683
10446,s'accorde,0.4279,0.5061
10447,courses,0.4279,0.3705
10448,poitrine,0.4279,0.3899
10449,sécher,0.4279,0.4028
10450,oblige,0.4279,0.4077
10451,formalités,0.4278,0.5061
10452,richesses,0.4278,0.3224
10453,crie,0.4277,0.4682
10454,taxes,0.4277,0.4292
10455,artifices,0.4277,0.3817
10456,veuves,0.4277,0.4268
10457,portent,0.4276,0.4329
10458,contenté,0.4276,0.3479
10459,l'aura,0.4275,0.4565
10460,guerres,0.4275,0.3756
10461,cherchoit,0.4275,0.4090
10462,loix,0.4275,0.4186
10463,augmentations,0.4274,0.4751
10464,revenus,0.4274,0.4396
10465,intendant,0.4274,0.5080
10466,amende,0.4273,0.4219
10467,rentré,0.4273,0.4180
10468,chevalier,0.4273,0.4332
10469,établit,0.4273,0.4785
10470,éloignée,0.4270,0.4864
10471,regne,0.4270,0.4581
10472,traditions,0.4270,0.4327
10473,l'odeur,0.4270,0.5416
10474,grande,0.4269,0.4493
10475,boëte,0.4268,0.4720
10476,meurent,0.4268,0.4088
10477,unum,0.4266,0.3434
10478,attachée,0.4266,0.4119
10479,suprême,0.4266,0.4764
10480,sassent,0.4266,0.3836
10481,qualités,0.4265,0.3926
10482,adorer,0.4265,0.4073
10483,pêche,0.4264,0.4563
10484,elizabeth,0.4264,0.4292
10485,ressemblance,0.4263,0.4783
10486,belle,0.4263,0.4032
10487,hongrie,0.4262,0.4789
10488,formée,0.4262,0.4867
10489,air,0.4262,0.3929
10490,centre,0.4261,0.3611
10491,passerent,0.4261,0.3811
10492,empêche,0.4261,0.4160
10493,aimé,0.4260,0.4646
10494,conta,0.4260,0.4833
10495,obliger,0.4260,0.4198
10496,deviennent,0.4260,0.4111
10497,proposition,0.4259,0.4261
10498,proposé,0.4259,0.4304
10499,marié,0.4258,0.4236
10500,monté,0.4258,0.4631
10501,datée,0.4258,0.5417
10502,préjudice,0.4257,0.4721
10503,reçu,0.4257,0.4372
10504,pensoit,0.4257,0.4094
10505,garçon,0.4256,0.4278
10506,debet,0.4256,0.3490
10507,monts,0.4254,0.5298
10508,l'on,0.4254,0.3471
10509,chats,0.4254,0.4484
10510,allant,0.4254,0.4888
10511,nevers,0.4253,0.4436
10512,egypte,0.4252,0.4622
10513,sortant,0.4252,0.4736
10514,brusquement,0.4252,0.3887
10515,coûte,0.4252,0.4949
10516,sacrées,0.4252,0.4566
10517,coupée,0.4252,0.4433
10518,isabelle,0.4252,0.4973
10519,déterminer,0.4251,0.3419
10520,avantageux,0.4251,0.4475
10521,ville,0.4250,0.3864
10522,perdit,0.4249,0.4868
10523,mouches,0.4249,0.4406
10524,mères,0.4249,0.3941
10525,sauveur,0.4249,0.5228
10526,suo,0.4248,0.4009
10527,maniéré,0.4248,0.3994
10528,sénat,0.4248,0.3932
10529,travaillent,0.4247,0.4346
10530,tempora,0.4247,0.3536
10531,noir,0.4246,0.4217
10532,peit,0.4246,0.4110
10533,gaule,0.4246,0.4545
10534,spectacle,0.4246,0.3853
10535,rebus,0.4245,0.3818
10536,scra,0.4245,0.4471
10537,dépenses,0.4245,0.4248
10538,animo,0.4245,0.3525
10539,périt,0.4245,0.4827
10540,passait,0.4244,0.4966
10541,regle,0.4244,0.3529
10542,abandonner,0.4244,0.3295
10543,mortem,0.4242,0.3006
10544,immortels,0.4242,0.4920
10545,grece,0.4242,0.4568
10546,acquis,0.4242,0.5091
10547,recommandé,0.4242,0.4174
10548,humaines,0.4241,0.4640
10549,secretaires,0.4241,0.4649
10550,attentat,0.4241,0.4183
10551,cho,0.4240,0.3433
10552,disputes,0.4240,0.3756
10553,entreprendre,0.4238,0.3860
10554,rente,0.4238,0.4094
10555,inventaire,0.4238,0.4094
10556,efr,0.4237,0.4162
10557,semper,0.4237,0.3467
10558,observent,0.4237,0.4688
10559,affront,0.4237,0.3953
10560,aînée,0.4236,0.4649
10561,acheta,0.4236,0.3715
10562,gardent,0.4236,0.5041
10563,miracles,0.4236,0.4967
10564,commode,0.4235,0.5015
10565,rouen,0.4235,0.3749
10566,race,0.4235,0.3825
10567,olim,0.4235,0.3812
10568,cieux,0.4235,0.4789
10569,trésorier,0.4235,0.3647
10570,ifes,0.4234,0.4399
10571,étonnement,0.4234,0.4095
10572,répondez,0.4234,0.3508
10573,usque,0.4234,0.4667
10574,empressement,0.4234,0.4118
10575,femelle,0.4233,0.4055
10576,sentence,0.4233,0.3928
10577,fenêtre,0.4233,0.4426
10578,respire,0.4232,0.3576
10579,peaux,0.4232,0.4416
10580,huitieme,0.4231,0.3561
10581,auxdits,0.4231,0.4177
10582,yeux,0.4231,0.5088
10583,murs,0.4231,0.3701
10584,quantite,0.4231,0.4023
10585,clefs,0.4230,0.5091
10586,traduit,0.4230,0.3970
10587,voilà,0.4230,0.3788
10588,vassaux,0.4230,0.3688
10589,illam,0.4229,0.3019
10590,videntur,0.4229,0.2899
10591,déplorable,0.4229,0.4360
10592,songez,0.4229,0.4824
10593,donnerent,0.4228,0.3474
10594,vêtus,0.4228,0.4695
10595,chanson,0.4227,0.5215
10596,exécutée,0.4226,0.4752
10597,bénéfices,0.4226,0.4431
10598,couronnes,0.4225,0.5618
10599,animé,0.4225,0.4410
10600,l'empêcher,0.4225,0.4870
10601,coupe,0.4225,0.3803
10602,génie,0.4224,0.4213
10603,rons,0.4224,0.4736
10604,retrouver,0.4224,0.3970
10605,vînt,0.4223,0.4519
10606,desseins,0.4223,0.4803
10607,nemo,0.4222,0.3103
10608,semences,0.4222,0.4191
10609,étais,0.4221,0.2948
10610,éternelle,0.4220,0.4457
10611,laisseroit,0.4220,0.4016
10612,cavaliers,0.4220,0.3365
10613,orage,0.4220,0.4352
10614,viandes,0.4219,0.4536
10615,défie,0.4219,0.3450
10616,donner,0.4219,0.4123
10617,parloient,0.4218,0.3792
10618,safran,0.4217,0.4375
10619,conjoncture,0.4216,0.4908
10620,batimens,0.4216,0.3269
10621,pavillons,0.4215,0.4000
10622,rival,0.4215,0.3905
10623,rapportées,0.4215,0.3991
10624,innocence,0.4215,0.3362
10625,démarche,0.4215,0.4591
10626,n'osent,0.4214,0.4637
10627,les,0.4214,0.2548
10628,bruges,0.4214,0.4935
10629,pinte,0.4214,0.3051
10630,once,0.4214,0.3239
10631,l'apôtre,0.4214,0.5249
10632,marcellus,0.4214,0.4069
10633,requêtes,0.4213,0.4800
10634,caisse,0.4213,0.4884
10635,environs,0.4213,0.3270
10636,demeureront,0.4212,0.4300
10637,diviser,0.4211,0.3864
10638,paye,0.4211,0.3930
10639,écrites,0.4211,0.4936
10640,cercueil,0.4210,0.4269
10641,lorsqu'on,0.4210,0.3418
10642,pensé,0.4210,0.3599
10643,trouverez,0.4208,0.3857
10644,prétentions,0.4208,0.3365
10645,turcs,0.4208,0.4457
10646,biens,0.4207,0.4520
10647,attends,0.4206,0.4326
10648,dignité,0.4205,0.5219
10649,trône,0.4205,0.5054
10650,laid,0.4204,0.4886
10651,bourse,0.4204,0.4538
10652,chiffre,0.4204,0.4714
10653,seigneurs,0.4203,0.4033
10654,toient,0.4203,0.4753
10655,céfar,0.4203,0.4040
10656,irrité,0.4202,0.4330
10657,vidi,0.4202,0.3370
10658,villeux,0.4201,0.4380
10659,il,0.4201,0.3252
10660,orientaux,0.4200,0.4859
10661,magnifiquement,0.4200,0.5430
10662,m'étonne,0.4200,0.4588
10663,parurent,0.4200,0.4603
10664,supposent,0.4200,0.4966
10665,nobis,0.4199,0.4036
10666,défier,0.4199,0.3973
10667,veines,0.4199,0.4656
10668,risques,0.4199,0.4695
10669,mouillé,0.4199,0.4434
10670,mots,0.4198,0.4503
10671,attribue,0.4198,0.5096
10672,montent,0.4198,0.4475
10673,manda,0.4197,0.3931
10674,martin,0.4197,0.4427
10675,retiré,0.4196,0.4046
10676,angleterre,0.4196,0.3966
10677,équipage,0.4196,0.3956
10678,ronde,0.4196,0.3884
10679,allons,0.4196,0.3753
10680,montrez,0.4195,0.4208
10681,approbation,0.4195,0.4437
10682,environné,0.4195,0.4583
10683,vivacité,0.4195,0.4346
10684,laissé,0.4193,0.4657
10685,pus,0.4193,0.3615
10686,rapportent,0.4193,0.4680
10687,communique,0.4192,0.3785
10688,coûtent,0.4192,0.4976
10689,quàm,0.4192,0.4791
10690,aima,0.4191,0.4090
10691,donations,0.4190,0.4663
10692,notaire,0.4190,0.4664
10693,naissance,0.4189,0.3626
10694,causé,0.4189,0.4474
10695,touchée,0.4189,0.3968
10696,cut,0.4188,0.4131
10697,desirs,0.4188,0.3955
10698,retenir,0.4187,0.4112
10699,épousa,0.4187,0.4242
10700,trés,0.4187,0.4749
10701,j'ose,0.4186,0.4806
10702,huissiers,0.4186,0.3552
10703,refuse,0.4186,0.3305
10704,traitoit,0.4186,0.3933
10705,aristote,0.4186,0.3915
10706,conduisent,0.4185,0.4599
10707,solitude,0.4183,0.3673
10708,conduire,0.4183,0.4186
10709,fêtes,0.4182,0.3624
10710,d'inde,0.4182,0.4522
10711,laquais,0.4182,0.3576
10712,jettant,0.4181,0.3789
10713,not,0.4181,0.4748
10714,forcer,0.4180,0.4086
10715,troisiéme,0.4180,0.3924
10716,connoissancez,0.4179,0.3970
10717,lorsqu'elle,0.4179,0.3300
10718,paroitre,0.4179,0.4333
10719,ardeurs,0.4179,0.3640
10720,ravi,0.4177,0.3644
10721,emploie,0.4177,0.3552
10722,couché,0.4177,0.3999
10723,lys,0.4177,0.4914
10724,hunc,0.4176,0.3443
10725,enfermée,0.4175,0.3943
10726,foins,0.4174,0.3645
10727,meo,0.4173,0.3453
10728,bancs,0.4173,0.4118
10729,trembler,0.4172,0.4264
10730,meubles,0.4172,0.3512
10731,couleurs,0.4172,0.4271
10732,protection,0.4172,0.3560
10733,représenté,0.4171,0.3552
10734,traits,0.4171,0.5115
10735,rendu,0.4171,0.4266
10736,poussent,0.4171,0.4118
10737,victoires,0.4171,0.3485
10738,mademoiselle,0.4170,0.3636
10739,forfaits,0.4170,0.3194
10740,troyes,0.4170,0.4661
10741,prison,0.4169,0.3973
10742,négliger,0.4169,0.3508
10743,d'icelui,0.4169,0.3946
10744,enfoncé,0.4168,0.4444
10745,bétail,0.4167,0.4769
10746,conditions,0.4167,0.4341
10747,sacrifier,0.4167,0.3541
10748,tige,0.4166,0.3956
10749,faille,0.4166,0.4497
10750,sceptre,0.4166,0.4880
10751,renfermé,0.4165,0.3872
10752,certains,0.4165,0.4604
10753,immortelle,0.4165,0.4110
10754,consenti,0.4164,0.3495
10755,l'étoit,0.4164,0.3573
10756,tourne,0.4163,0.4298
10757,rendit,0.4162,0.4154
10758,couvrit,0.4162,0.3827
10759,lard,0.4162,0.4553
10760,lèvres,0.4161,0.4361
10761,ensuite,0.4160,0.3817
10762,marcha,0.4160,0.4149
10763,narration,0.4160,0.3942
10764,questions,0.4159,0.4135
10765,vendue,0.4159,0.4759
10766,battent,0.4159,0.4144
10767,tint,0.4158,0.4223
10768,pouce,0.4157,0.4452
10769,bandes,0.4157,0.4734
10770,mettant,0.4157,0.3655
10771,l'edit,0.4157,0.3664
10772,utiles,0.4157,0.4509
10773,province,0.4156,0.4475
10774,couper,0.4156,0.5192
10775,contrevenans,0.4156,0.4256
10776,auxdites,0.4156,0.3701
10777,partez,0.4156,0.4556
10778,ravie,0.4155,0.4481
10779,manquent,0.4155,0.4233
10780,chaude,0.4155,0.3615
10781,folies,0.4155,0.3410
10782,j'allai,0.4154,0.4037
10783,surprit,0.4154,0.4788
10784,incapables,0.4152,0.4422
10785,informé,0.4152,0.4267
10786,poursuivit,0.4151,0.4980
10787,prophetes,0.4151,0.4595
10788,retentir,0.4151,0.3930
10789,soupçons,0.4150,0.3467
10790,régler,0.4150,0.4169
10791,vécu,0.4149,0.4666
10792,excuses,0.4148,0.4203
10793,tentes,0.4146,0.4152
10794,pots,0.4146,0.3986
10795,serviteurs,0.4146,0.4695
10796,l'isle,0.4146,0.3873
10797,bibliothèque,0.4146,0.3489
10798,prens,0.4145,0.2930
10799,palais,0.4145,0.4425
10800,traitent,0.4145,0.4188
10801,queues,0.4144,0.4900
10802,détruisent,0.4144,0.3865
10803,caufé,0.4144,0.3526
10804,croire,0.4144,0.4131
10805,l'ait,0.4144,0.3372
10806,demandée,0.4143,0.4412
10807,fleur,0.4143,0.5295
10808,épaisses,0.4143,0.4611
10809,fame,0.4143,0.5032
10810,opérations,0.4143,0.2812
10811,tiendra,0.4143,0.4149
10812,collège,0.4142,0.4351
10813,composa,0.4142,0.3748
10814,afie,0.4141,0.3893
10815,pensa,0.4141,0.3695
10816,garni,0.4141,0.3950
10817,frontin,0.4141,0.4418
10818,videtur,0.4140,0.3666
10819,poète,0.4140,0.3903
10820,mangé,0.4140,0.4610
10821,éré,0.4139,0.3320
10822,histoires,0.4139,0.3128
10823,verbis,0.4138,0.3320
10824,prêt,0.4138,0.4758
10825,maîtres,0.4137,0.3748
10826,consens,0.4137,0.4167
10827,adroit,0.4137,0.4455
10828,trous,0.4136,0.4430
10829,exécuter,0.4136,0.4733
10830,arrérages,0.4136,0.4112
10831,sortes,0.4136,0.3686
10832,ménager,0.4136,0.3808
10833,bureau,0.4136,0.3934
10834,vengeance,0.4135,0.4297
10835,apportée,0.4135,0.4146
10836,enjoint,0.4133,0.5269
10837,familles,0.4133,0.4900
10838,ignorent,0.4132,0.3675
10839,donnez,0.4132,0.4240
10840,l'escadre,0.4132,0.4616
10841,diminue,0.4130,0.3784
10842,poil,0.4130,0.4386
10843,l'entour,0.4129,0.4910
10844,rois,0.4129,0.4623
10845,comprendre,0.4128,0.4002
10846,voient,0.4127,0.4280
10847,cousin,0.4126,0.4241
10848,philosophe,0.4125,0.3670
10849,n'aye,0.4125,0.4353
10850,retire,0.4124,0.4032
10851,nicolas,0.4124,0.4721
10852,doutant,0.4124,0.4238
10853,verrez,0.4124,0.3820
10854,jusqu'à,0.4123,0.3897
10855,épées,0.4123,0.4509
10856,sentent,0.4123,0.3914
10857,anges,0.4122,0.5116
10858,gratia,0.4121,0.4707
10859,iont,0.4121,0.3167
10860,fournissent,0.4121,0.3113
10861,pontificat,0.4120,0.4567
10862,marie,0.4120,0.3581
10863,vautre,0.4120,0.3426
10864,passages,0.4120,0.4801
10865,artillerie,0.4119,0.4780
10866,craignez,0.4119,0.4262
10867,opus,0.4118,0.3649
10868,they,0.4117,0.3710
10869,considere,0.4117,0.4251
10870,usage,0.4116,0.3923
10871,commandant,0.4116,0.3700
10872,donné,0.4116,0.4029
10873,couleur,0.4116,0.3895
10874,graine,0.4115,0.4462
10875,grotte,0.4114,0.4377
10876,dessous,0.4114,0.3177
10877,extrémité,0.4113,0.3002
10878,vitam,0.4112,0.2816
10879,edit,0.4112,0.4016
10880,mandé,0.4112,0.3959
10881,réglemens,0.4111,0.3071
10882,dominus,0.4110,0.3977
10883,famille,0.4109,0.4190
10884,d'herbes,0.4109,0.3970
10885,oracle,0.4109,0.4443
10886,c'efl,0.4108,0.3999
10887,bonne,0.4107,0.3817
10888,reconnut,0.4107,0.4283
10889,animi,0.4107,0.3031
10890,instant,0.4106,0.3771
10891,instructions,0.4106,0.3533
10892,ame,0.4105,0.3251
10893,montré,0.4105,0.3698
10894,substance,0.4104,0.3287
10895,prendra,0.4103,0.3263
10896,céder,0.4103,0.3299
10897,foule,0.4103,0.3009
10898,impatience,0.4102,0.4287
10899,merveilleuse,0.4101,0.4456
10900,envoyée,0.4101,0.3918
10901,perdue,0.4101,0.3949
10902,contredit,0.4101,0.4164
10903,aise,0.4100,0.3871
10904,d'espagne,0.4100,0.4255
10905,définition,0.4100,0.5125
10906,préjudiciable,0.4099,0.4327
10907,charmes,0.4099,0.3784
10908,demandes,0.4097,0.4029
10909,flottes,0.4096,0.3939
10910,tarda,0.4095,0.3451
10911,senlis,0.4093,0.4341
10912,étoffes,0.4093,0.3244
10913,aîles,0.4092,0.4575
10914,mêlent,0.4091,0.3554
10915,séparer,0.4091,0.3568
10916,cuisine,0.4090,0.4235
10917,l'allemagne,0.4089,0.3717
10918,mener,0.4088,0.4372
10919,mets,0.4088,0.3586
10920,supposer,0.4088,0.3941
10921,l'archevêque,0.4088,0.3825
10922,m'ont,0.4087,0.3851
10923,longtemps,0.4087,0.3558
10924,monta,0.4087,0.4949
10925,donnons,0.4087,0.6126
10926,l'herbe,0.4087,0.3804
10927,cantiques,0.4086,0.5084
10928,couvertures,0.4086,0.4096
10929,roulent,0.4085,0.4267
10930,sols,0.4085,0.3942
10931,citron,0.4085,0.4284
10932,barcelone,0.4085,0.5230
10933,etes,0.4084,0.3225
10934,reglemens,0.4084,0.3939
10935,dures,0.4084,0.4561
10936,blanche,0.4084,0.3783
10937,espérances,0.4084,0.3072
10938,illes,0.4083,0.4446
10939,vas,0.4082,0.3785
10940,commencerent,0.4081,0.3455
10941,perdroit,0.4081,0.4285
10942,aumônes,0.4080,0.4094
10943,fureurs,0.4080,0.3122
10944,contenues,0.4080,0.3765
10945,billet,0.4080,0.4317
10946,manteau,0.4079,0.3368
10947,sixieme,0.4079,0.4173
10948,attendez,0.4079,0.4175
10949,éte,0.4079,0.3232
10950,contrées,0.4079,0.3850
10951,grossiers,0.4078,0.4915
10952,éloges,0.4077,0.3830
10953,fignifie,0.4077,0.3722
10954,virgile,0.4077,0.4222
10955,grand,0.4076,0.4444
10956,actions,0.4076,0.3873
10957,châtiment,0.4075,0.4283
10958,premiers,0.4075,0.4078
10959,obtenir,0.4075,0.4154
10960,serve,0.4075,0.5362
10961,d'exactitude,0.4074,0.3650
10962,commerce,0.4074,0.4294
10963,bleue,0.4073,0.4000
10964,oportet,0.4073,0.3145
10965,moutons,0.4072,0.2885
10966,idoles,0.4071,0.4458
10967,dot,0.4071,0.3270
10968,vaut,0.4070,0.3749
10969,viendront,0.4070,0.4177
10970,féjour,0.4070,0.3534
10971,retirent,0.4069,0.4250
10972,boutons,0.4069,0.3568
10973,rade,0.4068,0.4004
10974,fléchir,0.4066,0.3829
10975,circonstance,0.4066,0.3662
10976,pcr,0.4066,0.4757
10977,prosession,0.4065,0.4206
10978,beauvais,0.4065,0.4044
10979,envoyé,0.4065,0.3832
10980,inconvenient,0.4065,0.3296
10981,xxix,0.4064,0.3850
10982,aimez,0.4064,0.4623
10983,dépendances,0.4064,0.4621
10984,leges,0.4064,0.3765
10985,immeubles,0.4063,0.3778
10986,grain,0.4063,0.4257
10987,attendre,0.4063,0.4472
10988,ornemens,0.4063,0.4523
10989,carthaginois,0.4062,0.3912
10990,caresses,0.4062,0.3362
10991,convient,0.4061,0.4553
10992,aveu,0.4061,0.4983
10993,permixtion,0.4061,0.3702
10994,retournant,0.4061,0.4231
10995,d'icelles,0.4061,0.4519
10996,lans,0.4060,0.4038
10997,fumée,0.4060,0.4349
10998,festins,0.4058,0.3939
10999,vois,0.4058,0.3584
11000,profitent,0.4058,0.3685
11001,alliance,0.4057,0.3875
11002,visites,0.4057,0.3998
11003,condamnation,0.4056,0.4421
11004,plaisoit,0.4056,0.4077
11005,pois,0.4056,0.4416
11006,reproches,0.4056,0.3195
11007,songer,0.4055,0.3913
11008,colonies,0.4054,0.4366
11009,ront,0.4053,0.4215
11010,d'eaux,0.4053,0.4626
11011,guyenne,0.4052,0.4701
11012,conquêtes,0.4051,0.4371
11013,pouces,0.4050,0.3216
11014,gueres,0.4049,0.3423
11015,grâce,0.4049,0.3577
11016,curieuses,0.4048,0.5429
11017,hujus,0.4048,0.3460
11018,considérables,0.4048,0.3686
11019,opération,0.4048,0.3475
11020,demeurent,0.4048,0.3775
11021,frayeurs,0.4046,0.3684
11022,anvers,0.4046,0.4127
11023,amie,0.4046,0.4076
11024,condamnent,0.4046,0.4798
11025,agit,0.4045,0.3676
11026,croissent,0.4045,0.3955
11027,verum,0.4044,0.3123
11028,puissantes,0.4044,0.3786
11029,levres,0.4044,0.4775
11030,xxxii,0.4044,0.4128
11031,scipion,0.4043,0.4277
11032,loups,0.4043,0.3479
11033,tremble,0.4042,0.3520
11034,s'étendent,0.4042,0.3549
11035,cruelles,0.4042,0.3826
11036,croyez,0.4042,0.4715
11037,dicit,0.4041,0.3191
11038,fosse,0.4041,0.4146
11039,concerts,0.4041,0.3980
11040,docteurs,0.4041,0.3887
11041,âge,0.4041,0.3428
11042,conclu,0.4041,0.4643
11043,omni,0.4040,0.4057
11044,liaison,0.4040,0.4210
11045,contrôleur,0.4039,0.3498
11046,souviens,0.4039,0.3502
11047,cct,0.4039,0.3581
11048,prendroit,0.4038,0.3686
11049,entre,0.4037,0.4757
11050,commence,0.4037,0.4539
11051,soutenir,0.4037,0.3867
11052,montre,0.4037,0.3634
11053,inconvénient,0.4036,0.3719
11054,outrage,0.4036,0.3111
11055,appeler,0.4034,0.4529
11056,prie,0.4034,0.3803
11057,paroles,0.4033,0.4333
11058,publiée,0.4033,0.5078
11059,sais,0.4032,0.4345
11060,canal,0.4031,0.5046
11061,rage,0.4031,0.4442
11062,ouvrages,0.4031,0.4215
11063,assister,0.4030,0.4214
11064,lisbonne,0.4029,0.4776
11065,courus,0.4029,0.3713
11066,méthode,0.4028,0.3614
11067,l'épaule,0.4028,0.3971
11068,j'irai,0.4028,0.4156
11069,extrêmement,0.4028,0.4418
11070,jusqu,0.4028,0.3211
11071,cst,0.4027,0.3918
11072,ordonné,0.4026,0.5104
11073,quittance,0.4026,0.4211
11074,multiplier,0.4026,0.4391
11075,repliqua,0.4026,0.3608
11076,avantage,0.4026,0.4119
11077,fermiers,0.4025,0.4405
11078,servira,0.4024,0.4257
11079,paquet,0.4024,0.4178
11080,fis,0.4024,0.2910
11081,souhaitez,0.4023,0.3779
11082,désire,0.4022,0.3677
11083,suivant,0.4022,0.4118
11084,surintendant,0.4022,0.5192
11085,drogues,0.4021,0.4099
11086,connaître,0.4020,0.3635
11087,vû,0.4020,0.3259
11088,paroissoient,0.4020,0.3759
11089,hôpitaux,0.4019,0.4483
11090,venois,0.4018,0.4371
11091,plupart,0.4018,0.3389
11092,catilina,0.4018,0.4661
11093,vache,0.4018,0.4202
11094,tomber,0.4018,0.4668
11095,employer,0.4017,0.4387
11096,promener,0.4017,0.3820
11097,tiroient,0.4017,0.3249
11098,laissée,0.4016,0.3786
11099,rendrai,0.4015,0.3557
11100,demandait,0.4015,0.3993
11101,hôtel,0.4015,0.4012
11102,parme,0.4014,0.4007
11103,jusqu'alors,0.4014,0.3903
11104,tourmens,0.4014,0.4174
11105,cruel,0.4013,0.3620
11106,bleus,0.4013,0.4132
11107,courte,0.4013,0.4192
11108,c'ell,0.4013,0.3007
11109,foy,0.4012,0.2558
11110,vos,0.4010,0.3283
11111,amena,0.4010,0.4319
11112,poutres,0.4010,0.4252
11113,l'evêque,0.4008,0.4234
11114,crime,0.4008,0.4287
11115,resta,0.4008,0.3422
11116,quoniam,0.4007,0.3633
11117,nuire,0.4007,0.3398
11118,fieri,0.4006,0.3447
11119,contentez,0.4006,0.4401
11120,payoient,0.4006,0.3601
11121,leva,0.4005,0.4110
11122,pouroit,0.4005,0.3409
11123,lieutenants,0.4005,0.3483
11124,divertissemens,0.4004,0.4369
11125,dijon,0.4001,0.4433
11126,habeat,0.4001,0.2945
11127,d'art,0.4000,0.3920
11128,deux,0.4000,0.3980
11129,frappé,0.3999,0.4421
11130,s'attachent,0.3999,0.4065
11131,réussi,0.3998,0.4244
11132,goûter,0.3998,0.3647
11133,décret,0.3998,0.3909
11134,l'embouchure,0.3998,0.4431
11135,chargent,0.3998,0.3505
11136,lorsqu'elles,0.3998,0.3789
11137,alio,0.3997,0.3559
11138,d'environ,0.3997,0.4356
11139,lyon,0.3997,0.4561
11140,lesquels,0.3996,0.3902
11141,joye,0.3996,0.3530
11142,d'épaisseur,0.3996,0.4246
11143,cheval,0.3996,0.4385
11144,instrumens,0.3996,0.4502
11145,quamvis,0.3996,0.2894
11146,pensons,0.3995,0.3840
11147,diverfes,0.3995,0.4253
11148,places,0.3994,0.4459
11149,poils,0.3994,0.4037
11150,venue,0.3994,0.4081
11151,cardinal,0.3994,0.4805
11152,expressions,0.3993,0.2550
11153,établir,0.3993,0.3323
11154,plaisent,0.3993,0.3158
11155,épargner,0.3993,0.3619
11156,terminée,0.3992,0.5436
11157,vents,0.3991,0.4687
11158,comprend,0.3990,0.4548
11159,rendoit,0.3989,0.4134
11160,differens,0.3989,0.3825
11161,rencontrer,0.3988,0.4128
11162,gaulois,0.3988,0.3980
11163,cb,0.3988,0.3506
11164,clt,0.3987,0.4047
11165,porteront,0.3986,0.4267
11166,magasins,0.3986,0.4359
11167,appellez,0.3985,0.4529
11168,pensées,0.3985,0.4210
11169,poflible,0.3985,0.3782
11170,l'eau,0.3984,0.3508
11171,d'anjou,0.3984,0.4691
11172,jardin,0.3984,0.3803
11173,dérobe,0.3984,0.3494
11174,mois,0.3982,0.4228
11175,boire,0.3982,0.3892
11176,pecunia,0.3981,0.3467
11177,appareil,0.3981,0.3909
11178,eglise,0.3980,0.3607
11179,potest,0.3980,0.3686
11180,animal,0.3979,0.3888
11181,tuilée,0.3979,0.3300
11182,odieux,0.3979,0.4933
11183,crédit,0.3979,0.3353
11184,mortels,0.3979,0.4519
11185,alimens,0.3979,0.4166
11186,citer,0.3979,0.4286
11187,témoigner,0.3979,0.3857
11188,rencontré,0.3978,0.3559
11189,chiffres,0.3978,0.4407
11190,reposer,0.3977,0.3870
11191,diroit,0.3977,0.3934
11192,prairie,0.3976,0.4205
11193,défaite,0.3975,0.3368
11194,voulant,0.3975,0.4519
11195,coloris,0.3974,0.4397
11196,ipso,0.3974,0.3781
11197,venise,0.3974,0.4292
11198,moyen,0.3973,0.3713
11199,frontières,0.3973,0.3866
11200,crurent,0.3972,0.4144
11201,sombres,0.3972,0.4045
11202,fauver,0.3972,0.3674
11203,bagatelle,0.3971,0.3675
11204,automne,0.3971,0.4345
11205,tribun,0.3971,0.4088
11206,apôtre,0.3970,0.4331
11207,montpellier,0.3970,0.4504
11208,tyrans,0.3970,0.3637
11209,pirates,0.3969,0.4174
11210,pompée,0.3968,0.3632
11211,jetter,0.3968,0.4143
11212,défendu,0.3967,0.4189
11213,pointes,0.3967,0.3766
11214,vend,0.3966,0.3645
11215,courtisans,0.3966,0.3639
11216,amsterdam,0.3965,0.4062
11217,sortent,0.3965,0.4242
11218,bâti,0.3965,0.4484
11219,s'imagine,0.3965,0.3707
11220,modernes,0.3964,0.4323
11221,verds,0.3964,0.4024
11222,réponse,0.3963,0.4235
11223,rien,0.3963,0.3694
11224,sembloit,0.3963,0.3404
11225,jugeons,0.3963,0.4283
11226,plaques,0.3963,0.4359
11227,banquiers,0.3962,0.4573
11228,considérer,0.3962,0.3445
11229,favez,0.3961,0.3661
11230,cruelle,0.3961,0.3833
11231,bassin,0.3961,0.4033
11232,l'ile,0.3961,0.3784
11233,planches,0.3961,0.3887
11234,paver,0.3960,0.4930
11235,diront,0.3960,0.4302
11236,bord,0.3960,0.4393
11237,illis,0.3959,0.3461
11238,fraudes,0.3959,0.4143
11239,douleur,0.3959,0.3645
11240,jeté,0.3958,0.3425
11241,infortune,0.3958,0.3571
11242,qu'elles,0.3957,0.3653
11243,tristesse,0.3957,0.4005
11244,figures,0.3957,0.4033
11245,pays,0.3957,0.2711
11246,demandoient,0.3957,0.2884
11247,university,0.3956,0.1720
11248,dixit,0.3956,0.2876
11249,verront,0.3956,0.5025
11250,piece,0.3956,0.3081
11251,m'être,0.3955,0.3408
11252,mettons,0.3955,0.4728
11253,concernant,0.3954,0.3804
11254,payoit,0.3953,0.4242
11255,forment,0.3953,0.3371
11256,denique,0.3953,0.2983
11257,résolu,0.3952,0.3692
11258,qu'il,0.3950,0.3977
11259,nourrir,0.3949,0.4127
11260,trésors,0.3948,0.3361
11261,reçois,0.3947,0.4222
11262,déclarent,0.3946,0.3795
11263,point,0.3946,0.3049
11264,cté,0.3945,0.3643
11265,apportent,0.3944,0.3506
11266,passion,0.3943,0.3702
11267,souliers,0.3943,0.4125
11268,garnies,0.3943,0.4976
11269,mesures,0.3943,0.3758
11270,elles,0.3943,0.3535
11271,retour,0.3943,0.4014
11272,chansons,0.3943,0.4420
11273,mienne,0.3942,0.3654
11274,fuient,0.3942,0.3919
11275,enlevé,0.3942,0.4063
11276,triomphes,0.3941,0.4120
11277,laïques,0.3941,0.3732
11278,ecrivain,0.3940,0.2939
11279,parlemens,0.3940,0.4240
11280,haec,0.3940,0.4088
11281,idée,0.3940,0.3308
11282,maintenir,0.3940,0.4171
11283,savent,0.3940,0.3401
11284,nulle,0.3940,0.3886
11285,marchands,0.3939,0.4027
11286,préjudicier,0.3939,0.4150
11287,minces,0.3939,0.3897
11288,ôta,0.3939,0.3552
11289,l'eglise,0.3938,0.3408
11290,continua,0.3938,0.4353
11291,dogmes,0.3936,0.3786
11292,jouit,0.3935,0.3269
11293,l'eut,0.3934,0.3866
11294,verre,0.3934,0.4863
11295,montauban,0.3933,0.5179
11296,couchée,0.3933,0.4267
11297,feras,0.3933,0.3676
11298,tableaux,0.3932,0.3186
11299,entouré,0.3931,0.3189
11300,hominum,0.3930,0.3456
11301,ai,0.3930,0.3192
11302,douzième,0.3930,0.4187
11303,disait,0.3929,0.3849
11304,t'a,0.3929,0.2982
11305,genus,0.3929,0.3860
11306,taken,0.3928,0.2972
11307,personnes,0.3928,0.3984
11308,vertes,0.3928,0.4535
11309,portons,0.3927,0.4047
11310,prétendent,0.3927,0.3320
11311,m'aime,0.3927,0.3334
11312,affreuse,0.3926,0.3808
11313,façon,0.3926,0.3308
11314,garnie,0.3926,0.3663
11315,decembre,0.3925,0.2813
11316,monnoies,0.3925,0.4600
11317,importantes,0.3924,0.4416
11318,pieces,0.3923,0.3095
11319,garantir,0.3923,0.4011
11320,bagatelles,0.3923,0.3663
11321,puni,0.3922,0.4490
11322,cadet,0.3922,0.4885
11323,prenez,0.3922,0.4145
11324,payemens,0.3922,0.4532
11325,ipse,0.3921,0.3596
11326,jeter,0.3920,0.2976
11327,ma,0.3920,0.3673
11328,cuit,0.3920,0.4522
11329,moines,0.3919,0.3774
11330,soupirs,0.3918,0.4159
11331,iront,0.3916,0.3788
11332,heureuse,0.3916,0.4053
11333,sait,0.3914,0.3164
11334,joli,0.3914,0.3785
11335,sauver,0.3914,0.3665
11336,tuum,0.3914,0.3470
11337,tuyaux,0.3912,0.4006
11338,labourer,0.3912,0.4303
11339,duquel,0.3911,0.3704
11340,canards,0.3910,0.3548
11341,difference,0.3910,0.4106
11342,attaquer,0.3909,0.4272
11343,renferme,0.3908,0.3321
11344,démontrer,0.3908,0.3261
11345,fils,0.3908,0.4061
11346,mere,0.3908,0.3448
11347,souffrent,0.3908,0.3939
11348,confreres,0.3907,0.3717
11349,courtes,0.3907,0.3711
11350,fiefs,0.3906,0.4027
11351,eorum,0.3906,0.3981
11352,mettre,0.3905,0.3365
11353,croît,0.3905,0.4189
11354,explications,0.3905,0.4287
11355,voûte,0.3904,0.3294
11356,els,0.3904,0.3257
11357,qu'une,0.3903,0.3643
11358,employent,0.3903,0.3901
11359,dispenser,0.3902,0.4051
11360,fermée,0.3902,0.3532
11361,cordes,0.3900,0.4309
11362,empêché,0.3900,0.4030
11363,divise,0.3899,0.3921
11364,crois,0.3898,0.3565
11365,chaud,0.3898,0.4041
11366,alias,0.3898,0.3720
11367,graisse,0.3897,0.3669
11368,ouverte,0.3897,0.4976
11369,plaine,0.3897,0.4160
11370,l'infanterie,0.3895,0.3337
11371,brandebourg,0.3895,0.4743
11372,empereur,0.3894,0.3667
11373,rendroit,0.3894,0.3499
11374,humides,0.3894,0.4009
11375,piéce,0.3894,0.3565
11376,faveurs,0.3893,0.4438
11377,desire,0.3893,0.3836
11378,saurai,0.3892,0.3231
11379,d'abandonner,0.3891,0.3770
11380,cerf,0.3891,0.3859
11381,élevé,0.3891,0.4276
11382,rangées,0.3891,0.5124
11383,mur,0.3889,0.3746
11384,espérer,0.3889,0.3065
11385,couvrir,0.3888,0.4468
11386,tantum,0.3888,0.3280
11387,tombent,0.3888,0.3941
11388,qui,0.3887,0.2925
11389,suiffé,0.3886,0.4333
11390,humbles,0.3886,0.3823
11391,n'cn,0.3884,0.4021
11392,ducats,0.3884,0.4276
11393,succès,0.3883,0.4412
11394,prouvé,0.3883,0.3851
11395,oient,0.3882,0.4007
11396,garnisons,0.3882,0.4247
11397,troupeaux,0.3882,0.3760
11398,lentulus,0.3881,0.4356
11399,remarquer,0.3881,0.3958
11400,munitions,0.3881,0.4903
11401,empire,0.3881,0.4018
11402,intérêt,0.3881,0.3691
11403,préceptes,0.3881,0.4238
11404,ose,0.3880,0.2887
11405,desiroit,0.3880,0.3762
11406,francois,0.3880,0.3708
11407,dicere,0.3880,0.2936
11408,quels,0.3880,0.4027
11409,delà,0.3880,0.3653
11410,observations,0.3880,0.3401
11411,clle,0.3879,0.4026
11412,croyait,0.3878,0.4434
11413,juges,0.3878,0.4190
11414,tombe,0.3878,0.3461
11415,historien,0.3878,0.3123
11416,anneaux,0.3877,0.4449
11417,jaunes,0.3877,0.3707
11418,partic,0.3877,0.4750
11419,romains,0.3877,0.3928
11420,suffire,0.3876,0.4142
11421,flambeaux,0.3876,0.3362
11422,criant,0.3875,0.5051
11423,quelle,0.3875,0.3953
11424,oui,0.3875,0.3298
11425,maitre,0.3875,0.3485
11426,locum,0.3875,0.3269
11427,lisette,0.3875,0.3541
11428,conjure,0.3875,0.3112
11429,piéces,0.3874,0.3176
11430,toiles,0.3874,0.4359
11431,reçues,0.3874,0.4814
11432,omnibus,0.3873,0.4422
11433,chagrin,0.3873,0.3766
11434,savois,0.3873,0.4007
11435,poëtes,0.3872,0.3874
11436,humeurs,0.3872,0.4183
11437,promis,0.3871,0.3632
11438,procédures,0.3871,0.4030
11439,tambours,0.3870,0.3148
11440,trouvé,0.3869,0.3795
11441,contraventions,0.3869,0.3894
11442,raconter,0.3869,0.5170
11443,maison,0.3869,0.3359
11444,minerve,0.3869,0.3548
11445,sortez,0.3868,0.3857
11446,m'arrête,0.3868,0.3545
11447,va,0.3868,0.2533
11448,sentences,0.3868,0.4145
11449,neveux,0.3867,0.3229
11450,acheter,0.3867,0.3559
11451,âme,0.3866,0.3154
11452,observation,0.3865,0.4493
11453,tenter,0.3865,0.3844
11454,chose,0.3865,0.3082
11455,intérêts,0.3864,0.3437
11456,herbe,0.3864,0.4096
11457,apporta,0.3864,0.4506
11458,indigné,0.3862,0.4186
11459,parloit,0.3862,0.4263
11460,mouiller,0.3861,0.4455
11461,ecriture,0.3861,0.3660
11462,convenir,0.3860,0.3780
11463,sort,0.3860,0.3878
11464,dixième,0.3858,0.4421
11465,gentilshommes,0.3858,0.4302
11466,cache,0.3858,0.3605
11467,affis,0.3857,0.3664
11468,souvenez,0.3857,0.3416
11469,parlé,0.3857,0.4087
11470,papes,0.3857,0.3418
11471,affligé,0.3857,0.4705
11472,confuls,0.3856,0.4525
11473,etoffes,0.3855,0.3315
11474,j'eus,0.3855,0.3911
11475,verbaux,0.3855,0.3537
11476,laissera,0.3854,0.3548
11477,s'avança,0.3853,0.3888
11478,fidèles,0.3853,0.4267
11479,latine,0.3852,0.3704
11480,nomma,0.3852,0.3798
11481,perdent,0.3851,0.4224
11482,épouser,0.3850,0.4123
11483,réduire,0.3850,0.4396
11484,unus,0.3850,0.3231
11485,voudrez,0.3849,0.4089
11486,sasse,0.3849,0.3445
11487,violette,0.3849,0.4419
11488,duché,0.3849,0.4264
11489,couteau,0.3848,0.3998
11490,parlait,0.3848,0.4062
11491,recevront,0.3848,0.3718
11492,pleurer,0.3848,0.4599
11493,superbe,0.3848,0.4659
11494,henry,0.3847,0.3802
11495,plomb,0.3847,0.3524
11496,lui,0.3847,0.2720
11497,entend,0.3847,0.4304
11498,agréable,0.3847,0.3945
11499,pluies,0.3846,0.3180
11500,joignent,0.3846,0.3981
11501,arrêts,0.3845,0.3460
11502,necessaires,0.3845,0.4207
11503,chère,0.3844,0.3274
11504,m'imagine,0.3843,0.3064
11505,eos,0.3842,0.4065
11506,d'amitié,0.3841,0.4538
11507,peines,0.3841,0.3504
11508,célèbre,0.3841,0.4030
11509,maisons,0.3841,0.3721
11510,obscurité,0.3840,0.3604
11511,disois,0.3839,0.2959
11512,l'envoya,0.3839,0.4230
11513,miel,0.3839,0.4550
11514,observer,0.3838,0.4454
11515,direz,0.3837,0.3958
11516,j'aye,0.3836,0.4167
11517,tira,0.3836,0.4276
11518,allions,0.3834,0.3062
11519,bâton,0.3834,0.3753
11520,we,0.3834,0.3129
11521,conviens,0.3833,0.3915
11522,résolut,0.3831,0.3301
11523,obtenu,0.3830,0.3702
11524,grace,0.3829,0.4003
11525,lit,0.3829,0.3818
11526,flamand,0.3829,0.3270
11527,cris,0.3828,0.3977
11528,viande,0.3828,0.3950
11529,paroître,0.3826,0.3303
11530,provence,0.3826,0.4046
11531,l'amérique,0.3826,0.4050
11532,abbé,0.3825,0.4376
11533,aiment,0.3825,0.3811
11534,l'ordonnance,0.3825,0.3597
11535,particulieres,0.3825,0.3440
11536,laisse,0.3825,0.3648
11537,dettes,0.3824,0.4196
11538,que,0.3824,0.3296
11539,procurer,0.3824,0.4113
11540,baye,0.3824,0.3829
11541,languedoc,0.3823,0.3795
11542,appartient,0.3822,0.3448
11543,apprit,0.3822,0.4162
11544,prenant,0.3822,0.4049
11545,ausi,0.3821,0.4001
11546,pâturages,0.3821,0.4339
11547,foi,0.3821,0.3638
11548,onces,0.3821,0.3663
11549,gand,0.3820,0.5051
11550,achetée,0.3819,0.4191
11551,conviennent,0.3819,0.4587
11552,mena,0.3819,0.3849
11553,lumière,0.3817,0.3743
11554,j'aime,0.3817,0.3980
11555,arrivant,0.3817,0.5083
11556,juifs,0.3816,0.3521
11557,accordée,0.3816,0.3904
11558,offrir,0.3816,0.3064
11559,reçue,0.3815,0.3995
11560,l'été,0.3815,0.2914
11561,occidentale,0.3815,0.4002
11562,arrivoit,0.3814,0.3669
11563,seconde,0.3814,0.3635
11564,monarques,0.3814,0.4313
11565,prit,0.3814,0.3675
11566,bouts,0.3813,0.3804
11567,défend,0.3813,0.4375
11568,sache,0.3812,0.4067
11569,vendre,0.3812,0.3755
11570,prochains,0.3811,0.3011
11571,jeanne,0.3811,0.4165
11572,feize,0.3811,0.3850
11573,près,0.3811,0.4910
11574,tartre,0.3810,0.4018
11575,xxiv,0.3810,0.3523
11576,comtesse,0.3809,0.4669
11577,règle,0.3809,0.3346
11578,passent,0.3808,0.4373
11579,quitté,0.3806,0.4036
11580,exercent,0.3803,0.3455
11581,fleuve,0.3803,0.4252
11582,adorable,0.3803,0.3981
11583,parlent,0.3802,0.4810
11584,ombre,0.3801,0.3580
11585,habere,0.3801,0.3115
11586,inquiétude,0.3801,0.4120
11587,poitou,0.3799,0.4362
11588,amants,0.3799,0.3517
11589,racines,0.3799,0.2981
11590,chanoine,0.3798,0.5064
11591,arbres,0.3798,0.3713
11592,souvent,0.3797,0.3476
11593,ministres,0.3797,0.4174
11594,vêtu,0.3797,0.4039
11595,pais,0.3797,0.2515
11596,fidem,0.3796,0.2998
11597,beautés,0.3796,0.4348
11598,outils,0.3796,0.3872
11599,sa,0.3795,0.3500
11600,cloux,0.3795,0.4187
11601,savez,0.3794,0.4182
11602,différents,0.3794,0.3491
11603,cheminée,0.3794,0.4424
11604,ordonna,0.3792,0.4024
11605,derriere,0.3792,0.3798
11606,ambassadeurs,0.3792,0.4806
11607,remercier,0.3792,0.4288
11608,qu'aucune,0.3792,0.4194
11609,sept,0.3789,0.3332
11610,croyance,0.3789,0.4376
11611,succéda,0.3789,0.2993
11612,devint,0.3789,0.4666
11613,victoire,0.3788,0.4173
11614,vivent,0.3788,0.3818
11615,toile,0.3786,0.3969
11616,eu,0.3786,0.2866
11617,prélats,0.3786,0.3360
11618,écrivent,0.3786,0.4479
11619,le,0.3786,0.3030
11620,tirons,0.3785,0.3870
11621,officiers,0.3784,0.4397
11622,aulli,0.3784,0.3541
11623,devient,0.3783,0.2839
11624,rond,0.3783,0.3828
11625,plancher,0.3783,0.3104
11626,arrivé,0.3783,0.3999
11627,baillifs,0.3781,0.1985
11628,colere,0.3781,0.3366
11629,muids,0.3781,0.4206
11630,évêques,0.3780,0.3536
11631,egyptiens,0.3779,0.3545
11632,apollon,0.3776,0.4065
11633,vendôme,0.3775,0.3329
11634,conçois,0.3775,0.3232
11635,mourut,0.3775,0.4271
11636,crains,0.3775,0.3611
11637,privilège,0.3774,0.3437
11638,saçon,0.3773,0.4116
11639,douleurs,0.3772,0.4071
11640,laines,0.3772,0.3857
11641,croye,0.3772,0.3870
11642,commencé,0.3771,0.3523
11643,agneaux,0.3771,0.3761
11644,appellent,0.3770,0.3782
11645,fermé,0.3770,0.3442
11646,those,0.3770,0.3009
11647,remarqué,0.3769,0.4225
11648,coupable,0.3768,0.4283
11649,chemise,0.3768,0.4375
11650,appella,0.3767,0.3679
11651,périr,0.3767,0.3093
11652,concevoir,0.3766,0.3750
11653,repartit,0.3766,0.3582
11654,pièces,0.3766,0.2921
11655,déclaré,0.3765,0.4576
11656,baril,0.3765,0.4255
11657,fept,0.3764,0.3922
11658,prévenir,0.3764,0.3663
11659,héritages,0.3764,0.3962
11660,grenoble,0.3764,0.4211
11661,etoit,0.3763,0.3470
11662,voyois,0.3763,0.3574
11663,matelots,0.3762,0.3842
11664,xiii,0.3762,0.4798
11665,étiez,0.3761,0.3271
11666,trois,0.3760,0.3210
11667,habillé,0.3760,0.4699
11668,fusse,0.3759,0.3880
11669,permis,0.3758,0.3346
11670,résolution,0.3758,0.3300
11671,naturelles,0.3757,0.4895
11672,causoit,0.3757,0.4044
11673,beauté,0.3757,0.4306
11674,jean,0.3756,0.3832
11675,retirée,0.3756,0.4233
11676,barbare,0.3756,0.4459
11677,devra,0.3756,0.4023
11678,demandez,0.3755,0.4066
11679,suffira,0.3755,0.3940
11680,établie,0.3755,0.3966
11681,nomment,0.3754,0.3281
11682,frayeur,0.3754,0.3639
11683,fans,0.3753,0.3585
11684,gêneurs,0.3752,0.3838
11685,scilicet,0.3751,0.3194
11686,reflexions,0.3749,0.4186
11687,rendons,0.3749,0.4471
11688,armées,0.3748,0.4413
11689,lâche,0.3748,0.5090
11690,hollande,0.3747,0.4047
11691,oeufs,0.3747,0.4665
11692,pièce,0.3747,0.2784
11693,n'e,0.3746,0.2957
11694,regardent,0.3744,0.3604
11695,remets,0.3743,0.2953
11696,vanneau,0.3743,0.4912
11697,ques,0.3743,0.3890
11698,attraits,0.3743,0.4050
11699,siége,0.3742,0.2710
11700,tens,0.3741,0.2888
11701,refuser,0.3741,0.4348
11702,brebis,0.3737,0.3652
11703,verd,0.3736,0.4149
11704,divers,0.3736,0.3413
11705,xxviii,0.3736,0.3674
11706,l'avoue,0.3736,0.3011
11707,gouvernante,0.3735,0.4828
11708,mettez,0.3735,0.3962
11709,chevilles,0.3735,0.3535
11710,alii,0.3735,0.4396
11711,beuf,0.3733,0.4443
11712,text,0.3732,0.3753
11713,pintes,0.3731,0.3362
11714,assez,0.3731,0.3848
11715,attiré,0.3730,0.4316
11716,débiteurs,0.3730,0.3820
11717,trouvée,0.3729,0.3489
11718,boisson,0.3729,0.4119
11719,quelquefois,0.3729,0.3363
11720,blanc,0.3729,0.3703
11721,laissez,0.3728,0.4653
11722,lumiere,0.3728,0.3487
11723,accorda,0.3728,0.3814
11724,permit,0.3728,0.3701
11725,eurent,0.3727,0.3778
11726,essentielles,0.3727,0.4101
11727,âne,0.3726,0.4017
11728,hôtes,0.3726,0.4592
11729,regem,0.3725,0.3825
11730,empêchent,0.3725,0.3776
11731,on,0.3724,0.3597
11732,étoile,0.3724,0.3762
11733,l'orient,0.3722,0.3380
11734,maures,0.3722,0.4533
11735,septieme,0.3722,0.3965
11736,chargea,0.3720,0.3743
11737,sanglier,0.3720,0.4100
11738,voyent,0.3720,0.3344
11739,picardie,0.3720,0.4529
11740,obligée,0.3719,0.3952
11741,établi,0.3719,0.4040
11742,mariée,0.3719,0.3635
11743,aimée,0.3719,0.3456
11744,terrible,0.3719,0.3548
11745,forêt,0.3719,0.4337
11746,chapitre,0.3718,0.3828
11747,coquilles,0.3718,0.3665
11748,prêtre,0.3718,0.4773
11749,chagrins,0.3718,0.3367
11750,cicéron,0.3717,0.3904
11751,odeur,0.3717,0.4170
11752,funeste,0.3717,0.3412
11753,perfections,0.3716,0.3974
11754,here,0.3716,0.4443
11755,voulez,0.3716,0.3289
11756,assise,0.3715,0.3881
11757,bec,0.3715,0.4177
11758,ouvrage,0.3714,0.3946
11759,quinzaine,0.3714,0.3960
11760,intervalle,0.3713,0.3824
11761,dû,0.3712,0.2792
11762,sertile,0.3712,0.3439
11763,plumes,0.3711,0.4248
11764,recette,0.3710,0.4606
11765,mary,0.3710,0.3261
11766,vapeur,0.3710,0.3865
11767,apprenons,0.3709,0.3692
11768,appartenoit,0.3707,0.3715
11769,faisois,0.3706,0.3320
11770,payée,0.3705,0.3771
11771,souffert,0.3705,0.3709
11772,connoissancent,0.3704,0.4393
11773,valoient,0.3703,0.4478
11774,réponds,0.3703,0.3062
11775,crimes,0.3703,0.3447
11776,marbre,0.3703,0.5002
11777,prenait,0.3701,0.4090
11778,craignent,0.3701,0.3891
11779,ducs,0.3701,0.3590
11780,demoiselles,0.3700,0.4158
11781,nord,0.3700,0.3632
11782,n'es,0.3699,0.3213
11783,rapporté,0.3699,0.4170
11784,anne,0.3698,0.3384
11785,travaillé,0.3697,0.4275
11786,pape,0.3697,0.4231
11787,sembloient,0.3695,0.3278
11788,offrit,0.3694,0.3433
11789,herbes,0.3694,0.3527
11790,profondeur,0.3694,0.3658
11791,perdu,0.3693,0.4074
11792,m'as,0.3693,0.3859
11793,faison,0.3693,0.4314
11794,ambassadeur,0.3693,0.4408
11795,lequel,0.3692,0.3608
11796,achats,0.3692,0.4638
11797,nuages,0.3691,0.4225
11798,démontré,0.3691,0.3437
11799,prière,0.3690,0.3781
11800,echevins,0.3689,0.4417
11801,humide,0.3688,0.3673
11802,camarades,0.3688,0.3747
11803,drap,0.3687,0.3669
11804,fais,0.3687,0.3423
11805,verras,0.3686,0.3892
11806,siècle,0.3686,0.3555
11807,vivoient,0.3685,0.3433
11808,charmée,0.3684,0.3709
11809,statues,0.3683,0.3497
11810,maniére,0.3683,0.2806
11811,fusil,0.3682,0.4218
11812,ledit,0.3682,0.3574
11813,abfence,0.3681,0.3021
11814,régiment,0.3679,0.3501
11815,jours,0.3679,0.3880
11816,oncles,0.3678,0.3565
11817,répond,0.3678,0.3119
11818,laisser,0.3678,0.3838
11819,augmentation,0.3677,0.3775
11820,l'étoient,0.3675,0.2921
11821,demeurai,0.3674,0.3234
11822,n'osait,0.3674,0.3438
11823,imaginez,0.3673,0.3859
11824,fervi,0.3672,0.3491
11825,voulu,0.3671,0.3730
11826,payées,0.3669,0.4112
11827,imprimer,0.3669,0.4242
11828,prendront,0.3669,0.3491
11829,procedent,0.3669,0.3241
11830,manqua,0.3668,0.3586
11831,retourné,0.3668,0.4008
11832,provinces,0.3668,0.4225
11833,ponte,0.3666,0.3442
11834,pcre,0.3664,0.4041
11835,ancres,0.3663,0.4022
11836,connaissez,0.3663,0.3603
11837,n'osa,0.3662,0.4434
11838,faire,0.3660,0.4952
11839,possibles,0.3659,0.3854
11840,tendres,0.3659,0.4475
11841,revenir,0.3659,0.3903
11842,prétendoient,0.3658,0.3357
11843,cherchoient,0.3657,0.3493
11844,mouchoir,0.3656,0.3682
11845,propriétaires,0.3656,0.3324
11846,c'clt,0.3656,0.4209
11847,sortit,0.3656,0.3705
11848,donnée,0.3655,0.3506
11849,faisait,0.3655,0.4006
11850,ctoit,0.3654,0.4400
11851,aimable,0.3654,0.3750
11852,cherché,0.3653,0.3358
11853,princesse,0.3652,0.3681
11854,contribuent,0.3650,0.3772
11855,retirerent,0.3649,0.3717
11856,affaire,0.3648,0.4352
11857,des,0.3647,0.2157
11858,lieue,0.3645,0.4426
11859,bouteille,0.3645,0.3833
11860,violet,0.3644,0.3039
11861,facon,0.3643,0.3539
11862,marqua,0.3643,0.3843
11863,manger,0.3643,0.3898
11864,mangent,0.3642,0.3341
11865,agissent,0.3642,0.3837
11866,désespoir,0.3642,0.3420
11867,barque,0.3640,0.3633
11868,them,0.3640,0.3566
11869,ah,0.3639,0.2893
11870,xxxv,0.3639,0.4430
11871,s'imaginent,0.3638,0.3270
11872,somme,0.3637,0.4215
11873,comtes,0.3636,0.3724
11874,graces,0.3636,0.3396
11875,efl,0.3635,0.3829
11876,ifle,0.3635,0.3866
11877,feraient,0.3635,0.3957
11878,dents,0.3633,0.3887
11879,parens,0.3633,0.3010
11880,fureur,0.3633,0.3864
11881,larges,0.3632,0.3694
11882,cuir,0.3632,0.4165
11883,tué,0.3631,0.2932
11884,vendus,0.3630,0.4082
11885,auras,0.3629,0.4342
11886,trépas,0.3628,0.4542
11887,l'amende,0.3628,0.4144
11888,moment,0.3627,0.2771
11889,rondes,0.3626,0.3942
11890,forcé,0.3626,0.2851
11891,oeuf,0.3625,0.3454
11892,cacher,0.3625,0.3505
11893,donnent,0.3624,0.3294
11894,xxvii,0.3623,0.3607
11895,consuls,0.3623,0.4694
11896,promit,0.3622,0.3318
11897,rapportée,0.3622,0.3618
11898,vicaire,0.3622,0.4705
11899,permettent,0.3621,0.3259
11900,ferma,0.3621,0.3520
11901,tournant,0.3620,0.3449
11902,tapis,0.3620,0.4580
11903,pretexte,0.3620,0.3362
11904,semblé,0.3619,0.4374
11905,une,0.3617,0.3077
11906,grec,0.3617,0.3889
11907,magnifique,0.3617,0.3815
11908,huitaine,0.3617,0.3664
11909,irons,0.3617,0.3324
11910,efi,0.3616,0.3088
11911,chapelle,0.3615,0.4277
11912,test,0.3615,0.4354
11913,avancée,0.3613,0.4393
11914,obligées,0.3611,0.3889
11915,guère,0.3611,0.3893
11916,sauvé,0.3610,0.3919
11917,habet,0.3610,0.3889
11918,propriétaire,0.3609,0.4353
11919,côtes,0.3609,0.3629
11920,disoient,0.3608,0.3443
11921,répondre,0.3607,0.4239
11922,jugera,0.3606,0.3880
11923,édifices,0.3606,0.2779
11924,lucius,0.3606,0.3252
11925,dépend,0.3605,0.3851
11926,eit,0.3605,0.3356
11927,laurent,0.3605,0.5403
11928,langues,0.3604,0.4147
11929,carrosse,0.3604,0.3614
11930,plaignent,0.3604,0.3564
11931,rivieres,0.3604,0.4340
11932,vallées,0.3604,0.3264
11933,apôtres,0.3604,0.3885
11934,aurons,0.3603,0.4049
11935,ôté,0.3603,0.2747
11936,extraits,0.3603,0.5100
11937,divines,0.3603,0.4380
11938,venez,0.3603,0.4386
11939,poème,0.3602,0.3532
11940,regards,0.3601,0.3222
11941,plantes,0.3601,0.3817
11942,terribles,0.3600,0.3759
11943,comte,0.3600,0.3634
11944,eûmes,0.3600,0.3333
11945,italiens,0.3599,0.4575
11946,débiteur,0.3598,0.3156
11947,d'ardeur,0.3597,0.3331
11948,milan,0.3597,0.4579
11949,brun,0.3597,0.4193
11950,l'avons,0.3597,0.3197
11951,rubans,0.3596,0.3231
11952,expliqué,0.3594,0.3063
11953,flots,0.3593,0.3452
11954,partirent,0.3593,0.3975
11955,ecrivains,0.3593,0.2761
11956,étrangers,0.3592,0.3911
11957,contraints,0.3586,0.3758
11958,dernières,0.3585,0.3086
11959,choses,0.3585,0.3681
11960,saintes,0.3585,0.4401
11961,prêtres,0.3584,0.4150
11962,lesquelles,0.3583,0.3787
11963,cents,0.3583,0.3481
11964,chien,0.3582,0.3538
11965,tirent,0.3580,0.3915
11966,graines,0.3580,0.3450
11967,scpt,0.3580,0.4075
11968,suede,0.3580,0.4315
11969,appartiennent,0.3580,0.3690
11970,libraire,0.3579,0.3742
11971,païs,0.3579,0.2589
11972,grosseur,0.3579,0.4588
11973,capables,0.3578,0.3903
11974,dicitur,0.3578,0.3601
11975,remit,0.3577,0.3495
11976,supplie,0.3577,0.3120
11977,description,0.3577,0.3986
11978,raconta,0.3577,0.3764
11979,semaines,0.3576,0.3518
11980,craignoit,0.3575,0.3524
11981,empereurs,0.3574,0.4478
11982,épaisse,0.3574,0.3626
11983,rouvraies,0.3573,0.3670
11984,fleurs,0.3572,0.3688
11985,french,0.3572,0.2042
11986,m'appelle,0.3570,0.3801
11987,ergo,0.3570,0.3315
11988,venger,0.3570,0.3306
11989,régles,0.3570,0.2988
11990,courut,0.3569,0.3534
11991,profits,0.3569,0.3814
11992,n'étant,0.3567,0.3280
11993,charmante,0.3567,0.3788
11994,second,0.3566,0.3642
11995,regrets,0.3566,0.3830
11996,françois,0.3566,0.3987
11997,marguerite,0.3564,0.2885
11998,présenta,0.3563,0.3943
11999,rentes,0.3563,0.4431
12000,prions,0.3563,0.2837
12001,reçoivent,0.3563,0.2735
12002,sylla,0.3561,0.3516
12003,prétend,0.3561,0.3247
12004,équipages,0.3560,0.4187
12005,inclinations,0.3560,0.3283
12006,l'une,0.3560,0.3499
12007,courage,0.3559,0.3437
12008,voudra,0.3559,0.3350
12009,capitaines,0.3559,0.4708
12010,son,0.3558,0.2850
12011,m'ait,0.3558,0.3173
12012,ecoliers,0.3558,0.3314
12013,quidquid,0.3558,0.3001
12014,me,0.3557,0.3192
12015,dérober,0.3556,0.3555
12016,aurai,0.3556,0.3062
12017,magnifiques,0.3555,0.3708
12018,pâte,0.3554,0.3808
12019,porc,0.3554,0.3926
12020,rubis,0.3553,0.3827
12021,mettroit,0.3553,0.3673
12022,oublié,0.3553,0.3738
12023,d'henri,0.3553,0.3808
12024,vases,0.3553,0.3523
12025,troupes,0.3549,0.3135
12026,démarches,0.3549,0.3082
12027,idées,0.3548,0.3127
12028,soixante,0.3548,0.3818
12029,temples,0.3547,0.3644
12030,église,0.3547,0.3445
12031,cetre,0.3547,0.3256
12032,marcus,0.3547,0.3655
12033,platon,0.3547,0.3465
12034,quatre,0.3546,0.3095
12035,troupe,0.3545,0.3041
12036,matin,0.3545,0.3482
12037,donnerai,0.3544,0.3116
12038,tombé,0.3543,0.3898
12039,espèce,0.3543,0.2862
12040,pensez,0.3542,0.3308
12041,retira,0.3541,0.4060
12042,plante,0.3540,0.3831
12043,d'aucune,0.3540,0.3478
12044,créanciers,0.3540,0.3292
12045,reçut,0.3540,0.3647
12046,crut,0.3539,0.3302
12047,particulière,0.3539,0.3839
12048,montra,0.3538,0.3981
12049,conformément,0.3538,0.4098
12050,date,0.3537,0.3902
12051,amans,0.3536,0.3246
12052,chapeau,0.3536,0.3291
12053,other,0.3536,0.2719
12054,fait,0.3533,0.3266
12055,couchant,0.3533,0.3402
12056,éloge,0.3533,0.3668
12057,quintus,0.3533,0.3919
12058,sénateurs,0.3532,0.3788
12059,couverte,0.3532,0.3776
12060,plaines,0.3531,0.3397
12061,visage,0.3531,0.3757
12062,incident,0.3530,0.3613
12063,duré,0.3529,0.3831
12064,t'es,0.3528,0.3460
12065,roses,0.3527,0.3595
12066,destin,0.3526,0.3700
12067,n'ayez,0.3525,0.3579
12068,fâché,0.3525,0.3764
12069,apporté,0.3523,0.4139
12070,diverses,0.3522,0.2790
12071,souverains,0.3521,0.3848
12072,verts,0.3520,0.5190
12073,aucunes,0.3520,0.3870
12074,connais,0.3520,0.3534
12075,soldats,0.3519,0.3740
12076,pria,0.3518,0.3230
12077,magnificence,0.3518,0.3394
12078,rencontra,0.3516,0.4465
12079,philosophes,0.3516,0.3471
12080,mulets,0.3516,0.4241
12081,mouvements,0.3515,0.3317
12082,nécessaires,0.3515,0.3533
12083,péril,0.3512,0.2893
12084,grecque,0.3512,0.3632
12085,n'aura,0.3511,0.3449
12086,mette,0.3508,0.3296
12087,appris,0.3508,0.3546
12088,eusse,0.3507,0.2966
12089,mange,0.3507,0.3569
12090,entendent,0.3506,0.3790
12091,draps,0.3506,0.3912
12092,hauteur,0.3505,0.3482
12093,signifie,0.3505,0.3195
12094,hymen,0.3504,0.3710
12095,vite,0.3502,0.3107
12096,jugea,0.3502,0.4477
12097,verroit,0.3501,0.2785
12098,femme,0.3501,0.3353
12099,cheveux,0.3501,0.4127
12100,coté,0.3501,0.2851
12101,ouvrit,0.3501,0.3892
12102,considérable,0.3500,0.3288
12103,bleu,0.3499,0.3333
12104,adore,0.3498,0.3021
12105,prétendoit,0.3497,0.3400
12106,fournir,0.3496,0.4556
12107,demanderent,0.3496,0.3382
12108,légumes,0.3496,0.3818
12109,auteurs,0.3496,0.2619
12110,boeuf,0.3496,0.3165
12111,d'arbres,0.3495,0.3848
12112,tribuns,0.3495,0.3693
12113,dames,0.3494,0.3417
12114,vignes,0.3494,0.3740
12115,rivage,0.3493,0.3605
12116,marchand,0.3493,0.3958
12117,personne,0.3492,0.3466
12118,toises,0.3491,0.3903
12119,d'huile,0.3491,0.3912
12120,passa,0.3491,0.3232
12121,fenêtres,0.3490,0.4596
12122,serment,0.3489,0.3691
12123,pologne,0.3489,0.3818
12124,arriverent,0.3488,0.3738
12125,ferait,0.3488,0.3701
12126,amours,0.3488,0.4307
12127,doctrine,0.3487,0.4005
12128,indigne,0.3487,0.3849
12129,sixième,0.3486,0.4261
12130,permettoit,0.3485,0.2950
12131,quelles,0.3485,0.3702
12132,paie,0.3484,0.4024
12133,hais,0.3484,0.2873
12134,conformes,0.3484,0.4467
12135,l'orge,0.3482,0.3091
12136,article,0.3482,0.4038
12137,disoit,0.3481,0.3751
12138,qu'elle,0.3481,0.3148
12139,particulières,0.3480,0.3414
12140,princesses,0.3478,0.3914
12141,audit,0.3477,0.3482
12142,difons,0.3477,0.4540
12143,n'aiment,0.3476,0.3588
12144,jupiter,0.3476,0.3449
12145,commencèrent,0.3475,0.3730
12146,grecs,0.3475,0.3678
12147,colonel,0.3475,0.3594
12148,aimait,0.3475,0.3594
12149,vantent,0.3474,0.3959
12150,aifé,0.3473,0.3328
12151,s'écria,0.3472,0.4598
12152,plaise,0.3472,0.3614
12153,horrible,0.3471,0.2908
12154,prétendez,0.3471,0.3326
12155,plaira,0.3470,0.3630
12156,cette,0.3470,0.3856
12157,contient,0.3466,0.3606
12158,qu'un,0.3466,0.3621
12159,l'aime,0.3465,0.3367
12160,parle,0.3465,0.3899
12161,procede,0.3464,0.3198
12162,soir,0.3464,0.4113
12163,puifle,0.3463,0.2902
12164,privilèges,0.3463,0.2779
12165,orné,0.3463,0.3744
12166,paroissent,0.3463,0.2801
12167,farine,0.3463,0.3365
12168,flotte,0.3462,0.3420
12169,corail,0.3461,0.4341
12170,choux,0.3461,0.3858
12171,réponses,0.3458,0.3438
12172,promets,0.3458,0.3620
12173,dira,0.3458,0.3012
12174,assis,0.3457,0.3369
12175,amant,0.3457,0.3125
12176,peintres,0.3457,0.3115
12177,bureaux,0.3457,0.4182
12178,désirs,0.3457,0.3631
12179,promenades,0.3456,0.4385
12180,ôtoient,0.3455,0.3703
12181,jugeront,0.3455,0.3129
12182,caractères,0.3455,0.3697
12183,enfans,0.3453,0.2723
12184,confirmé,0.3452,0.3317
12185,corsaires,0.3451,0.4007
12186,xviii,0.3451,0.3044
12187,magistrats,0.3450,0.3798
12188,mettra,0.3450,0.3423
12189,gauche,0.3450,0.3692
12190,quitta,0.3450,0.4015
12191,historiens,0.3450,0.3085
12192,averti,0.3450,0.3742
12193,secretaire,0.3450,0.3368
12194,accorder,0.3449,0.3650
12195,préparez,0.3449,0.3517
12196,prétexte,0.3448,0.3677
12197,provisions,0.3448,0.4503
12198,cru,0.3447,0.3262
12199,maître,0.3446,0.3102
12200,florence,0.3446,0.4408
12201,ciceron,0.3446,0.4157
12202,fondé,0.3445,0.3289
12203,dimanche,0.3445,0.3264
12204,denrées,0.3444,0.4179
12205,chaloupes,0.3444,0.3587
12206,étois,0.3444,0.3784
12207,xxvi,0.3442,0.3278
12208,isle,0.3442,0.3316
12209,prioit,0.3440,0.3912
12210,mon,0.3440,0.2704
12211,bourges,0.3438,0.3977
12212,golfe,0.3438,0.4007
12213,escalier,0.3436,0.2952
12214,economic,0.3434,0.1800
12215,connois,0.3433,0.3225
12216,dises,0.3433,0.4469
12217,voit,0.3433,0.2872
12218,cadette,0.3433,0.4158
12219,ofé,0.3432,0.2702
12220,déroger,0.3432,0.3973
12221,rivières,0.3431,0.2640
12222,icy,0.3431,0.2974
12223,plusieurs,0.3430,0.3905
12224,xvii,0.3429,0.3193
12225,répondu,0.3428,0.3337
12226,désordres,0.3428,0.3423
12227,raconté,0.3427,0.3609
12228,mouton,0.3426,0.3516
12229,favoris,0.3426,0.3918
12230,derniere,0.3426,0.3201
12231,parlerons,0.3424,0.3375
12232,césar,0.3423,0.4805
12233,bateaux,0.3423,0.3868
12234,m'est,0.3423,0.2989
12235,histoire,0.3423,0.3598
12236,freres,0.3422,0.3368
12237,n'ose,0.3422,0.3390
12238,tient,0.3420,0.3336
12239,vaches,0.3420,0.3218
12240,isles,0.3420,0.3311
12241,remboursement,0.3420,0.3504
12242,partit,0.3417,0.3533
12243,devinrent,0.3416,0.3712
12244,persuadé,0.3415,0.3424
12245,jette,0.3414,0.3366
12246,surpris,0.3414,0.3334
12247,s'être,0.3414,0.3070
12248,rouge,0.3413,0.3188
12249,piquent,0.3413,0.3792
12250,assemblée,0.3413,0.3567
12251,sert,0.3412,0.3161
12252,viens,0.3412,0.3488
12253,pcut,0.3412,0.4230
12254,demanda,0.3412,0.2896
12255,servit,0.3412,0.3227
12256,entendons,0.3409,0.4202
12257,vîte,0.3409,0.3007
12258,répondis,0.3408,0.3354
12259,rameaux,0.3407,0.4903
12260,fâchée,0.3406,0.3048
12261,dirons,0.3406,0.3265
12262,ayant,0.3405,0.2926
12263,étc,0.3405,0.3494
12264,edouard,0.3403,0.4679
12265,créancier,0.3403,0.2803
12266,plutarque,0.3403,0.3983
12267,portoit,0.3403,0.3540
12268,galant,0.3402,0.3825
12269,latin,0.3401,0.3945
12270,fevrier,0.3400,0.2854
12271,verra,0.3400,0.3425
12272,prenne,0.3399,0.2800
12273,disent,0.3399,0.3201
12274,ôte,0.3399,0.3068
12275,fête,0.3399,0.3981
12276,parlerai,0.3399,0.3298
12277,dirai,0.3398,0.3126
12278,princes,0.3398,0.3765
12279,vais,0.3398,0.3442
12280,where,0.3398,0.3393
12281,alios,0.3397,0.3567
12282,favoit,0.3397,0.3858
12283,étendue,0.3397,0.3137
12284,branche,0.3397,0.3004
12285,heures,0.3396,0.3738
12286,noix,0.3396,0.3065
12287,donnait,0.3396,0.3650
12288,n'etoit,0.3395,0.2966
12289,chênes,0.3394,0.4351
12290,sortirent,0.3394,0.3902
12291,entends,0.3394,0.3039
12292,portugais,0.3392,0.3336
12293,charles,0.3391,0.4116
12294,xxii,0.3390,0.3531
12295,ongles,0.3389,0.3735
12296,vinrent,0.3388,0.3270
12297,raisins,0.3386,0.3379
12298,hélas,0.3385,0.2817
12299,vénus,0.3385,0.3808
12300,déclaration,0.3383,0.3042
12301,protestans,0.3383,0.4176
12302,croit,0.3382,0.2995
12303,rentra,0.3380,0.3574
12304,perds,0.3380,0.2838
12305,desquelles,0.3379,0.3747
12306,venu,0.3378,0.3205
12307,parents,0.3378,0.2756
12308,servi,0.3375,0.3468
12309,reste,0.3374,0.3352
12310,valets,0.3373,0.4061
12311,catholiques,0.3373,0.4270
12312,dudit,0.3372,0.2480
12313,tuyau,0.3371,0.3610
12314,foyons,0.3371,0.3228
12315,contentent,0.3367,0.3438
12316,mémoires,0.3366,0.4038
12317,mettent,0.3365,0.3422
12318,n'entend,0.3364,0.3839
12319,aucun,0.3364,0.3178
12320,s'étant,0.3363,0.3430
12321,huile,0.3362,0.3665
12322,plains,0.3362,0.2761
12323,appelloient,0.3360,0.3275
12324,j'aimerois,0.3359,0.3302
12325,book,0.3358,0.2384
12326,mettoit,0.3357,0.3832
12327,siécle,0.3356,0.2553
12328,mettrai,0.3356,0.3274
12329,esté,0.3354,0.2105
12330,selon,0.3354,0.3021
12331,l'automne,0.3353,0.3593
12332,trouvât,0.3352,0.3592
12333,decret,0.3352,0.2295
12334,rayons,0.3352,0.4412
12335,juan,0.3351,0.2843
12336,nommée,0.3351,0.3133
12337,qu'on,0.3350,0.3317
12338,majeste,0.3349,0.2897
12339,gris,0.3347,0.3709
12340,descendans,0.3347,0.3476
12341,diane,0.3347,0.3713
12342,dife,0.3347,0.3231
12343,apprennent,0.3346,0.2736
12344,dernière,0.3346,0.2838
12345,poulets,0.3345,0.3836
12346,entendoit,0.3345,0.3216
12347,legitime,0.3343,0.3008
12348,découvre,0.3342,0.3895
12349,entière,0.3342,0.3903
12350,cables,0.3341,0.3515
12351,nommoit,0.3340,0.3240
12352,diminution,0.3339,0.3275
12353,pigeons,0.3339,0.3613
12354,derrière,0.3337,0.3665
12355,bergers,0.3337,0.4427
12356,théologiens,0.3336,0.3620
12357,oiseaux,0.3336,0.3635
12358,livourne,0.3335,0.3642
12359,election,0.3335,0.2729
12360,sentoit,0.3334,0.3022
12361,mettoient,0.3334,0.2773
12362,village,0.3334,0.3989
12363,accorde,0.3332,0.3246
12364,maîtresse,0.3332,0.3609
12365,fît,0.3331,0.2565
12366,viennent,0.3331,0.3435
12367,valoit,0.3330,0.3429
12368,figues,0.3327,0.3144
12369,espèces,0.3326,0.2980
12370,cro,0.3326,0.3105
12371,etrangers,0.3326,0.3290
12372,aîné,0.3323,0.3029
12373,avocat,0.3323,0.4396
12374,chariots,0.3323,0.3723
12375,chrétiens,0.3322,0.3332
12376,iroient,0.3320,0.3641
12377,prié,0.3320,0.4057
12378,château,0.3319,0.3022
12379,payeront,0.3316,0.3502
12380,devront,0.3315,0.3195
12381,premieres,0.3310,0.2933
12382,fallut,0.3309,0.2927
12383,vît,0.3309,0.3037
12384,expliquer,0.3306,0.3654
12385,manquoient,0.3305,0.3202
12386,only,0.3305,0.2222
12387,m'avez,0.3305,0.3257
12388,soyons,0.3303,0.3105
12389,n'eurent,0.3303,0.3756
12390,hyver,0.3302,0.3199
12391,secrétaire,0.3301,0.3708
12392,rivages,0.3301,0.3361
12393,conseille,0.3300,0.2932
12394,poires,0.3300,0.3330
12395,alloient,0.3299,0.3211
12396,fromage,0.3299,0.3395
12397,vingt,0.3299,0.2934
12398,tempêtes,0.3294,0.3666
12399,escadre,0.3294,0.3916
12400,témoigna,0.3293,0.3814
12401,gendre,0.3293,0.3348
12402,peux,0.3292,0.3243
12403,pieds,0.3292,0.2585
12404,héritiers,0.3290,0.3685
12405,marchas,0.3288,0.4368
12406,vint,0.3288,0.3111
12407,notaires,0.3287,0.3928
12408,cft,0.3284,0.3291
12409,armée,0.3284,0.3559
12410,entant,0.3282,0.2529
12411,donnerez,0.3282,0.3101
12412,république,0.3279,0.4143
12413,épousé,0.3279,0.4169
12414,furent,0.3278,0.3198
12415,servirent,0.3278,0.3069
12416,faciles,0.3278,0.3630
12417,rouges,0.3277,0.2988
12418,entré,0.3277,0.3545
12419,goldsmithsâ,0.3276,0.0922
12420,droite,0.3275,0.4309
12421,passoit,0.3274,0.3579
12422,l'espagne,0.3273,0.3538
12423,planter,0.3273,0.4105
12424,récit,0.3273,0.3664
12425,chaloupe,0.3272,0.3506
12426,ressemble,0.3272,0.3304
12427,règne,0.3269,0.3381
12428,volaille,0.3269,0.3671
12429,l'angleterre,0.3266,0.3481
12430,galerie,0.3264,0.4099
12431,humble,0.3263,0.3482
12432,donneront,0.3263,0.3571
12433,prenoit,0.3263,0.2927
12434,n'être,0.3263,0.3996
12435,boivent,0.3260,0.4129
12436,interrompit,0.3260,0.3895
12437,foyez,0.3258,0.3390
12438,foir,0.3256,0.3573
12439,s'est,0.3255,0.3168
12440,l'ont,0.3255,0.3580
12441,devrois,0.3250,0.3448
12442,dieu,0.3250,0.3813
12443,l'avez,0.3250,0.3091
12444,francfort,0.3250,0.4647
12445,confiscation,0.3250,0.2636
12446,confirmée,0.3249,0.3123
12447,priviléges,0.3247,0.2109
12448,trouvois,0.3247,0.3246
12449,riviere,0.3247,0.4015
12450,habits,0.3246,0.3680
12451,demandoit,0.3246,0.3133
12452,verrons,0.3245,0.3221
12453,capitaine,0.3244,0.4921
12454,union,0.3243,0.3228
12455,ayons,0.3243,0.3277
12456,tenoient,0.3243,0.3177
12457,manqueroit,0.3243,0.3124
12458,tenons,0.3242,0.4411
12459,l'huile,0.3241,0.3711
12460,clauses,0.3240,0.4413
12461,jugent,0.3239,0.2856
12462,demandai,0.3238,0.2661
12463,très,0.3238,0.2936
12464,ceinture,0.3238,0.3919
12465,successeurs,0.3238,0.2554
12466,greffiers,0.3237,0.3667
12467,poëte,0.3236,0.3402
12468,prenoient,0.3235,0.2788
12469,evêques,0.3233,0.2990
12470,favent,0.3233,0.2963
12471,venoient,0.3232,0.2972
12472,chosc,0.3231,0.3619
12473,hôte,0.3230,0.3625
12474,posez,0.3230,0.2790
12475,rendra,0.3229,0.3727
12476,refusez,0.3227,0.2980
12477,n'eus,0.3227,0.3306
12478,appellée,0.3226,0.2989
12479,j'aurois,0.3226,0.2749
12480,voyoient,0.3225,0.2978
12481,cherchent,0.3224,0.3150
12482,collines,0.3223,0.2985
12483,frere,0.3222,0.2645
12484,aventures,0.3221,0.3474
12485,t'ai,0.3220,0.3103
12486,temns,0.3219,0.3055
12487,m'ayant,0.3216,0.3414
12488,represente,0.3212,0.2904
12489,frères,0.3210,0.3071
12490,croyois,0.3209,0.3412
12491,épouvantable,0.3207,0.3902
12492,forteresse,0.3206,0.3534
12493,courroux,0.3205,0.3471
12494,salle,0.3205,0.4105
12495,peau,0.3204,0.3450
12496,colère,0.3204,0.2808
12497,loy,0.3203,0.2713
12498,d'empressement,0.3203,0.3262
12499,affreux,0.3201,0.3680
12500,please,0.3200,0.2841
12501,books,0.3200,0.2579
12502,croyent,0.3199,0.2872
12503,c'eit,0.3198,0.3106
12504,observé,0.3198,0.3245
12505,femmes,0.3196,0.3909
12506,laissoient,0.3194,0.3193
12507,payé,0.3193,0.3536
12508,tourna,0.3192,0.3981
12509,beurre,0.3192,0.3214
12510,conseillers,0.3192,0.3862
12511,cochon,0.3192,0.3575
12512,n'ignoroit,0.3192,0.3144
12513,persuadée,0.3191,0.4037
12514,manieres,0.3191,0.2821
12515,voyait,0.3191,0.3838
12516,ceux,0.3190,0.3595
12517,junon,0.3189,0.3294
12518,barques,0.3189,0.3779
12519,poche,0.3187,0.4175
12520,literature,0.3186,0.1261
12521,manquera,0.3186,0.3466
12522,rester,0.3184,0.3056
12523,avés,0.3184,0.3647
12524,êtes,0.3184,0.2985
12525,donne,0.3183,0.3061
12526,siecles,0.3182,0.2419
12527,scene,0.3182,0.3232
12528,cousine,0.3179,0.3179
12529,l'ecriture,0.3178,0.3758
12530,aprés,0.3178,0.3364
12531,compatriotes,0.3176,0.3341
12532,semblent,0.3175,0.3022
12533,évêque,0.3175,0.3461
12534,differentes,0.3174,0.3172
12535,bled,0.3173,0.3469
12536,environnée,0.3173,0.3015
12537,d'amende,0.3172,0.3543
12538,cinquieme,0.3169,0.3140
12539,avocats,0.3168,0.4360
12540,allemagne,0.3165,0.3306
12541,étes,0.3164,0.3579
12542,remède,0.3162,0.3229
12543,volunt,0.3161,0.2498
12544,villes,0.3160,0.3601
12545,veuille,0.3159,0.3316
12546,oiseau,0.3158,0.3036
12547,pouvant,0.3157,0.3254
12548,verrai,0.3157,0.3280
12549,ruisseaux,0.3157,0.3316
12550,élevée,0.3157,0.3963
12551,navire,0.3153,0.3141
12552,mirent,0.3152,0.3700
12553,trouvons,0.3151,0.3174
12554,grâces,0.3149,0.3396
12555,dernieres,0.3145,0.3006
12556,j'aurai,0.3145,0.3870
12557,pourra,0.3144,0.2648
12558,ferions,0.3143,0.2881
12559,croirois,0.3143,0.3136
12560,foin,0.3142,0.3324
12561,septentrion,0.3142,0.2826
12562,chants,0.3141,0.3539
12563,pattes,0.3140,0.3462
12564,sénéchaux,0.3140,0.1804
12565,vitriol,0.3139,0.3825
12566,ailes,0.3137,0.2928
12567,agreable,0.3136,0.2645
12568,ouvrir,0.3135,0.3160
12569,avons,0.3135,0.2910
12570,étions,0.3134,0.3025
12571,espece,0.3134,0.2940
12572,allerent,0.3133,0.2834
12573,onze,0.3132,0.3054
12574,first,0.3131,0.3149
12575,couté,0.3129,0.3190
12576,l'hyver,0.3128,0.2934
12577,firent,0.3128,0.2778
12578,fibres,0.3127,0.3946
12579,barons,0.3126,0.3627
12580,nécessaire,0.3125,0.3257
12581,jetterent,0.3125,0.2939
12582,fauroient,0.3124,0.2669
12583,etienne,0.3122,0.4675
12584,reduite,0.3120,0.3384
12585,esprit,0.3119,0.3543
12586,ancêtres,0.3119,0.3459
12587,l'occident,0.3117,0.2974
12588,soins,0.3115,0.2654
12589,vaisseaux,0.3114,0.3050
12590,mettrez,0.3114,0.3114
12591,tranquillité,0.3114,0.3211
12592,c'efi,0.3114,0.2759
12593,etre,0.3113,0.3353
12594,entra,0.3112,0.3151
12595,peintures,0.3112,0.3760
12596,auteur,0.3111,0.3049
12597,événement,0.3110,0.3320
12598,suissent,0.3107,0.2638
12599,bâtie,0.3105,0.2996
12600,dragons,0.3103,0.4377
12601,arbre,0.3102,0.3482
12602,receveur,0.3101,0.3667
12603,n'ait,0.3099,0.3056
12604,tombeau,0.3096,0.3437
12605,endroits,0.3094,0.2796
12606,tante,0.3090,0.3300
12607,paiement,0.3088,0.3617
12608,aprs,0.3087,0.3710
12609,amendes,0.3086,0.4273
12610,diamans,0.3086,0.2806
12611,vaudroit,0.3084,0.3289
12612,mâles,0.3084,0.3798
12613,effroyable,0.3082,0.3646
12614,sçauroit,0.3082,0.1777
12615,cochons,0.3079,0.3524
12616,jambes,0.3077,0.3255
12617,voeux,0.3075,0.3484
12618,soient,0.3075,0.2493
12619,regles,0.3073,0.2799
12620,laissai,0.3071,0.3358
12621,lacs,0.3070,0.4592
12622,vallée,0.3070,0.3537
12623,plairoit,0.3067,0.3207
12624,m'a,0.3065,0.2603
12625,veut,0.3064,0.2775
12626,d'aucun,0.3064,0.3885
12627,privileges,0.3063,0.2619
12628,vous,0.3063,0.3216
12629,remettre,0.3063,0.4249
12630,s'agit,0.3062,0.2664
12631,devrait,0.3062,0.3026
12632,tonneau,0.3061,0.4352
12633,pierreries,0.3060,0.3161
12634,regarda,0.3059,0.3165
12635,règles,0.3058,0.2607
12636,canelle,0.3054,0.2830
12637,entendit,0.3053,0.3538
12638,fassent,0.3050,0.3543
12639,fleuves,0.3048,0.3902
12640,n'êtes,0.3048,0.3203
12641,l'auroit,0.3046,0.2306
12642,prières,0.3044,0.2932
12643,dire,0.3044,0.3004
12644,vendeur,0.3043,0.3164
12645,desdits,0.3042,0.2622
12646,vîmes,0.3041,0.2950
12647,garnison,0.3041,0.4223
12648,alla,0.3038,0.2592
12649,éclat,0.3037,0.3689
12650,appelloit,0.3035,0.2618
12651,aprcs,0.3034,0.3281
12652,recevons,0.3034,0.3539
12653,espagne,0.3033,0.3344
12654,retourner,0.3032,0.3162
12655,allé,0.3032,0.3513
12656,ferais,0.3027,0.2779
12657,longtems,0.3027,0.3783
12658,ovale,0.3027,0.3927
12659,nerfs,0.3025,0.3753
12660,faudrait,0.3025,0.2718
12661,bouillir,0.3022,0.3127
12662,soin,0.3022,0.3013
12663,marquis,0.3022,0.3364
12664,vont,0.3020,0.3171
12665,portoient,0.3020,0.2982
12666,donnât,0.3020,0.3643
12667,achetées,0.3017,0.3925
12668,velours,0.3017,0.3358
12669,aucune,0.3014,0.3371
12670,fermer,0.3014,0.3061
12671,saison,0.3014,0.3468
12672,cinquième,0.3013,0.2834
12673,rochers,0.3012,0.2995
12674,avais,0.3012,0.2796
12675,tenoit,0.3009,0.3322
12676,n'aime,0.3008,0.2691
12677,modern,0.3007,0.1791
12678,operations,0.3006,0.2594
12679,lesdits,0.3004,0.2582
12680,rives,0.3003,0.2867
12681,diminué,0.3003,0.3462
12682,rends,0.3003,0.3425
12683,l'avoine,0.3002,0.3443
12684,rems,0.2998,0.2302
12685,différens,0.2996,0.2550
12686,reprit,0.2994,0.3537
12687,vinaigre,0.2994,0.3449
12688,l'aurois,0.2993,0.2177
12689,bone,0.2993,0.3792
12690,fîmes,0.2992,0.2400
12691,qfm,0.2992,0.1372
12692,neveu,0.2992,0.2708
12693,trouverons,0.2991,0.2765
12694,arriva,0.2989,0.3720
12695,voulût,0.2989,0.2947
12696,voudrois,0.2986,0.2531
12697,printemps,0.2986,0.2681
12698,etoient,0.2985,0.3423
12699,affection,0.2983,0.3289
12700,proposa,0.2983,0.3347
12701,poivre,0.2983,0.3500
12702,rencontrent,0.2981,0.2866
12703,étonné,0.2980,0.2854
12704,croirai,0.2980,0.2751
12705,cadix,0.2979,0.4794
12706,n'as,0.2978,0.3386
12707,desdites,0.2976,0.2874
12708,appellons,0.2973,0.3583
12709,acheté,0.2973,0.3374
12710,prennent,0.2973,0.3450
12711,vaisseau,0.2972,0.2552
12712,barils,0.2971,0.3476
12713,erre,0.2971,0.2604
12714,enfants,0.2971,0.2865
12715,cettc,0.2971,0.3239
12716,illum,0.2971,0.2108
12717,porta,0.2969,0.3621
12718,dépense,0.2968,0.3517
12719,payens,0.2965,0.3829
12720,répliqua,0.2964,0.2986
12721,trouvai,0.2964,0.2777
12722,credit,0.2962,0.2358
12723,chapeaux,0.2962,0.3581
12724,tcms,0.2962,0.3149
12725,ferez,0.2957,0.2961
12726,m'étoit,0.2957,0.2796
12727,amies,0.2956,0.3702
12728,consiscation,0.2956,0.2594
12729,manières,0.2955,0.2738
12730,pû,0.2954,0.1972
12731,négocians,0.2950,0.3114
12732,jésus,0.2950,0.3912
12733,pere,0.2950,0.2810
12734,pères,0.2949,0.3524
12735,prendrez,0.2947,0.3296
12736,espéce,0.2946,0.3069
12737,ornée,0.2943,0.2842
12738,puisent,0.2943,0.2549
12739,éroit,0.2942,0.2453
12740,d'infanterie,0.2942,0.3640
12741,anglois,0.2941,0.3084
12742,jugeoit,0.2939,0.2961
12743,quoiqu'elle,0.2938,0.2870
12744,seize,0.2938,0.3021
12745,vouloient,0.2937,0.2071
12746,donna,0.2937,0.2788
12747,ferai,0.2936,0.3108
12748,c'el,0.2936,0.2867
12749,n'avoir,0.2933,0.2925
12750,après,0.2932,0.2931
12751,puise,0.2930,0.3228
12752,enim,0.2930,0.3622
12753,revinrent,0.2928,0.3476
12754,dise,0.2928,0.3676
12755,n'aurez,0.2926,0.2644
12756,j'étois,0.2925,0.3311
12757,receveurs,0.2925,0.3446
12758,generale,0.2923,0.2561
12759,tombée,0.2921,0.3568
12760,l'ayant,0.2921,0.3302
12761,feuilles,0.2921,0.3139
12762,jesus,0.2918,0.2972
12763,nomme,0.2917,0.2385
12764,navires,0.2916,0.2698
12765,comprends,0.2916,0.2742
12766,terns,0.2915,0.2647
12767,j'ai,0.2913,0.2605
12768,evêque,0.2911,0.2990
12769,scire,0.2911,0.2032
12770,j'étais,0.2911,0.2671
12771,n'cst,0.2910,0.2624
12772,feriez,0.2909,0.3225
12773,regardoit,0.2909,0.2601
12774,arrivée,0.2908,0.3797
12775,cavalerie,0.2906,0.3695
12776,impositions,0.2903,0.3518
12777,vendu,0.2903,0.3259
12778,devons,0.2902,0.3234
12779,author,0.2899,0.1827
12780,voulions,0.2899,0.3022
12781,douze,0.2899,0.2497
12782,savait,0.2898,0.3904
12783,premiere,0.2894,0.2568
12784,douta,0.2892,0.2925
12785,cuire,0.2890,0.3218
12786,mars,0.2889,0.2877
12787,voudriez,0.2889,0.2728
12788,vendues,0.2888,0.3368
12789,falloir,0.2887,0.2847
12790,dirent,0.2887,0.2784
12791,aye,0.2886,0.2363
12792,donnera,0.2886,0.2771
12793,muid,0.2886,0.3735
12794,especes,0.2885,0.3039
12795,m'étois,0.2883,0.2967
12796,l'ai,0.2883,0.2949
12797,manqueront,0.2880,0.3390
12798,pourrez,0.2880,0.2934
12799,orientales,0.2878,0.3036
12800,donnoit,0.2877,0.2621
12801,put,0.2877,0.1616
12802,prît,0.2876,0.3084
12803,xxiii,0.2876,0.2709
12804,servent,0.2875,0.3074
12805,troisième,0.2875,0.3278
12806,aime,0.2874,0.3129
12807,située,0.2869,0.2834
12808,impossible,0.2868,0.2899
12809,n'eut,0.2868,0.2718
12810,d'olive,0.2867,0.3605
12811,hollandois,0.2867,0.3133
12812,imprimeurs,0.2867,0.2242
12813,plaît,0.2864,0.2823
12814,l'a,0.2863,0.2269
12815,commença,0.2862,0.3268
12816,envoya,0.2862,0.3434
12817,rot,0.2861,0.3012
12818,printems,0.2861,0.2730
12819,medecin,0.2861,0.3120
12820,contraint,0.2860,0.2865
12821,parut,0.2859,0.2857
12822,donnoient,0.2856,0.2091
12823,fuis,0.2856,0.2724
12824,faurois,0.2855,0.2257
12825,s'étaient,0.2851,0.2934
12826,rendirent,0.2850,0.2636
12827,lont,0.2849,0.2263
12828,souhaits,0.2848,0.3748
12829,liqueur,0.2847,0.3646
12830,procureurs,0.2846,0.3744
12831,descendit,0.2844,0.3669
12832,épouse,0.2840,0.3337
12833,ondes,0.2839,0.3255
12834,virent,0.2838,0.3293
12835,hommages,0.2832,0.2864
12836,d'hollande,0.2831,0.3078
12837,valère,0.2830,0.2803
12838,facile,0.2830,0.2308
12839,cinq,0.2827,0.2899
12840,cinquante,0.2826,0.2745
12841,n'étois,0.2825,0.3226
12842,devez,0.2824,0.2833
12843,étoir,0.2816,0.3030
12844,départ,0.2814,0.3441
12845,n'el,0.2812,0.2320
12846,jeta,0.2809,0.3047
12847,situé,0.2807,0.3513
12848,neuvième,0.2807,0.2610
12849,jefus,0.2804,0.3175
12850,nièce,0.2802,0.2979
12851,heros,0.2802,0.2620
12852,j'aie,0.2800,0.2723
12853,avions,0.2800,0.3053
12854,prendrai,0.2798,0.2978
12855,impostures,0.2797,0.2763
12856,blancheur,0.2796,0.3394
12857,paroissoit,0.2795,0.3118
12858,lesdites,0.2794,0.2853
12859,hambourg,0.2793,0.3619
12860,lieutenans,0.2790,0.3016
12861,soeurs,0.2789,0.2883
12862,premières,0.2789,0.3178
12863,nest,0.2787,0.3079
12864,trouve,0.2786,0.2884
12865,première,0.2786,0.2726
12866,resolution,0.2785,0.2476
12867,dût,0.2781,0.1872
12868,perfonnes,0.2780,0.2366
12869,pleurs,0.2779,0.2334
12870,payement,0.2776,0.2938
12871,espagnols,0.2776,0.3184
12872,compagnes,0.2772,0.3431
12873,croyais,0.2772,0.2601
12874,momens,0.2770,0.2627
12875,rendez,0.2770,0.2793
12876,appelle,0.2770,0.2333
12877,vu,0.2767,0.2665
12878,répondirent,0.2765,0.2880
12879,quinze,0.2765,0.2663
12880,venoit,0.2763,0.3157
12881,aventure,0.2761,0.2306
12882,refusé,0.2756,0.3115
12883,allèrent,0.2753,0.3149
12884,jaune,0.2751,0.2804
12885,elt,0.2751,0.2572
12886,huitième,0.2751,0.2477
12887,aurions,0.2750,0.2953
12888,blanches,0.2748,0.3059
12889,soyez,0.2746,0.3118
12890,aura,0.2746,0.2665
12891,voulais,0.2745,0.2541
12892,moments,0.2745,0.2698
12893,jolie,0.2745,0.3364
12894,jettent,0.2742,0.2849
12895,matiere,0.2741,0.3190
12896,apres,0.2741,0.2864
12897,un,0.2737,0.2361
12898,ferons,0.2732,0.3311
12899,plait,0.2731,0.2721
12900,published,0.2730,0.2087
12901,n'auront,0.2730,0.2836
12902,obligés,0.2729,0.2302
12903,nymphes,0.2728,0.3677
12904,ocm,0.2726,0.1469
12905,tiges,0.2725,0.2956
12906,devriez,0.2723,0.2765
12907,perles,0.2723,0.3083
12908,doive,0.2717,0.2434
12909,aurais,0.2715,0.2179
12910,l'hiver,0.2714,0.2973
12911,veritable,0.2714,0.2652
12912,être,0.2711,0.2161
12913,j'eusse,0.2708,0.2598
12914,puissiez,0.2708,0.2969
12915,s'agissoit,0.2708,0.2537
12916,mercredi,0.2707,0.2527
12917,choie,0.2707,0.2578
12918,laissoit,0.2703,0.2820
12919,faisaient,0.2702,0.3048
12920,occidentales,0.2701,0.3122
12921,j'aurais,0.2699,0.2504
12922,demandé,0.2697,0.2670
12923,pourront,0.2695,0.2607
12924,savoit,0.2690,0.3175
12925,appartement,0.2689,0.2661
12926,mamelé,0.2689,0.1753
12927,saisions,0.2688,0.2934
12928,reception,0.2686,0.2625
12929,aimoit,0.2686,0.3439
12930,disciples,0.2685,0.3541
12931,trouveroit,0.2684,0.2612
12932,prend,0.2684,0.3525
12933,neuf,0.2684,0.2894
12934,joie,0.2683,0.2741
12935,siécles,0.2678,0.2298
12936,serez,0.2678,0.2548
12937,arrivâmes,0.2677,0.3078
12938,amour,0.2675,0.2714
12939,seraient,0.2675,0.2441
12940,auront,0.2675,0.2487
12941,fissent,0.2672,0.2669
12942,trouveront,0.2671,0.2742
12943,poètes,0.2664,0.2845
12944,épaules,0.2663,0.3316
12945,étoient,0.2663,0.2697
12946,data,0.2660,0.3101
12947,voulurent,0.2657,0.2236
12948,prends,0.2655,0.2858
12949,trouvait,0.2654,0.3044
12950,osé,0.2651,0.2312
12951,structure,0.2650,0.2332
12952,d'avoine,0.2648,0.3421
12953,voulus,0.2647,0.2703
12954,troisieme,0.2647,0.2739
12955,réflexions,0.2643,0.3172
12956,pendant,0.2643,0.2858
12957,donneroit,0.2642,0.2794
12958,différence,0.2640,0.3128
12959,midi,0.2638,0.3466
12960,montagnes,0.2637,0.2973
12961,revint,0.2629,0.2470
12962,octobre,0.2629,0.2215
12963,quefois,0.2623,0.2663
12964,republique,0.2623,0.2270
12965,voulaient,0.2615,0.2990
12966,fumes,0.2611,0.2300
12967,quatrième,0.2609,0.2396
12968,pourrois,0.2605,0.2528
12969,bataillons,0.2605,0.2536
12970,fondée,0.2603,0.3105
12971,payent,0.2603,0.3158
12972,ferois,0.2602,0.2582
12973,archevêque,0.2602,0.2562
12974,prétends,0.2602,0.3119
12975,joueurs,0.2586,0.2829
12976,c'cft,0.2584,0.3253
12977,pouviez,0.2583,0.2483
12978,avril,0.2581,0.2235
12979,d'août,0.2581,0.2156
12980,conduisit,0.2579,0.3127
12981,feroit,0.2576,0.2251
12982,croient,0.2575,0.2496
12983,n'étoit,0.2571,0.2628
12984,froment,0.2569,0.2776
12985,pourrons,0.2567,0.2291
12986,dois,0.2564,0.2684
12987,bords,0.2564,0.3074
12988,libraires,0.2561,0.1955
12989,faisoit,0.2559,0.2550
12990,puissions,0.2556,0.2562
12991,synode,0.2553,0.2812
12992,huit,0.2544,0.2287
12993,m'eût,0.2535,0.2379
12994,quatorze,0.2534,0.2333
12995,italie,0.2533,0.3030
12996,fervent,0.2533,0.2601
12997,l'avoir,0.2532,0.2467
12998,voudront,0.2531,0.2782
12999,marchandises,0.2525,0.3059
13000,servoient,0.2523,0.2265
13001,fille,0.2522,0.2201
13002,purent,0.2522,0.2653
13003,who,0.2521,0.2496
13004,pouvions,0.2513,0.2181
13005,trouvoit,0.2512,0.2573
13006,fus,0.2509,0.2723
13007,samedi,0.2506,0.2470
13008,rivière,0.2499,0.2478
13009,filles,0.2499,0.2949
13010,veux,0.2495,0.2750
13011,longueur,0.2486,0.3065
13012,suis,0.2484,0.2483
13013,pas,0.2483,0.2146
13014,pourrai,0.2478,0.2608
13015,trouveroient,0.2476,0.2274
13016,ceder,0.2475,0.2703
13017,s'étoient,0.2474,0.2934
13018,aisé,0.2471,0.2448
13019,sont,0.2469,0.2386
13020,largeur,0.2467,0.2358
13021,sera,0.2465,0.2299
13022,époux,0.2464,0.2432
13023,chore,0.2463,0.2735
13024,whether,0.2460,0.2441
13025,enter,0.2459,0.3833
13026,pein,0.2459,0.2486
13027,saurais,0.2457,0.2506
13028,voyoit,0.2456,0.2305
13029,trouva,0.2455,0.2440
13030,croyoient,0.2449,0.2419
13031,siècles,0.2449,0.2280
13032,quotient,0.2446,0.2486
13033,êrre,0.2446,0.2352
13034,n'est,0.2439,0.2066
13035,picce,0.2438,0.2829
13036,seigle,0.2433,0.2722
13037,répondit,0.2428,0.2872
13038,prunes,0.2427,0.2969
13039,d'octobre,0.2422,0.2224
13040,dîner,0.2422,0.2434
13041,venait,0.2419,0.3085
13042,trouvâmes,0.2416,0.2297
13043,d'avril,0.2415,0.2156
13044,durant,0.2415,0.3126
13045,difficile,0.2415,0.2161
13046,quarante,0.2414,0.1944
13047,escadrons,0.2406,0.2439
13048,fût,0.2400,0.1949
13049,devions,0.2400,0.2686
13050,trouvèrent,0.2396,0.2825
13051,n'avaient,0.2393,0.2549
13052,dequoi,0.2392,0.2044
13053,auriez,0.2382,0.2537
13054,n'ell,0.2379,0.2281
13055,faudra,0.2379,0.2307
13056,différentes,0.2379,0.2624
13057,aviez,0.2378,0.2330
13058,https,0.2376,0.1379
13059,achat,0.2374,0.2103
13060,l'eût,0.2369,0.2337
13061,serait,0.2361,0.2196
13062,retourna,0.2358,0.2732
13063,boeufs,0.2358,0.2836
13064,serai,0.2358,0.2220
13065,vit,0.2352,0.2272
13066,auroit,0.2348,0.2659
13067,deviez,0.2342,0.2702
13068,pourvoient,0.2339,0.2534
13069,trouverent,0.2336,0.2517
13070,treize,0.2329,0.2641
13071,n'avez,0.2325,0.2100
13072,donnèrent,0.2323,0.2717
13073,c'ef,0.2320,0.2158
13074,croyoit,0.2318,0.2409
13075,sauroient,0.2317,0.2432
13076,pouvais,0.2313,0.2265
13077,oncle,0.2313,0.2751
13078,devaient,0.2311,0.2485
13079,n'aurions,0.2307,0.2021
13080,serons,0.2305,0.2540
13081,marquez,0.2303,0.2443
13082,rend,0.2302,0.2153
13083,j'avois,0.2285,0.2360
13084,upon,0.2280,0.2629
13085,vouliez,0.2279,0.2569
13086,janvier,0.2278,0.1697
13087,c'et,0.2276,0.2112
13088,pouvez,0.2273,0.2126
13089,jeudi,0.2272,0.2148
13090,then,0.2272,0.2102
13091,allait,0.2271,0.2865
13092,doutoit,0.2258,0.2798
13093,souper,0.2256,0.2186
13094,helas,0.2256,0.2643
13095,eut,0.2256,0.1850
13096,d'orge,0.2245,0.3078
13097,seriez,0.2240,0.2399
13098,fussent,0.2240,0.2500
13099,frère,0.2240,0.2187
13100,henri,0.2239,0.2703
13101,feroient,0.2235,0.1935
13102,voudrait,0.2230,0.3174
13103,guenois,0.2229,0.2640
13104,n'ayant,0.2222,0.2282
13105,est,0.2217,0.1769
13106,trouvera,0.2217,0.2311
13107,êtrc,0.2213,0.2711
13108,serions,0.2212,0.2453
13109,trouvoient,0.2210,0.2247
13110,serais,0.2207,0.2188
13111,voudroient,0.2206,0.1980
13112,aurois,0.2205,0.2557
13113,étoit,0.2199,0.2396
13114,saurois,0.2199,0.2530
13115,août,0.2198,0.1973
13116,avantures,0.2198,0.2318
13117,père,0.2196,0.2703
13118,world,0.2195,0.1911
13119,voulut,0.2193,0.2525
13120,m'avoit,0.2193,0.2220
13121,doit,0.2191,0.1714
13122,avois,0.2186,0.2278
13123,avez,0.2186,0.1988
13124,soeur,0.2183,0.2103
13125,mère,0.2182,0.2617
13126,veulent,0.2177,0.2394
13127,m'avoir,0.2176,0.2270
13128,n'avais,0.2175,0.2363
13129,obligé,0.2174,0.2353
13130,n'efl,0.2173,0.2192
13131,alloit,0.2171,0.2655
13132,trente,0.2160,0.2095
13133,fimes,0.2157,0.2563
13134,muscade,0.2144,0.2521
13135,pouvons,0.2141,0.2185
13136,lundi,0.2141,0.2211
13137,per,0.2135,0.1776
13138,maniere,0.2131,0.1988
13139,pu,0.2128,0.1894
13140,eût,0.2125,0.1700
13141,voudroit,0.2125,0.2111
13142,étaient,0.2121,0.2283
13143,search,0.2116,0.1753
13144,décembre,0.2115,0.1671
13145,l'avois,0.2105,0.2045
13146,pouvois,0.2105,0.2211
13147,google,0.2102,0.2102
13148,c'elt,0.2099,0.2067
13149,n'aurois,0.2097,0.1978
13150,cctte,0.2091,0.2745
13151,était,0.2089,0.2465
13152,servoit,0.2086,0.2258
13153,you,0.2083,0.2214
13154,nulla,0.2079,0.2635
13155,pourriez,0.2068,0.2083
13156,voulois,0.2068,0.2296
13157,eussiez,0.2062,0.2325
13158,feront,0.2060,0.1835
13159,s'étoit,0.2054,0.1709
13160,way,0.2052,0.2927
13161,pourrais,0.2048,0.1984
13162,puisse,0.2046,0.1710
13163,j'avais,0.2036,0.2479
13164,scène,0.2031,0.1378
13165,teins,0.2029,0.2041
13166,trouvent,0.2028,0.1893
13167,pourraient,0.2028,0.2248
13168,voudrais,0.2020,0.2220
13169,any,0.2019,0.2165
13170,image,0.2012,0.1664
13171,fûmes,0.2009,0.2076
13172,vendredi,0.1998,0.2617
13173,order,0.1997,0.2065
13174,fera,0.1996,0.1825
13175,jetta,0.1993,0.2306
13176,n'eit,0.1985,0.1877
13177,ne,0.1981,0.1527
13178,devroient,0.1978,0.1804
13179,devoient,0.1975,0.1896
13180,n'eût,0.1969,0.1883
13181,temps,0.1968,0.2458
13182,devois,0.1965,0.2093
13183,n'cft,0.1964,0.1995
13184,courrier,0.1958,0.2532
13185,devroit,0.1957,0.1721
13186,great,0.1957,0.2294
13187,mardi,0.1947,0.2314
13188,l'avait,0.1947,0.2135
13189,faisoient,0.1943,0.2137
13190,him,0.1938,0.2631
13191,sauroit,0.1938,0.1755
13192,auraient,0.1935,0.2316
13193,before,0.1930,0.1988
13194,m'avait,0.1927,0.2467
13195,mit,0.1914,0.1703
13196,auroient,0.1911,0.1964
13197,pouvaient,0.1908,0.2195
13198,fauroit,0.1905,0.1543
13199,n'étaient,0.1901,0.2229
13200,faut,0.1886,0.1879
13201,saurait,0.1885,0.2367
13202,seroient,0.1875,0.1974
13203,vouloit,0.1871,0.2015
13204,l'avoit,0.1860,0.2092
13205,aurait,0.1852,0.1841
13206,faudroit,0.1851,0.1866
13207,février,0.1850,0.1682
13208,septembre,0.1849,0.1393
13209,n'avions,0.1842,0.1915
13210,n'ai,0.1839,0.1789
13211,devait,0.1839,0.1872
13212,puissent,0.1838,0.1691
13213,l'avaient,0.1836,0.2948
13214,n'auroit,0.1828,0.1703
13215,font,0.1819,0.1671
13216,avait,0.1813,0.2264
13217,devoit,0.1806,0.1706
13218,had,0.1805,0.3025
13219,find,0.1804,0.1977
13220,s'était,0.1798,0.2092
13221,pourrions,0.1795,0.1841
13222,avoient,0.1794,0.1741
13223,serois,0.1793,0.1814
13224,n'ayent,0.1789,0.1689
13225,library,0.1786,0.1575
13226,doivent,0.1777,0.1622
13227,n'ont,0.1775,0.1636
13228,peuvent,0.1774,0.1354
13229,good,0.1765,0.2371
13230,falloit,0.1762,0.1670
13231,n'avois,0.1762,0.1519
13232,n'avait,0.1755,0.1848
13233,fumier,0.1736,0.2084
13234,n'auroient,0.1731,0.1667
13235,pussent,0.1727,0.1781
13236,ayent,0.1721,0.1661
13237,economics,0.1698,0.0578
13238,pouvoient,0.1696,0.1528
13239,fallait,0.1691,0.1960
13240,manière,0.1682,0.1811
13241,n'avons,0.1682,0.1814
13242,n'eussent,0.1681,0.1526
13243,tems,0.1676,0.1707
13244,seroit,0.1676,0.1916
13245,eussent,0.1671,0.1615
13246,avoit,0.1671,0.1850
13247,voulait,0.1663,0.2294
13248,seront,0.1663,0.1849
13249,ark,0.1655,0.1136
13250,n'efi,0.1651,0.1718
13251,juillet,0.1651,0.1291
13252,don,0.1627,0.1378
13253,bnf,0.1626,0.1152
13254,n'aient,0.1622,0.1602
13255,n'avoient,0.1610,0.1522
13256,l'avoient,0.1599,0.1943
13257,avaient,0.1598,0.2252
13258,ctre,0.1591,0.1801
13259,n'étoient,0.1574,0.1409
13260,pouvoit,0.1571,0.1340
13261,juin,0.1553,0.1418
13262,ont,0.1546,0.0976
13263,aient,0.1543,0.1511
13264,étre,0.1494,0.1508
13265,n'avoit,0.1492,0.1516
13266,day,0.1492,0.2614
13267,pourroient,0.1491,0.1460
13268,n'aurait,0.1482,0.1811
13269,duc,0.1479,0.1451
13270,saint,0.1479,0.1120
13271,n'ef,0.1462,0.1193
13272,pourrait,0.1459,0.1847
13273,pût,0.1450,0.1035
13274,cet,0.1425,0.1064
13275,novembre,0.1417,0.1394
13276,pourroit,0.1392,0.1326
13277,feu,0.1353,0.1116
13278,peut,0.1343,0.1267
13279,pouvait,0.1327,0.1373
13280,n'elt,0.1316,0.1313
13281,n'et,0.1314,0.1371
13282,bon,0.1306,0.0950
13283,n'était,0.1293,0.2242
13284,mot,0.1276,0.1016
13285,dit,0.1259,0.0854
13286,bas,0.1243,0.1132
13287,lieux,0.1225,0.1189
13288,met,0.1209,0.1042
13289,document,0.1189,0.0534
13290,kress,0.1176,0.0540
13291,fous,0.1167,0.0826
13292,ans,0.1121,0.0913
13293,fin,0.1115,0.1013
13294,sous,0.1105,0.0958
13295,été,0.1089,0.0823
13296,non,0.1086,0.0816
13297,mis,0.1075,0.0852
13298,d'y,0.1037,0.1132
13299,vie,0.1022,0.0951
13300,quantité,0.1002,0.1170
13301,fit,0.0995,0.0804
13302,nom,0.0987,0.1003
13303,uns,0.0978,0.0826
13304,mer,0.0969,0.1264
13305,unes,0.0936,0.0945
13306,monograph,0.0908,0.0511
13307,tôt,0.0899,0.0994
13308,ait,0.0868,0.0664
13309,fut,0.0808,0.0750
13310,primary,0.0743,0.0270
13311,n'y,0.0696,0.0699
13312,n'a,0.0561,0.0457
