word,drift_global,drift_moyen
taux,0.5809,0.0224
gêne,0.5525,0.0209
l'humanité,0.5163,0.0196
plaie,0.5017,0.0185
nan,0.4919,0.0260
ressources,0.4844,0.0162
quai,0.4840,0.0166
capi,0.4814,0.0183
ments,0.4740,0.0165
îles,0.4644,0.0164
retrouve,0.4543,0.0149
régie,0.4521,0.0175
tuiles,0.4521,0.0197
compo,0.4435,0.0168
seu,0.4428,0.0168
énormes,0.4425,0.0138
l'intérieur,0.4413,0.0162
d'intérêt,0.4413,0.0166
désirer,0.4410,0.0171
tirés,0.4401,0.0198
emp,0.4381,0.0208
dispo,0.4370,0.0165
déli,0.4367,0.0211
fontes,0.4356,0.0183
ruement,0.4347,0.0201
pans,0.4346,0.0189
igne,0.4325,0.0147
fig,0.4317,0.0150
trans,0.4299,0.0165
événemens,0.4298,0.0132
nef,0.4295,0.0162
tance,0.4278,0.0147
mage,0.4273,0.0180
perception,0.4265,0.0145
exi,0.4264,0.0146
conm,0.4263,0.0150
soutien,0.4253,0.0155
foret,0.4236,0.0177
devenant,0.4234,0.0156
repré,0.4234,0.0164
colle,0.4207,0.0154
pale,0.4204,0.0139
l'appui,0.4196,0.0153
vernis,0.4183,0.0181
zircon,0.4182,0.0203
bassesse,0.4181,0.0142
seconder,0.4165,0.0132
dubois,0.4162,0.0243
l'h,0.4156,0.0155
bos,0.4146,0.0157
françoises,0.4141,0.0139
borne,0.4138,0.0152
rive,0.4110,0.0134
tice,0.4103,0.0113
douteux,0.4102,0.0146
tatien,0.4101,0.0168
préter,0.4100,0.0150
subir,0.4097,0.0122
étouffer,0.4093,0.0140
var,0.4091,0.0181
conf,0.4085,0.0172
maintien,0.4079,0.0133
illusion,0.4078,0.0139
l'événement,0.4078,0.0146
boileau,0.4073,0.0158
bor,0.4072,0.0126
flatterie,0.4072,0.0151
influence,0.4065,0.0131
constamment,0.4065,0.0149
rappeler,0.4053,0.0174
encre,0.4050,0.0167
condi,0.4047,0.0114
tés,0.4044,0.0167
insensé,0.4032,0.0171
l'industrie,0.4019,0.0128
aris,0.4018,0.0154
tée,0.4013,0.0123
passi,0.4013,0.0143
atta,0.4002,0.0128
turent,0.3998,0.0151
borné,0.3991,0.0136
mem,0.3991,0.0156
inf,0.3991,0.0162
l'habitude,0.3989,0.0152
comr,0.3989,0.0136
fonte,0.3989,0.0168
libertinage,0.3985,0.0146
calice,0.3984,0.0194
forge,0.3982,0.0144
préfence,0.3978,0.0168
ius,0.3976,0.0136
ida,0.3964,0.0137
préjugé,0.3958,0.0148
varie,0.3957,0.0123
prévoyance,0.3925,0.0151
séduire,0.3924,0.0133
vantes,0.3922,0.0145
marchande,0.3919,0.0151
l'occupation,0.3918,0.0155
contrit,0.3917,0.0196
venter,0.3914,0.0139
rififi,0.3914,0.0136
déposer,0.3903,0.0137
han,0.3901,0.0209
parvint,0.3893,0.0124
dominer,0.3892,0.0134
boue,0.3890,0.0134
rappeller,0.3883,0.0111
l'impossibilité,0.3881,0.0131
condom,0.3879,0.0147
diriger,0.3877,0.0127
turion,0.3872,0.0158
reve,0.3872,0.0167
sant,0.3869,0.0210
inquiétudes,0.3856,0.0116
solidité,0.3853,0.0122
prefet,0.3851,0.0140
dépouiller,0.3848,0.0126
l'emploi,0.3847,0.0132
lage,0.3832,0.0161
felle,0.3824,0.0171
ruelle,0.3824,0.0172
populo,0.3815,0.0145
vellent,0.3814,0.0137
mant,0.3812,0.0145
forcée,0.3806,0.0123
l'ob,0.3801,0.0165
plit,0.3793,0.0126
l'attention,0.3792,0.0105
dut,0.3792,0.0112
habi,0.3779,0.0135
cois,0.3779,0.0126
cantons,0.3779,0.0111
tera,0.3775,0.0122
recon,0.3773,0.0119
rables,0.3773,0.0131
ade,0.3770,0.0121
perpétuel,0.3768,0.0151
comn,0.3765,0.0122
tiares,0.3756,0.0161
ines,0.3755,0.0158
superflu,0.3754,0.0156
fonc,0.3742,0.0110
sévérité,0.3739,0.0133
marqués,0.3738,0.0129
fac,0.3736,0.0113
annonce,0.3735,0.0116
chaine,0.3734,0.0129
s'ap,0.3733,0.0158
s'enrichir,0.3732,0.0131
regretter,0.3731,0.0151
profondément,0.3729,0.0155
supprimer,0.3729,0.0126
défiance,0.3725,0.0153
préférence,0.3716,0.0104
chargés,0.3715,0.0109
l'ami,0.3715,0.0146
para,0.3714,0.0170
neu,0.3713,0.0149
défenfe,0.3712,0.0145
réunis,0.3712,0.0126
exigent,0.3705,0.0110
d'exciter,0.3702,0.0117
révolutions,0.3701,0.0124
deviendra,0.3700,0.0103
l'intrigue,0.3700,0.0130
devin,0.3698,0.0182
fauxbourg,0.3691,0.0147
mylord,0.3687,0.0209
puissamment,0.3686,0.0162
redouter,0.3684,0.0149
ronces,0.3682,0.0126
clans,0.3679,0.0185
l'instruction,0.3674,0.0146
dai,0.3673,0.0133
raux,0.3673,0.0127
vau,0.3672,0.0145
ruse,0.3672,0.0134
fréquens,0.3668,0.0116
réglés,0.3661,0.0126
opéra,0.3661,0.0121
l'observation,0.3657,0.0138
dissolution,0.3652,0.0181
lens,0.3651,0.0169
von,0.3649,0.0145
solidement,0.3648,0.0126
consomme,0.3646,0.0133
remplacer,0.3641,0.0118
l'aide,0.3639,0.0107
accoutumés,0.3638,0.0111
proprio,0.3635,0.0136
déformais,0.3634,0.0156
dux,0.3615,0.0179
aifément,0.3614,0.0137
recueilli,0.3613,0.0128
quelconque,0.3609,0.0121
réservé,0.3609,0.0115
atten,0.3604,0.0104
meu,0.3603,0.0127
nus,0.3594,0.0117
sim,0.3594,0.0149
occupés,0.3594,0.0112
immense,0.3592,0.0108
dal,0.3592,0.0124
arti,0.3590,0.0144
différemment,0.3584,0.0130
direction,0.3582,0.0103
roues,0.3582,0.0119
l'esclavage,0.3575,0.0137
rier,0.3572,0.0135
élement,0.3567,0.0139
tées,0.3564,0.0111
préférer,0.3564,0.0128
mépriser,0.3560,0.0132
exige,0.3556,0.0104
quoiqu'on,0.3556,0.0098
marne,0.3555,0.0145
suédois,0.3555,0.0176
dépen,0.3553,0.0122
voyer,0.3551,0.0212
exempte,0.3551,0.0121
ieux,0.3547,0.0172
discuter,0.3547,0.0120
gement,0.3545,0.0130
excepte,0.3539,0.0105
spe,0.3535,0.0136
théatre,0.3533,0.0124
fours,0.3533,0.0174
devine,0.3532,0.0116
fice,0.3525,0.0143
dixieme,0.3523,0.0157
sup,0.3522,0.0114
carriere,0.3522,0.0118
vils,0.3521,0.0103
construction,0.3514,0.0133
vallon,0.3514,0.0106
compofé,0.3514,0.0117
poésie,0.3513,0.0126
voeu,0.3512,0.0123
hauteurs,0.3509,0.0116
bour,0.3506,0.0139
borner,0.3505,0.0141
lée,0.3499,0.0152
doc,0.3495,0.0107
l'injustice,0.3491,0.0120
l'oisiveté,0.3491,0.0115
uniforme,0.3489,0.0116
d'usage,0.3488,0.0117
l'étranger,0.3488,0.0147
prospérité,0.3487,0.0122
gué,0.3484,0.0163
tement,0.3477,0.0119
rôles,0.3476,0.0146
ache,0.3473,0.0112
dée,0.3472,0.0142
anti,0.3469,0.0157
posséder,0.3468,0.0130
angle,0.3467,0.0106
ars,0.3463,0.0125
caron,0.3462,0.0181
pref,0.3461,0.0140
ades,0.3461,0.0129
perdues,0.3461,0.0114
croiroit,0.3461,0.0124
modérer,0.3460,0.0138
recom,0.3460,0.0119
laif,0.3457,0.0109
ban,0.3457,0.0134
offrent,0.3455,0.0113
dureté,0.3454,0.0112
filon,0.3452,0.0182
l'évidence,0.3448,0.0139
milice,0.3445,0.0155
lat,0.3442,0.0158
lets,0.3442,0.0134
appar,0.3437,0.0103
dns,0.3435,0.0139
ete,0.3424,0.0126
rappelle,0.3423,0.0117
barbarie,0.3415,0.0107
réciproque,0.3412,0.0111
liers,0.3411,0.0130
confite,0.3409,0.0115
éloi,0.3404,0.0146
quoiqu,0.3402,0.0115
épreuves,0.3402,0.0109
amer,0.3401,0.0114
lux,0.3401,0.0126
fleuri,0.3400,0.0130
frivole,0.3396,0.0135
s'occuper,0.3395,0.0123
supérieure,0.3395,0.0096
trouvés,0.3395,0.0105
système,0.3394,0.0142
supériorité,0.3390,0.0118
péri,0.3390,0.0108
d'histoire,0.3390,0.0121
renaître,0.3384,0.0127
signa,0.3383,0.0157
suiffe,0.3382,0.0160
énorme,0.3382,0.0099
difficultés,0.3378,0.0094
dimi,0.3375,0.0126
ann,0.3375,0.0139
s'ef,0.3374,0.0121
destruction,0.3370,0.0116
nui,0.3369,0.0140
vire,0.3369,0.0142
louable,0.3369,0.0117
concilier,0.3366,0.0113
extérieur,0.3362,0.0120
possibilité,0.3361,0.0112
brillantes,0.3358,0.0104
plans,0.3355,0.0123
réparation,0.3354,0.0126
lons,0.3353,0.0132
seconds,0.3350,0.0116
chinois,0.3350,0.0131
systême,0.3348,0.0127
s'instruire,0.3346,0.0117
cles,0.3340,0.0131
notamment,0.3339,0.0110
dains,0.3338,0.0137
absolue,0.3337,0.0128
s'assurer,0.3337,0.0100
foiblesses,0.3335,0.0105
dignités,0.3334,0.0101
juris,0.3334,0.0160
contagion,0.3329,0.0158
éloignés,0.3328,0.0095
dénomination,0.3328,0.0099
contiendra,0.3327,0.0104
timidité,0.3326,0.0124
s'écrie,0.3326,0.0109
économie,0.3325,0.0109
calais,0.3324,0.0148
vraies,0.3321,0.0126
défendue,0.3320,0.0116
avide,0.3320,0.0114
protéger,0.3318,0.0116
diamètre,0.3317,0.0111
misère,0.3317,0.0097
voitures,0.3316,0.0134
docile,0.3315,0.0118
reur,0.3315,0.0134
chai,0.3313,0.0144
indi,0.3313,0.0131
fixes,0.3305,0.0112
convint,0.3303,0.0130
invite,0.3302,0.0118
excita,0.3301,0.0101
d'espérance,0.3301,0.0114
l'effort,0.3301,0.0118
plie,0.3299,0.0114
régulier,0.3299,0.0114
mef,0.3299,0.0121
retirés,0.3298,0.0104
comm,0.3298,0.0152
diffi,0.3289,0.0148
conr,0.3288,0.0141
modéré,0.3287,0.0127
section,0.3283,0.0147
insulter,0.3281,0.0125
nécessairement,0.3280,0.0099
préfet,0.3277,0.0142
précédé,0.3276,0.0113
paresse,0.3276,0.0118
cotes,0.3274,0.0123
révolution,0.3272,0.0116
tonner,0.3271,0.0125
publi,0.3270,0.0109
destinés,0.3268,0.0114
détestable,0.3268,0.0117
cos,0.3268,0.0126
laborieux,0.3266,0.0109
étran,0.3266,0.0121
d'enlever,0.3264,0.0117
ciment,0.3263,0.0128
adopté,0.3261,0.0115
ché,0.3261,0.0119
aures,0.3259,0.0120
d'ac,0.3257,0.0168
blic,0.3257,0.0136
procédé,0.3255,0.0102
vident,0.3249,0.0116
l'aveu,0.3247,0.0105
embrasse,0.3246,0.0110
onde,0.3244,0.0099
deviendroit,0.3241,0.0108
lorique,0.3238,0.0163
phe,0.3237,0.0166
suppléer,0.3235,0.0105
ruption,0.3234,0.0138
dea,0.3233,0.0111
roc,0.3233,0.0108
papa,0.3233,0.0134
quit,0.3231,0.0096
mnes,0.3231,0.0121
recommence,0.3229,0.0128
l'espoir,0.3229,0.0091
tranche,0.3229,0.0176
représentations,0.3228,0.0107
arpent,0.3227,0.0103
roue,0.3226,0.0117
contribution,0.3226,0.0112
feraient,0.3225,0.0119
queflion,0.3225,0.0117
incon,0.3223,0.0140
bourbon,0.3222,0.0107
entrés,0.3222,0.0097
époque,0.3221,0.0102
ara,0.3220,0.0108
prive,0.3220,0.0098
chi,0.3219,0.0123
fiel,0.3217,0.0107
s'oppose,0.3215,0.0102
vée,0.3215,0.0104
essentiel,0.3214,0.0110
opposés,0.3214,0.0104
corneille,0.3212,0.0101
jouis,0.3211,0.0097
succéder,0.3210,0.0097
rapportant,0.3210,0.0109
créa,0.3209,0.0126
remonte,0.3208,0.0106
vols,0.3206,0.0106
confit,0.3206,0.0126
clu,0.3205,0.0107
caprices,0.3205,0.0094
accom,0.3205,0.0124
procure,0.3205,0.0093
formoit,0.3202,0.0102
nement,0.3200,0.0123
consommer,0.3199,0.0128
timon,0.3197,0.0163
l'éducation,0.3197,0.0108
élevés,0.3197,0.0094
porteroit,0.3197,0.0121
soustraire,0.3197,0.0101
feize,0.3195,0.0135
soumise,0.3194,0.0112
échappé,0.3194,0.0096
l'entreprise,0.3193,0.0121
sévère,0.3190,0.0109
restez,0.3190,0.0106
pret,0.3188,0.0198
présumer,0.3187,0.0110
frein,0.3187,0.0111
notions,0.3186,0.0097
gaieté,0.3185,0.0109
pius,0.3185,0.0123
possède,0.3184,0.0112
pavé,0.3184,0.0156
siu,0.3180,0.0144
ées,0.3180,0.0116
abandon,0.3178,0.0120
l'ap,0.3177,0.0152
bis,0.3176,0.0129
dra,0.3174,0.0094
antiquité,0.3173,0.0114
entrevoir,0.3172,0.0113
ejl,0.3172,0.0120
enten,0.3170,0.0085
sable,0.3169,0.0145
bienfait,0.3169,0.0119
jur,0.3166,0.0119
d'etre,0.3165,0.0104
s'exprime,0.3165,0.0100
formoient,0.3163,0.0103
mouvant,0.3163,0.0103
idu,0.3162,0.0116
répon,0.3161,0.0094
débite,0.3160,0.0107
leure,0.3159,0.0122
vigilance,0.3158,0.0083
antique,0.3158,0.0112
ben,0.3157,0.0121
apr,0.3156,0.0106
moit,0.3155,0.0105
pepin,0.3153,0.0118
deviendront,0.3152,0.0100
produisit,0.3152,0.0093
taine,0.3151,0.0110
cont,0.3151,0.0125
fons,0.3148,0.0130
imo,0.3147,0.0119
clôture,0.3143,0.0152
luimême,0.3142,0.0144
découverts,0.3141,0.0094
néglige,0.3141,0.0107
c'ei,0.3140,0.0117
imprimées,0.3140,0.0103
dépendance,0.3139,0.0105
lutte,0.3139,0.0136
préparation,0.3138,0.0105
indépendamment,0.3138,0.0110
mol,0.3138,0.0172
fuc,0.3137,0.0116
entraîner,0.3137,0.0097
d'arrêter,0.3135,0.0093
classes,0.3134,0.0089
figurer,0.3134,0.0109
loges,0.3133,0.0118
cul,0.3132,0.0125
réveiller,0.3131,0.0125
cier,0.3130,0.0141
dort,0.3130,0.0107
s'enfuir,0.3130,0.0105
drs,0.3129,0.0124
comi,0.3128,0.0177
inconvéniens,0.3127,0.0090
méprise,0.3127,0.0120
ecs,0.3127,0.0126
fixée,0.3126,0.0108
dlu,0.3126,0.0111
laire,0.3125,0.0161
bai,0.3124,0.0107
éclairée,0.3120,0.0103
oublie,0.3120,0.0117
rur,0.3118,0.0111
porcs,0.3117,0.0133
collége,0.3114,0.0101
comparant,0.3114,0.0100
caput,0.3113,0.0136
suisse,0.3111,0.0132
milord,0.3111,0.0136
nim,0.3111,0.0120
réunir,0.3111,0.0106
raire,0.3110,0.0147
traîner,0.3110,0.0106
écarter,0.3109,0.0113
força,0.3108,0.0102
cornue,0.3105,0.0160
mence,0.3105,0.0088
crin,0.3103,0.0105
naissante,0.3103,0.0110
nime,0.3102,0.0140
l'inégalité,0.3102,0.0115
duo,0.3102,0.0105
négligé,0.3101,0.0106
lions,0.3101,0.0107
denys,0.3097,0.0132
hau,0.3097,0.0098
répéter,0.3096,0.0118
rêve,0.3093,0.0120
insensiblement,0.3093,0.0089
manie,0.3091,0.0111
l'importance,0.3089,0.0102
base,0.3089,0.0101
corpore,0.3088,0.0121
modèle,0.3088,0.0103
bler,0.3087,0.0101
quintal,0.3087,0.0123
tendant,0.3086,0.0113
lrs,0.3085,0.0113
reconnoissances,0.3083,0.0167
d'avancer,0.3083,0.0119
devienne,0.3082,0.0094
dissimuler,0.3082,0.0108
connoissancen,0.3081,0.0125
pagine,0.3081,0.0101
tation,0.3080,0.0122
princip,0.3080,0.0138
l'excès,0.3080,0.0090
tremblement,0.3079,0.0101
quent,0.3078,0.0104
vainement,0.3078,0.0106
chantre,0.3077,0.0120
sacri,0.3076,0.0122
confulter,0.3076,0.0117
niers,0.3074,0.0098
penses,0.3074,0.0127
sensiblement,0.3074,0.0107
refsource,0.3071,0.0101
fement,0.3071,0.0168
qu'ensuite,0.3071,0.0138
l'épreuve,0.3070,0.0117
subsiste,0.3070,0.0092
lec,0.3068,0.0100
rar,0.3068,0.0113
lorf,0.3067,0.0110
labourage,0.3066,0.0104
intérieur,0.3066,0.0108
engagemens,0.3066,0.0093
exemption,0.3063,0.0108
supérieurs,0.3062,0.0094
accès,0.3060,0.0102
iers,0.3058,0.0108
aul,0.3058,0.0149
riers,0.3058,0.0124
confie,0.3058,0.0099
compa,0.3057,0.0118
conséquences,0.3057,0.0106
tales,0.3057,0.0112
tenms,0.3056,0.0108
conservant,0.3054,0.0107
cons,0.3054,0.0145
consi,0.3052,0.0134
dore,0.3052,0.0120
l'attachement,0.3052,0.0100
gouver,0.3051,0.0102
dro,0.3051,0.0107
récolte,0.3050,0.0114
iere,0.3050,0.0118
glaces,0.3050,0.0151
avances,0.3050,0.0105
particul,0.3049,0.0101
habitation,0.3048,0.0101
abusé,0.3048,0.0111
plates,0.3046,0.0108
tiques,0.3046,0.0131
défier,0.3045,0.0101
ivre,0.3044,0.0112
susceptibles,0.3044,0.0101
terrein,0.3043,0.0099
foie,0.3042,0.0097
recourir,0.3041,0.0090
crit,0.3040,0.0096
éoit,0.3040,0.0128
iiv,0.3039,0.0097
perle,0.3038,0.0122
l'honnêteté,0.3038,0.0128
d'ajouter,0.3037,0.0102
cde,0.3034,0.0124
entraîne,0.3034,0.0092
consistance,0.3034,0.0114
clémence,0.3033,0.0128
eme,0.3032,0.0123
distinguent,0.3032,0.0083
remplissent,0.3031,0.0088
opera,0.3031,0.0127
cout,0.3030,0.0142
fourberie,0.3030,0.0105
coute,0.3030,0.0109
hâter,0.3029,0.0103
aires,0.3029,0.0151
trefle,0.3027,0.0132
min,0.3026,0.0107
l'obéissance,0.3025,0.0116
expofé,0.3025,0.0104
permise,0.3025,0.0108
témérité,0.3025,0.0111
thrace,0.3024,0.0103
rou,0.3023,0.0113
pénible,0.3021,0.0102
gabelles,0.3021,0.0101
moral,0.3021,0.0111
magie,0.3021,0.0114
gardés,0.3020,0.0113
dégoût,0.3017,0.0107
bayle,0.3017,0.0110
alternativement,0.3017,0.0140
générosité,0.3015,0.0109
james,0.3015,0.0110
quarte,0.3014,0.0131
parvenus,0.3014,0.0077
prs,0.3013,0.0113
euf,0.3012,0.0118
habitants,0.3012,0.0119
prévoir,0.3010,0.0101
totalement,0.3009,0.0079
ceil,0.3009,0.0092
franchise,0.3007,0.0112
populaires,0.3007,0.0123
ales,0.3005,0.0133
nil,0.3005,0.0088
suffi,0.3004,0.0105
soutiens,0.3004,0.0110
impôts,0.3004,0.0098
len,0.3004,0.0108
décou,0.3003,0.0105
complot,0.3003,0.0111
superstition,0.3003,0.0128
durable,0.3002,0.0103
cis,0.3001,0.0096
susceptible,0.3000,0.0092
subsistance,0.2999,0.0089
regi,0.2999,0.0110
l'éloquence,0.2999,0.0096
sains,0.2999,0.0109
offi,0.2999,0.0105
dition,0.2998,0.0093
surmonter,0.2997,0.0091
gre,0.2997,0.0118
l'éloignement,0.2996,0.0120
éprouver,0.2996,0.0093
impose,0.2996,0.0091
laissés,0.2994,0.0103
détourne,0.2994,0.0102
sia,0.2993,0.0107
lins,0.2992,0.0120
danis,0.2989,0.0121
grecques,0.2987,0.0112
notables,0.2986,0.0145
descartes,0.2986,0.0120
limon,0.2986,0.0105
proses,0.2985,0.0104
reg,0.2982,0.0097
varier,0.2981,0.0112
canaille,0.2981,0.0102
cré,0.2980,0.0118
terminé,0.2979,0.0103
mala,0.2979,0.0112
minute,0.2978,0.0100
l'être,0.2978,0.0085
vitaux,0.2977,0.0099
qu'aujourd'hui,0.2977,0.0129
croira,0.2976,0.0100
redoubler,0.2976,0.0095
d'exposer,0.2975,0.0094
nés,0.2975,0.0088
ressource,0.2975,0.0083
pompes,0.2974,0.0119
imite,0.2972,0.0101
alpes,0.2972,0.0112
camps,0.2972,0.0101
cic,0.2972,0.0101
tarde,0.2970,0.0095
fabriques,0.2969,0.0091
méritoit,0.2969,0.0099
pol,0.2969,0.0123
liii,0.2969,0.0100
réunion,0.2968,0.0108
détails,0.2968,0.0078
occupe,0.2968,0.0095
méchanceté,0.2967,0.0122
ters,0.2967,0.0093
eat,0.2966,0.0098
esclavage,0.2965,0.0089
sui,0.2965,0.0100
dtu,0.2964,0.0120
étonne,0.2963,0.0112
l'océan,0.2963,0.0103
décidé,0.2962,0.0120
sûre,0.2960,0.0106
provi,0.2960,0.0098
rable,0.2959,0.0112
poursuivis,0.2959,0.0089
classe,0.2958,0.0090
retomber,0.2957,0.0092
priviléges,0.2957,0.0102
construit,0.2957,0.0090
fouiller,0.2957,0.0104
ref,0.2957,0.0101
ajoutant,0.2957,0.0105
cile,0.2956,0.0110
d'air,0.2956,0.0103
arrivés,0.2955,0.0084
princi,0.2954,0.0110
française,0.2952,0.0117
l'apparence,0.2951,0.0120
avides,0.2950,0.0103
philo,0.2949,0.0161
passés,0.2947,0.0096
indifférent,0.2946,0.0120
l'espérance,0.2945,0.0086
navi,0.2945,0.0107
pluie,0.2945,0.0102
das,0.2944,0.0130
informations,0.2944,0.0087
ven,0.2944,0.0095
ieurs,0.2943,0.0103
d'avouer,0.2943,0.0098
bra,0.2942,0.0115
refusent,0.2940,0.0085
saine,0.2940,0.0119
fim,0.2940,0.0082
duroit,0.2940,0.0102
prodigue,0.2939,0.0100
porteurs,0.2939,0.0112
sacrifie,0.2938,0.0102
nal,0.2937,0.0115
timide,0.2937,0.0092
concourir,0.2936,0.0104
complet,0.2935,0.0112
proie,0.2935,0.0087
tran,0.2935,0.0127
commu,0.2935,0.0131
restée,0.2934,0.0086
bénéfice,0.2933,0.0120
iris,0.2933,0.0109
gres,0.2933,0.0116
quadruple,0.2933,0.0103
ramener,0.2931,0.0092
strabon,0.2931,0.0068
probable,0.2931,0.0092
malheureusement,0.2930,0.0118
coni,0.2930,0.0106
tei,0.2930,0.0075
secher,0.2930,0.0115
rets,0.2929,0.0122
blan,0.2929,0.0096
germains,0.2928,0.0106
refuge,0.2928,0.0113
éga,0.2927,0.0087
s'exprimer,0.2926,0.0106
pluies,0.2924,0.0093
éprouve,0.2924,0.0097
encourager,0.2924,0.0108
manu,0.2922,0.0109
s'e,0.2922,0.0109
étonnante,0.2921,0.0087
légers,0.2919,0.0104
quantite,0.2919,0.0124
volontairement,0.2919,0.0098
éta,0.2918,0.0155
mériter,0.2918,0.0080
raisonne,0.2917,0.0101
délicatesse,0.2916,0.0100
doutes,0.2916,0.0098
lira,0.2915,0.0081
bri,0.2915,0.0116
bli,0.2915,0.0103
site,0.2915,0.0134
rée,0.2914,0.0113
portés,0.2914,0.0087
d'effet,0.2912,0.0084
cetter,0.2912,0.0104
infâme,0.2911,0.0101
totale,0.2911,0.0097
annuellement,0.2911,0.0101
récompenses,0.2911,0.0101
détache,0.2910,0.0087
ora,0.2909,0.0101
populaire,0.2909,0.0118
d'ex,0.2909,0.0119
sance,0.2909,0.0118
l'intérêt,0.2909,0.0088
timons,0.2908,0.0136
ferver,0.2908,0.0092
appuyer,0.2907,0.0092
envoyés,0.2906,0.0098
fixer,0.2906,0.0088
cyrus,0.2905,0.0125
lenteur,0.2905,0.0094
triment,0.2905,0.0124
dirois,0.2904,0.0118
ravages,0.2903,0.0092
salles,0.2903,0.0087
apprenant,0.2903,0.0126
suspendre,0.2902,0.0092
sauve,0.2902,0.0107
vraisemblable,0.2901,0.0096
d'oi,0.2897,0.0106
cere,0.2897,0.0110
eji,0.2896,0.0103
qué,0.2895,0.0092
utre,0.2895,0.0103
tracer,0.2895,0.0099
s'empara,0.2894,0.0102
dars,0.2894,0.0153
épines,0.2894,0.0097
contrées,0.2894,0.0090
noi,0.2894,0.0091
unifie,0.2892,0.0142
terra,0.2891,0.0103
droi,0.2891,0.0111
aure,0.2891,0.0120
enleva,0.2890,0.0105
voya,0.2889,0.0117
journellement,0.2889,0.0129
allier,0.2889,0.0100
fuf,0.2888,0.0114
représentant,0.2887,0.0125
genres,0.2887,0.0087
séparés,0.2886,0.0101
occa,0.2886,0.0094
fro,0.2886,0.0082
divisent,0.2886,0.0089
frir,0.2885,0.0107
grèce,0.2885,0.0092
nis,0.2885,0.0102
d'europe,0.2884,0.0105
amateurs,0.2884,0.0100
flatter,0.2884,0.0092
certes,0.2883,0.0141
salé,0.2882,0.0133
j'espère,0.2882,0.0105
blesse,0.2881,0.0100
composoient,0.2881,0.0101
sûrement,0.2881,0.0123
xil,0.2881,0.0111
lente,0.2880,0.0087
mare,0.2877,0.0107
contin,0.2876,0.0109
naire,0.2876,0.0107
ignoré,0.2876,0.0108
sentes,0.2875,0.0113
rebellion,0.2875,0.0113
hor,0.2874,0.0104
habitudes,0.2874,0.0088
félicité,0.2874,0.0092
l'ecole,0.2873,0.0116
mrs,0.2872,0.0122
comp,0.2871,0.0102
lyre,0.2871,0.0107
l'heureuse,0.2870,0.0100
beautés,0.2870,0.0085
dun,0.2868,0.0106
efj,0.2868,0.0097
plutot,0.2867,0.0142
teau,0.2866,0.0103
informe,0.2865,0.0116
difficilement,0.2865,0.0104
lâcheté,0.2865,0.0095
gis,0.2863,0.0102
spécialement,0.2863,0.0126
rel,0.2862,0.0097
rus,0.2861,0.0122
tonne,0.2860,0.0116
jettoit,0.2860,0.0089
saci,0.2860,0.0102
tus,0.2860,0.0088
signes,0.2859,0.0092
ressorts,0.2859,0.0086
nues,0.2859,0.0099
supposant,0.2857,0.0093
tigre,0.2856,0.0093
supérieur,0.2856,0.0085
tranquilles,0.2855,0.0089
foa,0.2855,0.0113
attachés,0.2855,0.0084
gues,0.2854,0.0102
accabler,0.2853,0.0100
vogue,0.2852,0.0098
charte,0.2851,0.0103
l'exécution,0.2851,0.0081
fible,0.2850,0.0115
nommés,0.2850,0.0098
discrétion,0.2850,0.0121
affoiblir,0.2849,0.0107
héroïque,0.2849,0.0107
accompagne,0.2849,0.0100
déluge,0.2849,0.0107
loire,0.2848,0.0119
c'c,0.2848,0.0095
milles,0.2847,0.0098
continuels,0.2846,0.0081
japon,0.2845,0.0139
bes,0.2845,0.0111
d'amiens,0.2844,0.0171
querelles,0.2844,0.0087
réponfe,0.2843,0.0088
teinte,0.2843,0.0115
ministere,0.2843,0.0087
infatigable,0.2842,0.0091
seine,0.2841,0.0098
rais,0.2841,0.0157
pof,0.2841,0.0094
disgrace,0.2839,0.0102
avi,0.2839,0.0104
arrangement,0.2839,0.0079
séduit,0.2838,0.0105
décide,0.2838,0.0090
tude,0.2838,0.0141
jura,0.2838,0.0096
réfléchir,0.2837,0.0097
lair,0.2837,0.0109
moire,0.2837,0.0120
l'élévation,0.2837,0.0120
volontés,0.2837,0.0093
quar,0.2837,0.0091
regem,0.2836,0.0124
pous,0.2835,0.0241
décider,0.2835,0.0087
amoureuse,0.2833,0.0105
victor,0.2833,0.0143
avants,0.2832,0.0127
vicieux,0.2831,0.0110
iais,0.2830,0.0128
formation,0.2829,0.0087
faces,0.2829,0.0078
czar,0.2829,0.0155
anni,0.2828,0.0104
monts,0.2828,0.0098
rans,0.2828,0.0112
remords,0.2828,0.0085
condamnés,0.2826,0.0091
faste,0.2825,0.0099
recherches,0.2825,0.0081
réduites,0.2824,0.0091
mimes,0.2824,0.0113
ingénieux,0.2824,0.0103
proscrit,0.2824,0.0115
dépendre,0.2823,0.0090
vague,0.2823,0.0103
contrôle,0.2822,0.0097
dront,0.2822,0.0080
pin,0.2822,0.0102
s'explique,0.2821,0.0087
recu,0.2821,0.0094
dar,0.2820,0.0116
d'orgueil,0.2820,0.0104
d'engager,0.2819,0.0109
acquiert,0.2819,0.0096
résulte,0.2819,0.0093
piques,0.2819,0.0101
caille,0.2818,0.0123
egypte,0.2818,0.0093
appellant,0.2817,0.0140
arg,0.2817,0.0116
offre,0.2817,0.0074
thé,0.2817,0.0138
cid,0.2814,0.0137
fondions,0.2814,0.0102
miner,0.2813,0.0102
l'ignorance,0.2813,0.0094
soli,0.2812,0.0105
occupent,0.2812,0.0089
mni,0.2812,0.0094
ttre,0.2811,0.0095
liste,0.2811,0.0120
frivoles,0.2809,0.0093
tinrent,0.2809,0.0091
sas,0.2809,0.0135
répondra,0.2808,0.0127
pudeur,0.2808,0.0083
reau,0.2808,0.0113
vieillesse,0.2808,0.0086
craintes,0.2807,0.0086
actuelle,0.2807,0.0091
atre,0.2806,0.0104
sem,0.2806,0.0106
tendoit,0.2806,0.0094
sacrés,0.2806,0.0091
affecté,0.2805,0.0115
tré,0.2804,0.0120
ménie,0.2804,0.0142
annoncé,0.2803,0.0095
loient,0.2803,0.0079
ncs,0.2801,0.0106
huiles,0.2800,0.0098
souve,0.2798,0.0139
subsister,0.2798,0.0078
frappant,0.2797,0.0093
formant,0.2797,0.0087
reconnue,0.2797,0.0086
d'ignorance,0.2796,0.0105
saura,0.2795,0.0101
ior,0.2795,0.0092
rens,0.2794,0.0103
prévention,0.2793,0.0099
donr,0.2792,0.0125
capitales,0.2792,0.0113
concession,0.2792,0.0115
pression,0.2792,0.0103
emi,0.2791,0.0120
croirai,0.2790,0.0095
l'indignation,0.2790,0.0103
roes,0.2789,0.0109
rement,0.2789,0.0142
l'unique,0.2786,0.0075
tyrannie,0.2783,0.0086
attentifs,0.2783,0.0085
minutes,0.2783,0.0098
contradiction,0.2781,0.0096
servitude,0.2781,0.0083
toire,0.2781,0.0121
falle,0.2780,0.0103
île,0.2780,0.0075
dus,0.2780,0.0088
paysans,0.2780,0.0100
l'inquiétude,0.2779,0.0097
obstacles,0.2779,0.0078
insérieure,0.2778,0.0092
déchirer,0.2778,0.0100
l'abus,0.2777,0.0096
serein,0.2776,0.0108
annales,0.2776,0.0092
domine,0.2776,0.0092
intérieurs,0.2774,0.0104
drapeaux,0.2774,0.0084
l'é,0.2774,0.0121
tan,0.2773,0.0097
osa,0.2772,0.0092
l'égalité,0.2772,0.0095
pens,0.2771,0.0082
colin,0.2771,0.0129
atteindre,0.2771,0.0090
d'in,0.2771,0.0107
suffisamment,0.2770,0.0086
ral,0.2770,0.0089
fors,0.2770,0.0122
contr,0.2769,0.0108
avo,0.2769,0.0107
l'établissement,0.2768,0.0081
anr,0.2768,0.0101
sûreté,0.2767,0.0085
joi,0.2767,0.0098
d'avance,0.2767,0.0102
continuellement,0.2766,0.0078
lient,0.2766,0.0088
indifférence,0.2766,0.0104
nota,0.2766,0.0111
enceinte,0.2765,0.0084
procuré,0.2765,0.0081
fournis,0.2765,0.0088
monceau,0.2764,0.0115
allés,0.2764,0.0089
tellus,0.2762,0.0116
trême,0.2762,0.0135
dins,0.2762,0.0102
outrages,0.2761,0.0100
hist,0.2761,0.0151
cus,0.2761,0.0094
aveuglement,0.2760,0.0098
horn,0.2760,0.0109
afiez,0.2760,0.0114
gilles,0.2759,0.0134
mission,0.2758,0.0105
termina,0.2758,0.0096
guérison,0.2757,0.0103
lice,0.2757,0.0097
aveugle,0.2757,0.0090
ardemment,0.2757,0.0118
canada,0.2756,0.0132
corrompre,0.2756,0.0092
trahison,0.2756,0.0092
facilite,0.2755,0.0099
pace,0.2755,0.0106
cenfure,0.2754,0.0114
souver,0.2754,0.0089
d'équité,0.2753,0.0089
mahomet,0.2753,0.0125
certificats,0.2752,0.0112
ncc,0.2752,0.0078
augment,0.2751,0.0095
ages,0.2751,0.0103
grêle,0.2749,0.0087
espérances,0.2748,0.0074
fiant,0.2747,0.0112
comite,0.2747,0.0160
casse,0.2747,0.0106
ferve,0.2746,0.0089
l'île,0.2746,0.0118
j'ignore,0.2745,0.0099
l'imagination,0.2745,0.0086
bru,0.2744,0.0122
déplaire,0.2744,0.0097
capa,0.2743,0.0086
cant,0.2743,0.0108
aufl,0.2741,0.0126
précisément,0.2740,0.0093
cell,0.2739,0.0116
abolir,0.2739,0.0088
suivants,0.2738,0.0111
vier,0.2737,0.0111
sole,0.2737,0.0109
asie,0.2737,0.0094
repousser,0.2736,0.0099
jusqu'ici,0.2736,0.0075
reçurent,0.2736,0.0092
choc,0.2734,0.0101
just,0.2734,0.0120
dul,0.2734,0.0095
appartenant,0.2733,0.0090
désire,0.2733,0.0112
mutuellement,0.2733,0.0089
dcc,0.2732,0.0082
d'employer,0.2732,0.0077
pêcheurs,0.2731,0.0117
l'innocence,0.2731,0.0083
lue,0.2731,0.0083
favoriser,0.2730,0.0080
abuse,0.2730,0.0096
pia,0.2730,0.0083
nmais,0.2729,0.0119
malignité,0.2728,0.0103
console,0.2728,0.0094
ordon,0.2728,0.0091
essuyer,0.2726,0.0095
ron,0.2726,0.0110
assurée,0.2726,0.0089
poursuivant,0.2726,0.0132
l'et,0.2725,0.0124
iant,0.2725,0.0098
injurieux,0.2724,0.0093
tances,0.2724,0.0093
cond,0.2724,0.0151
distingués,0.2722,0.0080
flatte,0.2722,0.0085
ima,0.2722,0.0129
ten,0.2722,0.0074
l'ex,0.2721,0.0110
parl,0.2721,0.0090
révolte,0.2720,0.0105
libertins,0.2720,0.0091
mun,0.2720,0.0078
citation,0.2719,0.0115
précieuse,0.2716,0.0086
tié,0.2715,0.0099
ries,0.2715,0.0111
dence,0.2715,0.0099
écri,0.2715,0.0095
excufe,0.2714,0.0106
rui,0.2714,0.0096
prov,0.2713,0.0124
soulager,0.2710,0.0078
satisfaits,0.2709,0.0085
pru,0.2707,0.0097
mariés,0.2706,0.0095
progrès,0.2706,0.0076
vendant,0.2706,0.0105
intérieurement,0.2705,0.0101
l'intendant,0.2705,0.0101
felix,0.2705,0.0098
cte,0.2704,0.0109
fas,0.2704,0.0116
d'é,0.2704,0.0105
voiture,0.2703,0.0106
tique,0.2702,0.0105
capitation,0.2702,0.0086
note,0.2702,0.0108
zélé,0.2701,0.0083
élévation,0.2701,0.0086
l'ou,0.2701,0.0159
odieuse,0.2701,0.0095
payés,0.2701,0.0088
barreau,0.2699,0.0125
teflon,0.2699,0.0092
aveuglément,0.2699,0.0099
d'office,0.2699,0.0108
saxe,0.2698,0.0103
obtient,0.2698,0.0091
tendus,0.2698,0.0096
retrouver,0.2697,0.0088
croie,0.2697,0.0091
contrai,0.2697,0.0107
muette,0.2696,0.0111
souf,0.2696,0.0108
produisoit,0.2695,0.0096
sentinelle,0.2695,0.0088
resta,0.2694,0.0076
cns,0.2693,0.0097
bris,0.2693,0.0120
nic,0.2693,0.0085
impunément,0.2692,0.0099
particules,0.2692,0.0087
blement,0.2691,0.0095
cotte,0.2690,0.0146
secrettes,0.2690,0.0092
judice,0.2690,0.0108
mores,0.2690,0.0169
lifez,0.2689,0.0111
vivroit,0.2689,0.0094
dte,0.2689,0.0104
habitant,0.2689,0.0097
châtiment,0.2688,0.0087
continuent,0.2687,0.0093
annuelle,0.2687,0.0095
ites,0.2686,0.0095
piliers,0.2686,0.0097
ressemblent,0.2685,0.0081
effacer,0.2685,0.0083
l'obtenir,0.2685,0.0095
tranquillité,0.2685,0.0072
mans,0.2685,0.0113
nommées,0.2685,0.0089
pins,0.2683,0.0100
s'avancer,0.2683,0.0095
tein,0.2683,0.0106
aur,0.2682,0.0107
couple,0.2682,0.0120
rete,0.2682,0.0113
qu'ont,0.2681,0.0072
ate,0.2681,0.0079
ets,0.2681,0.0112
cett,0.2681,0.0093
gui,0.2680,0.0105
refert,0.2679,0.0115
nombreux,0.2679,0.0085
lile,0.2679,0.0110
recherche,0.2679,0.0080
l'ambition,0.2678,0.0074
sus,0.2678,0.0125
sure,0.2677,0.0108
considérablement,0.2677,0.0096
pau,0.2676,0.0101
titube,0.2675,0.0092
d'ambition,0.2675,0.0090
duite,0.2675,0.0075
propo,0.2674,0.0106
ens,0.2673,0.0095
sublimes,0.2672,0.0086
démêler,0.2672,0.0086
ria,0.2672,0.0082
files,0.2672,0.0116
polie,0.2671,0.0094
d'tre,0.2669,0.0096
acquérir,0.2668,0.0083
équitable,0.2667,0.0101
généralité,0.2667,0.0103
pénétré,0.2667,0.0079
libéralité,0.2667,0.0102
députés,0.2666,0.0101
paires,0.2665,0.0118
prcs,0.2665,0.0092
folies,0.2665,0.0088
coit,0.2664,0.0095
débris,0.2664,0.0078
tentation,0.2664,0.0087
l'administration,0.2663,0.0090
diner,0.2663,0.0085
amuser,0.2663,0.0086
parure,0.2663,0.0093
retranchement,0.2663,0.0100
exposés,0.2662,0.0077
livrée,0.2662,0.0096
ingrats,0.2661,0.0100
fournissent,0.2661,0.0083
fiction,0.2659,0.0085
era,0.2658,0.0075
corn,0.2658,0.0083
fonda,0.2657,0.0098
hector,0.2657,0.0126
fignes,0.2657,0.0110
pare,0.2657,0.0087
coquille,0.2655,0.0098
vendeurs,0.2655,0.0125
voyageurs,0.2654,0.0081
ployer,0.2654,0.0115
fal,0.2653,0.0107
abondantes,0.2653,0.0089
dominant,0.2653,0.0100
parcourir,0.2653,0.0096
nar,0.2653,0.0097
tures,0.2652,0.0099
d'ai,0.2652,0.0102
extrémités,0.2651,0.0074
lts,0.2651,0.0102
fouler,0.2650,0.0085
trompeur,0.2650,0.0093
esc,0.2650,0.0110
iens,0.2650,0.0102
muet,0.2650,0.0111
soumettre,0.2650,0.0085
dts,0.2649,0.0112
intérêt,0.2649,0.0077
rap,0.2649,0.0077
défendant,0.2648,0.0106
fortent,0.2647,0.0095
avenir,0.2647,0.0078
enc,0.2647,0.0105
sic,0.2647,0.0105
réglées,0.2646,0.0093
pece,0.2646,0.0096
truite,0.2646,0.0111
anonyme,0.2646,0.0121
ber,0.2646,0.0087
dcr,0.2645,0.0089
rion,0.2645,0.0111
foiblesse,0.2645,0.0086
sardaigne,0.2645,0.0106
clles,0.2645,0.0083
rompus,0.2644,0.0080
amante,0.2644,0.0088
api,0.2643,0.0095
tâche,0.2643,0.0084
vérités,0.2642,0.0080
iss,0.2641,0.0108
succomber,0.2641,0.0083
mées,0.2641,0.0102
l'afie,0.2641,0.0101
l'opposition,0.2640,0.0111
espagnoles,0.2640,0.0094
edi,0.2640,0.0091
injustes,0.2639,0.0086
plin,0.2638,0.0099
apparent,0.2638,0.0110
fere,0.2638,0.0125
motte,0.2638,0.0117
insupportable,0.2637,0.0092
faurois,0.2637,0.0097
roir,0.2636,0.0108
sueur,0.2636,0.0112
d'utrecht,0.2636,0.0099
comptoir,0.2635,0.0139
imp,0.2633,0.0123
rivale,0.2633,0.0089
loca,0.2633,0.0097
scr,0.2633,0.0085
rts,0.2630,0.0089
suivirent,0.2629,0.0083
rené,0.2629,0.0111
morales,0.2629,0.0096
anc,0.2629,0.0095
sat,0.2628,0.0090
rour,0.2628,0.0128
tribunaux,0.2628,0.0094
bottes,0.2627,0.0096
pcur,0.2627,0.0102
éle,0.2627,0.0092
suppliant,0.2627,0.0107
conçut,0.2627,0.0086
dépendoit,0.2626,0.0079
chevre,0.2626,0.0089
gouvernemens,0.2626,0.0089
d'entr'eux,0.2626,0.0077
drc,0.2625,0.0082
s'attendre,0.2625,0.0080
saturne,0.2625,0.0102
originaire,0.2625,0.0102
mobile,0.2624,0.0095
courfe,0.2623,0.0086
puissants,0.2623,0.0086
portât,0.2623,0.0088
s'appliquer,0.2622,0.0079
caves,0.2621,0.0104
inconnues,0.2621,0.0081
rougir,0.2621,0.0085
corrompue,0.2621,0.0096
personnel,0.2621,0.0092
tale,0.2620,0.0091
alii,0.2620,0.0107
d'intelligence,0.2619,0.0084
plaisance,0.2619,0.0090
ant,0.2619,0.0092
vera,0.2619,0.0089
renverser,0.2618,0.0079
vingtième,0.2616,0.0088
termine,0.2615,0.0081
l'avoue,0.2615,0.0105
d'hercule,0.2614,0.0112
d'accorder,0.2614,0.0081
indépendant,0.2614,0.0097
épargne,0.2614,0.0102
dru,0.2614,0.0120
d'acier,0.2613,0.0097
circulation,0.2613,0.0092
diametre,0.2612,0.0093
militaires,0.2612,0.0087
confiant,0.2612,0.0107
trai,0.2611,0.0084
richesse,0.2611,0.0104
livra,0.2610,0.0089
contributions,0.2610,0.0096
ordinal,0.2610,0.0074
ori,0.2607,0.0094
cam,0.2607,0.0086
injustice,0.2607,0.0077
employés,0.2606,0.0086
désagréable,0.2605,0.0102
tentatives,0.2605,0.0073
berté,0.2604,0.0112
lifte,0.2604,0.0106
neurs,0.2603,0.0083
fale,0.2601,0.0100
angloise,0.2601,0.0092
profitant,0.2600,0.0099
tonnes,0.2600,0.0100
profusion,0.2599,0.0106
signi,0.2599,0.0083
vilité,0.2599,0.0136
succetteur,0.2599,0.0086
insensibles,0.2598,0.0092
volage,0.2596,0.0094
montoit,0.2596,0.0087
rre,0.2595,0.0085
bornée,0.2595,0.0080
renouvelle,0.2593,0.0089
remue,0.2593,0.0086
etes,0.2593,0.0075
flore,0.2592,0.0108
romans,0.2592,0.0103
afez,0.2591,0.0090
splendeur,0.2591,0.0081
suivra,0.2590,0.0090
trempe,0.2589,0.0099
lant,0.2589,0.0098
trer,0.2589,0.0080
paire,0.2589,0.0088
irlande,0.2588,0.0115
d'embarras,0.2588,0.0089
caligula,0.2588,0.0090
méprisé,0.2588,0.0101
revenons,0.2587,0.0082
turc,0.2587,0.0098
imagine,0.2587,0.0097
avoi,0.2587,0.0094
présentent,0.2586,0.0079
ennemies,0.2586,0.0088
vues,0.2586,0.0071
fec,0.2586,0.0083
sagement,0.2585,0.0095
roman,0.2585,0.0095
clos,0.2584,0.0102
prévenus,0.2584,0.0089
l'animal,0.2584,0.0104
parade,0.2584,0.0102
ccr,0.2584,0.0085
reconnus,0.2583,0.0078
qu'ici,0.2582,0.0088
déterminée,0.2582,0.0078
l'in,0.2582,0.0126
poème,0.2582,0.0105
actuellement,0.2582,0.0085
donnes,0.2581,0.0110
allemand,0.2581,0.0083
l'envi,0.2580,0.0087
c'etoit,0.2580,0.0112
chairs,0.2580,0.0117
j'a,0.2580,0.0098
d'irlande,0.2579,0.0104
bar,0.2578,0.0092
traces,0.2578,0.0065
fiur,0.2578,0.0088
trompée,0.2577,0.0092
liquidation,0.2576,0.0101
l'agriculture,0.2575,0.0075
générales,0.2575,0.0076
annibal,0.2573,0.0113
indispensable,0.2573,0.0090
contrée,0.2572,0.0074
juflice,0.2572,0.0079
volon,0.2572,0.0100
ardens,0.2572,0.0103
industrie,0.2571,0.0078
ving,0.2571,0.0094
laiss,0.2570,0.0104
heureuses,0.2570,0.0078
famine,0.2569,0.0086
campa,0.2568,0.0106
arrêtée,0.2568,0.0095
cune,0.2568,0.0079
invincible,0.2568,0.0086
jusqu'où,0.2568,0.0071
d'avignon,0.2568,0.0120
lem,0.2568,0.0103
décisions,0.2567,0.0084
dig,0.2567,0.0095
remettant,0.2567,0.0094
tyr,0.2567,0.0094
examinant,0.2567,0.0096
représentent,0.2567,0.0081
habité,0.2566,0.0082
traire,0.2565,0.0074
gale,0.2565,0.0106
magasin,0.2564,0.0103
ticle,0.2564,0.0089
honorables,0.2564,0.0091
indemnité,0.2564,0.0080
éclairé,0.2564,0.0083
aurre,0.2563,0.0100
dunkerque,0.2563,0.0104
porterent,0.2563,0.0090
tend,0.2563,0.0069
potion,0.2563,0.0119
domi,0.2563,0.0084
d'horace,0.2562,0.0127
arcs,0.2561,0.0093
tacite,0.2561,0.0090
vertueux,0.2560,0.0081
léger,0.2559,0.0083
tans,0.2559,0.0092
tenta,0.2557,0.0084
institution,0.2556,0.0091
épuisé,0.2556,0.0079
publia,0.2556,0.0085
sembla,0.2556,0.0085
ccl,0.2555,0.0079
bailly,0.2555,0.0125
répondant,0.2555,0.0113
ches,0.2554,0.0082
tempérament,0.2554,0.0073
globe,0.2553,0.0075
emploie,0.2553,0.0070
opiniâtre,0.2553,0.0101
pli,0.2552,0.0085
payoient,0.2552,0.0079
pouvoirs,0.2551,0.0078
réduits,0.2550,0.0068
tombées,0.2549,0.0073
rassembler,0.2549,0.0079
piquer,0.2549,0.0092
d'orleans,0.2549,0.0096
puisqu,0.2548,0.0119
deo,0.2548,0.0083
dépouille,0.2548,0.0093
importe,0.2547,0.0075
expéditions,0.2547,0.0088
prou,0.2547,0.0080
résistance,0.2546,0.0082
métal,0.2546,0.0079
ménagé,0.2546,0.0088
jouissent,0.2545,0.0065
balle,0.2545,0.0088
defi,0.2544,0.0094
attentive,0.2544,0.0084
pile,0.2543,0.0095
faiblesse,0.2543,0.0088
jusqu'i,0.2543,0.0111
emprunt,0.2543,0.0115
l'exception,0.2543,0.0083
résoudre,0.2543,0.0077
naitre,0.2542,0.0085
ité,0.2541,0.0105
fidélité,0.2541,0.0076
accuser,0.2541,0.0092
marcel,0.2541,0.0149
quoiqu'ils,0.2541,0.0065
d'i,0.2541,0.0105
pourvus,0.2540,0.0085
majeure,0.2540,0.0098
eis,0.2539,0.0096
devinrent,0.2539,0.0073
titans,0.2538,0.0096
d'ordre,0.2538,0.0106
pes,0.2538,0.0079
réglemens,0.2538,0.0098
malte,0.2538,0.0141
nombreuses,0.2537,0.0091
seindre,0.2537,0.0123
faible,0.2536,0.0090
contenoit,0.2536,0.0079
epitre,0.2535,0.0099
lanterne,0.2535,0.0102
imprudence,0.2535,0.0094
tablettes,0.2535,0.0081
grammaire,0.2534,0.0082
pécher,0.2534,0.0106
épreuve,0.2534,0.0078
comes,0.2534,0.0110
penchant,0.2533,0.0075
réparer,0.2533,0.0074
fié,0.2533,0.0119
soutenue,0.2533,0.0085
descendant,0.2532,0.0101
suffisoit,0.2532,0.0078
l'incertitude,0.2532,0.0096
comptent,0.2532,0.0079
seint,0.2531,0.0100
misérables,0.2531,0.0083
expédition,0.2531,0.0077
aug,0.2531,0.0086
tués,0.2530,0.0076
parie,0.2530,0.0110
mensonges,0.2530,0.0091
limites,0.2530,0.0079
enfuirez,0.2529,0.0137
église,0.2529,0.0100
singularité,0.2529,0.0087
pent,0.2529,0.0096
sûrs,0.2528,0.0087
omis,0.2528,0.0087
enco,0.2528,0.0130
gratis,0.2527,0.0095
rendoient,0.2527,0.0069
bleue,0.2527,0.0087
d'appeller,0.2526,0.0098
échappe,0.2524,0.0088
pra,0.2524,0.0092
por,0.2524,0.0079
savois,0.2523,0.0090
fion,0.2523,0.0094
duire,0.2522,0.0071
nde,0.2522,0.0085
jes,0.2521,0.0101
continu,0.2521,0.0113
séparé,0.2521,0.0092
quittes,0.2520,0.0080
formées,0.2519,0.0076
oubli,0.2519,0.0092
égards,0.2519,0.0070
puisqu'elle,0.2518,0.0077
i's,0.2518,0.0086
flancs,0.2518,0.0088
boulanger,0.2517,0.0106
décision,0.2517,0.0084
ires,0.2517,0.0084
recevoient,0.2516,0.0073
aes,0.2515,0.0100
l'adresse,0.2515,0.0081
circa,0.2515,0.0083
ouvertures,0.2514,0.0078
pal,0.2514,0.0094
ement,0.2514,0.0080
abominable,0.2514,0.0087
bienveillance,0.2513,0.0105
l'audace,0.2513,0.0079
recouvrement,0.2513,0.0094
l'utilité,0.2513,0.0081
essentiels,0.2513,0.0078
rio,0.2512,0.0085
visité,0.2512,0.0102
idole,0.2512,0.0086
mée,0.2511,0.0085
riante,0.2511,0.0086
particuliérement,0.2510,0.0114
teinture,0.2510,0.0078
contracter,0.2510,0.0094
l'extrême,0.2510,0.0076
fra,0.2510,0.0081
l'asie,0.2509,0.0076
fixé,0.2509,0.0071
animée,0.2509,0.0086
lam,0.2508,0.0097
mexique,0.2508,0.0112
sement,0.2508,0.0113
position,0.2507,0.0076
s'engage,0.2507,0.0094
otre,0.2507,0.0083
modération,0.2506,0.0083
pafe,0.2506,0.0105
réels,0.2506,0.0078
mons,0.2506,0.0117
humains,0.2506,0.0082
licence,0.2506,0.0090
dédommager,0.2506,0.0081
ats,0.2506,0.0091
xlix,0.2506,0.0131
désir,0.2505,0.0073
mel,0.2505,0.0100
iion,0.2505,0.0088
colbert,0.2505,0.0096
lité,0.2504,0.0094
mérité,0.2504,0.0066
d'oublier,0.2504,0.0108
ifles,0.2504,0.0086
d'aujourd'hui,0.2504,0.0087
suivies,0.2503,0.0074
s'éloigner,0.2503,0.0082
pouf,0.2503,0.0100
vraisemblance,0.2503,0.0082
autr,0.2503,0.0104
liber,0.2502,0.0104
ede,0.2502,0.0098
éclairer,0.2502,0.0081
conférence,0.2502,0.0114
véritables,0.2502,0.0070
mécontentement,0.2501,0.0086
augmentant,0.2501,0.0080
rcr,0.2501,0.0083
accompagnent,0.2500,0.0080
continent,0.2500,0.0093
cessé,0.2500,0.0068
bijoux,0.2500,0.0082
ustion,0.2500,0.0095
cen,0.2499,0.0090
leau,0.2499,0.0095
pier,0.2499,0.0093
l'espece,0.2499,0.0098
étonnant,0.2498,0.0074
opérations,0.2497,0.0071
eroit,0.2497,0.0103
fiir,0.2497,0.0090
expérience,0.2496,0.0077
corrigé,0.2496,0.0091
ordonnées,0.2495,0.0092
rcn,0.2495,0.0080
imparfaite,0.2495,0.0085
violé,0.2495,0.0074
fiance,0.2495,0.0074
nécessité,0.2494,0.0073
musiciens,0.2493,0.0082
triompher,0.2492,0.0082
vertueuse,0.2492,0.0087
egyptiens,0.2492,0.0096
relier,0.2492,0.0105
précipiter,0.2492,0.0087
l'employer,0.2491,0.0093
i'c,0.2491,0.0073
excité,0.2491,0.0081
administration,0.2491,0.0081
infailliblement,0.2491,0.0082
imposé,0.2490,0.0102
bannir,0.2490,0.0091
lecteurs,0.2490,0.0085
exclure,0.2490,0.0091
erl,0.2489,0.0092
vraie,0.2489,0.0078
alle,0.2489,0.0096
posent,0.2488,0.0075
cachent,0.2488,0.0073
perfectionner,0.2487,0.0089
équivoques,0.2487,0.0085
satire,0.2487,0.0114
évite,0.2487,0.0091
sce,0.2487,0.0100
l'impuissance,0.2486,0.0095
cabales,0.2486,0.0090
rempart,0.2486,0.0097
revêtus,0.2486,0.0079
ruinent,0.2485,0.0077
stance,0.2484,0.0111
suffrages,0.2484,0.0075
bravoure,0.2484,0.0081
forets,0.2484,0.0110
traverse,0.2484,0.0095
soutient,0.2484,0.0075
onne,0.2482,0.0081
forma,0.2482,0.0069
sub,0.2482,0.0087
redevables,0.2482,0.0083
fréquent,0.2481,0.0085
destins,0.2480,0.0084
tune,0.2480,0.0077
fusil,0.2480,0.0087
réglé,0.2479,0.0072
jans,0.2479,0.0111
disette,0.2478,0.0093
aliis,0.2478,0.0088
rétablit,0.2478,0.0080
sollicitations,0.2477,0.0080
gravité,0.2477,0.0095
rope,0.2477,0.0107
régent,0.2477,0.0102
laitier,0.2477,0.0108
fieur,0.2476,0.0103
miais,0.2476,0.0117
sar,0.2476,0.0108
ente,0.2476,0.0087
événement,0.2476,0.0069
chartre,0.2475,0.0088
d'attendre,0.2475,0.0073
maitresse,0.2475,0.0112
tendent,0.2475,0.0069
live,0.2475,0.0078
effectivement,0.2474,0.0095
dli,0.2474,0.0081
frai,0.2474,0.0139
yvoire,0.2473,0.0103
couvertures,0.2473,0.0105
d'après,0.2473,0.0074
offrant,0.2472,0.0091
vrir,0.2472,0.0073
matres,0.2472,0.0099
engagée,0.2471,0.0065
d'inquiétude,0.2471,0.0097
lames,0.2471,0.0080
ambitieux,0.2471,0.0087
occupée,0.2471,0.0074
pitre,0.2471,0.0086
asi,0.2470,0.0090
pains,0.2470,0.0094
iro,0.2470,0.0073
cultive,0.2470,0.0073
d'ap,0.2469,0.0107
livré,0.2469,0.0073
d'observer,0.2469,0.0074
exigé,0.2469,0.0096
nié,0.2468,0.0103
xlviii,0.2467,0.0114
délibérations,0.2466,0.0088
levure,0.2466,0.0106
ein,0.2465,0.0089
vio,0.2465,0.0087
multi,0.2465,0.0094
originairement,0.2465,0.0103
mcme,0.2465,0.0107
présomption,0.2465,0.0106
jufle,0.2465,0.0109
versé,0.2464,0.0078
ices,0.2463,0.0122
suspendu,0.2463,0.0082
devenues,0.2463,0.0077
balancer,0.2462,0.0084
rii,0.2462,0.0073
exempt,0.2462,0.0081
interdit,0.2461,0.0078
arrière,0.2461,0.0100
bres,0.2461,0.0078
griffe,0.2460,0.0112
accepta,0.2460,0.0085
reprise,0.2459,0.0099
refie,0.2459,0.0118
crue,0.2459,0.0107
payeroit,0.2458,0.0078
gabriel,0.2458,0.0097
ees,0.2458,0.0107
l'es,0.2458,0.0100
ias,0.2458,0.0084
uniquement,0.2457,0.0067
l'expérience,0.2456,0.0075
manus,0.2456,0.0081
couvrant,0.2456,0.0081
tris,0.2456,0.0109
rivières,0.2456,0.0081
cre,0.2455,0.0084
encourage,0.2455,0.0085
l'amant,0.2455,0.0102
commodités,0.2454,0.0078
extérieure,0.2454,0.0076
iix,0.2454,0.0090
politiques,0.2454,0.0080
auli,0.2453,0.0096
ilc,0.2453,0.0066
successivement,0.2453,0.0073
naissant,0.2453,0.0101
dement,0.2452,0.0095
véritablement,0.2452,0.0090
d'exercer,0.2452,0.0076
pel,0.2451,0.0083
pénétration,0.2451,0.0089
parchemin,0.2451,0.0082
roseaux,0.2451,0.0081
teurs,0.2451,0.0077
conformer,0.2451,0.0073
tere,0.2450,0.0093
déchiré,0.2449,0.0084
produira,0.2448,0.0085
profitable,0.2448,0.0099
rangées,0.2448,0.0094
compagne,0.2448,0.0103
diu,0.2448,0.0089
nice,0.2448,0.0114
ance,0.2448,0.0101
aidé,0.2447,0.0088
horreurs,0.2447,0.0065
attentat,0.2447,0.0075
peller,0.2447,0.0080
muse,0.2447,0.0091
marins,0.2446,0.0102
impressions,0.2445,0.0064
rejetter,0.2445,0.0089
funestes,0.2445,0.0068
gner,0.2445,0.0111
ignore,0.2444,0.0072
fides,0.2444,0.0087
représentation,0.2444,0.0100
magni,0.2443,0.0090
finira,0.2443,0.0095
mile,0.2443,0.0102
prairie,0.2441,0.0083
voyageur,0.2441,0.0103
annuel,0.2439,0.0082
tar,0.2439,0.0089
s'unir,0.2438,0.0081
taillis,0.2438,0.0085
pensent,0.2438,0.0066
cherté,0.2438,0.0097
mélancolie,0.2437,0.0090
mii,0.2437,0.0083
prifes,0.2437,0.0078
demeures,0.2437,0.0086
conçu,0.2437,0.0077
honore,0.2436,0.0083
rivaux,0.2436,0.0068
calcul,0.2436,0.0069
blessures,0.2436,0.0073
entiérement,0.2436,0.0082
vil,0.2436,0.0072
circonstance,0.2436,0.0076
d'af,0.2435,0.0128
fiers,0.2435,0.0073
permettra,0.2434,0.0086
échapper,0.2434,0.0081
doubler,0.2434,0.0097
lies,0.2434,0.0105
risques,0.2434,0.0082
vui,0.2434,0.0114
d'étendue,0.2433,0.0069
refuté,0.2433,0.0098
l'ouvrier,0.2433,0.0088
puisqu'on,0.2433,0.0079
coquilles,0.2433,0.0086
auii,0.2432,0.0096
diminuant,0.2432,0.0079
infiniment,0.2431,0.0073
intrigues,0.2430,0.0070
d'autorité,0.2430,0.0078
uine,0.2430,0.0086
suffrage,0.2430,0.0085
consacrer,0.2430,0.0080
arri,0.2429,0.0076
noblement,0.2429,0.0104
perpétuelle,0.2429,0.0095
coa,0.2429,0.0093
ejf,0.2428,0.0084
moderne,0.2427,0.0084
picardie,0.2427,0.0111
préféré,0.2427,0.0086
récompenser,0.2427,0.0087
fermens,0.2426,0.0079
vrais,0.2426,0.0070
bou,0.2426,0.0083
l'intelligence,0.2426,0.0079
l'humeur,0.2425,0.0082
appercevoir,0.2425,0.0083
refle,0.2425,0.0108
présens,0.2425,0.0092
los,0.2425,0.0093
nmme,0.2424,0.0118
l'académie,0.2424,0.0078
tomme,0.2424,0.0113
constante,0.2424,0.0073
guer,0.2424,0.0103
abon,0.2424,0.0084
tume,0.2424,0.0082
insulte,0.2424,0.0090
imposer,0.2423,0.0084
regar,0.2423,0.0067
interprétation,0.2422,0.0088
tourmenter,0.2422,0.0094
multiplient,0.2421,0.0074
l'écriture,0.2421,0.0081
engagea,0.2421,0.0084
sint,0.2421,0.0091
mettront,0.2420,0.0073
folles,0.2420,0.0094
paya,0.2420,0.0074
ouest,0.2420,0.0088
cele,0.2420,0.0108
mors,0.2420,0.0092
lettrés,0.2419,0.0089
agite,0.2419,0.0077
orne,0.2419,0.0076
sentier,0.2419,0.0079
l'étoient,0.2418,0.0065
inspiré,0.2418,0.0092
aque,0.2418,0.0108
récompense,0.2417,0.0069
favorables,0.2417,0.0063
tez,0.2416,0.0074
propriété,0.2416,0.0083
perfe,0.2416,0.0088
scrupules,0.2415,0.0083
trompeurs,0.2414,0.0082
l'été,0.2414,0.0088
comparé,0.2414,0.0096
détruite,0.2414,0.0082
cassé,0.2413,0.0106
adoucir,0.2413,0.0079
précipice,0.2413,0.0079
tendu,0.2413,0.0076
mad,0.2412,0.0131
s'a,0.2412,0.0095
mente,0.2412,0.0097
essentielle,0.2412,0.0075
régner,0.2412,0.0075
priver,0.2411,0.0076
voyois,0.2411,0.0079
gnes,0.2411,0.0106
efe,0.2410,0.0079
suffira,0.2410,0.0068
personnellement,0.2409,0.0097
abuser,0.2409,0.0089
d'al,0.2408,0.0108
siége,0.2408,0.0086
touchés,0.2407,0.0080
légèrement,0.2407,0.0104
tournée,0.2406,0.0082
vantage,0.2405,0.0091
infortunée,0.2405,0.0078
d'obéir,0.2405,0.0083
fixe,0.2405,0.0069
nat,0.2405,0.0102
esti,0.2405,0.0106
démarches,0.2404,0.0072
rain,0.2404,0.0088
ferré,0.2404,0.0084
confia,0.2404,0.0080
acheve,0.2403,0.0107
inu,0.2403,0.0083
étend,0.2403,0.0074
troit,0.2403,0.0102
motif,0.2403,0.0073
led,0.2403,0.0086
trésors,0.2402,0.0072
pass,0.2402,0.0087
folle,0.2401,0.0074
vile,0.2401,0.0082
fiut,0.2401,0.0085
filr,0.2400,0.0086
établit,0.2400,0.0069
puiffance,0.2400,0.0093
primitive,0.2400,0.0084
sacrifier,0.2399,0.0071
exercé,0.2399,0.0081
embrasser,0.2399,0.0076
nova,0.2398,0.0088
rime,0.2398,0.0080
piété,0.2398,0.0080
pari,0.2398,0.0096
consent,0.2398,0.0089
avoue,0.2398,0.0072
muni,0.2397,0.0090
volontaires,0.2397,0.0095
anime,0.2397,0.0068
iiu,0.2397,0.0070
reconnaître,0.2397,0.0094
ser,0.2397,0.0087
ordi,0.2396,0.0084
descendent,0.2396,0.0079
ecoles,0.2396,0.0084
favorise,0.2396,0.0086
inspirer,0.2396,0.0069
affermir,0.2396,0.0083
dues,0.2396,0.0080
ecl,0.2395,0.0093
dii,0.2394,0.0074
refute,0.2394,0.0096
libres,0.2392,0.0065
jouiront,0.2392,0.0070
aine,0.2392,0.0082
généreux,0.2391,0.0074
desirer,0.2391,0.0090
code,0.2391,0.0076
coupables,0.2391,0.0060
mas,0.2391,0.0105
crée,0.2391,0.0096
discussion,0.2391,0.0069
scie,0.2390,0.0104
faine,0.2390,0.0082
cia,0.2390,0.0074
fléchir,0.2390,0.0080
piu,0.2390,0.0070
distribué,0.2389,0.0080
employent,0.2389,0.0076
nit,0.2389,0.0076
fance,0.2389,0.0084
romaines,0.2388,0.0086
provenant,0.2388,0.0113
sen,0.2387,0.0083
surle,0.2386,0.0097
jon,0.2386,0.0093
tent,0.2386,0.0059
xli,0.2385,0.0100
lence,0.2385,0.0103
efr,0.2385,0.0078
guet,0.2385,0.0097
s'établir,0.2385,0.0073
manquant,0.2385,0.0130
mutuelle,0.2385,0.0075
coutre,0.2384,0.0145
soutiennent,0.2383,0.0068
ruine,0.2383,0.0063
considence,0.2382,0.0095
médailles,0.2382,0.0111
rapporta,0.2381,0.0098
l'objet,0.2380,0.0059
l'enfance,0.2380,0.0075
ressentir,0.2380,0.0082
continuelles,0.2379,0.0067
l'étude,0.2379,0.0073
ition,0.2379,0.0093
suivis,0.2379,0.0068
défauts,0.2378,0.0063
quanti,0.2378,0.0071
levent,0.2378,0.0080
ordonnée,0.2377,0.0089
futur,0.2377,0.0119
accordant,0.2377,0.0061
entouré,0.2377,0.0086
cle,0.2376,0.0100
sermens,0.2376,0.0071
ord,0.2376,0.0086
perdoit,0.2376,0.0088
dauphine,0.2376,0.0112
connues,0.2375,0.0068
rebut,0.2375,0.0088
n'el,0.2375,0.0067
dia,0.2374,0.0094
appui,0.2374,0.0074
d'oeil,0.2374,0.0064
i'a,0.2373,0.0081
cedent,0.2373,0.0091
ani,0.2372,0.0071
etl,0.2372,0.0084
républiques,0.2372,0.0068
entroit,0.2372,0.0081
perdra,0.2372,0.0079
gence,0.2371,0.0116
apprens,0.2371,0.0072
xliv,0.2371,0.0109
exercée,0.2371,0.0091
poitou,0.2370,0.0097
demeu,0.2370,0.0081
sam,0.2369,0.0085
rendant,0.2369,0.0067
cation,0.2369,0.0089
paysan,0.2368,0.0084
expose,0.2367,0.0080
arpens,0.2367,0.0073
sauf,0.2367,0.0130
soumis,0.2366,0.0066
jonction,0.2366,0.0097
s'offre,0.2366,0.0084
ministère,0.2365,0.0085
tiroit,0.2364,0.0070
elc,0.2364,0.0097
uli,0.2364,0.0071
lers,0.2364,0.0100
pillage,0.2364,0.0087
attribuer,0.2364,0.0062
gueur,0.2364,0.0084
qu'autrefois,0.2363,0.0100
tiendroit,0.2363,0.0079
cui,0.2363,0.0083
retranche,0.2363,0.0086
peuplé,0.2363,0.0072
iune,0.2363,0.0086
certainement,0.2362,0.0083
hache,0.2362,0.0073
lus,0.2362,0.0084
leveur,0.2361,0.0105
cannes,0.2361,0.0086
vei,0.2360,0.0087
ava,0.2360,0.0094
réglement,0.2360,0.0100
n'é,0.2360,0.0073
l'admiration,0.2360,0.0069
propriétaires,0.2359,0.0089
vénérable,0.2359,0.0111
qu'avoit,0.2359,0.0081
ambition,0.2359,0.0064
fortunes,0.2358,0.0081
traités,0.2358,0.0074
arte,0.2358,0.0072
danse,0.2357,0.0091
trie,0.2357,0.0105
duel,0.2357,0.0095
environnent,0.2356,0.0074
toits,0.2356,0.0074
parcequ'il,0.2356,0.0101
dicitur,0.2356,0.0087
ves,0.2355,0.0104
correspondance,0.2355,0.0065
poutres,0.2355,0.0079
gar,0.2355,0.0075
désordres,0.2355,0.0068
instruite,0.2354,0.0088
oubliez,0.2354,0.0086
vus,0.2354,0.0068
réserve,0.2354,0.0087
pan,0.2353,0.0100
quis,0.2353,0.0077
sapin,0.2353,0.0078
c'er,0.2353,0.0101
lin,0.2352,0.0079
sixieme,0.2352,0.0098
finesse,0.2352,0.0078
terminée,0.2351,0.0075
iiii,0.2350,0.0072
génie,0.2350,0.0064
destination,0.2350,0.0061
bil,0.2350,0.0090
perfidie,0.2350,0.0081
réglée,0.2349,0.0088
mène,0.2349,0.0101
cir,0.2349,0.0100
obtenue,0.2349,0.0076
cclle,0.2348,0.0100
renfermées,0.2348,0.0071
s'empare,0.2348,0.0077
nant,0.2346,0.0070
iso,0.2346,0.0091
périt,0.2345,0.0070
pairement,0.2345,0.0085
bouton,0.2344,0.0088
prote,0.2344,0.0079
riens,0.2344,0.0089
l'accomplissement,0.2344,0.0088
fauve,0.2343,0.0110
harmonie,0.2343,0.0072
d'oeuvre,0.2343,0.0063
paternelle,0.2343,0.0082
légitimement,0.2343,0.0093
supposons,0.2343,0.0076
braver,0.2343,0.0089
inconnus,0.2342,0.0067
coupent,0.2342,0.0078
parceque,0.2342,0.0107
patiemment,0.2341,0.0092
enrichir,0.2341,0.0085
finement,0.2341,0.0109
l'empressement,0.2341,0.0094
sérieusement,0.2340,0.0082
differe,0.2340,0.0074
l'avantage,0.2339,0.0065
sau,0.2339,0.0106
battus,0.2339,0.0080
l'attente,0.2339,0.0081
vices,0.2339,0.0063
graves,0.2339,0.0079
appointemens,0.2338,0.0084
lac,0.2338,0.0076
vérification,0.2338,0.0093
réparations,0.2338,0.0071
prescrites,0.2337,0.0071
éroit,0.2337,0.0069
onr,0.2337,0.0081
tal,0.2336,0.0079
intrigue,0.2336,0.0082
peit,0.2336,0.0076
iour,0.2336,0.0098
rue,0.2335,0.0077
bol,0.2335,0.0078
d'exercice,0.2335,0.0084
s'apperçoit,0.2335,0.0077
assurément,0.2334,0.0081
soulagement,0.2334,0.0070
bac,0.2333,0.0092
l'ac,0.2333,0.0092
impériale,0.2333,0.0085
imais,0.2333,0.0104
cote,0.2333,0.0096
siennes,0.2333,0.0073
mante,0.2333,0.0088
formalités,0.2332,0.0077
ige,0.2332,0.0089
paré,0.2331,0.0081
ino,0.2331,0.0073
jui,0.2331,0.0099
juil,0.2331,0.0084
auf,0.2331,0.0100
vulgaire,0.2331,0.0085
assure,0.2330,0.0063
proposoit,0.2330,0.0067
divi,0.2330,0.0075
inconnue,0.2330,0.0074
finies,0.2328,0.0083
provin,0.2328,0.0078
ejt,0.2328,0.0079
paraissait,0.2327,0.0084
ressent,0.2327,0.0068
xlvi,0.2326,0.0118
fauf,0.2326,0.0108
difgrace,0.2325,0.0100
vail,0.2325,0.0076
librement,0.2325,0.0064
til,0.2324,0.0074
trace,0.2324,0.0070
vot,0.2324,0.0084
gers,0.2324,0.0091
eil,0.2324,0.0068
vre,0.2323,0.0080
l'attaque,0.2322,0.0099
tournent,0.2322,0.0061
restant,0.2322,0.0107
d'instruire,0.2322,0.0088
diront,0.2322,0.0062
çois,0.2322,0.0082
engage,0.2321,0.0068
fondemens,0.2321,0.0066
cane,0.2321,0.0085
déguiser,0.2321,0.0084
choisies,0.2321,0.0084
deman,0.2321,0.0067
langueur,0.2320,0.0067
cesser,0.2320,0.0070
valent,0.2320,0.0054
annoncer,0.2320,0.0063
line,0.2320,0.0098
presse,0.2320,0.0067
alexandrie,0.2320,0.0084
timides,0.2319,0.0082
s'ouvre,0.2319,0.0086
d'action,0.2319,0.0100
fourniture,0.2319,0.0074
brille,0.2319,0.0067
indifférente,0.2318,0.0092
qus,0.2318,0.0092
société,0.2318,0.0067
séparée,0.2317,0.0074
postérité,0.2317,0.0071
médiocres,0.2317,0.0078
atteinte,0.2317,0.0061
politique,0.2316,0.0068
berceau,0.2316,0.0084
hercule,0.2316,0.0090
ient,0.2316,0.0074
perdus,0.2316,0.0066
féjour,0.2315,0.0080
roger,0.2315,0.0111
avoine,0.2314,0.0097
dili,0.2314,0.0090
supra,0.2314,0.0084
secretes,0.2314,0.0083
rce,0.2313,0.0074
quelqu,0.2313,0.0081
suffisante,0.2312,0.0077
nées,0.2312,0.0078
guise,0.2311,0.0091
eul,0.2311,0.0104
l'arrêt,0.2311,0.0075
traitant,0.2311,0.0083
tombera,0.2311,0.0077
imi,0.2311,0.0075
traitoit,0.2311,0.0073
apperçu,0.2311,0.0072
relever,0.2310,0.0071
divorce,0.2310,0.0073
imagination,0.2309,0.0059
joyeux,0.2308,0.0092
cure,0.2308,0.0075
méritent,0.2308,0.0058
traitée,0.2307,0.0071
inévitable,0.2307,0.0088
commit,0.2307,0.0082
s'elt,0.2307,0.0080
insensible,0.2306,0.0080
tenté,0.2306,0.0068
incertains,0.2306,0.0082
s'arrête,0.2306,0.0089
abandonne,0.2306,0.0075
l'esclave,0.2306,0.0066
intelligences,0.2306,0.0073
miennes,0.2305,0.0068
rient,0.2305,0.0093
ers,0.2305,0.0085
beaumont,0.2305,0.0101
fun,0.2304,0.0078
babylone,0.2304,0.0082
paroîtra,0.2303,0.0075
spectateur,0.2302,0.0090
folides,0.2302,0.0109
jadis,0.2302,0.0098
app,0.2302,0.0077
l'intention,0.2302,0.0079
nourris,0.2302,0.0073
i'r,0.2302,0.0069
cai,0.2301,0.0075
abattu,0.2301,0.0093
réussir,0.2301,0.0074
forcé,0.2301,0.0061
anglais,0.2300,0.0093
souliers,0.2300,0.0087
scn,0.2300,0.0096
répandus,0.2300,0.0068
hollandais,0.2300,0.0093
tain,0.2300,0.0058
ncr,0.2299,0.0069
d'exécuter,0.2299,0.0077
renvoie,0.2298,0.0092
parcouru,0.2298,0.0072
dei,0.2298,0.0088
paisible,0.2298,0.0079
avertit,0.2298,0.0076
coure,0.2298,0.0090
lumieres,0.2298,0.0070
peutêtre,0.2298,0.0112
pénétrer,0.2297,0.0069
fuient,0.2297,0.0075
présenter,0.2297,0.0062
violer,0.2296,0.0073
finis,0.2296,0.0085
réussit,0.2296,0.0076
légitime,0.2296,0.0075
deuxieme,0.2296,0.0086
allure,0.2296,0.0113
solliciter,0.2295,0.0085
fache,0.2295,0.0082
porc,0.2295,0.0076
alfez,0.2295,0.0082
l'équité,0.2295,0.0070
espérer,0.2295,0.0066
prima,0.2295,0.0079
fracas,0.2294,0.0075
ruses,0.2293,0.0074
poi,0.2292,0.0082
métaux,0.2292,0.0079
entreprend,0.2292,0.0077
parfum,0.2291,0.0081
suive,0.2291,0.0076
fiere,0.2291,0.0088
bran,0.2291,0.0078
participer,0.2291,0.0079
veulement,0.2291,0.0084
disputes,0.2291,0.0064
naquit,0.2291,0.0070
exciter,0.2291,0.0062
devins,0.2291,0.0095
contredire,0.2290,0.0095
approche,0.2290,0.0064
iri,0.2290,0.0061
nue,0.2289,0.0073
connaissance,0.2289,0.0072
obéit,0.2288,0.0087
obscurité,0.2288,0.0073
una,0.2288,0.0101
l'effet,0.2288,0.0065
san,0.2288,0.0142
guerrier,0.2287,0.0077
ram,0.2287,0.0077
fiis,0.2287,0.0082
cra,0.2287,0.0077
future,0.2287,0.0087
compassion,0.2287,0.0068
crochet,0.2286,0.0077
grossir,0.2286,0.0075
jaloufie,0.2286,0.0076
vitriol,0.2285,0.0086
pré,0.2285,0.0072
genou,0.2285,0.0078
prêtent,0.2285,0.0076
coton,0.2284,0.0084
d'egypte,0.2284,0.0070
due,0.2284,0.0064
ates,0.2284,0.0079
caprice,0.2283,0.0070
inon,0.2283,0.0090
tor,0.2283,0.0079
l'abri,0.2282,0.0063
favorite,0.2282,0.0092
j'appelle,0.2282,0.0099
quoiqu'elle,0.2282,0.0057
trahir,0.2281,0.0077
ide,0.2281,0.0081
moin,0.2281,0.0073
pairs,0.2281,0.0069
téméraire,0.2281,0.0081
rouleau,0.2280,0.0094
urs,0.2280,0.0076
vaux,0.2280,0.0070
creuser,0.2280,0.0071
rendroit,0.2280,0.0063
version,0.2279,0.0073
conduisent,0.2279,0.0069
achille,0.2279,0.0099
dragon,0.2279,0.0082
protester,0.2279,0.0075
richelieu,0.2279,0.0082
glorifier,0.2279,0.0075
dres,0.2278,0.0084
détourné,0.2278,0.0082
entreprit,0.2277,0.0075
dominus,0.2277,0.0087
forger,0.2277,0.0085
trahit,0.2276,0.0076
rele,0.2276,0.0092
feur,0.2276,0.0090
suffisantes,0.2276,0.0071
iroit,0.2276,0.0070
concurrence,0.2275,0.0073
mira,0.2275,0.0110
promettent,0.2275,0.0074
obéir,0.2275,0.0067
cous,0.2275,0.0112
dles,0.2275,0.0092
pures,0.2275,0.0065
sien,0.2275,0.0070
notice,0.2274,0.0076
liu,0.2274,0.0079
tragique,0.2273,0.0075
respe,0.2273,0.0083
carthage,0.2273,0.0093
talents,0.2273,0.0071
perpétuité,0.2273,0.0067
auxquels,0.2271,0.0054
efi,0.2271,0.0056
plongé,0.2271,0.0073
convertit,0.2271,0.0090
détours,0.2270,0.0065
eflt,0.2270,0.0111
savants,0.2270,0.0090
d'exemple,0.2269,0.0064
alliés,0.2269,0.0078
qu'aucune,0.2269,0.0061
fre,0.2268,0.0081
ivres,0.2268,0.0072
perdant,0.2268,0.0078
maine,0.2267,0.0092
éteint,0.2267,0.0077
apo,0.2267,0.0088
sacrées,0.2266,0.0077
combattu,0.2266,0.0071
courageux,0.2265,0.0081
vêtus,0.2265,0.0075
satis,0.2265,0.0092
plan,0.2265,0.0061
tribune,0.2265,0.0089
bénéfices,0.2264,0.0074
lais,0.2264,0.0096
l'efpagne,0.2264,0.0081
profane,0.2264,0.0107
gestes,0.2264,0.0066
l'estime,0.2264,0.0063
marquée,0.2264,0.0066
s'écarter,0.2264,0.0081
froideur,0.2264,0.0089
populace,0.2264,0.0074
j'admire,0.2263,0.0088
royauté,0.2263,0.0099
conc,0.2263,0.0076
lun,0.2263,0.0073
haud,0.2263,0.0093
fori,0.2263,0.0094
fri,0.2263,0.0085
restoit,0.2262,0.0059
drois,0.2262,0.0080
rentre,0.2262,0.0087
rapide,0.2261,0.0070
déclarant,0.2261,0.0096
partant,0.2261,0.0087
l'orgueil,0.2261,0.0067
transportées,0.2261,0.0062
l'affection,0.2261,0.0073
d'établir,0.2260,0.0068
jeté,0.2260,0.0069
exécution,0.2260,0.0064
forfait,0.2260,0.0084
dune,0.2260,0.0089
dor,0.2259,0.0090
nov,0.2259,0.0091
d'aussi,0.2259,0.0075
uis,0.2259,0.0079
olives,0.2258,0.0081
camille,0.2258,0.0126
dépouillé,0.2258,0.0069
précepteur,0.2258,0.0078
gra,0.2258,0.0080
elr,0.2258,0.0091
irriter,0.2257,0.0083
merce,0.2257,0.0063
crus,0.2257,0.0070
dance,0.2257,0.0083
prin,0.2257,0.0081
veur,0.2257,0.0102
audi,0.2256,0.0113
liquide,0.2256,0.0080
reconnaissance,0.2256,0.0078
cède,0.2256,0.0068
germe,0.2256,0.0085
boucher,0.2255,0.0089
refsemblance,0.2255,0.0081
comprends,0.2255,0.0074
rant,0.2255,0.0079
rayon,0.2255,0.0088
vermillon,0.2255,0.0092
ravir,0.2255,0.0072
dent,0.2254,0.0069
jouit,0.2253,0.0056
ourles,0.2253,0.0097
ardente,0.2253,0.0077
sexes,0.2253,0.0064
fuites,0.2253,0.0064
facon,0.2253,0.0075
sortifications,0.2253,0.0079
procura,0.2253,0.0071
relations,0.2253,0.0082
arraché,0.2252,0.0076
privée,0.2252,0.0069
rin,0.2251,0.0073
chargées,0.2251,0.0067
nio,0.2251,0.0069
assura,0.2251,0.0086
volontaire,0.2251,0.0072
maintenu,0.2250,0.0086
dissiper,0.2250,0.0072
regrets,0.2250,0.0064
ome,0.2250,0.0086
exemptions,0.2249,0.0075
d'humeur,0.2249,0.0092
soulage,0.2249,0.0085
ala,0.2249,0.0101
connaît,0.2248,0.0076
canne,0.2248,0.0107
inquiet,0.2248,0.0080
taches,0.2248,0.0072
grotius,0.2248,0.0091
prétention,0.2248,0.0084
concours,0.2248,0.0072
ues,0.2248,0.0087
modique,0.2248,0.0073
déposition,0.2248,0.0080
regnent,0.2248,0.0069
engagement,0.2247,0.0063
collet,0.2247,0.0090
renferment,0.2247,0.0069
s'adresse,0.2247,0.0082
offroit,0.2246,0.0071
environne,0.2246,0.0076
confirme,0.2246,0.0070
conviens,0.2246,0.0079
adroitement,0.2245,0.0074
changeant,0.2245,0.0070
exiger,0.2245,0.0074
européens,0.2245,0.0082
retenus,0.2245,0.0069
incertitude,0.2244,0.0082
retenue,0.2244,0.0096
seuls,0.2244,0.0054
sépare,0.2244,0.0073
tite,0.2244,0.0083
phi,0.2244,0.0121
puisqu'ils,0.2244,0.0057
nuisibles,0.2243,0.0078
montée,0.2243,0.0081
emportent,0.2243,0.0072
pers,0.2243,0.0112
s'ouvrir,0.2242,0.0078
l'application,0.2242,0.0079
l'encens,0.2241,0.0073
parois,0.2241,0.0062
l'agitation,0.2241,0.0072
scc,0.2241,0.0078
j'avance,0.2240,0.0076
devenue,0.2239,0.0060
évidence,0.2239,0.0075
pressant,0.2239,0.0075
toient,0.2239,0.0063
recoit,0.2238,0.0077
attaques,0.2238,0.0066
tigres,0.2238,0.0068
lal,0.2237,0.0073
flatté,0.2237,0.0080
efficace,0.2237,0.0067
scélérat,0.2236,0.0089
ran,0.2236,0.0087
édifices,0.2236,0.0078
meurs,0.2236,0.0070
l'empêcher,0.2236,0.0070
évidemment,0.2235,0.0090
bat,0.2235,0.0068
paume,0.2235,0.0075
tit,0.2234,0.0073
bagage,0.2234,0.0080
pte,0.2233,0.0062
meur,0.2233,0.0083
daignez,0.2233,0.0068
aboli,0.2233,0.0083
devers,0.2232,0.0090
occupation,0.2232,0.0061
pratiquée,0.2232,0.0078
foui,0.2232,0.0100
uri,0.2232,0.0078
prouvent,0.2232,0.0064
distin,0.2232,0.0076
qu'ils,0.2231,0.0044
gardien,0.2231,0.0099
recevoit,0.2231,0.0065
méditerranée,0.2231,0.0074
mne,0.2231,0.0097
mani,0.2231,0.0123
habite,0.2230,0.0065
réduite,0.2230,0.0072
motifs,0.2230,0.0065
etc,0.2230,0.0087
présente,0.2230,0.0058
monceaux,0.2229,0.0080
aimables,0.2229,0.0066
d'aimer,0.2228,0.0070
tiroient,0.2228,0.0070
cei,0.2227,0.0080
animé,0.2227,0.0072
prétextes,0.2227,0.0064
vivement,0.2227,0.0072
l'oracle,0.2227,0.0105
fant,0.2227,0.0069
l'examen,0.2226,0.0075
plain,0.2226,0.0069
iez,0.2226,0.0076
ort,0.2226,0.0078
teindre,0.2225,0.0084
disposé,0.2225,0.0069
instructions,0.2224,0.0068
approuve,0.2224,0.0083
lare,0.2224,0.0085
négliger,0.2224,0.0076
cabanes,0.2224,0.0073
pelle,0.2223,0.0087
composées,0.2223,0.0069
d'afrique,0.2223,0.0090
jalouse,0.2223,0.0087
ours,0.2223,0.0065
suffiroit,0.2223,0.0069
fure,0.2222,0.0097
comédies,0.2222,0.0073
blois,0.2222,0.0093
d'expérience,0.2222,0.0079
dérober,0.2221,0.0067
montrent,0.2221,0.0068
cham,0.2221,0.0076
tribut,0.2221,0.0071
intérieure,0.2220,0.0066
senlis,0.2220,0.0093
l'hôpital,0.2220,0.0078
laurent,0.2220,0.0073
sacrifié,0.2219,0.0081
confi,0.2219,0.0088
ess,0.2219,0.0095
stes,0.2219,0.0096
ignorer,0.2218,0.0070
paroitra,0.2218,0.0079
guide,0.2218,0.0065
épaisseur,0.2218,0.0069
disois,0.2216,0.0109
voûte,0.2216,0.0075
l'augmentation,0.2216,0.0072
considérer,0.2216,0.0070
vaillance,0.2216,0.0093
campagnes,0.2216,0.0060
bontés,0.2216,0.0062
batimens,0.2215,0.0090
construire,0.2215,0.0066
trésor,0.2215,0.0065
violentes,0.2215,0.0061
livrées,0.2214,0.0092
cla,0.2214,0.0083
pareils,0.2214,0.0061
l'exercice,0.2214,0.0072
couvroit,0.2214,0.0063
rec,0.2214,0.0090
méme,0.2213,0.0079
l'artillerie,0.2213,0.0082
fincere,0.2213,0.0079
corinthe,0.2213,0.0073
existe,0.2212,0.0065
baux,0.2212,0.0059
cherchant,0.2212,0.0070
troublée,0.2211,0.0076
batteries,0.2211,0.0063
refuter,0.2211,0.0090
conçoit,0.2211,0.0070
ique,0.2211,0.0081
exempts,0.2210,0.0057
combattant,0.2210,0.0080
joug,0.2210,0.0063
que,0.2210,0.0069
paf,0.2210,0.0068
offrandes,0.2210,0.0070
connus,0.2210,0.0054
marseille,0.2209,0.0080
ecf,0.2209,0.0079
qu'y,0.2208,0.0080
augmentent,0.2207,0.0063
cultivé,0.2207,0.0077
retiennent,0.2207,0.0075
étendre,0.2207,0.0073
l'éloge,0.2206,0.0066
étoi,0.2206,0.0080
marin,0.2206,0.0090
qu'eux,0.2206,0.0061
c'é,0.2206,0.0072
roide,0.2206,0.0088
recueillir,0.2205,0.0070
oblig,0.2205,0.0067
frappée,0.2203,0.0086
dce,0.2203,0.0078
rat,0.2203,0.0070
tambour,0.2203,0.0079
répandent,0.2203,0.0065
coupa,0.2202,0.0070
dicta,0.2202,0.0086
ombrage,0.2202,0.0073
formel,0.2202,0.0064
prévenu,0.2201,0.0078
olivier,0.2201,0.0117
conde,0.2200,0.0106
recevront,0.2200,0.0069
laboureur,0.2200,0.0076
circuit,0.2200,0.0075
chaffe,0.2200,0.0105
dil,0.2200,0.0065
écoit,0.2200,0.0070
pâturages,0.2199,0.0077
lorsqu,0.2199,0.0076
vinées,0.2199,0.0055
mor,0.2199,0.0091
entendant,0.2199,0.0081
avoué,0.2199,0.0084
domino,0.2198,0.0093
faveurs,0.2198,0.0060
raisonnemens,0.2198,0.0062
l'appel,0.2197,0.0077
manquoit,0.2197,0.0059
arbitres,0.2197,0.0075
frt,0.2197,0.0080
avc,0.2196,0.0072
haïr,0.2196,0.0077
succede,0.2196,0.0079
justifie,0.2196,0.0072
souffle,0.2196,0.0071
pesanteur,0.2195,0.0082
devenus,0.2195,0.0051
l'obscurité,0.2195,0.0060
n'etoit,0.2195,0.0077
dépendant,0.2195,0.0100
valeurs,0.2195,0.0082
inl,0.2195,0.0062
volupté,0.2195,0.0079
calomnie,0.2194,0.0083
proue,0.2194,0.0090
reconnoître,0.2194,0.0068
recettes,0.2193,0.0080
contr'eux,0.2193,0.0082
fardeau,0.2193,0.0071
arc,0.2193,0.0066
uti,0.2193,0.0067
commises,0.2191,0.0074
conservent,0.2191,0.0060
flir,0.2190,0.0082
voie,0.2190,0.0067
truffe,0.2190,0.0078
charrue,0.2190,0.0078
renfermé,0.2189,0.0066
xxxi,0.2189,0.0091
renard,0.2189,0.0085
dresse,0.2189,0.0080
considéré,0.2189,0.0066
pensant,0.2189,0.0115
joignent,0.2188,0.0065
génies,0.2188,0.0074
mre,0.2188,0.0094
persuade,0.2188,0.0083
apparente,0.2188,0.0094
teur,0.2188,0.0071
verroit,0.2187,0.0061
pafle,0.2187,0.0103
privées,0.2186,0.0095
lumières,0.2185,0.0064
soupçonner,0.2185,0.0075
folide,0.2184,0.0071
siècle,0.2184,0.0068
talent,0.2184,0.0076
opiniâtreté,0.2184,0.0080
précis,0.2184,0.0079
dénombrement,0.2184,0.0077
satyre,0.2183,0.0097
lame,0.2183,0.0072
rle,0.2183,0.0076
monnoies,0.2183,0.0068
jalousie,0.2183,0.0065
entièrement,0.2183,0.0057
commue,0.2183,0.0090
masque,0.2183,0.0069
puissans,0.2182,0.0063
monstre,0.2182,0.0067
recommanda,0.2182,0.0078
gen,0.2182,0.0074
tons,0.2181,0.0082
d'élever,0.2181,0.0072
fantaisie,0.2181,0.0077
dare,0.2181,0.0080
religions,0.2180,0.0064
ordonnant,0.2180,0.0099
agi,0.2179,0.0070
légère,0.2179,0.0080
bouquet,0.2178,0.0085
l'arc,0.2178,0.0084
flammes,0.2178,0.0067
excede,0.2178,0.0090
fermes,0.2178,0.0075
inonde,0.2178,0.0090
pille,0.2177,0.0074
liaisons,0.2177,0.0074
plonger,0.2177,0.0075
sortis,0.2177,0.0059
captivité,0.2177,0.0078
bizarres,0.2177,0.0073
destinée,0.2177,0.0061
d'entreprendre,0.2176,0.0086
supporter,0.2176,0.0066
appartenoient,0.2175,0.0063
excès,0.2175,0.0060
pei,0.2175,0.0070
meurtrier,0.2175,0.0081
égaler,0.2174,0.0076
exa,0.2174,0.0069
présentant,0.2174,0.0078
d'éviter,0.2173,0.0064
l'em,0.2173,0.0104
blâmer,0.2173,0.0082
chent,0.2172,0.0060
moyenne,0.2172,0.0086
ingratitude,0.2171,0.0071
matrice,0.2171,0.0104
ois,0.2171,0.0071
ril,0.2171,0.0065
reçues,0.2171,0.0059
pallas,0.2170,0.0090
rétablissement,0.2170,0.0069
plaignent,0.2170,0.0063
torrent,0.2170,0.0073
s'et,0.2169,0.0078
rme,0.2169,0.0082
iles,0.2168,0.0082
col,0.2168,0.0081
usages,0.2168,0.0054
neutralité,0.2168,0.0091
hâte,0.2168,0.0090
dits,0.2168,0.0075
desiroit,0.2168,0.0078
occupées,0.2168,0.0071
orientale,0.2168,0.0069
profita,0.2168,0.0074
dec,0.2167,0.0087
ressemble,0.2167,0.0058
soupçonné,0.2167,0.0082
dti,0.2166,0.0069
laisseroit,0.2166,0.0070
tete,0.2166,0.0096
piquant,0.2166,0.0083
justes,0.2166,0.0058
anciennement,0.2166,0.0077
obéi,0.2165,0.0083
froidement,0.2165,0.0088
débit,0.2165,0.0070
forn,0.2165,0.0104
ronne,0.2165,0.0074
injuste,0.2164,0.0075
inspire,0.2164,0.0058
sacre,0.2164,0.0071
estiment,0.2163,0.0070
ceu,0.2163,0.0076
accordées,0.2162,0.0065
bulles,0.2162,0.0080
abandonnée,0.2162,0.0074
hait,0.2162,0.0069
l'amérique,0.2162,0.0076
éleva,0.2162,0.0078
s'é,0.2162,0.0074
écarté,0.2161,0.0067
retarder,0.2161,0.0076
renommée,0.2161,0.0079
gardoient,0.2161,0.0069
imprime,0.2161,0.0069
croissant,0.2161,0.0088
réussi,0.2160,0.0065
puisqu'il,0.2160,0.0059
dépôt,0.2160,0.0071
isi,0.2160,0.0069
restent,0.2159,0.0063
excuser,0.2159,0.0079
mensonge,0.2158,0.0078
conversion,0.2158,0.0097
dissipe,0.2158,0.0066
sache,0.2158,0.0067
cuirs,0.2158,0.0071
obligés,0.2158,0.0049
d'augmenter,0.2157,0.0064
gravé,0.2157,0.0076
verse,0.2157,0.0061
foutenu,0.2157,0.0076
vante,0.2157,0.0075
mordre,0.2157,0.0081
argumens,0.2156,0.0071
intendans,0.2156,0.0082
imposition,0.2155,0.0091
tun,0.2155,0.0074
lorsqu'un,0.2155,0.0063
snt,0.2155,0.0074
l'instant,0.2154,0.0059
obstacle,0.2154,0.0064
bizarre,0.2154,0.0093
d'airain,0.2154,0.0074
promettre,0.2154,0.0070
oracles,0.2154,0.0066
corpus,0.2154,0.0085
refait,0.2154,0.0087
rôt,0.2153,0.0083
ime,0.2153,0.0082
regard,0.2153,0.0062
quils,0.2153,0.0066
plaignoit,0.2153,0.0072
incroyable,0.2153,0.0071
tue,0.2153,0.0057
tom,0.2152,0.0082
l'étonnement,0.2152,0.0073
l'allemagne,0.2152,0.0075
politesse,0.2152,0.0064
mos,0.2152,0.0083
accuse,0.2152,0.0075
prt,0.2152,0.0072
furies,0.2152,0.0091
gardent,0.2151,0.0057
solides,0.2151,0.0075
iou,0.2151,0.0075
répandue,0.2151,0.0065
ibi,0.2151,0.0078
i'e,0.2151,0.0069
liens,0.2151,0.0059
présence,0.2150,0.0057
dice,0.2150,0.0073
cue,0.2150,0.0084
arr,0.2150,0.0071
tat,0.2150,0.0066
l'c,0.2149,0.0071
généralement,0.2149,0.0065
ela,0.2149,0.0095
bouches,0.2149,0.0083
défense,0.2149,0.0065
moulin,0.2149,0.0076
uil,0.2149,0.0066
quittent,0.2149,0.0068
puisque,0.2149,0.0063
passera,0.2148,0.0078
mécontent,0.2148,0.0082
avan,0.2148,0.0079
l'emporter,0.2148,0.0067
figne,0.2147,0.0078
xxxiii,0.2147,0.0092
caufa,0.2146,0.0053
considération,0.2146,0.0072
cod,0.2146,0.0083
commen,0.2146,0.0085
vires,0.2146,0.0083
dci,0.2145,0.0066
infamie,0.2145,0.0072
perfection,0.2145,0.0054
dérobe,0.2145,0.0072
repre,0.2144,0.0073
s'éleve,0.2144,0.0065
seil,0.2144,0.0066
laise,0.2143,0.0082
infinies,0.2143,0.0073
vraiment,0.2143,0.0066
frontières,0.2143,0.0065
pardonne,0.2143,0.0062
répugnance,0.2143,0.0070
leçons,0.2143,0.0062
disposée,0.2143,0.0080
alios,0.2142,0.0077
velle,0.2142,0.0062
lan,0.2142,0.0081
éloges,0.2142,0.0069
rité,0.2142,0.0109
tanquam,0.2142,0.0072
rci,0.2141,0.0065
parquet,0.2141,0.0122
affreuse,0.2141,0.0066
hongrie,0.2140,0.0099
dupe,0.2140,0.0074
mémoire,0.2140,0.0059
jonc,0.2140,0.0078
vénération,0.2140,0.0062
i'i,0.2140,0.0060
geste,0.2140,0.0079
fez,0.2140,0.0072
vastes,0.2140,0.0062
frédéric,0.2140,0.0113
partisans,0.2140,0.0063
nelle,0.2139,0.0085
oue,0.2139,0.0078
troublent,0.2139,0.0062
quittant,0.2138,0.0092
parée,0.2138,0.0076
infaillible,0.2138,0.0070
considérations,0.2138,0.0071
l'office,0.2138,0.0074
effroi,0.2138,0.0066
innocence,0.2138,0.0066
u'ils,0.2138,0.0074
ave,0.2137,0.0077
mia,0.2137,0.0069
d'obliger,0.2137,0.0083
remplies,0.2137,0.0059
ciers,0.2137,0.0080
traitement,0.2137,0.0072
secrette,0.2137,0.0078
ovale,0.2137,0.0068
l'agrément,0.2137,0.0071
aus,0.2136,0.0108
ili,0.2136,0.0058
prisons,0.2135,0.0068
auxquelles,0.2135,0.0055
subit,0.2135,0.0074
d'aix,0.2135,0.0087
poils,0.2135,0.0072
penser,0.2135,0.0070
pureté,0.2135,0.0057
ordonnoit,0.2135,0.0067
c'cst,0.2134,0.0082
resté,0.2134,0.0060
mainte,0.2134,0.0064
l'expression,0.2134,0.0075
fierté,0.2134,0.0070
mefure,0.2134,0.0067
complots,0.2133,0.0068
tens,0.2133,0.0072
infinite,0.2133,0.0102
aii,0.2133,0.0063
nuisible,0.2132,0.0087
renversé,0.2132,0.0067
hit,0.2132,0.0074
tranchées,0.2132,0.0084
elie,0.2131,0.0075
séparation,0.2131,0.0081
liées,0.2131,0.0062
découvrit,0.2131,0.0068
châtelet,0.2131,0.0111
promptitude,0.2130,0.0067
portera,0.2130,0.0067
vallées,0.2130,0.0073
frontieres,0.2130,0.0066
via,0.2130,0.0078
s'observe,0.2130,0.0080
parricide,0.2130,0.0073
entendez,0.2129,0.0075
cherché,0.2129,0.0062
proportionnée,0.2128,0.0063
précédent,0.2128,0.0067
cessent,0.2128,0.0066
oni,0.2128,0.0074
chan,0.2127,0.0071
complice,0.2127,0.0070
qui,0.2127,0.0045
d'écouter,0.2127,0.0087
d'autrui,0.2127,0.0063
filant,0.2127,0.0088
sentiers,0.2126,0.0060
succès,0.2126,0.0052
jet,0.2126,0.0071
distinguée,0.2125,0.0066
nôtres,0.2125,0.0064
animer,0.2125,0.0069
posture,0.2125,0.0076
défie,0.2125,0.0083
réformation,0.2125,0.0094
job,0.2125,0.0088
habitent,0.2124,0.0061
suivoit,0.2124,0.0069
avarice,0.2124,0.0067
seules,0.2124,0.0054
mini,0.2123,0.0072
consommé,0.2123,0.0081
examinons,0.2123,0.0077
adresse,0.2123,0.0066
conduites,0.2122,0.0068
êtres,0.2122,0.0061
avidité,0.2122,0.0068
hui,0.2122,0.0081
poin,0.2122,0.0087
tremblant,0.2122,0.0075
m'entendre,0.2122,0.0093
territoire,0.2121,0.0069
lifant,0.2121,0.0091
vides,0.2121,0.0072
pourtant,0.2121,0.0068
surpasser,0.2120,0.0085
erreurs,0.2120,0.0056
fen,0.2120,0.0077
qu'il,0.2120,0.0053
vuides,0.2120,0.0062
misere,0.2120,0.0064
ian,0.2120,0.0069
qu'autant,0.2120,0.0060
donnés,0.2120,0.0056
d'obtenir,0.2119,0.0060
vaquer,0.2119,0.0063
maritimes,0.2119,0.0068
irc,0.2119,0.0061
clous,0.2119,0.0064
nois,0.2119,0.0072
quee,0.2118,0.0078
l'heureux,0.2118,0.0073
verba,0.2118,0.0072
parvenu,0.2118,0.0057
marchent,0.2118,0.0065
gardant,0.2117,0.0081
ane,0.2117,0.0083
vans,0.2117,0.0075
consolation,0.2117,0.0064
information,0.2117,0.0070
d'imiter,0.2117,0.0074
renfermer,0.2116,0.0069
tente,0.2116,0.0073
gaulois,0.2116,0.0076
enl,0.2116,0.0084
indignation,0.2116,0.0067
superflus,0.2115,0.0075
négoce,0.2115,0.0085
l'injure,0.2115,0.0081
l'arche,0.2115,0.0096
bouc,0.2115,0.0079
catalogue,0.2114,0.0078
bin,0.2114,0.0068
clément,0.2114,0.0078
solide,0.2114,0.0066
tandem,0.2114,0.0076
subtilité,0.2114,0.0079
prendroit,0.2114,0.0061
fondent,0.2114,0.0067
supposition,0.2114,0.0077
achats,0.2114,0.0079
distingue,0.2114,0.0059
guerriers,0.2113,0.0070
lere,0.2113,0.0084
livrer,0.2113,0.0061
auri,0.2113,0.0070
parer,0.2113,0.0065
unl,0.2113,0.0079
équité,0.2112,0.0070
entr'eux,0.2112,0.0059
universel,0.2112,0.0069
remèdes,0.2112,0.0069
partes,0.2112,0.0107
rebuter,0.2111,0.0084
aufii,0.2111,0.0084
porteront,0.2111,0.0067
mathieu,0.2110,0.0106
l's,0.2110,0.0078
exerce,0.2110,0.0069
poussions,0.2110,0.0084
connoissances,0.2109,0.0057
rand,0.2109,0.0074
périls,0.2109,0.0064
réduit,0.2109,0.0052
rejette,0.2109,0.0073
lre,0.2109,0.0068
l'i,0.2108,0.0080
spectateurs,0.2108,0.0078
nain,0.2108,0.0094
discipline,0.2108,0.0063
l'attendre,0.2107,0.0077
d'apollon,0.2107,0.0084
pire,0.2107,0.0069
obligent,0.2107,0.0072
degrés,0.2107,0.0076
joui,0.2107,0.0063
corruption,0.2107,0.0063
l'af,0.2107,0.0102
ouis,0.2107,0.0066
mesuré,0.2106,0.0081
élus,0.2106,0.0068
faction,0.2106,0.0093
lci,0.2105,0.0064
l'officier,0.2105,0.0072
guyenne,0.2105,0.0084
dose,0.2105,0.0076
prétendus,0.2104,0.0072
d'admirer,0.2104,0.0083
rhodes,0.2104,0.0077
espoir,0.2104,0.0055
samuel,0.2104,0.0080
générale,0.2103,0.0058
partagent,0.2103,0.0055
videri,0.2103,0.0077
ret,0.2103,0.0070
inquit,0.2103,0.0095
extravagances,0.2102,0.0075
bornes,0.2102,0.0057
persuader,0.2102,0.0068
icu,0.2102,0.0063
sincère,0.2102,0.0071
jusqu'alors,0.2101,0.0064
partent,0.2101,0.0066
physique,0.2101,0.0077
ifr,0.2101,0.0079
arriere,0.2101,0.0093
m'auroit,0.2101,0.0071
traverser,0.2100,0.0070
augmentoit,0.2100,0.0063
repentir,0.2100,0.0064
prolonger,0.2099,0.0073
qu'e,0.2099,0.0089
neuve,0.2099,0.0067
ere,0.2099,0.0067
recueille,0.2099,0.0060
trempé,0.2099,0.0077
entière,0.2098,0.0059
ure,0.2098,0.0079
fondit,0.2098,0.0078
l'occasion,0.2098,0.0056
talens,0.2098,0.0058
épris,0.2097,0.0073
proserpine,0.2097,0.0074
quentin,0.2097,0.0072
logé,0.2097,0.0071
régler,0.2097,0.0062
chaffer,0.2097,0.0088
absolu,0.2097,0.0062
dévoué,0.2096,0.0073
but,0.2096,0.0059
vénus,0.2096,0.0075
angles,0.2096,0.0065
noient,0.2095,0.0067
étendus,0.2095,0.0063
lef,0.2095,0.0068
omne,0.2095,0.0076
étude,0.2095,0.0059
jusqu'en,0.2095,0.0072
additions,0.2095,0.0079
surprises,0.2094,0.0083
comble,0.2094,0.0055
évêques,0.2094,0.0088
obli,0.2094,0.0062
statue,0.2094,0.0071
mire,0.2094,0.0086
l'hon,0.2094,0.0068
voy,0.2093,0.0092
gouverne,0.2092,0.0058
eurs,0.2092,0.0077
alu,0.2092,0.0076
bâtit,0.2091,0.0064
qu'ii,0.2091,0.0072
déterminé,0.2091,0.0058
hie,0.2091,0.0075
grenier,0.2091,0.0086
réciproquement,0.2091,0.0081
men,0.2091,0.0079
ice,0.2091,0.0065
corrompus,0.2091,0.0072
pernicieux,0.2091,0.0065
scrupuleux,0.2091,0.0080
trille,0.2091,0.0081
style,0.2090,0.0057
géneral,0.2090,0.0107
visions,0.2090,0.0078
pardonner,0.2090,0.0068
reprocher,0.2089,0.0062
défendoit,0.2089,0.0068
fout,0.2089,0.0081
armés,0.2089,0.0072
croyable,0.2089,0.0079
d'ailleurs,0.2088,0.0062
oin,0.2088,0.0075
duit,0.2088,0.0059
compatriotes,0.2088,0.0059
secrete,0.2088,0.0075
tile,0.2087,0.0063
fonder,0.2087,0.0078
infi,0.2087,0.0108
fournira,0.2087,0.0066
iroient,0.2087,0.0072
far,0.2087,0.0081
ins,0.2086,0.0074
éditions,0.2086,0.0068
chaises,0.2085,0.0083
jeter,0.2085,0.0059
ébranlé,0.2085,0.0078
rez,0.2085,0.0076
mul,0.2085,0.0083
dui,0.2085,0.0069
aces,0.2085,0.0076
conférences,0.2085,0.0072
tin,0.2084,0.0074
dangereuses,0.2084,0.0063
étrangère,0.2084,0.0072
gravées,0.2084,0.0066
ier,0.2084,0.0075
possesseur,0.2084,0.0081
har,0.2084,0.0097
entretient,0.2083,0.0064
punis,0.2083,0.0052
particu,0.2083,0.0072
veilles,0.2083,0.0061
nce,0.2083,0.0068
entreprises,0.2082,0.0055
pote,0.2082,0.0080
payoit,0.2082,0.0073
reculer,0.2082,0.0073
aile,0.2082,0.0078
cuisse,0.2081,0.0070
d'apporter,0.2081,0.0076
greniers,0.2080,0.0079
dispose,0.2080,0.0066
forfaits,0.2080,0.0062
chaînes,0.2079,0.0059
lor,0.2079,0.0086
apprennent,0.2079,0.0061
rôle,0.2079,0.0073
dedit,0.2078,0.0078
tyrans,0.2078,0.0064
ris,0.2078,0.0072
debent,0.2078,0.0065
qu'o,0.2078,0.0086
brie,0.2078,0.0087
dam,0.2077,0.0085
constitution,0.2077,0.0066
u'il,0.2077,0.0071
conventions,0.2077,0.0063
gouvernent,0.2077,0.0060
lien,0.2076,0.0069
ist,0.2076,0.0061
condamna,0.2076,0.0077
chauffée,0.2075,0.0091
céder,0.2075,0.0063
remédier,0.2075,0.0060
démontrer,0.2075,0.0067
gratuitement,0.2075,0.0083
envoie,0.2075,0.0057
barils,0.2075,0.0067
fréquentes,0.2075,0.0061
qae,0.2074,0.0083
reux,0.2074,0.0063
pati,0.2074,0.0069
ais,0.2074,0.0070
feurs,0.2074,0.0085
pole,0.2073,0.0064
chine,0.2073,0.0072
l'envie,0.2073,0.0062
commençant,0.2073,0.0079
semblait,0.2073,0.0080
l'imitation,0.2072,0.0091
singuliere,0.2072,0.0066
lève,0.2072,0.0069
paser,0.2071,0.0081
d'exiger,0.2071,0.0079
corriger,0.2070,0.0064
fat,0.2070,0.0072
pars,0.2070,0.0091
d'attirer,0.2070,0.0068
l'ennemi,0.2070,0.0070
redoutables,0.2070,0.0063
paver,0.2069,0.0077
joignant,0.2069,0.0079
incompatibles,0.2069,0.0056
sincérité,0.2068,0.0077
commet,0.2068,0.0070
paie,0.2067,0.0071
vanité,0.2067,0.0063
chaîne,0.2067,0.0057
gueule,0.2067,0.0072
presser,0.2067,0.0066
éternels,0.2066,0.0081
natura,0.2066,0.0082
parlai,0.2066,0.0066
tas,0.2066,0.0074
tourment,0.2066,0.0072
tions,0.2065,0.0053
étoiles,0.2065,0.0062
assurent,0.2065,0.0069
mmes,0.2065,0.0088
nen,0.2065,0.0077
tremblante,0.2064,0.0065
blâme,0.2064,0.0076
range,0.2064,0.0077
procurer,0.2064,0.0054
iai,0.2064,0.0062
éloquence,0.2064,0.0061
diffus,0.2064,0.0074
désormais,0.2063,0.0075
inconcevable,0.2063,0.0077
trouvois,0.2063,0.0072
rame,0.2063,0.0086
experts,0.2063,0.0077
itr,0.2063,0.0057
exécuter,0.2063,0.0062
cllc,0.2063,0.0089
vere,0.2063,0.0077
raille,0.2062,0.0094
l'entendre,0.2062,0.0069
compare,0.2062,0.0059
king,0.2062,0.0099
discernement,0.2062,0.0066
meurtres,0.2061,0.0062
elus,0.2061,0.0115
nombreuse,0.2061,0.0056
calmer,0.2061,0.0065
lles,0.2060,0.0087
quité,0.2060,0.0096
uii,0.2060,0.0065
députation,0.2060,0.0075
remontrances,0.2059,0.0064
noeud,0.2059,0.0066
qu'u,0.2059,0.0086
leux,0.2059,0.0119
l'abandonner,0.2059,0.0090
cie,0.2059,0.0080
chaste,0.2059,0.0087
d'appel,0.2059,0.0097
précédentes,0.2059,0.0061
tarda,0.2059,0.0059
piller,0.2058,0.0066
amène,0.2058,0.0074
uno,0.2057,0.0074
confier,0.2057,0.0063
entiére,0.2057,0.0084
l'u,0.2057,0.0080
rne,0.2057,0.0072
qule,0.2057,0.0068
besoins,0.2057,0.0058
l'oi,0.2057,0.0092
recherché,0.2057,0.0071
provincial,0.2057,0.0106
falloir,0.2056,0.0071
rence,0.2056,0.0073
terram,0.2056,0.0075
contraintes,0.2056,0.0075
royales,0.2056,0.0075
destiné,0.2056,0.0051
inventions,0.2056,0.0063
chré,0.2056,0.0081
role,0.2055,0.0096
ore,0.2055,0.0066
velles,0.2055,0.0081
courses,0.2055,0.0062
eta,0.2055,0.0082
marches,0.2054,0.0070
rétablir,0.2054,0.0056
aue,0.2054,0.0085
chaire,0.2054,0.0076
toui,0.2054,0.0091
rum,0.2053,0.0066
d'o,0.2053,0.0087
lil,0.2053,0.0061
nte,0.2053,0.0070
d'emprunter,0.2053,0.0079
attire,0.2053,0.0061
baleine,0.2053,0.0073
suffire,0.2053,0.0061
entretenus,0.2053,0.0071
l'engager,0.2053,0.0071
confondent,0.2052,0.0067
négligence,0.2052,0.0061
plancher,0.2052,0.0069
tur,0.2052,0.0074
d'abord,0.2052,0.0046
expirer,0.2052,0.0062
éclate,0.2051,0.0072
rigoureux,0.2051,0.0065
favori,0.2051,0.0068
échange,0.2051,0.0066
instruits,0.2051,0.0060
commodes,0.2050,0.0067
souvenir,0.2050,0.0056
déférence,0.2050,0.0086
tousses,0.2050,0.0071
rapidité,0.2050,0.0058
brun,0.2049,0.0068
fausses,0.2048,0.0057
approchent,0.2048,0.0062
icr,0.2048,0.0066
poussant,0.2048,0.0070
ongles,0.2048,0.0070
résolutions,0.2048,0.0064
vieil,0.2047,0.0095
brise,0.2047,0.0066
rir,0.2047,0.0065
n'au,0.2047,0.0062
miens,0.2047,0.0062
title,0.2047,0.0054
comparaison,0.2047,0.0059
ire,0.2046,0.0059
refus,0.2046,0.0061
natu,0.2046,0.0088
imitation,0.2046,0.0071
tua,0.2046,0.0057
pagne,0.2046,0.0069
circonstances,0.2045,0.0052
faciliter,0.2045,0.0059
acres,0.2045,0.0071
lisant,0.2045,0.0083
conservée,0.2044,0.0074
colonnes,0.2044,0.0057
dixième,0.2043,0.0069
fournies,0.2043,0.0070
multitude,0.2043,0.0056
singulière,0.2042,0.0061
ule,0.2042,0.0070
terreur,0.2042,0.0061
valut,0.2042,0.0066
cependant,0.2042,0.0058
acquitter,0.2042,0.0063
remonter,0.2042,0.0063
blesser,0.2041,0.0068
toscane,0.2041,0.0064
partout,0.2041,0.0056
reprend,0.2041,0.0072
malin,0.2041,0.0075
bourreau,0.2041,0.0064
vcr,0.2041,0.0060
chargent,0.2040,0.0065
simplicité,0.2040,0.0059
usent,0.2040,0.0065
tuoient,0.2040,0.0071
soupire,0.2040,0.0065
caf,0.2040,0.0088
captifs,0.2039,0.0088
brillante,0.2039,0.0057
gai,0.2039,0.0070
liege,0.2039,0.0092
chat,0.2039,0.0069
ccc,0.2039,0.0085
rapports,0.2039,0.0066
canal,0.2039,0.0063
attendent,0.2038,0.0060
sit,0.2038,0.0081
mères,0.2038,0.0079
fet,0.2038,0.0066
raisonnablement,0.2038,0.0070
charitable,0.2038,0.0074
les,0.2037,0.0038
prodige,0.2037,0.0070
confié,0.2037,0.0063
suo,0.2037,0.0073
bus,0.2036,0.0068
septieme,0.2036,0.0093
contrôleur,0.2036,0.0072
singulier,0.2036,0.0069
ouvertement,0.2035,0.0074
d'ame,0.2035,0.0065
conquête,0.2035,0.0059
aspect,0.2035,0.0059
m'arrêter,0.2035,0.0076
permettant,0.2035,0.0076
conserva,0.2035,0.0066
pic,0.2034,0.0074
vue,0.2034,0.0054
ilne,0.2034,0.0084
lavé,0.2034,0.0082
bail,0.2034,0.0058
flûte,0.2034,0.0067
voire,0.2034,0.0097
secrettement,0.2033,0.0101
surprenant,0.2033,0.0058
choque,0.2033,0.0073
édition,0.2033,0.0067
désordre,0.2032,0.0061
dépouilles,0.2032,0.0070
clarté,0.2032,0.0052
détermine,0.2032,0.0059
cures,0.2031,0.0081
appellées,0.2031,0.0062
peupler,0.2031,0.0074
flit,0.2031,0.0065
d'avantage,0.2031,0.0073
permettent,0.2031,0.0055
déclarée,0.2030,0.0065
acquit,0.2030,0.0074
solution,0.2030,0.0071
aides,0.2030,0.0079
quan,0.2030,0.0086
abattre,0.2029,0.0084
néanmoins,0.2029,0.0055
jouissance,0.2029,0.0075
habent,0.2028,0.0067
trom,0.2028,0.0069
fot,0.2028,0.0068
secondé,0.2027,0.0080
l'approbation,0.2027,0.0073
exposées,0.2027,0.0063
tranquille,0.2027,0.0057
sca,0.2027,0.0063
pente,0.2027,0.0067
ite,0.2026,0.0064
âgée,0.2026,0.0063
l'avarice,0.2026,0.0061
prévu,0.2026,0.0076
abrégé,0.2025,0.0075
moulins,0.2025,0.0071
membre,0.2025,0.0062
incontestable,0.2025,0.0076
italiens,0.2025,0.0070
recommander,0.2025,0.0073
monstres,0.2024,0.0071
condé,0.2024,0.0077
bray,0.2024,0.0083
montent,0.2024,0.0052
l'illustre,0.2024,0.0075
sources,0.2024,0.0059
excepté,0.2023,0.0057
l'audience,0.2023,0.0081
répondoit,0.2023,0.0077
ray,0.2023,0.0079
inutilement,0.2022,0.0063
eft,0.2022,0.0090
grenade,0.2022,0.0083
résister,0.2022,0.0063
nomi,0.2022,0.0078
mines,0.2022,0.0071
nne,0.2022,0.0074
souhait,0.2021,0.0095
renferme,0.2021,0.0053
détour,0.2021,0.0071
irs,0.2021,0.0070
d'âge,0.2021,0.0067
eue,0.2021,0.0065
desirs,0.2021,0.0057
obscures,0.2020,0.0060
sienne,0.2020,0.0059
farouche,0.2020,0.0070
chagrins,0.2020,0.0054
vitesse,0.2020,0.0077
satisfaite,0.2020,0.0072
ingrate,0.2019,0.0072
fleurir,0.2019,0.0064
souhaiter,0.2019,0.0060
isa,0.2019,0.0080
injustement,0.2019,0.0076
trefles,0.2018,0.0113
convoi,0.2018,0.0088
ration,0.2018,0.0072
cce,0.2018,0.0072
coulent,0.2018,0.0056
qu'ainsi,0.2018,0.0074
roche,0.2017,0.0074
désespoir,0.2017,0.0055
lia,0.2017,0.0068
railleries,0.2017,0.0062
grotte,0.2017,0.0065
l'exclusion,0.2017,0.0067
présents,0.2016,0.0085
tde,0.2016,0.0083
d'importance,0.2016,0.0070
fend,0.2016,0.0079
marteau,0.2015,0.0078
vivantes,0.2015,0.0075
fauter,0.2015,0.0072
cabale,0.2015,0.0070
s'ils,0.2015,0.0043
miers,0.2015,0.0055
chant,0.2015,0.0063
ramasser,0.2015,0.0077
mutation,0.2015,0.0071
autrui,0.2015,0.0083
revinrent,0.2014,0.0068
iur,0.2014,0.0073
curent,0.2014,0.0073
espérance,0.2014,0.0055
forêt,0.2014,0.0068
foli,0.2014,0.0073
pos,0.2014,0.0065
l'erreur,0.2014,0.0069
étoir,0.2013,0.0071
fidèle,0.2013,0.0060
fermées,0.2013,0.0063
admiration,0.2013,0.0063
j'entre,0.2013,0.0072
intérêts,0.2012,0.0054
barons,0.2012,0.0069
chanté,0.2012,0.0073
laville,0.2012,0.0087
vaincre,0.2012,0.0062
forcez,0.2012,0.0070
sages,0.2012,0.0053
auifi,0.2011,0.0096
sales,0.2011,0.0083
préalablement,0.2011,0.0075
domestique,0.2011,0.0063
sincere,0.2011,0.0074
ravage,0.2011,0.0067
pend,0.2011,0.0079
distribution,0.2011,0.0062
d'épaisseur,0.2010,0.0061
eii,0.2010,0.0081
refusa,0.2010,0.0067
travaillant,0.2010,0.0085
s'amuser,0.2010,0.0089
rapportent,0.2010,0.0054
scul,0.2010,0.0083
plane,0.2010,0.0070
durs,0.2009,0.0062
ofé,0.2009,0.0067
l'emporte,0.2008,0.0064
cirque,0.2007,0.0065
dépositaire,0.2007,0.0064
renoncer,0.2007,0.0062
âmes,0.2007,0.0060
dij,0.2007,0.0086
ponts,0.2005,0.0064
eri,0.2005,0.0083
rei,0.2005,0.0075
admire,0.2005,0.0061
employa,0.2005,0.0069
cun,0.2005,0.0066
purifier,0.2005,0.0065
d'auguste,0.2004,0.0094
favent,0.2004,0.0062
lieue,0.2004,0.0065
s'éleva,0.2004,0.0061
ctl,0.2004,0.0071
audace,0.2004,0.0057
honorer,0.2004,0.0067
lisent,0.2004,0.0066
vaines,0.2003,0.0059
moindres,0.2003,0.0051
formée,0.2003,0.0055
quiconque,0.2003,0.0059
appelé,0.2003,0.0071
fonr,0.2003,0.0081
surpasse,0.2002,0.0057
frayeurs,0.2001,0.0067
prévenir,0.2001,0.0053
monarques,0.2001,0.0065
tcs,0.2001,0.0073
protestation,0.2001,0.0079
oreille,0.2001,0.0066
ridicules,0.2001,0.0060
orages,0.2000,0.0067
soupçons,0.2000,0.0058
vicomté,0.2000,0.0089
présentée,0.2000,0.0054
l'évêque,0.1999,0.0087
sign,0.1999,0.0067
pon,0.1999,0.0091
iis,0.1999,0.0060
taire,0.1999,0.0068
l'artifice,0.1998,0.0076
l'oeuvre,0.1998,0.0075
complaisance,0.1998,0.0062
d'an,0.1998,0.0074
hem,0.1998,0.0080
touchent,0.1998,0.0057
rubans,0.1998,0.0064
brusque,0.1997,0.0075
infortuné,0.1997,0.0064
jan,0.1997,0.0078
portions,0.1997,0.0055
vince,0.1997,0.0056
ures,0.1997,0.0087
repose,0.1996,0.0066
tache,0.1996,0.0066
existence,0.1996,0.0063
zèle,0.1995,0.0053
dom,0.1995,0.0080
reproche,0.1995,0.0057
nme,0.1995,0.0084
d'ouvrage,0.1995,0.0074
rendront,0.1994,0.0058
golfe,0.1994,0.0067
mercredi,0.1994,0.0097
régne,0.1994,0.0062
choisie,0.1994,0.0066
montans,0.1994,0.0074
détaché,0.1994,0.0073
confesser,0.1993,0.0078
doir,0.1993,0.0065
xxxvii,0.1993,0.0089
privation,0.1993,0.0077
autoriser,0.1993,0.0085
pla,0.1993,0.0072
luit,0.1993,0.0056
recouvrer,0.1992,0.0066
s'attirer,0.1992,0.0066
nai,0.1992,0.0082
écoutez,0.1992,0.0064
nel,0.1992,0.0058
sels,0.1992,0.0065
bannis,0.1992,0.0073
confiance,0.1992,0.0055
longe,0.1992,0.0069
ieur,0.1992,0.0087
coin,0.1991,0.0062
clermont,0.1991,0.0081
batailles,0.1991,0.0062
tumulte,0.1991,0.0066
infaillibles,0.1991,0.0074
conclus,0.1990,0.0065
archers,0.1990,0.0082
négocier,0.1990,0.0084
seigle,0.1990,0.0067
xxxii,0.1989,0.0088
couvent,0.1989,0.0071
palme,0.1989,0.0060
l'n,0.1989,0.0071
dispense,0.1989,0.0070
pio,0.1989,0.0062
procession,0.1989,0.0078
sceaux,0.1989,0.0070
parlera,0.1988,0.0071
coule,0.1988,0.0057
relte,0.1988,0.0088
signal,0.1988,0.0059
suivez,0.1988,0.0056
s'accordent,0.1987,0.0061
continence,0.1987,0.0083
devra,0.1987,0.0063
tribunal,0.1987,0.0076
sentant,0.1987,0.0072
décrit,0.1986,0.0065
prérogatives,0.1986,0.0059
mienne,0.1985,0.0061
fatale,0.1985,0.0059
vole,0.1985,0.0064
savon,0.1985,0.0082
fendu,0.1985,0.0086
sol,0.1985,0.0080
tte,0.1985,0.0076
balance,0.1984,0.0058
d'empêcher,0.1984,0.0061
consume,0.1984,0.0070
revenue,0.1984,0.0075
embrassé,0.1984,0.0071
cls,0.1984,0.0069
amor,0.1984,0.0075
suit,0.1984,0.0058
can,0.1984,0.0072
défendent,0.1983,0.0073
quer,0.1983,0.0055
noël,0.1983,0.0073
méthode,0.1983,0.0060
projets,0.1983,0.0050
triple,0.1983,0.0069
sons,0.1983,0.0063
poursuite,0.1982,0.0061
comédiens,0.1982,0.0061
bles,0.1982,0.0058
royau,0.1982,0.0071
admettre,0.1982,0.0082
detail,0.1982,0.0075
subvenir,0.1981,0.0059
inutiles,0.1981,0.0048
différer,0.1981,0.0071
flottes,0.1981,0.0061
det,0.1981,0.0071
offense,0.1981,0.0073
ferr,0.1981,0.0078
trait,0.1981,0.0053
séparées,0.1981,0.0073
secondes,0.1981,0.0069
expire,0.1981,0.0072
médecine,0.1981,0.0066
trouveroit,0.1980,0.0051
mus,0.1980,0.0078
éteindre,0.1980,0.0062
attachent,0.1980,0.0057
composa,0.1980,0.0064
propriétaire,0.1980,0.0061
l'époux,0.1980,0.0081
n'cst,0.1979,0.0060
contiennent,0.1979,0.0054
salutaire,0.1979,0.0074
alte,0.1979,0.0088
flr,0.1979,0.0073
fâche,0.1979,0.0076
numero,0.1979,0.0089
militaire,0.1979,0.0067
d'ou,0.1979,0.0071
chute,0.1979,0.0061
divisions,0.1978,0.0070
pete,0.1978,0.0066
balles,0.1978,0.0079
couronnée,0.1978,0.0064
julie,0.1978,0.0087
exhorte,0.1978,0.0065
erreur,0.1977,0.0057
comprise,0.1977,0.0066
manier,0.1977,0.0061
souffrit,0.1977,0.0068
fausse,0.1976,0.0063
lle,0.1976,0.0062
nia,0.1976,0.0072
imaginaire,0.1976,0.0084
vuide,0.1975,0.0060
vainqueurs,0.1975,0.0073
fine,0.1975,0.0054
communi,0.1975,0.0064
attribuée,0.1975,0.0076
ette,0.1975,0.0072
siens,0.1974,0.0062
exécutée,0.1974,0.0062
lundi,0.1974,0.0085
contradictions,0.1974,0.0063
volant,0.1974,0.0084
qu'l,0.1974,0.0069
troncs,0.1974,0.0066
plufieurs,0.1974,0.0070
ose,0.1973,0.0053
acc,0.1973,0.0074
parlemens,0.1973,0.0067
milliers,0.1973,0.0066
projet,0.1973,0.0051
bâties,0.1973,0.0063
lave,0.1973,0.0073
vale,0.1973,0.0088
levres,0.1973,0.0068
offenser,0.1972,0.0079
infinis,0.1972,0.0065
pil,0.1972,0.0065
taillé,0.1972,0.0073
ily,0.1972,0.0065
promettoit,0.1972,0.0062
orgueil,0.1972,0.0058
importans,0.1971,0.0060
cau,0.1971,0.0069
new,0.1971,0.0076
demandera,0.1971,0.0068
ioi,0.1970,0.0062
primes,0.1970,0.0107
dece,0.1970,0.0096
trésorier,0.1970,0.0073
irt,0.1970,0.0058
censure,0.1970,0.0078
l'ifle,0.1970,0.0070
acheta,0.1970,0.0068
fausseté,0.1969,0.0062
loir,0.1969,0.0075
charbon,0.1969,0.0063
nir,0.1969,0.0070
verres,0.1969,0.0082
foire,0.1969,0.0081
tota,0.1968,0.0063
d'exprimer,0.1968,0.0063
astres,0.1968,0.0059
sue,0.1968,0.0084
assurer,0.1968,0.0056
solitaire,0.1967,0.0075
d'ennemis,0.1967,0.0057
nii,0.1966,0.0065
diminuer,0.1966,0.0052
répandit,0.1966,0.0055
ruinée,0.1966,0.0059
apperçoit,0.1966,0.0062
gardée,0.1966,0.0071
vives,0.1966,0.0050
coi,0.1966,0.0067
j'appris,0.1966,0.0076
enr,0.1965,0.0084
liant,0.1965,0.0087
d'l,0.1965,0.0074
attaquée,0.1965,0.0065
defense,0.1965,0.0093
l'orateur,0.1965,0.0078
aucunement,0.1964,0.0081
scellé,0.1964,0.0063
reçus,0.1964,0.0052
certificat,0.1964,0.0064
caractère,0.1964,0.0052
ain,0.1964,0.0075
d'ar,0.1963,0.0069
rangers,0.1963,0.0080
franche,0.1963,0.0069
rance,0.1963,0.0087
expier,0.1963,0.0067
absolument,0.1963,0.0060
neige,0.1963,0.0067
nle,0.1963,0.0063
gland,0.1963,0.0080
coûtent,0.1962,0.0061
entends,0.1962,0.0072
accords,0.1962,0.0066
contrainte,0.1962,0.0063
turquie,0.1962,0.0066
verdure,0.1962,0.0048
relle,0.1962,0.0086
passions,0.1962,0.0048
continuelle,0.1962,0.0054
d'u,0.1961,0.0071
verser,0.1960,0.0060
épargner,0.1960,0.0057
baisser,0.1960,0.0074
échouer,0.1960,0.0068
poui,0.1959,0.0087
prompte,0.1959,0.0059
solde,0.1959,0.0062
core,0.1958,0.0070
poètes,0.1958,0.0063
promenant,0.1958,0.0069
tai,0.1958,0.0070
attentats,0.1958,0.0059
collines,0.1958,0.0064
caractere,0.1957,0.0066
dijon,0.1957,0.0084
huitieme,0.1957,0.0066
rein,0.1957,0.0075
rechercher,0.1957,0.0064
communément,0.1957,0.0070
choix,0.1957,0.0050
d'aucune,0.1957,0.0047
eie,0.1957,0.0066
chers,0.1956,0.0055
soigneusement,0.1956,0.0077
lae,0.1956,0.0070
gouverné,0.1956,0.0070
commencée,0.1956,0.0067
exactement,0.1956,0.0054
occuper,0.1956,0.0060
signe,0.1956,0.0064
cceur,0.1955,0.0070
ile,0.1955,0.0066
proposées,0.1955,0.0066
rece,0.1955,0.0059
gue,0.1954,0.0078
siècles,0.1954,0.0059
communiquer,0.1954,0.0058
détruisent,0.1954,0.0065
défendit,0.1954,0.0059
extrait,0.1953,0.0065
liée,0.1953,0.0068
défendus,0.1952,0.0069
xxxiv,0.1952,0.0086
cocher,0.1952,0.0076
étrangere,0.1952,0.0065
créer,0.1952,0.0062
tiroir,0.1952,0.0095
clovis,0.1952,0.0093
pie,0.1952,0.0070
l'l,0.1951,0.0060
refuse,0.1951,0.0061
meme,0.1951,0.0071
l'explication,0.1951,0.0062
vai,0.1951,0.0068
natif,0.1951,0.0070
médiocre,0.1951,0.0055
décrire,0.1951,0.0066
lce,0.1950,0.0064
qu'environ,0.1950,0.0060
sine,0.1949,0.0086
comprens,0.1949,0.0060
heureusement,0.1949,0.0058
anima,0.1949,0.0074
continuel,0.1948,0.0065
cio,0.1948,0.0051
mérites,0.1948,0.0068
péril,0.1947,0.0058
ros,0.1947,0.0065
repasser,0.1947,0.0069
foit,0.1946,0.0067
permises,0.1946,0.0073
jou,0.1946,0.0081
quidam,0.1946,0.0078
connois,0.1946,0.0076
l'os,0.1946,0.0079
ajoutent,0.1946,0.0070
productions,0.1945,0.0059
pleure,0.1945,0.0067
ene,0.1945,0.0073
quatuor,0.1945,0.0068
prétendit,0.1945,0.0068
plaisanteries,0.1945,0.0063
conservation,0.1944,0.0051
appliquée,0.1944,0.0076
compta,0.1944,0.0089
lic,0.1944,0.0053
sentent,0.1944,0.0052
tics,0.1944,0.0070
boulogne,0.1944,0.0080
canaux,0.1944,0.0058
mouvements,0.1943,0.0058
poux,0.1943,0.0100
croyois,0.1943,0.0059
percée,0.1943,0.0072
cfi,0.1943,0.0061
surface,0.1943,0.0059
fols,0.1943,0.0068
misérable,0.1943,0.0076
orte,0.1943,0.0081
portée,0.1943,0.0050
d'impression,0.1943,0.0055
ent,0.1942,0.0058
voi,0.1942,0.0075
person,0.1942,0.0072
lio,0.1942,0.0051
décrets,0.1942,0.0059
ard,0.1942,0.0058
présenté,0.1942,0.0062
ena,0.1942,0.0082
l'amitié,0.1942,0.0057
mépris,0.1941,0.0060
saisir,0.1941,0.0053
aveugles,0.1941,0.0076
surprendre,0.1941,0.0058
tait,0.1941,0.0071
acceptée,0.1941,0.0078
fau,0.1940,0.0069
lli,0.1940,0.0052
reproches,0.1940,0.0052
dais,0.1940,0.0079
séparer,0.1940,0.0065
recevroit,0.1939,0.0072
croirois,0.1939,0.0083
louage,0.1938,0.0086
attaque,0.1938,0.0071
offrit,0.1938,0.0063
meil,0.1938,0.0080
vaille,0.1938,0.0062
mais,0.1938,0.0056
basses,0.1938,0.0070
briser,0.1937,0.0058
chargée,0.1937,0.0057
soins,0.1937,0.0048
pane,0.1937,0.0103
regardée,0.1937,0.0056
apparences,0.1937,0.0057
ert,0.1937,0.0072
interne,0.1937,0.0091
vic,0.1937,0.0060
vains,0.1936,0.0054
ect,0.1936,0.0065
tenoient,0.1936,0.0051
iue,0.1936,0.0068
excitent,0.1936,0.0057
oppose,0.1936,0.0056
loisir,0.1936,0.0059
d'oiseaux,0.1935,0.0074
instruction,0.1935,0.0077
serviront,0.1935,0.0063
soutenu,0.1935,0.0056
études,0.1934,0.0050
conmme,0.1934,0.0083
convie,0.1933,0.0101
trahi,0.1933,0.0066
roulent,0.1933,0.0065
cement,0.1933,0.0062
agrémens,0.1933,0.0059
ruiner,0.1933,0.0063
l'horreur,0.1933,0.0057
convaincre,0.1932,0.0059
incapable,0.1932,0.0062
neutre,0.1932,0.0077
ses,0.1932,0.0037
polis,0.1932,0.0072
fluide,0.1932,0.0072
habitude,0.1932,0.0059
toise,0.1931,0.0076
uie,0.1931,0.0068
aflez,0.1931,0.0064
reviennent,0.1931,0.0055
fourmis,0.1931,0.0074
rues,0.1930,0.0064
supposer,0.1930,0.0070
peste,0.1930,0.0064
unanimement,0.1930,0.0069
interdite,0.1930,0.0085
paraît,0.1930,0.0057
laboureurs,0.1930,0.0062
chaux,0.1929,0.0069
tri,0.1929,0.0071
vert,0.1929,0.0070
exe,0.1929,0.0076
cruelles,0.1929,0.0056
satisfaction,0.1929,0.0054
gâté,0.1928,0.0070
accidens,0.1928,0.0049
nre,0.1928,0.0064
d'occasions,0.1928,0.0063
d'attaquer,0.1928,0.0071
creuse,0.1928,0.0076
join,0.1928,0.0054
mir,0.1927,0.0079
nies,0.1927,0.0075
qu'alors,0.1927,0.0063
imparfait,0.1927,0.0084
réellement,0.1927,0.0061
uin,0.1927,0.0064
deviné,0.1926,0.0080
fureurs,0.1926,0.0050
caufé,0.1926,0.0071
l'invention,0.1926,0.0062
fanté,0.1925,0.0074
approfondir,0.1925,0.0073
d'esclaves,0.1925,0.0075
d'envoyer,0.1924,0.0051
fions,0.1924,0.0057
incapables,0.1924,0.0053
meurtre,0.1924,0.0063
desir,0.1924,0.0058
restes,0.1924,0.0058
l'apprendre,0.1923,0.0071
notion,0.1923,0.0080
ajoutez,0.1923,0.0070
adoré,0.1923,0.0064
imputer,0.1923,0.0063
cel,0.1923,0.0079
lde,0.1923,0.0069
filer,0.1923,0.0062
citez,0.1922,0.0083
l'emporta,0.1922,0.0061
sénateurs,0.1922,0.0067
équivoque,0.1922,0.0072
expres,0.1922,0.0068
sçais,0.1922,0.0083
safran,0.1922,0.0077
demanderent,0.1922,0.0061
sion,0.1921,0.0064
pensé,0.1921,0.0056
tourmente,0.1921,0.0063
qai,0.1921,0.0069
usque,0.1921,0.0077
éloigne,0.1921,0.0063
ric,0.1920,0.0070
gne,0.1920,0.0085
infame,0.1920,0.0071
exposer,0.1920,0.0058
iln,0.1920,0.0053
ale,0.1920,0.0074
commi,0.1920,0.0079
aisez,0.1919,0.0084
renouveller,0.1919,0.0065
bouclier,0.1919,0.0077
pontifes,0.1919,0.0067
alter,0.1919,0.0064
heu,0.1919,0.0064
iir,0.1919,0.0059
faic,0.1919,0.0085
icl,0.1919,0.0058
restait,0.1918,0.0075
quii,0.1918,0.0066
proposent,0.1918,0.0059
taureau,0.1918,0.0069
occupé,0.1918,0.0050
poussée,0.1918,0.0056
quanto,0.1918,0.0057
dangers,0.1918,0.0051
menus,0.1918,0.0081
attirer,0.1918,0.0054
l'embarras,0.1917,0.0067
repris,0.1917,0.0060
cordons,0.1917,0.0074
claude,0.1917,0.0065
placées,0.1917,0.0053
entendue,0.1917,0.0063
ples,0.1916,0.0058
contenant,0.1916,0.0064
gravée,0.1916,0.0069
l'iniquité,0.1916,0.0078
tanto,0.1916,0.0068
craignit,0.1916,0.0065
sente,0.1916,0.0056
lasse,0.1916,0.0068
menti,0.1916,0.0074
positivement,0.1915,0.0069
ubi,0.1915,0.0074
polies,0.1914,0.0097
maritime,0.1914,0.0071
gout,0.1914,0.0076
affe,0.1914,0.0076
douces,0.1914,0.0051
italien,0.1914,0.0069
deli,0.1914,0.0084
parme,0.1914,0.0084
audiences,0.1914,0.0060
ila,0.1913,0.0069
héréditaire,0.1913,0.0069
regitre,0.1913,0.0058
convienne,0.1913,0.0063
dispositions,0.1912,0.0048
s'approche,0.1912,0.0066
modele,0.1912,0.0069
croyance,0.1912,0.0076
fol,0.1912,0.0068
charme,0.1912,0.0059
jeudi,0.1912,0.0087
dou,0.1912,0.0064
lix,0.1911,0.0073
descente,0.1911,0.0078
rout,0.1911,0.0082
contenance,0.1911,0.0066
d'hommes,0.1911,0.0054
envoyoit,0.1911,0.0060
défit,0.1911,0.0069
chauve,0.1911,0.0073
garnies,0.1910,0.0069
vision,0.1910,0.0075
humaines,0.1910,0.0052
fabrique,0.1910,0.0060
financier,0.1910,0.0086
raisonnables,0.1910,0.0061
albert,0.1910,0.0086
fauxbourgs,0.1910,0.0072
couronnement,0.1910,0.0077
lits,0.1910,0.0060
approché,0.1909,0.0056
ruiné,0.1909,0.0061
l'alliance,0.1909,0.0067
l'enceinte,0.1908,0.0058
folie,0.1908,0.0063
jouant,0.1908,0.0071
cornes,0.1908,0.0060
aujourd,0.1908,0.0069
étrangères,0.1908,0.0068
allié,0.1908,0.0072
d'admiration,0.1908,0.0063
nee,0.1907,0.0060
quatrevingt,0.1906,0.0081
rcs,0.1906,0.0064
opposé,0.1906,0.0053
rigueurs,0.1906,0.0061
délices,0.1906,0.0059
réalité,0.1906,0.0060
rats,0.1905,0.0064
scaliger,0.1905,0.0073
converti,0.1905,0.0075
mamelé,0.1905,0.0080
convenable,0.1905,0.0055
connoît,0.1905,0.0048
fidele,0.1905,0.0059
maires,0.1905,0.0076
som,0.1904,0.0081
éprouvé,0.1904,0.0059
secourir,0.1904,0.0057
délivrer,0.1904,0.0057
fidéle,0.1904,0.0084
l'université,0.1904,0.0088
ménagement,0.1904,0.0056
enferme,0.1903,0.0077
pratiques,0.1903,0.0060
égalité,0.1903,0.0060
tabac,0.1903,0.0073
hardiesse,0.1903,0.0061
l'ar,0.1902,0.0074
tio,0.1902,0.0054
mmne,0.1902,0.0106
points,0.1902,0.0050
ode,0.1902,0.0074
lorsque,0.1902,0.0040
cointe,0.1901,0.0089
l'exemple,0.1901,0.0050
feuille,0.1900,0.0065
supposent,0.1900,0.0063
espagnole,0.1899,0.0080
fiit,0.1899,0.0068
ence,0.1899,0.0078
saisit,0.1899,0.0060
communication,0.1899,0.0060
molle,0.1899,0.0067
tir,0.1898,0.0056
pourvue,0.1898,0.0061
grandeurs,0.1898,0.0064
peintes,0.1897,0.0083
lance,0.1897,0.0058
s'élève,0.1897,0.0063
omettre,0.1897,0.0059
dej,0.1897,0.0089
laissons,0.1896,0.0052
obéissance,0.1896,0.0062
mince,0.1896,0.0061
conserve,0.1896,0.0050
ruines,0.1896,0.0060
gallus,0.1896,0.0075
ancienneté,0.1896,0.0066
tro,0.1896,0.0067
reconnoît,0.1896,0.0061
gie,0.1895,0.0088
memes,0.1895,0.0069
excessive,0.1895,0.0067
éloignées,0.1895,0.0050
connue,0.1895,0.0049
britannique,0.1895,0.0077
sérieux,0.1894,0.0066
tirera,0.1894,0.0067
bible,0.1894,0.0072
avee,0.1894,0.0094
osez,0.1894,0.0053
chapelain,0.1894,0.0106
objections,0.1894,0.0054
lai,0.1894,0.0072
leg,0.1894,0.0077
tem,0.1894,0.0062
dri,0.1893,0.0055
qlue,0.1893,0.0068
notes,0.1893,0.0065
profondes,0.1893,0.0061
prescrire,0.1893,0.0068
pressé,0.1893,0.0060
détruire,0.1893,0.0054
observent,0.1892,0.0055
l'âme,0.1892,0.0056
oeuvre,0.1892,0.0052
habileté,0.1892,0.0059
fid,0.1891,0.0051
fécondité,0.1891,0.0060
d'homme,0.1891,0.0057
ger,0.1891,0.0063
espèce,0.1891,0.0051
quittez,0.1891,0.0062
certitude,0.1891,0.0063
montant,0.1890,0.0066
pernicieuse,0.1890,0.0075
voyager,0.1890,0.0068
exposé,0.1890,0.0052
lne,0.1890,0.0067
trouv,0.1890,0.0075
attentivement,0.1889,0.0065
joints,0.1889,0.0057
changemens,0.1889,0.0052
houmme,0.1889,0.0068
machines,0.1889,0.0064
épées,0.1889,0.0064
édifice,0.1888,0.0057
relie,0.1888,0.0084
univers,0.1888,0.0075
détacher,0.1887,0.0062
s'attache,0.1887,0.0061
qu'ailleurs,0.1887,0.0072
lâches,0.1887,0.0056
usa,0.1887,0.0073
vendoit,0.1887,0.0065
ill,0.1887,0.0053
savoit,0.1887,0.0062
sns,0.1887,0.0074
néant,0.1887,0.0076
hyver,0.1886,0.0066
quei,0.1886,0.0066
git,0.1886,0.0069
assurances,0.1886,0.0070
embarras,0.1886,0.0055
engager,0.1886,0.0051
journées,0.1885,0.0069
interrompu,0.1885,0.0065
applique,0.1885,0.0061
aventures,0.1885,0.0059
sentis,0.1885,0.0063
parc,0.1885,0.0069
posées,0.1885,0.0066
bancs,0.1885,0.0071
médecins,0.1885,0.0055
l'opinion,0.1885,0.0064
défend,0.1885,0.0051
pir,0.1885,0.0067
sots,0.1885,0.0082
d'ef,0.1884,0.0064
louer,0.1884,0.0065
eues,0.1884,0.0062
rangs,0.1884,0.0054
filius,0.1884,0.0077
magasins,0.1883,0.0068
chés,0.1883,0.0074
peri,0.1883,0.0065
tité,0.1883,0.0080
ressemblance,0.1883,0.0060
ferais,0.1883,0.0079
attaquent,0.1883,0.0058
officio,0.1883,0.0070
dans,0.1883,0.0038
valois,0.1882,0.0066
représentée,0.1882,0.0062
longueurs,0.1882,0.0061
soutint,0.1882,0.0064
ouvrier,0.1882,0.0060
fii,0.1882,0.0063
âges,0.1882,0.0054
véritable,0.1882,0.0053
xlv,0.1882,0.0084
lous,0.1882,0.0066
roient,0.1882,0.0052
l'héritier,0.1882,0.0084
cara,0.1881,0.0068
cordon,0.1881,0.0070
ratione,0.1881,0.0070
brisé,0.1881,0.0069
fallu,0.1881,0.0053
convenir,0.1881,0.0054
plaisanterie,0.1880,0.0058
aun,0.1880,0.0076
planche,0.1880,0.0070
gâter,0.1879,0.0072
senti,0.1879,0.0059
chênes,0.1879,0.0064
reconnoissancent,0.1879,0.0052
desire,0.1879,0.0068
exactitude,0.1879,0.0052
deu,0.1879,0.0076
iui,0.1879,0.0064
sou,0.1878,0.0075
loyers,0.1878,0.0071
conclut,0.1878,0.0057
deur,0.1877,0.0078
pater,0.1877,0.0076
casser,0.1877,0.0068
ils,0.1877,0.0035
éducation,0.1877,0.0055
char,0.1876,0.0058
monument,0.1876,0.0060
parentes,0.1876,0.0064
justifier,0.1876,0.0058
honteusement,0.1876,0.0080
renonce,0.1876,0.0060
immortel,0.1876,0.0080
plui,0.1875,0.0075
conséquent,0.1875,0.0049
sombre,0.1875,0.0061
appartenir,0.1875,0.0052
jésuite,0.1875,0.0087
rations,0.1875,0.0064
l'obligation,0.1875,0.0058
enlevée,0.1875,0.0058
parles,0.1874,0.0067
cot,0.1874,0.0065
jaloux,0.1874,0.0054
las,0.1873,0.0073
grossier,0.1873,0.0074
avance,0.1873,0.0060
diminuent,0.1873,0.0056
réduction,0.1873,0.0085
nais,0.1873,0.0090
tribu,0.1873,0.0077
comique,0.1872,0.0066
moilons,0.1872,0.0073
servant,0.1872,0.0070
concerne,0.1872,0.0051
poli,0.1872,0.0064
qu'el,0.1871,0.0059
contribué,0.1871,0.0050
inventer,0.1871,0.0068
ons,0.1871,0.0062
offres,0.1871,0.0055
comptoit,0.1871,0.0058
appel,0.1871,0.0054
dures,0.1871,0.0059
délivrance,0.1870,0.0074
quarre,0.1870,0.0071
guère,0.1870,0.0055
conte,0.1870,0.0060
ilu,0.1870,0.0056
estimation,0.1870,0.0074
aifé,0.1869,0.0057
fervant,0.1869,0.0086
agissent,0.1869,0.0054
occidentale,0.1869,0.0058
persuada,0.1869,0.0066
fail,0.1869,0.0075
ambroise,0.1869,0.0080
forteresse,0.1868,0.0069
vaincus,0.1868,0.0059
folio,0.1868,0.0068
pensons,0.1868,0.0063
turcs,0.1868,0.0056
chefs,0.1868,0.0050
affection,0.1867,0.0061
quinzième,0.1867,0.0062
sie,0.1867,0.0073
plaques,0.1867,0.0063
grossiere,0.1867,0.0074
régence,0.1867,0.0088
l'aimable,0.1867,0.0072
mou,0.1866,0.0063
exem,0.1866,0.0057
élevées,0.1866,0.0055
lustre,0.1866,0.0062
recommencer,0.1866,0.0061
l'ancien,0.1866,0.0063
oil,0.1866,0.0062
pardessus,0.1866,0.0089
attachement,0.1866,0.0053
oli,0.1865,0.0061
nion,0.1865,0.0072
née,0.1865,0.0057
lancer,0.1865,0.0062
justement,0.1865,0.0069
sanglant,0.1865,0.0069
prc,0.1865,0.0062
onc,0.1865,0.0086
fâchée,0.1865,0.0064
impositions,0.1865,0.0057
entierement,0.1864,0.0058
seizième,0.1864,0.0053
deum,0.1864,0.0069
mercure,0.1864,0.0069
domaines,0.1863,0.0065
franchement,0.1863,0.0064
raisonnable,0.1863,0.0064
eloge,0.1862,0.0070
implorer,0.1862,0.0050
démarche,0.1862,0.0068
abandonné,0.1862,0.0051
chariots,0.1861,0.0059
coq,0.1861,0.0096
nor,0.1861,0.0070
rencontre,0.1861,0.0050
flanc,0.1860,0.0062
confond,0.1860,0.0064
villers,0.1860,0.0051
durent,0.1860,0.0057
machine,0.1859,0.0053
ennuyeux,0.1859,0.0072
entendus,0.1859,0.0062
passages,0.1859,0.0052
ignorance,0.1859,0.0059
tuilée,0.1859,0.0062
cabane,0.1859,0.0067
excuse,0.1859,0.0071
convenoit,0.1859,0.0054
vaine,0.1858,0.0058
horreur,0.1858,0.0056
pea,0.1858,0.0063
caisses,0.1858,0.0076
gâte,0.1858,0.0067
tle,0.1858,0.0063
tier,0.1858,0.0070
rempli,0.1857,0.0045
relâcher,0.1857,0.0073
registre,0.1856,0.0054
protestations,0.1856,0.0056
faciles,0.1856,0.0055
ptolomée,0.1855,0.0087
coe,0.1855,0.0063
français,0.1855,0.0059
taureaux,0.1855,0.0058
manifeste,0.1855,0.0062
ive,0.1855,0.0078
hommages,0.1855,0.0057
pri,0.1854,0.0071
cheminée,0.1854,0.0070
avantages,0.1854,0.0047
deuil,0.1854,0.0059
censeurs,0.1853,0.0077
commencemens,0.1853,0.0062
d'exemples,0.1853,0.0052
surprend,0.1853,0.0070
inscriptions,0.1853,0.0064
oul,0.1852,0.0061
orgueilleux,0.1852,0.0069
nettes,0.1852,0.0070
paternel,0.1852,0.0061
christianisme,0.1852,0.0067
assuré,0.1851,0.0054
c'eil,0.1851,0.0076
formalité,0.1851,0.0066
compose,0.1850,0.0069
honte,0.1850,0.0051
lys,0.1850,0.0069
dite,0.1849,0.0067
l'humidité,0.1849,0.0064
tos,0.1849,0.0066
l'egypte,0.1849,0.0074
chirurgien,0.1849,0.0061
pres,0.1849,0.0067
remarquable,0.1849,0.0052
étudier,0.1849,0.0062
convaincus,0.1849,0.0054
cri,0.1849,0.0055
séparément,0.1849,0.0066
mettoient,0.1848,0.0054
couté,0.1848,0.0058
volent,0.1848,0.0060
ibid,0.1847,0.0067
plains,0.1847,0.0063
enseignes,0.1847,0.0086
dissertation,0.1847,0.0065
ien,0.1847,0.0068
carthaginois,0.1847,0.0070
présentement,0.1847,0.0071
choi,0.1847,0.0078
soupçon,0.1846,0.0055
formes,0.1846,0.0053
cercle,0.1846,0.0053
dixmes,0.1845,0.0082
représente,0.1845,0.0056
retours,0.1845,0.0074
monnoie,0.1845,0.0056
malins,0.1845,0.0072
bella,0.1844,0.0071
boule,0.1844,0.0071
victimes,0.1844,0.0061
zemble,0.1844,0.0090
rite,0.1844,0.0068
sublime,0.1844,0.0065
retint,0.1844,0.0068
poison,0.1843,0.0059
cinquieme,0.1843,0.0075
perce,0.1843,0.0061
agitée,0.1843,0.0055
enlevé,0.1843,0.0055
iic,0.1842,0.0047
leur,0.1842,0.0036
tois,0.1842,0.0071
propreté,0.1842,0.0054
calomnies,0.1842,0.0055
minces,0.1842,0.0068
grossiers,0.1842,0.0060
combler,0.1842,0.0063
cer,0.1841,0.0058
l'exil,0.1841,0.0075
lea,0.1841,0.0073
j'allois,0.1841,0.0066
vilaine,0.1841,0.0086
attache,0.1841,0.0056
pluton,0.1841,0.0053
étrangeres,0.1841,0.0057
publie,0.1841,0.0071
changent,0.1841,0.0049
préparatifs,0.1840,0.0054
poursuivi,0.1840,0.0059
rte,0.1840,0.0060
avantageusement,0.1840,0.0070
atteint,0.1840,0.0050
martial,0.1840,0.0076
nouveauté,0.1840,0.0067
jugeoit,0.1839,0.0055
montrer,0.1839,0.0059
deces,0.1839,0.0092
éloigner,0.1839,0.0061
prédicateurs,0.1838,0.0060
riez,0.1838,0.0065
oir,0.1838,0.0060
l'avocat,0.1838,0.0074
attribué,0.1838,0.0072
mier,0.1838,0.0048
mutuel,0.1838,0.0058
ôtant,0.1838,0.0069
nuls,0.1838,0.0066
conter,0.1838,0.0054
supplices,0.1837,0.0056
pai,0.1837,0.0070
réception,0.1837,0.0075
pore,0.1837,0.0065
voyoient,0.1837,0.0050
s'i,0.1837,0.0071
m'arrête,0.1837,0.0080
danses,0.1836,0.0072
considérables,0.1836,0.0048
leurs,0.1836,0.0034
filet,0.1836,0.0067
satisfaire,0.1835,0.0052
favoris,0.1835,0.0059
rendues,0.1835,0.0062
consommation,0.1835,0.0061
inc,0.1835,0.0053
lierre,0.1835,0.0066
iil,0.1835,0.0065
triomphant,0.1835,0.0082
risquer,0.1835,0.0066
c'efr,0.1834,0.0074
entrée,0.1834,0.0054
l'origine,0.1833,0.0052
caresses,0.1833,0.0053
d'allemagne,0.1833,0.0065
gratia,0.1832,0.0087
audessus,0.1832,0.0070
sortifie,0.1832,0.0069
tranquillement,0.1832,0.0062
d'accord,0.1832,0.0045
christophe,0.1831,0.0065
descriptions,0.1831,0.0058
sci,0.1831,0.0062
daigne,0.1831,0.0065
états,0.1831,0.0053
françoise,0.1831,0.0058
intervalle,0.1831,0.0062
marguerite,0.1831,0.0075
sembloient,0.1830,0.0061
rendis,0.1830,0.0067
entrera,0.1830,0.0074
daus,0.1830,0.0099
confreres,0.1830,0.0060
déjà,0.1830,0.0045
int,0.1830,0.0052
logement,0.1829,0.0063
malgré,0.1829,0.0042
d'aucuns,0.1829,0.0069
précieux,0.1829,0.0049
souffre,0.1829,0.0055
cepen,0.1829,0.0050
hardie,0.1829,0.0068
aisement,0.1829,0.0097
carreaux,0.1828,0.0073
humain,0.1828,0.0048
qu'on,0.1827,0.0043
fraix,0.1827,0.0066
mufique,0.1827,0.0077
ainii,0.1827,0.0087
gou,0.1827,0.0076
cesse,0.1826,0.0040
pauvreté,0.1826,0.0058
emprunte,0.1826,0.0067
déterminer,0.1826,0.0051
georges,0.1826,0.0071
l'aventure,0.1826,0.0082
fil,0.1825,0.0057
sonner,0.1825,0.0057
débauche,0.1824,0.0061
parloient,0.1824,0.0050
salaires,0.1824,0.0078
eli,0.1824,0.0057
bologne,0.1824,0.0077
ari,0.1824,0.0064
paquets,0.1824,0.0080
arriveroit,0.1824,0.0063
communiquée,0.1823,0.0063
l'action,0.1823,0.0054
ele,0.1823,0.0070
pairie,0.1823,0.0092
rétablis,0.1823,0.0061
l'ouverture,0.1822,0.0062
cnt,0.1822,0.0054
adorable,0.1822,0.0064
négociation,0.1822,0.0053
merci,0.1822,0.0061
infortune,0.1822,0.0057
immenses,0.1822,0.0049
dur,0.1821,0.0055
inter,0.1821,0.0065
abord,0.1821,0.0068
plaint,0.1821,0.0050
inceffamment,0.1821,0.0086
ror,0.1820,0.0061
utique,0.1820,0.0074
quie,0.1820,0.0073
succéda,0.1820,0.0055
lir,0.1820,0.0062
dan,0.1820,0.0068
gard,0.1820,0.0066
emporte,0.1820,0.0059
fondateur,0.1820,0.0063
garant,0.1819,0.0054
trouvoient,0.1819,0.0049
inquiétude,0.1819,0.0058
achetée,0.1819,0.0056
vînt,0.1819,0.0064
jugeant,0.1819,0.0064
patris,0.1819,0.0084
plaindre,0.1819,0.0054
colline,0.1818,0.0062
courtiers,0.1818,0.0081
sureté,0.1818,0.0057
répand,0.1818,0.0045
célèbre,0.1818,0.0055
fes,0.1818,0.0059
promettant,0.1818,0.0075
vide,0.1818,0.0062
sacrifice,0.1818,0.0053
nullement,0.1817,0.0053
assemblage,0.1817,0.0052
loue,0.1817,0.0068
revivre,0.1817,0.0054
punit,0.1817,0.0061
climats,0.1816,0.0049
prononça,0.1816,0.0057
moines,0.1816,0.0056
devaient,0.1816,0.0064
siécle,0.1815,0.0056
corrige,0.1815,0.0074
l'embouchure,0.1815,0.0056
composition,0.1815,0.0061
personnelles,0.1815,0.0060
lentement,0.1815,0.0064
rous,0.1815,0.0071
cal,0.1815,0.0068
écorce,0.1815,0.0058
règles,0.1814,0.0054
d'envie,0.1814,0.0059
brûler,0.1814,0.0054
aban,0.1814,0.0058
retirant,0.1814,0.0074
surtout,0.1813,0.0052
oie,0.1813,0.0054
présentation,0.1813,0.0078
empêché,0.1813,0.0047
rétablie,0.1813,0.0066
excuses,0.1813,0.0057
entieres,0.1813,0.0054
craignant,0.1813,0.0064
virement,0.1812,0.0082
etienne,0.1812,0.0068
l'accepter,0.1812,0.0072
prose,0.1812,0.0057
plate,0.1811,0.0069
fièvre,0.1811,0.0067
remarquables,0.1810,0.0062
poete,0.1810,0.0085
fatiguer,0.1810,0.0067
indubitable,0.1810,0.0079
sentir,0.1810,0.0049
s'approcher,0.1810,0.0070
finance,0.1809,0.0071
employée,0.1809,0.0063
aui,0.1809,0.0072
puif,0.1809,0.0065
afie,0.1808,0.0062
convoquer,0.1808,0.0064
l'absence,0.1808,0.0064
pouvais,0.1807,0.0074
ioit,0.1807,0.0059
malis,0.1807,0.0079
s'attacha,0.1807,0.0065
montré,0.1807,0.0054
verbaux,0.1807,0.0060
remar,0.1807,0.0060
havre,0.1807,0.0060
s'élever,0.1806,0.0055
offensé,0.1806,0.0071
l'en,0.1806,0.0051
excellente,0.1806,0.0051
vec,0.1806,0.0068
prouvée,0.1806,0.0058
contens,0.1806,0.0048
emportée,0.1806,0.0062
passoient,0.1806,0.0060
iront,0.1806,0.0057
étranges,0.1806,0.0065
run,0.1806,0.0049
marchant,0.1806,0.0061
terris,0.1806,0.0080
conséquence,0.1805,0.0052
hil,0.1805,0.0050
itc,0.1804,0.0048
ferait,0.1804,0.0066
règlement,0.1804,0.0066
cur,0.1804,0.0058
fiat,0.1804,0.0057
cruauté,0.1804,0.0055
poète,0.1804,0.0074
xxxix,0.1803,0.0093
mine,0.1803,0.0054
venues,0.1803,0.0050
s'étendre,0.1803,0.0060
lâche,0.1803,0.0058
crient,0.1803,0.0058
jusqu'aux,0.1802,0.0048
mouve,0.1802,0.0049
prudence,0.1802,0.0052
durera,0.1802,0.0053
xxxvi,0.1801,0.0083
répondent,0.1801,0.0057
brune,0.1801,0.0076
nullus,0.1801,0.0071
bande,0.1801,0.0056
rti,0.1801,0.0050
marchoient,0.1801,0.0068
lorsqu'ils,0.1801,0.0039
tage,0.1801,0.0077
qu'avant,0.1801,0.0054
attentif,0.1801,0.0058
joignit,0.1800,0.0069
pii,0.1800,0.0054
fables,0.1800,0.0048
convertis,0.1800,0.0053
pit,0.1799,0.0055
soutenir,0.1799,0.0047
détourner,0.1799,0.0050
volontiers,0.1799,0.0057
observe,0.1799,0.0056
produite,0.1799,0.0060
lte,0.1798,0.0052
lar,0.1798,0.0079
entiers,0.1798,0.0051
appartiennent,0.1798,0.0044
familier,0.1798,0.0066
secrets,0.1798,0.0050
arrivera,0.1798,0.0055
ouvre,0.1798,0.0051
fontenelle,0.1798,0.0055
ast,0.1798,0.0057
abandonner,0.1798,0.0053
prétendoient,0.1797,0.0057
monumens,0.1797,0.0054
représenta,0.1797,0.0053
chapeaux,0.1797,0.0061
tol,0.1797,0.0056
avancer,0.1797,0.0058
chanson,0.1797,0.0089
craignons,0.1796,0.0054
lorsqu'on,0.1796,0.0040
semblé,0.1796,0.0066
remplit,0.1796,0.0050
patres,0.1795,0.0071
ine,0.1795,0.0060
vôtres,0.1795,0.0056
lorsqu'elle,0.1795,0.0047
rigueur,0.1795,0.0054
cachée,0.1795,0.0053
partagée,0.1795,0.0053
paresseux,0.1794,0.0075
détruit,0.1794,0.0056
dele,0.1794,0.0075
tis,0.1793,0.0058
moisson,0.1793,0.0072
jeunesse,0.1793,0.0047
conduits,0.1793,0.0051
nomment,0.1793,0.0057
universelle,0.1793,0.0065
témoigne,0.1793,0.0060
suède,0.1792,0.0088
curiosité,0.1792,0.0048
évité,0.1792,0.0067
loco,0.1792,0.0060
plais,0.1792,0.0083
mesurer,0.1792,0.0064
sortifier,0.1792,0.0060
couronné,0.1792,0.0067
redoutable,0.1792,0.0052
orateurs,0.1792,0.0058
hôpitaux,0.1791,0.0062
chêne,0.1791,0.0060
publiée,0.1791,0.0060
monarchie,0.1791,0.0060
recevant,0.1791,0.0064
bassins,0.1791,0.0063
icn,0.1790,0.0055
attiré,0.1790,0.0051
tromper,0.1790,0.0059
réflexion,0.1790,0.0057
bec,0.1790,0.0059
julien,0.1790,0.0068
source,0.1790,0.0047
s'exposer,0.1789,0.0058
admis,0.1789,0.0054
venoient,0.1789,0.0046
rendoit,0.1789,0.0042
postes,0.1789,0.0068
ilest,0.1789,0.0067
iun,0.1789,0.0063
quise,0.1788,0.0077
nemis,0.1788,0.0065
xxxviii,0.1788,0.0079
démonstration,0.1788,0.0077
remporter,0.1788,0.0058
souris,0.1788,0.0070
paroissoient,0.1788,0.0050
fermeté,0.1788,0.0052
francs,0.1788,0.0058
l'aurore,0.1787,0.0059
paître,0.1787,0.0054
mez,0.1787,0.0077
faculté,0.1787,0.0058
céfar,0.1787,0.0088
perdroit,0.1787,0.0060
rieux,0.1787,0.0089
suiv,0.1786,0.0076
portons,0.1786,0.0054
voies,0.1786,0.0053
lex,0.1786,0.0060
lès,0.1786,0.0067
quli,0.1786,0.0063
entrant,0.1786,0.0065
consoler,0.1785,0.0051
dies,0.1785,0.0064
eit,0.1785,0.0047
ina,0.1785,0.0060
dictionnaire,0.1785,0.0069
domus,0.1784,0.0072
bienfaits,0.1784,0.0049
cni,0.1784,0.0054
parjure,0.1784,0.0075
également,0.1784,0.0046
tourmens,0.1784,0.0051
extravagant,0.1784,0.0081
noce,0.1783,0.0075
renvoye,0.1783,0.0072
d'horreur,0.1783,0.0053
tariere,0.1783,0.0093
bienséance,0.1783,0.0065
rde,0.1783,0.0063
éclatante,0.1783,0.0058
ignorant,0.1783,0.0070
fide,0.1783,0.0062
libre,0.1783,0.0049
promenades,0.1782,0.0054
bayes,0.1782,0.0065
patient,0.1782,0.0076
amie,0.1782,0.0060
fées,0.1782,0.0061
réel,0.1781,0.0054
vincent,0.1781,0.0064
leu,0.1781,0.0073
traitent,0.1781,0.0054
garantir,0.1781,0.0051
paroît,0.1780,0.0041
j'aurais,0.1780,0.0057
l'afrique,0.1780,0.0052
charlemagne,0.1780,0.0057
prétends,0.1780,0.0056
ren,0.1780,0.0049
sss,0.1780,0.0062
différent,0.1780,0.0050
lif,0.1780,0.0084
croît,0.1779,0.0057
pas,0.1779,0.0052
modestie,0.1779,0.0057
d'entrée,0.1779,0.0064
nourri,0.1779,0.0058
isc,0.1779,0.0058
gardoit,0.1778,0.0065
soumission,0.1778,0.0057
exposée,0.1778,0.0055
répond,0.1778,0.0054
devint,0.1778,0.0043
d'animaux,0.1778,0.0057
comprend,0.1777,0.0051
enfer,0.1777,0.0077
l'offre,0.1777,0.0069
publiquement,0.1777,0.0059
perdue,0.1777,0.0057
perds,0.1776,0.0061
doré,0.1776,0.0079
languedoc,0.1776,0.0061
lés,0.1776,0.0064
genre,0.1776,0.0043
tentes,0.1775,0.0069
confusion,0.1775,0.0049
mortes,0.1775,0.0078
convenables,0.1775,0.0051
alarmes,0.1775,0.0055
tot,0.1775,0.0055
permixtion,0.1775,0.0064
sacrée,0.1775,0.0063
instances,0.1775,0.0052
songes,0.1775,0.0070
terrestres,0.1775,0.0055
honorable,0.1774,0.0058
ressentiment,0.1774,0.0052
iar,0.1774,0.0065
tiendront,0.1774,0.0052
cultivée,0.1774,0.0059
communiqué,0.1774,0.0064
égaux,0.1773,0.0051
pleurer,0.1773,0.0053
artifices,0.1773,0.0056
mai,0.1773,0.0052
délivre,0.1773,0.0058
coude,0.1773,0.0062
unit,0.1772,0.0051
d'entretenir,0.1772,0.0059
tutelles,0.1772,0.0079
cci,0.1772,0.0055
s'adresser,0.1772,0.0079
agent,0.1772,0.0065
oro,0.1772,0.0052
bruits,0.1772,0.0050
souveraineté,0.1772,0.0063
eci,0.1772,0.0061
périr,0.1771,0.0044
mail,0.1771,0.0068
opposées,0.1771,0.0055
artisans,0.1771,0.0059
concert,0.1771,0.0049
renverse,0.1771,0.0057
appaiser,0.1771,0.0062
griefs,0.1770,0.0069
able,0.1770,0.0062
supplice,0.1769,0.0046
chirurgiens,0.1769,0.0055
ecrivain,0.1769,0.0060
n'e,0.1769,0.0052
placé,0.1769,0.0050
comptez,0.1769,0.0057
destinées,0.1768,0.0062
manquer,0.1768,0.0050
traversé,0.1768,0.0058
d'étonnement,0.1768,0.0066
opposition,0.1767,0.0056
étroitement,0.1767,0.0056
sertilité,0.1767,0.0056
ténèbres,0.1767,0.0056
courus,0.1767,0.0068
battent,0.1766,0.0058
contredit,0.1766,0.0046
sedan,0.1766,0.0089
braves,0.1766,0.0051
vant,0.1766,0.0054
malheureuse,0.1766,0.0053
décrier,0.1766,0.0078
continue,0.1766,0.0056
d'ouvrir,0.1766,0.0060
charmée,0.1766,0.0058
d'ail,0.1765,0.0055
offrir,0.1765,0.0050
aufi,0.1765,0.0062
d'hui,0.1765,0.0078
d'e,0.1765,0.0066
crc,0.1765,0.0053
uir,0.1765,0.0065
ordonnent,0.1765,0.0056
vivere,0.1765,0.0074
dominique,0.1764,0.0079
faussement,0.1764,0.0072
refe,0.1764,0.0108
auras,0.1764,0.0074
arma,0.1764,0.0064
qua,0.1764,0.0054
ifs,0.1764,0.0078
viaire,0.1764,0.0099
fabrication,0.1764,0.0058
des,0.1763,0.0035
criminelle,0.1763,0.0061
appliqué,0.1763,0.0055
concernant,0.1763,0.0062
l'entreprendre,0.1763,0.0083
devront,0.1763,0.0071
ardent,0.1763,0.0055
purgatoire,0.1762,0.0079
innocentes,0.1762,0.0060
fare,0.1762,0.0080
ail,0.1762,0.0054
rebelle,0.1762,0.0071
touc,0.1762,0.0084
apportent,0.1762,0.0055
victime,0.1762,0.0056
plaintes,0.1761,0.0044
profiter,0.1761,0.0049
revendre,0.1761,0.0065
nation,0.1760,0.0051
continuoit,0.1760,0.0065
anneaux,0.1760,0.0057
mnme,0.1760,0.0069
étroites,0.1760,0.0060
ifes,0.1760,0.0059
chantent,0.1760,0.0050
tendrement,0.1759,0.0056
espere,0.1759,0.0068
lumineux,0.1759,0.0059
éloignement,0.1759,0.0055
banni,0.1759,0.0062
jourd'hui,0.1759,0.0062
l'arrêter,0.1759,0.0066
dupuis,0.1758,0.0080
arts,0.1758,0.0045
tours,0.1758,0.0057
chariot,0.1758,0.0058
aliénation,0.1758,0.0072
jusqu'a,0.1758,0.0067
poflible,0.1758,0.0067
préceptes,0.1758,0.0053
acre,0.1758,0.0059
demoiselle,0.1758,0.0062
qu'elle,0.1757,0.0042
perfides,0.1757,0.0064
faur,0.1757,0.0063
aversion,0.1757,0.0058
espagnol,0.1757,0.0052
particulièrement,0.1756,0.0055
courbe,0.1756,0.0065
préjudiciable,0.1756,0.0066
oire,0.1756,0.0084
limité,0.1756,0.0059
pénitence,0.1756,0.0061
délivrée,0.1756,0.0063
hai,0.1756,0.0080
iit,0.1755,0.0048
sentiments,0.1755,0.0052
europe,0.1755,0.0057
vinaire,0.1755,0.0073
qualités,0.1755,0.0046
saçon,0.1755,0.0056
fabius,0.1754,0.0072
variation,0.1754,0.0068
préparé,0.1754,0.0057
boni,0.1754,0.0062
quando,0.1754,0.0064
livrez,0.1753,0.0055
miroir,0.1753,0.0073
passe,0.1753,0.0045
pollion,0.1753,0.0106
l'aimer,0.1753,0.0063
instruit,0.1753,0.0051
apportez,0.1753,0.0079
berry,0.1753,0.0084
alors,0.1752,0.0039
tuent,0.1752,0.0055
distinguées,0.1752,0.0054
bordure,0.1752,0.0065
privilège,0.1752,0.0052
mime,0.1752,0.0068
allarmes,0.1751,0.0053
coûte,0.1751,0.0047
outils,0.1751,0.0062
c'e,0.1750,0.0065
sangla,0.1750,0.0083
forment,0.1750,0.0044
désirs,0.1750,0.0051
total,0.1750,0.0064
pen,0.1749,0.0044
célèbres,0.1749,0.0055
seinte,0.1749,0.0068
pompeux,0.1749,0.0056
assemblées,0.1749,0.0049
paroit,0.1749,0.0044
collège,0.1749,0.0086
amener,0.1749,0.0057
rut,0.1749,0.0056
ham,0.1749,0.0067
même,0.1749,0.0042
imaginé,0.1749,0.0056
fidei,0.1748,0.0065
déguisement,0.1748,0.0061
raisonner,0.1748,0.0069
passion,0.1748,0.0054
rapportées,0.1748,0.0061
appréhender,0.1748,0.0074
lement,0.1748,0.0049
qu'ayant,0.1747,0.0046
hos,0.1747,0.0075
l'inventaire,0.1747,0.0060
fidelle,0.1747,0.0059
sensibles,0.1747,0.0046
jure,0.1747,0.0055
j'aie,0.1747,0.0049
cede,0.1747,0.0062
protecteur,0.1747,0.0064
vien,0.1747,0.0050
l'infini,0.1747,0.0058
entretenu,0.1747,0.0064
zéle,0.1746,0.0065
conquêtes,0.1746,0.0047
antre,0.1746,0.0061
respire,0.1746,0.0058
glace,0.1745,0.0066
sauva,0.1745,0.0068
vos,0.1745,0.0035
demandes,0.1745,0.0053
venois,0.1745,0.0065
faudrait,0.1744,0.0066
vivacité,0.1744,0.0053
hautement,0.1744,0.0059
modes,0.1744,0.0054
perdez,0.1744,0.0053
rivière,0.1744,0.0050
incertaine,0.1743,0.0068
s'expliquer,0.1743,0.0067
caverne,0.1743,0.0061
data,0.1743,0.0057
alimens,0.1743,0.0050
baiser,0.1743,0.0059
prudent,0.1743,0.0062
vengeance,0.1743,0.0049
rembourser,0.1742,0.0056
fautes,0.1742,0.0048
d'alexandrie,0.1742,0.0060
dise,0.1742,0.0053
d'athenes,0.1742,0.0064
its,0.1742,0.0067
indignement,0.1742,0.0068
mulets,0.1741,0.0057
suffisant,0.1741,0.0062
plai,0.1741,0.0064
bureaux,0.1741,0.0057
contents,0.1741,0.0060
olim,0.1741,0.0065
souverains,0.1741,0.0058
haye,0.1741,0.0074
item,0.1741,0.0069
ille,0.1741,0.0062
xlii,0.1741,0.0096
m'empêcher,0.1741,0.0052
moururent,0.1741,0.0061
pratiquer,0.1741,0.0055
s'emparer,0.1741,0.0057
une,0.1740,0.0032
attention,0.1740,0.0043
post,0.1740,0.0061
arbitraire,0.1740,0.0055
ranger,0.1739,0.0059
net,0.1739,0.0066
rions,0.1739,0.0061
aiu,0.1739,0.0064
l'o,0.1738,0.0065
sis,0.1738,0.0071
dle,0.1738,0.0055
reviens,0.1737,0.0056
hinc,0.1737,0.0072
vaste,0.1737,0.0045
apportée,0.1737,0.0055
dangereuse,0.1736,0.0055
vienne,0.1736,0.0050
l'oblige,0.1736,0.0067
lez,0.1736,0.0049
archives,0.1736,0.0062
salaire,0.1736,0.0065
naturellement,0.1735,0.0052
fan,0.1735,0.0069
différente,0.1735,0.0045
n'ignore,0.1735,0.0050
d'avertir,0.1735,0.0056
l'estimation,0.1734,0.0058
divisée,0.1734,0.0047
voisines,0.1734,0.0051
égal,0.1734,0.0049
découvert,0.1734,0.0051
amore,0.1734,0.0066
hardiment,0.1734,0.0064
défaut,0.1732,0.0050
satan,0.1732,0.0070
réjouir,0.1732,0.0062
suprême,0.1732,0.0054
relevé,0.1732,0.0069
marais,0.1732,0.0062
retrancher,0.1732,0.0054
aix,0.1732,0.0071
fortement,0.1732,0.0051
l'ouvrage,0.1731,0.0050
rie,0.1731,0.0077
raconte,0.1731,0.0057
caractères,0.1731,0.0061
vautre,0.1731,0.0057
danois,0.1731,0.0064
frappé,0.1731,0.0052
cin,0.1730,0.0065
tournez,0.1730,0.0058
rompt,0.1730,0.0061
d'abandonner,0.1729,0.0051
villages,0.1729,0.0049
sorte,0.1729,0.0048
formelle,0.1729,0.0053
l'avertir,0.1729,0.0070
exception,0.1729,0.0044
greffier,0.1728,0.0062
vérité,0.1728,0.0054
veaux,0.1728,0.0062
trre,0.1728,0.0059
fic,0.1728,0.0060
abîme,0.1728,0.0054
s'avisa,0.1728,0.0057
assurance,0.1728,0.0069
considérable,0.1727,0.0043
gomme,0.1727,0.0059
fortoit,0.1727,0.0060
engagé,0.1727,0.0047
observera,0.1727,0.0067
tuyaux,0.1727,0.0066
reçois,0.1727,0.0058
appuyée,0.1727,0.0056
particulière,0.1727,0.0049
capital,0.1726,0.0053
rives,0.1726,0.0056
puy,0.1726,0.0070
valere,0.1726,0.0072
moins,0.1726,0.0049
puni,0.1725,0.0050
bain,0.1725,0.0062
dépend,0.1725,0.0040
der,0.1725,0.0056
cachées,0.1724,0.0049
exécuté,0.1724,0.0049
donneroit,0.1724,0.0045
oit,0.1724,0.0048
employées,0.1724,0.0049
dispenser,0.1723,0.0046
vanter,0.1723,0.0057
sexe,0.1723,0.0048
d'agir,0.1723,0.0054
iei,0.1723,0.0053
julte,0.1723,0.0079
ouvrant,0.1723,0.0062
augmente,0.1723,0.0045
comprises,0.1723,0.0052
luxe,0.1723,0.0046
montpellier,0.1723,0.0067
mouche,0.1722,0.0082
entr'autres,0.1722,0.0059
imaginer,0.1722,0.0053
mat,0.1722,0.0071
mettoit,0.1722,0.0041
trouvât,0.1722,0.0046
usé,0.1722,0.0060
remplis,0.1722,0.0045
exacte,0.1722,0.0051
sûr,0.1722,0.0051
auparavant,0.1722,0.0042
rareté,0.1722,0.0062
ouverts,0.1721,0.0048
noyer,0.1721,0.0086
cessez,0.1721,0.0059
maligne,0.1720,0.0073
quil,0.1720,0.0057
pondre,0.1720,0.0077
divise,0.1720,0.0051
apologie,0.1720,0.0059
ious,0.1720,0.0065
u'on,0.1720,0.0070
conduisoit,0.1720,0.0064
arrête,0.1720,0.0058
temns,0.1719,0.0061
donnèrent,0.1719,0.0055
essentiellement,0.1719,0.0056
laurier,0.1719,0.0052
humaine,0.1719,0.0049
disposition,0.1719,0.0047
nour,0.1719,0.0070
nuire,0.1719,0.0059
tenter,0.1719,0.0058
ste,0.1719,0.0050
coté,0.1719,0.0057
pus,0.1718,0.0057
l'immortalité,0.1718,0.0062
oportet,0.1718,0.0068
devenir,0.1718,0.0048
d'ôter,0.1717,0.0058
d'adresse,0.1717,0.0052
courent,0.1717,0.0048
fain,0.1717,0.0063
tombant,0.1716,0.0063
intentions,0.1716,0.0045
scrupule,0.1716,0.0056
iter,0.1716,0.0055
laines,0.1716,0.0059
ingrat,0.1716,0.0062
pae,0.1716,0.0060
pretent,0.1716,0.0074
pieux,0.1715,0.0068
chère,0.1715,0.0055
xxvi,0.1715,0.0079
partager,0.1715,0.0047
découverte,0.1715,0.0049
mittere,0.1715,0.0080
s'abandonner,0.1715,0.0061
talon,0.1715,0.0079
ell,0.1715,0.0048
ors,0.1715,0.0068
trajet,0.1715,0.0062
rendez,0.1715,0.0042
visible,0.1715,0.0062
présage,0.1715,0.0055
civiles,0.1714,0.0055
sasse,0.1714,0.0048
act,0.1714,0.0055
chantoit,0.1714,0.0053
fournit,0.1714,0.0044
tribus,0.1714,0.0053
personnelle,0.1714,0.0060
maintenir,0.1714,0.0047
injure,0.1714,0.0058
tine,0.1714,0.0071
etoient,0.1714,0.0065
honteuse,0.1714,0.0058
équitables,0.1713,0.0063
introduite,0.1713,0.0056
cetre,0.1713,0.0066
réponds,0.1713,0.0058
montre,0.1713,0.0052
mettroit,0.1713,0.0052
facilité,0.1713,0.0045
communs,0.1713,0.0050
man,0.1713,0.0051
demandent,0.1713,0.0041
l'après,0.1712,0.0074
suppose,0.1712,0.0045
rupture,0.1712,0.0055
commissions,0.1712,0.0052
lèvres,0.1712,0.0065
poitiers,0.1712,0.0072
réguliers,0.1712,0.0052
confondre,0.1712,0.0047
l'age,0.1712,0.0063
fâcheuse,0.1711,0.0058
arrêtez,0.1711,0.0068
pout,0.1711,0.0069
regardoient,0.1711,0.0043
ett,0.1711,0.0061
dest,0.1711,0.0065
loué,0.1711,0.0062
ménager,0.1711,0.0055
élu,0.1710,0.0057
enfuit,0.1710,0.0079
batterie,0.1710,0.0069
menton,0.1710,0.0063
fis,0.1710,0.0047
mens,0.1709,0.0045
taxe,0.1709,0.0054
imprimée,0.1709,0.0061
découvrent,0.1709,0.0057
gueux,0.1709,0.0077
sauvages,0.1709,0.0054
couverture,0.1709,0.0059
tins,0.1708,0.0075
attachées,0.1708,0.0053
laissant,0.1708,0.0050
puiflance,0.1708,0.0066
sortoit,0.1708,0.0058
commentaires,0.1708,0.0052
recommande,0.1708,0.0062
lande,0.1707,0.0072
salut,0.1707,0.0055
tables,0.1707,0.0058
plaire,0.1707,0.0053
l'entretien,0.1707,0.0055
épouse,0.1707,0.0054
l'aime,0.1707,0.0061
hardis,0.1706,0.0054
notable,0.1706,0.0075
culture,0.1706,0.0046
retenant,0.1706,0.0087
croyons,0.1706,0.0045
d'achever,0.1706,0.0059
constance,0.1706,0.0070
sibi,0.1706,0.0070
guillaume,0.1705,0.0053
sil,0.1705,0.0061
s'étendent,0.1705,0.0054
commettre,0.1705,0.0056
regards,0.1705,0.0043
querelle,0.1705,0.0058
foule,0.1705,0.0040
violet,0.1705,0.0052
mec,0.1705,0.0069
cruellement,0.1705,0.0065
fonde,0.1705,0.0055
revêtu,0.1705,0.0052
amena,0.1705,0.0064
pleins,0.1705,0.0046
grave,0.1704,0.0061
gouvernée,0.1704,0.0057
magis,0.1704,0.0068
fâcher,0.1704,0.0072
contentement,0.1703,0.0059
prétendez,0.1703,0.0053
souffrent,0.1703,0.0051
climat,0.1703,0.0055
mérite,0.1703,0.0045
cite,0.1703,0.0039
d'examiner,0.1702,0.0052
refous,0.1702,0.0076
coumme,0.1702,0.0058
retraite,0.1702,0.0050
mystère,0.1702,0.0061
facit,0.1702,0.0063
conseillé,0.1702,0.0051
haleine,0.1701,0.0053
fran,0.1701,0.0065
contenter,0.1701,0.0053
ras,0.1701,0.0082
tiere,0.1701,0.0079
lig,0.1701,0.0075
fui,0.1701,0.0052
fire,0.1701,0.0058
ini,0.1700,0.0052
propose,0.1700,0.0046
fatigues,0.1700,0.0046
emparé,0.1700,0.0046
plaignit,0.1700,0.0059
j'avoue,0.1700,0.0066
barbare,0.1700,0.0050
celt,0.1699,0.0081
condamner,0.1699,0.0051
qur,0.1699,0.0064
réelle,0.1699,0.0049
travaille,0.1699,0.0051
nemours,0.1699,0.0089
enrichi,0.1699,0.0057
sassent,0.1698,0.0058
fâcheuses,0.1698,0.0053
accordée,0.1698,0.0051
variété,0.1698,0.0049
violens,0.1698,0.0053
l'échéance,0.1698,0.0050
couvertes,0.1698,0.0049
sient,0.1698,0.0061
ultra,0.1697,0.0051
d'eglise,0.1697,0.0051
irr,0.1697,0.0049
diamant,0.1697,0.0073
ies,0.1696,0.0048
ssi,0.1696,0.0054
strasbourg,0.1696,0.0077
concorde,0.1696,0.0064
fept,0.1696,0.0058
tie,0.1696,0.0047
rine,0.1696,0.0074
ombre,0.1696,0.0055
ratio,0.1696,0.0054
plier,0.1695,0.0062
gro,0.1695,0.0059
revenoit,0.1695,0.0069
convenance,0.1695,0.0061
introduire,0.1695,0.0057
attribuent,0.1695,0.0051
l'éviter,0.1695,0.0070
abondante,0.1695,0.0050
icc,0.1694,0.0047
l'aurois,0.1694,0.0053
composent,0.1694,0.0043
qu'ily,0.1694,0.0063
outrage,0.1694,0.0056
prêcher,0.1693,0.0055
génération,0.1693,0.0072
explications,0.1693,0.0051
secrète,0.1693,0.0058
leges,0.1693,0.0067
sacs,0.1692,0.0057
nid,0.1692,0.0056
galanterie,0.1692,0.0068
gentil,0.1692,0.0066
gagna,0.1692,0.0054
rendirent,0.1692,0.0046
virginie,0.1691,0.0063
sitôt,0.1691,0.0060
indiens,0.1691,0.0049
perche,0.1691,0.0059
manufactures,0.1691,0.0047
turres,0.1691,0.0063
eti,0.1691,0.0056
cec,0.1690,0.0056
précede,0.1690,0.0058
dauphin,0.1690,0.0075
law,0.1690,0.0054
fît,0.1690,0.0047
exemplaire,0.1690,0.0059
file,0.1688,0.0064
m'étonne,0.1688,0.0062
invisible,0.1688,0.0065
chantant,0.1688,0.0065
réflexions,0.1688,0.0041
auili,0.1688,0.0074
dons,0.1688,0.0049
dignes,0.1688,0.0040
répandre,0.1687,0.0048
vaincu,0.1687,0.0049
métiers,0.1687,0.0056
amé,0.1687,0.0052
courez,0.1687,0.0055
fecourir,0.1687,0.0074
proposer,0.1687,0.0052
perde,0.1687,0.0052
prenoient,0.1687,0.0043
l'extrémité,0.1687,0.0057
reprendre,0.1687,0.0048
dialogue,0.1686,0.0056
tierce,0.1686,0.0053
travaux,0.1686,0.0042
poursuivre,0.1686,0.0052
opposer,0.1686,0.0046
levez,0.1686,0.0069
envoyées,0.1686,0.0048
n'étois,0.1686,0.0057
ordinaires,0.1686,0.0046
publique,0.1686,0.0049
ture,0.1686,0.0061
cete,0.1686,0.0062
puissances,0.1686,0.0049
pafler,0.1686,0.0068
liir,0.1685,0.0062
fier,0.1685,0.0056
rentré,0.1685,0.0055
merveille,0.1685,0.0062
brandebourg,0.1685,0.0071
elf,0.1685,0.0058
vivante,0.1685,0.0069
lois,0.1684,0.0048
val,0.1684,0.0059
recommandé,0.1684,0.0048
enfin,0.1684,0.0038
aveu,0.1684,0.0049
exercent,0.1684,0.0050
éclaire,0.1683,0.0052
aisément,0.1683,0.0046
eur,0.1683,0.0067
ordonne,0.1683,0.0050
évidentes,0.1682,0.0054
puissante,0.1682,0.0050
convertir,0.1682,0.0065
auxdites,0.1682,0.0053
arrache,0.1682,0.0052
pique,0.1682,0.0053
priant,0.1682,0.0065
ilr,0.1682,0.0048
légat,0.1682,0.0073
l'autorité,0.1682,0.0049
rent,0.1682,0.0051
bourgogne,0.1682,0.0056
sentoit,0.1681,0.0051
citoyen,0.1681,0.0051
colombe,0.1681,0.0059
l'aura,0.1681,0.0052
prédit,0.1681,0.0049
soif,0.1681,0.0054
paroisses,0.1681,0.0048
renfermée,0.1681,0.0051
prosession,0.1680,0.0049
d'amis,0.1680,0.0051
vendit,0.1680,0.0057
ligion,0.1680,0.0073
matières,0.1680,0.0049
verront,0.1680,0.0050
fondation,0.1680,0.0055
els,0.1680,0.0054
deflein,0.1680,0.0065
mali,0.1679,0.0069
épargné,0.1679,0.0053
falut,0.1679,0.0059
l'anglois,0.1679,0.0059
fuit,0.1678,0.0038
refuser,0.1678,0.0057
tombée,0.1678,0.0048
leut,0.1678,0.0081
coupée,0.1678,0.0056
modifications,0.1678,0.0068
impie,0.1678,0.0064
jointe,0.1677,0.0053
remets,0.1677,0.0063
rons,0.1677,0.0059
hais,0.1676,0.0067
lion,0.1676,0.0049
ouf,0.1676,0.0070
lent,0.1676,0.0055
baltique,0.1676,0.0062
implacable,0.1676,0.0060
historique,0.1676,0.0069
patrimoine,0.1676,0.0067
fiscal,0.1676,0.0070
prop,0.1676,0.0060
donc,0.1676,0.0049
objet,0.1675,0.0043
suivoient,0.1675,0.0056
div,0.1675,0.0069
faveur,0.1674,0.0042
négociations,0.1674,0.0046
semences,0.1674,0.0058
cloches,0.1674,0.0064
etoit,0.1674,0.0061
colonies,0.1674,0.0052
philosophie,0.1674,0.0048
sorties,0.1674,0.0063
chassé,0.1674,0.0056
loge,0.1674,0.0069
singe,0.1674,0.0067
refaire,0.1674,0.0072
admirables,0.1674,0.0056
menacé,0.1674,0.0055
l'acceptation,0.1673,0.0068
établis,0.1673,0.0046
venus,0.1673,0.0043
robes,0.1673,0.0061
prodiges,0.1673,0.0062
azile,0.1673,0.0059
bassin,0.1673,0.0053
qu'enfin,0.1673,0.0059
guere,0.1672,0.0058
naturels,0.1672,0.0050
her,0.1672,0.0059
cat,0.1672,0.0063
découvre,0.1672,0.0045
blessure,0.1672,0.0061
situées,0.1672,0.0049
levé,0.1672,0.0049
familiers,0.1671,0.0057
opi,0.1671,0.0067
cadavre,0.1671,0.0062
endormi,0.1671,0.0057
diverfité,0.1671,0.0056
pratiquent,0.1671,0.0052
étourdi,0.1671,0.0064
questions,0.1671,0.0043
laissée,0.1671,0.0053
denis,0.1671,0.0060
revienne,0.1671,0.0061
bonnet,0.1670,0.0060
agité,0.1670,0.0051
violences,0.1670,0.0050
arabes,0.1670,0.0050
joignez,0.1670,0.0057
avare,0.1670,0.0060
laissai,0.1670,0.0060
noit,0.1670,0.0049
déclarons,0.1670,0.0062
passeroit,0.1670,0.0061
éré,0.1670,0.0058
outrée,0.1670,0.0056
reli,0.1669,0.0058
descend,0.1669,0.0056
diminuée,0.1669,0.0065
menez,0.1669,0.0061
aie,0.1669,0.0056
dir,0.1668,0.0058
confondu,0.1668,0.0063
proposé,0.1668,0.0044
transport,0.1668,0.0046
instruire,0.1668,0.0052
mademoiselle,0.1667,0.0055
glife,0.1667,0.0067
formidable,0.1667,0.0059
promptement,0.1667,0.0047
exprès,0.1667,0.0055
tendres,0.1667,0.0043
festins,0.1667,0.0054
gouvernement,0.1667,0.0044
ver,0.1666,0.0049
difficulté,0.1666,0.0048
trompe,0.1665,0.0062
laïques,0.1665,0.0062
centum,0.1665,0.0051
avantageuses,0.1665,0.0056
répondez,0.1665,0.0055
déclare,0.1665,0.0052
xxix,0.1665,0.0085
payables,0.1665,0.0057
nouvellement,0.1665,0.0062
d'eaux,0.1665,0.0055
concevoir,0.1664,0.0048
ceur,0.1664,0.0058
couroit,0.1664,0.0046
enflé,0.1664,0.0064
hôtes,0.1664,0.0057
course,0.1664,0.0057
tontes,0.1664,0.0072
tendresse,0.1664,0.0048
étais,0.1663,0.0068
gueres,0.1663,0.0047
permettoit,0.1663,0.0048
lite,0.1663,0.0054
fauves,0.1663,0.0064
sérieuse,0.1663,0.0061
bains,0.1663,0.0056
apparence,0.1662,0.0048
appuyé,0.1662,0.0051
ira,0.1662,0.0049
temporel,0.1662,0.0063
iin,0.1662,0.0048
subtil,0.1662,0.0067
tuyau,0.1661,0.0051
trs,0.1661,0.0065
sta,0.1661,0.0057
d'étre,0.1661,0.0062
condamnée,0.1661,0.0059
composer,0.1660,0.0051
passerent,0.1660,0.0059
adi,0.1660,0.0062
étoile,0.1660,0.0053
rapportée,0.1660,0.0056
drogues,0.1659,0.0059
couverts,0.1659,0.0045
traditions,0.1659,0.0051
suites,0.1659,0.0049
passons,0.1659,0.0069
choisis,0.1659,0.0050
placée,0.1659,0.0047
différents,0.1659,0.0050
devrait,0.1659,0.0052
magistrat,0.1659,0.0061
cabarets,0.1659,0.0058
ajouta,0.1658,0.0056
puissance,0.1658,0.0044
accepte,0.1658,0.0064
apportées,0.1658,0.0052
réponde,0.1658,0.0061
encore,0.1658,0.0042
menaces,0.1657,0.0053
desus,0.1657,0.0077
extra,0.1657,0.0055
comparable,0.1657,0.0056
ennemie,0.1656,0.0055
heureuse,0.1656,0.0048
oins,0.1656,0.0075
anis,0.1656,0.0063
cloître,0.1656,0.0071
jolis,0.1656,0.0054
barre,0.1656,0.0072
suéde,0.1656,0.0081
forains,0.1656,0.0067
gouverner,0.1656,0.0049
garnis,0.1656,0.0052
connoissancez,0.1655,0.0046
indigne,0.1655,0.0048
d'accepter,0.1655,0.0054
esprits,0.1655,0.0041
objection,0.1654,0.0063
chagrine,0.1654,0.0071
suivie,0.1654,0.0045
unité,0.1654,0.0067
réjouit,0.1654,0.0065
tourne,0.1654,0.0047
orient,0.1654,0.0076
retirent,0.1653,0.0050
délicieux,0.1653,0.0052
dattes,0.1653,0.0074
république,0.1653,0.0050
cherche,0.1653,0.0043
jurisprudence,0.1653,0.0055
roit,0.1653,0.0046
constant,0.1653,0.0066
alliances,0.1652,0.0048
rejoindre,0.1652,0.0053
pis,0.1652,0.0051
pareilles,0.1652,0.0048
pensez,0.1652,0.0046
comparer,0.1652,0.0055
pensoit,0.1652,0.0048
rares,0.1652,0.0044
vieilles,0.1652,0.0056
laissoient,0.1651,0.0046
nouvel,0.1651,0.0044
cll,0.1651,0.0055
accompagner,0.1651,0.0055
tui,0.1651,0.0057
lum,0.1651,0.0053
rentrer,0.1651,0.0048
masse,0.1651,0.0054
paroitre,0.1650,0.0055
l'infanterie,0.1650,0.0060
pologne,0.1650,0.0057
commettent,0.1650,0.0046
itre,0.1650,0.0053
excite,0.1649,0.0049
succedent,0.1649,0.0064
c'en,0.1649,0.0041
parvenir,0.1649,0.0048
commodité,0.1649,0.0053
application,0.1648,0.0051
tcr,0.1648,0.0052
priai,0.1648,0.0055
pipe,0.1648,0.0058
conformes,0.1647,0.0040
celi,0.1647,0.0066
avantageuse,0.1647,0.0054
racheter,0.1647,0.0051
ges,0.1647,0.0057
conspiration,0.1647,0.0059
pigeon,0.1647,0.0064
compagnies,0.1646,0.0052
adroit,0.1646,0.0060
laquais,0.1646,0.0052
xxvii,0.1646,0.0082
consulter,0.1646,0.0052
craindre,0.1645,0.0051
écritures,0.1645,0.0073
durée,0.1645,0.0044
tandis,0.1645,0.0038
triomphes,0.1645,0.0051
aini,0.1645,0.0069
perd,0.1645,0.0040
procédure,0.1645,0.0055
l'avoine,0.1645,0.0051
éclaircir,0.1645,0.0051
académie,0.1645,0.0048
foires,0.1645,0.0060
major,0.1644,0.0054
sommet,0.1644,0.0053
appas,0.1644,0.0048
ressort,0.1644,0.0052
laissoit,0.1644,0.0041
rit,0.1644,0.0052
ern,0.1644,0.0067
odieux,0.1644,0.0047
croyoient,0.1644,0.0041
l'acte,0.1644,0.0065
clefs,0.1644,0.0054
laon,0.1644,0.0064
sanglante,0.1644,0.0059
devient,0.1644,0.0041
bello,0.1643,0.0061
deux,0.1643,0.0032
faillir,0.1643,0.0078
coudre,0.1643,0.0053
peplus,0.1643,0.0080
toises,0.1643,0.0053
poudres,0.1643,0.0064
arnaud,0.1643,0.0064
reviendra,0.1643,0.0059
iti,0.1643,0.0044
exclus,0.1642,0.0053
lls,0.1642,0.0059
émotion,0.1642,0.0049
indignes,0.1642,0.0049
remporté,0.1642,0.0052
intention,0.1642,0.0049
iie,0.1642,0.0055
devriez,0.1642,0.0048
troisieme,0.1642,0.0061
secret,0.1641,0.0051
villa,0.1641,0.0061
l'ile,0.1641,0.0057
choquer,0.1641,0.0059
jusque,0.1641,0.0048
l'éclat,0.1641,0.0046
karats,0.1641,0.0072
l'enfant,0.1641,0.0054
dani,0.1641,0.0072
tare,0.1641,0.0057
ita,0.1640,0.0057
poussiere,0.1640,0.0066
publics,0.1640,0.0050
legrand,0.1640,0.0081
croyais,0.1640,0.0069
neur,0.1640,0.0051
lii,0.1639,0.0056
sentimens,0.1639,0.0043
festin,0.1639,0.0057
c'étoient,0.1639,0.0057
lee,0.1639,0.0062
beauvais,0.1639,0.0069
règne,0.1639,0.0043
tirons,0.1639,0.0053
croissent,0.1639,0.0050
artillerie,0.1638,0.0064
naît,0.1638,0.0048
craint,0.1638,0.0050
assise,0.1638,0.0055
nier,0.1638,0.0049
paroisse,0.1637,0.0054
prétendue,0.1637,0.0062
extrémité,0.1637,0.0049
triture,0.1637,0.0061
qu'a,0.1637,0.0047
entreprise,0.1637,0.0044
souffert,0.1637,0.0043
crainte,0.1636,0.0047
cou,0.1636,0.0056
semble,0.1636,0.0041
richesses,0.1636,0.0045
parfaitement,0.1636,0.0045
dez,0.1636,0.0052
barbares,0.1636,0.0048
créature,0.1635,0.0057
repete,0.1635,0.0080
fournie,0.1635,0.0050
d'acheter,0.1635,0.0056
fâcheux,0.1635,0.0052
ponr,0.1635,0.0077
opinions,0.1635,0.0046
vagues,0.1635,0.0051
haï,0.1635,0.0073
l'ste,0.1635,0.0067
socrate,0.1634,0.0089
traduits,0.1633,0.0043
coquette,0.1633,0.0066
utile,0.1633,0.0045
refusez,0.1633,0.0054
fiege,0.1633,0.0074
pls,0.1633,0.0058
touche,0.1633,0.0051
charmer,0.1633,0.0058
comprit,0.1633,0.0064
célébre,0.1633,0.0076
majorité,0.1633,0.0073
gion,0.1633,0.0059
rompre,0.1633,0.0050
domini,0.1632,0.0062
augmentée,0.1632,0.0054
l'aile,0.1632,0.0070
patrie,0.1632,0.0043
d'assez,0.1632,0.0057
qu'entre,0.1632,0.0055
terminer,0.1632,0.0051
vases,0.1632,0.0060
sacré,0.1632,0.0050
reprises,0.1631,0.0050
confirmée,0.1631,0.0050
cherchoit,0.1631,0.0046
prescrit,0.1631,0.0051
estime,0.1631,0.0048
cercueil,0.1631,0.0059
accepté,0.1631,0.0060
vid,0.1630,0.0076
sachant,0.1630,0.0064
beuf,0.1630,0.0061
deflus,0.1630,0.0078
apercevoir,0.1630,0.0064
contente,0.1629,0.0049
cercles,0.1629,0.0055
dispute,0.1629,0.0053
pourri,0.1629,0.0064
d'orléans,0.1628,0.0060
prendront,0.1628,0.0044
eni,0.1628,0.0066
vez,0.1628,0.0044
l'etre,0.1628,0.0059
apprend,0.1628,0.0039
march,0.1628,0.0062
symbole,0.1628,0.0048
veiller,0.1627,0.0045
sal,0.1627,0.0054
pilier,0.1627,0.0049
aisée,0.1627,0.0048
augmentation,0.1627,0.0054
nonce,0.1627,0.0064
prophète,0.1627,0.0067
dépenses,0.1627,0.0046
oser,0.1627,0.0053
ligue,0.1625,0.0063
spectacle,0.1625,0.0041
reçoive,0.1625,0.0054
ero,0.1625,0.0048
mêlant,0.1625,0.0059
rose,0.1625,0.0054
ouverture,0.1625,0.0053
lazare,0.1625,0.0081
abandonna,0.1625,0.0064
duré,0.1624,0.0047
nuées,0.1624,0.0064
montagne,0.1624,0.0041
l'ardeur,0.1624,0.0045
cuve,0.1624,0.0056
obligées,0.1624,0.0040
tyran,0.1624,0.0050
interrompre,0.1624,0.0057
t'es,0.1624,0.0064
vita,0.1624,0.0055
juste,0.1623,0.0049
solitude,0.1623,0.0055
enlever,0.1623,0.0049
maî,0.1623,0.0054
marine,0.1623,0.0048
découvertes,0.1623,0.0045
eas,0.1623,0.0065
prompt,0.1623,0.0052
nage,0.1622,0.0067
renvoyer,0.1622,0.0056
observation,0.1622,0.0049
purs,0.1622,0.0054
neveux,0.1622,0.0048
rate,0.1622,0.0060
sucs,0.1622,0.0048
vill,0.1622,0.0055
approchez,0.1622,0.0065
lingots,0.1622,0.0064
longtems,0.1621,0.0046
probité,0.1621,0.0049
froides,0.1621,0.0050
l'occident,0.1621,0.0061
importune,0.1621,0.0069
pour,0.1621,0.0034
hol,0.1621,0.0079
restera,0.1621,0.0046
sagesse,0.1621,0.0045
mouvoir,0.1620,0.0053
dif,0.1620,0.0056
salomon,0.1620,0.0070
démonstrations,0.1620,0.0052
george,0.1620,0.0060
vous,0.1620,0.0038
plaines,0.1619,0.0048
terribles,0.1619,0.0046
din,0.1619,0.0065
quelqu'une,0.1619,0.0052
civilement,0.1619,0.0089
l'état,0.1619,0.0043
oye,0.1619,0.0053
etr,0.1619,0.0057
butin,0.1619,0.0052
goûter,0.1618,0.0052
flambeau,0.1618,0.0044
antres,0.1618,0.0061
bronze,0.1618,0.0058
gene,0.1618,0.0072
s'attacher,0.1618,0.0060
puits,0.1618,0.0058
paste,0.1617,0.0067
l'idée,0.1617,0.0045
copier,0.1617,0.0059
portant,0.1617,0.0054
enfuite,0.1616,0.0090
changez,0.1616,0.0066
cuir,0.1616,0.0053
partirent,0.1616,0.0058
plus,0.1616,0.0041
utilité,0.1616,0.0046
leçon,0.1616,0.0069
pitié,0.1616,0.0047
l'impatience,0.1615,0.0058
canons,0.1615,0.0052
retire,0.1615,0.0047
produits,0.1615,0.0052
agitation,0.1615,0.0044
sacrifices,0.1615,0.0054
diversité,0.1614,0.0047
briller,0.1614,0.0046
gle,0.1614,0.0061
galeres,0.1614,0.0059
lau,0.1614,0.0058
troubler,0.1614,0.0051
deviner,0.1613,0.0051
songer,0.1613,0.0051
chiffres,0.1613,0.0055
grâces,0.1612,0.0043
reconnu,0.1612,0.0043
compagnons,0.1612,0.0044
modeste,0.1612,0.0056
l'escadre,0.1612,0.0057
n'ose,0.1612,0.0044
i'on,0.1612,0.0058
corrompu,0.1611,0.0051
donn,0.1611,0.0050
hon,0.1611,0.0056
expressions,0.1611,0.0041
attraits,0.1611,0.0049
guérit,0.1610,0.0057
héros,0.1610,0.0041
emporté,0.1610,0.0048
muses,0.1610,0.0056
partis,0.1609,0.0043
idées,0.1609,0.0041
fievre,0.1609,0.0052
hasard,0.1609,0.0055
publié,0.1609,0.0047
impériaux,0.1608,0.0067
combats,0.1608,0.0044
judiciaire,0.1608,0.0063
choqué,0.1608,0.0060
fart,0.1607,0.0069
tommes,0.1607,0.0055
disposées,0.1607,0.0053
allumer,0.1607,0.0054
principalement,0.1607,0.0047
dixit,0.1606,0.0054
immortels,0.1606,0.0071
hec,0.1606,0.0051
extraordinaires,0.1606,0.0045
oii,0.1606,0.0054
pices,0.1606,0.0060
ensorte,0.1606,0.0050
valu,0.1605,0.0050
deçà,0.1605,0.0062
toujours,0.1605,0.0042
uit,0.1605,0.0045
historien,0.1605,0.0048
fuerit,0.1605,0.0060
peindre,0.1605,0.0043
fers,0.1605,0.0046
attribue,0.1605,0.0050
pure,0.1605,0.0046
procéder,0.1605,0.0050
demandai,0.1605,0.0055
frappe,0.1605,0.0050
important,0.1604,0.0042
passant,0.1604,0.0052
canards,0.1604,0.0057
promesses,0.1604,0.0052
aulfi,0.1604,0.0070
doutez,0.1604,0.0044
tim,0.1604,0.0051
tenues,0.1603,0.0054
verd,0.1603,0.0055
chandelle,0.1603,0.0057
protection,0.1603,0.0041
boit,0.1603,0.0046
auraient,0.1602,0.0049
rer,0.1602,0.0056
maigres,0.1602,0.0059
qu'après,0.1602,0.0035
roma,0.1602,0.0053
puissantes,0.1602,0.0051
rondes,0.1602,0.0054
goûte,0.1602,0.0051
commc,0.1601,0.0071
promet,0.1601,0.0047
envoyent,0.1601,0.0050
arrêta,0.1601,0.0072
iet,0.1601,0.0051
égales,0.1601,0.0042
ministre,0.1601,0.0046
exprime,0.1601,0.0040
appareil,0.1601,0.0051
baguette,0.1600,0.0063
forum,0.1600,0.0060
interruption,0.1600,0.0045
datée,0.1600,0.0049
chasser,0.1600,0.0053
logemens,0.1600,0.0065
acteurs,0.1600,0.0048
contribuer,0.1600,0.0045
utiles,0.1600,0.0042
jurer,0.1600,0.0054
épaisses,0.1600,0.0053
temoins,0.1600,0.0083
adjudication,0.1600,0.0056
imité,0.1599,0.0061
million,0.1599,0.0049
pattes,0.1599,0.0050
incessamment,0.1599,0.0062
quamvis,0.1599,0.0056
quafi,0.1599,0.0069
sujettes,0.1598,0.0047
attaqué,0.1598,0.0049
grenoble,0.1598,0.0060
pirates,0.1598,0.0059
anne,0.1598,0.0052
jets,0.1598,0.0047
regagner,0.1598,0.0066
lille,0.1598,0.0074
vafe,0.1597,0.0058
mie,0.1597,0.0063
jul,0.1597,0.0045
lie,0.1597,0.0045
exceptions,0.1597,0.0044
prouve,0.1597,0.0041
lti,0.1597,0.0044
remplir,0.1597,0.0044
votre,0.1597,0.0035
inviolable,0.1596,0.0049
subitement,0.1596,0.0060
papiers,0.1596,0.0047
marquent,0.1596,0.0052
tif,0.1596,0.0056
consacré,0.1596,0.0051
stipulé,0.1595,0.0049
pilotes,0.1595,0.0069
compétence,0.1595,0.0072
bétail,0.1595,0.0059
ancêtres,0.1595,0.0041
transportée,0.1595,0.0057
quin,0.1595,0.0061
n'osait,0.1595,0.0051
d'honneurs,0.1594,0.0056
traitans,0.1594,0.0058
d'a,0.1594,0.0054
tentative,0.1594,0.0061
sentiment,0.1594,0.0048
rendra,0.1594,0.0042
qul,0.1594,0.0058
peti,0.1594,0.0049
imprimé,0.1594,0.0050
n'aient,0.1593,0.0045
adrien,0.1593,0.0070
consiste,0.1593,0.0039
boeufs,0.1593,0.0051
pourvoir,0.1593,0.0050
nuages,0.1592,0.0047
ipso,0.1592,0.0057
m'oblige,0.1592,0.0054
l'église,0.1592,0.0057
produites,0.1592,0.0050
verte,0.1592,0.0055
contribuent,0.1591,0.0046
j'entends,0.1591,0.0053
imaginez,0.1591,0.0051
possedent,0.1591,0.0048
autel,0.1591,0.0054
entr'elles,0.1591,0.0048
ians,0.1591,0.0058
ecuyer,0.1591,0.0056
meurt,0.1591,0.0052
l'abbaye,0.1591,0.0063
précieuses,0.1591,0.0059
prière,0.1590,0.0059
fini,0.1590,0.0046
ecrire,0.1590,0.0058
boivent,0.1590,0.0048
fom,0.1589,0.0053
gresse,0.1589,0.0047
cendres,0.1589,0.0050
démons,0.1589,0.0061
pluralité,0.1589,0.0047
nos,0.1588,0.0032
n'importe,0.1588,0.0063
éclatant,0.1588,0.0057
observé,0.1588,0.0047
répondirent,0.1588,0.0042
respect,0.1588,0.0045
demandoient,0.1588,0.0050
explication,0.1587,0.0055
bruges,0.1587,0.0070
tiennent,0.1587,0.0036
pertes,0.1587,0.0039
murmure,0.1587,0.0049
manque,0.1587,0.0042
naturelle,0.1587,0.0045
moyens,0.1587,0.0039
murmurer,0.1587,0.0056
vres,0.1587,0.0059
santé,0.1587,0.0044
tien,0.1586,0.0059
d'environ,0.1586,0.0051
prières,0.1586,0.0045
étroite,0.1586,0.0047
quint,0.1586,0.0062
rouler,0.1586,0.0057
entr,0.1586,0.0048
queles,0.1586,0.0061
nouveaux,0.1585,0.0037
tordre,0.1585,0.0067
retirerent,0.1585,0.0058
menues,0.1585,0.0078
ecole,0.1585,0.0051
objets,0.1584,0.0038
feriez,0.1584,0.0042
chemins,0.1584,0.0050
immoler,0.1584,0.0060
possibles,0.1584,0.0042
tarif,0.1584,0.0058
illes,0.1584,0.0056
retournant,0.1584,0.0058
consistent,0.1584,0.0054
sire,0.1584,0.0047
mufes,0.1583,0.0057
soufle,0.1583,0.0083
détermina,0.1583,0.0051
accepter,0.1583,0.0052
féconde,0.1583,0.0052
vivoient,0.1583,0.0043
d'une,0.1583,0.0030
qte,0.1583,0.0055
illi,0.1582,0.0055
joseph,0.1582,0.0069
honoré,0.1582,0.0059
défait,0.1582,0.0051
raisonnement,0.1582,0.0056
manquoient,0.1582,0.0051
clercs,0.1582,0.0058
avertis,0.1582,0.0047
armer,0.1582,0.0053
communique,0.1582,0.0048
autorité,0.1582,0.0042
pâle,0.1582,0.0051
poussé,0.1581,0.0041
péché,0.1581,0.0055
trompé,0.1581,0.0048
traduire,0.1581,0.0052
ofi,0.1581,0.0050
lei,0.1581,0.0059
rendait,0.1581,0.0053
portique,0.1581,0.0056
raisons,0.1581,0.0039
enflammé,0.1581,0.0059
charmes,0.1581,0.0043
l'image,0.1580,0.0056
impression,0.1580,0.0039
profits,0.1580,0.0050
bestiaux,0.1580,0.0056
consternation,0.1580,0.0051
témoin,0.1580,0.0051
dat,0.1580,0.0053
importance,0.1580,0.0045
fermé,0.1579,0.0047
res,0.1579,0.0049
xvi,0.1579,0.0073
roule,0.1579,0.0049
foible,0.1579,0.0047
dife,0.1579,0.0049
n'cn,0.1579,0.0052
l'ancienne,0.1579,0.0049
perfon,0.1579,0.0050
nouveau,0.1579,0.0037
bruxelles,0.1579,0.0078
nettement,0.1579,0.0057
connaissez,0.1579,0.0052
champagne,0.1579,0.0060
voudriez,0.1579,0.0046
relâche,0.1579,0.0053
vitres,0.1578,0.0070
malignes,0.1578,0.0065
sep,0.1578,0.0075
finon,0.1578,0.0059
voisine,0.1578,0.0056
respirer,0.1578,0.0051
cousine,0.1578,0.0074
croient,0.1577,0.0041
récit,0.1577,0.0046
tion,0.1577,0.0046
xxxv,0.1577,0.0069
d'artifice,0.1577,0.0055
trouveroient,0.1577,0.0048
statut,0.1577,0.0059
qu'autrement,0.1577,0.0065
pline,0.1576,0.0055
gaule,0.1576,0.0062
ront,0.1576,0.0045
troublé,0.1576,0.0049
s'accorder,0.1576,0.0053
fonction,0.1576,0.0051
releva,0.1576,0.0067
admiré,0.1576,0.0057
suivons,0.1576,0.0051
dere,0.1576,0.0057
représenté,0.1575,0.0047
n'entre,0.1575,0.0041
portoient,0.1575,0.0042
immobile,0.1575,0.0052
cordes,0.1575,0.0048
sicile,0.1575,0.0054
changea,0.1575,0.0047
cuivre,0.1574,0.0047
lel,0.1574,0.0060
mamellé,0.1574,0.0073
nomma,0.1574,0.0051
agrément,0.1574,0.0051
fauver,0.1574,0.0051
diminue,0.1574,0.0043
tenue,0.1574,0.0048
certa,0.1574,0.0057
plume,0.1574,0.0050
coins,0.1573,0.0049
trilles,0.1573,0.0060
perches,0.1573,0.0055
life,0.1573,0.0056
inte,0.1573,0.0051
ruisseaux,0.1573,0.0046
jules,0.1572,0.0069
lacs,0.1572,0.0055
évidente,0.1572,0.0058
battant,0.1572,0.0060
estimée,0.1572,0.0064
rencontrer,0.1572,0.0046
faires,0.1572,0.0055
dee,0.1572,0.0062
basse,0.1572,0.0052
syrie,0.1571,0.0048
obscur,0.1571,0.0045
reconnoissance,0.1571,0.0046
approchant,0.1571,0.0075
aujour,0.1571,0.0070
voyez,0.1571,0.0042
metz,0.1571,0.0080
justifié,0.1570,0.0059
droiture,0.1570,0.0051
production,0.1570,0.0052
escalier,0.1570,0.0049
pui,0.1570,0.0057
étroit,0.1570,0.0050
ions,0.1570,0.0047
signifient,0.1570,0.0043
hommage,0.1570,0.0037
donnoient,0.1570,0.0041
mêlée,0.1569,0.0049
l'y,0.1569,0.0044
lot,0.1569,0.0054
mineure,0.1569,0.0058
couches,0.1569,0.0047
estimer,0.1569,0.0059
céleste,0.1569,0.0058
vero,0.1569,0.0060
douceur,0.1569,0.0045
lorsqu'il,0.1569,0.0035
coûta,0.1569,0.0041
retournent,0.1569,0.0047
supplier,0.1568,0.0055
représenter,0.1568,0.0046
sembloit,0.1568,0.0043
douté,0.1568,0.0058
effort,0.1568,0.0043
pères,0.1568,0.0049
disputer,0.1568,0.0052
rançon,0.1568,0.0056
fiez,0.1568,0.0061
edouard,0.1567,0.0067
tâcher,0.1567,0.0045
aire,0.1567,0.0063
transporté,0.1567,0.0050
flamme,0.1567,0.0045
niveau,0.1567,0.0052
intervenu,0.1567,0.0049
volumus,0.1566,0.0064
elle,0.1566,0.0035
rentra,0.1566,0.0053
qu'elles,0.1566,0.0032
l'ef,0.1566,0.0049
démontré,0.1566,0.0063
accompagnées,0.1566,0.0049
gand,0.1565,0.0068
historiens,0.1565,0.0046
noeuds,0.1565,0.0045
mettrai,0.1565,0.0047
crédit,0.1565,0.0044
montauban,0.1565,0.0070
rex,0.1565,0.0056
rétabli,0.1565,0.0051
pareillement,0.1564,0.0059
l'attaquer,0.1564,0.0064
ailes,0.1564,0.0047
démon,0.1564,0.0061
prêter,0.1564,0.0049
communes,0.1564,0.0049
acquise,0.1564,0.0054
turenne,0.1564,0.0068
purger,0.1564,0.0059
conquis,0.1564,0.0050
l'hom,0.1564,0.0067
juif,0.1563,0.0055
caule,0.1563,0.0067
auquel,0.1563,0.0035
conscience,0.1563,0.0049
établissement,0.1563,0.0047
voleur,0.1562,0.0052
london,0.1562,0.0043
audacieux,0.1561,0.0057
sir,0.1561,0.0060
tra,0.1561,0.0061
galante,0.1561,0.0065
quon,0.1561,0.0053
iel,0.1561,0.0047
soupir,0.1561,0.0051
directeur,0.1561,0.0066
boi,0.1561,0.0055
sertiles,0.1561,0.0046
demoiselles,0.1560,0.0052
principaux,0.1560,0.0043
bouteilles,0.1560,0.0058
bonheur,0.1560,0.0047
apprenons,0.1560,0.0046
chansons,0.1560,0.0050
familles,0.1560,0.0039
consentir,0.1559,0.0053
qu'avec,0.1559,0.0042
ble,0.1559,0.0046
l'aumône,0.1559,0.0053
l'arrivée,0.1559,0.0048
défaite,0.1559,0.0051
noblesse,0.1558,0.0049
grégoire,0.1558,0.0067
bie,0.1558,0.0063
barques,0.1558,0.0051
enchanté,0.1558,0.0058
satisfait,0.1558,0.0050
tempêtes,0.1558,0.0046
langues,0.1557,0.0043
délicats,0.1557,0.0048
informée,0.1557,0.0063
s'assembler,0.1557,0.0062
occidentales,0.1557,0.0046
précipitation,0.1557,0.0049
unir,0.1557,0.0049
jolie,0.1557,0.0048
marquise,0.1556,0.0070
fidem,0.1556,0.0057
roux,0.1556,0.0061
inconnu,0.1556,0.0051
croître,0.1556,0.0050
coffres,0.1556,0.0050
forêts,0.1556,0.0048
mene,0.1556,0.0065
ajouté,0.1556,0.0046
prêts,0.1556,0.0040
roses,0.1556,0.0045
extrêmement,0.1556,0.0041
conforme,0.1555,0.0041
rendent,0.1555,0.0034
éteinte,0.1555,0.0052
exercices,0.1555,0.0042
cherchoient,0.1555,0.0048
aimer,0.1555,0.0049
languir,0.1555,0.0059
miséricorde,0.1554,0.0051
fair,0.1554,0.0049
honteux,0.1554,0.0052
bagatelles,0.1554,0.0048
voler,0.1554,0.0054
effrayé,0.1554,0.0058
commencèrent,0.1554,0.0052
fard,0.1554,0.0054
aurais,0.1554,0.0062
diminution,0.1554,0.0049
abandonnez,0.1554,0.0060
locus,0.1553,0.0053
troubles,0.1553,0.0046
joint,0.1553,0.0048
distinctement,0.1553,0.0061
teints,0.1553,0.0059
oraison,0.1552,0.0069
troupeaux,0.1552,0.0045
visites,0.1552,0.0051
sait,0.1552,0.0047
naissent,0.1552,0.0041
bandes,0.1552,0.0057
tragédie,0.1552,0.0047
d'unc,0.1552,0.0058
faison,0.1552,0.0049
l'orage,0.1552,0.0048
écrivant,0.1551,0.0062
cochons,0.1551,0.0057
aimée,0.1551,0.0056
percer,0.1551,0.0051
figné,0.1550,0.0046
nomen,0.1550,0.0058
occupations,0.1550,0.0041
droites,0.1550,0.0056
s'étend,0.1550,0.0041
cession,0.1550,0.0053
déclarer,0.1550,0.0047
vertes,0.1550,0.0057
ous,0.1550,0.0042
préface,0.1550,0.0059
premières,0.1550,0.0043
environnée,0.1550,0.0046
xxviii,0.1549,0.0073
délai,0.1549,0.0047
sculpture,0.1549,0.0056
s'élevent,0.1549,0.0052
écouter,0.1549,0.0054
vel,0.1549,0.0058
d'alliance,0.1549,0.0056
fondées,0.1549,0.0041
expressément,0.1548,0.0049
finit,0.1548,0.0043
tout,0.1548,0.0040
courre,0.1548,0.0072
connaître,0.1548,0.0049
lieurs,0.1548,0.0056
l'échange,0.1548,0.0061
recevra,0.1547,0.0050
prêtes,0.1547,0.0045
expriment,0.1547,0.0047
gentils,0.1547,0.0054
scroit,0.1547,0.0063
foixante,0.1547,0.0062
rapporte,0.1547,0.0042
from,0.1547,0.0050
litres,0.1547,0.0061
maîtreffe,0.1547,0.0068
faisaient,0.1547,0.0048
fermentation,0.1546,0.0048
lut,0.1546,0.0049
distinctions,0.1546,0.0049
serviroit,0.1546,0.0041
sos,0.1546,0.0059
amasser,0.1546,0.0053
pêche,0.1546,0.0052
principes,0.1546,0.0043
punir,0.1545,0.0042
figues,0.1545,0.0054
greffiers,0.1545,0.0049
fignification,0.1545,0.0049
débauches,0.1545,0.0050
pardon,0.1545,0.0042
aimable,0.1545,0.0042
scl,0.1545,0.0059
ides,0.1545,0.0066
envieux,0.1545,0.0059
legibus,0.1545,0.0048
athenes,0.1545,0.0056
savent,0.1544,0.0042
valoient,0.1544,0.0038
particulieres,0.1544,0.0044
consul,0.1544,0.0066
noires,0.1543,0.0050
vallée,0.1543,0.0062
tambours,0.1543,0.0055
obligeant,0.1542,0.0057
conjectures,0.1542,0.0042
défaire,0.1542,0.0045
préalable,0.1542,0.0051
menoit,0.1542,0.0055
tendre,0.1542,0.0042
pardonnez,0.1542,0.0050
effet,0.1542,0.0040
cire,0.1542,0.0051
aulli,0.1542,0.0058
parurent,0.1542,0.0048
reçoit,0.1541,0.0039
point,0.1541,0.0042
façon,0.1541,0.0040
parents,0.1541,0.0046
zoo,0.1541,0.0049
crt,0.1541,0.0047
haine,0.1541,0.0044
serpent,0.1541,0.0053
survient,0.1541,0.0044
transporte,0.1541,0.0050
simplement,0.1540,0.0053
dud,0.1540,0.0053
décembre,0.1540,0.0051
d'agrément,0.1540,0.0051
conjure,0.1540,0.0044
subalternes,0.1540,0.0053
pendu,0.1540,0.0048
témoignages,0.1540,0.0038
palatin,0.1540,0.0067
forcer,0.1540,0.0048
bateaux,0.1539,0.0055
malheurs,0.1539,0.0037
froide,0.1539,0.0047
conduite,0.1539,0.0041
poursuit,0.1539,0.0052
sul,0.1539,0.0059
payent,0.1539,0.0043
late,0.1538,0.0047
commise,0.1538,0.0066
civil,0.1538,0.0055
connoissancent,0.1538,0.0038
innocente,0.1538,0.0055
nourrit,0.1538,0.0046
sunt,0.1538,0.0069
confirma,0.1537,0.0054
août,0.1537,0.0062
l'étoit,0.1537,0.0045
treize,0.1537,0.0052
rameaux,0.1537,0.0051
chauds,0.1537,0.0049
trancher,0.1537,0.0056
exprimées,0.1536,0.0046
corne,0.1536,0.0057
dont,0.1536,0.0031
turin,0.1536,0.0075
chats,0.1536,0.0063
songez,0.1536,0.0053
voleurs,0.1536,0.0040
cherchent,0.1536,0.0037
permettez,0.1535,0.0045
abondamment,0.1535,0.0050
l'auroit,0.1535,0.0041
receveurs,0.1535,0.0043
moeurs,0.1535,0.0039
joué,0.1535,0.0051
desseins,0.1535,0.0042
châteaux,0.1535,0.0049
venin,0.1535,0.0052
conservez,0.1535,0.0056
sieges,0.1535,0.0069
appeler,0.1535,0.0052
xxx,0.1534,0.0067
nommoit,0.1534,0.0049
odeur,0.1534,0.0039
département,0.1534,0.0057
bourgs,0.1534,0.0050
apporte,0.1534,0.0044
dote,0.1534,0.0071
seins,0.1534,0.0057
création,0.1533,0.0053
piece,0.1533,0.0044
toucher,0.1533,0.0049
couver,0.1533,0.0069
exact,0.1533,0.0047
rester,0.1533,0.0050
guéri,0.1533,0.0059
couronner,0.1533,0.0055
reçue,0.1533,0.0048
incommode,0.1533,0.0055
instant,0.1533,0.0044
oient,0.1533,0.0051
dirent,0.1532,0.0038
parfaire,0.1532,0.0075
l'oreille,0.1532,0.0052
n'eit,0.1532,0.0045
scipion,0.1532,0.0059
avertissement,0.1532,0.0052
vol,0.1532,0.0048
fidellement,0.1532,0.0065
erc,0.1531,0.0050
sot,0.1531,0.0065
reins,0.1531,0.0064
cérémonies,0.1530,0.0043
blaise,0.1530,0.0081
emploi,0.1530,0.0043
lier,0.1530,0.0050
nécessaire,0.1530,0.0044
chants,0.1530,0.0042
ventes,0.1530,0.0060
bre,0.1530,0.0043
baron,0.1530,0.0054
observées,0.1529,0.0049
poignard,0.1529,0.0046
bientôt,0.1529,0.0036
unanime,0.1529,0.0049
conclusion,0.1529,0.0056
meilleurs,0.1529,0.0042
continuant,0.1528,0.0055
fée,0.1528,0.0058
étiez,0.1528,0.0039
qu'i,0.1528,0.0052
quoi,0.1528,0.0040
l'abondance,0.1528,0.0049
dici,0.1528,0.0049
certe,0.1528,0.0055
renfort,0.1528,0.0065
fermez,0.1527,0.0056
lesquels,0.1527,0.0032
question,0.1527,0.0041
morale,0.1527,0.0045
traite,0.1527,0.0042
baye,0.1527,0.0054
mages,0.1527,0.0049
demandant,0.1527,0.0047
découvrir,0.1527,0.0045
reprenant,0.1527,0.0057
age,0.1527,0.0050
tuer,0.1527,0.0043
règle,0.1526,0.0055
cachet,0.1526,0.0055
prendrai,0.1526,0.0048
taillées,0.1526,0.0044
gaules,0.1526,0.0046
souverainement,0.1526,0.0060
apollon,0.1526,0.0060
troi,0.1526,0.0072
tranquile,0.1525,0.0060
dût,0.1525,0.0042
plaute,0.1525,0.0076
cor,0.1525,0.0058
economic,0.1525,0.0042
semaine,0.1525,0.0043
souvient,0.1525,0.0050
mont,0.1525,0.0052
conversations,0.1525,0.0051
rendue,0.1524,0.0042
meut,0.1524,0.0052
servira,0.1524,0.0045
concernent,0.1524,0.0046
dela,0.1524,0.0049
five,0.1524,0.0052
musique,0.1523,0.0047
directeurs,0.1523,0.0057
éloigné,0.1523,0.0042
poser,0.1523,0.0050
anciennes,0.1523,0.0043
xxv,0.1523,0.0074
louange,0.1523,0.0059
tète,0.1523,0.0078
criminelles,0.1523,0.0052
manne,0.1523,0.0060
attente,0.1522,0.0047
hôpital,0.1522,0.0047
ôte,0.1522,0.0043
dépit,0.1522,0.0048
changement,0.1522,0.0041
soudain,0.1522,0.0059
cclui,0.1522,0.0060
sua,0.1521,0.0058
successeur,0.1521,0.0042
âme,0.1521,0.0042
qu'avez,0.1521,0.0044
recevez,0.1521,0.0048
entrées,0.1521,0.0059
commercy,0.1520,0.0079
tia,0.1520,0.0040
s'opposer,0.1520,0.0047
minuit,0.1520,0.0051
époux,0.1520,0.0041
mélange,0.1520,0.0042
baril,0.1519,0.0046
librairie,0.1519,0.0049
genere,0.1519,0.0059
couteau,0.1519,0.0051
remis,0.1518,0.0042
privé,0.1518,0.0047
autant,0.1518,0.0036
toiles,0.1518,0.0049
l'etat,0.1518,0.0043
commençons,0.1518,0.0056
retirez,0.1517,0.0050
appartenans,0.1517,0.0052
résolution,0.1517,0.0042
delà,0.1517,0.0043
s'appellent,0.1517,0.0051
commencerent,0.1516,0.0055
côtés,0.1516,0.0037
cavaliers,0.1516,0.0048
arriverent,0.1516,0.0052
fur,0.1516,0.0065
relief,0.1516,0.0046
devoirs,0.1516,0.0042
laye,0.1516,0.0055
d'attention,0.1516,0.0042
m'étoit,0.1516,0.0043
l'espace,0.1516,0.0040
pêcher,0.1515,0.0057
lumière,0.1515,0.0048
l'étendue,0.1515,0.0040
car,0.1515,0.0045
patrons,0.1515,0.0061
violette,0.1515,0.0059
embarrassé,0.1515,0.0061
prétentions,0.1515,0.0046
victoires,0.1515,0.0044
impossible,0.1515,0.0043
etranger,0.1514,0.0066
supposé,0.1514,0.0051
ménage,0.1514,0.0055
membres,0.1514,0.0041
qut,0.1514,0.0050
utilement,0.1514,0.0049
dissipé,0.1514,0.0055
compas,0.1514,0.0053
dires,0.1514,0.0058
posée,0.1514,0.0052
poche,0.1514,0.0051
diminutions,0.1514,0.0065
l'amirauté,0.1513,0.0068
ceux,0.1513,0.0030
bête,0.1513,0.0057
ames,0.1513,0.0043
ace,0.1513,0.0053
jettant,0.1512,0.0044
retient,0.1512,0.0052
épiceries,0.1512,0.0049
augmenta,0.1512,0.0045
nomine,0.1512,0.0070
lege,0.1512,0.0044
fio,0.1512,0.0040
coutumes,0.1512,0.0044
poule,0.1512,0.0057
ravoir,0.1512,0.0075
pierres,0.1512,0.0046
pourpre,0.1512,0.0055
rompu,0.1512,0.0057
confirmer,0.1512,0.0048
s'avance,0.1511,0.0049
prochaine,0.1511,0.0046
décret,0.1511,0.0059
verts,0.1511,0.0045
l'antiquité,0.1511,0.0049
youtre,0.1511,0.0073
qu'afin,0.1510,0.0064
obvier,0.1510,0.0047
injures,0.1510,0.0043
elles,0.1510,0.0028
geneve,0.1510,0.0073
cette,0.1509,0.0030
qii,0.1509,0.0056
regardent,0.1509,0.0034
bateau,0.1509,0.0051
suivans,0.1509,0.0049
défendre,0.1508,0.0043
finalement,0.1508,0.0119
s'informer,0.1508,0.0056
sujer,0.1508,0.0076
jambe,0.1508,0.0048
opposée,0.1507,0.0046
n'ell,0.1507,0.0050
vins,0.1507,0.0040
citadelle,0.1507,0.0058
dau,0.1507,0.0059
aussitôt,0.1506,0.0043
marchandise,0.1506,0.0061
semence,0.1506,0.0047
appartenoit,0.1506,0.0044
retraites,0.1506,0.0053
l'élection,0.1506,0.0046
distincte,0.1506,0.0050
sac,0.1506,0.0072
omme,0.1506,0.0059
pasté,0.1506,0.0055
distinguer,0.1506,0.0041
réponses,0.1506,0.0048
accoutumée,0.1506,0.0060
extraordinairement,0.1506,0.0066
paiement,0.1505,0.0052
chartres,0.1505,0.0059
pleurs,0.1505,0.0037
croit,0.1505,0.0036
situé,0.1505,0.0044
homo,0.1505,0.0056
veille,0.1505,0.0046
pensée,0.1505,0.0056
sortira,0.1505,0.0057
epi,0.1505,0.0051
ajoute,0.1505,0.0050
profonds,0.1505,0.0052
domination,0.1505,0.0039
trois,0.1504,0.0033
murs,0.1504,0.0045
saisis,0.1504,0.0045
quartiers,0.1504,0.0046
avantageux,0.1504,0.0043
laval,0.1504,0.0068
continuez,0.1504,0.0058
m'eût,0.1504,0.0048
taxes,0.1504,0.0047
agir,0.1503,0.0047
pleurant,0.1503,0.0059
sud,0.1503,0.0044
mei,0.1503,0.0056
peuples,0.1503,0.0035
lainer,0.1503,0.0061
monarque,0.1503,0.0047
alléguer,0.1503,0.0054
bleds,0.1502,0.0044
fatigué,0.1502,0.0053
allume,0.1502,0.0051
action,0.1502,0.0041
s'empêcher,0.1502,0.0037
mode,0.1502,0.0059
transports,0.1502,0.0041
liberté,0.1502,0.0043
liberte,0.1501,0.0075
diminué,0.1501,0.0044
jeûne,0.1501,0.0058
sauroit,0.1501,0.0044
maintenant,0.1501,0.0045
former,0.1501,0.0038
super,0.1500,0.0053
digestion,0.1500,0.0057
est,0.1500,0.0033
ayant,0.1500,0.0036
immédiatement,0.1500,0.0049
n'auront,0.1500,0.0040
retranché,0.1500,0.0060
cité,0.1500,0.0059
c'cit,0.1500,0.0054
douceurs,0.1500,0.0043
son,0.1500,0.0030
directement,0.1500,0.0051
traduction,0.1499,0.0049
ise,0.1499,0.0063
oublier,0.1499,0.0044
violent,0.1499,0.0045
pécheurs,0.1499,0.0062
employé,0.1499,0.0044
d'éclat,0.1499,0.0046
ocm,0.1499,0.0051
mortelles,0.1499,0.0053
harangues,0.1499,0.0046
anneau,0.1498,0.0052
bonté,0.1498,0.0041
alia,0.1498,0.0050
violente,0.1497,0.0041
portoit,0.1497,0.0039
lur,0.1497,0.0051
animus,0.1497,0.0063
couvrit,0.1497,0.0050
ler,0.1497,0.0050
couvrent,0.1497,0.0043
contentent,0.1497,0.0045
choisit,0.1497,0.0042
partez,0.1497,0.0060
vierges,0.1497,0.0055
suspect,0.1496,0.0055
proposa,0.1496,0.0044
parente,0.1496,0.0068
cha,0.1496,0.0059
viendroit,0.1496,0.0043
poissons,0.1496,0.0049
nymphe,0.1496,0.0060
chr,0.1495,0.0055
emplois,0.1495,0.0039
ute,0.1495,0.0049
ter,0.1495,0.0045
ame,0.1495,0.0040
contient,0.1495,0.0040
provence,0.1495,0.0059
mouvans,0.1495,0.0061
sein,0.1495,0.0035
gardé,0.1495,0.0048
parfums,0.1494,0.0050
paroissoit,0.1494,0.0038
savons,0.1494,0.0049
complices,0.1494,0.0042
unt,0.1494,0.0049
méchans,0.1494,0.0047
médecin,0.1493,0.0049
établies,0.1493,0.0047
qu'outre,0.1493,0.0055
lisez,0.1493,0.0063
donnai,0.1493,0.0051
marquées,0.1493,0.0044
mangeant,0.1493,0.0057
sermons,0.1493,0.0050
doutant,0.1492,0.0049
éleve,0.1492,0.0052
traitre,0.1492,0.0059
contenue,0.1492,0.0057
ouvertes,0.1492,0.0045
tranchée,0.1492,0.0050
citer,0.1492,0.0046
arrivées,0.1492,0.0045
fuite,0.1492,0.0039
impatient,0.1492,0.0063
tii,0.1492,0.0039
tet,0.1492,0.0047
profession,0.1491,0.0055
êre,0.1491,0.0048
prononcée,0.1491,0.0048
continuer,0.1491,0.0041
double,0.1491,0.0040
pecunia,0.1491,0.0052
brave,0.1491,0.0047
s'attachent,0.1490,0.0044
fuir,0.1490,0.0045
possede,0.1490,0.0048
l'affront,0.1490,0.0058
arracher,0.1490,0.0044
rage,0.1490,0.0044
recueil,0.1489,0.0048
écrivoit,0.1489,0.0050
observée,0.1489,0.0046
arrose,0.1489,0.0050
ôta,0.1489,0.0051
l'esprit,0.1489,0.0043
pâques,0.1489,0.0056
fruit,0.1489,0.0036
guy,0.1488,0.0054
bien,0.1488,0.0045
trc,0.1488,0.0049
d'armes,0.1488,0.0066
registres,0.1488,0.0046
martyre,0.1488,0.0062
fraude,0.1488,0.0046
croyez,0.1488,0.0041
conclure,0.1488,0.0048
n'efi,0.1487,0.0041
lecture,0.1487,0.0046
punition,0.1487,0.0044
alloient,0.1487,0.0045
xiv,0.1487,0.0050
composée,0.1487,0.0037
str,0.1487,0.0054
centre,0.1487,0.0046
dérobé,0.1486,0.0057
oeil,0.1486,0.0040
généraux,0.1486,0.0043
parût,0.1486,0.0046
homines,0.1486,0.0064
mortel,0.1486,0.0050
qu'cn,0.1486,0.0058
chercha,0.1485,0.0052
revoir,0.1485,0.0048
patte,0.1485,0.0046
infinie,0.1485,0.0041
sauver,0.1485,0.0044
chanvre,0.1484,0.0062
indigné,0.1484,0.0054
expliquez,0.1484,0.0052
sauvage,0.1484,0.0050
donnerai,0.1484,0.0047
croupe,0.1484,0.0055
l'homme,0.1483,0.0041
facilement,0.1483,0.0042
vir,0.1483,0.0054
releve,0.1483,0.0061
nobles,0.1483,0.0042
sin,0.1483,0.0063
déplorable,0.1483,0.0045
quoiqu'il,0.1483,0.0034
unis,0.1483,0.0057
simples,0.1482,0.0042
vou,0.1482,0.0043
difficiles,0.1482,0.0041
bleus,0.1482,0.0051
cordages,0.1482,0.0059
précaution,0.1482,0.0040
arrêté,0.1481,0.0044
perdent,0.1481,0.0039
q'il,0.1481,0.0054
daniel,0.1481,0.0050
c'eit,0.1481,0.0046
paraître,0.1481,0.0049
four,0.1481,0.0062
étoffes,0.1480,0.0046
ibit,0.1480,0.0052
toures,0.1480,0.0059
c'ell,0.1480,0.0063
hardi,0.1480,0.0047
l'avenir,0.1480,0.0046
vement,0.1480,0.0041
sers,0.1480,0.0063
rendons,0.1479,0.0041
profité,0.1479,0.0047
fies,0.1478,0.0071
partage,0.1478,0.0044
s'engager,0.1478,0.0050
étendu,0.1478,0.0043
sage,0.1478,0.0046
lequelles,0.1478,0.0079
societé,0.1478,0.0054
augmenter,0.1478,0.0043
coeurs,0.1478,0.0037
déroute,0.1478,0.0050
tint,0.1478,0.0040
naufrage,0.1478,0.0046
trêve,0.1478,0.0060
délicates,0.1478,0.0051
tante,0.1477,0.0055
malades,0.1477,0.0042
queues,0.1477,0.0064
différens,0.1477,0.0038
manoeuvre,0.1477,0.0048
requiert,0.1477,0.0056
naturel,0.1477,0.0047
formé,0.1477,0.0037
suivent,0.1477,0.0041
carlos,0.1477,0.0052
crimes,0.1476,0.0037
portez,0.1476,0.0050
sieurs,0.1476,0.0046
peinte,0.1476,0.0041
quelqu'un,0.1476,0.0045
cendre,0.1476,0.0050
enfance,0.1476,0.0039
ilt,0.1475,0.0040
vieillards,0.1475,0.0059
insultes,0.1475,0.0045
dansée,0.1475,0.0081
diroit,0.1475,0.0053
offert,0.1475,0.0046
religieuse,0.1475,0.0058
déroger,0.1475,0.0052
nie,0.1475,0.0055
perse,0.1474,0.0040
aigre,0.1474,0.0053
etre,0.1474,0.0043
coupable,0.1474,0.0045
crain,0.1474,0.0035
agens,0.1474,0.0050
soldat,0.1474,0.0050
minime,0.1474,0.0056
tirent,0.1474,0.0040
naître,0.1473,0.0039
nécessaires,0.1473,0.0035
piquent,0.1473,0.0050
profonde,0.1473,0.0041
fla,0.1473,0.0049
redouble,0.1473,0.0048
voisinage,0.1473,0.0045
adore,0.1473,0.0046
lon,0.1472,0.0056
retourne,0.1472,0.0052
dignement,0.1472,0.0055
tibre,0.1472,0.0050
m'appelle,0.1472,0.0058
favoit,0.1472,0.0048
graver,0.1472,0.0044
juf,0.1472,0.0046
colonie,0.1471,0.0049
enjoint,0.1471,0.0044
aperçu,0.1471,0.0058
dic,0.1471,0.0049
serve,0.1471,0.0052
capacité,0.1471,0.0047
sixième,0.1471,0.0055
jouer,0.1471,0.0040
délicat,0.1471,0.0048
savans,0.1471,0.0050
habillement,0.1470,0.0046
bailliage,0.1470,0.0056
vigoureux,0.1470,0.0047
vive,0.1470,0.0043
monte,0.1470,0.0035
repond,0.1470,0.0070
chaise,0.1470,0.0048
esclave,0.1470,0.0041
approuver,0.1470,0.0060
mariniers,0.1470,0.0065
donnent,0.1469,0.0030
permet,0.1469,0.0039
semblable,0.1469,0.0037
fiire,0.1469,0.0061
rival,0.1469,0.0043
manquent,0.1469,0.0036
pourrais,0.1469,0.0052
fondre,0.1469,0.0048
porta,0.1469,0.0046
pren,0.1468,0.0034
trouvant,0.1468,0.0041
par,0.1468,0.0033
regret,0.1468,0.0047
saisi,0.1468,0.0042
bile,0.1468,0.0056
arrivent,0.1468,0.0043
occasions,0.1468,0.0037
connut,0.1468,0.0050
brevet,0.1468,0.0057
permettre,0.1467,0.0045
emporta,0.1467,0.0058
député,0.1467,0.0053
vacation,0.1467,0.0062
assignations,0.1467,0.0059
n'aura,0.1467,0.0035
prononcer,0.1467,0.0044
mêler,0.1466,0.0044
située,0.1466,0.0038
vingr,0.1466,0.0048
unique,0.1466,0.0039
produire,0.1466,0.0038
séculiers,0.1466,0.0051
decem,0.1466,0.0045
distribuer,0.1466,0.0046
écoute,0.1466,0.0053
ferions,0.1466,0.0041
qu'clle,0.1466,0.0053
remboursement,0.1465,0.0048
ctc,0.1465,0.0042
images,0.1465,0.0044
l'entour,0.1465,0.0055
capitole,0.1465,0.0061
suisses,0.1465,0.0057
plupart,0.1465,0.0034
continuée,0.1465,0.0062
droir,0.1465,0.0053
commençait,0.1464,0.0058
armé,0.1464,0.0049
gouvernante,0.1464,0.0071
importante,0.1464,0.0040
forces,0.1464,0.0036
inventée,0.1464,0.0059
routes,0.1464,0.0047
grasse,0.1464,0.0052
tenus,0.1463,0.0036
dauphiné,0.1463,0.0057
mart,0.1463,0.0054
suivit,0.1463,0.0044
évident,0.1463,0.0054
fir,0.1463,0.0049
lui,0.1463,0.0036
qu'est,0.1462,0.0042
incertain,0.1462,0.0057
desquels,0.1462,0.0039
dant,0.1462,0.0038
cone,0.1462,0.0056
mule,0.1462,0.0060
proposez,0.1462,0.0049
contribue,0.1461,0.0044
communauté,0.1461,0.0049
marée,0.1461,0.0070
rennes,0.1461,0.0073
appelloient,0.1461,0.0041
ausi,0.1461,0.0054
devenu,0.1461,0.0038
disciple,0.1461,0.0043
délicate,0.1461,0.0048
fable,0.1461,0.0047
discerner,0.1460,0.0051
regarder,0.1460,0.0036
l'est,0.1460,0.0040
moscovie,0.1460,0.0049
oeuf,0.1460,0.0048
payées,0.1460,0.0039
dès,0.1460,0.0032
gez,0.1460,0.0055
lié,0.1460,0.0045
deus,0.1459,0.0062
coûter,0.1459,0.0045
sanglier,0.1459,0.0047
serois,0.1459,0.0047
mar,0.1459,0.0046
ailleurs,0.1459,0.0041
pleines,0.1459,0.0041
def,0.1458,0.0048
l'hymen,0.1458,0.0045
montra,0.1458,0.0052
exercer,0.1458,0.0047
plutôt,0.1458,0.0042
siecle,0.1457,0.0043
attaquer,0.1457,0.0044
tome,0.1457,0.0048
n'avais,0.1457,0.0049
viii,0.1457,0.0056
ties,0.1456,0.0050
accord,0.1456,0.0049
diacre,0.1456,0.0046
superbes,0.1456,0.0043
d'entrer,0.1456,0.0036
loit,0.1455,0.0044
remuant,0.1455,0.0061
écrivent,0.1455,0.0043
frappa,0.1454,0.0053
cambrai,0.1454,0.0072
particulières,0.1454,0.0042
comme,0.1454,0.0035
prisonnier,0.1454,0.0045
foibles,0.1454,0.0043
profondeur,0.1453,0.0042
personnage,0.1453,0.0045
regardoit,0.1453,0.0036
employer,0.1453,0.0042
connoître,0.1453,0.0039
n'appartient,0.1453,0.0043
d'alexandre,0.1453,0.0051
serpens,0.1453,0.0053
ordonnez,0.1453,0.0058
ardeur,0.1453,0.0039
mcs,0.1453,0.0045
nulle,0.1452,0.0038
lera,0.1452,0.0046
attacher,0.1452,0.0048
allerent,0.1452,0.0053
commissaire,0.1452,0.0067
prêté,0.1452,0.0048
contra,0.1451,0.0050
agneaux,0.1451,0.0058
culte,0.1451,0.0046
envoyée,0.1451,0.0045
vaillant,0.1451,0.0052
passage,0.1451,0.0045
compté,0.1451,0.0048
peser,0.1451,0.0049
empressement,0.1451,0.0043
mouvemens,0.1451,0.0035
présenta,0.1450,0.0046
l'épaisseur,0.1450,0.0045
sensible,0.1450,0.0044
n'ef,0.1450,0.0037
mefures,0.1450,0.0045
chateau,0.1450,0.0055
nouvelles,0.1450,0.0031
l'ornement,0.1450,0.0049
purement,0.1450,0.0051
fromage,0.1449,0.0055
cst,0.1449,0.0045
ruisseau,0.1449,0.0043
introduit,0.1449,0.0043
van,0.1449,0.0049
distingué,0.1448,0.0042
pot,0.1448,0.0047
entrent,0.1448,0.0042
froids,0.1448,0.0047
quc,0.1448,0.0053
rebelles,0.1448,0.0059
nec,0.1448,0.0052
mien,0.1448,0.0049
perdrix,0.1447,0.0054
efl,0.1447,0.0043
envie,0.1447,0.0038
repent,0.1447,0.0071
invention,0.1447,0.0048
reporter,0.1447,0.0066
refuite,0.1447,0.0078
miseres,0.1447,0.0050
siéme,0.1447,0.0052
trompa,0.1447,0.0061
l'edit,0.1447,0.0047
trouvoit,0.1447,0.0034
sièges,0.1446,0.0070
paradis,0.1446,0.0048
dûs,0.1446,0.0039
étendue,0.1446,0.0038
précautions,0.1446,0.0036
passent,0.1446,0.0038
abfence,0.1446,0.0057
manqueroit,0.1445,0.0045
soi,0.1445,0.0046
gaillard,0.1445,0.0067
l'on,0.1445,0.0032
fem,0.1445,0.0048
bâtimens,0.1445,0.0048
correction,0.1444,0.0054
fleuve,0.1444,0.0045
avoic,0.1444,0.0054
maîtresse,0.1444,0.0048
coupant,0.1444,0.0050
retardement,0.1444,0.0055
icelui,0.1444,0.0049
royal,0.1443,0.0045
fermiers,0.1443,0.0045
alias,0.1443,0.0045
redevable,0.1443,0.0043
arrêter,0.1443,0.0040
songe,0.1443,0.0051
arme,0.1442,0.0052
eusse,0.1442,0.0049
réputation,0.1442,0.0042
onze,0.1442,0.0050
creux,0.1442,0.0053
ante,0.1442,0.0050
entretenir,0.1441,0.0042
vii,0.1441,0.0055
judée,0.1441,0.0056
froment,0.1441,0.0048
regarde,0.1441,0.0033
accorda,0.1441,0.0042
coupé,0.1441,0.0046
servie,0.1441,0.0052
contestations,0.1441,0.0042
moyennant,0.1441,0.0046
expression,0.1441,0.0043
sertile,0.1441,0.0039
principe,0.1441,0.0046
s'cn,0.1441,0.0050
rachat,0.1441,0.0060
amene,0.1440,0.0047
nes,0.1440,0.0053
étonner,0.1440,0.0051
poste,0.1440,0.0052
dépendent,0.1440,0.0036
fie,0.1440,0.0067
l'usage,0.1440,0.0039
marquant,0.1440,0.0070
tournay,0.1440,0.0065
jolies,0.1440,0.0052
genéral,0.1440,0.0056
humbles,0.1440,0.0042
espace,0.1440,0.0038
équipages,0.1439,0.0044
personne,0.1439,0.0043
m'être,0.1439,0.0040
lasser,0.1439,0.0050
moilon,0.1439,0.0060
travaillez,0.1438,0.0051
honnêtes,0.1438,0.0039
vendent,0.1438,0.0038
remarqua,0.1438,0.0055
elt,0.1438,0.0035
coquin,0.1438,0.0059
mortier,0.1438,0.0046
facile,0.1438,0.0036
serrer,0.1438,0.0049
lorsqu'elles,0.1437,0.0035
gent,0.1437,0.0045
pese,0.1437,0.0052
faisois,0.1437,0.0046
séjour,0.1437,0.0038
choisir,0.1437,0.0039
orange,0.1437,0.0059
corde,0.1437,0.0044
créatures,0.1437,0.0037
entrerent,0.1437,0.0052
poussa,0.1436,0.0045
célébrer,0.1436,0.0048
sujets,0.1436,0.0035
consenti,0.1436,0.0049
dignité,0.1436,0.0040
noirs,0.1436,0.0044
solum,0.1436,0.0042
principale,0.1436,0.0039
entretiens,0.1436,0.0048
habeat,0.1436,0.0049
francois,0.1436,0.0051
apud,0.1435,0.0051
soo,0.1435,0.0045
genus,0.1435,0.0056
imiter,0.1435,0.0047
capables,0.1435,0.0032
bal,0.1435,0.0047
temples,0.1435,0.0039
savez,0.1435,0.0039
vivans,0.1434,0.0051
accorde,0.1434,0.0043
papes,0.1434,0.0048
provint,0.1434,0.0060
rendus,0.1433,0.0036
créé,0.1433,0.0047
vif,0.1433,0.0044
affis,0.1433,0.0044
mes,0.1433,0.0031
confolation,0.1432,0.0050
formez,0.1432,0.0053
prisonniers,0.1432,0.0042
conserver,0.1432,0.0039
élection,0.1432,0.0058
notre,0.1432,0.0032
portées,0.1432,0.0043
terrain,0.1432,0.0049
licu,0.1431,0.0055
feaux,0.1431,0.0047
sciences,0.1431,0.0037
ferveur,0.1431,0.0058
auprès,0.1431,0.0035
bayonne,0.1431,0.0057
malheureux,0.1431,0.0038
frapper,0.1431,0.0047
voilà,0.1431,0.0035
parlait,0.1430,0.0053
fatigue,0.1430,0.0049
zele,0.1430,0.0044
l'endroit,0.1430,0.0038
poe,0.1430,0.0048
xii,0.1430,0.0053
occupez,0.1430,0.0050
cii,0.1430,0.0047
quand,0.1430,0.0034
ensuite,0.1430,0.0033
cheres,0.1429,0.0052
ecrivains,0.1429,0.0041
pareil,0.1429,0.0037
lâcher,0.1428,0.0055
vcrs,0.1428,0.0055
profite,0.1428,0.0056
incident,0.1427,0.0044
demeurant,0.1427,0.0066
alio,0.1427,0.0048
pensions,0.1427,0.0050
détroit,0.1427,0.0052
rouvraies,0.1427,0.0055
s'adressant,0.1426,0.0049
tristes,0.1426,0.0039
proprement,0.1426,0.0043
mouchoir,0.1426,0.0054
manqué,0.1426,0.0039
regardez,0.1426,0.0045
mêlées,0.1426,0.0046
gal,0.1426,0.0050
convaincu,0.1426,0.0044
aussi,0.1426,0.0036
mariages,0.1426,0.0056
commencez,0.1425,0.0052
constantin,0.1425,0.0055
tristesse,0.1425,0.0047
outré,0.1425,0.0052
voeux,0.1425,0.0036
bene,0.1425,0.0050
qu'ai,0.1425,0.0043
most,0.1425,0.0059
conjuration,0.1425,0.0051
attribut,0.1425,0.0049
servirent,0.1424,0.0043
tut,0.1424,0.0050
oracle,0.1424,0.0054
entrepris,0.1424,0.0043
tienne,0.1424,0.0044
rencontra,0.1424,0.0050
d'arbre,0.1424,0.0048
approcher,0.1423,0.0046
libraire,0.1423,0.0041
entendent,0.1423,0.0039
prieuré,0.1422,0.0069
prétendre,0.1422,0.0051
pur,0.1422,0.0034
liaison,0.1422,0.0040
joie,0.1422,0.0037
confirmation,0.1422,0.0059
fatal,0.1422,0.0041
cit,0.1422,0.0046
faire,0.1422,0.0036
approuvée,0.1421,0.0048
mise,0.1421,0.0035
infidèle,0.1421,0.0067
cache,0.1421,0.0044
bonnets,0.1421,0.0051
plaine,0.1421,0.0046
légitimes,0.1421,0.0049
lecteur,0.1421,0.0045
continuation,0.1421,0.0056
douzième,0.1420,0.0046
possession,0.1420,0.0039
qne,0.1420,0.0062
ridicule,0.1420,0.0047
espèces,0.1420,0.0036
proximité,0.1420,0.0059
n'osent,0.1419,0.0045
blancheur,0.1419,0.0047
empêchent,0.1419,0.0045
délivré,0.1419,0.0047
s'abandonne,0.1419,0.0051
prudens,0.1418,0.0053
continué,0.1418,0.0044
acclamations,0.1418,0.0039
avancé,0.1418,0.0040
crois,0.1418,0.0038
personnes,0.1418,0.0030
inclusivement,0.1418,0.0055
l'oeil,0.1418,0.0045
volonté,0.1418,0.0040
craignoit,0.1418,0.0043
observations,0.1418,0.0042
donnerent,0.1417,0.0044
cria,0.1417,0.0052
doive,0.1417,0.0034
rom,0.1417,0.0044
consentit,0.1417,0.0048
troye,0.1417,0.0054
leve,0.1417,0.0054
faille,0.1417,0.0040
deviennent,0.1417,0.0034
bénédiction,0.1417,0.0048
pointes,0.1417,0.0045
remplie,0.1416,0.0039
quatrieme,0.1416,0.0057
fumes,0.1416,0.0055
répandu,0.1416,0.0039
hélas,0.1416,0.0043
effets,0.1416,0.0036
taut,0.1416,0.0058
n'entend,0.1416,0.0040
résolut,0.1415,0.0044
vivent,0.1415,0.0034
cantiques,0.1415,0.0049
élever,0.1415,0.0038
l'enfer,0.1415,0.0052
présent,0.1415,0.0039
voulus,0.1415,0.0053
regardons,0.1414,0.0041
m'étois,0.1414,0.0042
fontaine,0.1414,0.0043
jusqu,0.1414,0.0042
expédient,0.1414,0.0048
taillée,0.1413,0.0048
fleuves,0.1413,0.0041
royaux,0.1413,0.0044
revenant,0.1413,0.0073
intestins,0.1413,0.0055
flambeaux,0.1412,0.0041
c'el,0.1412,0.0049
serments,0.1412,0.0043
d'amour,0.1412,0.0043
s'il,0.1412,0.0037
mourra,0.1412,0.0054
prononce,0.1412,0.0040
catherine,0.1412,0.0056
saurois,0.1412,0.0052
d'aucun,0.1411,0.0037
l'épaule,0.1411,0.0047
pressez,0.1411,0.0054
partagé,0.1411,0.0049
l'abbé,0.1411,0.0049
patria,0.1411,0.0051
cacher,0.1410,0.0041
lever,0.1410,0.0040
gran,0.1410,0.0054
prononcé,0.1410,0.0047
rare,0.1410,0.0041
sujette,0.1410,0.0046
fuo,0.1410,0.0040
catholiques,0.1409,0.0048
contenus,0.1409,0.0038
pratique,0.1409,0.0041
ainsi,0.1409,0.0032
avantage,0.1408,0.0038
isles,0.1408,0.0044
vivres,0.1408,0.0042
etat,0.1408,0.0041
quatre,0.1408,0.0034
d'épée,0.1408,0.0053
d'esprits,0.1408,0.0038
prête,0.1408,0.0040
nicolas,0.1408,0.0051
vertu,0.1408,0.0041
esclaves,0.1408,0.0038
d'herbes,0.1408,0.0045
justesse,0.1407,0.0043
fourbe,0.1407,0.0058
propres,0.1407,0.0032
gloria,0.1407,0.0053
retenir,0.1407,0.0045
disant,0.1407,0.0038
village,0.1407,0.0048
calme,0.1407,0.0043
aufll,0.1407,0.0079
fecit,0.1407,0.0046
err,0.1407,0.0053
nager,0.1407,0.0055
accessible,0.1407,0.0045
remercie,0.1407,0.0045
henri,0.1407,0.0045
entrailles,0.1406,0.0041
l'isle,0.1406,0.0050
dernières,0.1406,0.0044
aurait,0.1406,0.0039
regnoit,0.1406,0.0051
yourte,0.1406,0.0070
trompez,0.1406,0.0046
rés,0.1406,0.0047
dressé,0.1406,0.0045
scandale,0.1406,0.0048
apprenez,0.1405,0.0049
établir,0.1405,0.0039
boutons,0.1405,0.0048
spectacles,0.1405,0.0043
ple,0.1405,0.0040
mil,0.1405,0.0039
divisé,0.1405,0.0040
trouverons,0.1404,0.0041
paro,0.1404,0.0043
partem,0.1404,0.0045
irrité,0.1404,0.0047
lors,0.1404,0.0035
trompette,0.1404,0.0053
lad,0.1404,0.0050
constitutions,0.1403,0.0054
attendoit,0.1403,0.0044
réduire,0.1403,0.0041
n'ignoroit,0.1403,0.0044
premiers,0.1403,0.0032
qu'une,0.1402,0.0031
caufe,0.1402,0.0071
rerum,0.1402,0.0065
miracle,0.1402,0.0048
pointu,0.1402,0.0051
aient,0.1402,0.0035
domaine,0.1402,0.0047
illos,0.1402,0.0047
prioit,0.1401,0.0051
fraudes,0.1401,0.0045
prépare,0.1401,0.0041
claudius,0.1401,0.0045
horribles,0.1401,0.0044
rems,0.1401,0.0049
d'affaires,0.1401,0.0044
roles,0.1401,0.0052
niere,0.1401,0.0047
danser,0.1401,0.0061
pompe,0.1401,0.0040
aions,0.1401,0.0054
retenu,0.1401,0.0038
matire,0.1400,0.0060
plomb,0.1400,0.0050
d'orge,0.1400,0.0046
oti,0.1400,0.0047
reçoivent,0.1400,0.0036
dangereux,0.1400,0.0042
douter,0.1400,0.0040
statues,0.1400,0.0046
prient,0.1399,0.0056
ntre,0.1399,0.0057
c'efl,0.1399,0.0050
jamais,0.1399,0.0039
robert,0.1399,0.0063
pont,0.1399,0.0046
allez,0.1399,0.0041
davantage,0.1398,0.0043
justices,0.1398,0.0044
remède,0.1398,0.0042
permit,0.1398,0.0044
richard,0.1398,0.0055
d'imprimer,0.1398,0.0040
élire,0.1398,0.0045
venant,0.1398,0.0064
seule,0.1397,0.0035
patentes,0.1397,0.0040
superficie,0.1397,0.0055
gardez,0.1397,0.0041
l'impression,0.1397,0.0048
vinrent,0.1397,0.0040
furie,0.1397,0.0049
bleu,0.1397,0.0046
qle,0.1396,0.0052
tellement,0.1396,0.0038
made,0.1396,0.0061
venger,0.1396,0.0039
die,0.1396,0.0046
prodigieux,0.1396,0.0045
citoyens,0.1396,0.0041
etant,0.1395,0.0058
témoigner,0.1395,0.0042
ouvert,0.1395,0.0040
emprunter,0.1395,0.0054
cologne,0.1395,0.0055
quorum,0.1395,0.0050
icelle,0.1394,0.0049
n'eus,0.1394,0.0043
marge,0.1394,0.0039
cft,0.1394,0.0038
comblé,0.1394,0.0045
vivons,0.1394,0.0042
saisons,0.1393,0.0051
nul,0.1393,0.0039
magno,0.1393,0.0051
rapporté,0.1393,0.0045
n'efl,0.1393,0.0039
emprunté,0.1393,0.0046
déclarations,0.1392,0.0048
suivre,0.1392,0.0035
madame,0.1392,0.0037
pressa,0.1392,0.0050
inhumaine,0.1392,0.0051
quartier,0.1392,0.0054
reste,0.1392,0.0035
avancez,0.1392,0.0058
eorum,0.1391,0.0053
juré,0.1391,0.0060
causes,0.1391,0.0037
examine,0.1391,0.0043
confus,0.1391,0.0049
prédécesseurs,0.1391,0.0041
front,0.1391,0.0042
montrez,0.1391,0.0049
touchée,0.1391,0.0049
ciens,0.1390,0.0062
demandeurs,0.1390,0.0059
extraits,0.1390,0.0055
étrange,0.1390,0.0042
donneront,0.1390,0.0039
prétendoit,0.1390,0.0042
cervelle,0.1390,0.0061
prendra,0.1390,0.0037
monta,0.1390,0.0043
attira,0.1390,0.0042
seroit,0.1389,0.0037
disoient,0.1389,0.0037
amené,0.1389,0.0045
effroyable,0.1389,0.0046
l'obligea,0.1389,0.0047
signé,0.1389,0.0041
train,0.1389,0.0046
colonne,0.1389,0.0058
corail,0.1388,0.0053
revers,0.1388,0.0052
l'éternité,0.1388,0.0052
abus,0.1388,0.0039
contraindre,0.1388,0.0050
irrite,0.1388,0.0063
clairs,0.1388,0.0046
amas,0.1388,0.0041
vies,0.1388,0.0042
sénat,0.1388,0.0041
ennemi,0.1387,0.0041
desormais,0.1387,0.0081
galles,0.1387,0.0048
ferment,0.1387,0.0040
attendant,0.1387,0.0037
personnages,0.1387,0.0040
profitent,0.1386,0.0049
contravention,0.1386,0.0044
plaisent,0.1386,0.0042
cloche,0.1386,0.0053
pense,0.1386,0.0045
services,0.1386,0.0038
sterling,0.1386,0.0047
fidèles,0.1385,0.0044
quàm,0.1385,0.0058
l'italie,0.1385,0.0036
preuves,0.1385,0.0037
airs,0.1385,0.0037
dum,0.1385,0.0054
joindre,0.1385,0.0034
conditions,0.1384,0.0038
placez,0.1384,0.0049
vigueur,0.1384,0.0039
emportement,0.1384,0.0048
crut,0.1384,0.0038
quoique,0.1384,0.0031
qni,0.1384,0.0061
fel,0.1383,0.0047
contenir,0.1383,0.0036
toile,0.1383,0.0045
excellentes,0.1383,0.0046
l'âge,0.1383,0.0035
commencera,0.1382,0.0054
nulles,0.1382,0.0047
portion,0.1382,0.0037
noces,0.1382,0.0042
bâtiment,0.1382,0.0044
iont,0.1381,0.0045
établie,0.1381,0.0040
châtier,0.1381,0.0055
descendans,0.1380,0.0038
glo,0.1380,0.0065
derniers,0.1380,0.0033
trouvera,0.1380,0.0032
tenons,0.1380,0.0053
idem,0.1380,0.0058
êtes,0.1380,0.0030
quitte,0.1380,0.0045
sort,0.1379,0.0038
dira,0.1379,0.0047
informer,0.1379,0.0042
eus,0.1379,0.0055
voisins,0.1379,0.0037
traits,0.1379,0.0036
efforts,0.1379,0.0033
bâti,0.1379,0.0039
ordonnons,0.1378,0.0049
niais,0.1378,0.0059
reflux,0.1378,0.0050
trouvée,0.1377,0.0036
michel,0.1377,0.0055
formellement,0.1377,0.0048
scs,0.1377,0.0044
volume,0.1377,0.0038
chemise,0.1377,0.0052
favorable,0.1376,0.0038
civils,0.1376,0.0047
fontaines,0.1376,0.0041
toutefois,0.1376,0.0051
déclara,0.1376,0.0043
royale,0.1375,0.0040
assez,0.1375,0.0034
cti,0.1375,0.0038
principal,0.1375,0.0037
nomination,0.1375,0.0051
malo,0.1375,0.0043
colère,0.1375,0.0043
seul,0.1375,0.0035
fortifications,0.1375,0.0051
peaux,0.1375,0.0045
remarque,0.1374,0.0032
gré,0.1374,0.0038
nez,0.1374,0.0047
revient,0.1374,0.0040
incompatible,0.1374,0.0047
rends,0.1374,0.0040
propositions,0.1374,0.0034
chri,0.1374,0.0047
visiter,0.1374,0.0044
connais,0.1374,0.0046
amies,0.1374,0.0040
boeuf,0.1374,0.0046
augmenté,0.1374,0.0042
vouloient,0.1374,0.0029
brouiller,0.1374,0.0052
vacations,0.1373,0.0053
bâtie,0.1373,0.0037
champs,0.1373,0.0037
situation,0.1373,0.0037
noble,0.1373,0.0037
dépendans,0.1373,0.0053
rade,0.1373,0.0046
troisième,0.1373,0.0042
brûlé,0.1373,0.0047
iij,0.1373,0.0060
laissera,0.1373,0.0045
d'henri,0.1373,0.0053
maria,0.1372,0.0061
souffrir,0.1372,0.0042
empêcha,0.1372,0.0052
fondement,0.1372,0.0040
miere,0.1372,0.0041
merveilleux,0.1372,0.0046
devroit,0.1372,0.0032
nuage,0.1372,0.0047
stable,0.1372,0.0045
courage,0.1371,0.0037
parterre,0.1371,0.0046
chaloupes,0.1371,0.0051
paroître,0.1371,0.0037
compris,0.1371,0.0038
l'orient,0.1371,0.0044
n'es,0.1371,0.0042
contraints,0.1371,0.0037
changé,0.1371,0.0042
date,0.1371,0.0040
court,0.1370,0.0038
percé,0.1370,0.0041
mettons,0.1370,0.0041
semblablement,0.1370,0.0065
fosse,0.1370,0.0054
ali,0.1370,0.0046
l'envoyer,0.1369,0.0047
paroissent,0.1369,0.0033
semblent,0.1369,0.0033
decider,0.1369,0.0060
étranger,0.1369,0.0045
rem,0.1368,0.0045
parte,0.1368,0.0050
débiter,0.1368,0.0035
instrumens,0.1368,0.0039
d'art,0.1368,0.0048
vulcain,0.1367,0.0052
recommandation,0.1367,0.0051
trouvées,0.1367,0.0042
obtint,0.1367,0.0040
aux,0.1367,0.0027
commandant,0.1367,0.0052
astre,0.1367,0.0038
mortelle,0.1367,0.0045
réelles,0.1367,0.0045
recolte,0.1366,0.0060
ation,0.1366,0.0048
magistrats,0.1366,0.0041
pesant,0.1366,0.0050
illis,0.1366,0.0052
prime,0.1365,0.0058
lequel,0.1365,0.0029
camper,0.1365,0.0042
poisson,0.1364,0.0048
donnant,0.1364,0.0034
septentrionale,0.1364,0.0046
pre,0.1364,0.0036
let,0.1364,0.0038
lest,0.1364,0.0074
femelle,0.1364,0.0055
favez,0.1364,0.0043
meure,0.1364,0.0049
proposition,0.1364,0.0042
jus,0.1364,0.0040
écouté,0.1364,0.0049
ministres,0.1364,0.0039
extrême,0.1363,0.0038
abondant,0.1363,0.0047
controlleur,0.1363,0.0067
quarrée,0.1363,0.0046
travail,0.1363,0.0036
ordonn,0.1363,0.0044
d'entendre,0.1363,0.0042
dixi,0.1363,0.0050
d'avoine,0.1363,0.0044
fret,0.1363,0.0049
ancienne,0.1363,0.0037
revenus,0.1363,0.0040
entreprendre,0.1363,0.0043
dogme,0.1363,0.0061
convention,0.1362,0.0055
préparer,0.1362,0.0041
prêtres,0.1362,0.0042
aide,0.1362,0.0054
obscurs,0.1362,0.0047
pipes,0.1362,0.0046
l'unité,0.1362,0.0052
publication,0.1362,0.0042
emporter,0.1361,0.0045
erant,0.1361,0.0052
choeurs,0.1361,0.0046
vitam,0.1361,0.0051
jugemens,0.1361,0.0037
défenses,0.1361,0.0041
conçois,0.1361,0.0051
noix,0.1361,0.0044
besoin,0.1361,0.0035
s'imagine,0.1360,0.0049
habiles,0.1360,0.0032
goutte,0.1360,0.0046
disposer,0.1360,0.0041
prétendent,0.1360,0.0038
quarts,0.1360,0.0035
regnes,0.1360,0.0046
voudroit,0.1360,0.0035
huissiers,0.1360,0.0050
desquelles,0.1360,0.0038
promets,0.1359,0.0043
tirant,0.1359,0.0051
méchant,0.1359,0.0048
conservé,0.1359,0.0037
curé,0.1359,0.0052
arrivant,0.1359,0.0048
veau,0.1359,0.0051
jérusalem,0.1359,0.0039
xviii,0.1359,0.0061
poix,0.1359,0.0051
aider,0.1359,0.0042
ceinture,0.1358,0.0046
entretien,0.1358,0.0040
laid,0.1358,0.0044
charité,0.1358,0.0041
regardé,0.1358,0.0037
qie,0.1357,0.0049
bacchus,0.1357,0.0050
d'autant,0.1357,0.0033
d'hyver,0.1357,0.0068
prouver,0.1357,0.0042
quitter,0.1357,0.0039
saie,0.1357,0.0060
armis,0.1357,0.0049
attachée,0.1356,0.0043
craignent,0.1356,0.0036
jeta,0.1356,0.0046
saus,0.1356,0.0057
caire,0.1356,0.0056
provient,0.1356,0.0046
ignorent,0.1356,0.0042
rudes,0.1356,0.0047
foyez,0.1356,0.0039
ont,0.1355,0.0027
ôtent,0.1355,0.0046
accordé,0.1355,0.0037
douce,0.1355,0.0040
eurent,0.1355,0.0035
humble,0.1355,0.0034
poir,0.1354,0.0042
mardi,0.1354,0.0073
brûle,0.1354,0.0046
veni,0.1354,0.0051
primo,0.1354,0.0043
d'enfans,0.1354,0.0042
portent,0.1354,0.0034
bibliothèque,0.1354,0.0040
t'on,0.1354,0.0056
expliquée,0.1354,0.0041
l'orge,0.1354,0.0049
dure,0.1354,0.0036
enfermée,0.1353,0.0044
dessein,0.1353,0.0035
appella,0.1353,0.0050
cents,0.1353,0.0038
reçut,0.1352,0.0039
jettent,0.1352,0.0036
aillent,0.1352,0.0041
muids,0.1352,0.0051
hiver,0.1352,0.0045
tiens,0.1352,0.0049
précédente,0.1352,0.0041
devoir,0.1352,0.0035
lis,0.1352,0.0056
approbation,0.1352,0.0042
avcc,0.1352,0.0046
majeur,0.1351,0.0057
restituer,0.1351,0.0054
science,0.1351,0.0043
c'els,0.1351,0.0056
moment,0.1351,0.0035
assembla,0.1351,0.0049
entier,0.1351,0.0037
apprendre,0.1351,0.0039
importun,0.1351,0.0071
culier,0.1350,0.0042
traître,0.1350,0.0044
laisse,0.1350,0.0032
tels,0.1350,0.0033
ecrit,0.1349,0.0054
inde,0.1349,0.0042
sermon,0.1349,0.0050
prétend,0.1349,0.0035
marchoit,0.1348,0.0042
once,0.1348,0.0034
témoins,0.1348,0.0036
nantes,0.1347,0.0047
nons,0.1347,0.0042
amans,0.1347,0.0041
vertus,0.1347,0.0037
neuvième,0.1347,0.0046
organes,0.1347,0.0039
demie,0.1346,0.0043
toulouse,0.1346,0.0054
répondis,0.1346,0.0047
mouillé,0.1346,0.0058
croyant,0.1346,0.0051
suite,0.1346,0.0039
possible,0.1346,0.0036
aimez,0.1346,0.0041
avouer,0.1346,0.0040
tont,0.1346,0.0059
qu'aux,0.1345,0.0031
dents,0.1345,0.0041
instrument,0.1345,0.0039
jeanne,0.1345,0.0051
pasteurs,0.1345,0.0049
marbre,0.1345,0.0048
cher,0.1344,0.0034
n'aiment,0.1344,0.0039
colleges,0.1344,0.0056
juda,0.1344,0.0049
payeront,0.1344,0.0041
pièces,0.1344,0.0034
jugez,0.1344,0.0043
tient,0.1344,0.0032
ordonner,0.1344,0.0044
momens,0.1344,0.0036
mers,0.1344,0.0040
poursuites,0.1344,0.0041
tic,0.1344,0.0038
dcux,0.1343,0.0046
see,0.1343,0.0050
têtes,0.1343,0.0046
malheur,0.1343,0.0040
cté,0.1343,0.0044
d'ornemens,0.1343,0.0049
quoque,0.1343,0.0065
demandait,0.1343,0.0055
nommer,0.1342,0.0038
quels,0.1342,0.0029
refusé,0.1342,0.0042
joli,0.1342,0.0046
faisoient,0.1342,0.0030
orner,0.1342,0.0042
guinée,0.1342,0.0055
autrement,0.1342,0.0039
manières,0.1342,0.0036
raison,0.1342,0.0041
pag,0.1341,0.0047
grecque,0.1341,0.0041
crie,0.1341,0.0042
opere,0.1341,0.0059
revenir,0.1340,0.0038
aura,0.1340,0.0030
intendant,0.1340,0.0044
tentations,0.1340,0.0042
disait,0.1340,0.0052
rivages,0.1340,0.0045
mauvaises,0.1340,0.0036
conseille,0.1340,0.0044
icelles,0.1340,0.0040
reconnut,0.1339,0.0044
acquisition,0.1339,0.0047
vice,0.1339,0.0041
original,0.1339,0.0040
souviens,0.1339,0.0040
tes,0.1339,0.0031
tirées,0.1339,0.0046
ctoit,0.1339,0.0043
image,0.1339,0.0037
pauvre,0.1339,0.0039
moine,0.1339,0.0050
s'enfuit,0.1339,0.0045
plaisirs,0.1339,0.0035
convient,0.1339,0.0036
l'habit,0.1338,0.0039
théologiens,0.1338,0.0046
gazon,0.1338,0.0039
allumé,0.1338,0.0042
fade,0.1338,0.0050
fieurs,0.1338,0.0042
mortels,0.1338,0.0043
m'est,0.1338,0.0033
arrêts,0.1338,0.0038
goûté,0.1337,0.0053
trouvez,0.1337,0.0040
eux,0.1337,0.0031
préparée,0.1337,0.0047
franc,0.1337,0.0052
transporter,0.1337,0.0037
perdirent,0.1336,0.0039
del,0.1336,0.0041
courant,0.1336,0.0041
gage,0.1336,0.0040
grece,0.1336,0.0040
ancien,0.1336,0.0037
plusieurs,0.1336,0.0027
averti,0.1336,0.0038
ces,0.1335,0.0026
vivant,0.1335,0.0045
xiii,0.1335,0.0049
peuplée,0.1335,0.0042
dcs,0.1335,0.0042
joue,0.1335,0.0036
bretagne,0.1335,0.0038
c'ess,0.1335,0.0050
répondu,0.1335,0.0042
bertrand,0.1334,0.0070
trouverez,0.1334,0.0033
bourg,0.1334,0.0051
flon,0.1334,0.0061
avril,0.1334,0.0050
tous,0.1333,0.0027
cautions,0.1333,0.0034
l'odeur,0.1333,0.0046
ronds,0.1332,0.0044
tartre,0.1332,0.0051
dresser,0.1332,0.0042
viendront,0.1332,0.0038
durer,0.1332,0.0040
j'aurois,0.1332,0.0033
ains,0.1332,0.0057
cli,0.1332,0.0048
fatis,0.1332,0.0051
quela,0.1332,0.0058
fermier,0.1332,0.0047
amoureux,0.1332,0.0044
perdit,0.1332,0.0035
horace,0.1332,0.0066
the,0.1332,0.0043
causer,0.1331,0.0040
commerces,0.1331,0.0057
brillant,0.1331,0.0045
jettée,0.1331,0.0050
locis,0.1331,0.0047
vécu,0.1331,0.0035
palier,0.1331,0.0053
proposée,0.1330,0.0050
natures,0.1330,0.0055
éternel,0.1330,0.0039
souverain,0.1330,0.0045
demandé,0.1330,0.0032
fourni,0.1330,0.0037
donnera,0.1330,0.0035
éviter,0.1330,0.0036
déclaré,0.1329,0.0041
vendus,0.1329,0.0037
crurent,0.1329,0.0039
siege,0.1329,0.0057
allions,0.1329,0.0045
d'état,0.1329,0.0035
celui,0.1329,0.0030
d'arriver,0.1328,0.0038
causé,0.1328,0.0039
c'efi,0.1328,0.0044
fonctions,0.1328,0.0035
illa,0.1328,0.0050
chanoine,0.1327,0.0051
particuliers,0.1327,0.0035
mande,0.1327,0.0042
naples,0.1327,0.0046
toit,0.1327,0.0041
bureau,0.1327,0.0047
mettra,0.1326,0.0037
accoutumé,0.1326,0.0040
maigre,0.1326,0.0053
cave,0.1326,0.0053
pasteur,0.1326,0.0050
florins,0.1326,0.0040
d'officiers,0.1325,0.0051
maux,0.1325,0.0034
étrangers,0.1325,0.0035
prélat,0.1325,0.0053
oeufs,0.1325,0.0040
contraventions,0.1325,0.0043
appris,0.1325,0.0035
cela,0.1325,0.0040
xxiii,0.1325,0.0065
affront,0.1325,0.0042
nunc,0.1324,0.0048
hôte,0.1324,0.0045
n'eût,0.1324,0.0030
n'êtes,0.1324,0.0033
dîner,0.1324,0.0039
quasi,0.1324,0.0074
barres,0.1324,0.0045
commander,0.1324,0.0040
souveraine,0.1324,0.0038
sulpice,0.1323,0.0052
liy,0.1323,0.0055
actions,0.1323,0.0035
paquet,0.1323,0.0049
quitté,0.1323,0.0036
matière,0.1323,0.0040
quittance,0.1323,0.0043
eté,0.1323,0.0051
cruels,0.1323,0.0038
capitale,0.1323,0.0037
couvre,0.1323,0.0036
aventure,0.1323,0.0039
conduisit,0.1322,0.0042
inventé,0.1322,0.0044
excellence,0.1322,0.0064
passée,0.1322,0.0038
finie,0.1322,0.0039
d'ordonner,0.1322,0.0050
parfait,0.1322,0.0042
premièrement,0.1322,0.0062
chambres,0.1322,0.0044
garnie,0.1322,0.0047
laifle,0.1322,0.0054
sortie,0.1322,0.0046
caché,0.1321,0.0038
preuve,0.1321,0.0035
touché,0.1321,0.0039
augures,0.1321,0.0045
ondes,0.1321,0.0043
qfm,0.1321,0.0043
sauvé,0.1321,0.0043
conversation,0.1321,0.0039
prêt,0.1321,0.0035
pat,0.1321,0.0059
opposans,0.1321,0.0062
poëme,0.1321,0.0041
conformément,0.1321,0.0039
l'inclination,0.1320,0.0052
choisi,0.1320,0.0038
répondre,0.1320,0.0041
parloit,0.1320,0.0035
privilèges,0.1320,0.0038
dévotion,0.1320,0.0049
affligé,0.1320,0.0042
prison,0.1320,0.0040
clergé,0.1320,0.0034
traduit,0.1319,0.0038
videre,0.1319,0.0051
conduire,0.1319,0.0035
anno,0.1319,0.0040
marcs,0.1319,0.0046
environ,0.1319,0.0038
attendu,0.1319,0.0044
fignifier,0.1319,0.0050
avais,0.1319,0.0056
demandée,0.1318,0.0047
ports,0.1318,0.0040
suffit,0.1318,0.0033
pomme,0.1318,0.0050
foudres,0.1318,0.0040
parisis,0.1318,0.0061
c'ct,0.1318,0.0049
louvre,0.1318,0.0041
pages,0.1318,0.0046
ferma,0.1318,0.0044
vît,0.1318,0.0046
empereurs,0.1318,0.0041
convenus,0.1317,0.0036
marqué,0.1317,0.0037
commune,0.1317,0.0044
l'honneur,0.1317,0.0037
plaider,0.1317,0.0038
avant,0.1317,0.0028
obscure,0.1316,0.0040
red,0.1316,0.0038
pourvu,0.1316,0.0038
environs,0.1316,0.0034
milan,0.1316,0.0051
sortent,0.1316,0.0041
vons,0.1315,0.0035
quatorze,0.1315,0.0045
délais,0.1315,0.0046
amitié,0.1315,0.0037
hommes,0.1315,0.0031
larmes,0.1315,0.0032
possit,0.1315,0.0048
mandemens,0.1315,0.0051
bords,0.1315,0.0035
examen,0.1314,0.0043
particuliere,0.1314,0.0035
osé,0.1314,0.0035
mod,0.1314,0.0058
matelot,0.1314,0.0053
chasse,0.1314,0.0043
prochain,0.1313,0.0045
irons,0.1313,0.0042
obligations,0.1313,0.0039
nuds,0.1313,0.0042
contraire,0.1313,0.0041
rend,0.1313,0.0030
maturité,0.1312,0.0038
auguste,0.1312,0.0047
num,0.1312,0.0052
fassent,0.1312,0.0036
tremble,0.1312,0.0045
prodigieuse,0.1312,0.0036
aut,0.1312,0.0050
neptune,0.1312,0.0045
ouvriers,0.1312,0.0035
cultiver,0.1312,0.0040
dien,0.1311,0.0049
l'amour,0.1311,0.0037
comté,0.1311,0.0046
faillie,0.1311,0.0059
derriere,0.1311,0.0044
ipse,0.1311,0.0057
erre,0.1311,0.0036
morceau,0.1311,0.0038
gagner,0.1311,0.0036
proverbe,0.1311,0.0056
qu'aucun,0.1310,0.0036
raccommoder,0.1310,0.0054
latitude,0.1310,0.0039
l'excellence,0.1310,0.0047
ecclésiastiques,0.1310,0.0037
venue,0.1310,0.0038
vrage,0.1310,0.0050
visages,0.1310,0.0040
voient,0.1310,0.0033
attend,0.1309,0.0038
apparemment,0.1309,0.0043
allumée,0.1309,0.0044
perdre,0.1309,0.0035
empêche,0.1309,0.0038
retirer,0.1309,0.0035
parlerons,0.1309,0.0033
d'italie,0.1309,0.0048
aimant,0.1309,0.0053
m'y,0.1309,0.0037
ignorans,0.1309,0.0044
gracieux,0.1309,0.0048
riches,0.1309,0.0037
ferois,0.1309,0.0036
regner,0.1308,0.0048
entendoit,0.1308,0.0040
examiner,0.1308,0.0036
fans,0.1308,0.0046
vantent,0.1308,0.0042
habillé,0.1308,0.0047
perdu,0.1308,0.0033
hérétiques,0.1308,0.0049
virent,0.1308,0.0037
lieues,0.1308,0.0034
commencé,0.1308,0.0031
etoiles,0.1308,0.0052
conclue,0.1308,0.0047
critiques,0.1308,0.0040
intelligence,0.1307,0.0037
ict,0.1307,0.0034
pcu,0.1307,0.0047
fonds,0.1307,0.0037
etoffes,0.1307,0.0050
noms,0.1307,0.0033
echevins,0.1307,0.0057
bride,0.1307,0.0044
d'apprendre,0.1307,0.0039
funeste,0.1306,0.0036
cabaret,0.1306,0.0046
farine,0.1306,0.0044
exploits,0.1306,0.0037
envers,0.1306,0.0036
chiffre,0.1306,0.0049
banc,0.1306,0.0048
employe,0.1306,0.0044
agit,0.1306,0.0038
ordonnances,0.1306,0.0036
depens,0.1305,0.0045
débiteurs,0.1305,0.0045
surintendant,0.1305,0.0047
l'épée,0.1305,0.0045
marier,0.1305,0.0041
alexandre,0.1305,0.0044
voyages,0.1305,0.0036
l'obliger,0.1305,0.0045
critique,0.1305,0.0044
fonts,0.1304,0.0034
criant,0.1304,0.0053
menace,0.1304,0.0040
reines,0.1304,0.0053
pourvoient,0.1304,0.0045
philosophes,0.1304,0.0035
chapitres,0.1304,0.0042
xvii,0.1304,0.0061
disons,0.1303,0.0048
eussent,0.1303,0.0029
tiendra,0.1303,0.0036
ainli,0.1303,0.0051
déja,0.1302,0.0031
nous,0.1302,0.0030
poulie,0.1302,0.0044
d'exactitude,0.1302,0.0039
ornée,0.1302,0.0041
finances,0.1302,0.0037
aliter,0.1302,0.0041
ôtoient,0.1302,0.0046
orné,0.1302,0.0040
cct,0.1302,0.0042
bailliages,0.1301,0.0044
victorieux,0.1301,0.0051
douze,0.1301,0.0037
tableau,0.1301,0.0037
revenu,0.1300,0.0041
descendre,0.1300,0.0039
extreme,0.1300,0.0047
dommage,0.1300,0.0043
troupeau,0.1300,0.0041
évêque,0.1299,0.0049
exploit,0.1299,0.0041
fabriquer,0.1299,0.0041
nations,0.1299,0.0032
écrits,0.1299,0.0037
croyait,0.1299,0.0054
carême,0.1299,0.0049
queue,0.1299,0.0047
entiere,0.1298,0.0040
décharge,0.1298,0.0054
trembler,0.1298,0.0040
battre,0.1298,0.0040
cntre,0.1298,0.0047
d'habits,0.1297,0.0053
commun,0.1297,0.0036
eos,0.1297,0.0046
admirer,0.1297,0.0040
verrai,0.1297,0.0045
assés,0.1297,0.0054
real,0.1296,0.0045
chap,0.1296,0.0040
rende,0.1296,0.0036
maximes,0.1296,0.0034
carosse,0.1296,0.0053
près,0.1296,0.0029
religieux,0.1296,0.0041
commentaire,0.1296,0.0050
vécut,0.1296,0.0042
tenez,0.1296,0.0040
mau,0.1296,0.0045
gorge,0.1296,0.0046
trajan,0.1295,0.0043
verge,0.1295,0.0048
d'orient,0.1295,0.0048
dernière,0.1295,0.0039
retablir,0.1295,0.0064
adieu,0.1295,0.0041
inclinations,0.1295,0.0038
liv,0.1295,0.0039
minerve,0.1294,0.0048
parfaits,0.1294,0.0043
sucres,0.1294,0.0042
courir,0.1294,0.0038
remit,0.1294,0.0043
tais,0.1294,0.0059
feras,0.1294,0.0043
surplus,0.1294,0.0046
combattre,0.1294,0.0042
n'en,0.1293,0.0031
addition,0.1293,0.0048
huitième,0.1293,0.0041
eff,0.1293,0.0046
dre,0.1293,0.0034
difficile,0.1293,0.0035
cut,0.1293,0.0044
expresse,0.1293,0.0039
sortant,0.1293,0.0054
eussiez,0.1292,0.0036
accueil,0.1292,0.0042
l'avoient,0.1292,0.0034
amours,0.1292,0.0038
route,0.1292,0.0033
duché,0.1292,0.0049
établi,0.1292,0.0037
jugea,0.1292,0.0034
souffrez,0.1292,0.0041
fera,0.1292,0.0028
coeur,0.1292,0.0034
fumée,0.1292,0.0044
ean,0.1292,0.0041
doi,0.1292,0.0034
félon,0.1292,0.0042
remises,0.1291,0.0041
conclu,0.1291,0.0038
bit,0.1291,0.0044
marche,0.1291,0.0037
riant,0.1291,0.0045
afrique,0.1291,0.0047
fond,0.1291,0.0033
produisent,0.1291,0.0034
carte,0.1291,0.0035
différence,0.1290,0.0033
innocens,0.1290,0.0045
proches,0.1290,0.0037
obligée,0.1290,0.0030
face,0.1290,0.0039
levée,0.1290,0.0046
trompent,0.1290,0.0035
imprimeur,0.1290,0.0037
d'espace,0.1289,0.0043
mises,0.1289,0.0034
atque,0.1289,0.0053
marquis,0.1289,0.0046
semblables,0.1289,0.0034
racine,0.1289,0.0036
d'efpagne,0.1289,0.0048
garda,0.1289,0.0048
morts,0.1289,0.0038
puise,0.1288,0.0041
d'instrumens,0.1288,0.0047
ricn,0.1288,0.0049
ico,0.1288,0.0037
rotterdam,0.1288,0.0053
tenoit,0.1288,0.0035
muid,0.1288,0.0034
bêtes,0.1288,0.0041
pareille,0.1288,0.0033
luis,0.1288,0.0050
favorablement,0.1287,0.0038
harnois,0.1287,0.0045
edifices,0.1287,0.0048
reçu,0.1287,0.0031
chauffer,0.1287,0.0046
male,0.1287,0.0051
xxii,0.1287,0.0064
l'hôtel,0.1286,0.0043
nomme,0.1286,0.0034
qualité,0.1286,0.0036
envoye,0.1286,0.0047
prouvé,0.1286,0.0044
éclater,0.1286,0.0038
cavalier,0.1286,0.0049
venans,0.1286,0.0054
quine,0.1286,0.0068
maîtres,0.1285,0.0035
sauroient,0.1285,0.0043
vouloir,0.1285,0.0037
morte,0.1285,0.0037
sent,0.1285,0.0036
police,0.1285,0.0039
satyres,0.1285,0.0051
pinceau,0.1285,0.0045
pois,0.1284,0.0040
fendre,0.1284,0.0055
omnis,0.1284,0.0050
m'ait,0.1284,0.0040
l'addition,0.1284,0.0045
tempore,0.1284,0.0044
qli,0.1284,0.0047
travers,0.1284,0.0038
raillerie,0.1284,0.0047
ordures,0.1284,0.0053
laissent,0.1284,0.0030
meilleures,0.1284,0.0037
sii,0.1284,0.0040
saurai,0.1284,0.0049
l'humilité,0.1283,0.0050
inconvénient,0.1283,0.0039
barque,0.1283,0.0048
montfort,0.1283,0.0055
antiques,0.1283,0.0045
bona,0.1283,0.0048
martyr,0.1283,0.0054
obligation,0.1283,0.0037
appellent,0.1283,0.0035
abeilles,0.1282,0.0053
enquêtes,0.1282,0.0041
pommes,0.1282,0.0044
voyent,0.1282,0.0035
ecclésiastique,0.1282,0.0039
d'cn,0.1282,0.0044
trouvons,0.1282,0.0035
destin,0.1281,0.0040
greffes,0.1281,0.0037
rouges,0.1281,0.0044
terrible,0.1281,0.0039
carnage,0.1281,0.0047
lots,0.1281,0.0056
faim,0.1281,0.0039
danger,0.1281,0.0036
sec,0.1281,0.0047
pratiqué,0.1281,0.0040
espagnols,0.1281,0.0038
liqueurs,0.1281,0.0044
and,0.1281,0.0038
trouvai,0.1281,0.0043
consciences,0.1280,0.0055
mêlé,0.1280,0.0037
endroits,0.1280,0.0031
auriez,0.1280,0.0035
moyen,0.1280,0.0032
diverti,0.1280,0.0056
d'entre,0.1280,0.0034
idée,0.1280,0.0036
l'affaire,0.1280,0.0037
xxi,0.1280,0.0062
d'au,0.1280,0.0038
jetter,0.1279,0.0031
travailler,0.1279,0.0035
particulier,0.1279,0.0033
demandez,0.1279,0.0037
mats,0.1279,0.0054
montrant,0.1279,0.0048
tourner,0.1279,0.0039
étois,0.1279,0.0039
pontife,0.1279,0.0049
l'achat,0.1278,0.0050
promener,0.1278,0.0038
l'amende,0.1278,0.0043
jouir,0.1278,0.0034
poussent,0.1278,0.0037
ark,0.1277,0.0029
apprit,0.1277,0.0038
cinq,0.1277,0.0033
angleterre,0.1277,0.0036
appellée,0.1277,0.0039
mortem,0.1277,0.0044
bled,0.1277,0.0042
malice,0.1277,0.0052
l'avis,0.1277,0.0041
charmante,0.1277,0.0038
nem,0.1277,0.0042
serre,0.1276,0.0048
s'entend,0.1276,0.0051
pouces,0.1276,0.0033
monograph,0.1276,0.0035
verre,0.1275,0.0045
oui,0.1275,0.0037
m'aime,0.1275,0.0047
traiter,0.1275,0.0039
sera,0.1275,0.0032
mettant,0.1275,0.0035
caracteres,0.1275,0.0045
meurent,0.1275,0.0037
douzaine,0.1275,0.0043
rubis,0.1275,0.0052
louanges,0.1274,0.0035
l'existence,0.1274,0.0038
éloignée,0.1274,0.0038
détachement,0.1274,0.0042
ios,0.1274,0.0038
mêlent,0.1274,0.0038
claires,0.1274,0.0043
quarré,0.1274,0.0041
habiller,0.1274,0.0048
croire,0.1273,0.0041
thou,0.1273,0.0060
offices,0.1273,0.0040
gagne,0.1273,0.0040
maternel,0.1273,0.0045
éclatantes,0.1273,0.0042
rarefié,0.1273,0.0051
couronnes,0.1272,0.0036
seraient,0.1272,0.0037
nou,0.1272,0.0040
donnez,0.1272,0.0037
jointes,0.1272,0.0039
argument,0.1272,0.0044
arrivoit,0.1271,0.0034
pensées,0.1271,0.0035
fermée,0.1271,0.0039
légumes,0.1271,0.0040
triomphe,0.1271,0.0040
pendre,0.1271,0.0048
quelques,0.1271,0.0025
trouble,0.1271,0.0036
résolu,0.1271,0.0037
vieillard,0.1271,0.0040
public,0.1270,0.0035
cérémonie,0.1270,0.0041
faute,0.1270,0.0037
bourges,0.1270,0.0049
navigation,0.1270,0.0040
contrevenu,0.1270,0.0045
filets,0.1269,0.0045
coupées,0.1269,0.0044
sceptre,0.1269,0.0038
expliquer,0.1268,0.0039
peints,0.1268,0.0042
luc,0.1268,0.0045
levées,0.1268,0.0043
successeurs,0.1268,0.0033
causent,0.1268,0.0033
fait,0.1268,0.0030
marchez,0.1268,0.0049
bale,0.1268,0.0053
rapporter,0.1268,0.0032
normand,0.1268,0.0066
achever,0.1267,0.0039
lavoir,0.1267,0.0060
soyez,0.1267,0.0035
amour,0.1267,0.0034
cathédrale,0.1267,0.0053
septembre,0.1267,0.0042
amende,0.1267,0.0034
appeliez,0.1267,0.0047
censé,0.1266,0.0042
tombeaux,0.1266,0.0043
soit,0.1266,0.0029
maîtresses,0.1266,0.0046
l'estomac,0.1266,0.0051
sain,0.1266,0.0050
rompit,0.1265,0.0050
très,0.1265,0.0027
allemagne,0.1265,0.0045
dicere,0.1264,0.0044
tiges,0.1264,0.0043
animal,0.1264,0.0035
vaches,0.1264,0.0040
fix,0.1264,0.0035
yen,0.1264,0.0062
l'art,0.1264,0.0037
jette,0.1263,0.0033
vifs,0.1263,0.0036
millions,0.1263,0.0037
peint,0.1263,0.0034
certain,0.1263,0.0033
uni,0.1263,0.0047
omnia,0.1262,0.0050
right,0.1262,0.0039
m'ont,0.1261,0.0031
voile,0.1261,0.0035
secours,0.1261,0.0032
loup,0.1261,0.0043
contraires,0.1261,0.0033
mazarin,0.1261,0.0050
surprise,0.1261,0.0037
environné,0.1261,0.0039
glorieux,0.1261,0.0039
persuadée,0.1261,0.0046
antoine,0.1260,0.0044
oublié,0.1260,0.0038
prévaloir,0.1260,0.0045
fusse,0.1260,0.0044
zooo,0.1260,0.0038
commode,0.1260,0.0039
edits,0.1260,0.0040
aimé,0.1260,0.0039
n'être,0.1260,0.0032
arrivâmes,0.1260,0.0039
mêmes,0.1260,0.0029
romaine,0.1259,0.0044
crains,0.1259,0.0037
printems,0.1259,0.0046
passoit,0.1259,0.0035
d'écrire,0.1259,0.0041
vend,0.1259,0.0036
sujet,0.1259,0.0033
ols,0.1259,0.0032
avoient,0.1258,0.0029
alliance,0.1258,0.0035
l'avois,0.1258,0.0036
cil,0.1258,0.0038
licet,0.1258,0.0042
grange,0.1258,0.0049
camarade,0.1258,0.0050
empire,0.1258,0.0034
boëte,0.1258,0.0049
parlons,0.1258,0.0034
commandée,0.1258,0.0038
homine,0.1258,0.0053
desa,0.1258,0.0067
toto,0.1258,0.0035
chante,0.1257,0.0040
end,0.1257,0.0040
boisson,0.1257,0.0044
l'avant,0.1257,0.0045
accompagnée,0.1257,0.0040
verges,0.1257,0.0037
persuadé,0.1257,0.0039
vase,0.1257,0.0042
condamnent,0.1256,0.0040
cabinets,0.1256,0.0045
oppositions,0.1256,0.0051
d'arbres,0.1256,0.0038
admirablement,0.1256,0.0054
chargea,0.1256,0.0042
inclination,0.1256,0.0041
maurice,0.1256,0.0057
nymphes,0.1256,0.0044
vain,0.1255,0.0040
dette,0.1255,0.0045
feroient,0.1255,0.0029
n'arrive,0.1255,0.0035
peux,0.1255,0.0038
soupirs,0.1255,0.0035
appartient,0.1255,0.0034
réponse,0.1255,0.0036
graisse,0.1255,0.0049
vaudroit,0.1255,0.0038
semper,0.1255,0.0047
profond,0.1255,0.0038
regles,0.1255,0.0035
rien,0.1255,0.0038
éloge,0.1254,0.0039
laquelle,0.1254,0.0026
jar,0.1254,0.0049
cherchons,0.1254,0.0043
plainte,0.1254,0.0045
médiocrement,0.1254,0.0048
coucher,0.1254,0.0032
tournai,0.1254,0.0056
repos,0.1254,0.0038
duquel,0.1253,0.0031
jouent,0.1253,0.0033
gentilshommes,0.1253,0.0042
sculpteurs,0.1253,0.0047
s'agissoit,0.1253,0.0033
divinité,0.1252,0.0040
lignes,0.1252,0.0039
mourant,0.1252,0.0043
ellcs,0.1252,0.0046
telles,0.1252,0.0032
viande,0.1252,0.0039
large,0.1251,0.0034
lesquelles,0.1251,0.0028
gagnent,0.1251,0.0033
remedes,0.1251,0.0041
portugais,0.1251,0.0038
vizirs,0.1251,0.0063
prends,0.1251,0.0041
toucha,0.1251,0.0046
propter,0.1251,0.0049
souveraines,0.1250,0.0039
regni,0.1250,0.0037
morceaux,0.1250,0.0034
âne,0.1250,0.0045
distance,0.1250,0.0034
aujourd'hui,0.1250,0.0034
frayeur,0.1250,0.0039
huic,0.1249,0.0047
contraignit,0.1249,0.0049
plûpart,0.1249,0.0044
tems,0.1249,0.0028
magna,0.1249,0.0045
retour,0.1249,0.0030
conciles,0.1249,0.0045
souvenez,0.1249,0.0036
domum,0.1249,0.0055
placer,0.1248,0.0036
unc,0.1248,0.0043
condition,0.1248,0.0035
tort,0.1248,0.0042
naturelles,0.1248,0.0039
actes,0.1248,0.0038
mander,0.1248,0.0034
enfant,0.1248,0.0031
changée,0.1248,0.0042
lignifie,0.1247,0.0041
fauroient,0.1247,0.0045
j'étais,0.1247,0.0044
certains,0.1247,0.0029
fimes,0.1247,0.0051
scpt,0.1247,0.0042
goldsmithsâ,0.1247,0.0039
achevée,0.1247,0.0037
vim,0.1247,0.0038
trompettes,0.1246,0.0043
reprit,0.1246,0.0034
vuider,0.1246,0.0052
éclats,0.1246,0.0043
cherchez,0.1246,0.0040
pendant,0.1246,0.0025
l'as,0.1246,0.0041
xix,0.1246,0.0058
trouve,0.1246,0.0026
l'avons,0.1246,0.0028
manuscrit,0.1245,0.0047
commençoit,0.1245,0.0040
cru,0.1245,0.0032
accablé,0.1245,0.0038
voici,0.1245,0.0029
foins,0.1245,0.0032
artifice,0.1245,0.0042
published,0.1245,0.0038
abonde,0.1244,0.0037
livourne,0.1244,0.0048
chrétiennes,0.1244,0.0047
mêmc,0.1244,0.0066
comprendre,0.1244,0.0038
morbleu,0.1244,0.0057
usi,0.1244,0.0042
diver,0.1244,0.0048
d'hiver,0.1243,0.0045
guérir,0.1243,0.0041
verbal,0.1243,0.0033
flandres,0.1243,0.0049
donnée,0.1243,0.0033
prises,0.1243,0.0041
jugée,0.1243,0.0040
entendre,0.1243,0.0032
tailles,0.1243,0.0036
altesse,0.1243,0.0050
ennuis,0.1243,0.0043
tempora,0.1242,0.0046
égard,0.1242,0.0032
commandé,0.1242,0.0042
manche,0.1242,0.0046
plis,0.1242,0.0049
remercier,0.1242,0.0038
vivoit,0.1242,0.0038
clair,0.1242,0.0038
c'ef,0.1241,0.0035
apporté,0.1241,0.0037
polir,0.1241,0.0043
blé,0.1241,0.0050
amandes,0.1241,0.0036
baptiste,0.1241,0.0051
vicomte,0.1241,0.0052
direz,0.1240,0.0035
serais,0.1240,0.0045
vainqueur,0.1240,0.0039
avisé,0.1240,0.0042
fameuse,0.1240,0.0039
guerres,0.1240,0.0035
auroit,0.1240,0.0027
lou,0.1240,0.0048
étudié,0.1240,0.0037
chaudes,0.1240,0.0047
genoux,0.1240,0.0033
maudit,0.1239,0.0048
mémoires,0.1239,0.0044
mettent,0.1239,0.0030
examinez,0.1239,0.0052
telle,0.1239,0.0031
legs,0.1239,0.0057
nourrice,0.1239,0.0048
qu'auparavant,0.1239,0.0046
courts,0.1239,0.0037
maxime,0.1239,0.0037
ferme,0.1239,0.0040
d'eux,0.1239,0.0031
tailleur,0.1239,0.0046
empêcher,0.1239,0.0034
rouen,0.1238,0.0052
habitans,0.1238,0.0030
superieurs,0.1238,0.0055
capable,0.1238,0.0033
forts,0.1238,0.0036
enregistrées,0.1238,0.0039
paru,0.1238,0.0032
commencer,0.1237,0.0034
auroient,0.1237,0.0028
relation,0.1237,0.0040
riviere,0.1237,0.0038
notoire,0.1237,0.0052
idoles,0.1237,0.0044
s'accorde,0.1237,0.0038
parut,0.1237,0.0031
merveilles,0.1236,0.0039
parlerai,0.1236,0.0039
vêtu,0.1236,0.0040
n'aurait,0.1236,0.0039
crût,0.1236,0.0042
sentit,0.1236,0.0036
attaché,0.1236,0.0035
docteur,0.1236,0.0048
clef,0.1235,0.0043
mît,0.1235,0.0042
retiré,0.1235,0.0034
prononciation,0.1235,0.0038
moquer,0.1235,0.0048
sale,0.1235,0.0058
n'eurent,0.1234,0.0034
fuyez,0.1234,0.0042
été,0.1234,0.0024
m'ayant,0.1234,0.0041
l'écorce,0.1234,0.0039
ample,0.1234,0.0035
brabant,0.1234,0.0052
répondit,0.1233,0.0032
perfonne,0.1233,0.0045
parfaite,0.1233,0.0036
attendre,0.1233,0.0033
grecs,0.1233,0.0031
rarement,0.1233,0.0037
autrc,0.1233,0.0042
sorbonne,0.1233,0.0046
s'arrêter,0.1232,0.0044
général,0.1232,0.0034
n'ait,0.1232,0.0027
traita,0.1232,0.0047
larcin,0.1232,0.0049
l'autel,0.1232,0.0044
couverte,0.1232,0.0032
débiteur,0.1232,0.0042
d'expliquer,0.1232,0.0039
vîmes,0.1231,0.0043
fines,0.1231,0.0039
l'election,0.1231,0.0058
enfermer,0.1231,0.0042
rames,0.1231,0.0050
recours,0.1231,0.0033
amendes,0.1231,0.0044
l'entretenir,0.1231,0.0056
accourut,0.1230,0.0049
courte,0.1230,0.0038
d'ouvrages,0.1230,0.0040
couvrir,0.1230,0.0035
écrire,0.1230,0.0038
publier,0.1230,0.0042
mur,0.1230,0.0040
avertir,0.1230,0.0033
jugement,0.1229,0.0034
censeur,0.1229,0.0042
chevaliers,0.1229,0.0041
fignifie,0.1229,0.0037
conviendra,0.1229,0.0048
histoires,0.1229,0.0036
extraction,0.1229,0.0048
hic,0.1229,0.0046
grains,0.1229,0.0038
description,0.1228,0.0037
conclusions,0.1228,0.0039
providence,0.1228,0.0038
j'ose,0.1228,0.0037
conjecture,0.1228,0.0040
valoir,0.1228,0.0034
digne,0.1228,0.0033
l'europe,0.1228,0.0033
aucune,0.1227,0.0027
modern,0.1227,0.0038
convenu,0.1227,0.0036
inutile,0.1227,0.0036
loi,0.1226,0.0035
accompagné,0.1226,0.0037
sti,0.1226,0.0040
trafic,0.1226,0.0040
condamne,0.1226,0.0043
egard,0.1226,0.0053
allant,0.1226,0.0053
avoit,0.1226,0.0027
paisiblement,0.1226,0.0038
tombeau,0.1226,0.0036
n'aurois,0.1225,0.0034
commença,0.1225,0.0031
donnons,0.1225,0.0045
omni,0.1225,0.0044
css,0.1225,0.0041
mon,0.1225,0.0029
ote,0.1225,0.0041
participation,0.1225,0.0048
rai,0.1225,0.0040
college,0.1224,0.0048
raconter,0.1224,0.0036
villiers,0.1224,0.0056
blessé,0.1224,0.0034
vrai,0.1224,0.0034
remet,0.1224,0.0043
sept,0.1224,0.0043
requise,0.1224,0.0049
pièce,0.1223,0.0035
parmi,0.1223,0.0028
coloris,0.1223,0.0038
n'aurez,0.1223,0.0032
bergers,0.1223,0.0038
prirent,0.1223,0.0034
lans,0.1223,0.0045
iii,0.1222,0.0041
vignes,0.1222,0.0036
panier,0.1222,0.0048
fleur,0.1222,0.0043
enregistrer,0.1222,0.0044
présentes,0.1222,0.0038
latins,0.1222,0.0038
appellé,0.1221,0.0039
consentement,0.1221,0.0034
contenterai,0.1221,0.0037
forte,0.1221,0.0030
divertis,0.1221,0.0050
redevances,0.1221,0.0039
ferons,0.1221,0.0031
manda,0.1221,0.0046
nette,0.1221,0.0045
accommodement,0.1221,0.0038
comtes,0.1221,0.0041
faits,0.1221,0.0029
opération,0.1221,0.0037
farce,0.1220,0.0039
regne,0.1220,0.0031
iut,0.1220,0.0034
monté,0.1220,0.0032
mentionnées,0.1220,0.0038
risque,0.1219,0.0034
tribuns,0.1219,0.0037
parens,0.1219,0.0031
d'ardeur,0.1219,0.0035
enfants,0.1219,0.0034
rendrai,0.1219,0.0040
veri,0.1219,0.0042
opposa,0.1219,0.0034
aurions,0.1219,0.0034
donnait,0.1219,0.0039
ion,0.1218,0.0036
mandement,0.1218,0.0040
l'entrée,0.1218,0.0041
presque,0.1218,0.0028
voila,0.1218,0.0038
baume,0.1218,0.0046
https,0.1218,0.0027
miles,0.1218,0.0039
occasion,0.1218,0.0031
voute,0.1217,0.0048
locum,0.1217,0.0045
manqueront,0.1217,0.0039
tail,0.1217,0.0046
pieces,0.1217,0.0038
marché,0.1217,0.0038
l'interêt,0.1217,0.0052
commande,0.1217,0.0041
être,0.1216,0.0027
resulte,0.1216,0.0056
cochon,0.1216,0.0042
focieté,0.1216,0.0063
déclarent,0.1216,0.0041
souvent,0.1216,0.0028
xxiv,0.1216,0.0062
glorieuse,0.1215,0.0040
venire,0.1215,0.0048
peur,0.1215,0.0036
d'autres,0.1215,0.0025
amant,0.1215,0.0034
taille,0.1215,0.0038
propre,0.1215,0.0032
commencement,0.1214,0.0029
combien,0.1214,0.0030
premieres,0.1214,0.0036
diables,0.1214,0.0046
familiarité,0.1214,0.0041
celle,0.1213,0.0026
fai,0.1213,0.0042
fîmes,0.1213,0.0041
caton,0.1213,0.0039
l'ame,0.1213,0.0035
siécles,0.1213,0.0035
j'y,0.1213,0.0031
conduit,0.1213,0.0034
honnête,0.1212,0.0039
écrites,0.1212,0.0031
journée,0.1212,0.0037
quelconques,0.1212,0.0046
surnom,0.1212,0.0037
l'egard,0.1212,0.0067
pavillons,0.1212,0.0040
d'autriche,0.1212,0.0041
enterrer,0.1212,0.0045
courtisan,0.1212,0.0046
desdites,0.1211,0.0034
gagné,0.1211,0.0035
service,0.1211,0.0031
accomplir,0.1211,0.0051
ayez,0.1211,0.0032
portait,0.1211,0.0047
fauroit,0.1211,0.0032
dol,0.1211,0.0045
exemples,0.1211,0.0031
quitta,0.1211,0.0040
luxembourg,0.1210,0.0060
détail,0.1210,0.0032
étonné,0.1210,0.0036
suiffé,0.1210,0.0049
potuit,0.1210,0.0039
vifible,0.1210,0.0053
ifle,0.1210,0.0040
porté,0.1210,0.0030
cest,0.1210,0.0042
laissé,0.1210,0.0030
quele,0.1210,0.0054
achevez,0.1210,0.0047
surprenante,0.1209,0.0039
noire,0.1209,0.0042
populi,0.1209,0.0046
diamans,0.1209,0.0041
feroit,0.1209,0.0029
moments,0.1209,0.0036
goût,0.1208,0.0032
land,0.1208,0.0040
distinction,0.1208,0.0033
seroient,0.1208,0.0032
depend,0.1208,0.0050
poil,0.1208,0.0037
porteur,0.1208,0.0044
quarante,0.1207,0.0033
moi,0.1207,0.0033
loups,0.1207,0.0038
d'anjou,0.1207,0.0048
d'affaire,0.1207,0.0042
croi,0.1207,0.0049
fêtes,0.1207,0.0037
cuite,0.1207,0.0041
adorer,0.1206,0.0043
valablement,0.1206,0.0046
elections,0.1206,0.0040
graces,0.1206,0.0031
den,0.1206,0.0046
dicit,0.1206,0.0035
vix,0.1206,0.0041
prît,0.1205,0.0039
poignée,0.1205,0.0039
latine,0.1205,0.0039
attends,0.1205,0.0051
montez,0.1205,0.0046
pouviez,0.1205,0.0034
devise,0.1205,0.0052
arrets,0.1205,0.0045
crier,0.1205,0.0036
bouts,0.1204,0.0031
déclaration,0.1204,0.0037
quae,0.1204,0.0054
canelle,0.1204,0.0037
aurois,0.1204,0.0036
matelots,0.1204,0.0040
voudrez,0.1204,0.0034
papier,0.1204,0.0039
att,0.1203,0.0036
d'estime,0.1203,0.0039
avez,0.1203,0.0026
secs,0.1203,0.0048
for,0.1203,0.0039
obtenir,0.1203,0.0035
nent,0.1203,0.0035
acheva,0.1203,0.0038
bourses,0.1203,0.0054
choses,0.1203,0.0031
netteté,0.1203,0.0039
l'eût,0.1202,0.0033
autre,0.1202,0.0027
espece,0.1202,0.0031
négociant,0.1202,0.0039
millier,0.1202,0.0049
authentique,0.1202,0.0043
narration,0.1202,0.0039
ordinairement,0.1201,0.0030
sombres,0.1201,0.0037
ait,0.1201,0.0025
n'est,0.1201,0.0026
journal,0.1201,0.0042
couchée,0.1200,0.0043
sainteté,0.1200,0.0046
trouverent,0.1200,0.0042
n'ayant,0.1200,0.0027
habet,0.1200,0.0049
domestiques,0.1200,0.0036
nient,0.1200,0.0043
voulût,0.1199,0.0036
portes,0.1199,0.0032
cacha,0.1199,0.0047
attributs,0.1199,0.0033
jetterent,0.1199,0.0042
plut,0.1199,0.0056
craignez,0.1199,0.0033
jugées,0.1199,0.0037
hazard,0.1199,0.0037
arrêt,0.1198,0.0033
rapport,0.1198,0.0031
n'eussent,0.1198,0.0034
d'avis,0.1198,0.0035
soin,0.1198,0.0032
mouvement,0.1198,0.0030
étoffe,0.1198,0.0042
éternelles,0.1198,0.0042
simple,0.1198,0.0034
s'étoient,0.1197,0.0031
taxé,0.1197,0.0058
last,0.1197,0.0038
chapeau,0.1197,0.0047
parlent,0.1197,0.0032
ardeurs,0.1197,0.0035
l'article,0.1197,0.0033
produit,0.1197,0.0032
égale,0.1197,0.0032
titres,0.1197,0.0034
vendredi,0.1197,0.0056
collation,0.1196,0.0054
fraîche,0.1196,0.0042
l'histoire,0.1196,0.0028
mour,0.1196,0.0043
grain,0.1196,0.0039
confirmé,0.1196,0.0041
are,0.1196,0.0045
sors,0.1196,0.0064
foir,0.1196,0.0040
couler,0.1196,0.0032
opinion,0.1195,0.0036
moutons,0.1195,0.0039
témoignage,0.1195,0.0032
continua,0.1195,0.0038
enseigner,0.1195,0.0044
théologie,0.1195,0.0040
cruelle,0.1195,0.0035
tâché,0.1195,0.0033
cage,0.1195,0.0043
his,0.1194,0.0044
croyoit,0.1194,0.0031
gain,0.1194,0.0038
plats,0.1194,0.0036
charmant,0.1194,0.0040
pourrait,0.1193,0.0035
épouvantable,0.1193,0.0043
élevée,0.1193,0.0033
validité,0.1193,0.0044
dragons,0.1193,0.0042
doute,0.1193,0.0031
cris,0.1193,0.0029
étoit,0.1193,0.0025
omnibus,0.1193,0.0046
juifs,0.1192,0.0034
souffrances,0.1192,0.0039
régiment,0.1192,0.0041
corsaires,0.1192,0.0052
lune,0.1192,0.0039
prétendu,0.1192,0.0043
altera,0.1192,0.0041
seigneuries,0.1192,0.0047
couru,0.1192,0.0035
hazarder,0.1192,0.0051
j'eusse,0.1192,0.0037
temps,0.1191,0.0028
berger,0.1191,0.0042
publiques,0.1191,0.0037
division,0.1191,0.0037
julqu'à,0.1190,0.0050
frit,0.1190,0.0046
auteurs,0.1190,0.0028
métier,0.1190,0.0035
finir,0.1190,0.0037
contrefaire,0.1190,0.0044
herbe,0.1189,0.0040
laide,0.1189,0.0055
volé,0.1189,0.0041
tâchez,0.1189,0.0039
agréables,0.1189,0.0033
colonel,0.1189,0.0045
pointe,0.1189,0.0038
conseils,0.1189,0.0032
l'oraison,0.1188,0.0051
aumônes,0.1188,0.0044
d'avec,0.1188,0.0034
grace,0.1188,0.0031
suivantes,0.1188,0.0039
chien,0.1188,0.0038
trous,0.1188,0.0036
blancs,0.1188,0.0038
marcher,0.1188,0.0032
primer,0.1188,0.0034
douleurs,0.1188,0.0032
largeur,0.1187,0.0032
depense,0.1187,0.0048
ennemis,0.1187,0.0030
s'être,0.1187,0.0029
meres,0.1187,0.0038
d'etat,0.1187,0.0038
latin,0.1187,0.0039
scra,0.1187,0.0040
garni,0.1187,0.0044
tum,0.1187,0.0051
ouverte,0.1187,0.0034
purifie,0.1186,0.0049
vapeurs,0.1186,0.0034
fideles,0.1186,0.0041
disoit,0.1186,0.0033
levant,0.1186,0.0039
l'auteur,0.1185,0.0036
sans,0.1185,0.0027
pouvois,0.1185,0.0031
l'ordre,0.1185,0.0031
foudre,0.1185,0.0037
juger,0.1185,0.0034
prenoit,0.1185,0.0029
formule,0.1185,0.0037
serment,0.1185,0.0039
intime,0.1184,0.0037
race,0.1184,0.0033
ccttc,0.1184,0.0040
cloux,0.1184,0.0039
quelles,0.1184,0.0026
belli,0.1184,0.0048
j'estime,0.1184,0.0053
l'ombre,0.1184,0.0042
vivez,0.1184,0.0044
recette,0.1183,0.0039
payement,0.1183,0.0032
d'angleterre,0.1183,0.0036
serai,0.1183,0.0037
riche,0.1183,0.0031
enne,0.1183,0.0040
maris,0.1183,0.0033
remarquez,0.1182,0.0043
chambellan,0.1182,0.0040
soyons,0.1182,0.0039
plein,0.1182,0.0035
garder,0.1182,0.0033
ergo,0.1181,0.0050
demandoit,0.1181,0.0033
diane,0.1181,0.0043
hominum,0.1181,0.0045
meilleure,0.1181,0.0031
quia,0.1181,0.0042
domicile,0.1181,0.0038
paniers,0.1181,0.0039
vivre,0.1181,0.0034
dis,0.1180,0.0034
fane,0.1180,0.0046
amis,0.1180,0.0029
fussent,0.1180,0.0026
promenade,0.1180,0.0047
tam,0.1180,0.0039
conformité,0.1179,0.0039
aisé,0.1179,0.0032
exprimé,0.1179,0.0039
l'envoya,0.1179,0.0047
matiere,0.1179,0.0036
momus,0.1179,0.0054
pouvoir,0.1179,0.0034
quant,0.1179,0.0035
suivi,0.1179,0.0030
voyoit,0.1179,0.0030
fore,0.1178,0.0043
quelque,0.1178,0.0028
parlez,0.1178,0.0034
départ,0.1178,0.0029
sceau,0.1178,0.0035
hier,0.1178,0.0042
pouir,0.1178,0.0040
sommeil,0.1178,0.0037
côtes,0.1177,0.0031
trouvâmes,0.1177,0.0037
martin,0.1177,0.0042
content,0.1177,0.0032
ainé,0.1177,0.0043
beaucoup,0.1176,0.0029
l'ordonnance,0.1176,0.0042
jacob,0.1176,0.0052
nourrir,0.1176,0.0033
sucre,0.1175,0.0039
soufre,0.1175,0.0049
out,0.1175,0.0041
pourquoi,0.1175,0.0031
verrez,0.1175,0.0031
temporels,0.1175,0.0040
l'espagne,0.1175,0.0042
memoire,0.1175,0.0045
croix,0.1175,0.0042
connoissance,0.1175,0.0034
loix,0.1174,0.0030
jetté,0.1174,0.0035
bataillons,0.1174,0.0033
n'étaient,0.1174,0.0033
troyes,0.1174,0.0045
accorder,0.1174,0.0035
mette,0.1174,0.0034
courante,0.1174,0.0038
tunc,0.1174,0.0031
hauts,0.1174,0.0044
confesseur,0.1174,0.0050
cinquante,0.1173,0.0033
retournez,0.1173,0.0050
puissiez,0.1173,0.0034
perfide,0.1173,0.0040
firent,0.1173,0.0029
croye,0.1172,0.0039
piéce,0.1172,0.0042
fon,0.1172,0.0039
famille,0.1172,0.0029
n'elt,0.1172,0.0032
enfers,0.1172,0.0036
trop,0.1172,0.0032
pussent,0.1171,0.0029
chrétienne,0.1171,0.0038
enseignent,0.1171,0.0038
relevant,0.1171,0.0056
our,0.1171,0.0039
user,0.1171,0.0037
chanoines,0.1170,0.0037
union,0.1170,0.0033
peines,0.1170,0.0031
roidir,0.1170,0.0048
manière,0.1170,0.0029
jugeront,0.1170,0.0031
cas,0.1170,0.0032
verds,0.1170,0.0041
parfaites,0.1169,0.0043
testamens,0.1169,0.0048
ferez,0.1169,0.0030
mesure,0.1169,0.0036
rencontré,0.1169,0.0034
ronde,0.1169,0.0039
vite,0.1169,0.0037
onces,0.1169,0.0036
excepter,0.1169,0.0035
orientaux,0.1169,0.0038
marquoit,0.1169,0.0040
verrons,0.1169,0.0031
fortune,0.1168,0.0034
fournir,0.1168,0.0030
puis,0.1168,0.0029
priez,0.1168,0.0049
siecles,0.1168,0.0032
ordonnance,0.1168,0.0038
oreilles,0.1168,0.0033
fou,0.1167,0.0036
dommages,0.1167,0.0032
liront,0.1167,0.0031
eût,0.1167,0.0026
home,0.1167,0.0055
aurons,0.1167,0.0032
provenans,0.1167,0.0046
aprs,0.1167,0.0044
autrefois,0.1167,0.0031
d'especes,0.1167,0.0051
nouvelle,0.1166,0.0028
permettons,0.1166,0.0034
certaines,0.1166,0.0027
charmé,0.1166,0.0035
cruel,0.1166,0.0036
edition,0.1166,0.0035
murailles,0.1166,0.0035
aîles,0.1166,0.0043
sinon,0.1165,0.0043
intimes,0.1165,0.0037
chagrin,0.1165,0.0037
lcs,0.1165,0.0037
dcl,0.1165,0.0035
terns,0.1165,0.0039
courans,0.1165,0.0038
clou,0.1165,0.0044
intitulé,0.1164,0.0035
ooo,0.1164,0.0040
cachez,0.1164,0.0042
d'avoir,0.1164,0.0025
admirable,0.1164,0.0034
enfermé,0.1164,0.0038
nommée,0.1164,0.0036
mentir,0.1164,0.0051
navarre,0.1164,0.0036
moque,0.1163,0.0046
coupe,0.1163,0.0040
redire,0.1163,0.0040
jours,0.1163,0.0025
octobre,0.1163,0.0047
certaine,0.1163,0.0031
expliquées,0.1163,0.0042
dormir,0.1163,0.0037
naissance,0.1163,0.0031
platon,0.1163,0.0040
chantons,0.1163,0.0044
justification,0.1163,0.0044
apporta,0.1162,0.0041
requises,0.1162,0.0035
drap,0.1162,0.0039
explique,0.1162,0.0038
muraille,0.1162,0.0036
bons,0.1162,0.0030
honneur,0.1162,0.0033
exercice,0.1162,0.0038
bagatelle,0.1162,0.0043
ibidem,0.1162,0.0043
d'elles,0.1162,0.0033
ayons,0.1161,0.0033
pourrai,0.1161,0.0033
remarqué,0.1161,0.0030
fermer,0.1161,0.0034
qu'en,0.1161,0.0029
n'auroit,0.1161,0.0025
trente,0.1160,0.0034
négocians,0.1160,0.0037
payen,0.1160,0.0056
immuable,0.1160,0.0038
signée,0.1159,0.0035
faisons,0.1159,0.0035
veines,0.1159,0.0037
s'étant,0.1159,0.0035
freres,0.1159,0.0031
érant,0.1159,0.0053
assemblé,0.1159,0.0043
reposer,0.1159,0.0036
étonnée,0.1158,0.0048
draps,0.1158,0.0036
saurais,0.1158,0.0042
dépeint,0.1158,0.0048
demander,0.1158,0.0028
j'eus,0.1158,0.0032
accomplis,0.1158,0.0039
defaire,0.1158,0.0051
degré,0.1157,0.0034
ceci,0.1157,0.0035
ordonna,0.1157,0.0035
tire,0.1157,0.0030
charger,0.1157,0.0036
créance,0.1157,0.0043
servent,0.1157,0.0031
privileges,0.1157,0.0034
appeller,0.1157,0.0035
cux,0.1157,0.0034
pavillon,0.1157,0.0034
vingt,0.1157,0.0029
façons,0.1156,0.0033
elizabeth,0.1156,0.0037
conti,0.1156,0.0037
doigts,0.1156,0.0031
violence,0.1156,0.0036
principauté,0.1156,0.0038
courtes,0.1156,0.0038
vobis,0.1155,0.0043
parce,0.1155,0.0030
examiné,0.1155,0.0031
moindre,0.1155,0.0033
lauriers,0.1155,0.0034
cum,0.1155,0.0044
l'équipage,0.1155,0.0039
gibier,0.1155,0.0043
s'appelle,0.1155,0.0038
l'union,0.1155,0.0044
dessous,0.1154,0.0036
bordeaux,0.1154,0.0034
civile,0.1154,0.0037
instamment,0.1154,0.0043
agréablement,0.1154,0.0043
chaque,0.1154,0.0026
avancée,0.1154,0.0040
partages,0.1153,0.0040
servi,0.1153,0.0029
demande,0.1153,0.0031
ouvrages,0.1153,0.0027
tourna,0.1153,0.0033
doutoit,0.1153,0.0033
n'avaient,0.1153,0.0033
ami,0.1152,0.0029
mouton,0.1152,0.0041
camarades,0.1152,0.0035
trône,0.1152,0.0031
procès,0.1152,0.0032
observant,0.1152,0.0046
suissent,0.1152,0.0038
entendu,0.1152,0.0030
meilleur,0.1151,0.0032
attraper,0.1151,0.0046
état,0.1151,0.0028
battu,0.1151,0.0040
demeure,0.1151,0.0034
che,0.1151,0.0034
sonne,0.1151,0.0034
catilina,0.1150,0.0043
longueur,0.1150,0.0032
humeurs,0.1150,0.0037
velours,0.1150,0.0038
diversement,0.1150,0.0049
tapis,0.1150,0.0035
cinquième,0.1149,0.0040
originaux,0.1149,0.0036
scio,0.1149,0.0040
cura,0.1149,0.0038
tranquilité,0.1149,0.0040
feuilles,0.1149,0.0034
volumes,0.1149,0.0035
sel,0.1149,0.0044
bâtons,0.1149,0.0044
coûté,0.1149,0.0030
derrière,0.1149,0.0037
infini,0.1149,0.0034
doit,0.1149,0.0024
mlle,0.1149,0.0057
servoient,0.1148,0.0033
t'a,0.1148,0.0036
chercher,0.1148,0.0030
eum,0.1148,0.0040
billets,0.1148,0.0037
passées,0.1148,0.0037
quatrième,0.1148,0.0038
defendre,0.1147,0.0051
logis,0.1147,0.0044
subtile,0.1147,0.0041
rois,0.1147,0.0028
compagnon,0.1147,0.0036
j'avois,0.1147,0.0028
courut,0.1147,0.0038
frères,0.1147,0.0032
donnoit,0.1147,0.0026
causoit,0.1147,0.0036
divins,0.1147,0.0043
propice,0.1146,0.0042
innocent,0.1146,0.0040
mirent,0.1146,0.0033
contenta,0.1146,0.0040
tombé,0.1146,0.0033
pou,0.1145,0.0029
aliquo,0.1145,0.0038
horrible,0.1145,0.0038
consuls,0.1145,0.0047
fécond,0.1145,0.0041
confiscation,0.1145,0.0034
clement,0.1145,0.0046
superbe,0.1145,0.0038
incommodité,0.1145,0.0050
quos,0.1144,0.0044
mauvais,0.1144,0.0030
viennent,0.1144,0.0028
d'un,0.1144,0.0022
l'appelle,0.1144,0.0039
connu,0.1144,0.0032
affligée,0.1143,0.0042
fondé,0.1143,0.0035
voudrais,0.1143,0.0044
tard,0.1143,0.0030
garçons,0.1143,0.0040
fissent,0.1143,0.0034
flor,0.1143,0.0034
commission,0.1143,0.0042
lieu,0.1143,0.0027
héritages,0.1142,0.0041
éclat,0.1142,0.0031
matieres,0.1142,0.0038
lont,0.1142,0.0035
tourné,0.1142,0.0035
avec,0.1141,0.0026
denrées,0.1141,0.0037
dura,0.1141,0.0028
messieurs,0.1141,0.0038
l'ont,0.1141,0.0026
contenté,0.1141,0.0030
bulle,0.1141,0.0046
l'au,0.1141,0.0033
n'aime,0.1141,0.0035
extraordinaire,0.1140,0.0035
l'exposer,0.1140,0.0039
was,0.1140,0.0039
italie,0.1140,0.0036
puissant,0.1140,0.0033
larges,0.1140,0.0034
léon,0.1139,0.0045
livrc,0.1139,0.0034
estimé,0.1139,0.0039
l'égard,0.1139,0.0030
préjudice,0.1138,0.0035
nettoyer,0.1138,0.0040
teins,0.1138,0.0033
j'allai,0.1138,0.0042
signifié,0.1138,0.0034
compliment,0.1138,0.0038
voyant,0.1138,0.0032
mouiller,0.1138,0.0040
rest,0.1138,0.0047
s'embarquer,0.1138,0.0043
crime,0.1138,0.0033
jugeons,0.1138,0.0041
d'elle,0.1138,0.0034
laissez,0.1138,0.0030
promis,0.1138,0.0031
humeur,0.1138,0.0033
remise,0.1137,0.0033
portraits,0.1137,0.0033
sacremens,0.1137,0.0037
fiefs,0.1137,0.0035
inscription,0.1137,0.0038
inconvenient,0.1137,0.0044
potier,0.1137,0.0044
accordez,0.1137,0.0041
sur,0.1137,0.0025
l'an,0.1136,0.0035
commodément,0.1136,0.0044
enfoncer,0.1136,0.0043
guéres,0.1136,0.0038
l'univers,0.1136,0.0035
provinces,0.1136,0.0030
considere,0.1136,0.0034
c'est,0.1136,0.0026
veuille,0.1136,0.0031
pouce,0.1136,0.0034
voulaient,0.1136,0.0040
assemblée,0.1136,0.0032
entendons,0.1136,0.0039
six,0.1136,0.0035
commissaires,0.1135,0.0038
vont,0.1135,0.0028
martyrs,0.1135,0.0044
âge,0.1135,0.0028
jettez,0.1135,0.0036
tonnerre,0.1135,0.0037
avis,0.1135,0.0028
nevers,0.1135,0.0041
décharger,0.1135,0.0043
empecher,0.1134,0.0050
seau,0.1134,0.0037
disciples,0.1134,0.0030
secretement,0.1134,0.0068
rejettent,0.1134,0.0037
chere,0.1134,0.0035
prés,0.1134,0.0038
témoigna,0.1134,0.0037
jugera,0.1134,0.0032
videntur,0.1134,0.0039
quelle,0.1133,0.0026
pousser,0.1133,0.0033
esprit,0.1133,0.0031
maitre,0.1133,0.0036
plutarque,0.1133,0.0040
pose,0.1133,0.0032
dimanches,0.1133,0.0034
maltraité,0.1133,0.0042
crever,0.1133,0.0044
acquis,0.1133,0.0033
icurs,0.1133,0.0041
goute,0.1133,0.0046
n'avois,0.1133,0.0029
eadem,0.1133,0.0037
nud,0.1132,0.0050
with,0.1132,0.0036
unies,0.1132,0.0038
agneau,0.1132,0.0043
jurisdiction,0.1132,0.0046
exposition,0.1131,0.0038
flot,0.1131,0.0039
ange,0.1131,0.0044
cadette,0.1130,0.0051
encor,0.1130,0.0035
tenant,0.1130,0.0034
clairement,0.1130,0.0033
exposant,0.1130,0.0033
rond,0.1129,0.0038
sommation,0.1129,0.0036
prend,0.1129,0.0025
linon,0.1129,0.0061
provisions,0.1128,0.0040
hom,0.1128,0.0032
destine,0.1128,0.0037
lord,0.1128,0.0042
placet,0.1128,0.0050
éte,0.1127,0.0039
gouverneurs,0.1127,0.0036
pâte,0.1127,0.0038
off,0.1127,0.0036
vassaux,0.1127,0.0040
dirons,0.1127,0.0032
parenté,0.1126,0.0039
exil,0.1126,0.0032
mcr,0.1126,0.0043
samedi,0.1126,0.0052
prenait,0.1126,0.0043
flots,0.1126,0.0031
descendit,0.1126,0.0041
patron,0.1126,0.0044
fortuna,0.1126,0.0050
compter,0.1126,0.0029
s'écria,0.1126,0.0032
marque,0.1126,0.0034
compagnes,0.1125,0.0040
humilité,0.1125,0.0042
arriver,0.1125,0.0028
heur,0.1125,0.0036
coffre,0.1125,0.0039
mystere,0.1125,0.0041
obtenues,0.1125,0.0038
autels,0.1125,0.0032
savant,0.1125,0.0041
j'avais,0.1125,0.0038
usances,0.1124,0.0043
théâtre,0.1124,0.0034
judicieux,0.1124,0.0044
l'ait,0.1124,0.0032
laisser,0.1124,0.0031
camp,0.1123,0.0036
amples,0.1123,0.0041
novembre,0.1123,0.0039
cardinaux,0.1123,0.0042
passé,0.1123,0.0028
rochers,0.1123,0.0033
assister,0.1123,0.0039
êrre,0.1123,0.0036
promesse,0.1123,0.0038
charles,0.1123,0.0034
primary,0.1122,0.0029
puisse,0.1122,0.0024
come,0.1122,0.0046
voisin,0.1122,0.0036
fervi,0.1122,0.0031
s'est,0.1122,0.0024
raconté,0.1122,0.0034
définition,0.1122,0.0044
comment,0.1122,0.0028
changer,0.1121,0.0033
préjudicier,0.1121,0.0045
chevaux,0.1121,0.0031
n'auroient,0.1121,0.0027
pût,0.1121,0.0025
retirée,0.1121,0.0038
d'honneur,0.1121,0.0033
surnommé,0.1120,0.0034
verra,0.1120,0.0027
clle,0.1120,0.0044
querir,0.1120,0.0060
mangent,0.1120,0.0031
ôter,0.1120,0.0033
rivieres,0.1120,0.0035
raiyon,0.1120,0.0051
allée,0.1120,0.0036
enseigne,0.1120,0.0041
comédie,0.1120,0.0040
eaux,0.1119,0.0030
savoye,0.1119,0.0039
manquera,0.1119,0.0035
paille,0.1119,0.0043
apres,0.1119,0.0035
omnes,0.1119,0.0049
criminels,0.1119,0.0035
pain,0.1118,0.0033
l'heure,0.1118,0.0033
d'ici,0.1118,0.0038
edit,0.1118,0.0033
ombres,0.1118,0.0032
concile,0.1118,0.0033
platte,0.1118,0.0040
principales,0.1118,0.0031
longtemps,0.1118,0.0029
espagne,0.1117,0.0037
mère,0.1117,0.0036
scilicet,0.1117,0.0039
pourra,0.1117,0.0025
sortez,0.1117,0.0042
melius,0.1117,0.0044
gris,0.1117,0.0038
commandement,0.1116,0.0036
quille,0.1116,0.0044
dites,0.1116,0.0032
envoyer,0.1116,0.0029
dogmes,0.1116,0.0035
rhin,0.1116,0.0036
proportions,0.1116,0.0036
n'a,0.1116,0.0022
étc,0.1116,0.0040
courons,0.1116,0.0047
david,0.1116,0.0042
femelles,0.1116,0.0045
janvier,0.1115,0.0039
sols,0.1115,0.0033
illius,0.1115,0.0040
tombe,0.1115,0.0029
fripon,0.1115,0.0042
ocr,0.1115,0.0025
l'assemblée,0.1114,0.0038
jugent,0.1114,0.0030
n'étoient,0.1114,0.0024
affaire,0.1114,0.0030
lyon,0.1114,0.0043
j'ai,0.1114,0.0024
ellc,0.1114,0.0048
jésuites,0.1114,0.0045
héritage,0.1114,0.0035
grandeur,0.1113,0.0032
habere,0.1113,0.0037
marc,0.1113,0.0045
montagnes,0.1113,0.0032
m'imagine,0.1113,0.0055
savoie,0.1113,0.0036
tou,0.1113,0.0030
dos,0.1113,0.0041
verbe,0.1113,0.0034
pitoyable,0.1112,0.0043
créanciers,0.1112,0.0033
chose,0.1112,0.0032
articles,0.1112,0.0028
tantum,0.1112,0.0038
put,0.1112,0.0026
sentences,0.1112,0.0035
disent,0.1112,0.0026
quittances,0.1112,0.0038
ouvrir,0.1112,0.0030
payée,0.1112,0.0032
feront,0.1111,0.0025
reliques,0.1111,0.0048
triste,0.1111,0.0032
matins,0.1111,0.0034
recommandable,0.1111,0.0037
étions,0.1111,0.0028
gloire,0.1111,0.0031
nest,0.1111,0.0035
bouteille,0.1111,0.0043
navires,0.1110,0.0035
espéces,0.1110,0.0044
valence,0.1110,0.0046
concil,0.1110,0.0035
obtenu,0.1110,0.0030
profanes,0.1110,0.0042
d'impatience,0.1110,0.0042
barbe,0.1110,0.0038
viri,0.1109,0.0038
ccs,0.1109,0.0039
banquiers,0.1109,0.0039
champ,0.1109,0.0031
marcus,0.1109,0.0048
nostri,0.1109,0.0043
erat,0.1109,0.0052
s'entendre,0.1109,0.0034
sortir,0.1109,0.0027
avions,0.1108,0.0031
faisoit,0.1108,0.0025
seulement,0.1108,0.0025
louis,0.1108,0.0034
aufli,0.1108,0.0036
travailloient,0.1108,0.0036
potest,0.1108,0.0036
passa,0.1108,0.0031
ost,0.1107,0.0042
descendu,0.1107,0.0036
figuré,0.1107,0.0037
falloit,0.1106,0.0026
épaisse,0.1106,0.0035
travaillent,0.1106,0.0029
parts,0.1106,0.0028
parier,0.1106,0.0040
m'avait,0.1106,0.0049
ouvrit,0.1106,0.0036
faisait,0.1106,0.0032
laver,0.1105,0.0031
épais,0.1105,0.0033
étant,0.1105,0.0026
doyen,0.1105,0.0042
first,0.1105,0.0031
tantôt,0.1105,0.0035
foyons,0.1105,0.0035
sont,0.1105,0.0024
l'original,0.1105,0.0036
jam,0.1105,0.0051
honnêtement,0.1105,0.0045
trouvent,0.1105,0.0025
signature,0.1105,0.0035
odeurs,0.1104,0.0043
trouveront,0.1104,0.0031
portrait,0.1104,0.0033
fasse,0.1104,0.0029
ferai,0.1104,0.0028
force,0.1104,0.0033
baille,0.1104,0.0043
voudrois,0.1103,0.0030
memoires,0.1103,0.0047
reformer,0.1103,0.0054
mené,0.1103,0.0036
qu'au,0.1103,0.0029
mâle,0.1103,0.0043
polr,0.1103,0.0039
buis,0.1103,0.0038
bonis,0.1102,0.0040
sortirent,0.1102,0.0038
portugal,0.1102,0.0033
pays,0.1102,0.0028
cadets,0.1102,0.0041
capitaines,0.1102,0.0040
brebis,0.1102,0.0038
perte,0.1102,0.0031
l'e,0.1102,0.0045
derechef,0.1102,0.0060
grosses,0.1102,0.0041
grâce,0.1102,0.0036
rafraîchir,0.1101,0.0042
l'empire,0.1101,0.0034
use,0.1101,0.0034
rocher,0.1101,0.0038
ordonné,0.1101,0.0029
composé,0.1101,0.0032
servis,0.1101,0.0035
mysteres,0.1100,0.0031
susdit,0.1100,0.0038
aviez,0.1100,0.0029
celles,0.1100,0.0022
fibres,0.1100,0.0032
peintures,0.1100,0.0034
s'étaient,0.1100,0.0036
condamné,0.1100,0.0030
caution,0.1100,0.0030
recevons,0.1100,0.0035
derniere,0.1099,0.0030
rencontres,0.1099,0.0036
m'en,0.1099,0.0031
éclaircissement,0.1099,0.0039
abbé,0.1099,0.0043
viandes,0.1099,0.0034
arrivée,0.1099,0.0028
author,0.1099,0.0032
voulant,0.1099,0.0029
ton,0.1099,0.0028
magnifiques,0.1098,0.0033
essentielles,0.1098,0.0035
accompli,0.1098,0.0045
tirer,0.1097,0.0028
chef,0.1097,0.0034
d'amitié,0.1097,0.0033
diable,0.1097,0.0035
étoient,0.1097,0.0023
soixante,0.1097,0.0039
flux,0.1097,0.0038
saisie,0.1097,0.0039
retourner,0.1096,0.0029
bernard,0.1096,0.0049
planté,0.1096,0.0035
modernes,0.1096,0.0034
jaune,0.1096,0.0035
peinture,0.1096,0.0031
donnât,0.1096,0.0032
contré,0.1096,0.0051
devions,0.1096,0.0032
fût,0.1095,0.0026
neuf,0.1095,0.0037
pouvant,0.1095,0.0026
assis,0.1095,0.0033
fauvé,0.1095,0.0039
ner,0.1095,0.0030
devroient,0.1094,0.0028
s'y,0.1094,0.0026
l'année,0.1094,0.0028
puisent,0.1094,0.0038
sorti,0.1094,0.0034
nisi,0.1094,0.0042
planches,0.1093,0.0036
passer,0.1093,0.0026
sonnes,0.1093,0.0029
holland,0.1093,0.0047
prise,0.1093,0.0032
devait,0.1093,0.0033
affreux,0.1093,0.0031
claire,0.1093,0.0035
d'amende,0.1092,0.0030
royaumes,0.1092,0.0030
lit,0.1092,0.0032
fondu,0.1092,0.0037
demeuroit,0.1092,0.0041
contre,0.1092,0.0025
serez,0.1091,0.0030
curieux,0.1091,0.0032
severe,0.1091,0.0048
autour,0.1091,0.0029
élevé,0.1091,0.0028
dix,0.1090,0.0028
ejus,0.1090,0.0050
suc,0.1090,0.0044
dem,0.1090,0.0042
oblige,0.1090,0.0032
l'herbe,0.1089,0.0042
regarda,0.1089,0.0034
pilote,0.1089,0.0042
monsieur,0.1089,0.0029
londres,0.1089,0.0032
vas,0.1089,0.0036
tonneaux,0.1089,0.0036
auront,0.1088,0.0027
affaires,0.1088,0.0027
voudra,0.1088,0.0027
chrétien,0.1088,0.0036
tradition,0.1088,0.0029
contraint,0.1088,0.0030
l'adjudication,0.1088,0.0039
seize,0.1088,0.0045
d'autre,0.1088,0.0027
vieille,0.1088,0.0040
aliud,0.1088,0.0041
avaient,0.1087,0.0030
parla,0.1087,0.0035
voudrait,0.1087,0.0042
après,0.1087,0.0023
semaines,0.1087,0.0029
garnisons,0.1087,0.0035
remuer,0.1086,0.0036
modo,0.1086,0.0041
deja,0.1086,0.0049
l'or,0.1086,0.0032
marié,0.1086,0.0033
liez,0.1086,0.0043
consens,0.1085,0.0037
fais,0.1085,0.0030
clerc,0.1085,0.0039
majeste,0.1085,0.0049
hardes,0.1085,0.0039
time,0.1085,0.0045
saurait,0.1085,0.0033
patience,0.1085,0.0036
florence,0.1084,0.0041
d'huile,0.1084,0.0039
roi,0.1084,0.0025
substance,0.1084,0.0030
payant,0.1084,0.0041
loger,0.1084,0.0038
ques,0.1084,0.0028
unie,0.1084,0.0038
vendues,0.1084,0.0031
navire,0.1083,0.0037
couché,0.1083,0.0034
renvoyé,0.1083,0.0038
mois,0.1082,0.0025
lesdites,0.1082,0.0033
civilité,0.1082,0.0046
which,0.1082,0.0039
princesse,0.1081,0.0029
fauteuil,0.1081,0.0036
château,0.1081,0.0035
qu'un,0.1081,0.0027
permission,0.1081,0.0026
obligea,0.1081,0.0033
seconde,0.1081,0.0026
visite,0.1080,0.0040
feux,0.1080,0.0024
ieu,0.1080,0.0044
deviez,0.1080,0.0035
usage,0.1080,0.0027
délibération,0.1080,0.0038
dehors,0.1080,0.0037
première,0.1079,0.0027
literature,0.1079,0.0023
heureux,0.1079,0.0031
prieur,0.1079,0.0046
nourriture,0.1079,0.0029
février,0.1079,0.0038
d'être,0.1079,0.0025
com,0.1079,0.0034
avocats,0.1079,0.0042
qu'étant,0.1079,0.0033
peuple,0.1078,0.0030
normandie,0.1078,0.0041
l'amiral,0.1078,0.0052
illustres,0.1078,0.0030
outre,0.1078,0.0029
bourgeois,0.1077,0.0041
susdites,0.1077,0.0034
oter,0.1077,0.0050
restitution,0.1077,0.0041
premiere,0.1077,0.0027
hauteur,0.1077,0.0031
importantes,0.1077,0.0029
tâchent,0.1077,0.0034
commence,0.1077,0.0027
peut,0.1077,0.0023
aimoit,0.1077,0.0030
oiseaux,0.1076,0.0031
prêtre,0.1076,0.0035
touchant,0.1076,0.0036
connétable,0.1076,0.0047
fumer,0.1076,0.0038
flotte,0.1075,0.0030
paroi,0.1075,0.0033
dudir,0.1075,0.0034
trou,0.1075,0.0032
faisant,0.1075,0.0026
vilain,0.1074,0.0045
jupiter,0.1074,0.0039
n'avons,0.1074,0.0023
plu,0.1074,0.0030
nature,0.1074,0.0030
jacques,0.1073,0.0041
froid,0.1073,0.0029
crû,0.1073,0.0032
observer,0.1073,0.0029
huit,0.1073,0.0030
avois,0.1073,0.0029
rochelle,0.1072,0.0040
assises,0.1072,0.0052
copies,0.1072,0.0029
prenons,0.1072,0.0034
thomas,0.1072,0.0039
philosophe,0.1072,0.0035
assembler,0.1071,0.0041
d'années,0.1071,0.0029
appliquer,0.1071,0.0041
trouvait,0.1071,0.0037
hôtel,0.1071,0.0035
signées,0.1071,0.0036
metre,0.1071,0.0046
scel,0.1071,0.0036
hautes,0.1071,0.0037
hymen,0.1071,0.0031
auditeurs,0.1070,0.0040
devoient,0.1070,0.0025
pcr,0.1070,0.0028
blanc,0.1070,0.0037
plante,0.1070,0.0030
j'aurai,0.1070,0.0030
anciens,0.1070,0.0029
lorraine,0.1070,0.0049
cause,0.1070,0.0030
meures,0.1070,0.0046
tiré,0.1070,0.0030
vaut,0.1069,0.0027
all,0.1069,0.0037
trouva,0.1069,0.0028
bourse,0.1069,0.0035
fins,0.1069,0.0035
n'empêche,0.1069,0.0027
mars,0.1069,0.0034
immortelle,0.1069,0.0036
ati,0.1068,0.0032
constantinople,0.1068,0.0035
criminel,0.1068,0.0037
contenues,0.1068,0.0036
traites,0.1068,0.0046
n'ai,0.1068,0.0023
orateur,0.1067,0.0039
pons,0.1067,0.0042
unus,0.1067,0.0040
funt,0.1067,0.0046
agréable,0.1067,0.0030
poing,0.1067,0.0036
exquis,0.1066,0.0031
dictateur,0.1066,0.0042
gains,0.1066,0.0029
mets,0.1066,0.0035
vit,0.1066,0.0027
places,0.1066,0.0029
plumes,0.1066,0.0038
âgé,0.1066,0.0031
epoux,0.1066,0.0038
sejour,0.1065,0.0046
honneurs,0.1065,0.0027
d'empressement,0.1065,0.0034
pourroit,0.1065,0.0023
hollandois,0.1064,0.0034
adion,0.1064,0.0033
tenans,0.1064,0.0039
eut,0.1064,0.0026
vôtre,0.1064,0.0033
madrid,0.1063,0.0043
renoncé,0.1063,0.0034
voyons,0.1063,0.0028
fieri,0.1063,0.0036
partic,0.1063,0.0044
leon,0.1063,0.0046
laine,0.1063,0.0035
grosseur,0.1063,0.0034
observez,0.1062,0.0043
c'et,0.1062,0.0031
éternellement,0.1062,0.0035
courtisans,0.1062,0.0034
silence,0.1062,0.0033
nuits,0.1062,0.0031
ornement,0.1062,0.0031
commencent,0.1062,0.0031
épée,0.1061,0.0030
discours,0.1061,0.0032
cettc,0.1061,0.0040
devant,0.1061,0.0026
l'amerique,0.1061,0.0044
monseigneur,0.1061,0.0031
comtesse,0.1061,0.0041
quelquefois,0.1060,0.0027
ajouter,0.1060,0.0030
augure,0.1059,0.0040
comptables,0.1059,0.0032
flandre,0.1059,0.0039
l'angleterre,0.1059,0.0034
tour,0.1059,0.0031
c'elt,0.1059,0.0031
caisse,0.1059,0.0038
exemplaires,0.1059,0.0030
héritiers,0.1059,0.0031
repondre,0.1059,0.0045
s'imaginer,0.1058,0.0033
dames,0.1058,0.0028
solidairement,0.1058,0.0031
quo,0.1058,0.0043
temporelles,0.1058,0.0039
charges,0.1058,0.0030
desdits,0.1058,0.0031
qti,0.1057,0.0036
tanti,0.1057,0.0035
only,0.1057,0.0030
domo,0.1057,0.0036
oooo,0.1057,0.0031
expédier,0.1056,0.0037
vendue,0.1056,0.0035
place,0.1056,0.0027
voulais,0.1056,0.0056
armées,0.1056,0.0028
prié,0.1056,0.0033
veu,0.1055,0.0044
entra,0.1055,0.0031
sum,0.1055,0.0038
deuxième,0.1055,0.0044
videtur,0.1055,0.0040
fevrier,0.1054,0.0045
payez,0.1054,0.0035
teint,0.1054,0.0034
copy,0.1054,0.0028
étrangement,0.1054,0.0050
fua,0.1054,0.0030
serait,0.1054,0.0033
dirai,0.1054,0.0032
entrer,0.1054,0.0025
bras,0.1053,0.0026
pousse,0.1053,0.0035
n'avoit,0.1053,0.0021
appelle,0.1053,0.0024
aima,0.1053,0.0031
dernier,0.1053,0.0027
seriez,0.1052,0.0032
frontière,0.1052,0.0038
chrétiens,0.1052,0.0032
seront,0.1052,0.0029
collier,0.1052,0.0041
m'avoit,0.1052,0.0029
pauvres,0.1052,0.0031
arbitre,0.1052,0.0030
pourriez,0.1052,0.0030
who,0.1052,0.0039
chemin,0.1052,0.0027
vient,0.1051,0.0024
aucun,0.1051,0.0026
garantie,0.1051,0.0034
quod,0.1050,0.0039
prétexte,0.1050,0.0027
vois,0.1050,0.0030
aucuns,0.1049,0.0030
ancres,0.1049,0.0040
informé,0.1049,0.0032
créateur,0.1048,0.0028
avons,0.1048,0.0024
impatience,0.1048,0.0033
chevalier,0.1048,0.0034
n'avoir,0.1048,0.0025
marcha,0.1048,0.0035
parent,0.1048,0.0035
fibi,0.1048,0.0036
ornemens,0.1048,0.0030
facere,0.1047,0.0042
quot,0.1047,0.0027
dépens,0.1047,0.0027
diverfes,0.1047,0.0034
nord,0.1047,0.0030
haute,0.1046,0.0032
rappel,0.1046,0.0046
juillet,0.1046,0.0038
anglois,0.1046,0.0032
d'endroits,0.1046,0.0035
justice,0.1046,0.0033
rencontrent,0.1046,0.0029
d'anvers,0.1046,0.0041
n'ont,0.1046,0.0020
complimens,0.1045,0.0030
furieuse,0.1045,0.0042
l'ordinaire,0.1045,0.0037
lampe,0.1045,0.0035
sauvez,0.1045,0.0038
devois,0.1044,0.0031
harangue,0.1044,0.0033
multiplier,0.1044,0.0032
côte,0.1044,0.0032
bourdeaux,0.1044,0.0037
douleur,0.1044,0.0030
andré,0.1043,0.0039
marchas,0.1043,0.0035
cadet,0.1043,0.0053
economics,0.1043,0.0025
broche,0.1042,0.0041
entré,0.1042,0.0029
plat,0.1042,0.0037
racines,0.1042,0.0030
voudroient,0.1042,0.0026
tenu,0.1042,0.0029
toutes,0.1042,0.0021
l'argent,0.1042,0.0028
terme,0.1041,0.0030
remede,0.1041,0.0036
dame,0.1041,0.0031
soir,0.1041,0.0033
m'a,0.1041,0.0026
quidquid,0.1041,0.0041
greffe,0.1041,0.0041
quinze,0.1041,0.0029
legem,0.1041,0.0031
orientales,0.1041,0.0036
noir,0.1040,0.0036
fils,0.1040,0.0023
aprcs,0.1040,0.0036
origine,0.1040,0.0027
divin,0.1040,0.0034
uns,0.1040,0.0023
l'eau,0.1039,0.0027
pierre,0.1039,0.0030
parties,0.1039,0.0024
langage,0.1039,0.0034
ics,0.1039,0.0034
signifie,0.1039,0.0032
teneur,0.1039,0.0029
pourront,0.1039,0.0024
lucius,0.1038,0.0036
gelée,0.1038,0.0036
excellent,0.1038,0.0031
pleinement,0.1038,0.0034
veulent,0.1038,0.0022
quibus,0.1038,0.0042
d'eau,0.1038,0.0028
chargé,0.1038,0.0029
escadre,0.1038,0.0035
icur,0.1037,0.0038
suivant,0.1037,0.0027
tenait,0.1037,0.0038
mauvaise,0.1037,0.0028
dises,0.1037,0.0036
plaisante,0.1037,0.0041
rayons,0.1037,0.0032
exemple,0.1037,0.0026
abraham,0.1036,0.0043
éternelle,0.1036,0.0030
accident,0.1036,0.0027
t'elle,0.1036,0.0042
junon,0.1036,0.0038
moien,0.1036,0.0035
ajoutée,0.1036,0.0033
bouche,0.1036,0.0030
prologue,0.1036,0.0040
dico,0.1035,0.0036
fontainebleau,0.1035,0.0037
longs,0.1035,0.0033
iooo,0.1035,0.0031
méchante,0.1035,0.0039
doctrine,0.1035,0.0031
dernieres,0.1034,0.0030
vache,0.1034,0.0037
veuve,0.1034,0.0032
illustre,0.1034,0.0029
vîte,0.1034,0.0041
diverses,0.1034,0.0030
portier,0.1034,0.0042
juges,0.1034,0.0028
dettes,0.1034,0.0031
suede,0.1034,0.0042
d'icelle,0.1034,0.0038
comptes,0.1033,0.0029
toison,0.1033,0.0034
l'armée,0.1033,0.0029
serviteur,0.1033,0.0032
gens,0.1033,0.0025
j'espere,0.1032,0.0034
navale,0.1032,0.0039
c'étoit,0.1032,0.0025
n'avez,0.1031,0.0024
sécher,0.1031,0.0033
envoyé,0.1031,0.0026
potes,0.1030,0.0040
demain,0.1030,0.0031
commercial,0.1030,0.0025
pleine,0.1030,0.0031
susdits,0.1029,0.0038
trouver,0.1029,0.0027
cavalerie,0.1028,0.0031
toute,0.1028,0.0024
révérence,0.1028,0.0034
voulois,0.1028,0.0033
dois,0.1028,0.0026
voulurent,0.1027,0.0029
compagnie,0.1027,0.0029
bicn,0.1027,0.0041
cùm,0.1027,0.0048
hominis,0.1027,0.0038
donne,0.1027,0.0022
voit,0.1027,0.0023
parbleu,0.1027,0.0044
tirée,0.1027,0.0031
l'empereur,0.1026,0.0038
clauses,0.1025,0.0035
cctte,0.1025,0.0033
seigneurie,0.1025,0.0046
curieuse,0.1025,0.0045
tempête,0.1025,0.0031
empereur,0.1025,0.0032
coutume,0.1025,0.0030
disse,0.1025,0.0034
piéces,0.1025,0.0034
hall,0.1025,0.0037
année,0.1025,0.0025
regardant,0.1025,0.0034
histoire,0.1024,0.0028
n'et,0.1024,0.0029
juin,0.1024,0.0038
jambes,0.1024,0.0031
employez,0.1024,0.0040
n'étant,0.1024,0.0025
séance,0.1023,0.0036
demeurer,0.1023,0.0028
dio,0.1023,0.0035
clt,0.1023,0.0031
devoit,0.1023,0.0022
charpentier,0.1023,0.0039
rude,0.1023,0.0034
arbres,0.1023,0.0028
monter,0.1023,0.0028
tuum,0.1023,0.0037
tira,0.1023,0.0033
poëtes,0.1022,0.0031
alloit,0.1022,0.0028
miracles,0.1022,0.0033
ans,0.1022,0.0022
scene,0.1022,0.0027
vaisseaux,0.1022,0.0027
loin,0.1022,0.0028
demeurai,0.1021,0.0042
saison,0.1021,0.0031
travaillé,0.1021,0.0029
assigner,0.1021,0.0033
etrangeres,0.1021,0.0044
jeux,0.1021,0.0028
commis,0.1021,0.0032
hanc,0.1021,0.0045
hunc,0.1021,0.0042
avocat,0.1021,0.0038
impies,0.1020,0.0044
tirez,0.1020,0.0038
peres,0.1020,0.0034
fint,0.1020,0.0036
allons,0.1020,0.0027
copie,0.1020,0.0029
troupes,0.1019,0.0024
jean,0.1019,0.0036
tomber,0.1019,0.0026
peu,0.1019,0.0025
aille,0.1019,0.0033
omnium,0.1018,0.0042
marques,0.1018,0.0025
eau,0.1018,0.0036
spirituelle,0.1018,0.0047
renvoya,0.1018,0.0040
meuble,0.1017,0.0038
dît,0.1017,0.0034
voye,0.1017,0.0046
suivante,0.1017,0.0029
depuis,0.1017,0.0021
l'academie,0.1017,0.0033
partie,0.1017,0.0022
cartes,0.1016,0.0030
fus,0.1016,0.0030
princes,0.1016,0.0025
exprimée,0.1016,0.0035
étonnement,0.1016,0.0028
ayent,0.1015,0.0023
orage,0.1015,0.0030
prennent,0.1015,0.0025
audience,0.1015,0.0033
septentrion,0.1015,0.0036
ioo,0.1015,0.0035
j'en,0.1015,0.0026
debout,0.1015,0.0038
hormis,0.1015,0.0044
magnificence,0.1014,0.0030
grandes,0.1014,0.0024
seur,0.1014,0.0065
d'épouser,0.1014,0.0035
etats,0.1014,0.0032
applicable,0.1014,0.0031
dessus,0.1014,0.0027
valoit,0.1014,0.0028
marie,0.1014,0.0034
n'aurions,0.1014,0.0028
tronc,0.1014,0.0033
enterré,0.1014,0.0031
graines,0.1013,0.0034
perles,0.1013,0.0035
automne,0.1013,0.0046
avoir,0.1013,0.0020
frais,0.1013,0.0030
troc,0.1013,0.0044
vocation,0.1012,0.0044
maître,0.1012,0.0027
conception,0.1012,0.0054
contentez,0.1012,0.0035
partir,0.1011,0.0026
recevoir,0.1011,0.0026
quinzaine,0.1011,0.0042
bataille,0.1011,0.0030
imaginables,0.1011,0.0028
tournant,0.1011,0.0031
j'aime,0.1011,0.0030
s'agit,0.1011,0.0025
labours,0.1010,0.0035
mal,0.1010,0.0029
allèrent,0.1010,0.0034
acte,0.1010,0.0031
répliqua,0.1010,0.0036
n'avions,0.1010,0.0028
fâché,0.1010,0.0029
plantes,0.1010,0.0028
infinité,0.1009,0.0023
commandoit,0.1009,0.0032
aristote,0.1009,0.0043
passez,0.1009,0.0036
receveur,0.1009,0.0033
conviennent,0.1009,0.0029
chacun,0.1009,0.0024
orat,0.1008,0.0034
article,0.1008,0.0027
varron,0.1008,0.0034
écrite,0.1008,0.0026
directe,0.1008,0.0036
s'étoit,0.1008,0.0024
oncle,0.1008,0.0031
plura,0.1008,0.0036
m'aimez,0.1007,0.0032
d'août,0.1007,0.0036
d'albe,0.1007,0.0037
second,0.1006,0.0024
veine,0.1006,0.0042
fallut,0.1006,0.0028
chaude,0.1006,0.0037
quas,0.1006,0.0037
confitures,0.1006,0.0035
rendit,0.1006,0.0027
jusqu'au,0.1006,0.0024
declaration,0.1005,0.0037
serviteurs,0.1005,0.0034
unde,0.1005,0.0033
religieuses,0.1004,0.0032
falu,0.1004,0.0039
mêle,0.1004,0.0034
semer,0.1004,0.0034
font,0.1004,0.0021
cens,0.1004,0.0030
furent,0.1004,0.0025
more,0.1004,0.0048
lucile,0.1004,0.0053
fureur,0.1003,0.0028
provision,0.1003,0.0035
barbier,0.1003,0.0043
veut,0.1003,0.0022
n'as,0.1003,0.0031
tomba,0.1003,0.0030
valets,0.1003,0.0032
remarquer,0.1003,0.0026
coups,0.1002,0.0024
tenir,0.1002,0.0025
terres,0.1002,0.0028
nulla,0.1002,0.0035
habile,0.1002,0.0031
contestation,0.1002,0.0030
arrivé,0.1002,0.0024
canon,0.1002,0.0031
choeur,0.1002,0.0037
isle,0.1001,0.0032
payé,0.1001,0.0028
piqué,0.1001,0.0038
affranchis,0.1001,0.0032
please,0.1001,0.0021
c'était,0.1001,0.0032
rire,0.1001,0.0033
ctre,0.1001,0.0027
voix,0.1000,0.0026
sais,0.1000,0.0032
soient,0.1000,0.0021
dépense,0.1000,0.0031
souhaité,0.1000,0.0031
malade,0.1000,0.0032
theatre,0.1000,0.0042
d'auvergne,0.1000,0.0043
données,0.1000,0.0031
pouvoient,0.1000,0.0021
tuo,0.0999,0.0032
ladite,0.0999,0.0027
qu'encore,0.0999,0.0037
divers,0.0999,0.0028
fia,0.0999,0.0034
hujus,0.0999,0.0039
ducs,0.0999,0.0030
ambassadeurs,0.0998,0.0032
hoc,0.0998,0.0046
surpris,0.0998,0.0028
confidence,0.0998,0.0046
aiment,0.0997,0.0025
bailli,0.0997,0.0048
monde,0.0997,0.0027
devrois,0.0997,0.0038
french,0.0996,0.0026
dudit,0.0996,0.0031
bian,0.0996,0.0041
posé,0.0996,0.0031
remercia,0.0996,0.0037
donner,0.0996,0.0023
venez,0.0996,0.0030
animaux,0.0996,0.0027
gauche,0.0995,0.0029
posse,0.0995,0.0041
promise,0.0995,0.0031
respects,0.0995,0.0035
pensa,0.0995,0.0033
chacune,0.0995,0.0029
vatican,0.0995,0.0047
paye,0.0994,0.0029
philippe,0.0994,0.0035
contes,0.0994,0.0029
l'a,0.0994,0.0023
quelqu'autre,0.0994,0.0032
défendu,0.0994,0.0028
libraires,0.0994,0.0028
difons,0.0994,0.0040
années,0.0994,0.0022
pourrois,0.0994,0.0026
dedans,0.0994,0.0038
ôté,0.0993,0.0030
revolte,0.0993,0.0051
souhaite,0.0993,0.0031
doux,0.0993,0.0029
branches,0.0993,0.0025
retentir,0.0993,0.0026
enseigné,0.0992,0.0032
voulu,0.0992,0.0023
cequi,0.0992,0.0050
ducats,0.0992,0.0036
tombent,0.0992,0.0027
combat,0.0992,0.0030
yeux,0.0992,0.0023
jardins,0.0992,0.0027
bonnes,0.0992,0.0025
pouvoit,0.0992,0.0021
boutiques,0.0992,0.0032
lesdits,0.0991,0.0028
m'avez,0.0991,0.0025
separe,0.0991,0.0043
premiére,0.0990,0.0042
ouvra,0.0990,0.0037
pinte,0.0990,0.0033
souhaits,0.0990,0.0032
testament,0.0990,0.0031
aucunes,0.0989,0.0030
unum,0.0989,0.0038
sai,0.0989,0.0047
blanche,0.0989,0.0032
gouverneur,0.0989,0.0033
demeurez,0.0989,0.0043
surprit,0.0989,0.0036
taken,0.0988,0.0023
multis,0.0988,0.0043
beaux,0.0988,0.0025
n'était,0.0988,0.0026
amplement,0.0988,0.0035
l'avez,0.0988,0.0026
manieres,0.0988,0.0028
attendez,0.0987,0.0037
bord,0.0987,0.0032
couche,0.0987,0.0033
serons,0.0987,0.0029
doigt,0.0987,0.0034
conté,0.0987,0.0037
mane,0.0986,0.0042
césar,0.0986,0.0035
saisies,0.0986,0.0034
titre,0.0986,0.0025
fenêtre,0.0986,0.0030
fleurs,0.0986,0.0029
not,0.0985,0.0037
c'a,0.0985,0.0033
text,0.0985,0.0032
faites,0.0985,0.0022
humides,0.0985,0.0031
trépas,0.0985,0.0036
proche,0.0984,0.0038
vicaires,0.0984,0.0037
arriva,0.0984,0.0027
d'application,0.0984,0.0043
différentes,0.0984,0.0026
multiplication,0.0984,0.0032
bel,0.0984,0.0028
faux,0.0984,0.0032
pieds,0.0984,0.0024
tibi,0.0983,0.0040
disposez,0.0983,0.0037
seigneurs,0.0983,0.0027
apporter,0.0983,0.0029
entre,0.0982,0.0022
quem,0.0982,0.0043
tâcha,0.0982,0.0036
plaisant,0.0982,0.0037
nullum,0.0982,0.0036
soeur,0.0982,0.0030
eodem,0.0982,0.0033
fallait,0.0982,0.0032
porter,0.0982,0.0024
langue,0.0982,0.0028
poësie,0.0982,0.0037
petite,0.0982,0.0026
servir,0.0982,0.0024
voyait,0.0981,0.0035
bague,0.0981,0.0038
signification,0.0981,0.0030
este,0.0981,0.0041
savoir,0.0981,0.0030
mea,0.0981,0.0038
venise,0.0981,0.0034
n'étoit,0.0981,0.0021
beauté,0.0980,0.0027
femmes,0.0979,0.0024
sens,0.0979,0.0028
epître,0.0979,0.0038
vint,0.0979,0.0027
nam,0.0979,0.0039
d'esprit,0.0979,0.0029
midi,0.0979,0.0030
fois,0.0978,0.0020
indes,0.0978,0.0029
ravis,0.0978,0.0036
tres,0.0978,0.0028
déchargé,0.0978,0.0034
maladies,0.0978,0.0025
voulez,0.0978,0.0025
achete,0.0978,0.0040
saisions,0.0978,0.0031
billet,0.0978,0.0030
chapelle,0.0978,0.0036
jaunes,0.0978,0.0031
cent,0.0978,0.0026
tant,0.0978,0.0024
s'arrêta,0.0977,0.0040
fame,0.0977,0.0043
liqueur,0.0977,0.0029
d'y,0.0976,0.0023
lieutenant,0.0976,0.0032
promit,0.0976,0.0032
opus,0.0976,0.0040
espéce,0.0976,0.0031
especes,0.0976,0.0029
d'égard,0.0976,0.0027
étaient,0.0975,0.0027
auxdits,0.0975,0.0032
maitres,0.0975,0.0032
prier,0.0975,0.0030
profit,0.0974,0.0029
accusé,0.0974,0.0034
refont,0.0974,0.0035
témoigné,0.0974,0.0034
venir,0.0974,0.0024
entend,0.0974,0.0028
quart,0.0974,0.0029
page,0.0974,0.0036
consiscation,0.0974,0.0037
blanches,0.0974,0.0037
remettre,0.0974,0.0025
trouvé,0.0973,0.0023
brutus,0.0973,0.0029
raisins,0.0973,0.0031
touchez,0.0973,0.0037
enfoncé,0.0972,0.0034
preface,0.0972,0.0031
d'orange,0.0972,0.0033
jeunes,0.0972,0.0025
marchands,0.0971,0.0031
met,0.0971,0.0023
ordinaire,0.0970,0.0028
l'ayant,0.0970,0.0033
d'en,0.0970,0.0021
romains,0.0970,0.0027
puifle,0.0970,0.0029
charge,0.0970,0.0029
s'entretenir,0.0969,0.0035
here,0.0969,0.0033
gras,0.0969,0.0038
parti,0.0969,0.0024
enfans,0.0969,0.0022
etrangers,0.0969,0.0032
président,0.0969,0.0032
t'il,0.0969,0.0034
cap,0.0969,0.0037
fruitiers,0.0968,0.0038
lire,0.0968,0.0029
ensemble,0.0968,0.0024
munitions,0.0968,0.0028
office,0.0968,0.0034
interêt,0.0968,0.0040
l'arbre,0.0968,0.0031
ligne,0.0968,0.0029
mortification,0.0968,0.0046
mâles,0.0968,0.0036
purent,0.0967,0.0027
auteur,0.0967,0.0025
spirituels,0.0967,0.0038
vieux,0.0967,0.0034
l'huile,0.0966,0.0037
n'eut,0.0966,0.0024
figure,0.0966,0.0029
leo,0.0966,0.0027
semblant,0.0966,0.0029
royaume,0.0966,0.0026
trafiquer,0.0965,0.0036
voudront,0.0965,0.0027
jetta,0.0965,0.0029
nostra,0.0965,0.0035
servit,0.0965,0.0029
multiplié,0.0965,0.0030
secretaire,0.0964,0.0036
étre,0.0964,0.0025
deniers,0.0964,0.0029
n'y,0.0964,0.0022
humide,0.0964,0.0034
parthes,0.0964,0.0028
villes,0.0964,0.0024
chaleur,0.0964,0.0026
septime,0.0964,0.0041
comte,0.0963,0.0031
pension,0.0963,0.0032
d'honnêtes,0.0963,0.0030
procédures,0.0963,0.0032
tige,0.0962,0.0028
fidelles,0.0962,0.0047
femme,0.0962,0.0025
prieres,0.0962,0.0029
particulierement,0.0962,0.0042
unes,0.0962,0.0021
achevé,0.0962,0.0024
huile,0.0962,0.0034
père,0.0962,0.0028
syndic,0.0962,0.0029
rouge,0.0961,0.0033
puissions,0.0961,0.0027
forme,0.0960,0.0027
filles,0.0960,0.0026
magnifique,0.0960,0.0029
terrestre,0.0960,0.0036
renonciation,0.0960,0.0041
maisons,0.0960,0.0026
diffe,0.0959,0.0028
commerce,0.0959,0.0027
maréchal,0.0959,0.0032
palais,0.0959,0.0030
selon,0.0959,0.0024
meum,0.0959,0.0038
refroidir,0.0959,0.0030
fenêtres,0.0958,0.0031
grec,0.0958,0.0032
legal,0.0958,0.0027
obliger,0.0958,0.0032
mille,0.0958,0.0022
parole,0.0958,0.0031
bade,0.0958,0.0042
l'agneau,0.0958,0.0040
rentes,0.0958,0.0027
proprietaires,0.0957,0.0045
furieux,0.0957,0.0033
ordre,0.0957,0.0023
contrats,0.0957,0.0030
fondée,0.0957,0.0028
moitié,0.0957,0.0026
livres,0.0957,0.0025
fay,0.0957,0.0036
romain,0.0956,0.0033
grands,0.0956,0.0021
pié,0.0956,0.0039
perfections,0.0956,0.0031
ferdinand,0.0956,0.0034
côté,0.0955,0.0021
tué,0.0955,0.0027
pontificat,0.0955,0.0036
approuvé,0.0955,0.0033
valables,0.0955,0.0036
aller,0.0955,0.0023
dimanche,0.0954,0.0033
mourir,0.0954,0.0028
excellens,0.0954,0.0029
pourraient,0.0954,0.0033
appartiendra,0.0954,0.0026
heures,0.0953,0.0023
jardin,0.0953,0.0028
perit,0.0953,0.0047
serions,0.0953,0.0031
entrez,0.0953,0.0037
s'en,0.0953,0.0025
mandé,0.0952,0.0026
voiles,0.0952,0.0029
soeurs,0.0952,0.0027
pretend,0.0952,0.0041
scu,0.0951,0.0034
too,0.0950,0.0029
pere,0.0950,0.0024
achetées,0.0950,0.0030
doivent,0.0949,0.0020
l'air,0.0949,0.0029
debet,0.0948,0.0028
peau,0.0948,0.0033
multiplie,0.0947,0.0027
nommé,0.0947,0.0028
laissa,0.0947,0.0025
fameux,0.0947,0.0028
pisces,0.0947,0.0027
faudroit,0.0947,0.0027
province,0.0947,0.0026
commandez,0.0947,0.0038
autem,0.0946,0.0043
garçon,0.0946,0.0033
broderie,0.0946,0.0033
d'iceux,0.0946,0.0036
minorité,0.0946,0.0040
sentence,0.0945,0.0029
gendre,0.0945,0.0030
d'heure,0.0945,0.0031
parlement,0.0945,0.0028
vapeur,0.0945,0.0034
pouvons,0.0945,0.0022
plairoit,0.0945,0.0034
bâton,0.0945,0.0030
tournois,0.0944,0.0036
fit,0.0944,0.0022
sortit,0.0944,0.0030
fruits,0.0944,0.0024
verras,0.0943,0.0036
amants,0.0943,0.0030
poëte,0.0943,0.0032
maniere,0.0943,0.0024
etiam,0.0943,0.0041
quefois,0.0943,0.0030
d'aristote,0.0943,0.0042
ordres,0.0942,0.0024
chanter,0.0942,0.0033
cerfs,0.0942,0.0032
that,0.0942,0.0033
arlequin,0.0942,0.0047
n'avoient,0.0941,0.0021
d'aller,0.0941,0.0023
abbaye,0.0941,0.0036
haec,0.0940,0.0040
dire,0.0940,0.0026
officiers,0.0940,0.0025
aurai,0.0940,0.0030
valet,0.0940,0.0031
figures,0.0940,0.0027
biens,0.0940,0.0025
corporelle,0.0940,0.0039
bnf,0.0940,0.0021
aborder,0.0939,0.0032
tableaux,0.0939,0.0026
done,0.0939,0.0045
allusion,0.0939,0.0030
durant,0.0938,0.0026
eam,0.0938,0.0035
l'avoir,0.0938,0.0023
remarques,0.0938,0.0024
sommes,0.0938,0.0023
lieutenans,0.0938,0.0032
raisin,0.0937,0.0035
conta,0.0937,0.0037
venoit,0.0937,0.0024
fondez,0.0937,0.0034
aime,0.0937,0.0028
nièce,0.0937,0.0041
tête,0.0937,0.0024
condamnation,0.0936,0.0032
demeurée,0.0936,0.0037
donna,0.0936,0.0023
arrive,0.0936,0.0023
causée,0.0936,0.0026
sut,0.0936,0.0036
s'avança,0.0935,0.0030
fut,0.0935,0.0022
faudra,0.0935,0.0025
cheval,0.0935,0.0032
set,0.0935,0.0039
empêchement,0.0935,0.0034
oiseau,0.0935,0.0031
tanta,0.0935,0.0037
vente,0.0934,0.0032
n'ayez,0.0934,0.0027
trcs,0.0934,0.0036
spirituel,0.0933,0.0041
nôtre,0.0933,0.0029
vendu,0.0933,0.0030
nombres,0.0932,0.0031
novi,0.0932,0.0041
bois,0.0932,0.0028
peine,0.0932,0.0022
animi,0.0931,0.0035
rang,0.0931,0.0024
préferer,0.0931,0.0047
rivage,0.0931,0.0035
colere,0.0931,0.0032
cheveux,0.0930,0.0028
mener,0.0930,0.0032
prenne,0.0930,0.0025
pris,0.0930,0.0020
henry,0.0930,0.0037
asseoir,0.0930,0.0033
demeureront,0.0929,0.0030
prenant,0.0929,0.0026
bibliotheque,0.0928,0.0045
chevilles,0.0928,0.0031
croyent,0.0928,0.0024
courroux,0.0928,0.0029
écrit,0.0928,0.0023
rendre,0.0928,0.0023
tiers,0.0928,0.0027
accroire,0.0928,0.0030
belle,0.0927,0.0024
vingts,0.0927,0.0028
servius,0.0927,0.0033
prince,0.0927,0.0023
requis,0.0927,0.0031
sergens,0.0927,0.0038
signer,0.0927,0.0040
neque,0.0927,0.0043
éclairci,0.0926,0.0037
d'avril,0.0926,0.0033
infideles,0.0926,0.0043
nullo,0.0926,0.0034
j'étois,0.0926,0.0025
hollande,0.0926,0.0031
l'ai,0.0926,0.0023
frere,0.0926,0.0024
prévôt,0.0925,0.0041
temple,0.0925,0.0029
sang,0.0925,0.0025
delivrer,0.0925,0.0047
pouvez,0.0924,0.0022
traitez,0.0924,0.0034
hors,0.0924,0.0026
d'icelles,0.0924,0.0031
verbis,0.0924,0.0040
vouloit,0.0924,0.0021
huitaine,0.0923,0.0031
secrétaire,0.0923,0.0032
qu'à,0.0923,0.0023
jusqu'à,0.0923,0.0020
syndics,0.0922,0.0034
sylla,0.0922,0.0033
m'avoir,0.0922,0.0027
supplians,0.0922,0.0036
d'infanterie,0.0922,0.0030
francfort,0.0921,0.0030
genie,0.0921,0.0031
l'avoit,0.0921,0.0023
plaisir,0.0921,0.0027
gages,0.0921,0.0029
régles,0.0921,0.0030
venait,0.0920,0.0032
tre,0.0920,0.0023
françois,0.0920,0.0030
manifestement,0.0920,0.0049
dixme,0.0919,0.0035
homme,0.0919,0.0025
lait,0.0919,0.0031
soldats,0.0919,0.0025
kress,0.0919,0.0025
art,0.0919,0.0031
débauché,0.0919,0.0039
marquer,0.0918,0.0028
document,0.0918,0.0026
faite,0.0918,0.0022
viens,0.0918,0.0022
fort,0.0917,0.0023
structure,0.0917,0.0028
renvoi,0.0917,0.0054
d'icelui,0.0917,0.0034
venons,0.0917,0.0023
clause,0.0917,0.0033
sentons,0.0917,0.0033
premier,0.0916,0.0021
chapitre,0.0916,0.0027
merveilleuse,0.0916,0.0034
pay,0.0916,0.0027
trouvèrent,0.0915,0.0030
tireur,0.0915,0.0032
àdire,0.0915,0.0027
damas,0.0915,0.0039
gardes,0.0915,0.0032
neveu,0.0915,0.0025
plaisoit,0.0915,0.0027
pouvait,0.0915,0.0025
herbes,0.0915,0.0029
pouvions,0.0914,0.0025
oeuvres,0.0914,0.0026
d'hôtel,0.0914,0.0033
denier,0.0914,0.0029
chez,0.0914,0.0022
obligé,0.0914,0.0021
imprimeurs,0.0914,0.0025
cours,0.0914,0.0025
jusques,0.0914,0.0027
linge,0.0914,0.0033
souper,0.0913,0.0028
dit,0.0913,0.0023
ccux,0.0912,0.0028
absent,0.0912,0.0032
tempus,0.0912,0.0036
gile,0.0912,0.0044
different,0.0912,0.0033
marqua,0.0912,0.0040
sois,0.0912,0.0034
d'ours,0.0912,0.0031
saluer,0.0912,0.0041
mesures,0.0912,0.0027
primum,0.0911,0.0037
ventre,0.0911,0.0035
l'entendement,0.0911,0.0030
paris,0.0911,0.0030
prix,0.0911,0.0024
galerie,0.0910,0.0034
payera,0.0910,0.0026
s'étonner,0.0910,0.0026
petits,0.0910,0.0024
l'aune,0.0909,0.0028
d'ordinaire,0.0909,0.0035
instance,0.0909,0.0028
autres,0.0909,0.0020
juge,0.0909,0.0024
plait,0.0909,0.0032
l'acheteur,0.0909,0.0029
gêneurs,0.0909,0.0029
yant,0.0908,0.0041
mangé,0.0908,0.0027
sto,0.0908,0.0029
pores,0.0907,0.0029
éternité,0.0907,0.0031
tonneau,0.0907,0.0032
couchant,0.0907,0.0030
manteau,0.0907,0.0028
bref,0.0907,0.0052
superieur,0.0907,0.0061
venit,0.0906,0.0034
successions,0.0906,0.0033
jugé,0.0906,0.0025
couleurs,0.0906,0.0024
endroit,0.0906,0.0021
servoit,0.0905,0.0028
pots,0.0905,0.0033
brusquement,0.0904,0.0035
l'ambassadeur,0.0904,0.0039
rep,0.0904,0.0040
comedie,0.0904,0.0045
notaires,0.0904,0.0031
sei,0.0903,0.0033
uand,0.0903,0.0039
demeurent,0.0903,0.0028
fille,0.0903,0.0023
travailloit,0.0903,0.0027
pro,0.0903,0.0027
envoya,0.0903,0.0028
d'olive,0.0903,0.0031
sujct,0.0903,0.0050
ravie,0.0902,0.0032
nommez,0.0902,0.0031
proye,0.0902,0.0031
old,0.0902,0.0023
jeu,0.0902,0.0025
ego,0.0901,0.0036
brutal,0.0901,0.0041
religion,0.0901,0.0029
aimait,0.0901,0.0034
ambassade,0.0901,0.0034
relevée,0.0901,0.0028
apostolique,0.0901,0.0035
veuves,0.0900,0.0035
devez,0.0899,0.0024
reine,0.0899,0.0028
n'cft,0.0899,0.0027
manquez,0.0899,0.0029
tel,0.0899,0.0025
branche,0.0898,0.0027
salle,0.0898,0.0032
poursuivit,0.0898,0.0032
l'ancre,0.0898,0.0033
peuvent,0.0897,0.0018
poids,0.0897,0.0025
vouliez,0.0897,0.0029
vents,0.0897,0.0025
incomparable,0.0897,0.0036
habit,0.0896,0.0027
songea,0.0896,0.0026
priere,0.0895,0.0035
pouvaient,0.0895,0.0028
correspondans,0.0895,0.0027
d'armée,0.0894,0.0030
parlant,0.0894,0.0028
mettez,0.0894,0.0025
longues,0.0894,0.0028
petites,0.0894,0.0025
e'e,0.0894,0.0045
cieux,0.0894,0.0027
droit,0.0894,0.0025
consideré,0.0893,0.0036
arbre,0.0893,0.0024
arrérages,0.0892,0.0033
mit,0.0892,0.0024
toi,0.0892,0.0025
maladie,0.0891,0.0026
troupe,0.0891,0.0028
pcut,0.0890,0.0031
pierrot,0.0890,0.0044
s'appelloit,0.0890,0.0030
bonjour,0.0889,0.0035
porte,0.0889,0.0023
pied,0.0889,0.0028
tendante,0.0888,0.0042
l'oiseau,0.0888,0.0035
l'archevêque,0.0888,0.0033
richement,0.0888,0.0034
close,0.0887,0.0028
payer,0.0887,0.0022
couronne,0.0887,0.0027
divertissemens,0.0886,0.0030
m'as,0.0885,0.0029
tuteurs,0.0885,0.0035
inconveniens,0.0885,0.0035
renu,0.0885,0.0027
poudre,0.0884,0.0030
d'où,0.0884,0.0022
victoire,0.0884,0.0028
hac,0.0884,0.0035
mari,0.0884,0.0026
voulut,0.0884,0.0021
also,0.0884,0.0023
permis,0.0884,0.0024
frère,0.0884,0.0026
sed,0.0884,0.0036
manger,0.0883,0.0025
doucement,0.0882,0.0031
proportion,0.0882,0.0027
entendit,0.0882,0.0029
vais,0.0881,0.0023
milieu,0.0881,0.0023
adam,0.0881,0.0038
officier,0.0881,0.0027
acheter,0.0881,0.0025
appelloit,0.0881,0.0025
l'hiver,0.0881,0.0027
reposée,0.0881,0.0032
jurez,0.0880,0.0038
cueillir,0.0880,0.0027
aimons,0.0880,0.0026
vierge,0.0880,0.0028
miel,0.0880,0.0033
minus,0.0879,0.0032
aiant,0.0879,0.0038
simon,0.0879,0.0036
ccla,0.0878,0.0036
dirc,0.0878,0.0027
mange,0.0877,0.0027
maison,0.0877,0.0021
droits,0.0877,0.0024
florin,0.0876,0.0030
d'apparence,0.0876,0.0023
pourroient,0.0876,0.0020
aise,0.0876,0.0026
non,0.0876,0.0024
bouilli,0.0876,0.0030
nitre,0.0875,0.0036
fête,0.0875,0.0027
supplie,0.0875,0.0028
j'irai,0.0875,0.0027
poulets,0.0875,0.0042
baptême,0.0875,0.0032
prions,0.0875,0.0025
erit,0.0875,0.0036
envoyez,0.0874,0.0036
incommodé,0.0874,0.0030
gouvernail,0.0874,0.0026
vers,0.0874,0.0024
labour,0.0874,0.0029
ici,0.0874,0.0023
illam,0.0873,0.0031
vaisselle,0.0873,0.0031
viendra,0.0873,0.0025
gentilhomme,0.0873,0.0033
seigneur,0.0873,0.0025
écus,0.0873,0.0027
vaisseau,0.0873,0.0025
maire,0.0872,0.0033
sous,0.0872,0.0022
prie,0.0872,0.0025
about,0.0871,0.0028
parlé,0.0870,0.0021
tacher,0.0870,0.0035
poitrine,0.0870,0.0031
causa,0.0870,0.0032
congé,0.0870,0.0025
whether,0.0870,0.0018
has,0.0869,0.0034
vis,0.0869,0.0028
absence,0.0869,0.0026
texte,0.0869,0.0027
termes,0.0869,0.0023
veux,0.0868,0.0022
habits,0.0868,0.0025
retourné,0.0868,0.0032
ouvrage,0.0868,0.0020
voir,0.0868,0.0024
saints,0.0868,0.0028
lendemain,0.0868,0.0025
catholique,0.0867,0.0031
denique,0.0867,0.0033
relevent,0.0866,0.0031
t'en,0.0866,0.0031
l'avaient,0.0866,0.0030
donné,0.0866,0.0020
procureurs,0.0865,0.0030
fum,0.0865,0.0031
ville,0.0865,0.0021
précedent,0.0864,0.0037
dieux,0.0864,0.0025
d'octobre,0.0864,0.0033
déplaisir,0.0864,0.0033
unquam,0.0863,0.0034
retira,0.0863,0.0028
revolution,0.0863,0.0051
appellez,0.0863,0.0032
protestans,0.0862,0.0032
était,0.0862,0.0024
divine,0.0862,0.0030
queje,0.0862,0.0030
ouï,0.0861,0.0025
passait,0.0861,0.0034
nom,0.0861,0.0019
exprimer,0.0860,0.0027
monnoyé,0.0860,0.0026
succession,0.0860,0.0026
quantité,0.0859,0.0023
cadix,0.0859,0.0033
duchesse,0.0859,0.0028
curieuses,0.0859,0.0026
évenemens,0.0859,0.0030
devons,0.0858,0.0020
docteurs,0.0858,0.0024
grosse,0.0858,0.0030
heure,0.0857,0.0023
boire,0.0857,0.0026
fin,0.0857,0.0022
couleur,0.0856,0.0027
nifi,0.0856,0.0034
ecu,0.0856,0.0037
mention,0.0856,0.0022
beau,0.0856,0.0023
esse,0.0856,0.0041
escadrons,0.0855,0.0027
doubles,0.0855,0.0034
nemo,0.0854,0.0036
partagez,0.0854,0.0027
this,0.0854,0.0028
chaud,0.0854,0.0027
graine,0.0854,0.0029
gneur,0.0854,0.0027
siège,0.0854,0.0029
épaules,0.0853,0.0026
acquerir,0.0852,0.0037
evêque,0.0852,0.0026
repliqua,0.0852,0.0028
regle,0.0852,0.0025
decembre,0.0851,0.0034
rome,0.0850,0.0022
l'archiduc,0.0850,0.0042
capitaine,0.0850,0.0035
aver,0.0850,0.0028
accommoder,0.0849,0.0034
n'avait,0.0848,0.0023
ecus,0.0848,0.0034
illo,0.0848,0.0029
grand,0.0848,0.0019
beurre,0.0848,0.0029
chair,0.0848,0.0028
fue,0.0847,0.0028
faut,0.0847,0.0020
d'espagne,0.0847,0.0029
oint,0.0846,0.0035
traité,0.0846,0.0024
divines,0.0846,0.0029
donnerez,0.0846,0.0025
dés,0.0846,0.0027
aurez,0.0845,0.0024
difficult,0.0845,0.0022
l'épouser,0.0845,0.0036
acheté,0.0845,0.0024
avait,0.0845,0.0024
audit,0.0844,0.0030
expressement,0.0844,0.0032
labourer,0.0844,0.0030
suis,0.0843,0.0022
cour,0.0843,0.0025
n'ayent,0.0841,0.0021
longue,0.0841,0.0023
fer,0.0841,0.0027
chambre,0.0841,0.0024
defaut,0.0841,0.0044
reliefs,0.0840,0.0027
procuration,0.0840,0.0029
imprimer,0.0840,0.0023
pourrez,0.0839,0.0022
bouillir,0.0839,0.0025
clameur,0.0839,0.0022
d'inde,0.0839,0.0037
opposez,0.0839,0.0032
curion,0.0838,0.0029
concerts,0.0838,0.0025
aife,0.0838,0.0034
parler,0.0838,0.0025
regis,0.0838,0.0026
l'urine,0.0837,0.0039
necessité,0.0837,0.0032
propos,0.0837,0.0024
cro,0.0837,0.0024
diviser,0.0837,0.0025
conseiller,0.0837,0.0027
campagne,0.0836,0.0024
air,0.0836,0.0024
armée,0.0835,0.0021
petit,0.0835,0.0020
puissent,0.0835,0.0019
part,0.0834,0.0022
statuts,0.0834,0.0025
aunes,0.0834,0.0026
notaire,0.0834,0.0028
écrivit,0.0834,0.0026
cloud,0.0834,0.0034
mariées,0.0833,0.0024
allées,0.0833,0.0026
hoirs,0.0833,0.0030
sçait,0.0833,0.0029
expliqué,0.0833,0.0026
privilege,0.0832,0.0027
argent,0.0832,0.0023
tellier,0.0832,0.0047
bouillons,0.0831,0.0027
palmes,0.0831,0.0030
factum,0.0830,0.0032
deinde,0.0830,0.0033
evêques,0.0830,0.0024
vigne,0.0830,0.0026
cet,0.0829,0.0017
cesar,0.0829,0.0033
foin,0.0829,0.0021
chiens,0.0829,0.0024
sainte,0.0829,0.0029
s'imaginent,0.0829,0.0025
per,0.0829,0.0025
pair,0.0829,0.0032
luy,0.0828,0.0029
guerre,0.0828,0.0021
meubles,0.0828,0.0024
pcre,0.0828,0.0031
plaît,0.0828,0.0024
intelligible,0.0827,0.0024
meaux,0.0827,0.0033
affranchi,0.0827,0.0032
causc,0.0827,0.0041
marcellus,0.0826,0.0034
bouillon,0.0826,0.0031
couvert,0.0826,0.0024
cho,0.0825,0.0025
virgile,0.0825,0.0030
chancelier,0.0825,0.0030
marchand,0.0824,0.0025
saintes,0.0824,0.0028
droite,0.0824,0.0028
indirectement,0.0824,0.0031
superieure,0.0824,0.0033
lumiere,0.0823,0.0025
voulons,0.0822,0.0026
consequence,0.0822,0.0034
ledit,0.0822,0.0026
rendu,0.0822,0.0020
joueur,0.0822,0.0029
arrivez,0.0822,0.0036
garde,0.0822,0.0022
vendre,0.0820,0.0024
armes,0.0820,0.0022
augmentations,0.0819,0.0027
perc,0.0819,0.0030
prenez,0.0819,0.0025
cuisine,0.0818,0.0036
pigeons,0.0818,0.0030
couper,0.0818,0.0025
contenu,0.0818,0.0028
requêtes,0.0818,0.0026
manuscrits,0.0818,0.0030
mourut,0.0818,0.0023
c'està,0.0817,0.0027
plût,0.0817,0.0028
yous,0.0817,0.0028
menu,0.0817,0.0034
chaloupe,0.0817,0.0028
university,0.0816,0.0025
prélats,0.0816,0.0022
d'abus,0.0815,0.0024
c'cft,0.0815,0.0027
bic,0.0814,0.0024
gallicane,0.0814,0.0027
tremper,0.0814,0.0024
loo,0.0814,0.0029
meo,0.0813,0.0028
jeune,0.0813,0.0024
revint,0.0813,0.0028
leva,0.0813,0.0029
hambourg,0.0813,0.0032
haut,0.0812,0.0022
cujus,0.0812,0.0032
manqua,0.0812,0.0024
préteur,0.0811,0.0026
pourrons,0.0811,0.0024
dot,0.0810,0.0026
fous,0.0810,0.0020
c'clt,0.0810,0.0028
sert,0.0810,0.0020
quoniam,0.0809,0.0033
ecrits,0.0809,0.0026
allait,0.0808,0.0029
parle,0.0808,0.0020
port,0.0808,0.0027
appellons,0.0808,0.0025
demeuré,0.0808,0.0024
mettre,0.0808,0.0019
quid,0.0808,0.0033
n'osa,0.0807,0.0027
sçauroit,0.0807,0.0026
surquoi,0.0807,0.0038
pies,0.0806,0.0027
pals,0.0806,0.0045
belles,0.0805,0.0022
déesse,0.0805,0.0030
versailles,0.0805,0.0031
remontrance,0.0805,0.0034
valeur,0.0805,0.0026
breuvage,0.0805,0.0032
effe,0.0804,0.0039
l'appartement,0.0803,0.0026
expiré,0.0803,0.0027
procureur,0.0803,0.0025
boutique,0.0803,0.0024
citron,0.0803,0.0025
qualite,0.0802,0.0033
prevenir,0.0801,0.0032
dion,0.0801,0.0033
diligences,0.0801,0.0028
there,0.0800,0.0031
demeurera,0.0800,0.0028
écu,0.0800,0.0024
gros,0.0800,0.0026
banque,0.0800,0.0031
ment,0.0799,0.0021
cardinal,0.0799,0.0028
anges,0.0799,0.0026
embarquer,0.0798,0.0031
s'accommoder,0.0797,0.0032
dicu,0.0797,0.0033
repas,0.0797,0.0026
cerf,0.0796,0.0027
louvois,0.0796,0.0037
créancier,0.0796,0.0026
quite,0.0795,0.0035
l'evêque,0.0795,0.0035
eglises,0.0795,0.0024
robe,0.0795,0.0027
bâtir,0.0795,0.0022
allé,0.0795,0.0023
l'eut,0.0793,0.0026
enim,0.0793,0.0031
general,0.0793,0.0034
grande,0.0793,0.0018
tromperie,0.0793,0.0035
mesme,0.0793,0.0037
galanteries,0.0792,0.0029
majesté,0.0792,0.0024
quel,0.0792,0.0020
sieur,0.0792,0.0029
esté,0.0791,0.0024
pouroit,0.0791,0.0031
fervent,0.0790,0.0022
sénéchaux,0.0790,0.0023
roy,0.0790,0.0031
conformement,0.0790,0.0037
héritier,0.0790,0.0031
guenois,0.0789,0.0022
cables,0.0789,0.0028
lour,0.0788,0.0028
pourrions,0.0788,0.0022
maures,0.0787,0.0029
choies,0.0787,0.0027
conful,0.0786,0.0028
demi,0.0786,0.0026
mere,0.0786,0.0025
matin,0.0785,0.0024
muscade,0.0785,0.0023
douta,0.0785,0.0026
mieux,0.0784,0.0023
corps,0.0784,0.0021
prit,0.0784,0.0020
volaille,0.0784,0.0031
vidi,0.0784,0.0031
pintes,0.0783,0.0024
entendement,0.0783,0.0027
chargez,0.0783,0.0030
cuit,0.0783,0.0027
plaise,0.0782,0.0022
their,0.0782,0.0029
lieux,0.0782,0.0020
signifier,0.0782,0.0027
garnison,0.0782,0.0027
nobis,0.0782,0.0034
nuit,0.0782,0.0020
mouches,0.0781,0.0026
fuis,0.0781,0.0021
galant,0.0781,0.0034
t'ai,0.0780,0.0025
payemens,0.0780,0.0029
vendeur,0.0779,0.0029
verité,0.0779,0.0032
divertissement,0.0779,0.0033
scène,0.0778,0.0021
galle,0.0777,0.0035
mis,0.0777,0.0018
rufien,0.0777,0.0029
rebus,0.0777,0.0031
jour,0.0776,0.0018
paroles,0.0776,0.0022
pria,0.0776,0.0025
lettre,0.0776,0.0018
con,0.0775,0.0023
valable,0.0774,0.0035
marchandises,0.0774,0.0022
caux,0.0774,0.0028
conseillers,0.0774,0.0024
messe,0.0773,0.0025
contrat,0.0773,0.0028
mariage,0.0773,0.0022
quam,0.0773,0.0032
afin,0.0772,0.0019
prendre,0.0771,0.0019
leger,0.0771,0.0031
works,0.0771,0.0019
donations,0.0771,0.0027
what,0.0771,0.0025
tailler,0.0770,0.0026
amiral,0.0770,0.0026
those,0.0770,0.0029
verum,0.0770,0.0029
demandons,0.0769,0.0029
l'evangile,0.0769,0.0028
don,0.0768,0.0021
diligence,0.0768,0.0026
gregoire,0.0768,0.0030
mots,0.0767,0.0020
aion,0.0766,0.0033
servante,0.0766,0.0030
disgrâce,0.0765,0.0029
conjointement,0.0764,0.0028
voulions,0.0764,0.0028
desespoir,0.0762,0.0029
feu,0.0762,0.0020
vie,0.0762,0.0020
fairc,0.0761,0.0032
alla,0.0761,0.0024
ceque,0.0761,0.0035
cuire,0.0761,0.0024
paix,0.0761,0.0022
magnifiquement,0.0760,0.0033
reaux,0.0759,0.0030
cabinet,0.0759,0.0024
bout,0.0758,0.0020
france,0.0758,0.0021
consulat,0.0758,0.0027
demanda,0.0757,0.0021
touts,0.0757,0.0035
cousin,0.0757,0.0028
posseder,0.0756,0.0030
divertit,0.0756,0.0036
l'automne,0.0756,0.0027
incontinent,0.0756,0.0032
humblement,0.0756,0.0023
interrompit,0.0756,0.0029
sea,0.0756,0.0029
eve,0.0755,0.0034
communion,0.0755,0.0027
long,0.0755,0.0018
esperer,0.0754,0.0027
nombre,0.0754,0.0018
retourna,0.0754,0.0023
aune,0.0754,0.0028
charpentiers,0.0753,0.0022
plures,0.0753,0.0034
incomparablement,0.0752,0.0032
fûmes,0.0752,0.0022
savait,0.0752,0.0029
reduit,0.0751,0.0036
plaira,0.0751,0.0021
fief,0.0751,0.0024
lisbonne,0.0750,0.0029
équipage,0.0750,0.0024
payens,0.0750,0.0028
épouser,0.0749,0.0025
venu,0.0749,0.0020
resente,0.0748,0.0036
noailles,0.0747,0.0034
iceux,0.0747,0.0030
multa,0.0747,0.0031
reglé,0.0747,0.0035
estoit,0.0746,0.0026
mena,0.0746,0.0030
multipliant,0.0745,0.0023
poura,0.0745,0.0028
desordres,0.0745,0.0029
prémier,0.0745,0.0037
epouse,0.0744,0.0032
ravi,0.0744,0.0025
lard,0.0743,0.0026
prendrez,0.0742,0.0026
quare,0.0740,0.0025
conseil,0.0740,0.0021
visage,0.0740,0.0020
esset,0.0739,0.0038
miserable,0.0739,0.0030
rente,0.0739,0.0025
cale,0.0739,0.0023
poit,0.0738,0.0026
l'aîné,0.0738,0.0030
penible,0.0738,0.0039
l'aller,0.0738,0.0028
amsterdam,0.0738,0.0028
régle,0.0738,0.0024
mains,0.0737,0.0018
partit,0.0737,0.0023
premierement,0.0736,0.0038
bellum,0.0736,0.0035
lols,0.0735,0.0022
l'hyver,0.0735,0.0025
poivre,0.0734,0.0026
dépendances,0.0734,0.0028
table,0.0734,0.0023
scait,0.0733,0.0028
sauveur,0.0733,0.0031
avaler,0.0733,0.0025
chrif,0.0732,0.0026
reglement,0.0732,0.0024
pape,0.0732,0.0024
nostre,0.0732,0.0031
appartement,0.0731,0.0020
bruit,0.0731,0.0020
juan,0.0730,0.0024
requête,0.0730,0.0024
conjoncture,0.0730,0.0023
marius,0.0729,0.0022
contrevenans,0.0729,0.0021
payable,0.0729,0.0021
tcms,0.0729,0.0028
sortes,0.0728,0.0020
l'un,0.0728,0.0016
assurez,0.0728,0.0033
bâtards,0.0727,0.0045
reims,0.0727,0.0030
maniére,0.0726,0.0022
tôt,0.0726,0.0019
will,0.0725,0.0025
voyage,0.0725,0.0022
estre,0.0725,0.0022
confuls,0.0724,0.0024
dona,0.0724,0.0040
ecriture,0.0724,0.0027
chore,0.0724,0.0027
justiciers,0.0723,0.0024
posterité,0.0722,0.0034
igitur,0.0722,0.0030
apôtres,0.0721,0.0024
may,0.0721,0.0032
oncles,0.0721,0.0028
duc,0.0721,0.0022
apprentifs,0.0721,0.0029
défunt,0.0721,0.0025
where,0.0720,0.0020
calife,0.0718,0.0032
mort,0.0717,0.0019
huissier,0.0716,0.0024
demeura,0.0716,0.0022
sergent,0.0716,0.0023
raport,0.0716,0.0030
dieu,0.0715,0.0021
much,0.0715,0.0021
nerfs,0.0714,0.0022
peintre,0.0714,0.0022
desordre,0.0713,0.0027
exposez,0.0713,0.0029
meis,0.0712,0.0031
l'autre,0.0712,0.0017
eûmes,0.0712,0.0022
peintres,0.0710,0.0019
s'était,0.0710,0.0021
dialogues,0.0709,0.0025
j'aye,0.0709,0.0025
picce,0.0708,0.0019
voyes,0.0707,0.0026
lib,0.0706,0.0026
quantum,0.0706,0.0031
banquier,0.0704,0.0020
main,0.0704,0.0018
archevêque,0.0703,0.0022
boiteux,0.0703,0.0028
reflexions,0.0701,0.0025
aliquid,0.0701,0.0029
chancellerie,0.0700,0.0027
enée,0.0700,0.0029
you,0.0700,0.0023
library,0.0699,0.0015
search,0.0698,0.0016
êtrc,0.0698,0.0028
adhuc,0.0698,0.0024
rudement,0.0697,0.0027
necessaire,0.0694,0.0024
commandemens,0.0693,0.0027
gratuit,0.0693,0.0024
somme,0.0693,0.0020
abondance,0.0693,0.0024
inventaire,0.0693,0.0027
prescription,0.0693,0.0029
sacrement,0.0692,0.0027
one,0.0692,0.0025
divertir,0.0692,0.0025
comptant,0.0690,0.0025
aye,0.0689,0.0026
mariée,0.0689,0.0023
sclon,0.0689,0.0036
éloignez,0.0689,0.0024
ôtez,0.0689,0.0023
cerveau,0.0689,0.0021
nullité,0.0688,0.0022
your,0.0687,0.0026
mêlez,0.0687,0.0026
differens,0.0687,0.0024
foi,0.0687,0.0022
haro,0.0686,0.0017
never,0.0685,0.0019
quidem,0.0685,0.0031
germain,0.0684,0.0028
cene,0.0684,0.0030
voulait,0.0683,0.0024
contrefaits,0.0683,0.0021
villars,0.0683,0.0031
vent,0.0682,0.0020
ciel,0.0682,0.0020
fed,0.0681,0.0029
coup,0.0680,0.0017
celer,0.0680,0.0038
they,0.0678,0.0028
d'or,0.0678,0.0023
nihil,0.0677,0.0025
bon,0.0677,0.0019
any,0.0677,0.0023
impostures,0.0676,0.0024
commanda,0.0676,0.0027
make,0.0676,0.0019
j'aimerois,0.0676,0.0022
troisiéme,0.0675,0.0026
nonobstant,0.0675,0.0026
raconta,0.0675,0.0023
merite,0.0675,0.0026
catalogne,0.0674,0.0030
préparez,0.0674,0.0027
amen,0.0673,0.0026
interêts,0.0672,0.0025
grammont,0.0672,0.0042
experience,0.0672,0.0027
travailla,0.0672,0.0023
them,0.0671,0.0023
reparer,0.0671,0.0026
l'une,0.0670,0.0015
confession,0.0669,0.0022
consequences,0.0669,0.0030
donation,0.0669,0.0022
necessairement,0.0669,0.0031
defrance,0.0666,0.0030
maréchaux,0.0666,0.0023
garnir,0.0666,0.0025
then,0.0666,0.0020
recompense,0.0666,0.0028
fumier,0.0664,0.0023
domain,0.0664,0.0014
books,0.0664,0.0014
vinaigre,0.0664,0.0025
poules,0.0663,0.0030
répons,0.0663,0.0029
mot,0.0663,0.0020
pompée,0.0662,0.0019
baillifs,0.0662,0.0020
joueurs,0.0661,0.0020
cable,0.0661,0.0024
choie,0.0660,0.0023
animo,0.0660,0.0029
m'étant,0.0659,0.0025
mer,0.0658,0.0020
d'antoine,0.0658,0.0027
rohan,0.0657,0.0029
prochains,0.0656,0.0025
tutelle,0.0655,0.0024
diem,0.0655,0.0022
tamen,0.0654,0.0030
isabelle,0.0654,0.0030
païs,0.0653,0.0025
these,0.0653,0.0022
sçavoir,0.0653,0.0027
choux,0.0652,0.0022
anvers,0.0652,0.0022
livre,0.0652,0.0019
mihi,0.0651,0.0027
election,0.0651,0.0018
cicéron,0.0650,0.0019
execution,0.0650,0.0027
sor,0.0649,0.0036
illud,0.0649,0.0027
pais,0.0647,0.0025
hominem,0.0647,0.0027
eglise,0.0647,0.0021
ambassadeur,0.0647,0.0021
lay,0.0645,0.0026
reduits,0.0645,0.0026
l'eglise,0.0644,0.0023
before,0.0642,0.0017
presente,0.0642,0.0031
d'amsterdam,0.0642,0.0025
secondement,0.0641,0.0041
mineurs,0.0641,0.0025
bailler,0.0641,0.0027
mandons,0.0640,0.0019
illum,0.0640,0.0026
vicaire,0.0638,0.0024
l'execution,0.0638,0.0027
paul,0.0638,0.0026
contredits,0.0638,0.0032
pet,0.0637,0.0018
stile,0.0635,0.0025
alliez,0.0633,0.0027
mme,0.0633,0.0026
préference,0.0632,0.0028
avanture,0.0632,0.0022
compte,0.0632,0.0017
reserve,0.0631,0.0032
present,0.0630,0.0027
trinité,0.0630,0.0025
perfonnes,0.0630,0.0022
proces,0.0629,0.0024
épousa,0.0629,0.0019
blanchir,0.0628,0.0026
planter,0.0628,0.0020
mineur,0.0627,0.0025
decrets,0.0627,0.0030
declare,0.0627,0.0030
genes,0.0626,0.0031
l'avait,0.0626,0.0021
joye,0.0625,0.0022
bienheureux,0.0624,0.0034
ecoliers,0.0623,0.0023
jule,0.0622,0.0027
pardevant,0.0622,0.0022
delits,0.0619,0.0022
monastere,0.0619,0.0023
bas,0.0619,0.0019
have,0.0618,0.0022
regler,0.0618,0.0030
commentateurs,0.0617,0.0018
apris,0.0617,0.0028
terroir,0.0617,0.0023
frontin,0.0615,0.0028
vin,0.0614,0.0022
d'argent,0.0612,0.0019
printemps,0.0611,0.0022
consideration,0.0611,0.0027
soleil,0.0611,0.0020
posez,0.0610,0.0020
great,0.0608,0.0019
lieutenants,0.0608,0.0024
other,0.0607,0.0020
dequoi,0.0606,0.0022
patriarches,0.0605,0.0020
prens,0.0605,0.0023
repartit,0.0604,0.0021
contrevenir,0.0604,0.0021
chaleurs,0.0603,0.0020
bonne,0.0602,0.0017
bâtard,0.0601,0.0034
jésus,0.0600,0.0023
condamnez,0.0596,0.0022
work,0.0594,0.0015
quotient,0.0592,0.0022
carrosse,0.0592,0.0023
pourvû,0.0591,0.0024
terre,0.0591,0.0017
achat,0.0590,0.0020
fidelité,0.0590,0.0027
lisette,0.0588,0.0023
peril,0.0588,0.0028
change,0.0586,0.0019
courrier,0.0586,0.0024
immeubles,0.0586,0.0021
ayeul,0.0582,0.0022
l'ecriture,0.0582,0.0019
commandeur,0.0581,0.0022
declaré,0.0579,0.0026
fortes,0.0576,0.0016
lettres,0.0575,0.0016
souhaitoit,0.0575,0.0020
repondit,0.0575,0.0023
quoy,0.0574,0.0025
reflexion,0.0574,0.0031
chosc,0.0574,0.0023
than,0.0573,0.0020
rot,0.0572,0.0018
l'ange,0.0571,0.0026
reduite,0.0571,0.0025
poire,0.0568,0.0018
christ,0.0567,0.0018
saint,0.0567,0.0018
tribun,0.0562,0.0019
attachez,0.0561,0.0022
affliction,0.0559,0.0019
country,0.0558,0.0015
pistoles,0.0558,0.0019
extremement,0.0554,0.0032
medecin,0.0553,0.0023
villeux,0.0553,0.0024
apelle,0.0553,0.0021
apôtre,0.0552,0.0021
dorante,0.0552,0.0029
operations,0.0552,0.0020
quintus,0.0552,0.0022
princesses,0.0551,0.0018
volunt,0.0549,0.0015
poires,0.0547,0.0021
reputation,0.0544,0.0027
celebre,0.0542,0.0025
cambray,0.0540,0.0022
jardinier,0.0539,0.0024
pein,0.0539,0.0017
mettrez,0.0539,0.0016
him,0.0538,0.0021
google,0.0533,0.0013
spirituelles,0.0532,0.0022
pére,0.0530,0.0027
neanmoins,0.0529,0.0025
considerable,0.0529,0.0021
reçût,0.0528,0.0021
day,0.0527,0.0016
avantures,0.0525,0.0020
paier,0.0525,0.0023
order,0.0525,0.0016
castille,0.0525,0.0019
well,0.0523,0.0016
l'experience,0.0523,0.0023
n'oublia,0.0522,0.0016
vendôme,0.0521,0.0018
succés,0.0521,0.0018
test,0.0521,0.0018
maniéré,0.0520,0.0019
augustin,0.0520,0.0022
écuyer,0.0519,0.0022
refaits,0.0518,0.0022
vanneau,0.0517,0.0023
railler,0.0516,0.0025
prunes,0.0516,0.0017
secretaires,0.0516,0.0018
differentes,0.0516,0.0021
diocèse,0.0516,0.0019
ceder,0.0515,0.0022
moy,0.0514,0.0024
represente,0.0514,0.0024
tuis,0.0513,0.0022
book,0.0513,0.0012
avés,0.0510,0.0021
republique,0.0508,0.0021
foye,0.0507,0.0024
étes,0.0507,0.0017
pierreries,0.0503,0.0019
upon,0.0502,0.0019
way,0.0500,0.0016
piés,0.0499,0.0017
genéraux,0.0499,0.0022
élevez,0.0498,0.0018
changes,0.0497,0.0022
barcelone,0.0497,0.0027
generale,0.0496,0.0023
n'aye,0.0495,0.0016
decret,0.0494,0.0018
aînée,0.0490,0.0018
épousé,0.0489,0.0014
monnoye,0.0487,0.0016
enter,0.0484,0.0018
trés,0.0484,0.0019
jaques,0.0484,0.0021
ponte,0.0483,0.0019
reglemens,0.0480,0.0018
chretien,0.0477,0.0028
veritable,0.0475,0.0023
l'eternel,0.0473,0.0018
l'infante,0.0472,0.0023
world,0.0470,0.0013
ecritures,0.0470,0.0018
angélique,0.0465,0.0024
itaque,0.0464,0.0022
resentes,0.0464,0.0019
semblera,0.0464,0.0013
procedent,0.0464,0.0022
seville,0.0463,0.0018
flamand,0.0463,0.0019
had,0.0463,0.0017
find,0.0463,0.0015
chretiens,0.0462,0.0026
d'hollande,0.0462,0.0019
presence,0.0460,0.0025
determine,0.0460,0.0025
resolution,0.0459,0.0017
procede,0.0457,0.0023
legitime,0.0453,0.0021
tuteur,0.0451,0.0017
remontrer,0.0450,0.0024
considerables,0.0449,0.0018
datte,0.0446,0.0016
aîné,0.0446,0.0017
foy,0.0445,0.0020
credit,0.0444,0.0017
methode,0.0442,0.0017
helas,0.0442,0.0020
proprieté,0.0437,0.0028
confulat,0.0437,0.0015
differente,0.0437,0.0017
demandeur,0.0432,0.0017
considerer,0.0432,0.0017
patriarche,0.0428,0.0015
recit,0.0426,0.0018
synode,0.0426,0.0017
tragedie,0.0424,0.0021
retrait,0.0423,0.0021
consequent,0.0422,0.0017
jefus,0.0422,0.0017
evangile,0.0420,0.0019
perir,0.0416,0.0019
necessaires,0.0416,0.0016
bone,0.0412,0.0018
cét,0.0409,0.0014
presenter,0.0406,0.0022
marquez,0.0402,0.0018
prophete,0.0399,0.0017
douaire,0.0399,0.0018
executer,0.0392,0.0021
scire,0.0392,0.0012
reception,0.0389,0.0019
jesus,0.0389,0.0015
good,0.0374,0.0011
lentulus,0.0374,0.0015
teste,0.0367,0.0021
l'apôtre,0.0364,0.0013
ciceron,0.0363,0.0013
souhaitez,0.0360,0.0015
monnoyés,0.0357,0.0012
mary,0.0339,0.0015
resolu,0.0334,0.0014
valère,0.0329,0.0017
heros,0.0312,0.0018
icy,0.0304,0.0018
term,0.0288,0.0009
agreable,0.0282,0.0014
pretexte,0.0275,0.0011
senat,0.0269,0.0014
loy,0.0263,0.0013
operation,0.0259,0.0010
clodius,0.0249,0.0011
reduire,0.0248,0.0014
prophetes,0.0245,0.0009
obligez,0.0242,0.0011
merlin,0.0235,0.0016
aprés,0.0231,0.0011
eternel,0.0228,0.0011
entant,0.0221,0.0011
difference,0.0219,0.0009
cefar,0.0197,0.0008
interest,0.0126,0.0008
